timestamp|site|scenario|bot_id|event_type|attempt_number|global_index|question_uid
2026-03-28 09:59:50|gemini|thinking_0|20|RESTART||551|dad835b2-9f03-4f26-a0d9-d55271292cf2
2026-03-28 10:01:12|gemini|thinking_0|20|QUESTION_SENT||551|dad835b2-9f03-4f26-a0d9-d55271292cf2
2026-03-28 10:01:36|gemini|thinking_0|21|RESTART||751|530170df-7af8-4021-96db-e7b0185fa368
2026-03-28 10:01:50|gemini|thinking_0|20|JSON_VERIFIED||551|dad835b2-9f03-4f26-a0d9-d55271292cf2
2026-03-28 10:01:50|gemini|thinking_0|20|QUESTION|1|551|dad835b2-9f03-4f26-a0d9-d55271292cf2
2026-03-28 10:01:50|gemini|thinking_0|20|JSON_SAVED||551|dad835b2-9f03-4f26-a0d9-d55271292cf2
2026-03-28 10:01:50|gemini|thinking_0|20|QUESTION_ADVANCE||552|f9c13189-7d81-4c7e-b5b9-a6dafccb6538
2026-03-28 10:03:46|gemini|thinking_0|21|QUESTION_SENT||751|530170df-7af8-4021-96db-e7b0185fa368
2026-03-28 10:04:26|gemini|thinking_0|20|QUESTION_SENT||552|f9c13189-7d81-4c7e-b5b9-a6dafccb6538
2026-03-28 10:04:27|gemini|thinking_0|21|JSON_VERIFIED||751|530170df-7af8-4021-96db-e7b0185fa368
2026-03-28 10:04:27|gemini|thinking_0|21|QUESTION|1|751|530170df-7af8-4021-96db-e7b0185fa368
2026-03-28 10:04:27|gemini|thinking_0|21|JSON_SAVED||751|530170df-7af8-4021-96db-e7b0185fa368
2026-03-28 10:04:27|gemini|thinking_0|21|QUESTION_ADVANCE||752|b01e9166-4371-4a76-acff-09fb7006f365
2026-03-28 10:05:05|gemini|thinking_0|20|JSON_VERIFIED||552|f9c13189-7d81-4c7e-b5b9-a6dafccb6538
2026-03-28 10:05:05|gemini|thinking_0|20|QUESTION|2|552|f9c13189-7d81-4c7e-b5b9-a6dafccb6538
2026-03-28 10:05:05|gemini|thinking_0|20|JSON_SAVED||552|f9c13189-7d81-4c7e-b5b9-a6dafccb6538
2026-03-28 10:05:05|gemini|thinking_0|20|QUESTION_ADVANCE||553|330d2b31-3b7c-4731-bec8-ff2086bc6671
2026-03-28 10:07:01|gemini|thinking_0|21|QUESTION_SENT||752|b01e9166-4371-4a76-acff-09fb7006f365
2026-03-28 10:07:33|gemini|thinking_0|21|JSON_VERIFIED||752|b01e9166-4371-4a76-acff-09fb7006f365
2026-03-28 10:07:33|gemini|thinking_0|21|QUESTION|2|752|b01e9166-4371-4a76-acff-09fb7006f365
2026-03-28 10:07:33|gemini|thinking_0|21|JSON_SAVED||752|b01e9166-4371-4a76-acff-09fb7006f365
2026-03-28 10:07:33|gemini|thinking_0|21|QUESTION_ADVANCE||753|ef7eab9a-0f7f-46f4-ba5a-545fe8c46877
2026-03-28 10:07:41|gemini|thinking_0|20|QUESTION_SENT||553|330d2b31-3b7c-4731-bec8-ff2086bc6671
2026-03-28 10:08:18|gemini|thinking_0|20|JSON_VERIFIED||553|330d2b31-3b7c-4731-bec8-ff2086bc6671
2026-03-28 10:08:18|gemini|thinking_0|20|QUESTION|3|553|330d2b31-3b7c-4731-bec8-ff2086bc6671
2026-03-28 10:08:18|gemini|thinking_0|20|JSON_SAVED||553|330d2b31-3b7c-4731-bec8-ff2086bc6671
2026-03-28 10:08:18|gemini|thinking_0|20|QUESTION_ADVANCE||554|c7f2ef54-11f9-495c-8e2f-ca6c517d69b4
2026-03-28 10:10:15|gemini|thinking_0|21|QUESTION_SENT||753|ef7eab9a-0f7f-46f4-ba5a-545fe8c46877
2026-03-28 10:10:48|gemini|thinking_0|21|JSON_VERIFIED||753|ef7eab9a-0f7f-46f4-ba5a-545fe8c46877
2026-03-28 10:10:48|gemini|thinking_0|21|QUESTION|3|753|ef7eab9a-0f7f-46f4-ba5a-545fe8c46877
2026-03-28 10:10:48|gemini|thinking_0|21|JSON_SAVED||753|ef7eab9a-0f7f-46f4-ba5a-545fe8c46877
2026-03-28 10:10:48|gemini|thinking_0|21|QUESTION_ADVANCE||754|e61cc658-5736-467f-af1f-b23a870baca4
2026-03-28 10:10:56|gemini|thinking_0|20|QUESTION_SENT||554|c7f2ef54-11f9-495c-8e2f-ca6c517d69b4
2026-03-28 10:11:42|gemini|thinking_0|20|JSON_VERIFIED||554|c7f2ef54-11f9-495c-8e2f-ca6c517d69b4
2026-03-28 10:11:42|gemini|thinking_0|20|QUESTION|4|554|c7f2ef54-11f9-495c-8e2f-ca6c517d69b4
2026-03-28 10:11:42|gemini|thinking_0|20|JSON_SAVED||554|c7f2ef54-11f9-495c-8e2f-ca6c517d69b4
2026-03-28 10:11:42|gemini|thinking_0|20|QUESTION_ADVANCE||555|edf04812-7922-4ed2-ba06-550d6b9eb2fb
2026-03-28 10:13:30|gemini|thinking_0|21|QUESTION_SENT||754|e61cc658-5736-467f-af1f-b23a870baca4
2026-03-28 10:14:11|gemini|thinking_0|20|QUESTION_SENT||555|edf04812-7922-4ed2-ba06-550d6b9eb2fb
2026-03-28 10:14:21|gemini|thinking_0|21|JSON_VERIFIED||754|e61cc658-5736-467f-af1f-b23a870baca4
2026-03-28 10:14:21|gemini|thinking_0|21|QUESTION|4|754|e61cc658-5736-467f-af1f-b23a870baca4
2026-03-28 10:14:21|gemini|thinking_0|21|JSON_SAVED||754|e61cc658-5736-467f-af1f-b23a870baca4
2026-03-28 10:14:21|gemini|thinking_0|21|QUESTION_ADVANCE||755|576ce684-d16f-4aa1-8630-de4741157437
2026-03-28 10:14:44|gemini|thinking_0|20|JSON_VERIFIED||555|edf04812-7922-4ed2-ba06-550d6b9eb2fb
2026-03-28 10:14:44|gemini|thinking_0|20|QUESTION|5|555|edf04812-7922-4ed2-ba06-550d6b9eb2fb
2026-03-28 10:14:44|gemini|thinking_0|20|JSON_SAVED||555|edf04812-7922-4ed2-ba06-550d6b9eb2fb
2026-03-28 10:14:44|gemini|thinking_0|20|QUESTION_ADVANCE||556|8f1215ce-1f36-4ba9-83af-b153c4cc010c
2026-03-28 10:16:45|gemini|thinking_0|21|QUESTION_SENT||755|576ce684-d16f-4aa1-8630-de4741157437
2026-03-28 10:17:17|gemini|thinking_0|21|JSON_VERIFIED||755|576ce684-d16f-4aa1-8630-de4741157437
2026-03-28 10:17:17|gemini|thinking_0|21|QUESTION|5|755|576ce684-d16f-4aa1-8630-de4741157437
2026-03-28 10:17:17|gemini|thinking_0|21|JSON_SAVED||755|576ce684-d16f-4aa1-8630-de4741157437
2026-03-28 10:17:17|gemini|thinking_0|21|QUESTION_ADVANCE||756|7d619db6-dd14-4db9-b55e-290fc22075f8
2026-03-28 10:17:26|gemini|thinking_0|20|QUESTION_SENT||556|8f1215ce-1f36-4ba9-83af-b153c4cc010c
2026-03-28 10:18:11|gemini|thinking_0|20|JSON_VERIFIED||556|8f1215ce-1f36-4ba9-83af-b153c4cc010c
2026-03-28 10:18:11|gemini|thinking_0|20|QUESTION|6|556|8f1215ce-1f36-4ba9-83af-b153c4cc010c
2026-03-28 10:18:11|gemini|thinking_0|20|JSON_SAVED||556|8f1215ce-1f36-4ba9-83af-b153c4cc010c
2026-03-28 10:18:11|gemini|thinking_0|20|QUESTION_ADVANCE||557|5e30f229-09df-43ca-a2e8-75b66110f071
2026-03-28 10:19:59|gemini|thinking_0|21|QUESTION_SENT||756|7d619db6-dd14-4db9-b55e-290fc22075f8
2026-03-28 10:20:32|gemini|thinking_0|21|JSON_VERIFIED||756|7d619db6-dd14-4db9-b55e-290fc22075f8
2026-03-28 10:20:32|gemini|thinking_0|21|QUESTION|6|756|7d619db6-dd14-4db9-b55e-290fc22075f8
2026-03-28 10:20:32|gemini|thinking_0|21|JSON_SAVED||756|7d619db6-dd14-4db9-b55e-290fc22075f8
2026-03-28 10:20:32|gemini|thinking_0|21|QUESTION_ADVANCE||757|7306ef88-7bec-4a21-b9a8-cf2e7f45e0ae
2026-03-28 10:20:41|gemini|thinking_0|20|QUESTION_SENT||557|5e30f229-09df-43ca-a2e8-75b66110f071
2026-03-28 10:21:16|gemini|thinking_0|20|JSON_VERIFIED||557|5e30f229-09df-43ca-a2e8-75b66110f071
2026-03-28 10:21:16|gemini|thinking_0|20|QUESTION|7|557|5e30f229-09df-43ca-a2e8-75b66110f071
2026-03-28 10:21:16|gemini|thinking_0|20|JSON_SAVED||557|5e30f229-09df-43ca-a2e8-75b66110f071
2026-03-28 10:21:16|gemini|thinking_0|20|QUESTION_ADVANCE||558|b93c4634-f40b-4c86-a631-1112dd6e9afb
2026-03-28 10:23:14|gemini|thinking_0|21|QUESTION_SENT||757|7306ef88-7bec-4a21-b9a8-cf2e7f45e0ae
2026-03-28 10:23:55|gemini|thinking_0|20|QUESTION_SENT||558|b93c4634-f40b-4c86-a631-1112dd6e9afb
2026-03-28 10:24:32|gemini|thinking_0|20|JSON_VERIFIED||558|b93c4634-f40b-4c86-a631-1112dd6e9afb
2026-03-28 10:24:32|gemini|thinking_0|20|QUESTION|8|558|b93c4634-f40b-4c86-a631-1112dd6e9afb
2026-03-28 10:24:32|gemini|thinking_0|20|JSON_SAVED||558|b93c4634-f40b-4c86-a631-1112dd6e9afb
2026-03-28 10:24:32|gemini|thinking_0|20|QUESTION_ADVANCE||559|ead38f6e-7044-42c8-8173-f0abce73f176
2026-03-28 10:26:29|gemini|thinking_0|21|QUESTION_SENT||757|7306ef88-7bec-4a21-b9a8-cf2e7f45e0ae
2026-03-28 10:27:10|gemini|thinking_0|20|QUESTION_SENT||559|ead38f6e-7044-42c8-8173-f0abce73f176
2026-03-28 10:29:44|gemini|thinking_0|21|QUESTION_SENT||757|7306ef88-7bec-4a21-b9a8-cf2e7f45e0ae
2026-03-28 10:30:23|gemini|thinking_0|21|JSON_VERIFIED||757|7306ef88-7bec-4a21-b9a8-cf2e7f45e0ae
2026-03-28 10:30:23|gemini|thinking_0|21|QUESTION|7|757|7306ef88-7bec-4a21-b9a8-cf2e7f45e0ae
2026-03-28 10:30:23|gemini|thinking_0|21|JSON_SAVED||757|7306ef88-7bec-4a21-b9a8-cf2e7f45e0ae
2026-03-28 10:30:23|gemini|thinking_0|21|QUESTION_ADVANCE||758|7bd2152a-6f8e-4d8c-841e-7e324c423195
2026-03-28 10:30:25|gemini|thinking_0|20|QUESTION_SENT||559|ead38f6e-7044-42c8-8173-f0abce73f176
2026-03-28 10:30:59|gemini|thinking_0|20|JSON_VERIFIED||559|ead38f6e-7044-42c8-8173-f0abce73f176
2026-03-28 10:30:59|gemini|thinking_0|20|QUESTION|9|559|ead38f6e-7044-42c8-8173-f0abce73f176
2026-03-28 10:30:59|gemini|thinking_0|20|JSON_SAVED||559|ead38f6e-7044-42c8-8173-f0abce73f176
2026-03-28 10:30:59|gemini|thinking_0|20|QUESTION_ADVANCE||560|acf4e526-f460-4bdd-9547-9544a6e81f9b
2026-03-28 10:32:58|gemini|thinking_0|21|QUESTION_SENT||758|7bd2152a-6f8e-4d8c-841e-7e324c423195
2026-03-28 10:33:35|gemini|thinking_0|21|JSON_VERIFIED||758|7bd2152a-6f8e-4d8c-841e-7e324c423195
2026-03-28 10:33:35|gemini|thinking_0|21|QUESTION|8|758|7bd2152a-6f8e-4d8c-841e-7e324c423195
2026-03-28 10:33:35|gemini|thinking_0|21|JSON_SAVED||758|7bd2152a-6f8e-4d8c-841e-7e324c423195
2026-03-28 10:33:35|gemini|thinking_0|21|QUESTION_ADVANCE||759|df905a9f-fb3a-4bfd-93d3-01f26fae1fff
2026-03-28 10:33:40|gemini|thinking_0|20|QUESTION_SENT||560|acf4e526-f460-4bdd-9547-9544a6e81f9b
2026-03-28 10:34:27|gemini|thinking_0|20|JSON_VERIFIED||560|acf4e526-f460-4bdd-9547-9544a6e81f9b
2026-03-28 10:34:27|gemini|thinking_0|20|QUESTION|10|560|acf4e526-f460-4bdd-9547-9544a6e81f9b
2026-03-28 10:34:27|gemini|thinking_0|20|JSON_SAVED||560|acf4e526-f460-4bdd-9547-9544a6e81f9b
2026-03-28 10:34:27|gemini|thinking_0|20|QUESTION_ADVANCE||561|47871582-191a-4d78-9374-9b60d955b480
2026-03-28 10:36:13|gemini|thinking_0|21|QUESTION_SENT||759|df905a9f-fb3a-4bfd-93d3-01f26fae1fff
2026-03-28 10:36:55|gemini|thinking_0|20|QUESTION_SENT||561|47871582-191a-4d78-9374-9b60d955b480
2026-03-28 10:37:05|gemini|thinking_0|21|JSON_VERIFIED||759|df905a9f-fb3a-4bfd-93d3-01f26fae1fff
2026-03-28 10:37:05|gemini|thinking_0|21|QUESTION|9|759|df905a9f-fb3a-4bfd-93d3-01f26fae1fff
2026-03-28 10:37:05|gemini|thinking_0|21|JSON_SAVED||759|df905a9f-fb3a-4bfd-93d3-01f26fae1fff
2026-03-28 10:37:05|gemini|thinking_0|21|QUESTION_ADVANCE||760|554780e7-bd1d-49d2-a2d6-0b66766115bd
2026-03-28 10:37:27|gemini|thinking_0|20|JSON_VERIFIED||561|47871582-191a-4d78-9374-9b60d955b480
2026-03-28 10:37:27|gemini|thinking_0|20|QUESTION|11|561|47871582-191a-4d78-9374-9b60d955b480
2026-03-28 10:37:27|gemini|thinking_0|20|JSON_SAVED||561|47871582-191a-4d78-9374-9b60d955b480
2026-03-28 10:37:27|gemini|thinking_0|20|QUESTION_ADVANCE||562|18467b4a-a9aa-4f11-8775-503d1df83b08
2026-03-28 10:39:28|gemini|thinking_0|21|QUESTION_SENT||760|554780e7-bd1d-49d2-a2d6-0b66766115bd
2026-03-28 10:40:09|gemini|thinking_0|20|QUESTION_SENT||562|18467b4a-a9aa-4f11-8775-503d1df83b08
2026-03-28 10:40:42|gemini|thinking_0|21|JSON_VERIFIED||760|554780e7-bd1d-49d2-a2d6-0b66766115bd
2026-03-28 10:40:42|gemini|thinking_0|21|QUESTION|10|760|554780e7-bd1d-49d2-a2d6-0b66766115bd
2026-03-28 10:40:42|gemini|thinking_0|21|JSON_SAVED||760|554780e7-bd1d-49d2-a2d6-0b66766115bd
2026-03-28 10:40:42|gemini|thinking_0|21|QUESTION_ADVANCE||761|c2b2747c-ecb2-4d3b-aab8-ff905aa07be9
2026-03-28 10:40:52|gemini|thinking_0|20|JSON_VERIFIED||562|18467b4a-a9aa-4f11-8775-503d1df83b08
2026-03-28 10:40:52|gemini|thinking_0|20|QUESTION|12|562|18467b4a-a9aa-4f11-8775-503d1df83b08
2026-03-28 10:40:52|gemini|thinking_0|20|JSON_SAVED||562|18467b4a-a9aa-4f11-8775-503d1df83b08
2026-03-28 10:40:52|gemini|thinking_0|20|QUESTION_ADVANCE||563|01180904-35b9-4955-8005-7b01bddef7ce
2026-03-28 10:42:43|gemini|thinking_0|21|QUESTION_SENT||761|c2b2747c-ecb2-4d3b-aab8-ff905aa07be9
2026-03-28 10:43:24|gemini|thinking_0|20|QUESTION_SENT||563|01180904-35b9-4955-8005-7b01bddef7ce
2026-03-28 10:45:57|gemini|thinking_0|21|QUESTION_SENT||761|c2b2747c-ecb2-4d3b-aab8-ff905aa07be9
2026-03-28 10:46:39|gemini|thinking_0|20|QUESTION_SENT||563|01180904-35b9-4955-8005-7b01bddef7ce
2026-03-28 10:49:12|gemini|thinking_0|21|QUESTION_SENT||761|c2b2747c-ecb2-4d3b-aab8-ff905aa07be9
2026-03-28 10:49:53|gemini|thinking_0|20|QUESTION_SENT||563|01180904-35b9-4955-8005-7b01bddef7ce
2026-03-28 10:50:23|gemini|thinking_0|21|JSON_VERIFIED||761|c2b2747c-ecb2-4d3b-aab8-ff905aa07be9
2026-03-28 10:50:23|gemini|thinking_0|21|QUESTION|11|761|c2b2747c-ecb2-4d3b-aab8-ff905aa07be9
2026-03-28 10:50:23|gemini|thinking_0|21|JSON_SAVED||761|c2b2747c-ecb2-4d3b-aab8-ff905aa07be9
2026-03-28 10:50:23|gemini|thinking_0|21|QUESTION_ADVANCE||762|f1adb34c-e44a-402c-a96a-44903e7a7dc2
2026-03-28 10:52:27|gemini|thinking_0|21|QUESTION_SENT||762|f1adb34c-e44a-402c-a96a-44903e7a7dc2
2026-03-28 10:55:41|gemini|thinking_0|21|QUESTION_SENT||762|f1adb34c-e44a-402c-a96a-44903e7a7dc2
2026-03-28 10:56:18|gemini|thinking_0|21|JSON_VERIFIED||762|f1adb34c-e44a-402c-a96a-44903e7a7dc2
2026-03-28 10:56:18|gemini|thinking_0|21|QUESTION|12|762|f1adb34c-e44a-402c-a96a-44903e7a7dc2
2026-03-28 10:56:18|gemini|thinking_0|21|JSON_SAVED||762|f1adb34c-e44a-402c-a96a-44903e7a7dc2
2026-03-28 10:56:18|gemini|thinking_0|21|QUESTION_ADVANCE||763|59dd23e0-1947-43d8-8938-df9ecb5066b3
2026-03-28 10:58:56|gemini|thinking_0|21|QUESTION_SENT||763|59dd23e0-1947-43d8-8938-df9ecb5066b3
2026-03-28 11:01:28|gemini|thinking_0|20|QUESTION_SENT||563|01180904-35b9-4955-8005-7b01bddef7ce
2026-03-28 11:02:11|gemini|thinking_0|21|QUESTION_SENT||763|59dd23e0-1947-43d8-8938-df9ecb5066b3
2026-03-28 11:02:54|gemini|thinking_0|21|JSON_VERIFIED||763|59dd23e0-1947-43d8-8938-df9ecb5066b3
2026-03-28 11:02:54|gemini|thinking_0|21|QUESTION|13|763|59dd23e0-1947-43d8-8938-df9ecb5066b3
2026-03-28 11:02:54|gemini|thinking_0|21|JSON_SAVED||763|59dd23e0-1947-43d8-8938-df9ecb5066b3
2026-03-28 11:02:54|gemini|thinking_0|21|QUESTION_ADVANCE||764|99ba6652-79ff-461a-9113-0b644d4db615
2026-03-28 11:04:43|gemini|thinking_0|20|QUESTION_SENT||563|01180904-35b9-4955-8005-7b01bddef7ce
2026-03-28 11:05:26|gemini|thinking_0|21|QUESTION_SENT||764|99ba6652-79ff-461a-9113-0b644d4db615
2026-03-28 11:06:02|gemini|thinking_0|21|JSON_VERIFIED||764|99ba6652-79ff-461a-9113-0b644d4db615
2026-03-28 11:06:02|gemini|thinking_0|21|QUESTION|14|764|99ba6652-79ff-461a-9113-0b644d4db615
2026-03-28 11:06:02|gemini|thinking_0|21|JSON_SAVED||764|99ba6652-79ff-461a-9113-0b644d4db615
2026-03-28 11:06:02|gemini|thinking_0|21|QUESTION_ADVANCE||765|e9c26bb5-2e99-4a4d-89db-6a30cf556ae6
2026-03-28 11:07:58|gemini|thinking_0|20|QUESTION_SENT||563|01180904-35b9-4955-8005-7b01bddef7ce
2026-03-28 11:08:39|gemini|thinking_0|20|JSON_VERIFIED||563|01180904-35b9-4955-8005-7b01bddef7ce
2026-03-28 11:08:39|gemini|thinking_0|20|QUESTION|13|563|01180904-35b9-4955-8005-7b01bddef7ce
2026-03-28 11:08:39|gemini|thinking_0|20|JSON_SAVED||563|01180904-35b9-4955-8005-7b01bddef7ce
2026-03-28 11:08:39|gemini|thinking_0|20|QUESTION_ADVANCE||564|f85ec4e0-b5a6-4428-95bb-4b3dda054786
2026-03-28 11:08:40|gemini|thinking_0|21|QUESTION_SENT||765|e9c26bb5-2e99-4a4d-89db-6a30cf556ae6
2026-03-28 11:09:26|gemini|thinking_0|21|JSON_VERIFIED||765|e9c26bb5-2e99-4a4d-89db-6a30cf556ae6
2026-03-28 11:09:26|gemini|thinking_0|21|QUESTION|15|765|e9c26bb5-2e99-4a4d-89db-6a30cf556ae6
2026-03-28 11:09:26|gemini|thinking_0|21|JSON_SAVED||765|e9c26bb5-2e99-4a4d-89db-6a30cf556ae6
2026-03-28 11:09:26|gemini|thinking_0|21|QUESTION_ADVANCE||766|2ab63ba8-0ee3-4a01-90c3-0f368951805c
2026-03-28 11:11:13|gemini|thinking_0|20|QUESTION_SENT||564|f85ec4e0-b5a6-4428-95bb-4b3dda054786
2026-03-28 11:11:45|gemini|thinking_0|20|JSON_VERIFIED||564|f85ec4e0-b5a6-4428-95bb-4b3dda054786
2026-03-28 11:11:45|gemini|thinking_0|20|QUESTION|14|564|f85ec4e0-b5a6-4428-95bb-4b3dda054786
2026-03-28 11:11:45|gemini|thinking_0|20|JSON_SAVED||564|f85ec4e0-b5a6-4428-95bb-4b3dda054786
2026-03-28 11:11:45|gemini|thinking_0|20|QUESTION_ADVANCE||565|09e0a9de-a285-4463-9f0d-755a65661c3e
2026-03-28 11:11:55|gemini|thinking_0|21|QUESTION_SENT||766|2ab63ba8-0ee3-4a01-90c3-0f368951805c
2026-03-28 11:14:27|gemini|thinking_0|20|QUESTION_SENT||565|09e0a9de-a285-4463-9f0d-755a65661c3e
2026-03-28 11:15:10|gemini|thinking_0|21|QUESTION_SENT||766|2ab63ba8-0ee3-4a01-90c3-0f368951805c
2026-03-28 11:17:42|gemini|thinking_0|20|QUESTION_SENT||565|09e0a9de-a285-4463-9f0d-755a65661c3e
2026-03-28 11:21:49|gemini|thinking_0|21|QUESTION_SENT||766|2ab63ba8-0ee3-4a01-90c3-0f368951805c
2026-03-28 11:22:43|gemini|thinking_0|20|QUESTION_SENT||565|09e0a9de-a285-4463-9f0d-755a65661c3e
2026-03-28 11:23:30|gemini|thinking_0|20|JSON_VERIFIED||565|09e0a9de-a285-4463-9f0d-755a65661c3e
2026-03-28 11:23:30|gemini|thinking_0|20|QUESTION|15|565|09e0a9de-a285-4463-9f0d-755a65661c3e
2026-03-28 11:23:30|gemini|thinking_0|20|JSON_SAVED||565|09e0a9de-a285-4463-9f0d-755a65661c3e
2026-03-28 11:23:30|gemini|thinking_0|20|QUESTION_ADVANCE||566|e484c1c5-011e-48b4-9618-ac5fc28e81aa
2026-03-28 11:25:04|gemini|thinking_0|21|QUESTION_SENT||766|2ab63ba8-0ee3-4a01-90c3-0f368951805c
2026-03-28 11:25:58|gemini|thinking_0|20|QUESTION_SENT||566|e484c1c5-011e-48b4-9618-ac5fc28e81aa
2026-03-28 11:26:42|gemini|thinking_0|20|JSON_VERIFIED||566|e484c1c5-011e-48b4-9618-ac5fc28e81aa
2026-03-28 11:26:42|gemini|thinking_0|20|QUESTION|16|566|e484c1c5-011e-48b4-9618-ac5fc28e81aa
2026-03-28 11:26:42|gemini|thinking_0|20|JSON_SAVED||566|e484c1c5-011e-48b4-9618-ac5fc28e81aa
2026-03-28 11:26:42|gemini|thinking_0|20|QUESTION_ADVANCE||567|dd540e23-d5b0-4ba7-9a64-afe5102c8f15
2026-03-28 11:29:12|gemini|thinking_0|20|QUESTION_SENT||567|dd540e23-d5b0-4ba7-9a64-afe5102c8f15
2026-03-28 11:30:09|gemini|thinking_0|20|JSON_VERIFIED||567|dd540e23-d5b0-4ba7-9a64-afe5102c8f15
2026-03-28 11:30:09|gemini|thinking_0|20|QUESTION|17|567|dd540e23-d5b0-4ba7-9a64-afe5102c8f15
2026-03-28 11:30:09|gemini|thinking_0|20|JSON_SAVED||567|dd540e23-d5b0-4ba7-9a64-afe5102c8f15
2026-03-28 11:30:09|gemini|thinking_0|20|QUESTION_ADVANCE||568|bee630ad-33a5-45e5-a2e1-30ca560f8750
2026-03-28 11:32:27|gemini|thinking_0|20|QUESTION_SENT||568|bee630ad-33a5-45e5-a2e1-30ca560f8750
2026-03-28 11:33:30|gemini|thinking_0|20|JSON_VERIFIED||568|bee630ad-33a5-45e5-a2e1-30ca560f8750
2026-03-28 11:33:30|gemini|thinking_0|20|QUESTION|18|568|bee630ad-33a5-45e5-a2e1-30ca560f8750
2026-03-28 11:33:30|gemini|thinking_0|20|JSON_SAVED||568|bee630ad-33a5-45e5-a2e1-30ca560f8750
2026-03-28 11:33:30|gemini|thinking_0|20|QUESTION_ADVANCE||569|c4f17bee-8cd1-4566-be81-bc0d10c5fd75
2026-03-28 11:35:42|gemini|thinking_0|20|QUESTION_SENT||569|c4f17bee-8cd1-4566-be81-bc0d10c5fd75
2026-03-28 11:36:16|gemini|thinking_0|20|JSON_VERIFIED||569|c4f17bee-8cd1-4566-be81-bc0d10c5fd75
2026-03-28 11:36:16|gemini|thinking_0|20|QUESTION|19|569|c4f17bee-8cd1-4566-be81-bc0d10c5fd75
2026-03-28 11:36:16|gemini|thinking_0|20|JSON_SAVED||569|c4f17bee-8cd1-4566-be81-bc0d10c5fd75
2026-03-28 11:36:16|gemini|thinking_0|20|QUESTION_ADVANCE||570|491c22b4-6a2d-42fd-abef-41dbf37a993d
2026-03-28 11:38:57|gemini|thinking_0|20|QUESTION_SENT||570|491c22b4-6a2d-42fd-abef-41dbf37a993d
2026-03-28 11:39:31|gemini|thinking_0|20|JSON_VERIFIED||570|491c22b4-6a2d-42fd-abef-41dbf37a993d
2026-03-28 11:39:31|gemini|thinking_0|20|QUESTION|20|570|491c22b4-6a2d-42fd-abef-41dbf37a993d
2026-03-28 11:39:31|gemini|thinking_0|20|JSON_SAVED||570|491c22b4-6a2d-42fd-abef-41dbf37a993d
2026-03-28 11:39:31|gemini|thinking_0|20|QUESTION_ADVANCE||571|f765a82c-5e71-44cf-ab08-526711e89c22
2026-03-28 11:39:49|gemini|thinking_0|21|QUESTION_SENT||766|2ab63ba8-0ee3-4a01-90c3-0f368951805c
2026-03-28 11:40:57|gemini|thinking_0|21|JSON_VERIFIED||766|2ab63ba8-0ee3-4a01-90c3-0f368951805c
2026-03-28 11:40:57|gemini|thinking_0|21|QUESTION|16|766|2ab63ba8-0ee3-4a01-90c3-0f368951805c
2026-03-28 11:40:57|gemini|thinking_0|21|JSON_SAVED||766|2ab63ba8-0ee3-4a01-90c3-0f368951805c
2026-03-28 11:40:57|gemini|thinking_0|21|QUESTION_ADVANCE||767|df3d5073-d4cd-40e9-aa6c-0014b469e31e
2026-03-28 11:42:11|gemini|thinking_0|20|QUESTION_SENT||571|f765a82c-5e71-44cf-ab08-526711e89c22
2026-03-28 11:42:44|gemini|thinking_0|20|JSON_VERIFIED||571|f765a82c-5e71-44cf-ab08-526711e89c22
2026-03-28 11:42:44|gemini|thinking_0|20|QUESTION|21|571|f765a82c-5e71-44cf-ab08-526711e89c22
2026-03-28 11:42:44|gemini|thinking_0|20|JSON_SAVED||571|f765a82c-5e71-44cf-ab08-526711e89c22
2026-03-28 11:42:44|gemini|thinking_0|20|QUESTION_ADVANCE||572|fdb44880-1b09-4c6e-ac9e-cd4357d7993c
2026-03-28 11:43:04|gemini|thinking_0|21|QUESTION_SENT||767|df3d5073-d4cd-40e9-aa6c-0014b469e31e
2026-03-28 11:45:26|gemini|thinking_0|20|QUESTION_SENT||572|fdb44880-1b09-4c6e-ac9e-cd4357d7993c
2026-03-28 11:46:18|gemini|thinking_0|21|QUESTION_SENT||767|df3d5073-d4cd-40e9-aa6c-0014b469e31e
2026-03-28 11:48:40|gemini|thinking_0|20|QUESTION_SENT||572|fdb44880-1b09-4c6e-ac9e-cd4357d7993c
2026-03-28 11:49:33|gemini|thinking_0|21|QUESTION_SENT||767|df3d5073-d4cd-40e9-aa6c-0014b469e31e
2026-03-28 11:50:16|gemini|thinking_0|21|JSON_VERIFIED||767|df3d5073-d4cd-40e9-aa6c-0014b469e31e
2026-03-28 11:50:16|gemini|thinking_0|21|QUESTION|17|767|df3d5073-d4cd-40e9-aa6c-0014b469e31e
2026-03-28 11:50:16|gemini|thinking_0|21|JSON_SAVED||767|df3d5073-d4cd-40e9-aa6c-0014b469e31e
2026-03-28 11:50:16|gemini|thinking_0|21|QUESTION_ADVANCE||768|4bff279c-4b02-446e-901d-0e630c54e410
2026-03-28 11:51:55|gemini|thinking_0|20|QUESTION_SENT||572|fdb44880-1b09-4c6e-ac9e-cd4357d7993c
2026-03-28 11:52:48|gemini|thinking_0|21|QUESTION_SENT||768|4bff279c-4b02-446e-901d-0e630c54e410
2026-03-28 11:53:01|gemini|thinking_0|20|JSON_VERIFIED||572|fdb44880-1b09-4c6e-ac9e-cd4357d7993c
2026-03-28 11:53:01|gemini|thinking_0|20|QUESTION|22|572|fdb44880-1b09-4c6e-ac9e-cd4357d7993c
2026-03-28 11:53:01|gemini|thinking_0|20|JSON_SAVED||572|fdb44880-1b09-4c6e-ac9e-cd4357d7993c
2026-03-28 11:53:01|gemini|thinking_0|20|QUESTION_ADVANCE||573|9fe0f1fb-e198-43b2-8770-d2150b6f44f6
2026-03-28 11:53:52|gemini|thinking_0|21|JSON_VERIFIED||768|4bff279c-4b02-446e-901d-0e630c54e410
2026-03-28 11:53:52|gemini|thinking_0|21|QUESTION|18|768|4bff279c-4b02-446e-901d-0e630c54e410
2026-03-28 11:53:52|gemini|thinking_0|21|JSON_SAVED||768|4bff279c-4b02-446e-901d-0e630c54e410
2026-03-28 11:53:52|gemini|thinking_0|21|QUESTION_ADVANCE||769|1fb73270-867a-4e52-a8e0-4411a32cb8c1
2026-03-28 11:55:10|gemini|thinking_0|20|QUESTION_SENT||573|9fe0f1fb-e198-43b2-8770-d2150b6f44f6
2026-03-28 11:55:46|gemini|thinking_0|20|JSON_VERIFIED||573|9fe0f1fb-e198-43b2-8770-d2150b6f44f6
2026-03-28 11:55:46|gemini|thinking_0|20|QUESTION|23|573|9fe0f1fb-e198-43b2-8770-d2150b6f44f6
2026-03-28 11:55:46|gemini|thinking_0|20|JSON_SAVED||573|9fe0f1fb-e198-43b2-8770-d2150b6f44f6
2026-03-28 11:55:46|gemini|thinking_0|20|QUESTION_ADVANCE||574|84e177d6-1229-4464-b6a0-e1ab51719b9d
2026-03-28 11:56:03|gemini|thinking_0|21|QUESTION_SENT||769|1fb73270-867a-4e52-a8e0-4411a32cb8c1
2026-03-28 11:58:25|gemini|thinking_0|20|QUESTION_SENT||574|84e177d6-1229-4464-b6a0-e1ab51719b9d
2026-03-28 11:59:21|gemini|thinking_0|20|JSON_VERIFIED||574|84e177d6-1229-4464-b6a0-e1ab51719b9d
2026-03-28 11:59:21|gemini|thinking_0|20|QUESTION|24|574|84e177d6-1229-4464-b6a0-e1ab51719b9d
2026-03-28 11:59:21|gemini|thinking_0|20|JSON_SAVED||574|84e177d6-1229-4464-b6a0-e1ab51719b9d
2026-03-28 11:59:21|gemini|thinking_0|20|QUESTION_ADVANCE||575|08adb476-15b2-4958-af6a-cfc3966082e9
2026-03-28 12:01:39|gemini|thinking_0|20|QUESTION_SENT||575|08adb476-15b2-4958-af6a-cfc3966082e9
2026-03-28 12:02:18|gemini|thinking_0|20|JSON_VERIFIED||575|08adb476-15b2-4958-af6a-cfc3966082e9
2026-03-28 12:02:18|gemini|thinking_0|20|QUESTION|25|575|08adb476-15b2-4958-af6a-cfc3966082e9
2026-03-28 12:02:18|gemini|thinking_0|20|JSON_SAVED||575|08adb476-15b2-4958-af6a-cfc3966082e9
2026-03-28 12:02:18|gemini|thinking_0|20|QUESTION_ADVANCE||576|312ef66f-a7e0-4c55-9737-ff26188093fe
2026-03-28 12:04:54|gemini|thinking_0|20|QUESTION_SENT||576|312ef66f-a7e0-4c55-9737-ff26188093fe
2026-03-28 12:05:25|gemini|thinking_0|20|JSON_VERIFIED||576|312ef66f-a7e0-4c55-9737-ff26188093fe
2026-03-28 12:05:25|gemini|thinking_0|20|QUESTION|26|576|312ef66f-a7e0-4c55-9737-ff26188093fe
2026-03-28 12:05:25|gemini|thinking_0|20|JSON_SAVED||576|312ef66f-a7e0-4c55-9737-ff26188093fe
2026-03-28 12:05:25|gemini|thinking_0|20|QUESTION_ADVANCE||577|a91bbc57-48c0-4ea2-b7f6-4c2683bce28c
2026-03-28 12:08:09|gemini|thinking_0|20|QUESTION_SENT||577|a91bbc57-48c0-4ea2-b7f6-4c2683bce28c
2026-03-28 12:09:05|gemini|thinking_0|21|QUESTION_SENT||769|1fb73270-867a-4e52-a8e0-4411a32cb8c1
2026-03-28 12:10:03|gemini|thinking_0|21|JSON_VERIFIED||769|1fb73270-867a-4e52-a8e0-4411a32cb8c1
2026-03-28 12:10:03|gemini|thinking_0|21|QUESTION|19|769|1fb73270-867a-4e52-a8e0-4411a32cb8c1
2026-03-28 12:10:03|gemini|thinking_0|21|JSON_SAVED||769|1fb73270-867a-4e52-a8e0-4411a32cb8c1
2026-03-28 12:10:03|gemini|thinking_0|21|QUESTION_ADVANCE||770|5e60dcbf-1b14-47f0-a408-ae73a74ac43b
2026-03-28 12:11:24|gemini|thinking_0|20|QUESTION_SENT||577|a91bbc57-48c0-4ea2-b7f6-4c2683bce28c
2026-03-28 12:12:20|gemini|thinking_0|21|QUESTION_SENT||770|5e60dcbf-1b14-47f0-a408-ae73a74ac43b
2026-03-28 12:14:39|gemini|thinking_0|20|QUESTION_SENT||577|a91bbc57-48c0-4ea2-b7f6-4c2683bce28c
2026-03-28 12:15:35|gemini|thinking_0|21|QUESTION_SENT||770|5e60dcbf-1b14-47f0-a408-ae73a74ac43b
2026-03-28 12:15:40|gemini|thinking_0|20|JSON_VERIFIED||577|a91bbc57-48c0-4ea2-b7f6-4c2683bce28c
2026-03-28 12:15:40|gemini|thinking_0|20|QUESTION|27|577|a91bbc57-48c0-4ea2-b7f6-4c2683bce28c
2026-03-28 12:15:40|gemini|thinking_0|20|JSON_SAVED||577|a91bbc57-48c0-4ea2-b7f6-4c2683bce28c
2026-03-28 12:15:40|gemini|thinking_0|20|QUESTION_ADVANCE||578|76f8f03c-5858-4df4-a8a1-efbee2063f00
2026-03-28 12:17:53|gemini|thinking_0|20|QUESTION_SENT||578|76f8f03c-5858-4df4-a8a1-efbee2063f00
2026-03-28 12:19:50|gemini|thinking_0|20|JSON_VERIFIED||578|76f8f03c-5858-4df4-a8a1-efbee2063f00
2026-03-28 12:19:50|gemini|thinking_0|20|QUESTION|28|578|76f8f03c-5858-4df4-a8a1-efbee2063f00
2026-03-28 12:19:50|gemini|thinking_0|20|JSON_SAVED||578|76f8f03c-5858-4df4-a8a1-efbee2063f00
2026-03-28 12:19:50|gemini|thinking_0|20|QUESTION_ADVANCE||579|4b4a3ca2-f8cd-4e62-ae4c-0ad1d8cae0ab
2026-03-28 12:21:08|gemini|thinking_0|20|QUESTION_SENT||579|4b4a3ca2-f8cd-4e62-ae4c-0ad1d8cae0ab
2026-03-28 12:21:42|gemini|thinking_0|20|JSON_VERIFIED||579|4b4a3ca2-f8cd-4e62-ae4c-0ad1d8cae0ab
2026-03-28 12:21:42|gemini|thinking_0|20|QUESTION|29|579|4b4a3ca2-f8cd-4e62-ae4c-0ad1d8cae0ab
2026-03-28 12:21:42|gemini|thinking_0|20|JSON_SAVED||579|4b4a3ca2-f8cd-4e62-ae4c-0ad1d8cae0ab
2026-03-28 12:21:42|gemini|thinking_0|20|QUESTION_ADVANCE||580|808a974d-ace0-48ce-b086-8590360ab6bc
2026-03-28 12:23:59|gemini|thinking_0|21|QUESTION_SENT||770|5e60dcbf-1b14-47f0-a408-ae73a74ac43b
2026-03-28 12:24:23|gemini|thinking_0|20|QUESTION_SENT||580|808a974d-ace0-48ce-b086-8590360ab6bc
2026-03-28 12:25:00|gemini|thinking_0|20|JSON_VERIFIED||580|808a974d-ace0-48ce-b086-8590360ab6bc
2026-03-28 12:25:00|gemini|thinking_0|20|QUESTION|30|580|808a974d-ace0-48ce-b086-8590360ab6bc
2026-03-28 12:25:00|gemini|thinking_0|20|JSON_SAVED||580|808a974d-ace0-48ce-b086-8590360ab6bc
2026-03-28 12:25:00|gemini|thinking_0|20|QUESTION_ADVANCE||581|78ff8782-f2f4-4dea-bc6d-3168f7dd94ff
2026-03-28 12:27:14|gemini|thinking_0|21|QUESTION_SENT||770|5e60dcbf-1b14-47f0-a408-ae73a74ac43b
2026-03-28 12:27:38|gemini|thinking_0|20|QUESTION_SENT||581|78ff8782-f2f4-4dea-bc6d-3168f7dd94ff
2026-03-28 12:27:45|gemini|thinking_0|21|JSON_VERIFIED||770|5e60dcbf-1b14-47f0-a408-ae73a74ac43b
2026-03-28 12:27:45|gemini|thinking_0|21|QUESTION|20|770|5e60dcbf-1b14-47f0-a408-ae73a74ac43b
2026-03-28 12:27:45|gemini|thinking_0|21|JSON_SAVED||770|5e60dcbf-1b14-47f0-a408-ae73a74ac43b
2026-03-28 12:27:45|gemini|thinking_0|21|QUESTION_ADVANCE||771|6dbf2ae8-8fdd-4fbc-9257-075dabe171ca
2026-03-28 12:28:42|gemini|thinking_0|20|JSON_VERIFIED||581|78ff8782-f2f4-4dea-bc6d-3168f7dd94ff
2026-03-28 12:28:42|gemini|thinking_0|20|QUESTION|31|581|78ff8782-f2f4-4dea-bc6d-3168f7dd94ff
2026-03-28 12:28:42|gemini|thinking_0|20|JSON_SAVED||581|78ff8782-f2f4-4dea-bc6d-3168f7dd94ff
2026-03-28 12:28:42|gemini|thinking_0|20|QUESTION_ADVANCE||582|9747b3c3-832d-409a-9d2f-aac4b9d222ad
2026-03-28 12:30:29|gemini|thinking_0|21|QUESTION_SENT||771|6dbf2ae8-8fdd-4fbc-9257-075dabe171ca
2026-03-28 12:30:52|gemini|thinking_0|20|QUESTION_SENT||582|9747b3c3-832d-409a-9d2f-aac4b9d222ad
2026-03-28 12:32:15|gemini|thinking_0|20|JSON_VERIFIED||582|9747b3c3-832d-409a-9d2f-aac4b9d222ad
2026-03-28 12:32:15|gemini|thinking_0|20|QUESTION|32|582|9747b3c3-832d-409a-9d2f-aac4b9d222ad
2026-03-28 12:32:15|gemini|thinking_0|20|JSON_SAVED||582|9747b3c3-832d-409a-9d2f-aac4b9d222ad
2026-03-28 12:32:15|gemini|thinking_0|20|QUESTION_ADVANCE||583|c2eadb95-f8ca-4706-812c-457d49c6a667
2026-03-28 12:33:44|gemini|thinking_0|21|QUESTION_SENT||771|6dbf2ae8-8fdd-4fbc-9257-075dabe171ca
2026-03-28 12:34:07|gemini|thinking_0|20|QUESTION_SENT||583|c2eadb95-f8ca-4706-812c-457d49c6a667
2026-03-28 12:35:14|gemini|thinking_0|20|JSON_VERIFIED||583|c2eadb95-f8ca-4706-812c-457d49c6a667
2026-03-28 12:35:14|gemini|thinking_0|20|QUESTION|33|583|c2eadb95-f8ca-4706-812c-457d49c6a667
2026-03-28 12:35:14|gemini|thinking_0|20|JSON_SAVED||583|c2eadb95-f8ca-4706-812c-457d49c6a667
2026-03-28 12:35:14|gemini|thinking_0|20|QUESTION_ADVANCE||584|f87fbf01-3510-4d57-8772-e3361f742ab4
2026-03-28 12:37:22|gemini|thinking_0|20|QUESTION_SENT||584|f87fbf01-3510-4d57-8772-e3361f742ab4
2026-03-28 12:39:57|gemini|thinking_0|21|QUESTION_SENT||771|6dbf2ae8-8fdd-4fbc-9257-075dabe171ca
2026-03-28 12:40:37|gemini|thinking_0|20|QUESTION_SENT||584|f87fbf01-3510-4d57-8772-e3361f742ab4
2026-03-28 12:58:21|gemini|thinking_0|21|QUESTION_SENT||771|6dbf2ae8-8fdd-4fbc-9257-075dabe171ca
2026-03-28 12:58:30|gemini|thinking_0|20|QUESTION_SENT||584|f87fbf01-3510-4d57-8772-e3361f742ab4
2026-03-28 12:59:13|gemini|thinking_0|20|JSON_VERIFIED||584|f87fbf01-3510-4d57-8772-e3361f742ab4
2026-03-28 12:59:13|gemini|thinking_0|20|QUESTION|34|584|f87fbf01-3510-4d57-8772-e3361f742ab4
2026-03-28 12:59:13|gemini|thinking_0|20|JSON_SAVED||584|f87fbf01-3510-4d57-8772-e3361f742ab4
2026-03-28 12:59:13|gemini|thinking_0|20|QUESTION_ADVANCE||585|9d614358-2a47-41d2-9e35-0acc7d17d51b
2026-03-28 13:01:35|gemini|thinking_0|21|QUESTION_SENT||771|6dbf2ae8-8fdd-4fbc-9257-075dabe171ca
2026-03-28 13:01:45|gemini|thinking_0|20|QUESTION_SENT||585|9d614358-2a47-41d2-9e35-0acc7d17d51b
2026-03-28 13:02:10|gemini|thinking_0|21|JSON_VERIFIED||771|6dbf2ae8-8fdd-4fbc-9257-075dabe171ca
2026-03-28 13:02:10|gemini|thinking_0|21|QUESTION|21|771|6dbf2ae8-8fdd-4fbc-9257-075dabe171ca
2026-03-28 13:02:10|gemini|thinking_0|21|JSON_SAVED||771|6dbf2ae8-8fdd-4fbc-9257-075dabe171ca
2026-03-28 13:02:10|gemini|thinking_0|21|QUESTION_ADVANCE||772|abd9c504-de07-4574-ade5-b7102fbef379
2026-03-28 13:02:26|gemini|thinking_0|20|JSON_VERIFIED||585|9d614358-2a47-41d2-9e35-0acc7d17d51b
2026-03-28 13:02:26|gemini|thinking_0|20|QUESTION|35|585|9d614358-2a47-41d2-9e35-0acc7d17d51b
2026-03-28 13:02:26|gemini|thinking_0|20|JSON_SAVED||585|9d614358-2a47-41d2-9e35-0acc7d17d51b
2026-03-28 13:02:26|gemini|thinking_0|20|QUESTION_ADVANCE||586|674ae3a5-6552-4f9d-ad12-902b4a44da40
2026-03-28 13:04:50|gemini|thinking_0|21|QUESTION_SENT||772|abd9c504-de07-4574-ade5-b7102fbef379
2026-03-28 13:04:59|gemini|thinking_0|20|QUESTION_SENT||586|674ae3a5-6552-4f9d-ad12-902b4a44da40
2026-03-28 13:05:41|gemini|thinking_0|21|JSON_VERIFIED||772|abd9c504-de07-4574-ade5-b7102fbef379
2026-03-28 13:05:41|gemini|thinking_0|21|QUESTION|22|772|abd9c504-de07-4574-ade5-b7102fbef379
2026-03-28 13:05:41|gemini|thinking_0|21|JSON_SAVED||772|abd9c504-de07-4574-ade5-b7102fbef379
2026-03-28 13:05:41|gemini|thinking_0|21|QUESTION_ADVANCE||773|55e5ece0-3d0e-4665-b5d7-2842c6b61567
2026-03-28 13:06:22|gemini|thinking_0|20|JSON_VERIFIED||586|674ae3a5-6552-4f9d-ad12-902b4a44da40
2026-03-28 13:06:22|gemini|thinking_0|20|QUESTION|36|586|674ae3a5-6552-4f9d-ad12-902b4a44da40
2026-03-28 13:06:22|gemini|thinking_0|20|JSON_SAVED||586|674ae3a5-6552-4f9d-ad12-902b4a44da40
2026-03-28 13:06:22|gemini|thinking_0|20|QUESTION_ADVANCE||587|3270f28b-c3c8-48bc-b6a7-1b7ff30ff210
2026-03-28 13:08:05|gemini|thinking_0|21|QUESTION_SENT||773|55e5ece0-3d0e-4665-b5d7-2842c6b61567
2026-03-28 13:08:14|gemini|thinking_0|20|QUESTION_SENT||587|3270f28b-c3c8-48bc-b6a7-1b7ff30ff210
2026-03-28 13:08:42|gemini|thinking_0|21|JSON_VERIFIED||773|55e5ece0-3d0e-4665-b5d7-2842c6b61567
2026-03-28 13:08:42|gemini|thinking_0|21|QUESTION|23|773|55e5ece0-3d0e-4665-b5d7-2842c6b61567
2026-03-28 13:08:42|gemini|thinking_0|21|JSON_SAVED||773|55e5ece0-3d0e-4665-b5d7-2842c6b61567
2026-03-28 13:08:42|gemini|thinking_0|21|QUESTION_ADVANCE||774|be4201e9-d359-42ed-88a7-9671bfe14ded
2026-03-28 13:09:42|gemini|thinking_0|20|JSON_VERIFIED||587|3270f28b-c3c8-48bc-b6a7-1b7ff30ff210
2026-03-28 13:09:42|gemini|thinking_0|20|QUESTION|37|587|3270f28b-c3c8-48bc-b6a7-1b7ff30ff210
2026-03-28 13:09:42|gemini|thinking_0|20|JSON_SAVED||587|3270f28b-c3c8-48bc-b6a7-1b7ff30ff210
2026-03-28 13:09:42|gemini|thinking_0|20|QUESTION_ADVANCE||588|dccafe7e-f051-48d4-a60d-d4276a330d80
2026-03-28 13:11:20|gemini|thinking_0|21|QUESTION_SENT||774|be4201e9-d359-42ed-88a7-9671bfe14ded
2026-03-28 13:11:29|gemini|thinking_0|20|QUESTION_SENT||588|dccafe7e-f051-48d4-a60d-d4276a330d80
2026-03-28 13:11:57|gemini|thinking_0|21|JSON_VERIFIED||774|be4201e9-d359-42ed-88a7-9671bfe14ded
2026-03-28 13:11:57|gemini|thinking_0|21|QUESTION|24|774|be4201e9-d359-42ed-88a7-9671bfe14ded
2026-03-28 13:11:57|gemini|thinking_0|21|JSON_SAVED||774|be4201e9-d359-42ed-88a7-9671bfe14ded
2026-03-28 13:11:57|gemini|thinking_0|21|QUESTION_ADVANCE||775|afc56f2a-19f6-492e-97a3-d265897ee11a
2026-03-28 13:14:34|gemini|thinking_0|21|QUESTION_SENT||775|afc56f2a-19f6-492e-97a3-d265897ee11a
2026-03-28 13:15:36|gemini|thinking_0|21|JSON_VERIFIED||775|afc56f2a-19f6-492e-97a3-d265897ee11a
2026-03-28 13:15:36|gemini|thinking_0|21|QUESTION|25|775|afc56f2a-19f6-492e-97a3-d265897ee11a
2026-03-28 13:15:36|gemini|thinking_0|21|JSON_SAVED||775|afc56f2a-19f6-492e-97a3-d265897ee11a
2026-03-28 13:15:36|gemini|thinking_0|21|QUESTION_ADVANCE||776|64eb4cc2-5f92-489b-98fd-7d4688d45144
2026-03-28 13:17:49|gemini|thinking_0|21|QUESTION_SENT||776|64eb4cc2-5f92-489b-98fd-7d4688d45144
2026-03-28 13:18:33|gemini|thinking_0|21|JSON_VERIFIED||776|64eb4cc2-5f92-489b-98fd-7d4688d45144
2026-03-28 13:18:33|gemini|thinking_0|21|QUESTION|26|776|64eb4cc2-5f92-489b-98fd-7d4688d45144
2026-03-28 13:18:33|gemini|thinking_0|21|JSON_SAVED||776|64eb4cc2-5f92-489b-98fd-7d4688d45144
2026-03-28 13:18:33|gemini|thinking_0|21|QUESTION_ADVANCE||777|eb0bb80f-0c81-4279-8a8a-f749e0f98e0c
2026-03-28 13:20:09|gemini|thinking_0|20|QUESTION_SENT||588|dccafe7e-f051-48d4-a60d-d4276a330d80
2026-03-28 13:21:04|gemini|thinking_0|21|QUESTION_SENT||777|eb0bb80f-0c81-4279-8a8a-f749e0f98e0c
2026-03-28 13:21:35|gemini|thinking_0|21|JSON_VERIFIED||777|eb0bb80f-0c81-4279-8a8a-f749e0f98e0c
2026-03-28 13:21:35|gemini|thinking_0|21|QUESTION|27|777|eb0bb80f-0c81-4279-8a8a-f749e0f98e0c
2026-03-28 13:21:35|gemini|thinking_0|21|JSON_SAVED||777|eb0bb80f-0c81-4279-8a8a-f749e0f98e0c
2026-03-28 13:21:35|gemini|thinking_0|21|QUESTION_ADVANCE||778|a955ab46-cd41-42cb-baca-d23ece2f7ccb
2026-03-28 13:23:23|gemini|thinking_0|20|QUESTION_SENT||588|dccafe7e-f051-48d4-a60d-d4276a330d80
2026-03-28 13:24:02|gemini|thinking_0|20|JSON_VERIFIED||588|dccafe7e-f051-48d4-a60d-d4276a330d80
2026-03-28 13:24:02|gemini|thinking_0|20|QUESTION|38|588|dccafe7e-f051-48d4-a60d-d4276a330d80
2026-03-28 13:24:02|gemini|thinking_0|20|JSON_SAVED||588|dccafe7e-f051-48d4-a60d-d4276a330d80
2026-03-28 13:24:02|gemini|thinking_0|20|QUESTION_ADVANCE||589|d8409960-03f5-4467-bcb6-70959fea0326
2026-03-28 13:24:18|gemini|thinking_0|21|QUESTION_SENT||778|a955ab46-cd41-42cb-baca-d23ece2f7ccb
2026-03-28 13:26:38|gemini|thinking_0|20|QUESTION_SENT||589|d8409960-03f5-4467-bcb6-70959fea0326
2026-03-28 13:27:14|gemini|thinking_0|20|JSON_VERIFIED||589|d8409960-03f5-4467-bcb6-70959fea0326
2026-03-28 13:27:14|gemini|thinking_0|20|QUESTION|39|589|d8409960-03f5-4467-bcb6-70959fea0326
2026-03-28 13:27:14|gemini|thinking_0|20|JSON_SAVED||589|d8409960-03f5-4467-bcb6-70959fea0326
2026-03-28 13:27:14|gemini|thinking_0|20|QUESTION_ADVANCE||590|162b55ea-4344-4b12-9a61-60a3752a70e5
2026-03-28 13:27:33|gemini|thinking_0|21|QUESTION_SENT||778|a955ab46-cd41-42cb-baca-d23ece2f7ccb
2026-03-28 13:28:19|gemini|thinking_0|21|JSON_VERIFIED||778|a955ab46-cd41-42cb-baca-d23ece2f7ccb
2026-03-28 13:28:19|gemini|thinking_0|21|QUESTION|28|778|a955ab46-cd41-42cb-baca-d23ece2f7ccb
2026-03-28 13:28:19|gemini|thinking_0|21|JSON_SAVED||778|a955ab46-cd41-42cb-baca-d23ece2f7ccb
2026-03-28 13:28:19|gemini|thinking_0|21|QUESTION_ADVANCE||779|925f2834-6056-4ad2-86dc-52277d0a0f69
2026-03-28 13:29:53|gemini|thinking_0|20|QUESTION_SENT||590|162b55ea-4344-4b12-9a61-60a3752a70e5
2026-03-28 13:30:24|gemini|thinking_0|20|JSON_VERIFIED||590|162b55ea-4344-4b12-9a61-60a3752a70e5
2026-03-28 13:30:24|gemini|thinking_0|20|QUESTION|40|590|162b55ea-4344-4b12-9a61-60a3752a70e5
2026-03-28 13:30:24|gemini|thinking_0|20|JSON_SAVED||590|162b55ea-4344-4b12-9a61-60a3752a70e5
2026-03-28 13:30:24|gemini|thinking_0|20|QUESTION_ADVANCE||591|fcc6eb5a-2208-4a3d-b2eb-e31945b55e60
2026-03-28 13:30:47|gemini|thinking_0|21|QUESTION_SENT||779|925f2834-6056-4ad2-86dc-52277d0a0f69
2026-03-28 13:31:34|gemini|thinking_0|21|JSON_VERIFIED||779|925f2834-6056-4ad2-86dc-52277d0a0f69
2026-03-28 13:31:34|gemini|thinking_0|21|QUESTION|29|779|925f2834-6056-4ad2-86dc-52277d0a0f69
2026-03-28 13:31:34|gemini|thinking_0|21|JSON_SAVED||779|925f2834-6056-4ad2-86dc-52277d0a0f69
2026-03-28 13:31:34|gemini|thinking_0|21|QUESTION_ADVANCE||780|1f1fc889-bfc7-481c-b632-907690b11be2
2026-03-28 13:33:08|gemini|thinking_0|20|QUESTION_SENT||591|fcc6eb5a-2208-4a3d-b2eb-e31945b55e60
2026-03-28 13:33:42|gemini|thinking_0|20|JSON_VERIFIED||591|fcc6eb5a-2208-4a3d-b2eb-e31945b55e60
2026-03-28 13:33:42|gemini|thinking_0|20|QUESTION|41|591|fcc6eb5a-2208-4a3d-b2eb-e31945b55e60
2026-03-28 13:33:42|gemini|thinking_0|20|JSON_SAVED||591|fcc6eb5a-2208-4a3d-b2eb-e31945b55e60
2026-03-28 13:33:42|gemini|thinking_0|20|QUESTION_ADVANCE||592|a46f1c5a-a8a0-4160-8cbe-936c86c59a94
2026-03-28 13:34:02|gemini|thinking_0|21|QUESTION_SENT||780|1f1fc889-bfc7-481c-b632-907690b11be2
2026-03-28 13:36:22|gemini|thinking_0|20|QUESTION_SENT||592|a46f1c5a-a8a0-4160-8cbe-936c86c59a94
2026-03-28 13:37:03|gemini|thinking_0|20|JSON_VERIFIED||592|a46f1c5a-a8a0-4160-8cbe-936c86c59a94
2026-03-28 13:37:03|gemini|thinking_0|20|QUESTION|42|592|a46f1c5a-a8a0-4160-8cbe-936c86c59a94
2026-03-28 13:37:03|gemini|thinking_0|20|JSON_SAVED||592|a46f1c5a-a8a0-4160-8cbe-936c86c59a94
2026-03-28 13:37:03|gemini|thinking_0|20|QUESTION_ADVANCE||593|fbf95d16-7949-48e5-afce-087600b1ac98
2026-03-28 13:39:37|gemini|thinking_0|20|QUESTION_SENT||593|fbf95d16-7949-48e5-afce-087600b1ac98
2026-03-28 13:40:12|gemini|thinking_0|20|JSON_VERIFIED||593|fbf95d16-7949-48e5-afce-087600b1ac98
2026-03-28 13:40:12|gemini|thinking_0|20|QUESTION|43|593|fbf95d16-7949-48e5-afce-087600b1ac98
2026-03-28 13:40:12|gemini|thinking_0|20|JSON_SAVED||593|fbf95d16-7949-48e5-afce-087600b1ac98
2026-03-28 13:40:12|gemini|thinking_0|20|QUESTION_ADVANCE||594|bbcbb2a8-3405-4e40-9efe-b80ee9cd9a82
2026-03-28 13:42:51|gemini|thinking_0|20|QUESTION_SENT||594|bbcbb2a8-3405-4e40-9efe-b80ee9cd9a82
2026-03-28 13:44:15|gemini|thinking_0|20|JSON_VERIFIED||594|bbcbb2a8-3405-4e40-9efe-b80ee9cd9a82
2026-03-28 13:44:15|gemini|thinking_0|20|QUESTION|44|594|bbcbb2a8-3405-4e40-9efe-b80ee9cd9a82
2026-03-28 13:44:15|gemini|thinking_0|20|JSON_SAVED||594|bbcbb2a8-3405-4e40-9efe-b80ee9cd9a82
2026-03-28 13:44:15|gemini|thinking_0|20|QUESTION_ADVANCE||595|c16613c1-f38b-48c8-8a0c-52bd6c262b6c
2026-03-28 13:45:08|gemini|thinking_0|21|QUESTION_SENT||780|1f1fc889-bfc7-481c-b632-907690b11be2
2026-03-28 13:46:06|gemini|thinking_0|20|QUESTION_SENT||595|c16613c1-f38b-48c8-8a0c-52bd6c262b6c
2026-03-28 13:47:13|gemini|thinking_0|20|JSON_VERIFIED||595|c16613c1-f38b-48c8-8a0c-52bd6c262b6c
2026-03-28 13:47:13|gemini|thinking_0|20|QUESTION|45|595|c16613c1-f38b-48c8-8a0c-52bd6c262b6c
2026-03-28 13:47:13|gemini|thinking_0|20|JSON_SAVED||595|c16613c1-f38b-48c8-8a0c-52bd6c262b6c
2026-03-28 13:47:13|gemini|thinking_0|20|QUESTION_ADVANCE||596|764fd8f1-027c-41be-97d9-97107d68a0bc
2026-03-28 13:48:23|gemini|thinking_0|21|QUESTION_SENT||780|1f1fc889-bfc7-481c-b632-907690b11be2
2026-03-28 13:49:19|gemini|thinking_0|21|JSON_VERIFIED||780|1f1fc889-bfc7-481c-b632-907690b11be2
2026-03-28 13:49:19|gemini|thinking_0|21|QUESTION|30|780|1f1fc889-bfc7-481c-b632-907690b11be2
2026-03-28 13:49:19|gemini|thinking_0|21|JSON_SAVED||780|1f1fc889-bfc7-481c-b632-907690b11be2
2026-03-28 13:49:19|gemini|thinking_0|21|QUESTION_ADVANCE||781|b0b22aa2-31bc-48da-84b4-a3a184e0aaf7
2026-03-28 13:49:21|gemini|thinking_0|20|QUESTION_SENT||596|764fd8f1-027c-41be-97d9-97107d68a0bc
2026-03-28 13:49:56|gemini|thinking_0|20|JSON_VERIFIED||596|764fd8f1-027c-41be-97d9-97107d68a0bc
2026-03-28 13:49:56|gemini|thinking_0|20|QUESTION|46|596|764fd8f1-027c-41be-97d9-97107d68a0bc
2026-03-28 13:49:56|gemini|thinking_0|20|JSON_SAVED||596|764fd8f1-027c-41be-97d9-97107d68a0bc
2026-03-28 13:49:56|gemini|thinking_0|20|QUESTION_ADVANCE||597|b34107b8-fad0-4a13-82d1-5d400914c161
2026-03-28 13:51:37|gemini|thinking_0|21|QUESTION_SENT||781|b0b22aa2-31bc-48da-84b4-a3a184e0aaf7
2026-03-28 13:52:14|gemini|thinking_0|21|JSON_VERIFIED||781|b0b22aa2-31bc-48da-84b4-a3a184e0aaf7
2026-03-28 13:52:14|gemini|thinking_0|21|QUESTION|31|781|b0b22aa2-31bc-48da-84b4-a3a184e0aaf7
2026-03-28 13:52:14|gemini|thinking_0|21|JSON_SAVED||781|b0b22aa2-31bc-48da-84b4-a3a184e0aaf7
2026-03-28 13:52:14|gemini|thinking_0|21|QUESTION_ADVANCE||782|be2db88b-dda5-4a6f-8aa3-e24e2d8f9af2
2026-03-28 13:52:35|gemini|thinking_0|20|QUESTION_SENT||597|b34107b8-fad0-4a13-82d1-5d400914c161
2026-03-28 13:53:34|gemini|thinking_0|20|JSON_VERIFIED||597|b34107b8-fad0-4a13-82d1-5d400914c161
2026-03-28 13:53:34|gemini|thinking_0|20|QUESTION|47|597|b34107b8-fad0-4a13-82d1-5d400914c161
2026-03-28 13:53:34|gemini|thinking_0|20|JSON_SAVED||597|b34107b8-fad0-4a13-82d1-5d400914c161
2026-03-28 13:53:34|gemini|thinking_0|20|QUESTION_ADVANCE||598|b188686c-85a9-4b47-8689-a7710866fdaf
2026-03-28 13:54:52|gemini|thinking_0|21|QUESTION_SENT||782|be2db88b-dda5-4a6f-8aa3-e24e2d8f9af2
2026-03-28 13:55:50|gemini|thinking_0|20|QUESTION_SENT||598|b188686c-85a9-4b47-8689-a7710866fdaf
2026-03-28 13:55:58|gemini|thinking_0|21|JSON_VERIFIED||782|be2db88b-dda5-4a6f-8aa3-e24e2d8f9af2
2026-03-28 13:55:58|gemini|thinking_0|21|QUESTION|32|782|be2db88b-dda5-4a6f-8aa3-e24e2d8f9af2
2026-03-28 13:55:58|gemini|thinking_0|21|JSON_SAVED||782|be2db88b-dda5-4a6f-8aa3-e24e2d8f9af2
2026-03-28 13:55:58|gemini|thinking_0|21|QUESTION_ADVANCE||783|6ebef3c7-7a2d-4acf-bc98-90f76a263700
2026-03-28 13:58:07|gemini|thinking_0|21|QUESTION_SENT||783|6ebef3c7-7a2d-4acf-bc98-90f76a263700
2026-03-28 13:58:47|gemini|thinking_0|21|JSON_VERIFIED||783|6ebef3c7-7a2d-4acf-bc98-90f76a263700
2026-03-28 13:58:47|gemini|thinking_0|21|QUESTION|33|783|6ebef3c7-7a2d-4acf-bc98-90f76a263700
2026-03-28 13:58:47|gemini|thinking_0|21|JSON_SAVED||783|6ebef3c7-7a2d-4acf-bc98-90f76a263700
2026-03-28 13:58:47|gemini|thinking_0|21|QUESTION_ADVANCE||784|f38a9f65-a08a-4ed2-a2d7-b3aa3466860a
2026-03-28 14:01:22|gemini|thinking_0|21|QUESTION_SENT||784|f38a9f65-a08a-4ed2-a2d7-b3aa3466860a
2026-03-28 14:04:36|gemini|thinking_0|21|QUESTION_SENT||784|f38a9f65-a08a-4ed2-a2d7-b3aa3466860a
2026-03-28 14:05:26|gemini|thinking_0|21|JSON_VERIFIED||784|f38a9f65-a08a-4ed2-a2d7-b3aa3466860a
2026-03-28 14:05:26|gemini|thinking_0|21|QUESTION|34|784|f38a9f65-a08a-4ed2-a2d7-b3aa3466860a
2026-03-28 14:05:26|gemini|thinking_0|21|JSON_SAVED||784|f38a9f65-a08a-4ed2-a2d7-b3aa3466860a
2026-03-28 14:05:26|gemini|thinking_0|21|QUESTION_ADVANCE||785|07e22f67-f59e-4fac-92c1-8c4b8166ea57
2026-03-28 14:07:51|gemini|thinking_0|21|QUESTION_SENT||785|07e22f67-f59e-4fac-92c1-8c4b8166ea57
2026-03-28 14:08:22|gemini|thinking_0|21|JSON_VERIFIED||785|07e22f67-f59e-4fac-92c1-8c4b8166ea57
2026-03-28 14:08:22|gemini|thinking_0|21|QUESTION|35|785|07e22f67-f59e-4fac-92c1-8c4b8166ea57
2026-03-28 14:08:22|gemini|thinking_0|21|JSON_SAVED||785|07e22f67-f59e-4fac-92c1-8c4b8166ea57
2026-03-28 14:08:22|gemini|thinking_0|21|QUESTION_ADVANCE||786|00ae55cc-7f4a-4595-9c2a-a616897ab1d0
2026-03-28 14:09:21|gemini|thinking_0|20|QUESTION_SENT||598|b188686c-85a9-4b47-8689-a7710866fdaf
2026-03-28 14:11:06|gemini|thinking_0|21|QUESTION_SENT||786|00ae55cc-7f4a-4595-9c2a-a616897ab1d0
2026-03-28 14:11:46|gemini|thinking_0|21|JSON_VERIFIED||786|00ae55cc-7f4a-4595-9c2a-a616897ab1d0
2026-03-28 14:11:46|gemini|thinking_0|21|QUESTION|36|786|00ae55cc-7f4a-4595-9c2a-a616897ab1d0
2026-03-28 14:11:46|gemini|thinking_0|21|JSON_SAVED||786|00ae55cc-7f4a-4595-9c2a-a616897ab1d0
2026-03-28 14:11:46|gemini|thinking_0|21|QUESTION_ADVANCE||787|c6038901-2e56-4535-bd43-00f3621ff1d7
2026-03-28 14:14:21|gemini|thinking_0|21|QUESTION_SENT||787|c6038901-2e56-4535-bd43-00f3621ff1d7
2026-03-28 14:16:34|gemini|thinking_0|20|QUESTION_SENT||598|b188686c-85a9-4b47-8689-a7710866fdaf
2026-03-28 14:17:08|gemini|thinking_0|20|JSON_VERIFIED||598|b188686c-85a9-4b47-8689-a7710866fdaf
2026-03-28 14:17:08|gemini|thinking_0|20|QUESTION|48|598|b188686c-85a9-4b47-8689-a7710866fdaf
2026-03-28 14:17:08|gemini|thinking_0|20|JSON_SAVED||598|b188686c-85a9-4b47-8689-a7710866fdaf
2026-03-28 14:17:08|gemini|thinking_0|20|QUESTION_ADVANCE||599|7bd6f154-5b50-4dc0-8246-dc0cae8b5b0b
2026-03-28 14:17:35|gemini|thinking_0|21|QUESTION_SENT||787|c6038901-2e56-4535-bd43-00f3621ff1d7
2026-03-28 14:18:59|gemini|thinking_0|21|JSON_VERIFIED||787|c6038901-2e56-4535-bd43-00f3621ff1d7
2026-03-28 14:18:59|gemini|thinking_0|21|QUESTION|37|787|c6038901-2e56-4535-bd43-00f3621ff1d7
2026-03-28 14:18:59|gemini|thinking_0|21|JSON_SAVED||787|c6038901-2e56-4535-bd43-00f3621ff1d7
2026-03-28 14:18:59|gemini|thinking_0|21|QUESTION_ADVANCE||788|478e67e9-10b1-45c2-bdbf-a4f8af12b595
2026-03-28 14:19:49|gemini|thinking_0|20|QUESTION_SENT||599|7bd6f154-5b50-4dc0-8246-dc0cae8b5b0b
2026-03-28 14:20:27|gemini|thinking_0|20|JSON_VERIFIED||599|7bd6f154-5b50-4dc0-8246-dc0cae8b5b0b
2026-03-28 14:20:27|gemini|thinking_0|20|QUESTION|49|599|7bd6f154-5b50-4dc0-8246-dc0cae8b5b0b
2026-03-28 14:20:27|gemini|thinking_0|20|JSON_SAVED||599|7bd6f154-5b50-4dc0-8246-dc0cae8b5b0b
2026-03-28 14:20:27|gemini|thinking_0|20|QUESTION_ADVANCE||600|812e2230-635a-4b0a-9986-2bd0f57c93c1
2026-03-28 14:20:50|gemini|thinking_0|21|QUESTION_SENT||788|478e67e9-10b1-45c2-bdbf-a4f8af12b595
2026-03-28 14:23:03|gemini|thinking_0|20|QUESTION_SENT||600|812e2230-635a-4b0a-9986-2bd0f57c93c1
2026-03-28 14:23:40|gemini|thinking_0|20|JSON_VERIFIED||600|812e2230-635a-4b0a-9986-2bd0f57c93c1
2026-03-28 14:23:40|gemini|thinking_0|20|QUESTION|50|600|812e2230-635a-4b0a-9986-2bd0f57c93c1
2026-03-28 14:23:40|gemini|thinking_0|20|JSON_SAVED||600|812e2230-635a-4b0a-9986-2bd0f57c93c1
2026-03-28 14:23:40|gemini|thinking_0|20|QUESTION_ADVANCE||601|ef2486e1-74a4-4cc4-9f5a-abbe7440c8da
2026-03-28 14:26:18|gemini|thinking_0|20|QUESTION_SENT||601|ef2486e1-74a4-4cc4-9f5a-abbe7440c8da
2026-03-28 14:26:54|gemini|thinking_0|20|JSON_VERIFIED||601|ef2486e1-74a4-4cc4-9f5a-abbe7440c8da
2026-03-28 14:26:54|gemini|thinking_0|20|QUESTION|51|601|ef2486e1-74a4-4cc4-9f5a-abbe7440c8da
2026-03-28 14:26:54|gemini|thinking_0|20|JSON_SAVED||601|ef2486e1-74a4-4cc4-9f5a-abbe7440c8da
2026-03-28 14:26:54|gemini|thinking_0|20|QUESTION_ADVANCE||602|e84d4ed0-635f-446b-a4e1-ac0bbd411eb3
2026-03-28 14:29:33|gemini|thinking_0|20|QUESTION_SENT||602|e84d4ed0-635f-446b-a4e1-ac0bbd411eb3
2026-03-28 14:32:47|gemini|thinking_0|20|QUESTION_SENT||602|e84d4ed0-635f-446b-a4e1-ac0bbd411eb3
2026-03-28 14:33:22|gemini|thinking_0|20|JSON_VERIFIED||602|e84d4ed0-635f-446b-a4e1-ac0bbd411eb3
2026-03-28 14:33:22|gemini|thinking_0|20|QUESTION|52|602|e84d4ed0-635f-446b-a4e1-ac0bbd411eb3
2026-03-28 14:33:22|gemini|thinking_0|20|JSON_SAVED||602|e84d4ed0-635f-446b-a4e1-ac0bbd411eb3
2026-03-28 14:33:22|gemini|thinking_0|20|QUESTION_ADVANCE||603|a2e229a8-552b-4cb0-add9-c92ce02b30ee
2026-03-28 14:36:02|gemini|thinking_0|20|QUESTION_SENT||603|a2e229a8-552b-4cb0-add9-c92ce02b30ee
2026-03-28 14:39:17|gemini|thinking_0|20|QUESTION_SENT||603|a2e229a8-552b-4cb0-add9-c92ce02b30ee
2026-03-28 14:41:19|gemini|thinking_0|20|JSON_VERIFIED||603|a2e229a8-552b-4cb0-add9-c92ce02b30ee
2026-03-28 14:41:19|gemini|thinking_0|20|QUESTION|53|603|a2e229a8-552b-4cb0-add9-c92ce02b30ee
2026-03-28 14:41:19|gemini|thinking_0|20|JSON_SAVED||603|a2e229a8-552b-4cb0-add9-c92ce02b30ee
2026-03-28 14:41:19|gemini|thinking_0|20|QUESTION_ADVANCE||604|e045850e-98ba-4cbb-8b1e-1f904840097b
2026-03-28 14:42:32|gemini|thinking_0|20|QUESTION_SENT||604|e045850e-98ba-4cbb-8b1e-1f904840097b
2026-03-28 15:51:43|gemini|thinking_0|21|QUESTION_SENT||788|478e67e9-10b1-45c2-bdbf-a4f8af12b595
2026-03-28 15:51:45|gemini|thinking_0|20|QUESTION_SENT||604|e045850e-98ba-4cbb-8b1e-1f904840097b
2026-03-28 15:53:08|gemini|thinking_0|21|JSON_VERIFIED||788|478e67e9-10b1-45c2-bdbf-a4f8af12b595
2026-03-28 15:53:08|gemini|thinking_0|21|QUESTION|38|788|478e67e9-10b1-45c2-bdbf-a4f8af12b595
2026-03-28 15:53:08|gemini|thinking_0|21|JSON_SAVED||788|478e67e9-10b1-45c2-bdbf-a4f8af12b595
2026-03-28 15:53:08|gemini|thinking_0|21|QUESTION_ADVANCE||789|394ebd0b-4a30-45ea-a3ab-a33ee541c72a
2026-03-28 15:54:57|gemini|thinking_0|21|QUESTION_SENT||789|394ebd0b-4a30-45ea-a3ab-a33ee541c72a
2026-03-28 15:55:00|gemini|thinking_0|20|QUESTION_SENT||604|e045850e-98ba-4cbb-8b1e-1f904840097b
2026-03-28 15:55:36|gemini|thinking_0|20|JSON_VERIFIED||604|e045850e-98ba-4cbb-8b1e-1f904840097b
2026-03-28 15:55:36|gemini|thinking_0|20|QUESTION|54|604|e045850e-98ba-4cbb-8b1e-1f904840097b
2026-03-28 15:55:36|gemini|thinking_0|20|JSON_SAVED||604|e045850e-98ba-4cbb-8b1e-1f904840097b
2026-03-28 15:55:36|gemini|thinking_0|20|QUESTION_ADVANCE||605|bc01526c-62c4-463c-8e92-d6a9cd5d78a7
2026-03-28 15:58:12|gemini|thinking_0|21|QUESTION_SENT||789|394ebd0b-4a30-45ea-a3ab-a33ee541c72a
2026-03-28 15:58:15|gemini|thinking_0|20|QUESTION_SENT||605|bc01526c-62c4-463c-8e92-d6a9cd5d78a7
2026-03-28 16:01:27|gemini|thinking_0|21|QUESTION_SENT||789|394ebd0b-4a30-45ea-a3ab-a33ee541c72a
2026-03-28 16:01:29|gemini|thinking_0|20|QUESTION_SENT||605|bc01526c-62c4-463c-8e92-d6a9cd5d78a7
2026-03-28 16:02:05|gemini|thinking_0|20|JSON_VERIFIED||605|bc01526c-62c4-463c-8e92-d6a9cd5d78a7
2026-03-28 16:02:05|gemini|thinking_0|20|QUESTION|55|605|bc01526c-62c4-463c-8e92-d6a9cd5d78a7
2026-03-28 16:02:05|gemini|thinking_0|20|JSON_SAVED||605|bc01526c-62c4-463c-8e92-d6a9cd5d78a7
2026-03-28 16:02:05|gemini|thinking_0|20|QUESTION_ADVANCE||606|8378f972-317b-42d8-88d0-f3009f2e06e1
2026-03-28 16:04:41|gemini|thinking_0|21|QUESTION_SENT||789|394ebd0b-4a30-45ea-a3ab-a33ee541c72a
2026-03-28 16:04:44|gemini|thinking_0|20|QUESTION_SENT||606|8378f972-317b-42d8-88d0-f3009f2e06e1
2026-03-28 16:05:21|gemini|thinking_0|21|JSON_VERIFIED||789|394ebd0b-4a30-45ea-a3ab-a33ee541c72a
2026-03-28 16:05:21|gemini|thinking_0|21|QUESTION|39|789|394ebd0b-4a30-45ea-a3ab-a33ee541c72a
2026-03-28 16:05:21|gemini|thinking_0|21|JSON_SAVED||789|394ebd0b-4a30-45ea-a3ab-a33ee541c72a
2026-03-28 16:05:21|gemini|thinking_0|21|QUESTION_ADVANCE||790|0a0db2ad-3d79-4e93-8fd2-825e5fa06f9a
2026-03-28 16:07:56|gemini|thinking_0|21|QUESTION_SENT||790|0a0db2ad-3d79-4e93-8fd2-825e5fa06f9a
2026-03-28 16:07:59|gemini|thinking_0|20|QUESTION_SENT||606|8378f972-317b-42d8-88d0-f3009f2e06e1
2026-03-28 16:08:55|gemini|thinking_0|21|JSON_VERIFIED||790|0a0db2ad-3d79-4e93-8fd2-825e5fa06f9a
2026-03-28 16:08:55|gemini|thinking_0|21|QUESTION|40|790|0a0db2ad-3d79-4e93-8fd2-825e5fa06f9a
2026-03-28 16:08:55|gemini|thinking_0|21|JSON_SAVED||790|0a0db2ad-3d79-4e93-8fd2-825e5fa06f9a
2026-03-28 16:08:55|gemini|thinking_0|21|QUESTION_ADVANCE||791|b28eaaf9-41aa-4013-b6b7-35ba03fdf5be
2026-03-28 16:11:10|gemini|thinking_0|21|QUESTION_SENT||791|b28eaaf9-41aa-4013-b6b7-35ba03fdf5be
2026-03-28 16:12:14|gemini|thinking_0|21|JSON_VERIFIED||791|b28eaaf9-41aa-4013-b6b7-35ba03fdf5be
2026-03-28 16:12:14|gemini|thinking_0|21|QUESTION|41|791|b28eaaf9-41aa-4013-b6b7-35ba03fdf5be
2026-03-28 16:12:14|gemini|thinking_0|21|JSON_SAVED||791|b28eaaf9-41aa-4013-b6b7-35ba03fdf5be
2026-03-28 16:12:14|gemini|thinking_0|21|QUESTION_ADVANCE||792|ebd508aa-77d8-4b07-be6e-7470a8136004
2026-03-28 16:14:25|gemini|thinking_0|21|QUESTION_SENT||792|ebd508aa-77d8-4b07-be6e-7470a8136004
2026-03-28 16:15:01|gemini|thinking_0|21|JSON_VERIFIED||792|ebd508aa-77d8-4b07-be6e-7470a8136004
2026-03-28 16:15:01|gemini|thinking_0|21|QUESTION|42|792|ebd508aa-77d8-4b07-be6e-7470a8136004
2026-03-28 16:15:01|gemini|thinking_0|21|JSON_SAVED||792|ebd508aa-77d8-4b07-be6e-7470a8136004
2026-03-28 16:15:01|gemini|thinking_0|21|QUESTION_ADVANCE||793|1af9c465-c3ff-4e8c-b84e-a6213dc1e512
2026-03-28 16:16:24|gemini|thinking_0|20|QUESTION_SENT||606|8378f972-317b-42d8-88d0-f3009f2e06e1
2026-03-28 16:17:08|gemini|thinking_0|20|JSON_VERIFY_FAILED||606|8378f972-317b-42d8-88d0-f3009f2e06e1
2026-03-28 16:17:08|gemini|thinking_0|20|QUESTION|56|606|8378f972-317b-42d8-88d0-f3009f2e06e1
2026-03-28 16:17:40|gemini|thinking_0|21|QUESTION_SENT||793|1af9c465-c3ff-4e8c-b84e-a6213dc1e512
2026-03-28 16:19:35|gemini|thinking_0|21|JSON_VERIFIED||793|1af9c465-c3ff-4e8c-b84e-a6213dc1e512
2026-03-28 16:19:35|gemini|thinking_0|21|QUESTION|43|793|1af9c465-c3ff-4e8c-b84e-a6213dc1e512
2026-03-28 16:19:35|gemini|thinking_0|21|JSON_SAVED||793|1af9c465-c3ff-4e8c-b84e-a6213dc1e512
2026-03-28 16:19:35|gemini|thinking_0|21|QUESTION_ADVANCE||794|e40ae9a2-70c4-4616-90b7-a505c4ad1bd6
2026-03-28 16:19:39|gemini|thinking_0|20|QUESTION_SENT||606|8378f972-317b-42d8-88d0-f3009f2e06e1
2026-03-28 16:20:55|gemini|thinking_0|21|QUESTION_SENT||794|e40ae9a2-70c4-4616-90b7-a505c4ad1bd6
2026-03-28 16:22:02|gemini|thinking_0|21|JSON_VERIFIED||794|e40ae9a2-70c4-4616-90b7-a505c4ad1bd6
2026-03-28 16:22:02|gemini|thinking_0|21|QUESTION|44|794|e40ae9a2-70c4-4616-90b7-a505c4ad1bd6
2026-03-28 16:22:02|gemini|thinking_0|21|JSON_SAVED||794|e40ae9a2-70c4-4616-90b7-a505c4ad1bd6
2026-03-28 16:22:02|gemini|thinking_0|21|QUESTION_ADVANCE||795|7ebd73d8-4aed-449b-ac74-6f5d37b979f7
2026-03-28 16:22:53|gemini|thinking_0|20|QUESTION_SENT||606|8378f972-317b-42d8-88d0-f3009f2e06e1
2026-03-28 16:24:09|gemini|thinking_0|21|QUESTION_SENT||795|7ebd73d8-4aed-449b-ac74-6f5d37b979f7
2026-03-28 16:27:24|gemini|thinking_0|21|QUESTION_SENT||795|7ebd73d8-4aed-449b-ac74-6f5d37b979f7
2026-03-28 16:28:24|gemini|thinking_0|20|QUESTION_SENT||606|8378f972-317b-42d8-88d0-f3009f2e06e1
2026-03-28 16:30:39|gemini|thinking_0|21|QUESTION_SENT||795|7ebd73d8-4aed-449b-ac74-6f5d37b979f7
2026-03-28 16:31:36|gemini|thinking_0|21|JSON_VERIFY_FAILED||795|7ebd73d8-4aed-449b-ac74-6f5d37b979f7
2026-03-28 16:31:36|gemini|thinking_0|21|QUESTION|45|795|7ebd73d8-4aed-449b-ac74-6f5d37b979f7
2026-03-28 16:31:39|gemini|thinking_0|20|QUESTION_SENT||606|8378f972-317b-42d8-88d0-f3009f2e06e1
2026-03-28 16:33:54|gemini|thinking_0|21|QUESTION_SENT||795|7ebd73d8-4aed-449b-ac74-6f5d37b979f7
2026-03-28 16:34:29|gemini|thinking_0|21|JSON_VERIFIED||795|7ebd73d8-4aed-449b-ac74-6f5d37b979f7
2026-03-28 16:34:29|gemini|thinking_0|21|QUESTION|46|795|7ebd73d8-4aed-449b-ac74-6f5d37b979f7
2026-03-28 16:34:29|gemini|thinking_0|21|JSON_SAVED||795|7ebd73d8-4aed-449b-ac74-6f5d37b979f7
2026-03-28 16:34:29|gemini|thinking_0|21|QUESTION_ADVANCE||796|599d2c81-c684-457e-ae67-637abd01c6fa
2026-03-28 16:36:11|gemini|thinking_0|20|QUESTION_SENT||606|8378f972-317b-42d8-88d0-f3009f2e06e1
2026-03-28 16:37:09|gemini|thinking_0|21|QUESTION_SENT||796|599d2c81-c684-457e-ae67-637abd01c6fa
2026-03-28 16:39:26|gemini|thinking_0|20|QUESTION_SENT||606|8378f972-317b-42d8-88d0-f3009f2e06e1
2026-03-28 16:40:05|gemini|thinking_0|20|JSON_VERIFIED||606|8378f972-317b-42d8-88d0-f3009f2e06e1
2026-03-28 16:40:05|gemini|thinking_0|20|QUESTION|57|606|8378f972-317b-42d8-88d0-f3009f2e06e1
2026-03-28 16:40:05|gemini|thinking_0|20|JSON_SAVED||606|8378f972-317b-42d8-88d0-f3009f2e06e1
2026-03-28 16:40:05|gemini|thinking_0|20|QUESTION_ADVANCE||607|8d8bd4f0-38fe-4332-bf0d-c5e4ce76fbe1
2026-03-28 16:40:23|gemini|thinking_0|21|QUESTION_SENT||796|599d2c81-c684-457e-ae67-637abd01c6fa
2026-03-28 16:40:59|gemini|thinking_0|21|JSON_VERIFIED||796|599d2c81-c684-457e-ae67-637abd01c6fa
2026-03-28 16:40:59|gemini|thinking_0|21|QUESTION|47|796|599d2c81-c684-457e-ae67-637abd01c6fa
2026-03-28 16:40:59|gemini|thinking_0|21|JSON_SAVED||796|599d2c81-c684-457e-ae67-637abd01c6fa
2026-03-28 16:40:59|gemini|thinking_0|21|QUESTION_ADVANCE||797|7459669b-bcfe-4c94-870b-f49bd2e7463b
2026-03-28 16:42:40|gemini|thinking_0|20|QUESTION_SENT||607|8d8bd4f0-38fe-4332-bf0d-c5e4ce76fbe1
2026-03-28 16:43:22|gemini|thinking_0|20|JSON_VERIFIED||607|8d8bd4f0-38fe-4332-bf0d-c5e4ce76fbe1
2026-03-28 16:43:22|gemini|thinking_0|20|QUESTION|58|607|8d8bd4f0-38fe-4332-bf0d-c5e4ce76fbe1
2026-03-28 16:43:22|gemini|thinking_0|20|JSON_SAVED||607|8d8bd4f0-38fe-4332-bf0d-c5e4ce76fbe1
2026-03-28 16:43:22|gemini|thinking_0|20|QUESTION_ADVANCE||608|306d4a66-b1f9-4e81-8b88-e6ae31e5a089
2026-03-28 16:43:38|gemini|thinking_0|21|QUESTION_SENT||797|7459669b-bcfe-4c94-870b-f49bd2e7463b
2026-03-28 16:45:55|gemini|thinking_0|20|QUESTION_SENT||608|306d4a66-b1f9-4e81-8b88-e6ae31e5a089
2026-03-28 16:46:53|gemini|thinking_0|21|QUESTION_SENT||797|7459669b-bcfe-4c94-870b-f49bd2e7463b
2026-03-28 16:48:15|gemini|thinking_0|21|JSON_VERIFIED||797|7459669b-bcfe-4c94-870b-f49bd2e7463b
2026-03-28 16:48:15|gemini|thinking_0|21|QUESTION|48|797|7459669b-bcfe-4c94-870b-f49bd2e7463b
2026-03-28 16:48:15|gemini|thinking_0|21|JSON_SAVED||797|7459669b-bcfe-4c94-870b-f49bd2e7463b
2026-03-28 16:48:15|gemini|thinking_0|21|QUESTION_ADVANCE||798|3a2f3e40-8cd4-4543-b2fb-404ea38e68d9
2026-03-28 16:49:10|gemini|thinking_0|20|QUESTION_SENT||608|306d4a66-b1f9-4e81-8b88-e6ae31e5a089
2026-03-28 16:49:43|gemini|thinking_0|20|JSON_VERIFIED||608|306d4a66-b1f9-4e81-8b88-e6ae31e5a089
2026-03-28 16:49:43|gemini|thinking_0|20|QUESTION|59|608|306d4a66-b1f9-4e81-8b88-e6ae31e5a089
2026-03-28 16:49:43|gemini|thinking_0|20|JSON_SAVED||608|306d4a66-b1f9-4e81-8b88-e6ae31e5a089
2026-03-28 16:49:43|gemini|thinking_0|20|QUESTION_ADVANCE||609|b5e67a06-ac92-45f1-b603-57a1548e1651
2026-03-28 16:50:08|gemini|thinking_0|21|QUESTION_SENT||798|3a2f3e40-8cd4-4543-b2fb-404ea38e68d9
2026-03-28 16:52:25|gemini|thinking_0|20|QUESTION_SENT||609|b5e67a06-ac92-45f1-b603-57a1548e1651
2026-03-28 16:53:22|gemini|thinking_0|21|QUESTION_SENT||798|3a2f3e40-8cd4-4543-b2fb-404ea38e68d9
2026-03-28 16:54:04|gemini|thinking_0|21|JSON_VERIFIED||798|3a2f3e40-8cd4-4543-b2fb-404ea38e68d9
2026-03-28 16:54:04|gemini|thinking_0|21|QUESTION|49|798|3a2f3e40-8cd4-4543-b2fb-404ea38e68d9
2026-03-28 16:54:04|gemini|thinking_0|21|JSON_SAVED||798|3a2f3e40-8cd4-4543-b2fb-404ea38e68d9
2026-03-28 16:54:04|gemini|thinking_0|21|QUESTION_ADVANCE||799|25305862-055b-4169-9338-43d2dfa6ae70
2026-03-28 16:55:39|gemini|thinking_0|20|QUESTION_SENT||609|b5e67a06-ac92-45f1-b603-57a1548e1651
2026-03-28 16:56:37|gemini|thinking_0|21|QUESTION_SENT||799|25305862-055b-4169-9338-43d2dfa6ae70
2026-03-28 16:57:03|gemini|thinking_0|20|JSON_VERIFIED||609|b5e67a06-ac92-45f1-b603-57a1548e1651
2026-03-28 16:57:03|gemini|thinking_0|20|QUESTION|60|609|b5e67a06-ac92-45f1-b603-57a1548e1651
2026-03-28 16:57:03|gemini|thinking_0|20|JSON_SAVED||609|b5e67a06-ac92-45f1-b603-57a1548e1651
2026-03-28 16:57:03|gemini|thinking_0|20|QUESTION_ADVANCE||610|e7987e81-9c5b-4749-9c73-8269cf4cf1b9
2026-03-28 16:58:54|gemini|thinking_0|20|QUESTION_SENT||610|e7987e81-9c5b-4749-9c73-8269cf4cf1b9
2026-03-28 16:59:34|gemini|thinking_0|20|JSON_VERIFIED||610|e7987e81-9c5b-4749-9c73-8269cf4cf1b9
2026-03-28 16:59:34|gemini|thinking_0|20|QUESTION|61|610|e7987e81-9c5b-4749-9c73-8269cf4cf1b9
2026-03-28 16:59:34|gemini|thinking_0|20|JSON_SAVED||610|e7987e81-9c5b-4749-9c73-8269cf4cf1b9
2026-03-28 16:59:34|gemini|thinking_0|20|QUESTION_ADVANCE||611|71811f09-784e-45e2-bdab-738367cdff76
2026-03-28 16:59:52|gemini|thinking_0|21|QUESTION_SENT||799|25305862-055b-4169-9338-43d2dfa6ae70
2026-03-28 17:01:28|gemini|thinking_0|21|JSON_VERIFIED||799|25305862-055b-4169-9338-43d2dfa6ae70
2026-03-28 17:01:28|gemini|thinking_0|21|QUESTION|50|799|25305862-055b-4169-9338-43d2dfa6ae70
2026-03-28 17:01:28|gemini|thinking_0|21|JSON_SAVED||799|25305862-055b-4169-9338-43d2dfa6ae70
2026-03-28 17:01:28|gemini|thinking_0|21|QUESTION_ADVANCE||800|2bb12998-72d9-4ef7-a412-324f4f57b013
2026-03-28 17:02:09|gemini|thinking_0|20|QUESTION_SENT||611|71811f09-784e-45e2-bdab-738367cdff76
2026-03-28 17:02:45|gemini|thinking_0|20|JSON_VERIFIED||611|71811f09-784e-45e2-bdab-738367cdff76
2026-03-28 17:02:45|gemini|thinking_0|20|QUESTION|62|611|71811f09-784e-45e2-bdab-738367cdff76
2026-03-28 17:02:45|gemini|thinking_0|20|JSON_SAVED||611|71811f09-784e-45e2-bdab-738367cdff76
2026-03-28 17:02:45|gemini|thinking_0|20|QUESTION_ADVANCE||612|a9c9c2f9-c58b-4532-9bde-2f603294fae1
2026-03-28 17:03:06|gemini|thinking_0|21|QUESTION_SENT||800|2bb12998-72d9-4ef7-a412-324f4f57b013
2026-03-28 17:05:23|gemini|thinking_0|20|QUESTION_SENT||612|a9c9c2f9-c58b-4532-9bde-2f603294fae1
2026-03-28 17:06:21|gemini|thinking_0|21|QUESTION_SENT||800|2bb12998-72d9-4ef7-a412-324f4f57b013
2026-03-28 17:06:33|gemini|thinking_0|20|JSON_VERIFY_FAILED||612|a9c9c2f9-c58b-4532-9bde-2f603294fae1
2026-03-28 17:06:33|gemini|thinking_0|20|QUESTION|63|612|a9c9c2f9-c58b-4532-9bde-2f603294fae1
2026-03-28 17:06:59|gemini|thinking_0|21|JSON_VERIFY_FAILED||800|2bb12998-72d9-4ef7-a412-324f4f57b013
2026-03-28 17:06:59|gemini|thinking_0|21|QUESTION|51|800|2bb12998-72d9-4ef7-a412-324f4f57b013
2026-03-28 17:08:38|gemini|thinking_0|20|QUESTION_SENT||612|a9c9c2f9-c58b-4532-9bde-2f603294fae1
2026-03-28 17:09:32|gemini|thinking_0|20|JSON_VERIFIED||612|a9c9c2f9-c58b-4532-9bde-2f603294fae1
2026-03-28 17:09:32|gemini|thinking_0|20|QUESTION|64|612|a9c9c2f9-c58b-4532-9bde-2f603294fae1
2026-03-28 17:09:32|gemini|thinking_0|20|JSON_SAVED||612|a9c9c2f9-c58b-4532-9bde-2f603294fae1
2026-03-28 17:09:32|gemini|thinking_0|20|QUESTION_ADVANCE||613|d3bb09e2-c2a6-47b3-9d70-6ebd9a26ff47
2026-03-28 17:09:36|gemini|thinking_0|21|QUESTION_SENT||800|2bb12998-72d9-4ef7-a412-324f4f57b013
2026-03-28 17:10:15|gemini|thinking_0|21|JSON_VERIFIED||800|2bb12998-72d9-4ef7-a412-324f4f57b013
2026-03-28 17:10:15|gemini|thinking_0|21|QUESTION|52|800|2bb12998-72d9-4ef7-a412-324f4f57b013
2026-03-28 17:10:15|gemini|thinking_0|21|JSON_SAVED||800|2bb12998-72d9-4ef7-a412-324f4f57b013
2026-03-28 17:10:15|gemini|thinking_0|21|QUESTION_ADVANCE||801|ab4bc968-091f-42d4-8d9f-e342cf1921be
2026-03-28 17:11:53|gemini|thinking_0|20|QUESTION_SENT||613|d3bb09e2-c2a6-47b3-9d70-6ebd9a26ff47
2026-03-28 17:12:50|gemini|thinking_0|21|QUESTION_SENT||801|ab4bc968-091f-42d4-8d9f-e342cf1921be
2026-03-28 17:13:29|gemini|thinking_0|21|JSON_VERIFIED||801|ab4bc968-091f-42d4-8d9f-e342cf1921be
2026-03-28 17:13:29|gemini|thinking_0|21|QUESTION|53|801|ab4bc968-091f-42d4-8d9f-e342cf1921be
2026-03-28 17:13:29|gemini|thinking_0|21|JSON_SAVED||801|ab4bc968-091f-42d4-8d9f-e342cf1921be
2026-03-28 17:13:29|gemini|thinking_0|21|QUESTION_ADVANCE||802|3561c926-4ace-4196-b514-3796552733d1
2026-03-28 17:15:08|gemini|thinking_0|20|QUESTION_SENT||613|d3bb09e2-c2a6-47b3-9d70-6ebd9a26ff47
2026-03-28 17:15:47|gemini|thinking_0|20|JSON_VERIFIED||613|d3bb09e2-c2a6-47b3-9d70-6ebd9a26ff47
2026-03-28 17:15:47|gemini|thinking_0|20|QUESTION|65|613|d3bb09e2-c2a6-47b3-9d70-6ebd9a26ff47
2026-03-28 17:15:47|gemini|thinking_0|20|JSON_SAVED||613|d3bb09e2-c2a6-47b3-9d70-6ebd9a26ff47
2026-03-28 17:15:47|gemini|thinking_0|20|QUESTION_ADVANCE||614|3c3a13ee-bbb6-4208-a5db-613408660813
2026-03-28 17:16:05|gemini|thinking_0|21|QUESTION_SENT||802|3561c926-4ace-4196-b514-3796552733d1
2026-03-28 17:16:41|gemini|thinking_0|21|JSON_VERIFIED||802|3561c926-4ace-4196-b514-3796552733d1
2026-03-28 17:16:41|gemini|thinking_0|21|QUESTION|54|802|3561c926-4ace-4196-b514-3796552733d1
2026-03-28 17:16:41|gemini|thinking_0|21|JSON_SAVED||802|3561c926-4ace-4196-b514-3796552733d1
2026-03-28 17:16:41|gemini|thinking_0|21|QUESTION_ADVANCE||803|75c0277a-d24b-4414-8aa4-2f5f0f04118c
2026-03-28 17:18:22|gemini|thinking_0|20|QUESTION_SENT||614|3c3a13ee-bbb6-4208-a5db-613408660813
2026-03-28 17:19:12|gemini|thinking_0|20|JSON_VERIFIED||614|3c3a13ee-bbb6-4208-a5db-613408660813
2026-03-28 17:19:12|gemini|thinking_0|20|QUESTION|66|614|3c3a13ee-bbb6-4208-a5db-613408660813
2026-03-28 17:19:12|gemini|thinking_0|20|JSON_SAVED||614|3c3a13ee-bbb6-4208-a5db-613408660813
2026-03-28 17:19:12|gemini|thinking_0|20|QUESTION_ADVANCE||615|d5995b76-6b0a-48e9-aedb-d39355614fa5
2026-03-28 17:19:20|gemini|thinking_0|21|QUESTION_SENT||803|75c0277a-d24b-4414-8aa4-2f5f0f04118c
2026-03-28 17:21:37|gemini|thinking_0|20|QUESTION_SENT||615|d5995b76-6b0a-48e9-aedb-d39355614fa5
2026-03-28 17:22:35|gemini|thinking_0|21|QUESTION_SENT||803|75c0277a-d24b-4414-8aa4-2f5f0f04118c
2026-03-28 17:24:52|gemini|thinking_0|20|QUESTION_SENT||615|d5995b76-6b0a-48e9-aedb-d39355614fa5
2026-03-28 17:25:23|gemini|thinking_0|20|JSON_VERIFIED||615|d5995b76-6b0a-48e9-aedb-d39355614fa5
2026-03-28 17:25:23|gemini|thinking_0|20|QUESTION|67|615|d5995b76-6b0a-48e9-aedb-d39355614fa5
2026-03-28 17:25:23|gemini|thinking_0|20|JSON_SAVED||615|d5995b76-6b0a-48e9-aedb-d39355614fa5
2026-03-28 17:25:23|gemini|thinking_0|20|QUESTION_ADVANCE||616|99839b29-3f59-4869-8463-606185801dd2
2026-03-28 17:25:49|gemini|thinking_0|21|QUESTION_SENT||803|75c0277a-d24b-4414-8aa4-2f5f0f04118c
2026-03-28 17:26:21|gemini|thinking_0|21|JSON_VERIFIED||803|75c0277a-d24b-4414-8aa4-2f5f0f04118c
2026-03-28 17:26:21|gemini|thinking_0|21|QUESTION|55|803|75c0277a-d24b-4414-8aa4-2f5f0f04118c
2026-03-28 17:26:21|gemini|thinking_0|21|JSON_SAVED||803|75c0277a-d24b-4414-8aa4-2f5f0f04118c
2026-03-28 17:26:21|gemini|thinking_0|21|QUESTION_ADVANCE||804|98017ee8-ca78-476b-a284-fa3b30274c00
2026-03-28 17:28:06|gemini|thinking_0|20|QUESTION_SENT||616|99839b29-3f59-4869-8463-606185801dd2
2026-03-28 17:29:04|gemini|thinking_0|21|QUESTION_SENT||804|98017ee8-ca78-476b-a284-fa3b30274c00
2026-03-28 17:31:21|gemini|thinking_0|20|QUESTION_SENT||616|99839b29-3f59-4869-8463-606185801dd2
2026-03-28 17:41:52|gemini|thinking_0|21|QUESTION_SENT||804|98017ee8-ca78-476b-a284-fa3b30274c00
2026-03-28 17:41:58|gemini|thinking_0|20|QUESTION_SENT||616|99839b29-3f59-4869-8463-606185801dd2
2026-03-28 17:42:23|gemini|thinking_0|21|JSON_VERIFIED||804|98017ee8-ca78-476b-a284-fa3b30274c00
2026-03-28 17:42:23|gemini|thinking_0|21|QUESTION|56|804|98017ee8-ca78-476b-a284-fa3b30274c00
2026-03-28 17:42:23|gemini|thinking_0|21|JSON_SAVED||804|98017ee8-ca78-476b-a284-fa3b30274c00
2026-03-28 17:42:23|gemini|thinking_0|21|QUESTION_ADVANCE||805|565b9ff3-b296-4508-a431-a6b6d52d7c1b
2026-03-28 17:45:07|gemini|thinking_0|21|QUESTION_SENT||805|565b9ff3-b296-4508-a431-a6b6d52d7c1b
2026-03-28 17:45:12|gemini|thinking_0|20|QUESTION_SENT||616|99839b29-3f59-4869-8463-606185801dd2
2026-03-28 17:48:27|gemini|thinking_0|20|QUESTION_SENT||616|99839b29-3f59-4869-8463-606185801dd2
2026-03-28 17:49:24|gemini|thinking_0|20|JSON_VERIFIED||616|99839b29-3f59-4869-8463-606185801dd2
2026-03-28 17:49:24|gemini|thinking_0|20|QUESTION|68|616|99839b29-3f59-4869-8463-606185801dd2
2026-03-28 17:49:24|gemini|thinking_0|20|JSON_SAVED||616|99839b29-3f59-4869-8463-606185801dd2
2026-03-28 17:49:24|gemini|thinking_0|20|QUESTION_ADVANCE||617|9f9c4162-9e1a-4588-85c1-5dfa970f20c2
2026-03-28 17:51:42|gemini|thinking_0|20|QUESTION_SENT||617|9f9c4162-9e1a-4588-85c1-5dfa970f20c2
2026-03-28 17:52:16|gemini|thinking_0|20|JSON_VERIFIED||617|9f9c4162-9e1a-4588-85c1-5dfa970f20c2
2026-03-28 17:52:16|gemini|thinking_0|20|QUESTION|69|617|9f9c4162-9e1a-4588-85c1-5dfa970f20c2
2026-03-28 17:52:16|gemini|thinking_0|20|JSON_SAVED||617|9f9c4162-9e1a-4588-85c1-5dfa970f20c2
2026-03-28 17:52:16|gemini|thinking_0|20|QUESTION_ADVANCE||618|0eb42c37-ef2e-4f5d-b993-edc1bf175d78
2026-03-28 17:54:56|gemini|thinking_0|20|QUESTION_SENT||618|0eb42c37-ef2e-4f5d-b993-edc1bf175d78
2026-03-28 18:06:16|gemini|thinking_0|20|QUESTION_SENT||618|0eb42c37-ef2e-4f5d-b993-edc1bf175d78
2026-03-28 18:06:26|gemini|thinking_0|21|QUESTION_SENT||805|565b9ff3-b296-4508-a431-a6b6d52d7c1b
2026-03-28 18:06:55|gemini|thinking_0|20|JSON_VERIFIED||618|0eb42c37-ef2e-4f5d-b993-edc1bf175d78
2026-03-28 18:06:55|gemini|thinking_0|20|QUESTION|70|618|0eb42c37-ef2e-4f5d-b993-edc1bf175d78
2026-03-28 18:06:55|gemini|thinking_0|20|JSON_SAVED||618|0eb42c37-ef2e-4f5d-b993-edc1bf175d78
2026-03-28 18:06:55|gemini|thinking_0|20|QUESTION_ADVANCE||619|9e64b7ba-52a1-452c-b27a-c44febf1ddb1
2026-03-28 18:07:21|gemini|thinking_0|21|JSON_VERIFIED||805|565b9ff3-b296-4508-a431-a6b6d52d7c1b
2026-03-28 18:07:21|gemini|thinking_0|21|QUESTION|57|805|565b9ff3-b296-4508-a431-a6b6d52d7c1b
2026-03-28 18:07:21|gemini|thinking_0|21|JSON_SAVED||805|565b9ff3-b296-4508-a431-a6b6d52d7c1b
2026-03-28 18:07:21|gemini|thinking_0|21|QUESTION_ADVANCE||806|96ecdab9-b0b8-4ff1-a367-cac4ec1ac049
2026-03-28 18:09:30|gemini|thinking_0|20|QUESTION_SENT||619|9e64b7ba-52a1-452c-b27a-c44febf1ddb1
2026-03-28 18:09:40|gemini|thinking_0|21|QUESTION_SENT||806|96ecdab9-b0b8-4ff1-a367-cac4ec1ac049
2026-03-28 18:12:45|gemini|thinking_0|20|QUESTION_SENT||619|9e64b7ba-52a1-452c-b27a-c44febf1ddb1
2026-03-28 18:12:55|gemini|thinking_0|21|QUESTION_SENT||806|96ecdab9-b0b8-4ff1-a367-cac4ec1ac049
2026-03-28 18:13:19|gemini|thinking_0|20|JSON_VERIFIED||619|9e64b7ba-52a1-452c-b27a-c44febf1ddb1
2026-03-28 18:13:19|gemini|thinking_0|20|QUESTION|71|619|9e64b7ba-52a1-452c-b27a-c44febf1ddb1
2026-03-28 18:13:19|gemini|thinking_0|20|JSON_SAVED||619|9e64b7ba-52a1-452c-b27a-c44febf1ddb1
2026-03-28 18:13:19|gemini|thinking_0|20|QUESTION_ADVANCE||620|057f272f-c112-4728-b8e8-b3ffa1259cd2
2026-03-28 18:16:00|gemini|thinking_0|20|QUESTION_SENT||620|057f272f-c112-4728-b8e8-b3ffa1259cd2
2026-03-28 18:16:10|gemini|thinking_0|21|QUESTION_SENT||806|96ecdab9-b0b8-4ff1-a367-cac4ec1ac049
2026-03-28 18:16:35|gemini|thinking_0|20|JSON_VERIFIED||620|057f272f-c112-4728-b8e8-b3ffa1259cd2
2026-03-28 18:16:35|gemini|thinking_0|20|QUESTION|72|620|057f272f-c112-4728-b8e8-b3ffa1259cd2
2026-03-28 18:16:35|gemini|thinking_0|20|JSON_SAVED||620|057f272f-c112-4728-b8e8-b3ffa1259cd2
2026-03-28 18:16:35|gemini|thinking_0|20|QUESTION_ADVANCE||621|634725ab-94ea-4ffe-9dce-977aedf224f8
2026-03-28 18:16:41|gemini|thinking_0|21|JSON_VERIFIED||806|96ecdab9-b0b8-4ff1-a367-cac4ec1ac049
2026-03-28 18:16:41|gemini|thinking_0|21|QUESTION|58|806|96ecdab9-b0b8-4ff1-a367-cac4ec1ac049
2026-03-28 18:16:41|gemini|thinking_0|21|JSON_SAVED||806|96ecdab9-b0b8-4ff1-a367-cac4ec1ac049
2026-03-28 18:16:41|gemini|thinking_0|21|QUESTION_ADVANCE||807|23c50966-3bfc-4d5e-9020-a64817025a40
2026-03-28 18:19:15|gemini|thinking_0|20|QUESTION_SENT||621|634725ab-94ea-4ffe-9dce-977aedf224f8
2026-03-28 18:19:24|gemini|thinking_0|21|QUESTION_SENT||807|23c50966-3bfc-4d5e-9020-a64817025a40
2026-03-28 18:19:50|gemini|thinking_0|20|JSON_VERIFIED||621|634725ab-94ea-4ffe-9dce-977aedf224f8
2026-03-28 18:19:50|gemini|thinking_0|20|QUESTION|73|621|634725ab-94ea-4ffe-9dce-977aedf224f8
2026-03-28 18:19:50|gemini|thinking_0|20|JSON_SAVED||621|634725ab-94ea-4ffe-9dce-977aedf224f8
2026-03-28 18:19:50|gemini|thinking_0|20|QUESTION_ADVANCE||622|752f8915-8968-4b06-b8d1-d0dd2e8faa19
2026-03-28 18:20:00|gemini|thinking_0|21|JSON_VERIFIED||807|23c50966-3bfc-4d5e-9020-a64817025a40
2026-03-28 18:20:00|gemini|thinking_0|21|QUESTION|59|807|23c50966-3bfc-4d5e-9020-a64817025a40
2026-03-28 18:20:00|gemini|thinking_0|21|JSON_SAVED||807|23c50966-3bfc-4d5e-9020-a64817025a40
2026-03-28 18:20:00|gemini|thinking_0|21|QUESTION_ADVANCE||808|6650c214-1082-47ef-a9b8-c2bd9d785d77
2026-03-28 18:22:29|gemini|thinking_0|20|QUESTION_SENT||622|752f8915-8968-4b06-b8d1-d0dd2e8faa19
2026-03-28 18:22:39|gemini|thinking_0|21|QUESTION_SENT||808|6650c214-1082-47ef-a9b8-c2bd9d785d77
2026-03-28 18:23:23|gemini|thinking_0|21|JSON_VERIFIED||808|6650c214-1082-47ef-a9b8-c2bd9d785d77
2026-03-28 18:23:23|gemini|thinking_0|21|QUESTION|60|808|6650c214-1082-47ef-a9b8-c2bd9d785d77
2026-03-28 18:23:23|gemini|thinking_0|21|JSON_SAVED||808|6650c214-1082-47ef-a9b8-c2bd9d785d77
2026-03-28 18:23:23|gemini|thinking_0|21|QUESTION_ADVANCE||809|6a92aa8e-025c-414f-9cfa-ecb3b6f9f8d3
2026-03-28 18:23:33|gemini|thinking_0|20|JSON_VERIFIED||622|752f8915-8968-4b06-b8d1-d0dd2e8faa19
2026-03-28 18:23:33|gemini|thinking_0|20|QUESTION|74|622|752f8915-8968-4b06-b8d1-d0dd2e8faa19
2026-03-28 18:23:33|gemini|thinking_0|20|JSON_SAVED||622|752f8915-8968-4b06-b8d1-d0dd2e8faa19
2026-03-28 18:23:33|gemini|thinking_0|20|QUESTION_ADVANCE||623|4b75a506-a5ce-4c66-a4ad-f5a8894f064c
2026-03-28 18:25:44|gemini|thinking_0|20|QUESTION_SENT||623|4b75a506-a5ce-4c66-a4ad-f5a8894f064c
2026-03-28 18:25:54|gemini|thinking_0|21|QUESTION_SENT||809|6a92aa8e-025c-414f-9cfa-ecb3b6f9f8d3
2026-03-28 18:26:43|gemini|thinking_0|20|JSON_VERIFIED||623|4b75a506-a5ce-4c66-a4ad-f5a8894f064c
2026-03-28 18:26:43|gemini|thinking_0|20|QUESTION|75|623|4b75a506-a5ce-4c66-a4ad-f5a8894f064c
2026-03-28 18:26:43|gemini|thinking_0|20|JSON_SAVED||623|4b75a506-a5ce-4c66-a4ad-f5a8894f064c
2026-03-28 18:26:43|gemini|thinking_0|20|QUESTION_ADVANCE||624|e2d2c856-f910-4602-ba2c-8200a3b20d26
2026-03-28 18:27:15|gemini|thinking_0|21|JSON_VERIFY_FAILED||809|6a92aa8e-025c-414f-9cfa-ecb3b6f9f8d3
2026-03-28 18:27:15|gemini|thinking_0|21|QUESTION|61|809|6a92aa8e-025c-414f-9cfa-ecb3b6f9f8d3
2026-03-28 18:28:58|gemini|thinking_0|20|QUESTION_SENT||624|e2d2c856-f910-4602-ba2c-8200a3b20d26
2026-03-28 18:29:09|gemini|thinking_0|21|QUESTION_SENT||809|6a92aa8e-025c-414f-9cfa-ecb3b6f9f8d3
2026-03-28 18:29:35|gemini|thinking_0|20|JSON_VERIFIED||624|e2d2c856-f910-4602-ba2c-8200a3b20d26
2026-03-28 18:29:35|gemini|thinking_0|20|QUESTION|76|624|e2d2c856-f910-4602-ba2c-8200a3b20d26
2026-03-28 18:29:35|gemini|thinking_0|20|JSON_SAVED||624|e2d2c856-f910-4602-ba2c-8200a3b20d26
2026-03-28 18:29:35|gemini|thinking_0|20|QUESTION_ADVANCE||625|42862992-61ff-42dd-bc28-4055ca5c9ab4
2026-03-28 18:29:42|gemini|thinking_0|21|JSON_VERIFIED||809|6a92aa8e-025c-414f-9cfa-ecb3b6f9f8d3
2026-03-28 18:29:42|gemini|thinking_0|21|QUESTION|62|809|6a92aa8e-025c-414f-9cfa-ecb3b6f9f8d3
2026-03-28 18:29:42|gemini|thinking_0|21|JSON_SAVED||809|6a92aa8e-025c-414f-9cfa-ecb3b6f9f8d3
2026-03-28 18:29:42|gemini|thinking_0|21|QUESTION_ADVANCE||810|a7c4cc89-0727-4d89-bb2e-c30270bbece5
2026-03-28 18:32:13|gemini|thinking_0|20|QUESTION_SENT||625|42862992-61ff-42dd-bc28-4055ca5c9ab4
2026-03-28 18:32:24|gemini|thinking_0|21|QUESTION_SENT||810|a7c4cc89-0727-4d89-bb2e-c30270bbece5
2026-03-28 18:32:53|gemini|thinking_0|21|JSON_VERIFIED||810|a7c4cc89-0727-4d89-bb2e-c30270bbece5
2026-03-28 18:32:53|gemini|thinking_0|21|QUESTION|63|810|a7c4cc89-0727-4d89-bb2e-c30270bbece5
2026-03-28 18:32:53|gemini|thinking_0|21|JSON_SAVED||810|a7c4cc89-0727-4d89-bb2e-c30270bbece5
2026-03-28 18:32:53|gemini|thinking_0|21|QUESTION_ADVANCE||811|20219800-1f04-484b-b6dc-773ac435fb8a
2026-03-28 18:35:28|gemini|thinking_0|20|QUESTION_SENT||625|42862992-61ff-42dd-bc28-4055ca5c9ab4
2026-03-28 18:35:38|gemini|thinking_0|21|QUESTION_SENT||811|20219800-1f04-484b-b6dc-773ac435fb8a
2026-03-28 18:35:58|gemini|thinking_0|20|JSON_VERIFY_FAILED||625|42862992-61ff-42dd-bc28-4055ca5c9ab4
2026-03-28 18:35:58|gemini|thinking_0|20|QUESTION|77|625|42862992-61ff-42dd-bc28-4055ca5c9ab4
2026-03-28 18:36:22|gemini|thinking_0|21|JSON_VERIFIED||811|20219800-1f04-484b-b6dc-773ac435fb8a
2026-03-28 18:36:22|gemini|thinking_0|21|QUESTION|64|811|20219800-1f04-484b-b6dc-773ac435fb8a
2026-03-28 18:36:22|gemini|thinking_0|21|JSON_SAVED||811|20219800-1f04-484b-b6dc-773ac435fb8a
2026-03-28 18:36:22|gemini|thinking_0|21|QUESTION_ADVANCE||812|87aa44ef-c4d4-4b83-a804-fcd228ea4b6f
2026-03-28 18:38:43|gemini|thinking_0|20|QUESTION_SENT||625|42862992-61ff-42dd-bc28-4055ca5c9ab4
2026-03-28 18:38:53|gemini|thinking_0|21|QUESTION_SENT||812|87aa44ef-c4d4-4b83-a804-fcd228ea4b6f
2026-03-28 18:39:27|gemini|thinking_0|21|JSON_VERIFIED||812|87aa44ef-c4d4-4b83-a804-fcd228ea4b6f
2026-03-28 18:39:27|gemini|thinking_0|21|QUESTION|65|812|87aa44ef-c4d4-4b83-a804-fcd228ea4b6f
2026-03-28 18:39:27|gemini|thinking_0|21|JSON_SAVED||812|87aa44ef-c4d4-4b83-a804-fcd228ea4b6f
2026-03-28 18:39:27|gemini|thinking_0|21|QUESTION_ADVANCE||813|d7409902-4fec-4eb3-a5ed-073cde52bc6f
2026-03-28 18:39:34|gemini|thinking_0|20|JSON_VERIFIED||625|42862992-61ff-42dd-bc28-4055ca5c9ab4
2026-03-28 18:39:34|gemini|thinking_0|20|QUESTION|78|625|42862992-61ff-42dd-bc28-4055ca5c9ab4
2026-03-28 18:39:34|gemini|thinking_0|20|JSON_SAVED||625|42862992-61ff-42dd-bc28-4055ca5c9ab4
2026-03-28 18:39:34|gemini|thinking_0|20|QUESTION_ADVANCE||626|5a33cd1d-0718-4300-ab5b-dafbe105c3dc
2026-03-28 18:41:57|gemini|thinking_0|20|QUESTION_SENT||626|5a33cd1d-0718-4300-ab5b-dafbe105c3dc
2026-03-28 18:42:08|gemini|thinking_0|21|QUESTION_SENT||813|d7409902-4fec-4eb3-a5ed-073cde52bc6f
2026-03-28 18:42:41|gemini|thinking_0|20|JSON_VERIFIED||626|5a33cd1d-0718-4300-ab5b-dafbe105c3dc
2026-03-28 18:42:41|gemini|thinking_0|20|QUESTION|79|626|5a33cd1d-0718-4300-ab5b-dafbe105c3dc
2026-03-28 18:42:41|gemini|thinking_0|20|JSON_SAVED||626|5a33cd1d-0718-4300-ab5b-dafbe105c3dc
2026-03-28 18:42:41|gemini|thinking_0|20|QUESTION_ADVANCE||627|219bcb85-d38a-4b7a-aa9a-6bf3230b54be
2026-03-28 18:45:12|gemini|thinking_0|20|QUESTION_SENT||627|219bcb85-d38a-4b7a-aa9a-6bf3230b54be
2026-03-28 18:59:27|gemini|thinking_0|20|QUESTION_SENT||627|219bcb85-d38a-4b7a-aa9a-6bf3230b54be
2026-03-28 18:59:57|gemini|thinking_0|20|JSON_VERIFY_FAILED||627|219bcb85-d38a-4b7a-aa9a-6bf3230b54be
2026-03-28 18:59:57|gemini|thinking_0|20|QUESTION|80|627|219bcb85-d38a-4b7a-aa9a-6bf3230b54be
2026-03-28 19:00:02|gemini|thinking_0|21|QUESTION_SENT||813|d7409902-4fec-4eb3-a5ed-073cde52bc6f
2026-03-28 19:02:42|gemini|thinking_0|20|QUESTION_SENT||627|219bcb85-d38a-4b7a-aa9a-6bf3230b54be
2026-03-28 19:03:35|gemini|thinking_0|20|JSON_VERIFIED||627|219bcb85-d38a-4b7a-aa9a-6bf3230b54be
2026-03-28 19:03:35|gemini|thinking_0|20|QUESTION|81|627|219bcb85-d38a-4b7a-aa9a-6bf3230b54be
2026-03-28 19:03:35|gemini|thinking_0|20|JSON_SAVED||627|219bcb85-d38a-4b7a-aa9a-6bf3230b54be
2026-03-28 19:03:35|gemini|thinking_0|20|QUESTION_ADVANCE||628|4e3e2b7f-b080-42a3-a004-0874b8ba5543
2026-03-28 19:03:46|gemini|thinking_0|21|QUESTION_SENT||813|d7409902-4fec-4eb3-a5ed-073cde52bc6f
2026-03-28 19:04:33|gemini|thinking_0|21|JSON_VERIFIED||813|d7409902-4fec-4eb3-a5ed-073cde52bc6f
2026-03-28 19:04:33|gemini|thinking_0|21|QUESTION|66|813|d7409902-4fec-4eb3-a5ed-073cde52bc6f
2026-03-28 19:04:33|gemini|thinking_0|21|JSON_SAVED||813|d7409902-4fec-4eb3-a5ed-073cde52bc6f
2026-03-28 19:04:33|gemini|thinking_0|21|QUESTION_ADVANCE||814|352781dd-dfa0-4fbb-9f5b-6394a68e9182
2026-03-28 19:05:57|gemini|thinking_0|20|QUESTION_SENT||628|4e3e2b7f-b080-42a3-a004-0874b8ba5543
2026-03-28 19:06:34|gemini|thinking_0|20|JSON_VERIFIED||628|4e3e2b7f-b080-42a3-a004-0874b8ba5543
2026-03-28 19:06:34|gemini|thinking_0|20|QUESTION|82|628|4e3e2b7f-b080-42a3-a004-0874b8ba5543
2026-03-28 19:06:34|gemini|thinking_0|20|JSON_SAVED||628|4e3e2b7f-b080-42a3-a004-0874b8ba5543
2026-03-28 19:06:34|gemini|thinking_0|20|QUESTION_ADVANCE||629|4355cbe0-25a3-43f4-aa60-8cb9631c2dae
2026-03-28 19:07:00|gemini|thinking_0|21|QUESTION_SENT||814|352781dd-dfa0-4fbb-9f5b-6394a68e9182
2026-03-28 19:07:54|gemini|thinking_0|21|JSON_VERIFIED||814|352781dd-dfa0-4fbb-9f5b-6394a68e9182
2026-03-28 19:07:54|gemini|thinking_0|21|QUESTION|67|814|352781dd-dfa0-4fbb-9f5b-6394a68e9182
2026-03-28 19:07:54|gemini|thinking_0|21|JSON_SAVED||814|352781dd-dfa0-4fbb-9f5b-6394a68e9182
2026-03-28 19:07:54|gemini|thinking_0|21|QUESTION_ADVANCE||815|69c4dad6-93c2-470b-a815-cec8b766d453
2026-03-28 19:09:12|gemini|thinking_0|20|QUESTION_SENT||629|4355cbe0-25a3-43f4-aa60-8cb9631c2dae
2026-03-28 19:09:48|gemini|thinking_0|20|JSON_VERIFIED||629|4355cbe0-25a3-43f4-aa60-8cb9631c2dae
2026-03-28 19:09:48|gemini|thinking_0|20|QUESTION|83|629|4355cbe0-25a3-43f4-aa60-8cb9631c2dae
2026-03-28 19:09:48|gemini|thinking_0|20|JSON_SAVED||629|4355cbe0-25a3-43f4-aa60-8cb9631c2dae
2026-03-28 19:09:48|gemini|thinking_0|20|QUESTION_ADVANCE||630|faf980dd-6e44-478b-b4b0-ae7b2338772d
2026-03-28 19:10:15|gemini|thinking_0|21|QUESTION_SENT||815|69c4dad6-93c2-470b-a815-cec8b766d453
2026-03-28 19:12:27|gemini|thinking_0|20|QUESTION_SENT||630|faf980dd-6e44-478b-b4b0-ae7b2338772d
2026-03-28 19:13:05|gemini|thinking_0|20|JSON_VERIFIED||630|faf980dd-6e44-478b-b4b0-ae7b2338772d
2026-03-28 19:13:05|gemini|thinking_0|20|QUESTION|84|630|faf980dd-6e44-478b-b4b0-ae7b2338772d
2026-03-28 19:13:05|gemini|thinking_0|20|JSON_SAVED||630|faf980dd-6e44-478b-b4b0-ae7b2338772d
2026-03-28 19:13:05|gemini|thinking_0|20|QUESTION_ADVANCE||631|22a94b3c-797b-4de1-964b-313bb25aaf3a
2026-03-28 19:13:30|gemini|thinking_0|21|QUESTION_SENT||815|69c4dad6-93c2-470b-a815-cec8b766d453
2026-03-28 19:14:04|gemini|thinking_0|21|JSON_VERIFIED||815|69c4dad6-93c2-470b-a815-cec8b766d453
2026-03-28 19:14:04|gemini|thinking_0|21|QUESTION|68|815|69c4dad6-93c2-470b-a815-cec8b766d453
2026-03-28 19:14:04|gemini|thinking_0|21|JSON_SAVED||815|69c4dad6-93c2-470b-a815-cec8b766d453
2026-03-28 19:14:04|gemini|thinking_0|21|QUESTION_ADVANCE||816|e482891f-5c1a-413c-a7d6-985717d8adb5
2026-03-28 19:15:42|gemini|thinking_0|20|QUESTION_SENT||631|22a94b3c-797b-4de1-964b-313bb25aaf3a
2026-03-28 19:16:14|gemini|thinking_0|20|JSON_VERIFIED||631|22a94b3c-797b-4de1-964b-313bb25aaf3a
2026-03-28 19:16:14|gemini|thinking_0|20|QUESTION|85|631|22a94b3c-797b-4de1-964b-313bb25aaf3a
2026-03-28 19:16:14|gemini|thinking_0|20|JSON_SAVED||631|22a94b3c-797b-4de1-964b-313bb25aaf3a
2026-03-28 19:16:14|gemini|thinking_0|20|QUESTION_ADVANCE||632|90cff290-3a8c-4a2c-9a0a-cdc534b63358
2026-03-28 19:16:45|gemini|thinking_0|21|QUESTION_SENT||816|e482891f-5c1a-413c-a7d6-985717d8adb5
2026-03-28 19:17:17|gemini|thinking_0|21|JSON_VERIFIED||816|e482891f-5c1a-413c-a7d6-985717d8adb5
2026-03-28 19:17:17|gemini|thinking_0|21|QUESTION|69|816|e482891f-5c1a-413c-a7d6-985717d8adb5
2026-03-28 19:17:17|gemini|thinking_0|21|JSON_SAVED||816|e482891f-5c1a-413c-a7d6-985717d8adb5
2026-03-28 19:17:17|gemini|thinking_0|21|QUESTION_ADVANCE||817|ecebae61-a3d8-4506-b3e1-3c0b24510278
2026-03-28 19:18:56|gemini|thinking_0|20|QUESTION_SENT||632|90cff290-3a8c-4a2c-9a0a-cdc534b63358
2026-03-28 19:19:30|gemini|thinking_0|20|JSON_VERIFIED||632|90cff290-3a8c-4a2c-9a0a-cdc534b63358
2026-03-28 19:19:30|gemini|thinking_0|20|QUESTION|86|632|90cff290-3a8c-4a2c-9a0a-cdc534b63358
2026-03-28 19:19:30|gemini|thinking_0|20|JSON_SAVED||632|90cff290-3a8c-4a2c-9a0a-cdc534b63358
2026-03-28 19:19:30|gemini|thinking_0|20|QUESTION_ADVANCE||633|5011834f-39f9-4fda-a933-a04987d49803
2026-03-28 19:19:59|gemini|thinking_0|21|QUESTION_SENT||817|ecebae61-a3d8-4506-b3e1-3c0b24510278
2026-03-28 19:21:03|gemini|thinking_0|21|JSON_VERIFIED||817|ecebae61-a3d8-4506-b3e1-3c0b24510278
2026-03-28 19:21:03|gemini|thinking_0|21|QUESTION|70|817|ecebae61-a3d8-4506-b3e1-3c0b24510278
2026-03-28 19:21:03|gemini|thinking_0|21|JSON_SAVED||817|ecebae61-a3d8-4506-b3e1-3c0b24510278
2026-03-28 19:21:03|gemini|thinking_0|21|QUESTION_ADVANCE||818|35f1e5fe-fe66-4aba-b765-24036107f3cb
2026-03-28 19:22:11|gemini|thinking_0|20|QUESTION_SENT||633|5011834f-39f9-4fda-a933-a04987d49803
2026-03-28 19:23:14|gemini|thinking_0|21|QUESTION_SENT||818|35f1e5fe-fe66-4aba-b765-24036107f3cb
2026-03-28 19:25:26|gemini|thinking_0|20|QUESTION_SENT||633|5011834f-39f9-4fda-a933-a04987d49803
2026-03-28 19:26:29|gemini|thinking_0|21|QUESTION_SENT||818|35f1e5fe-fe66-4aba-b765-24036107f3cb
2026-03-28 19:31:25|gemini|thinking_0|20|QUESTION_SENT||633|5011834f-39f9-4fda-a933-a04987d49803
2026-03-28 19:31:29|gemini|thinking_0|21|QUESTION_SENT||818|35f1e5fe-fe66-4aba-b765-24036107f3cb
2026-03-28 19:32:00|gemini|thinking_0|21|JSON_VERIFIED||818|35f1e5fe-fe66-4aba-b765-24036107f3cb
2026-03-28 19:32:00|gemini|thinking_0|21|QUESTION|71|818|35f1e5fe-fe66-4aba-b765-24036107f3cb
2026-03-28 19:32:00|gemini|thinking_0|21|JSON_SAVED||818|35f1e5fe-fe66-4aba-b765-24036107f3cb
2026-03-28 19:32:00|gemini|thinking_0|21|QUESTION_ADVANCE||819|ff25b1db-3fe6-474d-bfe1-23f434149be5
2026-03-28 19:32:16|gemini|thinking_0|20|JSON_VERIFIED||633|5011834f-39f9-4fda-a933-a04987d49803
2026-03-28 19:32:16|gemini|thinking_0|20|QUESTION|87|633|5011834f-39f9-4fda-a933-a04987d49803
2026-03-28 19:32:16|gemini|thinking_0|20|JSON_SAVED||633|5011834f-39f9-4fda-a933-a04987d49803
2026-03-28 19:32:16|gemini|thinking_0|20|QUESTION_ADVANCE||634|085431a8-80c1-4424-993f-66341a588e2c
2026-03-28 19:34:40|gemini|thinking_0|20|QUESTION_SENT||634|085431a8-80c1-4424-993f-66341a588e2c
2026-03-28 19:34:44|gemini|thinking_0|21|QUESTION_SENT||819|ff25b1db-3fe6-474d-bfe1-23f434149be5
2026-03-28 19:35:38|gemini|thinking_0|20|JSON_VERIFIED||634|085431a8-80c1-4424-993f-66341a588e2c
2026-03-28 19:35:38|gemini|thinking_0|20|QUESTION|88|634|085431a8-80c1-4424-993f-66341a588e2c
2026-03-28 19:35:38|gemini|thinking_0|20|JSON_SAVED||634|085431a8-80c1-4424-993f-66341a588e2c
2026-03-28 19:35:38|gemini|thinking_0|20|QUESTION_ADVANCE||635|e7a7b357-2e67-4c8d-8916-90e821e9705f
2026-03-28 19:36:00|gemini|thinking_0|21|JSON_VERIFIED||819|ff25b1db-3fe6-474d-bfe1-23f434149be5
2026-03-28 19:36:00|gemini|thinking_0|21|QUESTION|72|819|ff25b1db-3fe6-474d-bfe1-23f434149be5
2026-03-28 19:36:00|gemini|thinking_0|21|JSON_SAVED||819|ff25b1db-3fe6-474d-bfe1-23f434149be5
2026-03-28 19:36:00|gemini|thinking_0|21|QUESTION_ADVANCE||820|51e5345c-db51-4417-9860-560ff789620a
2026-03-28 19:37:54|gemini|thinking_0|20|QUESTION_SENT||635|e7a7b357-2e67-4c8d-8916-90e821e9705f
2026-03-28 19:37:58|gemini|thinking_0|21|QUESTION_SENT||820|51e5345c-db51-4417-9860-560ff789620a
2026-03-28 19:38:45|gemini|thinking_0|21|JSON_VERIFIED||820|51e5345c-db51-4417-9860-560ff789620a
2026-03-28 19:38:45|gemini|thinking_0|21|QUESTION|73|820|51e5345c-db51-4417-9860-560ff789620a
2026-03-28 19:38:45|gemini|thinking_0|21|JSON_SAVED||820|51e5345c-db51-4417-9860-560ff789620a
2026-03-28 19:38:45|gemini|thinking_0|21|QUESTION_ADVANCE||821|27cfe0f0-5b14-4662-9e89-78f5af1addc4
2026-03-28 19:38:47|gemini|thinking_0|20|JSON_VERIFIED||635|e7a7b357-2e67-4c8d-8916-90e821e9705f
2026-03-28 19:38:47|gemini|thinking_0|20|QUESTION|89|635|e7a7b357-2e67-4c8d-8916-90e821e9705f
2026-03-28 19:38:47|gemini|thinking_0|20|JSON_SAVED||635|e7a7b357-2e67-4c8d-8916-90e821e9705f
2026-03-28 19:38:47|gemini|thinking_0|20|QUESTION_ADVANCE||636|33aa0227-9e79-4686-9ac6-1ced371b0b61
2026-03-28 19:41:09|gemini|thinking_0|20|QUESTION_SENT||636|33aa0227-9e79-4686-9ac6-1ced371b0b61
2026-03-28 19:41:13|gemini|thinking_0|21|QUESTION_SENT||821|27cfe0f0-5b14-4662-9e89-78f5af1addc4
2026-03-28 19:41:48|gemini|thinking_0|21|JSON_VERIFIED||821|27cfe0f0-5b14-4662-9e89-78f5af1addc4
2026-03-28 19:41:48|gemini|thinking_0|21|QUESTION|74|821|27cfe0f0-5b14-4662-9e89-78f5af1addc4
2026-03-28 19:41:48|gemini|thinking_0|21|JSON_SAVED||821|27cfe0f0-5b14-4662-9e89-78f5af1addc4
2026-03-28 19:41:48|gemini|thinking_0|21|QUESTION_ADVANCE||822|d7108cbd-fd6e-447e-8f84-13fca72f8d55
2026-03-28 19:44:24|gemini|thinking_0|20|QUESTION_SENT||636|33aa0227-9e79-4686-9ac6-1ced371b0b61
2026-03-28 19:44:28|gemini|thinking_0|21|QUESTION_SENT||822|d7108cbd-fd6e-447e-8f84-13fca72f8d55
2026-03-28 19:44:57|gemini|thinking_0|20|JSON_VERIFIED||636|33aa0227-9e79-4686-9ac6-1ced371b0b61
2026-03-28 19:44:57|gemini|thinking_0|20|QUESTION|90|636|33aa0227-9e79-4686-9ac6-1ced371b0b61
2026-03-28 19:44:57|gemini|thinking_0|20|JSON_SAVED||636|33aa0227-9e79-4686-9ac6-1ced371b0b61
2026-03-28 19:44:57|gemini|thinking_0|20|QUESTION_ADVANCE||637|0f89631f-a212-46ef-9ddf-f3b4f451853c
2026-03-28 19:45:06|gemini|thinking_0|21|JSON_VERIFIED||822|d7108cbd-fd6e-447e-8f84-13fca72f8d55
2026-03-28 19:45:06|gemini|thinking_0|21|QUESTION|75|822|d7108cbd-fd6e-447e-8f84-13fca72f8d55
2026-03-28 19:45:06|gemini|thinking_0|21|JSON_SAVED||822|d7108cbd-fd6e-447e-8f84-13fca72f8d55
2026-03-28 19:45:06|gemini|thinking_0|21|QUESTION_ADVANCE||823|e805f612-d4fe-4dc6-a0a2-d1735fc53dab
2026-03-28 19:47:39|gemini|thinking_0|20|QUESTION_SENT||637|0f89631f-a212-46ef-9ddf-f3b4f451853c
2026-03-28 19:47:42|gemini|thinking_0|21|QUESTION_SENT||823|e805f612-d4fe-4dc6-a0a2-d1735fc53dab
2026-03-28 19:48:17|gemini|thinking_0|21|JSON_VERIFIED||823|e805f612-d4fe-4dc6-a0a2-d1735fc53dab
2026-03-28 19:48:17|gemini|thinking_0|21|QUESTION|76|823|e805f612-d4fe-4dc6-a0a2-d1735fc53dab
2026-03-28 19:48:17|gemini|thinking_0|21|JSON_SAVED||823|e805f612-d4fe-4dc6-a0a2-d1735fc53dab
2026-03-28 19:48:17|gemini|thinking_0|21|QUESTION_ADVANCE||824|98c23cfa-40e5-4184-b98e-35a4900c0c1f
2026-03-28 19:48:31|gemini|thinking_0|20|JSON_VERIFIED||637|0f89631f-a212-46ef-9ddf-f3b4f451853c
2026-03-28 19:48:31|gemini|thinking_0|20|QUESTION|91|637|0f89631f-a212-46ef-9ddf-f3b4f451853c
2026-03-28 19:48:31|gemini|thinking_0|20|JSON_SAVED||637|0f89631f-a212-46ef-9ddf-f3b4f451853c
2026-03-28 19:48:31|gemini|thinking_0|20|QUESTION_ADVANCE||638|f54e8a01-9c65-4835-a94d-128f4418dc70
2026-03-28 19:50:53|gemini|thinking_0|20|QUESTION_SENT||638|f54e8a01-9c65-4835-a94d-128f4418dc70
2026-03-28 19:50:57|gemini|thinking_0|21|QUESTION_SENT||824|98c23cfa-40e5-4184-b98e-35a4900c0c1f
2026-03-28 19:54:08|gemini|thinking_0|20|QUESTION_SENT||638|f54e8a01-9c65-4835-a94d-128f4418dc70
2026-03-28 19:54:12|gemini|thinking_0|21|QUESTION_SENT||824|98c23cfa-40e5-4184-b98e-35a4900c0c1f
2026-03-28 19:54:41|gemini|thinking_0|20|JSON_VERIFY_FAILED||638|f54e8a01-9c65-4835-a94d-128f4418dc70
2026-03-28 19:54:41|gemini|thinking_0|20|QUESTION|92|638|f54e8a01-9c65-4835-a94d-128f4418dc70
2026-03-28 19:57:23|gemini|thinking_0|20|QUESTION_SENT||638|f54e8a01-9c65-4835-a94d-128f4418dc70
2026-03-28 19:57:27|gemini|thinking_0|21|QUESTION_SENT||824|98c23cfa-40e5-4184-b98e-35a4900c0c1f
2026-03-28 19:57:57|gemini|thinking_0|20|JSON_VERIFIED||638|f54e8a01-9c65-4835-a94d-128f4418dc70
2026-03-28 19:57:57|gemini|thinking_0|20|QUESTION|93|638|f54e8a01-9c65-4835-a94d-128f4418dc70
2026-03-28 19:57:57|gemini|thinking_0|20|JSON_SAVED||638|f54e8a01-9c65-4835-a94d-128f4418dc70
2026-03-28 19:57:57|gemini|thinking_0|20|QUESTION_ADVANCE||639|0a4363d5-f6e5-4bf2-a17c-0bbc03979765
2026-03-28 19:58:06|gemini|thinking_0|21|JSON_VERIFIED||824|98c23cfa-40e5-4184-b98e-35a4900c0c1f
2026-03-28 19:58:06|gemini|thinking_0|21|QUESTION|77|824|98c23cfa-40e5-4184-b98e-35a4900c0c1f
2026-03-28 19:58:06|gemini|thinking_0|21|JSON_SAVED||824|98c23cfa-40e5-4184-b98e-35a4900c0c1f
2026-03-28 19:58:06|gemini|thinking_0|21|QUESTION_ADVANCE||825|6456b2d3-0854-4293-be81-1190f1d9aeed
2026-03-28 20:00:37|gemini|thinking_0|20|QUESTION_SENT||639|0a4363d5-f6e5-4bf2-a17c-0bbc03979765
2026-03-28 20:00:41|gemini|thinking_0|21|QUESTION_SENT||825|6456b2d3-0854-4293-be81-1190f1d9aeed
2026-03-28 20:01:17|gemini|thinking_0|20|JSON_VERIFIED||639|0a4363d5-f6e5-4bf2-a17c-0bbc03979765
2026-03-28 20:01:17|gemini|thinking_0|20|QUESTION|94|639|0a4363d5-f6e5-4bf2-a17c-0bbc03979765
2026-03-28 20:01:17|gemini|thinking_0|20|JSON_SAVED||639|0a4363d5-f6e5-4bf2-a17c-0bbc03979765
2026-03-28 20:01:17|gemini|thinking_0|20|QUESTION_ADVANCE||640|7fb88d62-5ab4-4dd1-8ba7-8e11a82bd087
2026-03-28 20:03:52|gemini|thinking_0|20|QUESTION_SENT||640|7fb88d62-5ab4-4dd1-8ba7-8e11a82bd087
2026-03-28 20:03:56|gemini|thinking_0|21|QUESTION_SENT||825|6456b2d3-0854-4293-be81-1190f1d9aeed
2026-03-28 20:07:07|gemini|thinking_0|20|QUESTION_SENT||640|7fb88d62-5ab4-4dd1-8ba7-8e11a82bd087
2026-03-28 20:07:11|gemini|thinking_0|21|QUESTION_SENT||825|6456b2d3-0854-4293-be81-1190f1d9aeed
2026-03-28 20:07:47|gemini|thinking_0|20|JSON_VERIFIED||640|7fb88d62-5ab4-4dd1-8ba7-8e11a82bd087
2026-03-28 20:07:47|gemini|thinking_0|20|QUESTION|95|640|7fb88d62-5ab4-4dd1-8ba7-8e11a82bd087
2026-03-28 20:07:47|gemini|thinking_0|20|JSON_SAVED||640|7fb88d62-5ab4-4dd1-8ba7-8e11a82bd087
2026-03-28 20:07:47|gemini|thinking_0|20|QUESTION_ADVANCE||641|75c32425-0aa4-4f24-ba99-9764a7008245
2026-03-28 20:07:54|gemini|thinking_0|21|JSON_VERIFIED||825|6456b2d3-0854-4293-be81-1190f1d9aeed
2026-03-28 20:07:54|gemini|thinking_0|21|QUESTION|78|825|6456b2d3-0854-4293-be81-1190f1d9aeed
2026-03-28 20:07:54|gemini|thinking_0|21|JSON_SAVED||825|6456b2d3-0854-4293-be81-1190f1d9aeed
2026-03-28 20:07:54|gemini|thinking_0|21|QUESTION_ADVANCE||826|3ba055c4-0e2d-4b46-97ef-0a229f7e4301
2026-03-28 20:10:22|gemini|thinking_0|20|QUESTION_SENT||641|75c32425-0aa4-4f24-ba99-9764a7008245
2026-03-28 20:10:25|gemini|thinking_0|21|QUESTION_SENT||826|3ba055c4-0e2d-4b46-97ef-0a229f7e4301
2026-03-28 20:10:55|gemini|thinking_0|21|JSON_VERIFIED||826|3ba055c4-0e2d-4b46-97ef-0a229f7e4301
2026-03-28 20:10:55|gemini|thinking_0|21|QUESTION|79|826|3ba055c4-0e2d-4b46-97ef-0a229f7e4301
2026-03-28 20:10:55|gemini|thinking_0|21|JSON_SAVED||826|3ba055c4-0e2d-4b46-97ef-0a229f7e4301
2026-03-28 20:10:55|gemini|thinking_0|21|QUESTION_ADVANCE||827|1e44c95d-31b1-4422-82c8-edb8598cc479
2026-03-28 20:10:57|gemini|thinking_0|20|JSON_VERIFIED||641|75c32425-0aa4-4f24-ba99-9764a7008245
2026-03-28 20:10:57|gemini|thinking_0|20|QUESTION|96|641|75c32425-0aa4-4f24-ba99-9764a7008245
2026-03-28 20:10:57|gemini|thinking_0|20|JSON_SAVED||641|75c32425-0aa4-4f24-ba99-9764a7008245
2026-03-28 20:10:57|gemini|thinking_0|20|QUESTION_ADVANCE||642|4815d5b8-92bb-4416-902b-43fe1f09b327
2026-03-28 20:13:37|gemini|thinking_0|20|QUESTION_SENT||642|4815d5b8-92bb-4416-902b-43fe1f09b327
2026-03-28 20:13:40|gemini|thinking_0|21|QUESTION_SENT||827|1e44c95d-31b1-4422-82c8-edb8598cc479
2026-03-28 20:14:14|gemini|thinking_0|21|JSON_VERIFIED||827|1e44c95d-31b1-4422-82c8-edb8598cc479
2026-03-28 20:14:14|gemini|thinking_0|21|QUESTION|80|827|1e44c95d-31b1-4422-82c8-edb8598cc479
2026-03-28 20:14:14|gemini|thinking_0|21|JSON_SAVED||827|1e44c95d-31b1-4422-82c8-edb8598cc479
2026-03-28 20:14:14|gemini|thinking_0|21|QUESTION_ADVANCE||828|4f5cae99-8343-401d-9f21-8f6101e3b53a
2026-03-28 20:16:51|gemini|thinking_0|20|QUESTION_SENT||642|4815d5b8-92bb-4416-902b-43fe1f09b327
2026-03-28 20:16:55|gemini|thinking_0|21|QUESTION_SENT||828|4f5cae99-8343-401d-9f21-8f6101e3b53a
2026-03-28 20:17:27|gemini|thinking_0|21|JSON_VERIFIED||828|4f5cae99-8343-401d-9f21-8f6101e3b53a
2026-03-28 20:17:27|gemini|thinking_0|21|QUESTION|81|828|4f5cae99-8343-401d-9f21-8f6101e3b53a
2026-03-28 20:17:27|gemini|thinking_0|21|JSON_SAVED||828|4f5cae99-8343-401d-9f21-8f6101e3b53a
2026-03-28 20:17:27|gemini|thinking_0|21|QUESTION_ADVANCE||829|1965c455-7b42-4a49-a645-838c06fb1edc
2026-03-28 20:20:09|gemini|thinking_0|21|QUESTION_SENT||829|1965c455-7b42-4a49-a645-838c06fb1edc
2026-03-28 20:21:24|gemini|thinking_0|20|QUESTION_SENT||642|4815d5b8-92bb-4416-902b-43fe1f09b327
2026-03-28 20:22:01|gemini|thinking_0|20|JSON_VERIFIED||642|4815d5b8-92bb-4416-902b-43fe1f09b327
2026-03-28 20:22:01|gemini|thinking_0|20|QUESTION|97|642|4815d5b8-92bb-4416-902b-43fe1f09b327
2026-03-28 20:22:01|gemini|thinking_0|20|JSON_SAVED||642|4815d5b8-92bb-4416-902b-43fe1f09b327
2026-03-28 20:22:01|gemini|thinking_0|20|QUESTION_ADVANCE||643|9400698f-3c2b-49cb-82e6-98f5abd5d8fd
2026-03-28 20:23:24|gemini|thinking_0|21|QUESTION_SENT||829|1965c455-7b42-4a49-a645-838c06fb1edc
2026-03-28 20:23:57|gemini|thinking_0|21|JSON_VERIFIED||829|1965c455-7b42-4a49-a645-838c06fb1edc
2026-03-28 20:23:57|gemini|thinking_0|21|QUESTION|82|829|1965c455-7b42-4a49-a645-838c06fb1edc
2026-03-28 20:23:57|gemini|thinking_0|21|JSON_SAVED||829|1965c455-7b42-4a49-a645-838c06fb1edc
2026-03-28 20:23:57|gemini|thinking_0|21|QUESTION_ADVANCE||830|c9317410-db63-4a9d-a4f2-13a34333cc5b
2026-03-28 20:24:39|gemini|thinking_0|20|QUESTION_SENT||643|9400698f-3c2b-49cb-82e6-98f5abd5d8fd
2026-03-28 20:25:14|gemini|thinking_0|20|JSON_VERIFIED||643|9400698f-3c2b-49cb-82e6-98f5abd5d8fd
2026-03-28 20:25:14|gemini|thinking_0|20|QUESTION|98|643|9400698f-3c2b-49cb-82e6-98f5abd5d8fd
2026-03-28 20:25:14|gemini|thinking_0|20|JSON_SAVED||643|9400698f-3c2b-49cb-82e6-98f5abd5d8fd
2026-03-28 20:25:14|gemini|thinking_0|20|QUESTION_ADVANCE||644|8957398f-6adf-4a8d-9f3e-540ef70cc553
2026-03-28 20:26:39|gemini|thinking_0|21|QUESTION_SENT||830|c9317410-db63-4a9d-a4f2-13a34333cc5b
2026-03-28 20:27:54|gemini|thinking_0|20|QUESTION_SENT||644|8957398f-6adf-4a8d-9f3e-540ef70cc553
2026-03-28 20:28:30|gemini|thinking_0|20|JSON_VERIFIED||644|8957398f-6adf-4a8d-9f3e-540ef70cc553
2026-03-28 20:28:30|gemini|thinking_0|20|QUESTION|99|644|8957398f-6adf-4a8d-9f3e-540ef70cc553
2026-03-28 20:28:30|gemini|thinking_0|20|JSON_SAVED||644|8957398f-6adf-4a8d-9f3e-540ef70cc553
2026-03-28 20:28:30|gemini|thinking_0|20|QUESTION_ADVANCE||645|8e187592-ae79-49c7-aaab-51c3db9f0faf
2026-03-28 20:29:53|gemini|thinking_0|21|QUESTION_SENT||830|c9317410-db63-4a9d-a4f2-13a34333cc5b
2026-03-28 20:31:08|gemini|thinking_0|20|QUESTION_SENT||645|8e187592-ae79-49c7-aaab-51c3db9f0faf
2026-03-28 20:33:08|gemini|thinking_0|21|QUESTION_SENT||830|c9317410-db63-4a9d-a4f2-13a34333cc5b
2026-03-28 20:33:45|gemini|thinking_0|21|JSON_VERIFIED||830|c9317410-db63-4a9d-a4f2-13a34333cc5b
2026-03-28 20:33:45|gemini|thinking_0|21|QUESTION|83|830|c9317410-db63-4a9d-a4f2-13a34333cc5b
2026-03-28 20:33:45|gemini|thinking_0|21|JSON_SAVED||830|c9317410-db63-4a9d-a4f2-13a34333cc5b
2026-03-28 20:33:45|gemini|thinking_0|21|QUESTION_ADVANCE||831|5ff81ce9-8481-4b31-83a1-787cf82d830d
2026-03-28 20:34:23|gemini|thinking_0|20|QUESTION_SENT||645|8e187592-ae79-49c7-aaab-51c3db9f0faf
2026-03-28 20:35:00|gemini|thinking_0|20|JSON_VERIFIED||645|8e187592-ae79-49c7-aaab-51c3db9f0faf
2026-03-28 20:35:00|gemini|thinking_0|20|QUESTION|100|645|8e187592-ae79-49c7-aaab-51c3db9f0faf
2026-03-28 20:35:00|gemini|thinking_0|20|JSON_SAVED||645|8e187592-ae79-49c7-aaab-51c3db9f0faf
2026-03-28 20:35:00|gemini|thinking_0|20|QUESTION_ADVANCE||646|f01fa2b7-972a-4bf2-bbb2-165efd647b26
2026-03-28 20:36:23|gemini|thinking_0|21|QUESTION_SENT||831|5ff81ce9-8481-4b31-83a1-787cf82d830d
2026-03-28 20:37:00|gemini|thinking_0|21|JSON_VERIFIED||831|5ff81ce9-8481-4b31-83a1-787cf82d830d
2026-03-28 20:37:00|gemini|thinking_0|21|QUESTION|84|831|5ff81ce9-8481-4b31-83a1-787cf82d830d
2026-03-28 20:37:00|gemini|thinking_0|21|JSON_SAVED||831|5ff81ce9-8481-4b31-83a1-787cf82d830d
2026-03-28 20:37:00|gemini|thinking_0|21|QUESTION_ADVANCE||832|369153f3-122b-4f74-b855-d1212530c72c
2026-03-28 20:37:38|gemini|thinking_0|20|QUESTION_SENT||646|f01fa2b7-972a-4bf2-bbb2-165efd647b26
2026-03-28 20:39:38|gemini|thinking_0|21|QUESTION_SENT||832|369153f3-122b-4f74-b855-d1212530c72c
2026-03-28 20:40:52|gemini|thinking_0|20|QUESTION_SENT||646|f01fa2b7-972a-4bf2-bbb2-165efd647b26
2026-03-28 20:42:52|gemini|thinking_0|21|QUESTION_SENT||832|369153f3-122b-4f74-b855-d1212530c72c
2026-03-28 20:43:24|gemini|thinking_0|21|JSON_VERIFIED||832|369153f3-122b-4f74-b855-d1212530c72c
2026-03-28 20:43:24|gemini|thinking_0|21|QUESTION|85|832|369153f3-122b-4f74-b855-d1212530c72c
2026-03-28 20:43:24|gemini|thinking_0|21|JSON_SAVED||832|369153f3-122b-4f74-b855-d1212530c72c
2026-03-28 20:43:24|gemini|thinking_0|21|QUESTION_ADVANCE||833|4a890b15-b740-4e12-a5cd-0b184b1d1d1d
2026-03-28 20:44:07|gemini|thinking_0|20|QUESTION_SENT||646|f01fa2b7-972a-4bf2-bbb2-165efd647b26
2026-03-28 20:46:07|gemini|thinking_0|21|QUESTION_SENT||833|4a890b15-b740-4e12-a5cd-0b184b1d1d1d
2026-03-28 20:47:22|gemini|thinking_0|20|QUESTION_SENT||646|f01fa2b7-972a-4bf2-bbb2-165efd647b26
2026-03-28 20:49:22|gemini|thinking_0|21|QUESTION_SENT||833|4a890b15-b740-4e12-a5cd-0b184b1d1d1d
2026-03-28 20:52:37|gemini|thinking_0|21|QUESTION_SENT||833|4a890b15-b740-4e12-a5cd-0b184b1d1d1d
2026-03-28 20:57:58|gemini|thinking_0|20|QUESTION_SENT||646|f01fa2b7-972a-4bf2-bbb2-165efd647b26
2026-03-28 20:58:06|gemini|thinking_0|21|QUESTION_SENT||833|4a890b15-b740-4e12-a5cd-0b184b1d1d1d
2026-03-28 20:58:36|gemini|thinking_0|20|JSON_VERIFIED||646|f01fa2b7-972a-4bf2-bbb2-165efd647b26
2026-03-28 20:58:36|gemini|thinking_0|20|QUESTION|101|646|f01fa2b7-972a-4bf2-bbb2-165efd647b26
2026-03-28 20:58:36|gemini|thinking_0|20|JSON_SAVED||646|f01fa2b7-972a-4bf2-bbb2-165efd647b26
2026-03-28 20:58:36|gemini|thinking_0|20|QUESTION_ADVANCE||647|d0dfc83d-af6b-4b85-a122-a26676335a6d
2026-03-28 20:58:40|gemini|thinking_0|21|JSON_VERIFIED||833|4a890b15-b740-4e12-a5cd-0b184b1d1d1d
2026-03-28 20:58:40|gemini|thinking_0|21|QUESTION|86|833|4a890b15-b740-4e12-a5cd-0b184b1d1d1d
2026-03-28 20:58:40|gemini|thinking_0|21|JSON_SAVED||833|4a890b15-b740-4e12-a5cd-0b184b1d1d1d
2026-03-28 20:58:40|gemini|thinking_0|21|QUESTION_ADVANCE||834|b3ecac32-4416-419b-b73e-f39c5bd3946c
2026-03-28 21:01:12|gemini|thinking_0|20|QUESTION_SENT||647|d0dfc83d-af6b-4b85-a122-a26676335a6d
2026-03-28 21:01:20|gemini|thinking_0|21|QUESTION_SENT||834|b3ecac32-4416-419b-b73e-f39c5bd3946c
2026-03-28 21:07:04|gemini|thinking_0|21|QUESTION_SENT||834|b3ecac32-4416-419b-b73e-f39c5bd3946c
2026-03-28 21:07:12|gemini|thinking_0|20|QUESTION_SENT||647|d0dfc83d-af6b-4b85-a122-a26676335a6d
2026-03-28 21:07:38|gemini|thinking_0|21|JSON_VERIFY_FAILED||834|b3ecac32-4416-419b-b73e-f39c5bd3946c
2026-03-28 21:07:38|gemini|thinking_0|21|QUESTION|87|834|b3ecac32-4416-419b-b73e-f39c5bd3946c
2026-03-28 21:07:49|gemini|thinking_0|20|JSON_VERIFIED||647|d0dfc83d-af6b-4b85-a122-a26676335a6d
2026-03-28 21:07:49|gemini|thinking_0|20|QUESTION|102|647|d0dfc83d-af6b-4b85-a122-a26676335a6d
2026-03-28 21:07:49|gemini|thinking_0|20|JSON_SAVED||647|d0dfc83d-af6b-4b85-a122-a26676335a6d
2026-03-28 21:07:49|gemini|thinking_0|20|QUESTION_ADVANCE||648|9627c7cc-39a4-4d43-8774-aa65c383ed91
2026-03-28 21:10:19|gemini|thinking_0|21|QUESTION_SENT||834|b3ecac32-4416-419b-b73e-f39c5bd3946c
2026-03-28 21:10:27|gemini|thinking_0|20|QUESTION_SENT||648|9627c7cc-39a4-4d43-8774-aa65c383ed91
2026-03-28 21:13:34|gemini|thinking_0|21|QUESTION_SENT||834|b3ecac32-4416-419b-b73e-f39c5bd3946c
2026-03-28 21:14:09|gemini|thinking_0|21|JSON_VERIFIED||834|b3ecac32-4416-419b-b73e-f39c5bd3946c
2026-03-28 21:14:09|gemini|thinking_0|21|QUESTION|88|834|b3ecac32-4416-419b-b73e-f39c5bd3946c
2026-03-28 21:14:09|gemini|thinking_0|21|JSON_SAVED||834|b3ecac32-4416-419b-b73e-f39c5bd3946c
2026-03-28 21:14:09|gemini|thinking_0|21|QUESTION_ADVANCE||835|00384831-9ac7-4d98-8ea8-0ed31845ded3
2026-03-28 21:16:48|gemini|thinking_0|21|QUESTION_SENT||835|00384831-9ac7-4d98-8ea8-0ed31845ded3
2026-03-28 21:17:11|gemini|thinking_0|20|QUESTION_SENT||648|9627c7cc-39a4-4d43-8774-aa65c383ed91
2026-03-28 21:17:41|gemini|thinking_0|20|JSON_VERIFIED||648|9627c7cc-39a4-4d43-8774-aa65c383ed91
2026-03-28 21:17:41|gemini|thinking_0|20|QUESTION|103|648|9627c7cc-39a4-4d43-8774-aa65c383ed91
2026-03-28 21:17:41|gemini|thinking_0|20|JSON_SAVED||648|9627c7cc-39a4-4d43-8774-aa65c383ed91
2026-03-28 21:17:41|gemini|thinking_0|20|QUESTION_ADVANCE||649|5acaacca-a878-41b3-9bd7-b4366f9b0f8f
2026-03-28 21:20:03|gemini|thinking_0|21|QUESTION_SENT||835|00384831-9ac7-4d98-8ea8-0ed31845ded3
2026-03-28 21:20:26|gemini|thinking_0|20|QUESTION_SENT||649|5acaacca-a878-41b3-9bd7-b4366f9b0f8f
2026-03-28 21:20:55|gemini|thinking_0|21|JSON_VERIFIED||835|00384831-9ac7-4d98-8ea8-0ed31845ded3
2026-03-28 21:20:55|gemini|thinking_0|21|QUESTION|89|835|00384831-9ac7-4d98-8ea8-0ed31845ded3
2026-03-28 21:20:55|gemini|thinking_0|21|JSON_SAVED||835|00384831-9ac7-4d98-8ea8-0ed31845ded3
2026-03-28 21:20:55|gemini|thinking_0|21|QUESTION_ADVANCE||836|b13981da-d779-4db1-b611-af8df8f1a16f
2026-03-28 21:20:58|gemini|thinking_0|20|JSON_VERIFIED||649|5acaacca-a878-41b3-9bd7-b4366f9b0f8f
2026-03-28 21:20:58|gemini|thinking_0|20|QUESTION|104|649|5acaacca-a878-41b3-9bd7-b4366f9b0f8f
2026-03-28 21:20:58|gemini|thinking_0|20|JSON_SAVED||649|5acaacca-a878-41b3-9bd7-b4366f9b0f8f
2026-03-28 21:20:58|gemini|thinking_0|20|QUESTION_ADVANCE||650|3730ac58-4ffd-4cbc-a073-14da0ba97ce1
2026-03-28 21:23:18|gemini|thinking_0|21|QUESTION_SENT||836|b13981da-d779-4db1-b611-af8df8f1a16f
2026-03-28 21:23:40|gemini|thinking_0|20|QUESTION_SENT||650|3730ac58-4ffd-4cbc-a073-14da0ba97ce1
2026-03-28 21:23:52|gemini|thinking_0|21|JSON_VERIFIED||836|b13981da-d779-4db1-b611-af8df8f1a16f
2026-03-28 21:23:52|gemini|thinking_0|21|QUESTION|90|836|b13981da-d779-4db1-b611-af8df8f1a16f
2026-03-28 21:23:52|gemini|thinking_0|21|JSON_SAVED||836|b13981da-d779-4db1-b611-af8df8f1a16f
2026-03-28 21:23:52|gemini|thinking_0|21|QUESTION_ADVANCE||837|aac58ea4-0a74-40e0-8589-425de2884bfd
2026-03-28 21:24:14|gemini|thinking_0|20|JSON_VERIFIED||650|3730ac58-4ffd-4cbc-a073-14da0ba97ce1
2026-03-28 21:24:14|gemini|thinking_0|20|QUESTION|105|650|3730ac58-4ffd-4cbc-a073-14da0ba97ce1
2026-03-28 21:24:14|gemini|thinking_0|20|JSON_SAVED||650|3730ac58-4ffd-4cbc-a073-14da0ba97ce1
2026-03-28 21:24:14|gemini|thinking_0|20|QUESTION_ADVANCE||651|70f994b1-aaf0-4ab9-a5dc-8c32e8148d1f
2026-03-28 21:26:32|gemini|thinking_0|21|QUESTION_SENT||837|aac58ea4-0a74-40e0-8589-425de2884bfd
2026-03-28 21:26:55|gemini|thinking_0|20|QUESTION_SENT||651|70f994b1-aaf0-4ab9-a5dc-8c32e8148d1f
2026-03-28 21:27:05|gemini|thinking_0|21|JSON_VERIFIED||837|aac58ea4-0a74-40e0-8589-425de2884bfd
2026-03-28 21:27:05|gemini|thinking_0|21|QUESTION|91|837|aac58ea4-0a74-40e0-8589-425de2884bfd
2026-03-28 21:27:05|gemini|thinking_0|21|JSON_SAVED||837|aac58ea4-0a74-40e0-8589-425de2884bfd
2026-03-28 21:27:05|gemini|thinking_0|21|QUESTION_ADVANCE||838|51d3fb26-1aac-49a5-9319-951a98ef488f
2026-03-28 21:29:47|gemini|thinking_0|21|QUESTION_SENT||838|51d3fb26-1aac-49a5-9319-951a98ef488f
2026-03-28 21:30:20|gemini|thinking_0|21|JSON_VERIFIED||838|51d3fb26-1aac-49a5-9319-951a98ef488f
2026-03-28 21:30:20|gemini|thinking_0|21|QUESTION|92|838|51d3fb26-1aac-49a5-9319-951a98ef488f
2026-03-28 21:30:20|gemini|thinking_0|21|JSON_SAVED||838|51d3fb26-1aac-49a5-9319-951a98ef488f
2026-03-28 21:30:20|gemini|thinking_0|21|QUESTION_ADVANCE||839|1e6aa492-3bd6-4dcc-be71-26a94c4bcd42
2026-03-28 21:33:02|gemini|thinking_0|21|QUESTION_SENT||839|1e6aa492-3bd6-4dcc-be71-26a94c4bcd42
2026-03-28 21:47:01|gemini|thinking_0|20|QUESTION_SENT||651|70f994b1-aaf0-4ab9-a5dc-8c32e8148d1f
2026-03-28 21:47:02|gemini|thinking_0|21|QUESTION_SENT||839|1e6aa492-3bd6-4dcc-be71-26a94c4bcd42
2026-03-28 21:47:35|gemini|thinking_0|20|JSON_VERIFIED||651|70f994b1-aaf0-4ab9-a5dc-8c32e8148d1f
2026-03-28 21:47:35|gemini|thinking_0|20|QUESTION|106|651|70f994b1-aaf0-4ab9-a5dc-8c32e8148d1f
2026-03-28 21:47:35|gemini|thinking_0|20|JSON_SAVED||651|70f994b1-aaf0-4ab9-a5dc-8c32e8148d1f
2026-03-28 21:47:35|gemini|thinking_0|20|QUESTION_ADVANCE||652|d04fc192-d185-4206-aae3-4c08d20e7eb1
2026-03-28 21:47:40|gemini|thinking_0|21|JSON_VERIFIED||839|1e6aa492-3bd6-4dcc-be71-26a94c4bcd42
2026-03-28 21:47:40|gemini|thinking_0|21|QUESTION|93|839|1e6aa492-3bd6-4dcc-be71-26a94c4bcd42
2026-03-28 21:47:40|gemini|thinking_0|21|JSON_SAVED||839|1e6aa492-3bd6-4dcc-be71-26a94c4bcd42
2026-03-28 21:47:40|gemini|thinking_0|21|QUESTION_ADVANCE||840|59a7af20-4259-4e88-aced-1b6c46bc1e97
2026-03-28 21:50:15|gemini|thinking_0|20|QUESTION_SENT||652|d04fc192-d185-4206-aae3-4c08d20e7eb1
2026-03-28 21:50:17|gemini|thinking_0|21|QUESTION_SENT||840|59a7af20-4259-4e88-aced-1b6c46bc1e97
2026-03-28 21:51:02|gemini|thinking_0|21|JSON_VERIFIED||840|59a7af20-4259-4e88-aced-1b6c46bc1e97
2026-03-28 21:51:02|gemini|thinking_0|21|QUESTION|94|840|59a7af20-4259-4e88-aced-1b6c46bc1e97
2026-03-28 21:51:02|gemini|thinking_0|21|JSON_SAVED||840|59a7af20-4259-4e88-aced-1b6c46bc1e97
2026-03-28 21:51:02|gemini|thinking_0|21|QUESTION_ADVANCE||841|649b932e-7ed5-4c1a-9407-fe500a5c8517
2026-03-28 21:51:09|gemini|thinking_0|20|JSON_VERIFIED||652|d04fc192-d185-4206-aae3-4c08d20e7eb1
2026-03-28 21:51:09|gemini|thinking_0|20|QUESTION|107|652|d04fc192-d185-4206-aae3-4c08d20e7eb1
2026-03-28 21:51:09|gemini|thinking_0|20|JSON_SAVED||652|d04fc192-d185-4206-aae3-4c08d20e7eb1
2026-03-28 21:51:09|gemini|thinking_0|20|QUESTION_ADVANCE||653|dc0ea7a9-6815-4689-b975-b7e5b4e2d292
2026-03-28 21:53:30|gemini|thinking_0|20|QUESTION_SENT||653|dc0ea7a9-6815-4689-b975-b7e5b4e2d292
2026-03-28 21:53:32|gemini|thinking_0|21|QUESTION_SENT||841|649b932e-7ed5-4c1a-9407-fe500a5c8517
2026-03-28 21:54:07|gemini|thinking_0|20|JSON_VERIFIED||653|dc0ea7a9-6815-4689-b975-b7e5b4e2d292
2026-03-28 21:54:07|gemini|thinking_0|20|QUESTION|108|653|dc0ea7a9-6815-4689-b975-b7e5b4e2d292
2026-03-28 21:54:07|gemini|thinking_0|20|JSON_SAVED||653|dc0ea7a9-6815-4689-b975-b7e5b4e2d292
2026-03-28 21:54:07|gemini|thinking_0|20|QUESTION_ADVANCE||654|3794940b-2029-41f6-9754-0f9fcde0390f
2026-03-28 21:54:08|gemini|thinking_0|21|JSON_VERIFIED||841|649b932e-7ed5-4c1a-9407-fe500a5c8517
2026-03-28 21:54:08|gemini|thinking_0|21|QUESTION|95|841|649b932e-7ed5-4c1a-9407-fe500a5c8517
2026-03-28 21:54:08|gemini|thinking_0|21|JSON_SAVED||841|649b932e-7ed5-4c1a-9407-fe500a5c8517
2026-03-28 21:54:08|gemini|thinking_0|21|QUESTION_ADVANCE||842|b8cf8b48-54b7-498b-a4f4-7bf3bbef059d
2026-03-28 21:56:45|gemini|thinking_0|20|QUESTION_SENT||654|3794940b-2029-41f6-9754-0f9fcde0390f
2026-03-28 21:56:46|gemini|thinking_0|21|QUESTION_SENT||842|b8cf8b48-54b7-498b-a4f4-7bf3bbef059d
2026-03-28 21:57:19|gemini|thinking_0|21|JSON_VERIFIED||842|b8cf8b48-54b7-498b-a4f4-7bf3bbef059d
2026-03-28 21:57:19|gemini|thinking_0|21|QUESTION|96|842|b8cf8b48-54b7-498b-a4f4-7bf3bbef059d
2026-03-28 21:57:19|gemini|thinking_0|21|JSON_SAVED||842|b8cf8b48-54b7-498b-a4f4-7bf3bbef059d
2026-03-28 21:57:19|gemini|thinking_0|21|QUESTION_ADVANCE||843|cc95f30d-2b7b-433e-804e-167e1f252ef9
2026-03-28 22:00:00|gemini|thinking_0|20|QUESTION_SENT||654|3794940b-2029-41f6-9754-0f9fcde0390f
2026-03-28 22:00:01|gemini|thinking_0|21|QUESTION_SENT||843|cc95f30d-2b7b-433e-804e-167e1f252ef9
2026-03-28 22:00:35|gemini|thinking_0|21|JSON_VERIFIED||843|cc95f30d-2b7b-433e-804e-167e1f252ef9
2026-03-28 22:00:35|gemini|thinking_0|21|QUESTION|97|843|cc95f30d-2b7b-433e-804e-167e1f252ef9
2026-03-28 22:00:35|gemini|thinking_0|21|JSON_SAVED||843|cc95f30d-2b7b-433e-804e-167e1f252ef9
2026-03-28 22:00:35|gemini|thinking_0|21|QUESTION_ADVANCE||844|3a5891cf-57e8-4480-8ffb-130a9b45a31e
2026-03-28 22:00:43|gemini|thinking_0|20|JSON_VERIFIED||654|3794940b-2029-41f6-9754-0f9fcde0390f
2026-03-28 22:00:43|gemini|thinking_0|20|QUESTION|109|654|3794940b-2029-41f6-9754-0f9fcde0390f
2026-03-28 22:00:43|gemini|thinking_0|20|JSON_SAVED||654|3794940b-2029-41f6-9754-0f9fcde0390f
2026-03-28 22:00:43|gemini|thinking_0|20|QUESTION_ADVANCE||655|ec7be2b5-ac68-44fe-be2d-6db6afd9e5c4
2026-03-28 22:03:14|gemini|thinking_0|20|QUESTION_SENT||655|ec7be2b5-ac68-44fe-be2d-6db6afd9e5c4
2026-03-28 22:03:16|gemini|thinking_0|21|QUESTION_SENT||844|3a5891cf-57e8-4480-8ffb-130a9b45a31e
2026-03-28 22:03:50|gemini|thinking_0|21|JSON_VERIFIED||844|3a5891cf-57e8-4480-8ffb-130a9b45a31e
2026-03-28 22:03:50|gemini|thinking_0|21|QUESTION|98|844|3a5891cf-57e8-4480-8ffb-130a9b45a31e
2026-03-28 22:03:50|gemini|thinking_0|21|JSON_SAVED||844|3a5891cf-57e8-4480-8ffb-130a9b45a31e
2026-03-28 22:03:50|gemini|thinking_0|21|QUESTION_ADVANCE||845|2d4839ad-e643-4a91-8684-5063014b553b
2026-03-28 22:06:29|gemini|thinking_0|20|QUESTION_SENT||655|ec7be2b5-ac68-44fe-be2d-6db6afd9e5c4
2026-03-28 22:06:30|gemini|thinking_0|21|QUESTION_SENT||845|2d4839ad-e643-4a91-8684-5063014b553b
2026-03-28 22:07:09|gemini|thinking_0|20|JSON_VERIFIED||655|ec7be2b5-ac68-44fe-be2d-6db6afd9e5c4
2026-03-28 22:07:09|gemini|thinking_0|20|QUESTION|110|655|ec7be2b5-ac68-44fe-be2d-6db6afd9e5c4
2026-03-28 22:07:09|gemini|thinking_0|20|JSON_SAVED||655|ec7be2b5-ac68-44fe-be2d-6db6afd9e5c4
2026-03-28 22:07:09|gemini|thinking_0|20|QUESTION_ADVANCE||656|ed922fa6-37b2-410b-8bc2-85b16ea62811
2026-03-28 22:09:44|gemini|thinking_0|20|QUESTION_SENT||656|ed922fa6-37b2-410b-8bc2-85b16ea62811
2026-03-28 22:09:45|gemini|thinking_0|21|QUESTION_SENT||845|2d4839ad-e643-4a91-8684-5063014b553b
2026-03-28 22:10:20|gemini|thinking_0|20|JSON_VERIFIED||656|ed922fa6-37b2-410b-8bc2-85b16ea62811
2026-03-28 22:10:20|gemini|thinking_0|20|QUESTION|111|656|ed922fa6-37b2-410b-8bc2-85b16ea62811
2026-03-28 22:10:20|gemini|thinking_0|20|JSON_SAVED||656|ed922fa6-37b2-410b-8bc2-85b16ea62811
2026-03-28 22:10:20|gemini|thinking_0|20|QUESTION_ADVANCE||657|f7923a24-f65c-4e8b-995d-4175355d286e
2026-03-28 22:12:59|gemini|thinking_0|20|QUESTION_SENT||657|f7923a24-f65c-4e8b-995d-4175355d286e
2026-03-28 22:12:59|gemini|thinking_0|21|QUESTION_SENT||845|2d4839ad-e643-4a91-8684-5063014b553b
2026-03-28 22:16:14|gemini|thinking_0|20|QUESTION_SENT||657|f7923a24-f65c-4e8b-995d-4175355d286e
2026-03-28 22:16:14|gemini|thinking_0|21|QUESTION_SENT||845|2d4839ad-e643-4a91-8684-5063014b553b
2026-03-28 22:17:07|gemini|thinking_0|21|JSON_VERIFIED||845|2d4839ad-e643-4a91-8684-5063014b553b
2026-03-28 22:17:07|gemini|thinking_0|21|QUESTION|99|845|2d4839ad-e643-4a91-8684-5063014b553b
2026-03-28 22:17:07|gemini|thinking_0|21|JSON_SAVED||845|2d4839ad-e643-4a91-8684-5063014b553b
2026-03-28 22:17:07|gemini|thinking_0|21|QUESTION_ADVANCE||846|e0c91233-fb3d-4df3-9324-672c11f0228b
2026-03-28 22:19:28|gemini|thinking_0|20|QUESTION_SENT||657|f7923a24-f65c-4e8b-995d-4175355d286e
2026-03-28 22:19:29|gemini|thinking_0|21|QUESTION_SENT||846|e0c91233-fb3d-4df3-9324-672c11f0228b
2026-03-28 22:20:38|gemini|thinking_0|20|JSON_VERIFIED||657|f7923a24-f65c-4e8b-995d-4175355d286e
2026-03-28 22:20:38|gemini|thinking_0|20|QUESTION|112|657|f7923a24-f65c-4e8b-995d-4175355d286e
2026-03-28 22:20:38|gemini|thinking_0|20|JSON_SAVED||657|f7923a24-f65c-4e8b-995d-4175355d286e
2026-03-28 22:20:38|gemini|thinking_0|20|QUESTION_ADVANCE||658|baa2397c-d707-493d-9799-9c10dd8dcf96
2026-03-28 22:22:43|gemini|thinking_0|20|QUESTION_SENT||658|baa2397c-d707-493d-9799-9c10dd8dcf96
2026-03-28 22:22:43|gemini|thinking_0|21|QUESTION_SENT||846|e0c91233-fb3d-4df3-9324-672c11f0228b
2026-03-28 22:23:29|gemini|thinking_0|20|JSON_VERIFIED||658|baa2397c-d707-493d-9799-9c10dd8dcf96
2026-03-28 22:23:29|gemini|thinking_0|20|QUESTION|113|658|baa2397c-d707-493d-9799-9c10dd8dcf96
2026-03-28 22:23:29|gemini|thinking_0|20|JSON_SAVED||658|baa2397c-d707-493d-9799-9c10dd8dcf96
2026-03-28 22:23:29|gemini|thinking_0|20|QUESTION_ADVANCE||659|a327b65d-0890-46e1-aa29-84b7928c2548
2026-03-28 22:25:58|gemini|thinking_0|21|QUESTION_SENT||846|e0c91233-fb3d-4df3-9324-672c11f0228b
2026-03-28 22:25:58|gemini|thinking_0|20|QUESTION_SENT||659|a327b65d-0890-46e1-aa29-84b7928c2548
2026-03-28 22:26:48|gemini|thinking_0|20|JSON_VERIFIED||659|a327b65d-0890-46e1-aa29-84b7928c2548
2026-03-28 22:26:48|gemini|thinking_0|20|QUESTION|114|659|a327b65d-0890-46e1-aa29-84b7928c2548
2026-03-28 22:26:48|gemini|thinking_0|20|JSON_SAVED||659|a327b65d-0890-46e1-aa29-84b7928c2548
2026-03-28 22:26:48|gemini|thinking_0|20|QUESTION_ADVANCE||660|b5e65b1f-3de8-42ae-8e4b-0d01930dd055
2026-03-28 22:29:13|gemini|thinking_0|20|QUESTION_SENT||660|b5e65b1f-3de8-42ae-8e4b-0d01930dd055
2026-03-28 22:29:13|gemini|thinking_0|21|QUESTION_SENT||846|e0c91233-fb3d-4df3-9324-672c11f0228b
2026-03-28 22:30:13|gemini|thinking_0|21|JSON_VERIFIED||846|e0c91233-fb3d-4df3-9324-672c11f0228b
2026-03-28 22:30:13|gemini|thinking_0|21|QUESTION|100|846|e0c91233-fb3d-4df3-9324-672c11f0228b
2026-03-28 22:30:13|gemini|thinking_0|21|JSON_SAVED||846|e0c91233-fb3d-4df3-9324-672c11f0228b
2026-03-28 22:30:13|gemini|thinking_0|21|QUESTION_ADVANCE||847|d762c356-0f2c-491c-8b83-611c3a06663a
2026-03-28 22:32:27|gemini|thinking_0|21|QUESTION_SENT||847|d762c356-0f2c-491c-8b83-611c3a06663a
2026-03-28 22:32:28|gemini|thinking_0|20|QUESTION_SENT||660|b5e65b1f-3de8-42ae-8e4b-0d01930dd055
2026-03-28 22:33:33|gemini|thinking_0|20|JSON_VERIFIED||660|b5e65b1f-3de8-42ae-8e4b-0d01930dd055
2026-03-28 22:33:33|gemini|thinking_0|20|QUESTION|115|660|b5e65b1f-3de8-42ae-8e4b-0d01930dd055
2026-03-28 22:33:33|gemini|thinking_0|20|JSON_SAVED||660|b5e65b1f-3de8-42ae-8e4b-0d01930dd055
2026-03-28 22:33:33|gemini|thinking_0|20|QUESTION_ADVANCE||661|7063280f-8260-449d-a409-25922c3a35d3
2026-03-28 22:35:42|gemini|thinking_0|21|QUESTION_SENT||847|d762c356-0f2c-491c-8b83-611c3a06663a
2026-03-28 22:35:42|gemini|thinking_0|20|QUESTION_SENT||661|7063280f-8260-449d-a409-25922c3a35d3
2026-03-28 22:36:48|gemini|thinking_0|20|JSON_VERIFIED||661|7063280f-8260-449d-a409-25922c3a35d3
2026-03-28 22:36:48|gemini|thinking_0|20|QUESTION|116|661|7063280f-8260-449d-a409-25922c3a35d3
2026-03-28 22:36:48|gemini|thinking_0|20|JSON_SAVED||661|7063280f-8260-449d-a409-25922c3a35d3
2026-03-28 22:36:48|gemini|thinking_0|20|QUESTION_ADVANCE||662|5d9370c8-3c3c-4623-9b96-3aaef75b5f0f
2026-03-28 22:38:57|gemini|thinking_0|21|QUESTION_SENT||847|d762c356-0f2c-491c-8b83-611c3a06663a
2026-03-28 22:38:57|gemini|thinking_0|20|QUESTION_SENT||662|5d9370c8-3c3c-4623-9b96-3aaef75b5f0f
2026-03-28 22:39:57|gemini|thinking_0|20|JSON_VERIFIED||662|5d9370c8-3c3c-4623-9b96-3aaef75b5f0f
2026-03-28 22:39:57|gemini|thinking_0|20|QUESTION|117|662|5d9370c8-3c3c-4623-9b96-3aaef75b5f0f
2026-03-28 22:39:57|gemini|thinking_0|20|JSON_SAVED||662|5d9370c8-3c3c-4623-9b96-3aaef75b5f0f
2026-03-28 22:39:57|gemini|thinking_0|20|QUESTION_ADVANCE||663|0a2235d6-9f68-4810-95c3-cef12065e0cd
2026-03-28 22:42:11|gemini|thinking_0|21|QUESTION_SENT||847|d762c356-0f2c-491c-8b83-611c3a06663a
2026-03-28 22:42:12|gemini|thinking_0|20|QUESTION_SENT||663|0a2235d6-9f68-4810-95c3-cef12065e0cd
2026-03-28 22:43:08|gemini|thinking_0|21|JSON_VERIFIED||847|d762c356-0f2c-491c-8b83-611c3a06663a
2026-03-28 22:43:08|gemini|thinking_0|21|QUESTION|101|847|d762c356-0f2c-491c-8b83-611c3a06663a
2026-03-28 22:43:08|gemini|thinking_0|21|JSON_SAVED||847|d762c356-0f2c-491c-8b83-611c3a06663a
2026-03-28 22:43:08|gemini|thinking_0|21|QUESTION_ADVANCE||848|896da20a-0481-4ee4-984a-f6d1066e5c07
2026-03-28 22:43:08|gemini|thinking_0|20|JSON_VERIFY_FAILED||663|0a2235d6-9f68-4810-95c3-cef12065e0cd
2026-03-28 22:43:08|gemini|thinking_0|20|QUESTION|118|663|0a2235d6-9f68-4810-95c3-cef12065e0cd
2026-03-28 22:45:26|gemini|thinking_0|21|QUESTION_SENT||848|896da20a-0481-4ee4-984a-f6d1066e5c07
2026-03-28 22:45:26|gemini|thinking_0|20|QUESTION_SENT||663|0a2235d6-9f68-4810-95c3-cef12065e0cd
2026-03-28 22:46:33|gemini|thinking_0|20|JSON_VERIFIED||663|0a2235d6-9f68-4810-95c3-cef12065e0cd
2026-03-28 22:46:33|gemini|thinking_0|20|QUESTION|119|663|0a2235d6-9f68-4810-95c3-cef12065e0cd
2026-03-28 22:46:33|gemini|thinking_0|20|JSON_SAVED||663|0a2235d6-9f68-4810-95c3-cef12065e0cd
2026-03-28 22:46:33|gemini|thinking_0|20|QUESTION_ADVANCE||664|d098cb0f-90f1-45fa-8979-29c97a4418a0
2026-03-28 22:48:41|gemini|thinking_0|21|QUESTION_SENT||848|896da20a-0481-4ee4-984a-f6d1066e5c07
2026-03-28 22:48:41|gemini|thinking_0|20|QUESTION_SENT||664|d098cb0f-90f1-45fa-8979-29c97a4418a0
2026-03-28 22:51:56|gemini|thinking_0|20|QUESTION_SENT||664|d098cb0f-90f1-45fa-8979-29c97a4418a0
2026-03-28 22:52:57|gemini|thinking_0|20|JSON_VERIFIED||664|d098cb0f-90f1-45fa-8979-29c97a4418a0
2026-03-28 22:52:57|gemini|thinking_0|20|QUESTION|120|664|d098cb0f-90f1-45fa-8979-29c97a4418a0
2026-03-28 22:52:57|gemini|thinking_0|20|JSON_SAVED||664|d098cb0f-90f1-45fa-8979-29c97a4418a0
2026-03-28 22:52:57|gemini|thinking_0|20|QUESTION_ADVANCE||665|47d2833e-6f46-425e-acd5-ea2879025a81
2026-03-28 22:54:15|gemini|thinking_0|21|QUESTION_SENT||848|896da20a-0481-4ee4-984a-f6d1066e5c07
2026-03-28 22:54:54|gemini|thinking_0|21|JSON_VERIFIED||848|896da20a-0481-4ee4-984a-f6d1066e5c07
2026-03-28 22:54:54|gemini|thinking_0|21|QUESTION|102|848|896da20a-0481-4ee4-984a-f6d1066e5c07
2026-03-28 22:54:54|gemini|thinking_0|21|JSON_SAVED||848|896da20a-0481-4ee4-984a-f6d1066e5c07
2026-03-28 22:54:54|gemini|thinking_0|21|QUESTION_ADVANCE||849|93b56659-71b8-4981-947e-5954097a8f91
2026-03-28 22:55:11|gemini|thinking_0|20|QUESTION_SENT||665|47d2833e-6f46-425e-acd5-ea2879025a81
2026-03-28 22:56:09|gemini|thinking_0|20|JSON_VERIFIED||665|47d2833e-6f46-425e-acd5-ea2879025a81
2026-03-28 22:56:09|gemini|thinking_0|20|QUESTION|121|665|47d2833e-6f46-425e-acd5-ea2879025a81
2026-03-28 22:56:09|gemini|thinking_0|20|JSON_SAVED||665|47d2833e-6f46-425e-acd5-ea2879025a81
2026-03-28 22:56:09|gemini|thinking_0|20|QUESTION_ADVANCE||666|deaa15fd-8f1b-44b7-b88d-898389e8d0a9
2026-03-28 22:57:30|gemini|thinking_0|21|QUESTION_SENT||849|93b56659-71b8-4981-947e-5954097a8f91
2026-03-28 22:58:11|gemini|thinking_0|21|JSON_VERIFIED||849|93b56659-71b8-4981-947e-5954097a8f91
2026-03-28 22:58:11|gemini|thinking_0|21|QUESTION|103|849|93b56659-71b8-4981-947e-5954097a8f91
2026-03-28 22:58:11|gemini|thinking_0|21|JSON_SAVED||849|93b56659-71b8-4981-947e-5954097a8f91
2026-03-28 22:58:11|gemini|thinking_0|21|QUESTION_ADVANCE||850|0e1fa875-f752-44a3-9fb2-6dd631254d2f
2026-03-28 22:58:25|gemini|thinking_0|20|QUESTION_SENT||666|deaa15fd-8f1b-44b7-b88d-898389e8d0a9
2026-03-28 22:59:11|gemini|thinking_0|20|JSON_VERIFIED||666|deaa15fd-8f1b-44b7-b88d-898389e8d0a9
2026-03-28 22:59:11|gemini|thinking_0|20|QUESTION|122|666|deaa15fd-8f1b-44b7-b88d-898389e8d0a9
2026-03-28 22:59:11|gemini|thinking_0|20|JSON_SAVED||666|deaa15fd-8f1b-44b7-b88d-898389e8d0a9
2026-03-28 22:59:11|gemini|thinking_0|20|QUESTION_ADVANCE||667|a6ed05f5-2f3e-445c-968b-9f88b6bfe40a
2026-03-28 23:00:45|gemini|thinking_0|21|QUESTION_SENT||850|0e1fa875-f752-44a3-9fb2-6dd631254d2f
2026-03-28 23:01:14|gemini|thinking_0|21|JSON_VERIFIED||850|0e1fa875-f752-44a3-9fb2-6dd631254d2f
2026-03-28 23:01:14|gemini|thinking_0|21|QUESTION|104|850|0e1fa875-f752-44a3-9fb2-6dd631254d2f
2026-03-28 23:01:14|gemini|thinking_0|21|JSON_SAVED||850|0e1fa875-f752-44a3-9fb2-6dd631254d2f
2026-03-28 23:01:14|gemini|thinking_0|21|QUESTION_ADVANCE||851|6b66976d-9677-4000-ad4d-a0363806da3b
2026-03-28 23:01:40|gemini|thinking_0|20|QUESTION_SENT||667|a6ed05f5-2f3e-445c-968b-9f88b6bfe40a
2026-03-28 23:02:30|gemini|thinking_0|20|JSON_VERIFIED||667|a6ed05f5-2f3e-445c-968b-9f88b6bfe40a
2026-03-28 23:02:30|gemini|thinking_0|20|QUESTION|123|667|a6ed05f5-2f3e-445c-968b-9f88b6bfe40a
2026-03-28 23:02:30|gemini|thinking_0|20|JSON_SAVED||667|a6ed05f5-2f3e-445c-968b-9f88b6bfe40a
2026-03-28 23:02:30|gemini|thinking_0|20|QUESTION_ADVANCE||668|df984ce9-4ce3-401e-91a3-9dc13fcdc604
2026-03-28 23:03:59|gemini|thinking_0|21|QUESTION_SENT||851|6b66976d-9677-4000-ad4d-a0363806da3b
2026-03-28 23:04:35|gemini|thinking_0|21|JSON_VERIFIED||851|6b66976d-9677-4000-ad4d-a0363806da3b
2026-03-28 23:04:35|gemini|thinking_0|21|QUESTION|105|851|6b66976d-9677-4000-ad4d-a0363806da3b
2026-03-28 23:04:35|gemini|thinking_0|21|JSON_SAVED||851|6b66976d-9677-4000-ad4d-a0363806da3b
2026-03-28 23:04:35|gemini|thinking_0|21|QUESTION_ADVANCE||852|8ad4328a-3892-40ae-b1c3-828648d01c83
2026-03-28 23:04:55|gemini|thinking_0|20|QUESTION_SENT||668|df984ce9-4ce3-401e-91a3-9dc13fcdc604
2026-03-28 23:06:44|gemini|thinking_0|20|JSON_VERIFIED||668|df984ce9-4ce3-401e-91a3-9dc13fcdc604
2026-03-28 23:06:44|gemini|thinking_0|20|QUESTION|124|668|df984ce9-4ce3-401e-91a3-9dc13fcdc604
2026-03-28 23:06:44|gemini|thinking_0|20|JSON_SAVED||668|df984ce9-4ce3-401e-91a3-9dc13fcdc604
2026-03-28 23:06:44|gemini|thinking_0|20|QUESTION_ADVANCE||669|a181562b-1e08-4b51-aacd-721375985b6e
2026-03-28 23:07:14|gemini|thinking_0|21|QUESTION_SENT||852|8ad4328a-3892-40ae-b1c3-828648d01c83
2026-03-28 23:07:54|gemini|thinking_0|21|JSON_VERIFIED||852|8ad4328a-3892-40ae-b1c3-828648d01c83
2026-03-28 23:07:54|gemini|thinking_0|21|QUESTION|106|852|8ad4328a-3892-40ae-b1c3-828648d01c83
2026-03-28 23:07:54|gemini|thinking_0|21|JSON_SAVED||852|8ad4328a-3892-40ae-b1c3-828648d01c83
2026-03-28 23:07:54|gemini|thinking_0|21|QUESTION_ADVANCE||853|6c81920b-d6e9-4dea-84de-451018770dad
2026-03-28 23:08:09|gemini|thinking_0|20|QUESTION_SENT||669|a181562b-1e08-4b51-aacd-721375985b6e
2026-03-28 23:08:56|gemini|thinking_0|20|JSON_VERIFIED||669|a181562b-1e08-4b51-aacd-721375985b6e
2026-03-28 23:08:56|gemini|thinking_0|20|QUESTION|125|669|a181562b-1e08-4b51-aacd-721375985b6e
2026-03-28 23:08:56|gemini|thinking_0|20|JSON_SAVED||669|a181562b-1e08-4b51-aacd-721375985b6e
2026-03-28 23:08:56|gemini|thinking_0|20|QUESTION_ADVANCE||670|27b5938f-6cff-4b1d-ab1e-4e7ab6e25258
2026-03-28 23:10:29|gemini|thinking_0|21|QUESTION_SENT||853|6c81920b-d6e9-4dea-84de-451018770dad
2026-03-28 23:11:05|gemini|thinking_0|21|JSON_VERIFIED||853|6c81920b-d6e9-4dea-84de-451018770dad
2026-03-28 23:11:05|gemini|thinking_0|21|QUESTION|107|853|6c81920b-d6e9-4dea-84de-451018770dad
2026-03-28 23:11:05|gemini|thinking_0|21|JSON_SAVED||853|6c81920b-d6e9-4dea-84de-451018770dad
2026-03-28 23:11:05|gemini|thinking_0|21|QUESTION_ADVANCE||854|b80077ad-0272-49f1-84d1-324f887d0c39
2026-03-28 23:11:24|gemini|thinking_0|20|QUESTION_SENT||670|27b5938f-6cff-4b1d-ab1e-4e7ab6e25258
2026-03-28 23:12:17|gemini|thinking_0|20|JSON_VERIFIED||670|27b5938f-6cff-4b1d-ab1e-4e7ab6e25258
2026-03-28 23:12:17|gemini|thinking_0|20|QUESTION|126|670|27b5938f-6cff-4b1d-ab1e-4e7ab6e25258
2026-03-28 23:12:17|gemini|thinking_0|20|JSON_SAVED||670|27b5938f-6cff-4b1d-ab1e-4e7ab6e25258
2026-03-28 23:12:17|gemini|thinking_0|20|QUESTION_ADVANCE||671|d0c20f95-9344-4606-ac66-275374d05196
2026-03-28 23:13:44|gemini|thinking_0|21|QUESTION_SENT||854|b80077ad-0272-49f1-84d1-324f887d0c39
2026-03-28 23:14:15|gemini|thinking_0|21|JSON_VERIFIED||854|b80077ad-0272-49f1-84d1-324f887d0c39
2026-03-28 23:14:15|gemini|thinking_0|21|QUESTION|108|854|b80077ad-0272-49f1-84d1-324f887d0c39
2026-03-28 23:14:15|gemini|thinking_0|21|JSON_SAVED||854|b80077ad-0272-49f1-84d1-324f887d0c39
2026-03-28 23:14:15|gemini|thinking_0|21|QUESTION_ADVANCE||855|6b1838ab-5a2a-4f44-8987-2abe7a4cc1f8
2026-03-28 23:14:39|gemini|thinking_0|20|QUESTION_SENT||671|d0c20f95-9344-4606-ac66-275374d05196
2026-03-28 23:15:37|gemini|thinking_0|20|JSON_VERIFIED||671|d0c20f95-9344-4606-ac66-275374d05196
2026-03-28 23:15:37|gemini|thinking_0|20|QUESTION|127|671|d0c20f95-9344-4606-ac66-275374d05196
2026-03-28 23:15:37|gemini|thinking_0|20|JSON_SAVED||671|d0c20f95-9344-4606-ac66-275374d05196
2026-03-28 23:15:37|gemini|thinking_0|20|QUESTION_ADVANCE||672|31575335-83c2-43a2-9766-e5b673bb0bce
2026-03-28 23:16:59|gemini|thinking_0|21|QUESTION_SENT||855|6b1838ab-5a2a-4f44-8987-2abe7a4cc1f8
2026-03-28 23:17:29|gemini|thinking_0|21|JSON_VERIFIED||855|6b1838ab-5a2a-4f44-8987-2abe7a4cc1f8
2026-03-28 23:17:29|gemini|thinking_0|21|QUESTION|109|855|6b1838ab-5a2a-4f44-8987-2abe7a4cc1f8
2026-03-28 23:17:29|gemini|thinking_0|21|JSON_SAVED||855|6b1838ab-5a2a-4f44-8987-2abe7a4cc1f8
2026-03-28 23:17:29|gemini|thinking_0|21|QUESTION_ADVANCE||856|355b9677-03b3-4c07-afe1-bb52b92ad3f2
2026-03-28 23:17:53|gemini|thinking_0|20|QUESTION_SENT||672|31575335-83c2-43a2-9766-e5b673bb0bce
2026-03-28 23:19:20|gemini|thinking_0|20|JSON_VERIFIED||672|31575335-83c2-43a2-9766-e5b673bb0bce
2026-03-28 23:19:20|gemini|thinking_0|20|QUESTION|128|672|31575335-83c2-43a2-9766-e5b673bb0bce
2026-03-28 23:19:20|gemini|thinking_0|20|JSON_SAVED||672|31575335-83c2-43a2-9766-e5b673bb0bce
2026-03-28 23:19:20|gemini|thinking_0|20|QUESTION_ADVANCE||673|85490dce-b265-4b43-977c-0076eebb7fdd
2026-03-28 23:20:13|gemini|thinking_0|21|QUESTION_SENT||856|355b9677-03b3-4c07-afe1-bb52b92ad3f2
2026-03-28 23:20:46|gemini|thinking_0|21|JSON_VERIFIED||856|355b9677-03b3-4c07-afe1-bb52b92ad3f2
2026-03-28 23:20:46|gemini|thinking_0|21|QUESTION|110|856|355b9677-03b3-4c07-afe1-bb52b92ad3f2
2026-03-28 23:20:46|gemini|thinking_0|21|JSON_SAVED||856|355b9677-03b3-4c07-afe1-bb52b92ad3f2
2026-03-28 23:20:46|gemini|thinking_0|21|QUESTION_ADVANCE||857|eb353e46-ba0f-4e76-9b41-0940064b0d8c
2026-03-28 23:21:08|gemini|thinking_0|20|QUESTION_SENT||673|85490dce-b265-4b43-977c-0076eebb7fdd
2026-03-28 23:21:58|gemini|thinking_0|20|JSON_VERIFIED||673|85490dce-b265-4b43-977c-0076eebb7fdd
2026-03-28 23:21:58|gemini|thinking_0|20|QUESTION|129|673|85490dce-b265-4b43-977c-0076eebb7fdd
2026-03-28 23:21:58|gemini|thinking_0|20|JSON_SAVED||673|85490dce-b265-4b43-977c-0076eebb7fdd
2026-03-28 23:21:58|gemini|thinking_0|20|QUESTION_ADVANCE||674|8d627ff9-fd20-45b0-9557-0db65d1be16a
2026-03-28 23:23:28|gemini|thinking_0|21|QUESTION_SENT||857|eb353e46-ba0f-4e76-9b41-0940064b0d8c
2026-03-28 23:24:21|gemini|thinking_0|21|JSON_VERIFIED||857|eb353e46-ba0f-4e76-9b41-0940064b0d8c
2026-03-28 23:24:21|gemini|thinking_0|21|QUESTION|111|857|eb353e46-ba0f-4e76-9b41-0940064b0d8c
2026-03-28 23:24:21|gemini|thinking_0|21|JSON_SAVED||857|eb353e46-ba0f-4e76-9b41-0940064b0d8c
2026-03-28 23:24:21|gemini|thinking_0|21|QUESTION_ADVANCE||858|6c89a29f-fa33-449a-9e31-1b08a5491deb
2026-03-28 23:24:23|gemini|thinking_0|20|QUESTION_SENT||674|8d627ff9-fd20-45b0-9557-0db65d1be16a
2026-03-28 23:25:27|gemini|thinking_0|20|JSON_VERIFIED||674|8d627ff9-fd20-45b0-9557-0db65d1be16a
2026-03-28 23:25:27|gemini|thinking_0|20|QUESTION|130|674|8d627ff9-fd20-45b0-9557-0db65d1be16a
2026-03-28 23:25:27|gemini|thinking_0|20|JSON_SAVED||674|8d627ff9-fd20-45b0-9557-0db65d1be16a
2026-03-28 23:25:27|gemini|thinking_0|20|QUESTION_ADVANCE||675|03ead298-141c-4c0f-916d-770477a66679
2026-03-28 23:26:43|gemini|thinking_0|21|QUESTION_SENT||858|6c89a29f-fa33-449a-9e31-1b08a5491deb
2026-03-28 23:27:38|gemini|thinking_0|20|QUESTION_SENT||675|03ead298-141c-4c0f-916d-770477a66679
2026-03-28 23:28:57|gemini|thinking_0|20|JSON_VERIFIED||675|03ead298-141c-4c0f-916d-770477a66679
2026-03-28 23:28:57|gemini|thinking_0|20|QUESTION|131|675|03ead298-141c-4c0f-916d-770477a66679
2026-03-28 23:28:57|gemini|thinking_0|20|JSON_SAVED||675|03ead298-141c-4c0f-916d-770477a66679
2026-03-28 23:28:57|gemini|thinking_0|20|QUESTION_ADVANCE||676|4c7c2003-0eda-4883-a89c-6d5a4252abd6
2026-03-28 23:29:58|gemini|thinking_0|21|QUESTION_SENT||858|6c89a29f-fa33-449a-9e31-1b08a5491deb
2026-03-28 23:30:30|gemini|thinking_0|21|JSON_VERIFIED||858|6c89a29f-fa33-449a-9e31-1b08a5491deb
2026-03-28 23:30:30|gemini|thinking_0|21|QUESTION|112|858|6c89a29f-fa33-449a-9e31-1b08a5491deb
2026-03-28 23:30:30|gemini|thinking_0|21|JSON_SAVED||858|6c89a29f-fa33-449a-9e31-1b08a5491deb
2026-03-28 23:30:30|gemini|thinking_0|21|QUESTION_ADVANCE||859|670b97c9-6890-472d-ba45-dd91fbd26081
2026-03-28 23:30:52|gemini|thinking_0|20|QUESTION_SENT||676|4c7c2003-0eda-4883-a89c-6d5a4252abd6
2026-03-28 23:31:41|gemini|thinking_0|20|JSON_VERIFIED||676|4c7c2003-0eda-4883-a89c-6d5a4252abd6
2026-03-28 23:31:41|gemini|thinking_0|20|QUESTION|132|676|4c7c2003-0eda-4883-a89c-6d5a4252abd6
2026-03-28 23:31:41|gemini|thinking_0|20|JSON_SAVED||676|4c7c2003-0eda-4883-a89c-6d5a4252abd6
2026-03-28 23:31:41|gemini|thinking_0|20|QUESTION_ADVANCE||677|ff60bd30-55a3-4939-85b7-3ac18857b0c8
2026-03-28 23:33:12|gemini|thinking_0|21|QUESTION_SENT||859|670b97c9-6890-472d-ba45-dd91fbd26081
2026-03-28 23:33:48|gemini|thinking_0|21|JSON_VERIFIED||859|670b97c9-6890-472d-ba45-dd91fbd26081
2026-03-28 23:33:48|gemini|thinking_0|21|QUESTION|113|859|670b97c9-6890-472d-ba45-dd91fbd26081
2026-03-28 23:33:48|gemini|thinking_0|21|JSON_SAVED||859|670b97c9-6890-472d-ba45-dd91fbd26081
2026-03-28 23:33:48|gemini|thinking_0|21|QUESTION_ADVANCE||860|f2657847-860b-4a55-80ca-c54d6e24c651
2026-03-28 23:34:07|gemini|thinking_0|20|QUESTION_SENT||677|ff60bd30-55a3-4939-85b7-3ac18857b0c8
2026-03-28 23:35:00|gemini|thinking_0|20|JSON_VERIFIED||677|ff60bd30-55a3-4939-85b7-3ac18857b0c8
2026-03-28 23:35:00|gemini|thinking_0|20|QUESTION|133|677|ff60bd30-55a3-4939-85b7-3ac18857b0c8
2026-03-28 23:35:00|gemini|thinking_0|20|JSON_SAVED||677|ff60bd30-55a3-4939-85b7-3ac18857b0c8
2026-03-28 23:35:00|gemini|thinking_0|20|QUESTION_ADVANCE||678|9b1094d6-6992-436e-a38c-555545ff535a
2026-03-28 23:36:27|gemini|thinking_0|21|QUESTION_SENT||860|f2657847-860b-4a55-80ca-c54d6e24c651
2026-03-28 23:37:22|gemini|thinking_0|20|QUESTION_SENT||678|9b1094d6-6992-436e-a38c-555545ff535a
2026-03-28 23:38:09|gemini|thinking_0|20|JSON_VERIFIED||678|9b1094d6-6992-436e-a38c-555545ff535a
2026-03-28 23:38:09|gemini|thinking_0|20|QUESTION|134|678|9b1094d6-6992-436e-a38c-555545ff535a
2026-03-28 23:38:09|gemini|thinking_0|20|JSON_SAVED||678|9b1094d6-6992-436e-a38c-555545ff535a
2026-03-28 23:38:09|gemini|thinking_0|20|QUESTION_ADVANCE||679|ca46ecc2-d32e-4fc7-893a-83eaf9ab6d57
2026-03-28 23:39:42|gemini|thinking_0|21|QUESTION_SENT||860|f2657847-860b-4a55-80ca-c54d6e24c651
2026-03-28 23:40:28|gemini|thinking_0|21|JSON_VERIFIED||860|f2657847-860b-4a55-80ca-c54d6e24c651
2026-03-28 23:40:28|gemini|thinking_0|21|QUESTION|114|860|f2657847-860b-4a55-80ca-c54d6e24c651
2026-03-28 23:40:28|gemini|thinking_0|21|JSON_SAVED||860|f2657847-860b-4a55-80ca-c54d6e24c651
2026-03-28 23:40:28|gemini|thinking_0|21|QUESTION_ADVANCE||861|2d9e1f22-b990-4648-9dc3-3ebc97e996a9
2026-03-28 23:40:37|gemini|thinking_0|20|QUESTION_SENT||679|ca46ecc2-d32e-4fc7-893a-83eaf9ab6d57
2026-03-28 23:41:32|gemini|thinking_0|20|JSON_VERIFIED||679|ca46ecc2-d32e-4fc7-893a-83eaf9ab6d57
2026-03-28 23:41:32|gemini|thinking_0|20|QUESTION|135|679|ca46ecc2-d32e-4fc7-893a-83eaf9ab6d57
2026-03-28 23:41:32|gemini|thinking_0|20|JSON_SAVED||679|ca46ecc2-d32e-4fc7-893a-83eaf9ab6d57
2026-03-28 23:41:32|gemini|thinking_0|20|QUESTION_ADVANCE||680|47f2380d-7cc6-4a1e-a57f-eb01b81bb5fa
2026-03-28 23:42:57|gemini|thinking_0|21|QUESTION_SENT||861|2d9e1f22-b990-4648-9dc3-3ebc97e996a9
2026-03-28 23:43:30|gemini|thinking_0|21|JSON_VERIFIED||861|2d9e1f22-b990-4648-9dc3-3ebc97e996a9
2026-03-28 23:43:30|gemini|thinking_0|21|QUESTION|115|861|2d9e1f22-b990-4648-9dc3-3ebc97e996a9
2026-03-28 23:43:30|gemini|thinking_0|21|JSON_SAVED||861|2d9e1f22-b990-4648-9dc3-3ebc97e996a9
2026-03-28 23:43:30|gemini|thinking_0|21|QUESTION_ADVANCE||862|ae9987b4-eb0b-4041-b733-af6b7d447bb8
2026-03-28 23:43:52|gemini|thinking_0|20|QUESTION_SENT||680|47f2380d-7cc6-4a1e-a57f-eb01b81bb5fa
2026-03-28 23:44:38|gemini|thinking_0|20|JSON_VERIFIED||680|47f2380d-7cc6-4a1e-a57f-eb01b81bb5fa
2026-03-28 23:44:38|gemini|thinking_0|20|QUESTION|136|680|47f2380d-7cc6-4a1e-a57f-eb01b81bb5fa
2026-03-28 23:44:38|gemini|thinking_0|20|JSON_SAVED||680|47f2380d-7cc6-4a1e-a57f-eb01b81bb5fa
2026-03-28 23:44:38|gemini|thinking_0|20|QUESTION_ADVANCE||681|c435c776-a74f-47fe-9301-113409323a66
2026-03-28 23:46:12|gemini|thinking_0|21|QUESTION_SENT||862|ae9987b4-eb0b-4041-b733-af6b7d447bb8
2026-03-28 23:47:01|gemini|thinking_0|21|JSON_VERIFIED||862|ae9987b4-eb0b-4041-b733-af6b7d447bb8
2026-03-28 23:47:01|gemini|thinking_0|21|QUESTION|116|862|ae9987b4-eb0b-4041-b733-af6b7d447bb8
2026-03-28 23:47:01|gemini|thinking_0|21|JSON_SAVED||862|ae9987b4-eb0b-4041-b733-af6b7d447bb8
2026-03-28 23:47:01|gemini|thinking_0|21|QUESTION_ADVANCE||863|48b19c86-3620-4a28-adcd-bcac1ea10049
2026-03-28 23:47:06|gemini|thinking_0|20|QUESTION_SENT||681|c435c776-a74f-47fe-9301-113409323a66
2026-03-28 23:47:49|gemini|thinking_0|20|JSON_VERIFIED||681|c435c776-a74f-47fe-9301-113409323a66
2026-03-28 23:47:49|gemini|thinking_0|20|QUESTION|137|681|c435c776-a74f-47fe-9301-113409323a66
2026-03-28 23:47:49|gemini|thinking_0|20|JSON_SAVED||681|c435c776-a74f-47fe-9301-113409323a66
2026-03-28 23:47:49|gemini|thinking_0|20|QUESTION_ADVANCE||682|43bb85c6-8b1c-47be-a9a8-4c1e2f1a187c
2026-03-28 23:49:26|gemini|thinking_0|21|QUESTION_SENT||863|48b19c86-3620-4a28-adcd-bcac1ea10049
2026-03-28 23:50:09|gemini|thinking_0|21|JSON_VERIFIED||863|48b19c86-3620-4a28-adcd-bcac1ea10049
2026-03-28 23:50:09|gemini|thinking_0|21|QUESTION|117|863|48b19c86-3620-4a28-adcd-bcac1ea10049
2026-03-28 23:50:09|gemini|thinking_0|21|JSON_SAVED||863|48b19c86-3620-4a28-adcd-bcac1ea10049
2026-03-28 23:50:09|gemini|thinking_0|21|QUESTION_ADVANCE||864|c5f18aad-4a78-4a63-875c-ec07dde0e23d
2026-03-28 23:50:21|gemini|thinking_0|20|QUESTION_SENT||682|43bb85c6-8b1c-47be-a9a8-4c1e2f1a187c
2026-03-28 23:50:51|gemini|thinking_0|20|JSON_VERIFY_FAILED||682|43bb85c6-8b1c-47be-a9a8-4c1e2f1a187c
2026-03-28 23:50:51|gemini|thinking_0|20|QUESTION|138|682|43bb85c6-8b1c-47be-a9a8-4c1e2f1a187c
2026-03-28 23:52:41|gemini|thinking_0|21|QUESTION_SENT||864|c5f18aad-4a78-4a63-875c-ec07dde0e23d
2026-03-28 23:53:18|gemini|thinking_0|21|JSON_VERIFIED||864|c5f18aad-4a78-4a63-875c-ec07dde0e23d
2026-03-28 23:53:18|gemini|thinking_0|21|QUESTION|118|864|c5f18aad-4a78-4a63-875c-ec07dde0e23d
2026-03-28 23:53:18|gemini|thinking_0|21|JSON_SAVED||864|c5f18aad-4a78-4a63-875c-ec07dde0e23d
2026-03-28 23:53:18|gemini|thinking_0|21|QUESTION_ADVANCE||865|9b2369b9-8135-4b6b-b94a-c0f6b0fa9cd1
2026-03-28 23:53:36|gemini|thinking_0|20|QUESTION_SENT||682|43bb85c6-8b1c-47be-a9a8-4c1e2f1a187c
2026-03-28 23:54:04|gemini|thinking_0|20|JSON_VERIFIED||682|43bb85c6-8b1c-47be-a9a8-4c1e2f1a187c
2026-03-28 23:54:04|gemini|thinking_0|20|QUESTION|139|682|43bb85c6-8b1c-47be-a9a8-4c1e2f1a187c
2026-03-28 23:54:04|gemini|thinking_0|20|JSON_SAVED||682|43bb85c6-8b1c-47be-a9a8-4c1e2f1a187c
2026-03-28 23:54:04|gemini|thinking_0|20|QUESTION_ADVANCE||683|32c2ae3e-91bb-4154-b3d2-593b829463a6
2026-03-28 23:55:56|gemini|thinking_0|21|QUESTION_SENT||865|9b2369b9-8135-4b6b-b94a-c0f6b0fa9cd1
2026-03-28 23:56:25|gemini|thinking_0|21|JSON_VERIFIED||865|9b2369b9-8135-4b6b-b94a-c0f6b0fa9cd1
2026-03-28 23:56:25|gemini|thinking_0|21|QUESTION|119|865|9b2369b9-8135-4b6b-b94a-c0f6b0fa9cd1
2026-03-28 23:56:25|gemini|thinking_0|21|JSON_SAVED||865|9b2369b9-8135-4b6b-b94a-c0f6b0fa9cd1
2026-03-28 23:56:25|gemini|thinking_0|21|QUESTION_ADVANCE||866|e5f97add-106a-42e3-8b30-d92d857ccb41
2026-03-28 23:56:51|gemini|thinking_0|20|QUESTION_SENT||683|32c2ae3e-91bb-4154-b3d2-593b829463a6
2026-03-28 23:57:25|gemini|thinking_0|20|JSON_VERIFIED||683|32c2ae3e-91bb-4154-b3d2-593b829463a6
2026-03-28 23:57:25|gemini|thinking_0|20|QUESTION|140|683|32c2ae3e-91bb-4154-b3d2-593b829463a6
2026-03-28 23:57:25|gemini|thinking_0|20|JSON_SAVED||683|32c2ae3e-91bb-4154-b3d2-593b829463a6
2026-03-28 23:57:25|gemini|thinking_0|20|QUESTION_ADVANCE||684|dfa8421e-b460-4a92-8bc7-14e758382d86
2026-03-28 23:59:10|gemini|thinking_0|21|QUESTION_SENT||866|e5f97add-106a-42e3-8b30-d92d857ccb41
2026-03-29 00:00:03|gemini|thinking_0|21|JSON_VERIFIED||866|e5f97add-106a-42e3-8b30-d92d857ccb41
2026-03-29 00:00:03|gemini|thinking_0|21|QUESTION|120|866|e5f97add-106a-42e3-8b30-d92d857ccb41
2026-03-29 00:00:03|gemini|thinking_0|21|JSON_SAVED||866|e5f97add-106a-42e3-8b30-d92d857ccb41
2026-03-29 00:00:03|gemini|thinking_0|21|QUESTION_ADVANCE||867|967722ac-3278-4fb8-9bad-f53a98336b82
2026-03-29 00:00:05|gemini|thinking_0|20|QUESTION_SENT||684|dfa8421e-b460-4a92-8bc7-14e758382d86
2026-03-29 00:00:39|gemini|thinking_0|20|JSON_VERIFIED||684|dfa8421e-b460-4a92-8bc7-14e758382d86
2026-03-29 00:00:39|gemini|thinking_0|20|QUESTION|141|684|dfa8421e-b460-4a92-8bc7-14e758382d86
2026-03-29 00:00:39|gemini|thinking_0|20|JSON_SAVED||684|dfa8421e-b460-4a92-8bc7-14e758382d86
2026-03-29 00:00:39|gemini|thinking_0|20|QUESTION_ADVANCE||685|5bdf3b3d-7b84-4b1c-8f0a-d01425698bc1
2026-03-29 00:02:25|gemini|thinking_0|21|QUESTION_SENT||867|967722ac-3278-4fb8-9bad-f53a98336b82
2026-03-29 00:02:59|gemini|thinking_0|21|JSON_VERIFY_FAILED||867|967722ac-3278-4fb8-9bad-f53a98336b82
2026-03-29 00:02:59|gemini|thinking_0|21|QUESTION|121|867|967722ac-3278-4fb8-9bad-f53a98336b82
2026-03-29 00:03:20|gemini|thinking_0|20|QUESTION_SENT||685|5bdf3b3d-7b84-4b1c-8f0a-d01425698bc1
2026-03-29 00:05:40|gemini|thinking_0|21|QUESTION_SENT||867|967722ac-3278-4fb8-9bad-f53a98336b82
2026-03-29 00:06:10|gemini|thinking_0|21|JSON_VERIFY_FAILED||867|967722ac-3278-4fb8-9bad-f53a98336b82
2026-03-29 00:06:10|gemini|thinking_0|21|QUESTION|122|867|967722ac-3278-4fb8-9bad-f53a98336b82
2026-03-29 00:06:34|gemini|thinking_0|20|QUESTION_SENT||685|5bdf3b3d-7b84-4b1c-8f0a-d01425698bc1
2026-03-29 00:07:10|gemini|thinking_0|20|JSON_VERIFIED||685|5bdf3b3d-7b84-4b1c-8f0a-d01425698bc1
2026-03-29 00:07:10|gemini|thinking_0|20|QUESTION|142|685|5bdf3b3d-7b84-4b1c-8f0a-d01425698bc1
2026-03-29 00:07:10|gemini|thinking_0|20|JSON_SAVED||685|5bdf3b3d-7b84-4b1c-8f0a-d01425698bc1
2026-03-29 00:07:10|gemini|thinking_0|20|QUESTION_ADVANCE||686|e263b2d1-1dad-494d-9085-1a618d90fea5
2026-03-29 00:08:55|gemini|thinking_0|21|QUESTION_SENT||867|967722ac-3278-4fb8-9bad-f53a98336b82
2026-03-29 00:09:27|gemini|thinking_0|21|JSON_VERIFY_FAILED||867|967722ac-3278-4fb8-9bad-f53a98336b82
2026-03-29 00:09:27|gemini|thinking_0|21|QUESTION|123|867|967722ac-3278-4fb8-9bad-f53a98336b82
2026-03-29 00:09:49|gemini|thinking_0|20|QUESTION_SENT||686|e263b2d1-1dad-494d-9085-1a618d90fea5
2026-03-29 00:10:19|gemini|thinking_0|20|JSON_VERIFIED||686|e263b2d1-1dad-494d-9085-1a618d90fea5
2026-03-29 00:10:19|gemini|thinking_0|20|QUESTION|143|686|e263b2d1-1dad-494d-9085-1a618d90fea5
2026-03-29 00:10:19|gemini|thinking_0|20|JSON_SAVED||686|e263b2d1-1dad-494d-9085-1a618d90fea5
2026-03-29 00:10:19|gemini|thinking_0|20|QUESTION_ADVANCE||687|46e475da-b4b5-4ee5-a9f4-1fdd6cb32388
2026-03-29 00:12:09|gemini|thinking_0|21|QUESTION_SENT||867|967722ac-3278-4fb8-9bad-f53a98336b82
2026-03-29 00:12:45|gemini|thinking_0|21|JSON_VERIFIED||867|967722ac-3278-4fb8-9bad-f53a98336b82
2026-03-29 00:12:45|gemini|thinking_0|21|QUESTION|124|867|967722ac-3278-4fb8-9bad-f53a98336b82
2026-03-29 00:12:45|gemini|thinking_0|21|JSON_SAVED||867|967722ac-3278-4fb8-9bad-f53a98336b82
2026-03-29 00:12:45|gemini|thinking_0|21|QUESTION_ADVANCE||868|3e0c947c-a2fb-4c9e-9e99-daafb6bab028
2026-03-29 00:13:04|gemini|thinking_0|20|QUESTION_SENT||687|46e475da-b4b5-4ee5-a9f4-1fdd6cb32388
2026-03-29 00:13:37|gemini|thinking_0|20|JSON_VERIFIED||687|46e475da-b4b5-4ee5-a9f4-1fdd6cb32388
2026-03-29 00:13:37|gemini|thinking_0|20|QUESTION|144|687|46e475da-b4b5-4ee5-a9f4-1fdd6cb32388
2026-03-29 00:13:37|gemini|thinking_0|20|JSON_SAVED||687|46e475da-b4b5-4ee5-a9f4-1fdd6cb32388
2026-03-29 00:13:37|gemini|thinking_0|20|QUESTION_ADVANCE||688|61830433-4557-4568-80b9-092d1d33be78
2026-03-29 00:15:24|gemini|thinking_0|21|QUESTION_SENT||868|3e0c947c-a2fb-4c9e-9e99-daafb6bab028
2026-03-29 00:16:01|gemini|thinking_0|21|JSON_VERIFIED||868|3e0c947c-a2fb-4c9e-9e99-daafb6bab028
2026-03-29 00:16:01|gemini|thinking_0|21|QUESTION|125|868|3e0c947c-a2fb-4c9e-9e99-daafb6bab028
2026-03-29 00:16:01|gemini|thinking_0|21|JSON_SAVED||868|3e0c947c-a2fb-4c9e-9e99-daafb6bab028
2026-03-29 00:16:01|gemini|thinking_0|21|QUESTION_ADVANCE||869|9ab6acbf-bcf1-43a1-8e00-3ac7e798afb7
2026-03-29 00:16:18|gemini|thinking_0|20|QUESTION_SENT||688|61830433-4557-4568-80b9-092d1d33be78
2026-03-29 00:17:00|gemini|thinking_0|20|JSON_VERIFIED||688|61830433-4557-4568-80b9-092d1d33be78
2026-03-29 00:17:00|gemini|thinking_0|20|QUESTION|145|688|61830433-4557-4568-80b9-092d1d33be78
2026-03-29 00:17:00|gemini|thinking_0|20|JSON_SAVED||688|61830433-4557-4568-80b9-092d1d33be78
2026-03-29 00:17:00|gemini|thinking_0|20|QUESTION_ADVANCE||689|18e8c092-6035-41b9-8fd5-391789f2d9f9
2026-03-29 00:18:39|gemini|thinking_0|21|QUESTION_SENT||869|9ab6acbf-bcf1-43a1-8e00-3ac7e798afb7
2026-03-29 00:19:10|gemini|thinking_0|21|JSON_VERIFIED||869|9ab6acbf-bcf1-43a1-8e00-3ac7e798afb7
2026-03-29 00:19:10|gemini|thinking_0|21|QUESTION|126|869|9ab6acbf-bcf1-43a1-8e00-3ac7e798afb7
2026-03-29 00:19:10|gemini|thinking_0|21|JSON_SAVED||869|9ab6acbf-bcf1-43a1-8e00-3ac7e798afb7
2026-03-29 00:19:10|gemini|thinking_0|21|QUESTION_ADVANCE||870|2c5db6e1-dcc1-472b-8541-77a77a02501e
2026-03-29 00:19:33|gemini|thinking_0|20|QUESTION_SENT||689|18e8c092-6035-41b9-8fd5-391789f2d9f9
2026-03-29 00:20:07|gemini|thinking_0|20|JSON_VERIFIED||689|18e8c092-6035-41b9-8fd5-391789f2d9f9
2026-03-29 00:20:07|gemini|thinking_0|20|QUESTION|146|689|18e8c092-6035-41b9-8fd5-391789f2d9f9
2026-03-29 00:20:07|gemini|thinking_0|20|JSON_SAVED||689|18e8c092-6035-41b9-8fd5-391789f2d9f9
2026-03-29 00:20:07|gemini|thinking_0|20|QUESTION_ADVANCE||690|ac706e85-8ca3-4793-b898-9a931c9dd423
2026-03-29 00:21:54|gemini|thinking_0|21|QUESTION_SENT||870|2c5db6e1-dcc1-472b-8541-77a77a02501e
2026-03-29 00:22:31|gemini|thinking_0|21|JSON_VERIFIED||870|2c5db6e1-dcc1-472b-8541-77a77a02501e
2026-03-29 00:22:31|gemini|thinking_0|21|QUESTION|127|870|2c5db6e1-dcc1-472b-8541-77a77a02501e
2026-03-29 00:22:31|gemini|thinking_0|21|JSON_SAVED||870|2c5db6e1-dcc1-472b-8541-77a77a02501e
2026-03-29 00:22:31|gemini|thinking_0|21|QUESTION_ADVANCE||871|a0a6a5d5-0485-454a-9c5d-cb30d9e77ee6
2026-03-29 00:22:48|gemini|thinking_0|20|QUESTION_SENT||690|ac706e85-8ca3-4793-b898-9a931c9dd423
2026-03-29 00:23:30|gemini|thinking_0|20|JSON_VERIFIED||690|ac706e85-8ca3-4793-b898-9a931c9dd423
2026-03-29 00:23:30|gemini|thinking_0|20|QUESTION|147|690|ac706e85-8ca3-4793-b898-9a931c9dd423
2026-03-29 00:23:30|gemini|thinking_0|20|JSON_SAVED||690|ac706e85-8ca3-4793-b898-9a931c9dd423
2026-03-29 00:23:30|gemini|thinking_0|20|QUESTION_ADVANCE||691|f9d4d4d8-0014-47b1-a4ec-cdb15e1d2a98
2026-03-29 00:25:09|gemini|thinking_0|21|QUESTION_SENT||871|a0a6a5d5-0485-454a-9c5d-cb30d9e77ee6
2026-03-29 00:26:00|gemini|thinking_0|21|JSON_VERIFIED||871|a0a6a5d5-0485-454a-9c5d-cb30d9e77ee6
2026-03-29 00:26:00|gemini|thinking_0|21|QUESTION|128|871|a0a6a5d5-0485-454a-9c5d-cb30d9e77ee6
2026-03-29 00:26:00|gemini|thinking_0|21|JSON_SAVED||871|a0a6a5d5-0485-454a-9c5d-cb30d9e77ee6
2026-03-29 00:26:00|gemini|thinking_0|21|QUESTION_ADVANCE||872|04af775a-6536-4dc4-95b5-f43626458e1e
2026-03-29 00:26:02|gemini|thinking_0|20|QUESTION_SENT||691|f9d4d4d8-0014-47b1-a4ec-cdb15e1d2a98
2026-03-29 00:26:33|gemini|thinking_0|20|JSON_VERIFIED||691|f9d4d4d8-0014-47b1-a4ec-cdb15e1d2a98
2026-03-29 00:26:33|gemini|thinking_0|20|QUESTION|148|691|f9d4d4d8-0014-47b1-a4ec-cdb15e1d2a98
2026-03-29 00:26:33|gemini|thinking_0|20|JSON_SAVED||691|f9d4d4d8-0014-47b1-a4ec-cdb15e1d2a98
2026-03-29 00:26:33|gemini|thinking_0|20|QUESTION_ADVANCE||692|69375a3e-ff2f-42d0-9e9a-45438985ddb8
2026-03-29 00:28:23|gemini|thinking_0|21|QUESTION_SENT||872|04af775a-6536-4dc4-95b5-f43626458e1e
2026-03-29 00:28:56|gemini|thinking_0|21|JSON_VERIFIED||872|04af775a-6536-4dc4-95b5-f43626458e1e
2026-03-29 00:28:56|gemini|thinking_0|21|QUESTION|129|872|04af775a-6536-4dc4-95b5-f43626458e1e
2026-03-29 00:28:56|gemini|thinking_0|21|JSON_SAVED||872|04af775a-6536-4dc4-95b5-f43626458e1e
2026-03-29 00:28:56|gemini|thinking_0|21|QUESTION_ADVANCE||873|04c03524-173e-4ffe-9b3e-7de9a512ba72
2026-03-29 00:29:17|gemini|thinking_0|20|QUESTION_SENT||692|69375a3e-ff2f-42d0-9e9a-45438985ddb8
2026-03-29 00:29:50|gemini|thinking_0|20|JSON_VERIFIED||692|69375a3e-ff2f-42d0-9e9a-45438985ddb8
2026-03-29 00:29:50|gemini|thinking_0|20|QUESTION|149|692|69375a3e-ff2f-42d0-9e9a-45438985ddb8
2026-03-29 00:29:50|gemini|thinking_0|20|JSON_SAVED||692|69375a3e-ff2f-42d0-9e9a-45438985ddb8
2026-03-29 00:29:50|gemini|thinking_0|20|QUESTION_ADVANCE||693|38047ecc-aa67-4466-b445-bda0ab09be6f
2026-03-29 00:31:38|gemini|thinking_0|21|QUESTION_SENT||873|04c03524-173e-4ffe-9b3e-7de9a512ba72
2026-03-29 00:32:17|gemini|thinking_0|21|JSON_VERIFIED||873|04c03524-173e-4ffe-9b3e-7de9a512ba72
2026-03-29 00:32:17|gemini|thinking_0|21|QUESTION|130|873|04c03524-173e-4ffe-9b3e-7de9a512ba72
2026-03-29 00:32:17|gemini|thinking_0|21|JSON_SAVED||873|04c03524-173e-4ffe-9b3e-7de9a512ba72
2026-03-29 00:32:17|gemini|thinking_0|21|QUESTION_ADVANCE||874|10d3f344-567b-427e-85ff-4afbb36ada47
2026-03-29 00:32:31|gemini|thinking_0|20|QUESTION_SENT||693|38047ecc-aa67-4466-b445-bda0ab09be6f
2026-03-29 00:33:11|gemini|thinking_0|20|JSON_VERIFIED||693|38047ecc-aa67-4466-b445-bda0ab09be6f
2026-03-29 00:33:11|gemini|thinking_0|20|QUESTION|150|693|38047ecc-aa67-4466-b445-bda0ab09be6f
2026-03-29 00:33:11|gemini|thinking_0|20|JSON_SAVED||693|38047ecc-aa67-4466-b445-bda0ab09be6f
2026-03-29 00:33:11|gemini|thinking_0|20|QUESTION_ADVANCE||694|5f84d1e3-a173-48eb-ad9c-c855a58c33a7
2026-03-29 00:34:52|gemini|thinking_0|21|QUESTION_SENT||874|10d3f344-567b-427e-85ff-4afbb36ada47
2026-03-29 00:35:28|gemini|thinking_0|21|JSON_VERIFIED||874|10d3f344-567b-427e-85ff-4afbb36ada47
2026-03-29 00:35:28|gemini|thinking_0|21|QUESTION|131|874|10d3f344-567b-427e-85ff-4afbb36ada47
2026-03-29 00:35:28|gemini|thinking_0|21|JSON_SAVED||874|10d3f344-567b-427e-85ff-4afbb36ada47
2026-03-29 00:35:28|gemini|thinking_0|21|QUESTION_ADVANCE||875|6f4ee95f-bd1e-4e68-b0f2-0a791e52a0c2
2026-03-29 00:35:46|gemini|thinking_0|20|QUESTION_SENT||694|5f84d1e3-a173-48eb-ad9c-c855a58c33a7
2026-03-29 00:36:22|gemini|thinking_0|20|JSON_VERIFIED||694|5f84d1e3-a173-48eb-ad9c-c855a58c33a7
2026-03-29 00:36:22|gemini|thinking_0|20|QUESTION|151|694|5f84d1e3-a173-48eb-ad9c-c855a58c33a7
2026-03-29 00:36:22|gemini|thinking_0|20|JSON_SAVED||694|5f84d1e3-a173-48eb-ad9c-c855a58c33a7
2026-03-29 00:36:22|gemini|thinking_0|20|QUESTION_ADVANCE||695|76861f1c-406f-4587-9292-5fe3e91a24a6
2026-03-29 00:38:07|gemini|thinking_0|21|QUESTION_SENT||875|6f4ee95f-bd1e-4e68-b0f2-0a791e52a0c2
2026-03-29 00:38:43|gemini|thinking_0|21|JSON_VERIFIED||875|6f4ee95f-bd1e-4e68-b0f2-0a791e52a0c2
2026-03-29 00:38:43|gemini|thinking_0|21|QUESTION|132|875|6f4ee95f-bd1e-4e68-b0f2-0a791e52a0c2
2026-03-29 00:38:43|gemini|thinking_0|21|JSON_SAVED||875|6f4ee95f-bd1e-4e68-b0f2-0a791e52a0c2
2026-03-29 00:38:43|gemini|thinking_0|21|QUESTION_ADVANCE||876|e4b8bc7f-3796-4b21-b39b-33e0b931d5d3
2026-03-29 00:39:01|gemini|thinking_0|20|QUESTION_SENT||695|76861f1c-406f-4587-9292-5fe3e91a24a6
2026-03-29 00:40:21|gemini|thinking_0|20|JSON_VERIFIED||695|76861f1c-406f-4587-9292-5fe3e91a24a6
2026-03-29 00:40:21|gemini|thinking_0|20|QUESTION|152|695|76861f1c-406f-4587-9292-5fe3e91a24a6
2026-03-29 00:40:21|gemini|thinking_0|20|JSON_SAVED||695|76861f1c-406f-4587-9292-5fe3e91a24a6
2026-03-29 00:40:21|gemini|thinking_0|20|QUESTION_ADVANCE||696|9dfc3ef5-dd60-4826-a88d-0131df472571
2026-03-29 00:41:22|gemini|thinking_0|21|QUESTION_SENT||876|e4b8bc7f-3796-4b21-b39b-33e0b931d5d3
2026-03-29 00:41:58|gemini|thinking_0|21|JSON_VERIFIED||876|e4b8bc7f-3796-4b21-b39b-33e0b931d5d3
2026-03-29 00:41:58|gemini|thinking_0|21|QUESTION|133|876|e4b8bc7f-3796-4b21-b39b-33e0b931d5d3
2026-03-29 00:41:58|gemini|thinking_0|21|JSON_SAVED||876|e4b8bc7f-3796-4b21-b39b-33e0b931d5d3
2026-03-29 00:41:58|gemini|thinking_0|21|QUESTION_ADVANCE||877|7abbf2a1-96c5-4f36-836f-b3a4334885c3
2026-03-29 00:42:16|gemini|thinking_0|20|QUESTION_SENT||696|9dfc3ef5-dd60-4826-a88d-0131df472571
2026-03-29 00:42:47|gemini|thinking_0|20|JSON_VERIFIED||696|9dfc3ef5-dd60-4826-a88d-0131df472571
2026-03-29 00:42:47|gemini|thinking_0|20|QUESTION|153|696|9dfc3ef5-dd60-4826-a88d-0131df472571
2026-03-29 00:42:47|gemini|thinking_0|20|JSON_SAVED||696|9dfc3ef5-dd60-4826-a88d-0131df472571
2026-03-29 00:42:47|gemini|thinking_0|20|QUESTION_ADVANCE||697|7e79d589-83b5-4c56-97de-a422240cca15
2026-03-29 00:44:37|gemini|thinking_0|21|QUESTION_SENT||877|7abbf2a1-96c5-4f36-836f-b3a4334885c3
2026-03-29 00:45:11|gemini|thinking_0|21|JSON_VERIFIED||877|7abbf2a1-96c5-4f36-836f-b3a4334885c3
2026-03-29 00:45:11|gemini|thinking_0|21|QUESTION|134|877|7abbf2a1-96c5-4f36-836f-b3a4334885c3
2026-03-29 00:45:11|gemini|thinking_0|21|JSON_SAVED||877|7abbf2a1-96c5-4f36-836f-b3a4334885c3
2026-03-29 00:45:11|gemini|thinking_0|21|QUESTION_ADVANCE||878|329b046a-e230-4da6-8302-029fcac03dd8
2026-03-29 00:45:31|gemini|thinking_0|20|QUESTION_SENT||697|7e79d589-83b5-4c56-97de-a422240cca15
2026-03-29 00:46:18|gemini|thinking_0|20|JSON_VERIFIED||697|7e79d589-83b5-4c56-97de-a422240cca15
2026-03-29 00:46:18|gemini|thinking_0|20|QUESTION|154|697|7e79d589-83b5-4c56-97de-a422240cca15
2026-03-29 00:46:18|gemini|thinking_0|20|JSON_SAVED||697|7e79d589-83b5-4c56-97de-a422240cca15
2026-03-29 00:46:18|gemini|thinking_0|20|QUESTION_ADVANCE||698|dac13f4b-2533-425d-a097-b4815a85b4fc
2026-03-29 00:47:52|gemini|thinking_0|21|QUESTION_SENT||878|329b046a-e230-4da6-8302-029fcac03dd8
2026-03-29 00:48:37|gemini|thinking_0|21|JSON_VERIFIED||878|329b046a-e230-4da6-8302-029fcac03dd8
2026-03-29 00:48:37|gemini|thinking_0|21|QUESTION|135|878|329b046a-e230-4da6-8302-029fcac03dd8
2026-03-29 00:48:37|gemini|thinking_0|21|JSON_SAVED||878|329b046a-e230-4da6-8302-029fcac03dd8
2026-03-29 00:48:37|gemini|thinking_0|21|QUESTION_ADVANCE||879|eac91fa9-87ed-41b9-86b1-a6109ddcc4f2
2026-03-29 00:48:46|gemini|thinking_0|20|QUESTION_SENT||698|dac13f4b-2533-425d-a097-b4815a85b4fc
2026-03-29 00:49:24|gemini|thinking_0|20|JSON_VERIFIED||698|dac13f4b-2533-425d-a097-b4815a85b4fc
2026-03-29 00:49:24|gemini|thinking_0|20|QUESTION|155|698|dac13f4b-2533-425d-a097-b4815a85b4fc
2026-03-29 00:49:24|gemini|thinking_0|20|JSON_SAVED||698|dac13f4b-2533-425d-a097-b4815a85b4fc
2026-03-29 00:49:24|gemini|thinking_0|20|QUESTION_ADVANCE||699|d623a751-3a0f-4b37-9ec1-0e6b52b3fed8
2026-03-29 00:51:07|gemini|thinking_0|21|QUESTION_SENT||879|eac91fa9-87ed-41b9-86b1-a6109ddcc4f2
2026-03-29 00:51:49|gemini|thinking_0|21|JSON_VERIFIED||879|eac91fa9-87ed-41b9-86b1-a6109ddcc4f2
2026-03-29 00:51:49|gemini|thinking_0|21|QUESTION|136|879|eac91fa9-87ed-41b9-86b1-a6109ddcc4f2
2026-03-29 00:51:49|gemini|thinking_0|21|JSON_SAVED||879|eac91fa9-87ed-41b9-86b1-a6109ddcc4f2
2026-03-29 00:51:49|gemini|thinking_0|21|QUESTION_ADVANCE||880|6e0462bd-8324-4b68-a1c8-a6b3431232d6
2026-03-29 00:52:00|gemini|thinking_0|20|QUESTION_SENT||699|d623a751-3a0f-4b37-9ec1-0e6b52b3fed8
2026-03-29 00:52:32|gemini|thinking_0|20|JSON_VERIFIED||699|d623a751-3a0f-4b37-9ec1-0e6b52b3fed8
2026-03-29 00:52:32|gemini|thinking_0|20|QUESTION|156|699|d623a751-3a0f-4b37-9ec1-0e6b52b3fed8
2026-03-29 00:52:32|gemini|thinking_0|20|JSON_SAVED||699|d623a751-3a0f-4b37-9ec1-0e6b52b3fed8
2026-03-29 00:52:32|gemini|thinking_0|20|QUESTION_ADVANCE||700|5300aba3-7c7b-4d67-83ac-f220b51b0cfa
2026-03-29 00:54:21|gemini|thinking_0|21|QUESTION_SENT||880|6e0462bd-8324-4b68-a1c8-a6b3431232d6
2026-03-29 00:55:02|gemini|thinking_0|21|JSON_VERIFIED||880|6e0462bd-8324-4b68-a1c8-a6b3431232d6
2026-03-29 00:55:02|gemini|thinking_0|21|QUESTION|137|880|6e0462bd-8324-4b68-a1c8-a6b3431232d6
2026-03-29 00:55:02|gemini|thinking_0|21|JSON_SAVED||880|6e0462bd-8324-4b68-a1c8-a6b3431232d6
2026-03-29 00:55:02|gemini|thinking_0|21|QUESTION_ADVANCE||881|84099c08-eb10-4519-ae51-2f6916f966f8
2026-03-29 00:55:15|gemini|thinking_0|20|QUESTION_SENT||700|5300aba3-7c7b-4d67-83ac-f220b51b0cfa
2026-03-29 00:55:48|gemini|thinking_0|20|JSON_VERIFIED||700|5300aba3-7c7b-4d67-83ac-f220b51b0cfa
2026-03-29 00:55:48|gemini|thinking_0|20|QUESTION|157|700|5300aba3-7c7b-4d67-83ac-f220b51b0cfa
2026-03-29 00:55:48|gemini|thinking_0|20|JSON_SAVED||700|5300aba3-7c7b-4d67-83ac-f220b51b0cfa
2026-03-29 00:55:48|gemini|thinking_0|20|QUESTION_ADVANCE||701|764d034f-535d-455f-8d28-34c062bbc2de
2026-03-29 00:57:36|gemini|thinking_0|21|QUESTION_SENT||881|84099c08-eb10-4519-ae51-2f6916f966f8
2026-03-29 00:58:04|gemini|thinking_0|21|JSON_VERIFIED||881|84099c08-eb10-4519-ae51-2f6916f966f8
2026-03-29 00:58:04|gemini|thinking_0|21|QUESTION|138|881|84099c08-eb10-4519-ae51-2f6916f966f8
2026-03-29 00:58:04|gemini|thinking_0|21|JSON_SAVED||881|84099c08-eb10-4519-ae51-2f6916f966f8
2026-03-29 00:58:04|gemini|thinking_0|21|QUESTION_ADVANCE||882|291c0fa1-34de-4729-af95-941eb743b0ee
2026-03-29 00:58:30|gemini|thinking_0|20|QUESTION_SENT||701|764d034f-535d-455f-8d28-34c062bbc2de
2026-03-29 00:59:05|gemini|thinking_0|20|JSON_VERIFIED||701|764d034f-535d-455f-8d28-34c062bbc2de
2026-03-29 00:59:05|gemini|thinking_0|20|QUESTION|158|701|764d034f-535d-455f-8d28-34c062bbc2de
2026-03-29 00:59:05|gemini|thinking_0|20|JSON_SAVED||701|764d034f-535d-455f-8d28-34c062bbc2de
2026-03-29 00:59:05|gemini|thinking_0|20|QUESTION_ADVANCE||702|72e441d2-4359-4ff4-92f4-07b1e968d974
2026-03-29 01:00:51|gemini|thinking_0|21|QUESTION_SENT||882|291c0fa1-34de-4729-af95-941eb743b0ee
2026-03-29 01:01:26|gemini|thinking_0|21|JSON_VERIFIED||882|291c0fa1-34de-4729-af95-941eb743b0ee
2026-03-29 01:01:26|gemini|thinking_0|21|QUESTION|139|882|291c0fa1-34de-4729-af95-941eb743b0ee
2026-03-29 01:01:26|gemini|thinking_0|21|JSON_SAVED||882|291c0fa1-34de-4729-af95-941eb743b0ee
2026-03-29 01:01:26|gemini|thinking_0|21|QUESTION_ADVANCE||883|f94ea628-a92e-4bed-98f5-da39c691b741
2026-03-29 01:01:44|gemini|thinking_0|20|QUESTION_SENT||702|72e441d2-4359-4ff4-92f4-07b1e968d974
2026-03-29 01:02:20|gemini|thinking_0|20|JSON_VERIFIED||702|72e441d2-4359-4ff4-92f4-07b1e968d974
2026-03-29 01:02:20|gemini|thinking_0|20|QUESTION|159|702|72e441d2-4359-4ff4-92f4-07b1e968d974
2026-03-29 01:02:20|gemini|thinking_0|20|JSON_SAVED||702|72e441d2-4359-4ff4-92f4-07b1e968d974
2026-03-29 01:02:20|gemini|thinking_0|20|QUESTION_ADVANCE||703|7739932a-3dda-4e7e-a51d-b06927b68932
2026-03-29 01:04:06|gemini|thinking_0|21|QUESTION_SENT||883|f94ea628-a92e-4bed-98f5-da39c691b741
2026-03-29 01:04:40|gemini|thinking_0|21|JSON_VERIFIED||883|f94ea628-a92e-4bed-98f5-da39c691b741
2026-03-29 01:04:40|gemini|thinking_0|21|QUESTION|140|883|f94ea628-a92e-4bed-98f5-da39c691b741
2026-03-29 01:04:40|gemini|thinking_0|21|JSON_SAVED||883|f94ea628-a92e-4bed-98f5-da39c691b741
2026-03-29 01:04:40|gemini|thinking_0|21|QUESTION_ADVANCE||884|d99319d8-d94a-4d35-8386-dceda43d8081
2026-03-29 01:04:59|gemini|thinking_0|20|QUESTION_SENT||703|7739932a-3dda-4e7e-a51d-b06927b68932
2026-03-29 01:05:30|gemini|thinking_0|20|JSON_VERIFIED||703|7739932a-3dda-4e7e-a51d-b06927b68932
2026-03-29 01:05:30|gemini|thinking_0|20|QUESTION|160|703|7739932a-3dda-4e7e-a51d-b06927b68932
2026-03-29 01:05:30|gemini|thinking_0|20|JSON_SAVED||703|7739932a-3dda-4e7e-a51d-b06927b68932
2026-03-29 01:05:30|gemini|thinking_0|20|QUESTION_ADVANCE||704|c6a1d503-88b7-4b08-97e5-309b32575846
2026-03-29 01:07:20|gemini|thinking_0|21|QUESTION_SENT||884|d99319d8-d94a-4d35-8386-dceda43d8081
2026-03-29 01:07:54|gemini|thinking_0|21|JSON_VERIFIED||884|d99319d8-d94a-4d35-8386-dceda43d8081
2026-03-29 01:07:54|gemini|thinking_0|21|QUESTION|141|884|d99319d8-d94a-4d35-8386-dceda43d8081
2026-03-29 01:07:54|gemini|thinking_0|21|JSON_SAVED||884|d99319d8-d94a-4d35-8386-dceda43d8081
2026-03-29 01:07:54|gemini|thinking_0|21|QUESTION_ADVANCE||885|19962a98-6cdd-46be-bc3a-b065d997ae64
2026-03-29 01:08:13|gemini|thinking_0|20|QUESTION_SENT||704|c6a1d503-88b7-4b08-97e5-309b32575846
2026-03-29 01:08:49|gemini|thinking_0|20|JSON_VERIFIED||704|c6a1d503-88b7-4b08-97e5-309b32575846
2026-03-29 01:08:49|gemini|thinking_0|20|QUESTION|161|704|c6a1d503-88b7-4b08-97e5-309b32575846
2026-03-29 01:08:49|gemini|thinking_0|20|JSON_SAVED||704|c6a1d503-88b7-4b08-97e5-309b32575846
2026-03-29 01:08:49|gemini|thinking_0|20|QUESTION_ADVANCE||705|b0d80145-0874-40c5-b9ed-fc246e833431
2026-03-29 01:10:35|gemini|thinking_0|21|QUESTION_SENT||885|19962a98-6cdd-46be-bc3a-b065d997ae64
2026-03-29 01:11:10|gemini|thinking_0|21|JSON_VERIFIED||885|19962a98-6cdd-46be-bc3a-b065d997ae64
2026-03-29 01:11:10|gemini|thinking_0|21|QUESTION|142|885|19962a98-6cdd-46be-bc3a-b065d997ae64
2026-03-29 01:11:10|gemini|thinking_0|21|JSON_SAVED||885|19962a98-6cdd-46be-bc3a-b065d997ae64
2026-03-29 01:11:10|gemini|thinking_0|21|QUESTION_ADVANCE||886|694ee114-9be3-40a4-a08c-f3d4b212595a
2026-03-29 01:11:28|gemini|thinking_0|20|QUESTION_SENT||705|b0d80145-0874-40c5-b9ed-fc246e833431
2026-03-29 01:12:03|gemini|thinking_0|20|JSON_VERIFIED||705|b0d80145-0874-40c5-b9ed-fc246e833431
2026-03-29 01:12:03|gemini|thinking_0|20|QUESTION|162|705|b0d80145-0874-40c5-b9ed-fc246e833431
2026-03-29 01:12:03|gemini|thinking_0|20|JSON_SAVED||705|b0d80145-0874-40c5-b9ed-fc246e833431
2026-03-29 01:12:03|gemini|thinking_0|20|QUESTION_ADVANCE||706|423ed475-ffdb-46fd-b4aa-1f3e37fc9ced
2026-03-29 01:13:49|gemini|thinking_0|21|QUESTION_SENT||886|694ee114-9be3-40a4-a08c-f3d4b212595a
2026-03-29 01:14:22|gemini|thinking_0|21|JSON_VERIFIED||886|694ee114-9be3-40a4-a08c-f3d4b212595a
2026-03-29 01:14:22|gemini|thinking_0|21|QUESTION|143|886|694ee114-9be3-40a4-a08c-f3d4b212595a
2026-03-29 01:14:22|gemini|thinking_0|21|JSON_SAVED||886|694ee114-9be3-40a4-a08c-f3d4b212595a
2026-03-29 01:14:22|gemini|thinking_0|21|QUESTION_ADVANCE||887|b0dbd1d4-c91d-4506-8c8e-5cff745b7b86
2026-03-29 01:14:43|gemini|thinking_0|20|QUESTION_SENT||706|423ed475-ffdb-46fd-b4aa-1f3e37fc9ced
2026-03-29 01:15:18|gemini|thinking_0|20|JSON_VERIFIED||706|423ed475-ffdb-46fd-b4aa-1f3e37fc9ced
2026-03-29 01:15:18|gemini|thinking_0|20|QUESTION|163|706|423ed475-ffdb-46fd-b4aa-1f3e37fc9ced
2026-03-29 01:15:18|gemini|thinking_0|20|JSON_SAVED||706|423ed475-ffdb-46fd-b4aa-1f3e37fc9ced
2026-03-29 01:15:18|gemini|thinking_0|20|QUESTION_ADVANCE||707|87570d42-b3cb-4bb3-ba64-5d3f8d0c04c4
2026-03-29 01:17:04|gemini|thinking_0|21|QUESTION_SENT||887|b0dbd1d4-c91d-4506-8c8e-5cff745b7b86
2026-03-29 01:17:41|gemini|thinking_0|21|JSON_VERIFIED||887|b0dbd1d4-c91d-4506-8c8e-5cff745b7b86
2026-03-29 01:17:41|gemini|thinking_0|21|QUESTION|144|887|b0dbd1d4-c91d-4506-8c8e-5cff745b7b86
2026-03-29 01:17:41|gemini|thinking_0|21|JSON_SAVED||887|b0dbd1d4-c91d-4506-8c8e-5cff745b7b86
2026-03-29 01:17:41|gemini|thinking_0|21|QUESTION_ADVANCE||888|a22bdd90-767a-4cfa-aa5a-4c9511603ed3
2026-03-29 01:17:58|gemini|thinking_0|20|QUESTION_SENT||707|87570d42-b3cb-4bb3-ba64-5d3f8d0c04c4
2026-03-29 01:18:29|gemini|thinking_0|20|JSON_VERIFIED||707|87570d42-b3cb-4bb3-ba64-5d3f8d0c04c4
2026-03-29 01:18:29|gemini|thinking_0|20|QUESTION|164|707|87570d42-b3cb-4bb3-ba64-5d3f8d0c04c4
2026-03-29 01:18:29|gemini|thinking_0|20|JSON_SAVED||707|87570d42-b3cb-4bb3-ba64-5d3f8d0c04c4
2026-03-29 01:18:29|gemini|thinking_0|20|QUESTION_ADVANCE||708|27641403-b0ba-4542-97a9-5e35b677b8a2
2026-03-29 01:20:19|gemini|thinking_0|21|QUESTION_SENT||888|a22bdd90-767a-4cfa-aa5a-4c9511603ed3
2026-03-29 01:20:53|gemini|thinking_0|21|JSON_VERIFIED||888|a22bdd90-767a-4cfa-aa5a-4c9511603ed3
2026-03-29 01:20:53|gemini|thinking_0|21|QUESTION|145|888|a22bdd90-767a-4cfa-aa5a-4c9511603ed3
2026-03-29 01:20:53|gemini|thinking_0|21|JSON_SAVED||888|a22bdd90-767a-4cfa-aa5a-4c9511603ed3
2026-03-29 01:20:53|gemini|thinking_0|21|QUESTION_ADVANCE||889|a41746a8-8b9c-4918-9094-70abea33cd47
2026-03-29 01:21:13|gemini|thinking_0|20|QUESTION_SENT||708|27641403-b0ba-4542-97a9-5e35b677b8a2
2026-03-29 01:21:48|gemini|thinking_0|20|JSON_VERIFIED||708|27641403-b0ba-4542-97a9-5e35b677b8a2
2026-03-29 01:21:48|gemini|thinking_0|20|QUESTION|165|708|27641403-b0ba-4542-97a9-5e35b677b8a2
2026-03-29 01:21:48|gemini|thinking_0|20|JSON_SAVED||708|27641403-b0ba-4542-97a9-5e35b677b8a2
2026-03-29 01:21:48|gemini|thinking_0|20|QUESTION_ADVANCE||709|f49e5c1b-b558-42c2-82c4-8775593a777e
2026-03-29 01:23:33|gemini|thinking_0|21|QUESTION_SENT||889|a41746a8-8b9c-4918-9094-70abea33cd47
2026-03-29 01:24:03|gemini|thinking_0|21|JSON_VERIFIED||889|a41746a8-8b9c-4918-9094-70abea33cd47
2026-03-29 01:24:03|gemini|thinking_0|21|QUESTION|146|889|a41746a8-8b9c-4918-9094-70abea33cd47
2026-03-29 01:24:03|gemini|thinking_0|21|JSON_SAVED||889|a41746a8-8b9c-4918-9094-70abea33cd47
2026-03-29 01:24:03|gemini|thinking_0|21|QUESTION_ADVANCE||890|b638f5cf-b968-403e-8eaf-3fdcdad1c9f1
2026-03-29 01:24:27|gemini|thinking_0|20|QUESTION_SENT||709|f49e5c1b-b558-42c2-82c4-8775593a777e
2026-03-29 01:25:00|gemini|thinking_0|20|JSON_VERIFIED||709|f49e5c1b-b558-42c2-82c4-8775593a777e
2026-03-29 01:25:00|gemini|thinking_0|20|QUESTION|166|709|f49e5c1b-b558-42c2-82c4-8775593a777e
2026-03-29 01:25:00|gemini|thinking_0|20|JSON_SAVED||709|f49e5c1b-b558-42c2-82c4-8775593a777e
2026-03-29 01:25:00|gemini|thinking_0|20|QUESTION_ADVANCE||710|b40ddfef-2732-4d97-85b0-a73c813c60d4
2026-03-29 01:26:48|gemini|thinking_0|21|QUESTION_SENT||890|b638f5cf-b968-403e-8eaf-3fdcdad1c9f1
2026-03-29 01:27:18|gemini|thinking_0|21|JSON_VERIFIED||890|b638f5cf-b968-403e-8eaf-3fdcdad1c9f1
2026-03-29 01:27:18|gemini|thinking_0|21|QUESTION|147|890|b638f5cf-b968-403e-8eaf-3fdcdad1c9f1
2026-03-29 01:27:18|gemini|thinking_0|21|JSON_SAVED||890|b638f5cf-b968-403e-8eaf-3fdcdad1c9f1
2026-03-29 01:27:18|gemini|thinking_0|21|QUESTION_ADVANCE||891|a658a88d-3235-49ec-8aaf-6d16314677e9
2026-03-29 01:27:42|gemini|thinking_0|20|QUESTION_SENT||710|b40ddfef-2732-4d97-85b0-a73c813c60d4
2026-03-29 01:28:13|gemini|thinking_0|20|JSON_VERIFIED||710|b40ddfef-2732-4d97-85b0-a73c813c60d4
2026-03-29 01:28:13|gemini|thinking_0|20|QUESTION|167|710|b40ddfef-2732-4d97-85b0-a73c813c60d4
2026-03-29 01:28:13|gemini|thinking_0|20|JSON_SAVED||710|b40ddfef-2732-4d97-85b0-a73c813c60d4
2026-03-29 01:28:13|gemini|thinking_0|20|QUESTION_ADVANCE||711|2c897100-d24a-4b06-85c5-63ec0f048ad8
2026-03-29 01:30:03|gemini|thinking_0|21|QUESTION_SENT||891|a658a88d-3235-49ec-8aaf-6d16314677e9
2026-03-29 01:30:36|gemini|thinking_0|21|JSON_VERIFIED||891|a658a88d-3235-49ec-8aaf-6d16314677e9
2026-03-29 01:30:36|gemini|thinking_0|21|QUESTION|148|891|a658a88d-3235-49ec-8aaf-6d16314677e9
2026-03-29 01:30:36|gemini|thinking_0|21|JSON_SAVED||891|a658a88d-3235-49ec-8aaf-6d16314677e9
2026-03-29 01:30:36|gemini|thinking_0|21|QUESTION_ADVANCE||892|aeaa14ba-e2c7-498e-b99d-1495b1e060d6
2026-03-29 01:30:56|gemini|thinking_0|20|QUESTION_SENT||711|2c897100-d24a-4b06-85c5-63ec0f048ad8
2026-03-29 01:31:29|gemini|thinking_0|20|JSON_VERIFIED||711|2c897100-d24a-4b06-85c5-63ec0f048ad8
2026-03-29 01:31:29|gemini|thinking_0|20|QUESTION|168|711|2c897100-d24a-4b06-85c5-63ec0f048ad8
2026-03-29 01:31:29|gemini|thinking_0|20|JSON_SAVED||711|2c897100-d24a-4b06-85c5-63ec0f048ad8
2026-03-29 01:31:29|gemini|thinking_0|20|QUESTION_ADVANCE||712|687a959c-cd5b-4140-9785-66c7b2b2d5c1
2026-03-29 01:33:18|gemini|thinking_0|21|QUESTION_SENT||892|aeaa14ba-e2c7-498e-b99d-1495b1e060d6
2026-03-29 01:34:00|gemini|thinking_0|21|JSON_VERIFIED||892|aeaa14ba-e2c7-498e-b99d-1495b1e060d6
2026-03-29 01:34:00|gemini|thinking_0|21|QUESTION|149|892|aeaa14ba-e2c7-498e-b99d-1495b1e060d6
2026-03-29 01:34:00|gemini|thinking_0|21|JSON_SAVED||892|aeaa14ba-e2c7-498e-b99d-1495b1e060d6
2026-03-29 01:34:00|gemini|thinking_0|21|QUESTION_ADVANCE||893|fb914ddb-139f-42ad-85e1-3ef71d2f3b40
2026-03-29 01:34:11|gemini|thinking_0|20|QUESTION_SENT||712|687a959c-cd5b-4140-9785-66c7b2b2d5c1
2026-03-29 01:34:45|gemini|thinking_0|20|JSON_VERIFIED||712|687a959c-cd5b-4140-9785-66c7b2b2d5c1
2026-03-29 01:34:45|gemini|thinking_0|20|QUESTION|169|712|687a959c-cd5b-4140-9785-66c7b2b2d5c1
2026-03-29 01:34:45|gemini|thinking_0|20|JSON_SAVED||712|687a959c-cd5b-4140-9785-66c7b2b2d5c1
2026-03-29 01:34:45|gemini|thinking_0|20|QUESTION_ADVANCE||713|42197f04-0b5d-44a4-b470-0290087c764e
2026-03-29 01:36:32|gemini|thinking_0|21|QUESTION_SENT||893|fb914ddb-139f-42ad-85e1-3ef71d2f3b40
2026-03-29 01:37:08|gemini|thinking_0|21|JSON_VERIFIED||893|fb914ddb-139f-42ad-85e1-3ef71d2f3b40
2026-03-29 01:37:08|gemini|thinking_0|21|QUESTION|150|893|fb914ddb-139f-42ad-85e1-3ef71d2f3b40
2026-03-29 01:37:08|gemini|thinking_0|21|JSON_SAVED||893|fb914ddb-139f-42ad-85e1-3ef71d2f3b40
2026-03-29 01:37:08|gemini|thinking_0|21|QUESTION_ADVANCE||894|6de6b127-8ff3-4946-83ea-bcc10c55305f
2026-03-29 01:37:26|gemini|thinking_0|20|QUESTION_SENT||713|42197f04-0b5d-44a4-b470-0290087c764e
2026-03-29 01:37:57|gemini|thinking_0|20|JSON_VERIFIED||713|42197f04-0b5d-44a4-b470-0290087c764e
2026-03-29 01:37:57|gemini|thinking_0|20|QUESTION|170|713|42197f04-0b5d-44a4-b470-0290087c764e
2026-03-29 01:37:57|gemini|thinking_0|20|JSON_SAVED||713|42197f04-0b5d-44a4-b470-0290087c764e
2026-03-29 01:37:57|gemini|thinking_0|20|QUESTION_ADVANCE||714|3036f53a-45e3-4983-a9d9-4d984edd1ba5
2026-03-29 01:39:47|gemini|thinking_0|21|QUESTION_SENT||894|6de6b127-8ff3-4946-83ea-bcc10c55305f
2026-03-29 01:40:21|gemini|thinking_0|21|JSON_VERIFIED||894|6de6b127-8ff3-4946-83ea-bcc10c55305f
2026-03-29 01:40:21|gemini|thinking_0|21|QUESTION|151|894|6de6b127-8ff3-4946-83ea-bcc10c55305f
2026-03-29 01:40:21|gemini|thinking_0|21|JSON_SAVED||894|6de6b127-8ff3-4946-83ea-bcc10c55305f
2026-03-29 01:40:21|gemini|thinking_0|21|QUESTION_ADVANCE||895|40ab531d-119d-4b06-b30a-0d7e70ef09ab
2026-03-29 01:40:40|gemini|thinking_0|20|QUESTION_SENT||714|3036f53a-45e3-4983-a9d9-4d984edd1ba5
2026-03-29 01:41:13|gemini|thinking_0|20|JSON_VERIFIED||714|3036f53a-45e3-4983-a9d9-4d984edd1ba5
2026-03-29 01:41:13|gemini|thinking_0|20|QUESTION|171|714|3036f53a-45e3-4983-a9d9-4d984edd1ba5
2026-03-29 01:41:13|gemini|thinking_0|20|JSON_SAVED||714|3036f53a-45e3-4983-a9d9-4d984edd1ba5
2026-03-29 01:41:13|gemini|thinking_0|20|QUESTION_ADVANCE||715|6a046af9-b2a2-4a46-b3cb-1ee2585dae43
2026-03-29 01:43:01|gemini|thinking_0|21|QUESTION_SENT||895|40ab531d-119d-4b06-b30a-0d7e70ef09ab
2026-03-29 01:43:34|gemini|thinking_0|21|JSON_VERIFIED||895|40ab531d-119d-4b06-b30a-0d7e70ef09ab
2026-03-29 01:43:34|gemini|thinking_0|21|QUESTION|152|895|40ab531d-119d-4b06-b30a-0d7e70ef09ab
2026-03-29 01:43:34|gemini|thinking_0|21|JSON_SAVED||895|40ab531d-119d-4b06-b30a-0d7e70ef09ab
2026-03-29 01:43:34|gemini|thinking_0|21|QUESTION_ADVANCE||896|2d1e0c1f-f514-488a-9848-09983dcba1fe
2026-03-29 01:43:55|gemini|thinking_0|20|QUESTION_SENT||715|6a046af9-b2a2-4a46-b3cb-1ee2585dae43
2026-03-29 01:44:28|gemini|thinking_0|20|JSON_VERIFIED||715|6a046af9-b2a2-4a46-b3cb-1ee2585dae43
2026-03-29 01:44:28|gemini|thinking_0|20|QUESTION|172|715|6a046af9-b2a2-4a46-b3cb-1ee2585dae43
2026-03-29 01:44:28|gemini|thinking_0|20|JSON_SAVED||715|6a046af9-b2a2-4a46-b3cb-1ee2585dae43
2026-03-29 01:44:28|gemini|thinking_0|20|QUESTION_ADVANCE||716|9e2b34a9-8749-4114-ac1e-27c230c39bf6
2026-03-29 01:46:16|gemini|thinking_0|21|QUESTION_SENT||896|2d1e0c1f-f514-488a-9848-09983dcba1fe
2026-03-29 01:46:50|gemini|thinking_0|21|JSON_VERIFIED||896|2d1e0c1f-f514-488a-9848-09983dcba1fe
2026-03-29 01:46:50|gemini|thinking_0|21|QUESTION|153|896|2d1e0c1f-f514-488a-9848-09983dcba1fe
2026-03-29 01:46:50|gemini|thinking_0|21|JSON_SAVED||896|2d1e0c1f-f514-488a-9848-09983dcba1fe
2026-03-29 01:46:50|gemini|thinking_0|21|QUESTION_ADVANCE||897|bffc30ed-96b3-4e1d-bb75-1814110d1384
2026-03-29 01:47:10|gemini|thinking_0|20|QUESTION_SENT||716|9e2b34a9-8749-4114-ac1e-27c230c39bf6
2026-03-29 01:47:45|gemini|thinking_0|20|JSON_VERIFIED||716|9e2b34a9-8749-4114-ac1e-27c230c39bf6
2026-03-29 01:47:45|gemini|thinking_0|20|QUESTION|173|716|9e2b34a9-8749-4114-ac1e-27c230c39bf6
2026-03-29 01:47:45|gemini|thinking_0|20|JSON_SAVED||716|9e2b34a9-8749-4114-ac1e-27c230c39bf6
2026-03-29 01:47:45|gemini|thinking_0|20|QUESTION_ADVANCE||717|49cb6ca8-666b-4499-985f-735db974b7f1
2026-03-29 01:49:30|gemini|thinking_0|21|QUESTION_SENT||897|bffc30ed-96b3-4e1d-bb75-1814110d1384
2026-03-29 01:50:05|gemini|thinking_0|21|JSON_VERIFIED||897|bffc30ed-96b3-4e1d-bb75-1814110d1384
2026-03-29 01:50:05|gemini|thinking_0|21|QUESTION|154|897|bffc30ed-96b3-4e1d-bb75-1814110d1384
2026-03-29 01:50:05|gemini|thinking_0|21|JSON_SAVED||897|bffc30ed-96b3-4e1d-bb75-1814110d1384
2026-03-29 01:50:05|gemini|thinking_0|21|QUESTION_ADVANCE||898|9441d4f9-de20-42a5-8e5e-4ad87c2852c7
2026-03-29 01:50:25|gemini|thinking_0|20|QUESTION_SENT||717|49cb6ca8-666b-4499-985f-735db974b7f1
2026-03-29 01:51:04|gemini|thinking_0|20|JSON_VERIFIED||717|49cb6ca8-666b-4499-985f-735db974b7f1
2026-03-29 01:51:04|gemini|thinking_0|20|QUESTION|174|717|49cb6ca8-666b-4499-985f-735db974b7f1
2026-03-29 01:51:04|gemini|thinking_0|20|JSON_SAVED||717|49cb6ca8-666b-4499-985f-735db974b7f1
2026-03-29 01:51:04|gemini|thinking_0|20|QUESTION_ADVANCE||718|39fad425-2a49-4594-a7db-77b6b2ba3c91
2026-03-29 01:52:45|gemini|thinking_0|21|QUESTION_SENT||898|9441d4f9-de20-42a5-8e5e-4ad87c2852c7
2026-03-29 01:53:19|gemini|thinking_0|21|JSON_VERIFIED||898|9441d4f9-de20-42a5-8e5e-4ad87c2852c7
2026-03-29 01:53:19|gemini|thinking_0|21|QUESTION|155|898|9441d4f9-de20-42a5-8e5e-4ad87c2852c7
2026-03-29 01:53:19|gemini|thinking_0|21|JSON_SAVED||898|9441d4f9-de20-42a5-8e5e-4ad87c2852c7
2026-03-29 01:53:19|gemini|thinking_0|21|QUESTION_ADVANCE||899|4d034cc8-e95e-41c0-b36e-7151f06582d5
2026-03-29 01:53:39|gemini|thinking_0|20|QUESTION_SENT||718|39fad425-2a49-4594-a7db-77b6b2ba3c91
2026-03-29 01:54:15|gemini|thinking_0|20|JSON_VERIFIED||718|39fad425-2a49-4594-a7db-77b6b2ba3c91
2026-03-29 01:54:15|gemini|thinking_0|20|QUESTION|175|718|39fad425-2a49-4594-a7db-77b6b2ba3c91
2026-03-29 01:54:15|gemini|thinking_0|20|JSON_SAVED||718|39fad425-2a49-4594-a7db-77b6b2ba3c91
2026-03-29 01:54:15|gemini|thinking_0|20|QUESTION_ADVANCE||719|4e406381-876d-4d1a-bc41-ed7a415e5dcc
2026-03-29 01:56:00|gemini|thinking_0|21|QUESTION_SENT||899|4d034cc8-e95e-41c0-b36e-7151f06582d5
2026-03-29 01:56:35|gemini|thinking_0|21|JSON_VERIFIED||899|4d034cc8-e95e-41c0-b36e-7151f06582d5
2026-03-29 01:56:35|gemini|thinking_0|21|QUESTION|156|899|4d034cc8-e95e-41c0-b36e-7151f06582d5
2026-03-29 01:56:35|gemini|thinking_0|21|JSON_SAVED||899|4d034cc8-e95e-41c0-b36e-7151f06582d5
2026-03-29 01:56:35|gemini|thinking_0|21|QUESTION_ADVANCE||900|f0789d3e-50fb-485f-ba38-3dd74eeae727
2026-03-29 01:56:54|gemini|thinking_0|20|QUESTION_SENT||719|4e406381-876d-4d1a-bc41-ed7a415e5dcc
2026-03-29 01:57:27|gemini|thinking_0|20|JSON_VERIFIED||719|4e406381-876d-4d1a-bc41-ed7a415e5dcc
2026-03-29 01:57:27|gemini|thinking_0|20|QUESTION|176|719|4e406381-876d-4d1a-bc41-ed7a415e5dcc
2026-03-29 01:57:27|gemini|thinking_0|20|JSON_SAVED||719|4e406381-876d-4d1a-bc41-ed7a415e5dcc
2026-03-29 01:57:27|gemini|thinking_0|20|QUESTION_ADVANCE||720|48dbed26-72c5-4653-add9-ec4c21d83153
2026-03-29 01:59:14|gemini|thinking_0|21|QUESTION_SENT||900|f0789d3e-50fb-485f-ba38-3dd74eeae727
2026-03-29 01:59:55|gemini|thinking_0|21|JSON_VERIFIED||900|f0789d3e-50fb-485f-ba38-3dd74eeae727
2026-03-29 01:59:55|gemini|thinking_0|21|QUESTION|157|900|f0789d3e-50fb-485f-ba38-3dd74eeae727
2026-03-29 01:59:55|gemini|thinking_0|21|JSON_SAVED||900|f0789d3e-50fb-485f-ba38-3dd74eeae727
2026-03-29 01:59:55|gemini|thinking_0|21|QUESTION_ADVANCE||901|df828d6e-6f1d-456f-9d82-05c48dbb934b
2026-03-29 02:00:09|gemini|thinking_0|20|QUESTION_SENT||720|48dbed26-72c5-4653-add9-ec4c21d83153
2026-03-29 02:00:40|gemini|thinking_0|20|JSON_VERIFIED||720|48dbed26-72c5-4653-add9-ec4c21d83153
2026-03-29 02:00:40|gemini|thinking_0|20|QUESTION|177|720|48dbed26-72c5-4653-add9-ec4c21d83153
2026-03-29 02:00:40|gemini|thinking_0|20|JSON_SAVED||720|48dbed26-72c5-4653-add9-ec4c21d83153
2026-03-29 02:00:40|gemini|thinking_0|20|QUESTION_ADVANCE||721|db8dcc47-d7fb-4a5a-8f4c-7ae5a6093377
2026-03-29 02:02:29|gemini|thinking_0|21|QUESTION_SENT||901|df828d6e-6f1d-456f-9d82-05c48dbb934b
2026-03-29 02:03:03|gemini|thinking_0|21|JSON_VERIFIED||901|df828d6e-6f1d-456f-9d82-05c48dbb934b
2026-03-29 02:03:03|gemini|thinking_0|21|QUESTION|158|901|df828d6e-6f1d-456f-9d82-05c48dbb934b
2026-03-29 02:03:03|gemini|thinking_0|21|JSON_SAVED||901|df828d6e-6f1d-456f-9d82-05c48dbb934b
2026-03-29 02:03:03|gemini|thinking_0|21|QUESTION_ADVANCE||902|d99b31a7-37d0-42f5-b087-f04c414ecd58
2026-03-29 02:03:23|gemini|thinking_0|20|QUESTION_SENT||721|db8dcc47-d7fb-4a5a-8f4c-7ae5a6093377
2026-03-29 02:03:59|gemini|thinking_0|20|JSON_VERIFIED||721|db8dcc47-d7fb-4a5a-8f4c-7ae5a6093377
2026-03-29 02:03:59|gemini|thinking_0|20|QUESTION|178|721|db8dcc47-d7fb-4a5a-8f4c-7ae5a6093377
2026-03-29 02:03:59|gemini|thinking_0|20|JSON_SAVED||721|db8dcc47-d7fb-4a5a-8f4c-7ae5a6093377
2026-03-29 02:03:59|gemini|thinking_0|20|QUESTION_ADVANCE||722|786e0d83-8a8f-4658-9c29-5e2f0d4170ef
2026-03-29 02:05:43|gemini|thinking_0|21|QUESTION_SENT||902|d99b31a7-37d0-42f5-b087-f04c414ecd58
2026-03-29 02:06:13|gemini|thinking_0|21|JSON_VERIFIED||902|d99b31a7-37d0-42f5-b087-f04c414ecd58
2026-03-29 02:06:13|gemini|thinking_0|21|QUESTION|159|902|d99b31a7-37d0-42f5-b087-f04c414ecd58
2026-03-29 02:06:13|gemini|thinking_0|21|JSON_SAVED||902|d99b31a7-37d0-42f5-b087-f04c414ecd58
2026-03-29 02:06:13|gemini|thinking_0|21|QUESTION_ADVANCE||903|54d21573-1efb-4098-a428-778303a34a16
2026-03-29 02:06:38|gemini|thinking_0|20|QUESTION_SENT||722|786e0d83-8a8f-4658-9c29-5e2f0d4170ef
2026-03-29 02:07:15|gemini|thinking_0|20|JSON_VERIFIED||722|786e0d83-8a8f-4658-9c29-5e2f0d4170ef
2026-03-29 02:07:15|gemini|thinking_0|20|QUESTION|179|722|786e0d83-8a8f-4658-9c29-5e2f0d4170ef
2026-03-29 02:07:15|gemini|thinking_0|20|JSON_SAVED||722|786e0d83-8a8f-4658-9c29-5e2f0d4170ef
2026-03-29 02:07:15|gemini|thinking_0|20|QUESTION_ADVANCE||723|b40a2671-aa82-410e-b4ec-86beb1569802
2026-03-29 02:08:58|gemini|thinking_0|21|QUESTION_SENT||903|54d21573-1efb-4098-a428-778303a34a16
2026-03-29 02:09:37|gemini|thinking_0|21|JSON_VERIFIED||903|54d21573-1efb-4098-a428-778303a34a16
2026-03-29 02:09:37|gemini|thinking_0|21|QUESTION|160|903|54d21573-1efb-4098-a428-778303a34a16
2026-03-29 02:09:37|gemini|thinking_0|21|JSON_SAVED||903|54d21573-1efb-4098-a428-778303a34a16
2026-03-29 02:09:37|gemini|thinking_0|21|QUESTION_ADVANCE||904|804c7f0f-465f-4e22-84f8-505ee236c6b1
2026-03-29 02:09:53|gemini|thinking_0|20|QUESTION_SENT||723|b40a2671-aa82-410e-b4ec-86beb1569802
2026-03-29 02:10:25|gemini|thinking_0|20|JSON_VERIFIED||723|b40a2671-aa82-410e-b4ec-86beb1569802
2026-03-29 02:10:25|gemini|thinking_0|20|QUESTION|180|723|b40a2671-aa82-410e-b4ec-86beb1569802
2026-03-29 02:10:25|gemini|thinking_0|20|JSON_SAVED||723|b40a2671-aa82-410e-b4ec-86beb1569802
2026-03-29 02:10:25|gemini|thinking_0|20|QUESTION_ADVANCE||724|bdd31077-b160-499d-8ce7-cf411f7aa4c6
2026-03-29 02:12:13|gemini|thinking_0|21|QUESTION_SENT||904|804c7f0f-465f-4e22-84f8-505ee236c6b1
2026-03-29 02:13:07|gemini|thinking_0|20|QUESTION_SENT||724|bdd31077-b160-499d-8ce7-cf411f7aa4c6
2026-03-29 02:13:49|gemini|thinking_0|20|JSON_VERIFIED||724|bdd31077-b160-499d-8ce7-cf411f7aa4c6
2026-03-29 02:13:49|gemini|thinking_0|20|QUESTION|181|724|bdd31077-b160-499d-8ce7-cf411f7aa4c6
2026-03-29 02:13:49|gemini|thinking_0|20|JSON_SAVED||724|bdd31077-b160-499d-8ce7-cf411f7aa4c6
2026-03-29 02:13:49|gemini|thinking_0|20|QUESTION_ADVANCE||725|4b2f501d-194a-4990-8161-2ac2c07600eb
2026-03-29 02:16:22|gemini|thinking_0|20|QUESTION_SENT||725|4b2f501d-194a-4990-8161-2ac2c07600eb
2026-03-29 02:17:02|gemini|thinking_0|20|JSON_VERIFIED||725|4b2f501d-194a-4990-8161-2ac2c07600eb
2026-03-29 02:17:02|gemini|thinking_0|20|QUESTION|182|725|4b2f501d-194a-4990-8161-2ac2c07600eb
2026-03-29 02:17:02|gemini|thinking_0|20|JSON_SAVED||725|4b2f501d-194a-4990-8161-2ac2c07600eb
2026-03-29 02:17:02|gemini|thinking_0|20|QUESTION_ADVANCE||726|9ca4fe9a-6dbd-4053-9454-db470e2409fe
2026-03-29 02:19:37|gemini|thinking_0|20|QUESTION_SENT||726|9ca4fe9a-6dbd-4053-9454-db470e2409fe
2026-03-29 02:20:08|gemini|thinking_0|20|JSON_VERIFIED||726|9ca4fe9a-6dbd-4053-9454-db470e2409fe
2026-03-29 02:20:08|gemini|thinking_0|20|QUESTION|183|726|9ca4fe9a-6dbd-4053-9454-db470e2409fe
2026-03-29 02:20:08|gemini|thinking_0|20|JSON_SAVED||726|9ca4fe9a-6dbd-4053-9454-db470e2409fe
2026-03-29 02:20:08|gemini|thinking_0|20|QUESTION_ADVANCE||727|b8a8364e-020d-445c-8624-3a48ead46ddb
2026-03-29 02:22:51|gemini|thinking_0|20|QUESTION_SENT||727|b8a8364e-020d-445c-8624-3a48ead46ddb
2026-03-29 02:23:27|gemini|thinking_0|20|JSON_VERIFIED||727|b8a8364e-020d-445c-8624-3a48ead46ddb
2026-03-29 02:23:27|gemini|thinking_0|20|QUESTION|184|727|b8a8364e-020d-445c-8624-3a48ead46ddb
2026-03-29 02:23:27|gemini|thinking_0|20|JSON_SAVED||727|b8a8364e-020d-445c-8624-3a48ead46ddb
2026-03-29 02:23:27|gemini|thinking_0|20|QUESTION_ADVANCE||728|b6018bc1-233a-4def-bfbd-fcb455d55ce3
2026-03-29 02:26:06|gemini|thinking_0|20|QUESTION_SENT||728|b6018bc1-233a-4def-bfbd-fcb455d55ce3
2026-03-29 02:26:42|gemini|thinking_0|20|JSON_VERIFIED||728|b6018bc1-233a-4def-bfbd-fcb455d55ce3
2026-03-29 02:26:42|gemini|thinking_0|20|QUESTION|185|728|b6018bc1-233a-4def-bfbd-fcb455d55ce3
2026-03-29 02:26:42|gemini|thinking_0|20|JSON_SAVED||728|b6018bc1-233a-4def-bfbd-fcb455d55ce3
2026-03-29 02:26:42|gemini|thinking_0|20|QUESTION_ADVANCE||729|627f19ae-d925-472a-b1be-154b189f34cb
2026-03-29 02:29:21|gemini|thinking_0|20|QUESTION_SENT||729|627f19ae-d925-472a-b1be-154b189f34cb
2026-03-29 02:29:57|gemini|thinking_0|20|JSON_VERIFIED||729|627f19ae-d925-472a-b1be-154b189f34cb
2026-03-29 02:29:57|gemini|thinking_0|20|QUESTION|186|729|627f19ae-d925-472a-b1be-154b189f34cb
2026-03-29 02:29:57|gemini|thinking_0|20|JSON_SAVED||729|627f19ae-d925-472a-b1be-154b189f34cb
2026-03-29 02:29:57|gemini|thinking_0|20|QUESTION_ADVANCE||730|1854a6a5-2ecc-47b9-a5b2-cd0362bda414
2026-03-29 02:32:36|gemini|thinking_0|20|QUESTION_SENT||730|1854a6a5-2ecc-47b9-a5b2-cd0362bda414
2026-03-29 02:33:09|gemini|thinking_0|20|JSON_VERIFIED||730|1854a6a5-2ecc-47b9-a5b2-cd0362bda414
2026-03-29 02:33:09|gemini|thinking_0|20|QUESTION|187|730|1854a6a5-2ecc-47b9-a5b2-cd0362bda414
2026-03-29 02:33:09|gemini|thinking_0|20|JSON_SAVED||730|1854a6a5-2ecc-47b9-a5b2-cd0362bda414
2026-03-29 02:33:09|gemini|thinking_0|20|QUESTION_ADVANCE||731|d03b5a4d-c1fb-41c1-a3fc-e8d2e4fcbc2d
2026-03-29 02:35:51|gemini|thinking_0|20|QUESTION_SENT||731|d03b5a4d-c1fb-41c1-a3fc-e8d2e4fcbc2d
2026-03-29 02:36:19|gemini|thinking_0|20|JSON_VERIFIED||731|d03b5a4d-c1fb-41c1-a3fc-e8d2e4fcbc2d
2026-03-29 02:36:19|gemini|thinking_0|20|QUESTION|188|731|d03b5a4d-c1fb-41c1-a3fc-e8d2e4fcbc2d
2026-03-29 02:36:19|gemini|thinking_0|20|JSON_SAVED||731|d03b5a4d-c1fb-41c1-a3fc-e8d2e4fcbc2d
2026-03-29 02:36:19|gemini|thinking_0|20|QUESTION_ADVANCE||732|e87ab9ab-ff08-4ef0-b531-ad004ea1e57d
2026-03-29 02:39:06|gemini|thinking_0|20|QUESTION_SENT||732|e87ab9ab-ff08-4ef0-b531-ad004ea1e57d
2026-03-29 02:39:40|gemini|thinking_0|20|JSON_VERIFIED||732|e87ab9ab-ff08-4ef0-b531-ad004ea1e57d
2026-03-29 02:39:40|gemini|thinking_0|20|QUESTION|189|732|e87ab9ab-ff08-4ef0-b531-ad004ea1e57d
2026-03-29 02:39:40|gemini|thinking_0|20|JSON_SAVED||732|e87ab9ab-ff08-4ef0-b531-ad004ea1e57d
2026-03-29 02:39:40|gemini|thinking_0|20|QUESTION_ADVANCE||733|6c0feb99-ff1b-4681-a316-4e692ae2e149
2026-03-29 02:42:20|gemini|thinking_0|20|QUESTION_SENT||733|6c0feb99-ff1b-4681-a316-4e692ae2e149
2026-03-29 02:42:57|gemini|thinking_0|20|JSON_VERIFIED||733|6c0feb99-ff1b-4681-a316-4e692ae2e149
2026-03-29 02:42:57|gemini|thinking_0|20|QUESTION|190|733|6c0feb99-ff1b-4681-a316-4e692ae2e149
2026-03-29 02:42:57|gemini|thinking_0|20|JSON_SAVED||733|6c0feb99-ff1b-4681-a316-4e692ae2e149
2026-03-29 02:42:57|gemini|thinking_0|20|QUESTION_ADVANCE||734|f8a39a12-35b8-4bb1-9b53-991e790518fc
2026-03-29 02:45:35|gemini|thinking_0|20|QUESTION_SENT||734|f8a39a12-35b8-4bb1-9b53-991e790518fc
2026-03-29 02:46:12|gemini|thinking_0|20|JSON_VERIFIED||734|f8a39a12-35b8-4bb1-9b53-991e790518fc
2026-03-29 02:46:12|gemini|thinking_0|20|QUESTION|191|734|f8a39a12-35b8-4bb1-9b53-991e790518fc
2026-03-29 02:46:12|gemini|thinking_0|20|JSON_SAVED||734|f8a39a12-35b8-4bb1-9b53-991e790518fc
2026-03-29 02:46:12|gemini|thinking_0|20|QUESTION_ADVANCE||735|c769e5c3-56c8-4bc6-b58d-f3566b3f8fb4
2026-03-29 02:48:50|gemini|thinking_0|20|QUESTION_SENT||735|c769e5c3-56c8-4bc6-b58d-f3566b3f8fb4
2026-03-29 02:49:23|gemini|thinking_0|20|JSON_VERIFIED||735|c769e5c3-56c8-4bc6-b58d-f3566b3f8fb4
2026-03-29 02:49:23|gemini|thinking_0|20|QUESTION|192|735|c769e5c3-56c8-4bc6-b58d-f3566b3f8fb4
2026-03-29 02:49:23|gemini|thinking_0|20|JSON_SAVED||735|c769e5c3-56c8-4bc6-b58d-f3566b3f8fb4
2026-03-29 02:49:23|gemini|thinking_0|20|QUESTION_ADVANCE||736|a1ee19cd-c07b-4602-b4de-7b97d68d401e
2026-03-29 02:52:05|gemini|thinking_0|20|QUESTION_SENT||736|a1ee19cd-c07b-4602-b4de-7b97d68d401e
2026-03-29 02:53:03|gemini|thinking_0|20|JSON_VERIFIED||736|a1ee19cd-c07b-4602-b4de-7b97d68d401e
2026-03-29 02:53:03|gemini|thinking_0|20|QUESTION|193|736|a1ee19cd-c07b-4602-b4de-7b97d68d401e
2026-03-29 02:53:03|gemini|thinking_0|20|JSON_SAVED||736|a1ee19cd-c07b-4602-b4de-7b97d68d401e
2026-03-29 02:53:03|gemini|thinking_0|20|QUESTION_ADVANCE||737|5d8a347a-810e-49fc-bfb0-255b1ba16f01
2026-03-29 02:55:19|gemini|thinking_0|20|QUESTION_SENT||737|5d8a347a-810e-49fc-bfb0-255b1ba16f01
2026-03-29 02:55:49|gemini|thinking_0|20|JSON_VERIFIED||737|5d8a347a-810e-49fc-bfb0-255b1ba16f01
2026-03-29 02:55:49|gemini|thinking_0|20|QUESTION|194|737|5d8a347a-810e-49fc-bfb0-255b1ba16f01
2026-03-29 02:55:49|gemini|thinking_0|20|JSON_SAVED||737|5d8a347a-810e-49fc-bfb0-255b1ba16f01
2026-03-29 02:55:49|gemini|thinking_0|20|QUESTION_ADVANCE||738|589e24ed-00b8-45a5-90b4-3f0a580db777
2026-03-29 02:58:34|gemini|thinking_0|20|QUESTION_SENT||738|589e24ed-00b8-45a5-90b4-3f0a580db777
2026-03-29 02:59:04|gemini|thinking_0|20|JSON_VERIFIED||738|589e24ed-00b8-45a5-90b4-3f0a580db777
2026-03-29 02:59:04|gemini|thinking_0|20|QUESTION|195|738|589e24ed-00b8-45a5-90b4-3f0a580db777
2026-03-29 02:59:04|gemini|thinking_0|20|JSON_SAVED||738|589e24ed-00b8-45a5-90b4-3f0a580db777
2026-03-29 02:59:04|gemini|thinking_0|20|QUESTION_ADVANCE||739|f870a138-eb20-4bd1-8bfd-73c76f566aad
2026-03-29 03:01:49|gemini|thinking_0|20|QUESTION_SENT||739|f870a138-eb20-4bd1-8bfd-73c76f566aad
2026-03-29 03:02:20|gemini|thinking_0|20|JSON_VERIFIED||739|f870a138-eb20-4bd1-8bfd-73c76f566aad
2026-03-29 03:02:20|gemini|thinking_0|20|QUESTION|196|739|f870a138-eb20-4bd1-8bfd-73c76f566aad
2026-03-29 03:02:20|gemini|thinking_0|20|JSON_SAVED||739|f870a138-eb20-4bd1-8bfd-73c76f566aad
2026-03-29 03:02:20|gemini|thinking_0|20|QUESTION_ADVANCE||740|35183010-fb68-4dbe-8c36-44d7daf468dd
2026-03-29 03:05:04|gemini|thinking_0|20|QUESTION_SENT||740|35183010-fb68-4dbe-8c36-44d7daf468dd
2026-03-29 03:05:40|gemini|thinking_0|20|JSON_VERIFIED||740|35183010-fb68-4dbe-8c36-44d7daf468dd
2026-03-29 03:05:40|gemini|thinking_0|20|QUESTION|197|740|35183010-fb68-4dbe-8c36-44d7daf468dd
2026-03-29 03:05:40|gemini|thinking_0|20|JSON_SAVED||740|35183010-fb68-4dbe-8c36-44d7daf468dd
2026-03-29 03:05:40|gemini|thinking_0|20|QUESTION_ADVANCE||741|dc265b3c-84b6-4291-a694-cb42e496db51
2026-03-29 03:08:18|gemini|thinking_0|20|QUESTION_SENT||741|dc265b3c-84b6-4291-a694-cb42e496db51
2026-03-29 03:08:55|gemini|thinking_0|20|JSON_VERIFIED||741|dc265b3c-84b6-4291-a694-cb42e496db51
2026-03-29 03:08:55|gemini|thinking_0|20|QUESTION|198|741|dc265b3c-84b6-4291-a694-cb42e496db51
2026-03-29 03:08:55|gemini|thinking_0|20|JSON_SAVED||741|dc265b3c-84b6-4291-a694-cb42e496db51
2026-03-29 03:08:55|gemini|thinking_0|20|QUESTION_ADVANCE||742|e88cf00b-e565-4845-989c-89b1fd50d0f8
2026-03-29 03:11:33|gemini|thinking_0|20|QUESTION_SENT||742|e88cf00b-e565-4845-989c-89b1fd50d0f8
2026-03-29 03:12:13|gemini|thinking_0|20|JSON_VERIFIED||742|e88cf00b-e565-4845-989c-89b1fd50d0f8
2026-03-29 03:12:13|gemini|thinking_0|20|QUESTION|199|742|e88cf00b-e565-4845-989c-89b1fd50d0f8
2026-03-29 03:12:13|gemini|thinking_0|20|JSON_SAVED||742|e88cf00b-e565-4845-989c-89b1fd50d0f8
2026-03-29 03:12:13|gemini|thinking_0|20|QUESTION_ADVANCE||743|82b838fd-bfe3-43c2-88ae-43e6dbb0756e
2026-03-29 03:14:48|gemini|thinking_0|20|QUESTION_SENT||743|82b838fd-bfe3-43c2-88ae-43e6dbb0756e
2026-03-29 03:15:24|gemini|thinking_0|20|JSON_VERIFIED||743|82b838fd-bfe3-43c2-88ae-43e6dbb0756e
2026-03-29 03:15:24|gemini|thinking_0|20|QUESTION|200|743|82b838fd-bfe3-43c2-88ae-43e6dbb0756e
2026-03-29 03:15:24|gemini|thinking_0|20|JSON_SAVED||743|82b838fd-bfe3-43c2-88ae-43e6dbb0756e
2026-03-29 03:15:24|gemini|thinking_0|20|QUESTION_ADVANCE||744|d4d8e7f3-8596-4c92-9f92-5187ebe6cedc
2026-03-29 03:18:03|gemini|thinking_0|20|QUESTION_SENT||744|d4d8e7f3-8596-4c92-9f92-5187ebe6cedc
2026-03-29 03:21:18|gemini|thinking_0|20|QUESTION_SENT||744|d4d8e7f3-8596-4c92-9f92-5187ebe6cedc
2026-03-29 03:21:50|gemini|thinking_0|20|JSON_VERIFIED||744|d4d8e7f3-8596-4c92-9f92-5187ebe6cedc
2026-03-29 03:21:50|gemini|thinking_0|20|QUESTION|201|744|d4d8e7f3-8596-4c92-9f92-5187ebe6cedc
2026-03-29 03:21:50|gemini|thinking_0|20|JSON_SAVED||744|d4d8e7f3-8596-4c92-9f92-5187ebe6cedc
2026-03-29 03:21:50|gemini|thinking_0|20|QUESTION_ADVANCE||745|dbd14720-9cb0-46f5-a8de-0dc4e892c4b6
2026-03-29 03:24:32|gemini|thinking_0|20|QUESTION_SENT||745|dbd14720-9cb0-46f5-a8de-0dc4e892c4b6
2026-03-29 03:25:04|gemini|thinking_0|20|JSON_VERIFIED||745|dbd14720-9cb0-46f5-a8de-0dc4e892c4b6
2026-03-29 03:25:04|gemini|thinking_0|20|QUESTION|202|745|dbd14720-9cb0-46f5-a8de-0dc4e892c4b6
2026-03-29 03:25:04|gemini|thinking_0|20|JSON_SAVED||745|dbd14720-9cb0-46f5-a8de-0dc4e892c4b6
2026-03-29 03:25:04|gemini|thinking_0|20|QUESTION_ADVANCE||746|48b01a3f-938a-4372-8441-6679719057da
2026-03-29 03:27:47|gemini|thinking_0|20|QUESTION_SENT||746|48b01a3f-938a-4372-8441-6679719057da
2026-03-29 03:28:23|gemini|thinking_0|20|JSON_VERIFIED||746|48b01a3f-938a-4372-8441-6679719057da
2026-03-29 03:28:23|gemini|thinking_0|20|QUESTION|203|746|48b01a3f-938a-4372-8441-6679719057da
2026-03-29 03:28:23|gemini|thinking_0|20|JSON_SAVED||746|48b01a3f-938a-4372-8441-6679719057da
2026-03-29 03:28:23|gemini|thinking_0|20|QUESTION_ADVANCE||747|3a5cc4dc-7d1f-4d50-8f9b-c180bc9db2aa
2026-03-29 03:31:02|gemini|thinking_0|20|QUESTION_SENT||747|3a5cc4dc-7d1f-4d50-8f9b-c180bc9db2aa
2026-03-29 09:21:01|gemini|thinking_0|20|STOP||747|3a5cc4dc-7d1f-4d50-8f9b-c180bc9db2aa
