timestamp|site|scenario|bot_id|event_type|attempt_number|global_index|question_uid
2026-03-29 13:26:58|gemini|thinking_0|20|RESTART||904|804c7f0f-465f-4e22-84f8-505ee236c6b1
2026-03-29 13:28:15|gemini|thinking_0|20|QUESTION_SENT||904|804c7f0f-465f-4e22-84f8-505ee236c6b1
2026-03-29 13:28:37|gemini|thinking_0|21|RESTART||1002|77a4d9c2-e5bd-45e0-ba72-5f407b06c218
2026-03-29 13:29:03|gemini|thinking_0|21|QUESTION_SENT||1002|77a4d9c2-e5bd-45e0-ba72-5f407b06c218
2026-03-29 13:29:08|gemini|thinking_0|20|JSON_VERIFIED||904|804c7f0f-465f-4e22-84f8-505ee236c6b1
2026-03-29 13:29:08|gemini|thinking_0|20|QUESTION|1|904|804c7f0f-465f-4e22-84f8-505ee236c6b1
2026-03-29 13:29:08|gemini|thinking_0|20|JSON_SAVED||904|804c7f0f-465f-4e22-84f8-505ee236c6b1
2026-03-29 13:29:08|gemini|thinking_0|20|QUESTION_ADVANCE||905|6d2d7181-9a43-49ed-a7e7-f791b7677764
2026-03-29 13:29:36|gemini|thinking_0|21|JSON_VERIFIED||1002|77a4d9c2-e5bd-45e0-ba72-5f407b06c218
2026-03-29 13:29:36|gemini|thinking_0|21|QUESTION|1|1002|77a4d9c2-e5bd-45e0-ba72-5f407b06c218
2026-03-29 13:29:36|gemini|thinking_0|21|JSON_SAVED||1002|77a4d9c2-e5bd-45e0-ba72-5f407b06c218
2026-03-29 13:29:36|gemini|thinking_0|21|QUESTION_ADVANCE||1003|e189857b-e367-427e-965c-61d5cace6eaa
2026-03-29 13:31:29|gemini|thinking_0|20|QUESTION_SENT||905|6d2d7181-9a43-49ed-a7e7-f791b7677764
2026-03-29 13:32:05|gemini|thinking_0|20|JSON_VERIFIED||905|6d2d7181-9a43-49ed-a7e7-f791b7677764
2026-03-29 13:32:05|gemini|thinking_0|20|QUESTION|2|905|6d2d7181-9a43-49ed-a7e7-f791b7677764
2026-03-29 13:32:05|gemini|thinking_0|20|JSON_SAVED||905|6d2d7181-9a43-49ed-a7e7-f791b7677764
2026-03-29 13:32:05|gemini|thinking_0|20|QUESTION_ADVANCE||906|fb2545be-ef1c-4301-8efb-6e51b00d7d03
2026-03-29 13:32:18|gemini|thinking_0|21|QUESTION_SENT||1003|e189857b-e367-427e-965c-61d5cace6eaa
2026-03-29 13:33:00|gemini|thinking_0|21|JSON_VERIFIED||1003|e189857b-e367-427e-965c-61d5cace6eaa
2026-03-29 13:33:00|gemini|thinking_0|21|QUESTION|2|1003|e189857b-e367-427e-965c-61d5cace6eaa
2026-03-29 13:33:00|gemini|thinking_0|21|JSON_SAVED||1003|e189857b-e367-427e-965c-61d5cace6eaa
2026-03-29 13:33:00|gemini|thinking_0|21|QUESTION_ADVANCE||1004|fc2f1803-6ff8-4ecf-815c-bdf97ee904bb
2026-03-29 13:34:44|gemini|thinking_0|20|QUESTION_SENT||906|fb2545be-ef1c-4301-8efb-6e51b00d7d03
2026-03-29 13:35:27|gemini|thinking_0|20|JSON_VERIFIED||906|fb2545be-ef1c-4301-8efb-6e51b00d7d03
2026-03-29 13:35:27|gemini|thinking_0|20|QUESTION|3|906|fb2545be-ef1c-4301-8efb-6e51b00d7d03
2026-03-29 13:35:27|gemini|thinking_0|20|JSON_SAVED||906|fb2545be-ef1c-4301-8efb-6e51b00d7d03
2026-03-29 13:35:27|gemini|thinking_0|20|QUESTION_ADVANCE||907|a939e9d5-87fe-4bee-aaa7-112247bdef54
2026-03-29 13:35:32|gemini|thinking_0|21|QUESTION_SENT||1004|fc2f1803-6ff8-4ecf-815c-bdf97ee904bb
2026-03-29 13:37:58|gemini|thinking_0|20|QUESTION_SENT||907|a939e9d5-87fe-4bee-aaa7-112247bdef54
2026-03-29 13:38:34|gemini|thinking_0|20|JSON_VERIFIED||907|a939e9d5-87fe-4bee-aaa7-112247bdef54
2026-03-29 13:38:34|gemini|thinking_0|20|QUESTION|4|907|a939e9d5-87fe-4bee-aaa7-112247bdef54
2026-03-29 13:38:34|gemini|thinking_0|20|JSON_SAVED||907|a939e9d5-87fe-4bee-aaa7-112247bdef54
2026-03-29 13:38:34|gemini|thinking_0|20|QUESTION_ADVANCE||908|80ef1f52-04a6-4d13-9215-5e3505f4e4fc
2026-03-29 13:38:47|gemini|thinking_0|21|QUESTION_SENT||1004|fc2f1803-6ff8-4ecf-815c-bdf97ee904bb
2026-03-29 13:41:13|gemini|thinking_0|20|QUESTION_SENT||908|80ef1f52-04a6-4d13-9215-5e3505f4e4fc
2026-03-29 13:41:53|gemini|thinking_0|20|JSON_VERIFIED||908|80ef1f52-04a6-4d13-9215-5e3505f4e4fc
2026-03-29 13:41:53|gemini|thinking_0|20|QUESTION|5|908|80ef1f52-04a6-4d13-9215-5e3505f4e4fc
2026-03-29 13:41:53|gemini|thinking_0|20|JSON_SAVED||908|80ef1f52-04a6-4d13-9215-5e3505f4e4fc
2026-03-29 13:41:53|gemini|thinking_0|20|QUESTION_ADVANCE||909|89b9af30-e7fb-440c-88c9-dc1a4439efbc
2026-03-29 13:42:02|gemini|thinking_0|21|QUESTION_SENT||1004|fc2f1803-6ff8-4ecf-815c-bdf97ee904bb
2026-03-29 13:44:28|gemini|thinking_0|20|QUESTION_SENT||909|89b9af30-e7fb-440c-88c9-dc1a4439efbc
2026-03-29 13:45:17|gemini|thinking_0|21|QUESTION_SENT||1004|fc2f1803-6ff8-4ecf-815c-bdf97ee904bb
2026-03-29 13:47:43|gemini|thinking_0|20|QUESTION_SENT||909|89b9af30-e7fb-440c-88c9-dc1a4439efbc
2026-03-29 13:48:32|gemini|thinking_0|21|QUESTION_SENT||1004|fc2f1803-6ff8-4ecf-815c-bdf97ee904bb
2026-03-29 13:48:38|gemini|thinking_0|20|JSON_VERIFIED||909|89b9af30-e7fb-440c-88c9-dc1a4439efbc
2026-03-29 13:48:38|gemini|thinking_0|20|QUESTION|6|909|89b9af30-e7fb-440c-88c9-dc1a4439efbc
2026-03-29 13:48:38|gemini|thinking_0|20|JSON_SAVED||909|89b9af30-e7fb-440c-88c9-dc1a4439efbc
2026-03-29 13:48:38|gemini|thinking_0|20|QUESTION_ADVANCE||910|427ae094-0c17-4698-997b-571457116f79
2026-03-29 13:49:06|gemini|thinking_0|21|JSON_VERIFIED||1004|fc2f1803-6ff8-4ecf-815c-bdf97ee904bb
2026-03-29 13:49:06|gemini|thinking_0|21|QUESTION|3|1004|fc2f1803-6ff8-4ecf-815c-bdf97ee904bb
2026-03-29 13:49:06|gemini|thinking_0|21|JSON_SAVED||1004|fc2f1803-6ff8-4ecf-815c-bdf97ee904bb
2026-03-29 13:49:06|gemini|thinking_0|21|QUESTION_ADVANCE||1005|50f721e6-447b-4fd8-9d04-bfcb3f935f77
2026-03-29 13:50:58|gemini|thinking_0|20|QUESTION_SENT||910|427ae094-0c17-4698-997b-571457116f79
2026-03-29 13:51:29|gemini|thinking_0|20|JSON_VERIFIED||910|427ae094-0c17-4698-997b-571457116f79
2026-03-29 13:51:29|gemini|thinking_0|20|QUESTION|7|910|427ae094-0c17-4698-997b-571457116f79
2026-03-29 13:51:29|gemini|thinking_0|20|JSON_SAVED||910|427ae094-0c17-4698-997b-571457116f79
2026-03-29 13:51:29|gemini|thinking_0|20|QUESTION_ADVANCE||911|ddd6637c-94c0-462d-a8d3-e623186dd0d2
2026-03-29 13:51:46|gemini|thinking_0|21|QUESTION_SENT||1005|50f721e6-447b-4fd8-9d04-bfcb3f935f77
2026-03-29 13:52:22|gemini|thinking_0|21|JSON_VERIFY_FAILED||1005|50f721e6-447b-4fd8-9d04-bfcb3f935f77
2026-03-29 13:52:22|gemini|thinking_0|21|QUESTION|4|1005|50f721e6-447b-4fd8-9d04-bfcb3f935f77
2026-03-29 13:54:12|gemini|thinking_0|20|QUESTION_SENT||911|ddd6637c-94c0-462d-a8d3-e623186dd0d2
2026-03-29 13:55:01|gemini|thinking_0|21|QUESTION_SENT||1005|50f721e6-447b-4fd8-9d04-bfcb3f935f77
2026-03-29 13:59:12|gemini|thinking_0|20|QUESTION_SENT||911|ddd6637c-94c0-462d-a8d3-e623186dd0d2
2026-03-29 13:59:17|gemini|thinking_0|21|QUESTION_SENT||1005|50f721e6-447b-4fd8-9d04-bfcb3f935f77
2026-03-29 13:59:58|gemini|thinking_0|21|JSON_VERIFIED||1005|50f721e6-447b-4fd8-9d04-bfcb3f935f77
2026-03-29 13:59:58|gemini|thinking_0|21|QUESTION|5|1005|50f721e6-447b-4fd8-9d04-bfcb3f935f77
2026-03-29 13:59:58|gemini|thinking_0|21|JSON_SAVED||1005|50f721e6-447b-4fd8-9d04-bfcb3f935f77
2026-03-29 13:59:58|gemini|thinking_0|21|QUESTION_ADVANCE||1006|62344490-5ee7-40b2-84ae-a3040ed7f041
2026-03-29 14:02:27|gemini|thinking_0|20|QUESTION_SENT||911|ddd6637c-94c0-462d-a8d3-e623186dd0d2
2026-03-29 14:02:32|gemini|thinking_0|21|QUESTION_SENT||1006|62344490-5ee7-40b2-84ae-a3040ed7f041
2026-03-29 14:03:21|gemini|thinking_0|20|JSON_VERIFIED||911|ddd6637c-94c0-462d-a8d3-e623186dd0d2
2026-03-29 14:03:21|gemini|thinking_0|20|QUESTION|8|911|ddd6637c-94c0-462d-a8d3-e623186dd0d2
2026-03-29 14:03:21|gemini|thinking_0|20|JSON_SAVED||911|ddd6637c-94c0-462d-a8d3-e623186dd0d2
2026-03-29 14:03:21|gemini|thinking_0|20|QUESTION_ADVANCE||912|c7b8a7ba-9930-430b-8eab-4123959227c3
2026-03-29 14:05:42|gemini|thinking_0|20|QUESTION_SENT||912|c7b8a7ba-9930-430b-8eab-4123959227c3
2026-03-29 14:09:59|gemini|thinking_0|20|QUESTION_SENT||912|c7b8a7ba-9930-430b-8eab-4123959227c3
2026-03-29 14:10:12|gemini|thinking_0|21|QUESTION_SENT||1006|62344490-5ee7-40b2-84ae-a3040ed7f041
2026-03-29 14:10:37|gemini|thinking_0|20|JSON_VERIFIED||912|c7b8a7ba-9930-430b-8eab-4123959227c3
2026-03-29 14:10:37|gemini|thinking_0|20|QUESTION|9|912|c7b8a7ba-9930-430b-8eab-4123959227c3
2026-03-29 14:10:37|gemini|thinking_0|20|JSON_SAVED||912|c7b8a7ba-9930-430b-8eab-4123959227c3
2026-03-29 14:10:37|gemini|thinking_0|20|QUESTION_ADVANCE||913|f6fd258b-4634-41a2-b84e-47c888d23589
2026-03-29 14:13:13|gemini|thinking_0|20|QUESTION_SENT||913|f6fd258b-4634-41a2-b84e-47c888d23589
2026-03-29 14:13:27|gemini|thinking_0|21|QUESTION_SENT||1006|62344490-5ee7-40b2-84ae-a3040ed7f041
2026-03-29 14:13:58|gemini|thinking_0|21|JSON_VERIFIED||1006|62344490-5ee7-40b2-84ae-a3040ed7f041
2026-03-29 14:13:58|gemini|thinking_0|21|QUESTION|6|1006|62344490-5ee7-40b2-84ae-a3040ed7f041
2026-03-29 14:13:58|gemini|thinking_0|21|JSON_SAVED||1006|62344490-5ee7-40b2-84ae-a3040ed7f041
2026-03-29 14:13:58|gemini|thinking_0|21|QUESTION_ADVANCE||1007|ed8ab62c-efc1-4882-92e1-44db2c2e3878
2026-03-29 14:16:42|gemini|thinking_0|21|QUESTION_SENT||1007|ed8ab62c-efc1-4882-92e1-44db2c2e3878
2026-03-29 14:19:57|gemini|thinking_0|21|QUESTION_SENT||1007|ed8ab62c-efc1-4882-92e1-44db2c2e3878
2026-03-29 14:20:10|gemini|thinking_0|20|QUESTION_SENT||913|f6fd258b-4634-41a2-b84e-47c888d23589
2026-03-29 14:20:43|gemini|thinking_0|21|JSON_VERIFIED||1007|ed8ab62c-efc1-4882-92e1-44db2c2e3878
2026-03-29 14:20:43|gemini|thinking_0|21|QUESTION|7|1007|ed8ab62c-efc1-4882-92e1-44db2c2e3878
2026-03-29 14:20:43|gemini|thinking_0|21|JSON_SAVED||1007|ed8ab62c-efc1-4882-92e1-44db2c2e3878
2026-03-29 14:20:43|gemini|thinking_0|21|QUESTION_ADVANCE||1008|df636cc9-6670-4a73-9e32-c4f8c2058e72
2026-03-29 14:21:06|gemini|thinking_0|20|JSON_VERIFIED||913|f6fd258b-4634-41a2-b84e-47c888d23589
2026-03-29 14:21:06|gemini|thinking_0|20|QUESTION|10|913|f6fd258b-4634-41a2-b84e-47c888d23589
2026-03-29 14:21:06|gemini|thinking_0|20|JSON_SAVED||913|f6fd258b-4634-41a2-b84e-47c888d23589
2026-03-29 14:21:06|gemini|thinking_0|20|QUESTION_ADVANCE||914|623672ca-e7e5-4ae2-acb6-feca67f48bbb
2026-03-29 14:23:11|gemini|thinking_0|21|QUESTION_SENT||1008|df636cc9-6670-4a73-9e32-c4f8c2058e72
2026-03-29 14:23:25|gemini|thinking_0|20|QUESTION_SENT||914|623672ca-e7e5-4ae2-acb6-feca67f48bbb
2026-03-29 14:23:58|gemini|thinking_0|20|JSON_VERIFIED||914|623672ca-e7e5-4ae2-acb6-feca67f48bbb
2026-03-29 14:23:58|gemini|thinking_0|20|QUESTION|11|914|623672ca-e7e5-4ae2-acb6-feca67f48bbb
2026-03-29 14:23:58|gemini|thinking_0|20|JSON_SAVED||914|623672ca-e7e5-4ae2-acb6-feca67f48bbb
2026-03-29 14:23:58|gemini|thinking_0|20|QUESTION_ADVANCE||915|a4bd83d3-a057-470f-a208-3c1c03da0278
2026-03-29 14:26:26|gemini|thinking_0|21|QUESTION_SENT||1008|df636cc9-6670-4a73-9e32-c4f8c2058e72
2026-03-29 14:26:40|gemini|thinking_0|20|QUESTION_SENT||915|a4bd83d3-a057-470f-a208-3c1c03da0278
2026-03-29 14:27:03|gemini|thinking_0|21|JSON_VERIFIED||1008|df636cc9-6670-4a73-9e32-c4f8c2058e72
2026-03-29 14:27:03|gemini|thinking_0|21|QUESTION|8|1008|df636cc9-6670-4a73-9e32-c4f8c2058e72
2026-03-29 14:27:03|gemini|thinking_0|21|JSON_SAVED||1008|df636cc9-6670-4a73-9e32-c4f8c2058e72
2026-03-29 14:27:03|gemini|thinking_0|21|QUESTION_ADVANCE||1009|e1b62e32-6585-47da-ae02-4b9dc88498a0
2026-03-29 14:27:24|gemini|thinking_0|20|JSON_VERIFIED||915|a4bd83d3-a057-470f-a208-3c1c03da0278
2026-03-29 14:27:24|gemini|thinking_0|20|QUESTION|12|915|a4bd83d3-a057-470f-a208-3c1c03da0278
2026-03-29 14:27:24|gemini|thinking_0|20|JSON_SAVED||915|a4bd83d3-a057-470f-a208-3c1c03da0278
2026-03-29 14:27:24|gemini|thinking_0|20|QUESTION_ADVANCE||916|816ebdc8-49ca-49c6-b87c-7cb62f09cf39
2026-03-29 14:29:41|gemini|thinking_0|21|QUESTION_SENT||1009|e1b62e32-6585-47da-ae02-4b9dc88498a0
2026-03-29 14:29:55|gemini|thinking_0|20|QUESTION_SENT||916|816ebdc8-49ca-49c6-b87c-7cb62f09cf39
2026-03-29 14:30:25|gemini|thinking_0|21|JSON_VERIFIED||1009|e1b62e32-6585-47da-ae02-4b9dc88498a0
2026-03-29 14:30:25|gemini|thinking_0|21|QUESTION|9|1009|e1b62e32-6585-47da-ae02-4b9dc88498a0
2026-03-29 14:30:25|gemini|thinking_0|21|JSON_SAVED||1009|e1b62e32-6585-47da-ae02-4b9dc88498a0
2026-03-29 14:30:25|gemini|thinking_0|21|QUESTION_ADVANCE||1010|8e5a39d9-7c34-4c84-8fa6-34b08e1fdd1b
2026-03-29 14:30:30|gemini|thinking_0|20|JSON_VERIFIED||916|816ebdc8-49ca-49c6-b87c-7cb62f09cf39
2026-03-29 14:30:30|gemini|thinking_0|20|QUESTION|13|916|816ebdc8-49ca-49c6-b87c-7cb62f09cf39
2026-03-29 14:30:30|gemini|thinking_0|20|JSON_SAVED||916|816ebdc8-49ca-49c6-b87c-7cb62f09cf39
2026-03-29 14:30:30|gemini|thinking_0|20|QUESTION_ADVANCE||917|d6655160-dfae-4dd0-9485-5d169beaeb9a
2026-03-29 14:32:56|gemini|thinking_0|21|QUESTION_SENT||1010|8e5a39d9-7c34-4c84-8fa6-34b08e1fdd1b
2026-03-29 14:33:10|gemini|thinking_0|20|QUESTION_SENT||917|d6655160-dfae-4dd0-9485-5d169beaeb9a
2026-03-29 14:33:28|gemini|thinking_0|21|JSON_VERIFIED||1010|8e5a39d9-7c34-4c84-8fa6-34b08e1fdd1b
2026-03-29 14:33:28|gemini|thinking_0|21|QUESTION|10|1010|8e5a39d9-7c34-4c84-8fa6-34b08e1fdd1b
2026-03-29 14:33:28|gemini|thinking_0|21|JSON_SAVED||1010|8e5a39d9-7c34-4c84-8fa6-34b08e1fdd1b
2026-03-29 14:33:28|gemini|thinking_0|21|QUESTION_ADVANCE||1011|ac5927af-508f-4388-a011-a2a462a55007
2026-03-29 14:34:07|gemini|thinking_0|20|JSON_VERIFIED||917|d6655160-dfae-4dd0-9485-5d169beaeb9a
2026-03-29 14:34:07|gemini|thinking_0|20|QUESTION|14|917|d6655160-dfae-4dd0-9485-5d169beaeb9a
2026-03-29 14:34:07|gemini|thinking_0|20|JSON_SAVED||917|d6655160-dfae-4dd0-9485-5d169beaeb9a
2026-03-29 14:34:07|gemini|thinking_0|20|QUESTION_ADVANCE||918|212b171d-6494-4762-9955-27aa8c3b342f
2026-03-29 14:36:10|gemini|thinking_0|21|QUESTION_SENT||1011|ac5927af-508f-4388-a011-a2a462a55007
2026-03-29 14:36:24|gemini|thinking_0|20|QUESTION_SENT||918|212b171d-6494-4762-9955-27aa8c3b342f
2026-03-29 14:37:23|gemini|thinking_0|20|JSON_VERIFIED||918|212b171d-6494-4762-9955-27aa8c3b342f
2026-03-29 14:37:23|gemini|thinking_0|20|QUESTION|15|918|212b171d-6494-4762-9955-27aa8c3b342f
2026-03-29 14:37:23|gemini|thinking_0|20|JSON_SAVED||918|212b171d-6494-4762-9955-27aa8c3b342f
2026-03-29 14:37:23|gemini|thinking_0|20|QUESTION_ADVANCE||919|07859cde-e49b-437b-b610-5a8b9d2a354e
2026-03-29 14:39:25|gemini|thinking_0|21|QUESTION_SENT||1011|ac5927af-508f-4388-a011-a2a462a55007
2026-03-29 14:39:39|gemini|thinking_0|20|QUESTION_SENT||919|07859cde-e49b-437b-b610-5a8b9d2a354e
2026-03-29 14:39:59|gemini|thinking_0|21|JSON_VERIFIED||1011|ac5927af-508f-4388-a011-a2a462a55007
2026-03-29 14:39:59|gemini|thinking_0|21|QUESTION|11|1011|ac5927af-508f-4388-a011-a2a462a55007
2026-03-29 14:39:59|gemini|thinking_0|21|JSON_SAVED||1011|ac5927af-508f-4388-a011-a2a462a55007
2026-03-29 14:39:59|gemini|thinking_0|21|QUESTION_ADVANCE||1012|9fca1ca5-bd03-4cbe-844a-ef54ef86e2f7
2026-03-29 14:40:27|gemini|thinking_0|20|JSON_VERIFIED||919|07859cde-e49b-437b-b610-5a8b9d2a354e
2026-03-29 14:40:27|gemini|thinking_0|20|QUESTION|16|919|07859cde-e49b-437b-b610-5a8b9d2a354e
2026-03-29 14:40:27|gemini|thinking_0|20|JSON_SAVED||919|07859cde-e49b-437b-b610-5a8b9d2a354e
2026-03-29 14:40:27|gemini|thinking_0|20|QUESTION_ADVANCE||920|14fe209c-db7c-4bf6-a5ad-a40b1aa95eb6
2026-03-29 14:42:39|gemini|thinking_0|21|QUESTION_SENT||1012|9fca1ca5-bd03-4cbe-844a-ef54ef86e2f7
2026-03-29 14:42:54|gemini|thinking_0|20|QUESTION_SENT||920|14fe209c-db7c-4bf6-a5ad-a40b1aa95eb6
2026-03-29 14:43:32|gemini|thinking_0|21|JSON_VERIFIED||1012|9fca1ca5-bd03-4cbe-844a-ef54ef86e2f7
2026-03-29 14:43:32|gemini|thinking_0|21|QUESTION|12|1012|9fca1ca5-bd03-4cbe-844a-ef54ef86e2f7
2026-03-29 14:43:32|gemini|thinking_0|21|JSON_SAVED||1012|9fca1ca5-bd03-4cbe-844a-ef54ef86e2f7
2026-03-29 14:43:32|gemini|thinking_0|21|QUESTION_ADVANCE||1013|1f2ed11f-4002-4b49-8098-47d8de21ba5c
2026-03-29 14:45:54|gemini|thinking_0|21|QUESTION_SENT||1013|1f2ed11f-4002-4b49-8098-47d8de21ba5c
2026-03-29 14:46:09|gemini|thinking_0|20|QUESTION_SENT||920|14fe209c-db7c-4bf6-a5ad-a40b1aa95eb6
2026-03-29 14:46:30|gemini|thinking_0|21|JSON_VERIFIED||1013|1f2ed11f-4002-4b49-8098-47d8de21ba5c
2026-03-29 14:46:30|gemini|thinking_0|21|QUESTION|13|1013|1f2ed11f-4002-4b49-8098-47d8de21ba5c
2026-03-29 14:46:30|gemini|thinking_0|21|JSON_SAVED||1013|1f2ed11f-4002-4b49-8098-47d8de21ba5c
2026-03-29 14:46:30|gemini|thinking_0|21|QUESTION_ADVANCE||1014|066376ac-5399-43b5-bc9a-d21a19855586
2026-03-29 14:49:09|gemini|thinking_0|21|QUESTION_SENT||1014|066376ac-5399-43b5-bc9a-d21a19855586
2026-03-29 14:49:23|gemini|thinking_0|20|QUESTION_SENT||920|14fe209c-db7c-4bf6-a5ad-a40b1aa95eb6
2026-03-29 14:49:41|gemini|thinking_0|21|JSON_VERIFIED||1014|066376ac-5399-43b5-bc9a-d21a19855586
2026-03-29 14:49:41|gemini|thinking_0|21|QUESTION|14|1014|066376ac-5399-43b5-bc9a-d21a19855586
2026-03-29 14:49:41|gemini|thinking_0|21|JSON_SAVED||1014|066376ac-5399-43b5-bc9a-d21a19855586
2026-03-29 14:49:41|gemini|thinking_0|21|QUESTION_ADVANCE||1015|29b473a1-2578-4c15-aba7-7f2a3f0db6e0
2026-03-29 14:52:23|gemini|thinking_0|21|QUESTION_SENT||1015|29b473a1-2578-4c15-aba7-7f2a3f0db6e0
2026-03-29 14:52:38|gemini|thinking_0|20|QUESTION_SENT||920|14fe209c-db7c-4bf6-a5ad-a40b1aa95eb6
2026-03-29 14:53:43|gemini|thinking_0|21|JSON_VERIFIED||1015|29b473a1-2578-4c15-aba7-7f2a3f0db6e0
2026-03-29 14:53:43|gemini|thinking_0|21|QUESTION|15|1015|29b473a1-2578-4c15-aba7-7f2a3f0db6e0
2026-03-29 14:53:43|gemini|thinking_0|21|JSON_SAVED||1015|29b473a1-2578-4c15-aba7-7f2a3f0db6e0
2026-03-29 14:53:43|gemini|thinking_0|21|QUESTION_ADVANCE||1016|36b6d45a-3abd-4069-9d96-adfed9580bf9
2026-03-29 14:55:38|gemini|thinking_0|21|QUESTION_SENT||1016|36b6d45a-3abd-4069-9d96-adfed9580bf9
2026-03-29 14:55:53|gemini|thinking_0|20|QUESTION_SENT||920|14fe209c-db7c-4bf6-a5ad-a40b1aa95eb6
2026-03-29 14:56:17|gemini|thinking_0|21|JSON_VERIFIED||1016|36b6d45a-3abd-4069-9d96-adfed9580bf9
2026-03-29 14:56:17|gemini|thinking_0|21|QUESTION|16|1016|36b6d45a-3abd-4069-9d96-adfed9580bf9
2026-03-29 14:56:17|gemini|thinking_0|21|JSON_SAVED||1016|36b6d45a-3abd-4069-9d96-adfed9580bf9
2026-03-29 14:56:17|gemini|thinking_0|21|QUESTION_ADVANCE||1017|0bfd458b-c877-4321-a9f9-dd487e334da9
2026-03-29 14:56:31|gemini|thinking_0|20|JSON_VERIFIED||920|14fe209c-db7c-4bf6-a5ad-a40b1aa95eb6
2026-03-29 14:56:31|gemini|thinking_0|20|QUESTION|17|920|14fe209c-db7c-4bf6-a5ad-a40b1aa95eb6
2026-03-29 14:56:31|gemini|thinking_0|20|JSON_SAVED||920|14fe209c-db7c-4bf6-a5ad-a40b1aa95eb6
2026-03-29 14:56:31|gemini|thinking_0|20|QUESTION_ADVANCE||921|077dde8f-38e4-4377-bc34-6f7473b10367
2026-03-29 14:58:53|gemini|thinking_0|21|QUESTION_SENT||1017|0bfd458b-c877-4321-a9f9-dd487e334da9
2026-03-29 14:59:07|gemini|thinking_0|20|QUESTION_SENT||921|077dde8f-38e4-4377-bc34-6f7473b10367
2026-03-29 14:59:36|gemini|thinking_0|20|JSON_VERIFIED||921|077dde8f-38e4-4377-bc34-6f7473b10367
2026-03-29 14:59:36|gemini|thinking_0|20|QUESTION|18|921|077dde8f-38e4-4377-bc34-6f7473b10367
2026-03-29 14:59:36|gemini|thinking_0|20|JSON_SAVED||921|077dde8f-38e4-4377-bc34-6f7473b10367
2026-03-29 14:59:36|gemini|thinking_0|20|QUESTION_ADVANCE||922|8f4a6b53-de42-4590-8c27-cf6d18aeb99f
2026-03-29 15:00:23|gemini|thinking_0|21|JSON_VERIFIED||1017|0bfd458b-c877-4321-a9f9-dd487e334da9
2026-03-29 15:00:23|gemini|thinking_0|21|QUESTION|17|1017|0bfd458b-c877-4321-a9f9-dd487e334da9
2026-03-29 15:00:23|gemini|thinking_0|21|JSON_SAVED||1017|0bfd458b-c877-4321-a9f9-dd487e334da9
2026-03-29 15:00:23|gemini|thinking_0|21|QUESTION_ADVANCE||1018|b872fffd-0b00-44a6-b6de-9fe79964a4fb
2026-03-29 15:02:08|gemini|thinking_0|21|QUESTION_SENT||1018|b872fffd-0b00-44a6-b6de-9fe79964a4fb
2026-03-29 15:02:22|gemini|thinking_0|20|QUESTION_SENT||922|8f4a6b53-de42-4590-8c27-cf6d18aeb99f
2026-03-29 15:02:44|gemini|thinking_0|21|JSON_VERIFIED||1018|b872fffd-0b00-44a6-b6de-9fe79964a4fb
2026-03-29 15:02:44|gemini|thinking_0|21|QUESTION|18|1018|b872fffd-0b00-44a6-b6de-9fe79964a4fb
2026-03-29 15:02:44|gemini|thinking_0|21|JSON_SAVED||1018|b872fffd-0b00-44a6-b6de-9fe79964a4fb
2026-03-29 15:02:44|gemini|thinking_0|21|QUESTION_ADVANCE||1019|f1a3119b-9e92-48a1-9293-d2e91636b389
2026-03-29 15:05:22|gemini|thinking_0|21|QUESTION_SENT||1019|f1a3119b-9e92-48a1-9293-d2e91636b389
2026-03-29 15:05:37|gemini|thinking_0|20|QUESTION_SENT||922|8f4a6b53-de42-4590-8c27-cf6d18aeb99f
2026-03-29 15:06:16|gemini|thinking_0|20|JSON_VERIFIED||922|8f4a6b53-de42-4590-8c27-cf6d18aeb99f
2026-03-29 15:06:16|gemini|thinking_0|20|QUESTION|19|922|8f4a6b53-de42-4590-8c27-cf6d18aeb99f
2026-03-29 15:06:16|gemini|thinking_0|20|JSON_SAVED||922|8f4a6b53-de42-4590-8c27-cf6d18aeb99f
2026-03-29 15:06:16|gemini|thinking_0|20|QUESTION_ADVANCE||923|7a5b0b28-3195-4899-a652-854a12100a86
2026-03-29 15:08:37|gemini|thinking_0|21|QUESTION_SENT||1019|f1a3119b-9e92-48a1-9293-d2e91636b389
2026-03-29 15:08:52|gemini|thinking_0|20|QUESTION_SENT||923|7a5b0b28-3195-4899-a652-854a12100a86
2026-03-29 15:09:28|gemini|thinking_0|20|JSON_VERIFIED||923|7a5b0b28-3195-4899-a652-854a12100a86
2026-03-29 15:09:28|gemini|thinking_0|20|QUESTION|20|923|7a5b0b28-3195-4899-a652-854a12100a86
2026-03-29 15:09:28|gemini|thinking_0|20|JSON_SAVED||923|7a5b0b28-3195-4899-a652-854a12100a86
2026-03-29 15:09:28|gemini|thinking_0|20|QUESTION_ADVANCE||924|50b5bdd5-1787-4f93-af1a-a9a740522a44
2026-03-29 15:09:33|gemini|thinking_0|21|JSON_VERIFIED||1019|f1a3119b-9e92-48a1-9293-d2e91636b389
2026-03-29 15:09:33|gemini|thinking_0|21|QUESTION|19|1019|f1a3119b-9e92-48a1-9293-d2e91636b389
2026-03-29 15:09:33|gemini|thinking_0|21|JSON_SAVED||1019|f1a3119b-9e92-48a1-9293-d2e91636b389
2026-03-29 15:09:33|gemini|thinking_0|21|QUESTION_ADVANCE||1020|3a765a4a-5dde-4d97-a43a-3d504ee80750
2026-03-29 15:11:52|gemini|thinking_0|21|QUESTION_SENT||1020|3a765a4a-5dde-4d97-a43a-3d504ee80750
2026-03-29 15:12:06|gemini|thinking_0|20|QUESTION_SENT||924|50b5bdd5-1787-4f93-af1a-a9a740522a44
2026-03-29 15:13:09|gemini|thinking_0|20|JSON_VERIFIED||924|50b5bdd5-1787-4f93-af1a-a9a740522a44
2026-03-29 15:13:09|gemini|thinking_0|20|QUESTION|21|924|50b5bdd5-1787-4f93-af1a-a9a740522a44
2026-03-29 15:13:09|gemini|thinking_0|20|JSON_SAVED||924|50b5bdd5-1787-4f93-af1a-a9a740522a44
2026-03-29 15:13:09|gemini|thinking_0|20|QUESTION_ADVANCE||925|e08fd82c-fe8c-438c-876d-7a800035719d
2026-03-29 15:15:21|gemini|thinking_0|20|QUESTION_SENT||925|e08fd82c-fe8c-438c-876d-7a800035719d
2026-03-29 15:15:25|gemini|thinking_0|21|QUESTION_SENT||1020|3a765a4a-5dde-4d97-a43a-3d504ee80750
2026-03-29 15:15:56|gemini|thinking_0|20|JSON_VERIFIED||925|e08fd82c-fe8c-438c-876d-7a800035719d
2026-03-29 15:15:56|gemini|thinking_0|20|QUESTION|22|925|e08fd82c-fe8c-438c-876d-7a800035719d
2026-03-29 15:15:56|gemini|thinking_0|20|JSON_SAVED||925|e08fd82c-fe8c-438c-876d-7a800035719d
2026-03-29 15:15:56|gemini|thinking_0|20|QUESTION_ADVANCE||926|225ab0c9-71f0-49fa-8558-b2091e2b8ca2
2026-03-29 15:16:07|gemini|thinking_0|21|JSON_VERIFIED||1020|3a765a4a-5dde-4d97-a43a-3d504ee80750
2026-03-29 15:16:07|gemini|thinking_0|21|QUESTION|20|1020|3a765a4a-5dde-4d97-a43a-3d504ee80750
2026-03-29 15:16:07|gemini|thinking_0|21|JSON_SAVED||1020|3a765a4a-5dde-4d97-a43a-3d504ee80750
2026-03-29 15:16:07|gemini|thinking_0|21|QUESTION_ADVANCE||1021|5f237744-e99d-4242-b66e-4a252cf0e902
2026-03-29 15:18:36|gemini|thinking_0|20|QUESTION_SENT||926|225ab0c9-71f0-49fa-8558-b2091e2b8ca2
2026-03-29 15:18:39|gemini|thinking_0|21|QUESTION_SENT||1021|5f237744-e99d-4242-b66e-4a252cf0e902
2026-03-29 15:21:51|gemini|thinking_0|20|QUESTION_SENT||926|225ab0c9-71f0-49fa-8558-b2091e2b8ca2
2026-03-29 15:21:54|gemini|thinking_0|21|QUESTION_SENT||1021|5f237744-e99d-4242-b66e-4a252cf0e902
2026-03-29 15:22:31|gemini|thinking_0|21|JSON_VERIFIED||1021|5f237744-e99d-4242-b66e-4a252cf0e902
2026-03-29 15:22:31|gemini|thinking_0|21|QUESTION|21|1021|5f237744-e99d-4242-b66e-4a252cf0e902
2026-03-29 15:22:31|gemini|thinking_0|21|JSON_SAVED||1021|5f237744-e99d-4242-b66e-4a252cf0e902
2026-03-29 15:22:31|gemini|thinking_0|21|QUESTION_ADVANCE||1022|f64325c1-a56d-444a-9ed0-e5cdcd46a95e
2026-03-29 15:25:05|gemini|thinking_0|20|QUESTION_SENT||926|225ab0c9-71f0-49fa-8558-b2091e2b8ca2
2026-03-29 15:25:09|gemini|thinking_0|21|QUESTION_SENT||1022|f64325c1-a56d-444a-9ed0-e5cdcd46a95e
2026-03-29 15:25:57|gemini|thinking_0|21|JSON_VERIFIED||1022|f64325c1-a56d-444a-9ed0-e5cdcd46a95e
2026-03-29 15:25:57|gemini|thinking_0|21|QUESTION|22|1022|f64325c1-a56d-444a-9ed0-e5cdcd46a95e
2026-03-29 15:25:57|gemini|thinking_0|21|JSON_SAVED||1022|f64325c1-a56d-444a-9ed0-e5cdcd46a95e
2026-03-29 15:25:57|gemini|thinking_0|21|QUESTION_ADVANCE||1023|bf6f3bdd-b798-4c2f-9d69-2a764ed4ef16
2026-03-29 15:28:20|gemini|thinking_0|20|QUESTION_SENT||926|225ab0c9-71f0-49fa-8558-b2091e2b8ca2
2026-03-29 15:28:24|gemini|thinking_0|21|QUESTION_SENT||1023|bf6f3bdd-b798-4c2f-9d69-2a764ed4ef16
2026-03-29 15:32:08|gemini|thinking_0|20|QUESTION_SENT||926|225ab0c9-71f0-49fa-8558-b2091e2b8ca2
2026-03-29 15:32:12|gemini|thinking_0|21|QUESTION_SENT||1023|bf6f3bdd-b798-4c2f-9d69-2a764ed4ef16
2026-03-29 15:32:45|gemini|thinking_0|21|JSON_VERIFIED||1023|bf6f3bdd-b798-4c2f-9d69-2a764ed4ef16
2026-03-29 15:32:45|gemini|thinking_0|21|QUESTION|23|1023|bf6f3bdd-b798-4c2f-9d69-2a764ed4ef16
2026-03-29 15:32:45|gemini|thinking_0|21|JSON_SAVED||1023|bf6f3bdd-b798-4c2f-9d69-2a764ed4ef16
2026-03-29 15:32:45|gemini|thinking_0|21|QUESTION_ADVANCE||1024|008aac2d-134e-437e-9989-cca028477fdb
2026-03-29 15:35:23|gemini|thinking_0|20|QUESTION_SENT||926|225ab0c9-71f0-49fa-8558-b2091e2b8ca2
2026-03-29 15:35:26|gemini|thinking_0|21|QUESTION_SENT||1024|008aac2d-134e-437e-9989-cca028477fdb
2026-03-29 15:36:15|gemini|thinking_0|20|JSON_VERIFIED||926|225ab0c9-71f0-49fa-8558-b2091e2b8ca2
2026-03-29 15:36:15|gemini|thinking_0|20|QUESTION|23|926|225ab0c9-71f0-49fa-8558-b2091e2b8ca2
2026-03-29 15:36:15|gemini|thinking_0|20|JSON_SAVED||926|225ab0c9-71f0-49fa-8558-b2091e2b8ca2
2026-03-29 15:36:15|gemini|thinking_0|20|QUESTION_ADVANCE||927|12e76270-90d2-4bc3-94e8-b641ecf810ec
2026-03-29 15:38:38|gemini|thinking_0|20|QUESTION_SENT||927|12e76270-90d2-4bc3-94e8-b641ecf810ec
2026-03-29 15:38:41|gemini|thinking_0|21|QUESTION_SENT||1024|008aac2d-134e-437e-9989-cca028477fdb
2026-03-29 15:39:29|gemini|thinking_0|20|JSON_VERIFIED||927|12e76270-90d2-4bc3-94e8-b641ecf810ec
2026-03-29 15:39:29|gemini|thinking_0|20|QUESTION|24|927|12e76270-90d2-4bc3-94e8-b641ecf810ec
2026-03-29 15:39:29|gemini|thinking_0|20|JSON_SAVED||927|12e76270-90d2-4bc3-94e8-b641ecf810ec
2026-03-29 15:39:29|gemini|thinking_0|20|QUESTION_ADVANCE||928|6f41f349-5c42-4c3b-8e50-f6b1f6a13e52
2026-03-29 15:41:52|gemini|thinking_0|20|QUESTION_SENT||928|6f41f349-5c42-4c3b-8e50-f6b1f6a13e52
2026-03-29 15:41:56|gemini|thinking_0|21|QUESTION_SENT||1024|008aac2d-134e-437e-9989-cca028477fdb
2026-03-29 15:42:33|gemini|thinking_0|21|JSON_VERIFIED||1024|008aac2d-134e-437e-9989-cca028477fdb
2026-03-29 15:42:33|gemini|thinking_0|21|QUESTION|24|1024|008aac2d-134e-437e-9989-cca028477fdb
2026-03-29 15:42:33|gemini|thinking_0|21|JSON_SAVED||1024|008aac2d-134e-437e-9989-cca028477fdb
2026-03-29 15:42:33|gemini|thinking_0|21|QUESTION_ADVANCE||1025|f1e6a4ce-b293-49fa-8261-4619847c3c54
2026-03-29 15:45:07|gemini|thinking_0|20|QUESTION_SENT||928|6f41f349-5c42-4c3b-8e50-f6b1f6a13e52
2026-03-29 15:45:11|gemini|thinking_0|21|QUESTION_SENT||1025|f1e6a4ce-b293-49fa-8261-4619847c3c54
2026-03-29 15:45:44|gemini|thinking_0|20|JSON_VERIFIED||928|6f41f349-5c42-4c3b-8e50-f6b1f6a13e52
2026-03-29 15:45:44|gemini|thinking_0|20|QUESTION|25|928|6f41f349-5c42-4c3b-8e50-f6b1f6a13e52
2026-03-29 15:45:44|gemini|thinking_0|20|JSON_SAVED||928|6f41f349-5c42-4c3b-8e50-f6b1f6a13e52
2026-03-29 15:45:44|gemini|thinking_0|20|QUESTION_ADVANCE||929|4e6f18f1-9167-4ea5-a2ce-81d365c04343
2026-03-29 15:48:22|gemini|thinking_0|20|QUESTION_SENT||929|4e6f18f1-9167-4ea5-a2ce-81d365c04343
2026-03-29 15:48:26|gemini|thinking_0|21|QUESTION_SENT||1025|f1e6a4ce-b293-49fa-8261-4619847c3c54
2026-03-29 15:48:56|gemini|thinking_0|20|JSON_VERIFIED||929|4e6f18f1-9167-4ea5-a2ce-81d365c04343
2026-03-29 15:48:56|gemini|thinking_0|20|QUESTION|26|929|4e6f18f1-9167-4ea5-a2ce-81d365c04343
2026-03-29 15:48:56|gemini|thinking_0|20|JSON_SAVED||929|4e6f18f1-9167-4ea5-a2ce-81d365c04343
2026-03-29 15:48:56|gemini|thinking_0|20|QUESTION_ADVANCE||930|80367dab-57e2-40be-8e13-355fca424886
2026-03-29 15:51:37|gemini|thinking_0|20|QUESTION_SENT||930|80367dab-57e2-40be-8e13-355fca424886
2026-03-29 15:51:40|gemini|thinking_0|21|QUESTION_SENT||1025|f1e6a4ce-b293-49fa-8261-4619847c3c54
2026-03-29 15:52:19|gemini|thinking_0|20|JSON_VERIFY_FAILED||930|80367dab-57e2-40be-8e13-355fca424886
2026-03-29 15:52:19|gemini|thinking_0|20|QUESTION|27|930|80367dab-57e2-40be-8e13-355fca424886
2026-03-29 15:54:51|gemini|thinking_0|20|QUESTION_SENT||930|80367dab-57e2-40be-8e13-355fca424886
2026-03-29 15:54:55|gemini|thinking_0|21|QUESTION_SENT||1025|f1e6a4ce-b293-49fa-8261-4619847c3c54
2026-03-29 15:55:54|gemini|thinking_0|20|JSON_VERIFIED||930|80367dab-57e2-40be-8e13-355fca424886
2026-03-29 15:55:54|gemini|thinking_0|20|QUESTION|28|930|80367dab-57e2-40be-8e13-355fca424886
2026-03-29 15:55:54|gemini|thinking_0|20|JSON_SAVED||930|80367dab-57e2-40be-8e13-355fca424886
2026-03-29 15:55:54|gemini|thinking_0|20|QUESTION_ADVANCE||931|bbb4e792-43f6-41c2-90ff-dd3d12dd014e
2026-03-29 15:58:06|gemini|thinking_0|20|QUESTION_SENT||931|bbb4e792-43f6-41c2-90ff-dd3d12dd014e
2026-03-29 15:58:10|gemini|thinking_0|21|QUESTION_SENT||1025|f1e6a4ce-b293-49fa-8261-4619847c3c54
2026-03-29 15:58:42|gemini|thinking_0|20|JSON_VERIFIED||931|bbb4e792-43f6-41c2-90ff-dd3d12dd014e
2026-03-29 15:58:42|gemini|thinking_0|20|QUESTION|29|931|bbb4e792-43f6-41c2-90ff-dd3d12dd014e
2026-03-29 15:58:42|gemini|thinking_0|20|JSON_SAVED||931|bbb4e792-43f6-41c2-90ff-dd3d12dd014e
2026-03-29 15:58:42|gemini|thinking_0|20|QUESTION_ADVANCE||932|10f919d9-6677-4f16-87cb-16ed03b3644e
2026-03-29 15:58:54|gemini|thinking_0|21|JSON_VERIFY_FAILED||1025|f1e6a4ce-b293-49fa-8261-4619847c3c54
2026-03-29 15:58:54|gemini|thinking_0|21|QUESTION|25|1025|f1e6a4ce-b293-49fa-8261-4619847c3c54
2026-03-29 16:01:21|gemini|thinking_0|20|QUESTION_SENT||932|10f919d9-6677-4f16-87cb-16ed03b3644e
2026-03-29 16:01:24|gemini|thinking_0|21|QUESTION_SENT||1025|f1e6a4ce-b293-49fa-8261-4619847c3c54
2026-03-29 16:01:55|gemini|thinking_0|20|JSON_VERIFIED||932|10f919d9-6677-4f16-87cb-16ed03b3644e
2026-03-29 16:01:55|gemini|thinking_0|20|QUESTION|30|932|10f919d9-6677-4f16-87cb-16ed03b3644e
2026-03-29 16:01:55|gemini|thinking_0|20|JSON_SAVED||932|10f919d9-6677-4f16-87cb-16ed03b3644e
2026-03-29 16:01:55|gemini|thinking_0|20|QUESTION_ADVANCE||933|d890c1f7-45c4-4a16-86af-ccc8b35e7d4c
2026-03-29 16:02:05|gemini|thinking_0|21|JSON_VERIFIED||1025|f1e6a4ce-b293-49fa-8261-4619847c3c54
2026-03-29 16:02:05|gemini|thinking_0|21|QUESTION|26|1025|f1e6a4ce-b293-49fa-8261-4619847c3c54
2026-03-29 16:02:05|gemini|thinking_0|21|JSON_SAVED||1025|f1e6a4ce-b293-49fa-8261-4619847c3c54
2026-03-29 16:02:05|gemini|thinking_0|21|QUESTION_ADVANCE||1026|8d5a07b3-0e2d-4d9e-a7a8-affdc2df9891
2026-03-29 16:04:35|gemini|thinking_0|20|QUESTION_SENT||933|d890c1f7-45c4-4a16-86af-ccc8b35e7d4c
2026-03-29 16:04:39|gemini|thinking_0|21|QUESTION_SENT||1026|8d5a07b3-0e2d-4d9e-a7a8-affdc2df9891
2026-03-29 16:05:27|gemini|thinking_0|20|JSON_VERIFIED||933|d890c1f7-45c4-4a16-86af-ccc8b35e7d4c
2026-03-29 16:05:27|gemini|thinking_0|20|QUESTION|31|933|d890c1f7-45c4-4a16-86af-ccc8b35e7d4c
2026-03-29 16:05:27|gemini|thinking_0|20|JSON_SAVED||933|d890c1f7-45c4-4a16-86af-ccc8b35e7d4c
2026-03-29 16:05:27|gemini|thinking_0|20|QUESTION_ADVANCE||934|29f33355-66c5-45f4-83c2-ac7628ee1ad7
2026-03-29 16:07:50|gemini|thinking_0|20|QUESTION_SENT||934|29f33355-66c5-45f4-83c2-ac7628ee1ad7
2026-03-29 16:07:53|gemini|thinking_0|21|QUESTION_SENT||1026|8d5a07b3-0e2d-4d9e-a7a8-affdc2df9891
2026-03-29 16:08:32|gemini|thinking_0|21|JSON_VERIFIED||1026|8d5a07b3-0e2d-4d9e-a7a8-affdc2df9891
2026-03-29 16:08:32|gemini|thinking_0|21|QUESTION|27|1026|8d5a07b3-0e2d-4d9e-a7a8-affdc2df9891
2026-03-29 16:08:32|gemini|thinking_0|21|JSON_SAVED||1026|8d5a07b3-0e2d-4d9e-a7a8-affdc2df9891
2026-03-29 16:08:32|gemini|thinking_0|21|QUESTION_ADVANCE||1027|8c4077db-7689-41b8-96c4-1967b281a105
2026-03-29 16:08:58|gemini|thinking_0|20|JSON_VERIFIED||934|29f33355-66c5-45f4-83c2-ac7628ee1ad7
2026-03-29 16:08:58|gemini|thinking_0|20|QUESTION|32|934|29f33355-66c5-45f4-83c2-ac7628ee1ad7
2026-03-29 16:08:58|gemini|thinking_0|20|JSON_SAVED||934|29f33355-66c5-45f4-83c2-ac7628ee1ad7
2026-03-29 16:08:58|gemini|thinking_0|20|QUESTION_ADVANCE||935|24b5df22-6fa1-4633-86d5-eeaf8c3f30e3
2026-03-29 16:11:05|gemini|thinking_0|20|QUESTION_SENT||935|24b5df22-6fa1-4633-86d5-eeaf8c3f30e3
2026-03-29 16:11:08|gemini|thinking_0|21|QUESTION_SENT||1027|8c4077db-7689-41b8-96c4-1967b281a105
2026-03-29 16:14:19|gemini|thinking_0|20|QUESTION_SENT||935|24b5df22-6fa1-4633-86d5-eeaf8c3f30e3
2026-03-29 16:14:23|gemini|thinking_0|21|QUESTION_SENT||1027|8c4077db-7689-41b8-96c4-1967b281a105
2026-03-29 16:14:54|gemini|thinking_0|21|JSON_VERIFIED||1027|8c4077db-7689-41b8-96c4-1967b281a105
2026-03-29 16:14:54|gemini|thinking_0|21|QUESTION|28|1027|8c4077db-7689-41b8-96c4-1967b281a105
2026-03-29 16:14:54|gemini|thinking_0|21|JSON_SAVED||1027|8c4077db-7689-41b8-96c4-1967b281a105
2026-03-29 16:14:54|gemini|thinking_0|21|QUESTION_ADVANCE||1028|c04326fa-8b8e-434c-82d7-4aa5bed6f7b5
2026-03-29 16:15:28|gemini|thinking_0|20|JSON_VERIFIED||935|24b5df22-6fa1-4633-86d5-eeaf8c3f30e3
2026-03-29 16:15:28|gemini|thinking_0|20|QUESTION|33|935|24b5df22-6fa1-4633-86d5-eeaf8c3f30e3
2026-03-29 16:15:28|gemini|thinking_0|20|JSON_SAVED||935|24b5df22-6fa1-4633-86d5-eeaf8c3f30e3
2026-03-29 16:15:28|gemini|thinking_0|20|QUESTION_ADVANCE||936|527f05c4-00b2-4c8a-af16-c65ec61239dd
2026-03-29 16:17:34|gemini|thinking_0|20|QUESTION_SENT||936|527f05c4-00b2-4c8a-af16-c65ec61239dd
2026-03-29 16:17:37|gemini|thinking_0|21|QUESTION_SENT||1028|c04326fa-8b8e-434c-82d7-4aa5bed6f7b5
2026-03-29 16:18:05|gemini|thinking_0|20|JSON_VERIFIED||936|527f05c4-00b2-4c8a-af16-c65ec61239dd
2026-03-29 16:18:05|gemini|thinking_0|20|QUESTION|34|936|527f05c4-00b2-4c8a-af16-c65ec61239dd
2026-03-29 16:18:05|gemini|thinking_0|20|JSON_SAVED||936|527f05c4-00b2-4c8a-af16-c65ec61239dd
2026-03-29 16:18:05|gemini|thinking_0|20|QUESTION_ADVANCE||937|c30feb03-ba2c-4449-a33d-b7dadbdae6a8
2026-03-29 16:18:07|gemini|thinking_0|21|JSON_VERIFIED||1028|c04326fa-8b8e-434c-82d7-4aa5bed6f7b5
2026-03-29 16:18:07|gemini|thinking_0|21|QUESTION|29|1028|c04326fa-8b8e-434c-82d7-4aa5bed6f7b5
2026-03-29 16:18:07|gemini|thinking_0|21|JSON_SAVED||1028|c04326fa-8b8e-434c-82d7-4aa5bed6f7b5
2026-03-29 16:18:07|gemini|thinking_0|21|QUESTION_ADVANCE||1029|23ca4675-84a9-4fe6-975f-8340cb401074
2026-03-29 16:20:49|gemini|thinking_0|20|QUESTION_SENT||937|c30feb03-ba2c-4449-a33d-b7dadbdae6a8
2026-03-29 16:20:52|gemini|thinking_0|21|QUESTION_SENT||1029|23ca4675-84a9-4fe6-975f-8340cb401074
2026-03-29 16:24:03|gemini|thinking_0|20|QUESTION_SENT||937|c30feb03-ba2c-4449-a33d-b7dadbdae6a8
2026-03-29 16:24:07|gemini|thinking_0|21|QUESTION_SENT||1029|23ca4675-84a9-4fe6-975f-8340cb401074
2026-03-29 16:25:05|gemini|thinking_0|21|JSON_VERIFIED||1029|23ca4675-84a9-4fe6-975f-8340cb401074
2026-03-29 16:25:05|gemini|thinking_0|21|QUESTION|30|1029|23ca4675-84a9-4fe6-975f-8340cb401074
2026-03-29 16:25:05|gemini|thinking_0|21|JSON_SAVED||1029|23ca4675-84a9-4fe6-975f-8340cb401074
2026-03-29 16:25:05|gemini|thinking_0|21|QUESTION_ADVANCE||1030|eb3ccac0-3a93-45ef-a2ca-4144d3759732
2026-03-29 16:27:18|gemini|thinking_0|20|QUESTION_SENT||937|c30feb03-ba2c-4449-a33d-b7dadbdae6a8
2026-03-29 16:27:21|gemini|thinking_0|21|QUESTION_SENT||1030|eb3ccac0-3a93-45ef-a2ca-4144d3759732
2026-03-29 16:27:57|gemini|thinking_0|20|JSON_VERIFIED||937|c30feb03-ba2c-4449-a33d-b7dadbdae6a8
2026-03-29 16:27:57|gemini|thinking_0|20|QUESTION|35|937|c30feb03-ba2c-4449-a33d-b7dadbdae6a8
2026-03-29 16:27:57|gemini|thinking_0|20|JSON_SAVED||937|c30feb03-ba2c-4449-a33d-b7dadbdae6a8
2026-03-29 16:27:57|gemini|thinking_0|20|QUESTION_ADVANCE||938|bdcfecbe-933b-4136-b030-64bd4303bbe3
2026-03-29 16:28:10|gemini|thinking_0|21|JSON_VERIFIED||1030|eb3ccac0-3a93-45ef-a2ca-4144d3759732
2026-03-29 16:28:10|gemini|thinking_0|21|QUESTION|31|1030|eb3ccac0-3a93-45ef-a2ca-4144d3759732
2026-03-29 16:28:10|gemini|thinking_0|21|JSON_SAVED||1030|eb3ccac0-3a93-45ef-a2ca-4144d3759732
2026-03-29 16:28:10|gemini|thinking_0|21|QUESTION_ADVANCE||1031|a1ba985d-0c0e-4d34-bafb-2c7ef1467b77
2026-03-29 16:30:33|gemini|thinking_0|20|QUESTION_SENT||938|bdcfecbe-933b-4136-b030-64bd4303bbe3
2026-03-29 16:30:36|gemini|thinking_0|21|QUESTION_SENT||1031|a1ba985d-0c0e-4d34-bafb-2c7ef1467b77
2026-03-29 16:33:48|gemini|thinking_0|20|QUESTION_SENT||938|bdcfecbe-933b-4136-b030-64bd4303bbe3
2026-03-29 16:33:51|gemini|thinking_0|21|QUESTION_SENT||1031|a1ba985d-0c0e-4d34-bafb-2c7ef1467b77
2026-03-29 16:34:23|gemini|thinking_0|20|JSON_VERIFIED||938|bdcfecbe-933b-4136-b030-64bd4303bbe3
2026-03-29 16:34:23|gemini|thinking_0|20|QUESTION|36|938|bdcfecbe-933b-4136-b030-64bd4303bbe3
2026-03-29 16:34:23|gemini|thinking_0|20|JSON_SAVED||938|bdcfecbe-933b-4136-b030-64bd4303bbe3
2026-03-29 16:34:23|gemini|thinking_0|20|QUESTION_ADVANCE||939|74e9005d-6e8d-4cc3-b00a-d2b1bcda796b
2026-03-29 16:34:28|gemini|thinking_0|21|JSON_VERIFIED||1031|a1ba985d-0c0e-4d34-bafb-2c7ef1467b77
2026-03-29 16:34:28|gemini|thinking_0|21|QUESTION|32|1031|a1ba985d-0c0e-4d34-bafb-2c7ef1467b77
2026-03-29 16:34:28|gemini|thinking_0|21|JSON_SAVED||1031|a1ba985d-0c0e-4d34-bafb-2c7ef1467b77
2026-03-29 16:34:28|gemini|thinking_0|21|QUESTION_ADVANCE||1032|fbacf5fd-a52b-404f-9c6c-988a253185ed
2026-03-29 16:37:02|gemini|thinking_0|20|QUESTION_SENT||939|74e9005d-6e8d-4cc3-b00a-d2b1bcda796b
2026-03-29 16:37:06|gemini|thinking_0|21|QUESTION_SENT||1032|fbacf5fd-a52b-404f-9c6c-988a253185ed
2026-03-29 16:37:38|gemini|thinking_0|21|JSON_VERIFIED||1032|fbacf5fd-a52b-404f-9c6c-988a253185ed
2026-03-29 16:37:38|gemini|thinking_0|21|QUESTION|33|1032|fbacf5fd-a52b-404f-9c6c-988a253185ed
2026-03-29 16:37:38|gemini|thinking_0|21|JSON_SAVED||1032|fbacf5fd-a52b-404f-9c6c-988a253185ed
2026-03-29 16:37:38|gemini|thinking_0|21|QUESTION_ADVANCE||1033|f8d4d100-8ea2-49a3-994b-da3b85ad7476
2026-03-29 16:40:17|gemini|thinking_0|20|QUESTION_SENT||939|74e9005d-6e8d-4cc3-b00a-d2b1bcda796b
2026-03-29 16:40:20|gemini|thinking_0|21|QUESTION_SENT||1033|f8d4d100-8ea2-49a3-994b-da3b85ad7476
2026-03-29 16:40:48|gemini|thinking_0|20|JSON_VERIFIED||939|74e9005d-6e8d-4cc3-b00a-d2b1bcda796b
2026-03-29 16:40:48|gemini|thinking_0|20|QUESTION|37|939|74e9005d-6e8d-4cc3-b00a-d2b1bcda796b
2026-03-29 16:40:48|gemini|thinking_0|20|JSON_SAVED||939|74e9005d-6e8d-4cc3-b00a-d2b1bcda796b
2026-03-29 16:40:48|gemini|thinking_0|20|QUESTION_ADVANCE||940|bfb927f5-f6ea-4a9b-8db0-86e84964498c
2026-03-29 16:43:31|gemini|thinking_0|20|QUESTION_SENT||940|bfb927f5-f6ea-4a9b-8db0-86e84964498c
2026-03-29 16:43:35|gemini|thinking_0|21|QUESTION_SENT||1033|f8d4d100-8ea2-49a3-994b-da3b85ad7476
2026-03-29 16:44:09|gemini|thinking_0|21|JSON_VERIFIED||1033|f8d4d100-8ea2-49a3-994b-da3b85ad7476
2026-03-29 16:44:09|gemini|thinking_0|21|QUESTION|34|1033|f8d4d100-8ea2-49a3-994b-da3b85ad7476
2026-03-29 16:44:09|gemini|thinking_0|21|JSON_SAVED||1033|f8d4d100-8ea2-49a3-994b-da3b85ad7476
2026-03-29 16:44:09|gemini|thinking_0|21|QUESTION_ADVANCE||1034|3662c8c1-bcab-46c1-915b-6693b502d859
2026-03-29 16:44:17|gemini|thinking_0|20|JSON_VERIFIED||940|bfb927f5-f6ea-4a9b-8db0-86e84964498c
2026-03-29 16:44:17|gemini|thinking_0|20|QUESTION|38|940|bfb927f5-f6ea-4a9b-8db0-86e84964498c
2026-03-29 16:44:17|gemini|thinking_0|20|JSON_SAVED||940|bfb927f5-f6ea-4a9b-8db0-86e84964498c
2026-03-29 16:44:17|gemini|thinking_0|20|QUESTION_ADVANCE||941|1dadc058-7dde-45e1-a583-36c942edacfb
2026-03-29 16:46:46|gemini|thinking_0|20|QUESTION_SENT||941|1dadc058-7dde-45e1-a583-36c942edacfb
2026-03-29 16:46:50|gemini|thinking_0|21|QUESTION_SENT||1034|3662c8c1-bcab-46c1-915b-6693b502d859
2026-03-29 16:47:18|gemini|thinking_0|20|JSON_VERIFIED||941|1dadc058-7dde-45e1-a583-36c942edacfb
2026-03-29 16:47:18|gemini|thinking_0|20|QUESTION|39|941|1dadc058-7dde-45e1-a583-36c942edacfb
2026-03-29 16:47:18|gemini|thinking_0|20|JSON_SAVED||941|1dadc058-7dde-45e1-a583-36c942edacfb
2026-03-29 16:47:18|gemini|thinking_0|20|QUESTION_ADVANCE||942|290692da-3a36-4bbf-b448-266d17664b76
2026-03-29 16:47:22|gemini|thinking_0|21|JSON_VERIFIED||1034|3662c8c1-bcab-46c1-915b-6693b502d859
2026-03-29 16:47:22|gemini|thinking_0|21|QUESTION|35|1034|3662c8c1-bcab-46c1-915b-6693b502d859
2026-03-29 16:47:22|gemini|thinking_0|21|JSON_SAVED||1034|3662c8c1-bcab-46c1-915b-6693b502d859
2026-03-29 16:47:22|gemini|thinking_0|21|QUESTION_ADVANCE||1035|84189f45-d546-4d8e-8f10-ce70daf1db65
2026-03-29 16:50:01|gemini|thinking_0|20|QUESTION_SENT||942|290692da-3a36-4bbf-b448-266d17664b76
2026-03-29 16:50:04|gemini|thinking_0|21|QUESTION_SENT||1035|84189f45-d546-4d8e-8f10-ce70daf1db65
2026-03-29 16:50:37|gemini|thinking_0|20|JSON_VERIFIED||942|290692da-3a36-4bbf-b448-266d17664b76
2026-03-29 16:50:37|gemini|thinking_0|20|QUESTION|40|942|290692da-3a36-4bbf-b448-266d17664b76
2026-03-29 16:50:37|gemini|thinking_0|20|JSON_SAVED||942|290692da-3a36-4bbf-b448-266d17664b76
2026-03-29 16:50:37|gemini|thinking_0|20|QUESTION_ADVANCE||943|0a997642-4aae-49df-8d11-3cbed973cf45
2026-03-29 16:53:16|gemini|thinking_0|20|QUESTION_SENT||943|0a997642-4aae-49df-8d11-3cbed973cf45
2026-03-29 16:53:20|gemini|thinking_0|21|QUESTION_SENT||1035|84189f45-d546-4d8e-8f10-ce70daf1db65
2026-03-29 16:53:46|gemini|thinking_0|20|JSON_VERIFIED||943|0a997642-4aae-49df-8d11-3cbed973cf45
2026-03-29 16:53:46|gemini|thinking_0|20|QUESTION|41|943|0a997642-4aae-49df-8d11-3cbed973cf45
2026-03-29 16:53:46|gemini|thinking_0|20|JSON_SAVED||943|0a997642-4aae-49df-8d11-3cbed973cf45
2026-03-29 16:53:46|gemini|thinking_0|20|QUESTION_ADVANCE||944|5ddf25b2-aa37-4470-b21c-ee52bc5aff10
2026-03-29 16:56:31|gemini|thinking_0|20|QUESTION_SENT||944|5ddf25b2-aa37-4470-b21c-ee52bc5aff10
2026-03-29 16:56:35|gemini|thinking_0|21|QUESTION_SENT||1035|84189f45-d546-4d8e-8f10-ce70daf1db65
2026-03-29 16:57:22|gemini|thinking_0|21|JSON_VERIFIED||1035|84189f45-d546-4d8e-8f10-ce70daf1db65
2026-03-29 16:57:22|gemini|thinking_0|21|QUESTION|36|1035|84189f45-d546-4d8e-8f10-ce70daf1db65
2026-03-29 16:57:22|gemini|thinking_0|21|JSON_SAVED||1035|84189f45-d546-4d8e-8f10-ce70daf1db65
2026-03-29 16:57:22|gemini|thinking_0|21|QUESTION_ADVANCE||1036|2510dd7b-6f98-4334-a636-0843f7fc68e3
2026-03-29 16:59:49|gemini|thinking_0|21|QUESTION_SENT||1036|2510dd7b-6f98-4334-a636-0843f7fc68e3
2026-03-29 16:59:58|gemini|thinking_0|20|QUESTION_SENT||944|5ddf25b2-aa37-4470-b21c-ee52bc5aff10
2026-03-29 17:00:21|gemini|thinking_0|21|JSON_VERIFIED||1036|2510dd7b-6f98-4334-a636-0843f7fc68e3
2026-03-29 17:00:21|gemini|thinking_0|21|QUESTION|37|1036|2510dd7b-6f98-4334-a636-0843f7fc68e3
2026-03-29 17:00:21|gemini|thinking_0|21|JSON_SAVED||1036|2510dd7b-6f98-4334-a636-0843f7fc68e3
2026-03-29 17:00:21|gemini|thinking_0|21|QUESTION_ADVANCE||1037|fcf7bd6f-c27c-4034-909f-3d74ec25143f
2026-03-29 17:00:45|gemini|thinking_0|20|JSON_VERIFIED||944|5ddf25b2-aa37-4470-b21c-ee52bc5aff10
2026-03-29 17:00:45|gemini|thinking_0|20|QUESTION|42|944|5ddf25b2-aa37-4470-b21c-ee52bc5aff10
2026-03-29 17:00:45|gemini|thinking_0|20|JSON_SAVED||944|5ddf25b2-aa37-4470-b21c-ee52bc5aff10
2026-03-29 17:00:45|gemini|thinking_0|20|QUESTION_ADVANCE||945|ac747ce9-8522-44d3-8121-c499b8371408
2026-03-29 17:03:04|gemini|thinking_0|21|QUESTION_SENT||1037|fcf7bd6f-c27c-4034-909f-3d74ec25143f
2026-03-29 17:03:13|gemini|thinking_0|20|QUESTION_SENT||945|ac747ce9-8522-44d3-8121-c499b8371408
2026-03-29 17:03:44|gemini|thinking_0|21|JSON_VERIFIED||1037|fcf7bd6f-c27c-4034-909f-3d74ec25143f
2026-03-29 17:03:44|gemini|thinking_0|21|QUESTION|38|1037|fcf7bd6f-c27c-4034-909f-3d74ec25143f
2026-03-29 17:03:44|gemini|thinking_0|21|JSON_SAVED||1037|fcf7bd6f-c27c-4034-909f-3d74ec25143f
2026-03-29 17:03:44|gemini|thinking_0|21|QUESTION_ADVANCE||1038|6580a4b5-bd52-4672-9d2a-7ec721c41c95
2026-03-29 17:06:19|gemini|thinking_0|21|QUESTION_SENT||1038|6580a4b5-bd52-4672-9d2a-7ec721c41c95
2026-03-29 17:06:27|gemini|thinking_0|20|QUESTION_SENT||945|ac747ce9-8522-44d3-8121-c499b8371408
2026-03-29 17:07:01|gemini|thinking_0|21|JSON_VERIFIED||1038|6580a4b5-bd52-4672-9d2a-7ec721c41c95
2026-03-29 17:07:01|gemini|thinking_0|21|QUESTION|39|1038|6580a4b5-bd52-4672-9d2a-7ec721c41c95
2026-03-29 17:07:01|gemini|thinking_0|21|JSON_SAVED||1038|6580a4b5-bd52-4672-9d2a-7ec721c41c95
2026-03-29 17:07:01|gemini|thinking_0|21|QUESTION_ADVANCE||1039|60b800d2-8542-4f2d-a81a-471bfcde24fc
2026-03-29 17:09:33|gemini|thinking_0|21|QUESTION_SENT||1039|60b800d2-8542-4f2d-a81a-471bfcde24fc
2026-03-29 17:09:42|gemini|thinking_0|20|QUESTION_SENT||945|ac747ce9-8522-44d3-8121-c499b8371408
2026-03-29 17:10:24|gemini|thinking_0|21|JSON_VERIFIED||1039|60b800d2-8542-4f2d-a81a-471bfcde24fc
2026-03-29 17:10:24|gemini|thinking_0|21|QUESTION|40|1039|60b800d2-8542-4f2d-a81a-471bfcde24fc
2026-03-29 17:10:24|gemini|thinking_0|21|JSON_SAVED||1039|60b800d2-8542-4f2d-a81a-471bfcde24fc
2026-03-29 17:10:24|gemini|thinking_0|21|QUESTION_ADVANCE||1040|1de375ec-b0b7-4bea-8498-81e44fea26aa
2026-03-29 17:12:48|gemini|thinking_0|21|QUESTION_SENT||1040|1de375ec-b0b7-4bea-8498-81e44fea26aa
2026-03-29 17:12:57|gemini|thinking_0|20|QUESTION_SENT||945|ac747ce9-8522-44d3-8121-c499b8371408
2026-03-29 17:13:27|gemini|thinking_0|20|JSON_VERIFIED||945|ac747ce9-8522-44d3-8121-c499b8371408
2026-03-29 17:13:27|gemini|thinking_0|20|QUESTION|43|945|ac747ce9-8522-44d3-8121-c499b8371408
2026-03-29 17:13:27|gemini|thinking_0|20|JSON_SAVED||945|ac747ce9-8522-44d3-8121-c499b8371408
2026-03-29 17:13:27|gemini|thinking_0|20|QUESTION_ADVANCE||946|fdfefb04-25ea-464b-9423-0c04288617d1
2026-03-29 17:16:12|gemini|thinking_0|20|QUESTION_SENT||946|fdfefb04-25ea-464b-9423-0c04288617d1
2026-03-29 17:16:56|gemini|thinking_0|20|JSON_VERIFIED||946|fdfefb04-25ea-464b-9423-0c04288617d1
2026-03-29 17:16:56|gemini|thinking_0|20|QUESTION|44|946|fdfefb04-25ea-464b-9423-0c04288617d1
2026-03-29 17:16:56|gemini|thinking_0|20|JSON_SAVED||946|fdfefb04-25ea-464b-9423-0c04288617d1
2026-03-29 17:16:56|gemini|thinking_0|20|QUESTION_ADVANCE||947|fb40d5f0-2f10-4a07-96a7-ce18d5534536
2026-03-29 17:19:27|gemini|thinking_0|20|QUESTION_SENT||947|fb40d5f0-2f10-4a07-96a7-ce18d5534536
2026-03-29 17:20:01|gemini|thinking_0|20|JSON_VERIFIED||947|fb40d5f0-2f10-4a07-96a7-ce18d5534536
2026-03-29 17:20:01|gemini|thinking_0|20|QUESTION|45|947|fb40d5f0-2f10-4a07-96a7-ce18d5534536
2026-03-29 17:20:01|gemini|thinking_0|20|JSON_SAVED||947|fb40d5f0-2f10-4a07-96a7-ce18d5534536
2026-03-29 17:20:01|gemini|thinking_0|20|QUESTION_ADVANCE||948|9ce60fc9-f71a-4852-a275-bee59529358d
2026-03-29 17:22:41|gemini|thinking_0|20|QUESTION_SENT||948|9ce60fc9-f71a-4852-a275-bee59529358d
2026-03-29 17:25:56|gemini|thinking_0|20|QUESTION_SENT||948|9ce60fc9-f71a-4852-a275-bee59529358d
2026-03-29 17:27:15|gemini|thinking_0|20|JSON_VERIFIED||948|9ce60fc9-f71a-4852-a275-bee59529358d
2026-03-29 17:27:15|gemini|thinking_0|20|QUESTION|46|948|9ce60fc9-f71a-4852-a275-bee59529358d
2026-03-29 17:27:15|gemini|thinking_0|20|JSON_SAVED||948|9ce60fc9-f71a-4852-a275-bee59529358d
2026-03-29 17:27:15|gemini|thinking_0|20|QUESTION_ADVANCE||949|60b8f74c-9c3f-4f6a-be8a-000d0f1a7516
2026-03-29 17:29:11|gemini|thinking_0|20|QUESTION_SENT||949|60b8f74c-9c3f-4f6a-be8a-000d0f1a7516
2026-03-29 17:29:43|gemini|thinking_0|20|JSON_VERIFIED||949|60b8f74c-9c3f-4f6a-be8a-000d0f1a7516
2026-03-29 17:29:43|gemini|thinking_0|20|QUESTION|47|949|60b8f74c-9c3f-4f6a-be8a-000d0f1a7516
2026-03-29 17:29:43|gemini|thinking_0|20|JSON_SAVED||949|60b8f74c-9c3f-4f6a-be8a-000d0f1a7516
2026-03-29 17:29:43|gemini|thinking_0|20|QUESTION_ADVANCE||950|284d49e2-0078-49c4-baa0-50a9d85be53d
2026-03-29 17:32:25|gemini|thinking_0|20|QUESTION_SENT||950|284d49e2-0078-49c4-baa0-50a9d85be53d
2026-03-29 17:33:13|gemini|thinking_0|20|JSON_VERIFIED||950|284d49e2-0078-49c4-baa0-50a9d85be53d
2026-03-29 17:33:13|gemini|thinking_0|20|QUESTION|48|950|284d49e2-0078-49c4-baa0-50a9d85be53d
2026-03-29 17:33:13|gemini|thinking_0|20|JSON_SAVED||950|284d49e2-0078-49c4-baa0-50a9d85be53d
2026-03-29 17:33:13|gemini|thinking_0|20|QUESTION_ADVANCE||951|54cba4c0-0234-467f-ad12-ea236f68a37f
2026-03-29 17:35:40|gemini|thinking_0|20|QUESTION_SENT||951|54cba4c0-0234-467f-ad12-ea236f68a37f
2026-03-29 17:38:55|gemini|thinking_0|20|QUESTION_SENT||951|54cba4c0-0234-467f-ad12-ea236f68a37f
2026-03-29 17:39:27|gemini|thinking_0|20|JSON_VERIFIED||951|54cba4c0-0234-467f-ad12-ea236f68a37f
2026-03-29 17:39:27|gemini|thinking_0|20|QUESTION|49|951|54cba4c0-0234-467f-ad12-ea236f68a37f
2026-03-29 17:39:27|gemini|thinking_0|20|JSON_SAVED||951|54cba4c0-0234-467f-ad12-ea236f68a37f
2026-03-29 17:39:27|gemini|thinking_0|20|QUESTION_ADVANCE||952|07d218a7-cd81-474c-b31a-e93fc1aab310
2026-03-29 17:42:09|gemini|thinking_0|20|QUESTION_SENT||952|07d218a7-cd81-474c-b31a-e93fc1aab310
2026-03-29 17:42:57|gemini|thinking_0|20|JSON_VERIFIED||952|07d218a7-cd81-474c-b31a-e93fc1aab310
2026-03-29 17:42:57|gemini|thinking_0|20|QUESTION|50|952|07d218a7-cd81-474c-b31a-e93fc1aab310
2026-03-29 17:42:57|gemini|thinking_0|20|JSON_SAVED||952|07d218a7-cd81-474c-b31a-e93fc1aab310
2026-03-29 17:42:57|gemini|thinking_0|20|QUESTION_ADVANCE||953|20448f83-c7be-402c-9ec6-0bb12024e213
2026-03-29 17:45:24|gemini|thinking_0|20|QUESTION_SENT||953|20448f83-c7be-402c-9ec6-0bb12024e213
2026-03-29 17:52:22|gemini|thinking_0|20|QUESTION_SENT||953|20448f83-c7be-402c-9ec6-0bb12024e213
2026-03-29 17:52:34|gemini|thinking_0|21|QUESTION_SENT||1040|1de375ec-b0b7-4bea-8498-81e44fea26aa
2026-03-29 17:53:17|gemini|thinking_0|21|JSON_VERIFIED||1040|1de375ec-b0b7-4bea-8498-81e44fea26aa
2026-03-29 17:53:17|gemini|thinking_0|21|QUESTION|41|1040|1de375ec-b0b7-4bea-8498-81e44fea26aa
2026-03-29 17:53:17|gemini|thinking_0|21|JSON_SAVED||1040|1de375ec-b0b7-4bea-8498-81e44fea26aa
2026-03-29 17:53:17|gemini|thinking_0|21|QUESTION_ADVANCE||1041|11b3ef3a-efc8-46ac-9448-1ec6bf9438e5
2026-03-29 17:55:36|gemini|thinking_0|20|QUESTION_SENT||953|20448f83-c7be-402c-9ec6-0bb12024e213
2026-03-29 17:55:49|gemini|thinking_0|21|QUESTION_SENT||1041|11b3ef3a-efc8-46ac-9448-1ec6bf9438e5
2026-03-29 17:56:23|gemini|thinking_0|21|JSON_VERIFIED||1041|11b3ef3a-efc8-46ac-9448-1ec6bf9438e5
2026-03-29 17:56:23|gemini|thinking_0|21|QUESTION|42|1041|11b3ef3a-efc8-46ac-9448-1ec6bf9438e5
2026-03-29 17:56:23|gemini|thinking_0|21|JSON_SAVED||1041|11b3ef3a-efc8-46ac-9448-1ec6bf9438e5
2026-03-29 17:56:23|gemini|thinking_0|21|QUESTION_ADVANCE||1042|7c3b28e2-9eba-4f66-b555-f25b8d156cf6
2026-03-29 17:58:51|gemini|thinking_0|20|QUESTION_SENT||953|20448f83-c7be-402c-9ec6-0bb12024e213
2026-03-29 17:59:03|gemini|thinking_0|21|QUESTION_SENT||1042|7c3b28e2-9eba-4f66-b555-f25b8d156cf6
2026-03-29 17:59:42|gemini|thinking_0|21|JSON_VERIFIED||1042|7c3b28e2-9eba-4f66-b555-f25b8d156cf6
2026-03-29 17:59:42|gemini|thinking_0|21|QUESTION|43|1042|7c3b28e2-9eba-4f66-b555-f25b8d156cf6
2026-03-29 17:59:42|gemini|thinking_0|21|JSON_SAVED||1042|7c3b28e2-9eba-4f66-b555-f25b8d156cf6
2026-03-29 17:59:42|gemini|thinking_0|21|QUESTION_ADVANCE||1043|c84e8f7a-bf18-4e95-98fc-980fda67c241
2026-03-29 18:02:06|gemini|thinking_0|20|QUESTION_SENT||953|20448f83-c7be-402c-9ec6-0bb12024e213
2026-03-29 18:02:18|gemini|thinking_0|21|QUESTION_SENT||1043|c84e8f7a-bf18-4e95-98fc-980fda67c241
2026-03-29 18:02:46|gemini|thinking_0|20|JSON_VERIFIED||953|20448f83-c7be-402c-9ec6-0bb12024e213
2026-03-29 18:02:46|gemini|thinking_0|20|QUESTION|51|953|20448f83-c7be-402c-9ec6-0bb12024e213
2026-03-29 18:02:46|gemini|thinking_0|20|JSON_SAVED||953|20448f83-c7be-402c-9ec6-0bb12024e213
2026-03-29 18:02:46|gemini|thinking_0|20|QUESTION_ADVANCE||954|29da9ef8-2a84-4273-893b-42357abea5f2
2026-03-29 18:02:55|gemini|thinking_0|21|JSON_VERIFIED||1043|c84e8f7a-bf18-4e95-98fc-980fda67c241
2026-03-29 18:02:55|gemini|thinking_0|21|QUESTION|44|1043|c84e8f7a-bf18-4e95-98fc-980fda67c241
2026-03-29 18:02:55|gemini|thinking_0|21|JSON_SAVED||1043|c84e8f7a-bf18-4e95-98fc-980fda67c241
2026-03-29 18:02:55|gemini|thinking_0|21|QUESTION_ADVANCE||1044|ad119311-8700-4699-bbef-7d4855239fd7
2026-03-29 18:05:21|gemini|thinking_0|20|QUESTION_SENT||954|29da9ef8-2a84-4273-893b-42357abea5f2
2026-03-29 18:05:33|gemini|thinking_0|21|QUESTION_SENT||1044|ad119311-8700-4699-bbef-7d4855239fd7
2026-03-29 18:06:26|gemini|thinking_0|20|JSON_VERIFIED||954|29da9ef8-2a84-4273-893b-42357abea5f2
2026-03-29 18:06:26|gemini|thinking_0|20|QUESTION|52|954|29da9ef8-2a84-4273-893b-42357abea5f2
2026-03-29 18:06:26|gemini|thinking_0|20|JSON_SAVED||954|29da9ef8-2a84-4273-893b-42357abea5f2
2026-03-29 18:06:26|gemini|thinking_0|20|QUESTION_ADVANCE||955|ce50439c-9d16-4336-8fc3-508cbf88a005
2026-03-29 18:08:35|gemini|thinking_0|20|QUESTION_SENT||955|ce50439c-9d16-4336-8fc3-508cbf88a005
2026-03-29 18:08:48|gemini|thinking_0|21|QUESTION_SENT||1044|ad119311-8700-4699-bbef-7d4855239fd7
2026-03-29 18:09:09|gemini|thinking_0|20|JSON_VERIFIED||955|ce50439c-9d16-4336-8fc3-508cbf88a005
2026-03-29 18:09:09|gemini|thinking_0|20|QUESTION|53|955|ce50439c-9d16-4336-8fc3-508cbf88a005
2026-03-29 18:09:09|gemini|thinking_0|20|JSON_SAVED||955|ce50439c-9d16-4336-8fc3-508cbf88a005
2026-03-29 18:09:09|gemini|thinking_0|20|QUESTION_ADVANCE||956|f732d44d-57d4-46af-8fe4-030ee823aad0
2026-03-29 18:09:20|gemini|thinking_0|21|JSON_VERIFIED||1044|ad119311-8700-4699-bbef-7d4855239fd7
2026-03-29 18:09:20|gemini|thinking_0|21|QUESTION|45|1044|ad119311-8700-4699-bbef-7d4855239fd7
2026-03-29 18:09:20|gemini|thinking_0|21|JSON_SAVED||1044|ad119311-8700-4699-bbef-7d4855239fd7
2026-03-29 18:09:20|gemini|thinking_0|21|QUESTION_ADVANCE||1045|4907869b-b7c4-49ea-9282-99b0870cc95c
2026-03-29 18:11:50|gemini|thinking_0|20|QUESTION_SENT||956|f732d44d-57d4-46af-8fe4-030ee823aad0
2026-03-29 18:12:02|gemini|thinking_0|21|QUESTION_SENT||1045|4907869b-b7c4-49ea-9282-99b0870cc95c
2026-03-29 18:12:31|gemini|thinking_0|20|JSON_VERIFIED||956|f732d44d-57d4-46af-8fe4-030ee823aad0
2026-03-29 18:12:31|gemini|thinking_0|20|QUESTION|54|956|f732d44d-57d4-46af-8fe4-030ee823aad0
2026-03-29 18:12:31|gemini|thinking_0|20|JSON_SAVED||956|f732d44d-57d4-46af-8fe4-030ee823aad0
2026-03-29 18:12:31|gemini|thinking_0|20|QUESTION_ADVANCE||957|220ef614-32a4-44b8-814f-ba26b3cf0c66
2026-03-29 18:15:04|gemini|thinking_0|20|QUESTION_SENT||957|220ef614-32a4-44b8-814f-ba26b3cf0c66
2026-03-29 18:15:17|gemini|thinking_0|21|QUESTION_SENT||1045|4907869b-b7c4-49ea-9282-99b0870cc95c
2026-03-29 18:18:19|gemini|thinking_0|20|QUESTION_SENT||957|220ef614-32a4-44b8-814f-ba26b3cf0c66
2026-03-29 18:18:32|gemini|thinking_0|21|QUESTION_SENT||1045|4907869b-b7c4-49ea-9282-99b0870cc95c
2026-03-29 18:21:34|gemini|thinking_0|20|QUESTION_SENT||957|220ef614-32a4-44b8-814f-ba26b3cf0c66
2026-03-29 18:21:46|gemini|thinking_0|21|QUESTION_SENT||1045|4907869b-b7c4-49ea-9282-99b0870cc95c
2026-03-29 18:22:19|gemini|thinking_0|20|JSON_VERIFIED||957|220ef614-32a4-44b8-814f-ba26b3cf0c66
2026-03-29 18:22:19|gemini|thinking_0|20|QUESTION|55|957|220ef614-32a4-44b8-814f-ba26b3cf0c66
2026-03-29 18:22:19|gemini|thinking_0|20|JSON_SAVED||957|220ef614-32a4-44b8-814f-ba26b3cf0c66
2026-03-29 18:22:19|gemini|thinking_0|20|QUESTION_ADVANCE||958|1a471904-e9c2-4c7c-bbee-b5c3a274638d
2026-03-29 18:22:30|gemini|thinking_0|21|JSON_VERIFIED||1045|4907869b-b7c4-49ea-9282-99b0870cc95c
2026-03-29 18:22:30|gemini|thinking_0|21|QUESTION|46|1045|4907869b-b7c4-49ea-9282-99b0870cc95c
2026-03-29 18:22:30|gemini|thinking_0|21|JSON_SAVED||1045|4907869b-b7c4-49ea-9282-99b0870cc95c
2026-03-29 18:22:30|gemini|thinking_0|21|QUESTION_ADVANCE||1046|521dbe08-4065-4ea3-bb3f-dfc8057424e2
2026-03-29 18:24:49|gemini|thinking_0|20|QUESTION_SENT||958|1a471904-e9c2-4c7c-bbee-b5c3a274638d
2026-03-29 18:25:01|gemini|thinking_0|21|QUESTION_SENT||1046|521dbe08-4065-4ea3-bb3f-dfc8057424e2
2026-03-29 18:25:40|gemini|thinking_0|20|JSON_VERIFIED||958|1a471904-e9c2-4c7c-bbee-b5c3a274638d
2026-03-29 18:25:40|gemini|thinking_0|20|QUESTION|56|958|1a471904-e9c2-4c7c-bbee-b5c3a274638d
2026-03-29 18:25:40|gemini|thinking_0|20|JSON_SAVED||958|1a471904-e9c2-4c7c-bbee-b5c3a274638d
2026-03-29 18:25:40|gemini|thinking_0|20|QUESTION_ADVANCE||959|d810cc81-4258-4372-a4fa-f29d1f030674
2026-03-29 18:28:03|gemini|thinking_0|20|QUESTION_SENT||959|d810cc81-4258-4372-a4fa-f29d1f030674
2026-03-29 18:28:16|gemini|thinking_0|21|QUESTION_SENT||1046|521dbe08-4065-4ea3-bb3f-dfc8057424e2
2026-03-29 18:31:31|gemini|thinking_0|21|QUESTION_SENT||1046|521dbe08-4065-4ea3-bb3f-dfc8057424e2
2026-03-29 18:31:52|gemini|thinking_0|20|QUESTION_SENT||959|d810cc81-4258-4372-a4fa-f29d1f030674
2026-03-29 18:32:27|gemini|thinking_0|20|JSON_VERIFIED||959|d810cc81-4258-4372-a4fa-f29d1f030674
2026-03-29 18:32:27|gemini|thinking_0|20|QUESTION|57|959|d810cc81-4258-4372-a4fa-f29d1f030674
2026-03-29 18:32:27|gemini|thinking_0|20|JSON_SAVED||959|d810cc81-4258-4372-a4fa-f29d1f030674
2026-03-29 18:32:27|gemini|thinking_0|20|QUESTION_ADVANCE||960|776366d7-6f1a-4cde-a7e3-e33d95a8222a
2026-03-29 18:34:45|gemini|thinking_0|21|QUESTION_SENT||1046|521dbe08-4065-4ea3-bb3f-dfc8057424e2
2026-03-29 18:35:07|gemini|thinking_0|20|QUESTION_SENT||960|776366d7-6f1a-4cde-a7e3-e33d95a8222a
2026-03-29 18:35:28|gemini|thinking_0|21|JSON_VERIFIED||1046|521dbe08-4065-4ea3-bb3f-dfc8057424e2
2026-03-29 18:35:28|gemini|thinking_0|21|QUESTION|47|1046|521dbe08-4065-4ea3-bb3f-dfc8057424e2
2026-03-29 18:35:28|gemini|thinking_0|21|JSON_SAVED||1046|521dbe08-4065-4ea3-bb3f-dfc8057424e2
2026-03-29 18:35:28|gemini|thinking_0|21|QUESTION_ADVANCE||1047|9397bfea-685e-4010-8907-ec83894a706f
2026-03-29 18:38:00|gemini|thinking_0|21|QUESTION_SENT||1047|9397bfea-685e-4010-8907-ec83894a706f
2026-03-29 18:38:21|gemini|thinking_0|20|QUESTION_SENT||960|776366d7-6f1a-4cde-a7e3-e33d95a8222a
2026-03-29 18:39:08|gemini|thinking_0|20|JSON_VERIFIED||960|776366d7-6f1a-4cde-a7e3-e33d95a8222a
2026-03-29 18:39:08|gemini|thinking_0|20|QUESTION|58|960|776366d7-6f1a-4cde-a7e3-e33d95a8222a
2026-03-29 18:39:08|gemini|thinking_0|20|JSON_SAVED||960|776366d7-6f1a-4cde-a7e3-e33d95a8222a
2026-03-29 18:39:08|gemini|thinking_0|20|QUESTION_ADVANCE||961|37669662-e79a-4e0a-89dc-6b8aef0f3eba
2026-03-29 18:41:15|gemini|thinking_0|21|QUESTION_SENT||1047|9397bfea-685e-4010-8907-ec83894a706f
2026-03-29 18:41:36|gemini|thinking_0|20|QUESTION_SENT||961|37669662-e79a-4e0a-89dc-6b8aef0f3eba
2026-03-29 18:44:29|gemini|thinking_0|21|QUESTION_SENT||1047|9397bfea-685e-4010-8907-ec83894a706f
2026-03-29 18:45:02|gemini|thinking_0|21|JSON_VERIFIED||1047|9397bfea-685e-4010-8907-ec83894a706f
2026-03-29 18:45:02|gemini|thinking_0|21|QUESTION|48|1047|9397bfea-685e-4010-8907-ec83894a706f
2026-03-29 18:45:02|gemini|thinking_0|21|JSON_SAVED||1047|9397bfea-685e-4010-8907-ec83894a706f
2026-03-29 18:45:02|gemini|thinking_0|21|QUESTION_ADVANCE||1048|1fe8d670-03e3-4e91-9970-eceade21f5d6
2026-03-29 18:45:54|gemini|thinking_0|20|QUESTION_SENT||961|37669662-e79a-4e0a-89dc-6b8aef0f3eba
2026-03-29 18:46:32|gemini|thinking_0|20|JSON_VERIFIED||961|37669662-e79a-4e0a-89dc-6b8aef0f3eba
2026-03-29 18:46:32|gemini|thinking_0|20|QUESTION|59|961|37669662-e79a-4e0a-89dc-6b8aef0f3eba
2026-03-29 18:46:32|gemini|thinking_0|20|JSON_SAVED||961|37669662-e79a-4e0a-89dc-6b8aef0f3eba
2026-03-29 18:46:32|gemini|thinking_0|20|QUESTION_ADVANCE||962|0a9f44dc-9b03-4fee-a1d8-4ce66ede4ee0
2026-03-29 18:47:44|gemini|thinking_0|21|QUESTION_SENT||1048|1fe8d670-03e3-4e91-9970-eceade21f5d6
2026-03-29 18:48:35|gemini|thinking_0|21|JSON_VERIFIED||1048|1fe8d670-03e3-4e91-9970-eceade21f5d6
2026-03-29 18:48:35|gemini|thinking_0|21|QUESTION|49|1048|1fe8d670-03e3-4e91-9970-eceade21f5d6
2026-03-29 18:48:35|gemini|thinking_0|21|JSON_SAVED||1048|1fe8d670-03e3-4e91-9970-eceade21f5d6
2026-03-29 18:48:35|gemini|thinking_0|21|QUESTION_ADVANCE||1049|1ada6718-d81d-4dd8-9eb6-05ef8b0c7612
2026-03-29 18:49:09|gemini|thinking_0|20|QUESTION_SENT||962|0a9f44dc-9b03-4fee-a1d8-4ce66ede4ee0
2026-03-29 18:50:58|gemini|thinking_0|21|QUESTION_SENT||1049|1ada6718-d81d-4dd8-9eb6-05ef8b0c7612
2026-03-29 18:54:13|gemini|thinking_0|21|QUESTION_SENT||1049|1ada6718-d81d-4dd8-9eb6-05ef8b0c7612
2026-03-29 18:56:50|gemini|thinking_0|20|QUESTION_SENT||962|0a9f44dc-9b03-4fee-a1d8-4ce66ede4ee0
2026-03-29 18:57:27|gemini|thinking_0|21|QUESTION_SENT||1049|1ada6718-d81d-4dd8-9eb6-05ef8b0c7612
2026-03-29 19:00:05|gemini|thinking_0|20|QUESTION_SENT||962|0a9f44dc-9b03-4fee-a1d8-4ce66ede4ee0
2026-03-29 19:00:42|gemini|thinking_0|21|QUESTION_SENT||1049|1ada6718-d81d-4dd8-9eb6-05ef8b0c7612
2026-03-29 19:01:19|gemini|thinking_0|21|JSON_VERIFIED||1049|1ada6718-d81d-4dd8-9eb6-05ef8b0c7612
2026-03-29 19:01:19|gemini|thinking_0|21|QUESTION|50|1049|1ada6718-d81d-4dd8-9eb6-05ef8b0c7612
2026-03-29 19:01:19|gemini|thinking_0|21|JSON_SAVED||1049|1ada6718-d81d-4dd8-9eb6-05ef8b0c7612
2026-03-29 19:01:19|gemini|thinking_0|21|QUESTION_ADVANCE||1050|88d655cf-8842-4680-8bbb-127285b2b329
2026-03-29 19:03:20|gemini|thinking_0|20|QUESTION_SENT||962|0a9f44dc-9b03-4fee-a1d8-4ce66ede4ee0
2026-03-29 19:03:57|gemini|thinking_0|21|QUESTION_SENT||1050|88d655cf-8842-4680-8bbb-127285b2b329
2026-03-29 19:03:58|gemini|thinking_0|20|JSON_VERIFIED||962|0a9f44dc-9b03-4fee-a1d8-4ce66ede4ee0
2026-03-29 19:03:58|gemini|thinking_0|20|QUESTION|60|962|0a9f44dc-9b03-4fee-a1d8-4ce66ede4ee0
2026-03-29 19:03:58|gemini|thinking_0|20|JSON_SAVED||962|0a9f44dc-9b03-4fee-a1d8-4ce66ede4ee0
2026-03-29 19:03:58|gemini|thinking_0|20|QUESTION_ADVANCE||963|57b4ecc4-2ca6-4652-97f2-4ec5f2cc2a0b
2026-03-29 19:06:34|gemini|thinking_0|20|QUESTION_SENT||963|57b4ecc4-2ca6-4652-97f2-4ec5f2cc2a0b
2026-03-29 19:07:10|gemini|thinking_0|20|JSON_VERIFIED||963|57b4ecc4-2ca6-4652-97f2-4ec5f2cc2a0b
2026-03-29 19:07:10|gemini|thinking_0|20|QUESTION|61|963|57b4ecc4-2ca6-4652-97f2-4ec5f2cc2a0b
2026-03-29 19:07:10|gemini|thinking_0|20|JSON_SAVED||963|57b4ecc4-2ca6-4652-97f2-4ec5f2cc2a0b
2026-03-29 19:07:10|gemini|thinking_0|20|QUESTION_ADVANCE||964|b16f5333-a06c-4145-9a4e-91626a9054bb
2026-03-29 19:07:12|gemini|thinking_0|21|QUESTION_SENT||1050|88d655cf-8842-4680-8bbb-127285b2b329
2026-03-29 19:07:46|gemini|thinking_0|21|JSON_VERIFIED||1050|88d655cf-8842-4680-8bbb-127285b2b329
2026-03-29 19:07:46|gemini|thinking_0|21|QUESTION|51|1050|88d655cf-8842-4680-8bbb-127285b2b329
2026-03-29 19:07:46|gemini|thinking_0|21|JSON_SAVED||1050|88d655cf-8842-4680-8bbb-127285b2b329
2026-03-29 19:07:46|gemini|thinking_0|21|QUESTION_ADVANCE||1051|ac930a42-da89-400f-ba56-212d31fedf16
2026-03-29 19:09:49|gemini|thinking_0|20|QUESTION_SENT||964|b16f5333-a06c-4145-9a4e-91626a9054bb
2026-03-29 19:10:25|gemini|thinking_0|20|JSON_VERIFIED||964|b16f5333-a06c-4145-9a4e-91626a9054bb
2026-03-29 19:10:25|gemini|thinking_0|20|QUESTION|62|964|b16f5333-a06c-4145-9a4e-91626a9054bb
2026-03-29 19:10:25|gemini|thinking_0|20|JSON_SAVED||964|b16f5333-a06c-4145-9a4e-91626a9054bb
2026-03-29 19:10:25|gemini|thinking_0|20|QUESTION_ADVANCE||965|50c73a0f-b783-4945-8c65-ef65ead4117c
2026-03-29 19:10:26|gemini|thinking_0|21|QUESTION_SENT||1051|ac930a42-da89-400f-ba56-212d31fedf16
2026-03-29 19:13:04|gemini|thinking_0|20|QUESTION_SENT||965|50c73a0f-b783-4945-8c65-ef65ead4117c
2026-03-29 19:16:19|gemini|thinking_0|20|QUESTION_SENT||965|50c73a0f-b783-4945-8c65-ef65ead4117c
2026-03-29 19:17:53|gemini|thinking_0|21|QUESTION_SENT||1051|ac930a42-da89-400f-ba56-212d31fedf16
2026-03-29 19:19:33|gemini|thinking_0|20|QUESTION_SENT||965|50c73a0f-b783-4945-8c65-ef65ead4117c
2026-03-29 19:21:08|gemini|thinking_0|21|QUESTION_SENT||1051|ac930a42-da89-400f-ba56-212d31fedf16
2026-03-29 19:22:04|gemini|thinking_0|21|JSON_VERIFIED||1051|ac930a42-da89-400f-ba56-212d31fedf16
2026-03-29 19:22:04|gemini|thinking_0|21|QUESTION|52|1051|ac930a42-da89-400f-ba56-212d31fedf16
2026-03-29 19:22:04|gemini|thinking_0|21|JSON_SAVED||1051|ac930a42-da89-400f-ba56-212d31fedf16
2026-03-29 19:22:04|gemini|thinking_0|21|QUESTION_ADVANCE||1052|a0729982-bb6c-43a9-983e-0f69ac8b1b76
2026-03-29 19:22:48|gemini|thinking_0|20|QUESTION_SENT||965|50c73a0f-b783-4945-8c65-ef65ead4117c
2026-03-29 19:23:32|gemini|thinking_0|20|JSON_VERIFIED||965|50c73a0f-b783-4945-8c65-ef65ead4117c
2026-03-29 19:23:32|gemini|thinking_0|20|QUESTION|63|965|50c73a0f-b783-4945-8c65-ef65ead4117c
2026-03-29 19:23:32|gemini|thinking_0|20|JSON_SAVED||965|50c73a0f-b783-4945-8c65-ef65ead4117c
2026-03-29 19:23:32|gemini|thinking_0|20|QUESTION_ADVANCE||966|5513d0b2-0078-40d2-9b96-e290a83621c1
2026-03-29 19:24:23|gemini|thinking_0|21|QUESTION_SENT||1052|a0729982-bb6c-43a9-983e-0f69ac8b1b76
2026-03-29 19:26:03|gemini|thinking_0|20|QUESTION_SENT||966|5513d0b2-0078-40d2-9b96-e290a83621c1
2026-03-29 19:29:18|gemini|thinking_0|20|QUESTION_SENT||966|5513d0b2-0078-40d2-9b96-e290a83621c1
2026-03-29 19:29:50|gemini|thinking_0|20|JSON_VERIFIED||966|5513d0b2-0078-40d2-9b96-e290a83621c1
2026-03-29 19:29:50|gemini|thinking_0|20|QUESTION|64|966|5513d0b2-0078-40d2-9b96-e290a83621c1
2026-03-29 19:29:50|gemini|thinking_0|20|JSON_SAVED||966|5513d0b2-0078-40d2-9b96-e290a83621c1
2026-03-29 19:29:50|gemini|thinking_0|20|QUESTION_ADVANCE||967|8cb246c6-9b67-46d9-9fa8-1b93dc455723
2026-03-29 19:32:32|gemini|thinking_0|20|QUESTION_SENT||967|8cb246c6-9b67-46d9-9fa8-1b93dc455723
2026-03-29 19:33:05|gemini|thinking_0|20|JSON_VERIFIED||967|8cb246c6-9b67-46d9-9fa8-1b93dc455723
2026-03-29 19:33:05|gemini|thinking_0|20|QUESTION|65|967|8cb246c6-9b67-46d9-9fa8-1b93dc455723
2026-03-29 19:33:05|gemini|thinking_0|20|JSON_SAVED||967|8cb246c6-9b67-46d9-9fa8-1b93dc455723
2026-03-29 19:33:05|gemini|thinking_0|20|QUESTION_ADVANCE||968|c4eaffb9-0d75-4ebe-a608-8e03b837af2a
2026-03-29 19:35:14|gemini|thinking_0|21|QUESTION_SENT||1052|a0729982-bb6c-43a9-983e-0f69ac8b1b76
2026-03-29 19:35:47|gemini|thinking_0|20|QUESTION_SENT||968|c4eaffb9-0d75-4ebe-a608-8e03b837af2a
2026-03-29 19:36:44|gemini|thinking_0|20|JSON_VERIFIED||968|c4eaffb9-0d75-4ebe-a608-8e03b837af2a
2026-03-29 19:36:44|gemini|thinking_0|20|QUESTION|66|968|c4eaffb9-0d75-4ebe-a608-8e03b837af2a
2026-03-29 19:36:44|gemini|thinking_0|20|JSON_SAVED||968|c4eaffb9-0d75-4ebe-a608-8e03b837af2a
2026-03-29 19:36:44|gemini|thinking_0|20|QUESTION_ADVANCE||969|bd6600ba-29ee-440b-a06b-c7adb1ae782f
2026-03-29 19:38:29|gemini|thinking_0|21|QUESTION_SENT||1052|a0729982-bb6c-43a9-983e-0f69ac8b1b76
2026-03-29 19:39:02|gemini|thinking_0|20|QUESTION_SENT||969|bd6600ba-29ee-440b-a06b-c7adb1ae782f
2026-03-29 19:39:09|gemini|thinking_0|21|JSON_VERIFIED||1052|a0729982-bb6c-43a9-983e-0f69ac8b1b76
2026-03-29 19:39:09|gemini|thinking_0|21|QUESTION|53|1052|a0729982-bb6c-43a9-983e-0f69ac8b1b76
2026-03-29 19:39:09|gemini|thinking_0|21|JSON_SAVED||1052|a0729982-bb6c-43a9-983e-0f69ac8b1b76
2026-03-29 19:39:09|gemini|thinking_0|21|QUESTION_ADVANCE||1053|bb033917-143d-4c12-9ff6-263531fd47d0
2026-03-29 19:41:44|gemini|thinking_0|21|QUESTION_SENT||1053|bb033917-143d-4c12-9ff6-263531fd47d0
2026-03-29 19:42:16|gemini|thinking_0|20|QUESTION_SENT||969|bd6600ba-29ee-440b-a06b-c7adb1ae782f
2026-03-29 19:43:06|gemini|thinking_0|21|JSON_VERIFIED||1053|bb033917-143d-4c12-9ff6-263531fd47d0
2026-03-29 19:43:06|gemini|thinking_0|21|QUESTION|54|1053|bb033917-143d-4c12-9ff6-263531fd47d0
2026-03-29 19:43:06|gemini|thinking_0|21|JSON_SAVED||1053|bb033917-143d-4c12-9ff6-263531fd47d0
2026-03-29 19:43:06|gemini|thinking_0|21|QUESTION_ADVANCE||1054|152abfe6-d62b-4d35-bf59-7ace24bbf558
2026-03-29 19:43:19|gemini|thinking_0|20|JSON_VERIFIED||969|bd6600ba-29ee-440b-a06b-c7adb1ae782f
2026-03-29 19:43:19|gemini|thinking_0|20|QUESTION|67|969|bd6600ba-29ee-440b-a06b-c7adb1ae782f
2026-03-29 19:43:19|gemini|thinking_0|20|JSON_SAVED||969|bd6600ba-29ee-440b-a06b-c7adb1ae782f
2026-03-29 19:43:19|gemini|thinking_0|20|QUESTION_ADVANCE||970|d934bcd6-51f4-49af-9401-ad7c251d9fc8
2026-03-29 19:44:58|gemini|thinking_0|21|QUESTION_SENT||1054|152abfe6-d62b-4d35-bf59-7ace24bbf558
2026-03-29 19:45:31|gemini|thinking_0|20|QUESTION_SENT||970|d934bcd6-51f4-49af-9401-ad7c251d9fc8
2026-03-29 19:45:40|gemini|thinking_0|21|JSON_VERIFIED||1054|152abfe6-d62b-4d35-bf59-7ace24bbf558
2026-03-29 19:45:40|gemini|thinking_0|21|QUESTION|55|1054|152abfe6-d62b-4d35-bf59-7ace24bbf558
2026-03-29 19:45:40|gemini|thinking_0|21|JSON_SAVED||1054|152abfe6-d62b-4d35-bf59-7ace24bbf558
2026-03-29 19:45:40|gemini|thinking_0|21|QUESTION_ADVANCE||1055|1a960fd1-9f5e-4cf8-99f4-901e7c521bf2
2026-03-29 19:48:13|gemini|thinking_0|21|QUESTION_SENT||1055|1a960fd1-9f5e-4cf8-99f4-901e7c521bf2
2026-03-29 19:49:03|gemini|thinking_0|21|JSON_VERIFIED||1055|1a960fd1-9f5e-4cf8-99f4-901e7c521bf2
2026-03-29 19:49:03|gemini|thinking_0|21|QUESTION|56|1055|1a960fd1-9f5e-4cf8-99f4-901e7c521bf2
2026-03-29 19:49:03|gemini|thinking_0|21|JSON_SAVED||1055|1a960fd1-9f5e-4cf8-99f4-901e7c521bf2
2026-03-29 19:49:03|gemini|thinking_0|21|QUESTION_ADVANCE||1056|feb2ccc3-8bb0-46ae-a360-17881dc79db3
2026-03-29 19:51:28|gemini|thinking_0|21|QUESTION_SENT||1056|feb2ccc3-8bb0-46ae-a360-17881dc79db3
2026-03-29 19:52:00|gemini|thinking_0|21|JSON_VERIFIED||1056|feb2ccc3-8bb0-46ae-a360-17881dc79db3
2026-03-29 19:52:00|gemini|thinking_0|21|QUESTION|57|1056|feb2ccc3-8bb0-46ae-a360-17881dc79db3
2026-03-29 19:52:00|gemini|thinking_0|21|JSON_SAVED||1056|feb2ccc3-8bb0-46ae-a360-17881dc79db3
2026-03-29 19:52:00|gemini|thinking_0|21|QUESTION_ADVANCE||1057|2a62262c-0d3c-4fbf-85c4-e624583a041e
2026-03-29 19:54:42|gemini|thinking_0|21|QUESTION_SENT||1057|2a62262c-0d3c-4fbf-85c4-e624583a041e
2026-03-29 19:55:19|gemini|thinking_0|21|JSON_VERIFIED||1057|2a62262c-0d3c-4fbf-85c4-e624583a041e
2026-03-29 19:55:19|gemini|thinking_0|21|QUESTION|58|1057|2a62262c-0d3c-4fbf-85c4-e624583a041e
2026-03-29 19:55:19|gemini|thinking_0|21|JSON_SAVED||1057|2a62262c-0d3c-4fbf-85c4-e624583a041e
2026-03-29 19:55:19|gemini|thinking_0|21|QUESTION_ADVANCE||1058|b3b0a842-1f5d-4e1d-882c-b4fd6ba2d9d4
2026-03-29 19:57:57|gemini|thinking_0|21|QUESTION_SENT||1058|b3b0a842-1f5d-4e1d-882c-b4fd6ba2d9d4
2026-03-29 19:58:27|gemini|thinking_0|21|JSON_VERIFIED||1058|b3b0a842-1f5d-4e1d-882c-b4fd6ba2d9d4
2026-03-29 19:58:27|gemini|thinking_0|21|QUESTION|59|1058|b3b0a842-1f5d-4e1d-882c-b4fd6ba2d9d4
2026-03-29 19:58:27|gemini|thinking_0|21|JSON_SAVED||1058|b3b0a842-1f5d-4e1d-882c-b4fd6ba2d9d4
2026-03-29 19:58:27|gemini|thinking_0|21|QUESTION_ADVANCE||1059|d8814d76-2102-453c-b612-94c659f848ad
2026-03-29 20:01:12|gemini|thinking_0|21|QUESTION_SENT||1059|d8814d76-2102-453c-b612-94c659f848ad
2026-03-29 20:29:27|gemini|thinking_0|21|STOP||1059|d8814d76-2102-453c-b612-94c659f848ad
2026-03-29 20:33:59|gemini|thinking_0|20|RESTART||970|d934bcd6-51f4-49af-9401-ad7c251d9fc8
2026-03-29 20:34:40|gemini|thinking_0|20|QUESTION_SENT||970|d934bcd6-51f4-49af-9401-ad7c251d9fc8
2026-03-29 20:34:48|gemini|thinking_0|21|RESTART||1059|d8814d76-2102-453c-b612-94c659f848ad
2026-03-29 20:35:41|gemini|thinking_0|21|QUESTION_SENT||1059|d8814d76-2102-453c-b612-94c659f848ad
2026-03-29 20:36:17|gemini|thinking_0|21|JSON_VERIFIED||1059|d8814d76-2102-453c-b612-94c659f848ad
2026-03-29 20:36:17|gemini|thinking_0|21|QUESTION|1|1059|d8814d76-2102-453c-b612-94c659f848ad
2026-03-29 20:36:17|gemini|thinking_0|21|JSON_SAVED||1059|d8814d76-2102-453c-b612-94c659f848ad
2026-03-29 20:36:17|gemini|thinking_0|21|QUESTION_ADVANCE||1060|737c2c3a-32e2-4848-b262-be6b2a28546e
2026-03-29 20:38:24|gemini|thinking_0|20|QUESTION_SENT||970|d934bcd6-51f4-49af-9401-ad7c251d9fc8
2026-03-29 20:38:56|gemini|thinking_0|21|QUESTION_SENT||1060|737c2c3a-32e2-4848-b262-be6b2a28546e
2026-03-29 20:39:08|gemini|thinking_0|20|JSON_VERIFIED||970|d934bcd6-51f4-49af-9401-ad7c251d9fc8
2026-03-29 20:39:08|gemini|thinking_0|20|QUESTION|1|970|d934bcd6-51f4-49af-9401-ad7c251d9fc8
2026-03-29 20:39:08|gemini|thinking_0|20|JSON_SAVED||970|d934bcd6-51f4-49af-9401-ad7c251d9fc8
2026-03-29 20:39:08|gemini|thinking_0|20|QUESTION_ADVANCE||971|2439177c-c056-4f5f-b9f5-db37107e7860
2026-03-29 20:39:32|gemini|thinking_0|21|JSON_VERIFIED||1060|737c2c3a-32e2-4848-b262-be6b2a28546e
2026-03-29 20:39:32|gemini|thinking_0|21|QUESTION|2|1060|737c2c3a-32e2-4848-b262-be6b2a28546e
2026-03-29 20:39:32|gemini|thinking_0|21|JSON_SAVED||1060|737c2c3a-32e2-4848-b262-be6b2a28546e
2026-03-29 20:39:32|gemini|thinking_0|21|QUESTION_ADVANCE||1061|3b9b18d7-0e48-4c3a-bf49-67d8b9dd5455
2026-03-29 20:41:39|gemini|thinking_0|20|QUESTION_SENT||971|2439177c-c056-4f5f-b9f5-db37107e7860
2026-03-29 20:42:11|gemini|thinking_0|21|QUESTION_SENT||1061|3b9b18d7-0e48-4c3a-bf49-67d8b9dd5455
2026-03-29 20:42:17|gemini|thinking_0|20|JSON_VERIFIED||971|2439177c-c056-4f5f-b9f5-db37107e7860
2026-03-29 20:42:17|gemini|thinking_0|20|QUESTION|2|971|2439177c-c056-4f5f-b9f5-db37107e7860
2026-03-29 20:42:17|gemini|thinking_0|20|JSON_SAVED||971|2439177c-c056-4f5f-b9f5-db37107e7860
2026-03-29 20:42:17|gemini|thinking_0|20|QUESTION_ADVANCE||972|fc27fde0-e17e-4789-a6a0-45ef5bc2901b
2026-03-29 20:42:49|gemini|thinking_0|21|JSON_VERIFIED||1061|3b9b18d7-0e48-4c3a-bf49-67d8b9dd5455
2026-03-29 20:42:49|gemini|thinking_0|21|QUESTION|3|1061|3b9b18d7-0e48-4c3a-bf49-67d8b9dd5455
2026-03-29 20:42:49|gemini|thinking_0|21|JSON_SAVED||1061|3b9b18d7-0e48-4c3a-bf49-67d8b9dd5455
2026-03-29 20:42:49|gemini|thinking_0|21|QUESTION_ADVANCE||1062|02c0276c-ecf8-4003-a2c7-dae83cadd573
2026-03-29 20:44:54|gemini|thinking_0|20|QUESTION_SENT||972|fc27fde0-e17e-4789-a6a0-45ef5bc2901b
2026-03-29 20:45:26|gemini|thinking_0|21|QUESTION_SENT||1062|02c0276c-ecf8-4003-a2c7-dae83cadd573
2026-03-29 20:45:39|gemini|thinking_0|20|JSON_VERIFIED||972|fc27fde0-e17e-4789-a6a0-45ef5bc2901b
2026-03-29 20:45:39|gemini|thinking_0|20|QUESTION|3|972|fc27fde0-e17e-4789-a6a0-45ef5bc2901b
2026-03-29 20:45:39|gemini|thinking_0|20|JSON_SAVED||972|fc27fde0-e17e-4789-a6a0-45ef5bc2901b
2026-03-29 20:45:39|gemini|thinking_0|20|QUESTION_ADVANCE||973|dcf900ac-9d3c-4259-88b4-3f6c217b42e0
2026-03-29 20:48:08|gemini|thinking_0|20|QUESTION_SENT||973|dcf900ac-9d3c-4259-88b4-3f6c217b42e0
2026-03-29 20:49:09|gemini|thinking_0|21|QUESTION_SENT||1062|02c0276c-ecf8-4003-a2c7-dae83cadd573
2026-03-29 20:51:51|gemini|thinking_0|20|QUESTION_SENT||973|dcf900ac-9d3c-4259-88b4-3f6c217b42e0
2026-03-29 20:52:24|gemini|thinking_0|21|QUESTION_SENT||1062|02c0276c-ecf8-4003-a2c7-dae83cadd573
2026-03-29 20:52:27|gemini|thinking_0|20|JSON_VERIFIED||973|dcf900ac-9d3c-4259-88b4-3f6c217b42e0
2026-03-29 20:52:27|gemini|thinking_0|20|QUESTION|4|973|dcf900ac-9d3c-4259-88b4-3f6c217b42e0
2026-03-29 20:52:27|gemini|thinking_0|20|JSON_SAVED||973|dcf900ac-9d3c-4259-88b4-3f6c217b42e0
2026-03-29 20:52:27|gemini|thinking_0|20|QUESTION_ADVANCE||974|f4c5084f-e631-4040-8d3e-0b14484b0b08
2026-03-29 20:55:06|gemini|thinking_0|20|QUESTION_SENT||974|f4c5084f-e631-4040-8d3e-0b14484b0b08
2026-03-29 20:55:38|gemini|thinking_0|21|QUESTION_SENT||1062|02c0276c-ecf8-4003-a2c7-dae83cadd573
2026-03-29 20:55:43|gemini|thinking_0|20|JSON_VERIFIED||974|f4c5084f-e631-4040-8d3e-0b14484b0b08
2026-03-29 20:55:43|gemini|thinking_0|20|QUESTION|5|974|f4c5084f-e631-4040-8d3e-0b14484b0b08
2026-03-29 20:55:43|gemini|thinking_0|20|JSON_SAVED||974|f4c5084f-e631-4040-8d3e-0b14484b0b08
2026-03-29 20:55:43|gemini|thinking_0|20|QUESTION_ADVANCE||975|c6c622f3-f485-4881-9e81-0541bc9692b2
2026-03-29 20:56:11|gemini|thinking_0|21|JSON_VERIFIED||1062|02c0276c-ecf8-4003-a2c7-dae83cadd573
2026-03-29 20:56:11|gemini|thinking_0|21|QUESTION|4|1062|02c0276c-ecf8-4003-a2c7-dae83cadd573
2026-03-29 20:56:11|gemini|thinking_0|21|JSON_SAVED||1062|02c0276c-ecf8-4003-a2c7-dae83cadd573
2026-03-29 20:56:11|gemini|thinking_0|21|QUESTION_ADVANCE||1063|4134884d-7d34-4b7d-bb54-d5f6c5d5aad4
2026-03-29 20:58:21|gemini|thinking_0|20|QUESTION_SENT||975|c6c622f3-f485-4881-9e81-0541bc9692b2
2026-03-29 20:58:52|gemini|thinking_0|20|JSON_VERIFIED||975|c6c622f3-f485-4881-9e81-0541bc9692b2
2026-03-29 20:58:52|gemini|thinking_0|20|QUESTION|6|975|c6c622f3-f485-4881-9e81-0541bc9692b2
2026-03-29 20:58:52|gemini|thinking_0|20|JSON_SAVED||975|c6c622f3-f485-4881-9e81-0541bc9692b2
2026-03-29 20:58:52|gemini|thinking_0|20|QUESTION_ADVANCE||976|3bbb9db9-d1c4-4da8-9662-fd1b137e524b
2026-03-29 20:58:53|gemini|thinking_0|21|QUESTION_SENT||1063|4134884d-7d34-4b7d-bb54-d5f6c5d5aad4
2026-03-29 20:59:28|gemini|thinking_0|21|JSON_VERIFIED||1063|4134884d-7d34-4b7d-bb54-d5f6c5d5aad4
2026-03-29 20:59:28|gemini|thinking_0|21|QUESTION|5|1063|4134884d-7d34-4b7d-bb54-d5f6c5d5aad4
2026-03-29 20:59:28|gemini|thinking_0|21|JSON_SAVED||1063|4134884d-7d34-4b7d-bb54-d5f6c5d5aad4
2026-03-29 20:59:28|gemini|thinking_0|21|QUESTION_ADVANCE||1064|1a8056a7-0ab6-446f-8943-87fe0feef796
2026-03-29 21:01:36|gemini|thinking_0|20|QUESTION_SENT||976|3bbb9db9-d1c4-4da8-9662-fd1b137e524b
2026-03-29 21:02:08|gemini|thinking_0|21|QUESTION_SENT||1064|1a8056a7-0ab6-446f-8943-87fe0feef796
2026-03-29 21:02:19|gemini|thinking_0|20|JSON_VERIFIED||976|3bbb9db9-d1c4-4da8-9662-fd1b137e524b
2026-03-29 21:02:19|gemini|thinking_0|20|QUESTION|7|976|3bbb9db9-d1c4-4da8-9662-fd1b137e524b
2026-03-29 21:02:19|gemini|thinking_0|20|JSON_SAVED||976|3bbb9db9-d1c4-4da8-9662-fd1b137e524b
2026-03-29 21:02:19|gemini|thinking_0|20|QUESTION_ADVANCE||977|be2d2c83-2529-460b-b452-13e9b05e108d
2026-03-29 21:02:38|gemini|thinking_0|21|JSON_VERIFIED||1064|1a8056a7-0ab6-446f-8943-87fe0feef796
2026-03-29 21:02:38|gemini|thinking_0|21|QUESTION|6|1064|1a8056a7-0ab6-446f-8943-87fe0feef796
2026-03-29 21:02:38|gemini|thinking_0|21|JSON_SAVED||1064|1a8056a7-0ab6-446f-8943-87fe0feef796
2026-03-29 21:02:38|gemini|thinking_0|21|QUESTION_ADVANCE||1065|7a24df82-d238-4645-bffe-121587c5cee2
2026-03-29 21:04:50|gemini|thinking_0|20|QUESTION_SENT||977|be2d2c83-2529-460b-b452-13e9b05e108d
2026-03-29 21:05:23|gemini|thinking_0|21|QUESTION_SENT||1065|7a24df82-d238-4645-bffe-121587c5cee2
2026-03-29 21:05:39|gemini|thinking_0|20|JSON_VERIFIED||977|be2d2c83-2529-460b-b452-13e9b05e108d
2026-03-29 21:05:39|gemini|thinking_0|20|QUESTION|8|977|be2d2c83-2529-460b-b452-13e9b05e108d
2026-03-29 21:05:39|gemini|thinking_0|20|JSON_SAVED||977|be2d2c83-2529-460b-b452-13e9b05e108d
2026-03-29 21:05:39|gemini|thinking_0|20|QUESTION_ADVANCE||978|646b1a60-90b2-4a76-b0ee-b2446d4e9f21
2026-03-29 21:08:05|gemini|thinking_0|20|QUESTION_SENT||978|646b1a60-90b2-4a76-b0ee-b2446d4e9f21
2026-03-29 21:08:37|gemini|thinking_0|21|QUESTION_SENT||1065|7a24df82-d238-4645-bffe-121587c5cee2
2026-03-29 21:11:20|gemini|thinking_0|20|QUESTION_SENT||978|646b1a60-90b2-4a76-b0ee-b2446d4e9f21
2026-03-29 21:11:52|gemini|thinking_0|21|QUESTION_SENT||1065|7a24df82-d238-4645-bffe-121587c5cee2
2026-03-29 21:12:40|gemini|thinking_0|21|JSON_VERIFIED||1065|7a24df82-d238-4645-bffe-121587c5cee2
2026-03-29 21:12:40|gemini|thinking_0|21|QUESTION|7|1065|7a24df82-d238-4645-bffe-121587c5cee2
2026-03-29 21:12:40|gemini|thinking_0|21|JSON_SAVED||1065|7a24df82-d238-4645-bffe-121587c5cee2
2026-03-29 21:12:40|gemini|thinking_0|21|QUESTION_ADVANCE||1066|994fff28-7bec-40b3-a419-ee6bad2072d1
2026-03-29 21:15:04|gemini|thinking_0|20|QUESTION_SENT||978|646b1a60-90b2-4a76-b0ee-b2446d4e9f21
2026-03-29 21:15:07|gemini|thinking_0|21|QUESTION_SENT||1066|994fff28-7bec-40b3-a419-ee6bad2072d1
2026-03-29 21:15:52|gemini|thinking_0|20|JSON_VERIFIED||978|646b1a60-90b2-4a76-b0ee-b2446d4e9f21
2026-03-29 21:15:52|gemini|thinking_0|20|QUESTION|9|978|646b1a60-90b2-4a76-b0ee-b2446d4e9f21
2026-03-29 21:15:52|gemini|thinking_0|20|JSON_SAVED||978|646b1a60-90b2-4a76-b0ee-b2446d4e9f21
2026-03-29 21:15:52|gemini|thinking_0|20|QUESTION_ADVANCE||979|d46a3823-1f95-4041-ad05-0485d695fb80
2026-03-29 21:18:19|gemini|thinking_0|20|QUESTION_SENT||979|d46a3823-1f95-4041-ad05-0485d695fb80
2026-03-29 21:18:21|gemini|thinking_0|21|QUESTION_SENT||1066|994fff28-7bec-40b3-a419-ee6bad2072d1
2026-03-29 21:18:51|gemini|thinking_0|20|JSON_VERIFIED||979|d46a3823-1f95-4041-ad05-0485d695fb80
2026-03-29 21:18:51|gemini|thinking_0|20|QUESTION|10|979|d46a3823-1f95-4041-ad05-0485d695fb80
2026-03-29 21:18:51|gemini|thinking_0|20|JSON_SAVED||979|d46a3823-1f95-4041-ad05-0485d695fb80
2026-03-29 21:18:51|gemini|thinking_0|20|QUESTION_ADVANCE||980|be76419c-e0ff-471e-a54d-fa02e362bd01
2026-03-29 21:19:01|gemini|thinking_0|21|JSON_VERIFIED||1066|994fff28-7bec-40b3-a419-ee6bad2072d1
2026-03-29 21:19:01|gemini|thinking_0|21|QUESTION|8|1066|994fff28-7bec-40b3-a419-ee6bad2072d1
2026-03-29 21:19:01|gemini|thinking_0|21|JSON_SAVED||1066|994fff28-7bec-40b3-a419-ee6bad2072d1
2026-03-29 21:19:01|gemini|thinking_0|21|QUESTION_ADVANCE||1067|3a77ea4c-8e5b-4853-afc5-a2a229141230
2026-03-29 21:21:33|gemini|thinking_0|20|QUESTION_SENT||980|be76419c-e0ff-471e-a54d-fa02e362bd01
2026-03-29 21:21:36|gemini|thinking_0|21|QUESTION_SENT||1067|3a77ea4c-8e5b-4853-afc5-a2a229141230
2026-03-29 21:22:27|gemini|thinking_0|21|JSON_VERIFY_FAILED||1067|3a77ea4c-8e5b-4853-afc5-a2a229141230
2026-03-29 21:22:27|gemini|thinking_0|21|QUESTION|9|1067|3a77ea4c-8e5b-4853-afc5-a2a229141230
2026-03-29 21:24:48|gemini|thinking_0|20|QUESTION_SENT||980|be76419c-e0ff-471e-a54d-fa02e362bd01
2026-03-29 21:24:51|gemini|thinking_0|21|QUESTION_SENT||1067|3a77ea4c-8e5b-4853-afc5-a2a229141230
2026-03-29 21:25:18|gemini|thinking_0|20|JSON_VERIFIED||980|be76419c-e0ff-471e-a54d-fa02e362bd01
2026-03-29 21:25:18|gemini|thinking_0|20|QUESTION|11|980|be76419c-e0ff-471e-a54d-fa02e362bd01
2026-03-29 21:25:18|gemini|thinking_0|20|JSON_SAVED||980|be76419c-e0ff-471e-a54d-fa02e362bd01
2026-03-29 21:25:18|gemini|thinking_0|20|QUESTION_ADVANCE||981|6f8f0bab-d5ed-4b0b-ad82-f2eaa8c82f11
2026-03-29 21:25:23|gemini|thinking_0|21|JSON_VERIFIED||1067|3a77ea4c-8e5b-4853-afc5-a2a229141230
2026-03-29 21:25:23|gemini|thinking_0|21|QUESTION|10|1067|3a77ea4c-8e5b-4853-afc5-a2a229141230
2026-03-29 21:25:23|gemini|thinking_0|21|JSON_SAVED||1067|3a77ea4c-8e5b-4853-afc5-a2a229141230
2026-03-29 21:25:23|gemini|thinking_0|21|QUESTION_ADVANCE||1068|590c5db0-71c9-4bfa-91c3-bc7fbb9ef63c
2026-03-29 21:28:03|gemini|thinking_0|20|QUESTION_SENT||981|6f8f0bab-d5ed-4b0b-ad82-f2eaa8c82f11
2026-03-29 21:28:05|gemini|thinking_0|21|QUESTION_SENT||1068|590c5db0-71c9-4bfa-91c3-bc7fbb9ef63c
2026-03-29 21:28:40|gemini|thinking_0|20|JSON_VERIFY_FAILED||981|6f8f0bab-d5ed-4b0b-ad82-f2eaa8c82f11
2026-03-29 21:28:40|gemini|thinking_0|20|QUESTION|12|981|6f8f0bab-d5ed-4b0b-ad82-f2eaa8c82f11
2026-03-29 21:31:18|gemini|thinking_0|20|QUESTION_SENT||981|6f8f0bab-d5ed-4b0b-ad82-f2eaa8c82f11
2026-03-29 21:31:20|gemini|thinking_0|21|QUESTION_SENT||1068|590c5db0-71c9-4bfa-91c3-bc7fbb9ef63c
2026-03-29 21:32:03|gemini|thinking_0|21|JSON_VERIFIED||1068|590c5db0-71c9-4bfa-91c3-bc7fbb9ef63c
2026-03-29 21:32:03|gemini|thinking_0|21|QUESTION|11|1068|590c5db0-71c9-4bfa-91c3-bc7fbb9ef63c
2026-03-29 21:32:03|gemini|thinking_0|21|JSON_SAVED||1068|590c5db0-71c9-4bfa-91c3-bc7fbb9ef63c
2026-03-29 21:32:03|gemini|thinking_0|21|QUESTION_ADVANCE||1069|42d4b909-28ee-4f7e-a288-485842d8d434
2026-03-29 21:32:12|gemini|thinking_0|20|JSON_VERIFIED||981|6f8f0bab-d5ed-4b0b-ad82-f2eaa8c82f11
2026-03-29 21:32:12|gemini|thinking_0|20|QUESTION|13|981|6f8f0bab-d5ed-4b0b-ad82-f2eaa8c82f11
2026-03-29 21:32:12|gemini|thinking_0|20|JSON_SAVED||981|6f8f0bab-d5ed-4b0b-ad82-f2eaa8c82f11
2026-03-29 21:32:12|gemini|thinking_0|20|QUESTION_ADVANCE||982|ef975c59-9c2c-4cc1-b8f0-4516c389d2fa
2026-03-29 21:34:33|gemini|thinking_0|20|QUESTION_SENT||982|ef975c59-9c2c-4cc1-b8f0-4516c389d2fa
2026-03-29 21:34:35|gemini|thinking_0|21|QUESTION_SENT||1069|42d4b909-28ee-4f7e-a288-485842d8d434
2026-03-29 21:35:20|gemini|thinking_0|21|JSON_VERIFIED||1069|42d4b909-28ee-4f7e-a288-485842d8d434
2026-03-29 21:35:20|gemini|thinking_0|21|QUESTION|12|1069|42d4b909-28ee-4f7e-a288-485842d8d434
2026-03-29 21:35:20|gemini|thinking_0|21|JSON_SAVED||1069|42d4b909-28ee-4f7e-a288-485842d8d434
2026-03-29 21:35:20|gemini|thinking_0|21|QUESTION_ADVANCE||1070|a72b4423-5636-41dc-b7f4-b75e2ba2acc1
2026-03-29 21:35:25|gemini|thinking_0|20|JSON_VERIFIED||982|ef975c59-9c2c-4cc1-b8f0-4516c389d2fa
2026-03-29 21:35:25|gemini|thinking_0|20|QUESTION|14|982|ef975c59-9c2c-4cc1-b8f0-4516c389d2fa
2026-03-29 21:35:25|gemini|thinking_0|20|JSON_SAVED||982|ef975c59-9c2c-4cc1-b8f0-4516c389d2fa
2026-03-29 21:35:25|gemini|thinking_0|20|QUESTION_ADVANCE||983|912c8a75-ac26-422d-a69b-b6dfbed1035b
2026-03-29 21:37:48|gemini|thinking_0|20|QUESTION_SENT||983|912c8a75-ac26-422d-a69b-b6dfbed1035b
2026-03-29 21:37:49|gemini|thinking_0|21|QUESTION_SENT||1070|a72b4423-5636-41dc-b7f4-b75e2ba2acc1
2026-03-29 21:38:23|gemini|thinking_0|21|JSON_VERIFIED||1070|a72b4423-5636-41dc-b7f4-b75e2ba2acc1
2026-03-29 21:38:23|gemini|thinking_0|21|QUESTION|13|1070|a72b4423-5636-41dc-b7f4-b75e2ba2acc1
2026-03-29 21:38:23|gemini|thinking_0|21|JSON_SAVED||1070|a72b4423-5636-41dc-b7f4-b75e2ba2acc1
2026-03-29 21:38:23|gemini|thinking_0|21|QUESTION_ADVANCE||1071|edc530bf-5291-4145-97dc-bf45f950caf9
2026-03-29 21:41:02|gemini|thinking_0|20|QUESTION_SENT||983|912c8a75-ac26-422d-a69b-b6dfbed1035b
2026-03-29 21:41:04|gemini|thinking_0|21|QUESTION_SENT||1071|edc530bf-5291-4145-97dc-bf45f950caf9
2026-03-29 21:44:17|gemini|thinking_0|20|QUESTION_SENT||983|912c8a75-ac26-422d-a69b-b6dfbed1035b
2026-03-29 21:44:19|gemini|thinking_0|21|QUESTION_SENT||1071|edc530bf-5291-4145-97dc-bf45f950caf9
2026-03-29 21:44:55|gemini|thinking_0|20|JSON_VERIFIED||983|912c8a75-ac26-422d-a69b-b6dfbed1035b
2026-03-29 21:44:55|gemini|thinking_0|20|QUESTION|15|983|912c8a75-ac26-422d-a69b-b6dfbed1035b
2026-03-29 21:44:55|gemini|thinking_0|20|JSON_SAVED||983|912c8a75-ac26-422d-a69b-b6dfbed1035b
2026-03-29 21:44:55|gemini|thinking_0|20|QUESTION_ADVANCE||984|12ca4d1a-d5aa-4e71-986b-b09b51be2f25
2026-03-29 21:47:32|gemini|thinking_0|20|QUESTION_SENT||984|12ca4d1a-d5aa-4e71-986b-b09b51be2f25
2026-03-29 21:47:33|gemini|thinking_0|21|QUESTION_SENT||1071|edc530bf-5291-4145-97dc-bf45f950caf9
2026-03-29 21:49:48|gemini|thinking_0|21|JSON_VERIFIED||1071|edc530bf-5291-4145-97dc-bf45f950caf9
2026-03-29 21:49:48|gemini|thinking_0|21|QUESTION|14|1071|edc530bf-5291-4145-97dc-bf45f950caf9
2026-03-29 21:49:48|gemini|thinking_0|21|JSON_SAVED||1071|edc530bf-5291-4145-97dc-bf45f950caf9
2026-03-29 21:49:48|gemini|thinking_0|21|QUESTION_ADVANCE||1072|12b64ba3-1404-4c53-999e-4c41f3cf1cb0
2026-03-29 21:50:47|gemini|thinking_0|20|QUESTION_SENT||984|12ca4d1a-d5aa-4e71-986b-b09b51be2f25
2026-03-29 21:50:48|gemini|thinking_0|21|QUESTION_SENT||1072|12b64ba3-1404-4c53-999e-4c41f3cf1cb0
2026-03-29 21:51:16|gemini|thinking_0|20|JSON_VERIFIED||984|12ca4d1a-d5aa-4e71-986b-b09b51be2f25
2026-03-29 21:51:16|gemini|thinking_0|20|QUESTION|16|984|12ca4d1a-d5aa-4e71-986b-b09b51be2f25
2026-03-29 21:51:16|gemini|thinking_0|20|JSON_SAVED||984|12ca4d1a-d5aa-4e71-986b-b09b51be2f25
2026-03-29 21:51:16|gemini|thinking_0|20|QUESTION_ADVANCE||985|adda13a7-ad98-480a-93d3-84ac0d8b0b7e
2026-03-29 21:51:24|gemini|thinking_0|21|JSON_VERIFIED||1072|12b64ba3-1404-4c53-999e-4c41f3cf1cb0
2026-03-29 21:51:24|gemini|thinking_0|21|QUESTION|15|1072|12b64ba3-1404-4c53-999e-4c41f3cf1cb0
2026-03-29 21:51:24|gemini|thinking_0|21|JSON_SAVED||1072|12b64ba3-1404-4c53-999e-4c41f3cf1cb0
2026-03-29 21:51:24|gemini|thinking_0|21|QUESTION_ADVANCE||1073|68dcfecd-e029-4751-9740-371c65524e00
2026-03-29 21:54:01|gemini|thinking_0|20|QUESTION_SENT||985|adda13a7-ad98-480a-93d3-84ac0d8b0b7e
2026-03-29 21:54:03|gemini|thinking_0|21|QUESTION_SENT||1073|68dcfecd-e029-4751-9740-371c65524e00
2026-03-29 21:57:18|gemini|thinking_0|21|QUESTION_SENT||1073|68dcfecd-e029-4751-9740-371c65524e00
2026-03-29 21:57:46|gemini|thinking_0|20|QUESTION_SENT||985|adda13a7-ad98-480a-93d3-84ac0d8b0b7e
2026-03-29 22:00:32|gemini|thinking_0|21|QUESTION_SENT||1073|68dcfecd-e029-4751-9740-371c65524e00
2026-03-29 22:01:30|gemini|thinking_0|20|QUESTION_SENT||985|adda13a7-ad98-480a-93d3-84ac0d8b0b7e
2026-03-29 22:03:47|gemini|thinking_0|21|QUESTION_SENT||1073|68dcfecd-e029-4751-9740-371c65524e00
2026-03-29 22:04:45|gemini|thinking_0|20|QUESTION_SENT||985|adda13a7-ad98-480a-93d3-84ac0d8b0b7e
2026-03-29 22:05:17|gemini|thinking_0|20|JSON_VERIFY_FAILED||985|adda13a7-ad98-480a-93d3-84ac0d8b0b7e
2026-03-29 22:05:17|gemini|thinking_0|20|QUESTION|17|985|adda13a7-ad98-480a-93d3-84ac0d8b0b7e
2026-03-29 22:07:31|gemini|thinking_0|21|QUESTION_SENT||1073|68dcfecd-e029-4751-9740-371c65524e00
2026-03-29 22:07:59|gemini|thinking_0|20|QUESTION_SENT||985|adda13a7-ad98-480a-93d3-84ac0d8b0b7e
2026-03-29 22:08:22|gemini|thinking_0|21|JSON_VERIFIED||1073|68dcfecd-e029-4751-9740-371c65524e00
2026-03-29 22:08:22|gemini|thinking_0|21|QUESTION|16|1073|68dcfecd-e029-4751-9740-371c65524e00
2026-03-29 22:08:22|gemini|thinking_0|21|JSON_SAVED||1073|68dcfecd-e029-4751-9740-371c65524e00
2026-03-29 22:08:22|gemini|thinking_0|21|QUESTION_ADVANCE||1074|0dc76fff-e3e3-48a9-826a-61b66016d30c
2026-03-29 22:08:43|gemini|thinking_0|20|JSON_VERIFIED||985|adda13a7-ad98-480a-93d3-84ac0d8b0b7e
2026-03-29 22:08:43|gemini|thinking_0|20|QUESTION|18|985|adda13a7-ad98-480a-93d3-84ac0d8b0b7e
2026-03-29 22:08:43|gemini|thinking_0|20|JSON_SAVED||985|adda13a7-ad98-480a-93d3-84ac0d8b0b7e
2026-03-29 22:08:43|gemini|thinking_0|20|QUESTION_ADVANCE||986|6a76e673-e1f6-4307-bacb-f0422f72a315
2026-03-29 22:10:46|gemini|thinking_0|21|QUESTION_SENT||1074|0dc76fff-e3e3-48a9-826a-61b66016d30c
2026-03-29 22:11:14|gemini|thinking_0|20|QUESTION_SENT||986|6a76e673-e1f6-4307-bacb-f0422f72a315
2026-03-29 22:11:48|gemini|thinking_0|20|JSON_VERIFIED||986|6a76e673-e1f6-4307-bacb-f0422f72a315
2026-03-29 22:11:48|gemini|thinking_0|20|QUESTION|19|986|6a76e673-e1f6-4307-bacb-f0422f72a315
2026-03-29 22:11:48|gemini|thinking_0|20|JSON_SAVED||986|6a76e673-e1f6-4307-bacb-f0422f72a315
2026-03-29 22:11:48|gemini|thinking_0|20|QUESTION_ADVANCE||987|b24a3cbb-ef0d-46b2-9576-fd66d63b319f
2026-03-29 22:14:01|gemini|thinking_0|21|QUESTION_SENT||1074|0dc76fff-e3e3-48a9-826a-61b66016d30c
2026-03-29 22:14:29|gemini|thinking_0|20|QUESTION_SENT||987|b24a3cbb-ef0d-46b2-9576-fd66d63b319f
2026-03-29 22:15:16|gemini|thinking_0|20|JSON_VERIFIED||987|b24a3cbb-ef0d-46b2-9576-fd66d63b319f
2026-03-29 22:15:16|gemini|thinking_0|20|QUESTION|20|987|b24a3cbb-ef0d-46b2-9576-fd66d63b319f
2026-03-29 22:15:16|gemini|thinking_0|20|JSON_SAVED||987|b24a3cbb-ef0d-46b2-9576-fd66d63b319f
2026-03-29 22:15:16|gemini|thinking_0|20|QUESTION_ADVANCE||988|48057df5-7788-491c-be1e-b0073fcd5036
2026-03-29 22:17:43|gemini|thinking_0|21|QUESTION_SENT||1074|0dc76fff-e3e3-48a9-826a-61b66016d30c
2026-03-29 22:17:44|gemini|thinking_0|20|QUESTION_SENT||988|48057df5-7788-491c-be1e-b0073fcd5036
2026-03-29 22:18:15|gemini|thinking_0|21|JSON_VERIFIED||1074|0dc76fff-e3e3-48a9-826a-61b66016d30c
2026-03-29 22:18:15|gemini|thinking_0|21|QUESTION|17|1074|0dc76fff-e3e3-48a9-826a-61b66016d30c
2026-03-29 22:18:15|gemini|thinking_0|21|JSON_SAVED||1074|0dc76fff-e3e3-48a9-826a-61b66016d30c
2026-03-29 22:18:15|gemini|thinking_0|21|QUESTION_ADVANCE||1075|23e70203-ea13-473b-8842-ccb0260eb8ed
2026-03-29 22:20:58|gemini|thinking_0|21|QUESTION_SENT||1075|23e70203-ea13-473b-8842-ccb0260eb8ed
2026-03-29 22:20:58|gemini|thinking_0|20|QUESTION_SENT||988|48057df5-7788-491c-be1e-b0073fcd5036
2026-03-29 22:21:36|gemini|thinking_0|21|JSON_VERIFIED||1075|23e70203-ea13-473b-8842-ccb0260eb8ed
2026-03-29 22:21:36|gemini|thinking_0|21|QUESTION|18|1075|23e70203-ea13-473b-8842-ccb0260eb8ed
2026-03-29 22:21:36|gemini|thinking_0|21|JSON_SAVED||1075|23e70203-ea13-473b-8842-ccb0260eb8ed
2026-03-29 22:21:36|gemini|thinking_0|21|QUESTION_ADVANCE||1076|cb02a969-713e-483e-b085-364fc6e5d9ed
2026-03-29 22:24:13|gemini|thinking_0|21|QUESTION_SENT||1076|cb02a969-713e-483e-b085-364fc6e5d9ed
2026-03-29 22:24:42|gemini|thinking_0|20|QUESTION_SENT||988|48057df5-7788-491c-be1e-b0073fcd5036
2026-03-29 22:25:18|gemini|thinking_0|20|JSON_VERIFIED||988|48057df5-7788-491c-be1e-b0073fcd5036
2026-03-29 22:25:18|gemini|thinking_0|20|QUESTION|21|988|48057df5-7788-491c-be1e-b0073fcd5036
2026-03-29 22:25:18|gemini|thinking_0|20|JSON_SAVED||988|48057df5-7788-491c-be1e-b0073fcd5036
2026-03-29 22:25:18|gemini|thinking_0|20|QUESTION_ADVANCE||989|ffd9af4c-6575-4c3f-b98b-4c0a2ed1cc86
2026-03-29 22:27:28|gemini|thinking_0|21|QUESTION_SENT||1076|cb02a969-713e-483e-b085-364fc6e5d9ed
2026-03-29 22:27:57|gemini|thinking_0|20|QUESTION_SENT||989|ffd9af4c-6575-4c3f-b98b-4c0a2ed1cc86
2026-03-29 22:28:09|gemini|thinking_0|21|JSON_VERIFIED||1076|cb02a969-713e-483e-b085-364fc6e5d9ed
2026-03-29 22:28:09|gemini|thinking_0|21|QUESTION|19|1076|cb02a969-713e-483e-b085-364fc6e5d9ed
2026-03-29 22:28:09|gemini|thinking_0|21|JSON_SAVED||1076|cb02a969-713e-483e-b085-364fc6e5d9ed
2026-03-29 22:28:09|gemini|thinking_0|21|QUESTION_ADVANCE||1077|1a94fe0c-136c-4347-8bd3-a33ac7a2dbe1
2026-03-29 22:28:32|gemini|thinking_0|20|JSON_VERIFIED||989|ffd9af4c-6575-4c3f-b98b-4c0a2ed1cc86
2026-03-29 22:28:32|gemini|thinking_0|20|QUESTION|22|989|ffd9af4c-6575-4c3f-b98b-4c0a2ed1cc86
2026-03-29 22:28:32|gemini|thinking_0|20|JSON_SAVED||989|ffd9af4c-6575-4c3f-b98b-4c0a2ed1cc86
2026-03-29 22:28:32|gemini|thinking_0|20|QUESTION_ADVANCE||990|8fe443ae-2c5f-4d80-a9e4-3b4331961d8c
2026-03-29 22:30:42|gemini|thinking_0|21|QUESTION_SENT||1077|1a94fe0c-136c-4347-8bd3-a33ac7a2dbe1
2026-03-29 22:31:12|gemini|thinking_0|20|QUESTION_SENT||990|8fe443ae-2c5f-4d80-a9e4-3b4331961d8c
2026-03-29 22:31:16|gemini|thinking_0|21|JSON_VERIFIED||1077|1a94fe0c-136c-4347-8bd3-a33ac7a2dbe1
2026-03-29 22:31:16|gemini|thinking_0|21|QUESTION|20|1077|1a94fe0c-136c-4347-8bd3-a33ac7a2dbe1
2026-03-29 22:31:16|gemini|thinking_0|21|JSON_SAVED||1077|1a94fe0c-136c-4347-8bd3-a33ac7a2dbe1
2026-03-29 22:31:16|gemini|thinking_0|21|QUESTION_ADVANCE||1078|d3ac5d23-fe3c-487f-a432-eddc0fbf79f2
2026-03-29 22:33:57|gemini|thinking_0|21|QUESTION_SENT||1078|d3ac5d23-fe3c-487f-a432-eddc0fbf79f2
2026-03-29 22:34:27|gemini|thinking_0|20|QUESTION_SENT||990|8fe443ae-2c5f-4d80-a9e4-3b4331961d8c
2026-03-29 22:35:05|gemini|thinking_0|20|JSON_VERIFIED||990|8fe443ae-2c5f-4d80-a9e4-3b4331961d8c
2026-03-29 22:35:05|gemini|thinking_0|20|QUESTION|23|990|8fe443ae-2c5f-4d80-a9e4-3b4331961d8c
2026-03-29 22:35:05|gemini|thinking_0|20|JSON_SAVED||990|8fe443ae-2c5f-4d80-a9e4-3b4331961d8c
2026-03-29 22:35:05|gemini|thinking_0|20|QUESTION_ADVANCE||991|ce2bd008-ef23-4244-bf1d-626cdd459e7a
2026-03-29 22:37:11|gemini|thinking_0|21|QUESTION_SENT||1078|d3ac5d23-fe3c-487f-a432-eddc0fbf79f2
2026-03-29 22:37:41|gemini|thinking_0|20|QUESTION_SENT||991|ce2bd008-ef23-4244-bf1d-626cdd459e7a
2026-03-29 22:38:18|gemini|thinking_0|20|JSON_VERIFIED||991|ce2bd008-ef23-4244-bf1d-626cdd459e7a
2026-03-29 22:38:18|gemini|thinking_0|20|QUESTION|24|991|ce2bd008-ef23-4244-bf1d-626cdd459e7a
2026-03-29 22:38:18|gemini|thinking_0|20|JSON_SAVED||991|ce2bd008-ef23-4244-bf1d-626cdd459e7a
2026-03-29 22:38:18|gemini|thinking_0|20|QUESTION_ADVANCE||992|01970f12-8e22-4b57-9ffb-1eb81316004f
2026-03-29 22:40:56|gemini|thinking_0|21|QUESTION_SENT||1078|d3ac5d23-fe3c-487f-a432-eddc0fbf79f2
2026-03-29 22:40:56|gemini|thinking_0|20|QUESTION_SENT||992|01970f12-8e22-4b57-9ffb-1eb81316004f
2026-03-29 22:41:30|gemini|thinking_0|21|JSON_VERIFIED||1078|d3ac5d23-fe3c-487f-a432-eddc0fbf79f2
2026-03-29 22:41:30|gemini|thinking_0|21|QUESTION|21|1078|d3ac5d23-fe3c-487f-a432-eddc0fbf79f2
2026-03-29 22:41:30|gemini|thinking_0|21|JSON_SAVED||1078|d3ac5d23-fe3c-487f-a432-eddc0fbf79f2
2026-03-29 22:41:30|gemini|thinking_0|21|QUESTION_ADVANCE||1079|75e2a43e-6a89-47fa-ac14-3b98385d74ff
2026-03-29 22:41:46|gemini|thinking_0|20|JSON_VERIFIED||992|01970f12-8e22-4b57-9ffb-1eb81316004f
2026-03-29 22:41:46|gemini|thinking_0|20|QUESTION|25|992|01970f12-8e22-4b57-9ffb-1eb81316004f
2026-03-29 22:41:46|gemini|thinking_0|20|JSON_SAVED||992|01970f12-8e22-4b57-9ffb-1eb81316004f
2026-03-29 22:41:46|gemini|thinking_0|20|QUESTION_ADVANCE||993|d2c10116-564b-4437-aee0-b9b3aaeab53b
2026-03-29 22:44:10|gemini|thinking_0|21|QUESTION_SENT||1079|75e2a43e-6a89-47fa-ac14-3b98385d74ff
2026-03-29 22:44:11|gemini|thinking_0|20|QUESTION_SENT||993|d2c10116-564b-4437-aee0-b9b3aaeab53b
2026-03-29 22:47:26|gemini|thinking_0|20|QUESTION_SENT||993|d2c10116-564b-4437-aee0-b9b3aaeab53b
2026-03-29 22:47:54|gemini|thinking_0|21|QUESTION_SENT||1079|75e2a43e-6a89-47fa-ac14-3b98385d74ff
2026-03-29 22:48:03|gemini|thinking_0|20|JSON_VERIFIED||993|d2c10116-564b-4437-aee0-b9b3aaeab53b
2026-03-29 22:48:03|gemini|thinking_0|20|QUESTION|26|993|d2c10116-564b-4437-aee0-b9b3aaeab53b
2026-03-29 22:48:03|gemini|thinking_0|20|JSON_SAVED||993|d2c10116-564b-4437-aee0-b9b3aaeab53b
2026-03-29 22:48:03|gemini|thinking_0|20|QUESTION_ADVANCE||994|b8a1a5ab-649f-407d-a1b0-bc9f8445f4c9
2026-03-29 22:48:31|gemini|thinking_0|21|JSON_VERIFIED||1079|75e2a43e-6a89-47fa-ac14-3b98385d74ff
2026-03-29 22:48:31|gemini|thinking_0|21|QUESTION|22|1079|75e2a43e-6a89-47fa-ac14-3b98385d74ff
2026-03-29 22:48:31|gemini|thinking_0|21|JSON_SAVED||1079|75e2a43e-6a89-47fa-ac14-3b98385d74ff
2026-03-29 22:48:31|gemini|thinking_0|21|QUESTION_ADVANCE||1080|4fab725b-4b75-4719-b1e1-98e4df131bdd
2026-03-29 22:50:40|gemini|thinking_0|20|QUESTION_SENT||994|b8a1a5ab-649f-407d-a1b0-bc9f8445f4c9
2026-03-29 22:51:09|gemini|thinking_0|21|QUESTION_SENT||1080|4fab725b-4b75-4719-b1e1-98e4df131bdd
2026-03-29 22:51:29|gemini|thinking_0|20|JSON_VERIFIED||994|b8a1a5ab-649f-407d-a1b0-bc9f8445f4c9
2026-03-29 22:51:29|gemini|thinking_0|20|QUESTION|27|994|b8a1a5ab-649f-407d-a1b0-bc9f8445f4c9
2026-03-29 22:51:29|gemini|thinking_0|20|JSON_SAVED||994|b8a1a5ab-649f-407d-a1b0-bc9f8445f4c9
2026-03-29 22:51:29|gemini|thinking_0|20|QUESTION_ADVANCE||995|c85d620f-1f37-4c0a-975c-983d9a691abd
2026-03-29 22:53:55|gemini|thinking_0|20|QUESTION_SENT||995|c85d620f-1f37-4c0a-975c-983d9a691abd
2026-03-29 22:54:35|gemini|thinking_0|20|JSON_VERIFIED||995|c85d620f-1f37-4c0a-975c-983d9a691abd
2026-03-29 22:54:35|gemini|thinking_0|20|QUESTION|28|995|c85d620f-1f37-4c0a-975c-983d9a691abd
2026-03-29 22:54:35|gemini|thinking_0|20|JSON_SAVED||995|c85d620f-1f37-4c0a-975c-983d9a691abd
2026-03-29 22:54:35|gemini|thinking_0|20|QUESTION_ADVANCE||996|58a573fe-f4e9-4dd9-af89-915ec7a3a493
2026-03-29 22:54:53|gemini|thinking_0|21|QUESTION_SENT||1080|4fab725b-4b75-4719-b1e1-98e4df131bdd
2026-03-29 22:57:10|gemini|thinking_0|20|QUESTION_SENT||996|58a573fe-f4e9-4dd9-af89-915ec7a3a493
2026-03-29 22:57:45|gemini|thinking_0|20|JSON_VERIFIED||996|58a573fe-f4e9-4dd9-af89-915ec7a3a493
2026-03-29 22:57:45|gemini|thinking_0|20|QUESTION|29|996|58a573fe-f4e9-4dd9-af89-915ec7a3a493
2026-03-29 22:57:45|gemini|thinking_0|20|JSON_SAVED||996|58a573fe-f4e9-4dd9-af89-915ec7a3a493
2026-03-29 22:57:45|gemini|thinking_0|20|QUESTION_ADVANCE||997|39515719-a44f-424c-8a1c-22d561d57b82
2026-03-29 22:58:08|gemini|thinking_0|21|QUESTION_SENT||1080|4fab725b-4b75-4719-b1e1-98e4df131bdd
2026-03-29 23:00:25|gemini|thinking_0|20|QUESTION_SENT||997|39515719-a44f-424c-8a1c-22d561d57b82
2026-03-29 23:01:00|gemini|thinking_0|20|JSON_VERIFIED||997|39515719-a44f-424c-8a1c-22d561d57b82
2026-03-29 23:01:00|gemini|thinking_0|20|QUESTION|30|997|39515719-a44f-424c-8a1c-22d561d57b82
2026-03-29 23:01:00|gemini|thinking_0|20|JSON_SAVED||997|39515719-a44f-424c-8a1c-22d561d57b82
2026-03-29 23:01:00|gemini|thinking_0|20|QUESTION_ADVANCE||998|5806931f-1c51-4bbc-a15b-882cced139cc
2026-03-29 23:01:23|gemini|thinking_0|21|QUESTION_SENT||1080|4fab725b-4b75-4719-b1e1-98e4df131bdd
2026-03-29 23:01:58|gemini|thinking_0|21|JSON_VERIFIED||1080|4fab725b-4b75-4719-b1e1-98e4df131bdd
2026-03-29 23:01:58|gemini|thinking_0|21|QUESTION|23|1080|4fab725b-4b75-4719-b1e1-98e4df131bdd
2026-03-29 23:01:58|gemini|thinking_0|21|JSON_SAVED||1080|4fab725b-4b75-4719-b1e1-98e4df131bdd
2026-03-29 23:01:58|gemini|thinking_0|21|QUESTION_ADVANCE||1081|0efdbc05-c757-4205-b49a-d2004030ce9b
2026-03-29 23:03:40|gemini|thinking_0|20|QUESTION_SENT||998|5806931f-1c51-4bbc-a15b-882cced139cc
2026-03-29 23:04:25|gemini|thinking_0|20|JSON_VERIFIED||998|5806931f-1c51-4bbc-a15b-882cced139cc
2026-03-29 23:04:25|gemini|thinking_0|20|QUESTION|31|998|5806931f-1c51-4bbc-a15b-882cced139cc
2026-03-29 23:04:25|gemini|thinking_0|20|JSON_SAVED||998|5806931f-1c51-4bbc-a15b-882cced139cc
2026-03-29 23:04:25|gemini|thinking_0|20|QUESTION_ADVANCE||999|0205be8d-bb6a-49a1-baf7-ed80d001313e
2026-03-29 23:04:38|gemini|thinking_0|21|QUESTION_SENT||1081|0efdbc05-c757-4205-b49a-d2004030ce9b
2026-03-29 23:05:26|gemini|thinking_0|21|JSON_VERIFIED||1081|0efdbc05-c757-4205-b49a-d2004030ce9b
2026-03-29 23:05:26|gemini|thinking_0|21|QUESTION|24|1081|0efdbc05-c757-4205-b49a-d2004030ce9b
2026-03-29 23:05:26|gemini|thinking_0|21|JSON_SAVED||1081|0efdbc05-c757-4205-b49a-d2004030ce9b
2026-03-29 23:05:26|gemini|thinking_0|21|QUESTION_ADVANCE||1082|9745da8b-654e-405e-abd8-cdfa5817eaab
2026-03-29 23:06:54|gemini|thinking_0|20|QUESTION_SENT||999|0205be8d-bb6a-49a1-baf7-ed80d001313e
2026-03-29 23:07:27|gemini|thinking_0|20|JSON_VERIFIED||999|0205be8d-bb6a-49a1-baf7-ed80d001313e
2026-03-29 23:07:27|gemini|thinking_0|20|QUESTION|32|999|0205be8d-bb6a-49a1-baf7-ed80d001313e
2026-03-29 23:07:27|gemini|thinking_0|20|JSON_SAVED||999|0205be8d-bb6a-49a1-baf7-ed80d001313e
2026-03-29 23:07:27|gemini|thinking_0|20|QUESTION_ADVANCE||1000|3e2506dc-b75f-4537-86ad-c2da0e8feda8
2026-03-29 23:07:52|gemini|thinking_0|21|QUESTION_SENT||1082|9745da8b-654e-405e-abd8-cdfa5817eaab
2026-03-29 23:08:31|gemini|thinking_0|21|JSON_VERIFIED||1082|9745da8b-654e-405e-abd8-cdfa5817eaab
2026-03-29 23:08:31|gemini|thinking_0|21|QUESTION|25|1082|9745da8b-654e-405e-abd8-cdfa5817eaab
2026-03-29 23:08:31|gemini|thinking_0|21|JSON_SAVED||1082|9745da8b-654e-405e-abd8-cdfa5817eaab
2026-03-29 23:08:31|gemini|thinking_0|21|QUESTION_ADVANCE||1083|4fd43156-7dbe-4c2a-ba6e-65a5562b6849
2026-03-29 23:10:09|gemini|thinking_0|20|QUESTION_SENT||1000|3e2506dc-b75f-4537-86ad-c2da0e8feda8
2026-03-29 23:11:07|gemini|thinking_0|21|QUESTION_SENT||1083|4fd43156-7dbe-4c2a-ba6e-65a5562b6849
2026-03-29 23:11:45|gemini|thinking_0|21|JSON_VERIFIED||1083|4fd43156-7dbe-4c2a-ba6e-65a5562b6849
2026-03-29 23:11:45|gemini|thinking_0|21|QUESTION|26|1083|4fd43156-7dbe-4c2a-ba6e-65a5562b6849
2026-03-29 23:11:45|gemini|thinking_0|21|JSON_SAVED||1083|4fd43156-7dbe-4c2a-ba6e-65a5562b6849
2026-03-29 23:11:45|gemini|thinking_0|21|QUESTION_ADVANCE||1084|5b6f3727-04f2-41a6-b91c-45ef09f1a5ec
2026-03-29 23:13:52|gemini|thinking_0|20|QUESTION_SENT||1000|3e2506dc-b75f-4537-86ad-c2da0e8feda8
2026-03-29 23:14:22|gemini|thinking_0|21|QUESTION_SENT||1084|5b6f3727-04f2-41a6-b91c-45ef09f1a5ec
2026-03-29 23:15:22|gemini|thinking_0|21|JSON_VERIFIED||1084|5b6f3727-04f2-41a6-b91c-45ef09f1a5ec
2026-03-29 23:15:22|gemini|thinking_0|21|QUESTION|27|1084|5b6f3727-04f2-41a6-b91c-45ef09f1a5ec
2026-03-29 23:15:22|gemini|thinking_0|21|JSON_SAVED||1084|5b6f3727-04f2-41a6-b91c-45ef09f1a5ec
2026-03-29 23:15:22|gemini|thinking_0|21|QUESTION_ADVANCE||1085|b4c76f3d-977f-481c-8048-0d9cb8d74565
2026-03-29 23:17:07|gemini|thinking_0|20|QUESTION_SENT||1000|3e2506dc-b75f-4537-86ad-c2da0e8feda8
2026-03-29 23:17:36|gemini|thinking_0|21|QUESTION_SENT||1085|b4c76f3d-977f-481c-8048-0d9cb8d74565
2026-03-29 23:20:50|gemini|thinking_0|20|QUESTION_SENT||1000|3e2506dc-b75f-4537-86ad-c2da0e8feda8
2026-03-29 23:21:19|gemini|thinking_0|21|QUESTION_SENT||1085|b4c76f3d-977f-481c-8048-0d9cb8d74565
2026-03-29 23:21:27|gemini|thinking_0|20|JSON_VERIFIED||1000|3e2506dc-b75f-4537-86ad-c2da0e8feda8
2026-03-29 23:21:27|gemini|thinking_0|20|QUESTION|33|1000|3e2506dc-b75f-4537-86ad-c2da0e8feda8
2026-03-29 23:21:27|gemini|thinking_0|20|JSON_SAVED||1000|3e2506dc-b75f-4537-86ad-c2da0e8feda8
2026-03-29 23:21:27|gemini|thinking_0|20|QUESTION_ADVANCE||1001|174a14cd-3ce3-44bf-b415-50c7b788090c
2026-03-29 23:24:04|gemini|thinking_0|20|QUESTION_SENT||1001|174a14cd-3ce3-44bf-b415-50c7b788090c
2026-03-29 23:24:34|gemini|thinking_0|21|QUESTION_SENT||1085|b4c76f3d-977f-481c-8048-0d9cb8d74565
2026-03-29 23:27:49|gemini|thinking_0|20|QUESTION_SENT||1001|174a14cd-3ce3-44bf-b415-50c7b788090c
2026-03-29 23:27:49|gemini|thinking_0|21|QUESTION_SENT||1085|b4c76f3d-977f-481c-8048-0d9cb8d74565
2026-03-29 23:28:26|gemini|thinking_0|20|JSON_VERIFIED||1001|174a14cd-3ce3-44bf-b415-50c7b788090c
2026-03-29 23:28:26|gemini|thinking_0|20|QUESTION|34|1001|174a14cd-3ce3-44bf-b415-50c7b788090c
2026-03-29 23:28:26|gemini|thinking_0|20|JSON_SAVED||1001|174a14cd-3ce3-44bf-b415-50c7b788090c
2026-03-29 23:28:27|gemini|thinking_0|20|STOP||1002|
2026-03-29 23:31:04|gemini|thinking_0|21|QUESTION_SENT||1085|b4c76f3d-977f-481c-8048-0d9cb8d74565
2026-03-29 23:34:47|gemini|thinking_0|21|QUESTION_SENT||1085|b4c76f3d-977f-481c-8048-0d9cb8d74565
2026-03-29 23:35:32|gemini|thinking_0|21|JSON_VERIFIED||1085|b4c76f3d-977f-481c-8048-0d9cb8d74565
2026-03-29 23:35:32|gemini|thinking_0|21|QUESTION|28|1085|b4c76f3d-977f-481c-8048-0d9cb8d74565
2026-03-29 23:35:32|gemini|thinking_0|21|JSON_SAVED||1085|b4c76f3d-977f-481c-8048-0d9cb8d74565
2026-03-29 23:35:32|gemini|thinking_0|21|QUESTION_ADVANCE||1086|d8b683a8-f24a-4e14-badd-cda04e17e9e0
2026-03-29 23:38:02|gemini|thinking_0|21|QUESTION_SENT||1086|d8b683a8-f24a-4e14-badd-cda04e17e9e0
2026-03-29 23:38:34|gemini|thinking_0|21|JSON_VERIFIED||1086|d8b683a8-f24a-4e14-badd-cda04e17e9e0
2026-03-29 23:38:34|gemini|thinking_0|21|QUESTION|29|1086|d8b683a8-f24a-4e14-badd-cda04e17e9e0
2026-03-29 23:38:34|gemini|thinking_0|21|JSON_SAVED||1086|d8b683a8-f24a-4e14-badd-cda04e17e9e0
2026-03-29 23:38:34|gemini|thinking_0|21|QUESTION_ADVANCE||1087|89084e13-8cd4-484b-917e-a4f89a35cc89
2026-03-29 23:41:16|gemini|thinking_0|21|QUESTION_SENT||1087|89084e13-8cd4-484b-917e-a4f89a35cc89
2026-03-29 23:41:52|gemini|thinking_0|21|JSON_VERIFIED||1087|89084e13-8cd4-484b-917e-a4f89a35cc89
2026-03-29 23:41:52|gemini|thinking_0|21|QUESTION|30|1087|89084e13-8cd4-484b-917e-a4f89a35cc89
2026-03-29 23:41:52|gemini|thinking_0|21|JSON_SAVED||1087|89084e13-8cd4-484b-917e-a4f89a35cc89
2026-03-29 23:41:52|gemini|thinking_0|21|QUESTION_ADVANCE||1088|bab6f162-4d87-4672-9b71-71b9e290f486
2026-03-29 23:44:31|gemini|thinking_0|21|QUESTION_SENT||1088|bab6f162-4d87-4672-9b71-71b9e290f486
2026-03-29 23:45:11|gemini|thinking_0|21|JSON_VERIFIED||1088|bab6f162-4d87-4672-9b71-71b9e290f486
2026-03-29 23:45:11|gemini|thinking_0|21|QUESTION|31|1088|bab6f162-4d87-4672-9b71-71b9e290f486
2026-03-29 23:45:11|gemini|thinking_0|21|JSON_SAVED||1088|bab6f162-4d87-4672-9b71-71b9e290f486
2026-03-29 23:45:11|gemini|thinking_0|21|QUESTION_ADVANCE||1089|6a0aea55-289c-4b96-9af8-0dc8cb344b5e
2026-03-29 23:47:46|gemini|thinking_0|21|QUESTION_SENT||1089|6a0aea55-289c-4b96-9af8-0dc8cb344b5e
2026-03-29 23:48:21|gemini|thinking_0|21|JSON_VERIFIED||1089|6a0aea55-289c-4b96-9af8-0dc8cb344b5e
2026-03-29 23:48:21|gemini|thinking_0|21|QUESTION|32|1089|6a0aea55-289c-4b96-9af8-0dc8cb344b5e
2026-03-29 23:48:21|gemini|thinking_0|21|JSON_SAVED||1089|6a0aea55-289c-4b96-9af8-0dc8cb344b5e
2026-03-29 23:48:21|gemini|thinking_0|21|QUESTION_ADVANCE||1090|a6b62fdd-7ba3-4ca8-bddb-63e72355bb69
2026-03-29 23:51:00|gemini|thinking_0|21|QUESTION_SENT||1090|a6b62fdd-7ba3-4ca8-bddb-63e72355bb69
2026-03-29 23:51:51|gemini|thinking_0|21|JSON_VERIFIED||1090|a6b62fdd-7ba3-4ca8-bddb-63e72355bb69
2026-03-29 23:51:51|gemini|thinking_0|21|QUESTION|33|1090|a6b62fdd-7ba3-4ca8-bddb-63e72355bb69
2026-03-29 23:51:51|gemini|thinking_0|21|JSON_SAVED||1090|a6b62fdd-7ba3-4ca8-bddb-63e72355bb69
2026-03-29 23:51:51|gemini|thinking_0|21|QUESTION_ADVANCE||1091|b80dbb3d-3eae-4379-9a9e-071eb1cba62c
2026-03-29 23:54:15|gemini|thinking_0|21|QUESTION_SENT||1091|b80dbb3d-3eae-4379-9a9e-071eb1cba62c
2026-03-29 23:54:56|gemini|thinking_0|21|JSON_VERIFIED||1091|b80dbb3d-3eae-4379-9a9e-071eb1cba62c
2026-03-29 23:54:56|gemini|thinking_0|21|QUESTION|34|1091|b80dbb3d-3eae-4379-9a9e-071eb1cba62c
2026-03-29 23:54:56|gemini|thinking_0|21|JSON_SAVED||1091|b80dbb3d-3eae-4379-9a9e-071eb1cba62c
2026-03-29 23:54:56|gemini|thinking_0|21|QUESTION_ADVANCE||1092|5200a7b9-2191-4546-af86-3c2f53f7a4d6
2026-03-29 23:57:30|gemini|thinking_0|21|QUESTION_SENT||1092|5200a7b9-2191-4546-af86-3c2f53f7a4d6
2026-03-29 23:58:12|gemini|thinking_0|21|JSON_VERIFIED||1092|5200a7b9-2191-4546-af86-3c2f53f7a4d6
2026-03-29 23:58:12|gemini|thinking_0|21|QUESTION|35|1092|5200a7b9-2191-4546-af86-3c2f53f7a4d6
2026-03-29 23:58:12|gemini|thinking_0|21|JSON_SAVED||1092|5200a7b9-2191-4546-af86-3c2f53f7a4d6
2026-03-29 23:58:12|gemini|thinking_0|21|QUESTION_ADVANCE||1093|16f23f4c-88c3-4294-ba48-f17bca6d0b92
2026-03-30 00:00:44|gemini|thinking_0|21|QUESTION_SENT||1093|16f23f4c-88c3-4294-ba48-f17bca6d0b92
2026-03-30 00:01:21|gemini|thinking_0|21|JSON_VERIFIED||1093|16f23f4c-88c3-4294-ba48-f17bca6d0b92
2026-03-30 00:01:21|gemini|thinking_0|21|QUESTION|36|1093|16f23f4c-88c3-4294-ba48-f17bca6d0b92
2026-03-30 00:01:21|gemini|thinking_0|21|JSON_SAVED||1093|16f23f4c-88c3-4294-ba48-f17bca6d0b92
2026-03-30 00:01:21|gemini|thinking_0|21|QUESTION_ADVANCE||1094|19d07cd6-3875-4c03-9034-35133a3a0916
2026-03-30 00:03:59|gemini|thinking_0|21|QUESTION_SENT||1094|19d07cd6-3875-4c03-9034-35133a3a0916
2026-03-30 00:04:33|gemini|thinking_0|21|JSON_VERIFIED||1094|19d07cd6-3875-4c03-9034-35133a3a0916
2026-03-30 00:04:33|gemini|thinking_0|21|QUESTION|37|1094|19d07cd6-3875-4c03-9034-35133a3a0916
2026-03-30 00:04:33|gemini|thinking_0|21|JSON_SAVED||1094|19d07cd6-3875-4c03-9034-35133a3a0916
2026-03-30 00:04:33|gemini|thinking_0|21|QUESTION_ADVANCE||1095|fb38fde0-cf75-4bee-8b08-08e67d433207
2026-03-30 00:07:13|gemini|thinking_0|21|QUESTION_SENT||1095|fb38fde0-cf75-4bee-8b08-08e67d433207
2026-03-30 00:10:28|gemini|thinking_0|21|QUESTION_SENT||1095|fb38fde0-cf75-4bee-8b08-08e67d433207
2026-03-30 00:13:43|gemini|thinking_0|21|QUESTION_SENT||1095|fb38fde0-cf75-4bee-8b08-08e67d433207
2026-03-30 00:14:21|gemini|thinking_0|21|JSON_VERIFIED||1095|fb38fde0-cf75-4bee-8b08-08e67d433207
2026-03-30 00:14:21|gemini|thinking_0|21|QUESTION|38|1095|fb38fde0-cf75-4bee-8b08-08e67d433207
2026-03-30 00:14:21|gemini|thinking_0|21|JSON_SAVED||1095|fb38fde0-cf75-4bee-8b08-08e67d433207
2026-03-30 00:14:21|gemini|thinking_0|21|QUESTION_ADVANCE||1096|0b391ee1-0615-41c9-8f0e-0dfa3d1e2614
2026-03-30 00:16:58|gemini|thinking_0|21|QUESTION_SENT||1096|0b391ee1-0615-41c9-8f0e-0dfa3d1e2614
2026-03-30 00:20:41|gemini|thinking_0|21|QUESTION_SENT||1096|0b391ee1-0615-41c9-8f0e-0dfa3d1e2614
2026-03-30 00:21:15|gemini|thinking_0|21|JSON_VERIFIED||1096|0b391ee1-0615-41c9-8f0e-0dfa3d1e2614
2026-03-30 00:21:15|gemini|thinking_0|21|QUESTION|39|1096|0b391ee1-0615-41c9-8f0e-0dfa3d1e2614
2026-03-30 00:21:15|gemini|thinking_0|21|JSON_SAVED||1096|0b391ee1-0615-41c9-8f0e-0dfa3d1e2614
2026-03-30 00:21:15|gemini|thinking_0|21|QUESTION_ADVANCE||1097|6aa5b3a2-29e9-4688-95e8-65354e39f9e6
2026-03-30 00:23:55|gemini|thinking_0|21|QUESTION_SENT||1097|6aa5b3a2-29e9-4688-95e8-65354e39f9e6
2026-03-30 00:24:36|gemini|thinking_0|21|JSON_VERIFIED||1097|6aa5b3a2-29e9-4688-95e8-65354e39f9e6
2026-03-30 00:24:36|gemini|thinking_0|21|QUESTION|40|1097|6aa5b3a2-29e9-4688-95e8-65354e39f9e6
2026-03-30 00:24:36|gemini|thinking_0|21|JSON_SAVED||1097|6aa5b3a2-29e9-4688-95e8-65354e39f9e6
2026-03-30 00:24:36|gemini|thinking_0|21|QUESTION_ADVANCE||1098|c60e813b-438f-49e1-8d61-03eee574a13b
2026-03-30 00:27:10|gemini|thinking_0|21|QUESTION_SENT||1098|c60e813b-438f-49e1-8d61-03eee574a13b
2026-03-30 00:27:47|gemini|thinking_0|21|JSON_VERIFIED||1098|c60e813b-438f-49e1-8d61-03eee574a13b
2026-03-30 00:27:47|gemini|thinking_0|21|QUESTION|41|1098|c60e813b-438f-49e1-8d61-03eee574a13b
2026-03-30 00:27:47|gemini|thinking_0|21|JSON_SAVED||1098|c60e813b-438f-49e1-8d61-03eee574a13b
2026-03-30 00:27:47|gemini|thinking_0|21|QUESTION_ADVANCE||1099|97569169-ad83-4902-a6b3-c53384b9e62b
2026-03-30 00:30:25|gemini|thinking_0|21|QUESTION_SENT||1099|97569169-ad83-4902-a6b3-c53384b9e62b
2026-03-30 00:31:02|gemini|thinking_0|21|JSON_VERIFIED||1099|97569169-ad83-4902-a6b3-c53384b9e62b
2026-03-30 00:31:02|gemini|thinking_0|21|QUESTION|42|1099|97569169-ad83-4902-a6b3-c53384b9e62b
2026-03-30 00:31:02|gemini|thinking_0|21|JSON_SAVED||1099|97569169-ad83-4902-a6b3-c53384b9e62b
2026-03-30 00:31:02|gemini|thinking_0|21|QUESTION_ADVANCE||1100|9ff8b7dd-ad16-4fb7-a6ee-5a59638197ff
2026-03-30 00:33:40|gemini|thinking_0|21|QUESTION_SENT||1100|9ff8b7dd-ad16-4fb7-a6ee-5a59638197ff
2026-03-30 00:34:17|gemini|thinking_0|21|JSON_VERIFIED||1100|9ff8b7dd-ad16-4fb7-a6ee-5a59638197ff
2026-03-30 00:34:17|gemini|thinking_0|21|QUESTION|43|1100|9ff8b7dd-ad16-4fb7-a6ee-5a59638197ff
2026-03-30 00:34:17|gemini|thinking_0|21|JSON_SAVED||1100|9ff8b7dd-ad16-4fb7-a6ee-5a59638197ff
2026-03-30 00:34:17|gemini|thinking_0|21|QUESTION_ADVANCE||1101|11a290d0-d185-422e-951b-a07a23c98690
2026-03-30 00:36:55|gemini|thinking_0|21|QUESTION_SENT||1101|11a290d0-d185-422e-951b-a07a23c98690
2026-03-30 00:37:33|gemini|thinking_0|21|JSON_VERIFIED||1101|11a290d0-d185-422e-951b-a07a23c98690
2026-03-30 00:37:33|gemini|thinking_0|21|QUESTION|44|1101|11a290d0-d185-422e-951b-a07a23c98690
2026-03-30 00:37:33|gemini|thinking_0|21|JSON_SAVED||1101|11a290d0-d185-422e-951b-a07a23c98690
2026-03-30 00:37:33|gemini|thinking_0|21|QUESTION_ADVANCE||1102|c7ed1f7a-0b9d-461f-a26b-aece7f0234de
2026-03-30 00:40:10|gemini|thinking_0|21|QUESTION_SENT||1102|c7ed1f7a-0b9d-461f-a26b-aece7f0234de
2026-03-30 00:40:45|gemini|thinking_0|21|JSON_VERIFIED||1102|c7ed1f7a-0b9d-461f-a26b-aece7f0234de
2026-03-30 00:40:45|gemini|thinking_0|21|QUESTION|45|1102|c7ed1f7a-0b9d-461f-a26b-aece7f0234de
2026-03-30 00:40:45|gemini|thinking_0|21|JSON_SAVED||1102|c7ed1f7a-0b9d-461f-a26b-aece7f0234de
2026-03-30 00:40:45|gemini|thinking_0|21|QUESTION_ADVANCE||1103|a8ee394c-1665-4b98-9933-971e304e9f01
2026-03-30 00:43:25|gemini|thinking_0|21|QUESTION_SENT||1103|a8ee394c-1665-4b98-9933-971e304e9f01
2026-03-30 00:44:00|gemini|thinking_0|21|JSON_VERIFIED||1103|a8ee394c-1665-4b98-9933-971e304e9f01
2026-03-30 00:44:00|gemini|thinking_0|21|QUESTION|46|1103|a8ee394c-1665-4b98-9933-971e304e9f01
2026-03-30 00:44:00|gemini|thinking_0|21|JSON_SAVED||1103|a8ee394c-1665-4b98-9933-971e304e9f01
2026-03-30 00:44:00|gemini|thinking_0|21|QUESTION_ADVANCE||1104|38041307-5c94-4f60-bb0c-d2881a5005b3
2026-03-30 00:46:39|gemini|thinking_0|21|QUESTION_SENT||1104|38041307-5c94-4f60-bb0c-d2881a5005b3
2026-03-30 00:47:13|gemini|thinking_0|21|JSON_VERIFIED||1104|38041307-5c94-4f60-bb0c-d2881a5005b3
2026-03-30 00:47:13|gemini|thinking_0|21|QUESTION|47|1104|38041307-5c94-4f60-bb0c-d2881a5005b3
2026-03-30 00:47:13|gemini|thinking_0|21|JSON_SAVED||1104|38041307-5c94-4f60-bb0c-d2881a5005b3
2026-03-30 00:47:13|gemini|thinking_0|21|QUESTION_ADVANCE||1105|f8c5123e-9574-45ed-813e-63f652d8d2b1
2026-03-30 00:49:54|gemini|thinking_0|21|QUESTION_SENT||1105|f8c5123e-9574-45ed-813e-63f652d8d2b1
2026-03-30 00:50:32|gemini|thinking_0|21|JSON_VERIFIED||1105|f8c5123e-9574-45ed-813e-63f652d8d2b1
2026-03-30 00:50:32|gemini|thinking_0|21|QUESTION|48|1105|f8c5123e-9574-45ed-813e-63f652d8d2b1
2026-03-30 00:50:32|gemini|thinking_0|21|JSON_SAVED||1105|f8c5123e-9574-45ed-813e-63f652d8d2b1
2026-03-30 00:50:32|gemini|thinking_0|21|QUESTION_ADVANCE||1106|044ffadd-3d4b-47bd-b207-03e7bd57fafe
2026-03-30 00:53:08|gemini|thinking_0|21|QUESTION_SENT||1106|044ffadd-3d4b-47bd-b207-03e7bd57fafe
2026-03-30 00:56:52|gemini|thinking_0|21|QUESTION_SENT||1106|044ffadd-3d4b-47bd-b207-03e7bd57fafe
2026-03-30 00:57:27|gemini|thinking_0|21|JSON_VERIFIED||1106|044ffadd-3d4b-47bd-b207-03e7bd57fafe
2026-03-30 00:57:27|gemini|thinking_0|21|QUESTION|49|1106|044ffadd-3d4b-47bd-b207-03e7bd57fafe
2026-03-30 00:57:27|gemini|thinking_0|21|JSON_SAVED||1106|044ffadd-3d4b-47bd-b207-03e7bd57fafe
2026-03-30 00:57:27|gemini|thinking_0|21|QUESTION_ADVANCE||1107|99e12b95-c8cd-41d2-a91b-9daeefea3aef
2026-03-30 01:00:06|gemini|thinking_0|21|QUESTION_SENT||1107|99e12b95-c8cd-41d2-a91b-9daeefea3aef
2026-03-30 01:00:40|gemini|thinking_0|21|JSON_VERIFIED||1107|99e12b95-c8cd-41d2-a91b-9daeefea3aef
2026-03-30 01:00:40|gemini|thinking_0|21|QUESTION|50|1107|99e12b95-c8cd-41d2-a91b-9daeefea3aef
2026-03-30 01:00:40|gemini|thinking_0|21|JSON_SAVED||1107|99e12b95-c8cd-41d2-a91b-9daeefea3aef
2026-03-30 01:00:40|gemini|thinking_0|21|QUESTION_ADVANCE||1108|8410a392-456a-4676-ae7d-4fdf5fdca33b
2026-03-30 01:03:21|gemini|thinking_0|21|QUESTION_SENT||1108|8410a392-456a-4676-ae7d-4fdf5fdca33b
2026-03-30 01:04:00|gemini|thinking_0|21|JSON_VERIFIED||1108|8410a392-456a-4676-ae7d-4fdf5fdca33b
2026-03-30 01:04:00|gemini|thinking_0|21|QUESTION|51|1108|8410a392-456a-4676-ae7d-4fdf5fdca33b
2026-03-30 01:04:00|gemini|thinking_0|21|JSON_SAVED||1108|8410a392-456a-4676-ae7d-4fdf5fdca33b
2026-03-30 01:04:00|gemini|thinking_0|21|QUESTION_ADVANCE||1109|098436b8-d97c-46f0-b157-6534efc3ca8b
2026-03-30 01:06:35|gemini|thinking_0|21|QUESTION_SENT||1109|098436b8-d97c-46f0-b157-6534efc3ca8b
2026-03-30 01:07:08|gemini|thinking_0|21|JSON_VERIFIED||1109|098436b8-d97c-46f0-b157-6534efc3ca8b
2026-03-30 01:07:08|gemini|thinking_0|21|QUESTION|52|1109|098436b8-d97c-46f0-b157-6534efc3ca8b
2026-03-30 01:07:08|gemini|thinking_0|21|JSON_SAVED||1109|098436b8-d97c-46f0-b157-6534efc3ca8b
2026-03-30 01:07:08|gemini|thinking_0|21|QUESTION_ADVANCE||1110|b8f11afa-8bd0-4957-b3de-f06f0d311438
2026-03-30 01:09:50|gemini|thinking_0|21|QUESTION_SENT||1110|b8f11afa-8bd0-4957-b3de-f06f0d311438
2026-03-30 01:10:24|gemini|thinking_0|21|JSON_VERIFIED||1110|b8f11afa-8bd0-4957-b3de-f06f0d311438
2026-03-30 01:10:24|gemini|thinking_0|21|QUESTION|53|1110|b8f11afa-8bd0-4957-b3de-f06f0d311438
2026-03-30 01:10:24|gemini|thinking_0|21|JSON_SAVED||1110|b8f11afa-8bd0-4957-b3de-f06f0d311438
2026-03-30 01:10:24|gemini|thinking_0|21|QUESTION_ADVANCE||1111|fd0686b6-efcd-4690-9a7f-e8c1f97420cf
2026-03-30 01:13:05|gemini|thinking_0|21|QUESTION_SENT||1111|fd0686b6-efcd-4690-9a7f-e8c1f97420cf
2026-03-30 01:16:48|gemini|thinking_0|21|QUESTION_SENT||1111|fd0686b6-efcd-4690-9a7f-e8c1f97420cf
2026-03-30 01:20:03|gemini|thinking_0|21|QUESTION_SENT||1111|fd0686b6-efcd-4690-9a7f-e8c1f97420cf
2026-03-30 01:20:48|gemini|thinking_0|21|JSON_VERIFIED||1111|fd0686b6-efcd-4690-9a7f-e8c1f97420cf
2026-03-30 01:20:48|gemini|thinking_0|21|QUESTION|54|1111|fd0686b6-efcd-4690-9a7f-e8c1f97420cf
2026-03-30 01:20:48|gemini|thinking_0|21|JSON_SAVED||1111|fd0686b6-efcd-4690-9a7f-e8c1f97420cf
2026-03-30 01:20:48|gemini|thinking_0|21|QUESTION_ADVANCE||1112|54d80b4a-fcde-4d92-83c2-7d35839abf73
2026-03-30 01:23:17|gemini|thinking_0|21|QUESTION_SENT||1112|54d80b4a-fcde-4d92-83c2-7d35839abf73
2026-03-30 01:24:01|gemini|thinking_0|21|JSON_VERIFIED||1112|54d80b4a-fcde-4d92-83c2-7d35839abf73
2026-03-30 01:24:01|gemini|thinking_0|21|QUESTION|55|1112|54d80b4a-fcde-4d92-83c2-7d35839abf73
2026-03-30 01:24:01|gemini|thinking_0|21|JSON_SAVED||1112|54d80b4a-fcde-4d92-83c2-7d35839abf73
2026-03-30 01:24:01|gemini|thinking_0|21|QUESTION_ADVANCE||1113|867046f5-43b3-416e-b2f4-9e89deb80a21
2026-03-30 01:26:32|gemini|thinking_0|21|QUESTION_SENT||1113|867046f5-43b3-416e-b2f4-9e89deb80a21
2026-03-30 01:27:05|gemini|thinking_0|21|JSON_VERIFIED||1113|867046f5-43b3-416e-b2f4-9e89deb80a21
2026-03-30 01:27:05|gemini|thinking_0|21|QUESTION|56|1113|867046f5-43b3-416e-b2f4-9e89deb80a21
2026-03-30 01:27:05|gemini|thinking_0|21|JSON_SAVED||1113|867046f5-43b3-416e-b2f4-9e89deb80a21
2026-03-30 01:27:05|gemini|thinking_0|21|QUESTION_ADVANCE||1114|57ca1199-c96b-4237-8f74-db730a12e7df
2026-03-30 01:29:47|gemini|thinking_0|21|QUESTION_SENT||1114|57ca1199-c96b-4237-8f74-db730a12e7df
2026-03-30 01:30:22|gemini|thinking_0|21|JSON_VERIFIED||1114|57ca1199-c96b-4237-8f74-db730a12e7df
2026-03-30 01:30:22|gemini|thinking_0|21|QUESTION|57|1114|57ca1199-c96b-4237-8f74-db730a12e7df
2026-03-30 01:30:22|gemini|thinking_0|21|JSON_SAVED||1114|57ca1199-c96b-4237-8f74-db730a12e7df
2026-03-30 01:30:22|gemini|thinking_0|21|QUESTION_ADVANCE||1115|df80c03a-2d49-451f-9ff1-c9fe31e253ca
2026-03-30 01:33:01|gemini|thinking_0|21|QUESTION_SENT||1115|df80c03a-2d49-451f-9ff1-c9fe31e253ca
2026-03-30 01:34:19|gemini|thinking_0|21|JSON_VERIFIED||1115|df80c03a-2d49-451f-9ff1-c9fe31e253ca
2026-03-30 01:34:19|gemini|thinking_0|21|QUESTION|58|1115|df80c03a-2d49-451f-9ff1-c9fe31e253ca
2026-03-30 01:34:19|gemini|thinking_0|21|JSON_SAVED||1115|df80c03a-2d49-451f-9ff1-c9fe31e253ca
2026-03-30 01:34:19|gemini|thinking_0|21|QUESTION_ADVANCE||1116|98693c49-ff2c-448c-b9d0-42d48d681598
2026-03-30 01:36:16|gemini|thinking_0|21|QUESTION_SENT||1116|98693c49-ff2c-448c-b9d0-42d48d681598
2026-03-30 01:36:50|gemini|thinking_0|21|JSON_VERIFIED||1116|98693c49-ff2c-448c-b9d0-42d48d681598
2026-03-30 01:36:50|gemini|thinking_0|21|QUESTION|59|1116|98693c49-ff2c-448c-b9d0-42d48d681598
2026-03-30 01:36:50|gemini|thinking_0|21|JSON_SAVED||1116|98693c49-ff2c-448c-b9d0-42d48d681598
2026-03-30 01:36:50|gemini|thinking_0|21|QUESTION_ADVANCE||1117|11ba27da-dace-4cc4-84dc-7cd5bb461e84
2026-03-30 01:39:30|gemini|thinking_0|21|QUESTION_SENT||1117|11ba27da-dace-4cc4-84dc-7cd5bb461e84
2026-03-30 01:40:06|gemini|thinking_0|21|JSON_VERIFIED||1117|11ba27da-dace-4cc4-84dc-7cd5bb461e84
2026-03-30 01:40:06|gemini|thinking_0|21|QUESTION|60|1117|11ba27da-dace-4cc4-84dc-7cd5bb461e84
2026-03-30 01:40:06|gemini|thinking_0|21|JSON_SAVED||1117|11ba27da-dace-4cc4-84dc-7cd5bb461e84
2026-03-30 01:40:06|gemini|thinking_0|21|QUESTION_ADVANCE||1118|b2c2d94e-1282-463b-aef5-65d88d730f8a
2026-03-30 01:42:45|gemini|thinking_0|21|QUESTION_SENT||1118|b2c2d94e-1282-463b-aef5-65d88d730f8a
2026-03-30 01:43:23|gemini|thinking_0|21|JSON_VERIFIED||1118|b2c2d94e-1282-463b-aef5-65d88d730f8a
2026-03-30 01:43:23|gemini|thinking_0|21|QUESTION|61|1118|b2c2d94e-1282-463b-aef5-65d88d730f8a
2026-03-30 01:43:23|gemini|thinking_0|21|JSON_SAVED||1118|b2c2d94e-1282-463b-aef5-65d88d730f8a
2026-03-30 01:43:23|gemini|thinking_0|21|QUESTION_ADVANCE||1119|fddced34-45c8-43b0-b5d6-fcd989f5bca9
2026-03-30 01:46:00|gemini|thinking_0|21|QUESTION_SENT||1119|fddced34-45c8-43b0-b5d6-fcd989f5bca9
2026-03-30 01:46:39|gemini|thinking_0|21|JSON_VERIFIED||1119|fddced34-45c8-43b0-b5d6-fcd989f5bca9
2026-03-30 01:46:39|gemini|thinking_0|21|QUESTION|62|1119|fddced34-45c8-43b0-b5d6-fcd989f5bca9
2026-03-30 01:46:39|gemini|thinking_0|21|JSON_SAVED||1119|fddced34-45c8-43b0-b5d6-fcd989f5bca9
2026-03-30 01:46:39|gemini|thinking_0|21|QUESTION_ADVANCE||1120|c2a0241b-51fc-4481-9f0f-ef340e50c332
2026-03-30 01:49:14|gemini|thinking_0|21|QUESTION_SENT||1120|c2a0241b-51fc-4481-9f0f-ef340e50c332
2026-03-30 01:49:57|gemini|thinking_0|21|JSON_VERIFIED||1120|c2a0241b-51fc-4481-9f0f-ef340e50c332
2026-03-30 01:49:57|gemini|thinking_0|21|QUESTION|63|1120|c2a0241b-51fc-4481-9f0f-ef340e50c332
2026-03-30 01:49:57|gemini|thinking_0|21|JSON_SAVED||1120|c2a0241b-51fc-4481-9f0f-ef340e50c332
2026-03-30 01:49:57|gemini|thinking_0|21|QUESTION_ADVANCE||1121|89bc43ee-06b3-4cc0-8a6e-2319a1af6ef9
2026-03-30 01:52:29|gemini|thinking_0|21|QUESTION_SENT||1121|89bc43ee-06b3-4cc0-8a6e-2319a1af6ef9
2026-03-30 01:53:07|gemini|thinking_0|21|JSON_VERIFIED||1121|89bc43ee-06b3-4cc0-8a6e-2319a1af6ef9
2026-03-30 01:53:07|gemini|thinking_0|21|QUESTION|64|1121|89bc43ee-06b3-4cc0-8a6e-2319a1af6ef9
2026-03-30 01:53:07|gemini|thinking_0|21|JSON_SAVED||1121|89bc43ee-06b3-4cc0-8a6e-2319a1af6ef9
2026-03-30 01:53:07|gemini|thinking_0|21|QUESTION_ADVANCE||1122|14e8cf5c-0b14-4582-b6e5-af9598dea5cd
2026-03-30 01:55:44|gemini|thinking_0|21|QUESTION_SENT||1122|14e8cf5c-0b14-4582-b6e5-af9598dea5cd
2026-03-30 01:56:25|gemini|thinking_0|21|JSON_VERIFIED||1122|14e8cf5c-0b14-4582-b6e5-af9598dea5cd
2026-03-30 01:56:25|gemini|thinking_0|21|QUESTION|65|1122|14e8cf5c-0b14-4582-b6e5-af9598dea5cd
2026-03-30 01:56:25|gemini|thinking_0|21|JSON_SAVED||1122|14e8cf5c-0b14-4582-b6e5-af9598dea5cd
2026-03-30 01:56:25|gemini|thinking_0|21|QUESTION_ADVANCE||1123|b54f8147-1521-4a6f-84c5-50b947f4439b
2026-03-30 01:58:59|gemini|thinking_0|21|QUESTION_SENT||1123|b54f8147-1521-4a6f-84c5-50b947f4439b
2026-03-30 02:02:42|gemini|thinking_0|21|QUESTION_SENT||1123|b54f8147-1521-4a6f-84c5-50b947f4439b
2026-03-30 02:03:23|gemini|thinking_0|21|JSON_VERIFIED||1123|b54f8147-1521-4a6f-84c5-50b947f4439b
2026-03-30 02:03:23|gemini|thinking_0|21|QUESTION|66|1123|b54f8147-1521-4a6f-84c5-50b947f4439b
2026-03-30 02:03:23|gemini|thinking_0|21|JSON_SAVED||1123|b54f8147-1521-4a6f-84c5-50b947f4439b
2026-03-30 02:03:23|gemini|thinking_0|21|QUESTION_ADVANCE||1124|2d9ee690-4817-4ab5-8469-cb5fa4be8916
2026-03-30 02:05:56|gemini|thinking_0|21|QUESTION_SENT||1124|2d9ee690-4817-4ab5-8469-cb5fa4be8916
2026-03-30 02:06:33|gemini|thinking_0|21|JSON_VERIFIED||1124|2d9ee690-4817-4ab5-8469-cb5fa4be8916
2026-03-30 02:06:33|gemini|thinking_0|21|QUESTION|67|1124|2d9ee690-4817-4ab5-8469-cb5fa4be8916
2026-03-30 02:06:33|gemini|thinking_0|21|JSON_SAVED||1124|2d9ee690-4817-4ab5-8469-cb5fa4be8916
2026-03-30 02:06:33|gemini|thinking_0|21|QUESTION_ADVANCE||1125|180877fd-19dd-4fb9-96ff-8f3c739e219f
2026-03-30 02:09:11|gemini|thinking_0|21|QUESTION_SENT||1125|180877fd-19dd-4fb9-96ff-8f3c739e219f
2026-03-30 02:10:01|gemini|thinking_0|21|JSON_VERIFIED||1125|180877fd-19dd-4fb9-96ff-8f3c739e219f
2026-03-30 02:10:01|gemini|thinking_0|21|QUESTION|68|1125|180877fd-19dd-4fb9-96ff-8f3c739e219f
2026-03-30 02:10:01|gemini|thinking_0|21|JSON_SAVED||1125|180877fd-19dd-4fb9-96ff-8f3c739e219f
2026-03-30 02:10:01|gemini|thinking_0|21|QUESTION_ADVANCE||1126|975ae741-4e85-4422-842c-553bfbe10a14
2026-03-30 02:12:26|gemini|thinking_0|21|QUESTION_SENT||1126|975ae741-4e85-4422-842c-553bfbe10a14
2026-03-30 02:13:09|gemini|thinking_0|21|JSON_VERIFIED||1126|975ae741-4e85-4422-842c-553bfbe10a14
2026-03-30 02:13:09|gemini|thinking_0|21|QUESTION|69|1126|975ae741-4e85-4422-842c-553bfbe10a14
2026-03-30 02:13:09|gemini|thinking_0|21|JSON_SAVED||1126|975ae741-4e85-4422-842c-553bfbe10a14
2026-03-30 02:13:09|gemini|thinking_0|21|QUESTION_ADVANCE||1127|ee6bd909-b63b-4b8e-82ad-0b6a6a474a53
2026-03-30 02:15:41|gemini|thinking_0|21|QUESTION_SENT||1127|ee6bd909-b63b-4b8e-82ad-0b6a6a474a53
2026-03-30 02:16:18|gemini|thinking_0|21|JSON_VERIFIED||1127|ee6bd909-b63b-4b8e-82ad-0b6a6a474a53
2026-03-30 02:16:18|gemini|thinking_0|21|QUESTION|70|1127|ee6bd909-b63b-4b8e-82ad-0b6a6a474a53
2026-03-30 02:16:18|gemini|thinking_0|21|JSON_SAVED||1127|ee6bd909-b63b-4b8e-82ad-0b6a6a474a53
2026-03-30 02:16:18|gemini|thinking_0|21|QUESTION_ADVANCE||1128|b71ed79d-fbb4-41b7-829e-b3c60bb3cf53
2026-03-30 02:18:56|gemini|thinking_0|21|QUESTION_SENT||1128|b71ed79d-fbb4-41b7-829e-b3c60bb3cf53
2026-03-30 02:19:31|gemini|thinking_0|21|JSON_VERIFIED||1128|b71ed79d-fbb4-41b7-829e-b3c60bb3cf53
2026-03-30 02:19:31|gemini|thinking_0|21|QUESTION|71|1128|b71ed79d-fbb4-41b7-829e-b3c60bb3cf53
2026-03-30 02:19:31|gemini|thinking_0|21|JSON_SAVED||1128|b71ed79d-fbb4-41b7-829e-b3c60bb3cf53
2026-03-30 02:19:31|gemini|thinking_0|21|QUESTION_ADVANCE||1129|b168d5f6-3b70-479a-953c-9de1e887aa70
2026-03-30 02:22:10|gemini|thinking_0|21|QUESTION_SENT||1129|b168d5f6-3b70-479a-953c-9de1e887aa70
2026-03-30 02:22:46|gemini|thinking_0|21|JSON_VERIFIED||1129|b168d5f6-3b70-479a-953c-9de1e887aa70
2026-03-30 02:22:46|gemini|thinking_0|21|QUESTION|72|1129|b168d5f6-3b70-479a-953c-9de1e887aa70
2026-03-30 02:22:46|gemini|thinking_0|21|JSON_SAVED||1129|b168d5f6-3b70-479a-953c-9de1e887aa70
2026-03-30 02:22:46|gemini|thinking_0|21|QUESTION_ADVANCE||1130|32f9ba76-567d-443a-b58a-85979bc37365
2026-03-30 02:25:25|gemini|thinking_0|21|QUESTION_SENT||1130|32f9ba76-567d-443a-b58a-85979bc37365
2026-03-30 02:26:00|gemini|thinking_0|21|JSON_VERIFIED||1130|32f9ba76-567d-443a-b58a-85979bc37365
2026-03-30 02:26:00|gemini|thinking_0|21|QUESTION|73|1130|32f9ba76-567d-443a-b58a-85979bc37365
2026-03-30 02:26:00|gemini|thinking_0|21|JSON_SAVED||1130|32f9ba76-567d-443a-b58a-85979bc37365
2026-03-30 02:26:00|gemini|thinking_0|21|QUESTION_ADVANCE||1131|e6fe9b8f-bf62-411a-b15d-6709f3d02e4d
2026-03-30 02:28:39|gemini|thinking_0|21|QUESTION_SENT||1131|e6fe9b8f-bf62-411a-b15d-6709f3d02e4d
2026-03-30 02:29:25|gemini|thinking_0|21|JSON_VERIFIED||1131|e6fe9b8f-bf62-411a-b15d-6709f3d02e4d
2026-03-30 02:29:25|gemini|thinking_0|21|QUESTION|74|1131|e6fe9b8f-bf62-411a-b15d-6709f3d02e4d
2026-03-30 02:29:25|gemini|thinking_0|21|JSON_SAVED||1131|e6fe9b8f-bf62-411a-b15d-6709f3d02e4d
2026-03-30 02:29:25|gemini|thinking_0|21|QUESTION_ADVANCE||1132|89bf37e9-b895-4f4b-af5c-ff58ab1ae183
2026-03-30 02:31:54|gemini|thinking_0|21|QUESTION_SENT||1132|89bf37e9-b895-4f4b-af5c-ff58ab1ae183
2026-03-30 02:32:28|gemini|thinking_0|21|JSON_VERIFIED||1132|89bf37e9-b895-4f4b-af5c-ff58ab1ae183
2026-03-30 02:32:28|gemini|thinking_0|21|QUESTION|75|1132|89bf37e9-b895-4f4b-af5c-ff58ab1ae183
2026-03-30 02:32:28|gemini|thinking_0|21|JSON_SAVED||1132|89bf37e9-b895-4f4b-af5c-ff58ab1ae183
2026-03-30 02:32:28|gemini|thinking_0|21|QUESTION_ADVANCE||1133|e33f8c82-8209-4094-b3f2-91b5d1815a5b
2026-03-30 02:35:08|gemini|thinking_0|21|QUESTION_SENT||1133|e33f8c82-8209-4094-b3f2-91b5d1815a5b
2026-03-30 02:38:23|gemini|thinking_0|21|QUESTION_SENT||1133|e33f8c82-8209-4094-b3f2-91b5d1815a5b
2026-03-30 02:42:07|gemini|thinking_0|21|QUESTION_SENT||1133|e33f8c82-8209-4094-b3f2-91b5d1815a5b
2026-03-30 02:45:50|gemini|thinking_0|21|QUESTION_SENT||1133|e33f8c82-8209-4094-b3f2-91b5d1815a5b
2026-03-30 02:46:21|gemini|thinking_0|21|JSON_VERIFIED||1133|e33f8c82-8209-4094-b3f2-91b5d1815a5b
2026-03-30 02:46:21|gemini|thinking_0|21|QUESTION|76|1133|e33f8c82-8209-4094-b3f2-91b5d1815a5b
2026-03-30 02:46:21|gemini|thinking_0|21|JSON_SAVED||1133|e33f8c82-8209-4094-b3f2-91b5d1815a5b
2026-03-30 02:46:21|gemini|thinking_0|21|QUESTION_ADVANCE||1134|030f468d-a8b9-4146-990c-1254837b0869
2026-03-30 02:49:05|gemini|thinking_0|21|QUESTION_SENT||1134|030f468d-a8b9-4146-990c-1254837b0869
2026-03-30 02:49:43|gemini|thinking_0|21|JSON_VERIFIED||1134|030f468d-a8b9-4146-990c-1254837b0869
2026-03-30 02:49:43|gemini|thinking_0|21|QUESTION|77|1134|030f468d-a8b9-4146-990c-1254837b0869
2026-03-30 02:49:43|gemini|thinking_0|21|JSON_SAVED||1134|030f468d-a8b9-4146-990c-1254837b0869
2026-03-30 02:49:43|gemini|thinking_0|21|QUESTION_ADVANCE||1135|37851eec-55d0-4bce-8cb4-3ced406e429a
2026-03-30 02:52:20|gemini|thinking_0|21|QUESTION_SENT||1135|37851eec-55d0-4bce-8cb4-3ced406e429a
2026-03-30 02:53:01|gemini|thinking_0|21|JSON_VERIFIED||1135|37851eec-55d0-4bce-8cb4-3ced406e429a
2026-03-30 02:53:01|gemini|thinking_0|21|QUESTION|78|1135|37851eec-55d0-4bce-8cb4-3ced406e429a
2026-03-30 02:53:01|gemini|thinking_0|21|JSON_SAVED||1135|37851eec-55d0-4bce-8cb4-3ced406e429a
2026-03-30 02:53:01|gemini|thinking_0|21|QUESTION_ADVANCE||1136|57bf26fb-c346-47a5-8e64-945efe9df7fb
2026-03-30 02:55:34|gemini|thinking_0|21|QUESTION_SENT||1136|57bf26fb-c346-47a5-8e64-945efe9df7fb
2026-03-30 02:56:18|gemini|thinking_0|21|JSON_VERIFIED||1136|57bf26fb-c346-47a5-8e64-945efe9df7fb
2026-03-30 02:56:18|gemini|thinking_0|21|QUESTION|79|1136|57bf26fb-c346-47a5-8e64-945efe9df7fb
2026-03-30 02:56:18|gemini|thinking_0|21|JSON_SAVED||1136|57bf26fb-c346-47a5-8e64-945efe9df7fb
2026-03-30 02:56:18|gemini|thinking_0|21|QUESTION_ADVANCE||1137|90f3f0fb-8436-4e96-8e0b-250e4a02722c
2026-03-30 02:58:49|gemini|thinking_0|21|QUESTION_SENT||1137|90f3f0fb-8436-4e96-8e0b-250e4a02722c
2026-03-30 02:59:22|gemini|thinking_0|21|JSON_VERIFIED||1137|90f3f0fb-8436-4e96-8e0b-250e4a02722c
2026-03-30 02:59:22|gemini|thinking_0|21|QUESTION|80|1137|90f3f0fb-8436-4e96-8e0b-250e4a02722c
2026-03-30 02:59:22|gemini|thinking_0|21|JSON_SAVED||1137|90f3f0fb-8436-4e96-8e0b-250e4a02722c
2026-03-30 02:59:22|gemini|thinking_0|21|QUESTION_ADVANCE||1138|915eb73f-ab52-4a95-aa4f-d6fde62a1e7c
2026-03-30 03:02:04|gemini|thinking_0|21|QUESTION_SENT||1138|915eb73f-ab52-4a95-aa4f-d6fde62a1e7c
2026-03-30 03:05:47|gemini|thinking_0|21|QUESTION_SENT||1138|915eb73f-ab52-4a95-aa4f-d6fde62a1e7c
2026-03-30 03:06:28|gemini|thinking_0|21|JSON_VERIFIED||1138|915eb73f-ab52-4a95-aa4f-d6fde62a1e7c
2026-03-30 03:06:28|gemini|thinking_0|21|QUESTION|81|1138|915eb73f-ab52-4a95-aa4f-d6fde62a1e7c
2026-03-30 03:06:28|gemini|thinking_0|21|JSON_SAVED||1138|915eb73f-ab52-4a95-aa4f-d6fde62a1e7c
2026-03-30 03:06:28|gemini|thinking_0|21|QUESTION_ADVANCE||1139|8127975b-bd45-4a2e-ab0a-ce559a3dbab9
2026-03-30 03:09:01|gemini|thinking_0|21|QUESTION_SENT||1139|8127975b-bd45-4a2e-ab0a-ce559a3dbab9
2026-03-30 03:09:44|gemini|thinking_0|21|JSON_VERIFIED||1139|8127975b-bd45-4a2e-ab0a-ce559a3dbab9
2026-03-30 03:09:44|gemini|thinking_0|21|QUESTION|82|1139|8127975b-bd45-4a2e-ab0a-ce559a3dbab9
2026-03-30 03:09:44|gemini|thinking_0|21|JSON_SAVED||1139|8127975b-bd45-4a2e-ab0a-ce559a3dbab9
2026-03-30 03:09:44|gemini|thinking_0|21|QUESTION_ADVANCE||1140|7085eed1-8c09-4fda-b285-fa0a17879b72
2026-03-30 03:12:16|gemini|thinking_0|21|QUESTION_SENT||1140|7085eed1-8c09-4fda-b285-fa0a17879b72
2026-03-30 03:12:54|gemini|thinking_0|21|JSON_VERIFIED||1140|7085eed1-8c09-4fda-b285-fa0a17879b72
2026-03-30 03:12:54|gemini|thinking_0|21|QUESTION|83|1140|7085eed1-8c09-4fda-b285-fa0a17879b72
2026-03-30 03:12:54|gemini|thinking_0|21|JSON_SAVED||1140|7085eed1-8c09-4fda-b285-fa0a17879b72
2026-03-30 03:12:54|gemini|thinking_0|21|QUESTION_ADVANCE||1141|98e2fafd-8f09-46e7-b15b-86873bc418bb
2026-03-30 03:15:31|gemini|thinking_0|21|QUESTION_SENT||1141|98e2fafd-8f09-46e7-b15b-86873bc418bb
2026-03-30 03:16:04|gemini|thinking_0|21|JSON_VERIFIED||1141|98e2fafd-8f09-46e7-b15b-86873bc418bb
2026-03-30 03:16:04|gemini|thinking_0|21|QUESTION|84|1141|98e2fafd-8f09-46e7-b15b-86873bc418bb
2026-03-30 03:16:04|gemini|thinking_0|21|JSON_SAVED||1141|98e2fafd-8f09-46e7-b15b-86873bc418bb
2026-03-30 03:16:04|gemini|thinking_0|21|QUESTION_ADVANCE||1142|5db8079c-9bd4-4636-942c-b9f6cc477b3a
2026-03-30 03:18:46|gemini|thinking_0|21|QUESTION_SENT||1142|5db8079c-9bd4-4636-942c-b9f6cc477b3a
2026-03-30 03:19:15|gemini|thinking_0|21|JSON_VERIFIED||1142|5db8079c-9bd4-4636-942c-b9f6cc477b3a
2026-03-30 03:19:15|gemini|thinking_0|21|QUESTION|85|1142|5db8079c-9bd4-4636-942c-b9f6cc477b3a
2026-03-30 03:19:15|gemini|thinking_0|21|JSON_SAVED||1142|5db8079c-9bd4-4636-942c-b9f6cc477b3a
2026-03-30 03:19:15|gemini|thinking_0|21|QUESTION_ADVANCE||1143|6e58b96e-ad79-475e-ace4-4f3754875942
2026-03-30 03:22:00|gemini|thinking_0|21|QUESTION_SENT||1143|6e58b96e-ad79-475e-ace4-4f3754875942
2026-03-30 03:25:43|gemini|thinking_0|21|QUESTION_SENT||1143|6e58b96e-ad79-475e-ace4-4f3754875942
2026-03-30 03:26:16|gemini|thinking_0|21|JSON_VERIFIED||1143|6e58b96e-ad79-475e-ace4-4f3754875942
2026-03-30 03:26:16|gemini|thinking_0|21|QUESTION|86|1143|6e58b96e-ad79-475e-ace4-4f3754875942
2026-03-30 03:26:16|gemini|thinking_0|21|JSON_SAVED||1143|6e58b96e-ad79-475e-ace4-4f3754875942
2026-03-30 03:26:16|gemini|thinking_0|21|QUESTION_ADVANCE||1144|17dc7156-1cb6-45ae-a5a8-372b8f4f4594
2026-03-30 03:28:58|gemini|thinking_0|21|QUESTION_SENT||1144|17dc7156-1cb6-45ae-a5a8-372b8f4f4594
2026-03-30 03:32:41|gemini|thinking_0|21|QUESTION_SENT||1144|17dc7156-1cb6-45ae-a5a8-372b8f4f4594
2026-03-30 03:33:11|gemini|thinking_0|21|JSON_VERIFIED||1144|17dc7156-1cb6-45ae-a5a8-372b8f4f4594
2026-03-30 03:33:11|gemini|thinking_0|21|QUESTION|87|1144|17dc7156-1cb6-45ae-a5a8-372b8f4f4594
2026-03-30 03:33:11|gemini|thinking_0|21|JSON_SAVED||1144|17dc7156-1cb6-45ae-a5a8-372b8f4f4594
2026-03-30 03:33:11|gemini|thinking_0|21|QUESTION_ADVANCE||1145|2d3b44aa-26bb-43f9-85a6-5f0da7af68dc
2026-03-30 03:35:56|gemini|thinking_0|21|QUESTION_SENT||1145|2d3b44aa-26bb-43f9-85a6-5f0da7af68dc
2026-03-30 03:36:32|gemini|thinking_0|21|JSON_VERIFIED||1145|2d3b44aa-26bb-43f9-85a6-5f0da7af68dc
2026-03-30 03:36:32|gemini|thinking_0|21|QUESTION|88|1145|2d3b44aa-26bb-43f9-85a6-5f0da7af68dc
2026-03-30 03:36:32|gemini|thinking_0|21|JSON_SAVED||1145|2d3b44aa-26bb-43f9-85a6-5f0da7af68dc
2026-03-30 03:36:32|gemini|thinking_0|21|QUESTION_ADVANCE||1146|077f7aeb-70af-4348-85f2-7fff035b8f8b
2026-03-30 03:39:11|gemini|thinking_0|21|QUESTION_SENT||1146|077f7aeb-70af-4348-85f2-7fff035b8f8b
2026-03-30 03:39:59|gemini|thinking_0|21|JSON_VERIFIED||1146|077f7aeb-70af-4348-85f2-7fff035b8f8b
2026-03-30 03:39:59|gemini|thinking_0|21|QUESTION|89|1146|077f7aeb-70af-4348-85f2-7fff035b8f8b
2026-03-30 03:39:59|gemini|thinking_0|21|JSON_SAVED||1146|077f7aeb-70af-4348-85f2-7fff035b8f8b
2026-03-30 03:39:59|gemini|thinking_0|21|QUESTION_ADVANCE||1147|f4bd0b97-19b0-412e-b8f7-73feafc45c3e
2026-03-30 03:42:26|gemini|thinking_0|21|QUESTION_SENT||1147|f4bd0b97-19b0-412e-b8f7-73feafc45c3e
2026-03-30 03:43:10|gemini|thinking_0|21|JSON_VERIFIED||1147|f4bd0b97-19b0-412e-b8f7-73feafc45c3e
2026-03-30 03:43:10|gemini|thinking_0|21|QUESTION|90|1147|f4bd0b97-19b0-412e-b8f7-73feafc45c3e
2026-03-30 03:43:10|gemini|thinking_0|21|JSON_SAVED||1147|f4bd0b97-19b0-412e-b8f7-73feafc45c3e
2026-03-30 03:43:10|gemini|thinking_0|21|QUESTION_ADVANCE||1148|df56c6a3-39ba-4c06-83ba-c98b84e997e7
2026-03-30 03:45:40|gemini|thinking_0|21|QUESTION_SENT||1148|df56c6a3-39ba-4c06-83ba-c98b84e997e7
2026-03-30 03:46:10|gemini|thinking_0|21|JSON_VERIFIED||1148|df56c6a3-39ba-4c06-83ba-c98b84e997e7
2026-03-30 03:46:10|gemini|thinking_0|21|QUESTION|91|1148|df56c6a3-39ba-4c06-83ba-c98b84e997e7
2026-03-30 03:46:10|gemini|thinking_0|21|JSON_SAVED||1148|df56c6a3-39ba-4c06-83ba-c98b84e997e7
2026-03-30 03:46:10|gemini|thinking_0|21|QUESTION_ADVANCE||1149|e71ce0f8-6383-4f02-b071-c705482030ce
2026-03-30 03:48:55|gemini|thinking_0|21|QUESTION_SENT||1149|e71ce0f8-6383-4f02-b071-c705482030ce
2026-03-30 03:49:36|gemini|thinking_0|21|JSON_VERIFIED||1149|e71ce0f8-6383-4f02-b071-c705482030ce
2026-03-30 03:49:36|gemini|thinking_0|21|QUESTION|92|1149|e71ce0f8-6383-4f02-b071-c705482030ce
2026-03-30 03:49:36|gemini|thinking_0|21|JSON_SAVED||1149|e71ce0f8-6383-4f02-b071-c705482030ce
2026-03-30 03:49:36|gemini|thinking_0|21|QUESTION_ADVANCE||1150|0b000a31-3f1e-4b7d-ab9d-cd332976b548
2026-03-30 03:52:10|gemini|thinking_0|21|QUESTION_SENT||1150|0b000a31-3f1e-4b7d-ab9d-cd332976b548
2026-03-30 03:55:53|gemini|thinking_0|21|QUESTION_SENT||1150|0b000a31-3f1e-4b7d-ab9d-cd332976b548
2026-03-30 03:56:24|gemini|thinking_0|21|JSON_VERIFIED||1150|0b000a31-3f1e-4b7d-ab9d-cd332976b548
2026-03-30 03:56:24|gemini|thinking_0|21|QUESTION|93|1150|0b000a31-3f1e-4b7d-ab9d-cd332976b548
2026-03-30 03:56:24|gemini|thinking_0|21|JSON_SAVED||1150|0b000a31-3f1e-4b7d-ab9d-cd332976b548
2026-03-30 03:56:25|gemini|thinking_0|21|STOP||1151|
