timestamp|site|scenario|bot_id|event_type|attempt_number|global_index|question_uid
2026-04-05 09:35:20|gemini|thinking_0|20|RESTART||1766|43f1020f-7fb0-484f-b28c-6a8cedcc56ef
2026-04-05 09:36:33|gemini|thinking_0|20|QUESTION_SENT||1766|43f1020f-7fb0-484f-b28c-6a8cedcc56ef
2026-04-05 09:36:36|gemini|thinking_0|21|RESTART||1932|9d5f1438-db00-4e4b-9a16-bc5314203dda
2026-04-05 09:37:20|gemini|thinking_0|21|QUESTION_SENT||1932|9d5f1438-db00-4e4b-9a16-bc5314203dda
2026-04-05 09:38:10|gemini|thinking_0|21|JSON_VERIFIED||1932|9d5f1438-db00-4e4b-9a16-bc5314203dda
2026-04-05 09:38:10|gemini|thinking_0|21|QUESTION|1|1932|9d5f1438-db00-4e4b-9a16-bc5314203dda
2026-04-05 09:38:10|gemini|thinking_0|21|JSON_SAVED||1932|9d5f1438-db00-4e4b-9a16-bc5314203dda
2026-04-05 09:38:10|gemini|thinking_0|21|QUESTION_ADVANCE||1933|8a8d066e-756b-4993-8b73-a91ba117bd0b
2026-04-05 09:40:16|gemini|thinking_0|20|QUESTION_SENT||1766|43f1020f-7fb0-484f-b28c-6a8cedcc56ef
2026-04-05 09:40:35|gemini|thinking_0|21|QUESTION_SENT||1933|8a8d066e-756b-4993-8b73-a91ba117bd0b
2026-04-05 09:41:02|gemini|thinking_0|20|JSON_VERIFIED||1766|43f1020f-7fb0-484f-b28c-6a8cedcc56ef
2026-04-05 09:41:02|gemini|thinking_0|20|QUESTION|1|1766|43f1020f-7fb0-484f-b28c-6a8cedcc56ef
2026-04-05 09:41:02|gemini|thinking_0|20|JSON_SAVED||1766|43f1020f-7fb0-484f-b28c-6a8cedcc56ef
2026-04-05 09:41:02|gemini|thinking_0|20|QUESTION_ADVANCE||1767|b2ee74b7-cf71-4ebf-ba6d-a11423578fe2
2026-04-05 09:43:31|gemini|thinking_0|20|QUESTION_SENT||1767|b2ee74b7-cf71-4ebf-ba6d-a11423578fe2
2026-04-05 09:44:18|gemini|thinking_0|21|QUESTION_SENT||1933|8a8d066e-756b-4993-8b73-a91ba117bd0b
2026-04-05 09:44:18|gemini|thinking_0|20|JSON_VERIFIED||1767|b2ee74b7-cf71-4ebf-ba6d-a11423578fe2
2026-04-05 09:44:18|gemini|thinking_0|20|QUESTION|2|1767|b2ee74b7-cf71-4ebf-ba6d-a11423578fe2
2026-04-05 09:44:18|gemini|thinking_0|20|JSON_SAVED||1767|b2ee74b7-cf71-4ebf-ba6d-a11423578fe2
2026-04-05 09:44:18|gemini|thinking_0|20|QUESTION_ADVANCE||1768|ad00512d-6ac3-4674-b2d6-7dbaec53ebcd
2026-04-05 09:44:52|gemini|thinking_0|21|JSON_VERIFIED||1933|8a8d066e-756b-4993-8b73-a91ba117bd0b
2026-04-05 09:44:52|gemini|thinking_0|21|QUESTION|2|1933|8a8d066e-756b-4993-8b73-a91ba117bd0b
2026-04-05 09:44:52|gemini|thinking_0|21|JSON_SAVED||1933|8a8d066e-756b-4993-8b73-a91ba117bd0b
2026-04-05 09:44:52|gemini|thinking_0|21|QUESTION_ADVANCE||1934|f3dab74e-b639-4d8b-ab48-ea6e6350bcad
2026-04-05 09:46:45|gemini|thinking_0|20|QUESTION_SENT||1768|ad00512d-6ac3-4674-b2d6-7dbaec53ebcd
2026-04-05 09:47:27|gemini|thinking_0|20|JSON_VERIFIED||1768|ad00512d-6ac3-4674-b2d6-7dbaec53ebcd
2026-04-05 09:47:27|gemini|thinking_0|20|QUESTION|3|1768|ad00512d-6ac3-4674-b2d6-7dbaec53ebcd
2026-04-05 09:47:27|gemini|thinking_0|20|JSON_SAVED||1768|ad00512d-6ac3-4674-b2d6-7dbaec53ebcd
2026-04-05 09:47:27|gemini|thinking_0|20|QUESTION_ADVANCE||1769|75d40d69-68e6-4136-9f65-525c2552e9d8
2026-04-05 09:47:32|gemini|thinking_0|21|QUESTION_SENT||1934|f3dab74e-b639-4d8b-ab48-ea6e6350bcad
2026-04-05 09:48:23|gemini|thinking_0|21|JSON_VERIFIED||1934|f3dab74e-b639-4d8b-ab48-ea6e6350bcad
2026-04-05 09:48:23|gemini|thinking_0|21|QUESTION|3|1934|f3dab74e-b639-4d8b-ab48-ea6e6350bcad
2026-04-05 09:48:23|gemini|thinking_0|21|JSON_SAVED||1934|f3dab74e-b639-4d8b-ab48-ea6e6350bcad
2026-04-05 09:48:23|gemini|thinking_0|21|QUESTION_ADVANCE||1935|92d16698-facd-4b87-88ce-6adfefe46a54
2026-04-05 09:50:00|gemini|thinking_0|20|QUESTION_SENT||1769|75d40d69-68e6-4136-9f65-525c2552e9d8
2026-04-05 09:50:36|gemini|thinking_0|20|JSON_VERIFIED||1769|75d40d69-68e6-4136-9f65-525c2552e9d8
2026-04-05 09:50:36|gemini|thinking_0|20|QUESTION|4|1769|75d40d69-68e6-4136-9f65-525c2552e9d8
2026-04-05 09:50:36|gemini|thinking_0|20|JSON_SAVED||1769|75d40d69-68e6-4136-9f65-525c2552e9d8
2026-04-05 09:50:36|gemini|thinking_0|20|QUESTION_ADVANCE||1770|d181acd6-5276-4612-97a9-f19c7ea539c9
2026-04-05 09:50:47|gemini|thinking_0|21|QUESTION_SENT||1935|92d16698-facd-4b87-88ce-6adfefe46a54
2026-04-05 09:51:24|gemini|thinking_0|21|JSON_VERIFIED||1935|92d16698-facd-4b87-88ce-6adfefe46a54
2026-04-05 09:51:24|gemini|thinking_0|21|QUESTION|4|1935|92d16698-facd-4b87-88ce-6adfefe46a54
2026-04-05 09:51:24|gemini|thinking_0|21|JSON_SAVED||1935|92d16698-facd-4b87-88ce-6adfefe46a54
2026-04-05 09:51:24|gemini|thinking_0|21|QUESTION_ADVANCE||1936|dbb288ed-405f-4451-b77e-c036284f5267
2026-04-05 09:53:15|gemini|thinking_0|20|QUESTION_SENT||1770|d181acd6-5276-4612-97a9-f19c7ea539c9
2026-04-05 09:53:46|gemini|thinking_0|20|JSON_VERIFIED||1770|d181acd6-5276-4612-97a9-f19c7ea539c9
2026-04-05 09:53:46|gemini|thinking_0|20|QUESTION|5|1770|d181acd6-5276-4612-97a9-f19c7ea539c9
2026-04-05 09:53:46|gemini|thinking_0|20|JSON_SAVED||1770|d181acd6-5276-4612-97a9-f19c7ea539c9
2026-04-05 09:53:46|gemini|thinking_0|20|QUESTION_ADVANCE||1771|f6b360a2-0507-4e38-ab13-ff9550e13cf8
2026-04-05 09:54:02|gemini|thinking_0|21|QUESTION_SENT||1936|dbb288ed-405f-4451-b77e-c036284f5267
2026-04-05 09:54:50|gemini|thinking_0|21|JSON_VERIFIED||1936|dbb288ed-405f-4451-b77e-c036284f5267
2026-04-05 09:54:50|gemini|thinking_0|21|QUESTION|5|1936|dbb288ed-405f-4451-b77e-c036284f5267
2026-04-05 09:54:50|gemini|thinking_0|21|JSON_SAVED||1936|dbb288ed-405f-4451-b77e-c036284f5267
2026-04-05 09:54:50|gemini|thinking_0|21|QUESTION_ADVANCE||1937|02c72539-3455-414c-8234-5a65cc9120ea
2026-04-05 09:56:30|gemini|thinking_0|20|QUESTION_SENT||1771|f6b360a2-0507-4e38-ab13-ff9550e13cf8
2026-04-05 09:57:15|gemini|thinking_0|20|JSON_VERIFIED||1771|f6b360a2-0507-4e38-ab13-ff9550e13cf8
2026-04-05 09:57:15|gemini|thinking_0|20|QUESTION|6|1771|f6b360a2-0507-4e38-ab13-ff9550e13cf8
2026-04-05 09:57:15|gemini|thinking_0|20|JSON_SAVED||1771|f6b360a2-0507-4e38-ab13-ff9550e13cf8
2026-04-05 09:57:15|gemini|thinking_0|20|QUESTION_ADVANCE||1772|1b5c66b1-fa7f-41fd-a1ef-6106e4f26a81
2026-04-05 09:57:17|gemini|thinking_0|21|QUESTION_SENT||1937|02c72539-3455-414c-8234-5a65cc9120ea
2026-04-05 09:59:44|gemini|thinking_0|20|QUESTION_SENT||1772|1b5c66b1-fa7f-41fd-a1ef-6106e4f26a81
2026-04-05 10:00:31|gemini|thinking_0|21|QUESTION_SENT||1937|02c72539-3455-414c-8234-5a65cc9120ea
2026-04-05 10:00:38|gemini|thinking_0|20|JSON_VERIFIED||1772|1b5c66b1-fa7f-41fd-a1ef-6106e4f26a81
2026-04-05 10:00:38|gemini|thinking_0|20|QUESTION|7|1772|1b5c66b1-fa7f-41fd-a1ef-6106e4f26a81
2026-04-05 10:00:38|gemini|thinking_0|20|JSON_SAVED||1772|1b5c66b1-fa7f-41fd-a1ef-6106e4f26a81
2026-04-05 10:00:38|gemini|thinking_0|20|QUESTION_ADVANCE||1773|019db2f5-7823-42e3-b35f-79abc817da1b
2026-04-05 10:01:03|gemini|thinking_0|21|JSON_VERIFIED||1937|02c72539-3455-414c-8234-5a65cc9120ea
2026-04-05 10:01:03|gemini|thinking_0|21|QUESTION|6|1937|02c72539-3455-414c-8234-5a65cc9120ea
2026-04-05 10:01:03|gemini|thinking_0|21|JSON_SAVED||1937|02c72539-3455-414c-8234-5a65cc9120ea
2026-04-05 10:01:03|gemini|thinking_0|21|QUESTION_ADVANCE||1938|c83595f2-b073-4157-aaef-39a2253f9571
2026-04-05 10:02:59|gemini|thinking_0|20|QUESTION_SENT||1773|019db2f5-7823-42e3-b35f-79abc817da1b
2026-04-05 10:03:33|gemini|thinking_0|20|JSON_VERIFIED||1773|019db2f5-7823-42e3-b35f-79abc817da1b
2026-04-05 10:03:33|gemini|thinking_0|20|QUESTION|8|1773|019db2f5-7823-42e3-b35f-79abc817da1b
2026-04-05 10:03:33|gemini|thinking_0|20|JSON_SAVED||1773|019db2f5-7823-42e3-b35f-79abc817da1b
2026-04-05 10:03:33|gemini|thinking_0|20|QUESTION_ADVANCE||1774|9a567bea-300a-42d4-81ea-ba0f4c5feb41
2026-04-05 10:03:46|gemini|thinking_0|21|QUESTION_SENT||1938|c83595f2-b073-4157-aaef-39a2253f9571
2026-04-05 10:06:14|gemini|thinking_0|20|QUESTION_SENT||1774|9a567bea-300a-42d4-81ea-ba0f4c5feb41
2026-04-05 10:06:51|gemini|thinking_0|20|JSON_VERIFIED||1774|9a567bea-300a-42d4-81ea-ba0f4c5feb41
2026-04-05 10:06:51|gemini|thinking_0|20|QUESTION|9|1774|9a567bea-300a-42d4-81ea-ba0f4c5feb41
2026-04-05 10:06:51|gemini|thinking_0|20|JSON_SAVED||1774|9a567bea-300a-42d4-81ea-ba0f4c5feb41
2026-04-05 10:06:51|gemini|thinking_0|20|QUESTION_ADVANCE||1775|fe91dae6-1782-4dfc-a055-23f7dc59ea2c
2026-04-05 10:07:01|gemini|thinking_0|21|QUESTION_SENT||1938|c83595f2-b073-4157-aaef-39a2253f9571
2026-04-05 10:07:56|gemini|thinking_0|21|JSON_VERIFIED||1938|c83595f2-b073-4157-aaef-39a2253f9571
2026-04-05 10:07:56|gemini|thinking_0|21|QUESTION|7|1938|c83595f2-b073-4157-aaef-39a2253f9571
2026-04-05 10:07:56|gemini|thinking_0|21|JSON_SAVED||1938|c83595f2-b073-4157-aaef-39a2253f9571
2026-04-05 10:07:56|gemini|thinking_0|21|QUESTION_ADVANCE||1939|5eb05511-faf8-4c90-a365-494d42c7ee87
2026-04-05 10:09:28|gemini|thinking_0|20|QUESTION_SENT||1775|fe91dae6-1782-4dfc-a055-23f7dc59ea2c
2026-04-05 10:10:02|gemini|thinking_0|20|JSON_VERIFIED||1775|fe91dae6-1782-4dfc-a055-23f7dc59ea2c
2026-04-05 10:10:02|gemini|thinking_0|20|QUESTION|10|1775|fe91dae6-1782-4dfc-a055-23f7dc59ea2c
2026-04-05 10:10:02|gemini|thinking_0|20|JSON_SAVED||1775|fe91dae6-1782-4dfc-a055-23f7dc59ea2c
2026-04-05 10:10:02|gemini|thinking_0|20|QUESTION_ADVANCE||1776|e528fa07-f6bc-4425-af67-e6edb48948f6
2026-04-05 10:10:16|gemini|thinking_0|21|QUESTION_SENT||1939|5eb05511-faf8-4c90-a365-494d42c7ee87
2026-04-05 10:10:52|gemini|thinking_0|21|JSON_VERIFIED||1939|5eb05511-faf8-4c90-a365-494d42c7ee87
2026-04-05 10:10:52|gemini|thinking_0|21|QUESTION|8|1939|5eb05511-faf8-4c90-a365-494d42c7ee87
2026-04-05 10:10:52|gemini|thinking_0|21|JSON_SAVED||1939|5eb05511-faf8-4c90-a365-494d42c7ee87
2026-04-05 10:10:52|gemini|thinking_0|21|QUESTION_ADVANCE||1940|089f1703-19df-4259-8834-71496c01b48b
2026-04-05 10:12:43|gemini|thinking_0|20|QUESTION_SENT||1776|e528fa07-f6bc-4425-af67-e6edb48948f6
2026-04-05 10:13:30|gemini|thinking_0|21|QUESTION_SENT||1940|089f1703-19df-4259-8834-71496c01b48b
2026-04-05 10:13:52|gemini|thinking_0|20|JSON_VERIFIED||1776|e528fa07-f6bc-4425-af67-e6edb48948f6
2026-04-05 10:13:52|gemini|thinking_0|20|QUESTION|11|1776|e528fa07-f6bc-4425-af67-e6edb48948f6
2026-04-05 10:13:52|gemini|thinking_0|20|JSON_SAVED||1776|e528fa07-f6bc-4425-af67-e6edb48948f6
2026-04-05 10:13:52|gemini|thinking_0|20|QUESTION_ADVANCE||1777|ff38b2fb-78f6-499d-b0b0-f7f45479468b
2026-04-05 10:14:17|gemini|thinking_0|21|JSON_VERIFIED||1940|089f1703-19df-4259-8834-71496c01b48b
2026-04-05 10:14:17|gemini|thinking_0|21|QUESTION|9|1940|089f1703-19df-4259-8834-71496c01b48b
2026-04-05 10:14:17|gemini|thinking_0|21|JSON_SAVED||1940|089f1703-19df-4259-8834-71496c01b48b
2026-04-05 10:14:17|gemini|thinking_0|21|QUESTION_ADVANCE||1941|99ab4957-769c-4ee2-8e21-1d871ebfc63f
2026-04-05 10:15:58|gemini|thinking_0|20|QUESTION_SENT||1777|ff38b2fb-78f6-499d-b0b0-f7f45479468b
2026-04-05 10:16:45|gemini|thinking_0|21|QUESTION_SENT||1941|99ab4957-769c-4ee2-8e21-1d871ebfc63f
2026-04-05 10:16:47|gemini|thinking_0|20|JSON_VERIFIED||1777|ff38b2fb-78f6-499d-b0b0-f7f45479468b
2026-04-05 10:16:47|gemini|thinking_0|20|QUESTION|12|1777|ff38b2fb-78f6-499d-b0b0-f7f45479468b
2026-04-05 10:16:47|gemini|thinking_0|20|JSON_SAVED||1777|ff38b2fb-78f6-499d-b0b0-f7f45479468b
2026-04-05 10:16:47|gemini|thinking_0|20|QUESTION_ADVANCE||1778|b425d649-bb8b-431f-ba71-0fa33dc48393
2026-04-05 10:19:12|gemini|thinking_0|20|QUESTION_SENT||1778|b425d649-bb8b-431f-ba71-0fa33dc48393
2026-04-05 10:19:59|gemini|thinking_0|21|QUESTION_SENT||1941|99ab4957-769c-4ee2-8e21-1d871ebfc63f
2026-04-05 10:20:15|gemini|thinking_0|20|JSON_VERIFIED||1778|b425d649-bb8b-431f-ba71-0fa33dc48393
2026-04-05 10:20:15|gemini|thinking_0|20|QUESTION|13|1778|b425d649-bb8b-431f-ba71-0fa33dc48393
2026-04-05 10:20:15|gemini|thinking_0|20|JSON_SAVED||1778|b425d649-bb8b-431f-ba71-0fa33dc48393
2026-04-05 10:20:15|gemini|thinking_0|20|QUESTION_ADVANCE||1779|d95070c0-c795-4a41-a9dc-c888645e53ea
2026-04-05 10:20:40|gemini|thinking_0|21|JSON_VERIFIED||1941|99ab4957-769c-4ee2-8e21-1d871ebfc63f
2026-04-05 10:20:40|gemini|thinking_0|21|QUESTION|10|1941|99ab4957-769c-4ee2-8e21-1d871ebfc63f
2026-04-05 10:20:40|gemini|thinking_0|21|JSON_SAVED||1941|99ab4957-769c-4ee2-8e21-1d871ebfc63f
2026-04-05 10:20:40|gemini|thinking_0|21|QUESTION_ADVANCE||1942|0e402127-d9a3-4457-800d-83b3814cfb39
2026-04-05 10:22:27|gemini|thinking_0|20|QUESTION_SENT||1779|d95070c0-c795-4a41-a9dc-c888645e53ea
2026-04-05 10:23:07|gemini|thinking_0|20|JSON_VERIFIED||1779|d95070c0-c795-4a41-a9dc-c888645e53ea
2026-04-05 10:23:07|gemini|thinking_0|20|QUESTION|14|1779|d95070c0-c795-4a41-a9dc-c888645e53ea
2026-04-05 10:23:07|gemini|thinking_0|20|JSON_SAVED||1779|d95070c0-c795-4a41-a9dc-c888645e53ea
2026-04-05 10:23:07|gemini|thinking_0|20|QUESTION_ADVANCE||1780|24eb5786-d9bd-4cee-814c-a6326912a29a
2026-04-05 10:23:14|gemini|thinking_0|21|QUESTION_SENT||1942|0e402127-d9a3-4457-800d-83b3814cfb39
2026-04-05 10:23:54|gemini|thinking_0|21|JSON_VERIFIED||1942|0e402127-d9a3-4457-800d-83b3814cfb39
2026-04-05 10:23:54|gemini|thinking_0|21|QUESTION|11|1942|0e402127-d9a3-4457-800d-83b3814cfb39
2026-04-05 10:23:54|gemini|thinking_0|21|JSON_SAVED||1942|0e402127-d9a3-4457-800d-83b3814cfb39
2026-04-05 10:23:54|gemini|thinking_0|21|QUESTION_ADVANCE||1943|5a9d0e91-9792-44e6-8d29-87e259da873f
2026-04-05 10:25:42|gemini|thinking_0|20|QUESTION_SENT||1780|24eb5786-d9bd-4cee-814c-a6326912a29a
2026-04-05 10:26:29|gemini|thinking_0|20|JSON_VERIFIED||1780|24eb5786-d9bd-4cee-814c-a6326912a29a
2026-04-05 10:26:29|gemini|thinking_0|20|QUESTION|15|1780|24eb5786-d9bd-4cee-814c-a6326912a29a
2026-04-05 10:26:29|gemini|thinking_0|20|JSON_SAVED||1780|24eb5786-d9bd-4cee-814c-a6326912a29a
2026-04-05 10:26:29|gemini|thinking_0|20|QUESTION_ADVANCE||1781|efc54500-9f20-45d5-a277-99673f07c623
2026-04-05 10:26:29|gemini|thinking_0|21|QUESTION_SENT||1943|5a9d0e91-9792-44e6-8d29-87e259da873f
2026-04-05 10:28:56|gemini|thinking_0|20|QUESTION_SENT||1781|efc54500-9f20-45d5-a277-99673f07c623
2026-04-05 10:30:13|gemini|thinking_0|21|QUESTION_SENT||1943|5a9d0e91-9792-44e6-8d29-87e259da873f
2026-04-05 10:30:47|gemini|thinking_0|21|JSON_VERIFIED||1943|5a9d0e91-9792-44e6-8d29-87e259da873f
2026-04-05 10:30:47|gemini|thinking_0|21|QUESTION|12|1943|5a9d0e91-9792-44e6-8d29-87e259da873f
2026-04-05 10:30:47|gemini|thinking_0|21|JSON_SAVED||1943|5a9d0e91-9792-44e6-8d29-87e259da873f
2026-04-05 10:30:47|gemini|thinking_0|21|QUESTION_ADVANCE||1944|2fadd7c1-cbe4-4258-80ad-620f8b8b9c70
2026-04-05 10:32:11|gemini|thinking_0|20|QUESTION_SENT||1781|efc54500-9f20-45d5-a277-99673f07c623
2026-04-05 10:32:59|gemini|thinking_0|20|JSON_VERIFIED||1781|efc54500-9f20-45d5-a277-99673f07c623
2026-04-05 10:32:59|gemini|thinking_0|20|QUESTION|16|1781|efc54500-9f20-45d5-a277-99673f07c623
2026-04-05 10:32:59|gemini|thinking_0|20|JSON_SAVED||1781|efc54500-9f20-45d5-a277-99673f07c623
2026-04-05 10:32:59|gemini|thinking_0|20|QUESTION_ADVANCE||1782|0df3c934-86b8-422a-859b-ff3de9d63baf
2026-04-05 10:33:28|gemini|thinking_0|21|QUESTION_SENT||1944|2fadd7c1-cbe4-4258-80ad-620f8b8b9c70
2026-04-05 10:35:26|gemini|thinking_0|20|QUESTION_SENT||1782|0df3c934-86b8-422a-859b-ff3de9d63baf
2026-04-05 10:36:07|gemini|thinking_0|20|JSON_VERIFIED||1782|0df3c934-86b8-422a-859b-ff3de9d63baf
2026-04-05 10:36:07|gemini|thinking_0|20|QUESTION|17|1782|0df3c934-86b8-422a-859b-ff3de9d63baf
2026-04-05 10:36:07|gemini|thinking_0|20|JSON_SAVED||1782|0df3c934-86b8-422a-859b-ff3de9d63baf
2026-04-05 10:36:07|gemini|thinking_0|20|QUESTION_ADVANCE||1783|119febd3-c3a6-4b93-812f-ea207845c7bd
2026-04-05 10:36:43|gemini|thinking_0|21|QUESTION_SENT||1944|2fadd7c1-cbe4-4258-80ad-620f8b8b9c70
2026-04-05 10:37:27|gemini|thinking_0|21|JSON_VERIFIED||1944|2fadd7c1-cbe4-4258-80ad-620f8b8b9c70
2026-04-05 10:37:27|gemini|thinking_0|21|QUESTION|13|1944|2fadd7c1-cbe4-4258-80ad-620f8b8b9c70
2026-04-05 10:37:27|gemini|thinking_0|21|JSON_SAVED||1944|2fadd7c1-cbe4-4258-80ad-620f8b8b9c70
2026-04-05 10:37:27|gemini|thinking_0|21|QUESTION_ADVANCE||1945|ad51da79-d07a-4f65-ac6a-126690297542
2026-04-05 10:38:41|gemini|thinking_0|20|QUESTION_SENT||1783|119febd3-c3a6-4b93-812f-ea207845c7bd
2026-04-05 10:39:33|gemini|thinking_0|20|JSON_VERIFIED||1783|119febd3-c3a6-4b93-812f-ea207845c7bd
2026-04-05 10:39:33|gemini|thinking_0|20|QUESTION|18|1783|119febd3-c3a6-4b93-812f-ea207845c7bd
2026-04-05 10:39:33|gemini|thinking_0|20|JSON_SAVED||1783|119febd3-c3a6-4b93-812f-ea207845c7bd
2026-04-05 10:39:33|gemini|thinking_0|20|QUESTION_ADVANCE||1784|16102b54-e05e-4b70-957b-17d607bb2221
2026-04-05 10:39:57|gemini|thinking_0|21|QUESTION_SENT||1945|ad51da79-d07a-4f65-ac6a-126690297542
2026-04-05 10:40:30|gemini|thinking_0|21|JSON_VERIFY_FAILED||1945|ad51da79-d07a-4f65-ac6a-126690297542
2026-04-05 10:40:30|gemini|thinking_0|21|QUESTION|14|1945|ad51da79-d07a-4f65-ac6a-126690297542
2026-04-05 10:41:56|gemini|thinking_0|20|QUESTION_SENT||1784|16102b54-e05e-4b70-957b-17d607bb2221
2026-04-05 10:42:50|gemini|thinking_0|21|QUESTION_SENT||1945|ad51da79-d07a-4f65-ac6a-126690297542
2026-04-05 10:43:46|gemini|thinking_0|21|JSON_VERIFIED||1945|ad51da79-d07a-4f65-ac6a-126690297542
2026-04-05 10:43:46|gemini|thinking_0|21|QUESTION|15|1945|ad51da79-d07a-4f65-ac6a-126690297542
2026-04-05 10:43:46|gemini|thinking_0|21|JSON_SAVED||1945|ad51da79-d07a-4f65-ac6a-126690297542
2026-04-05 10:43:46|gemini|thinking_0|21|QUESTION_ADVANCE||1946|a54e8da9-5e8d-4f75-8dd5-6d6610c0d844
2026-04-05 10:45:10|gemini|thinking_0|20|QUESTION_SENT||1784|16102b54-e05e-4b70-957b-17d607bb2221
2026-04-05 10:46:04|gemini|thinking_0|20|JSON_VERIFIED||1784|16102b54-e05e-4b70-957b-17d607bb2221
2026-04-05 10:46:04|gemini|thinking_0|20|QUESTION|19|1784|16102b54-e05e-4b70-957b-17d607bb2221
2026-04-05 10:46:04|gemini|thinking_0|20|JSON_SAVED||1784|16102b54-e05e-4b70-957b-17d607bb2221
2026-04-05 10:46:04|gemini|thinking_0|20|QUESTION_ADVANCE||1785|e0d20129-9245-445e-8f16-0d2387a525d8
2026-04-05 10:46:05|gemini|thinking_0|21|QUESTION_SENT||1946|a54e8da9-5e8d-4f75-8dd5-6d6610c0d844
2026-04-05 10:46:40|gemini|thinking_0|21|JSON_VERIFIED||1946|a54e8da9-5e8d-4f75-8dd5-6d6610c0d844
2026-04-05 10:46:40|gemini|thinking_0|21|QUESTION|16|1946|a54e8da9-5e8d-4f75-8dd5-6d6610c0d844
2026-04-05 10:46:40|gemini|thinking_0|21|JSON_SAVED||1946|a54e8da9-5e8d-4f75-8dd5-6d6610c0d844
2026-04-05 10:46:40|gemini|thinking_0|21|QUESTION_ADVANCE||1947|7f441b00-9757-452c-b96a-341ce536ec07
2026-04-05 10:48:25|gemini|thinking_0|20|QUESTION_SENT||1785|e0d20129-9245-445e-8f16-0d2387a525d8
2026-04-05 10:49:00|gemini|thinking_0|20|JSON_VERIFIED||1785|e0d20129-9245-445e-8f16-0d2387a525d8
2026-04-05 10:49:00|gemini|thinking_0|20|QUESTION|20|1785|e0d20129-9245-445e-8f16-0d2387a525d8
2026-04-05 10:49:00|gemini|thinking_0|20|JSON_SAVED||1785|e0d20129-9245-445e-8f16-0d2387a525d8
2026-04-05 10:49:00|gemini|thinking_0|20|QUESTION_ADVANCE||1786|73e1d518-98a2-4dbb-8719-82108a06d694
2026-04-05 10:49:19|gemini|thinking_0|21|QUESTION_SENT||1947|7f441b00-9757-452c-b96a-341ce536ec07
2026-04-05 10:50:09|gemini|thinking_0|21|JSON_VERIFIED||1947|7f441b00-9757-452c-b96a-341ce536ec07
2026-04-05 10:50:09|gemini|thinking_0|21|QUESTION|17|1947|7f441b00-9757-452c-b96a-341ce536ec07
2026-04-05 10:50:09|gemini|thinking_0|21|JSON_SAVED||1947|7f441b00-9757-452c-b96a-341ce536ec07
2026-04-05 10:50:09|gemini|thinking_0|21|QUESTION_ADVANCE||1948|85d54350-2e85-46db-b360-d0d575de5f54
2026-04-05 10:51:39|gemini|thinking_0|20|QUESTION_SENT||1786|73e1d518-98a2-4dbb-8719-82108a06d694
2026-04-05 10:52:22|gemini|thinking_0|20|JSON_VERIFIED||1786|73e1d518-98a2-4dbb-8719-82108a06d694
2026-04-05 10:52:22|gemini|thinking_0|20|QUESTION|21|1786|73e1d518-98a2-4dbb-8719-82108a06d694
2026-04-05 10:52:22|gemini|thinking_0|20|JSON_SAVED||1786|73e1d518-98a2-4dbb-8719-82108a06d694
2026-04-05 10:52:22|gemini|thinking_0|20|QUESTION_ADVANCE||1787|766f0137-2b51-429b-9fb9-40b86bd9b58d
2026-04-05 10:52:34|gemini|thinking_0|21|QUESTION_SENT||1948|85d54350-2e85-46db-b360-d0d575de5f54
2026-04-05 10:53:51|gemini|thinking_0|21|JSON_VERIFIED||1948|85d54350-2e85-46db-b360-d0d575de5f54
2026-04-05 10:53:51|gemini|thinking_0|21|QUESTION|18|1948|85d54350-2e85-46db-b360-d0d575de5f54
2026-04-05 10:53:51|gemini|thinking_0|21|JSON_SAVED||1948|85d54350-2e85-46db-b360-d0d575de5f54
2026-04-05 10:53:51|gemini|thinking_0|21|QUESTION_ADVANCE||1949|9028127f-a1be-4d02-a223-a150aa5de328
2026-04-05 10:54:54|gemini|thinking_0|20|QUESTION_SENT||1787|766f0137-2b51-429b-9fb9-40b86bd9b58d
2026-04-05 10:55:47|gemini|thinking_0|20|JSON_VERIFIED||1787|766f0137-2b51-429b-9fb9-40b86bd9b58d
2026-04-05 10:55:47|gemini|thinking_0|20|QUESTION|22|1787|766f0137-2b51-429b-9fb9-40b86bd9b58d
2026-04-05 10:55:47|gemini|thinking_0|20|JSON_SAVED||1787|766f0137-2b51-429b-9fb9-40b86bd9b58d
2026-04-05 10:55:47|gemini|thinking_0|20|QUESTION_ADVANCE||1788|732adbc8-e283-4856-8105-f39abeda5f16
2026-04-05 10:55:49|gemini|thinking_0|21|QUESTION_SENT||1949|9028127f-a1be-4d02-a223-a150aa5de328
2026-04-05 10:58:09|gemini|thinking_0|20|QUESTION_SENT||1788|732adbc8-e283-4856-8105-f39abeda5f16
2026-04-05 10:59:04|gemini|thinking_0|21|QUESTION_SENT||1949|9028127f-a1be-4d02-a223-a150aa5de328
2026-04-05 10:59:04|gemini|thinking_0|20|JSON_VERIFIED||1788|732adbc8-e283-4856-8105-f39abeda5f16
2026-04-05 10:59:04|gemini|thinking_0|20|QUESTION|23|1788|732adbc8-e283-4856-8105-f39abeda5f16
2026-04-05 10:59:04|gemini|thinking_0|20|JSON_SAVED||1788|732adbc8-e283-4856-8105-f39abeda5f16
2026-04-05 10:59:04|gemini|thinking_0|20|QUESTION_ADVANCE||1789|96a71a8a-6124-4ec7-b91c-7e0c46694f8f
2026-04-05 11:01:23|gemini|thinking_0|20|QUESTION_SENT||1789|96a71a8a-6124-4ec7-b91c-7e0c46694f8f
2026-04-05 11:02:07|gemini|thinking_0|20|JSON_VERIFIED||1789|96a71a8a-6124-4ec7-b91c-7e0c46694f8f
2026-04-05 11:02:07|gemini|thinking_0|20|QUESTION|24|1789|96a71a8a-6124-4ec7-b91c-7e0c46694f8f
2026-04-05 11:02:07|gemini|thinking_0|20|JSON_SAVED||1789|96a71a8a-6124-4ec7-b91c-7e0c46694f8f
2026-04-05 11:02:07|gemini|thinking_0|20|QUESTION_ADVANCE||1790|306c91ac-4027-4287-b4a9-4538ca7f7d2a
2026-04-05 11:02:18|gemini|thinking_0|21|QUESTION_SENT||1949|9028127f-a1be-4d02-a223-a150aa5de328
2026-04-05 11:02:59|gemini|thinking_0|21|JSON_VERIFIED||1949|9028127f-a1be-4d02-a223-a150aa5de328
2026-04-05 11:02:59|gemini|thinking_0|21|QUESTION|19|1949|9028127f-a1be-4d02-a223-a150aa5de328
2026-04-05 11:02:59|gemini|thinking_0|21|JSON_SAVED||1949|9028127f-a1be-4d02-a223-a150aa5de328
2026-04-05 11:02:59|gemini|thinking_0|21|QUESTION_ADVANCE||1950|b1786541-8fca-4e92-91fe-fff10cc9d4ab
2026-04-05 11:04:38|gemini|thinking_0|20|QUESTION_SENT||1790|306c91ac-4027-4287-b4a9-4538ca7f7d2a
2026-04-05 11:05:29|gemini|thinking_0|20|JSON_VERIFIED||1790|306c91ac-4027-4287-b4a9-4538ca7f7d2a
2026-04-05 11:05:29|gemini|thinking_0|20|QUESTION|25|1790|306c91ac-4027-4287-b4a9-4538ca7f7d2a
2026-04-05 11:05:29|gemini|thinking_0|20|JSON_SAVED||1790|306c91ac-4027-4287-b4a9-4538ca7f7d2a
2026-04-05 11:05:29|gemini|thinking_0|20|QUESTION_ADVANCE||1791|955d1280-c31f-4f5e-967b-8e8ae3c8597e
2026-04-05 11:05:33|gemini|thinking_0|21|QUESTION_SENT||1950|b1786541-8fca-4e92-91fe-fff10cc9d4ab
2026-04-05 11:06:27|gemini|thinking_0|21|JSON_VERIFIED||1950|b1786541-8fca-4e92-91fe-fff10cc9d4ab
2026-04-05 11:06:27|gemini|thinking_0|21|QUESTION|20|1950|b1786541-8fca-4e92-91fe-fff10cc9d4ab
2026-04-05 11:06:27|gemini|thinking_0|21|JSON_SAVED||1950|b1786541-8fca-4e92-91fe-fff10cc9d4ab
2026-04-05 11:06:28|gemini|thinking_0|21|STOP||1951|
2026-04-05 11:07:53|gemini|thinking_0|20|QUESTION_SENT||1791|955d1280-c31f-4f5e-967b-8e8ae3c8597e
2026-04-05 11:08:40|gemini|thinking_0|20|JSON_VERIFIED||1791|955d1280-c31f-4f5e-967b-8e8ae3c8597e
2026-04-05 11:08:40|gemini|thinking_0|20|QUESTION|26|1791|955d1280-c31f-4f5e-967b-8e8ae3c8597e
2026-04-05 11:08:40|gemini|thinking_0|20|JSON_SAVED||1791|955d1280-c31f-4f5e-967b-8e8ae3c8597e
2026-04-05 11:08:40|gemini|thinking_0|20|QUESTION_ADVANCE||1792|0aa0d1ee-36a2-4197-a568-613e8d6d922d
2026-04-05 11:11:07|gemini|thinking_0|20|QUESTION_SENT||1792|0aa0d1ee-36a2-4197-a568-613e8d6d922d
2026-04-05 11:14:22|gemini|thinking_0|20|QUESTION_SENT||1792|0aa0d1ee-36a2-4197-a568-613e8d6d922d
2026-04-05 11:14:56|gemini|thinking_0|20|JSON_VERIFIED||1792|0aa0d1ee-36a2-4197-a568-613e8d6d922d
2026-04-05 11:14:56|gemini|thinking_0|20|QUESTION|27|1792|0aa0d1ee-36a2-4197-a568-613e8d6d922d
2026-04-05 11:14:56|gemini|thinking_0|20|JSON_SAVED||1792|0aa0d1ee-36a2-4197-a568-613e8d6d922d
2026-04-05 11:14:56|gemini|thinking_0|20|QUESTION_ADVANCE||1793|6c686727-e17a-4a33-8b80-7af7f69a09ca
2026-04-05 11:17:37|gemini|thinking_0|20|QUESTION_SENT||1793|6c686727-e17a-4a33-8b80-7af7f69a09ca
2026-04-05 11:18:08|gemini|thinking_0|20|JSON_VERIFIED||1793|6c686727-e17a-4a33-8b80-7af7f69a09ca
2026-04-05 11:18:08|gemini|thinking_0|20|QUESTION|28|1793|6c686727-e17a-4a33-8b80-7af7f69a09ca
2026-04-05 11:18:08|gemini|thinking_0|20|JSON_SAVED||1793|6c686727-e17a-4a33-8b80-7af7f69a09ca
2026-04-05 11:18:08|gemini|thinking_0|20|QUESTION_ADVANCE||1794|bf6a7be9-9f6b-4e6f-ad8d-27ba47acdf72
2026-04-05 11:20:52|gemini|thinking_0|20|QUESTION_SENT||1794|bf6a7be9-9f6b-4e6f-ad8d-27ba47acdf72
2026-04-05 11:21:37|gemini|thinking_0|20|JSON_VERIFIED||1794|bf6a7be9-9f6b-4e6f-ad8d-27ba47acdf72
2026-04-05 11:21:37|gemini|thinking_0|20|QUESTION|29|1794|bf6a7be9-9f6b-4e6f-ad8d-27ba47acdf72
2026-04-05 11:21:37|gemini|thinking_0|20|JSON_SAVED||1794|bf6a7be9-9f6b-4e6f-ad8d-27ba47acdf72
2026-04-05 11:21:37|gemini|thinking_0|20|QUESTION_ADVANCE||1795|ea85b661-ca56-49a8-b5e8-d055e8e1972d
2026-04-05 11:24:06|gemini|thinking_0|20|QUESTION_SENT||1795|ea85b661-ca56-49a8-b5e8-d055e8e1972d
2026-04-05 11:24:46|gemini|thinking_0|20|JSON_VERIFIED||1795|ea85b661-ca56-49a8-b5e8-d055e8e1972d
2026-04-05 11:24:46|gemini|thinking_0|20|QUESTION|30|1795|ea85b661-ca56-49a8-b5e8-d055e8e1972d
2026-04-05 11:24:46|gemini|thinking_0|20|JSON_SAVED||1795|ea85b661-ca56-49a8-b5e8-d055e8e1972d
2026-04-05 11:24:46|gemini|thinking_0|20|QUESTION_ADVANCE||1796|adc9cd14-ed6a-4460-96e8-9f93b5405e70
2026-04-05 11:25:08|gemini|thinking_0|21|RESTART||1951|1d94fd5b-0ea2-439d-8068-8ca29408e877
2026-04-05 11:25:33|gemini|thinking_0|21|QUESTION_SENT||1951|1d94fd5b-0ea2-439d-8068-8ca29408e877
2026-04-05 11:26:26|gemini|thinking_0|21|JSON_VERIFIED||1951|1d94fd5b-0ea2-439d-8068-8ca29408e877
2026-04-05 11:26:26|gemini|thinking_0|21|QUESTION|1|1951|1d94fd5b-0ea2-439d-8068-8ca29408e877
2026-04-05 11:26:26|gemini|thinking_0|21|JSON_SAVED||1951|1d94fd5b-0ea2-439d-8068-8ca29408e877
2026-04-05 11:26:26|gemini|thinking_0|21|QUESTION_ADVANCE||1952|1fdb204d-de14-4191-9240-e326b22a12ae
2026-04-05 11:27:21|gemini|thinking_0|20|QUESTION_SENT||1796|adc9cd14-ed6a-4460-96e8-9f93b5405e70
2026-04-05 11:27:57|gemini|thinking_0|20|JSON_VERIFIED||1796|adc9cd14-ed6a-4460-96e8-9f93b5405e70
2026-04-05 11:27:57|gemini|thinking_0|20|QUESTION|31|1796|adc9cd14-ed6a-4460-96e8-9f93b5405e70
2026-04-05 11:27:57|gemini|thinking_0|20|JSON_SAVED||1796|adc9cd14-ed6a-4460-96e8-9f93b5405e70
2026-04-05 11:27:57|gemini|thinking_0|20|QUESTION_ADVANCE||1797|173254bb-9b4e-4c6f-93be-41a794d62665
2026-04-05 11:28:48|gemini|thinking_0|21|QUESTION_SENT||1952|1fdb204d-de14-4191-9240-e326b22a12ae
2026-04-05 11:29:33|gemini|thinking_0|21|JSON_VERIFIED||1952|1fdb204d-de14-4191-9240-e326b22a12ae
2026-04-05 11:29:33|gemini|thinking_0|21|QUESTION|2|1952|1fdb204d-de14-4191-9240-e326b22a12ae
2026-04-05 11:29:33|gemini|thinking_0|21|JSON_SAVED||1952|1fdb204d-de14-4191-9240-e326b22a12ae
2026-04-05 11:29:33|gemini|thinking_0|21|QUESTION_ADVANCE||1953|188a2ab3-1685-4a15-8434-3408bec22f42
2026-04-05 11:30:36|gemini|thinking_0|20|QUESTION_SENT||1797|173254bb-9b4e-4c6f-93be-41a794d62665
2026-04-05 11:31:34|gemini|thinking_0|20|JSON_VERIFIED||1797|173254bb-9b4e-4c6f-93be-41a794d62665
2026-04-05 11:31:34|gemini|thinking_0|20|QUESTION|32|1797|173254bb-9b4e-4c6f-93be-41a794d62665
2026-04-05 11:31:34|gemini|thinking_0|20|JSON_SAVED||1797|173254bb-9b4e-4c6f-93be-41a794d62665
2026-04-05 11:31:34|gemini|thinking_0|20|QUESTION_ADVANCE||1798|b9807b65-ef86-46ab-ae9f-8b7b5f18fdd9
2026-04-05 11:32:02|gemini|thinking_0|21|QUESTION_SENT||1953|188a2ab3-1685-4a15-8434-3408bec22f42
2026-04-05 11:32:43|gemini|thinking_0|21|JSON_VERIFIED||1953|188a2ab3-1685-4a15-8434-3408bec22f42
2026-04-05 11:32:43|gemini|thinking_0|21|QUESTION|3|1953|188a2ab3-1685-4a15-8434-3408bec22f42
2026-04-05 11:32:43|gemini|thinking_0|21|JSON_SAVED||1953|188a2ab3-1685-4a15-8434-3408bec22f42
2026-04-05 11:32:43|gemini|thinking_0|21|QUESTION_ADVANCE||1954|0f6a2b95-381c-4ccd-a87d-a48fcf7e1fcb
2026-04-05 11:33:51|gemini|thinking_0|20|QUESTION_SENT||1798|b9807b65-ef86-46ab-ae9f-8b7b5f18fdd9
2026-04-05 11:34:25|gemini|thinking_0|20|JSON_VERIFIED||1798|b9807b65-ef86-46ab-ae9f-8b7b5f18fdd9
2026-04-05 11:34:25|gemini|thinking_0|20|QUESTION|33|1798|b9807b65-ef86-46ab-ae9f-8b7b5f18fdd9
2026-04-05 11:34:25|gemini|thinking_0|20|JSON_SAVED||1798|b9807b65-ef86-46ab-ae9f-8b7b5f18fdd9
2026-04-05 11:34:25|gemini|thinking_0|20|QUESTION_ADVANCE||1799|c41dc27f-cd10-4208-bc17-e9cecf10b082
2026-04-05 11:35:17|gemini|thinking_0|21|QUESTION_SENT||1954|0f6a2b95-381c-4ccd-a87d-a48fcf7e1fcb
2026-04-05 11:36:04|gemini|thinking_0|21|JSON_VERIFIED||1954|0f6a2b95-381c-4ccd-a87d-a48fcf7e1fcb
2026-04-05 11:36:04|gemini|thinking_0|21|QUESTION|4|1954|0f6a2b95-381c-4ccd-a87d-a48fcf7e1fcb
2026-04-05 11:36:04|gemini|thinking_0|21|JSON_SAVED||1954|0f6a2b95-381c-4ccd-a87d-a48fcf7e1fcb
2026-04-05 11:36:04|gemini|thinking_0|21|QUESTION_ADVANCE||1955|5e05a268-2f1a-4c8b-aae2-eed1dc62c099
2026-04-05 11:37:05|gemini|thinking_0|20|QUESTION_SENT||1799|c41dc27f-cd10-4208-bc17-e9cecf10b082
2026-04-05 11:37:39|gemini|thinking_0|20|JSON_VERIFIED||1799|c41dc27f-cd10-4208-bc17-e9cecf10b082
2026-04-05 11:37:39|gemini|thinking_0|20|QUESTION|34|1799|c41dc27f-cd10-4208-bc17-e9cecf10b082
2026-04-05 11:37:39|gemini|thinking_0|20|JSON_SAVED||1799|c41dc27f-cd10-4208-bc17-e9cecf10b082
2026-04-05 11:37:39|gemini|thinking_0|20|QUESTION_ADVANCE||1800|7f8e88f8-61eb-4bf3-a008-2db49c0d7372
2026-04-05 11:38:32|gemini|thinking_0|21|QUESTION_SENT||1955|5e05a268-2f1a-4c8b-aae2-eed1dc62c099
2026-04-05 11:39:18|gemini|thinking_0|21|JSON_VERIFIED||1955|5e05a268-2f1a-4c8b-aae2-eed1dc62c099
2026-04-05 11:39:18|gemini|thinking_0|21|QUESTION|5|1955|5e05a268-2f1a-4c8b-aae2-eed1dc62c099
2026-04-05 11:39:18|gemini|thinking_0|21|JSON_SAVED||1955|5e05a268-2f1a-4c8b-aae2-eed1dc62c099
2026-04-05 11:39:19|gemini|thinking_0|21|QUESTION_ADVANCE||1956|646389c4-d07b-43fe-a573-653858966fbf
2026-04-05 11:40:20|gemini|thinking_0|20|QUESTION_SENT||1800|7f8e88f8-61eb-4bf3-a008-2db49c0d7372
2026-04-05 11:40:51|gemini|thinking_0|20|JSON_VERIFIED||1800|7f8e88f8-61eb-4bf3-a008-2db49c0d7372
2026-04-05 11:40:51|gemini|thinking_0|20|QUESTION|35|1800|7f8e88f8-61eb-4bf3-a008-2db49c0d7372
2026-04-05 11:40:51|gemini|thinking_0|20|JSON_SAVED||1800|7f8e88f8-61eb-4bf3-a008-2db49c0d7372
2026-04-05 11:40:52|gemini|thinking_0|20|STOP||1801|
2026-04-05 11:41:46|gemini|thinking_0|21|QUESTION_SENT||1956|646389c4-d07b-43fe-a573-653858966fbf
2026-04-05 11:42:37|gemini|thinking_0|21|JSON_VERIFIED||1956|646389c4-d07b-43fe-a573-653858966fbf
2026-04-05 11:42:37|gemini|thinking_0|21|QUESTION|6|1956|646389c4-d07b-43fe-a573-653858966fbf
2026-04-05 11:42:37|gemini|thinking_0|21|JSON_SAVED||1956|646389c4-d07b-43fe-a573-653858966fbf
2026-04-05 11:42:37|gemini|thinking_0|21|QUESTION_ADVANCE||1957|4e589b29-a548-4d48-a5e0-35a6896eaef8
2026-04-05 11:44:53|gemini|thinking_0|20|RESTART||2001|16b46c17-ddb4-4be2-a284-140438cd85a8
2026-04-05 11:45:01|gemini|thinking_0|21|QUESTION_SENT||1957|4e589b29-a548-4d48-a5e0-35a6896eaef8
2026-04-05 11:45:24|gemini|thinking_0|20|QUESTION_SENT||2001|16b46c17-ddb4-4be2-a284-140438cd85a8
2026-04-05 11:45:35|gemini|thinking_0|21|JSON_VERIFIED||1957|4e589b29-a548-4d48-a5e0-35a6896eaef8
2026-04-05 11:45:35|gemini|thinking_0|21|QUESTION|7|1957|4e589b29-a548-4d48-a5e0-35a6896eaef8
2026-04-05 11:45:35|gemini|thinking_0|21|JSON_SAVED||1957|4e589b29-a548-4d48-a5e0-35a6896eaef8
2026-04-05 11:45:35|gemini|thinking_0|21|QUESTION_ADVANCE||1958|4f5e57fd-6ba6-4312-be35-3fd94ebaffa8
2026-04-05 11:45:57|gemini|thinking_0|20|JSON_VERIFIED||2001|16b46c17-ddb4-4be2-a284-140438cd85a8
2026-04-05 11:45:57|gemini|thinking_0|20|QUESTION|1|2001|16b46c17-ddb4-4be2-a284-140438cd85a8
2026-04-05 11:45:57|gemini|thinking_0|20|JSON_SAVED||2001|16b46c17-ddb4-4be2-a284-140438cd85a8
2026-04-05 11:45:57|gemini|thinking_0|20|QUESTION_ADVANCE||2002|b442a675-8f4e-4214-8726-18bf35a9de85
2026-04-05 11:48:16|gemini|thinking_0|21|QUESTION_SENT||1958|4f5e57fd-6ba6-4312-be35-3fd94ebaffa8
2026-04-05 11:48:39|gemini|thinking_0|20|QUESTION_SENT||2002|b442a675-8f4e-4214-8726-18bf35a9de85
2026-04-05 11:48:50|gemini|thinking_0|21|JSON_VERIFIED||1958|4f5e57fd-6ba6-4312-be35-3fd94ebaffa8
2026-04-05 11:48:50|gemini|thinking_0|21|QUESTION|8|1958|4f5e57fd-6ba6-4312-be35-3fd94ebaffa8
2026-04-05 11:48:50|gemini|thinking_0|21|JSON_SAVED||1958|4f5e57fd-6ba6-4312-be35-3fd94ebaffa8
2026-04-05 11:48:50|gemini|thinking_0|21|QUESTION_ADVANCE||1959|2101eecb-eba0-48db-aada-275724ae7539
2026-04-05 11:49:11|gemini|thinking_0|20|JSON_VERIFIED||2002|b442a675-8f4e-4214-8726-18bf35a9de85
2026-04-05 11:49:11|gemini|thinking_0|20|QUESTION|2|2002|b442a675-8f4e-4214-8726-18bf35a9de85
2026-04-05 11:49:11|gemini|thinking_0|20|JSON_SAVED||2002|b442a675-8f4e-4214-8726-18bf35a9de85
2026-04-05 11:49:11|gemini|thinking_0|20|QUESTION_ADVANCE||2003|51db2df1-b94e-45a4-9dd5-c8ad9989ac6d
2026-04-05 11:51:31|gemini|thinking_0|21|QUESTION_SENT||1959|2101eecb-eba0-48db-aada-275724ae7539
2026-04-05 11:51:54|gemini|thinking_0|20|QUESTION_SENT||2003|51db2df1-b94e-45a4-9dd5-c8ad9989ac6d
2026-04-05 11:52:20|gemini|thinking_0|21|JSON_VERIFIED||1959|2101eecb-eba0-48db-aada-275724ae7539
2026-04-05 11:52:20|gemini|thinking_0|21|QUESTION|9|1959|2101eecb-eba0-48db-aada-275724ae7539
2026-04-05 11:52:20|gemini|thinking_0|21|JSON_SAVED||1959|2101eecb-eba0-48db-aada-275724ae7539
2026-04-05 11:52:20|gemini|thinking_0|21|QUESTION_ADVANCE||1960|da2a7b6e-86d6-459e-8781-2b612462365e
2026-04-05 11:54:45|gemini|thinking_0|21|QUESTION_SENT||1960|da2a7b6e-86d6-459e-8781-2b612462365e
2026-04-05 11:55:21|gemini|thinking_0|21|JSON_VERIFIED||1960|da2a7b6e-86d6-459e-8781-2b612462365e
2026-04-05 11:55:21|gemini|thinking_0|21|QUESTION|10|1960|da2a7b6e-86d6-459e-8781-2b612462365e
2026-04-05 11:55:21|gemini|thinking_0|21|JSON_SAVED||1960|da2a7b6e-86d6-459e-8781-2b612462365e
2026-04-05 11:55:21|gemini|thinking_0|21|QUESTION_ADVANCE||1961|c5db5b94-52de-4690-a5a5-4d9581a11884
2026-04-05 11:55:38|gemini|thinking_0|20|QUESTION_SENT||2003|51db2df1-b94e-45a4-9dd5-c8ad9989ac6d
2026-04-05 11:56:10|gemini|thinking_0|20|JSON_VERIFIED||2003|51db2df1-b94e-45a4-9dd5-c8ad9989ac6d
2026-04-05 11:56:10|gemini|thinking_0|20|QUESTION|3|2003|51db2df1-b94e-45a4-9dd5-c8ad9989ac6d
2026-04-05 11:56:10|gemini|thinking_0|20|JSON_SAVED||2003|51db2df1-b94e-45a4-9dd5-c8ad9989ac6d
2026-04-05 11:56:10|gemini|thinking_0|20|QUESTION_ADVANCE||2004|ea4503c5-4869-4ad8-a614-bba4e02423ff
2026-04-05 11:58:00|gemini|thinking_0|21|QUESTION_SENT||1961|c5db5b94-52de-4690-a5a5-4d9581a11884
2026-04-05 11:58:53|gemini|thinking_0|20|QUESTION_SENT||2004|ea4503c5-4869-4ad8-a614-bba4e02423ff
2026-04-05 11:58:54|gemini|thinking_0|21|JSON_VERIFY_FAILED||1961|c5db5b94-52de-4690-a5a5-4d9581a11884
2026-04-05 11:58:54|gemini|thinking_0|21|QUESTION|11|1961|c5db5b94-52de-4690-a5a5-4d9581a11884
2026-04-05 11:59:25|gemini|thinking_0|20|JSON_VERIFIED||2004|ea4503c5-4869-4ad8-a614-bba4e02423ff
2026-04-05 11:59:25|gemini|thinking_0|20|QUESTION|4|2004|ea4503c5-4869-4ad8-a614-bba4e02423ff
2026-04-05 11:59:25|gemini|thinking_0|20|JSON_SAVED||2004|ea4503c5-4869-4ad8-a614-bba4e02423ff
2026-04-05 11:59:25|gemini|thinking_0|20|QUESTION_ADVANCE||2005|bc32f03b-fa97-4387-8e33-e41de0c83bb0
2026-04-05 12:01:14|gemini|thinking_0|21|QUESTION_SENT||1961|c5db5b94-52de-4690-a5a5-4d9581a11884
2026-04-05 12:01:46|gemini|thinking_0|21|JSON_VERIFIED||1961|c5db5b94-52de-4690-a5a5-4d9581a11884
2026-04-05 12:01:46|gemini|thinking_0|21|QUESTION|12|1961|c5db5b94-52de-4690-a5a5-4d9581a11884
2026-04-05 12:01:46|gemini|thinking_0|21|JSON_SAVED||1961|c5db5b94-52de-4690-a5a5-4d9581a11884
2026-04-05 12:01:46|gemini|thinking_0|21|QUESTION_ADVANCE||1962|90e0f749-66d5-428e-978a-0b007024af54
2026-04-05 12:02:07|gemini|thinking_0|20|QUESTION_SENT||2005|bc32f03b-fa97-4387-8e33-e41de0c83bb0
2026-04-05 12:02:40|gemini|thinking_0|20|JSON_VERIFIED||2005|bc32f03b-fa97-4387-8e33-e41de0c83bb0
2026-04-05 12:02:40|gemini|thinking_0|20|QUESTION|5|2005|bc32f03b-fa97-4387-8e33-e41de0c83bb0
2026-04-05 12:02:40|gemini|thinking_0|20|JSON_SAVED||2005|bc32f03b-fa97-4387-8e33-e41de0c83bb0
2026-04-05 12:02:40|gemini|thinking_0|20|QUESTION_ADVANCE||2006|f95d13ca-f610-4f6c-b97a-bfa64fd534cb
2026-04-05 12:04:29|gemini|thinking_0|21|QUESTION_SENT||1962|90e0f749-66d5-428e-978a-0b007024af54
2026-04-05 12:05:08|gemini|thinking_0|21|JSON_VERIFIED||1962|90e0f749-66d5-428e-978a-0b007024af54
2026-04-05 12:05:08|gemini|thinking_0|21|QUESTION|13|1962|90e0f749-66d5-428e-978a-0b007024af54
2026-04-05 12:05:08|gemini|thinking_0|21|JSON_SAVED||1962|90e0f749-66d5-428e-978a-0b007024af54
2026-04-05 12:05:08|gemini|thinking_0|21|QUESTION_ADVANCE||1963|39c65e4c-f87d-444a-be3a-d04e19a58f4e
2026-04-05 12:05:22|gemini|thinking_0|20|QUESTION_SENT||2006|f95d13ca-f610-4f6c-b97a-bfa64fd534cb
2026-04-05 12:06:09|gemini|thinking_0|20|JSON_VERIFIED||2006|f95d13ca-f610-4f6c-b97a-bfa64fd534cb
2026-04-05 12:06:09|gemini|thinking_0|20|QUESTION|6|2006|f95d13ca-f610-4f6c-b97a-bfa64fd534cb
2026-04-05 12:06:09|gemini|thinking_0|20|JSON_SAVED||2006|f95d13ca-f610-4f6c-b97a-bfa64fd534cb
2026-04-05 12:06:09|gemini|thinking_0|20|QUESTION_ADVANCE||2007|a901efbe-2558-4c6f-8742-5fe37cbaf5de
2026-04-05 12:07:44|gemini|thinking_0|21|QUESTION_SENT||1963|39c65e4c-f87d-444a-be3a-d04e19a58f4e
2026-04-05 12:08:20|gemini|thinking_0|21|JSON_VERIFIED||1963|39c65e4c-f87d-444a-be3a-d04e19a58f4e
2026-04-05 12:08:20|gemini|thinking_0|21|QUESTION|14|1963|39c65e4c-f87d-444a-be3a-d04e19a58f4e
2026-04-05 12:08:20|gemini|thinking_0|21|JSON_SAVED||1963|39c65e4c-f87d-444a-be3a-d04e19a58f4e
2026-04-05 12:08:20|gemini|thinking_0|21|QUESTION_ADVANCE||1964|9902449d-9785-41ff-8177-114eec751645
2026-04-05 12:08:37|gemini|thinking_0|20|QUESTION_SENT||2007|a901efbe-2558-4c6f-8742-5fe37cbaf5de
2026-04-05 12:09:18|gemini|thinking_0|20|JSON_VERIFIED||2007|a901efbe-2558-4c6f-8742-5fe37cbaf5de
2026-04-05 12:09:18|gemini|thinking_0|20|QUESTION|7|2007|a901efbe-2558-4c6f-8742-5fe37cbaf5de
2026-04-05 12:09:18|gemini|thinking_0|20|JSON_SAVED||2007|a901efbe-2558-4c6f-8742-5fe37cbaf5de
2026-04-05 12:09:18|gemini|thinking_0|20|QUESTION_ADVANCE||2008|b9c80ded-ab9d-45af-900d-aff2625d0ffa
2026-04-05 12:10:58|gemini|thinking_0|21|QUESTION_SENT||1964|9902449d-9785-41ff-8177-114eec751645
2026-04-05 12:11:48|gemini|thinking_0|21|JSON_VERIFIED||1964|9902449d-9785-41ff-8177-114eec751645
2026-04-05 12:11:48|gemini|thinking_0|21|QUESTION|15|1964|9902449d-9785-41ff-8177-114eec751645
2026-04-05 12:11:48|gemini|thinking_0|21|JSON_SAVED||1964|9902449d-9785-41ff-8177-114eec751645
2026-04-05 12:11:48|gemini|thinking_0|21|QUESTION_ADVANCE||1965|c3616508-823e-48e2-b51c-d50dc1f98e37
2026-04-05 12:11:52|gemini|thinking_0|20|QUESTION_SENT||2008|b9c80ded-ab9d-45af-900d-aff2625d0ffa
2026-04-05 12:12:40|gemini|thinking_0|20|JSON_VERIFIED||2008|b9c80ded-ab9d-45af-900d-aff2625d0ffa
2026-04-05 12:12:40|gemini|thinking_0|20|QUESTION|8|2008|b9c80ded-ab9d-45af-900d-aff2625d0ffa
2026-04-05 12:12:40|gemini|thinking_0|20|JSON_SAVED||2008|b9c80ded-ab9d-45af-900d-aff2625d0ffa
2026-04-05 12:12:40|gemini|thinking_0|20|QUESTION_ADVANCE||2009|a5cb01e5-1068-414e-8d64-ba46a80b5607
2026-04-05 12:14:13|gemini|thinking_0|21|QUESTION_SENT||1965|c3616508-823e-48e2-b51c-d50dc1f98e37
2026-04-05 12:14:54|gemini|thinking_0|21|JSON_VERIFIED||1965|c3616508-823e-48e2-b51c-d50dc1f98e37
2026-04-05 12:14:54|gemini|thinking_0|21|QUESTION|16|1965|c3616508-823e-48e2-b51c-d50dc1f98e37
2026-04-05 12:14:54|gemini|thinking_0|21|JSON_SAVED||1965|c3616508-823e-48e2-b51c-d50dc1f98e37
2026-04-05 12:14:54|gemini|thinking_0|21|QUESTION_ADVANCE||1966|694d0fee-065a-457c-95d6-791078f5a3ec
2026-04-05 12:15:07|gemini|thinking_0|20|QUESTION_SENT||2009|a5cb01e5-1068-414e-8d64-ba46a80b5607
2026-04-05 12:15:51|gemini|thinking_0|20|JSON_VERIFIED||2009|a5cb01e5-1068-414e-8d64-ba46a80b5607
2026-04-05 12:15:51|gemini|thinking_0|20|QUESTION|9|2009|a5cb01e5-1068-414e-8d64-ba46a80b5607
2026-04-05 12:15:51|gemini|thinking_0|20|JSON_SAVED||2009|a5cb01e5-1068-414e-8d64-ba46a80b5607
2026-04-05 12:15:51|gemini|thinking_0|20|QUESTION_ADVANCE||2010|e11368bc-46f4-4bcd-bbbd-3fa72e20811e
2026-04-05 12:17:28|gemini|thinking_0|21|QUESTION_SENT||1966|694d0fee-065a-457c-95d6-791078f5a3ec
2026-04-05 12:18:05|gemini|thinking_0|21|JSON_VERIFIED||1966|694d0fee-065a-457c-95d6-791078f5a3ec
2026-04-05 12:18:05|gemini|thinking_0|21|QUESTION|17|1966|694d0fee-065a-457c-95d6-791078f5a3ec
2026-04-05 12:18:05|gemini|thinking_0|21|JSON_SAVED||1966|694d0fee-065a-457c-95d6-791078f5a3ec
2026-04-05 12:18:05|gemini|thinking_0|21|QUESTION_ADVANCE||1967|ff162cff-2e31-4d86-96a2-a373ec61d34a
2026-04-05 12:18:21|gemini|thinking_0|20|QUESTION_SENT||2010|e11368bc-46f4-4bcd-bbbd-3fa72e20811e
2026-04-05 12:19:04|gemini|thinking_0|20|JSON_VERIFIED||2010|e11368bc-46f4-4bcd-bbbd-3fa72e20811e
2026-04-05 12:19:04|gemini|thinking_0|20|QUESTION|10|2010|e11368bc-46f4-4bcd-bbbd-3fa72e20811e
2026-04-05 12:19:04|gemini|thinking_0|20|JSON_SAVED||2010|e11368bc-46f4-4bcd-bbbd-3fa72e20811e
2026-04-05 12:19:04|gemini|thinking_0|20|QUESTION_ADVANCE||2011|205203dd-6447-4330-bb5e-0452d99fe811
2026-04-05 12:20:43|gemini|thinking_0|21|QUESTION_SENT||1967|ff162cff-2e31-4d86-96a2-a373ec61d34a
2026-04-05 12:21:36|gemini|thinking_0|20|QUESTION_SENT||2011|205203dd-6447-4330-bb5e-0452d99fe811
2026-04-05 12:22:12|gemini|thinking_0|20|JSON_VERIFIED||2011|205203dd-6447-4330-bb5e-0452d99fe811
2026-04-05 12:22:12|gemini|thinking_0|20|QUESTION|11|2011|205203dd-6447-4330-bb5e-0452d99fe811
2026-04-05 12:22:12|gemini|thinking_0|20|JSON_SAVED||2011|205203dd-6447-4330-bb5e-0452d99fe811
2026-04-05 12:22:12|gemini|thinking_0|20|QUESTION_ADVANCE||2012|a99d8056-9838-4694-b356-b05b84e9d480
2026-04-05 12:23:57|gemini|thinking_0|21|QUESTION_SENT||1967|ff162cff-2e31-4d86-96a2-a373ec61d34a
2026-04-05 12:24:36|gemini|thinking_0|21|JSON_VERIFIED||1967|ff162cff-2e31-4d86-96a2-a373ec61d34a
2026-04-05 12:24:36|gemini|thinking_0|21|QUESTION|18|1967|ff162cff-2e31-4d86-96a2-a373ec61d34a
2026-04-05 12:24:36|gemini|thinking_0|21|JSON_SAVED||1967|ff162cff-2e31-4d86-96a2-a373ec61d34a
2026-04-05 12:24:36|gemini|thinking_0|21|QUESTION_ADVANCE||1968|8f06292e-7f08-474d-b5b7-73a49ab7e8e0
2026-04-05 12:24:51|gemini|thinking_0|20|QUESTION_SENT||2012|a99d8056-9838-4694-b356-b05b84e9d480
2026-04-05 12:25:29|gemini|thinking_0|20|JSON_VERIFIED||2012|a99d8056-9838-4694-b356-b05b84e9d480
2026-04-05 12:25:29|gemini|thinking_0|20|QUESTION|12|2012|a99d8056-9838-4694-b356-b05b84e9d480
2026-04-05 12:25:29|gemini|thinking_0|20|JSON_SAVED||2012|a99d8056-9838-4694-b356-b05b84e9d480
2026-04-05 12:25:29|gemini|thinking_0|20|QUESTION_ADVANCE||2013|f5851763-8e31-42e9-9324-c2c94c049a4f
2026-04-05 12:27:12|gemini|thinking_0|21|QUESTION_SENT||1968|8f06292e-7f08-474d-b5b7-73a49ab7e8e0
2026-04-05 12:27:46|gemini|thinking_0|21|JSON_VERIFIED||1968|8f06292e-7f08-474d-b5b7-73a49ab7e8e0
2026-04-05 12:27:46|gemini|thinking_0|21|QUESTION|19|1968|8f06292e-7f08-474d-b5b7-73a49ab7e8e0
2026-04-05 12:27:46|gemini|thinking_0|21|JSON_SAVED||1968|8f06292e-7f08-474d-b5b7-73a49ab7e8e0
2026-04-05 12:27:46|gemini|thinking_0|21|QUESTION_ADVANCE||1969|c5e5e901-cc4d-41cd-b1b0-41041d053d10
2026-04-05 12:28:05|gemini|thinking_0|20|QUESTION_SENT||2013|f5851763-8e31-42e9-9324-c2c94c049a4f
2026-04-05 12:28:59|gemini|thinking_0|20|JSON_VERIFIED||2013|f5851763-8e31-42e9-9324-c2c94c049a4f
2026-04-05 12:28:59|gemini|thinking_0|20|QUESTION|13|2013|f5851763-8e31-42e9-9324-c2c94c049a4f
2026-04-05 12:28:59|gemini|thinking_0|20|JSON_SAVED||2013|f5851763-8e31-42e9-9324-c2c94c049a4f
2026-04-05 12:28:59|gemini|thinking_0|20|QUESTION_ADVANCE||2014|95f58130-ed37-42b5-a9ce-9e29985fb4d4
2026-04-05 12:30:27|gemini|thinking_0|21|QUESTION_SENT||1969|c5e5e901-cc4d-41cd-b1b0-41041d053d10
2026-04-05 12:30:56|gemini|thinking_0|21|JSON_VERIFIED||1969|c5e5e901-cc4d-41cd-b1b0-41041d053d10
2026-04-05 12:30:56|gemini|thinking_0|21|QUESTION|20|1969|c5e5e901-cc4d-41cd-b1b0-41041d053d10
2026-04-05 12:30:56|gemini|thinking_0|21|JSON_SAVED||1969|c5e5e901-cc4d-41cd-b1b0-41041d053d10
2026-04-05 12:30:56|gemini|thinking_0|21|QUESTION_ADVANCE||1970|71c28cc3-5664-404f-8946-e9797d84c406
2026-04-05 12:31:20|gemini|thinking_0|20|QUESTION_SENT||2014|95f58130-ed37-42b5-a9ce-9e29985fb4d4
2026-04-05 12:31:57|gemini|thinking_0|20|JSON_VERIFIED||2014|95f58130-ed37-42b5-a9ce-9e29985fb4d4
2026-04-05 12:31:57|gemini|thinking_0|20|QUESTION|14|2014|95f58130-ed37-42b5-a9ce-9e29985fb4d4
2026-04-05 12:31:57|gemini|thinking_0|20|JSON_SAVED||2014|95f58130-ed37-42b5-a9ce-9e29985fb4d4
2026-04-05 12:31:57|gemini|thinking_0|20|QUESTION_ADVANCE||2015|500914ec-ca27-43b5-8dd0-f110c1ec716c
2026-04-05 12:33:41|gemini|thinking_0|21|QUESTION_SENT||1970|71c28cc3-5664-404f-8946-e9797d84c406
2026-04-05 12:34:16|gemini|thinking_0|21|JSON_VERIFIED||1970|71c28cc3-5664-404f-8946-e9797d84c406
2026-04-05 12:34:16|gemini|thinking_0|21|QUESTION|21|1970|71c28cc3-5664-404f-8946-e9797d84c406
2026-04-05 12:34:16|gemini|thinking_0|21|JSON_SAVED||1970|71c28cc3-5664-404f-8946-e9797d84c406
2026-04-05 12:34:16|gemini|thinking_0|21|QUESTION_ADVANCE||1971|6b99b3b4-d338-4e70-83e4-aee4356e6a99
2026-04-05 12:34:35|gemini|thinking_0|20|QUESTION_SENT||2015|500914ec-ca27-43b5-8dd0-f110c1ec716c
2026-04-05 12:36:56|gemini|thinking_0|21|QUESTION_SENT||1971|6b99b3b4-d338-4e70-83e4-aee4356e6a99
2026-04-05 12:37:28|gemini|thinking_0|21|JSON_VERIFIED||1971|6b99b3b4-d338-4e70-83e4-aee4356e6a99
2026-04-05 12:37:28|gemini|thinking_0|21|QUESTION|22|1971|6b99b3b4-d338-4e70-83e4-aee4356e6a99
2026-04-05 12:37:28|gemini|thinking_0|21|JSON_SAVED||1971|6b99b3b4-d338-4e70-83e4-aee4356e6a99
2026-04-05 12:37:28|gemini|thinking_0|21|QUESTION_ADVANCE||1972|4ae36b6d-3a4e-46c9-90a6-6a2815b63662
2026-04-05 12:38:17|gemini|thinking_0|20|QUESTION_SENT||2015|500914ec-ca27-43b5-8dd0-f110c1ec716c
2026-04-05 12:38:51|gemini|thinking_0|20|JSON_VERIFIED||2015|500914ec-ca27-43b5-8dd0-f110c1ec716c
2026-04-05 12:38:51|gemini|thinking_0|20|QUESTION|15|2015|500914ec-ca27-43b5-8dd0-f110c1ec716c
2026-04-05 12:38:51|gemini|thinking_0|20|JSON_SAVED||2015|500914ec-ca27-43b5-8dd0-f110c1ec716c
2026-04-05 12:38:52|gemini|thinking_0|20|QUESTION_ADVANCE||2016|6824543c-4e9f-46ca-9227-23f49ffa3193
2026-04-05 12:40:11|gemini|thinking_0|21|QUESTION_SENT||1972|4ae36b6d-3a4e-46c9-90a6-6a2815b63662
2026-04-05 12:40:46|gemini|thinking_0|21|JSON_VERIFIED||1972|4ae36b6d-3a4e-46c9-90a6-6a2815b63662
2026-04-05 12:40:46|gemini|thinking_0|21|QUESTION|23|1972|4ae36b6d-3a4e-46c9-90a6-6a2815b63662
2026-04-05 12:40:46|gemini|thinking_0|21|JSON_SAVED||1972|4ae36b6d-3a4e-46c9-90a6-6a2815b63662
2026-04-05 12:40:46|gemini|thinking_0|21|QUESTION_ADVANCE||1973|c5c78916-524e-4eaa-9aa8-172a6358bfa2
2026-04-05 12:41:32|gemini|thinking_0|20|QUESTION_SENT||2016|6824543c-4e9f-46ca-9227-23f49ffa3193
2026-04-05 12:43:20|gemini|thinking_0|20|JSON_VERIFIED||2016|6824543c-4e9f-46ca-9227-23f49ffa3193
2026-04-05 12:43:20|gemini|thinking_0|20|QUESTION|16|2016|6824543c-4e9f-46ca-9227-23f49ffa3193
2026-04-05 12:43:20|gemini|thinking_0|20|JSON_SAVED||2016|6824543c-4e9f-46ca-9227-23f49ffa3193
2026-04-05 12:43:20|gemini|thinking_0|20|QUESTION_ADVANCE||2017|0b28e6b1-7e8a-4d2f-8467-6ebe21307d9f
2026-04-05 12:43:25|gemini|thinking_0|21|QUESTION_SENT||1973|c5c78916-524e-4eaa-9aa8-172a6358bfa2
2026-04-05 12:44:05|gemini|thinking_0|21|JSON_VERIFIED||1973|c5c78916-524e-4eaa-9aa8-172a6358bfa2
2026-04-05 12:44:05|gemini|thinking_0|21|QUESTION|24|1973|c5c78916-524e-4eaa-9aa8-172a6358bfa2
2026-04-05 12:44:05|gemini|thinking_0|21|JSON_SAVED||1973|c5c78916-524e-4eaa-9aa8-172a6358bfa2
2026-04-05 12:44:05|gemini|thinking_0|21|QUESTION_ADVANCE||1974|8bc71520-53dd-47cf-9cb8-c778d1b817cc
2026-04-05 12:44:47|gemini|thinking_0|20|QUESTION_SENT||2017|0b28e6b1-7e8a-4d2f-8467-6ebe21307d9f
2026-04-05 12:46:40|gemini|thinking_0|21|QUESTION_SENT||1974|8bc71520-53dd-47cf-9cb8-c778d1b817cc
2026-04-05 12:47:16|gemini|thinking_0|21|JSON_VERIFIED||1974|8bc71520-53dd-47cf-9cb8-c778d1b817cc
2026-04-05 12:47:16|gemini|thinking_0|21|QUESTION|25|1974|8bc71520-53dd-47cf-9cb8-c778d1b817cc
2026-04-05 12:47:16|gemini|thinking_0|21|JSON_SAVED||1974|8bc71520-53dd-47cf-9cb8-c778d1b817cc
2026-04-05 12:47:16|gemini|thinking_0|21|QUESTION_ADVANCE||1975|99a9f919-ed54-4d24-aed1-e28fc7b13e74
2026-04-05 12:48:02|gemini|thinking_0|20|QUESTION_SENT||2017|0b28e6b1-7e8a-4d2f-8467-6ebe21307d9f
2026-04-05 12:48:47|gemini|thinking_0|20|JSON_VERIFIED||2017|0b28e6b1-7e8a-4d2f-8467-6ebe21307d9f
2026-04-05 12:48:47|gemini|thinking_0|20|QUESTION|17|2017|0b28e6b1-7e8a-4d2f-8467-6ebe21307d9f
2026-04-05 12:48:47|gemini|thinking_0|20|JSON_SAVED||2017|0b28e6b1-7e8a-4d2f-8467-6ebe21307d9f
2026-04-05 12:48:47|gemini|thinking_0|20|QUESTION_ADVANCE||2018|0ab65e73-6017-4819-9c30-22e14a4403a7
2026-04-05 12:49:55|gemini|thinking_0|21|QUESTION_SENT||1975|99a9f919-ed54-4d24-aed1-e28fc7b13e74
2026-04-05 12:50:26|gemini|thinking_0|21|JSON_VERIFIED||1975|99a9f919-ed54-4d24-aed1-e28fc7b13e74
2026-04-05 12:50:26|gemini|thinking_0|21|QUESTION|26|1975|99a9f919-ed54-4d24-aed1-e28fc7b13e74
2026-04-05 12:50:26|gemini|thinking_0|21|JSON_SAVED||1975|99a9f919-ed54-4d24-aed1-e28fc7b13e74
2026-04-05 12:50:26|gemini|thinking_0|21|QUESTION_ADVANCE||1976|4effaf09-afae-4327-a0a6-8a4e6d7f698f
2026-04-05 12:51:16|gemini|thinking_0|20|QUESTION_SENT||2018|0ab65e73-6017-4819-9c30-22e14a4403a7
2026-04-05 12:53:10|gemini|thinking_0|21|QUESTION_SENT||1976|4effaf09-afae-4327-a0a6-8a4e6d7f698f
2026-04-05 12:53:42|gemini|thinking_0|21|JSON_VERIFIED||1976|4effaf09-afae-4327-a0a6-8a4e6d7f698f
2026-04-05 12:53:42|gemini|thinking_0|21|QUESTION|27|1976|4effaf09-afae-4327-a0a6-8a4e6d7f698f
2026-04-05 12:53:42|gemini|thinking_0|21|JSON_SAVED||1976|4effaf09-afae-4327-a0a6-8a4e6d7f698f
2026-04-05 12:53:42|gemini|thinking_0|21|QUESTION_ADVANCE||1977|32413b65-6493-407e-a124-1085fc7ddeea
2026-04-05 12:54:59|gemini|thinking_0|20|QUESTION_SENT||2018|0ab65e73-6017-4819-9c30-22e14a4403a7
2026-04-05 12:55:52|gemini|thinking_0|20|JSON_VERIFIED||2018|0ab65e73-6017-4819-9c30-22e14a4403a7
2026-04-05 12:55:52|gemini|thinking_0|20|QUESTION|18|2018|0ab65e73-6017-4819-9c30-22e14a4403a7
2026-04-05 12:55:52|gemini|thinking_0|20|JSON_SAVED||2018|0ab65e73-6017-4819-9c30-22e14a4403a7
2026-04-05 12:55:52|gemini|thinking_0|20|QUESTION_ADVANCE||2019|e7f61073-e56e-4ef3-8309-1f7e54d386c6
2026-04-05 12:56:25|gemini|thinking_0|21|QUESTION_SENT||1977|32413b65-6493-407e-a124-1085fc7ddeea
2026-04-05 12:57:20|gemini|thinking_0|21|JSON_VERIFIED||1977|32413b65-6493-407e-a124-1085fc7ddeea
2026-04-05 12:57:20|gemini|thinking_0|21|QUESTION|28|1977|32413b65-6493-407e-a124-1085fc7ddeea
2026-04-05 12:57:20|gemini|thinking_0|21|JSON_SAVED||1977|32413b65-6493-407e-a124-1085fc7ddeea
2026-04-05 12:57:20|gemini|thinking_0|21|QUESTION_ADVANCE||1978|346095a2-7394-4062-aff4-09a843f25283
2026-04-05 12:58:14|gemini|thinking_0|20|QUESTION_SENT||2019|e7f61073-e56e-4ef3-8309-1f7e54d386c6
2026-04-05 12:58:49|gemini|thinking_0|20|JSON_VERIFIED||2019|e7f61073-e56e-4ef3-8309-1f7e54d386c6
2026-04-05 12:58:49|gemini|thinking_0|20|QUESTION|19|2019|e7f61073-e56e-4ef3-8309-1f7e54d386c6
2026-04-05 12:58:49|gemini|thinking_0|20|JSON_SAVED||2019|e7f61073-e56e-4ef3-8309-1f7e54d386c6
2026-04-05 12:58:49|gemini|thinking_0|20|QUESTION_ADVANCE||2020|abf1a7a4-8037-48cb-a285-3739f8bc3c13
2026-04-05 12:59:39|gemini|thinking_0|21|QUESTION_SENT||1978|346095a2-7394-4062-aff4-09a843f25283
2026-04-05 13:00:44|gemini|thinking_0|21|JSON_VERIFIED||1978|346095a2-7394-4062-aff4-09a843f25283
2026-04-05 13:00:44|gemini|thinking_0|21|QUESTION|29|1978|346095a2-7394-4062-aff4-09a843f25283
2026-04-05 13:00:44|gemini|thinking_0|21|JSON_SAVED||1978|346095a2-7394-4062-aff4-09a843f25283
2026-04-05 13:00:44|gemini|thinking_0|21|QUESTION_ADVANCE||1979|47778e58-55c6-4999-b21f-8547824eea07
2026-04-05 13:01:29|gemini|thinking_0|20|QUESTION_SENT||2020|abf1a7a4-8037-48cb-a285-3739f8bc3c13
2026-04-05 13:02:21|gemini|thinking_0|20|JSON_VERIFIED||2020|abf1a7a4-8037-48cb-a285-3739f8bc3c13
2026-04-05 13:02:21|gemini|thinking_0|20|QUESTION|20|2020|abf1a7a4-8037-48cb-a285-3739f8bc3c13
2026-04-05 13:02:21|gemini|thinking_0|20|JSON_SAVED||2020|abf1a7a4-8037-48cb-a285-3739f8bc3c13
2026-04-05 13:02:21|gemini|thinking_0|20|QUESTION_ADVANCE||2021|2e7ad6ba-af42-4906-8165-0588bb2ca905
2026-04-05 13:02:54|gemini|thinking_0|21|QUESTION_SENT||1979|47778e58-55c6-4999-b21f-8547824eea07
2026-04-05 13:04:44|gemini|thinking_0|20|QUESTION_SENT||2021|2e7ad6ba-af42-4906-8165-0588bb2ca905
2026-04-05 13:05:17|gemini|thinking_0|20|JSON_VERIFIED||2021|2e7ad6ba-af42-4906-8165-0588bb2ca905
2026-04-05 13:05:17|gemini|thinking_0|20|QUESTION|21|2021|2e7ad6ba-af42-4906-8165-0588bb2ca905
2026-04-05 13:05:17|gemini|thinking_0|20|JSON_SAVED||2021|2e7ad6ba-af42-4906-8165-0588bb2ca905
2026-04-05 13:05:17|gemini|thinking_0|20|QUESTION_ADVANCE||2022|a33426f2-4c99-4c46-a632-2ffa3745074d
2026-04-05 13:06:37|gemini|thinking_0|21|QUESTION_SENT||1979|47778e58-55c6-4999-b21f-8547824eea07
2026-04-05 13:07:49|gemini|thinking_0|21|JSON_VERIFIED||1979|47778e58-55c6-4999-b21f-8547824eea07
2026-04-05 13:07:49|gemini|thinking_0|21|QUESTION|30|1979|47778e58-55c6-4999-b21f-8547824eea07
2026-04-05 13:07:49|gemini|thinking_0|21|JSON_SAVED||1979|47778e58-55c6-4999-b21f-8547824eea07
2026-04-05 13:07:49|gemini|thinking_0|21|QUESTION_ADVANCE||1980|8d1eb663-4a25-4a39-a9f7-fa0d586d6b0e
2026-04-05 13:07:58|gemini|thinking_0|20|QUESTION_SENT||2022|a33426f2-4c99-4c46-a632-2ffa3745074d
2026-04-05 13:09:51|gemini|thinking_0|21|QUESTION_SENT||1980|8d1eb663-4a25-4a39-a9f7-fa0d586d6b0e
2026-04-05 13:11:41|gemini|thinking_0|20|QUESTION_SENT||2022|a33426f2-4c99-4c46-a632-2ffa3745074d
2026-04-05 13:12:11|gemini|thinking_0|20|JSON_VERIFIED||2022|a33426f2-4c99-4c46-a632-2ffa3745074d
2026-04-05 13:12:11|gemini|thinking_0|20|QUESTION|22|2022|a33426f2-4c99-4c46-a632-2ffa3745074d
2026-04-05 13:12:11|gemini|thinking_0|20|JSON_SAVED||2022|a33426f2-4c99-4c46-a632-2ffa3745074d
2026-04-05 13:12:11|gemini|thinking_0|20|QUESTION_ADVANCE||2023|bb0d6b9d-c6c2-4a6f-94cb-fe7bc9df567a
2026-04-05 13:13:35|gemini|thinking_0|21|QUESTION_SENT||1980|8d1eb663-4a25-4a39-a9f7-fa0d586d6b0e
2026-04-05 13:14:56|gemini|thinking_0|20|QUESTION_SENT||2023|bb0d6b9d-c6c2-4a6f-94cb-fe7bc9df567a
2026-04-05 13:15:26|gemini|thinking_0|20|JSON_VERIFIED||2023|bb0d6b9d-c6c2-4a6f-94cb-fe7bc9df567a
2026-04-05 13:15:26|gemini|thinking_0|20|QUESTION|23|2023|bb0d6b9d-c6c2-4a6f-94cb-fe7bc9df567a
2026-04-05 13:15:26|gemini|thinking_0|20|JSON_SAVED||2023|bb0d6b9d-c6c2-4a6f-94cb-fe7bc9df567a
2026-04-05 13:15:26|gemini|thinking_0|20|QUESTION_ADVANCE||2024|05998392-784a-464b-8a9e-fe771247e946
2026-04-05 13:16:50|gemini|thinking_0|21|QUESTION_SENT||1980|8d1eb663-4a25-4a39-a9f7-fa0d586d6b0e
2026-04-05 13:17:28|gemini|thinking_0|21|JSON_VERIFIED||1980|8d1eb663-4a25-4a39-a9f7-fa0d586d6b0e
2026-04-05 13:17:28|gemini|thinking_0|21|QUESTION|31|1980|8d1eb663-4a25-4a39-a9f7-fa0d586d6b0e
2026-04-05 13:17:28|gemini|thinking_0|21|JSON_SAVED||1980|8d1eb663-4a25-4a39-a9f7-fa0d586d6b0e
2026-04-05 13:17:28|gemini|thinking_0|21|QUESTION_ADVANCE||1981|8705bc59-2257-433e-87ab-50ee1a0e2a12
2026-04-05 13:18:10|gemini|thinking_0|20|QUESTION_SENT||2024|05998392-784a-464b-8a9e-fe771247e946
2026-04-05 13:19:07|gemini|thinking_0|20|JSON_VERIFIED||2024|05998392-784a-464b-8a9e-fe771247e946
2026-04-05 13:19:07|gemini|thinking_0|20|QUESTION|24|2024|05998392-784a-464b-8a9e-fe771247e946
2026-04-05 13:19:07|gemini|thinking_0|20|JSON_SAVED||2024|05998392-784a-464b-8a9e-fe771247e946
2026-04-05 13:19:07|gemini|thinking_0|20|QUESTION_ADVANCE||2025|2bf4932f-8e99-4d89-b177-7ccaa63328d6
2026-04-05 13:20:05|gemini|thinking_0|21|QUESTION_SENT||1981|8705bc59-2257-433e-87ab-50ee1a0e2a12
2026-04-05 13:21:25|gemini|thinking_0|20|QUESTION_SENT||2025|2bf4932f-8e99-4d89-b177-7ccaa63328d6
2026-04-05 13:22:14|gemini|thinking_0|20|JSON_VERIFIED||2025|2bf4932f-8e99-4d89-b177-7ccaa63328d6
2026-04-05 13:22:14|gemini|thinking_0|20|QUESTION|25|2025|2bf4932f-8e99-4d89-b177-7ccaa63328d6
2026-04-05 13:22:14|gemini|thinking_0|20|JSON_SAVED||2025|2bf4932f-8e99-4d89-b177-7ccaa63328d6
2026-04-05 13:22:14|gemini|thinking_0|20|QUESTION_ADVANCE||2026|94cb08b9-1491-44c9-b4c1-5f4ed70b9d53
2026-04-05 13:23:19|gemini|thinking_0|21|QUESTION_SENT||1981|8705bc59-2257-433e-87ab-50ee1a0e2a12
2026-04-05 13:24:40|gemini|thinking_0|20|QUESTION_SENT||2026|94cb08b9-1491-44c9-b4c1-5f4ed70b9d53
2026-04-05 13:25:17|gemini|thinking_0|20|JSON_VERIFIED||2026|94cb08b9-1491-44c9-b4c1-5f4ed70b9d53
2026-04-05 13:25:17|gemini|thinking_0|20|QUESTION|26|2026|94cb08b9-1491-44c9-b4c1-5f4ed70b9d53
2026-04-05 13:25:17|gemini|thinking_0|20|JSON_SAVED||2026|94cb08b9-1491-44c9-b4c1-5f4ed70b9d53
2026-04-05 13:25:17|gemini|thinking_0|20|QUESTION_ADVANCE||2027|1328a22d-1050-4a3f-988a-da3b05e937c8
2026-04-05 13:26:34|gemini|thinking_0|21|QUESTION_SENT||1981|8705bc59-2257-433e-87ab-50ee1a0e2a12
2026-04-05 13:27:54|gemini|thinking_0|20|QUESTION_SENT||2027|1328a22d-1050-4a3f-988a-da3b05e937c8
2026-04-05 13:28:30|gemini|thinking_0|20|JSON_VERIFIED||2027|1328a22d-1050-4a3f-988a-da3b05e937c8
2026-04-05 13:28:30|gemini|thinking_0|20|QUESTION|27|2027|1328a22d-1050-4a3f-988a-da3b05e937c8
2026-04-05 13:28:30|gemini|thinking_0|20|JSON_SAVED||2027|1328a22d-1050-4a3f-988a-da3b05e937c8
2026-04-05 13:28:30|gemini|thinking_0|20|QUESTION_ADVANCE||2028|88852857-92cf-4db6-8035-34f9516a548b
2026-04-05 13:30:17|gemini|thinking_0|21|QUESTION_SENT||1981|8705bc59-2257-433e-87ab-50ee1a0e2a12
2026-04-05 13:30:50|gemini|thinking_0|21|JSON_VERIFIED||1981|8705bc59-2257-433e-87ab-50ee1a0e2a12
2026-04-05 13:30:50|gemini|thinking_0|21|QUESTION|32|1981|8705bc59-2257-433e-87ab-50ee1a0e2a12
2026-04-05 13:30:50|gemini|thinking_0|21|JSON_SAVED||1981|8705bc59-2257-433e-87ab-50ee1a0e2a12
2026-04-05 13:30:50|gemini|thinking_0|21|QUESTION_ADVANCE||1982|c0397319-9213-40a8-b08f-ce412b38d80f
2026-04-05 13:31:09|gemini|thinking_0|20|QUESTION_SENT||2028|88852857-92cf-4db6-8035-34f9516a548b
2026-04-05 13:31:44|gemini|thinking_0|20|JSON_VERIFIED||2028|88852857-92cf-4db6-8035-34f9516a548b
2026-04-05 13:31:44|gemini|thinking_0|20|QUESTION|28|2028|88852857-92cf-4db6-8035-34f9516a548b
2026-04-05 13:31:44|gemini|thinking_0|20|JSON_SAVED||2028|88852857-92cf-4db6-8035-34f9516a548b
2026-04-05 13:31:44|gemini|thinking_0|20|QUESTION_ADVANCE||2029|b23aec22-8528-4879-b301-e76053c1d175
2026-04-05 13:33:32|gemini|thinking_0|21|QUESTION_SENT||1982|c0397319-9213-40a8-b08f-ce412b38d80f
2026-04-05 13:34:24|gemini|thinking_0|20|QUESTION_SENT||2029|b23aec22-8528-4879-b301-e76053c1d175
2026-04-05 13:34:24|gemini|thinking_0|21|JSON_VERIFIED||1982|c0397319-9213-40a8-b08f-ce412b38d80f
2026-04-05 13:34:24|gemini|thinking_0|21|QUESTION|33|1982|c0397319-9213-40a8-b08f-ce412b38d80f
2026-04-05 13:34:24|gemini|thinking_0|21|JSON_SAVED||1982|c0397319-9213-40a8-b08f-ce412b38d80f
2026-04-05 13:34:24|gemini|thinking_0|21|QUESTION_ADVANCE||1983|e5add05e-5209-41bf-9a9b-3812808fdbf6
2026-04-05 13:35:02|gemini|thinking_0|20|JSON_VERIFIED||2029|b23aec22-8528-4879-b301-e76053c1d175
2026-04-05 13:35:02|gemini|thinking_0|20|QUESTION|29|2029|b23aec22-8528-4879-b301-e76053c1d175
2026-04-05 13:35:02|gemini|thinking_0|20|JSON_SAVED||2029|b23aec22-8528-4879-b301-e76053c1d175
2026-04-05 13:35:02|gemini|thinking_0|20|QUESTION_ADVANCE||2030|3228d6a5-1c7a-4772-95ad-15263446a216
2026-04-05 13:36:47|gemini|thinking_0|21|QUESTION_SENT||1983|e5add05e-5209-41bf-9a9b-3812808fdbf6
2026-04-05 13:37:32|gemini|thinking_0|21|JSON_VERIFIED||1983|e5add05e-5209-41bf-9a9b-3812808fdbf6
2026-04-05 13:37:32|gemini|thinking_0|21|QUESTION|34|1983|e5add05e-5209-41bf-9a9b-3812808fdbf6
2026-04-05 13:37:32|gemini|thinking_0|21|JSON_SAVED||1983|e5add05e-5209-41bf-9a9b-3812808fdbf6
2026-04-05 13:37:32|gemini|thinking_0|21|QUESTION_ADVANCE||1984|951c8b78-0705-4803-b74b-8c6715e44e9c
2026-04-05 13:37:38|gemini|thinking_0|20|QUESTION_SENT||2030|3228d6a5-1c7a-4772-95ad-15263446a216
2026-04-05 13:38:14|gemini|thinking_0|20|JSON_VERIFIED||2030|3228d6a5-1c7a-4772-95ad-15263446a216
2026-04-05 13:38:14|gemini|thinking_0|20|QUESTION|30|2030|3228d6a5-1c7a-4772-95ad-15263446a216
2026-04-05 13:38:14|gemini|thinking_0|20|JSON_SAVED||2030|3228d6a5-1c7a-4772-95ad-15263446a216
2026-04-05 13:38:14|gemini|thinking_0|20|QUESTION_ADVANCE||2031|60718103-8c21-4928-b0ba-634f533aeeae
2026-04-05 13:40:01|gemini|thinking_0|21|QUESTION_SENT||1984|951c8b78-0705-4803-b74b-8c6715e44e9c
2026-04-05 13:40:38|gemini|thinking_0|21|JSON_VERIFIED||1984|951c8b78-0705-4803-b74b-8c6715e44e9c
2026-04-05 13:40:38|gemini|thinking_0|21|QUESTION|35|1984|951c8b78-0705-4803-b74b-8c6715e44e9c
2026-04-05 13:40:38|gemini|thinking_0|21|JSON_SAVED||1984|951c8b78-0705-4803-b74b-8c6715e44e9c
2026-04-05 13:40:38|gemini|thinking_0|21|QUESTION_ADVANCE||1985|e0c38a54-dda6-4edc-9c55-6eb398918507
2026-04-05 13:40:53|gemini|thinking_0|20|QUESTION_SENT||2031|60718103-8c21-4928-b0ba-634f533aeeae
2026-04-05 13:41:53|gemini|thinking_0|20|JSON_VERIFIED||2031|60718103-8c21-4928-b0ba-634f533aeeae
2026-04-05 13:41:53|gemini|thinking_0|20|QUESTION|31|2031|60718103-8c21-4928-b0ba-634f533aeeae
2026-04-05 13:41:53|gemini|thinking_0|20|JSON_SAVED||2031|60718103-8c21-4928-b0ba-634f533aeeae
2026-04-05 13:41:53|gemini|thinking_0|20|QUESTION_ADVANCE||2032|e0029aa2-c1dd-4778-be78-7beeabffb572
2026-04-05 13:43:16|gemini|thinking_0|21|QUESTION_SENT||1985|e0c38a54-dda6-4edc-9c55-6eb398918507
2026-04-05 13:44:08|gemini|thinking_0|20|QUESTION_SENT||2032|e0029aa2-c1dd-4778-be78-7beeabffb572
2026-04-05 13:46:59|gemini|thinking_0|21|QUESTION_SENT||1985|e0c38a54-dda6-4edc-9c55-6eb398918507
2026-04-05 13:47:51|gemini|thinking_0|20|QUESTION_SENT||2032|e0029aa2-c1dd-4778-be78-7beeabffb572
2026-04-05 13:48:52|gemini|thinking_0|20|JSON_VERIFIED||2032|e0029aa2-c1dd-4778-be78-7beeabffb572
2026-04-05 13:48:52|gemini|thinking_0|20|QUESTION|32|2032|e0029aa2-c1dd-4778-be78-7beeabffb572
2026-04-05 13:48:52|gemini|thinking_0|20|JSON_SAVED||2032|e0029aa2-c1dd-4778-be78-7beeabffb572
2026-04-05 13:48:52|gemini|thinking_0|20|QUESTION_ADVANCE||2033|15bc3e39-54a3-4f4d-8463-9ce366d405c0
2026-04-05 13:50:13|gemini|thinking_0|21|QUESTION_SENT||1985|e0c38a54-dda6-4edc-9c55-6eb398918507
2026-04-05 13:51:06|gemini|thinking_0|20|QUESTION_SENT||2033|15bc3e39-54a3-4f4d-8463-9ce366d405c0
2026-04-05 13:51:50|gemini|thinking_0|20|JSON_VERIFIED||2033|15bc3e39-54a3-4f4d-8463-9ce366d405c0
2026-04-05 13:51:50|gemini|thinking_0|20|QUESTION|33|2033|15bc3e39-54a3-4f4d-8463-9ce366d405c0
2026-04-05 13:51:50|gemini|thinking_0|20|JSON_SAVED||2033|15bc3e39-54a3-4f4d-8463-9ce366d405c0
2026-04-05 13:51:50|gemini|thinking_0|20|QUESTION_ADVANCE||2034|91eea66d-6ecc-4414-8077-921b8bc58a7d
2026-04-05 13:53:28|gemini|thinking_0|21|QUESTION_SENT||1985|e0c38a54-dda6-4edc-9c55-6eb398918507
2026-04-05 13:54:20|gemini|thinking_0|20|QUESTION_SENT||2034|91eea66d-6ecc-4414-8077-921b8bc58a7d
2026-04-05 13:54:59|gemini|thinking_0|20|JSON_VERIFIED||2034|91eea66d-6ecc-4414-8077-921b8bc58a7d
2026-04-05 13:54:59|gemini|thinking_0|20|QUESTION|34|2034|91eea66d-6ecc-4414-8077-921b8bc58a7d
2026-04-05 13:54:59|gemini|thinking_0|20|JSON_SAVED||2034|91eea66d-6ecc-4414-8077-921b8bc58a7d
2026-04-05 13:54:59|gemini|thinking_0|20|QUESTION_ADVANCE||2035|ff2bb273-125f-409a-9144-ff9d80f1aea5
2026-04-05 13:57:11|gemini|thinking_0|21|QUESTION_SENT||1985|e0c38a54-dda6-4edc-9c55-6eb398918507
2026-04-05 13:57:35|gemini|thinking_0|20|QUESTION_SENT||2035|ff2bb273-125f-409a-9144-ff9d80f1aea5
2026-04-05 13:58:26|gemini|thinking_0|20|JSON_VERIFIED||2035|ff2bb273-125f-409a-9144-ff9d80f1aea5
2026-04-05 13:58:26|gemini|thinking_0|20|QUESTION|35|2035|ff2bb273-125f-409a-9144-ff9d80f1aea5
2026-04-05 13:58:26|gemini|thinking_0|20|JSON_SAVED||2035|ff2bb273-125f-409a-9144-ff9d80f1aea5
2026-04-05 13:58:26|gemini|thinking_0|20|QUESTION_ADVANCE||2036|991b8baf-98ab-4d99-8da5-98daacb2cf5a
2026-04-05 14:00:26|gemini|thinking_0|21|QUESTION_SENT||1985|e0c38a54-dda6-4edc-9c55-6eb398918507
2026-04-05 14:00:50|gemini|thinking_0|20|QUESTION_SENT||2036|991b8baf-98ab-4d99-8da5-98daacb2cf5a
2026-04-05 14:00:58|gemini|thinking_0|21|JSON_VERIFIED||1985|e0c38a54-dda6-4edc-9c55-6eb398918507
2026-04-05 14:00:58|gemini|thinking_0|21|QUESTION|36|1985|e0c38a54-dda6-4edc-9c55-6eb398918507
2026-04-05 14:00:58|gemini|thinking_0|21|JSON_SAVED||1985|e0c38a54-dda6-4edc-9c55-6eb398918507
2026-04-05 14:00:58|gemini|thinking_0|21|QUESTION_ADVANCE||1986|06fc19aa-c2f8-4673-8b71-862c1b964db3
2026-04-05 14:01:42|gemini|thinking_0|20|JSON_VERIFIED||2036|991b8baf-98ab-4d99-8da5-98daacb2cf5a
2026-04-05 14:01:42|gemini|thinking_0|20|QUESTION|36|2036|991b8baf-98ab-4d99-8da5-98daacb2cf5a
2026-04-05 14:01:42|gemini|thinking_0|20|JSON_SAVED||2036|991b8baf-98ab-4d99-8da5-98daacb2cf5a
2026-04-05 14:01:42|gemini|thinking_0|20|QUESTION_ADVANCE||2037|f33c34af-9948-415f-8e09-b8e4bacc18e6
2026-04-05 14:03:41|gemini|thinking_0|21|QUESTION_SENT||1986|06fc19aa-c2f8-4673-8b71-862c1b964db3
2026-04-05 14:04:04|gemini|thinking_0|20|QUESTION_SENT||2037|f33c34af-9948-415f-8e09-b8e4bacc18e6
2026-04-05 14:04:13|gemini|thinking_0|21|JSON_VERIFIED||1986|06fc19aa-c2f8-4673-8b71-862c1b964db3
2026-04-05 14:04:13|gemini|thinking_0|21|QUESTION|37|1986|06fc19aa-c2f8-4673-8b71-862c1b964db3
2026-04-05 14:04:13|gemini|thinking_0|21|JSON_SAVED||1986|06fc19aa-c2f8-4673-8b71-862c1b964db3
2026-04-05 14:04:13|gemini|thinking_0|21|QUESTION_ADVANCE||1987|9398d0d3-99b3-400e-afa5-de40c7cca511
2026-04-05 14:04:43|gemini|thinking_0|20|JSON_VERIFIED||2037|f33c34af-9948-415f-8e09-b8e4bacc18e6
2026-04-05 14:04:43|gemini|thinking_0|20|QUESTION|37|2037|f33c34af-9948-415f-8e09-b8e4bacc18e6
2026-04-05 14:04:43|gemini|thinking_0|20|JSON_SAVED||2037|f33c34af-9948-415f-8e09-b8e4bacc18e6
2026-04-05 14:04:43|gemini|thinking_0|20|QUESTION_ADVANCE||2038|6e7a9f23-c025-4ef1-a68e-52609912a546
2026-04-05 14:06:56|gemini|thinking_0|21|QUESTION_SENT||1987|9398d0d3-99b3-400e-afa5-de40c7cca511
2026-04-05 14:07:19|gemini|thinking_0|20|QUESTION_SENT||2038|6e7a9f23-c025-4ef1-a68e-52609912a546
2026-04-05 14:07:28|gemini|thinking_0|21|JSON_VERIFIED||1987|9398d0d3-99b3-400e-afa5-de40c7cca511
2026-04-05 14:07:28|gemini|thinking_0|21|QUESTION|38|1987|9398d0d3-99b3-400e-afa5-de40c7cca511
2026-04-05 14:07:28|gemini|thinking_0|21|JSON_SAVED||1987|9398d0d3-99b3-400e-afa5-de40c7cca511
2026-04-05 14:07:28|gemini|thinking_0|21|QUESTION_ADVANCE||1988|de653806-6df3-464c-996e-2034e1f21fcf
2026-04-05 14:08:06|gemini|thinking_0|20|JSON_VERIFIED||2038|6e7a9f23-c025-4ef1-a68e-52609912a546
2026-04-05 14:08:06|gemini|thinking_0|20|QUESTION|38|2038|6e7a9f23-c025-4ef1-a68e-52609912a546
2026-04-05 14:08:06|gemini|thinking_0|20|JSON_SAVED||2038|6e7a9f23-c025-4ef1-a68e-52609912a546
2026-04-05 14:08:06|gemini|thinking_0|20|QUESTION_ADVANCE||2039|3b387efd-f990-42f4-9ad4-b83f9ac920a2
2026-04-05 14:10:10|gemini|thinking_0|21|QUESTION_SENT||1988|de653806-6df3-464c-996e-2034e1f21fcf
2026-04-05 14:10:34|gemini|thinking_0|20|QUESTION_SENT||2039|3b387efd-f990-42f4-9ad4-b83f9ac920a2
2026-04-05 14:11:02|gemini|thinking_0|21|JSON_VERIFIED||1988|de653806-6df3-464c-996e-2034e1f21fcf
2026-04-05 14:11:02|gemini|thinking_0|21|QUESTION|39|1988|de653806-6df3-464c-996e-2034e1f21fcf
2026-04-05 14:11:02|gemini|thinking_0|21|JSON_SAVED||1988|de653806-6df3-464c-996e-2034e1f21fcf
2026-04-05 14:11:02|gemini|thinking_0|21|QUESTION_ADVANCE||1989|30b6197c-3d62-47d3-be8c-9f2e047952c6
2026-04-05 14:11:27|gemini|thinking_0|20|JSON_VERIFIED||2039|3b387efd-f990-42f4-9ad4-b83f9ac920a2
2026-04-05 14:11:27|gemini|thinking_0|20|QUESTION|39|2039|3b387efd-f990-42f4-9ad4-b83f9ac920a2
2026-04-05 14:11:27|gemini|thinking_0|20|JSON_SAVED||2039|3b387efd-f990-42f4-9ad4-b83f9ac920a2
2026-04-05 14:11:27|gemini|thinking_0|20|QUESTION_ADVANCE||2040|12dc2ee2-3978-4823-b08c-74bcee30eeac
2026-04-05 14:13:25|gemini|thinking_0|21|QUESTION_SENT||1989|30b6197c-3d62-47d3-be8c-9f2e047952c6
2026-04-05 14:13:48|gemini|thinking_0|20|QUESTION_SENT||2040|12dc2ee2-3978-4823-b08c-74bcee30eeac
2026-04-05 14:14:06|gemini|thinking_0|21|JSON_VERIFIED||1989|30b6197c-3d62-47d3-be8c-9f2e047952c6
2026-04-05 14:14:06|gemini|thinking_0|21|QUESTION|40|1989|30b6197c-3d62-47d3-be8c-9f2e047952c6
2026-04-05 14:14:06|gemini|thinking_0|21|JSON_SAVED||1989|30b6197c-3d62-47d3-be8c-9f2e047952c6
2026-04-05 14:14:06|gemini|thinking_0|21|QUESTION_ADVANCE||1990|9e10682a-2b1f-4109-b98f-42f171876bc0
2026-04-05 14:14:21|gemini|thinking_0|20|JSON_VERIFIED||2040|12dc2ee2-3978-4823-b08c-74bcee30eeac
2026-04-05 14:14:21|gemini|thinking_0|20|QUESTION|40|2040|12dc2ee2-3978-4823-b08c-74bcee30eeac
2026-04-05 14:14:21|gemini|thinking_0|20|JSON_SAVED||2040|12dc2ee2-3978-4823-b08c-74bcee30eeac
2026-04-05 14:14:21|gemini|thinking_0|20|QUESTION_ADVANCE||2041|5dd3f0b4-a314-421f-9b38-4efd37c4a0fe
2026-04-05 14:16:40|gemini|thinking_0|21|QUESTION_SENT||1990|9e10682a-2b1f-4109-b98f-42f171876bc0
2026-04-05 14:17:03|gemini|thinking_0|20|QUESTION_SENT||2041|5dd3f0b4-a314-421f-9b38-4efd37c4a0fe
2026-04-05 14:17:13|gemini|thinking_0|21|JSON_VERIFIED||1990|9e10682a-2b1f-4109-b98f-42f171876bc0
2026-04-05 14:17:13|gemini|thinking_0|21|QUESTION|41|1990|9e10682a-2b1f-4109-b98f-42f171876bc0
2026-04-05 14:17:13|gemini|thinking_0|21|JSON_SAVED||1990|9e10682a-2b1f-4109-b98f-42f171876bc0
2026-04-05 14:17:13|gemini|thinking_0|21|QUESTION_ADVANCE||1991|d3c36196-793b-4e7f-ac9c-be1c9aca011a
2026-04-05 14:17:47|gemini|thinking_0|20|JSON_VERIFIED||2041|5dd3f0b4-a314-421f-9b38-4efd37c4a0fe
2026-04-05 14:17:47|gemini|thinking_0|20|QUESTION|41|2041|5dd3f0b4-a314-421f-9b38-4efd37c4a0fe
2026-04-05 14:17:47|gemini|thinking_0|20|JSON_SAVED||2041|5dd3f0b4-a314-421f-9b38-4efd37c4a0fe
2026-04-05 14:17:47|gemini|thinking_0|20|QUESTION_ADVANCE||2042|fecc7e81-58d8-4e7e-b0ee-69d920138deb
2026-04-05 14:19:55|gemini|thinking_0|21|QUESTION_SENT||1991|d3c36196-793b-4e7f-ac9c-be1c9aca011a
2026-04-05 14:20:18|gemini|thinking_0|20|QUESTION_SENT||2042|fecc7e81-58d8-4e7e-b0ee-69d920138deb
2026-04-05 14:20:59|gemini|thinking_0|20|JSON_VERIFIED||2042|fecc7e81-58d8-4e7e-b0ee-69d920138deb
2026-04-05 14:20:59|gemini|thinking_0|20|QUESTION|42|2042|fecc7e81-58d8-4e7e-b0ee-69d920138deb
2026-04-05 14:20:59|gemini|thinking_0|20|JSON_SAVED||2042|fecc7e81-58d8-4e7e-b0ee-69d920138deb
2026-04-05 14:20:59|gemini|thinking_0|20|QUESTION_ADVANCE||2043|74a65339-8b94-4674-80bf-226652c2432f
2026-04-05 14:23:28|gemini|thinking_0|21|JSON_VERIFIED||1991|d3c36196-793b-4e7f-ac9c-be1c9aca011a
2026-04-05 14:23:28|gemini|thinking_0|21|QUESTION|42|1991|d3c36196-793b-4e7f-ac9c-be1c9aca011a
2026-04-05 14:23:28|gemini|thinking_0|21|JSON_SAVED||1991|d3c36196-793b-4e7f-ac9c-be1c9aca011a
2026-04-05 14:23:28|gemini|thinking_0|21|QUESTION_ADVANCE||1992|ca777280-df26-48f8-b51e-2d6b44628ec8
2026-04-05 14:23:33|gemini|thinking_0|20|QUESTION_SENT||2043|74a65339-8b94-4674-80bf-226652c2432f
2026-04-05 14:23:47|gemini|thinking_0|21|QUESTION_SENT||1992|ca777280-df26-48f8-b51e-2d6b44628ec8
2026-04-05 14:24:17|gemini|thinking_0|20|JSON_VERIFIED||2043|74a65339-8b94-4674-80bf-226652c2432f
2026-04-05 14:24:17|gemini|thinking_0|20|QUESTION|43|2043|74a65339-8b94-4674-80bf-226652c2432f
2026-04-05 14:24:17|gemini|thinking_0|20|JSON_SAVED||2043|74a65339-8b94-4674-80bf-226652c2432f
2026-04-05 14:24:17|gemini|thinking_0|20|QUESTION_ADVANCE||2044|bcdee51b-34ac-45f0-aa3d-ed7edb92d671
2026-04-05 14:24:31|gemini|thinking_0|21|JSON_VERIFIED||1992|ca777280-df26-48f8-b51e-2d6b44628ec8
2026-04-05 14:24:31|gemini|thinking_0|21|QUESTION|43|1992|ca777280-df26-48f8-b51e-2d6b44628ec8
2026-04-05 14:24:31|gemini|thinking_0|21|JSON_SAVED||1992|ca777280-df26-48f8-b51e-2d6b44628ec8
2026-04-05 14:24:31|gemini|thinking_0|21|QUESTION_ADVANCE||1993|d5be5042-1865-4412-904c-1fddf1fcb23b
2026-04-05 14:26:47|gemini|thinking_0|20|QUESTION_SENT||2044|bcdee51b-34ac-45f0-aa3d-ed7edb92d671
2026-04-05 14:27:02|gemini|thinking_0|21|QUESTION_SENT||1993|d5be5042-1865-4412-904c-1fddf1fcb23b
2026-04-05 14:27:38|gemini|thinking_0|20|JSON_VERIFIED||2044|bcdee51b-34ac-45f0-aa3d-ed7edb92d671
2026-04-05 14:27:38|gemini|thinking_0|20|QUESTION|44|2044|bcdee51b-34ac-45f0-aa3d-ed7edb92d671
2026-04-05 14:27:38|gemini|thinking_0|20|JSON_SAVED||2044|bcdee51b-34ac-45f0-aa3d-ed7edb92d671
2026-04-05 14:27:38|gemini|thinking_0|20|QUESTION_ADVANCE||2045|ae86cdd5-abc9-4740-a3db-e78e4943068b
2026-04-05 14:27:39|gemini|thinking_0|21|JSON_VERIFIED||1993|d5be5042-1865-4412-904c-1fddf1fcb23b
2026-04-05 14:27:39|gemini|thinking_0|21|QUESTION|44|1993|d5be5042-1865-4412-904c-1fddf1fcb23b
2026-04-05 14:27:39|gemini|thinking_0|21|JSON_SAVED||1993|d5be5042-1865-4412-904c-1fddf1fcb23b
2026-04-05 14:27:39|gemini|thinking_0|21|QUESTION_ADVANCE||1994|48267dca-f5a4-44c4-8b40-93ecd70b8def
2026-04-05 14:30:02|gemini|thinking_0|20|QUESTION_SENT||2045|ae86cdd5-abc9-4740-a3db-e78e4943068b
2026-04-05 14:30:17|gemini|thinking_0|21|QUESTION_SENT||1994|48267dca-f5a4-44c4-8b40-93ecd70b8def
2026-04-05 14:30:32|gemini|thinking_0|20|JSON_VERIFIED||2045|ae86cdd5-abc9-4740-a3db-e78e4943068b
2026-04-05 14:30:32|gemini|thinking_0|20|QUESTION|45|2045|ae86cdd5-abc9-4740-a3db-e78e4943068b
2026-04-05 14:30:32|gemini|thinking_0|20|JSON_SAVED||2045|ae86cdd5-abc9-4740-a3db-e78e4943068b
2026-04-05 14:30:32|gemini|thinking_0|20|QUESTION_ADVANCE||2046|e63a864e-2f40-4336-80c8-82af474a95c5
2026-04-05 14:31:09|gemini|thinking_0|21|JSON_VERIFIED||1994|48267dca-f5a4-44c4-8b40-93ecd70b8def
2026-04-05 14:31:09|gemini|thinking_0|21|QUESTION|45|1994|48267dca-f5a4-44c4-8b40-93ecd70b8def
2026-04-05 14:31:09|gemini|thinking_0|21|JSON_SAVED||1994|48267dca-f5a4-44c4-8b40-93ecd70b8def
2026-04-05 14:31:09|gemini|thinking_0|21|QUESTION_ADVANCE||1995|dc188b73-8aeb-4ea4-94fd-da4be8b2a5ec
2026-04-05 14:33:17|gemini|thinking_0|20|QUESTION_SENT||2046|e63a864e-2f40-4336-80c8-82af474a95c5
2026-04-05 14:33:31|gemini|thinking_0|21|QUESTION_SENT||1995|dc188b73-8aeb-4ea4-94fd-da4be8b2a5ec
2026-04-05 14:33:49|gemini|thinking_0|20|JSON_VERIFIED||2046|e63a864e-2f40-4336-80c8-82af474a95c5
2026-04-05 14:33:49|gemini|thinking_0|20|QUESTION|46|2046|e63a864e-2f40-4336-80c8-82af474a95c5
2026-04-05 14:33:49|gemini|thinking_0|20|JSON_SAVED||2046|e63a864e-2f40-4336-80c8-82af474a95c5
2026-04-05 14:33:49|gemini|thinking_0|20|QUESTION_ADVANCE||2047|7551811c-664d-44a4-a95a-4f2de0e5fb26
2026-04-05 14:34:18|gemini|thinking_0|21|JSON_VERIFIED||1995|dc188b73-8aeb-4ea4-94fd-da4be8b2a5ec
2026-04-05 14:34:18|gemini|thinking_0|21|QUESTION|46|1995|dc188b73-8aeb-4ea4-94fd-da4be8b2a5ec
2026-04-05 14:34:18|gemini|thinking_0|21|JSON_SAVED||1995|dc188b73-8aeb-4ea4-94fd-da4be8b2a5ec
2026-04-05 14:34:18|gemini|thinking_0|21|QUESTION_ADVANCE||1996|2f4f440a-ceac-4c2a-ae82-74447c11712f
2026-04-05 14:36:31|gemini|thinking_0|20|QUESTION_SENT||2047|7551811c-664d-44a4-a95a-4f2de0e5fb26
2026-04-05 14:36:46|gemini|thinking_0|21|QUESTION_SENT||1996|2f4f440a-ceac-4c2a-ae82-74447c11712f
2026-04-05 14:37:24|gemini|thinking_0|20|JSON_VERIFIED||2047|7551811c-664d-44a4-a95a-4f2de0e5fb26
2026-04-05 14:37:24|gemini|thinking_0|20|QUESTION|47|2047|7551811c-664d-44a4-a95a-4f2de0e5fb26
2026-04-05 14:37:24|gemini|thinking_0|20|JSON_SAVED||2047|7551811c-664d-44a4-a95a-4f2de0e5fb26
2026-04-05 14:37:24|gemini|thinking_0|20|QUESTION_ADVANCE||2048|13c7d852-acd3-47a0-ac10-7cee18deca87
2026-04-05 14:37:47|gemini|thinking_0|21|JSON_VERIFIED||1996|2f4f440a-ceac-4c2a-ae82-74447c11712f
2026-04-05 14:37:47|gemini|thinking_0|21|QUESTION|47|1996|2f4f440a-ceac-4c2a-ae82-74447c11712f
2026-04-05 14:37:47|gemini|thinking_0|21|JSON_SAVED||1996|2f4f440a-ceac-4c2a-ae82-74447c11712f
2026-04-05 14:37:47|gemini|thinking_0|21|QUESTION_ADVANCE||1997|90e4a8e9-f56a-4342-bda1-927b47c6a58d
2026-04-05 14:39:46|gemini|thinking_0|20|QUESTION_SENT||2048|13c7d852-acd3-47a0-ac10-7cee18deca87
2026-04-05 14:40:00|gemini|thinking_0|21|QUESTION_SENT||1997|90e4a8e9-f56a-4342-bda1-927b47c6a58d
2026-04-05 14:40:34|gemini|thinking_0|20|JSON_VERIFIED||2048|13c7d852-acd3-47a0-ac10-7cee18deca87
2026-04-05 14:40:34|gemini|thinking_0|20|QUESTION|48|2048|13c7d852-acd3-47a0-ac10-7cee18deca87
2026-04-05 14:40:34|gemini|thinking_0|20|JSON_SAVED||2048|13c7d852-acd3-47a0-ac10-7cee18deca87
2026-04-05 14:40:34|gemini|thinking_0|20|QUESTION_ADVANCE||2049|db69d06b-1be0-4b0e-82d1-7128aef3ec21
2026-04-05 14:40:34|gemini|thinking_0|21|JSON_VERIFIED||1997|90e4a8e9-f56a-4342-bda1-927b47c6a58d
2026-04-05 14:40:34|gemini|thinking_0|21|QUESTION|48|1997|90e4a8e9-f56a-4342-bda1-927b47c6a58d
2026-04-05 14:40:34|gemini|thinking_0|21|JSON_SAVED||1997|90e4a8e9-f56a-4342-bda1-927b47c6a58d
2026-04-05 14:40:34|gemini|thinking_0|21|QUESTION_ADVANCE||1998|873f8568-c86c-41fc-a9a4-81dd589205c3
2026-04-05 14:43:01|gemini|thinking_0|20|QUESTION_SENT||2049|db69d06b-1be0-4b0e-82d1-7128aef3ec21
2026-04-05 14:43:15|gemini|thinking_0|21|QUESTION_SENT||1998|873f8568-c86c-41fc-a9a4-81dd589205c3
2026-04-05 14:46:16|gemini|thinking_0|20|QUESTION_SENT||2049|db69d06b-1be0-4b0e-82d1-7128aef3ec21
2026-04-05 14:46:30|gemini|thinking_0|21|QUESTION_SENT||1998|873f8568-c86c-41fc-a9a4-81dd589205c3
2026-04-05 14:46:48|gemini|thinking_0|20|JSON_VERIFIED||2049|db69d06b-1be0-4b0e-82d1-7128aef3ec21
2026-04-05 14:46:48|gemini|thinking_0|20|QUESTION|49|2049|db69d06b-1be0-4b0e-82d1-7128aef3ec21
2026-04-05 14:46:48|gemini|thinking_0|20|JSON_SAVED||2049|db69d06b-1be0-4b0e-82d1-7128aef3ec21
2026-04-05 14:46:48|gemini|thinking_0|20|QUESTION_ADVANCE||2050|010f33a5-a0ed-43c2-aa8d-d9b6b9d0d69d
2026-04-05 14:47:07|gemini|thinking_0|21|JSON_VERIFIED||1998|873f8568-c86c-41fc-a9a4-81dd589205c3
2026-04-05 14:47:07|gemini|thinking_0|21|QUESTION|49|1998|873f8568-c86c-41fc-a9a4-81dd589205c3
2026-04-05 14:47:07|gemini|thinking_0|21|JSON_SAVED||1998|873f8568-c86c-41fc-a9a4-81dd589205c3
2026-04-05 14:47:07|gemini|thinking_0|21|QUESTION_ADVANCE||1999|13eb5ce4-33da-406e-bf49-71a1172a78f4
2026-04-05 14:49:31|gemini|thinking_0|20|QUESTION_SENT||2050|010f33a5-a0ed-43c2-aa8d-d9b6b9d0d69d
2026-04-05 14:49:45|gemini|thinking_0|21|QUESTION_SENT||1999|13eb5ce4-33da-406e-bf49-71a1172a78f4
2026-04-05 14:50:05|gemini|thinking_0|20|JSON_VERIFIED||2050|010f33a5-a0ed-43c2-aa8d-d9b6b9d0d69d
2026-04-05 14:50:05|gemini|thinking_0|20|QUESTION|50|2050|010f33a5-a0ed-43c2-aa8d-d9b6b9d0d69d
2026-04-05 14:50:05|gemini|thinking_0|20|JSON_SAVED||2050|010f33a5-a0ed-43c2-aa8d-d9b6b9d0d69d
2026-04-05 14:50:05|gemini|thinking_0|20|QUESTION_ADVANCE||2051|0ee2e2a3-b836-4c2c-b258-296841f5a759
2026-04-05 14:50:38|gemini|thinking_0|21|JSON_VERIFIED||1999|13eb5ce4-33da-406e-bf49-71a1172a78f4
2026-04-05 14:50:38|gemini|thinking_0|21|QUESTION|50|1999|13eb5ce4-33da-406e-bf49-71a1172a78f4
2026-04-05 14:50:38|gemini|thinking_0|21|JSON_SAVED||1999|13eb5ce4-33da-406e-bf49-71a1172a78f4
2026-04-05 14:50:38|gemini|thinking_0|21|QUESTION_ADVANCE||2000|8d528486-e6b5-4f3a-8e26-2de1156540b7
2026-04-05 14:52:45|gemini|thinking_0|20|QUESTION_SENT||2051|0ee2e2a3-b836-4c2c-b258-296841f5a759
2026-04-05 14:52:59|gemini|thinking_0|21|QUESTION_SENT||2000|8d528486-e6b5-4f3a-8e26-2de1156540b7
2026-04-05 14:53:27|gemini|thinking_0|21|JSON_VERIFIED||2000|8d528486-e6b5-4f3a-8e26-2de1156540b7
2026-04-05 14:53:27|gemini|thinking_0|21|QUESTION|51|2000|8d528486-e6b5-4f3a-8e26-2de1156540b7
2026-04-05 14:53:27|gemini|thinking_0|21|JSON_SAVED||2000|8d528486-e6b5-4f3a-8e26-2de1156540b7
2026-04-05 14:53:27|gemini|thinking_0|21|QUESTION_ADVANCE||2001|16b46c17-ddb4-4be2-a284-140438cd85a8
2026-04-05 14:56:00|gemini|thinking_0|20|QUESTION_SENT||2051|0ee2e2a3-b836-4c2c-b258-296841f5a759
2026-04-05 14:56:14|gemini|thinking_0|21|QUESTION_SENT||2001|16b46c17-ddb4-4be2-a284-140438cd85a8
2026-04-05 14:56:41|gemini|thinking_0|20|JSON_VERIFIED||2051|0ee2e2a3-b836-4c2c-b258-296841f5a759
2026-04-05 14:56:41|gemini|thinking_0|20|QUESTION|51|2051|0ee2e2a3-b836-4c2c-b258-296841f5a759
2026-04-05 14:56:41|gemini|thinking_0|20|JSON_SAVED||2051|0ee2e2a3-b836-4c2c-b258-296841f5a759
2026-04-05 14:56:41|gemini|thinking_0|20|QUESTION_ADVANCE||2052|10c4b163-a442-4159-8923-cdb0911b81f4
2026-04-05 14:56:53|gemini|thinking_0|21|JSON_VERIFIED||2001|16b46c17-ddb4-4be2-a284-140438cd85a8
2026-04-05 14:56:53|gemini|thinking_0|21|QUESTION|52|2001|16b46c17-ddb4-4be2-a284-140438cd85a8
2026-04-05 14:56:53|gemini|thinking_0|21|JSON_SAVED||2001|16b46c17-ddb4-4be2-a284-140438cd85a8
2026-04-05 14:56:53|gemini|thinking_0|21|QUESTION_ADVANCE||2002|b442a675-8f4e-4214-8726-18bf35a9de85
2026-04-05 14:59:15|gemini|thinking_0|20|QUESTION_SENT||2052|10c4b163-a442-4159-8923-cdb0911b81f4
2026-04-05 14:59:29|gemini|thinking_0|21|QUESTION_SENT||2002|b442a675-8f4e-4214-8726-18bf35a9de85
2026-04-05 14:59:47|gemini|thinking_0|20|JSON_VERIFIED||2052|10c4b163-a442-4159-8923-cdb0911b81f4
2026-04-05 14:59:47|gemini|thinking_0|20|QUESTION|52|2052|10c4b163-a442-4159-8923-cdb0911b81f4
2026-04-05 14:59:47|gemini|thinking_0|20|JSON_SAVED||2052|10c4b163-a442-4159-8923-cdb0911b81f4
2026-04-05 14:59:47|gemini|thinking_0|20|QUESTION_ADVANCE||2053|bd631f8b-2547-4193-8d2f-a674b66cd6e1
2026-04-05 15:00:04|gemini|thinking_0|21|JSON_VERIFIED||2002|b442a675-8f4e-4214-8726-18bf35a9de85
2026-04-05 15:00:04|gemini|thinking_0|21|QUESTION|53|2002|b442a675-8f4e-4214-8726-18bf35a9de85
2026-04-05 15:00:04|gemini|thinking_0|21|JSON_SAVED||2002|b442a675-8f4e-4214-8726-18bf35a9de85
2026-04-05 15:00:04|gemini|thinking_0|21|QUESTION_ADVANCE||2003|51db2df1-b94e-45a4-9dd5-c8ad9989ac6d
2026-04-05 15:02:30|gemini|thinking_0|20|QUESTION_SENT||2053|bd631f8b-2547-4193-8d2f-a674b66cd6e1
2026-04-05 15:02:43|gemini|thinking_0|21|QUESTION_SENT||2003|51db2df1-b94e-45a4-9dd5-c8ad9989ac6d
2026-04-05 15:03:16|gemini|thinking_0|20|JSON_VERIFIED||2053|bd631f8b-2547-4193-8d2f-a674b66cd6e1
2026-04-05 15:03:16|gemini|thinking_0|20|QUESTION|53|2053|bd631f8b-2547-4193-8d2f-a674b66cd6e1
2026-04-05 15:03:16|gemini|thinking_0|20|JSON_SAVED||2053|bd631f8b-2547-4193-8d2f-a674b66cd6e1
2026-04-05 15:03:17|gemini|thinking_0|20|QUESTION_ADVANCE||2054|bd14813b-617f-471c-9b65-cd9324ebc593
2026-04-05 15:03:54|gemini|thinking_0|21|JSON_VERIFIED||2003|51db2df1-b94e-45a4-9dd5-c8ad9989ac6d
2026-04-05 15:03:54|gemini|thinking_0|21|QUESTION|54|2003|51db2df1-b94e-45a4-9dd5-c8ad9989ac6d
2026-04-05 15:03:54|gemini|thinking_0|21|JSON_SAVED||2003|51db2df1-b94e-45a4-9dd5-c8ad9989ac6d
2026-04-05 15:03:54|gemini|thinking_0|21|QUESTION_ADVANCE||2004|ea4503c5-4869-4ad8-a614-bba4e02423ff
2026-04-05 15:05:44|gemini|thinking_0|20|QUESTION_SENT||2054|bd14813b-617f-471c-9b65-cd9324ebc593
2026-04-05 15:05:58|gemini|thinking_0|21|QUESTION_SENT||2004|ea4503c5-4869-4ad8-a614-bba4e02423ff
2026-04-05 15:06:18|gemini|thinking_0|20|JSON_VERIFIED||2054|bd14813b-617f-471c-9b65-cd9324ebc593
2026-04-05 15:06:18|gemini|thinking_0|20|QUESTION|54|2054|bd14813b-617f-471c-9b65-cd9324ebc593
2026-04-05 15:06:18|gemini|thinking_0|20|JSON_SAVED||2054|bd14813b-617f-471c-9b65-cd9324ebc593
2026-04-05 15:06:18|gemini|thinking_0|20|QUESTION_ADVANCE||2055|621fe207-c351-4a56-823c-47f4b32a2df1
2026-04-05 15:06:35|gemini|thinking_0|21|JSON_VERIFIED||2004|ea4503c5-4869-4ad8-a614-bba4e02423ff
2026-04-05 15:06:35|gemini|thinking_0|21|QUESTION|55|2004|ea4503c5-4869-4ad8-a614-bba4e02423ff
2026-04-05 15:06:35|gemini|thinking_0|21|JSON_SAVED||2004|ea4503c5-4869-4ad8-a614-bba4e02423ff
2026-04-05 15:06:35|gemini|thinking_0|21|QUESTION_ADVANCE||2005|bc32f03b-fa97-4387-8e33-e41de0c83bb0
2026-04-05 15:08:59|gemini|thinking_0|20|QUESTION_SENT||2055|621fe207-c351-4a56-823c-47f4b32a2df1
2026-04-05 15:09:12|gemini|thinking_0|21|QUESTION_SENT||2005|bc32f03b-fa97-4387-8e33-e41de0c83bb0
2026-04-05 15:09:53|gemini|thinking_0|21|JSON_VERIFIED||2005|bc32f03b-fa97-4387-8e33-e41de0c83bb0
2026-04-05 15:09:54|gemini|thinking_0|21|QUESTION|56|2005|bc32f03b-fa97-4387-8e33-e41de0c83bb0
2026-04-05 15:09:54|gemini|thinking_0|21|JSON_SAVED||2005|bc32f03b-fa97-4387-8e33-e41de0c83bb0
2026-04-05 15:09:54|gemini|thinking_0|21|QUESTION_ADVANCE||2006|f95d13ca-f610-4f6c-b97a-bfa64fd534cb
2026-04-05 15:12:27|gemini|thinking_0|21|QUESTION_SENT||2006|f95d13ca-f610-4f6c-b97a-bfa64fd534cb
2026-04-05 15:12:43|gemini|thinking_0|20|QUESTION_SENT||2055|621fe207-c351-4a56-823c-47f4b32a2df1
2026-04-05 15:13:13|gemini|thinking_0|21|JSON_VERIFIED||2006|f95d13ca-f610-4f6c-b97a-bfa64fd534cb
2026-04-05 15:13:13|gemini|thinking_0|21|QUESTION|57|2006|f95d13ca-f610-4f6c-b97a-bfa64fd534cb
2026-04-05 15:13:13|gemini|thinking_0|21|JSON_SAVED||2006|f95d13ca-f610-4f6c-b97a-bfa64fd534cb
2026-04-05 15:13:13|gemini|thinking_0|21|QUESTION_ADVANCE||2007|a901efbe-2558-4c6f-8742-5fe37cbaf5de
2026-04-05 15:15:42|gemini|thinking_0|21|QUESTION_SENT||2007|a901efbe-2558-4c6f-8742-5fe37cbaf5de
2026-04-05 15:15:58|gemini|thinking_0|20|QUESTION_SENT||2055|621fe207-c351-4a56-823c-47f4b32a2df1
2026-04-05 15:16:40|gemini|thinking_0|20|JSON_VERIFIED||2055|621fe207-c351-4a56-823c-47f4b32a2df1
2026-04-05 15:16:40|gemini|thinking_0|20|QUESTION|55|2055|621fe207-c351-4a56-823c-47f4b32a2df1
2026-04-05 15:16:40|gemini|thinking_0|20|JSON_SAVED||2055|621fe207-c351-4a56-823c-47f4b32a2df1
2026-04-05 15:16:40|gemini|thinking_0|20|QUESTION_ADVANCE||2056|12805786-d425-47fd-a9c8-9dbb2a168ed9
2026-04-05 15:17:31|gemini|thinking_0|21|JSON_VERIFIED||2007|a901efbe-2558-4c6f-8742-5fe37cbaf5de
2026-04-05 15:17:31|gemini|thinking_0|21|QUESTION|58|2007|a901efbe-2558-4c6f-8742-5fe37cbaf5de
2026-04-05 15:17:31|gemini|thinking_0|21|JSON_SAVED||2007|a901efbe-2558-4c6f-8742-5fe37cbaf5de
2026-04-05 15:17:31|gemini|thinking_0|21|QUESTION_ADVANCE||2008|b9c80ded-ab9d-45af-900d-aff2625d0ffa
2026-04-05 15:18:57|gemini|thinking_0|21|QUESTION_SENT||2008|b9c80ded-ab9d-45af-900d-aff2625d0ffa
2026-04-05 15:19:13|gemini|thinking_0|20|QUESTION_SENT||2056|12805786-d425-47fd-a9c8-9dbb2a168ed9
2026-04-05 15:19:45|gemini|thinking_0|20|JSON_VERIFIED||2056|12805786-d425-47fd-a9c8-9dbb2a168ed9
2026-04-05 15:19:45|gemini|thinking_0|20|QUESTION|56|2056|12805786-d425-47fd-a9c8-9dbb2a168ed9
2026-04-05 15:19:45|gemini|thinking_0|20|JSON_SAVED||2056|12805786-d425-47fd-a9c8-9dbb2a168ed9
2026-04-05 15:19:45|gemini|thinking_0|20|QUESTION_ADVANCE||2057|e04923b9-471c-4089-85fc-97714d33975e
2026-04-05 15:22:11|gemini|thinking_0|21|QUESTION_SENT||2008|b9c80ded-ab9d-45af-900d-aff2625d0ffa
2026-04-05 15:22:27|gemini|thinking_0|20|QUESTION_SENT||2057|e04923b9-471c-4089-85fc-97714d33975e
2026-04-05 15:22:52|gemini|thinking_0|21|JSON_VERIFIED||2008|b9c80ded-ab9d-45af-900d-aff2625d0ffa
2026-04-05 15:22:52|gemini|thinking_0|21|QUESTION|59|2008|b9c80ded-ab9d-45af-900d-aff2625d0ffa
2026-04-05 15:22:52|gemini|thinking_0|21|JSON_SAVED||2008|b9c80ded-ab9d-45af-900d-aff2625d0ffa
2026-04-05 15:22:53|gemini|thinking_0|21|QUESTION_ADVANCE||2009|a5cb01e5-1068-414e-8d64-ba46a80b5607
2026-04-05 15:22:59|gemini|thinking_0|20|JSON_VERIFIED||2057|e04923b9-471c-4089-85fc-97714d33975e
2026-04-05 15:22:59|gemini|thinking_0|20|QUESTION|57|2057|e04923b9-471c-4089-85fc-97714d33975e
2026-04-05 15:22:59|gemini|thinking_0|20|JSON_SAVED||2057|e04923b9-471c-4089-85fc-97714d33975e
2026-04-05 15:22:59|gemini|thinking_0|20|QUESTION_ADVANCE||2058|fa35ca6e-5db2-49f4-8803-a3a3834b7c7b
2026-04-05 15:25:26|gemini|thinking_0|21|QUESTION_SENT||2009|a5cb01e5-1068-414e-8d64-ba46a80b5607
2026-04-05 15:25:42|gemini|thinking_0|20|QUESTION_SENT||2058|fa35ca6e-5db2-49f4-8803-a3a3834b7c7b
2026-04-05 15:26:15|gemini|thinking_0|20|JSON_VERIFIED||2058|fa35ca6e-5db2-49f4-8803-a3a3834b7c7b
2026-04-05 15:26:15|gemini|thinking_0|20|QUESTION|58|2058|fa35ca6e-5db2-49f4-8803-a3a3834b7c7b
2026-04-05 15:26:15|gemini|thinking_0|20|JSON_SAVED||2058|fa35ca6e-5db2-49f4-8803-a3a3834b7c7b
2026-04-05 15:26:15|gemini|thinking_0|20|QUESTION_ADVANCE||2059|d7a88601-c070-4156-9560-e169eb3f2482
2026-04-05 15:26:22|gemini|thinking_0|21|JSON_VERIFIED||2009|a5cb01e5-1068-414e-8d64-ba46a80b5607
2026-04-05 15:26:22|gemini|thinking_0|21|QUESTION|60|2009|a5cb01e5-1068-414e-8d64-ba46a80b5607
2026-04-05 15:26:22|gemini|thinking_0|21|JSON_SAVED||2009|a5cb01e5-1068-414e-8d64-ba46a80b5607
2026-04-05 15:26:22|gemini|thinking_0|21|QUESTION_ADVANCE||2010|e11368bc-46f4-4bcd-bbbd-3fa72e20811e
2026-04-05 15:28:41|gemini|thinking_0|21|QUESTION_SENT||2010|e11368bc-46f4-4bcd-bbbd-3fa72e20811e
2026-04-05 15:28:57|gemini|thinking_0|20|QUESTION_SENT||2059|d7a88601-c070-4156-9560-e169eb3f2482
2026-04-05 15:29:13|gemini|thinking_0|21|JSON_VERIFIED||2010|e11368bc-46f4-4bcd-bbbd-3fa72e20811e
2026-04-05 15:29:13|gemini|thinking_0|21|QUESTION|61|2010|e11368bc-46f4-4bcd-bbbd-3fa72e20811e
2026-04-05 15:29:13|gemini|thinking_0|21|JSON_SAVED||2010|e11368bc-46f4-4bcd-bbbd-3fa72e20811e
2026-04-05 15:29:13|gemini|thinking_0|21|QUESTION_ADVANCE||2011|205203dd-6447-4330-bb5e-0452d99fe811
2026-04-05 15:30:08|gemini|thinking_0|20|JSON_VERIFIED||2059|d7a88601-c070-4156-9560-e169eb3f2482
2026-04-05 15:30:08|gemini|thinking_0|20|QUESTION|59|2059|d7a88601-c070-4156-9560-e169eb3f2482
2026-04-05 15:30:08|gemini|thinking_0|20|JSON_SAVED||2059|d7a88601-c070-4156-9560-e169eb3f2482
2026-04-05 15:30:08|gemini|thinking_0|20|QUESTION_ADVANCE||2060|6ab02d02-9c77-43e1-8943-d6f5c7be535c
2026-04-05 15:31:56|gemini|thinking_0|21|QUESTION_SENT||2011|205203dd-6447-4330-bb5e-0452d99fe811
2026-04-05 15:32:12|gemini|thinking_0|20|QUESTION_SENT||2060|6ab02d02-9c77-43e1-8943-d6f5c7be535c
2026-04-05 15:32:34|gemini|thinking_0|21|JSON_VERIFIED||2011|205203dd-6447-4330-bb5e-0452d99fe811
2026-04-05 15:32:34|gemini|thinking_0|21|QUESTION|62|2011|205203dd-6447-4330-bb5e-0452d99fe811
2026-04-05 15:32:34|gemini|thinking_0|21|JSON_SAVED||2011|205203dd-6447-4330-bb5e-0452d99fe811
2026-04-05 15:32:34|gemini|thinking_0|21|QUESTION_ADVANCE||2012|a99d8056-9838-4694-b356-b05b84e9d480
2026-04-05 15:35:10|gemini|thinking_0|21|QUESTION_SENT||2012|a99d8056-9838-4694-b356-b05b84e9d480
2026-04-05 15:35:27|gemini|thinking_0|20|QUESTION_SENT||2060|6ab02d02-9c77-43e1-8943-d6f5c7be535c
2026-04-05 15:35:46|gemini|thinking_0|21|JSON_VERIFIED||2012|a99d8056-9838-4694-b356-b05b84e9d480
2026-04-05 15:35:46|gemini|thinking_0|21|QUESTION|63|2012|a99d8056-9838-4694-b356-b05b84e9d480
2026-04-05 15:35:46|gemini|thinking_0|21|JSON_SAVED||2012|a99d8056-9838-4694-b356-b05b84e9d480
2026-04-05 15:35:46|gemini|thinking_0|21|QUESTION_ADVANCE||2013|f5851763-8e31-42e9-9324-c2c94c049a4f
2026-04-05 15:38:25|gemini|thinking_0|21|QUESTION_SENT||2013|f5851763-8e31-42e9-9324-c2c94c049a4f
2026-04-05 15:38:42|gemini|thinking_0|20|QUESTION_SENT||2060|6ab02d02-9c77-43e1-8943-d6f5c7be535c
2026-04-05 15:38:57|gemini|thinking_0|21|JSON_VERIFY_FAILED||2013|f5851763-8e31-42e9-9324-c2c94c049a4f
2026-04-05 15:38:57|gemini|thinking_0|21|QUESTION|64|2013|f5851763-8e31-42e9-9324-c2c94c049a4f
2026-04-05 15:41:17|gemini|thinking_0|21|QUESTION_SENT||2013|f5851763-8e31-42e9-9324-c2c94c049a4f
2026-04-05 15:42:17|gemini|thinking_0|21|JSON_VERIFIED||2013|f5851763-8e31-42e9-9324-c2c94c049a4f
2026-04-05 15:42:17|gemini|thinking_0|21|QUESTION|65|2013|f5851763-8e31-42e9-9324-c2c94c049a4f
2026-04-05 15:42:17|gemini|thinking_0|21|JSON_SAVED||2013|f5851763-8e31-42e9-9324-c2c94c049a4f
2026-04-05 15:42:17|gemini|thinking_0|21|QUESTION_ADVANCE||2014|95f58130-ed37-42b5-a9ce-9e29985fb4d4
2026-04-05 15:42:26|gemini|thinking_0|20|QUESTION_SENT||2060|6ab02d02-9c77-43e1-8943-d6f5c7be535c
2026-04-05 15:43:02|gemini|thinking_0|20|JSON_VERIFIED||2060|6ab02d02-9c77-43e1-8943-d6f5c7be535c
2026-04-05 15:43:02|gemini|thinking_0|20|QUESTION|60|2060|6ab02d02-9c77-43e1-8943-d6f5c7be535c
2026-04-05 15:43:02|gemini|thinking_0|20|JSON_SAVED||2060|6ab02d02-9c77-43e1-8943-d6f5c7be535c
2026-04-05 15:43:02|gemini|thinking_0|20|QUESTION_ADVANCE||2061|8d5bd05e-5f00-44cc-818c-1648d329b878
2026-04-05 15:44:32|gemini|thinking_0|21|QUESTION_SENT||2014|95f58130-ed37-42b5-a9ce-9e29985fb4d4
2026-04-05 15:45:32|gemini|thinking_0|21|JSON_VERIFIED||2014|95f58130-ed37-42b5-a9ce-9e29985fb4d4
2026-04-05 15:45:32|gemini|thinking_0|21|QUESTION|66|2014|95f58130-ed37-42b5-a9ce-9e29985fb4d4
2026-04-05 15:45:32|gemini|thinking_0|21|JSON_SAVED||2014|95f58130-ed37-42b5-a9ce-9e29985fb4d4
2026-04-05 15:45:32|gemini|thinking_0|21|QUESTION_ADVANCE||2015|500914ec-ca27-43b5-8dd0-f110c1ec716c
2026-04-05 15:45:40|gemini|thinking_0|20|QUESTION_SENT||2061|8d5bd05e-5f00-44cc-818c-1648d329b878
2026-04-05 15:46:14|gemini|thinking_0|20|JSON_VERIFIED||2061|8d5bd05e-5f00-44cc-818c-1648d329b878
2026-04-05 15:46:14|gemini|thinking_0|20|QUESTION|61|2061|8d5bd05e-5f00-44cc-818c-1648d329b878
2026-04-05 15:46:14|gemini|thinking_0|20|JSON_SAVED||2061|8d5bd05e-5f00-44cc-818c-1648d329b878
2026-04-05 15:46:14|gemini|thinking_0|20|QUESTION_ADVANCE||2062|1ecde591-65ee-43b6-8515-201a74011e44
2026-04-05 15:47:47|gemini|thinking_0|21|QUESTION_SENT||2015|500914ec-ca27-43b5-8dd0-f110c1ec716c
2026-04-05 15:48:55|gemini|thinking_0|20|QUESTION_SENT||2062|1ecde591-65ee-43b6-8515-201a74011e44
2026-04-05 15:49:27|gemini|thinking_0|20|JSON_VERIFIED||2062|1ecde591-65ee-43b6-8515-201a74011e44
2026-04-05 15:49:27|gemini|thinking_0|20|QUESTION|62|2062|1ecde591-65ee-43b6-8515-201a74011e44
2026-04-05 15:49:27|gemini|thinking_0|20|JSON_SAVED||2062|1ecde591-65ee-43b6-8515-201a74011e44
2026-04-05 15:49:27|gemini|thinking_0|20|QUESTION_ADVANCE||2063|473d4112-9034-430e-bdc2-553d0b232ec8
2026-04-05 15:51:02|gemini|thinking_0|21|QUESTION_SENT||2015|500914ec-ca27-43b5-8dd0-f110c1ec716c
2026-04-05 15:51:34|gemini|thinking_0|21|JSON_VERIFIED||2015|500914ec-ca27-43b5-8dd0-f110c1ec716c
2026-04-05 15:51:34|gemini|thinking_0|21|QUESTION|67|2015|500914ec-ca27-43b5-8dd0-f110c1ec716c
2026-04-05 15:51:34|gemini|thinking_0|21|JSON_SAVED||2015|500914ec-ca27-43b5-8dd0-f110c1ec716c
2026-04-05 15:51:34|gemini|thinking_0|21|QUESTION_ADVANCE||2016|6824543c-4e9f-46ca-9227-23f49ffa3193
2026-04-05 15:52:10|gemini|thinking_0|20|QUESTION_SENT||2063|473d4112-9034-430e-bdc2-553d0b232ec8
2026-04-05 15:54:16|gemini|thinking_0|21|QUESTION_SENT||2016|6824543c-4e9f-46ca-9227-23f49ffa3193
2026-04-05 15:54:53|gemini|thinking_0|21|JSON_VERIFIED||2016|6824543c-4e9f-46ca-9227-23f49ffa3193
2026-04-05 15:54:53|gemini|thinking_0|21|QUESTION|68|2016|6824543c-4e9f-46ca-9227-23f49ffa3193
2026-04-05 15:54:53|gemini|thinking_0|21|JSON_SAVED||2016|6824543c-4e9f-46ca-9227-23f49ffa3193
2026-04-05 15:54:53|gemini|thinking_0|21|QUESTION_ADVANCE||2017|0b28e6b1-7e8a-4d2f-8467-6ebe21307d9f
2026-04-05 15:55:54|gemini|thinking_0|20|QUESTION_SENT||2063|473d4112-9034-430e-bdc2-553d0b232ec8
2026-04-05 15:57:31|gemini|thinking_0|21|QUESTION_SENT||2017|0b28e6b1-7e8a-4d2f-8467-6ebe21307d9f
2026-04-05 15:59:38|gemini|thinking_0|20|QUESTION_SENT||2063|473d4112-9034-430e-bdc2-553d0b232ec8
2026-04-05 16:00:26|gemini|thinking_0|20|JSON_VERIFIED||2063|473d4112-9034-430e-bdc2-553d0b232ec8
2026-04-05 16:00:26|gemini|thinking_0|20|QUESTION|63|2063|473d4112-9034-430e-bdc2-553d0b232ec8
2026-04-05 16:00:26|gemini|thinking_0|20|JSON_SAVED||2063|473d4112-9034-430e-bdc2-553d0b232ec8
2026-04-05 16:00:26|gemini|thinking_0|20|QUESTION_ADVANCE||2064|97c229e5-8cb0-447a-a6f6-3a4c2cfc05a3
2026-04-05 16:00:46|gemini|thinking_0|21|QUESTION_SENT||2017|0b28e6b1-7e8a-4d2f-8467-6ebe21307d9f
2026-04-05 16:01:38|gemini|thinking_0|21|JSON_VERIFY_FAILED||2017|0b28e6b1-7e8a-4d2f-8467-6ebe21307d9f
2026-04-05 16:01:38|gemini|thinking_0|21|QUESTION|69|2017|0b28e6b1-7e8a-4d2f-8467-6ebe21307d9f
2026-04-05 16:02:53|gemini|thinking_0|20|QUESTION_SENT||2064|97c229e5-8cb0-447a-a6f6-3a4c2cfc05a3
2026-04-05 16:03:58|gemini|thinking_0|20|JSON_VERIFIED||2064|97c229e5-8cb0-447a-a6f6-3a4c2cfc05a3
2026-04-05 16:03:58|gemini|thinking_0|20|QUESTION|64|2064|97c229e5-8cb0-447a-a6f6-3a4c2cfc05a3
2026-04-05 16:03:58|gemini|thinking_0|20|JSON_SAVED||2064|97c229e5-8cb0-447a-a6f6-3a4c2cfc05a3
2026-04-05 16:03:58|gemini|thinking_0|21|QUESTION_SENT||2017|0b28e6b1-7e8a-4d2f-8467-6ebe21307d9f
2026-04-05 16:03:58|gemini|thinking_0|20|QUESTION_ADVANCE||2065|e2e12f8a-aefd-41cf-95de-959fb208c431
2026-04-05 16:04:59|gemini|thinking_0|21|JSON_VERIFIED||2017|0b28e6b1-7e8a-4d2f-8467-6ebe21307d9f
2026-04-05 16:04:59|gemini|thinking_0|21|QUESTION|70|2017|0b28e6b1-7e8a-4d2f-8467-6ebe21307d9f
2026-04-05 16:04:59|gemini|thinking_0|21|JSON_SAVED||2017|0b28e6b1-7e8a-4d2f-8467-6ebe21307d9f
2026-04-05 16:04:59|gemini|thinking_0|21|QUESTION_ADVANCE||2018|0ab65e73-6017-4819-9c30-22e14a4403a7
2026-04-05 16:06:08|gemini|thinking_0|20|QUESTION_SENT||2065|e2e12f8a-aefd-41cf-95de-959fb208c431
2026-04-05 16:06:57|gemini|thinking_0|20|JSON_VERIFIED||2065|e2e12f8a-aefd-41cf-95de-959fb208c431
2026-04-05 16:06:57|gemini|thinking_0|20|QUESTION|65|2065|e2e12f8a-aefd-41cf-95de-959fb208c431
2026-04-05 16:06:57|gemini|thinking_0|20|JSON_SAVED||2065|e2e12f8a-aefd-41cf-95de-959fb208c431
2026-04-05 16:06:57|gemini|thinking_0|20|QUESTION_ADVANCE||2066|ba2bc07b-9f3d-477c-bb80-9d4f90673c7f
2026-04-05 16:07:13|gemini|thinking_0|21|QUESTION_SENT||2018|0ab65e73-6017-4819-9c30-22e14a4403a7
2026-04-05 16:08:04|gemini|thinking_0|21|JSON_VERIFIED||2018|0ab65e73-6017-4819-9c30-22e14a4403a7
2026-04-05 16:08:04|gemini|thinking_0|21|QUESTION|71|2018|0ab65e73-6017-4819-9c30-22e14a4403a7
2026-04-05 16:08:04|gemini|thinking_0|21|JSON_SAVED||2018|0ab65e73-6017-4819-9c30-22e14a4403a7
2026-04-05 16:08:04|gemini|thinking_0|21|QUESTION_ADVANCE||2019|e7f61073-e56e-4ef3-8309-1f7e54d386c6
2026-04-05 16:09:23|gemini|thinking_0|20|QUESTION_SENT||2066|ba2bc07b-9f3d-477c-bb80-9d4f90673c7f
2026-04-05 16:09:57|gemini|thinking_0|20|JSON_VERIFIED||2066|ba2bc07b-9f3d-477c-bb80-9d4f90673c7f
2026-04-05 16:09:57|gemini|thinking_0|20|QUESTION|66|2066|ba2bc07b-9f3d-477c-bb80-9d4f90673c7f
2026-04-05 16:09:57|gemini|thinking_0|20|JSON_SAVED||2066|ba2bc07b-9f3d-477c-bb80-9d4f90673c7f
2026-04-05 16:09:57|gemini|thinking_0|20|QUESTION_ADVANCE||2067|92a67963-db3a-4e0f-bc52-c9c0effa57ac
2026-04-05 16:10:27|gemini|thinking_0|21|QUESTION_SENT||2019|e7f61073-e56e-4ef3-8309-1f7e54d386c6
2026-04-05 16:11:26|gemini|thinking_0|21|JSON_VERIFIED||2019|e7f61073-e56e-4ef3-8309-1f7e54d386c6
2026-04-05 16:11:26|gemini|thinking_0|21|QUESTION|72|2019|e7f61073-e56e-4ef3-8309-1f7e54d386c6
2026-04-05 16:11:26|gemini|thinking_0|21|JSON_SAVED||2019|e7f61073-e56e-4ef3-8309-1f7e54d386c6
2026-04-05 16:11:26|gemini|thinking_0|21|QUESTION_ADVANCE||2020|abf1a7a4-8037-48cb-a285-3739f8bc3c13
2026-04-05 16:12:37|gemini|thinking_0|20|QUESTION_SENT||2067|92a67963-db3a-4e0f-bc52-c9c0effa57ac
2026-04-05 16:13:21|gemini|thinking_0|20|JSON_VERIFIED||2067|92a67963-db3a-4e0f-bc52-c9c0effa57ac
2026-04-05 16:13:21|gemini|thinking_0|20|QUESTION|67|2067|92a67963-db3a-4e0f-bc52-c9c0effa57ac
2026-04-05 16:13:21|gemini|thinking_0|20|JSON_SAVED||2067|92a67963-db3a-4e0f-bc52-c9c0effa57ac
2026-04-05 16:13:21|gemini|thinking_0|20|QUESTION_ADVANCE||2068|d25e64e9-5f26-401f-892c-bb702631f672
2026-04-05 16:13:42|gemini|thinking_0|21|QUESTION_SENT||2020|abf1a7a4-8037-48cb-a285-3739f8bc3c13
2026-04-05 16:14:15|gemini|thinking_0|21|JSON_VERIFIED||2020|abf1a7a4-8037-48cb-a285-3739f8bc3c13
2026-04-05 16:14:15|gemini|thinking_0|21|QUESTION|73|2020|abf1a7a4-8037-48cb-a285-3739f8bc3c13
2026-04-05 16:14:15|gemini|thinking_0|21|JSON_SAVED||2020|abf1a7a4-8037-48cb-a285-3739f8bc3c13
2026-04-05 16:14:15|gemini|thinking_0|21|QUESTION_ADVANCE||2021|2e7ad6ba-af42-4906-8165-0588bb2ca905
2026-04-05 16:15:52|gemini|thinking_0|20|QUESTION_SENT||2068|d25e64e9-5f26-401f-892c-bb702631f672
2026-04-05 16:16:56|gemini|thinking_0|20|JSON_VERIFIED||2068|d25e64e9-5f26-401f-892c-bb702631f672
2026-04-05 16:16:56|gemini|thinking_0|20|QUESTION|68|2068|d25e64e9-5f26-401f-892c-bb702631f672
2026-04-05 16:16:56|gemini|thinking_0|20|JSON_SAVED||2068|d25e64e9-5f26-401f-892c-bb702631f672
2026-04-05 16:16:56|gemini|thinking_0|20|QUESTION_ADVANCE||2069|d0f7ec24-a4fa-41e5-813b-e79bafaac847
2026-04-05 16:16:57|gemini|thinking_0|21|QUESTION_SENT||2021|2e7ad6ba-af42-4906-8165-0588bb2ca905
2026-04-05 16:17:30|gemini|thinking_0|21|JSON_VERIFIED||2021|2e7ad6ba-af42-4906-8165-0588bb2ca905
2026-04-05 16:17:30|gemini|thinking_0|21|QUESTION|74|2021|2e7ad6ba-af42-4906-8165-0588bb2ca905
2026-04-05 16:17:30|gemini|thinking_0|21|JSON_SAVED||2021|2e7ad6ba-af42-4906-8165-0588bb2ca905
2026-04-05 16:17:30|gemini|thinking_0|21|QUESTION_ADVANCE||2022|a33426f2-4c99-4c46-a632-2ffa3745074d
2026-04-05 16:19:07|gemini|thinking_0|20|QUESTION_SENT||2069|d0f7ec24-a4fa-41e5-813b-e79bafaac847
2026-04-05 16:20:02|gemini|thinking_0|20|JSON_VERIFIED||2069|d0f7ec24-a4fa-41e5-813b-e79bafaac847
2026-04-05 16:20:02|gemini|thinking_0|20|QUESTION|69|2069|d0f7ec24-a4fa-41e5-813b-e79bafaac847
2026-04-05 16:20:02|gemini|thinking_0|20|JSON_SAVED||2069|d0f7ec24-a4fa-41e5-813b-e79bafaac847
2026-04-05 16:20:02|gemini|thinking_0|20|QUESTION_ADVANCE||2070|f0566c9c-ff6a-45b2-ba7d-d2698636e6c9
2026-04-05 16:20:12|gemini|thinking_0|21|QUESTION_SENT||2022|a33426f2-4c99-4c46-a632-2ffa3745074d
2026-04-05 16:21:26|gemini|thinking_0|21|JSON_VERIFIED||2022|a33426f2-4c99-4c46-a632-2ffa3745074d
2026-04-05 16:21:26|gemini|thinking_0|21|QUESTION|75|2022|a33426f2-4c99-4c46-a632-2ffa3745074d
2026-04-05 16:21:26|gemini|thinking_0|21|JSON_SAVED||2022|a33426f2-4c99-4c46-a632-2ffa3745074d
2026-04-05 16:21:26|gemini|thinking_0|21|QUESTION_ADVANCE||2023|bb0d6b9d-c6c2-4a6f-94cb-fe7bc9df567a
2026-04-05 16:22:21|gemini|thinking_0|20|QUESTION_SENT||2070|f0566c9c-ff6a-45b2-ba7d-d2698636e6c9
2026-04-05 16:22:54|gemini|thinking_0|20|JSON_VERIFIED||2070|f0566c9c-ff6a-45b2-ba7d-d2698636e6c9
2026-04-05 16:22:54|gemini|thinking_0|20|QUESTION|70|2070|f0566c9c-ff6a-45b2-ba7d-d2698636e6c9
2026-04-05 16:22:54|gemini|thinking_0|20|JSON_SAVED||2070|f0566c9c-ff6a-45b2-ba7d-d2698636e6c9
2026-04-05 16:22:54|gemini|thinking_0|20|QUESTION_ADVANCE||2071|64ea12bc-eb3a-4425-bed6-a3f9775ec61f
2026-04-05 16:23:27|gemini|thinking_0|21|QUESTION_SENT||2023|bb0d6b9d-c6c2-4a6f-94cb-fe7bc9df567a
2026-04-05 16:24:28|gemini|thinking_0|21|JSON_VERIFIED||2023|bb0d6b9d-c6c2-4a6f-94cb-fe7bc9df567a
2026-04-05 16:24:28|gemini|thinking_0|21|QUESTION|76|2023|bb0d6b9d-c6c2-4a6f-94cb-fe7bc9df567a
2026-04-05 16:24:28|gemini|thinking_0|21|JSON_SAVED||2023|bb0d6b9d-c6c2-4a6f-94cb-fe7bc9df567a
2026-04-05 16:24:28|gemini|thinking_0|21|QUESTION_ADVANCE||2024|05998392-784a-464b-8a9e-fe771247e946
2026-04-05 16:25:36|gemini|thinking_0|20|QUESTION_SENT||2071|64ea12bc-eb3a-4425-bed6-a3f9775ec61f
2026-04-05 16:26:37|gemini|thinking_0|20|JSON_VERIFIED||2071|64ea12bc-eb3a-4425-bed6-a3f9775ec61f
2026-04-05 16:26:37|gemini|thinking_0|20|QUESTION|71|2071|64ea12bc-eb3a-4425-bed6-a3f9775ec61f
2026-04-05 16:26:37|gemini|thinking_0|20|JSON_SAVED||2071|64ea12bc-eb3a-4425-bed6-a3f9775ec61f
2026-04-05 16:26:37|gemini|thinking_0|20|QUESTION_ADVANCE||2072|e428df90-6e42-4849-9f52-edd70b231fd8
2026-04-05 16:26:42|gemini|thinking_0|21|QUESTION_SENT||2024|05998392-784a-464b-8a9e-fe771247e946
2026-04-05 16:27:31|gemini|thinking_0|21|JSON_VERIFIED||2024|05998392-784a-464b-8a9e-fe771247e946
2026-04-05 16:27:31|gemini|thinking_0|21|QUESTION|77|2024|05998392-784a-464b-8a9e-fe771247e946
2026-04-05 16:27:31|gemini|thinking_0|21|JSON_SAVED||2024|05998392-784a-464b-8a9e-fe771247e946
2026-04-05 16:27:31|gemini|thinking_0|21|QUESTION_ADVANCE||2025|2bf4932f-8e99-4d89-b177-7ccaa63328d6
2026-04-05 16:28:51|gemini|thinking_0|20|QUESTION_SENT||2072|e428df90-6e42-4849-9f52-edd70b231fd8
2026-04-05 16:29:44|gemini|thinking_0|20|JSON_VERIFIED||2072|e428df90-6e42-4849-9f52-edd70b231fd8
2026-04-05 16:29:44|gemini|thinking_0|20|QUESTION|72|2072|e428df90-6e42-4849-9f52-edd70b231fd8
2026-04-05 16:29:44|gemini|thinking_0|20|JSON_SAVED||2072|e428df90-6e42-4849-9f52-edd70b231fd8
2026-04-05 16:29:44|gemini|thinking_0|20|QUESTION_ADVANCE||2073|80e25935-5b51-4d0b-a02e-7867aabe071e
2026-04-05 16:29:56|gemini|thinking_0|21|QUESTION_SENT||2025|2bf4932f-8e99-4d89-b177-7ccaa63328d6
2026-04-05 16:32:05|gemini|thinking_0|20|QUESTION_SENT||2073|80e25935-5b51-4d0b-a02e-7867aabe071e
2026-04-05 16:33:06|gemini|thinking_0|20|JSON_VERIFIED||2073|80e25935-5b51-4d0b-a02e-7867aabe071e
2026-04-05 16:33:06|gemini|thinking_0|20|QUESTION|73|2073|80e25935-5b51-4d0b-a02e-7867aabe071e
2026-04-05 16:33:06|gemini|thinking_0|20|JSON_SAVED||2073|80e25935-5b51-4d0b-a02e-7867aabe071e
2026-04-05 16:33:06|gemini|thinking_0|20|QUESTION_ADVANCE||2074|1d1b9580-273e-4a59-9b35-ba9995a9b2a8
2026-04-05 16:33:11|gemini|thinking_0|21|QUESTION_SENT||2025|2bf4932f-8e99-4d89-b177-7ccaa63328d6
2026-04-05 16:33:46|gemini|thinking_0|21|JSON_VERIFIED||2025|2bf4932f-8e99-4d89-b177-7ccaa63328d6
2026-04-05 16:33:46|gemini|thinking_0|21|QUESTION|78|2025|2bf4932f-8e99-4d89-b177-7ccaa63328d6
2026-04-05 16:33:46|gemini|thinking_0|21|JSON_SAVED||2025|2bf4932f-8e99-4d89-b177-7ccaa63328d6
2026-04-05 16:33:46|gemini|thinking_0|21|QUESTION_ADVANCE||2026|94cb08b9-1491-44c9-b4c1-5f4ed70b9d53
2026-04-05 16:35:20|gemini|thinking_0|20|QUESTION_SENT||2074|1d1b9580-273e-4a59-9b35-ba9995a9b2a8
2026-04-05 16:36:24|gemini|thinking_0|20|JSON_VERIFIED||2074|1d1b9580-273e-4a59-9b35-ba9995a9b2a8
2026-04-05 16:36:24|gemini|thinking_0|20|QUESTION|74|2074|1d1b9580-273e-4a59-9b35-ba9995a9b2a8
2026-04-05 16:36:24|gemini|thinking_0|20|JSON_SAVED||2074|1d1b9580-273e-4a59-9b35-ba9995a9b2a8
2026-04-05 16:36:24|gemini|thinking_0|20|QUESTION_ADVANCE||2075|de1c7397-443b-44b3-bcae-62852283731b
2026-04-05 16:36:26|gemini|thinking_0|21|QUESTION_SENT||2026|94cb08b9-1491-44c9-b4c1-5f4ed70b9d53
2026-04-05 16:36:58|gemini|thinking_0|21|JSON_VERIFIED||2026|94cb08b9-1491-44c9-b4c1-5f4ed70b9d53
2026-04-05 16:36:58|gemini|thinking_0|21|QUESTION|79|2026|94cb08b9-1491-44c9-b4c1-5f4ed70b9d53
2026-04-05 16:36:58|gemini|thinking_0|21|JSON_SAVED||2026|94cb08b9-1491-44c9-b4c1-5f4ed70b9d53
2026-04-05 16:36:58|gemini|thinking_0|21|QUESTION_ADVANCE||2027|1328a22d-1050-4a3f-988a-da3b05e937c8
2026-04-05 16:38:34|gemini|thinking_0|20|QUESTION_SENT||2075|de1c7397-443b-44b3-bcae-62852283731b
2026-04-05 16:39:07|gemini|thinking_0|20|JSON_VERIFIED||2075|de1c7397-443b-44b3-bcae-62852283731b
2026-04-05 16:39:07|gemini|thinking_0|20|QUESTION|75|2075|de1c7397-443b-44b3-bcae-62852283731b
2026-04-05 16:39:07|gemini|thinking_0|20|JSON_SAVED||2075|de1c7397-443b-44b3-bcae-62852283731b
2026-04-05 16:39:07|gemini|thinking_0|20|QUESTION_ADVANCE||2076|e8f6196f-5375-4bc8-9f8c-1b64b9bd93eb
2026-04-05 16:39:40|gemini|thinking_0|21|QUESTION_SENT||2027|1328a22d-1050-4a3f-988a-da3b05e937c8
2026-04-05 16:40:13|gemini|thinking_0|21|JSON_VERIFIED||2027|1328a22d-1050-4a3f-988a-da3b05e937c8
2026-04-05 16:40:13|gemini|thinking_0|21|QUESTION|80|2027|1328a22d-1050-4a3f-988a-da3b05e937c8
2026-04-05 16:40:13|gemini|thinking_0|21|JSON_SAVED||2027|1328a22d-1050-4a3f-988a-da3b05e937c8
2026-04-05 16:40:13|gemini|thinking_0|21|QUESTION_ADVANCE||2028|88852857-92cf-4db6-8035-34f9516a548b
2026-04-05 16:41:49|gemini|thinking_0|20|QUESTION_SENT||2076|e8f6196f-5375-4bc8-9f8c-1b64b9bd93eb
2026-04-05 16:42:52|gemini|thinking_0|20|JSON_VERIFIED||2076|e8f6196f-5375-4bc8-9f8c-1b64b9bd93eb
2026-04-05 16:42:52|gemini|thinking_0|20|QUESTION|76|2076|e8f6196f-5375-4bc8-9f8c-1b64b9bd93eb
2026-04-05 16:42:52|gemini|thinking_0|20|JSON_SAVED||2076|e8f6196f-5375-4bc8-9f8c-1b64b9bd93eb
2026-04-05 16:42:52|gemini|thinking_0|20|QUESTION_ADVANCE||2077|45f17a21-e00b-4eae-b32a-0211f4c14d67
2026-04-05 16:42:55|gemini|thinking_0|21|QUESTION_SENT||2028|88852857-92cf-4db6-8035-34f9516a548b
2026-04-05 16:44:17|gemini|thinking_0|21|JSON_VERIFIED||2028|88852857-92cf-4db6-8035-34f9516a548b
2026-04-05 16:44:17|gemini|thinking_0|21|QUESTION|81|2028|88852857-92cf-4db6-8035-34f9516a548b
2026-04-05 16:44:17|gemini|thinking_0|21|JSON_SAVED||2028|88852857-92cf-4db6-8035-34f9516a548b
2026-04-05 16:44:17|gemini|thinking_0|21|QUESTION_ADVANCE||2029|b23aec22-8528-4879-b301-e76053c1d175
2026-04-05 16:45:04|gemini|thinking_0|20|QUESTION_SENT||2077|45f17a21-e00b-4eae-b32a-0211f4c14d67
2026-04-05 16:46:10|gemini|thinking_0|21|QUESTION_SENT||2029|b23aec22-8528-4879-b301-e76053c1d175
2026-04-05 16:48:19|gemini|thinking_0|20|QUESTION_SENT||2077|45f17a21-e00b-4eae-b32a-0211f4c14d67
2026-04-05 16:49:17|gemini|thinking_0|20|JSON_VERIFIED||2077|45f17a21-e00b-4eae-b32a-0211f4c14d67
2026-04-05 16:49:17|gemini|thinking_0|20|QUESTION|77|2077|45f17a21-e00b-4eae-b32a-0211f4c14d67
2026-04-05 16:49:17|gemini|thinking_0|20|JSON_SAVED||2077|45f17a21-e00b-4eae-b32a-0211f4c14d67
2026-04-05 16:49:17|gemini|thinking_0|20|QUESTION_ADVANCE||2078|451a4163-0018-443e-a1e6-713261cfc74a
2026-04-05 16:49:54|gemini|thinking_0|21|QUESTION_SENT||2029|b23aec22-8528-4879-b301-e76053c1d175
2026-04-05 16:50:28|gemini|thinking_0|21|JSON_VERIFIED||2029|b23aec22-8528-4879-b301-e76053c1d175
2026-04-05 16:50:28|gemini|thinking_0|21|QUESTION|82|2029|b23aec22-8528-4879-b301-e76053c1d175
2026-04-05 16:50:28|gemini|thinking_0|21|JSON_SAVED||2029|b23aec22-8528-4879-b301-e76053c1d175
2026-04-05 16:50:28|gemini|thinking_0|21|QUESTION_ADVANCE||2030|3228d6a5-1c7a-4772-95ad-15263446a216
2026-04-05 16:51:33|gemini|thinking_0|20|QUESTION_SENT||2078|451a4163-0018-443e-a1e6-713261cfc74a
2026-04-05 16:52:05|gemini|thinking_0|20|JSON_VERIFIED||2078|451a4163-0018-443e-a1e6-713261cfc74a
2026-04-05 16:52:05|gemini|thinking_0|20|QUESTION|78|2078|451a4163-0018-443e-a1e6-713261cfc74a
2026-04-05 16:52:05|gemini|thinking_0|20|JSON_SAVED||2078|451a4163-0018-443e-a1e6-713261cfc74a
2026-04-05 16:52:05|gemini|thinking_0|20|QUESTION_ADVANCE||2079|25b1177e-3e4c-4e6c-8cbd-efd517bd622f
2026-04-05 16:53:09|gemini|thinking_0|21|QUESTION_SENT||2030|3228d6a5-1c7a-4772-95ad-15263446a216
2026-04-05 16:54:10|gemini|thinking_0|21|JSON_VERIFIED||2030|3228d6a5-1c7a-4772-95ad-15263446a216
2026-04-05 16:54:10|gemini|thinking_0|21|QUESTION|83|2030|3228d6a5-1c7a-4772-95ad-15263446a216
2026-04-05 16:54:10|gemini|thinking_0|21|JSON_SAVED||2030|3228d6a5-1c7a-4772-95ad-15263446a216
2026-04-05 16:54:10|gemini|thinking_0|21|QUESTION_ADVANCE||2031|60718103-8c21-4928-b0ba-634f533aeeae
2026-04-05 16:54:48|gemini|thinking_0|20|QUESTION_SENT||2079|25b1177e-3e4c-4e6c-8cbd-efd517bd622f
2026-04-05 16:55:21|gemini|thinking_0|20|JSON_VERIFIED||2079|25b1177e-3e4c-4e6c-8cbd-efd517bd622f
2026-04-05 16:55:21|gemini|thinking_0|20|QUESTION|79|2079|25b1177e-3e4c-4e6c-8cbd-efd517bd622f
2026-04-05 16:55:21|gemini|thinking_0|20|JSON_SAVED||2079|25b1177e-3e4c-4e6c-8cbd-efd517bd622f
2026-04-05 16:55:21|gemini|thinking_0|20|QUESTION_ADVANCE||2080|c1bec20a-f6f4-4184-a1f3-f12cba6fd3b4
2026-04-05 16:56:24|gemini|thinking_0|21|QUESTION_SENT||2031|60718103-8c21-4928-b0ba-634f533aeeae
2026-04-05 16:58:03|gemini|thinking_0|20|QUESTION_SENT||2080|c1bec20a-f6f4-4184-a1f3-f12cba6fd3b4
2026-04-05 16:58:53|gemini|thinking_0|20|JSON_VERIFIED||2080|c1bec20a-f6f4-4184-a1f3-f12cba6fd3b4
2026-04-05 16:58:53|gemini|thinking_0|20|QUESTION|80|2080|c1bec20a-f6f4-4184-a1f3-f12cba6fd3b4
2026-04-05 16:58:53|gemini|thinking_0|20|JSON_SAVED||2080|c1bec20a-f6f4-4184-a1f3-f12cba6fd3b4
2026-04-05 16:58:53|gemini|thinking_0|20|QUESTION_ADVANCE||2081|ef3f8b98-99d8-4b3b-9a8a-e9752f2f4350
2026-04-05 16:59:39|gemini|thinking_0|21|QUESTION_SENT||2031|60718103-8c21-4928-b0ba-634f533aeeae
2026-04-05 17:00:48|gemini|thinking_0|21|JSON_VERIFIED||2031|60718103-8c21-4928-b0ba-634f533aeeae
2026-04-05 17:00:48|gemini|thinking_0|21|QUESTION|84|2031|60718103-8c21-4928-b0ba-634f533aeeae
2026-04-05 17:00:48|gemini|thinking_0|21|JSON_SAVED||2031|60718103-8c21-4928-b0ba-634f533aeeae
2026-04-05 17:00:48|gemini|thinking_0|21|QUESTION_ADVANCE||2032|e0029aa2-c1dd-4778-be78-7beeabffb572
2026-04-05 17:01:18|gemini|thinking_0|20|QUESTION_SENT||2081|ef3f8b98-99d8-4b3b-9a8a-e9752f2f4350
2026-04-05 17:02:16|gemini|thinking_0|20|JSON_VERIFIED||2081|ef3f8b98-99d8-4b3b-9a8a-e9752f2f4350
2026-04-05 17:02:16|gemini|thinking_0|20|QUESTION|81|2081|ef3f8b98-99d8-4b3b-9a8a-e9752f2f4350
2026-04-05 17:02:16|gemini|thinking_0|20|JSON_SAVED||2081|ef3f8b98-99d8-4b3b-9a8a-e9752f2f4350
2026-04-05 17:02:16|gemini|thinking_0|20|QUESTION_ADVANCE||2082|87af1be6-2f33-4143-ae7d-8acd5d09dc9d
2026-04-05 17:02:53|gemini|thinking_0|21|QUESTION_SENT||2032|e0029aa2-c1dd-4778-be78-7beeabffb572
2026-04-05 17:03:56|gemini|thinking_0|21|JSON_VERIFIED||2032|e0029aa2-c1dd-4778-be78-7beeabffb572
2026-04-05 17:03:56|gemini|thinking_0|21|QUESTION|85|2032|e0029aa2-c1dd-4778-be78-7beeabffb572
2026-04-05 17:03:56|gemini|thinking_0|21|JSON_SAVED||2032|e0029aa2-c1dd-4778-be78-7beeabffb572
2026-04-05 17:03:56|gemini|thinking_0|21|QUESTION_ADVANCE||2033|15bc3e39-54a3-4f4d-8463-9ce366d405c0
2026-04-05 17:04:33|gemini|thinking_0|20|QUESTION_SENT||2082|87af1be6-2f33-4143-ae7d-8acd5d09dc9d
2026-04-05 17:05:16|gemini|thinking_0|20|JSON_VERIFIED||2082|87af1be6-2f33-4143-ae7d-8acd5d09dc9d
2026-04-05 17:05:16|gemini|thinking_0|20|QUESTION|82|2082|87af1be6-2f33-4143-ae7d-8acd5d09dc9d
2026-04-05 17:05:16|gemini|thinking_0|20|JSON_SAVED||2082|87af1be6-2f33-4143-ae7d-8acd5d09dc9d
2026-04-05 17:05:16|gemini|thinking_0|20|QUESTION_ADVANCE||2083|d8aafa97-447b-44fc-ab71-4026aa69ee6e
2026-04-05 17:06:08|gemini|thinking_0|21|QUESTION_SENT||2033|15bc3e39-54a3-4f4d-8463-9ce366d405c0
2026-04-05 17:07:01|gemini|thinking_0|21|JSON_VERIFIED||2033|15bc3e39-54a3-4f4d-8463-9ce366d405c0
2026-04-05 17:07:01|gemini|thinking_0|21|QUESTION|86|2033|15bc3e39-54a3-4f4d-8463-9ce366d405c0
2026-04-05 17:07:01|gemini|thinking_0|21|JSON_SAVED||2033|15bc3e39-54a3-4f4d-8463-9ce366d405c0
2026-04-05 17:07:01|gemini|thinking_0|21|QUESTION_ADVANCE||2034|91eea66d-6ecc-4414-8077-921b8bc58a7d
2026-04-05 17:07:48|gemini|thinking_0|20|QUESTION_SENT||2083|d8aafa97-447b-44fc-ab71-4026aa69ee6e
2026-04-05 17:09:20|gemini|thinking_0|20|JSON_VERIFIED||2083|d8aafa97-447b-44fc-ab71-4026aa69ee6e
2026-04-05 17:09:20|gemini|thinking_0|20|QUESTION|83|2083|d8aafa97-447b-44fc-ab71-4026aa69ee6e
2026-04-05 17:09:20|gemini|thinking_0|20|JSON_SAVED||2083|d8aafa97-447b-44fc-ab71-4026aa69ee6e
2026-04-05 17:09:20|gemini|thinking_0|20|QUESTION_ADVANCE||2084|ae4c48a2-3a4f-428f-add6-123e234373c9
2026-04-05 17:09:23|gemini|thinking_0|21|QUESTION_SENT||2034|91eea66d-6ecc-4414-8077-921b8bc58a7d
2026-04-05 17:09:57|gemini|thinking_0|21|JSON_VERIFIED||2034|91eea66d-6ecc-4414-8077-921b8bc58a7d
2026-04-05 17:09:57|gemini|thinking_0|21|QUESTION|87|2034|91eea66d-6ecc-4414-8077-921b8bc58a7d
2026-04-05 17:09:57|gemini|thinking_0|21|JSON_SAVED||2034|91eea66d-6ecc-4414-8077-921b8bc58a7d
2026-04-05 17:09:57|gemini|thinking_0|21|QUESTION_ADVANCE||2035|ff2bb273-125f-409a-9144-ff9d80f1aea5
2026-04-05 17:11:02|gemini|thinking_0|20|QUESTION_SENT||2084|ae4c48a2-3a4f-428f-add6-123e234373c9
2026-04-05 17:11:58|gemini|thinking_0|20|JSON_VERIFIED||2084|ae4c48a2-3a4f-428f-add6-123e234373c9
2026-04-05 17:11:58|gemini|thinking_0|20|QUESTION|84|2084|ae4c48a2-3a4f-428f-add6-123e234373c9
2026-04-05 17:11:58|gemini|thinking_0|20|JSON_SAVED||2084|ae4c48a2-3a4f-428f-add6-123e234373c9
2026-04-05 17:11:58|gemini|thinking_0|20|QUESTION_ADVANCE||2085|ffb2df99-f83a-40d8-acbb-a96da317b12e
2026-04-05 17:12:38|gemini|thinking_0|21|QUESTION_SENT||2035|ff2bb273-125f-409a-9144-ff9d80f1aea5
2026-04-05 17:13:17|gemini|thinking_0|21|JSON_VERIFIED||2035|ff2bb273-125f-409a-9144-ff9d80f1aea5
2026-04-05 17:13:17|gemini|thinking_0|21|QUESTION|88|2035|ff2bb273-125f-409a-9144-ff9d80f1aea5
2026-04-05 17:13:17|gemini|thinking_0|21|JSON_SAVED||2035|ff2bb273-125f-409a-9144-ff9d80f1aea5
2026-04-05 17:13:17|gemini|thinking_0|21|QUESTION_ADVANCE||2036|991b8baf-98ab-4d99-8da5-98daacb2cf5a
2026-04-05 17:14:17|gemini|thinking_0|20|QUESTION_SENT||2085|ffb2df99-f83a-40d8-acbb-a96da317b12e
2026-04-05 17:15:53|gemini|thinking_0|21|QUESTION_SENT||2036|991b8baf-98ab-4d99-8da5-98daacb2cf5a
2026-04-05 17:16:48|gemini|thinking_0|21|JSON_VERIFIED||2036|991b8baf-98ab-4d99-8da5-98daacb2cf5a
2026-04-05 17:16:48|gemini|thinking_0|21|QUESTION|89|2036|991b8baf-98ab-4d99-8da5-98daacb2cf5a
2026-04-05 17:16:48|gemini|thinking_0|21|JSON_SAVED||2036|991b8baf-98ab-4d99-8da5-98daacb2cf5a
2026-04-05 17:16:48|gemini|thinking_0|21|QUESTION_ADVANCE||2037|f33c34af-9948-415f-8e09-b8e4bacc18e6
2026-04-05 17:18:01|gemini|thinking_0|20|QUESTION_SENT||2085|ffb2df99-f83a-40d8-acbb-a96da317b12e
2026-04-05 17:19:06|gemini|thinking_0|20|JSON_VERIFIED||2085|ffb2df99-f83a-40d8-acbb-a96da317b12e
2026-04-05 17:19:06|gemini|thinking_0|20|QUESTION|85|2085|ffb2df99-f83a-40d8-acbb-a96da317b12e
2026-04-05 17:19:06|gemini|thinking_0|20|JSON_SAVED||2085|ffb2df99-f83a-40d8-acbb-a96da317b12e
2026-04-05 17:19:06|gemini|thinking_0|20|QUESTION_ADVANCE||2086|07561173-1c24-497a-bbc5-6572c668e9b6
2026-04-05 17:19:07|gemini|thinking_0|21|QUESTION_SENT||2037|f33c34af-9948-415f-8e09-b8e4bacc18e6
2026-04-05 17:20:05|gemini|thinking_0|21|JSON_VERIFIED||2037|f33c34af-9948-415f-8e09-b8e4bacc18e6
2026-04-05 17:20:05|gemini|thinking_0|21|QUESTION|90|2037|f33c34af-9948-415f-8e09-b8e4bacc18e6
2026-04-05 17:20:05|gemini|thinking_0|21|JSON_SAVED||2037|f33c34af-9948-415f-8e09-b8e4bacc18e6
2026-04-05 17:20:05|gemini|thinking_0|21|QUESTION_ADVANCE||2038|6e7a9f23-c025-4ef1-a68e-52609912a546
2026-04-05 17:21:16|gemini|thinking_0|20|QUESTION_SENT||2086|07561173-1c24-497a-bbc5-6572c668e9b6
2026-04-05 17:21:53|gemini|thinking_0|20|JSON_VERIFIED||2086|07561173-1c24-497a-bbc5-6572c668e9b6
2026-04-05 17:21:53|gemini|thinking_0|20|QUESTION|86|2086|07561173-1c24-497a-bbc5-6572c668e9b6
2026-04-05 17:21:53|gemini|thinking_0|20|JSON_SAVED||2086|07561173-1c24-497a-bbc5-6572c668e9b6
2026-04-05 17:21:53|gemini|thinking_0|20|QUESTION_ADVANCE||2087|454b7606-f4ca-436f-8a74-99891ea5568d
2026-04-05 17:22:22|gemini|thinking_0|21|QUESTION_SENT||2038|6e7a9f23-c025-4ef1-a68e-52609912a546
2026-04-05 17:23:22|gemini|thinking_0|21|JSON_VERIFIED||2038|6e7a9f23-c025-4ef1-a68e-52609912a546
2026-04-05 17:23:22|gemini|thinking_0|21|QUESTION|91|2038|6e7a9f23-c025-4ef1-a68e-52609912a546
2026-04-05 17:23:22|gemini|thinking_0|21|JSON_SAVED||2038|6e7a9f23-c025-4ef1-a68e-52609912a546
2026-04-05 17:23:22|gemini|thinking_0|21|QUESTION_ADVANCE||2039|3b387efd-f990-42f4-9ad4-b83f9ac920a2
2026-04-05 17:24:30|gemini|thinking_0|20|QUESTION_SENT||2087|454b7606-f4ca-436f-8a74-99891ea5568d
2026-04-05 17:25:37|gemini|thinking_0|21|QUESTION_SENT||2039|3b387efd-f990-42f4-9ad4-b83f9ac920a2
2026-04-05 17:26:10|gemini|thinking_0|20|JSON_VERIFIED||2087|454b7606-f4ca-436f-8a74-99891ea5568d
2026-04-05 17:26:10|gemini|thinking_0|20|QUESTION|87|2087|454b7606-f4ca-436f-8a74-99891ea5568d
2026-04-05 17:26:10|gemini|thinking_0|20|JSON_SAVED||2087|454b7606-f4ca-436f-8a74-99891ea5568d
2026-04-05 17:26:10|gemini|thinking_0|20|QUESTION_ADVANCE||2088|4c64fae7-61bd-482a-b0bc-185d0361089b
2026-04-05 17:26:12|gemini|thinking_0|21|JSON_VERIFIED||2039|3b387efd-f990-42f4-9ad4-b83f9ac920a2
2026-04-05 17:26:12|gemini|thinking_0|21|QUESTION|92|2039|3b387efd-f990-42f4-9ad4-b83f9ac920a2
2026-04-05 17:26:12|gemini|thinking_0|21|JSON_SAVED||2039|3b387efd-f990-42f4-9ad4-b83f9ac920a2
2026-04-05 17:26:12|gemini|thinking_0|21|QUESTION_ADVANCE||2040|12dc2ee2-3978-4823-b08c-74bcee30eeac
2026-04-05 17:27:45|gemini|thinking_0|20|QUESTION_SENT||2088|4c64fae7-61bd-482a-b0bc-185d0361089b
2026-04-05 17:28:16|gemini|thinking_0|20|JSON_VERIFY_FAILED||2088|4c64fae7-61bd-482a-b0bc-185d0361089b
2026-04-05 17:28:16|gemini|thinking_0|20|QUESTION|88|2088|4c64fae7-61bd-482a-b0bc-185d0361089b
2026-04-05 17:28:52|gemini|thinking_0|21|QUESTION_SENT||2040|12dc2ee2-3978-4823-b08c-74bcee30eeac
2026-04-05 17:29:48|gemini|thinking_0|21|JSON_VERIFIED||2040|12dc2ee2-3978-4823-b08c-74bcee30eeac
2026-04-05 17:29:48|gemini|thinking_0|21|QUESTION|93|2040|12dc2ee2-3978-4823-b08c-74bcee30eeac
2026-04-05 17:29:48|gemini|thinking_0|21|JSON_SAVED||2040|12dc2ee2-3978-4823-b08c-74bcee30eeac
2026-04-05 17:29:48|gemini|thinking_0|21|QUESTION_ADVANCE||2041|5dd3f0b4-a314-421f-9b38-4efd37c4a0fe
2026-04-05 17:30:36|gemini|thinking_0|20|QUESTION_SENT||2088|4c64fae7-61bd-482a-b0bc-185d0361089b
2026-04-05 17:31:10|gemini|thinking_0|20|JSON_VERIFIED||2088|4c64fae7-61bd-482a-b0bc-185d0361089b
2026-04-05 17:31:10|gemini|thinking_0|20|QUESTION|89|2088|4c64fae7-61bd-482a-b0bc-185d0361089b
2026-04-05 17:31:10|gemini|thinking_0|20|JSON_SAVED||2088|4c64fae7-61bd-482a-b0bc-185d0361089b
2026-04-05 17:31:10|gemini|thinking_0|20|QUESTION_ADVANCE||2089|048e04b2-b07c-46e7-b72d-cd02cab34b97
2026-04-05 17:32:06|gemini|thinking_0|21|QUESTION_SENT||2041|5dd3f0b4-a314-421f-9b38-4efd37c4a0fe
2026-04-05 17:33:51|gemini|thinking_0|20|QUESTION_SENT||2089|048e04b2-b07c-46e7-b72d-cd02cab34b97
2026-04-05 17:34:45|gemini|thinking_0|20|JSON_VERIFIED||2089|048e04b2-b07c-46e7-b72d-cd02cab34b97
2026-04-05 17:34:45|gemini|thinking_0|20|QUESTION|90|2089|048e04b2-b07c-46e7-b72d-cd02cab34b97
2026-04-05 17:34:45|gemini|thinking_0|20|JSON_SAVED||2089|048e04b2-b07c-46e7-b72d-cd02cab34b97
2026-04-05 17:34:45|gemini|thinking_0|20|QUESTION_ADVANCE||2090|55a3845e-d96d-444c-a352-7fde4e325aae
2026-04-05 17:35:49|gemini|thinking_0|21|QUESTION_SENT||2041|5dd3f0b4-a314-421f-9b38-4efd37c4a0fe
2026-04-05 17:36:48|gemini|thinking_0|21|JSON_VERIFIED||2041|5dd3f0b4-a314-421f-9b38-4efd37c4a0fe
2026-04-05 17:36:48|gemini|thinking_0|21|QUESTION|94|2041|5dd3f0b4-a314-421f-9b38-4efd37c4a0fe
2026-04-05 17:36:48|gemini|thinking_0|21|JSON_SAVED||2041|5dd3f0b4-a314-421f-9b38-4efd37c4a0fe
2026-04-05 17:36:48|gemini|thinking_0|21|QUESTION_ADVANCE||2042|fecc7e81-58d8-4e7e-b0ee-69d920138deb
2026-04-05 17:37:05|gemini|thinking_0|20|QUESTION_SENT||2090|55a3845e-d96d-444c-a352-7fde4e325aae
2026-04-05 17:37:39|gemini|thinking_0|20|JSON_VERIFIED||2090|55a3845e-d96d-444c-a352-7fde4e325aae
2026-04-05 17:37:39|gemini|thinking_0|20|QUESTION|91|2090|55a3845e-d96d-444c-a352-7fde4e325aae
2026-04-05 17:37:39|gemini|thinking_0|20|JSON_SAVED||2090|55a3845e-d96d-444c-a352-7fde4e325aae
2026-04-05 17:37:39|gemini|thinking_0|20|QUESTION_ADVANCE||2091|08df2355-f64e-404f-a2a3-d9134758b299
2026-04-05 17:39:04|gemini|thinking_0|21|QUESTION_SENT||2042|fecc7e81-58d8-4e7e-b0ee-69d920138deb
2026-04-05 17:40:13|gemini|thinking_0|21|JSON_VERIFIED||2042|fecc7e81-58d8-4e7e-b0ee-69d920138deb
2026-04-05 17:40:13|gemini|thinking_0|21|QUESTION|95|2042|fecc7e81-58d8-4e7e-b0ee-69d920138deb
2026-04-05 17:40:13|gemini|thinking_0|21|JSON_SAVED||2042|fecc7e81-58d8-4e7e-b0ee-69d920138deb
2026-04-05 17:40:13|gemini|thinking_0|21|QUESTION_ADVANCE||2043|74a65339-8b94-4674-80bf-226652c2432f
2026-04-05 17:40:20|gemini|thinking_0|20|QUESTION_SENT||2091|08df2355-f64e-404f-a2a3-d9134758b299
2026-04-05 17:41:16|gemini|thinking_0|20|JSON_VERIFIED||2091|08df2355-f64e-404f-a2a3-d9134758b299
2026-04-05 17:41:16|gemini|thinking_0|20|QUESTION|92|2091|08df2355-f64e-404f-a2a3-d9134758b299
2026-04-05 17:41:16|gemini|thinking_0|20|JSON_SAVED||2091|08df2355-f64e-404f-a2a3-d9134758b299
2026-04-05 17:41:16|gemini|thinking_0|20|QUESTION_ADVANCE||2092|998b2dd8-11bf-44cb-ba41-09d465d6d51b
2026-04-05 17:42:19|gemini|thinking_0|21|QUESTION_SENT||2043|74a65339-8b94-4674-80bf-226652c2432f
2026-04-05 17:43:35|gemini|thinking_0|20|QUESTION_SENT||2092|998b2dd8-11bf-44cb-ba41-09d465d6d51b
2026-04-05 17:44:09|gemini|thinking_0|21|JSON_VERIFIED||2043|74a65339-8b94-4674-80bf-226652c2432f
2026-04-05 17:44:09|gemini|thinking_0|21|QUESTION|96|2043|74a65339-8b94-4674-80bf-226652c2432f
2026-04-05 17:44:09|gemini|thinking_0|21|JSON_SAVED||2043|74a65339-8b94-4674-80bf-226652c2432f
2026-04-05 17:44:09|gemini|thinking_0|21|QUESTION_ADVANCE||2044|bcdee51b-34ac-45f0-aa3d-ed7edb92d671
2026-04-05 17:44:12|gemini|thinking_0|20|JSON_VERIFIED||2092|998b2dd8-11bf-44cb-ba41-09d465d6d51b
2026-04-05 17:44:12|gemini|thinking_0|20|QUESTION|93|2092|998b2dd8-11bf-44cb-ba41-09d465d6d51b
2026-04-05 17:44:12|gemini|thinking_0|20|JSON_SAVED||2092|998b2dd8-11bf-44cb-ba41-09d465d6d51b
2026-04-05 17:44:12|gemini|thinking_0|20|QUESTION_ADVANCE||2093|34478591-3b7c-4532-8b27-c13235135f91
2026-04-05 17:45:34|gemini|thinking_0|21|QUESTION_SENT||2044|bcdee51b-34ac-45f0-aa3d-ed7edb92d671
2026-04-05 17:46:12|gemini|thinking_0|21|JSON_VERIFIED||2044|bcdee51b-34ac-45f0-aa3d-ed7edb92d671
2026-04-05 17:46:12|gemini|thinking_0|21|QUESTION|97|2044|bcdee51b-34ac-45f0-aa3d-ed7edb92d671
2026-04-05 17:46:12|gemini|thinking_0|21|JSON_SAVED||2044|bcdee51b-34ac-45f0-aa3d-ed7edb92d671
2026-04-05 17:46:12|gemini|thinking_0|21|QUESTION_ADVANCE||2045|ae86cdd5-abc9-4740-a3db-e78e4943068b
2026-04-05 17:46:49|gemini|thinking_0|20|QUESTION_SENT||2093|34478591-3b7c-4532-8b27-c13235135f91
2026-04-05 17:47:21|gemini|thinking_0|20|JSON_VERIFIED||2093|34478591-3b7c-4532-8b27-c13235135f91
2026-04-05 17:47:21|gemini|thinking_0|20|QUESTION|94|2093|34478591-3b7c-4532-8b27-c13235135f91
2026-04-05 17:47:21|gemini|thinking_0|20|JSON_SAVED||2093|34478591-3b7c-4532-8b27-c13235135f91
2026-04-05 17:47:21|gemini|thinking_0|20|QUESTION_ADVANCE||2094|dac40444-9350-4423-b63d-2e2bd04b2341
2026-04-05 17:48:48|gemini|thinking_0|21|QUESTION_SENT||2045|ae86cdd5-abc9-4740-a3db-e78e4943068b
2026-04-05 17:49:26|gemini|thinking_0|21|JSON_VERIFIED||2045|ae86cdd5-abc9-4740-a3db-e78e4943068b
2026-04-05 17:49:26|gemini|thinking_0|21|QUESTION|98|2045|ae86cdd5-abc9-4740-a3db-e78e4943068b
2026-04-05 17:49:26|gemini|thinking_0|21|JSON_SAVED||2045|ae86cdd5-abc9-4740-a3db-e78e4943068b
2026-04-05 17:49:26|gemini|thinking_0|21|QUESTION_ADVANCE||2046|e63a864e-2f40-4336-80c8-82af474a95c5
2026-04-05 17:50:04|gemini|thinking_0|20|QUESTION_SENT||2094|dac40444-9350-4423-b63d-2e2bd04b2341
2026-04-05 17:50:37|gemini|thinking_0|20|JSON_VERIFIED||2094|dac40444-9350-4423-b63d-2e2bd04b2341
2026-04-05 17:50:37|gemini|thinking_0|20|QUESTION|95|2094|dac40444-9350-4423-b63d-2e2bd04b2341
2026-04-05 17:50:37|gemini|thinking_0|20|JSON_SAVED||2094|dac40444-9350-4423-b63d-2e2bd04b2341
2026-04-05 17:50:37|gemini|thinking_0|20|QUESTION_ADVANCE||2095|b38c1b10-0310-434e-9783-2e2a291d61bd
2026-04-05 17:52:03|gemini|thinking_0|21|QUESTION_SENT||2046|e63a864e-2f40-4336-80c8-82af474a95c5
2026-04-05 17:52:37|gemini|thinking_0|21|JSON_VERIFIED||2046|e63a864e-2f40-4336-80c8-82af474a95c5
2026-04-05 17:52:37|gemini|thinking_0|21|QUESTION|99|2046|e63a864e-2f40-4336-80c8-82af474a95c5
2026-04-05 17:52:37|gemini|thinking_0|21|JSON_SAVED||2046|e63a864e-2f40-4336-80c8-82af474a95c5
2026-04-05 17:52:37|gemini|thinking_0|21|QUESTION_ADVANCE||2047|7551811c-664d-44a4-a95a-4f2de0e5fb26
2026-04-05 17:53:19|gemini|thinking_0|20|QUESTION_SENT||2095|b38c1b10-0310-434e-9783-2e2a291d61bd
2026-04-05 17:53:53|gemini|thinking_0|20|JSON_VERIFIED||2095|b38c1b10-0310-434e-9783-2e2a291d61bd
2026-04-05 17:53:53|gemini|thinking_0|20|QUESTION|96|2095|b38c1b10-0310-434e-9783-2e2a291d61bd
2026-04-05 17:53:53|gemini|thinking_0|20|JSON_SAVED||2095|b38c1b10-0310-434e-9783-2e2a291d61bd
2026-04-05 17:53:53|gemini|thinking_0|20|QUESTION_ADVANCE||2096|0f6c9d7b-632b-4221-bfc7-fdee5578370b
2026-04-05 17:55:17|gemini|thinking_0|21|QUESTION_SENT||2047|7551811c-664d-44a4-a95a-4f2de0e5fb26
2026-04-05 17:55:50|gemini|thinking_0|21|JSON_VERIFIED||2047|7551811c-664d-44a4-a95a-4f2de0e5fb26
2026-04-05 17:55:50|gemini|thinking_0|21|QUESTION|100|2047|7551811c-664d-44a4-a95a-4f2de0e5fb26
2026-04-05 17:55:50|gemini|thinking_0|21|JSON_SAVED||2047|7551811c-664d-44a4-a95a-4f2de0e5fb26
2026-04-05 17:55:50|gemini|thinking_0|21|QUESTION_ADVANCE||2048|13c7d852-acd3-47a0-ac10-7cee18deca87
2026-04-05 17:56:34|gemini|thinking_0|20|QUESTION_SENT||2096|0f6c9d7b-632b-4221-bfc7-fdee5578370b
2026-04-05 17:57:05|gemini|thinking_0|20|JSON_VERIFIED||2096|0f6c9d7b-632b-4221-bfc7-fdee5578370b
2026-04-05 17:57:05|gemini|thinking_0|20|QUESTION|97|2096|0f6c9d7b-632b-4221-bfc7-fdee5578370b
2026-04-05 17:57:05|gemini|thinking_0|20|JSON_SAVED||2096|0f6c9d7b-632b-4221-bfc7-fdee5578370b
2026-04-05 17:57:05|gemini|thinking_0|20|QUESTION_ADVANCE||2097|9565959a-3df8-4d37-a511-b70babe014f0
2026-04-05 17:58:32|gemini|thinking_0|21|QUESTION_SENT||2048|13c7d852-acd3-47a0-ac10-7cee18deca87
2026-04-05 17:59:49|gemini|thinking_0|20|QUESTION_SENT||2097|9565959a-3df8-4d37-a511-b70babe014f0
2026-04-05 18:00:41|gemini|thinking_0|20|JSON_VERIFIED||2097|9565959a-3df8-4d37-a511-b70babe014f0
2026-04-05 18:00:41|gemini|thinking_0|20|QUESTION|98|2097|9565959a-3df8-4d37-a511-b70babe014f0
2026-04-05 18:00:41|gemini|thinking_0|20|JSON_SAVED||2097|9565959a-3df8-4d37-a511-b70babe014f0
2026-04-05 18:00:41|gemini|thinking_0|20|QUESTION_ADVANCE||2098|7f7747d0-3831-428c-969a-9560ffc1db25
2026-04-05 18:01:47|gemini|thinking_0|21|QUESTION_SENT||2048|13c7d852-acd3-47a0-ac10-7cee18deca87
2026-04-05 18:03:04|gemini|thinking_0|20|QUESTION_SENT||2098|7f7747d0-3831-428c-969a-9560ffc1db25
2026-04-05 18:04:27|gemini|thinking_0|20|JSON_VERIFIED||2098|7f7747d0-3831-428c-969a-9560ffc1db25
2026-04-05 18:04:27|gemini|thinking_0|20|QUESTION|99|2098|7f7747d0-3831-428c-969a-9560ffc1db25
2026-04-05 18:04:27|gemini|thinking_0|20|JSON_SAVED||2098|7f7747d0-3831-428c-969a-9560ffc1db25
2026-04-05 18:04:27|gemini|thinking_0|20|QUESTION_ADVANCE||2099|e5e9793a-c5e4-42a2-9752-a46d6ab822eb
2026-04-05 18:05:30|gemini|thinking_0|21|QUESTION_SENT||2048|13c7d852-acd3-47a0-ac10-7cee18deca87
2026-04-05 18:06:19|gemini|thinking_0|20|QUESTION_SENT||2099|e5e9793a-c5e4-42a2-9752-a46d6ab822eb
2026-04-05 18:06:24|gemini|thinking_0|21|JSON_VERIFIED||2048|13c7d852-acd3-47a0-ac10-7cee18deca87
2026-04-05 18:06:24|gemini|thinking_0|21|QUESTION|101|2048|13c7d852-acd3-47a0-ac10-7cee18deca87
2026-04-05 18:06:24|gemini|thinking_0|21|JSON_SAVED||2048|13c7d852-acd3-47a0-ac10-7cee18deca87
2026-04-05 18:06:24|gemini|thinking_0|21|QUESTION_ADVANCE||2049|db69d06b-1be0-4b0e-82d1-7128aef3ec21
2026-04-05 18:06:58|gemini|thinking_0|20|JSON_VERIFIED||2099|e5e9793a-c5e4-42a2-9752-a46d6ab822eb
2026-04-05 18:06:58|gemini|thinking_0|20|QUESTION|100|2099|e5e9793a-c5e4-42a2-9752-a46d6ab822eb
2026-04-05 18:06:58|gemini|thinking_0|20|JSON_SAVED||2099|e5e9793a-c5e4-42a2-9752-a46d6ab822eb
2026-04-05 18:06:58|gemini|thinking_0|20|QUESTION_ADVANCE||2100|5fcb544b-f3f7-4dce-9d55-b6ad19a6ef93
2026-04-05 18:08:45|gemini|thinking_0|21|QUESTION_SENT||2049|db69d06b-1be0-4b0e-82d1-7128aef3ec21
2026-04-05 18:09:34|gemini|thinking_0|20|QUESTION_SENT||2100|5fcb544b-f3f7-4dce-9d55-b6ad19a6ef93
2026-04-05 18:09:37|gemini|thinking_0|21|JSON_VERIFIED||2049|db69d06b-1be0-4b0e-82d1-7128aef3ec21
2026-04-05 18:09:37|gemini|thinking_0|21|QUESTION|102|2049|db69d06b-1be0-4b0e-82d1-7128aef3ec21
2026-04-05 18:09:37|gemini|thinking_0|21|JSON_SAVED||2049|db69d06b-1be0-4b0e-82d1-7128aef3ec21
2026-04-05 18:09:37|gemini|thinking_0|21|QUESTION_ADVANCE||2050|010f33a5-a0ed-43c2-aa8d-d9b6b9d0d69d
2026-04-05 18:10:08|gemini|thinking_0|20|JSON_VERIFIED||2100|5fcb544b-f3f7-4dce-9d55-b6ad19a6ef93
2026-04-05 18:10:08|gemini|thinking_0|20|QUESTION|101|2100|5fcb544b-f3f7-4dce-9d55-b6ad19a6ef93
2026-04-05 18:10:08|gemini|thinking_0|20|JSON_SAVED||2100|5fcb544b-f3f7-4dce-9d55-b6ad19a6ef93
2026-04-05 18:10:08|gemini|thinking_0|20|QUESTION_ADVANCE||2101|299733dd-b968-4a7b-9572-c462f0207762
2026-04-05 18:11:59|gemini|thinking_0|21|QUESTION_SENT||2050|010f33a5-a0ed-43c2-aa8d-d9b6b9d0d69d
2026-04-05 18:12:45|gemini|thinking_0|21|JSON_VERIFIED||2050|010f33a5-a0ed-43c2-aa8d-d9b6b9d0d69d
2026-04-05 18:12:45|gemini|thinking_0|21|QUESTION|103|2050|010f33a5-a0ed-43c2-aa8d-d9b6b9d0d69d
2026-04-05 18:12:45|gemini|thinking_0|21|JSON_SAVED||2050|010f33a5-a0ed-43c2-aa8d-d9b6b9d0d69d
2026-04-05 18:12:45|gemini|thinking_0|21|QUESTION_ADVANCE||2051|0ee2e2a3-b836-4c2c-b258-296841f5a759
2026-04-05 18:12:48|gemini|thinking_0|20|QUESTION_SENT||2101|299733dd-b968-4a7b-9572-c462f0207762
2026-04-05 18:13:29|gemini|thinking_0|20|JSON_VERIFIED||2101|299733dd-b968-4a7b-9572-c462f0207762
2026-04-05 18:13:29|gemini|thinking_0|20|QUESTION|102|2101|299733dd-b968-4a7b-9572-c462f0207762
2026-04-05 18:13:29|gemini|thinking_0|20|JSON_SAVED||2101|299733dd-b968-4a7b-9572-c462f0207762
2026-04-05 18:13:29|gemini|thinking_0|20|QUESTION_ADVANCE||2102|26e23295-a180-47c2-a7dd-6629b361b8e7
2026-04-05 18:15:14|gemini|thinking_0|21|QUESTION_SENT||2051|0ee2e2a3-b836-4c2c-b258-296841f5a759
2026-04-05 18:16:03|gemini|thinking_0|20|QUESTION_SENT||2102|26e23295-a180-47c2-a7dd-6629b361b8e7
2026-04-05 18:16:08|gemini|thinking_0|21|JSON_VERIFIED||2051|0ee2e2a3-b836-4c2c-b258-296841f5a759
2026-04-05 18:16:08|gemini|thinking_0|21|QUESTION|104|2051|0ee2e2a3-b836-4c2c-b258-296841f5a759
2026-04-05 18:16:08|gemini|thinking_0|21|JSON_SAVED||2051|0ee2e2a3-b836-4c2c-b258-296841f5a759
2026-04-05 18:16:08|gemini|thinking_0|21|QUESTION_ADVANCE||2052|10c4b163-a442-4159-8923-cdb0911b81f4
2026-04-05 18:16:46|gemini|thinking_0|20|JSON_VERIFIED||2102|26e23295-a180-47c2-a7dd-6629b361b8e7
2026-04-05 18:16:46|gemini|thinking_0|20|QUESTION|103|2102|26e23295-a180-47c2-a7dd-6629b361b8e7
2026-04-05 18:16:46|gemini|thinking_0|20|JSON_SAVED||2102|26e23295-a180-47c2-a7dd-6629b361b8e7
2026-04-05 18:16:46|gemini|thinking_0|20|QUESTION_ADVANCE||2103|516f716a-0418-45e7-995e-12093bfa6c4f
2026-04-05 18:18:29|gemini|thinking_0|21|QUESTION_SENT||2052|10c4b163-a442-4159-8923-cdb0911b81f4
2026-04-05 18:19:14|gemini|thinking_0|21|JSON_VERIFIED||2052|10c4b163-a442-4159-8923-cdb0911b81f4
2026-04-05 18:19:14|gemini|thinking_0|21|QUESTION|105|2052|10c4b163-a442-4159-8923-cdb0911b81f4
2026-04-05 18:19:14|gemini|thinking_0|21|JSON_SAVED||2052|10c4b163-a442-4159-8923-cdb0911b81f4
2026-04-05 18:19:14|gemini|thinking_0|21|QUESTION_ADVANCE||2053|bd631f8b-2547-4193-8d2f-a674b66cd6e1
2026-04-05 18:19:18|gemini|thinking_0|20|QUESTION_SENT||2103|516f716a-0418-45e7-995e-12093bfa6c4f
2026-04-05 18:21:43|gemini|thinking_0|21|QUESTION_SENT||2053|bd631f8b-2547-4193-8d2f-a674b66cd6e1
2026-04-05 18:22:50|gemini|thinking_0|21|JSON_VERIFIED||2053|bd631f8b-2547-4193-8d2f-a674b66cd6e1
2026-04-05 18:22:50|gemini|thinking_0|21|QUESTION|106|2053|bd631f8b-2547-4193-8d2f-a674b66cd6e1
2026-04-05 18:22:50|gemini|thinking_0|21|JSON_SAVED||2053|bd631f8b-2547-4193-8d2f-a674b66cd6e1
2026-04-05 18:22:50|gemini|thinking_0|21|QUESTION_ADVANCE||2054|bd14813b-617f-471c-9b65-cd9324ebc593
2026-04-05 18:23:01|gemini|thinking_0|20|QUESTION_SENT||2103|516f716a-0418-45e7-995e-12093bfa6c4f
2026-04-05 18:23:56|gemini|thinking_0|20|JSON_VERIFIED||2103|516f716a-0418-45e7-995e-12093bfa6c4f
2026-04-05 18:23:56|gemini|thinking_0|20|QUESTION|104|2103|516f716a-0418-45e7-995e-12093bfa6c4f
2026-04-05 18:23:56|gemini|thinking_0|20|JSON_SAVED||2103|516f716a-0418-45e7-995e-12093bfa6c4f
2026-04-05 18:23:56|gemini|thinking_0|20|QUESTION_ADVANCE||2104|bef055b9-3a47-46a8-bb98-a74a2eb4b087
2026-04-05 18:24:58|gemini|thinking_0|21|QUESTION_SENT||2054|bd14813b-617f-471c-9b65-cd9324ebc593
2026-04-05 18:25:34|gemini|thinking_0|21|JSON_VERIFIED||2054|bd14813b-617f-471c-9b65-cd9324ebc593
2026-04-05 18:25:34|gemini|thinking_0|21|QUESTION|107|2054|bd14813b-617f-471c-9b65-cd9324ebc593
2026-04-05 18:25:34|gemini|thinking_0|21|JSON_SAVED||2054|bd14813b-617f-471c-9b65-cd9324ebc593
2026-04-05 18:25:34|gemini|thinking_0|21|QUESTION_ADVANCE||2055|621fe207-c351-4a56-823c-47f4b32a2df1
2026-04-05 18:26:15|gemini|thinking_0|20|QUESTION_SENT||2104|bef055b9-3a47-46a8-bb98-a74a2eb4b087
2026-04-05 18:26:57|gemini|thinking_0|20|JSON_VERIFIED||2104|bef055b9-3a47-46a8-bb98-a74a2eb4b087
2026-04-05 18:26:57|gemini|thinking_0|20|QUESTION|105|2104|bef055b9-3a47-46a8-bb98-a74a2eb4b087
2026-04-05 18:26:57|gemini|thinking_0|20|JSON_SAVED||2104|bef055b9-3a47-46a8-bb98-a74a2eb4b087
2026-04-05 18:26:57|gemini|thinking_0|20|QUESTION_ADVANCE||2105|3cc4a24a-bd5d-4232-8b7b-42a286140caf
2026-04-05 18:28:13|gemini|thinking_0|21|QUESTION_SENT||2055|621fe207-c351-4a56-823c-47f4b32a2df1
2026-04-05 18:29:27|gemini|thinking_0|21|JSON_VERIFIED||2055|621fe207-c351-4a56-823c-47f4b32a2df1
2026-04-05 18:29:27|gemini|thinking_0|21|QUESTION|108|2055|621fe207-c351-4a56-823c-47f4b32a2df1
2026-04-05 18:29:27|gemini|thinking_0|21|JSON_SAVED||2055|621fe207-c351-4a56-823c-47f4b32a2df1
2026-04-05 18:29:27|gemini|thinking_0|21|QUESTION_ADVANCE||2056|12805786-d425-47fd-a9c8-9dbb2a168ed9
2026-04-05 18:29:30|gemini|thinking_0|20|QUESTION_SENT||2105|3cc4a24a-bd5d-4232-8b7b-42a286140caf
2026-04-05 18:30:04|gemini|thinking_0|20|JSON_VERIFIED||2105|3cc4a24a-bd5d-4232-8b7b-42a286140caf
2026-04-05 18:30:04|gemini|thinking_0|20|QUESTION|106|2105|3cc4a24a-bd5d-4232-8b7b-42a286140caf
2026-04-05 18:30:04|gemini|thinking_0|20|JSON_SAVED||2105|3cc4a24a-bd5d-4232-8b7b-42a286140caf
2026-04-05 18:30:04|gemini|thinking_0|20|QUESTION_ADVANCE||2106|1a7f8391-78c2-4acf-951f-32c32a004898
2026-04-05 18:31:28|gemini|thinking_0|21|QUESTION_SENT||2056|12805786-d425-47fd-a9c8-9dbb2a168ed9
2026-04-05 18:32:03|gemini|thinking_0|21|JSON_VERIFIED||2056|12805786-d425-47fd-a9c8-9dbb2a168ed9
2026-04-05 18:32:03|gemini|thinking_0|21|QUESTION|109|2056|12805786-d425-47fd-a9c8-9dbb2a168ed9
2026-04-05 18:32:03|gemini|thinking_0|21|JSON_SAVED||2056|12805786-d425-47fd-a9c8-9dbb2a168ed9
2026-04-05 18:32:03|gemini|thinking_0|21|QUESTION_ADVANCE||2057|e04923b9-471c-4089-85fc-97714d33975e
2026-04-05 18:32:45|gemini|thinking_0|20|QUESTION_SENT||2106|1a7f8391-78c2-4acf-951f-32c32a004898
2026-04-05 18:33:21|gemini|thinking_0|20|JSON_VERIFIED||2106|1a7f8391-78c2-4acf-951f-32c32a004898
2026-04-05 18:33:21|gemini|thinking_0|20|QUESTION|107|2106|1a7f8391-78c2-4acf-951f-32c32a004898
2026-04-05 18:33:21|gemini|thinking_0|20|JSON_SAVED||2106|1a7f8391-78c2-4acf-951f-32c32a004898
2026-04-05 18:33:21|gemini|thinking_0|20|QUESTION_ADVANCE||2107|c119c6b8-7778-4fb5-b786-517f363b2422
2026-04-05 18:34:42|gemini|thinking_0|21|QUESTION_SENT||2057|e04923b9-471c-4089-85fc-97714d33975e
2026-04-05 18:35:18|gemini|thinking_0|21|JSON_VERIFIED||2057|e04923b9-471c-4089-85fc-97714d33975e
2026-04-05 18:35:18|gemini|thinking_0|21|QUESTION|110|2057|e04923b9-471c-4089-85fc-97714d33975e
2026-04-05 18:35:18|gemini|thinking_0|21|JSON_SAVED||2057|e04923b9-471c-4089-85fc-97714d33975e
2026-04-05 18:35:18|gemini|thinking_0|21|QUESTION_ADVANCE||2058|fa35ca6e-5db2-49f4-8803-a3a3834b7c7b
2026-04-05 18:36:00|gemini|thinking_0|20|QUESTION_SENT||2107|c119c6b8-7778-4fb5-b786-517f363b2422
2026-04-05 18:37:57|gemini|thinking_0|21|QUESTION_SENT||2058|fa35ca6e-5db2-49f4-8803-a3a3834b7c7b
2026-04-05 18:38:52|gemini|thinking_0|21|JSON_VERIFIED||2058|fa35ca6e-5db2-49f4-8803-a3a3834b7c7b
2026-04-05 18:38:52|gemini|thinking_0|21|QUESTION|111|2058|fa35ca6e-5db2-49f4-8803-a3a3834b7c7b
2026-04-05 18:38:52|gemini|thinking_0|21|JSON_SAVED||2058|fa35ca6e-5db2-49f4-8803-a3a3834b7c7b
2026-04-05 18:38:52|gemini|thinking_0|21|QUESTION_ADVANCE||2059|d7a88601-c070-4156-9560-e169eb3f2482
2026-04-05 18:39:14|gemini|thinking_0|20|QUESTION_SENT||2107|c119c6b8-7778-4fb5-b786-517f363b2422
2026-04-05 18:41:12|gemini|thinking_0|21|QUESTION_SENT||2059|d7a88601-c070-4156-9560-e169eb3f2482
2026-04-05 18:41:49|gemini|thinking_0|21|JSON_VERIFIED||2059|d7a88601-c070-4156-9560-e169eb3f2482
2026-04-05 18:41:49|gemini|thinking_0|21|QUESTION|112|2059|d7a88601-c070-4156-9560-e169eb3f2482
2026-04-05 18:41:49|gemini|thinking_0|21|JSON_SAVED||2059|d7a88601-c070-4156-9560-e169eb3f2482
2026-04-05 18:41:49|gemini|thinking_0|21|QUESTION_ADVANCE||2060|6ab02d02-9c77-43e1-8943-d6f5c7be535c
2026-04-05 18:42:57|gemini|thinking_0|20|QUESTION_SENT||2107|c119c6b8-7778-4fb5-b786-517f363b2422
2026-04-05 18:43:36|gemini|thinking_0|20|JSON_VERIFIED||2107|c119c6b8-7778-4fb5-b786-517f363b2422
2026-04-05 18:43:36|gemini|thinking_0|20|QUESTION|108|2107|c119c6b8-7778-4fb5-b786-517f363b2422
2026-04-05 18:43:36|gemini|thinking_0|20|JSON_SAVED||2107|c119c6b8-7778-4fb5-b786-517f363b2422
2026-04-05 18:43:36|gemini|thinking_0|20|QUESTION_ADVANCE||2108|72c0f808-c3fb-48b4-9fc4-3ee73bc044f6
2026-04-05 18:44:26|gemini|thinking_0|21|QUESTION_SENT||2060|6ab02d02-9c77-43e1-8943-d6f5c7be535c
2026-04-05 18:45:08|gemini|thinking_0|21|JSON_VERIFIED||2060|6ab02d02-9c77-43e1-8943-d6f5c7be535c
2026-04-05 18:45:08|gemini|thinking_0|21|QUESTION|113|2060|6ab02d02-9c77-43e1-8943-d6f5c7be535c
2026-04-05 18:45:08|gemini|thinking_0|21|JSON_SAVED||2060|6ab02d02-9c77-43e1-8943-d6f5c7be535c
2026-04-05 18:45:08|gemini|thinking_0|21|QUESTION_ADVANCE||2061|8d5bd05e-5f00-44cc-818c-1648d329b878
2026-04-05 18:46:12|gemini|thinking_0|20|QUESTION_SENT||2108|72c0f808-c3fb-48b4-9fc4-3ee73bc044f6
2026-04-05 18:46:53|gemini|thinking_0|20|JSON_VERIFIED||2108|72c0f808-c3fb-48b4-9fc4-3ee73bc044f6
2026-04-05 18:46:53|gemini|thinking_0|20|QUESTION|109|2108|72c0f808-c3fb-48b4-9fc4-3ee73bc044f6
2026-04-05 18:46:53|gemini|thinking_0|20|JSON_SAVED||2108|72c0f808-c3fb-48b4-9fc4-3ee73bc044f6
2026-04-05 18:46:53|gemini|thinking_0|20|QUESTION_ADVANCE||2109|be10422d-1a7b-4d10-bc5e-c0874ba0d095
2026-04-05 18:47:41|gemini|thinking_0|21|QUESTION_SENT||2061|8d5bd05e-5f00-44cc-818c-1648d329b878
2026-04-05 18:48:35|gemini|thinking_0|21|JSON_VERIFIED||2061|8d5bd05e-5f00-44cc-818c-1648d329b878
2026-04-05 18:48:35|gemini|thinking_0|21|QUESTION|114|2061|8d5bd05e-5f00-44cc-818c-1648d329b878
2026-04-05 18:48:35|gemini|thinking_0|21|JSON_SAVED||2061|8d5bd05e-5f00-44cc-818c-1648d329b878
2026-04-05 18:48:35|gemini|thinking_0|21|QUESTION_ADVANCE||2062|1ecde591-65ee-43b6-8515-201a74011e44
2026-04-05 18:49:27|gemini|thinking_0|20|QUESTION_SENT||2109|be10422d-1a7b-4d10-bc5e-c0874ba0d095
2026-04-05 18:49:58|gemini|thinking_0|20|JSON_VERIFIED||2109|be10422d-1a7b-4d10-bc5e-c0874ba0d095
2026-04-05 18:49:58|gemini|thinking_0|20|QUESTION|110|2109|be10422d-1a7b-4d10-bc5e-c0874ba0d095
2026-04-05 18:49:58|gemini|thinking_0|20|JSON_SAVED||2109|be10422d-1a7b-4d10-bc5e-c0874ba0d095
2026-04-05 18:49:58|gemini|thinking_0|20|QUESTION_ADVANCE||2110|a76ecfee-6909-46c8-b430-b3d8bee29e5d
2026-04-05 18:50:56|gemini|thinking_0|21|QUESTION_SENT||2062|1ecde591-65ee-43b6-8515-201a74011e44
2026-04-05 18:51:24|gemini|thinking_0|21|JSON_VERIFIED||2062|1ecde591-65ee-43b6-8515-201a74011e44
2026-04-05 18:51:24|gemini|thinking_0|21|QUESTION|115|2062|1ecde591-65ee-43b6-8515-201a74011e44
2026-04-05 18:51:24|gemini|thinking_0|21|JSON_SAVED||2062|1ecde591-65ee-43b6-8515-201a74011e44
2026-04-05 18:51:24|gemini|thinking_0|21|QUESTION_ADVANCE||2063|473d4112-9034-430e-bdc2-553d0b232ec8
2026-04-05 18:52:42|gemini|thinking_0|20|QUESTION_SENT||2110|a76ecfee-6909-46c8-b430-b3d8bee29e5d
2026-04-05 18:53:13|gemini|thinking_0|20|JSON_VERIFIED||2110|a76ecfee-6909-46c8-b430-b3d8bee29e5d
2026-04-05 18:53:13|gemini|thinking_0|20|QUESTION|111|2110|a76ecfee-6909-46c8-b430-b3d8bee29e5d
2026-04-05 18:53:13|gemini|thinking_0|20|JSON_SAVED||2110|a76ecfee-6909-46c8-b430-b3d8bee29e5d
2026-04-05 18:53:13|gemini|thinking_0|20|QUESTION_ADVANCE||2111|6fe1ca02-fac0-4180-bb64-c8361b5a5178
2026-04-05 18:54:10|gemini|thinking_0|21|QUESTION_SENT||2063|473d4112-9034-430e-bdc2-553d0b232ec8
2026-04-05 18:54:57|gemini|thinking_0|21|JSON_VERIFIED||2063|473d4112-9034-430e-bdc2-553d0b232ec8
2026-04-05 18:54:57|gemini|thinking_0|21|QUESTION|116|2063|473d4112-9034-430e-bdc2-553d0b232ec8
2026-04-05 18:54:57|gemini|thinking_0|21|JSON_SAVED||2063|473d4112-9034-430e-bdc2-553d0b232ec8
2026-04-05 18:54:57|gemini|thinking_0|21|QUESTION_ADVANCE||2064|97c229e5-8cb0-447a-a6f6-3a4c2cfc05a3
2026-04-05 18:55:56|gemini|thinking_0|20|QUESTION_SENT||2111|6fe1ca02-fac0-4180-bb64-c8361b5a5178
2026-04-05 18:56:27|gemini|thinking_0|20|JSON_VERIFIED||2111|6fe1ca02-fac0-4180-bb64-c8361b5a5178
2026-04-05 18:56:27|gemini|thinking_0|20|QUESTION|112|2111|6fe1ca02-fac0-4180-bb64-c8361b5a5178
2026-04-05 18:56:27|gemini|thinking_0|20|JSON_SAVED||2111|6fe1ca02-fac0-4180-bb64-c8361b5a5178
2026-04-05 18:56:27|gemini|thinking_0|20|QUESTION_ADVANCE||2112|21954431-5748-44c4-879a-281011e41991
2026-04-05 18:57:25|gemini|thinking_0|21|QUESTION_SENT||2064|97c229e5-8cb0-447a-a6f6-3a4c2cfc05a3
2026-04-05 18:58:06|gemini|thinking_0|21|JSON_VERIFIED||2064|97c229e5-8cb0-447a-a6f6-3a4c2cfc05a3
2026-04-05 18:58:06|gemini|thinking_0|21|QUESTION|117|2064|97c229e5-8cb0-447a-a6f6-3a4c2cfc05a3
2026-04-05 18:58:06|gemini|thinking_0|21|JSON_SAVED||2064|97c229e5-8cb0-447a-a6f6-3a4c2cfc05a3
2026-04-05 18:58:06|gemini|thinking_0|21|QUESTION_ADVANCE||2065|e2e12f8a-aefd-41cf-95de-959fb208c431
2026-04-05 18:59:11|gemini|thinking_0|20|QUESTION_SENT||2112|21954431-5748-44c4-879a-281011e41991
2026-04-05 18:59:45|gemini|thinking_0|20|JSON_VERIFIED||2112|21954431-5748-44c4-879a-281011e41991
2026-04-05 18:59:45|gemini|thinking_0|20|QUESTION|113|2112|21954431-5748-44c4-879a-281011e41991
2026-04-05 18:59:45|gemini|thinking_0|20|JSON_SAVED||2112|21954431-5748-44c4-879a-281011e41991
2026-04-05 18:59:45|gemini|thinking_0|20|QUESTION_ADVANCE||2113|2b0b6082-7b60-4b55-9b06-37178e6b1080
2026-04-05 19:00:40|gemini|thinking_0|21|QUESTION_SENT||2065|e2e12f8a-aefd-41cf-95de-959fb208c431
2026-04-05 19:02:26|gemini|thinking_0|20|QUESTION_SENT||2113|2b0b6082-7b60-4b55-9b06-37178e6b1080
2026-04-05 19:03:22|gemini|thinking_0|20|JSON_VERIFIED||2113|2b0b6082-7b60-4b55-9b06-37178e6b1080
2026-04-05 19:03:22|gemini|thinking_0|20|QUESTION|114|2113|2b0b6082-7b60-4b55-9b06-37178e6b1080
2026-04-05 19:03:22|gemini|thinking_0|20|JSON_SAVED||2113|2b0b6082-7b60-4b55-9b06-37178e6b1080
2026-04-05 19:03:22|gemini|thinking_0|20|QUESTION_ADVANCE||2114|b8ad56b7-3ef3-403f-8b94-0d381fdafc65
2026-04-05 19:03:54|gemini|thinking_0|21|QUESTION_SENT||2065|e2e12f8a-aefd-41cf-95de-959fb208c431
2026-04-05 19:04:30|gemini|thinking_0|21|JSON_VERIFIED||2065|e2e12f8a-aefd-41cf-95de-959fb208c431
2026-04-05 19:04:30|gemini|thinking_0|21|QUESTION|118|2065|e2e12f8a-aefd-41cf-95de-959fb208c431
2026-04-05 19:04:30|gemini|thinking_0|21|JSON_SAVED||2065|e2e12f8a-aefd-41cf-95de-959fb208c431
2026-04-05 19:04:30|gemini|thinking_0|21|QUESTION_ADVANCE||2066|ba2bc07b-9f3d-477c-bb80-9d4f90673c7f
2026-04-05 19:05:40|gemini|thinking_0|20|QUESTION_SENT||2114|b8ad56b7-3ef3-403f-8b94-0d381fdafc65
2026-04-05 19:06:16|gemini|thinking_0|20|JSON_VERIFIED||2114|b8ad56b7-3ef3-403f-8b94-0d381fdafc65
2026-04-05 19:06:16|gemini|thinking_0|20|QUESTION|115|2114|b8ad56b7-3ef3-403f-8b94-0d381fdafc65
2026-04-05 19:06:16|gemini|thinking_0|20|JSON_SAVED||2114|b8ad56b7-3ef3-403f-8b94-0d381fdafc65
2026-04-05 19:06:16|gemini|thinking_0|20|QUESTION_ADVANCE||2115|58b96514-2bae-41c9-8cc8-5ba79692d59f
2026-04-05 19:07:09|gemini|thinking_0|21|QUESTION_SENT||2066|ba2bc07b-9f3d-477c-bb80-9d4f90673c7f
2026-04-05 19:08:19|gemini|thinking_0|21|JSON_VERIFIED||2066|ba2bc07b-9f3d-477c-bb80-9d4f90673c7f
2026-04-05 19:08:19|gemini|thinking_0|21|QUESTION|119|2066|ba2bc07b-9f3d-477c-bb80-9d4f90673c7f
2026-04-05 19:08:19|gemini|thinking_0|21|JSON_SAVED||2066|ba2bc07b-9f3d-477c-bb80-9d4f90673c7f
2026-04-05 19:08:19|gemini|thinking_0|21|QUESTION_ADVANCE||2067|92a67963-db3a-4e0f-bc52-c9c0effa57ac
2026-04-05 19:08:55|gemini|thinking_0|20|QUESTION_SENT||2115|58b96514-2bae-41c9-8cc8-5ba79692d59f
2026-04-05 19:10:24|gemini|thinking_0|21|QUESTION_SENT||2067|92a67963-db3a-4e0f-bc52-c9c0effa57ac
2026-04-05 19:10:59|gemini|thinking_0|21|JSON_VERIFIED||2067|92a67963-db3a-4e0f-bc52-c9c0effa57ac
2026-04-05 19:10:59|gemini|thinking_0|21|QUESTION|120|2067|92a67963-db3a-4e0f-bc52-c9c0effa57ac
2026-04-05 19:10:59|gemini|thinking_0|21|JSON_SAVED||2067|92a67963-db3a-4e0f-bc52-c9c0effa57ac
2026-04-05 19:10:59|gemini|thinking_0|21|QUESTION_ADVANCE||2068|d25e64e9-5f26-401f-892c-bb702631f672
2026-04-05 19:12:38|gemini|thinking_0|20|QUESTION_SENT||2115|58b96514-2bae-41c9-8cc8-5ba79692d59f
2026-04-05 19:13:10|gemini|thinking_0|20|JSON_VERIFIED||2115|58b96514-2bae-41c9-8cc8-5ba79692d59f
2026-04-05 19:13:10|gemini|thinking_0|20|QUESTION|116|2115|58b96514-2bae-41c9-8cc8-5ba79692d59f
2026-04-05 19:13:10|gemini|thinking_0|20|JSON_SAVED||2115|58b96514-2bae-41c9-8cc8-5ba79692d59f
2026-04-05 19:13:10|gemini|thinking_0|20|QUESTION_ADVANCE||2116|c99a9e4f-04d9-4ab9-8efe-ebf46adacc3d
2026-04-05 19:13:39|gemini|thinking_0|21|QUESTION_SENT||2068|d25e64e9-5f26-401f-892c-bb702631f672
2026-04-05 19:14:14|gemini|thinking_0|21|JSON_VERIFIED||2068|d25e64e9-5f26-401f-892c-bb702631f672
2026-04-05 19:14:14|gemini|thinking_0|21|QUESTION|121|2068|d25e64e9-5f26-401f-892c-bb702631f672
2026-04-05 19:14:14|gemini|thinking_0|21|JSON_SAVED||2068|d25e64e9-5f26-401f-892c-bb702631f672
2026-04-05 19:14:14|gemini|thinking_0|21|QUESTION_ADVANCE||2069|d0f7ec24-a4fa-41e5-813b-e79bafaac847
2026-04-05 19:15:53|gemini|thinking_0|20|QUESTION_SENT||2116|c99a9e4f-04d9-4ab9-8efe-ebf46adacc3d
2026-04-05 19:16:49|gemini|thinking_0|20|JSON_VERIFIED||2116|c99a9e4f-04d9-4ab9-8efe-ebf46adacc3d
2026-04-05 19:16:49|gemini|thinking_0|20|QUESTION|117|2116|c99a9e4f-04d9-4ab9-8efe-ebf46adacc3d
2026-04-05 19:16:49|gemini|thinking_0|20|JSON_SAVED||2116|c99a9e4f-04d9-4ab9-8efe-ebf46adacc3d
2026-04-05 19:16:49|gemini|thinking_0|20|QUESTION_ADVANCE||2117|e3f1c544-2b83-4239-a4b5-b1da43ada99a
2026-04-05 19:16:53|gemini|thinking_0|21|QUESTION_SENT||2069|d0f7ec24-a4fa-41e5-813b-e79bafaac847
2026-04-05 19:17:52|gemini|thinking_0|21|JSON_VERIFIED||2069|d0f7ec24-a4fa-41e5-813b-e79bafaac847
2026-04-05 19:17:52|gemini|thinking_0|21|QUESTION|122|2069|d0f7ec24-a4fa-41e5-813b-e79bafaac847
2026-04-05 19:17:52|gemini|thinking_0|21|JSON_SAVED||2069|d0f7ec24-a4fa-41e5-813b-e79bafaac847
2026-04-05 19:17:52|gemini|thinking_0|21|QUESTION_ADVANCE||2070|f0566c9c-ff6a-45b2-ba7d-d2698636e6c9
2026-04-05 19:19:07|gemini|thinking_0|20|QUESTION_SENT||2117|e3f1c544-2b83-4239-a4b5-b1da43ada99a
2026-04-05 19:19:58|gemini|thinking_0|20|JSON_VERIFIED||2117|e3f1c544-2b83-4239-a4b5-b1da43ada99a
2026-04-05 19:19:58|gemini|thinking_0|20|QUESTION|118|2117|e3f1c544-2b83-4239-a4b5-b1da43ada99a
2026-04-05 19:19:58|gemini|thinking_0|20|JSON_SAVED||2117|e3f1c544-2b83-4239-a4b5-b1da43ada99a
2026-04-05 19:19:58|gemini|thinking_0|20|QUESTION_ADVANCE||2118|9182b74c-d8f2-4f73-8a5d-b24607d8c081
2026-04-05 19:20:08|gemini|thinking_0|21|QUESTION_SENT||2070|f0566c9c-ff6a-45b2-ba7d-d2698636e6c9
2026-04-05 19:20:42|gemini|thinking_0|21|JSON_VERIFIED||2070|f0566c9c-ff6a-45b2-ba7d-d2698636e6c9
2026-04-05 19:20:42|gemini|thinking_0|21|QUESTION|123|2070|f0566c9c-ff6a-45b2-ba7d-d2698636e6c9
2026-04-05 19:20:42|gemini|thinking_0|21|JSON_SAVED||2070|f0566c9c-ff6a-45b2-ba7d-d2698636e6c9
2026-04-05 19:20:42|gemini|thinking_0|21|QUESTION_ADVANCE||2071|64ea12bc-eb3a-4425-bed6-a3f9775ec61f
2026-04-05 19:22:22|gemini|thinking_0|20|QUESTION_SENT||2118|9182b74c-d8f2-4f73-8a5d-b24607d8c081
2026-04-05 19:22:56|gemini|thinking_0|20|JSON_VERIFIED||2118|9182b74c-d8f2-4f73-8a5d-b24607d8c081
2026-04-05 19:22:56|gemini|thinking_0|20|QUESTION|119|2118|9182b74c-d8f2-4f73-8a5d-b24607d8c081
2026-04-05 19:22:56|gemini|thinking_0|20|JSON_SAVED||2118|9182b74c-d8f2-4f73-8a5d-b24607d8c081
2026-04-05 19:22:56|gemini|thinking_0|20|QUESTION_ADVANCE||2119|bfe8a0a4-c07e-4650-ac18-b87c67bd2876
2026-04-05 19:23:23|gemini|thinking_0|21|QUESTION_SENT||2071|64ea12bc-eb3a-4425-bed6-a3f9775ec61f
2026-04-05 19:24:17|gemini|thinking_0|21|JSON_VERIFIED||2071|64ea12bc-eb3a-4425-bed6-a3f9775ec61f
2026-04-05 19:24:17|gemini|thinking_0|21|QUESTION|124|2071|64ea12bc-eb3a-4425-bed6-a3f9775ec61f
2026-04-05 19:24:17|gemini|thinking_0|21|JSON_SAVED||2071|64ea12bc-eb3a-4425-bed6-a3f9775ec61f
2026-04-05 19:24:17|gemini|thinking_0|21|QUESTION_ADVANCE||2072|e428df90-6e42-4849-9f52-edd70b231fd8
2026-04-05 19:25:37|gemini|thinking_0|20|QUESTION_SENT||2119|bfe8a0a4-c07e-4650-ac18-b87c67bd2876
2026-04-05 19:26:28|gemini|thinking_0|20|JSON_VERIFIED||2119|bfe8a0a4-c07e-4650-ac18-b87c67bd2876
2026-04-05 19:26:28|gemini|thinking_0|20|QUESTION|120|2119|bfe8a0a4-c07e-4650-ac18-b87c67bd2876
2026-04-05 19:26:28|gemini|thinking_0|20|JSON_SAVED||2119|bfe8a0a4-c07e-4650-ac18-b87c67bd2876
2026-04-05 19:26:28|gemini|thinking_0|20|QUESTION_ADVANCE||2120|cd208718-5a83-4562-9ae1-2fc29c0b5b84
2026-04-05 19:26:38|gemini|thinking_0|21|QUESTION_SENT||2072|e428df90-6e42-4849-9f52-edd70b231fd8
2026-04-05 19:27:18|gemini|thinking_0|21|JSON_VERIFIED||2072|e428df90-6e42-4849-9f52-edd70b231fd8
2026-04-05 19:27:18|gemini|thinking_0|21|QUESTION|125|2072|e428df90-6e42-4849-9f52-edd70b231fd8
2026-04-05 19:27:18|gemini|thinking_0|21|JSON_SAVED||2072|e428df90-6e42-4849-9f52-edd70b231fd8
2026-04-05 19:27:18|gemini|thinking_0|21|QUESTION_ADVANCE||2073|80e25935-5b51-4d0b-a02e-7867aabe071e
2026-04-05 19:28:52|gemini|thinking_0|20|QUESTION_SENT||2120|cd208718-5a83-4562-9ae1-2fc29c0b5b84
2026-04-05 19:29:52|gemini|thinking_0|20|JSON_VERIFIED||2120|cd208718-5a83-4562-9ae1-2fc29c0b5b84
2026-04-05 19:29:52|gemini|thinking_0|20|QUESTION|121|2120|cd208718-5a83-4562-9ae1-2fc29c0b5b84
2026-04-05 19:29:52|gemini|thinking_0|20|JSON_SAVED||2120|cd208718-5a83-4562-9ae1-2fc29c0b5b84
2026-04-05 19:29:52|gemini|thinking_0|20|QUESTION_ADVANCE||2121|38a047d5-3d88-4725-b65d-99adea9ced3e
2026-04-05 19:29:52|gemini|thinking_0|21|QUESTION_SENT||2073|80e25935-5b51-4d0b-a02e-7867aabe071e
2026-04-05 19:32:07|gemini|thinking_0|20|QUESTION_SENT||2121|38a047d5-3d88-4725-b65d-99adea9ced3e
2026-04-05 19:32:56|gemini|thinking_0|20|JSON_VERIFIED||2121|38a047d5-3d88-4725-b65d-99adea9ced3e
2026-04-05 19:32:56|gemini|thinking_0|20|QUESTION|122|2121|38a047d5-3d88-4725-b65d-99adea9ced3e
2026-04-05 19:32:56|gemini|thinking_0|20|JSON_SAVED||2121|38a047d5-3d88-4725-b65d-99adea9ced3e
2026-04-05 19:32:56|gemini|thinking_0|20|QUESTION_ADVANCE||2122|bd102586-ba7f-4bfa-98f9-9b71349c6cac
2026-04-05 19:33:35|gemini|thinking_0|21|QUESTION_SENT||2073|80e25935-5b51-4d0b-a02e-7867aabe071e
2026-04-05 19:34:19|gemini|thinking_0|21|JSON_VERIFIED||2073|80e25935-5b51-4d0b-a02e-7867aabe071e
2026-04-05 19:34:19|gemini|thinking_0|21|QUESTION|126|2073|80e25935-5b51-4d0b-a02e-7867aabe071e
2026-04-05 19:34:19|gemini|thinking_0|21|JSON_SAVED||2073|80e25935-5b51-4d0b-a02e-7867aabe071e
2026-04-05 19:34:19|gemini|thinking_0|21|QUESTION_ADVANCE||2074|1d1b9580-273e-4a59-9b35-ba9995a9b2a8
2026-04-05 19:35:22|gemini|thinking_0|20|QUESTION_SENT||2122|bd102586-ba7f-4bfa-98f9-9b71349c6cac
2026-04-05 19:35:59|gemini|thinking_0|20|JSON_VERIFIED||2122|bd102586-ba7f-4bfa-98f9-9b71349c6cac
2026-04-05 19:35:59|gemini|thinking_0|20|QUESTION|123|2122|bd102586-ba7f-4bfa-98f9-9b71349c6cac
2026-04-05 19:35:59|gemini|thinking_0|20|JSON_SAVED||2122|bd102586-ba7f-4bfa-98f9-9b71349c6cac
2026-04-05 19:35:59|gemini|thinking_0|20|QUESTION_ADVANCE||2123|72fd0c96-f1c6-45d4-8e0c-c44cf064a90b
2026-04-05 19:36:50|gemini|thinking_0|21|QUESTION_SENT||2074|1d1b9580-273e-4a59-9b35-ba9995a9b2a8
2026-04-05 19:37:24|gemini|thinking_0|21|JSON_VERIFIED||2074|1d1b9580-273e-4a59-9b35-ba9995a9b2a8
2026-04-05 19:37:24|gemini|thinking_0|21|QUESTION|127|2074|1d1b9580-273e-4a59-9b35-ba9995a9b2a8
2026-04-05 19:37:24|gemini|thinking_0|21|JSON_SAVED||2074|1d1b9580-273e-4a59-9b35-ba9995a9b2a8
2026-04-05 19:37:24|gemini|thinking_0|21|QUESTION_ADVANCE||2075|de1c7397-443b-44b3-bcae-62852283731b
2026-04-05 19:38:36|gemini|thinking_0|20|QUESTION_SENT||2123|72fd0c96-f1c6-45d4-8e0c-c44cf064a90b
2026-04-05 19:39:12|gemini|thinking_0|20|JSON_VERIFIED||2123|72fd0c96-f1c6-45d4-8e0c-c44cf064a90b
2026-04-05 19:39:12|gemini|thinking_0|20|QUESTION|124|2123|72fd0c96-f1c6-45d4-8e0c-c44cf064a90b
2026-04-05 19:39:12|gemini|thinking_0|20|JSON_SAVED||2123|72fd0c96-f1c6-45d4-8e0c-c44cf064a90b
2026-04-05 19:39:12|gemini|thinking_0|20|QUESTION_ADVANCE||2124|23176013-d210-4b19-b9f8-d5a33355e77c
2026-04-05 19:40:05|gemini|thinking_0|21|QUESTION_SENT||2075|de1c7397-443b-44b3-bcae-62852283731b
2026-04-05 19:40:42|gemini|thinking_0|21|JSON_VERIFIED||2075|de1c7397-443b-44b3-bcae-62852283731b
2026-04-05 19:40:42|gemini|thinking_0|21|QUESTION|128|2075|de1c7397-443b-44b3-bcae-62852283731b
2026-04-05 19:40:42|gemini|thinking_0|21|JSON_SAVED||2075|de1c7397-443b-44b3-bcae-62852283731b
2026-04-05 19:40:42|gemini|thinking_0|21|QUESTION_ADVANCE||2076|e8f6196f-5375-4bc8-9f8c-1b64b9bd93eb
2026-04-05 19:41:51|gemini|thinking_0|20|QUESTION_SENT||2124|23176013-d210-4b19-b9f8-d5a33355e77c
2026-04-05 19:42:35|gemini|thinking_0|20|JSON_VERIFIED||2124|23176013-d210-4b19-b9f8-d5a33355e77c
2026-04-05 19:42:35|gemini|thinking_0|20|QUESTION|125|2124|23176013-d210-4b19-b9f8-d5a33355e77c
2026-04-05 19:42:35|gemini|thinking_0|20|JSON_SAVED||2124|23176013-d210-4b19-b9f8-d5a33355e77c
2026-04-05 19:42:35|gemini|thinking_0|20|QUESTION_ADVANCE||2125|01213b57-71eb-4971-835c-2396d541edd1
2026-04-05 19:43:20|gemini|thinking_0|21|QUESTION_SENT||2076|e8f6196f-5375-4bc8-9f8c-1b64b9bd93eb
2026-04-05 19:44:16|gemini|thinking_0|21|JSON_VERIFIED||2076|e8f6196f-5375-4bc8-9f8c-1b64b9bd93eb
2026-04-05 19:44:16|gemini|thinking_0|21|QUESTION|129|2076|e8f6196f-5375-4bc8-9f8c-1b64b9bd93eb
2026-04-05 19:44:16|gemini|thinking_0|21|JSON_SAVED||2076|e8f6196f-5375-4bc8-9f8c-1b64b9bd93eb
2026-04-05 19:44:16|gemini|thinking_0|21|QUESTION_ADVANCE||2077|45f17a21-e00b-4eae-b32a-0211f4c14d67
2026-04-05 19:45:06|gemini|thinking_0|20|QUESTION_SENT||2125|01213b57-71eb-4971-835c-2396d541edd1
2026-04-05 19:45:41|gemini|thinking_0|20|JSON_VERIFIED||2125|01213b57-71eb-4971-835c-2396d541edd1
2026-04-05 19:45:41|gemini|thinking_0|20|QUESTION|126|2125|01213b57-71eb-4971-835c-2396d541edd1
2026-04-05 19:45:41|gemini|thinking_0|20|JSON_SAVED||2125|01213b57-71eb-4971-835c-2396d541edd1
2026-04-05 19:45:41|gemini|thinking_0|20|QUESTION_ADVANCE||2126|1747de66-2934-4d55-8fa2-bd6229bc8d4b
2026-04-05 19:46:34|gemini|thinking_0|21|QUESTION_SENT||2077|45f17a21-e00b-4eae-b32a-0211f4c14d67
2026-04-05 19:47:19|gemini|thinking_0|21|JSON_VERIFIED||2077|45f17a21-e00b-4eae-b32a-0211f4c14d67
2026-04-05 19:47:19|gemini|thinking_0|21|QUESTION|130|2077|45f17a21-e00b-4eae-b32a-0211f4c14d67
2026-04-05 19:47:19|gemini|thinking_0|21|JSON_SAVED||2077|45f17a21-e00b-4eae-b32a-0211f4c14d67
2026-04-05 19:47:19|gemini|thinking_0|21|QUESTION_ADVANCE||2078|451a4163-0018-443e-a1e6-713261cfc74a
2026-04-05 19:48:21|gemini|thinking_0|20|QUESTION_SENT||2126|1747de66-2934-4d55-8fa2-bd6229bc8d4b
2026-04-05 19:49:03|gemini|thinking_0|20|JSON_VERIFIED||2126|1747de66-2934-4d55-8fa2-bd6229bc8d4b
2026-04-05 19:49:03|gemini|thinking_0|20|QUESTION|127|2126|1747de66-2934-4d55-8fa2-bd6229bc8d4b
2026-04-05 19:49:03|gemini|thinking_0|20|JSON_SAVED||2126|1747de66-2934-4d55-8fa2-bd6229bc8d4b
2026-04-05 19:49:03|gemini|thinking_0|20|QUESTION_ADVANCE||2127|ab87c4ac-99da-47b4-aa84-8728cef8b49c
2026-04-05 19:49:49|gemini|thinking_0|21|QUESTION_SENT||2078|451a4163-0018-443e-a1e6-713261cfc74a
2026-04-05 19:50:20|gemini|thinking_0|21|JSON_VERIFIED||2078|451a4163-0018-443e-a1e6-713261cfc74a
2026-04-05 19:50:20|gemini|thinking_0|21|QUESTION|131|2078|451a4163-0018-443e-a1e6-713261cfc74a
2026-04-05 19:50:20|gemini|thinking_0|21|JSON_SAVED||2078|451a4163-0018-443e-a1e6-713261cfc74a
2026-04-05 19:50:20|gemini|thinking_0|21|QUESTION_ADVANCE||2079|25b1177e-3e4c-4e6c-8cbd-efd517bd622f
2026-04-05 19:51:35|gemini|thinking_0|20|QUESTION_SENT||2127|ab87c4ac-99da-47b4-aa84-8728cef8b49c
2026-04-05 19:52:21|gemini|thinking_0|20|JSON_VERIFIED||2127|ab87c4ac-99da-47b4-aa84-8728cef8b49c
2026-04-05 19:52:21|gemini|thinking_0|20|QUESTION|128|2127|ab87c4ac-99da-47b4-aa84-8728cef8b49c
2026-04-05 19:52:21|gemini|thinking_0|20|JSON_SAVED||2127|ab87c4ac-99da-47b4-aa84-8728cef8b49c
2026-04-05 19:52:21|gemini|thinking_0|20|QUESTION_ADVANCE||2128|09aef20d-c463-460a-a99b-d917790ca403
2026-04-05 19:53:03|gemini|thinking_0|21|QUESTION_SENT||2079|25b1177e-3e4c-4e6c-8cbd-efd517bd622f
2026-04-05 19:53:39|gemini|thinking_0|21|JSON_VERIFIED||2079|25b1177e-3e4c-4e6c-8cbd-efd517bd622f
2026-04-05 19:53:39|gemini|thinking_0|21|QUESTION|132|2079|25b1177e-3e4c-4e6c-8cbd-efd517bd622f
2026-04-05 19:53:39|gemini|thinking_0|21|JSON_SAVED||2079|25b1177e-3e4c-4e6c-8cbd-efd517bd622f
2026-04-05 19:53:39|gemini|thinking_0|21|QUESTION_ADVANCE||2080|c1bec20a-f6f4-4184-a1f3-f12cba6fd3b4
2026-04-05 19:54:50|gemini|thinking_0|20|QUESTION_SENT||2128|09aef20d-c463-460a-a99b-d917790ca403
2026-04-05 19:55:37|gemini|thinking_0|20|JSON_VERIFIED||2128|09aef20d-c463-460a-a99b-d917790ca403
2026-04-05 19:55:37|gemini|thinking_0|20|QUESTION|129|2128|09aef20d-c463-460a-a99b-d917790ca403
2026-04-05 19:55:37|gemini|thinking_0|20|JSON_SAVED||2128|09aef20d-c463-460a-a99b-d917790ca403
2026-04-05 19:55:37|gemini|thinking_0|20|QUESTION_ADVANCE||2129|91b72541-1000-438d-a000-81b4985c04e6
2026-04-05 19:56:18|gemini|thinking_0|21|QUESTION_SENT||2080|c1bec20a-f6f4-4184-a1f3-f12cba6fd3b4
2026-04-05 19:57:01|gemini|thinking_0|21|JSON_VERIFIED||2080|c1bec20a-f6f4-4184-a1f3-f12cba6fd3b4
2026-04-05 19:57:01|gemini|thinking_0|21|QUESTION|133|2080|c1bec20a-f6f4-4184-a1f3-f12cba6fd3b4
2026-04-05 19:57:01|gemini|thinking_0|21|JSON_SAVED||2080|c1bec20a-f6f4-4184-a1f3-f12cba6fd3b4
2026-04-05 19:57:01|gemini|thinking_0|21|QUESTION_ADVANCE||2081|ef3f8b98-99d8-4b3b-9a8a-e9752f2f4350
2026-04-05 19:58:04|gemini|thinking_0|20|QUESTION_SENT||2129|91b72541-1000-438d-a000-81b4985c04e6
2026-04-05 19:58:34|gemini|thinking_0|20|JSON_VERIFIED||2129|91b72541-1000-438d-a000-81b4985c04e6
2026-04-05 19:58:34|gemini|thinking_0|20|QUESTION|130|2129|91b72541-1000-438d-a000-81b4985c04e6
2026-04-05 19:58:34|gemini|thinking_0|20|JSON_SAVED||2129|91b72541-1000-438d-a000-81b4985c04e6
2026-04-05 19:58:34|gemini|thinking_0|20|QUESTION_ADVANCE||2130|94e00ce4-02cd-4480-bb5f-60a64ad437ea
2026-04-05 19:59:33|gemini|thinking_0|21|QUESTION_SENT||2081|ef3f8b98-99d8-4b3b-9a8a-e9752f2f4350
2026-04-05 20:00:11|gemini|thinking_0|21|JSON_VERIFIED||2081|ef3f8b98-99d8-4b3b-9a8a-e9752f2f4350
2026-04-05 20:00:11|gemini|thinking_0|21|QUESTION|134|2081|ef3f8b98-99d8-4b3b-9a8a-e9752f2f4350
2026-04-05 20:00:11|gemini|thinking_0|21|JSON_SAVED||2081|ef3f8b98-99d8-4b3b-9a8a-e9752f2f4350
2026-04-05 20:00:11|gemini|thinking_0|21|QUESTION_ADVANCE||2082|87af1be6-2f33-4143-ae7d-8acd5d09dc9d
2026-04-05 20:01:19|gemini|thinking_0|20|QUESTION_SENT||2130|94e00ce4-02cd-4480-bb5f-60a64ad437ea
2026-04-05 20:02:07|gemini|thinking_0|20|JSON_VERIFIED||2130|94e00ce4-02cd-4480-bb5f-60a64ad437ea
2026-04-05 20:02:07|gemini|thinking_0|20|QUESTION|131|2130|94e00ce4-02cd-4480-bb5f-60a64ad437ea
2026-04-05 20:02:07|gemini|thinking_0|20|JSON_SAVED||2130|94e00ce4-02cd-4480-bb5f-60a64ad437ea
2026-04-05 20:02:07|gemini|thinking_0|20|QUESTION_ADVANCE||2131|663ad310-8283-4484-852e-46a4dcc35e57
2026-04-05 20:02:47|gemini|thinking_0|21|QUESTION_SENT||2082|87af1be6-2f33-4143-ae7d-8acd5d09dc9d
2026-04-05 20:03:28|gemini|thinking_0|21|JSON_VERIFIED||2082|87af1be6-2f33-4143-ae7d-8acd5d09dc9d
2026-04-05 20:03:28|gemini|thinking_0|21|QUESTION|135|2082|87af1be6-2f33-4143-ae7d-8acd5d09dc9d
2026-04-05 20:03:28|gemini|thinking_0|21|JSON_SAVED||2082|87af1be6-2f33-4143-ae7d-8acd5d09dc9d
2026-04-05 20:03:28|gemini|thinking_0|21|QUESTION_ADVANCE||2083|d8aafa97-447b-44fc-ab71-4026aa69ee6e
2026-04-05 20:04:34|gemini|thinking_0|20|QUESTION_SENT||2131|663ad310-8283-4484-852e-46a4dcc35e57
2026-04-05 20:05:12|gemini|thinking_0|20|JSON_VERIFIED||2131|663ad310-8283-4484-852e-46a4dcc35e57
2026-04-05 20:05:12|gemini|thinking_0|20|QUESTION|132|2131|663ad310-8283-4484-852e-46a4dcc35e57
2026-04-05 20:05:12|gemini|thinking_0|20|JSON_SAVED||2131|663ad310-8283-4484-852e-46a4dcc35e57
2026-04-05 20:05:12|gemini|thinking_0|20|QUESTION_ADVANCE||2132|04bd1ec1-31f6-410c-8dc6-3a90af415b8d
2026-04-05 20:06:02|gemini|thinking_0|21|QUESTION_SENT||2083|d8aafa97-447b-44fc-ab71-4026aa69ee6e
2026-04-05 20:06:43|gemini|thinking_0|21|JSON_VERIFIED||2083|d8aafa97-447b-44fc-ab71-4026aa69ee6e
2026-04-05 20:06:43|gemini|thinking_0|21|QUESTION|136|2083|d8aafa97-447b-44fc-ab71-4026aa69ee6e
2026-04-05 20:06:43|gemini|thinking_0|21|JSON_SAVED||2083|d8aafa97-447b-44fc-ab71-4026aa69ee6e
2026-04-05 20:06:43|gemini|thinking_0|21|QUESTION_ADVANCE||2084|ae4c48a2-3a4f-428f-add6-123e234373c9
2026-04-05 20:07:48|gemini|thinking_0|20|QUESTION_SENT||2132|04bd1ec1-31f6-410c-8dc6-3a90af415b8d
2026-04-05 20:08:22|gemini|thinking_0|20|JSON_VERIFIED||2132|04bd1ec1-31f6-410c-8dc6-3a90af415b8d
2026-04-05 20:08:22|gemini|thinking_0|20|QUESTION|133|2132|04bd1ec1-31f6-410c-8dc6-3a90af415b8d
2026-04-05 20:08:22|gemini|thinking_0|20|JSON_SAVED||2132|04bd1ec1-31f6-410c-8dc6-3a90af415b8d
2026-04-05 20:08:22|gemini|thinking_0|20|QUESTION_ADVANCE||2133|92bbd16b-260a-4c40-833e-1b5d541adbaa
2026-04-05 20:09:17|gemini|thinking_0|21|QUESTION_SENT||2084|ae4c48a2-3a4f-428f-add6-123e234373c9
2026-04-05 20:09:50|gemini|thinking_0|21|JSON_VERIFY_FAILED||2084|ae4c48a2-3a4f-428f-add6-123e234373c9
2026-04-05 20:09:50|gemini|thinking_0|21|QUESTION|137|2084|ae4c48a2-3a4f-428f-add6-123e234373c9
2026-04-05 20:11:03|gemini|thinking_0|20|QUESTION_SENT||2133|92bbd16b-260a-4c40-833e-1b5d541adbaa
2026-04-05 20:11:38|gemini|thinking_0|20|JSON_VERIFIED||2133|92bbd16b-260a-4c40-833e-1b5d541adbaa
2026-04-05 20:11:38|gemini|thinking_0|20|QUESTION|134|2133|92bbd16b-260a-4c40-833e-1b5d541adbaa
2026-04-05 20:11:38|gemini|thinking_0|20|JSON_SAVED||2133|92bbd16b-260a-4c40-833e-1b5d541adbaa
2026-04-05 20:11:38|gemini|thinking_0|20|QUESTION_ADVANCE||2134|59bf4a68-cb37-48d7-aada-8c84424aae6c
2026-04-05 20:12:10|gemini|thinking_0|21|QUESTION_SENT||2084|ae4c48a2-3a4f-428f-add6-123e234373c9
2026-04-05 20:13:02|gemini|thinking_0|21|JSON_VERIFIED||2084|ae4c48a2-3a4f-428f-add6-123e234373c9
2026-04-05 20:13:02|gemini|thinking_0|21|QUESTION|138|2084|ae4c48a2-3a4f-428f-add6-123e234373c9
2026-04-05 20:13:02|gemini|thinking_0|21|JSON_SAVED||2084|ae4c48a2-3a4f-428f-add6-123e234373c9
2026-04-05 20:13:02|gemini|thinking_0|21|QUESTION_ADVANCE||2085|ffb2df99-f83a-40d8-acbb-a96da317b12e
2026-04-05 20:14:18|gemini|thinking_0|20|QUESTION_SENT||2134|59bf4a68-cb37-48d7-aada-8c84424aae6c
2026-04-05 20:14:53|gemini|thinking_0|20|JSON_VERIFIED||2134|59bf4a68-cb37-48d7-aada-8c84424aae6c
2026-04-05 20:14:53|gemini|thinking_0|20|QUESTION|135|2134|59bf4a68-cb37-48d7-aada-8c84424aae6c
2026-04-05 20:14:53|gemini|thinking_0|20|JSON_SAVED||2134|59bf4a68-cb37-48d7-aada-8c84424aae6c
2026-04-05 20:14:53|gemini|thinking_0|20|QUESTION_ADVANCE||2135|af399827-7b2a-4c02-a282-1e0565877d2c
2026-04-05 20:15:24|gemini|thinking_0|21|QUESTION_SENT||2085|ffb2df99-f83a-40d8-acbb-a96da317b12e
2026-04-05 20:15:57|gemini|thinking_0|21|JSON_VERIFIED||2085|ffb2df99-f83a-40d8-acbb-a96da317b12e
2026-04-05 20:15:57|gemini|thinking_0|21|QUESTION|139|2085|ffb2df99-f83a-40d8-acbb-a96da317b12e
2026-04-05 20:15:57|gemini|thinking_0|21|JSON_SAVED||2085|ffb2df99-f83a-40d8-acbb-a96da317b12e
2026-04-05 20:15:57|gemini|thinking_0|21|QUESTION_ADVANCE||2086|07561173-1c24-497a-bbc5-6572c668e9b6
2026-04-05 20:17:32|gemini|thinking_0|20|QUESTION_SENT||2135|af399827-7b2a-4c02-a282-1e0565877d2c
2026-04-05 20:18:16|gemini|thinking_0|20|JSON_VERIFIED||2135|af399827-7b2a-4c02-a282-1e0565877d2c
2026-04-05 20:18:16|gemini|thinking_0|20|QUESTION|136|2135|af399827-7b2a-4c02-a282-1e0565877d2c
2026-04-05 20:18:16|gemini|thinking_0|20|JSON_SAVED||2135|af399827-7b2a-4c02-a282-1e0565877d2c
2026-04-05 20:18:16|gemini|thinking_0|20|QUESTION_ADVANCE||2136|8e989d22-355a-4e2a-bef2-ee65d07bde5f
2026-04-05 20:18:39|gemini|thinking_0|21|QUESTION_SENT||2086|07561173-1c24-497a-bbc5-6572c668e9b6
2026-04-05 20:20:47|gemini|thinking_0|20|QUESTION_SENT||2136|8e989d22-355a-4e2a-bef2-ee65d07bde5f
2026-04-05 20:21:15|gemini|thinking_0|20|JSON_VERIFIED||2136|8e989d22-355a-4e2a-bef2-ee65d07bde5f
2026-04-05 20:21:15|gemini|thinking_0|20|QUESTION|137|2136|8e989d22-355a-4e2a-bef2-ee65d07bde5f
2026-04-05 20:21:15|gemini|thinking_0|20|JSON_SAVED||2136|8e989d22-355a-4e2a-bef2-ee65d07bde5f
2026-04-05 20:21:15|gemini|thinking_0|20|QUESTION_ADVANCE||2137|0ae7b251-910a-4591-b8de-99540cd810b5
2026-04-05 20:22:23|gemini|thinking_0|21|QUESTION_SENT||2086|07561173-1c24-497a-bbc5-6572c668e9b6
2026-04-05 20:23:13|gemini|thinking_0|21|JSON_VERIFIED||2086|07561173-1c24-497a-bbc5-6572c668e9b6
2026-04-05 20:23:13|gemini|thinking_0|21|QUESTION|140|2086|07561173-1c24-497a-bbc5-6572c668e9b6
2026-04-05 20:23:13|gemini|thinking_0|21|JSON_SAVED||2086|07561173-1c24-497a-bbc5-6572c668e9b6
2026-04-05 20:23:13|gemini|thinking_0|21|QUESTION_ADVANCE||2087|454b7606-f4ca-436f-8a74-99891ea5568d
2026-04-05 20:24:02|gemini|thinking_0|20|QUESTION_SENT||2137|0ae7b251-910a-4591-b8de-99540cd810b5
2026-04-05 20:24:38|gemini|thinking_0|20|JSON_VERIFIED||2137|0ae7b251-910a-4591-b8de-99540cd810b5
2026-04-05 20:24:38|gemini|thinking_0|20|QUESTION|138|2137|0ae7b251-910a-4591-b8de-99540cd810b5
2026-04-05 20:24:38|gemini|thinking_0|20|JSON_SAVED||2137|0ae7b251-910a-4591-b8de-99540cd810b5
2026-04-05 20:24:38|gemini|thinking_0|20|QUESTION_ADVANCE||2138|0749bca6-e621-4a97-b923-3cbc702be097
2026-04-05 20:25:38|gemini|thinking_0|21|QUESTION_SENT||2087|454b7606-f4ca-436f-8a74-99891ea5568d
2026-04-05 20:27:16|gemini|thinking_0|20|QUESTION_SENT||2138|0749bca6-e621-4a97-b923-3cbc702be097
2026-04-05 20:28:04|gemini|thinking_0|20|JSON_VERIFIED||2138|0749bca6-e621-4a97-b923-3cbc702be097
2026-04-05 20:28:04|gemini|thinking_0|20|QUESTION|139|2138|0749bca6-e621-4a97-b923-3cbc702be097
2026-04-05 20:28:04|gemini|thinking_0|20|JSON_SAVED||2138|0749bca6-e621-4a97-b923-3cbc702be097
2026-04-05 20:28:04|gemini|thinking_0|20|QUESTION_ADVANCE||2139|4e42a8d3-44ba-45fd-8363-ad3531fcf707
2026-04-05 20:28:53|gemini|thinking_0|21|QUESTION_SENT||2087|454b7606-f4ca-436f-8a74-99891ea5568d
2026-04-05 20:30:31|gemini|thinking_0|20|QUESTION_SENT||2139|4e42a8d3-44ba-45fd-8363-ad3531fcf707
2026-04-05 20:31:11|gemini|thinking_0|20|JSON_VERIFIED||2139|4e42a8d3-44ba-45fd-8363-ad3531fcf707
2026-04-05 20:31:11|gemini|thinking_0|20|QUESTION|140|2139|4e42a8d3-44ba-45fd-8363-ad3531fcf707
2026-04-05 20:31:11|gemini|thinking_0|20|JSON_SAVED||2139|4e42a8d3-44ba-45fd-8363-ad3531fcf707
2026-04-05 20:31:11|gemini|thinking_0|20|QUESTION_ADVANCE||2140|692adb69-7e5d-43a9-b821-7b0b0f4ec698
2026-04-05 20:32:37|gemini|thinking_0|21|QUESTION_SENT||2087|454b7606-f4ca-436f-8a74-99891ea5568d
2026-04-05 20:33:29|gemini|thinking_0|21|JSON_VERIFIED||2087|454b7606-f4ca-436f-8a74-99891ea5568d
2026-04-05 20:33:29|gemini|thinking_0|21|QUESTION|141|2087|454b7606-f4ca-436f-8a74-99891ea5568d
2026-04-05 20:33:29|gemini|thinking_0|21|JSON_SAVED||2087|454b7606-f4ca-436f-8a74-99891ea5568d
2026-04-05 20:33:29|gemini|thinking_0|21|QUESTION_ADVANCE||2088|4c64fae7-61bd-482a-b0bc-185d0361089b
2026-04-05 20:33:46|gemini|thinking_0|20|QUESTION_SENT||2140|692adb69-7e5d-43a9-b821-7b0b0f4ec698
2026-04-05 20:34:33|gemini|thinking_0|20|JSON_VERIFIED||2140|692adb69-7e5d-43a9-b821-7b0b0f4ec698
2026-04-05 20:34:33|gemini|thinking_0|20|QUESTION|141|2140|692adb69-7e5d-43a9-b821-7b0b0f4ec698
2026-04-05 20:34:33|gemini|thinking_0|20|JSON_SAVED||2140|692adb69-7e5d-43a9-b821-7b0b0f4ec698
2026-04-05 20:34:33|gemini|thinking_0|20|QUESTION_ADVANCE||2141|be4f813e-64e4-4409-9c76-315faf3f8524
2026-04-05 20:35:52|gemini|thinking_0|21|QUESTION_SENT||2088|4c64fae7-61bd-482a-b0bc-185d0361089b
2026-04-05 20:37:01|gemini|thinking_0|20|QUESTION_SENT||2141|be4f813e-64e4-4409-9c76-315faf3f8524
2026-04-05 20:37:39|gemini|thinking_0|20|JSON_VERIFIED||2141|be4f813e-64e4-4409-9c76-315faf3f8524
2026-04-05 20:37:39|gemini|thinking_0|20|QUESTION|142|2141|be4f813e-64e4-4409-9c76-315faf3f8524
2026-04-05 20:37:39|gemini|thinking_0|20|JSON_SAVED||2141|be4f813e-64e4-4409-9c76-315faf3f8524
2026-04-05 20:37:39|gemini|thinking_0|20|QUESTION_ADVANCE||2142|03a6a46b-39e7-4bb8-b399-5e1a868808c3
2026-04-05 20:39:35|gemini|thinking_0|21|QUESTION_SENT||2088|4c64fae7-61bd-482a-b0bc-185d0361089b
2026-04-05 20:40:15|gemini|thinking_0|20|QUESTION_SENT||2142|03a6a46b-39e7-4bb8-b399-5e1a868808c3
2026-04-05 20:40:24|gemini|thinking_0|21|JSON_VERIFIED||2088|4c64fae7-61bd-482a-b0bc-185d0361089b
2026-04-05 20:40:24|gemini|thinking_0|21|QUESTION|142|2088|4c64fae7-61bd-482a-b0bc-185d0361089b
2026-04-05 20:40:24|gemini|thinking_0|21|JSON_SAVED||2088|4c64fae7-61bd-482a-b0bc-185d0361089b
2026-04-05 20:40:24|gemini|thinking_0|21|QUESTION_ADVANCE||2089|048e04b2-b07c-46e7-b72d-cd02cab34b97
2026-04-05 20:41:12|gemini|thinking_0|20|JSON_VERIFIED||2142|03a6a46b-39e7-4bb8-b399-5e1a868808c3
2026-04-05 20:41:12|gemini|thinking_0|20|QUESTION|143|2142|03a6a46b-39e7-4bb8-b399-5e1a868808c3
2026-04-05 20:41:12|gemini|thinking_0|20|JSON_SAVED||2142|03a6a46b-39e7-4bb8-b399-5e1a868808c3
2026-04-05 20:41:12|gemini|thinking_0|20|QUESTION_ADVANCE||2143|acd03834-3889-4b3a-bddc-e2e0a63517e3
2026-04-05 20:42:49|gemini|thinking_0|21|QUESTION_SENT||2089|048e04b2-b07c-46e7-b72d-cd02cab34b97
2026-04-05 20:43:21|gemini|thinking_0|21|JSON_VERIFIED||2089|048e04b2-b07c-46e7-b72d-cd02cab34b97
2026-04-05 20:43:21|gemini|thinking_0|21|QUESTION|143|2089|048e04b2-b07c-46e7-b72d-cd02cab34b97
2026-04-05 20:43:21|gemini|thinking_0|21|JSON_SAVED||2089|048e04b2-b07c-46e7-b72d-cd02cab34b97
2026-04-05 20:43:21|gemini|thinking_0|21|QUESTION_ADVANCE||2090|55a3845e-d96d-444c-a352-7fde4e325aae
2026-04-05 20:43:30|gemini|thinking_0|20|QUESTION_SENT||2143|acd03834-3889-4b3a-bddc-e2e0a63517e3
2026-04-05 20:44:12|gemini|thinking_0|20|JSON_VERIFY_FAILED||2143|acd03834-3889-4b3a-bddc-e2e0a63517e3
2026-04-05 20:44:12|gemini|thinking_0|20|QUESTION|144|2143|acd03834-3889-4b3a-bddc-e2e0a63517e3
2026-04-05 20:46:04|gemini|thinking_0|21|QUESTION_SENT||2090|55a3845e-d96d-444c-a352-7fde4e325aae
2026-04-05 20:46:32|gemini|thinking_0|20|QUESTION_SENT||2143|acd03834-3889-4b3a-bddc-e2e0a63517e3
2026-04-05 20:46:43|gemini|thinking_0|21|JSON_VERIFIED||2090|55a3845e-d96d-444c-a352-7fde4e325aae
2026-04-05 20:46:43|gemini|thinking_0|21|QUESTION|144|2090|55a3845e-d96d-444c-a352-7fde4e325aae
2026-04-05 20:46:43|gemini|thinking_0|21|JSON_SAVED||2090|55a3845e-d96d-444c-a352-7fde4e325aae
2026-04-05 20:46:43|gemini|thinking_0|21|QUESTION_ADVANCE||2091|08df2355-f64e-404f-a2a3-d9134758b299
2026-04-05 20:47:00|gemini|thinking_0|20|JSON_VERIFY_FAILED||2143|acd03834-3889-4b3a-bddc-e2e0a63517e3
2026-04-05 20:47:00|gemini|thinking_0|20|QUESTION|145|2143|acd03834-3889-4b3a-bddc-e2e0a63517e3
2026-04-05 20:47:17|gemini|thinking_0|20|QUESTION_SENT||2143|acd03834-3889-4b3a-bddc-e2e0a63517e3
2026-04-05 20:49:19|gemini|thinking_0|21|QUESTION_SENT||2091|08df2355-f64e-404f-a2a3-d9134758b299
2026-04-05 20:49:50|gemini|thinking_0|21|JSON_VERIFIED||2091|08df2355-f64e-404f-a2a3-d9134758b299
2026-04-05 20:49:50|gemini|thinking_0|21|QUESTION|145|2091|08df2355-f64e-404f-a2a3-d9134758b299
2026-04-05 20:49:50|gemini|thinking_0|21|JSON_SAVED||2091|08df2355-f64e-404f-a2a3-d9134758b299
2026-04-05 20:49:50|gemini|thinking_0|21|QUESTION_ADVANCE||2092|998b2dd8-11bf-44cb-ba41-09d465d6d51b
2026-04-05 20:50:32|gemini|thinking_0|20|QUESTION_SENT||2143|acd03834-3889-4b3a-bddc-e2e0a63517e3
2026-04-05 20:51:10|gemini|thinking_0|20|JSON_VERIFIED||2143|acd03834-3889-4b3a-bddc-e2e0a63517e3
2026-04-05 20:51:10|gemini|thinking_0|20|QUESTION|146|2143|acd03834-3889-4b3a-bddc-e2e0a63517e3
2026-04-05 20:51:10|gemini|thinking_0|20|JSON_SAVED||2143|acd03834-3889-4b3a-bddc-e2e0a63517e3
2026-04-05 20:51:10|gemini|thinking_0|20|QUESTION_ADVANCE||2144|576e61e3-bb1e-49e9-ba2f-180841a21764
2026-04-05 20:52:34|gemini|thinking_0|21|QUESTION_SENT||2092|998b2dd8-11bf-44cb-ba41-09d465d6d51b
2026-04-05 20:53:22|gemini|thinking_0|21|JSON_VERIFIED||2092|998b2dd8-11bf-44cb-ba41-09d465d6d51b
2026-04-05 20:53:22|gemini|thinking_0|21|QUESTION|146|2092|998b2dd8-11bf-44cb-ba41-09d465d6d51b
2026-04-05 20:53:22|gemini|thinking_0|21|JSON_SAVED||2092|998b2dd8-11bf-44cb-ba41-09d465d6d51b
2026-04-05 20:53:22|gemini|thinking_0|21|QUESTION_ADVANCE||2093|34478591-3b7c-4532-8b27-c13235135f91
2026-04-05 20:53:46|gemini|thinking_0|20|QUESTION_SENT||2144|576e61e3-bb1e-49e9-ba2f-180841a21764
2026-04-05 20:54:20|gemini|thinking_0|20|JSON_VERIFIED||2144|576e61e3-bb1e-49e9-ba2f-180841a21764
2026-04-05 20:54:20|gemini|thinking_0|20|QUESTION|147|2144|576e61e3-bb1e-49e9-ba2f-180841a21764
2026-04-05 20:54:20|gemini|thinking_0|20|JSON_SAVED||2144|576e61e3-bb1e-49e9-ba2f-180841a21764
2026-04-05 20:54:20|gemini|thinking_0|20|QUESTION_ADVANCE||2145|b984bc78-c8a1-4e9f-85b5-6492ca06ac5e
2026-04-05 20:55:49|gemini|thinking_0|21|QUESTION_SENT||2093|34478591-3b7c-4532-8b27-c13235135f91
2026-04-05 20:56:18|gemini|thinking_0|21|JSON_VERIFIED||2093|34478591-3b7c-4532-8b27-c13235135f91
2026-04-05 20:56:18|gemini|thinking_0|21|QUESTION|147|2093|34478591-3b7c-4532-8b27-c13235135f91
2026-04-05 20:56:18|gemini|thinking_0|21|JSON_SAVED||2093|34478591-3b7c-4532-8b27-c13235135f91
2026-04-05 20:56:18|gemini|thinking_0|21|QUESTION_ADVANCE||2094|dac40444-9350-4423-b63d-2e2bd04b2341
2026-04-05 20:57:01|gemini|thinking_0|20|QUESTION_SENT||2145|b984bc78-c8a1-4e9f-85b5-6492ca06ac5e
2026-04-05 20:57:34|gemini|thinking_0|20|JSON_VERIFIED||2145|b984bc78-c8a1-4e9f-85b5-6492ca06ac5e
2026-04-05 20:57:34|gemini|thinking_0|20|QUESTION|148|2145|b984bc78-c8a1-4e9f-85b5-6492ca06ac5e
2026-04-05 20:57:34|gemini|thinking_0|20|JSON_SAVED||2145|b984bc78-c8a1-4e9f-85b5-6492ca06ac5e
2026-04-05 20:57:34|gemini|thinking_0|20|QUESTION_ADVANCE||2146|9e046d55-b346-4a3b-8867-704afaf20848
2026-04-05 20:59:03|gemini|thinking_0|21|QUESTION_SENT||2094|dac40444-9350-4423-b63d-2e2bd04b2341
2026-04-05 20:59:47|gemini|thinking_0|21|JSON_VERIFIED||2094|dac40444-9350-4423-b63d-2e2bd04b2341
2026-04-05 20:59:47|gemini|thinking_0|21|QUESTION|148|2094|dac40444-9350-4423-b63d-2e2bd04b2341
2026-04-05 20:59:47|gemini|thinking_0|21|JSON_SAVED||2094|dac40444-9350-4423-b63d-2e2bd04b2341
2026-04-05 20:59:47|gemini|thinking_0|21|QUESTION_ADVANCE||2095|b38c1b10-0310-434e-9783-2e2a291d61bd
2026-04-05 21:00:16|gemini|thinking_0|20|QUESTION_SENT||2146|9e046d55-b346-4a3b-8867-704afaf20848
2026-04-05 21:00:50|gemini|thinking_0|20|JSON_VERIFIED||2146|9e046d55-b346-4a3b-8867-704afaf20848
2026-04-05 21:00:50|gemini|thinking_0|20|QUESTION|149|2146|9e046d55-b346-4a3b-8867-704afaf20848
2026-04-05 21:00:50|gemini|thinking_0|20|JSON_SAVED||2146|9e046d55-b346-4a3b-8867-704afaf20848
2026-04-05 21:00:50|gemini|thinking_0|20|QUESTION_ADVANCE||2147|bdeea452-604e-4678-b3d0-5277fc04341f
2026-04-05 21:02:18|gemini|thinking_0|21|QUESTION_SENT||2095|b38c1b10-0310-434e-9783-2e2a291d61bd
2026-04-05 21:02:52|gemini|thinking_0|21|JSON_VERIFIED||2095|b38c1b10-0310-434e-9783-2e2a291d61bd
2026-04-05 21:02:52|gemini|thinking_0|21|QUESTION|149|2095|b38c1b10-0310-434e-9783-2e2a291d61bd
2026-04-05 21:02:52|gemini|thinking_0|21|JSON_SAVED||2095|b38c1b10-0310-434e-9783-2e2a291d61bd
2026-04-05 21:02:52|gemini|thinking_0|21|QUESTION_ADVANCE||2096|0f6c9d7b-632b-4221-bfc7-fdee5578370b
2026-04-05 21:03:31|gemini|thinking_0|20|QUESTION_SENT||2147|bdeea452-604e-4678-b3d0-5277fc04341f
2026-04-05 21:04:13|gemini|thinking_0|20|JSON_VERIFIED||2147|bdeea452-604e-4678-b3d0-5277fc04341f
2026-04-05 21:04:13|gemini|thinking_0|20|QUESTION|150|2147|bdeea452-604e-4678-b3d0-5277fc04341f
2026-04-05 21:04:13|gemini|thinking_0|20|JSON_SAVED||2147|bdeea452-604e-4678-b3d0-5277fc04341f
2026-04-05 21:04:13|gemini|thinking_0|20|QUESTION_ADVANCE||2148|ea8f555b-0bdd-4c2a-88c9-79545fb76276
2026-04-05 21:05:33|gemini|thinking_0|21|QUESTION_SENT||2096|0f6c9d7b-632b-4221-bfc7-fdee5578370b
2026-04-05 21:06:07|gemini|thinking_0|21|JSON_VERIFIED||2096|0f6c9d7b-632b-4221-bfc7-fdee5578370b
2026-04-05 21:06:07|gemini|thinking_0|21|QUESTION|150|2096|0f6c9d7b-632b-4221-bfc7-fdee5578370b
2026-04-05 21:06:07|gemini|thinking_0|21|JSON_SAVED||2096|0f6c9d7b-632b-4221-bfc7-fdee5578370b
2026-04-05 21:06:07|gemini|thinking_0|21|QUESTION_ADVANCE||2097|9565959a-3df8-4d37-a511-b70babe014f0
2026-04-05 21:06:45|gemini|thinking_0|20|QUESTION_SENT||2148|ea8f555b-0bdd-4c2a-88c9-79545fb76276
2026-04-05 21:07:24|gemini|thinking_0|20|JSON_VERIFIED||2148|ea8f555b-0bdd-4c2a-88c9-79545fb76276
2026-04-05 21:07:24|gemini|thinking_0|20|QUESTION|151|2148|ea8f555b-0bdd-4c2a-88c9-79545fb76276
2026-04-05 21:07:24|gemini|thinking_0|20|JSON_SAVED||2148|ea8f555b-0bdd-4c2a-88c9-79545fb76276
2026-04-05 21:07:24|gemini|thinking_0|20|QUESTION_ADVANCE||2149|3e70a112-0a49-4ebd-b9fe-e284e5786fd3
2026-04-05 21:08:47|gemini|thinking_0|21|QUESTION_SENT||2097|9565959a-3df8-4d37-a511-b70babe014f0
2026-04-05 21:09:31|gemini|thinking_0|21|JSON_VERIFIED||2097|9565959a-3df8-4d37-a511-b70babe014f0
2026-04-05 21:09:31|gemini|thinking_0|21|QUESTION|151|2097|9565959a-3df8-4d37-a511-b70babe014f0
2026-04-05 21:09:31|gemini|thinking_0|21|JSON_SAVED||2097|9565959a-3df8-4d37-a511-b70babe014f0
2026-04-05 21:09:31|gemini|thinking_0|21|QUESTION_ADVANCE||2098|7f7747d0-3831-428c-969a-9560ffc1db25
2026-04-05 21:10:00|gemini|thinking_0|20|QUESTION_SENT||2149|3e70a112-0a49-4ebd-b9fe-e284e5786fd3
2026-04-05 21:10:35|gemini|thinking_0|20|JSON_VERIFIED||2149|3e70a112-0a49-4ebd-b9fe-e284e5786fd3
2026-04-05 21:10:35|gemini|thinking_0|20|QUESTION|152|2149|3e70a112-0a49-4ebd-b9fe-e284e5786fd3
2026-04-05 21:10:35|gemini|thinking_0|20|JSON_SAVED||2149|3e70a112-0a49-4ebd-b9fe-e284e5786fd3
2026-04-05 21:10:35|gemini|thinking_0|20|QUESTION_ADVANCE||2150|07aeee95-2007-4efa-9ff4-d3273bdb72cd
2026-04-05 21:12:02|gemini|thinking_0|21|QUESTION_SENT||2098|7f7747d0-3831-428c-969a-9560ffc1db25
2026-04-05 21:12:36|gemini|thinking_0|21|JSON_VERIFIED||2098|7f7747d0-3831-428c-969a-9560ffc1db25
2026-04-05 21:12:36|gemini|thinking_0|21|QUESTION|152|2098|7f7747d0-3831-428c-969a-9560ffc1db25
2026-04-05 21:12:36|gemini|thinking_0|21|JSON_SAVED||2098|7f7747d0-3831-428c-969a-9560ffc1db25
2026-04-05 21:12:36|gemini|thinking_0|21|QUESTION_ADVANCE||2099|e5e9793a-c5e4-42a2-9752-a46d6ab822eb
2026-04-05 21:13:15|gemini|thinking_0|20|QUESTION_SENT||2150|07aeee95-2007-4efa-9ff4-d3273bdb72cd
2026-04-05 21:15:17|gemini|thinking_0|21|QUESTION_SENT||2099|e5e9793a-c5e4-42a2-9752-a46d6ab822eb
2026-04-05 21:15:59|gemini|thinking_0|21|JSON_VERIFIED||2099|e5e9793a-c5e4-42a2-9752-a46d6ab822eb
2026-04-05 21:15:59|gemini|thinking_0|21|QUESTION|153|2099|e5e9793a-c5e4-42a2-9752-a46d6ab822eb
2026-04-05 21:15:59|gemini|thinking_0|21|JSON_SAVED||2099|e5e9793a-c5e4-42a2-9752-a46d6ab822eb
2026-04-05 21:15:59|gemini|thinking_0|21|QUESTION_ADVANCE||2100|5fcb544b-f3f7-4dce-9d55-b6ad19a6ef93
2026-04-05 21:16:29|gemini|thinking_0|20|QUESTION_SENT||2150|07aeee95-2007-4efa-9ff4-d3273bdb72cd
2026-04-05 21:17:06|gemini|thinking_0|20|JSON_VERIFIED||2150|07aeee95-2007-4efa-9ff4-d3273bdb72cd
2026-04-05 21:17:06|gemini|thinking_0|20|QUESTION|153|2150|07aeee95-2007-4efa-9ff4-d3273bdb72cd
2026-04-05 21:17:06|gemini|thinking_0|20|JSON_SAVED||2150|07aeee95-2007-4efa-9ff4-d3273bdb72cd
2026-04-05 21:17:07|gemini|thinking_0|20|STOP||2151|
2026-04-05 21:18:31|gemini|thinking_0|21|QUESTION_SENT||2100|5fcb544b-f3f7-4dce-9d55-b6ad19a6ef93
2026-04-05 21:19:18|gemini|thinking_0|21|JSON_VERIFIED||2100|5fcb544b-f3f7-4dce-9d55-b6ad19a6ef93
2026-04-05 21:19:18|gemini|thinking_0|21|QUESTION|154|2100|5fcb544b-f3f7-4dce-9d55-b6ad19a6ef93
2026-04-05 21:19:18|gemini|thinking_0|21|JSON_SAVED||2100|5fcb544b-f3f7-4dce-9d55-b6ad19a6ef93
2026-04-05 21:19:19|gemini|thinking_0|21|STOP||2101|
