timestamp|site|scenario|bot_id|event_type|attempt_number|global_index|question_uid
2026-03-26 10:57:25|gemini|thinking_0|20|RESTART||0|2c3d430a-6119-42c9-969a-99703931544a
2026-03-26 10:58:52|gemini|thinking_0|20|QUESTION_SENT||0|2c3d430a-6119-42c9-969a-99703931544a
2026-03-26 10:59:08|gemini|thinking_0|21|RESTART||151|80dbddc3-ec24-47e5-a03e-24ea736fe8ce
2026-03-26 10:59:28|gemini|thinking_0|20|JSON_VERIFIED||0|2c3d430a-6119-42c9-969a-99703931544a
2026-03-26 10:59:28|gemini|thinking_0|20|QUESTION|1|0|2c3d430a-6119-42c9-969a-99703931544a
2026-03-26 10:59:28|gemini|thinking_0|20|JSON_SAVED||0|2c3d430a-6119-42c9-969a-99703931544a
2026-03-26 10:59:28|gemini|thinking_0|20|QUESTION_ADVANCE||1|3d149d82-96f9-46b4-ad70-77972b28e416
2026-03-26 11:00:11|gemini|thinking_0|21|QUESTION_SENT||151|80dbddc3-ec24-47e5-a03e-24ea736fe8ce
2026-03-26 11:02:07|gemini|thinking_0|20|QUESTION_SENT||1|3d149d82-96f9-46b4-ad70-77972b28e416
2026-03-26 11:02:47|gemini|thinking_0|20|JSON_VERIFIED||1|3d149d82-96f9-46b4-ad70-77972b28e416
2026-03-26 11:02:47|gemini|thinking_0|20|QUESTION|2|1|3d149d82-96f9-46b4-ad70-77972b28e416
2026-03-26 11:02:47|gemini|thinking_0|20|JSON_SAVED||1|3d149d82-96f9-46b4-ad70-77972b28e416
2026-03-26 11:02:47|gemini|thinking_0|20|QUESTION_ADVANCE||2|07ccd736-8724-400b-b876-635706e1136f
2026-03-26 11:03:26|gemini|thinking_0|21|QUESTION_SENT||151|80dbddc3-ec24-47e5-a03e-24ea736fe8ce
2026-03-26 11:03:57|gemini|thinking_0|21|JSON_VERIFIED||151|80dbddc3-ec24-47e5-a03e-24ea736fe8ce
2026-03-26 11:03:57|gemini|thinking_0|21|QUESTION|1|151|80dbddc3-ec24-47e5-a03e-24ea736fe8ce
2026-03-26 11:03:57|gemini|thinking_0|21|JSON_SAVED||151|80dbddc3-ec24-47e5-a03e-24ea736fe8ce
2026-03-26 11:03:57|gemini|thinking_0|21|QUESTION_ADVANCE||152|98562aa3-d624-4515-aee8-8e9092801d6d
2026-03-26 11:05:22|gemini|thinking_0|20|QUESTION_SENT||2|07ccd736-8724-400b-b876-635706e1136f
2026-03-26 11:05:59|gemini|thinking_0|20|JSON_VERIFIED||2|07ccd736-8724-400b-b876-635706e1136f
2026-03-26 11:05:59|gemini|thinking_0|20|QUESTION|3|2|07ccd736-8724-400b-b876-635706e1136f
2026-03-26 11:05:59|gemini|thinking_0|20|JSON_SAVED||2|07ccd736-8724-400b-b876-635706e1136f
2026-03-26 11:05:59|gemini|thinking_0|20|QUESTION_ADVANCE||3|df168fab-aabb-4e01-b469-72e374497ac3
2026-03-26 11:06:41|gemini|thinking_0|21|QUESTION_SENT||152|98562aa3-d624-4515-aee8-8e9092801d6d
2026-03-26 11:07:15|gemini|thinking_0|21|JSON_VERIFIED||152|98562aa3-d624-4515-aee8-8e9092801d6d
2026-03-26 11:07:15|gemini|thinking_0|21|QUESTION|2|152|98562aa3-d624-4515-aee8-8e9092801d6d
2026-03-26 11:07:15|gemini|thinking_0|21|JSON_SAVED||152|98562aa3-d624-4515-aee8-8e9092801d6d
2026-03-26 11:07:15|gemini|thinking_0|21|QUESTION_ADVANCE||153|41e49e86-9994-436d-9d77-1ebeeffe0006
2026-03-26 11:08:37|gemini|thinking_0|20|QUESTION_SENT||3|df168fab-aabb-4e01-b469-72e374497ac3
2026-03-26 11:09:11|gemini|thinking_0|20|JSON_VERIFIED||3|df168fab-aabb-4e01-b469-72e374497ac3
2026-03-26 11:09:11|gemini|thinking_0|20|QUESTION|4|3|df168fab-aabb-4e01-b469-72e374497ac3
2026-03-26 11:09:11|gemini|thinking_0|20|JSON_SAVED||3|df168fab-aabb-4e01-b469-72e374497ac3
2026-03-26 11:09:11|gemini|thinking_0|20|QUESTION_ADVANCE||4|27690fc5-bf7b-40af-a478-1f60c3241a11
2026-03-26 11:09:55|gemini|thinking_0|21|QUESTION_SENT||153|41e49e86-9994-436d-9d77-1ebeeffe0006
2026-03-26 11:11:52|gemini|thinking_0|20|QUESTION_SENT||4|27690fc5-bf7b-40af-a478-1f60c3241a11
2026-03-26 11:12:24|gemini|thinking_0|20|JSON_VERIFIED||4|27690fc5-bf7b-40af-a478-1f60c3241a11
2026-03-26 11:12:24|gemini|thinking_0|20|QUESTION|5|4|27690fc5-bf7b-40af-a478-1f60c3241a11
2026-03-26 11:12:24|gemini|thinking_0|20|JSON_SAVED||4|27690fc5-bf7b-40af-a478-1f60c3241a11
2026-03-26 11:12:24|gemini|thinking_0|20|QUESTION_ADVANCE||5|689ad2f0-b500-40dc-8e67-ea2221760adb
2026-03-26 11:13:28|gemini|thinking_0|21|QUESTION_SENT||153|41e49e86-9994-436d-9d77-1ebeeffe0006
2026-03-26 11:15:06|gemini|thinking_0|20|QUESTION_SENT||5|689ad2f0-b500-40dc-8e67-ea2221760adb
2026-03-26 11:15:40|gemini|thinking_0|20|JSON_VERIFIED||5|689ad2f0-b500-40dc-8e67-ea2221760adb
2026-03-26 11:15:40|gemini|thinking_0|20|QUESTION|6|5|689ad2f0-b500-40dc-8e67-ea2221760adb
2026-03-26 11:15:40|gemini|thinking_0|20|JSON_SAVED||5|689ad2f0-b500-40dc-8e67-ea2221760adb
2026-03-26 11:15:40|gemini|thinking_0|20|QUESTION_ADVANCE||6|c610dcc9-bcf6-484b-876f-6d60c63905ef
2026-03-26 11:16:43|gemini|thinking_0|21|QUESTION_SENT||153|41e49e86-9994-436d-9d77-1ebeeffe0006
2026-03-26 11:17:17|gemini|thinking_0|21|JSON_VERIFIED||153|41e49e86-9994-436d-9d77-1ebeeffe0006
2026-03-26 11:17:17|gemini|thinking_0|21|QUESTION|3|153|41e49e86-9994-436d-9d77-1ebeeffe0006
2026-03-26 11:17:17|gemini|thinking_0|21|JSON_SAVED||153|41e49e86-9994-436d-9d77-1ebeeffe0006
2026-03-26 11:17:17|gemini|thinking_0|21|QUESTION_ADVANCE||154|a3e23db5-e0d1-4d0c-8232-c970e440417f
2026-03-26 11:18:21|gemini|thinking_0|20|QUESTION_SENT||6|c610dcc9-bcf6-484b-876f-6d60c63905ef
2026-03-26 11:18:51|gemini|thinking_0|20|JSON_VERIFIED||6|c610dcc9-bcf6-484b-876f-6d60c63905ef
2026-03-26 11:18:51|gemini|thinking_0|20|QUESTION|7|6|c610dcc9-bcf6-484b-876f-6d60c63905ef
2026-03-26 11:18:51|gemini|thinking_0|20|JSON_SAVED||6|c610dcc9-bcf6-484b-876f-6d60c63905ef
2026-03-26 11:18:51|gemini|thinking_0|20|QUESTION_ADVANCE||7|177cd5f8-ced2-44eb-8dea-71373fc67a26
2026-03-26 11:19:58|gemini|thinking_0|21|QUESTION_SENT||154|a3e23db5-e0d1-4d0c-8232-c970e440417f
2026-03-26 11:21:36|gemini|thinking_0|20|QUESTION_SENT||7|177cd5f8-ced2-44eb-8dea-71373fc67a26
2026-03-26 11:22:10|gemini|thinking_0|20|JSON_VERIFIED||7|177cd5f8-ced2-44eb-8dea-71373fc67a26
2026-03-26 11:22:10|gemini|thinking_0|20|QUESTION|8|7|177cd5f8-ced2-44eb-8dea-71373fc67a26
2026-03-26 11:22:10|gemini|thinking_0|20|JSON_SAVED||7|177cd5f8-ced2-44eb-8dea-71373fc67a26
2026-03-26 11:22:10|gemini|thinking_0|20|QUESTION_ADVANCE||8|6dbaa432-7c6f-419a-b62d-5bf5677dea50
2026-03-26 11:23:12|gemini|thinking_0|21|QUESTION_SENT||154|a3e23db5-e0d1-4d0c-8232-c970e440417f
2026-03-26 11:23:52|gemini|thinking_0|21|JSON_VERIFIED||154|a3e23db5-e0d1-4d0c-8232-c970e440417f
2026-03-26 11:23:52|gemini|thinking_0|21|QUESTION|4|154|a3e23db5-e0d1-4d0c-8232-c970e440417f
2026-03-26 11:23:52|gemini|thinking_0|21|JSON_SAVED||154|a3e23db5-e0d1-4d0c-8232-c970e440417f
2026-03-26 11:23:52|gemini|thinking_0|21|QUESTION_ADVANCE||155|29d0bceb-79c6-49de-99e1-12346acafa9f
2026-03-26 11:24:50|gemini|thinking_0|20|QUESTION_SENT||8|6dbaa432-7c6f-419a-b62d-5bf5677dea50
2026-03-26 11:25:23|gemini|thinking_0|20|JSON_VERIFIED||8|6dbaa432-7c6f-419a-b62d-5bf5677dea50
2026-03-26 11:25:23|gemini|thinking_0|20|QUESTION|9|8|6dbaa432-7c6f-419a-b62d-5bf5677dea50
2026-03-26 11:25:23|gemini|thinking_0|20|JSON_SAVED||8|6dbaa432-7c6f-419a-b62d-5bf5677dea50
2026-03-26 11:25:23|gemini|thinking_0|20|QUESTION_ADVANCE||9|ff9bd1e5-6f26-4414-9362-a4b23d9509b0
2026-03-26 11:26:27|gemini|thinking_0|21|QUESTION_SENT||155|29d0bceb-79c6-49de-99e1-12346acafa9f
2026-03-26 11:27:00|gemini|thinking_0|21|JSON_VERIFIED||155|29d0bceb-79c6-49de-99e1-12346acafa9f
2026-03-26 11:27:00|gemini|thinking_0|21|QUESTION|5|155|29d0bceb-79c6-49de-99e1-12346acafa9f
2026-03-26 11:27:00|gemini|thinking_0|21|JSON_SAVED||155|29d0bceb-79c6-49de-99e1-12346acafa9f
2026-03-26 11:27:00|gemini|thinking_0|21|QUESTION_ADVANCE||156|84900ef5-8530-4e4a-b936-d94b3bdb947a
2026-03-26 11:28:05|gemini|thinking_0|20|QUESTION_SENT||9|ff9bd1e5-6f26-4414-9362-a4b23d9509b0
2026-03-26 11:29:42|gemini|thinking_0|21|QUESTION_SENT||156|84900ef5-8530-4e4a-b936-d94b3bdb947a
2026-03-26 11:30:30|gemini|thinking_0|21|JSON_VERIFIED||156|84900ef5-8530-4e4a-b936-d94b3bdb947a
2026-03-26 11:30:30|gemini|thinking_0|21|QUESTION|6|156|84900ef5-8530-4e4a-b936-d94b3bdb947a
2026-03-26 11:30:30|gemini|thinking_0|21|JSON_SAVED||156|84900ef5-8530-4e4a-b936-d94b3bdb947a
2026-03-26 11:30:30|gemini|thinking_0|21|QUESTION_ADVANCE||157|6ee26b8a-ef94-4758-a4e0-485ba56a1b87
2026-03-26 11:32:13|gemini|thinking_0|20|QUESTION_SENT||9|ff9bd1e5-6f26-4414-9362-a4b23d9509b0
2026-03-26 11:32:56|gemini|thinking_0|21|QUESTION_SENT||157|6ee26b8a-ef94-4758-a4e0-485ba56a1b87
2026-03-26 11:33:31|gemini|thinking_0|21|JSON_VERIFIED||157|6ee26b8a-ef94-4758-a4e0-485ba56a1b87
2026-03-26 11:33:31|gemini|thinking_0|21|QUESTION|7|157|6ee26b8a-ef94-4758-a4e0-485ba56a1b87
2026-03-26 11:33:31|gemini|thinking_0|21|JSON_SAVED||157|6ee26b8a-ef94-4758-a4e0-485ba56a1b87
2026-03-26 11:33:31|gemini|thinking_0|21|QUESTION_ADVANCE||158|befb954d-3e4e-4190-9271-8ca0749f38f8
2026-03-26 11:35:28|gemini|thinking_0|20|QUESTION_SENT||9|ff9bd1e5-6f26-4414-9362-a4b23d9509b0
2026-03-26 11:36:04|gemini|thinking_0|20|JSON_VERIFIED||9|ff9bd1e5-6f26-4414-9362-a4b23d9509b0
2026-03-26 11:36:04|gemini|thinking_0|20|QUESTION|10|9|ff9bd1e5-6f26-4414-9362-a4b23d9509b0
2026-03-26 11:36:04|gemini|thinking_0|20|JSON_SAVED||9|ff9bd1e5-6f26-4414-9362-a4b23d9509b0
2026-03-26 11:36:04|gemini|thinking_0|20|QUESTION_ADVANCE||10|f41a8383-ca58-4360-8bfd-6f6c8216629a
2026-03-26 11:36:11|gemini|thinking_0|21|QUESTION_SENT||158|befb954d-3e4e-4190-9271-8ca0749f38f8
2026-03-26 11:36:45|gemini|thinking_0|21|JSON_VERIFIED||158|befb954d-3e4e-4190-9271-8ca0749f38f8
2026-03-26 11:36:45|gemini|thinking_0|21|QUESTION|8|158|befb954d-3e4e-4190-9271-8ca0749f38f8
2026-03-26 11:36:45|gemini|thinking_0|21|JSON_SAVED||158|befb954d-3e4e-4190-9271-8ca0749f38f8
2026-03-26 11:36:45|gemini|thinking_0|21|QUESTION_ADVANCE||159|927780f6-d0f9-4faa-9896-903cee158306
2026-03-26 11:38:43|gemini|thinking_0|20|QUESTION_SENT||10|f41a8383-ca58-4360-8bfd-6f6c8216629a
2026-03-26 11:39:17|gemini|thinking_0|20|JSON_VERIFIED||10|f41a8383-ca58-4360-8bfd-6f6c8216629a
2026-03-26 11:39:17|gemini|thinking_0|20|QUESTION|11|10|f41a8383-ca58-4360-8bfd-6f6c8216629a
2026-03-26 11:39:17|gemini|thinking_0|20|JSON_SAVED||10|f41a8383-ca58-4360-8bfd-6f6c8216629a
2026-03-26 11:39:17|gemini|thinking_0|20|QUESTION_ADVANCE||11|840143c8-4fed-43cd-b7e3-2e23138c12fd
2026-03-26 11:39:26|gemini|thinking_0|21|QUESTION_SENT||159|927780f6-d0f9-4faa-9896-903cee158306
2026-03-26 11:40:24|gemini|thinking_0|21|JSON_VERIFIED||159|927780f6-d0f9-4faa-9896-903cee158306
2026-03-26 11:40:24|gemini|thinking_0|21|QUESTION|9|159|927780f6-d0f9-4faa-9896-903cee158306
2026-03-26 11:40:24|gemini|thinking_0|21|JSON_SAVED||159|927780f6-d0f9-4faa-9896-903cee158306
2026-03-26 11:40:24|gemini|thinking_0|21|QUESTION_ADVANCE||160|126085e6-13ae-4a6a-98c8-ab0d1952d697
2026-03-26 11:41:57|gemini|thinking_0|20|QUESTION_SENT||11|840143c8-4fed-43cd-b7e3-2e23138c12fd
2026-03-26 11:42:36|gemini|thinking_0|20|JSON_VERIFIED||11|840143c8-4fed-43cd-b7e3-2e23138c12fd
2026-03-26 11:42:36|gemini|thinking_0|20|QUESTION|12|11|840143c8-4fed-43cd-b7e3-2e23138c12fd
2026-03-26 11:42:36|gemini|thinking_0|20|JSON_SAVED||11|840143c8-4fed-43cd-b7e3-2e23138c12fd
2026-03-26 11:42:36|gemini|thinking_0|20|QUESTION_ADVANCE||12|a4876453-6433-4899-bf1b-cbfae27f087e
2026-03-26 11:42:40|gemini|thinking_0|21|QUESTION_SENT||160|126085e6-13ae-4a6a-98c8-ab0d1952d697
2026-03-26 11:43:13|gemini|thinking_0|21|JSON_VERIFIED||160|126085e6-13ae-4a6a-98c8-ab0d1952d697
2026-03-26 11:43:13|gemini|thinking_0|21|QUESTION|10|160|126085e6-13ae-4a6a-98c8-ab0d1952d697
2026-03-26 11:43:13|gemini|thinking_0|21|JSON_SAVED||160|126085e6-13ae-4a6a-98c8-ab0d1952d697
2026-03-26 11:43:13|gemini|thinking_0|21|QUESTION_ADVANCE||161|e101d4d0-74cc-4543-8fb2-92e02dbec839
2026-03-26 11:45:12|gemini|thinking_0|20|QUESTION_SENT||12|a4876453-6433-4899-bf1b-cbfae27f087e
2026-03-26 11:45:55|gemini|thinking_0|21|QUESTION_SENT||161|e101d4d0-74cc-4543-8fb2-92e02dbec839
2026-03-26 11:46:29|gemini|thinking_0|21|JSON_VERIFIED||161|e101d4d0-74cc-4543-8fb2-92e02dbec839
2026-03-26 11:46:29|gemini|thinking_0|21|QUESTION|11|161|e101d4d0-74cc-4543-8fb2-92e02dbec839
2026-03-26 11:46:29|gemini|thinking_0|21|JSON_SAVED||161|e101d4d0-74cc-4543-8fb2-92e02dbec839
2026-03-26 11:46:29|gemini|thinking_0|21|QUESTION_ADVANCE||162|3e001890-e9e5-4e31-8e54-8bf60658a8de
2026-03-26 11:48:27|gemini|thinking_0|20|QUESTION_SENT||12|a4876453-6433-4899-bf1b-cbfae27f087e
2026-03-26 11:48:59|gemini|thinking_0|20|JSON_VERIFIED||12|a4876453-6433-4899-bf1b-cbfae27f087e
2026-03-26 11:48:59|gemini|thinking_0|20|QUESTION|13|12|a4876453-6433-4899-bf1b-cbfae27f087e
2026-03-26 11:48:59|gemini|thinking_0|20|JSON_SAVED||12|a4876453-6433-4899-bf1b-cbfae27f087e
2026-03-26 11:48:59|gemini|thinking_0|20|QUESTION_ADVANCE||13|a33ea6ec-d6a9-43c3-9cd1-c96ea8b54564
2026-03-26 11:49:10|gemini|thinking_0|21|QUESTION_SENT||162|3e001890-e9e5-4e31-8e54-8bf60658a8de
2026-03-26 11:49:47|gemini|thinking_0|21|JSON_VERIFIED||162|3e001890-e9e5-4e31-8e54-8bf60658a8de
2026-03-26 11:49:47|gemini|thinking_0|21|QUESTION|12|162|3e001890-e9e5-4e31-8e54-8bf60658a8de
2026-03-26 11:49:47|gemini|thinking_0|21|JSON_SAVED||162|3e001890-e9e5-4e31-8e54-8bf60658a8de
2026-03-26 11:49:47|gemini|thinking_0|21|QUESTION_ADVANCE||163|79ff5c3a-cc71-4f45-b285-b8a747902033
2026-03-26 11:51:41|gemini|thinking_0|20|QUESTION_SENT||13|a33ea6ec-d6a9-43c3-9cd1-c96ea8b54564
2026-03-26 11:52:24|gemini|thinking_0|20|JSON_VERIFIED||13|a33ea6ec-d6a9-43c3-9cd1-c96ea8b54564
2026-03-26 11:52:24|gemini|thinking_0|20|QUESTION|14|13|a33ea6ec-d6a9-43c3-9cd1-c96ea8b54564
2026-03-26 11:52:24|gemini|thinking_0|20|JSON_SAVED||13|a33ea6ec-d6a9-43c3-9cd1-c96ea8b54564
2026-03-26 11:52:24|gemini|thinking_0|20|QUESTION_ADVANCE||14|9d786c83-9fc8-44eb-add0-f6b9117d3bda
2026-03-26 11:52:25|gemini|thinking_0|21|QUESTION_SENT||163|79ff5c3a-cc71-4f45-b285-b8a747902033
2026-03-26 11:53:06|gemini|thinking_0|21|JSON_VERIFIED||163|79ff5c3a-cc71-4f45-b285-b8a747902033
2026-03-26 11:53:06|gemini|thinking_0|21|QUESTION|13|163|79ff5c3a-cc71-4f45-b285-b8a747902033
2026-03-26 11:53:06|gemini|thinking_0|21|JSON_SAVED||163|79ff5c3a-cc71-4f45-b285-b8a747902033
2026-03-26 11:53:06|gemini|thinking_0|21|QUESTION_ADVANCE||164|d04342f5-cc65-4e28-a982-4eade163e6ea
2026-03-26 11:54:56|gemini|thinking_0|20|QUESTION_SENT||14|9d786c83-9fc8-44eb-add0-f6b9117d3bda
2026-03-26 11:55:26|gemini|thinking_0|20|JSON_VERIFIED||14|9d786c83-9fc8-44eb-add0-f6b9117d3bda
2026-03-26 11:55:26|gemini|thinking_0|20|QUESTION|15|14|9d786c83-9fc8-44eb-add0-f6b9117d3bda
2026-03-26 11:55:26|gemini|thinking_0|20|JSON_SAVED||14|9d786c83-9fc8-44eb-add0-f6b9117d3bda
2026-03-26 11:55:26|gemini|thinking_0|20|QUESTION_ADVANCE||15|46bdf00a-f7f1-4173-b0be-8381d4f71596
2026-03-26 11:55:39|gemini|thinking_0|21|QUESTION_SENT||164|d04342f5-cc65-4e28-a982-4eade163e6ea
2026-03-26 11:56:12|gemini|thinking_0|21|JSON_VERIFIED||164|d04342f5-cc65-4e28-a982-4eade163e6ea
2026-03-26 11:56:12|gemini|thinking_0|21|QUESTION|14|164|d04342f5-cc65-4e28-a982-4eade163e6ea
2026-03-26 11:56:12|gemini|thinking_0|21|JSON_SAVED||164|d04342f5-cc65-4e28-a982-4eade163e6ea
2026-03-26 11:56:12|gemini|thinking_0|21|QUESTION_ADVANCE||165|f2167187-777e-4e7d-8981-706cb2250d9d
2026-03-26 11:58:11|gemini|thinking_0|20|QUESTION_SENT||15|46bdf00a-f7f1-4173-b0be-8381d4f71596
2026-03-26 11:58:43|gemini|thinking_0|20|JSON_VERIFIED||15|46bdf00a-f7f1-4173-b0be-8381d4f71596
2026-03-26 11:58:43|gemini|thinking_0|20|QUESTION|16|15|46bdf00a-f7f1-4173-b0be-8381d4f71596
2026-03-26 11:58:43|gemini|thinking_0|20|JSON_SAVED||15|46bdf00a-f7f1-4173-b0be-8381d4f71596
2026-03-26 11:58:43|gemini|thinking_0|20|QUESTION_ADVANCE||16|836752fa-edef-45c7-acd0-cc98969df72e
2026-03-26 11:58:54|gemini|thinking_0|21|QUESTION_SENT||165|f2167187-777e-4e7d-8981-706cb2250d9d
2026-03-26 11:59:34|gemini|thinking_0|21|JSON_VERIFIED||165|f2167187-777e-4e7d-8981-706cb2250d9d
2026-03-26 11:59:34|gemini|thinking_0|21|QUESTION|15|165|f2167187-777e-4e7d-8981-706cb2250d9d
2026-03-26 11:59:34|gemini|thinking_0|21|JSON_SAVED||165|f2167187-777e-4e7d-8981-706cb2250d9d
2026-03-26 11:59:34|gemini|thinking_0|21|QUESTION_ADVANCE||166|468a38b6-3406-4c47-8a8f-93c533a30bee
2026-03-26 12:01:25|gemini|thinking_0|20|QUESTION_SENT||16|836752fa-edef-45c7-acd0-cc98969df72e
2026-03-26 12:02:00|gemini|thinking_0|20|JSON_VERIFIED||16|836752fa-edef-45c7-acd0-cc98969df72e
2026-03-26 12:02:00|gemini|thinking_0|20|QUESTION|17|16|836752fa-edef-45c7-acd0-cc98969df72e
2026-03-26 12:02:00|gemini|thinking_0|20|JSON_SAVED||16|836752fa-edef-45c7-acd0-cc98969df72e
2026-03-26 12:02:00|gemini|thinking_0|20|QUESTION_ADVANCE||17|0ec5493b-526c-4b48-be2a-20aefa3de46f
2026-03-26 12:02:09|gemini|thinking_0|21|QUESTION_SENT||166|468a38b6-3406-4c47-8a8f-93c533a30bee
2026-03-26 12:02:44|gemini|thinking_0|21|JSON_VERIFIED||166|468a38b6-3406-4c47-8a8f-93c533a30bee
2026-03-26 12:02:44|gemini|thinking_0|21|QUESTION|16|166|468a38b6-3406-4c47-8a8f-93c533a30bee
2026-03-26 12:02:44|gemini|thinking_0|21|JSON_SAVED||166|468a38b6-3406-4c47-8a8f-93c533a30bee
2026-03-26 12:02:45|gemini|thinking_0|21|QUESTION_ADVANCE||167|6e76490f-7697-41e4-9636-a28b5cec3319
2026-03-26 12:04:40|gemini|thinking_0|20|QUESTION_SENT||17|0ec5493b-526c-4b48-be2a-20aefa3de46f
2026-03-26 12:05:17|gemini|thinking_0|20|JSON_VERIFIED||17|0ec5493b-526c-4b48-be2a-20aefa3de46f
2026-03-26 12:05:17|gemini|thinking_0|20|QUESTION|18|17|0ec5493b-526c-4b48-be2a-20aefa3de46f
2026-03-26 12:05:17|gemini|thinking_0|20|JSON_SAVED||17|0ec5493b-526c-4b48-be2a-20aefa3de46f
2026-03-26 12:05:17|gemini|thinking_0|20|QUESTION_ADVANCE||18|4179157e-de9d-4fa0-8e47-bb7ed03fa24a
2026-03-26 12:05:23|gemini|thinking_0|21|QUESTION_SENT||167|6e76490f-7697-41e4-9636-a28b5cec3319
2026-03-26 12:05:56|gemini|thinking_0|21|JSON_VERIFIED||167|6e76490f-7697-41e4-9636-a28b5cec3319
2026-03-26 12:05:56|gemini|thinking_0|21|QUESTION|17|167|6e76490f-7697-41e4-9636-a28b5cec3319
2026-03-26 12:05:56|gemini|thinking_0|21|JSON_SAVED||167|6e76490f-7697-41e4-9636-a28b5cec3319
2026-03-26 12:05:56|gemini|thinking_0|21|QUESTION_ADVANCE||168|8678e2d6-1a28-4309-ab46-a1f90972949b
2026-03-26 12:07:55|gemini|thinking_0|20|QUESTION_SENT||18|4179157e-de9d-4fa0-8e47-bb7ed03fa24a
2026-03-26 12:08:29|gemini|thinking_0|20|JSON_VERIFIED||18|4179157e-de9d-4fa0-8e47-bb7ed03fa24a
2026-03-26 12:08:29|gemini|thinking_0|20|QUESTION|19|18|4179157e-de9d-4fa0-8e47-bb7ed03fa24a
2026-03-26 12:08:29|gemini|thinking_0|20|JSON_SAVED||18|4179157e-de9d-4fa0-8e47-bb7ed03fa24a
2026-03-26 12:08:29|gemini|thinking_0|20|QUESTION_ADVANCE||19|dd721661-ab93-41c8-9dc0-8100e199a752
2026-03-26 12:08:38|gemini|thinking_0|21|QUESTION_SENT||168|8678e2d6-1a28-4309-ab46-a1f90972949b
2026-03-26 12:09:14|gemini|thinking_0|21|JSON_VERIFIED||168|8678e2d6-1a28-4309-ab46-a1f90972949b
2026-03-26 12:09:14|gemini|thinking_0|21|QUESTION|18|168|8678e2d6-1a28-4309-ab46-a1f90972949b
2026-03-26 12:09:14|gemini|thinking_0|21|JSON_SAVED||168|8678e2d6-1a28-4309-ab46-a1f90972949b
2026-03-26 12:09:14|gemini|thinking_0|21|QUESTION_ADVANCE||169|541f2aa0-0e7c-4eca-bf3d-293cdf45805b
2026-03-26 12:11:10|gemini|thinking_0|20|QUESTION_SENT||19|dd721661-ab93-41c8-9dc0-8100e199a752
2026-03-26 12:11:46|gemini|thinking_0|20|JSON_VERIFIED||19|dd721661-ab93-41c8-9dc0-8100e199a752
2026-03-26 12:11:46|gemini|thinking_0|20|QUESTION|20|19|dd721661-ab93-41c8-9dc0-8100e199a752
2026-03-26 12:11:46|gemini|thinking_0|20|JSON_SAVED||19|dd721661-ab93-41c8-9dc0-8100e199a752
2026-03-26 12:11:46|gemini|thinking_0|20|QUESTION_ADVANCE||20|0be2814e-c5af-47fc-964d-a8736d6ce4ac
2026-03-26 12:11:53|gemini|thinking_0|21|QUESTION_SENT||169|541f2aa0-0e7c-4eca-bf3d-293cdf45805b
2026-03-26 12:12:28|gemini|thinking_0|21|JSON_VERIFIED||169|541f2aa0-0e7c-4eca-bf3d-293cdf45805b
2026-03-26 12:12:28|gemini|thinking_0|21|QUESTION|19|169|541f2aa0-0e7c-4eca-bf3d-293cdf45805b
2026-03-26 12:12:28|gemini|thinking_0|21|JSON_SAVED||169|541f2aa0-0e7c-4eca-bf3d-293cdf45805b
2026-03-26 12:12:28|gemini|thinking_0|21|QUESTION_ADVANCE||170|f96faeff-ab1e-4a07-a9ae-7fca548938d8
2026-03-26 12:14:24|gemini|thinking_0|20|QUESTION_SENT||20|0be2814e-c5af-47fc-964d-a8736d6ce4ac
2026-03-26 12:14:59|gemini|thinking_0|20|JSON_VERIFIED||20|0be2814e-c5af-47fc-964d-a8736d6ce4ac
2026-03-26 12:14:59|gemini|thinking_0|20|QUESTION|21|20|0be2814e-c5af-47fc-964d-a8736d6ce4ac
2026-03-26 12:14:59|gemini|thinking_0|20|JSON_SAVED||20|0be2814e-c5af-47fc-964d-a8736d6ce4ac
2026-03-26 12:14:59|gemini|thinking_0|20|QUESTION_ADVANCE||21|0a5f2606-b638-408b-be32-53e6cd8642af
2026-03-26 12:15:08|gemini|thinking_0|21|QUESTION_SENT||170|f96faeff-ab1e-4a07-a9ae-7fca548938d8
2026-03-26 12:15:46|gemini|thinking_0|21|JSON_VERIFIED||170|f96faeff-ab1e-4a07-a9ae-7fca548938d8
2026-03-26 12:15:46|gemini|thinking_0|21|QUESTION|20|170|f96faeff-ab1e-4a07-a9ae-7fca548938d8
2026-03-26 12:15:46|gemini|thinking_0|21|JSON_SAVED||170|f96faeff-ab1e-4a07-a9ae-7fca548938d8
2026-03-26 12:15:46|gemini|thinking_0|21|QUESTION_ADVANCE||171|9affd1ce-f59c-4d7a-9415-096e3c079dc5
2026-03-26 12:17:39|gemini|thinking_0|20|QUESTION_SENT||21|0a5f2606-b638-408b-be32-53e6cd8642af
2026-03-26 12:18:16|gemini|thinking_0|20|JSON_VERIFIED||21|0a5f2606-b638-408b-be32-53e6cd8642af
2026-03-26 12:18:16|gemini|thinking_0|20|QUESTION|22|21|0a5f2606-b638-408b-be32-53e6cd8642af
2026-03-26 12:18:16|gemini|thinking_0|20|JSON_SAVED||21|0a5f2606-b638-408b-be32-53e6cd8642af
2026-03-26 12:18:16|gemini|thinking_0|20|QUESTION_ADVANCE||22|40c84a56-b428-485b-bbd7-aa0f917391ec
2026-03-26 12:18:22|gemini|thinking_0|21|QUESTION_SENT||171|9affd1ce-f59c-4d7a-9415-096e3c079dc5
2026-03-26 12:19:01|gemini|thinking_0|21|JSON_VERIFIED||171|9affd1ce-f59c-4d7a-9415-096e3c079dc5
2026-03-26 12:19:01|gemini|thinking_0|21|QUESTION|21|171|9affd1ce-f59c-4d7a-9415-096e3c079dc5
2026-03-26 12:19:01|gemini|thinking_0|21|JSON_SAVED||171|9affd1ce-f59c-4d7a-9415-096e3c079dc5
2026-03-26 12:19:01|gemini|thinking_0|21|QUESTION_ADVANCE||172|192b4f9b-d9ab-4ff1-9b84-9f42cccefe4a
2026-03-26 12:20:54|gemini|thinking_0|20|QUESTION_SENT||22|40c84a56-b428-485b-bbd7-aa0f917391ec
2026-03-26 12:21:37|gemini|thinking_0|21|QUESTION_SENT||172|192b4f9b-d9ab-4ff1-9b84-9f42cccefe4a
2026-03-26 12:22:11|gemini|thinking_0|21|JSON_VERIFIED||172|192b4f9b-d9ab-4ff1-9b84-9f42cccefe4a
2026-03-26 12:22:11|gemini|thinking_0|21|QUESTION|22|172|192b4f9b-d9ab-4ff1-9b84-9f42cccefe4a
2026-03-26 12:22:11|gemini|thinking_0|21|JSON_SAVED||172|192b4f9b-d9ab-4ff1-9b84-9f42cccefe4a
2026-03-26 12:22:11|gemini|thinking_0|21|QUESTION_ADVANCE||173|d79dcbfe-329e-48c1-9cd5-728439a5ff8a
2026-03-26 12:24:52|gemini|thinking_0|21|QUESTION_SENT||173|d79dcbfe-329e-48c1-9cd5-728439a5ff8a
2026-03-26 12:25:29|gemini|thinking_0|21|JSON_VERIFIED||173|d79dcbfe-329e-48c1-9cd5-728439a5ff8a
2026-03-26 12:25:29|gemini|thinking_0|21|QUESTION|23|173|d79dcbfe-329e-48c1-9cd5-728439a5ff8a
2026-03-26 12:25:29|gemini|thinking_0|21|JSON_SAVED||173|d79dcbfe-329e-48c1-9cd5-728439a5ff8a
2026-03-26 12:25:29|gemini|thinking_0|21|QUESTION_ADVANCE||174|97c6f04c-b155-4d94-b212-65e7b20064c3
2026-03-26 12:28:07|gemini|thinking_0|21|QUESTION_SENT||174|97c6f04c-b155-4d94-b212-65e7b20064c3
2026-03-26 12:28:41|gemini|thinking_0|21|JSON_VERIFIED||174|97c6f04c-b155-4d94-b212-65e7b20064c3
2026-03-26 12:28:41|gemini|thinking_0|21|QUESTION|24|174|97c6f04c-b155-4d94-b212-65e7b20064c3
2026-03-26 12:28:41|gemini|thinking_0|21|JSON_SAVED||174|97c6f04c-b155-4d94-b212-65e7b20064c3
2026-03-26 12:28:41|gemini|thinking_0|21|QUESTION_ADVANCE||175|2f441df7-abb9-4b6d-ada7-5fda2522576f
2026-03-26 12:28:50|gemini|thinking_0|20|QUESTION_SENT||22|40c84a56-b428-485b-bbd7-aa0f917391ec
2026-03-26 12:29:27|gemini|thinking_0|20|JSON_VERIFIED||22|40c84a56-b428-485b-bbd7-aa0f917391ec
2026-03-26 12:29:27|gemini|thinking_0|20|QUESTION|23|22|40c84a56-b428-485b-bbd7-aa0f917391ec
2026-03-26 12:29:27|gemini|thinking_0|20|JSON_SAVED||22|40c84a56-b428-485b-bbd7-aa0f917391ec
2026-03-26 12:29:27|gemini|thinking_0|20|QUESTION_ADVANCE||23|8da79f47-21a5-447a-8ab4-190655eda193
2026-03-26 12:31:21|gemini|thinking_0|21|QUESTION_SENT||175|2f441df7-abb9-4b6d-ada7-5fda2522576f
2026-03-26 12:31:55|gemini|thinking_0|21|JSON_VERIFIED||175|2f441df7-abb9-4b6d-ada7-5fda2522576f
2026-03-26 12:31:55|gemini|thinking_0|21|QUESTION|25|175|2f441df7-abb9-4b6d-ada7-5fda2522576f
2026-03-26 12:31:55|gemini|thinking_0|21|JSON_SAVED||175|2f441df7-abb9-4b6d-ada7-5fda2522576f
2026-03-26 12:31:55|gemini|thinking_0|21|QUESTION_ADVANCE||176|481173c5-2ea1-49aa-818f-3b1ed1efff89
2026-03-26 12:32:04|gemini|thinking_0|20|QUESTION_SENT||23|8da79f47-21a5-447a-8ab4-190655eda193
2026-03-26 12:32:37|gemini|thinking_0|20|JSON_VERIFIED||23|8da79f47-21a5-447a-8ab4-190655eda193
2026-03-26 12:32:37|gemini|thinking_0|20|QUESTION|24|23|8da79f47-21a5-447a-8ab4-190655eda193
2026-03-26 12:32:37|gemini|thinking_0|20|JSON_SAVED||23|8da79f47-21a5-447a-8ab4-190655eda193
2026-03-26 12:32:37|gemini|thinking_0|20|QUESTION_ADVANCE||24|0f94bddd-36ea-4875-9c0e-c9eb0d1162f7
2026-03-26 12:34:36|gemini|thinking_0|21|QUESTION_SENT||176|481173c5-2ea1-49aa-818f-3b1ed1efff89
2026-03-26 12:35:07|gemini|thinking_0|21|JSON_VERIFIED||176|481173c5-2ea1-49aa-818f-3b1ed1efff89
2026-03-26 12:35:07|gemini|thinking_0|21|QUESTION|26|176|481173c5-2ea1-49aa-818f-3b1ed1efff89
2026-03-26 12:35:07|gemini|thinking_0|21|JSON_SAVED||176|481173c5-2ea1-49aa-818f-3b1ed1efff89
2026-03-26 12:35:07|gemini|thinking_0|21|QUESTION_ADVANCE||177|c0613484-8676-4a52-8fbe-53e7dc871507
2026-03-26 12:35:19|gemini|thinking_0|20|QUESTION_SENT||24|0f94bddd-36ea-4875-9c0e-c9eb0d1162f7
2026-03-26 12:35:56|gemini|thinking_0|20|JSON_VERIFIED||24|0f94bddd-36ea-4875-9c0e-c9eb0d1162f7
2026-03-26 12:35:56|gemini|thinking_0|20|QUESTION|25|24|0f94bddd-36ea-4875-9c0e-c9eb0d1162f7
2026-03-26 12:35:56|gemini|thinking_0|20|JSON_SAVED||24|0f94bddd-36ea-4875-9c0e-c9eb0d1162f7
2026-03-26 12:35:56|gemini|thinking_0|20|QUESTION_ADVANCE||25|29e53128-8672-4696-aac4-743a3d78c842
2026-03-26 12:37:51|gemini|thinking_0|21|QUESTION_SENT||177|c0613484-8676-4a52-8fbe-53e7dc871507
2026-03-26 12:38:26|gemini|thinking_0|21|JSON_VERIFIED||177|c0613484-8676-4a52-8fbe-53e7dc871507
2026-03-26 12:38:26|gemini|thinking_0|21|QUESTION|27|177|c0613484-8676-4a52-8fbe-53e7dc871507
2026-03-26 12:38:26|gemini|thinking_0|21|JSON_SAVED||177|c0613484-8676-4a52-8fbe-53e7dc871507
2026-03-26 12:38:26|gemini|thinking_0|21|QUESTION_ADVANCE||178|aeb8fdae-0200-49fc-af77-4dbbda42daea
2026-03-26 12:38:34|gemini|thinking_0|20|QUESTION_SENT||25|29e53128-8672-4696-aac4-743a3d78c842
2026-03-26 12:39:14|gemini|thinking_0|20|JSON_VERIFIED||25|29e53128-8672-4696-aac4-743a3d78c842
2026-03-26 12:39:14|gemini|thinking_0|20|QUESTION|26|25|29e53128-8672-4696-aac4-743a3d78c842
2026-03-26 12:39:14|gemini|thinking_0|20|JSON_SAVED||25|29e53128-8672-4696-aac4-743a3d78c842
2026-03-26 12:39:14|gemini|thinking_0|20|QUESTION_ADVANCE||26|b9721255-0dde-4f4b-8600-6d259ff462cd
2026-03-26 12:41:06|gemini|thinking_0|21|QUESTION_SENT||178|aeb8fdae-0200-49fc-af77-4dbbda42daea
2026-03-26 12:41:40|gemini|thinking_0|21|JSON_VERIFIED||178|aeb8fdae-0200-49fc-af77-4dbbda42daea
2026-03-26 12:41:40|gemini|thinking_0|21|QUESTION|28|178|aeb8fdae-0200-49fc-af77-4dbbda42daea
2026-03-26 12:41:40|gemini|thinking_0|21|JSON_SAVED||178|aeb8fdae-0200-49fc-af77-4dbbda42daea
2026-03-26 12:41:40|gemini|thinking_0|21|QUESTION_ADVANCE||179|084f2632-a4b8-4379-a632-fb89c1185c3e
2026-03-26 12:41:49|gemini|thinking_0|20|QUESTION_SENT||26|b9721255-0dde-4f4b-8600-6d259ff462cd
2026-03-26 12:42:23|gemini|thinking_0|20|JSON_VERIFIED||26|b9721255-0dde-4f4b-8600-6d259ff462cd
2026-03-26 12:42:23|gemini|thinking_0|20|QUESTION|27|26|b9721255-0dde-4f4b-8600-6d259ff462cd
2026-03-26 12:42:23|gemini|thinking_0|20|JSON_SAVED||26|b9721255-0dde-4f4b-8600-6d259ff462cd
2026-03-26 12:42:23|gemini|thinking_0|20|QUESTION_ADVANCE||27|b708863d-f79e-4db1-999d-5ac9b0eee34e
2026-03-26 12:44:20|gemini|thinking_0|21|QUESTION_SENT||179|084f2632-a4b8-4379-a632-fb89c1185c3e
2026-03-26 12:44:54|gemini|thinking_0|21|JSON_VERIFIED||179|084f2632-a4b8-4379-a632-fb89c1185c3e
2026-03-26 12:44:54|gemini|thinking_0|21|QUESTION|29|179|084f2632-a4b8-4379-a632-fb89c1185c3e
2026-03-26 12:44:54|gemini|thinking_0|21|JSON_SAVED||179|084f2632-a4b8-4379-a632-fb89c1185c3e
2026-03-26 12:44:54|gemini|thinking_0|21|QUESTION_ADVANCE||180|f929171c-5b14-496e-a192-1ad5b04d8f1d
2026-03-26 12:45:03|gemini|thinking_0|20|QUESTION_SENT||27|b708863d-f79e-4db1-999d-5ac9b0eee34e
2026-03-26 12:45:37|gemini|thinking_0|20|JSON_VERIFIED||27|b708863d-f79e-4db1-999d-5ac9b0eee34e
2026-03-26 12:45:37|gemini|thinking_0|20|QUESTION|28|27|b708863d-f79e-4db1-999d-5ac9b0eee34e
2026-03-26 12:45:37|gemini|thinking_0|20|JSON_SAVED||27|b708863d-f79e-4db1-999d-5ac9b0eee34e
2026-03-26 12:45:37|gemini|thinking_0|20|QUESTION_ADVANCE||28|eed0084b-a05f-4331-b77b-e95607147cf4
2026-03-26 12:47:35|gemini|thinking_0|21|QUESTION_SENT||180|f929171c-5b14-496e-a192-1ad5b04d8f1d
2026-03-26 12:48:12|gemini|thinking_0|21|JSON_VERIFIED||180|f929171c-5b14-496e-a192-1ad5b04d8f1d
2026-03-26 12:48:12|gemini|thinking_0|21|QUESTION|30|180|f929171c-5b14-496e-a192-1ad5b04d8f1d
2026-03-26 12:48:12|gemini|thinking_0|21|JSON_SAVED||180|f929171c-5b14-496e-a192-1ad5b04d8f1d
2026-03-26 12:48:12|gemini|thinking_0|21|QUESTION_ADVANCE||181|bda8140d-f6e6-492c-ab2d-18f4ddf1f8f4
2026-03-26 12:48:18|gemini|thinking_0|20|QUESTION_SENT||28|eed0084b-a05f-4331-b77b-e95607147cf4
2026-03-26 12:50:50|gemini|thinking_0|21|QUESTION_SENT||181|bda8140d-f6e6-492c-ab2d-18f4ddf1f8f4
2026-03-26 12:51:22|gemini|thinking_0|21|JSON_VERIFIED||181|bda8140d-f6e6-492c-ab2d-18f4ddf1f8f4
2026-03-26 12:51:22|gemini|thinking_0|21|QUESTION|31|181|bda8140d-f6e6-492c-ab2d-18f4ddf1f8f4
2026-03-26 12:51:22|gemini|thinking_0|21|JSON_SAVED||181|bda8140d-f6e6-492c-ab2d-18f4ddf1f8f4
2026-03-26 12:51:22|gemini|thinking_0|21|QUESTION_ADVANCE||182|34a411c5-4555-44f3-89d8-2b588b8f96b0
2026-03-26 12:51:32|gemini|thinking_0|20|QUESTION_SENT||28|eed0084b-a05f-4331-b77b-e95607147cf4
2026-03-26 12:52:07|gemini|thinking_0|20|JSON_VERIFIED||28|eed0084b-a05f-4331-b77b-e95607147cf4
2026-03-26 12:52:07|gemini|thinking_0|20|QUESTION|29|28|eed0084b-a05f-4331-b77b-e95607147cf4
2026-03-26 12:52:07|gemini|thinking_0|20|JSON_SAVED||28|eed0084b-a05f-4331-b77b-e95607147cf4
2026-03-26 12:52:07|gemini|thinking_0|20|QUESTION_ADVANCE||29|d5dc6c67-d49c-4fd4-92a1-3cd448395816
2026-03-26 12:54:04|gemini|thinking_0|21|QUESTION_SENT||182|34a411c5-4555-44f3-89d8-2b588b8f96b0
2026-03-26 12:54:36|gemini|thinking_0|21|JSON_VERIFIED||182|34a411c5-4555-44f3-89d8-2b588b8f96b0
2026-03-26 12:54:36|gemini|thinking_0|21|QUESTION|32|182|34a411c5-4555-44f3-89d8-2b588b8f96b0
2026-03-26 12:54:36|gemini|thinking_0|21|JSON_SAVED||182|34a411c5-4555-44f3-89d8-2b588b8f96b0
2026-03-26 12:54:36|gemini|thinking_0|21|QUESTION_ADVANCE||183|6acd5dfd-9d86-4725-8614-18c134033d7b
2026-03-26 12:54:47|gemini|thinking_0|20|QUESTION_SENT||29|d5dc6c67-d49c-4fd4-92a1-3cd448395816
2026-03-26 12:55:17|gemini|thinking_0|20|JSON_VERIFIED||29|d5dc6c67-d49c-4fd4-92a1-3cd448395816
2026-03-26 12:55:17|gemini|thinking_0|20|QUESTION|30|29|d5dc6c67-d49c-4fd4-92a1-3cd448395816
2026-03-26 12:55:17|gemini|thinking_0|20|JSON_SAVED||29|d5dc6c67-d49c-4fd4-92a1-3cd448395816
2026-03-26 12:55:17|gemini|thinking_0|20|QUESTION_ADVANCE||30|ef035ac8-b57e-467c-bcfc-5d5e0b2045e1
2026-03-26 12:57:19|gemini|thinking_0|21|QUESTION_SENT||183|6acd5dfd-9d86-4725-8614-18c134033d7b
2026-03-26 12:57:49|gemini|thinking_0|21|JSON_VERIFIED||183|6acd5dfd-9d86-4725-8614-18c134033d7b
2026-03-26 12:57:49|gemini|thinking_0|21|QUESTION|33|183|6acd5dfd-9d86-4725-8614-18c134033d7b
2026-03-26 12:57:49|gemini|thinking_0|21|JSON_SAVED||183|6acd5dfd-9d86-4725-8614-18c134033d7b
2026-03-26 12:57:49|gemini|thinking_0|21|QUESTION_ADVANCE||184|4b522854-69f9-486e-bbe6-201e3bbd265d
2026-03-26 12:58:02|gemini|thinking_0|20|QUESTION_SENT||30|ef035ac8-b57e-467c-bcfc-5d5e0b2045e1
2026-03-26 12:58:39|gemini|thinking_0|20|JSON_VERIFIED||30|ef035ac8-b57e-467c-bcfc-5d5e0b2045e1
2026-03-26 12:58:39|gemini|thinking_0|20|QUESTION|31|30|ef035ac8-b57e-467c-bcfc-5d5e0b2045e1
2026-03-26 12:58:39|gemini|thinking_0|20|JSON_SAVED||30|ef035ac8-b57e-467c-bcfc-5d5e0b2045e1
2026-03-26 12:58:39|gemini|thinking_0|20|QUESTION_ADVANCE||31|147abbeb-e57f-42e5-87f8-6a4efa0254e0
2026-03-26 13:00:34|gemini|thinking_0|21|QUESTION_SENT||184|4b522854-69f9-486e-bbe6-201e3bbd265d
2026-03-26 13:01:15|gemini|thinking_0|21|JSON_VERIFIED||184|4b522854-69f9-486e-bbe6-201e3bbd265d
2026-03-26 13:01:15|gemini|thinking_0|21|QUESTION|34|184|4b522854-69f9-486e-bbe6-201e3bbd265d
2026-03-26 13:01:15|gemini|thinking_0|21|JSON_SAVED||184|4b522854-69f9-486e-bbe6-201e3bbd265d
2026-03-26 13:01:15|gemini|thinking_0|21|QUESTION_ADVANCE||185|8ab67356-9047-4845-b670-bcdb0efec25f
2026-03-26 13:01:17|gemini|thinking_0|20|QUESTION_SENT||31|147abbeb-e57f-42e5-87f8-6a4efa0254e0
2026-03-26 13:01:52|gemini|thinking_0|20|JSON_VERIFIED||31|147abbeb-e57f-42e5-87f8-6a4efa0254e0
2026-03-26 13:01:52|gemini|thinking_0|20|QUESTION|32|31|147abbeb-e57f-42e5-87f8-6a4efa0254e0
2026-03-26 13:01:52|gemini|thinking_0|20|JSON_SAVED||31|147abbeb-e57f-42e5-87f8-6a4efa0254e0
2026-03-26 13:01:52|gemini|thinking_0|20|QUESTION_ADVANCE||32|0eeef5bb-cf47-4bd5-8f4c-11819c841a13
2026-03-26 13:03:49|gemini|thinking_0|21|QUESTION_SENT||185|8ab67356-9047-4845-b670-bcdb0efec25f
2026-03-26 13:04:28|gemini|thinking_0|21|JSON_VERIFIED||185|8ab67356-9047-4845-b670-bcdb0efec25f
2026-03-26 13:04:28|gemini|thinking_0|21|QUESTION|35|185|8ab67356-9047-4845-b670-bcdb0efec25f
2026-03-26 13:04:28|gemini|thinking_0|21|JSON_SAVED||185|8ab67356-9047-4845-b670-bcdb0efec25f
2026-03-26 13:04:28|gemini|thinking_0|21|QUESTION_ADVANCE||186|fc60d72f-fdf6-4456-a169-7093f74b6d12
2026-03-26 13:04:31|gemini|thinking_0|20|QUESTION_SENT||32|0eeef5bb-cf47-4bd5-8f4c-11819c841a13
2026-03-26 13:05:51|gemini|thinking_0|20|JSON_VERIFIED||32|0eeef5bb-cf47-4bd5-8f4c-11819c841a13
2026-03-26 13:05:51|gemini|thinking_0|20|QUESTION|33|32|0eeef5bb-cf47-4bd5-8f4c-11819c841a13
2026-03-26 13:05:51|gemini|thinking_0|20|JSON_SAVED||32|0eeef5bb-cf47-4bd5-8f4c-11819c841a13
2026-03-26 13:05:51|gemini|thinking_0|20|QUESTION_ADVANCE||33|a5133ab8-1fc8-4a86-9f84-3ac57cb3c380
2026-03-26 13:07:03|gemini|thinking_0|21|QUESTION_SENT||186|fc60d72f-fdf6-4456-a169-7093f74b6d12
2026-03-26 13:07:42|gemini|thinking_0|21|JSON_VERIFIED||186|fc60d72f-fdf6-4456-a169-7093f74b6d12
2026-03-26 13:07:42|gemini|thinking_0|21|QUESTION|36|186|fc60d72f-fdf6-4456-a169-7093f74b6d12
2026-03-26 13:07:42|gemini|thinking_0|21|JSON_SAVED||186|fc60d72f-fdf6-4456-a169-7093f74b6d12
2026-03-26 13:07:42|gemini|thinking_0|21|QUESTION_ADVANCE||187|3f75894e-1913-4755-8336-ec7076a90c9d
2026-03-26 13:07:46|gemini|thinking_0|20|QUESTION_SENT||33|a5133ab8-1fc8-4a86-9f84-3ac57cb3c380
2026-03-26 13:08:20|gemini|thinking_0|20|JSON_VERIFIED||33|a5133ab8-1fc8-4a86-9f84-3ac57cb3c380
2026-03-26 13:08:20|gemini|thinking_0|20|QUESTION|34|33|a5133ab8-1fc8-4a86-9f84-3ac57cb3c380
2026-03-26 13:08:20|gemini|thinking_0|20|JSON_SAVED||33|a5133ab8-1fc8-4a86-9f84-3ac57cb3c380
2026-03-26 13:08:20|gemini|thinking_0|20|QUESTION_ADVANCE||34|43440296-4041-4edf-b158-43e897371864
2026-03-26 13:10:18|gemini|thinking_0|21|QUESTION_SENT||187|3f75894e-1913-4755-8336-ec7076a90c9d
2026-03-26 13:11:00|gemini|thinking_0|20|QUESTION_SENT||34|43440296-4041-4edf-b158-43e897371864
2026-03-26 13:11:01|gemini|thinking_0|21|JSON_VERIFIED||187|3f75894e-1913-4755-8336-ec7076a90c9d
2026-03-26 13:11:01|gemini|thinking_0|21|QUESTION|37|187|3f75894e-1913-4755-8336-ec7076a90c9d
2026-03-26 13:11:01|gemini|thinking_0|21|JSON_SAVED||187|3f75894e-1913-4755-8336-ec7076a90c9d
2026-03-26 13:11:01|gemini|thinking_0|21|QUESTION_ADVANCE||188|e37a9904-c91e-46b3-94d8-99659d9439b5
2026-03-26 13:11:30|gemini|thinking_0|20|JSON_VERIFIED||34|43440296-4041-4edf-b158-43e897371864
2026-03-26 13:11:30|gemini|thinking_0|20|QUESTION|35|34|43440296-4041-4edf-b158-43e897371864
2026-03-26 13:11:30|gemini|thinking_0|20|JSON_SAVED||34|43440296-4041-4edf-b158-43e897371864
2026-03-26 13:11:30|gemini|thinking_0|20|QUESTION_ADVANCE||35|d9b95745-8f22-4a50-ac23-6cde9e8049a1
2026-03-26 13:13:33|gemini|thinking_0|21|QUESTION_SENT||188|e37a9904-c91e-46b3-94d8-99659d9439b5
2026-03-26 13:14:08|gemini|thinking_0|21|JSON_VERIFIED||188|e37a9904-c91e-46b3-94d8-99659d9439b5
2026-03-26 13:14:08|gemini|thinking_0|21|QUESTION|38|188|e37a9904-c91e-46b3-94d8-99659d9439b5
2026-03-26 13:14:08|gemini|thinking_0|21|JSON_SAVED||188|e37a9904-c91e-46b3-94d8-99659d9439b5
2026-03-26 13:14:08|gemini|thinking_0|21|QUESTION_ADVANCE||189|17683482-056e-4125-852c-112167826b11
2026-03-26 13:14:15|gemini|thinking_0|20|QUESTION_SENT||35|d9b95745-8f22-4a50-ac23-6cde9e8049a1
2026-03-26 13:14:57|gemini|thinking_0|20|JSON_VERIFIED||35|d9b95745-8f22-4a50-ac23-6cde9e8049a1
2026-03-26 13:14:57|gemini|thinking_0|20|QUESTION|36|35|d9b95745-8f22-4a50-ac23-6cde9e8049a1
2026-03-26 13:14:57|gemini|thinking_0|20|JSON_SAVED||35|d9b95745-8f22-4a50-ac23-6cde9e8049a1
2026-03-26 13:14:57|gemini|thinking_0|20|QUESTION_ADVANCE||36|283938e4-c2f1-4c68-b4e7-cd5b5ec99846
2026-03-26 13:16:47|gemini|thinking_0|21|QUESTION_SENT||189|17683482-056e-4125-852c-112167826b11
2026-03-26 13:17:20|gemini|thinking_0|21|JSON_VERIFIED||189|17683482-056e-4125-852c-112167826b11
2026-03-26 13:17:20|gemini|thinking_0|21|QUESTION|39|189|17683482-056e-4125-852c-112167826b11
2026-03-26 13:17:20|gemini|thinking_0|21|JSON_SAVED||189|17683482-056e-4125-852c-112167826b11
2026-03-26 13:17:20|gemini|thinking_0|21|QUESTION_ADVANCE||190|d27903e2-e259-4676-b5c3-2fd908849e95
2026-03-26 13:17:30|gemini|thinking_0|20|QUESTION_SENT||36|283938e4-c2f1-4c68-b4e7-cd5b5ec99846
2026-03-26 13:18:07|gemini|thinking_0|20|JSON_VERIFIED||36|283938e4-c2f1-4c68-b4e7-cd5b5ec99846
2026-03-26 13:18:07|gemini|thinking_0|20|QUESTION|37|36|283938e4-c2f1-4c68-b4e7-cd5b5ec99846
2026-03-26 13:18:07|gemini|thinking_0|20|JSON_SAVED||36|283938e4-c2f1-4c68-b4e7-cd5b5ec99846
2026-03-26 13:18:07|gemini|thinking_0|20|QUESTION_ADVANCE||37|1e7a563f-3376-4141-bb11-3419e6d34e1e
2026-03-26 13:20:02|gemini|thinking_0|21|QUESTION_SENT||190|d27903e2-e259-4676-b5c3-2fd908849e95
2026-03-26 13:20:35|gemini|thinking_0|21|JSON_VERIFIED||190|d27903e2-e259-4676-b5c3-2fd908849e95
2026-03-26 13:20:35|gemini|thinking_0|21|QUESTION|40|190|d27903e2-e259-4676-b5c3-2fd908849e95
2026-03-26 13:20:35|gemini|thinking_0|21|JSON_SAVED||190|d27903e2-e259-4676-b5c3-2fd908849e95
2026-03-26 13:20:35|gemini|thinking_0|21|QUESTION_ADVANCE||191|d6e67b46-e982-49b5-92cc-4f4584894d56
2026-03-26 13:20:45|gemini|thinking_0|20|QUESTION_SENT||37|1e7a563f-3376-4141-bb11-3419e6d34e1e
2026-03-26 13:21:18|gemini|thinking_0|20|JSON_VERIFIED||37|1e7a563f-3376-4141-bb11-3419e6d34e1e
2026-03-26 13:21:18|gemini|thinking_0|20|QUESTION|38|37|1e7a563f-3376-4141-bb11-3419e6d34e1e
2026-03-26 13:21:18|gemini|thinking_0|20|JSON_SAVED||37|1e7a563f-3376-4141-bb11-3419e6d34e1e
2026-03-26 13:21:18|gemini|thinking_0|20|QUESTION_ADVANCE||38|a8b0a332-b06c-4ab2-b77b-d998d1e502d6
2026-03-26 13:23:17|gemini|thinking_0|21|QUESTION_SENT||191|d6e67b46-e982-49b5-92cc-4f4584894d56
2026-03-26 13:23:51|gemini|thinking_0|21|JSON_VERIFIED||191|d6e67b46-e982-49b5-92cc-4f4584894d56
2026-03-26 13:23:51|gemini|thinking_0|21|QUESTION|41|191|d6e67b46-e982-49b5-92cc-4f4584894d56
2026-03-26 13:23:51|gemini|thinking_0|21|JSON_SAVED||191|d6e67b46-e982-49b5-92cc-4f4584894d56
2026-03-26 13:23:51|gemini|thinking_0|21|QUESTION_ADVANCE||192|78efc1f1-0437-4781-9b87-d83b13afc2d9
2026-03-26 13:24:00|gemini|thinking_0|20|QUESTION_SENT||38|a8b0a332-b06c-4ab2-b77b-d998d1e502d6
2026-03-26 13:24:42|gemini|thinking_0|20|JSON_VERIFIED||38|a8b0a332-b06c-4ab2-b77b-d998d1e502d6
2026-03-26 13:24:42|gemini|thinking_0|20|QUESTION|39|38|a8b0a332-b06c-4ab2-b77b-d998d1e502d6
2026-03-26 13:24:42|gemini|thinking_0|20|JSON_SAVED||38|a8b0a332-b06c-4ab2-b77b-d998d1e502d6
2026-03-26 13:24:42|gemini|thinking_0|20|QUESTION_ADVANCE||39|067510e6-8e5b-4356-a4f7-156600fec955
2026-03-26 13:26:31|gemini|thinking_0|21|QUESTION_SENT||192|78efc1f1-0437-4781-9b87-d83b13afc2d9
2026-03-26 13:27:05|gemini|thinking_0|21|JSON_VERIFIED||192|78efc1f1-0437-4781-9b87-d83b13afc2d9
2026-03-26 13:27:05|gemini|thinking_0|21|QUESTION|42|192|78efc1f1-0437-4781-9b87-d83b13afc2d9
2026-03-26 13:27:05|gemini|thinking_0|21|JSON_SAVED||192|78efc1f1-0437-4781-9b87-d83b13afc2d9
2026-03-26 13:27:05|gemini|thinking_0|21|QUESTION_ADVANCE||193|9547b0ea-accb-4137-b342-468b6caf7c12
2026-03-26 13:27:14|gemini|thinking_0|20|QUESTION_SENT||39|067510e6-8e5b-4356-a4f7-156600fec955
2026-03-26 13:27:50|gemini|thinking_0|20|JSON_VERIFIED||39|067510e6-8e5b-4356-a4f7-156600fec955
2026-03-26 13:27:50|gemini|thinking_0|20|QUESTION|40|39|067510e6-8e5b-4356-a4f7-156600fec955
2026-03-26 13:27:50|gemini|thinking_0|20|JSON_SAVED||39|067510e6-8e5b-4356-a4f7-156600fec955
2026-03-26 13:27:50|gemini|thinking_0|20|QUESTION_ADVANCE||40|e7ee7f28-c80b-4a23-acd0-bf41d69c782d
2026-03-26 13:29:46|gemini|thinking_0|21|QUESTION_SENT||193|9547b0ea-accb-4137-b342-468b6caf7c12
2026-03-26 13:30:24|gemini|thinking_0|21|JSON_VERIFIED||193|9547b0ea-accb-4137-b342-468b6caf7c12
2026-03-26 13:30:24|gemini|thinking_0|21|QUESTION|43|193|9547b0ea-accb-4137-b342-468b6caf7c12
2026-03-26 13:30:24|gemini|thinking_0|21|JSON_SAVED||193|9547b0ea-accb-4137-b342-468b6caf7c12
2026-03-26 13:30:24|gemini|thinking_0|21|QUESTION_ADVANCE||194|31c2bf7a-eaa3-492c-b68d-4174270b3269
2026-03-26 13:30:29|gemini|thinking_0|20|QUESTION_SENT||40|e7ee7f28-c80b-4a23-acd0-bf41d69c782d
2026-03-26 13:31:08|gemini|thinking_0|20|JSON_VERIFIED||40|e7ee7f28-c80b-4a23-acd0-bf41d69c782d
2026-03-26 13:31:08|gemini|thinking_0|20|QUESTION|41|40|e7ee7f28-c80b-4a23-acd0-bf41d69c782d
2026-03-26 13:31:08|gemini|thinking_0|20|JSON_SAVED||40|e7ee7f28-c80b-4a23-acd0-bf41d69c782d
2026-03-26 13:31:08|gemini|thinking_0|20|QUESTION_ADVANCE||41|d3d88f00-e2c3-46f9-9bae-7a879b4ada6b
2026-03-26 13:33:01|gemini|thinking_0|21|QUESTION_SENT||194|31c2bf7a-eaa3-492c-b68d-4174270b3269
2026-03-26 13:33:43|gemini|thinking_0|21|JSON_VERIFIED||194|31c2bf7a-eaa3-492c-b68d-4174270b3269
2026-03-26 13:33:43|gemini|thinking_0|21|QUESTION|44|194|31c2bf7a-eaa3-492c-b68d-4174270b3269
2026-03-26 13:33:43|gemini|thinking_0|21|JSON_SAVED||194|31c2bf7a-eaa3-492c-b68d-4174270b3269
2026-03-26 13:33:43|gemini|thinking_0|21|QUESTION_ADVANCE||195|73bf0dee-b7db-4c57-8644-8fb75145e722
2026-03-26 13:33:43|gemini|thinking_0|20|QUESTION_SENT||41|d3d88f00-e2c3-46f9-9bae-7a879b4ada6b
2026-03-26 13:34:15|gemini|thinking_0|20|JSON_VERIFIED||41|d3d88f00-e2c3-46f9-9bae-7a879b4ada6b
2026-03-26 13:34:15|gemini|thinking_0|20|QUESTION|42|41|d3d88f00-e2c3-46f9-9bae-7a879b4ada6b
2026-03-26 13:34:15|gemini|thinking_0|20|JSON_SAVED||41|d3d88f00-e2c3-46f9-9bae-7a879b4ada6b
2026-03-26 13:34:15|gemini|thinking_0|20|QUESTION_ADVANCE||42|93037af8-405d-4366-aad9-a6b0782de24a
2026-03-26 13:36:15|gemini|thinking_0|21|QUESTION_SENT||195|73bf0dee-b7db-4c57-8644-8fb75145e722
2026-03-26 13:36:51|gemini|thinking_0|21|JSON_VERIFIED||195|73bf0dee-b7db-4c57-8644-8fb75145e722
2026-03-26 13:36:51|gemini|thinking_0|21|QUESTION|45|195|73bf0dee-b7db-4c57-8644-8fb75145e722
2026-03-26 13:36:51|gemini|thinking_0|21|JSON_SAVED||195|73bf0dee-b7db-4c57-8644-8fb75145e722
2026-03-26 13:36:51|gemini|thinking_0|21|QUESTION_ADVANCE||196|df10cadf-594b-4408-ad0d-d5b49445ad81
2026-03-26 13:36:58|gemini|thinking_0|20|QUESTION_SENT||42|93037af8-405d-4366-aad9-a6b0782de24a
2026-03-26 13:37:32|gemini|thinking_0|20|JSON_VERIFIED||42|93037af8-405d-4366-aad9-a6b0782de24a
2026-03-26 13:37:32|gemini|thinking_0|20|QUESTION|43|42|93037af8-405d-4366-aad9-a6b0782de24a
2026-03-26 13:37:32|gemini|thinking_0|20|JSON_SAVED||42|93037af8-405d-4366-aad9-a6b0782de24a
2026-03-26 13:37:32|gemini|thinking_0|20|QUESTION_ADVANCE||43|63bf3bff-075c-4512-be18-089fd17353f8
2026-03-26 13:39:30|gemini|thinking_0|21|QUESTION_SENT||196|df10cadf-594b-4408-ad0d-d5b49445ad81
2026-03-26 13:40:05|gemini|thinking_0|21|JSON_VERIFIED||196|df10cadf-594b-4408-ad0d-d5b49445ad81
2026-03-26 13:40:05|gemini|thinking_0|21|QUESTION|46|196|df10cadf-594b-4408-ad0d-d5b49445ad81
2026-03-26 13:40:05|gemini|thinking_0|21|JSON_SAVED||196|df10cadf-594b-4408-ad0d-d5b49445ad81
2026-03-26 13:40:05|gemini|thinking_0|21|QUESTION_ADVANCE||197|c56ceddf-c22d-4a3a-9226-e86842d0530d
2026-03-26 13:40:13|gemini|thinking_0|20|QUESTION_SENT||43|63bf3bff-075c-4512-be18-089fd17353f8
2026-03-26 13:40:57|gemini|thinking_0|20|JSON_VERIFIED||43|63bf3bff-075c-4512-be18-089fd17353f8
2026-03-26 13:40:57|gemini|thinking_0|20|QUESTION|44|43|63bf3bff-075c-4512-be18-089fd17353f8
2026-03-26 13:40:57|gemini|thinking_0|20|JSON_SAVED||43|63bf3bff-075c-4512-be18-089fd17353f8
2026-03-26 13:40:57|gemini|thinking_0|20|QUESTION_ADVANCE||44|ca3f75b3-0cc7-4e1a-ab7e-423450d08389
2026-03-26 13:42:44|gemini|thinking_0|21|QUESTION_SENT||197|c56ceddf-c22d-4a3a-9226-e86842d0530d
2026-03-26 13:43:18|gemini|thinking_0|21|JSON_VERIFIED||197|c56ceddf-c22d-4a3a-9226-e86842d0530d
2026-03-26 13:43:18|gemini|thinking_0|21|QUESTION|47|197|c56ceddf-c22d-4a3a-9226-e86842d0530d
2026-03-26 13:43:18|gemini|thinking_0|21|JSON_SAVED||197|c56ceddf-c22d-4a3a-9226-e86842d0530d
2026-03-26 13:43:18|gemini|thinking_0|21|QUESTION_ADVANCE||198|11b5f7a7-c952-421d-82a5-c501012fd805
2026-03-26 13:43:27|gemini|thinking_0|20|QUESTION_SENT||44|ca3f75b3-0cc7-4e1a-ab7e-423450d08389
2026-03-26 13:44:01|gemini|thinking_0|20|JSON_VERIFIED||44|ca3f75b3-0cc7-4e1a-ab7e-423450d08389
2026-03-26 13:44:01|gemini|thinking_0|20|QUESTION|45|44|ca3f75b3-0cc7-4e1a-ab7e-423450d08389
2026-03-26 13:44:01|gemini|thinking_0|20|JSON_SAVED||44|ca3f75b3-0cc7-4e1a-ab7e-423450d08389
2026-03-26 13:44:01|gemini|thinking_0|20|QUESTION_ADVANCE||45|3daea79f-079b-4dcd-bfb9-5aaf138f472c
2026-03-26 13:45:59|gemini|thinking_0|21|QUESTION_SENT||198|11b5f7a7-c952-421d-82a5-c501012fd805
2026-03-26 13:46:33|gemini|thinking_0|21|JSON_VERIFIED||198|11b5f7a7-c952-421d-82a5-c501012fd805
2026-03-26 13:46:33|gemini|thinking_0|21|QUESTION|48|198|11b5f7a7-c952-421d-82a5-c501012fd805
2026-03-26 13:46:33|gemini|thinking_0|21|JSON_SAVED||198|11b5f7a7-c952-421d-82a5-c501012fd805
2026-03-26 13:46:33|gemini|thinking_0|21|QUESTION_ADVANCE||199|2895ddf6-88d3-45c6-a58b-18f9469dc87a
2026-03-26 13:46:42|gemini|thinking_0|20|QUESTION_SENT||45|3daea79f-079b-4dcd-bfb9-5aaf138f472c
2026-03-26 13:47:13|gemini|thinking_0|20|JSON_VERIFIED||45|3daea79f-079b-4dcd-bfb9-5aaf138f472c
2026-03-26 13:47:13|gemini|thinking_0|20|QUESTION|46|45|3daea79f-079b-4dcd-bfb9-5aaf138f472c
2026-03-26 13:47:13|gemini|thinking_0|20|JSON_SAVED||45|3daea79f-079b-4dcd-bfb9-5aaf138f472c
2026-03-26 13:47:13|gemini|thinking_0|20|QUESTION_ADVANCE||46|61fbdae6-5122-46c7-86fe-4b969744f837
2026-03-26 13:49:13|gemini|thinking_0|21|QUESTION_SENT||199|2895ddf6-88d3-45c6-a58b-18f9469dc87a
2026-03-26 13:49:46|gemini|thinking_0|21|JSON_VERIFIED||199|2895ddf6-88d3-45c6-a58b-18f9469dc87a
2026-03-26 13:49:46|gemini|thinking_0|21|QUESTION|49|199|2895ddf6-88d3-45c6-a58b-18f9469dc87a
2026-03-26 13:49:46|gemini|thinking_0|21|JSON_SAVED||199|2895ddf6-88d3-45c6-a58b-18f9469dc87a
2026-03-26 13:49:46|gemini|thinking_0|21|QUESTION_ADVANCE||200|70439f71-8beb-4b8a-9b4e-736a19fefb3b
2026-03-26 13:49:57|gemini|thinking_0|20|QUESTION_SENT||46|61fbdae6-5122-46c7-86fe-4b969744f837
2026-03-26 13:50:31|gemini|thinking_0|20|JSON_VERIFIED||46|61fbdae6-5122-46c7-86fe-4b969744f837
2026-03-26 13:50:31|gemini|thinking_0|20|QUESTION|47|46|61fbdae6-5122-46c7-86fe-4b969744f837
2026-03-26 13:50:31|gemini|thinking_0|20|JSON_SAVED||46|61fbdae6-5122-46c7-86fe-4b969744f837
2026-03-26 13:50:31|gemini|thinking_0|20|QUESTION_ADVANCE||47|58676b7d-5a62-4985-a01d-07ce16989c20
2026-03-26 13:52:28|gemini|thinking_0|21|QUESTION_SENT||200|70439f71-8beb-4b8a-9b4e-736a19fefb3b
2026-03-26 13:53:06|gemini|thinking_0|21|JSON_VERIFIED||200|70439f71-8beb-4b8a-9b4e-736a19fefb3b
2026-03-26 13:53:06|gemini|thinking_0|21|QUESTION|50|200|70439f71-8beb-4b8a-9b4e-736a19fefb3b
2026-03-26 13:53:06|gemini|thinking_0|21|JSON_SAVED||200|70439f71-8beb-4b8a-9b4e-736a19fefb3b
2026-03-26 13:53:06|gemini|thinking_0|21|QUESTION_ADVANCE||201|e290e991-6955-4762-9be9-f2afc8e32c62
2026-03-26 13:53:11|gemini|thinking_0|20|QUESTION_SENT||47|58676b7d-5a62-4985-a01d-07ce16989c20
2026-03-26 13:53:51|gemini|thinking_0|20|JSON_VERIFIED||47|58676b7d-5a62-4985-a01d-07ce16989c20
2026-03-26 13:53:51|gemini|thinking_0|20|QUESTION|48|47|58676b7d-5a62-4985-a01d-07ce16989c20
2026-03-26 13:53:51|gemini|thinking_0|20|JSON_SAVED||47|58676b7d-5a62-4985-a01d-07ce16989c20
2026-03-26 13:53:51|gemini|thinking_0|20|QUESTION_ADVANCE||48|fa44b66c-4458-4f43-a9ec-07e19068acf1
2026-03-26 13:55:43|gemini|thinking_0|21|QUESTION_SENT||201|e290e991-6955-4762-9be9-f2afc8e32c62
2026-03-26 13:56:18|gemini|thinking_0|21|JSON_VERIFIED||201|e290e991-6955-4762-9be9-f2afc8e32c62
2026-03-26 13:56:18|gemini|thinking_0|21|QUESTION|51|201|e290e991-6955-4762-9be9-f2afc8e32c62
2026-03-26 13:56:18|gemini|thinking_0|21|JSON_SAVED||201|e290e991-6955-4762-9be9-f2afc8e32c62
2026-03-26 13:56:18|gemini|thinking_0|21|QUESTION_ADVANCE||202|eaa1abf3-d48a-473c-9939-47a23d01dc4e
2026-03-26 13:56:26|gemini|thinking_0|20|QUESTION_SENT||48|fa44b66c-4458-4f43-a9ec-07e19068acf1
2026-03-26 13:56:59|gemini|thinking_0|20|JSON_VERIFIED||48|fa44b66c-4458-4f43-a9ec-07e19068acf1
2026-03-26 13:56:59|gemini|thinking_0|20|QUESTION|49|48|fa44b66c-4458-4f43-a9ec-07e19068acf1
2026-03-26 13:56:59|gemini|thinking_0|20|JSON_SAVED||48|fa44b66c-4458-4f43-a9ec-07e19068acf1
2026-03-26 13:56:59|gemini|thinking_0|20|QUESTION_ADVANCE||49|4b63ab0b-4806-4989-ab41-bbc73fa67fb9
2026-03-26 13:58:57|gemini|thinking_0|21|QUESTION_SENT||202|eaa1abf3-d48a-473c-9939-47a23d01dc4e
2026-03-26 13:59:41|gemini|thinking_0|20|QUESTION_SENT||49|4b63ab0b-4806-4989-ab41-bbc73fa67fb9
2026-03-26 14:00:19|gemini|thinking_0|20|JSON_VERIFIED||49|4b63ab0b-4806-4989-ab41-bbc73fa67fb9
2026-03-26 14:00:19|gemini|thinking_0|20|QUESTION|50|49|4b63ab0b-4806-4989-ab41-bbc73fa67fb9
2026-03-26 14:00:19|gemini|thinking_0|20|JSON_SAVED||49|4b63ab0b-4806-4989-ab41-bbc73fa67fb9
2026-03-26 14:00:19|gemini|thinking_0|20|QUESTION_ADVANCE||50|b2c405d0-2867-4a81-84a1-64eec7a34a35
2026-03-26 14:02:12|gemini|thinking_0|21|QUESTION_SENT||202|eaa1abf3-d48a-473c-9939-47a23d01dc4e
2026-03-26 14:02:55|gemini|thinking_0|20|QUESTION_SENT||50|b2c405d0-2867-4a81-84a1-64eec7a34a35
2026-03-26 14:05:27|gemini|thinking_0|21|QUESTION_SENT||202|eaa1abf3-d48a-473c-9939-47a23d01dc4e
2026-03-26 14:06:00|gemini|thinking_0|21|JSON_VERIFIED||202|eaa1abf3-d48a-473c-9939-47a23d01dc4e
2026-03-26 14:06:00|gemini|thinking_0|21|QUESTION|52|202|eaa1abf3-d48a-473c-9939-47a23d01dc4e
2026-03-26 14:06:00|gemini|thinking_0|21|JSON_SAVED||202|eaa1abf3-d48a-473c-9939-47a23d01dc4e
2026-03-26 14:06:00|gemini|thinking_0|21|QUESTION_ADVANCE||203|f4d9ae13-f8c8-4eaf-a097-1b2dd613e5f9
2026-03-26 14:08:41|gemini|thinking_0|21|QUESTION_SENT||203|f4d9ae13-f8c8-4eaf-a097-1b2dd613e5f9
2026-03-26 14:09:37|gemini|thinking_0|21|JSON_VERIFIED||203|f4d9ae13-f8c8-4eaf-a097-1b2dd613e5f9
2026-03-26 14:09:37|gemini|thinking_0|21|QUESTION|53|203|f4d9ae13-f8c8-4eaf-a097-1b2dd613e5f9
2026-03-26 14:09:37|gemini|thinking_0|21|JSON_SAVED||203|f4d9ae13-f8c8-4eaf-a097-1b2dd613e5f9
2026-03-26 14:09:37|gemini|thinking_0|21|QUESTION_ADVANCE||204|4d91e62d-4ac3-4765-9078-027d082709bd
2026-03-26 14:11:56|gemini|thinking_0|21|QUESTION_SENT||204|4d91e62d-4ac3-4765-9078-027d082709bd
2026-03-26 14:12:30|gemini|thinking_0|21|JSON_VERIFIED||204|4d91e62d-4ac3-4765-9078-027d082709bd
2026-03-26 14:12:30|gemini|thinking_0|21|QUESTION|54|204|4d91e62d-4ac3-4765-9078-027d082709bd
2026-03-26 14:12:30|gemini|thinking_0|21|JSON_SAVED||204|4d91e62d-4ac3-4765-9078-027d082709bd
2026-03-26 14:12:30|gemini|thinking_0|21|QUESTION_ADVANCE||205|f3b29175-8954-492f-82b6-82225d3e0ab9
2026-03-26 14:15:11|gemini|thinking_0|21|QUESTION_SENT||205|f3b29175-8954-492f-82b6-82225d3e0ab9
2026-03-26 14:15:55|gemini|thinking_0|21|JSON_VERIFIED||205|f3b29175-8954-492f-82b6-82225d3e0ab9
2026-03-26 14:15:55|gemini|thinking_0|21|QUESTION|55|205|f3b29175-8954-492f-82b6-82225d3e0ab9
2026-03-26 14:15:55|gemini|thinking_0|21|JSON_SAVED||205|f3b29175-8954-492f-82b6-82225d3e0ab9
2026-03-26 14:15:55|gemini|thinking_0|21|QUESTION_ADVANCE||206|fad0dfcf-1b64-402c-9f47-19c6e45304b6
2026-03-26 14:18:26|gemini|thinking_0|21|QUESTION_SENT||206|fad0dfcf-1b64-402c-9f47-19c6e45304b6
2026-03-26 14:19:01|gemini|thinking_0|21|JSON_VERIFIED||206|fad0dfcf-1b64-402c-9f47-19c6e45304b6
2026-03-26 14:19:01|gemini|thinking_0|21|QUESTION|56|206|fad0dfcf-1b64-402c-9f47-19c6e45304b6
2026-03-26 14:19:01|gemini|thinking_0|21|JSON_SAVED||206|fad0dfcf-1b64-402c-9f47-19c6e45304b6
2026-03-26 14:19:01|gemini|thinking_0|21|QUESTION_ADVANCE||207|286ba73e-5f3e-4f3e-8e53-d6b2ee175e42
2026-03-26 14:21:40|gemini|thinking_0|21|QUESTION_SENT||207|286ba73e-5f3e-4f3e-8e53-d6b2ee175e42
2026-03-26 14:22:16|gemini|thinking_0|21|JSON_VERIFIED||207|286ba73e-5f3e-4f3e-8e53-d6b2ee175e42
2026-03-26 14:22:16|gemini|thinking_0|21|QUESTION|57|207|286ba73e-5f3e-4f3e-8e53-d6b2ee175e42
2026-03-26 14:22:16|gemini|thinking_0|21|JSON_SAVED||207|286ba73e-5f3e-4f3e-8e53-d6b2ee175e42
2026-03-26 14:22:16|gemini|thinking_0|21|QUESTION_ADVANCE||208|4a1a7c2c-be80-494d-a265-433e4fec4ff3
2026-03-26 14:24:55|gemini|thinking_0|21|QUESTION_SENT||208|4a1a7c2c-be80-494d-a265-433e4fec4ff3
2026-03-26 14:25:30|gemini|thinking_0|21|JSON_VERIFIED||208|4a1a7c2c-be80-494d-a265-433e4fec4ff3
2026-03-26 14:25:30|gemini|thinking_0|21|QUESTION|58|208|4a1a7c2c-be80-494d-a265-433e4fec4ff3
2026-03-26 14:25:30|gemini|thinking_0|21|JSON_SAVED||208|4a1a7c2c-be80-494d-a265-433e4fec4ff3
2026-03-26 14:25:30|gemini|thinking_0|21|QUESTION_ADVANCE||209|7d4f482b-11c4-469c-b6e1-e58ad7b80891
2026-03-26 14:28:10|gemini|thinking_0|21|QUESTION_SENT||209|7d4f482b-11c4-469c-b6e1-e58ad7b80891
2026-03-26 14:28:58|gemini|thinking_0|21|JSON_VERIFIED||209|7d4f482b-11c4-469c-b6e1-e58ad7b80891
2026-03-26 14:28:58|gemini|thinking_0|21|QUESTION|59|209|7d4f482b-11c4-469c-b6e1-e58ad7b80891
2026-03-26 14:28:58|gemini|thinking_0|21|JSON_SAVED||209|7d4f482b-11c4-469c-b6e1-e58ad7b80891
2026-03-26 14:28:58|gemini|thinking_0|21|QUESTION_ADVANCE||210|67f082d2-b846-415a-b633-b46177377fdb
2026-03-26 14:29:22|gemini|thinking_0|20|QUESTION_SENT||50|b2c405d0-2867-4a81-84a1-64eec7a34a35
2026-03-26 14:29:58|gemini|thinking_0|20|JSON_VERIFIED||50|b2c405d0-2867-4a81-84a1-64eec7a34a35
2026-03-26 14:29:58|gemini|thinking_0|20|QUESTION|51|50|b2c405d0-2867-4a81-84a1-64eec7a34a35
2026-03-26 14:29:58|gemini|thinking_0|20|JSON_SAVED||50|b2c405d0-2867-4a81-84a1-64eec7a34a35
2026-03-26 14:29:58|gemini|thinking_0|20|QUESTION_ADVANCE||51|cce63e12-046b-4ad8-abda-1633a8adcfc3
2026-03-26 14:31:25|gemini|thinking_0|21|QUESTION_SENT||210|67f082d2-b846-415a-b633-b46177377fdb
2026-03-26 14:32:37|gemini|thinking_0|20|QUESTION_SENT||51|cce63e12-046b-4ad8-abda-1633a8adcfc3
2026-03-26 14:33:26|gemini|thinking_0|20|JSON_VERIFIED||51|cce63e12-046b-4ad8-abda-1633a8adcfc3
2026-03-26 14:33:26|gemini|thinking_0|20|QUESTION|52|51|cce63e12-046b-4ad8-abda-1633a8adcfc3
2026-03-26 14:33:26|gemini|thinking_0|20|JSON_SAVED||51|cce63e12-046b-4ad8-abda-1633a8adcfc3
2026-03-26 14:33:26|gemini|thinking_0|20|QUESTION_ADVANCE||52|d2f35006-7c64-4cd8-afb1-08e2e9e97796
2026-03-26 14:34:40|gemini|thinking_0|21|QUESTION_SENT||210|67f082d2-b846-415a-b633-b46177377fdb
2026-03-26 14:35:11|gemini|thinking_0|21|JSON_VERIFIED||210|67f082d2-b846-415a-b633-b46177377fdb
2026-03-26 14:35:11|gemini|thinking_0|21|QUESTION|60|210|67f082d2-b846-415a-b633-b46177377fdb
2026-03-26 14:35:11|gemini|thinking_0|21|JSON_SAVED||210|67f082d2-b846-415a-b633-b46177377fdb
2026-03-26 14:35:11|gemini|thinking_0|21|QUESTION_ADVANCE||211|7488267f-9191-4c76-9631-bcfb36c48ada
2026-03-26 14:35:51|gemini|thinking_0|20|QUESTION_SENT||52|d2f35006-7c64-4cd8-afb1-08e2e9e97796
2026-03-26 14:36:22|gemini|thinking_0|20|JSON_VERIFIED||52|d2f35006-7c64-4cd8-afb1-08e2e9e97796
2026-03-26 14:36:22|gemini|thinking_0|20|QUESTION|53|52|d2f35006-7c64-4cd8-afb1-08e2e9e97796
2026-03-26 14:36:22|gemini|thinking_0|20|JSON_SAVED||52|d2f35006-7c64-4cd8-afb1-08e2e9e97796
2026-03-26 14:36:22|gemini|thinking_0|20|QUESTION_ADVANCE||53|d760a952-0bfe-48d3-9872-e4933c57b115
2026-03-26 14:37:54|gemini|thinking_0|21|QUESTION_SENT||211|7488267f-9191-4c76-9631-bcfb36c48ada
2026-03-26 14:38:27|gemini|thinking_0|21|JSON_VERIFIED||211|7488267f-9191-4c76-9631-bcfb36c48ada
2026-03-26 14:38:27|gemini|thinking_0|21|QUESTION|61|211|7488267f-9191-4c76-9631-bcfb36c48ada
2026-03-26 14:38:27|gemini|thinking_0|21|JSON_SAVED||211|7488267f-9191-4c76-9631-bcfb36c48ada
2026-03-26 14:38:27|gemini|thinking_0|21|QUESTION_ADVANCE||212|80029c08-5dfa-4516-8d20-da5a36cdac69
2026-03-26 14:39:06|gemini|thinking_0|20|QUESTION_SENT||53|d760a952-0bfe-48d3-9872-e4933c57b115
2026-03-26 14:39:41|gemini|thinking_0|20|JSON_VERIFIED||53|d760a952-0bfe-48d3-9872-e4933c57b115
2026-03-26 14:39:41|gemini|thinking_0|20|QUESTION|54|53|d760a952-0bfe-48d3-9872-e4933c57b115
2026-03-26 14:39:41|gemini|thinking_0|20|JSON_SAVED||53|d760a952-0bfe-48d3-9872-e4933c57b115
2026-03-26 14:39:41|gemini|thinking_0|20|QUESTION_ADVANCE||54|f11926bf-6458-4b6a-84e8-e5c4997f39ae
2026-03-26 14:41:09|gemini|thinking_0|21|QUESTION_SENT||212|80029c08-5dfa-4516-8d20-da5a36cdac69
2026-03-26 14:41:47|gemini|thinking_0|21|JSON_VERIFIED||212|80029c08-5dfa-4516-8d20-da5a36cdac69
2026-03-26 14:41:47|gemini|thinking_0|21|QUESTION|62|212|80029c08-5dfa-4516-8d20-da5a36cdac69
2026-03-26 14:41:47|gemini|thinking_0|21|JSON_SAVED||212|80029c08-5dfa-4516-8d20-da5a36cdac69
2026-03-26 14:41:47|gemini|thinking_0|21|QUESTION_ADVANCE||213|bd8fc7b7-734d-4c5a-8eb7-f5bbb0b3c1fd
2026-03-26 14:42:20|gemini|thinking_0|20|QUESTION_SENT||54|f11926bf-6458-4b6a-84e8-e5c4997f39ae
2026-03-26 14:44:24|gemini|thinking_0|21|QUESTION_SENT||213|bd8fc7b7-734d-4c5a-8eb7-f5bbb0b3c1fd
2026-03-26 14:44:57|gemini|thinking_0|21|JSON_VERIFIED||213|bd8fc7b7-734d-4c5a-8eb7-f5bbb0b3c1fd
2026-03-26 14:44:57|gemini|thinking_0|21|QUESTION|63|213|bd8fc7b7-734d-4c5a-8eb7-f5bbb0b3c1fd
2026-03-26 14:44:57|gemini|thinking_0|21|JSON_SAVED||213|bd8fc7b7-734d-4c5a-8eb7-f5bbb0b3c1fd
2026-03-26 14:44:57|gemini|thinking_0|21|QUESTION_ADVANCE||214|534dda32-9239-44cd-9c13-fa49bbc50083
2026-03-26 14:45:35|gemini|thinking_0|20|QUESTION_SENT||54|f11926bf-6458-4b6a-84e8-e5c4997f39ae
2026-03-26 14:46:12|gemini|thinking_0|20|JSON_VERIFIED||54|f11926bf-6458-4b6a-84e8-e5c4997f39ae
2026-03-26 14:46:12|gemini|thinking_0|20|QUESTION|55|54|f11926bf-6458-4b6a-84e8-e5c4997f39ae
2026-03-26 14:46:12|gemini|thinking_0|20|JSON_SAVED||54|f11926bf-6458-4b6a-84e8-e5c4997f39ae
2026-03-26 14:46:12|gemini|thinking_0|20|QUESTION_ADVANCE||55|15b81811-59e8-43a7-9da3-346a45030b68
2026-03-26 14:47:38|gemini|thinking_0|21|QUESTION_SENT||214|534dda32-9239-44cd-9c13-fa49bbc50083
2026-03-26 14:48:11|gemini|thinking_0|21|JSON_VERIFIED||214|534dda32-9239-44cd-9c13-fa49bbc50083
2026-03-26 14:48:11|gemini|thinking_0|21|QUESTION|64|214|534dda32-9239-44cd-9c13-fa49bbc50083
2026-03-26 14:48:11|gemini|thinking_0|21|JSON_SAVED||214|534dda32-9239-44cd-9c13-fa49bbc50083
2026-03-26 14:48:11|gemini|thinking_0|21|QUESTION_ADVANCE||215|a0f07bf1-8e3f-41fa-9a22-34524cacb70b
2026-03-26 14:48:50|gemini|thinking_0|20|QUESTION_SENT||55|15b81811-59e8-43a7-9da3-346a45030b68
2026-03-26 14:49:24|gemini|thinking_0|20|JSON_VERIFIED||55|15b81811-59e8-43a7-9da3-346a45030b68
2026-03-26 14:49:24|gemini|thinking_0|20|QUESTION|56|55|15b81811-59e8-43a7-9da3-346a45030b68
2026-03-26 14:49:24|gemini|thinking_0|20|JSON_SAVED||55|15b81811-59e8-43a7-9da3-346a45030b68
2026-03-26 14:49:24|gemini|thinking_0|20|QUESTION_ADVANCE||56|54c6a01f-4e69-48ed-8047-10471ac11f41
2026-03-26 14:50:53|gemini|thinking_0|21|QUESTION_SENT||215|a0f07bf1-8e3f-41fa-9a22-34524cacb70b
2026-03-26 14:51:33|gemini|thinking_0|21|JSON_VERIFIED||215|a0f07bf1-8e3f-41fa-9a22-34524cacb70b
2026-03-26 14:51:33|gemini|thinking_0|21|QUESTION|65|215|a0f07bf1-8e3f-41fa-9a22-34524cacb70b
2026-03-26 14:51:33|gemini|thinking_0|21|JSON_SAVED||215|a0f07bf1-8e3f-41fa-9a22-34524cacb70b
2026-03-26 14:51:33|gemini|thinking_0|21|QUESTION_ADVANCE||216|2216be15-839d-40da-8de5-42c1bc8f1dc3
2026-03-26 14:52:05|gemini|thinking_0|20|QUESTION_SENT||56|54c6a01f-4e69-48ed-8047-10471ac11f41
2026-03-26 14:54:08|gemini|thinking_0|21|QUESTION_SENT||216|2216be15-839d-40da-8de5-42c1bc8f1dc3
2026-03-26 14:54:59|gemini|thinking_0|21|JSON_VERIFIED||216|2216be15-839d-40da-8de5-42c1bc8f1dc3
2026-03-26 14:54:59|gemini|thinking_0|21|QUESTION|66|216|2216be15-839d-40da-8de5-42c1bc8f1dc3
2026-03-26 14:54:59|gemini|thinking_0|21|JSON_SAVED||216|2216be15-839d-40da-8de5-42c1bc8f1dc3
2026-03-26 14:54:59|gemini|thinking_0|21|QUESTION_ADVANCE||217|4efe79eb-d528-4c85-9335-63da102b7260
2026-03-26 14:55:19|gemini|thinking_0|20|QUESTION_SENT||56|54c6a01f-4e69-48ed-8047-10471ac11f41
2026-03-26 14:57:23|gemini|thinking_0|21|QUESTION_SENT||217|4efe79eb-d528-4c85-9335-63da102b7260
2026-03-26 14:58:34|gemini|thinking_0|20|QUESTION_SENT||56|54c6a01f-4e69-48ed-8047-10471ac11f41
2026-03-26 14:59:14|gemini|thinking_0|20|JSON_VERIFIED||56|54c6a01f-4e69-48ed-8047-10471ac11f41
2026-03-26 14:59:14|gemini|thinking_0|20|QUESTION|57|56|54c6a01f-4e69-48ed-8047-10471ac11f41
2026-03-26 14:59:14|gemini|thinking_0|20|JSON_SAVED||56|54c6a01f-4e69-48ed-8047-10471ac11f41
2026-03-26 14:59:14|gemini|thinking_0|20|QUESTION_ADVANCE||57|5d6d6a94-3d9e-4838-8940-c51e2dc14f37
2026-03-26 15:01:49|gemini|thinking_0|20|QUESTION_SENT||57|5d6d6a94-3d9e-4838-8940-c51e2dc14f37
2026-03-26 15:02:24|gemini|thinking_0|20|JSON_VERIFIED||57|5d6d6a94-3d9e-4838-8940-c51e2dc14f37
2026-03-26 15:02:24|gemini|thinking_0|20|QUESTION|58|57|5d6d6a94-3d9e-4838-8940-c51e2dc14f37
2026-03-26 15:02:24|gemini|thinking_0|20|JSON_SAVED||57|5d6d6a94-3d9e-4838-8940-c51e2dc14f37
2026-03-26 15:02:24|gemini|thinking_0|20|QUESTION_ADVANCE||58|c36d3c0d-a4ea-48b0-a610-14b5cfca3e85
2026-03-26 15:04:16|gemini|thinking_0|21|QUESTION_SENT||217|4efe79eb-d528-4c85-9335-63da102b7260
2026-03-26 15:05:04|gemini|thinking_0|20|QUESTION_SENT||58|c36d3c0d-a4ea-48b0-a610-14b5cfca3e85
2026-03-26 15:05:39|gemini|thinking_0|20|JSON_VERIFY_FAILED||58|c36d3c0d-a4ea-48b0-a610-14b5cfca3e85
2026-03-26 15:05:39|gemini|thinking_0|20|QUESTION|59|58|c36d3c0d-a4ea-48b0-a610-14b5cfca3e85
2026-03-26 15:08:18|gemini|thinking_0|20|QUESTION_SENT||58|c36d3c0d-a4ea-48b0-a610-14b5cfca3e85
2026-03-26 15:10:00|gemini|thinking_0|21|QUESTION_SENT||217|4efe79eb-d528-4c85-9335-63da102b7260
2026-03-26 15:10:44|gemini|thinking_0|21|JSON_VERIFIED||217|4efe79eb-d528-4c85-9335-63da102b7260
2026-03-26 15:10:44|gemini|thinking_0|21|QUESTION|67|217|4efe79eb-d528-4c85-9335-63da102b7260
2026-03-26 15:10:44|gemini|thinking_0|21|JSON_SAVED||217|4efe79eb-d528-4c85-9335-63da102b7260
2026-03-26 15:10:44|gemini|thinking_0|21|QUESTION_ADVANCE||218|26252f64-3cf5-4d46-a1f9-9b0b17082dde
2026-03-26 15:11:33|gemini|thinking_0|20|QUESTION_SENT||58|c36d3c0d-a4ea-48b0-a610-14b5cfca3e85
2026-03-26 15:12:10|gemini|thinking_0|20|JSON_VERIFIED||58|c36d3c0d-a4ea-48b0-a610-14b5cfca3e85
2026-03-26 15:12:10|gemini|thinking_0|20|QUESTION|60|58|c36d3c0d-a4ea-48b0-a610-14b5cfca3e85
2026-03-26 15:12:10|gemini|thinking_0|20|JSON_SAVED||58|c36d3c0d-a4ea-48b0-a610-14b5cfca3e85
2026-03-26 15:12:10|gemini|thinking_0|20|QUESTION_ADVANCE||59|812399e9-e4b3-4268-bdde-da83331731eb
2026-03-26 15:13:14|gemini|thinking_0|21|QUESTION_SENT||218|26252f64-3cf5-4d46-a1f9-9b0b17082dde
2026-03-26 15:13:50|gemini|thinking_0|21|JSON_VERIFIED||218|26252f64-3cf5-4d46-a1f9-9b0b17082dde
2026-03-26 15:13:50|gemini|thinking_0|21|QUESTION|68|218|26252f64-3cf5-4d46-a1f9-9b0b17082dde
2026-03-26 15:13:50|gemini|thinking_0|21|JSON_SAVED||218|26252f64-3cf5-4d46-a1f9-9b0b17082dde
2026-03-26 15:13:50|gemini|thinking_0|21|QUESTION_ADVANCE||219|2824ac18-8390-4794-b3dd-517665be9abd
2026-03-26 15:14:48|gemini|thinking_0|20|QUESTION_SENT||59|812399e9-e4b3-4268-bdde-da83331731eb
2026-03-26 15:15:21|gemini|thinking_0|20|JSON_VERIFIED||59|812399e9-e4b3-4268-bdde-da83331731eb
2026-03-26 15:15:21|gemini|thinking_0|20|QUESTION|61|59|812399e9-e4b3-4268-bdde-da83331731eb
2026-03-26 15:15:21|gemini|thinking_0|20|JSON_SAVED||59|812399e9-e4b3-4268-bdde-da83331731eb
2026-03-26 15:15:21|gemini|thinking_0|20|QUESTION_ADVANCE||60|9b647d96-2615-4dbb-a02d-419f5235f126
2026-03-26 15:16:29|gemini|thinking_0|21|QUESTION_SENT||219|2824ac18-8390-4794-b3dd-517665be9abd
2026-03-26 15:17:01|gemini|thinking_0|21|JSON_VERIFIED||219|2824ac18-8390-4794-b3dd-517665be9abd
2026-03-26 15:17:01|gemini|thinking_0|21|QUESTION|69|219|2824ac18-8390-4794-b3dd-517665be9abd
2026-03-26 15:17:01|gemini|thinking_0|21|JSON_SAVED||219|2824ac18-8390-4794-b3dd-517665be9abd
2026-03-26 15:17:01|gemini|thinking_0|21|QUESTION_ADVANCE||220|8cb0cd51-1392-4bcd-8f89-d9b3aee238e0
2026-03-26 15:18:03|gemini|thinking_0|20|QUESTION_SENT||60|9b647d96-2615-4dbb-a02d-419f5235f126
2026-03-26 15:19:43|gemini|thinking_0|21|QUESTION_SENT||220|8cb0cd51-1392-4bcd-8f89-d9b3aee238e0
2026-03-26 15:20:27|gemini|thinking_0|21|JSON_VERIFIED||220|8cb0cd51-1392-4bcd-8f89-d9b3aee238e0
2026-03-26 15:20:27|gemini|thinking_0|21|QUESTION|70|220|8cb0cd51-1392-4bcd-8f89-d9b3aee238e0
2026-03-26 15:20:27|gemini|thinking_0|21|JSON_SAVED||220|8cb0cd51-1392-4bcd-8f89-d9b3aee238e0
2026-03-26 15:20:27|gemini|thinking_0|21|QUESTION_ADVANCE||221|8b3ec4cf-153e-41f0-8499-b66626966b04
2026-03-26 15:21:17|gemini|thinking_0|20|QUESTION_SENT||60|9b647d96-2615-4dbb-a02d-419f5235f126
2026-03-26 15:22:19|gemini|thinking_0|20|JSON_VERIFIED||60|9b647d96-2615-4dbb-a02d-419f5235f126
2026-03-26 15:22:19|gemini|thinking_0|20|QUESTION|62|60|9b647d96-2615-4dbb-a02d-419f5235f126
2026-03-26 15:22:19|gemini|thinking_0|20|JSON_SAVED||60|9b647d96-2615-4dbb-a02d-419f5235f126
2026-03-26 15:22:19|gemini|thinking_0|20|QUESTION_ADVANCE||61|0caa4138-0f95-42bd-82de-74c66252bfd7
2026-03-26 15:22:58|gemini|thinking_0|21|QUESTION_SENT||221|8b3ec4cf-153e-41f0-8499-b66626966b04
2026-03-26 15:24:32|gemini|thinking_0|20|QUESTION_SENT||61|0caa4138-0f95-42bd-82de-74c66252bfd7
2026-03-26 15:25:07|gemini|thinking_0|20|JSON_VERIFIED||61|0caa4138-0f95-42bd-82de-74c66252bfd7
2026-03-26 15:25:07|gemini|thinking_0|20|QUESTION|63|61|0caa4138-0f95-42bd-82de-74c66252bfd7
2026-03-26 15:25:07|gemini|thinking_0|20|JSON_SAVED||61|0caa4138-0f95-42bd-82de-74c66252bfd7
2026-03-26 15:25:08|gemini|thinking_0|20|QUESTION_ADVANCE||62|3b9318dd-c6b0-44e0-b600-616abf394850
2026-03-26 15:26:13|gemini|thinking_0|21|QUESTION_SENT||221|8b3ec4cf-153e-41f0-8499-b66626966b04
2026-03-26 15:27:46|gemini|thinking_0|20|QUESTION_SENT||62|3b9318dd-c6b0-44e0-b600-616abf394850
2026-03-26 15:28:15|gemini|thinking_0|20|JSON_VERIFIED||62|3b9318dd-c6b0-44e0-b600-616abf394850
2026-03-26 15:28:15|gemini|thinking_0|20|QUESTION|64|62|3b9318dd-c6b0-44e0-b600-616abf394850
2026-03-26 15:28:15|gemini|thinking_0|20|JSON_SAVED||62|3b9318dd-c6b0-44e0-b600-616abf394850
2026-03-26 15:28:15|gemini|thinking_0|20|QUESTION_ADVANCE||63|66ec87a7-1de3-4c02-8bb1-820f85247c7e
2026-03-26 15:29:28|gemini|thinking_0|21|QUESTION_SENT||221|8b3ec4cf-153e-41f0-8499-b66626966b04
2026-03-26 15:30:32|gemini|thinking_0|21|JSON_VERIFIED||221|8b3ec4cf-153e-41f0-8499-b66626966b04
2026-03-26 15:30:32|gemini|thinking_0|21|QUESTION|71|221|8b3ec4cf-153e-41f0-8499-b66626966b04
2026-03-26 15:30:32|gemini|thinking_0|21|JSON_SAVED||221|8b3ec4cf-153e-41f0-8499-b66626966b04
2026-03-26 15:30:32|gemini|thinking_0|21|QUESTION_ADVANCE||222|4c11ab37-8d1f-4463-bece-7bb67559ae40
2026-03-26 15:31:01|gemini|thinking_0|20|QUESTION_SENT||63|66ec87a7-1de3-4c02-8bb1-820f85247c7e
2026-03-26 15:32:42|gemini|thinking_0|21|QUESTION_SENT||222|4c11ab37-8d1f-4463-bece-7bb67559ae40
2026-03-26 15:33:25|gemini|thinking_0|21|JSON_VERIFIED||222|4c11ab37-8d1f-4463-bece-7bb67559ae40
2026-03-26 15:33:25|gemini|thinking_0|21|QUESTION|72|222|4c11ab37-8d1f-4463-bece-7bb67559ae40
2026-03-26 15:33:25|gemini|thinking_0|21|JSON_SAVED||222|4c11ab37-8d1f-4463-bece-7bb67559ae40
2026-03-26 15:33:25|gemini|thinking_0|21|QUESTION_ADVANCE||223|de057e9a-89ab-4d36-abaa-34d107ca618a
2026-03-26 15:34:34|gemini|thinking_0|20|QUESTION_SENT||63|66ec87a7-1de3-4c02-8bb1-820f85247c7e
2026-03-26 15:35:57|gemini|thinking_0|21|QUESTION_SENT||223|de057e9a-89ab-4d36-abaa-34d107ca618a
2026-03-26 15:37:49|gemini|thinking_0|20|QUESTION_SENT||63|66ec87a7-1de3-4c02-8bb1-820f85247c7e
2026-03-26 15:38:24|gemini|thinking_0|20|JSON_VERIFIED||63|66ec87a7-1de3-4c02-8bb1-820f85247c7e
2026-03-26 15:38:24|gemini|thinking_0|20|QUESTION|65|63|66ec87a7-1de3-4c02-8bb1-820f85247c7e
2026-03-26 15:38:24|gemini|thinking_0|20|JSON_SAVED||63|66ec87a7-1de3-4c02-8bb1-820f85247c7e
2026-03-26 15:38:24|gemini|thinking_0|20|QUESTION_ADVANCE||64|201a55e6-9d87-4395-92d4-a1c1ed196dab
2026-03-26 15:39:30|gemini|thinking_0|21|QUESTION_SENT||223|de057e9a-89ab-4d36-abaa-34d107ca618a
2026-03-26 15:41:03|gemini|thinking_0|20|QUESTION_SENT||64|201a55e6-9d87-4395-92d4-a1c1ed196dab
2026-03-26 15:41:33|gemini|thinking_0|20|JSON_VERIFIED||64|201a55e6-9d87-4395-92d4-a1c1ed196dab
2026-03-26 15:41:33|gemini|thinking_0|20|QUESTION|66|64|201a55e6-9d87-4395-92d4-a1c1ed196dab
2026-03-26 15:41:33|gemini|thinking_0|20|JSON_SAVED||64|201a55e6-9d87-4395-92d4-a1c1ed196dab
2026-03-26 15:41:33|gemini|thinking_0|20|QUESTION_ADVANCE||65|8e9d56ee-9ba6-46ca-be31-c3c44b67be69
2026-03-26 15:42:44|gemini|thinking_0|21|QUESTION_SENT||223|de057e9a-89ab-4d36-abaa-34d107ca618a
2026-03-26 15:43:18|gemini|thinking_0|21|JSON_VERIFIED||223|de057e9a-89ab-4d36-abaa-34d107ca618a
2026-03-26 15:43:18|gemini|thinking_0|21|QUESTION|73|223|de057e9a-89ab-4d36-abaa-34d107ca618a
2026-03-26 15:43:18|gemini|thinking_0|21|JSON_SAVED||223|de057e9a-89ab-4d36-abaa-34d107ca618a
2026-03-26 15:43:18|gemini|thinking_0|21|QUESTION_ADVANCE||224|bb2af2d5-f1a1-4c6d-9920-2bb07ae7409c
2026-03-26 15:44:18|gemini|thinking_0|20|QUESTION_SENT||65|8e9d56ee-9ba6-46ca-be31-c3c44b67be69
2026-03-26 15:45:59|gemini|thinking_0|21|QUESTION_SENT||224|bb2af2d5-f1a1-4c6d-9920-2bb07ae7409c
2026-03-26 15:46:56|gemini|thinking_0|21|JSON_VERIFIED||224|bb2af2d5-f1a1-4c6d-9920-2bb07ae7409c
2026-03-26 15:46:56|gemini|thinking_0|21|QUESTION|74|224|bb2af2d5-f1a1-4c6d-9920-2bb07ae7409c
2026-03-26 15:46:56|gemini|thinking_0|21|JSON_SAVED||224|bb2af2d5-f1a1-4c6d-9920-2bb07ae7409c
2026-03-26 15:46:56|gemini|thinking_0|21|QUESTION_ADVANCE||225|75ab8812-ebfe-4502-b59d-fdc493783c0b
2026-03-26 15:47:33|gemini|thinking_0|20|QUESTION_SENT||65|8e9d56ee-9ba6-46ca-be31-c3c44b67be69
2026-03-26 15:48:13|gemini|thinking_0|20|JSON_VERIFIED||65|8e9d56ee-9ba6-46ca-be31-c3c44b67be69
2026-03-26 15:48:13|gemini|thinking_0|20|QUESTION|67|65|8e9d56ee-9ba6-46ca-be31-c3c44b67be69
2026-03-26 15:48:13|gemini|thinking_0|20|JSON_SAVED||65|8e9d56ee-9ba6-46ca-be31-c3c44b67be69
2026-03-26 15:48:13|gemini|thinking_0|20|QUESTION_ADVANCE||66|dcaf3fe2-1550-4a87-8724-f296c861e14c
2026-03-26 15:49:14|gemini|thinking_0|21|QUESTION_SENT||225|75ab8812-ebfe-4502-b59d-fdc493783c0b
2026-03-26 15:49:45|gemini|thinking_0|21|JSON_VERIFIED||225|75ab8812-ebfe-4502-b59d-fdc493783c0b
2026-03-26 15:49:45|gemini|thinking_0|21|QUESTION|75|225|75ab8812-ebfe-4502-b59d-fdc493783c0b
2026-03-26 15:49:45|gemini|thinking_0|21|JSON_SAVED||225|75ab8812-ebfe-4502-b59d-fdc493783c0b
2026-03-26 15:49:45|gemini|thinking_0|21|QUESTION_ADVANCE||226|c2fc4adc-b1e6-4bae-8e6d-c6ed77b7698a
2026-03-26 15:50:48|gemini|thinking_0|20|QUESTION_SENT||66|dcaf3fe2-1550-4a87-8724-f296c861e14c
2026-03-26 15:51:32|gemini|thinking_0|20|JSON_VERIFIED||66|dcaf3fe2-1550-4a87-8724-f296c861e14c
2026-03-26 15:51:32|gemini|thinking_0|20|QUESTION|68|66|dcaf3fe2-1550-4a87-8724-f296c861e14c
2026-03-26 15:51:32|gemini|thinking_0|20|JSON_SAVED||66|dcaf3fe2-1550-4a87-8724-f296c861e14c
2026-03-26 15:51:32|gemini|thinking_0|20|QUESTION_ADVANCE||67|71f8b4c2-9614-4da6-b9a7-28291f7ed9fb
2026-03-26 15:52:28|gemini|thinking_0|21|QUESTION_SENT||226|c2fc4adc-b1e6-4bae-8e6d-c6ed77b7698a
2026-03-26 15:52:59|gemini|thinking_0|21|JSON_VERIFIED||226|c2fc4adc-b1e6-4bae-8e6d-c6ed77b7698a
2026-03-26 15:52:59|gemini|thinking_0|21|QUESTION|76|226|c2fc4adc-b1e6-4bae-8e6d-c6ed77b7698a
2026-03-26 15:52:59|gemini|thinking_0|21|JSON_SAVED||226|c2fc4adc-b1e6-4bae-8e6d-c6ed77b7698a
2026-03-26 15:52:59|gemini|thinking_0|21|QUESTION_ADVANCE||227|807d60f8-169e-41a3-b61f-0f50cfdaf6b2
2026-03-26 15:54:02|gemini|thinking_0|20|QUESTION_SENT||67|71f8b4c2-9614-4da6-b9a7-28291f7ed9fb
2026-03-26 15:55:43|gemini|thinking_0|21|QUESTION_SENT||227|807d60f8-169e-41a3-b61f-0f50cfdaf6b2
2026-03-26 15:56:21|gemini|thinking_0|21|JSON_VERIFIED||227|807d60f8-169e-41a3-b61f-0f50cfdaf6b2
2026-03-26 15:56:21|gemini|thinking_0|21|QUESTION|77|227|807d60f8-169e-41a3-b61f-0f50cfdaf6b2
2026-03-26 15:56:21|gemini|thinking_0|21|JSON_SAVED||227|807d60f8-169e-41a3-b61f-0f50cfdaf6b2
2026-03-26 15:56:21|gemini|thinking_0|21|QUESTION_ADVANCE||228|af00c52c-e9e7-427a-9559-f6f145de4568
2026-03-26 15:57:17|gemini|thinking_0|20|QUESTION_SENT||67|71f8b4c2-9614-4da6-b9a7-28291f7ed9fb
2026-03-26 15:57:54|gemini|thinking_0|20|JSON_VERIFIED||67|71f8b4c2-9614-4da6-b9a7-28291f7ed9fb
2026-03-26 15:57:54|gemini|thinking_0|20|QUESTION|69|67|71f8b4c2-9614-4da6-b9a7-28291f7ed9fb
2026-03-26 15:57:54|gemini|thinking_0|20|JSON_SAVED||67|71f8b4c2-9614-4da6-b9a7-28291f7ed9fb
2026-03-26 15:57:54|gemini|thinking_0|20|QUESTION_ADVANCE||68|9834cc2d-78c6-4f58-8c74-88e7faf36b61
2026-03-26 15:58:58|gemini|thinking_0|21|QUESTION_SENT||228|af00c52c-e9e7-427a-9559-f6f145de4568
2026-03-26 15:59:33|gemini|thinking_0|21|JSON_VERIFIED||228|af00c52c-e9e7-427a-9559-f6f145de4568
2026-03-26 15:59:33|gemini|thinking_0|21|QUESTION|78|228|af00c52c-e9e7-427a-9559-f6f145de4568
2026-03-26 15:59:33|gemini|thinking_0|21|JSON_SAVED||228|af00c52c-e9e7-427a-9559-f6f145de4568
2026-03-26 15:59:33|gemini|thinking_0|21|QUESTION_ADVANCE||229|5da92dc5-c0ae-4ccf-8e7a-3d9d0b623be9
2026-03-26 16:00:32|gemini|thinking_0|20|QUESTION_SENT||68|9834cc2d-78c6-4f58-8c74-88e7faf36b61
2026-03-26 16:01:06|gemini|thinking_0|20|JSON_VERIFIED||68|9834cc2d-78c6-4f58-8c74-88e7faf36b61
2026-03-26 16:01:06|gemini|thinking_0|20|QUESTION|70|68|9834cc2d-78c6-4f58-8c74-88e7faf36b61
2026-03-26 16:01:06|gemini|thinking_0|20|JSON_SAVED||68|9834cc2d-78c6-4f58-8c74-88e7faf36b61
2026-03-26 16:01:06|gemini|thinking_0|20|QUESTION_ADVANCE||69|ce241d89-90e9-45c2-844e-70251dc300d6
2026-03-26 16:02:13|gemini|thinking_0|21|QUESTION_SENT||229|5da92dc5-c0ae-4ccf-8e7a-3d9d0b623be9
2026-03-26 16:02:50|gemini|thinking_0|21|JSON_VERIFIED||229|5da92dc5-c0ae-4ccf-8e7a-3d9d0b623be9
2026-03-26 16:02:50|gemini|thinking_0|21|QUESTION|79|229|5da92dc5-c0ae-4ccf-8e7a-3d9d0b623be9
2026-03-26 16:02:50|gemini|thinking_0|21|JSON_SAVED||229|5da92dc5-c0ae-4ccf-8e7a-3d9d0b623be9
2026-03-26 16:02:50|gemini|thinking_0|21|QUESTION_ADVANCE||230|979b5e17-e264-4964-9b24-5cce945022cc
2026-03-26 16:03:46|gemini|thinking_0|20|QUESTION_SENT||69|ce241d89-90e9-45c2-844e-70251dc300d6
2026-03-26 16:04:25|gemini|thinking_0|20|JSON_VERIFIED||69|ce241d89-90e9-45c2-844e-70251dc300d6
2026-03-26 16:04:25|gemini|thinking_0|20|QUESTION|71|69|ce241d89-90e9-45c2-844e-70251dc300d6
2026-03-26 16:04:25|gemini|thinking_0|20|JSON_SAVED||69|ce241d89-90e9-45c2-844e-70251dc300d6
2026-03-26 16:04:25|gemini|thinking_0|20|QUESTION_ADVANCE||70|03975246-851e-4074-bd01-abf90172898f
2026-03-26 16:05:28|gemini|thinking_0|21|QUESTION_SENT||230|979b5e17-e264-4964-9b24-5cce945022cc
2026-03-26 16:06:00|gemini|thinking_0|21|JSON_VERIFIED||230|979b5e17-e264-4964-9b24-5cce945022cc
2026-03-26 16:06:00|gemini|thinking_0|21|QUESTION|80|230|979b5e17-e264-4964-9b24-5cce945022cc
2026-03-26 16:06:00|gemini|thinking_0|21|JSON_SAVED||230|979b5e17-e264-4964-9b24-5cce945022cc
2026-03-26 16:06:00|gemini|thinking_0|21|QUESTION_ADVANCE||231|02ae9620-70ae-4539-9e34-d3923519f979
2026-03-26 16:07:01|gemini|thinking_0|20|QUESTION_SENT||70|03975246-851e-4074-bd01-abf90172898f
2026-03-26 16:07:35|gemini|thinking_0|20|JSON_VERIFIED||70|03975246-851e-4074-bd01-abf90172898f
2026-03-26 16:07:35|gemini|thinking_0|20|QUESTION|72|70|03975246-851e-4074-bd01-abf90172898f
2026-03-26 16:07:35|gemini|thinking_0|20|JSON_SAVED||70|03975246-851e-4074-bd01-abf90172898f
2026-03-26 16:07:35|gemini|thinking_0|20|QUESTION_ADVANCE||71|0ed3a71b-e58b-459a-966c-6653e9e6b749
2026-03-26 16:08:42|gemini|thinking_0|21|QUESTION_SENT||231|02ae9620-70ae-4539-9e34-d3923519f979
2026-03-26 16:09:19|gemini|thinking_0|21|JSON_VERIFIED||231|02ae9620-70ae-4539-9e34-d3923519f979
2026-03-26 16:09:19|gemini|thinking_0|21|QUESTION|81|231|02ae9620-70ae-4539-9e34-d3923519f979
2026-03-26 16:09:19|gemini|thinking_0|21|JSON_SAVED||231|02ae9620-70ae-4539-9e34-d3923519f979
2026-03-26 16:09:19|gemini|thinking_0|21|QUESTION_ADVANCE||232|b77f9bc2-12e0-4ed7-9cc6-f4b6c0a97e26
2026-03-26 16:10:16|gemini|thinking_0|20|QUESTION_SENT||71|0ed3a71b-e58b-459a-966c-6653e9e6b749
2026-03-26 16:10:58|gemini|thinking_0|20|JSON_VERIFIED||71|0ed3a71b-e58b-459a-966c-6653e9e6b749
2026-03-26 16:10:58|gemini|thinking_0|20|QUESTION|73|71|0ed3a71b-e58b-459a-966c-6653e9e6b749
2026-03-26 16:10:58|gemini|thinking_0|20|JSON_SAVED||71|0ed3a71b-e58b-459a-966c-6653e9e6b749
2026-03-26 16:10:58|gemini|thinking_0|20|QUESTION_ADVANCE||72|d8c7380b-0123-448e-b196-304b3fb50d4a
2026-03-26 16:11:57|gemini|thinking_0|21|QUESTION_SENT||232|b77f9bc2-12e0-4ed7-9cc6-f4b6c0a97e26
2026-03-26 16:12:31|gemini|thinking_0|21|JSON_VERIFIED||232|b77f9bc2-12e0-4ed7-9cc6-f4b6c0a97e26
2026-03-26 16:12:31|gemini|thinking_0|21|QUESTION|82|232|b77f9bc2-12e0-4ed7-9cc6-f4b6c0a97e26
2026-03-26 16:12:31|gemini|thinking_0|21|JSON_SAVED||232|b77f9bc2-12e0-4ed7-9cc6-f4b6c0a97e26
2026-03-26 16:12:31|gemini|thinking_0|21|QUESTION_ADVANCE||233|a4f2845c-f4ed-4861-9794-a761f843ad2f
2026-03-26 16:13:30|gemini|thinking_0|20|QUESTION_SENT||72|d8c7380b-0123-448e-b196-304b3fb50d4a
2026-03-26 16:14:01|gemini|thinking_0|20|JSON_VERIFIED||72|d8c7380b-0123-448e-b196-304b3fb50d4a
2026-03-26 16:14:01|gemini|thinking_0|20|QUESTION|74|72|d8c7380b-0123-448e-b196-304b3fb50d4a
2026-03-26 16:14:01|gemini|thinking_0|20|JSON_SAVED||72|d8c7380b-0123-448e-b196-304b3fb50d4a
2026-03-26 16:14:01|gemini|thinking_0|20|QUESTION_ADVANCE||73|f15ac741-6342-4da7-b333-94aac1543880
2026-03-26 16:15:12|gemini|thinking_0|21|QUESTION_SENT||233|a4f2845c-f4ed-4861-9794-a761f843ad2f
2026-03-26 16:16:45|gemini|thinking_0|20|QUESTION_SENT||73|f15ac741-6342-4da7-b333-94aac1543880
2026-03-26 16:18:26|gemini|thinking_0|21|QUESTION_SENT||233|a4f2845c-f4ed-4861-9794-a761f843ad2f
2026-03-26 16:19:03|gemini|thinking_0|21|JSON_VERIFIED||233|a4f2845c-f4ed-4861-9794-a761f843ad2f
2026-03-26 16:19:03|gemini|thinking_0|21|QUESTION|83|233|a4f2845c-f4ed-4861-9794-a761f843ad2f
2026-03-26 16:19:03|gemini|thinking_0|21|JSON_SAVED||233|a4f2845c-f4ed-4861-9794-a761f843ad2f
2026-03-26 16:19:03|gemini|thinking_0|21|QUESTION_ADVANCE||234|022b38eb-84e4-4f07-aa4f-030995910131
2026-03-26 16:20:00|gemini|thinking_0|20|QUESTION_SENT||73|f15ac741-6342-4da7-b333-94aac1543880
2026-03-26 16:21:41|gemini|thinking_0|21|QUESTION_SENT||234|022b38eb-84e4-4f07-aa4f-030995910131
2026-03-26 16:22:17|gemini|thinking_0|21|JSON_VERIFIED||234|022b38eb-84e4-4f07-aa4f-030995910131
2026-03-26 16:22:17|gemini|thinking_0|21|QUESTION|84|234|022b38eb-84e4-4f07-aa4f-030995910131
2026-03-26 16:22:17|gemini|thinking_0|21|JSON_SAVED||234|022b38eb-84e4-4f07-aa4f-030995910131
2026-03-26 16:22:17|gemini|thinking_0|21|QUESTION_ADVANCE||235|340f6f8d-a012-450e-81c5-93eb0821c462
2026-03-26 16:23:14|gemini|thinking_0|20|QUESTION_SENT||73|f15ac741-6342-4da7-b333-94aac1543880
2026-03-26 16:23:44|gemini|thinking_0|20|JSON_VERIFIED||73|f15ac741-6342-4da7-b333-94aac1543880
2026-03-26 16:23:44|gemini|thinking_0|20|QUESTION|75|73|f15ac741-6342-4da7-b333-94aac1543880
2026-03-26 16:23:44|gemini|thinking_0|20|JSON_SAVED||73|f15ac741-6342-4da7-b333-94aac1543880
2026-03-26 16:23:44|gemini|thinking_0|20|QUESTION_ADVANCE||74|a443b570-c74a-487d-ae29-18cd060ad9fd
2026-03-26 16:24:56|gemini|thinking_0|21|QUESTION_SENT||235|340f6f8d-a012-450e-81c5-93eb0821c462
2026-03-26 16:25:33|gemini|thinking_0|21|JSON_VERIFIED||235|340f6f8d-a012-450e-81c5-93eb0821c462
2026-03-26 16:25:33|gemini|thinking_0|21|QUESTION|85|235|340f6f8d-a012-450e-81c5-93eb0821c462
2026-03-26 16:25:33|gemini|thinking_0|21|JSON_SAVED||235|340f6f8d-a012-450e-81c5-93eb0821c462
2026-03-26 16:25:33|gemini|thinking_0|21|QUESTION_ADVANCE||236|75a19e11-8aff-460c-993b-bea91e0fbcaa
2026-03-26 16:26:29|gemini|thinking_0|20|QUESTION_SENT||74|a443b570-c74a-487d-ae29-18cd060ad9fd
2026-03-26 16:27:10|gemini|thinking_0|20|JSON_VERIFIED||74|a443b570-c74a-487d-ae29-18cd060ad9fd
2026-03-26 16:27:10|gemini|thinking_0|20|QUESTION|76|74|a443b570-c74a-487d-ae29-18cd060ad9fd
2026-03-26 16:27:10|gemini|thinking_0|20|JSON_SAVED||74|a443b570-c74a-487d-ae29-18cd060ad9fd
2026-03-26 16:27:10|gemini|thinking_0|20|QUESTION_ADVANCE||75|4bff0875-9bd1-4438-88b8-0480bada4787
2026-03-26 16:28:11|gemini|thinking_0|21|QUESTION_SENT||236|75a19e11-8aff-460c-993b-bea91e0fbcaa
2026-03-26 16:28:49|gemini|thinking_0|21|JSON_VERIFIED||236|75a19e11-8aff-460c-993b-bea91e0fbcaa
2026-03-26 16:28:49|gemini|thinking_0|21|QUESTION|86|236|75a19e11-8aff-460c-993b-bea91e0fbcaa
2026-03-26 16:28:49|gemini|thinking_0|21|JSON_SAVED||236|75a19e11-8aff-460c-993b-bea91e0fbcaa
2026-03-26 16:28:49|gemini|thinking_0|21|QUESTION_ADVANCE||237|36c7f7e9-a264-4f1c-b3a1-c1701add7b09
2026-03-26 16:29:43|gemini|thinking_0|20|QUESTION_SENT||75|4bff0875-9bd1-4438-88b8-0480bada4787
2026-03-26 16:30:25|gemini|thinking_0|20|JSON_VERIFIED||75|4bff0875-9bd1-4438-88b8-0480bada4787
2026-03-26 16:30:25|gemini|thinking_0|20|QUESTION|77|75|4bff0875-9bd1-4438-88b8-0480bada4787
2026-03-26 16:30:25|gemini|thinking_0|20|JSON_SAVED||75|4bff0875-9bd1-4438-88b8-0480bada4787
2026-03-26 16:30:25|gemini|thinking_0|20|QUESTION_ADVANCE||76|c75e11a6-46eb-4d5c-a1fe-4fd43ae5f381
2026-03-26 16:31:26|gemini|thinking_0|21|QUESTION_SENT||237|36c7f7e9-a264-4f1c-b3a1-c1701add7b09
2026-03-26 16:32:01|gemini|thinking_0|21|JSON_VERIFIED||237|36c7f7e9-a264-4f1c-b3a1-c1701add7b09
2026-03-26 16:32:01|gemini|thinking_0|21|QUESTION|87|237|36c7f7e9-a264-4f1c-b3a1-c1701add7b09
2026-03-26 16:32:01|gemini|thinking_0|21|JSON_SAVED||237|36c7f7e9-a264-4f1c-b3a1-c1701add7b09
2026-03-26 16:32:01|gemini|thinking_0|21|QUESTION_ADVANCE||238|2112705a-94b9-4a65-bbed-d9390aec3acd
2026-03-26 16:32:58|gemini|thinking_0|20|QUESTION_SENT||76|c75e11a6-46eb-4d5c-a1fe-4fd43ae5f381
2026-03-26 16:34:41|gemini|thinking_0|21|QUESTION_SENT||238|2112705a-94b9-4a65-bbed-d9390aec3acd
2026-03-26 16:35:16|gemini|thinking_0|21|JSON_VERIFIED||238|2112705a-94b9-4a65-bbed-d9390aec3acd
2026-03-26 16:35:16|gemini|thinking_0|21|QUESTION|88|238|2112705a-94b9-4a65-bbed-d9390aec3acd
2026-03-26 16:35:16|gemini|thinking_0|21|JSON_SAVED||238|2112705a-94b9-4a65-bbed-d9390aec3acd
2026-03-26 16:35:16|gemini|thinking_0|21|QUESTION_ADVANCE||239|f47b7ca4-6514-4ca5-ab0e-190b0b4361bc
2026-03-26 16:36:13|gemini|thinking_0|20|QUESTION_SENT||76|c75e11a6-46eb-4d5c-a1fe-4fd43ae5f381
2026-03-26 16:36:51|gemini|thinking_0|20|JSON_VERIFIED||76|c75e11a6-46eb-4d5c-a1fe-4fd43ae5f381
2026-03-26 16:36:51|gemini|thinking_0|20|QUESTION|78|76|c75e11a6-46eb-4d5c-a1fe-4fd43ae5f381
2026-03-26 16:36:51|gemini|thinking_0|20|JSON_SAVED||76|c75e11a6-46eb-4d5c-a1fe-4fd43ae5f381
2026-03-26 16:36:51|gemini|thinking_0|20|QUESTION_ADVANCE||77|268cdf09-3477-40a1-bb54-768754b3e293
2026-03-26 16:37:55|gemini|thinking_0|21|QUESTION_SENT||239|f47b7ca4-6514-4ca5-ab0e-190b0b4361bc
2026-03-26 16:38:29|gemini|thinking_0|21|JSON_VERIFIED||239|f47b7ca4-6514-4ca5-ab0e-190b0b4361bc
2026-03-26 16:38:29|gemini|thinking_0|21|QUESTION|89|239|f47b7ca4-6514-4ca5-ab0e-190b0b4361bc
2026-03-26 16:38:29|gemini|thinking_0|21|JSON_SAVED||239|f47b7ca4-6514-4ca5-ab0e-190b0b4361bc
2026-03-26 16:38:29|gemini|thinking_0|21|QUESTION_ADVANCE||240|718990ff-af61-4ae1-b17a-376c774e9981
2026-03-26 16:39:28|gemini|thinking_0|20|QUESTION_SENT||77|268cdf09-3477-40a1-bb54-768754b3e293
2026-03-26 16:40:13|gemini|thinking_0|20|JSON_VERIFIED||77|268cdf09-3477-40a1-bb54-768754b3e293
2026-03-26 16:40:13|gemini|thinking_0|20|QUESTION|79|77|268cdf09-3477-40a1-bb54-768754b3e293
2026-03-26 16:40:13|gemini|thinking_0|20|JSON_SAVED||77|268cdf09-3477-40a1-bb54-768754b3e293
2026-03-26 16:40:13|gemini|thinking_0|20|QUESTION_ADVANCE||78|53705bfd-2274-49a1-b8f4-88bb98f5d82d
2026-03-26 16:41:10|gemini|thinking_0|21|QUESTION_SENT||240|718990ff-af61-4ae1-b17a-376c774e9981
2026-03-26 16:41:42|gemini|thinking_0|21|JSON_VERIFIED||240|718990ff-af61-4ae1-b17a-376c774e9981
2026-03-26 16:41:42|gemini|thinking_0|21|QUESTION|90|240|718990ff-af61-4ae1-b17a-376c774e9981
2026-03-26 16:41:42|gemini|thinking_0|21|JSON_SAVED||240|718990ff-af61-4ae1-b17a-376c774e9981
2026-03-26 16:41:42|gemini|thinking_0|21|QUESTION_ADVANCE||241|88661913-515a-46ca-840a-b57c27c7a1c4
2026-03-26 16:42:43|gemini|thinking_0|20|QUESTION_SENT||78|53705bfd-2274-49a1-b8f4-88bb98f5d82d
2026-03-26 16:43:15|gemini|thinking_0|20|JSON_VERIFIED||78|53705bfd-2274-49a1-b8f4-88bb98f5d82d
2026-03-26 16:43:15|gemini|thinking_0|20|QUESTION|80|78|53705bfd-2274-49a1-b8f4-88bb98f5d82d
2026-03-26 16:43:15|gemini|thinking_0|20|JSON_SAVED||78|53705bfd-2274-49a1-b8f4-88bb98f5d82d
2026-03-26 16:43:15|gemini|thinking_0|20|QUESTION_ADVANCE||79|4a3ced34-2936-495e-8e89-ed43b10438c3
2026-03-26 16:44:24|gemini|thinking_0|21|QUESTION_SENT||241|88661913-515a-46ca-840a-b57c27c7a1c4
2026-03-26 16:45:57|gemini|thinking_0|20|QUESTION_SENT||79|4a3ced34-2936-495e-8e89-ed43b10438c3
2026-03-26 16:46:34|gemini|thinking_0|20|JSON_VERIFIED||79|4a3ced34-2936-495e-8e89-ed43b10438c3
2026-03-26 16:46:34|gemini|thinking_0|20|QUESTION|81|79|4a3ced34-2936-495e-8e89-ed43b10438c3
2026-03-26 16:46:34|gemini|thinking_0|20|JSON_SAVED||79|4a3ced34-2936-495e-8e89-ed43b10438c3
2026-03-26 16:46:34|gemini|thinking_0|20|QUESTION_ADVANCE||80|8b1fa84b-dc11-434d-a78b-41c1734fd421
2026-03-26 16:47:39|gemini|thinking_0|21|QUESTION_SENT||241|88661913-515a-46ca-840a-b57c27c7a1c4
2026-03-26 16:48:13|gemini|thinking_0|21|JSON_VERIFIED||241|88661913-515a-46ca-840a-b57c27c7a1c4
2026-03-26 16:48:13|gemini|thinking_0|21|QUESTION|91|241|88661913-515a-46ca-840a-b57c27c7a1c4
2026-03-26 16:48:13|gemini|thinking_0|21|JSON_SAVED||241|88661913-515a-46ca-840a-b57c27c7a1c4
2026-03-26 16:48:13|gemini|thinking_0|21|QUESTION_ADVANCE||242|68209001-28d7-40be-af84-e721c7d1a545
2026-03-26 16:49:12|gemini|thinking_0|20|QUESTION_SENT||80|8b1fa84b-dc11-434d-a78b-41c1734fd421
2026-03-26 16:49:45|gemini|thinking_0|20|JSON_VERIFIED||80|8b1fa84b-dc11-434d-a78b-41c1734fd421
2026-03-26 16:49:45|gemini|thinking_0|20|QUESTION|82|80|8b1fa84b-dc11-434d-a78b-41c1734fd421
2026-03-26 16:49:45|gemini|thinking_0|20|JSON_SAVED||80|8b1fa84b-dc11-434d-a78b-41c1734fd421
2026-03-26 16:49:45|gemini|thinking_0|20|QUESTION_ADVANCE||81|e08e0a84-06ab-4f16-a315-69fff4f2770f
2026-03-26 16:50:54|gemini|thinking_0|21|QUESTION_SENT||242|68209001-28d7-40be-af84-e721c7d1a545
2026-03-26 16:51:28|gemini|thinking_0|21|JSON_VERIFIED||242|68209001-28d7-40be-af84-e721c7d1a545
2026-03-26 16:51:28|gemini|thinking_0|21|QUESTION|92|242|68209001-28d7-40be-af84-e721c7d1a545
2026-03-26 16:51:28|gemini|thinking_0|21|JSON_SAVED||242|68209001-28d7-40be-af84-e721c7d1a545
2026-03-26 16:51:28|gemini|thinking_0|21|QUESTION_ADVANCE||243|25f0103f-8adb-442a-b708-bf9f1a7e79ce
2026-03-26 16:52:27|gemini|thinking_0|20|QUESTION_SENT||81|e08e0a84-06ab-4f16-a315-69fff4f2770f
2026-03-26 16:53:01|gemini|thinking_0|20|JSON_VERIFIED||81|e08e0a84-06ab-4f16-a315-69fff4f2770f
2026-03-26 16:53:01|gemini|thinking_0|20|QUESTION|83|81|e08e0a84-06ab-4f16-a315-69fff4f2770f
2026-03-26 16:53:01|gemini|thinking_0|20|JSON_SAVED||81|e08e0a84-06ab-4f16-a315-69fff4f2770f
2026-03-26 16:53:01|gemini|thinking_0|20|QUESTION_ADVANCE||82|4e5020e8-f097-4b70-88aa-cefd3fac43d8
2026-03-26 16:54:08|gemini|thinking_0|21|QUESTION_SENT||243|25f0103f-8adb-442a-b708-bf9f1a7e79ce
2026-03-26 16:55:26|gemini|thinking_0|21|JSON_VERIFIED||243|25f0103f-8adb-442a-b708-bf9f1a7e79ce
2026-03-26 16:55:26|gemini|thinking_0|21|QUESTION|93|243|25f0103f-8adb-442a-b708-bf9f1a7e79ce
2026-03-26 16:55:26|gemini|thinking_0|21|JSON_SAVED||243|25f0103f-8adb-442a-b708-bf9f1a7e79ce
2026-03-26 16:55:26|gemini|thinking_0|21|QUESTION_ADVANCE||244|71171e58-6b30-47f9-bd9b-8b34e890a07c
2026-03-26 16:55:41|gemini|thinking_0|20|QUESTION_SENT||82|4e5020e8-f097-4b70-88aa-cefd3fac43d8
2026-03-26 16:57:23|gemini|thinking_0|21|QUESTION_SENT||244|71171e58-6b30-47f9-bd9b-8b34e890a07c
2026-03-26 16:58:14|gemini|thinking_0|21|JSON_VERIFIED||244|71171e58-6b30-47f9-bd9b-8b34e890a07c
2026-03-26 16:58:14|gemini|thinking_0|21|QUESTION|94|244|71171e58-6b30-47f9-bd9b-8b34e890a07c
2026-03-26 16:58:14|gemini|thinking_0|21|JSON_SAVED||244|71171e58-6b30-47f9-bd9b-8b34e890a07c
2026-03-26 16:58:14|gemini|thinking_0|21|QUESTION_ADVANCE||245|9560c07b-5c01-4a77-bb65-1f6587905fc7
2026-03-26 16:58:56|gemini|thinking_0|20|QUESTION_SENT||82|4e5020e8-f097-4b70-88aa-cefd3fac43d8
2026-03-26 16:59:43|gemini|thinking_0|20|JSON_VERIFIED||82|4e5020e8-f097-4b70-88aa-cefd3fac43d8
2026-03-26 16:59:43|gemini|thinking_0|20|QUESTION|84|82|4e5020e8-f097-4b70-88aa-cefd3fac43d8
2026-03-26 16:59:43|gemini|thinking_0|20|JSON_SAVED||82|4e5020e8-f097-4b70-88aa-cefd3fac43d8
2026-03-26 16:59:43|gemini|thinking_0|20|QUESTION_ADVANCE||83|34258853-93b5-4749-b1f9-171dc55db00c
2026-03-26 17:00:37|gemini|thinking_0|21|QUESTION_SENT||245|9560c07b-5c01-4a77-bb65-1f6587905fc7
2026-03-26 17:01:13|gemini|thinking_0|21|JSON_VERIFIED||245|9560c07b-5c01-4a77-bb65-1f6587905fc7
2026-03-26 17:01:13|gemini|thinking_0|21|QUESTION|95|245|9560c07b-5c01-4a77-bb65-1f6587905fc7
2026-03-26 17:01:13|gemini|thinking_0|21|JSON_SAVED||245|9560c07b-5c01-4a77-bb65-1f6587905fc7
2026-03-26 17:01:13|gemini|thinking_0|21|QUESTION_ADVANCE||246|2ee02992-5616-4d4f-ac46-e4d0a6089ad6
2026-03-26 17:02:11|gemini|thinking_0|20|QUESTION_SENT||83|34258853-93b5-4749-b1f9-171dc55db00c
2026-03-26 17:02:49|gemini|thinking_0|20|JSON_VERIFIED||83|34258853-93b5-4749-b1f9-171dc55db00c
2026-03-26 17:02:49|gemini|thinking_0|20|QUESTION|85|83|34258853-93b5-4749-b1f9-171dc55db00c
2026-03-26 17:02:49|gemini|thinking_0|20|JSON_SAVED||83|34258853-93b5-4749-b1f9-171dc55db00c
2026-03-26 17:02:49|gemini|thinking_0|20|QUESTION_ADVANCE||84|cdee02d1-020d-4644-a5d9-ca6427e64045
2026-03-26 17:03:52|gemini|thinking_0|21|QUESTION_SENT||246|2ee02992-5616-4d4f-ac46-e4d0a6089ad6
2026-03-26 17:04:29|gemini|thinking_0|21|JSON_VERIFIED||246|2ee02992-5616-4d4f-ac46-e4d0a6089ad6
2026-03-26 17:04:29|gemini|thinking_0|21|QUESTION|96|246|2ee02992-5616-4d4f-ac46-e4d0a6089ad6
2026-03-26 17:04:29|gemini|thinking_0|21|JSON_SAVED||246|2ee02992-5616-4d4f-ac46-e4d0a6089ad6
2026-03-26 17:04:29|gemini|thinking_0|21|QUESTION_ADVANCE||247|7b7f4c4c-363c-4257-89d6-efc4c64116db
2026-03-26 17:05:26|gemini|thinking_0|20|QUESTION_SENT||84|cdee02d1-020d-4644-a5d9-ca6427e64045
2026-03-26 17:06:04|gemini|thinking_0|20|JSON_VERIFIED||84|cdee02d1-020d-4644-a5d9-ca6427e64045
2026-03-26 17:06:04|gemini|thinking_0|20|QUESTION|86|84|cdee02d1-020d-4644-a5d9-ca6427e64045
2026-03-26 17:06:04|gemini|thinking_0|20|JSON_SAVED||84|cdee02d1-020d-4644-a5d9-ca6427e64045
2026-03-26 17:06:04|gemini|thinking_0|20|QUESTION_ADVANCE||85|a78b1453-8da4-445d-8c2b-22133133f6fd
2026-03-26 17:07:07|gemini|thinking_0|21|QUESTION_SENT||247|7b7f4c4c-363c-4257-89d6-efc4c64116db
2026-03-26 17:08:11|gemini|thinking_0|21|JSON_VERIFIED||247|7b7f4c4c-363c-4257-89d6-efc4c64116db
2026-03-26 17:08:11|gemini|thinking_0|21|QUESTION|97|247|7b7f4c4c-363c-4257-89d6-efc4c64116db
2026-03-26 17:08:11|gemini|thinking_0|21|JSON_SAVED||247|7b7f4c4c-363c-4257-89d6-efc4c64116db
2026-03-26 17:08:11|gemini|thinking_0|21|QUESTION_ADVANCE||248|800ef8ed-20ad-4815-8ee8-b4372ebe4fb7
2026-03-26 17:08:41|gemini|thinking_0|20|QUESTION_SENT||85|a78b1453-8da4-445d-8c2b-22133133f6fd
2026-03-26 17:09:21|gemini|thinking_0|20|JSON_VERIFIED||85|a78b1453-8da4-445d-8c2b-22133133f6fd
2026-03-26 17:09:21|gemini|thinking_0|20|QUESTION|87|85|a78b1453-8da4-445d-8c2b-22133133f6fd
2026-03-26 17:09:21|gemini|thinking_0|20|JSON_SAVED||85|a78b1453-8da4-445d-8c2b-22133133f6fd
2026-03-26 17:09:21|gemini|thinking_0|20|QUESTION_ADVANCE||86|7b6c71f0-4544-4905-b2b4-306e65e3799b
2026-03-26 17:10:22|gemini|thinking_0|21|QUESTION_SENT||248|800ef8ed-20ad-4815-8ee8-b4372ebe4fb7
2026-03-26 17:10:56|gemini|thinking_0|21|JSON_VERIFIED||248|800ef8ed-20ad-4815-8ee8-b4372ebe4fb7
2026-03-26 17:10:56|gemini|thinking_0|21|QUESTION|98|248|800ef8ed-20ad-4815-8ee8-b4372ebe4fb7
2026-03-26 17:10:56|gemini|thinking_0|21|JSON_SAVED||248|800ef8ed-20ad-4815-8ee8-b4372ebe4fb7
2026-03-26 17:10:56|gemini|thinking_0|21|QUESTION_ADVANCE||249|723229f6-4f82-4168-bef5-d373d34892af
2026-03-26 17:11:55|gemini|thinking_0|20|QUESTION_SENT||86|7b6c71f0-4544-4905-b2b4-306e65e3799b
2026-03-26 17:13:37|gemini|thinking_0|21|QUESTION_SENT||249|723229f6-4f82-4168-bef5-d373d34892af
2026-03-26 17:14:12|gemini|thinking_0|21|JSON_VERIFIED||249|723229f6-4f82-4168-bef5-d373d34892af
2026-03-26 17:14:12|gemini|thinking_0|21|QUESTION|99|249|723229f6-4f82-4168-bef5-d373d34892af
2026-03-26 17:14:12|gemini|thinking_0|21|JSON_SAVED||249|723229f6-4f82-4168-bef5-d373d34892af
2026-03-26 17:14:12|gemini|thinking_0|21|QUESTION_ADVANCE||250|1fb85e19-ceb0-41cd-9e2e-32788400ba85
2026-03-26 17:15:10|gemini|thinking_0|20|QUESTION_SENT||86|7b6c71f0-4544-4905-b2b4-306e65e3799b
2026-03-26 17:16:52|gemini|thinking_0|21|QUESTION_SENT||250|1fb85e19-ceb0-41cd-9e2e-32788400ba85
2026-03-26 17:18:25|gemini|thinking_0|20|QUESTION_SENT||86|7b6c71f0-4544-4905-b2b4-306e65e3799b
2026-03-26 17:19:03|gemini|thinking_0|20|JSON_VERIFIED||86|7b6c71f0-4544-4905-b2b4-306e65e3799b
2026-03-26 17:19:03|gemini|thinking_0|20|QUESTION|88|86|7b6c71f0-4544-4905-b2b4-306e65e3799b
2026-03-26 17:19:03|gemini|thinking_0|20|JSON_SAVED||86|7b6c71f0-4544-4905-b2b4-306e65e3799b
2026-03-26 17:19:03|gemini|thinking_0|20|QUESTION_ADVANCE||87|93d34ef4-a737-4e4e-bcac-e2d520c5f0e3
2026-03-26 17:20:24|gemini|thinking_0|21|QUESTION_SENT||250|1fb85e19-ceb0-41cd-9e2e-32788400ba85
2026-03-26 17:21:40|gemini|thinking_0|20|QUESTION_SENT||87|93d34ef4-a737-4e4e-bcac-e2d520c5f0e3
2026-03-26 17:22:20|gemini|thinking_0|20|JSON_VERIFIED||87|93d34ef4-a737-4e4e-bcac-e2d520c5f0e3
2026-03-26 17:22:20|gemini|thinking_0|20|QUESTION|89|87|93d34ef4-a737-4e4e-bcac-e2d520c5f0e3
2026-03-26 17:22:20|gemini|thinking_0|20|JSON_SAVED||87|93d34ef4-a737-4e4e-bcac-e2d520c5f0e3
2026-03-26 17:22:20|gemini|thinking_0|20|QUESTION_ADVANCE||88|e4e8b2ea-345f-46da-9803-e5b3afa549e3
2026-03-26 17:23:39|gemini|thinking_0|21|QUESTION_SENT||250|1fb85e19-ceb0-41cd-9e2e-32788400ba85
2026-03-26 17:24:13|gemini|thinking_0|21|JSON_VERIFIED||250|1fb85e19-ceb0-41cd-9e2e-32788400ba85
2026-03-26 17:24:13|gemini|thinking_0|21|QUESTION|100|250|1fb85e19-ceb0-41cd-9e2e-32788400ba85
2026-03-26 17:24:13|gemini|thinking_0|21|JSON_SAVED||250|1fb85e19-ceb0-41cd-9e2e-32788400ba85
2026-03-26 17:24:13|gemini|thinking_0|21|QUESTION_ADVANCE||251|74bdff88-cd15-4478-9c55-ff8b6e2fcc8b
2026-03-26 17:24:54|gemini|thinking_0|20|QUESTION_SENT||88|e4e8b2ea-345f-46da-9803-e5b3afa549e3
2026-03-26 17:25:26|gemini|thinking_0|20|JSON_VERIFIED||88|e4e8b2ea-345f-46da-9803-e5b3afa549e3
2026-03-26 17:25:26|gemini|thinking_0|20|QUESTION|90|88|e4e8b2ea-345f-46da-9803-e5b3afa549e3
2026-03-26 17:25:26|gemini|thinking_0|20|JSON_SAVED||88|e4e8b2ea-345f-46da-9803-e5b3afa549e3
2026-03-26 17:25:26|gemini|thinking_0|20|QUESTION_ADVANCE||89|c1790041-a4f9-4959-a893-d47fc99f81e9
2026-03-26 17:26:54|gemini|thinking_0|21|QUESTION_SENT||251|74bdff88-cd15-4478-9c55-ff8b6e2fcc8b
2026-03-26 17:28:09|gemini|thinking_0|20|QUESTION_SENT||89|c1790041-a4f9-4959-a893-d47fc99f81e9
2026-03-26 17:28:52|gemini|thinking_0|20|JSON_VERIFIED||89|c1790041-a4f9-4959-a893-d47fc99f81e9
2026-03-26 17:28:52|gemini|thinking_0|20|QUESTION|91|89|c1790041-a4f9-4959-a893-d47fc99f81e9
2026-03-26 17:28:52|gemini|thinking_0|20|JSON_SAVED||89|c1790041-a4f9-4959-a893-d47fc99f81e9
2026-03-26 17:28:52|gemini|thinking_0|20|QUESTION_ADVANCE||90|8d1f6911-90d2-4296-947a-41dc6383f418
2026-03-26 17:30:08|gemini|thinking_0|21|QUESTION_SENT||251|74bdff88-cd15-4478-9c55-ff8b6e2fcc8b
2026-03-26 17:31:24|gemini|thinking_0|20|QUESTION_SENT||90|8d1f6911-90d2-4296-947a-41dc6383f418
2026-03-26 17:33:23|gemini|thinking_0|21|QUESTION_SENT||251|74bdff88-cd15-4478-9c55-ff8b6e2fcc8b
2026-03-26 17:34:06|gemini|thinking_0|21|JSON_VERIFIED||251|74bdff88-cd15-4478-9c55-ff8b6e2fcc8b
2026-03-26 17:34:06|gemini|thinking_0|21|QUESTION|101|251|74bdff88-cd15-4478-9c55-ff8b6e2fcc8b
2026-03-26 17:34:06|gemini|thinking_0|21|JSON_SAVED||251|74bdff88-cd15-4478-9c55-ff8b6e2fcc8b
2026-03-26 17:34:06|gemini|thinking_0|21|QUESTION_ADVANCE||252|5ab338f8-8d2f-4194-9079-69f487146f19
2026-03-26 17:34:39|gemini|thinking_0|20|QUESTION_SENT||90|8d1f6911-90d2-4296-947a-41dc6383f418
2026-03-26 17:35:13|gemini|thinking_0|20|JSON_VERIFIED||90|8d1f6911-90d2-4296-947a-41dc6383f418
2026-03-26 17:35:13|gemini|thinking_0|20|QUESTION|92|90|8d1f6911-90d2-4296-947a-41dc6383f418
2026-03-26 17:35:13|gemini|thinking_0|20|JSON_SAVED||90|8d1f6911-90d2-4296-947a-41dc6383f418
2026-03-26 17:35:13|gemini|thinking_0|20|QUESTION_ADVANCE||91|c98d769d-d4cf-42e5-9868-d8adf60ec9d8
2026-03-26 17:36:38|gemini|thinking_0|21|QUESTION_SENT||252|5ab338f8-8d2f-4194-9079-69f487146f19
2026-03-26 17:37:18|gemini|thinking_0|21|JSON_VERIFIED||252|5ab338f8-8d2f-4194-9079-69f487146f19
2026-03-26 17:37:18|gemini|thinking_0|21|QUESTION|102|252|5ab338f8-8d2f-4194-9079-69f487146f19
2026-03-26 17:37:18|gemini|thinking_0|21|JSON_SAVED||252|5ab338f8-8d2f-4194-9079-69f487146f19
2026-03-26 17:37:18|gemini|thinking_0|21|QUESTION_ADVANCE||253|1ed27b0c-5343-4f44-8234-9b124200ed3c
2026-03-26 17:37:53|gemini|thinking_0|20|QUESTION_SENT||91|c98d769d-d4cf-42e5-9868-d8adf60ec9d8
2026-03-26 17:38:34|gemini|thinking_0|20|JSON_VERIFIED||91|c98d769d-d4cf-42e5-9868-d8adf60ec9d8
2026-03-26 17:38:34|gemini|thinking_0|20|QUESTION|93|91|c98d769d-d4cf-42e5-9868-d8adf60ec9d8
2026-03-26 17:38:34|gemini|thinking_0|20|JSON_SAVED||91|c98d769d-d4cf-42e5-9868-d8adf60ec9d8
2026-03-26 17:38:34|gemini|thinking_0|20|QUESTION_ADVANCE||92|7c693f53-f361-4e71-addd-f997984939c7
2026-03-26 17:39:53|gemini|thinking_0|21|QUESTION_SENT||253|1ed27b0c-5343-4f44-8234-9b124200ed3c
2026-03-26 17:40:44|gemini|thinking_0|21|JSON_VERIFIED||253|1ed27b0c-5343-4f44-8234-9b124200ed3c
2026-03-26 17:40:44|gemini|thinking_0|21|QUESTION|103|253|1ed27b0c-5343-4f44-8234-9b124200ed3c
2026-03-26 17:40:44|gemini|thinking_0|21|JSON_SAVED||253|1ed27b0c-5343-4f44-8234-9b124200ed3c
2026-03-26 17:40:44|gemini|thinking_0|21|QUESTION_ADVANCE||254|6506ff2c-afa8-491a-ae6d-36bf38a9c013
2026-03-26 17:41:08|gemini|thinking_0|20|QUESTION_SENT||92|7c693f53-f361-4e71-addd-f997984939c7
2026-03-26 17:41:45|gemini|thinking_0|20|JSON_VERIFIED||92|7c693f53-f361-4e71-addd-f997984939c7
2026-03-26 17:41:45|gemini|thinking_0|20|QUESTION|94|92|7c693f53-f361-4e71-addd-f997984939c7
2026-03-26 17:41:45|gemini|thinking_0|20|JSON_SAVED||92|7c693f53-f361-4e71-addd-f997984939c7
2026-03-26 17:41:45|gemini|thinking_0|20|QUESTION_ADVANCE||93|1cc583e6-ca7c-40ea-997f-e69e416244a7
2026-03-26 17:43:07|gemini|thinking_0|21|QUESTION_SENT||254|6506ff2c-afa8-491a-ae6d-36bf38a9c013
2026-03-26 17:43:55|gemini|thinking_0|21|JSON_VERIFIED||254|6506ff2c-afa8-491a-ae6d-36bf38a9c013
2026-03-26 17:43:55|gemini|thinking_0|21|QUESTION|104|254|6506ff2c-afa8-491a-ae6d-36bf38a9c013
2026-03-26 17:43:55|gemini|thinking_0|21|JSON_SAVED||254|6506ff2c-afa8-491a-ae6d-36bf38a9c013
2026-03-26 17:43:55|gemini|thinking_0|21|QUESTION_ADVANCE||255|fe5431f6-3f1c-4599-8ae7-96fda538894f
2026-03-26 17:44:23|gemini|thinking_0|20|QUESTION_SENT||93|1cc583e6-ca7c-40ea-997f-e69e416244a7
2026-03-26 17:45:04|gemini|thinking_0|20|JSON_VERIFIED||93|1cc583e6-ca7c-40ea-997f-e69e416244a7
2026-03-26 17:45:04|gemini|thinking_0|20|QUESTION|95|93|1cc583e6-ca7c-40ea-997f-e69e416244a7
2026-03-26 17:45:04|gemini|thinking_0|20|JSON_SAVED||93|1cc583e6-ca7c-40ea-997f-e69e416244a7
2026-03-26 17:45:04|gemini|thinking_0|20|QUESTION_ADVANCE||94|34af11f4-fc29-4b2e-91c6-569dffaf708b
2026-03-26 17:46:22|gemini|thinking_0|21|QUESTION_SENT||255|fe5431f6-3f1c-4599-8ae7-96fda538894f
2026-03-26 17:47:13|gemini|thinking_0|21|JSON_VERIFIED||255|fe5431f6-3f1c-4599-8ae7-96fda538894f
2026-03-26 17:47:13|gemini|thinking_0|21|QUESTION|105|255|fe5431f6-3f1c-4599-8ae7-96fda538894f
2026-03-26 17:47:13|gemini|thinking_0|21|JSON_SAVED||255|fe5431f6-3f1c-4599-8ae7-96fda538894f
2026-03-26 17:47:13|gemini|thinking_0|21|QUESTION_ADVANCE||256|93550af7-64a8-4a7b-a3f0-460060ab6528
2026-03-26 17:47:37|gemini|thinking_0|20|QUESTION_SENT||94|34af11f4-fc29-4b2e-91c6-569dffaf708b
2026-03-26 17:48:13|gemini|thinking_0|20|JSON_VERIFIED||94|34af11f4-fc29-4b2e-91c6-569dffaf708b
2026-03-26 17:48:13|gemini|thinking_0|20|QUESTION|96|94|34af11f4-fc29-4b2e-91c6-569dffaf708b
2026-03-26 17:48:13|gemini|thinking_0|20|JSON_SAVED||94|34af11f4-fc29-4b2e-91c6-569dffaf708b
2026-03-26 17:48:13|gemini|thinking_0|20|QUESTION_ADVANCE||95|abef1902-52d6-4139-a492-4c81d568adee
2026-03-26 17:49:36|gemini|thinking_0|21|QUESTION_SENT||256|93550af7-64a8-4a7b-a3f0-460060ab6528
2026-03-26 17:50:19|gemini|thinking_0|21|JSON_VERIFIED||256|93550af7-64a8-4a7b-a3f0-460060ab6528
2026-03-26 17:50:19|gemini|thinking_0|21|QUESTION|106|256|93550af7-64a8-4a7b-a3f0-460060ab6528
2026-03-26 17:50:19|gemini|thinking_0|21|JSON_SAVED||256|93550af7-64a8-4a7b-a3f0-460060ab6528
2026-03-26 17:50:19|gemini|thinking_0|21|QUESTION_ADVANCE||257|f677ee2d-309d-4736-a97a-888f81c72e66
2026-03-26 17:50:52|gemini|thinking_0|20|QUESTION_SENT||95|abef1902-52d6-4139-a492-4c81d568adee
2026-03-26 17:51:27|gemini|thinking_0|20|JSON_VERIFIED||95|abef1902-52d6-4139-a492-4c81d568adee
2026-03-26 17:51:27|gemini|thinking_0|20|QUESTION|97|95|abef1902-52d6-4139-a492-4c81d568adee
2026-03-26 17:51:27|gemini|thinking_0|20|JSON_SAVED||95|abef1902-52d6-4139-a492-4c81d568adee
2026-03-26 17:51:27|gemini|thinking_0|20|QUESTION_ADVANCE||96|53919b90-95a2-4509-8cce-1c3f5386c72a
2026-03-26 17:52:51|gemini|thinking_0|21|QUESTION_SENT||257|f677ee2d-309d-4736-a97a-888f81c72e66
2026-03-26 17:53:22|gemini|thinking_0|21|JSON_VERIFIED||257|f677ee2d-309d-4736-a97a-888f81c72e66
2026-03-26 17:53:22|gemini|thinking_0|21|QUESTION|107|257|f677ee2d-309d-4736-a97a-888f81c72e66
2026-03-26 17:53:22|gemini|thinking_0|21|JSON_SAVED||257|f677ee2d-309d-4736-a97a-888f81c72e66
2026-03-26 17:53:22|gemini|thinking_0|21|QUESTION_ADVANCE||258|6d9d3c31-3ea9-4131-8fd8-2fd508b5f4fd
2026-03-26 17:54:06|gemini|thinking_0|20|QUESTION_SENT||96|53919b90-95a2-4509-8cce-1c3f5386c72a
2026-03-26 17:56:06|gemini|thinking_0|21|QUESTION_SENT||258|6d9d3c31-3ea9-4131-8fd8-2fd508b5f4fd
2026-03-26 17:57:21|gemini|thinking_0|20|QUESTION_SENT||96|53919b90-95a2-4509-8cce-1c3f5386c72a
2026-03-26 17:57:55|gemini|thinking_0|20|JSON_VERIFIED||96|53919b90-95a2-4509-8cce-1c3f5386c72a
2026-03-26 17:57:55|gemini|thinking_0|20|QUESTION|98|96|53919b90-95a2-4509-8cce-1c3f5386c72a
2026-03-26 17:57:55|gemini|thinking_0|20|JSON_SAVED||96|53919b90-95a2-4509-8cce-1c3f5386c72a
2026-03-26 17:57:55|gemini|thinking_0|20|QUESTION_ADVANCE||97|f56ccb19-7fef-465a-98af-cb49934c2a89
2026-03-26 17:59:20|gemini|thinking_0|21|QUESTION_SENT||258|6d9d3c31-3ea9-4131-8fd8-2fd508b5f4fd
2026-03-26 17:59:56|gemini|thinking_0|21|JSON_VERIFIED||258|6d9d3c31-3ea9-4131-8fd8-2fd508b5f4fd
2026-03-26 17:59:56|gemini|thinking_0|21|QUESTION|108|258|6d9d3c31-3ea9-4131-8fd8-2fd508b5f4fd
2026-03-26 17:59:56|gemini|thinking_0|21|JSON_SAVED||258|6d9d3c31-3ea9-4131-8fd8-2fd508b5f4fd
2026-03-26 17:59:56|gemini|thinking_0|21|QUESTION_ADVANCE||259|2ecfeaec-4f9b-41dd-80f0-2d4e5852a088
2026-03-26 18:00:35|gemini|thinking_0|20|QUESTION_SENT||97|f56ccb19-7fef-465a-98af-cb49934c2a89
2026-03-26 18:01:11|gemini|thinking_0|20|JSON_VERIFIED||97|f56ccb19-7fef-465a-98af-cb49934c2a89
2026-03-26 18:01:11|gemini|thinking_0|20|QUESTION|99|97|f56ccb19-7fef-465a-98af-cb49934c2a89
2026-03-26 18:01:11|gemini|thinking_0|20|JSON_SAVED||97|f56ccb19-7fef-465a-98af-cb49934c2a89
2026-03-26 18:01:11|gemini|thinking_0|20|QUESTION_ADVANCE||98|b5473fee-181f-4cd2-a9be-2573a253643a
2026-03-26 18:02:35|gemini|thinking_0|21|QUESTION_SENT||259|2ecfeaec-4f9b-41dd-80f0-2d4e5852a088
2026-03-26 18:03:06|gemini|thinking_0|21|JSON_VERIFIED||259|2ecfeaec-4f9b-41dd-80f0-2d4e5852a088
2026-03-26 18:03:06|gemini|thinking_0|21|QUESTION|109|259|2ecfeaec-4f9b-41dd-80f0-2d4e5852a088
2026-03-26 18:03:06|gemini|thinking_0|21|JSON_SAVED||259|2ecfeaec-4f9b-41dd-80f0-2d4e5852a088
2026-03-26 18:03:06|gemini|thinking_0|21|QUESTION_ADVANCE||260|ee093cd7-f1b2-46b4-a18a-de7e1b34a329
2026-03-26 18:03:50|gemini|thinking_0|20|QUESTION_SENT||98|b5473fee-181f-4cd2-a9be-2573a253643a
2026-03-26 18:04:30|gemini|thinking_0|20|JSON_VERIFIED||98|b5473fee-181f-4cd2-a9be-2573a253643a
2026-03-26 18:04:30|gemini|thinking_0|20|QUESTION|100|98|b5473fee-181f-4cd2-a9be-2573a253643a
2026-03-26 18:04:30|gemini|thinking_0|20|JSON_SAVED||98|b5473fee-181f-4cd2-a9be-2573a253643a
2026-03-26 18:04:30|gemini|thinking_0|20|QUESTION_ADVANCE||99|cd8db726-3a15-4fef-b8d4-6087cc9ed441
2026-03-26 18:05:12|gemini|thinking_0|21|QUESTION_SENT||260|ee093cd7-f1b2-46b4-a18a-de7e1b34a329
2026-03-26 18:07:05|gemini|thinking_0|20|QUESTION_SENT||99|cd8db726-3a15-4fef-b8d4-6087cc9ed441
2026-03-26 18:08:26|gemini|thinking_0|21|QUESTION_SENT||260|ee093cd7-f1b2-46b4-a18a-de7e1b34a329
2026-03-26 18:09:00|gemini|thinking_0|21|JSON_VERIFIED||260|ee093cd7-f1b2-46b4-a18a-de7e1b34a329
2026-03-26 18:09:00|gemini|thinking_0|21|QUESTION|110|260|ee093cd7-f1b2-46b4-a18a-de7e1b34a329
2026-03-26 18:09:00|gemini|thinking_0|21|JSON_SAVED||260|ee093cd7-f1b2-46b4-a18a-de7e1b34a329
2026-03-26 18:09:00|gemini|thinking_0|21|QUESTION_ADVANCE||261|c0d61def-b0b9-4cf8-b190-987e9a10700b
2026-03-26 18:10:20|gemini|thinking_0|20|QUESTION_SENT||99|cd8db726-3a15-4fef-b8d4-6087cc9ed441
2026-03-26 18:10:54|gemini|thinking_0|20|JSON_VERIFIED||99|cd8db726-3a15-4fef-b8d4-6087cc9ed441
2026-03-26 18:10:54|gemini|thinking_0|20|QUESTION|101|99|cd8db726-3a15-4fef-b8d4-6087cc9ed441
2026-03-26 18:10:54|gemini|thinking_0|20|JSON_SAVED||99|cd8db726-3a15-4fef-b8d4-6087cc9ed441
2026-03-26 18:10:54|gemini|thinking_0|20|QUESTION_ADVANCE||100|3aeb92c9-88d3-40c1-bef4-e300b02de9a8
2026-03-26 18:11:41|gemini|thinking_0|21|QUESTION_SENT||261|c0d61def-b0b9-4cf8-b190-987e9a10700b
2026-03-26 18:12:12|gemini|thinking_0|21|JSON_VERIFIED||261|c0d61def-b0b9-4cf8-b190-987e9a10700b
2026-03-26 18:12:12|gemini|thinking_0|21|QUESTION|111|261|c0d61def-b0b9-4cf8-b190-987e9a10700b
2026-03-26 18:12:12|gemini|thinking_0|21|JSON_SAVED||261|c0d61def-b0b9-4cf8-b190-987e9a10700b
2026-03-26 18:12:12|gemini|thinking_0|21|QUESTION_ADVANCE||262|3812980c-fc27-4002-bf4f-d3e4a9b16312
2026-03-26 18:13:35|gemini|thinking_0|20|QUESTION_SENT||100|3aeb92c9-88d3-40c1-bef4-e300b02de9a8
2026-03-26 18:14:20|gemini|thinking_0|20|JSON_VERIFIED||100|3aeb92c9-88d3-40c1-bef4-e300b02de9a8
2026-03-26 18:14:20|gemini|thinking_0|20|QUESTION|102|100|3aeb92c9-88d3-40c1-bef4-e300b02de9a8
2026-03-26 18:14:20|gemini|thinking_0|20|JSON_SAVED||100|3aeb92c9-88d3-40c1-bef4-e300b02de9a8
2026-03-26 18:14:20|gemini|thinking_0|20|QUESTION_ADVANCE||101|d7686c89-6549-40cd-94e0-e432fa47ea59
2026-03-26 18:14:55|gemini|thinking_0|21|QUESTION_SENT||262|3812980c-fc27-4002-bf4f-d3e4a9b16312
2026-03-26 18:15:32|gemini|thinking_0|21|JSON_VERIFIED||262|3812980c-fc27-4002-bf4f-d3e4a9b16312
2026-03-26 18:15:32|gemini|thinking_0|21|QUESTION|112|262|3812980c-fc27-4002-bf4f-d3e4a9b16312
2026-03-26 18:15:32|gemini|thinking_0|21|JSON_SAVED||262|3812980c-fc27-4002-bf4f-d3e4a9b16312
2026-03-26 18:15:32|gemini|thinking_0|21|QUESTION_ADVANCE||263|1318444a-9eea-4dfa-928a-b3404570a14e
2026-03-26 18:16:50|gemini|thinking_0|20|QUESTION_SENT||101|d7686c89-6549-40cd-94e0-e432fa47ea59
2026-03-26 18:17:25|gemini|thinking_0|20|JSON_VERIFIED||101|d7686c89-6549-40cd-94e0-e432fa47ea59
2026-03-26 18:17:25|gemini|thinking_0|20|QUESTION|103|101|d7686c89-6549-40cd-94e0-e432fa47ea59
2026-03-26 18:17:25|gemini|thinking_0|20|JSON_SAVED||101|d7686c89-6549-40cd-94e0-e432fa47ea59
2026-03-26 18:17:25|gemini|thinking_0|20|QUESTION_ADVANCE||102|f8267008-de4e-4dd5-95d1-10897c2a46aa
2026-03-26 18:18:10|gemini|thinking_0|21|QUESTION_SENT||263|1318444a-9eea-4dfa-928a-b3404570a14e
2026-03-26 18:20:04|gemini|thinking_0|20|QUESTION_SENT||102|f8267008-de4e-4dd5-95d1-10897c2a46aa
2026-03-26 18:23:11|gemini|thinking_0|21|QUESTION_SENT||263|1318444a-9eea-4dfa-928a-b3404570a14e
2026-03-26 18:23:28|gemini|thinking_0|20|QUESTION_SENT||102|f8267008-de4e-4dd5-95d1-10897c2a46aa
2026-03-26 18:23:45|gemini|thinking_0|21|JSON_VERIFIED||263|1318444a-9eea-4dfa-928a-b3404570a14e
2026-03-26 18:23:45|gemini|thinking_0|21|QUESTION|113|263|1318444a-9eea-4dfa-928a-b3404570a14e
2026-03-26 18:23:45|gemini|thinking_0|21|JSON_SAVED||263|1318444a-9eea-4dfa-928a-b3404570a14e
2026-03-26 18:23:45|gemini|thinking_0|21|QUESTION_ADVANCE||264|1616dcd1-7b38-43bb-8a27-cc55e3afd387
2026-03-26 18:24:05|gemini|thinking_0|20|JSON_VERIFIED||102|f8267008-de4e-4dd5-95d1-10897c2a46aa
2026-03-26 18:24:05|gemini|thinking_0|20|QUESTION|104|102|f8267008-de4e-4dd5-95d1-10897c2a46aa
2026-03-26 18:24:05|gemini|thinking_0|20|JSON_SAVED||102|f8267008-de4e-4dd5-95d1-10897c2a46aa
2026-03-26 18:24:05|gemini|thinking_0|20|QUESTION_ADVANCE||103|e2cf4e8d-8c27-4f5a-9558-c31b88828032
2026-03-26 18:26:25|gemini|thinking_0|21|QUESTION_SENT||264|1616dcd1-7b38-43bb-8a27-cc55e3afd387
2026-03-26 18:26:43|gemini|thinking_0|20|QUESTION_SENT||103|e2cf4e8d-8c27-4f5a-9558-c31b88828032
2026-03-26 18:27:05|gemini|thinking_0|21|JSON_VERIFIED||264|1616dcd1-7b38-43bb-8a27-cc55e3afd387
2026-03-26 18:27:05|gemini|thinking_0|21|QUESTION|114|264|1616dcd1-7b38-43bb-8a27-cc55e3afd387
2026-03-26 18:27:05|gemini|thinking_0|21|JSON_SAVED||264|1616dcd1-7b38-43bb-8a27-cc55e3afd387
2026-03-26 18:27:05|gemini|thinking_0|21|QUESTION_ADVANCE||265|80fe1a04-9f87-457d-b6fc-b55306e9d9e4
2026-03-26 18:27:13|gemini|thinking_0|20|JSON_VERIFIED||103|e2cf4e8d-8c27-4f5a-9558-c31b88828032
2026-03-26 18:27:13|gemini|thinking_0|20|QUESTION|105|103|e2cf4e8d-8c27-4f5a-9558-c31b88828032
2026-03-26 18:27:13|gemini|thinking_0|20|JSON_SAVED||103|e2cf4e8d-8c27-4f5a-9558-c31b88828032
2026-03-26 18:27:13|gemini|thinking_0|20|QUESTION_ADVANCE||104|8ccab368-fedf-4600-a027-28969da9f099
2026-03-26 18:29:40|gemini|thinking_0|21|QUESTION_SENT||265|80fe1a04-9f87-457d-b6fc-b55306e9d9e4
2026-03-26 18:29:58|gemini|thinking_0|20|QUESTION_SENT||104|8ccab368-fedf-4600-a027-28969da9f099
2026-03-26 18:30:14|gemini|thinking_0|21|JSON_VERIFIED||265|80fe1a04-9f87-457d-b6fc-b55306e9d9e4
2026-03-26 18:30:14|gemini|thinking_0|21|QUESTION|115|265|80fe1a04-9f87-457d-b6fc-b55306e9d9e4
2026-03-26 18:30:14|gemini|thinking_0|21|JSON_SAVED||265|80fe1a04-9f87-457d-b6fc-b55306e9d9e4
2026-03-26 18:30:14|gemini|thinking_0|21|QUESTION_ADVANCE||266|b574d147-6744-498d-ac2b-2797985823a2
2026-03-26 18:30:39|gemini|thinking_0|20|JSON_VERIFIED||104|8ccab368-fedf-4600-a027-28969da9f099
2026-03-26 18:30:39|gemini|thinking_0|20|QUESTION|106|104|8ccab368-fedf-4600-a027-28969da9f099
2026-03-26 18:30:39|gemini|thinking_0|20|JSON_SAVED||104|8ccab368-fedf-4600-a027-28969da9f099
2026-03-26 18:30:39|gemini|thinking_0|20|QUESTION_ADVANCE||105|e4ada0f4-5402-4fff-a2d9-beba2d3d8f16
2026-03-26 18:32:55|gemini|thinking_0|21|QUESTION_SENT||266|b574d147-6744-498d-ac2b-2797985823a2
2026-03-26 18:33:12|gemini|thinking_0|20|QUESTION_SENT||105|e4ada0f4-5402-4fff-a2d9-beba2d3d8f16
2026-03-26 18:33:33|gemini|thinking_0|21|JSON_VERIFIED||266|b574d147-6744-498d-ac2b-2797985823a2
2026-03-26 18:33:33|gemini|thinking_0|21|QUESTION|116|266|b574d147-6744-498d-ac2b-2797985823a2
2026-03-26 18:33:33|gemini|thinking_0|21|JSON_SAVED||266|b574d147-6744-498d-ac2b-2797985823a2
2026-03-26 18:33:33|gemini|thinking_0|21|QUESTION_ADVANCE||267|dd40eacc-f152-4ae9-bd66-e10bd186c94d
2026-03-26 18:33:44|gemini|thinking_0|20|JSON_VERIFIED||105|e4ada0f4-5402-4fff-a2d9-beba2d3d8f16
2026-03-26 18:33:44|gemini|thinking_0|20|QUESTION|107|105|e4ada0f4-5402-4fff-a2d9-beba2d3d8f16
2026-03-26 18:33:44|gemini|thinking_0|20|JSON_SAVED||105|e4ada0f4-5402-4fff-a2d9-beba2d3d8f16
2026-03-26 18:33:44|gemini|thinking_0|20|QUESTION_ADVANCE||106|8f0b0fde-1d15-45a5-a78a-141e943d8295
2026-03-26 18:36:09|gemini|thinking_0|21|QUESTION_SENT||267|dd40eacc-f152-4ae9-bd66-e10bd186c94d
2026-03-26 18:36:27|gemini|thinking_0|20|QUESTION_SENT||106|8f0b0fde-1d15-45a5-a78a-141e943d8295
2026-03-26 18:37:01|gemini|thinking_0|21|JSON_VERIFIED||267|dd40eacc-f152-4ae9-bd66-e10bd186c94d
2026-03-26 18:37:01|gemini|thinking_0|21|QUESTION|117|267|dd40eacc-f152-4ae9-bd66-e10bd186c94d
2026-03-26 18:37:01|gemini|thinking_0|21|JSON_SAVED||267|dd40eacc-f152-4ae9-bd66-e10bd186c94d
2026-03-26 18:37:01|gemini|thinking_0|21|QUESTION_ADVANCE||268|b8fe9d4c-c202-4a8d-b03d-b2ea63dfcf81
2026-03-26 18:37:01|gemini|thinking_0|20|JSON_VERIFIED||106|8f0b0fde-1d15-45a5-a78a-141e943d8295
2026-03-26 18:37:01|gemini|thinking_0|20|QUESTION|108|106|8f0b0fde-1d15-45a5-a78a-141e943d8295
2026-03-26 18:37:01|gemini|thinking_0|20|JSON_SAVED||106|8f0b0fde-1d15-45a5-a78a-141e943d8295
2026-03-26 18:37:01|gemini|thinking_0|20|QUESTION_ADVANCE||107|cea8a14a-0f8e-49c7-990a-5c5d775c92dd
2026-03-26 18:39:24|gemini|thinking_0|21|QUESTION_SENT||268|b8fe9d4c-c202-4a8d-b03d-b2ea63dfcf81
2026-03-26 18:39:42|gemini|thinking_0|20|QUESTION_SENT||107|cea8a14a-0f8e-49c7-990a-5c5d775c92dd
2026-03-26 18:40:02|gemini|thinking_0|21|JSON_VERIFIED||268|b8fe9d4c-c202-4a8d-b03d-b2ea63dfcf81
2026-03-26 18:40:02|gemini|thinking_0|21|QUESTION|118|268|b8fe9d4c-c202-4a8d-b03d-b2ea63dfcf81
2026-03-26 18:40:02|gemini|thinking_0|21|JSON_SAVED||268|b8fe9d4c-c202-4a8d-b03d-b2ea63dfcf81
2026-03-26 18:40:02|gemini|thinking_0|21|QUESTION_ADVANCE||269|d0ce1a86-4939-4cb0-88e7-a8d1933390c4
2026-03-26 18:40:20|gemini|thinking_0|20|JSON_VERIFIED||107|cea8a14a-0f8e-49c7-990a-5c5d775c92dd
2026-03-26 18:40:20|gemini|thinking_0|20|QUESTION|109|107|cea8a14a-0f8e-49c7-990a-5c5d775c92dd
2026-03-26 18:40:20|gemini|thinking_0|20|JSON_SAVED||107|cea8a14a-0f8e-49c7-990a-5c5d775c92dd
2026-03-26 18:40:20|gemini|thinking_0|20|QUESTION_ADVANCE||108|1028ee92-e853-4cf4-aa09-029993c62045
2026-03-26 18:42:39|gemini|thinking_0|21|QUESTION_SENT||269|d0ce1a86-4939-4cb0-88e7-a8d1933390c4
2026-03-26 18:42:56|gemini|thinking_0|20|QUESTION_SENT||108|1028ee92-e853-4cf4-aa09-029993c62045
2026-03-26 18:43:14|gemini|thinking_0|21|JSON_VERIFIED||269|d0ce1a86-4939-4cb0-88e7-a8d1933390c4
2026-03-26 18:43:14|gemini|thinking_0|21|QUESTION|119|269|d0ce1a86-4939-4cb0-88e7-a8d1933390c4
2026-03-26 18:43:14|gemini|thinking_0|21|JSON_SAVED||269|d0ce1a86-4939-4cb0-88e7-a8d1933390c4
2026-03-26 18:43:14|gemini|thinking_0|21|QUESTION_ADVANCE||270|78b75282-ab9b-4050-ba7b-0b5d290ccf11
2026-03-26 18:43:42|gemini|thinking_0|20|JSON_VERIFIED||108|1028ee92-e853-4cf4-aa09-029993c62045
2026-03-26 18:43:42|gemini|thinking_0|20|QUESTION|110|108|1028ee92-e853-4cf4-aa09-029993c62045
2026-03-26 18:43:42|gemini|thinking_0|20|JSON_SAVED||108|1028ee92-e853-4cf4-aa09-029993c62045
2026-03-26 18:43:42|gemini|thinking_0|20|QUESTION_ADVANCE||109|9d3d2936-a9f8-4a9e-b8da-a4d6f2bd578e
2026-03-26 18:45:53|gemini|thinking_0|21|QUESTION_SENT||270|78b75282-ab9b-4050-ba7b-0b5d290ccf11
2026-03-26 18:46:11|gemini|thinking_0|20|QUESTION_SENT||109|9d3d2936-a9f8-4a9e-b8da-a4d6f2bd578e
2026-03-26 18:46:33|gemini|thinking_0|21|JSON_VERIFIED||270|78b75282-ab9b-4050-ba7b-0b5d290ccf11
2026-03-26 18:46:33|gemini|thinking_0|21|QUESTION|120|270|78b75282-ab9b-4050-ba7b-0b5d290ccf11
2026-03-26 18:46:33|gemini|thinking_0|21|JSON_SAVED||270|78b75282-ab9b-4050-ba7b-0b5d290ccf11
2026-03-26 18:46:33|gemini|thinking_0|21|QUESTION_ADVANCE||271|e85bf6dd-d7ba-4081-803e-0400cf85a384
2026-03-26 18:49:08|gemini|thinking_0|21|QUESTION_SENT||271|e85bf6dd-d7ba-4081-803e-0400cf85a384
2026-03-26 18:49:41|gemini|thinking_0|21|JSON_VERIFIED||271|e85bf6dd-d7ba-4081-803e-0400cf85a384
2026-03-26 18:49:41|gemini|thinking_0|21|QUESTION|121|271|e85bf6dd-d7ba-4081-803e-0400cf85a384
2026-03-26 18:49:41|gemini|thinking_0|21|JSON_SAVED||271|e85bf6dd-d7ba-4081-803e-0400cf85a384
2026-03-26 18:49:41|gemini|thinking_0|21|QUESTION_ADVANCE||272|fef1a25d-fdf6-4716-8f99-69d7bf6720b1
2026-03-26 18:49:59|gemini|thinking_0|20|QUESTION_SENT||109|9d3d2936-a9f8-4a9e-b8da-a4d6f2bd578e
2026-03-26 18:52:23|gemini|thinking_0|21|QUESTION_SENT||272|fef1a25d-fdf6-4716-8f99-69d7bf6720b1
2026-03-26 18:53:00|gemini|thinking_0|21|JSON_VERIFIED||272|fef1a25d-fdf6-4716-8f99-69d7bf6720b1
2026-03-26 18:53:00|gemini|thinking_0|21|QUESTION|122|272|fef1a25d-fdf6-4716-8f99-69d7bf6720b1
2026-03-26 18:53:00|gemini|thinking_0|21|JSON_SAVED||272|fef1a25d-fdf6-4716-8f99-69d7bf6720b1
2026-03-26 18:53:00|gemini|thinking_0|21|QUESTION_ADVANCE||273|7b26f7e7-e14a-46da-9abc-b160bc9520df
2026-03-26 18:53:13|gemini|thinking_0|20|QUESTION_SENT||109|9d3d2936-a9f8-4a9e-b8da-a4d6f2bd578e
2026-03-26 18:55:38|gemini|thinking_0|21|QUESTION_SENT||273|7b26f7e7-e14a-46da-9abc-b160bc9520df
2026-03-26 18:56:12|gemini|thinking_0|21|JSON_VERIFIED||273|7b26f7e7-e14a-46da-9abc-b160bc9520df
2026-03-26 18:56:12|gemini|thinking_0|21|QUESTION|123|273|7b26f7e7-e14a-46da-9abc-b160bc9520df
2026-03-26 18:56:12|gemini|thinking_0|21|JSON_SAVED||273|7b26f7e7-e14a-46da-9abc-b160bc9520df
2026-03-26 18:56:12|gemini|thinking_0|21|QUESTION_ADVANCE||274|63289555-b62d-4506-80b5-2de77b383928
2026-03-26 18:58:52|gemini|thinking_0|21|QUESTION_SENT||274|63289555-b62d-4506-80b5-2de77b383928
2026-03-26 18:59:29|gemini|thinking_0|21|JSON_VERIFIED||274|63289555-b62d-4506-80b5-2de77b383928
2026-03-26 18:59:29|gemini|thinking_0|21|QUESTION|124|274|63289555-b62d-4506-80b5-2de77b383928
2026-03-26 18:59:29|gemini|thinking_0|21|JSON_SAVED||274|63289555-b62d-4506-80b5-2de77b383928
2026-03-26 18:59:29|gemini|thinking_0|21|QUESTION_ADVANCE||275|1ce58ef9-c6ce-4954-bf41-a729a9a0f0bd
2026-03-26 19:02:07|gemini|thinking_0|21|QUESTION_SENT||275|1ce58ef9-c6ce-4954-bf41-a729a9a0f0bd
2026-03-26 19:02:44|gemini|thinking_0|21|JSON_VERIFIED||275|1ce58ef9-c6ce-4954-bf41-a729a9a0f0bd
2026-03-26 19:02:44|gemini|thinking_0|21|QUESTION|125|275|1ce58ef9-c6ce-4954-bf41-a729a9a0f0bd
2026-03-26 19:02:44|gemini|thinking_0|21|JSON_SAVED||275|1ce58ef9-c6ce-4954-bf41-a729a9a0f0bd
2026-03-26 19:02:44|gemini|thinking_0|21|QUESTION_ADVANCE||276|262c0b2c-f90a-43d1-89b6-cee1ae603698
2026-03-26 19:05:22|gemini|thinking_0|21|QUESTION_SENT||276|262c0b2c-f90a-43d1-89b6-cee1ae603698
2026-03-26 19:06:02|gemini|thinking_0|21|JSON_VERIFIED||276|262c0b2c-f90a-43d1-89b6-cee1ae603698
2026-03-26 19:06:02|gemini|thinking_0|21|QUESTION|126|276|262c0b2c-f90a-43d1-89b6-cee1ae603698
2026-03-26 19:06:02|gemini|thinking_0|21|JSON_SAVED||276|262c0b2c-f90a-43d1-89b6-cee1ae603698
2026-03-26 19:06:02|gemini|thinking_0|21|QUESTION_ADVANCE||277|1889173d-93b1-4a9e-b795-3cb6c9e601e6
2026-03-26 19:08:37|gemini|thinking_0|21|QUESTION_SENT||277|1889173d-93b1-4a9e-b795-3cb6c9e601e6
2026-03-26 19:09:12|gemini|thinking_0|21|JSON_VERIFIED||277|1889173d-93b1-4a9e-b795-3cb6c9e601e6
2026-03-26 19:09:12|gemini|thinking_0|21|QUESTION|127|277|1889173d-93b1-4a9e-b795-3cb6c9e601e6
2026-03-26 19:09:12|gemini|thinking_0|21|JSON_SAVED||277|1889173d-93b1-4a9e-b795-3cb6c9e601e6
2026-03-26 19:09:12|gemini|thinking_0|21|QUESTION_ADVANCE||278|0cd7f2c3-7e20-4b94-8b2f-0a5ce15213ef
2026-03-26 19:11:52|gemini|thinking_0|21|QUESTION_SENT||278|0cd7f2c3-7e20-4b94-8b2f-0a5ce15213ef
2026-03-26 19:12:24|gemini|thinking_0|21|JSON_VERIFIED||278|0cd7f2c3-7e20-4b94-8b2f-0a5ce15213ef
2026-03-26 19:12:24|gemini|thinking_0|21|QUESTION|128|278|0cd7f2c3-7e20-4b94-8b2f-0a5ce15213ef
2026-03-26 19:12:24|gemini|thinking_0|21|JSON_SAVED||278|0cd7f2c3-7e20-4b94-8b2f-0a5ce15213ef
2026-03-26 19:12:24|gemini|thinking_0|21|QUESTION_ADVANCE||279|a001ea87-033e-408e-b436-802c214951cb
2026-03-26 19:15:06|gemini|thinking_0|21|QUESTION_SENT||279|a001ea87-033e-408e-b436-802c214951cb
2026-03-26 19:15:49|gemini|thinking_0|21|JSON_VERIFIED||279|a001ea87-033e-408e-b436-802c214951cb
2026-03-26 19:15:49|gemini|thinking_0|21|QUESTION|129|279|a001ea87-033e-408e-b436-802c214951cb
2026-03-26 19:15:49|gemini|thinking_0|21|JSON_SAVED||279|a001ea87-033e-408e-b436-802c214951cb
2026-03-26 19:15:49|gemini|thinking_0|21|QUESTION_ADVANCE||280|18710d4c-51e4-4667-9fed-97610151f374
2026-03-26 19:15:50|gemini|thinking_0|20|QUESTION_SENT||109|9d3d2936-a9f8-4a9e-b8da-a4d6f2bd578e
2026-03-26 19:16:23|gemini|thinking_0|20|JSON_VERIFIED||109|9d3d2936-a9f8-4a9e-b8da-a4d6f2bd578e
2026-03-26 19:16:23|gemini|thinking_0|20|QUESTION|111|109|9d3d2936-a9f8-4a9e-b8da-a4d6f2bd578e
2026-03-26 19:16:23|gemini|thinking_0|20|JSON_SAVED||109|9d3d2936-a9f8-4a9e-b8da-a4d6f2bd578e
2026-03-26 19:16:23|gemini|thinking_0|20|QUESTION_ADVANCE||110|199779cf-dd79-4258-b7e1-ecbb1690b767
2026-03-26 19:18:21|gemini|thinking_0|21|QUESTION_SENT||280|18710d4c-51e4-4667-9fed-97610151f374
2026-03-26 19:19:01|gemini|thinking_0|21|JSON_VERIFIED||280|18710d4c-51e4-4667-9fed-97610151f374
2026-03-26 19:19:01|gemini|thinking_0|21|QUESTION|130|280|18710d4c-51e4-4667-9fed-97610151f374
2026-03-26 19:19:01|gemini|thinking_0|21|JSON_SAVED||280|18710d4c-51e4-4667-9fed-97610151f374
2026-03-26 19:19:01|gemini|thinking_0|21|QUESTION_ADVANCE||281|29cc2191-2027-4c75-9515-270334a6dc88
2026-03-26 19:19:05|gemini|thinking_0|20|QUESTION_SENT||110|199779cf-dd79-4258-b7e1-ecbb1690b767
2026-03-26 19:21:36|gemini|thinking_0|21|QUESTION_SENT||281|29cc2191-2027-4c75-9515-270334a6dc88
2026-03-26 19:22:08|gemini|thinking_0|21|JSON_VERIFIED||281|29cc2191-2027-4c75-9515-270334a6dc88
2026-03-26 19:22:08|gemini|thinking_0|21|QUESTION|131|281|29cc2191-2027-4c75-9515-270334a6dc88
2026-03-26 19:22:08|gemini|thinking_0|21|JSON_SAVED||281|29cc2191-2027-4c75-9515-270334a6dc88
2026-03-26 19:22:08|gemini|thinking_0|21|QUESTION_ADVANCE||282|7b61d080-9357-40eb-993f-2a9b4b76c48b
2026-03-26 19:24:50|gemini|thinking_0|21|QUESTION_SENT||282|7b61d080-9357-40eb-993f-2a9b4b76c48b
2026-03-26 19:25:31|gemini|thinking_0|21|JSON_VERIFIED||282|7b61d080-9357-40eb-993f-2a9b4b76c48b
2026-03-26 19:25:31|gemini|thinking_0|21|QUESTION|132|282|7b61d080-9357-40eb-993f-2a9b4b76c48b
2026-03-26 19:25:31|gemini|thinking_0|21|JSON_SAVED||282|7b61d080-9357-40eb-993f-2a9b4b76c48b
2026-03-26 19:25:31|gemini|thinking_0|21|QUESTION_ADVANCE||283|c87d3e39-eef9-4194-b6d5-4ad0354263b1
2026-03-26 19:28:05|gemini|thinking_0|21|QUESTION_SENT||283|c87d3e39-eef9-4194-b6d5-4ad0354263b1
2026-03-26 19:28:40|gemini|thinking_0|21|JSON_VERIFIED||283|c87d3e39-eef9-4194-b6d5-4ad0354263b1
2026-03-26 19:28:40|gemini|thinking_0|21|QUESTION|133|283|c87d3e39-eef9-4194-b6d5-4ad0354263b1
2026-03-26 19:28:40|gemini|thinking_0|21|JSON_SAVED||283|c87d3e39-eef9-4194-b6d5-4ad0354263b1
2026-03-26 19:28:40|gemini|thinking_0|21|QUESTION_ADVANCE||284|15b606bd-6e1a-46c6-933f-52313c437fb1
2026-03-26 19:29:26|gemini|thinking_0|20|QUESTION_SENT||110|199779cf-dd79-4258-b7e1-ecbb1690b767
2026-03-26 19:29:57|gemini|thinking_0|20|JSON_VERIFIED||110|199779cf-dd79-4258-b7e1-ecbb1690b767
2026-03-26 19:29:57|gemini|thinking_0|20|QUESTION|112|110|199779cf-dd79-4258-b7e1-ecbb1690b767
2026-03-26 19:29:57|gemini|thinking_0|20|JSON_SAVED||110|199779cf-dd79-4258-b7e1-ecbb1690b767
2026-03-26 19:29:57|gemini|thinking_0|20|QUESTION_ADVANCE||111|67b8d89c-4823-4a47-a273-f4219cb13fec
2026-03-26 19:31:19|gemini|thinking_0|21|QUESTION_SENT||284|15b606bd-6e1a-46c6-933f-52313c437fb1
2026-03-26 19:31:53|gemini|thinking_0|21|JSON_VERIFIED||284|15b606bd-6e1a-46c6-933f-52313c437fb1
2026-03-26 19:31:53|gemini|thinking_0|21|QUESTION|134|284|15b606bd-6e1a-46c6-933f-52313c437fb1
2026-03-26 19:31:53|gemini|thinking_0|21|JSON_SAVED||284|15b606bd-6e1a-46c6-933f-52313c437fb1
2026-03-26 19:31:53|gemini|thinking_0|21|QUESTION_ADVANCE||285|24019d31-689e-482a-bfcb-abc7e0a2e654
2026-03-26 19:32:41|gemini|thinking_0|20|QUESTION_SENT||111|67b8d89c-4823-4a47-a273-f4219cb13fec
2026-03-26 19:33:19|gemini|thinking_0|20|JSON_VERIFIED||111|67b8d89c-4823-4a47-a273-f4219cb13fec
2026-03-26 19:33:19|gemini|thinking_0|20|QUESTION|113|111|67b8d89c-4823-4a47-a273-f4219cb13fec
2026-03-26 19:33:19|gemini|thinking_0|20|JSON_SAVED||111|67b8d89c-4823-4a47-a273-f4219cb13fec
2026-03-26 19:33:19|gemini|thinking_0|20|QUESTION_ADVANCE||112|46c7779d-50df-46e8-9b2b-bed8622d975b
2026-03-26 19:34:34|gemini|thinking_0|21|QUESTION_SENT||285|24019d31-689e-482a-bfcb-abc7e0a2e654
2026-03-26 19:35:10|gemini|thinking_0|21|JSON_VERIFIED||285|24019d31-689e-482a-bfcb-abc7e0a2e654
2026-03-26 19:35:10|gemini|thinking_0|21|QUESTION|135|285|24019d31-689e-482a-bfcb-abc7e0a2e654
2026-03-26 19:35:10|gemini|thinking_0|21|JSON_SAVED||285|24019d31-689e-482a-bfcb-abc7e0a2e654
2026-03-26 19:35:10|gemini|thinking_0|21|QUESTION_ADVANCE||286|3f7888b4-6252-4b43-a939-206f010d5092
2026-03-26 19:35:55|gemini|thinking_0|20|QUESTION_SENT||112|46c7779d-50df-46e8-9b2b-bed8622d975b
2026-03-26 19:36:30|gemini|thinking_0|20|JSON_VERIFIED||112|46c7779d-50df-46e8-9b2b-bed8622d975b
2026-03-26 19:36:30|gemini|thinking_0|20|QUESTION|114|112|46c7779d-50df-46e8-9b2b-bed8622d975b
2026-03-26 19:36:30|gemini|thinking_0|20|JSON_SAVED||112|46c7779d-50df-46e8-9b2b-bed8622d975b
2026-03-26 19:36:30|gemini|thinking_0|20|QUESTION_ADVANCE||113|ee996bcf-181d-4285-a0b4-df02a48e6a70
2026-03-26 19:37:49|gemini|thinking_0|21|QUESTION_SENT||286|3f7888b4-6252-4b43-a939-206f010d5092
2026-03-26 19:38:23|gemini|thinking_0|21|JSON_VERIFIED||286|3f7888b4-6252-4b43-a939-206f010d5092
2026-03-26 19:38:23|gemini|thinking_0|21|QUESTION|136|286|3f7888b4-6252-4b43-a939-206f010d5092
2026-03-26 19:38:23|gemini|thinking_0|21|JSON_SAVED||286|3f7888b4-6252-4b43-a939-206f010d5092
2026-03-26 19:38:23|gemini|thinking_0|21|QUESTION_ADVANCE||287|a3f07afc-94c2-42a4-adef-5c9599c9e2a3
2026-03-26 19:39:10|gemini|thinking_0|20|QUESTION_SENT||113|ee996bcf-181d-4285-a0b4-df02a48e6a70
2026-03-26 19:39:41|gemini|thinking_0|20|JSON_VERIFIED||113|ee996bcf-181d-4285-a0b4-df02a48e6a70
2026-03-26 19:39:41|gemini|thinking_0|20|QUESTION|115|113|ee996bcf-181d-4285-a0b4-df02a48e6a70
2026-03-26 19:39:41|gemini|thinking_0|20|JSON_SAVED||113|ee996bcf-181d-4285-a0b4-df02a48e6a70
2026-03-26 19:39:41|gemini|thinking_0|20|QUESTION_ADVANCE||114|b6c48c7a-ad90-4435-9ec8-f11bc803c828
2026-03-26 19:41:03|gemini|thinking_0|21|QUESTION_SENT||287|a3f07afc-94c2-42a4-adef-5c9599c9e2a3
2026-03-26 19:41:39|gemini|thinking_0|21|JSON_VERIFIED||287|a3f07afc-94c2-42a4-adef-5c9599c9e2a3
2026-03-26 19:41:39|gemini|thinking_0|21|QUESTION|137|287|a3f07afc-94c2-42a4-adef-5c9599c9e2a3
2026-03-26 19:41:39|gemini|thinking_0|21|JSON_SAVED||287|a3f07afc-94c2-42a4-adef-5c9599c9e2a3
2026-03-26 19:41:39|gemini|thinking_0|21|QUESTION_ADVANCE||288|0fa05f96-fb4a-43de-a182-d6ce26b22d7c
2026-03-26 19:42:25|gemini|thinking_0|20|QUESTION_SENT||114|b6c48c7a-ad90-4435-9ec8-f11bc803c828
2026-03-26 19:43:03|gemini|thinking_0|20|JSON_VERIFIED||114|b6c48c7a-ad90-4435-9ec8-f11bc803c828
2026-03-26 19:43:03|gemini|thinking_0|20|QUESTION|116|114|b6c48c7a-ad90-4435-9ec8-f11bc803c828
2026-03-26 19:43:03|gemini|thinking_0|20|JSON_SAVED||114|b6c48c7a-ad90-4435-9ec8-f11bc803c828
2026-03-26 19:43:03|gemini|thinking_0|20|QUESTION_ADVANCE||115|ed37ef4b-515c-47dd-9ae8-8ee5488abf9d
2026-03-26 19:44:18|gemini|thinking_0|21|QUESTION_SENT||288|0fa05f96-fb4a-43de-a182-d6ce26b22d7c
2026-03-26 19:44:55|gemini|thinking_0|21|JSON_VERIFIED||288|0fa05f96-fb4a-43de-a182-d6ce26b22d7c
2026-03-26 19:44:55|gemini|thinking_0|21|QUESTION|138|288|0fa05f96-fb4a-43de-a182-d6ce26b22d7c
2026-03-26 19:44:55|gemini|thinking_0|21|JSON_SAVED||288|0fa05f96-fb4a-43de-a182-d6ce26b22d7c
2026-03-26 19:44:55|gemini|thinking_0|21|QUESTION_ADVANCE||289|a6b0fb66-9abd-426f-a13a-3d9a56fca2f9
2026-03-26 19:45:40|gemini|thinking_0|20|QUESTION_SENT||115|ed37ef4b-515c-47dd-9ae8-8ee5488abf9d
2026-03-26 19:46:15|gemini|thinking_0|20|JSON_VERIFIED||115|ed37ef4b-515c-47dd-9ae8-8ee5488abf9d
2026-03-26 19:46:15|gemini|thinking_0|20|QUESTION|117|115|ed37ef4b-515c-47dd-9ae8-8ee5488abf9d
2026-03-26 19:46:15|gemini|thinking_0|20|JSON_SAVED||115|ed37ef4b-515c-47dd-9ae8-8ee5488abf9d
2026-03-26 19:46:15|gemini|thinking_0|20|QUESTION_ADVANCE||116|2ab9969b-c2ad-421d-b47a-e8d8104d11f6
2026-03-26 19:47:32|gemini|thinking_0|21|QUESTION_SENT||289|a6b0fb66-9abd-426f-a13a-3d9a56fca2f9
2026-03-26 19:48:08|gemini|thinking_0|21|JSON_VERIFIED||289|a6b0fb66-9abd-426f-a13a-3d9a56fca2f9
2026-03-26 19:48:08|gemini|thinking_0|21|QUESTION|139|289|a6b0fb66-9abd-426f-a13a-3d9a56fca2f9
2026-03-26 19:48:08|gemini|thinking_0|21|JSON_SAVED||289|a6b0fb66-9abd-426f-a13a-3d9a56fca2f9
2026-03-26 19:48:08|gemini|thinking_0|21|QUESTION_ADVANCE||290|6de677ec-217f-4788-9275-5a3961f5752c
2026-03-26 19:48:55|gemini|thinking_0|20|QUESTION_SENT||116|2ab9969b-c2ad-421d-b47a-e8d8104d11f6
2026-03-26 19:49:26|gemini|thinking_0|20|JSON_VERIFIED||116|2ab9969b-c2ad-421d-b47a-e8d8104d11f6
2026-03-26 19:49:26|gemini|thinking_0|20|QUESTION|118|116|2ab9969b-c2ad-421d-b47a-e8d8104d11f6
2026-03-26 19:49:26|gemini|thinking_0|20|JSON_SAVED||116|2ab9969b-c2ad-421d-b47a-e8d8104d11f6
2026-03-26 19:49:26|gemini|thinking_0|20|QUESTION_ADVANCE||117|d5043dce-bc0a-45cf-9ce3-577c1faa79b8
2026-03-26 19:50:47|gemini|thinking_0|21|QUESTION_SENT||290|6de677ec-217f-4788-9275-5a3961f5752c
2026-03-26 19:51:24|gemini|thinking_0|21|JSON_VERIFIED||290|6de677ec-217f-4788-9275-5a3961f5752c
2026-03-26 19:51:24|gemini|thinking_0|21|QUESTION|140|290|6de677ec-217f-4788-9275-5a3961f5752c
2026-03-26 19:51:24|gemini|thinking_0|21|JSON_SAVED||290|6de677ec-217f-4788-9275-5a3961f5752c
2026-03-26 19:51:24|gemini|thinking_0|21|QUESTION_ADVANCE||291|4e606339-fe25-4a70-88d4-c50bb189f423
2026-03-26 19:52:09|gemini|thinking_0|20|QUESTION_SENT||117|d5043dce-bc0a-45cf-9ce3-577c1faa79b8
2026-03-26 19:54:02|gemini|thinking_0|21|QUESTION_SENT||291|4e606339-fe25-4a70-88d4-c50bb189f423
2026-03-26 19:54:37|gemini|thinking_0|21|JSON_VERIFIED||291|4e606339-fe25-4a70-88d4-c50bb189f423
2026-03-26 19:54:37|gemini|thinking_0|21|QUESTION|141|291|4e606339-fe25-4a70-88d4-c50bb189f423
2026-03-26 19:54:37|gemini|thinking_0|21|JSON_SAVED||291|4e606339-fe25-4a70-88d4-c50bb189f423
2026-03-26 19:54:37|gemini|thinking_0|21|QUESTION_ADVANCE||292|c9ff16e0-5782-47c9-b17f-937b9028b158
2026-03-26 19:57:16|gemini|thinking_0|21|QUESTION_SENT||292|c9ff16e0-5782-47c9-b17f-937b9028b158
2026-03-26 19:57:52|gemini|thinking_0|21|JSON_VERIFIED||292|c9ff16e0-5782-47c9-b17f-937b9028b158
2026-03-26 19:57:52|gemini|thinking_0|21|QUESTION|142|292|c9ff16e0-5782-47c9-b17f-937b9028b158
2026-03-26 19:57:52|gemini|thinking_0|21|JSON_SAVED||292|c9ff16e0-5782-47c9-b17f-937b9028b158
2026-03-26 19:57:52|gemini|thinking_0|21|QUESTION_ADVANCE||293|472f8288-e0cd-4fc0-a48e-d38ff28e39e2
2026-03-26 20:00:31|gemini|thinking_0|21|QUESTION_SENT||293|472f8288-e0cd-4fc0-a48e-d38ff28e39e2
2026-03-26 20:01:11|gemini|thinking_0|21|JSON_VERIFIED||293|472f8288-e0cd-4fc0-a48e-d38ff28e39e2
2026-03-26 20:01:11|gemini|thinking_0|21|QUESTION|143|293|472f8288-e0cd-4fc0-a48e-d38ff28e39e2
2026-03-26 20:01:11|gemini|thinking_0|21|JSON_SAVED||293|472f8288-e0cd-4fc0-a48e-d38ff28e39e2
2026-03-26 20:01:11|gemini|thinking_0|21|QUESTION_ADVANCE||294|2917d63e-4660-493a-9249-6b595b394f24
2026-03-26 20:03:46|gemini|thinking_0|21|QUESTION_SENT||294|2917d63e-4660-493a-9249-6b595b394f24
2026-03-26 20:04:22|gemini|thinking_0|21|JSON_VERIFIED||294|2917d63e-4660-493a-9249-6b595b394f24
2026-03-26 20:04:22|gemini|thinking_0|21|QUESTION|144|294|2917d63e-4660-493a-9249-6b595b394f24
2026-03-26 20:04:22|gemini|thinking_0|21|JSON_SAVED||294|2917d63e-4660-493a-9249-6b595b394f24
2026-03-26 20:04:22|gemini|thinking_0|21|QUESTION_ADVANCE||295|ca3839bb-25d9-4721-88ad-2179c3d3e88f
2026-03-26 20:07:01|gemini|thinking_0|21|QUESTION_SENT||295|ca3839bb-25d9-4721-88ad-2179c3d3e88f
2026-03-26 20:07:42|gemini|thinking_0|21|JSON_VERIFIED||295|ca3839bb-25d9-4721-88ad-2179c3d3e88f
2026-03-26 20:07:42|gemini|thinking_0|21|QUESTION|145|295|ca3839bb-25d9-4721-88ad-2179c3d3e88f
2026-03-26 20:07:42|gemini|thinking_0|21|JSON_SAVED||295|ca3839bb-25d9-4721-88ad-2179c3d3e88f
2026-03-26 20:07:42|gemini|thinking_0|21|QUESTION_ADVANCE||296|58285416-9f88-4a89-801f-274ce00eca06
2026-03-26 20:08:36|gemini|thinking_0|20|QUESTION_SENT||117|d5043dce-bc0a-45cf-9ce3-577c1faa79b8
2026-03-26 20:09:11|gemini|thinking_0|20|JSON_VERIFIED||117|d5043dce-bc0a-45cf-9ce3-577c1faa79b8
2026-03-26 20:09:11|gemini|thinking_0|20|QUESTION|119|117|d5043dce-bc0a-45cf-9ce3-577c1faa79b8
2026-03-26 20:09:11|gemini|thinking_0|20|JSON_SAVED||117|d5043dce-bc0a-45cf-9ce3-577c1faa79b8
2026-03-26 20:09:11|gemini|thinking_0|20|QUESTION_ADVANCE||118|2f8b639a-d2ba-4a2e-a021-13563c5b9c3b
2026-03-26 20:10:16|gemini|thinking_0|21|QUESTION_SENT||296|58285416-9f88-4a89-801f-274ce00eca06
2026-03-26 20:10:53|gemini|thinking_0|21|JSON_VERIFIED||296|58285416-9f88-4a89-801f-274ce00eca06
2026-03-26 20:10:53|gemini|thinking_0|21|QUESTION|146|296|58285416-9f88-4a89-801f-274ce00eca06
2026-03-26 20:10:53|gemini|thinking_0|21|JSON_SAVED||296|58285416-9f88-4a89-801f-274ce00eca06
2026-03-26 20:10:53|gemini|thinking_0|21|QUESTION_ADVANCE||297|1d3181a6-70c0-4693-9620-73d9d16302c4
2026-03-26 20:11:51|gemini|thinking_0|20|QUESTION_SENT||118|2f8b639a-d2ba-4a2e-a021-13563c5b9c3b
2026-03-26 20:12:29|gemini|thinking_0|20|JSON_VERIFIED||118|2f8b639a-d2ba-4a2e-a021-13563c5b9c3b
2026-03-26 20:12:29|gemini|thinking_0|20|QUESTION|120|118|2f8b639a-d2ba-4a2e-a021-13563c5b9c3b
2026-03-26 20:12:29|gemini|thinking_0|20|JSON_SAVED||118|2f8b639a-d2ba-4a2e-a021-13563c5b9c3b
2026-03-26 20:12:29|gemini|thinking_0|20|QUESTION_ADVANCE||119|29efe3ca-7b51-4353-9322-8769f1cbfb78
2026-03-26 20:13:31|gemini|thinking_0|21|QUESTION_SENT||297|1d3181a6-70c0-4693-9620-73d9d16302c4
2026-03-26 20:14:05|gemini|thinking_0|21|JSON_VERIFIED||297|1d3181a6-70c0-4693-9620-73d9d16302c4
2026-03-26 20:14:05|gemini|thinking_0|21|QUESTION|147|297|1d3181a6-70c0-4693-9620-73d9d16302c4
2026-03-26 20:14:05|gemini|thinking_0|21|JSON_SAVED||297|1d3181a6-70c0-4693-9620-73d9d16302c4
2026-03-26 20:14:05|gemini|thinking_0|21|QUESTION_ADVANCE||298|01b2ea41-2919-4528-a06d-5f3e36a69b27
2026-03-26 20:15:05|gemini|thinking_0|20|QUESTION_SENT||119|29efe3ca-7b51-4353-9322-8769f1cbfb78
2026-03-26 20:16:45|gemini|thinking_0|21|QUESTION_SENT||298|01b2ea41-2919-4528-a06d-5f3e36a69b27
2026-03-26 20:17:22|gemini|thinking_0|21|JSON_VERIFIED||298|01b2ea41-2919-4528-a06d-5f3e36a69b27
2026-03-26 20:17:22|gemini|thinking_0|21|QUESTION|148|298|01b2ea41-2919-4528-a06d-5f3e36a69b27
2026-03-26 20:17:22|gemini|thinking_0|21|JSON_SAVED||298|01b2ea41-2919-4528-a06d-5f3e36a69b27
2026-03-26 20:17:22|gemini|thinking_0|21|QUESTION_ADVANCE||299|aee1423d-5c17-40ac-b0af-41fa41a271b9
2026-03-26 20:18:20|gemini|thinking_0|20|QUESTION_SENT||119|29efe3ca-7b51-4353-9322-8769f1cbfb78
2026-03-26 20:19:00|gemini|thinking_0|20|JSON_VERIFIED||119|29efe3ca-7b51-4353-9322-8769f1cbfb78
2026-03-26 20:19:00|gemini|thinking_0|20|QUESTION|121|119|29efe3ca-7b51-4353-9322-8769f1cbfb78
2026-03-26 20:19:00|gemini|thinking_0|20|JSON_SAVED||119|29efe3ca-7b51-4353-9322-8769f1cbfb78
2026-03-26 20:19:00|gemini|thinking_0|20|QUESTION_ADVANCE||120|1fb06589-1ca2-4ae4-b528-446f6f513312
2026-03-26 20:20:00|gemini|thinking_0|21|QUESTION_SENT||299|aee1423d-5c17-40ac-b0af-41fa41a271b9
2026-03-26 20:20:31|gemini|thinking_0|21|JSON_VERIFIED||299|aee1423d-5c17-40ac-b0af-41fa41a271b9
2026-03-26 20:20:31|gemini|thinking_0|21|QUESTION|149|299|aee1423d-5c17-40ac-b0af-41fa41a271b9
2026-03-26 20:20:31|gemini|thinking_0|21|JSON_SAVED||299|aee1423d-5c17-40ac-b0af-41fa41a271b9
2026-03-26 20:20:31|gemini|thinking_0|21|QUESTION_ADVANCE||300|328406f9-1145-44d1-a55d-18e525a4625a
2026-03-26 20:21:35|gemini|thinking_0|20|QUESTION_SENT||120|1fb06589-1ca2-4ae4-b528-446f6f513312
2026-03-26 20:22:09|gemini|thinking_0|20|JSON_VERIFIED||120|1fb06589-1ca2-4ae4-b528-446f6f513312
2026-03-26 20:22:09|gemini|thinking_0|20|QUESTION|122|120|1fb06589-1ca2-4ae4-b528-446f6f513312
2026-03-26 20:22:09|gemini|thinking_0|20|JSON_SAVED||120|1fb06589-1ca2-4ae4-b528-446f6f513312
2026-03-26 20:22:09|gemini|thinking_0|20|QUESTION_ADVANCE||121|456b036b-de2d-40d1-9900-d253fe6e1cd1
2026-03-26 20:23:15|gemini|thinking_0|21|QUESTION_SENT||300|328406f9-1145-44d1-a55d-18e525a4625a
2026-03-26 20:24:00|gemini|thinking_0|21|JSON_VERIFIED||300|328406f9-1145-44d1-a55d-18e525a4625a
2026-03-26 20:24:00|gemini|thinking_0|21|QUESTION|150|300|328406f9-1145-44d1-a55d-18e525a4625a
2026-03-26 20:24:00|gemini|thinking_0|21|JSON_SAVED||300|328406f9-1145-44d1-a55d-18e525a4625a
2026-03-26 20:24:01|gemini|thinking_0|21|STOP||301|
2026-03-26 20:24:49|gemini|thinking_0|20|QUESTION_SENT||121|456b036b-de2d-40d1-9900-d253fe6e1cd1
2026-03-26 20:25:25|gemini|thinking_0|20|JSON_VERIFIED||121|456b036b-de2d-40d1-9900-d253fe6e1cd1
2026-03-26 20:25:25|gemini|thinking_0|20|QUESTION|123|121|456b036b-de2d-40d1-9900-d253fe6e1cd1
2026-03-26 20:25:25|gemini|thinking_0|20|JSON_SAVED||121|456b036b-de2d-40d1-9900-d253fe6e1cd1
2026-03-26 20:25:25|gemini|thinking_0|20|QUESTION_ADVANCE||122|415aeb97-59e1-40c6-bb33-aaeaab994fef
2026-03-26 20:28:04|gemini|thinking_0|20|QUESTION_SENT||122|415aeb97-59e1-40c6-bb33-aaeaab994fef
2026-03-26 20:28:39|gemini|thinking_0|20|JSON_VERIFIED||122|415aeb97-59e1-40c6-bb33-aaeaab994fef
2026-03-26 20:28:39|gemini|thinking_0|20|QUESTION|124|122|415aeb97-59e1-40c6-bb33-aaeaab994fef
2026-03-26 20:28:39|gemini|thinking_0|20|JSON_SAVED||122|415aeb97-59e1-40c6-bb33-aaeaab994fef
2026-03-26 20:28:39|gemini|thinking_0|20|QUESTION_ADVANCE||123|f3685fd6-b495-428c-8486-086e2de83052
2026-03-26 20:31:18|gemini|thinking_0|20|QUESTION_SENT||123|f3685fd6-b495-428c-8486-086e2de83052
2026-03-26 20:31:51|gemini|thinking_0|20|JSON_VERIFIED||123|f3685fd6-b495-428c-8486-086e2de83052
2026-03-26 20:31:51|gemini|thinking_0|20|QUESTION|125|123|f3685fd6-b495-428c-8486-086e2de83052
2026-03-26 20:31:51|gemini|thinking_0|20|JSON_SAVED||123|f3685fd6-b495-428c-8486-086e2de83052
2026-03-26 20:31:51|gemini|thinking_0|20|QUESTION_ADVANCE||124|798442af-c31c-4742-8aac-e752dd4ffebd
2026-03-26 20:34:33|gemini|thinking_0|20|QUESTION_SENT||124|798442af-c31c-4742-8aac-e752dd4ffebd
2026-03-26 20:35:03|gemini|thinking_0|20|JSON_VERIFIED||124|798442af-c31c-4742-8aac-e752dd4ffebd
2026-03-26 20:35:03|gemini|thinking_0|20|QUESTION|126|124|798442af-c31c-4742-8aac-e752dd4ffebd
2026-03-26 20:35:03|gemini|thinking_0|20|JSON_SAVED||124|798442af-c31c-4742-8aac-e752dd4ffebd
2026-03-26 20:35:03|gemini|thinking_0|20|QUESTION_ADVANCE||125|b3016107-d2d3-4c59-879b-a905d5a04b78
2026-03-26 20:37:48|gemini|thinking_0|20|QUESTION_SENT||125|b3016107-d2d3-4c59-879b-a905d5a04b78
2026-03-26 20:38:20|gemini|thinking_0|20|JSON_VERIFIED||125|b3016107-d2d3-4c59-879b-a905d5a04b78
2026-03-26 20:38:20|gemini|thinking_0|20|QUESTION|127|125|b3016107-d2d3-4c59-879b-a905d5a04b78
2026-03-26 20:38:20|gemini|thinking_0|20|JSON_SAVED||125|b3016107-d2d3-4c59-879b-a905d5a04b78
2026-03-26 20:38:20|gemini|thinking_0|20|QUESTION_ADVANCE||126|908dd1ed-a9a1-4e8e-8b75-6bc267c19ba7
2026-03-26 20:41:02|gemini|thinking_0|20|QUESTION_SENT||126|908dd1ed-a9a1-4e8e-8b75-6bc267c19ba7
2026-03-26 20:41:46|gemini|thinking_0|20|JSON_VERIFIED||126|908dd1ed-a9a1-4e8e-8b75-6bc267c19ba7
2026-03-26 20:41:46|gemini|thinking_0|20|QUESTION|128|126|908dd1ed-a9a1-4e8e-8b75-6bc267c19ba7
2026-03-26 20:41:46|gemini|thinking_0|20|JSON_SAVED||126|908dd1ed-a9a1-4e8e-8b75-6bc267c19ba7
2026-03-26 20:41:46|gemini|thinking_0|20|QUESTION_ADVANCE||127|17cedc24-bfd4-4bc9-aabc-5bec81aeb7ab
2026-03-26 20:44:17|gemini|thinking_0|20|QUESTION_SENT||127|17cedc24-bfd4-4bc9-aabc-5bec81aeb7ab
2026-03-26 20:44:54|gemini|thinking_0|20|JSON_VERIFIED||127|17cedc24-bfd4-4bc9-aabc-5bec81aeb7ab
2026-03-26 20:44:54|gemini|thinking_0|20|QUESTION|129|127|17cedc24-bfd4-4bc9-aabc-5bec81aeb7ab
2026-03-26 20:44:54|gemini|thinking_0|20|JSON_SAVED||127|17cedc24-bfd4-4bc9-aabc-5bec81aeb7ab
2026-03-26 20:44:54|gemini|thinking_0|20|QUESTION_ADVANCE||128|2f3d1c2d-84f2-4ddb-8da5-a3ea5c73a0e8
2026-03-26 20:47:31|gemini|thinking_0|20|QUESTION_SENT||128|2f3d1c2d-84f2-4ddb-8da5-a3ea5c73a0e8
2026-03-26 20:48:06|gemini|thinking_0|20|JSON_VERIFIED||128|2f3d1c2d-84f2-4ddb-8da5-a3ea5c73a0e8
2026-03-26 20:48:06|gemini|thinking_0|20|QUESTION|130|128|2f3d1c2d-84f2-4ddb-8da5-a3ea5c73a0e8
2026-03-26 20:48:06|gemini|thinking_0|20|JSON_SAVED||128|2f3d1c2d-84f2-4ddb-8da5-a3ea5c73a0e8
2026-03-26 20:48:06|gemini|thinking_0|20|QUESTION_ADVANCE||129|79884f15-6638-43be-b9a0-4bdf899e25b9
2026-03-26 20:50:46|gemini|thinking_0|20|QUESTION_SENT||129|79884f15-6638-43be-b9a0-4bdf899e25b9
2026-03-26 20:51:22|gemini|thinking_0|20|JSON_VERIFIED||129|79884f15-6638-43be-b9a0-4bdf899e25b9
2026-03-26 20:51:22|gemini|thinking_0|20|QUESTION|131|129|79884f15-6638-43be-b9a0-4bdf899e25b9
2026-03-26 20:51:22|gemini|thinking_0|20|JSON_SAVED||129|79884f15-6638-43be-b9a0-4bdf899e25b9
2026-03-26 20:51:22|gemini|thinking_0|20|QUESTION_ADVANCE||130|4dd89cde-4d2d-4b47-8903-981b7ac3a964
2026-03-26 20:54:01|gemini|thinking_0|20|QUESTION_SENT||130|4dd89cde-4d2d-4b47-8903-981b7ac3a964
2026-03-26 20:54:33|gemini|thinking_0|20|JSON_VERIFIED||130|4dd89cde-4d2d-4b47-8903-981b7ac3a964
2026-03-26 20:54:33|gemini|thinking_0|20|QUESTION|132|130|4dd89cde-4d2d-4b47-8903-981b7ac3a964
2026-03-26 20:54:33|gemini|thinking_0|20|JSON_SAVED||130|4dd89cde-4d2d-4b47-8903-981b7ac3a964
2026-03-26 20:54:33|gemini|thinking_0|20|QUESTION_ADVANCE||131|939d9f66-458e-4331-8086-f7bf6924569a
2026-03-26 20:57:15|gemini|thinking_0|20|QUESTION_SENT||131|939d9f66-458e-4331-8086-f7bf6924569a
2026-03-26 20:57:49|gemini|thinking_0|20|JSON_VERIFIED||131|939d9f66-458e-4331-8086-f7bf6924569a
2026-03-26 20:57:49|gemini|thinking_0|20|QUESTION|133|131|939d9f66-458e-4331-8086-f7bf6924569a
2026-03-26 20:57:49|gemini|thinking_0|20|JSON_SAVED||131|939d9f66-458e-4331-8086-f7bf6924569a
2026-03-26 20:57:49|gemini|thinking_0|20|QUESTION_ADVANCE||132|671b57d2-9d03-4e9c-80ce-e38acd00c666
2026-03-26 21:00:30|gemini|thinking_0|20|QUESTION_SENT||132|671b57d2-9d03-4e9c-80ce-e38acd00c666
2026-03-26 21:01:10|gemini|thinking_0|20|JSON_VERIFIED||132|671b57d2-9d03-4e9c-80ce-e38acd00c666
2026-03-26 21:01:10|gemini|thinking_0|20|QUESTION|134|132|671b57d2-9d03-4e9c-80ce-e38acd00c666
2026-03-26 21:01:10|gemini|thinking_0|20|JSON_SAVED||132|671b57d2-9d03-4e9c-80ce-e38acd00c666
2026-03-26 21:01:10|gemini|thinking_0|20|QUESTION_ADVANCE||133|25bf9d37-ab95-4d0d-8d93-64c467298077
2026-03-26 21:03:45|gemini|thinking_0|20|QUESTION_SENT||133|25bf9d37-ab95-4d0d-8d93-64c467298077
2026-03-26 21:04:19|gemini|thinking_0|20|JSON_VERIFIED||133|25bf9d37-ab95-4d0d-8d93-64c467298077
2026-03-26 21:04:19|gemini|thinking_0|20|QUESTION|135|133|25bf9d37-ab95-4d0d-8d93-64c467298077
2026-03-26 21:04:19|gemini|thinking_0|20|JSON_SAVED||133|25bf9d37-ab95-4d0d-8d93-64c467298077
2026-03-26 21:04:19|gemini|thinking_0|20|QUESTION_ADVANCE||134|c78da01c-01b6-4582-aa59-be90676fa61b
2026-03-26 21:06:59|gemini|thinking_0|20|QUESTION_SENT||134|c78da01c-01b6-4582-aa59-be90676fa61b
2026-03-26 21:07:40|gemini|thinking_0|20|JSON_VERIFIED||134|c78da01c-01b6-4582-aa59-be90676fa61b
2026-03-26 21:07:40|gemini|thinking_0|20|QUESTION|136|134|c78da01c-01b6-4582-aa59-be90676fa61b
2026-03-26 21:07:40|gemini|thinking_0|20|JSON_SAVED||134|c78da01c-01b6-4582-aa59-be90676fa61b
2026-03-26 21:07:40|gemini|thinking_0|20|QUESTION_ADVANCE||135|140adf83-036a-4258-bae5-c01ad82567bd
2026-03-26 21:10:14|gemini|thinking_0|20|QUESTION_SENT||135|140adf83-036a-4258-bae5-c01ad82567bd
2026-03-26 21:13:28|gemini|thinking_0|20|QUESTION_SENT||135|140adf83-036a-4258-bae5-c01ad82567bd
2026-03-26 21:16:43|gemini|thinking_0|20|QUESTION_SENT||135|140adf83-036a-4258-bae5-c01ad82567bd
2026-03-26 21:17:20|gemini|thinking_0|20|JSON_VERIFIED||135|140adf83-036a-4258-bae5-c01ad82567bd
2026-03-26 21:17:20|gemini|thinking_0|20|QUESTION|137|135|140adf83-036a-4258-bae5-c01ad82567bd
2026-03-26 21:17:20|gemini|thinking_0|20|JSON_SAVED||135|140adf83-036a-4258-bae5-c01ad82567bd
2026-03-26 21:17:20|gemini|thinking_0|20|QUESTION_ADVANCE||136|a8535e51-1a56-46f4-aa21-c186b0d4edd5
2026-03-26 21:19:58|gemini|thinking_0|20|QUESTION_SENT||136|a8535e51-1a56-46f4-aa21-c186b0d4edd5
2026-03-26 21:20:31|gemini|thinking_0|20|JSON_VERIFIED||136|a8535e51-1a56-46f4-aa21-c186b0d4edd5
2026-03-26 21:20:31|gemini|thinking_0|20|QUESTION|138|136|a8535e51-1a56-46f4-aa21-c186b0d4edd5
2026-03-26 21:20:31|gemini|thinking_0|20|JSON_SAVED||136|a8535e51-1a56-46f4-aa21-c186b0d4edd5
2026-03-26 21:20:31|gemini|thinking_0|20|QUESTION_ADVANCE||137|76f78507-6950-45ec-a043-a71d37d7f26a
2026-03-26 21:23:13|gemini|thinking_0|20|QUESTION_SENT||137|76f78507-6950-45ec-a043-a71d37d7f26a
2026-03-26 21:26:27|gemini|thinking_0|20|QUESTION_SENT||137|76f78507-6950-45ec-a043-a71d37d7f26a
2026-03-26 21:27:03|gemini|thinking_0|20|JSON_VERIFIED||137|76f78507-6950-45ec-a043-a71d37d7f26a
2026-03-26 21:27:03|gemini|thinking_0|20|QUESTION|139|137|76f78507-6950-45ec-a043-a71d37d7f26a
2026-03-26 21:27:03|gemini|thinking_0|20|JSON_SAVED||137|76f78507-6950-45ec-a043-a71d37d7f26a
2026-03-26 21:27:03|gemini|thinking_0|20|QUESTION_ADVANCE||138|d6b48a37-f80b-4e1a-b0ac-48fad9b23918
2026-03-26 21:29:42|gemini|thinking_0|20|QUESTION_SENT||138|d6b48a37-f80b-4e1a-b0ac-48fad9b23918
2026-03-26 21:30:22|gemini|thinking_0|20|JSON_VERIFIED||138|d6b48a37-f80b-4e1a-b0ac-48fad9b23918
2026-03-26 21:30:22|gemini|thinking_0|20|QUESTION|140|138|d6b48a37-f80b-4e1a-b0ac-48fad9b23918
2026-03-26 21:30:22|gemini|thinking_0|20|JSON_SAVED||138|d6b48a37-f80b-4e1a-b0ac-48fad9b23918
2026-03-26 21:30:22|gemini|thinking_0|20|QUESTION_ADVANCE||139|eec0b5ab-9a66-4ea8-a4b2-8e08fad82fea
2026-03-26 21:32:57|gemini|thinking_0|20|QUESTION_SENT||139|eec0b5ab-9a66-4ea8-a4b2-8e08fad82fea
2026-03-26 21:33:47|gemini|thinking_0|20|JSON_VERIFIED||139|eec0b5ab-9a66-4ea8-a4b2-8e08fad82fea
2026-03-26 21:33:47|gemini|thinking_0|20|QUESTION|141|139|eec0b5ab-9a66-4ea8-a4b2-8e08fad82fea
2026-03-26 21:33:47|gemini|thinking_0|20|JSON_SAVED||139|eec0b5ab-9a66-4ea8-a4b2-8e08fad82fea
2026-03-26 21:33:47|gemini|thinking_0|20|QUESTION_ADVANCE||140|dd30fcd0-779f-4fcc-9d74-f1cbd2c3c5a0
2026-03-26 21:36:12|gemini|thinking_0|20|QUESTION_SENT||140|dd30fcd0-779f-4fcc-9d74-f1cbd2c3c5a0
2026-03-26 21:36:37|gemini|thinking_0|21|RESTART||301|4fe75a44-4e2c-45a9-a835-604aa605139c
2026-03-26 21:36:54|gemini|thinking_0|20|JSON_VERIFIED||140|dd30fcd0-779f-4fcc-9d74-f1cbd2c3c5a0
2026-03-26 21:36:54|gemini|thinking_0|20|QUESTION|142|140|dd30fcd0-779f-4fcc-9d74-f1cbd2c3c5a0
2026-03-26 21:36:54|gemini|thinking_0|20|JSON_SAVED||140|dd30fcd0-779f-4fcc-9d74-f1cbd2c3c5a0
2026-03-26 21:36:54|gemini|thinking_0|20|QUESTION_ADVANCE||141|7733961a-6e5d-4a88-8326-0abd956381c6
2026-03-26 21:37:49|gemini|thinking_0|21|QUESTION_SENT||301|4fe75a44-4e2c-45a9-a835-604aa605139c
2026-03-26 21:38:33|gemini|thinking_0|21|JSON_VERIFIED||301|4fe75a44-4e2c-45a9-a835-604aa605139c
2026-03-26 21:38:33|gemini|thinking_0|21|QUESTION|1|301|4fe75a44-4e2c-45a9-a835-604aa605139c
2026-03-26 21:38:33|gemini|thinking_0|21|JSON_SAVED||301|4fe75a44-4e2c-45a9-a835-604aa605139c
2026-03-26 21:38:33|gemini|thinking_0|21|QUESTION_ADVANCE||302|1995eafd-29c5-4116-902f-f858c624093c
2026-03-26 21:39:26|gemini|thinking_0|20|QUESTION_SENT||141|7733961a-6e5d-4a88-8326-0abd956381c6
2026-03-26 21:40:09|gemini|thinking_0|20|JSON_VERIFIED||141|7733961a-6e5d-4a88-8326-0abd956381c6
2026-03-26 21:40:09|gemini|thinking_0|20|QUESTION|143|141|7733961a-6e5d-4a88-8326-0abd956381c6
2026-03-26 21:40:09|gemini|thinking_0|20|JSON_SAVED||141|7733961a-6e5d-4a88-8326-0abd956381c6
2026-03-26 21:40:09|gemini|thinking_0|20|QUESTION_ADVANCE||142|d610f389-7c54-4d12-a6c3-ca8be24354c5
2026-03-26 21:41:04|gemini|thinking_0|21|QUESTION_SENT||302|1995eafd-29c5-4116-902f-f858c624093c
2026-03-26 21:41:42|gemini|thinking_0|21|JSON_VERIFIED||302|1995eafd-29c5-4116-902f-f858c624093c
2026-03-26 21:41:42|gemini|thinking_0|21|QUESTION|2|302|1995eafd-29c5-4116-902f-f858c624093c
2026-03-26 21:41:42|gemini|thinking_0|21|JSON_SAVED||302|1995eafd-29c5-4116-902f-f858c624093c
2026-03-26 21:41:42|gemini|thinking_0|21|QUESTION_ADVANCE||303|4943f713-bf6f-4473-a7a8-aac9facc4739
2026-03-26 21:42:41|gemini|thinking_0|20|QUESTION_SENT||142|d610f389-7c54-4d12-a6c3-ca8be24354c5
2026-03-26 21:43:13|gemini|thinking_0|20|JSON_VERIFIED||142|d610f389-7c54-4d12-a6c3-ca8be24354c5
2026-03-26 21:43:13|gemini|thinking_0|20|QUESTION|144|142|d610f389-7c54-4d12-a6c3-ca8be24354c5
2026-03-26 21:43:13|gemini|thinking_0|20|JSON_SAVED||142|d610f389-7c54-4d12-a6c3-ca8be24354c5
2026-03-26 21:43:13|gemini|thinking_0|20|QUESTION_ADVANCE||143|e62dd490-1967-4656-9623-313db927c20c
2026-03-26 21:44:19|gemini|thinking_0|21|QUESTION_SENT||303|4943f713-bf6f-4473-a7a8-aac9facc4739
2026-03-26 21:44:56|gemini|thinking_0|21|JSON_VERIFIED||303|4943f713-bf6f-4473-a7a8-aac9facc4739
2026-03-26 21:44:56|gemini|thinking_0|21|QUESTION|3|303|4943f713-bf6f-4473-a7a8-aac9facc4739
2026-03-26 21:44:56|gemini|thinking_0|21|JSON_SAVED||303|4943f713-bf6f-4473-a7a8-aac9facc4739
2026-03-26 21:44:56|gemini|thinking_0|21|QUESTION_ADVANCE||304|9b151ea1-e530-4e4d-b60c-e68fde21a534
2026-03-26 21:45:55|gemini|thinking_0|20|QUESTION_SENT||143|e62dd490-1967-4656-9623-313db927c20c
2026-03-26 21:46:27|gemini|thinking_0|20|JSON_VERIFIED||143|e62dd490-1967-4656-9623-313db927c20c
2026-03-26 21:46:27|gemini|thinking_0|20|QUESTION|145|143|e62dd490-1967-4656-9623-313db927c20c
2026-03-26 21:46:27|gemini|thinking_0|20|JSON_SAVED||143|e62dd490-1967-4656-9623-313db927c20c
2026-03-26 21:46:27|gemini|thinking_0|20|QUESTION_ADVANCE||144|6ccb473e-4119-4d09-973c-80b9a6bca560
2026-03-26 21:47:34|gemini|thinking_0|21|QUESTION_SENT||304|9b151ea1-e530-4e4d-b60c-e68fde21a534
2026-03-26 21:48:05|gemini|thinking_0|21|JSON_VERIFIED||304|9b151ea1-e530-4e4d-b60c-e68fde21a534
2026-03-26 21:48:05|gemini|thinking_0|21|QUESTION|4|304|9b151ea1-e530-4e4d-b60c-e68fde21a534
2026-03-26 21:48:05|gemini|thinking_0|21|JSON_SAVED||304|9b151ea1-e530-4e4d-b60c-e68fde21a534
2026-03-26 21:48:05|gemini|thinking_0|21|QUESTION_ADVANCE||305|15455ec9-23d8-4875-866a-2c9fc4acf291
2026-03-26 21:49:10|gemini|thinking_0|20|QUESTION_SENT||144|6ccb473e-4119-4d09-973c-80b9a6bca560
2026-03-26 21:50:48|gemini|thinking_0|21|QUESTION_SENT||305|15455ec9-23d8-4875-866a-2c9fc4acf291
2026-03-26 21:51:22|gemini|thinking_0|21|JSON_VERIFIED||305|15455ec9-23d8-4875-866a-2c9fc4acf291
2026-03-26 21:51:22|gemini|thinking_0|21|QUESTION|5|305|15455ec9-23d8-4875-866a-2c9fc4acf291
2026-03-26 21:51:22|gemini|thinking_0|21|JSON_SAVED||305|15455ec9-23d8-4875-866a-2c9fc4acf291
2026-03-26 21:51:22|gemini|thinking_0|21|QUESTION_ADVANCE||306|618406db-73f3-4b80-9d88-215731416369
2026-03-26 21:52:25|gemini|thinking_0|20|QUESTION_SENT||144|6ccb473e-4119-4d09-973c-80b9a6bca560
2026-03-26 21:52:59|gemini|thinking_0|20|JSON_VERIFIED||144|6ccb473e-4119-4d09-973c-80b9a6bca560
2026-03-26 21:52:59|gemini|thinking_0|20|QUESTION|146|144|6ccb473e-4119-4d09-973c-80b9a6bca560
2026-03-26 21:52:59|gemini|thinking_0|20|JSON_SAVED||144|6ccb473e-4119-4d09-973c-80b9a6bca560
2026-03-26 21:52:59|gemini|thinking_0|20|QUESTION_ADVANCE||145|17ec5174-01b5-4e29-a618-a7e14fcb2841
2026-03-26 21:54:03|gemini|thinking_0|21|QUESTION_SENT||306|618406db-73f3-4b80-9d88-215731416369
2026-03-26 21:54:34|gemini|thinking_0|21|JSON_VERIFIED||306|618406db-73f3-4b80-9d88-215731416369
2026-03-26 21:54:34|gemini|thinking_0|21|QUESTION|6|306|618406db-73f3-4b80-9d88-215731416369
2026-03-26 21:54:34|gemini|thinking_0|21|JSON_SAVED||306|618406db-73f3-4b80-9d88-215731416369
2026-03-26 21:54:34|gemini|thinking_0|21|QUESTION_ADVANCE||307|af7de888-7b5e-459c-91fe-9c3560a5bf34
2026-03-26 21:55:39|gemini|thinking_0|20|QUESTION_SENT||145|17ec5174-01b5-4e29-a618-a7e14fcb2841
2026-03-26 21:56:14|gemini|thinking_0|20|JSON_VERIFIED||145|17ec5174-01b5-4e29-a618-a7e14fcb2841
2026-03-26 21:56:14|gemini|thinking_0|20|QUESTION|147|145|17ec5174-01b5-4e29-a618-a7e14fcb2841
2026-03-26 21:56:14|gemini|thinking_0|20|JSON_SAVED||145|17ec5174-01b5-4e29-a618-a7e14fcb2841
2026-03-26 21:56:14|gemini|thinking_0|20|QUESTION_ADVANCE||146|627c5000-6437-436d-90ac-17d6fedbba99
2026-03-26 21:57:17|gemini|thinking_0|21|QUESTION_SENT||307|af7de888-7b5e-459c-91fe-9c3560a5bf34
2026-03-26 21:57:53|gemini|thinking_0|21|JSON_VERIFIED||307|af7de888-7b5e-459c-91fe-9c3560a5bf34
2026-03-26 21:57:53|gemini|thinking_0|21|QUESTION|7|307|af7de888-7b5e-459c-91fe-9c3560a5bf34
2026-03-26 21:57:53|gemini|thinking_0|21|JSON_SAVED||307|af7de888-7b5e-459c-91fe-9c3560a5bf34
2026-03-26 21:57:53|gemini|thinking_0|21|QUESTION_ADVANCE||308|968242be-2a6b-499a-b263-8c5d989ba960
2026-03-26 21:58:54|gemini|thinking_0|20|QUESTION_SENT||146|627c5000-6437-436d-90ac-17d6fedbba99
2026-03-26 21:59:32|gemini|thinking_0|20|JSON_VERIFIED||146|627c5000-6437-436d-90ac-17d6fedbba99
2026-03-26 21:59:32|gemini|thinking_0|20|QUESTION|148|146|627c5000-6437-436d-90ac-17d6fedbba99
2026-03-26 21:59:32|gemini|thinking_0|20|JSON_SAVED||146|627c5000-6437-436d-90ac-17d6fedbba99
2026-03-26 21:59:32|gemini|thinking_0|20|QUESTION_ADVANCE||147|1726ece0-7851-4e06-a759-6017c716f7c2
2026-03-26 22:00:32|gemini|thinking_0|21|QUESTION_SENT||308|968242be-2a6b-499a-b263-8c5d989ba960
2026-03-26 22:01:09|gemini|thinking_0|21|JSON_VERIFIED||308|968242be-2a6b-499a-b263-8c5d989ba960
2026-03-26 22:01:09|gemini|thinking_0|21|QUESTION|8|308|968242be-2a6b-499a-b263-8c5d989ba960
2026-03-26 22:01:09|gemini|thinking_0|21|JSON_SAVED||308|968242be-2a6b-499a-b263-8c5d989ba960
2026-03-26 22:01:09|gemini|thinking_0|21|QUESTION_ADVANCE||309|b649d805-4894-45c4-9f9d-5374c6f94a05
2026-03-26 22:02:09|gemini|thinking_0|20|QUESTION_SENT||147|1726ece0-7851-4e06-a759-6017c716f7c2
2026-03-26 22:03:47|gemini|thinking_0|21|QUESTION_SENT||309|b649d805-4894-45c4-9f9d-5374c6f94a05
2026-03-26 22:04:17|gemini|thinking_0|21|JSON_VERIFIED||309|b649d805-4894-45c4-9f9d-5374c6f94a05
2026-03-26 22:04:17|gemini|thinking_0|21|QUESTION|9|309|b649d805-4894-45c4-9f9d-5374c6f94a05
2026-03-26 22:04:17|gemini|thinking_0|21|JSON_SAVED||309|b649d805-4894-45c4-9f9d-5374c6f94a05
2026-03-26 22:04:17|gemini|thinking_0|21|QUESTION_ADVANCE||310|457da02c-1d40-44b6-bcc8-f02dde7733db
2026-03-26 22:05:24|gemini|thinking_0|20|QUESTION_SENT||147|1726ece0-7851-4e06-a759-6017c716f7c2
2026-03-26 22:05:56|gemini|thinking_0|20|JSON_VERIFIED||147|1726ece0-7851-4e06-a759-6017c716f7c2
2026-03-26 22:05:56|gemini|thinking_0|20|QUESTION|149|147|1726ece0-7851-4e06-a759-6017c716f7c2
2026-03-26 22:05:56|gemini|thinking_0|20|JSON_SAVED||147|1726ece0-7851-4e06-a759-6017c716f7c2
2026-03-26 22:05:56|gemini|thinking_0|20|QUESTION_ADVANCE||148|af108fa7-c0bc-410a-b394-7b5df89dfc8c
2026-03-26 22:07:02|gemini|thinking_0|21|QUESTION_SENT||310|457da02c-1d40-44b6-bcc8-f02dde7733db
2026-03-26 22:07:36|gemini|thinking_0|21|JSON_VERIFIED||310|457da02c-1d40-44b6-bcc8-f02dde7733db
2026-03-26 22:07:36|gemini|thinking_0|21|QUESTION|10|310|457da02c-1d40-44b6-bcc8-f02dde7733db
2026-03-26 22:07:36|gemini|thinking_0|21|JSON_SAVED||310|457da02c-1d40-44b6-bcc8-f02dde7733db
2026-03-26 22:07:36|gemini|thinking_0|21|QUESTION_ADVANCE||311|2c6a1fed-a9bc-4ba8-8e17-b644e65b22cc
2026-03-26 22:08:38|gemini|thinking_0|20|QUESTION_SENT||148|af108fa7-c0bc-410a-b394-7b5df89dfc8c
2026-03-26 22:09:08|gemini|thinking_0|20|JSON_VERIFIED||148|af108fa7-c0bc-410a-b394-7b5df89dfc8c
2026-03-26 22:09:08|gemini|thinking_0|20|QUESTION|150|148|af108fa7-c0bc-410a-b394-7b5df89dfc8c
2026-03-26 22:09:08|gemini|thinking_0|20|JSON_SAVED||148|af108fa7-c0bc-410a-b394-7b5df89dfc8c
2026-03-26 22:09:08|gemini|thinking_0|20|QUESTION_ADVANCE||149|8383deb6-d57b-47bc-ba73-54b927a0f2b9
2026-03-26 22:10:17|gemini|thinking_0|21|QUESTION_SENT||311|2c6a1fed-a9bc-4ba8-8e17-b644e65b22cc
2026-03-26 22:10:48|gemini|thinking_0|21|JSON_VERIFIED||311|2c6a1fed-a9bc-4ba8-8e17-b644e65b22cc
2026-03-26 22:10:48|gemini|thinking_0|21|QUESTION|11|311|2c6a1fed-a9bc-4ba8-8e17-b644e65b22cc
2026-03-26 22:10:48|gemini|thinking_0|21|JSON_SAVED||311|2c6a1fed-a9bc-4ba8-8e17-b644e65b22cc
2026-03-26 22:10:48|gemini|thinking_0|21|QUESTION_ADVANCE||312|a57c1fe7-b4bb-4ed2-8eaf-939c4a5496d0
2026-03-26 22:11:53|gemini|thinking_0|20|QUESTION_SENT||149|8383deb6-d57b-47bc-ba73-54b927a0f2b9
2026-03-26 22:12:27|gemini|thinking_0|20|JSON_VERIFIED||149|8383deb6-d57b-47bc-ba73-54b927a0f2b9
2026-03-26 22:12:27|gemini|thinking_0|20|QUESTION|151|149|8383deb6-d57b-47bc-ba73-54b927a0f2b9
2026-03-26 22:12:27|gemini|thinking_0|20|JSON_SAVED||149|8383deb6-d57b-47bc-ba73-54b927a0f2b9
2026-03-26 22:12:27|gemini|thinking_0|20|QUESTION_ADVANCE||150|72a74e1e-2e57-4500-84b4-18267cc4b76b
2026-03-26 22:13:31|gemini|thinking_0|21|QUESTION_SENT||312|a57c1fe7-b4bb-4ed2-8eaf-939c4a5496d0
2026-03-26 22:14:01|gemini|thinking_0|21|JSON_VERIFIED||312|a57c1fe7-b4bb-4ed2-8eaf-939c4a5496d0
2026-03-26 22:14:01|gemini|thinking_0|21|QUESTION|12|312|a57c1fe7-b4bb-4ed2-8eaf-939c4a5496d0
2026-03-26 22:14:01|gemini|thinking_0|21|JSON_SAVED||312|a57c1fe7-b4bb-4ed2-8eaf-939c4a5496d0
2026-03-26 22:14:01|gemini|thinking_0|21|QUESTION_ADVANCE||313|e4c551ac-93ff-49d4-9c75-76ce18ca07c1
2026-03-26 22:15:08|gemini|thinking_0|20|QUESTION_SENT||150|72a74e1e-2e57-4500-84b4-18267cc4b76b
2026-03-26 22:15:42|gemini|thinking_0|20|JSON_VERIFIED||150|72a74e1e-2e57-4500-84b4-18267cc4b76b
2026-03-26 22:15:42|gemini|thinking_0|20|QUESTION|152|150|72a74e1e-2e57-4500-84b4-18267cc4b76b
2026-03-26 22:15:42|gemini|thinking_0|20|JSON_SAVED||150|72a74e1e-2e57-4500-84b4-18267cc4b76b
2026-03-26 22:15:43|gemini|thinking_0|20|STOP||151|
2026-03-26 22:16:46|gemini|thinking_0|21|QUESTION_SENT||313|e4c551ac-93ff-49d4-9c75-76ce18ca07c1
2026-03-26 22:17:19|gemini|thinking_0|21|JSON_VERIFIED||313|e4c551ac-93ff-49d4-9c75-76ce18ca07c1
2026-03-26 22:17:19|gemini|thinking_0|21|QUESTION|13|313|e4c551ac-93ff-49d4-9c75-76ce18ca07c1
2026-03-26 22:17:19|gemini|thinking_0|21|JSON_SAVED||313|e4c551ac-93ff-49d4-9c75-76ce18ca07c1
2026-03-26 22:17:19|gemini|thinking_0|21|QUESTION_ADVANCE||314|af0324a4-9fb4-4ecf-a275-8a68de8ae6cb
2026-03-26 22:20:01|gemini|thinking_0|21|QUESTION_SENT||314|af0324a4-9fb4-4ecf-a275-8a68de8ae6cb
2026-03-26 22:20:39|gemini|thinking_0|21|JSON_VERIFIED||314|af0324a4-9fb4-4ecf-a275-8a68de8ae6cb
2026-03-26 22:20:39|gemini|thinking_0|21|QUESTION|14|314|af0324a4-9fb4-4ecf-a275-8a68de8ae6cb
2026-03-26 22:20:39|gemini|thinking_0|21|JSON_SAVED||314|af0324a4-9fb4-4ecf-a275-8a68de8ae6cb
2026-03-26 22:20:39|gemini|thinking_0|21|QUESTION_ADVANCE||315|d04842c7-8fb2-417e-b98f-46630bc05ffb
2026-03-26 22:23:15|gemini|thinking_0|21|QUESTION_SENT||315|d04842c7-8fb2-417e-b98f-46630bc05ffb
2026-03-26 22:23:54|gemini|thinking_0|21|JSON_VERIFIED||315|d04842c7-8fb2-417e-b98f-46630bc05ffb
2026-03-26 22:23:54|gemini|thinking_0|21|QUESTION|15|315|d04842c7-8fb2-417e-b98f-46630bc05ffb
2026-03-26 22:23:54|gemini|thinking_0|21|JSON_SAVED||315|d04842c7-8fb2-417e-b98f-46630bc05ffb
2026-03-26 22:23:54|gemini|thinking_0|21|QUESTION_ADVANCE||316|247564f0-be81-4eba-89f1-4be58b32e912
2026-03-26 22:26:30|gemini|thinking_0|21|QUESTION_SENT||316|247564f0-be81-4eba-89f1-4be58b32e912
2026-03-26 22:27:04|gemini|thinking_0|21|JSON_VERIFIED||316|247564f0-be81-4eba-89f1-4be58b32e912
2026-03-26 22:27:04|gemini|thinking_0|21|QUESTION|16|316|247564f0-be81-4eba-89f1-4be58b32e912
2026-03-26 22:27:04|gemini|thinking_0|21|JSON_SAVED||316|247564f0-be81-4eba-89f1-4be58b32e912
2026-03-26 22:27:04|gemini|thinking_0|21|QUESTION_ADVANCE||317|f197d33b-d08f-4c5d-9400-b14a665b333a
2026-03-26 22:29:45|gemini|thinking_0|21|QUESTION_SENT||317|f197d33b-d08f-4c5d-9400-b14a665b333a
2026-03-26 22:30:23|gemini|thinking_0|21|JSON_VERIFIED||317|f197d33b-d08f-4c5d-9400-b14a665b333a
2026-03-26 22:30:23|gemini|thinking_0|21|QUESTION|17|317|f197d33b-d08f-4c5d-9400-b14a665b333a
2026-03-26 22:30:23|gemini|thinking_0|21|JSON_SAVED||317|f197d33b-d08f-4c5d-9400-b14a665b333a
2026-03-26 22:30:23|gemini|thinking_0|21|QUESTION_ADVANCE||318|2677c177-b451-4ae5-aa55-a40255fedd22
2026-03-26 22:33:00|gemini|thinking_0|21|QUESTION_SENT||318|2677c177-b451-4ae5-aa55-a40255fedd22
2026-03-26 22:33:31|gemini|thinking_0|21|JSON_VERIFIED||318|2677c177-b451-4ae5-aa55-a40255fedd22
2026-03-26 22:33:31|gemini|thinking_0|21|QUESTION|18|318|2677c177-b451-4ae5-aa55-a40255fedd22
2026-03-26 22:33:31|gemini|thinking_0|21|JSON_SAVED||318|2677c177-b451-4ae5-aa55-a40255fedd22
2026-03-26 22:33:31|gemini|thinking_0|21|QUESTION_ADVANCE||319|4c762cf4-44d4-40c4-9fd6-ed41d1c9b7c1
2026-03-26 22:36:14|gemini|thinking_0|21|QUESTION_SENT||319|4c762cf4-44d4-40c4-9fd6-ed41d1c9b7c1
2026-03-26 22:36:48|gemini|thinking_0|21|JSON_VERIFIED||319|4c762cf4-44d4-40c4-9fd6-ed41d1c9b7c1
2026-03-26 22:36:48|gemini|thinking_0|21|QUESTION|19|319|4c762cf4-44d4-40c4-9fd6-ed41d1c9b7c1
2026-03-26 22:36:48|gemini|thinking_0|21|JSON_SAVED||319|4c762cf4-44d4-40c4-9fd6-ed41d1c9b7c1
2026-03-26 22:36:48|gemini|thinking_0|21|QUESTION_ADVANCE||320|89a11a55-2a05-45e8-99cc-d9e7549a61d8
2026-03-26 22:39:29|gemini|thinking_0|21|QUESTION_SENT||320|89a11a55-2a05-45e8-99cc-d9e7549a61d8
2026-03-26 22:40:04|gemini|thinking_0|21|JSON_VERIFIED||320|89a11a55-2a05-45e8-99cc-d9e7549a61d8
2026-03-26 22:40:04|gemini|thinking_0|21|QUESTION|20|320|89a11a55-2a05-45e8-99cc-d9e7549a61d8
2026-03-26 22:40:04|gemini|thinking_0|21|JSON_SAVED||320|89a11a55-2a05-45e8-99cc-d9e7549a61d8
2026-03-26 22:40:04|gemini|thinking_0|21|QUESTION_ADVANCE||321|2f11654a-54a0-452d-ad25-f825be73abe5
2026-03-26 22:42:44|gemini|thinking_0|21|QUESTION_SENT||321|2f11654a-54a0-452d-ad25-f825be73abe5
2026-03-26 22:43:19|gemini|thinking_0|21|JSON_VERIFIED||321|2f11654a-54a0-452d-ad25-f825be73abe5
2026-03-26 22:43:19|gemini|thinking_0|21|QUESTION|21|321|2f11654a-54a0-452d-ad25-f825be73abe5
2026-03-26 22:43:19|gemini|thinking_0|21|JSON_SAVED||321|2f11654a-54a0-452d-ad25-f825be73abe5
2026-03-26 22:43:19|gemini|thinking_0|21|QUESTION_ADVANCE||322|9fe5210f-36bd-4817-bbeb-4005635ee51a
2026-03-26 22:45:58|gemini|thinking_0|21|QUESTION_SENT||322|9fe5210f-36bd-4817-bbeb-4005635ee51a
2026-03-26 22:46:31|gemini|thinking_0|21|JSON_VERIFIED||322|9fe5210f-36bd-4817-bbeb-4005635ee51a
2026-03-26 22:46:31|gemini|thinking_0|21|QUESTION|22|322|9fe5210f-36bd-4817-bbeb-4005635ee51a
2026-03-26 22:46:31|gemini|thinking_0|21|JSON_SAVED||322|9fe5210f-36bd-4817-bbeb-4005635ee51a
2026-03-26 22:46:31|gemini|thinking_0|21|QUESTION_ADVANCE||323|968f47f3-edeb-450f-b844-bb59135f3f06
2026-03-26 22:49:13|gemini|thinking_0|21|QUESTION_SENT||323|968f47f3-edeb-450f-b844-bb59135f3f06
2026-03-26 22:49:50|gemini|thinking_0|21|JSON_VERIFIED||323|968f47f3-edeb-450f-b844-bb59135f3f06
2026-03-26 22:49:50|gemini|thinking_0|21|QUESTION|23|323|968f47f3-edeb-450f-b844-bb59135f3f06
2026-03-26 22:49:50|gemini|thinking_0|21|JSON_SAVED||323|968f47f3-edeb-450f-b844-bb59135f3f06
2026-03-26 22:49:50|gemini|thinking_0|21|QUESTION_ADVANCE||324|fd756fea-0ec0-43e6-b809-c39b41421191
2026-03-26 22:52:28|gemini|thinking_0|21|QUESTION_SENT||324|fd756fea-0ec0-43e6-b809-c39b41421191
2026-03-26 22:55:42|gemini|thinking_0|21|QUESTION_SENT||324|fd756fea-0ec0-43e6-b809-c39b41421191
2026-03-26 22:58:57|gemini|thinking_0|21|QUESTION_SENT||324|fd756fea-0ec0-43e6-b809-c39b41421191
2026-03-26 22:59:28|gemini|thinking_0|21|JSON_VERIFIED||324|fd756fea-0ec0-43e6-b809-c39b41421191
2026-03-26 22:59:28|gemini|thinking_0|21|QUESTION|24|324|fd756fea-0ec0-43e6-b809-c39b41421191
2026-03-26 22:59:28|gemini|thinking_0|21|JSON_SAVED||324|fd756fea-0ec0-43e6-b809-c39b41421191
2026-03-26 22:59:28|gemini|thinking_0|21|QUESTION_ADVANCE||325|8a84cbe9-5f58-479e-8030-d8de37b6895c
2026-03-26 23:02:12|gemini|thinking_0|21|QUESTION_SENT||325|8a84cbe9-5f58-479e-8030-d8de37b6895c
2026-03-26 23:05:27|gemini|thinking_0|21|QUESTION_SENT||325|8a84cbe9-5f58-479e-8030-d8de37b6895c
2026-03-26 23:06:13|gemini|thinking_0|21|JSON_VERIFIED||325|8a84cbe9-5f58-479e-8030-d8de37b6895c
2026-03-26 23:06:13|gemini|thinking_0|21|QUESTION|25|325|8a84cbe9-5f58-479e-8030-d8de37b6895c
2026-03-26 23:06:13|gemini|thinking_0|21|JSON_SAVED||325|8a84cbe9-5f58-479e-8030-d8de37b6895c
2026-03-26 23:06:13|gemini|thinking_0|21|QUESTION_ADVANCE||326|02a48eb7-8a20-4e16-9e8b-180bf1e889be
2026-03-26 23:08:41|gemini|thinking_0|21|QUESTION_SENT||326|02a48eb7-8a20-4e16-9e8b-180bf1e889be
2026-03-26 23:09:24|gemini|thinking_0|21|JSON_VERIFIED||326|02a48eb7-8a20-4e16-9e8b-180bf1e889be
2026-03-26 23:09:24|gemini|thinking_0|21|QUESTION|26|326|02a48eb7-8a20-4e16-9e8b-180bf1e889be
2026-03-26 23:09:24|gemini|thinking_0|21|JSON_SAVED||326|02a48eb7-8a20-4e16-9e8b-180bf1e889be
2026-03-26 23:09:24|gemini|thinking_0|21|QUESTION_ADVANCE||327|ff440af8-e29f-4c2f-b5ed-55f66d2788d5
2026-03-26 23:11:56|gemini|thinking_0|21|QUESTION_SENT||327|ff440af8-e29f-4c2f-b5ed-55f66d2788d5
2026-03-26 23:12:27|gemini|thinking_0|21|JSON_VERIFIED||327|ff440af8-e29f-4c2f-b5ed-55f66d2788d5
2026-03-26 23:12:27|gemini|thinking_0|21|QUESTION|27|327|ff440af8-e29f-4c2f-b5ed-55f66d2788d5
2026-03-26 23:12:27|gemini|thinking_0|21|JSON_SAVED||327|ff440af8-e29f-4c2f-b5ed-55f66d2788d5
2026-03-26 23:12:27|gemini|thinking_0|21|QUESTION_ADVANCE||328|19fa7550-93c6-414b-b1e2-57e444666963
2026-03-26 23:15:11|gemini|thinking_0|21|QUESTION_SENT||328|19fa7550-93c6-414b-b1e2-57e444666963
2026-03-26 23:15:46|gemini|thinking_0|21|JSON_VERIFIED||328|19fa7550-93c6-414b-b1e2-57e444666963
2026-03-26 23:15:46|gemini|thinking_0|21|QUESTION|28|328|19fa7550-93c6-414b-b1e2-57e444666963
2026-03-26 23:15:46|gemini|thinking_0|21|JSON_SAVED||328|19fa7550-93c6-414b-b1e2-57e444666963
2026-03-26 23:15:46|gemini|thinking_0|21|QUESTION_ADVANCE||329|8ad5089f-97fb-4bb9-8b78-5ced984ff809
2026-03-26 23:18:25|gemini|thinking_0|21|QUESTION_SENT||329|8ad5089f-97fb-4bb9-8b78-5ced984ff809
2026-03-26 23:18:58|gemini|thinking_0|21|JSON_VERIFIED||329|8ad5089f-97fb-4bb9-8b78-5ced984ff809
2026-03-26 23:18:58|gemini|thinking_0|21|QUESTION|29|329|8ad5089f-97fb-4bb9-8b78-5ced984ff809
2026-03-26 23:18:58|gemini|thinking_0|21|JSON_SAVED||329|8ad5089f-97fb-4bb9-8b78-5ced984ff809
2026-03-26 23:18:58|gemini|thinking_0|21|QUESTION_ADVANCE||330|87a2c7d9-6b85-4772-aa1e-82d6be013feb
2026-03-26 23:21:40|gemini|thinking_0|21|QUESTION_SENT||330|87a2c7d9-6b85-4772-aa1e-82d6be013feb
2026-03-26 23:22:20|gemini|thinking_0|21|JSON_VERIFIED||330|87a2c7d9-6b85-4772-aa1e-82d6be013feb
2026-03-26 23:22:20|gemini|thinking_0|21|QUESTION|30|330|87a2c7d9-6b85-4772-aa1e-82d6be013feb
2026-03-26 23:22:20|gemini|thinking_0|21|JSON_SAVED||330|87a2c7d9-6b85-4772-aa1e-82d6be013feb
2026-03-26 23:22:21|gemini|thinking_0|21|STOP||331|
