timestamp|site|scenario|bot_id|event_type|attempt_number|global_index|question_uid
2026-04-05 09:40:29|gpt|web_search|10|RESTART||3431|6a4213ad-6aec-482d-88d2-778e5ed8f3ef
2026-04-05 09:41:09|gpt|web_search|11|RESTART||3551|8a973ea5-1302-4faa-973f-47586928b929
2026-04-05 09:41:10|gpt|web_search|10|QUESTION_SENT||3431|6a4213ad-6aec-482d-88d2-778e5ed8f3ef
2026-04-05 09:41:46|gpt|web_search|10|JSON_VERIFIED||3431|6a4213ad-6aec-482d-88d2-778e5ed8f3ef
2026-04-05 09:41:46|gpt|web_search|10|QUESTION|1|3431|6a4213ad-6aec-482d-88d2-778e5ed8f3ef
2026-04-05 09:41:46|gpt|web_search|10|JSON_SAVED||3431|6a4213ad-6aec-482d-88d2-778e5ed8f3ef
2026-04-05 09:41:46|gpt|web_search|10|QUESTION_ADVANCE||3432|2e7710d1-8ed8-451c-963b-8d2ed93d1729
2026-04-05 09:41:56|gpt|web_search|12|RESTART||3851|779007ea-5a6f-429f-acf5-f100664fd124
2026-04-05 09:42:05|gpt|web_search|11|QUESTION_SENT||3551|8a973ea5-1302-4faa-973f-47586928b929
2026-04-05 09:42:31|gpt|web_search|13|RESTART||3701|52e97a29-9653-4631-91bf-e7eaa64e813e
2026-04-05 09:42:33|gpt|web_search|12|QUESTION_SENT||3851|779007ea-5a6f-429f-acf5-f100664fd124
2026-04-05 09:42:43|gpt|web_search|11|JSON_VERIFIED||3551|8a973ea5-1302-4faa-973f-47586928b929
2026-04-05 09:42:43|gpt|web_search|11|QUESTION|1|3551|8a973ea5-1302-4faa-973f-47586928b929
2026-04-05 09:42:43|gpt|web_search|11|JSON_SAVED||3551|8a973ea5-1302-4faa-973f-47586928b929
2026-04-05 09:42:43|gpt|web_search|11|QUESTION_ADVANCE||3552|c7bf69f6-841d-41c0-8580-878f173d0f98
2026-04-05 09:43:08|gpt|web_search|12|JSON_VERIFIED||3851|779007ea-5a6f-429f-acf5-f100664fd124
2026-04-05 09:43:08|gpt|web_search|12|QUESTION|1|3851|779007ea-5a6f-429f-acf5-f100664fd124
2026-04-05 09:43:08|gpt|web_search|12|JSON_SAVED||3851|779007ea-5a6f-429f-acf5-f100664fd124
2026-04-05 09:43:08|gpt|web_search|12|QUESTION_ADVANCE||3852|fdf3c37a-5a75-4163-92b4-6e32890ffdea
2026-04-05 09:44:45|gpt|web_search|10|QUESTION_SENT||3432|2e7710d1-8ed8-451c-963b-8d2ed93d1729
2026-04-05 09:44:47|gpt|web_search|13|QUESTION_SENT||3701|52e97a29-9653-4631-91bf-e7eaa64e813e
2026-04-05 09:45:17|gpt|web_search|13|JSON_VERIFY_FAILED||3701|52e97a29-9653-4631-91bf-e7eaa64e813e
2026-04-05 09:45:17|gpt|web_search|13|QUESTION|1|3701|52e97a29-9653-4631-91bf-e7eaa64e813e
2026-04-05 09:45:20|gpt|web_search|10|JSON_VERIFIED||3432|2e7710d1-8ed8-451c-963b-8d2ed93d1729
2026-04-05 09:45:20|gpt|web_search|10|QUESTION|2|3432|2e7710d1-8ed8-451c-963b-8d2ed93d1729
2026-04-05 09:45:20|gpt|web_search|10|JSON_SAVED||3432|2e7710d1-8ed8-451c-963b-8d2ed93d1729
2026-04-05 09:45:20|gpt|web_search|10|QUESTION_ADVANCE||3433|8ecbd9ee-d3be-4e56-9d5f-69f691977e0e
2026-04-05 09:45:27|gpt|web_search|13|QUESTION_SENT||3701|52e97a29-9653-4631-91bf-e7eaa64e813e
2026-04-05 09:45:41|gpt|web_search|11|QUESTION_SENT||3552|c7bf69f6-841d-41c0-8580-878f173d0f98
2026-04-05 09:45:49|gpt|web_search|13|JSON_VERIFIED||3701|52e97a29-9653-4631-91bf-e7eaa64e813e
2026-04-05 09:45:49|gpt|web_search|13|QUESTION|2|3701|52e97a29-9653-4631-91bf-e7eaa64e813e
2026-04-05 09:45:49|gpt|web_search|13|JSON_SAVED||3701|52e97a29-9653-4631-91bf-e7eaa64e813e
2026-04-05 09:45:49|gpt|web_search|13|QUESTION_ADVANCE||3702|84a77535-7207-40bf-9c90-20b391a362b1
2026-04-05 09:46:18|gpt|web_search|11|JSON_VERIFIED||3552|c7bf69f6-841d-41c0-8580-878f173d0f98
2026-04-05 09:46:18|gpt|web_search|11|QUESTION|2|3552|c7bf69f6-841d-41c0-8580-878f173d0f98
2026-04-05 09:46:18|gpt|web_search|11|JSON_SAVED||3552|c7bf69f6-841d-41c0-8580-878f173d0f98
2026-04-05 09:46:18|gpt|web_search|11|QUESTION_ADVANCE||3553|e1a89df5-1c20-4bad-8d43-c8b3efb751a8
2026-04-05 09:46:25|gpt|web_search|12|QUESTION_SENT||3852|fdf3c37a-5a75-4163-92b4-6e32890ffdea
2026-04-05 09:46:58|gpt|web_search|12|JSON_VERIFY_FAILED||3852|fdf3c37a-5a75-4163-92b4-6e32890ffdea
2026-04-05 09:46:58|gpt|web_search|12|QUESTION|2|3852|fdf3c37a-5a75-4163-92b4-6e32890ffdea
2026-04-05 09:47:08|gpt|web_search|12|QUESTION_SENT||3852|fdf3c37a-5a75-4163-92b4-6e32890ffdea
2026-04-05 09:47:28|gpt|web_search|12|JSON_VERIFY_FAILED||3852|fdf3c37a-5a75-4163-92b4-6e32890ffdea
2026-04-05 09:47:28|gpt|web_search|12|QUESTION|3|3852|fdf3c37a-5a75-4163-92b4-6e32890ffdea
2026-04-05 09:48:19|gpt|web_search|10|QUESTION_SENT||3433|8ecbd9ee-d3be-4e56-9d5f-69f691977e0e
2026-04-05 09:48:52|gpt|web_search|10|JSON_VERIFIED||3433|8ecbd9ee-d3be-4e56-9d5f-69f691977e0e
2026-04-05 09:48:52|gpt|web_search|10|QUESTION|3|3433|8ecbd9ee-d3be-4e56-9d5f-69f691977e0e
2026-04-05 09:48:52|gpt|web_search|10|JSON_SAVED||3433|8ecbd9ee-d3be-4e56-9d5f-69f691977e0e
2026-04-05 09:48:52|gpt|web_search|10|QUESTION_ADVANCE||3434|6bc3dc1f-0449-4c6b-9aff-73424adbb3ac
2026-04-05 09:49:00|gpt|web_search|13|QUESTION_SENT||3702|84a77535-7207-40bf-9c90-20b391a362b1
2026-04-05 09:49:18|gpt|web_search|11|QUESTION_SENT||3553|e1a89df5-1c20-4bad-8d43-c8b3efb751a8
2026-04-05 09:49:35|gpt|web_search|13|JSON_VERIFIED||3702|84a77535-7207-40bf-9c90-20b391a362b1
2026-04-05 09:49:35|gpt|web_search|13|QUESTION|3|3702|84a77535-7207-40bf-9c90-20b391a362b1
2026-04-05 09:49:35|gpt|web_search|13|JSON_SAVED||3702|84a77535-7207-40bf-9c90-20b391a362b1
2026-04-05 09:49:35|gpt|web_search|13|QUESTION_ADVANCE||3703|6f65a796-a300-4780-9376-7f134d5bfa61
2026-04-05 09:49:55|gpt|web_search|12|QUESTION_SENT||3852|fdf3c37a-5a75-4163-92b4-6e32890ffdea
2026-04-05 09:50:01|gpt|web_search|11|JSON_VERIFIED||3553|e1a89df5-1c20-4bad-8d43-c8b3efb751a8
2026-04-05 09:50:01|gpt|web_search|11|QUESTION|3|3553|e1a89df5-1c20-4bad-8d43-c8b3efb751a8
2026-04-05 09:50:01|gpt|web_search|11|JSON_SAVED||3553|e1a89df5-1c20-4bad-8d43-c8b3efb751a8
2026-04-05 09:50:01|gpt|web_search|11|QUESTION_ADVANCE||3554|4928cf97-c0e3-4ac2-802b-519fc1c5cbd8
2026-04-05 09:50:25|gpt|web_search|12|JSON_VERIFY_FAILED||3852|fdf3c37a-5a75-4163-92b4-6e32890ffdea
2026-04-05 09:50:25|gpt|web_search|12|QUESTION|4|3852|fdf3c37a-5a75-4163-92b4-6e32890ffdea
2026-04-05 09:51:55|gpt|web_search|10|QUESTION_SENT||3434|6bc3dc1f-0449-4c6b-9aff-73424adbb3ac
2026-04-05 09:52:32|gpt|web_search|13|QUESTION_SENT||3703|6f65a796-a300-4780-9376-7f134d5bfa61
2026-04-05 09:52:33|gpt|web_search|10|JSON_VERIFIED||3434|6bc3dc1f-0449-4c6b-9aff-73424adbb3ac
2026-04-05 09:52:33|gpt|web_search|10|QUESTION|4|3434|6bc3dc1f-0449-4c6b-9aff-73424adbb3ac
2026-04-05 09:52:33|gpt|web_search|10|JSON_SAVED||3434|6bc3dc1f-0449-4c6b-9aff-73424adbb3ac
2026-04-05 09:52:33|gpt|web_search|10|QUESTION_ADVANCE||3435|69132c74-43bc-476b-831a-91ff284e64d7
2026-04-05 09:52:55|gpt|web_search|11|QUESTION_SENT||3554|4928cf97-c0e3-4ac2-802b-519fc1c5cbd8
2026-04-05 09:53:09|gpt|web_search|13|JSON_VERIFIED||3703|6f65a796-a300-4780-9376-7f134d5bfa61
2026-04-05 09:53:09|gpt|web_search|13|QUESTION|4|3703|6f65a796-a300-4780-9376-7f134d5bfa61
2026-04-05 09:53:09|gpt|web_search|13|JSON_SAVED||3703|6f65a796-a300-4780-9376-7f134d5bfa61
2026-04-05 09:53:09|gpt|web_search|13|QUESTION_ADVANCE||3704|5eee2b64-82a7-44e8-9849-b8697d3a21a1
2026-04-05 09:53:32|gpt|web_search|11|JSON_VERIFIED||3554|4928cf97-c0e3-4ac2-802b-519fc1c5cbd8
2026-04-05 09:53:32|gpt|web_search|11|QUESTION|4|3554|4928cf97-c0e3-4ac2-802b-519fc1c5cbd8
2026-04-05 09:53:32|gpt|web_search|11|JSON_SAVED||3554|4928cf97-c0e3-4ac2-802b-519fc1c5cbd8
2026-04-05 09:53:32|gpt|web_search|11|QUESTION_ADVANCE||3555|0b82bb6b-5816-42d3-ba1f-7a5fa613e9b8
2026-04-05 09:53:48|gpt|web_search|12|QUESTION_SENT||3852|fdf3c37a-5a75-4163-92b4-6e32890ffdea
2026-04-05 09:54:17|gpt|web_search|12|JSON_VERIFY_FAILED||3852|fdf3c37a-5a75-4163-92b4-6e32890ffdea
2026-04-05 09:54:17|gpt|web_search|12|QUESTION|5|3852|fdf3c37a-5a75-4163-92b4-6e32890ffdea
2026-04-05 09:54:26|gpt|web_search|12|QUESTION_SENT||3852|fdf3c37a-5a75-4163-92b4-6e32890ffdea
2026-04-05 09:55:03|gpt|web_search|12|JSON_VERIFIED||3852|fdf3c37a-5a75-4163-92b4-6e32890ffdea
2026-04-05 09:55:03|gpt|web_search|12|QUESTION|6|3852|fdf3c37a-5a75-4163-92b4-6e32890ffdea
2026-04-05 09:55:03|gpt|web_search|12|JSON_SAVED||3852|fdf3c37a-5a75-4163-92b4-6e32890ffdea
2026-04-05 09:55:03|gpt|web_search|12|QUESTION_ADVANCE||3853|0ba57f5e-3503-41cf-9175-3e12e10f8dc0
2026-04-05 09:55:29|gpt|web_search|10|QUESTION_SENT||3435|69132c74-43bc-476b-831a-91ff284e64d7
2026-04-05 09:56:05|gpt|web_search|10|JSON_VERIFY_FAILED||3435|69132c74-43bc-476b-831a-91ff284e64d7
2026-04-05 09:56:05|gpt|web_search|10|QUESTION|5|3435|69132c74-43bc-476b-831a-91ff284e64d7
2026-04-05 09:56:05|gpt|web_search|13|QUESTION_SENT||3704|5eee2b64-82a7-44e8-9849-b8697d3a21a1
2026-04-05 09:56:14|gpt|web_search|10|QUESTION_SENT||3435|69132c74-43bc-476b-831a-91ff284e64d7
2026-04-05 09:56:32|gpt|web_search|11|QUESTION_SENT||3555|0b82bb6b-5816-42d3-ba1f-7a5fa613e9b8
2026-04-05 09:56:39|gpt|web_search|13|JSON_VERIFY_FAILED||3704|5eee2b64-82a7-44e8-9849-b8697d3a21a1
2026-04-05 09:56:39|gpt|web_search|13|QUESTION|5|3704|5eee2b64-82a7-44e8-9849-b8697d3a21a1
2026-04-05 09:56:47|gpt|web_search|10|JSON_VERIFIED||3435|69132c74-43bc-476b-831a-91ff284e64d7
2026-04-05 09:56:47|gpt|web_search|10|QUESTION|6|3435|69132c74-43bc-476b-831a-91ff284e64d7
2026-04-05 09:56:47|gpt|web_search|10|JSON_SAVED||3435|69132c74-43bc-476b-831a-91ff284e64d7
2026-04-05 09:56:47|gpt|web_search|10|QUESTION_ADVANCE||3436|361956c1-fb3c-4ab1-91bb-3b07c15317de
2026-04-05 09:57:09|gpt|web_search|11|JSON_VERIFY_FAILED||3555|0b82bb6b-5816-42d3-ba1f-7a5fa613e9b8
2026-04-05 09:57:09|gpt|web_search|11|QUESTION|5|3555|0b82bb6b-5816-42d3-ba1f-7a5fa613e9b8
2026-04-05 09:58:19|gpt|web_search|12|QUESTION_SENT||3853|0ba57f5e-3503-41cf-9175-3e12e10f8dc0
2026-04-05 09:58:55|gpt|web_search|12|JSON_VERIFIED||3853|0ba57f5e-3503-41cf-9175-3e12e10f8dc0
2026-04-05 09:58:55|gpt|web_search|12|QUESTION|7|3853|0ba57f5e-3503-41cf-9175-3e12e10f8dc0
2026-04-05 09:58:55|gpt|web_search|12|JSON_SAVED||3853|0ba57f5e-3503-41cf-9175-3e12e10f8dc0
2026-04-05 09:58:55|gpt|web_search|12|QUESTION_ADVANCE||3854|0d060bd5-c555-4c2e-8ca0-d6815c2af1b7
2026-04-05 09:59:38|gpt|web_search|13|QUESTION_SENT||3704|5eee2b64-82a7-44e8-9849-b8697d3a21a1
2026-04-05 09:59:49|gpt|web_search|10|QUESTION_SENT||3436|361956c1-fb3c-4ab1-91bb-3b07c15317de
2026-04-05 10:00:09|gpt|web_search|11|QUESTION_SENT||3555|0b82bb6b-5816-42d3-ba1f-7a5fa613e9b8
2026-04-05 10:00:17|gpt|web_search|13|JSON_VERIFIED||3704|5eee2b64-82a7-44e8-9849-b8697d3a21a1
2026-04-05 10:00:17|gpt|web_search|13|QUESTION|6|3704|5eee2b64-82a7-44e8-9849-b8697d3a21a1
2026-04-05 10:00:17|gpt|web_search|13|JSON_SAVED||3704|5eee2b64-82a7-44e8-9849-b8697d3a21a1
2026-04-05 10:00:17|gpt|web_search|13|QUESTION_ADVANCE||3705|be91f49b-5cb8-4757-831b-f67da89ca0d2
2026-04-05 10:00:25|gpt|web_search|10|JSON_VERIFIED||3436|361956c1-fb3c-4ab1-91bb-3b07c15317de
2026-04-05 10:00:25|gpt|web_search|10|QUESTION|7|3436|361956c1-fb3c-4ab1-91bb-3b07c15317de
2026-04-05 10:00:25|gpt|web_search|10|JSON_SAVED||3436|361956c1-fb3c-4ab1-91bb-3b07c15317de
2026-04-05 10:00:25|gpt|web_search|10|QUESTION_ADVANCE||3437|ae014579-37fe-46fe-8638-fea6b44081a3
2026-04-05 10:00:46|gpt|web_search|11|JSON_VERIFIED||3555|0b82bb6b-5816-42d3-ba1f-7a5fa613e9b8
2026-04-05 10:00:46|gpt|web_search|11|QUESTION|6|3555|0b82bb6b-5816-42d3-ba1f-7a5fa613e9b8
2026-04-05 10:00:46|gpt|web_search|11|JSON_SAVED||3555|0b82bb6b-5816-42d3-ba1f-7a5fa613e9b8
2026-04-05 10:00:46|gpt|web_search|11|QUESTION_ADVANCE||3556|7e98c68a-b89c-445b-b386-f11385625c61
2026-04-05 10:02:12|gpt|web_search|12|QUESTION_SENT||3854|0d060bd5-c555-4c2e-8ca0-d6815c2af1b7
2026-04-05 10:03:11|gpt|web_search|13|QUESTION_SENT||3705|be91f49b-5cb8-4757-831b-f67da89ca0d2
2026-04-05 10:03:24|gpt|web_search|10|QUESTION_SENT||3437|ae014579-37fe-46fe-8638-fea6b44081a3
2026-04-05 10:03:46|gpt|web_search|11|QUESTION_SENT||3556|7e98c68a-b89c-445b-b386-f11385625c61
2026-04-05 10:03:49|gpt|web_search|13|JSON_VERIFIED||3705|be91f49b-5cb8-4757-831b-f67da89ca0d2
2026-04-05 10:03:49|gpt|web_search|13|QUESTION|7|3705|be91f49b-5cb8-4757-831b-f67da89ca0d2
2026-04-05 10:03:49|gpt|web_search|13|JSON_SAVED||3705|be91f49b-5cb8-4757-831b-f67da89ca0d2
2026-04-05 10:03:49|gpt|web_search|13|QUESTION_ADVANCE||3706|8a0a0060-0e14-4fce-90fd-3797b92c7208
2026-04-05 10:04:01|gpt|web_search|10|JSON_VERIFIED||3437|ae014579-37fe-46fe-8638-fea6b44081a3
2026-04-05 10:04:01|gpt|web_search|10|QUESTION|8|3437|ae014579-37fe-46fe-8638-fea6b44081a3
2026-04-05 10:04:01|gpt|web_search|10|JSON_SAVED||3437|ae014579-37fe-46fe-8638-fea6b44081a3
2026-04-05 10:04:01|gpt|web_search|10|QUESTION_ADVANCE||3438|e146b9b5-b9d2-4a32-a509-ca9af7004a4c
2026-04-05 10:04:23|gpt|web_search|11|JSON_VERIFIED||3556|7e98c68a-b89c-445b-b386-f11385625c61
2026-04-05 10:04:23|gpt|web_search|11|QUESTION|7|3556|7e98c68a-b89c-445b-b386-f11385625c61
2026-04-05 10:04:23|gpt|web_search|11|JSON_SAVED||3556|7e98c68a-b89c-445b-b386-f11385625c61
2026-04-05 10:04:23|gpt|web_search|11|QUESTION_ADVANCE||3557|67f2b6cf-9403-4655-b4e5-75baa1b3c3b3
2026-04-05 10:06:05|gpt|web_search|12|QUESTION_SENT||3854|0d060bd5-c555-4c2e-8ca0-d6815c2af1b7
2026-04-05 10:06:38|gpt|web_search|12|JSON_VERIFIED||3854|0d060bd5-c555-4c2e-8ca0-d6815c2af1b7
2026-04-05 10:06:38|gpt|web_search|12|QUESTION|8|3854|0d060bd5-c555-4c2e-8ca0-d6815c2af1b7
2026-04-05 10:06:38|gpt|web_search|12|JSON_SAVED||3854|0d060bd5-c555-4c2e-8ca0-d6815c2af1b7
2026-04-05 10:06:38|gpt|web_search|12|QUESTION_ADVANCE||3855|fa841b1f-2f39-40ac-a25d-462f88e14269
2026-04-05 10:06:44|gpt|web_search|13|QUESTION_SENT||3706|8a0a0060-0e14-4fce-90fd-3797b92c7208
2026-04-05 10:06:59|gpt|web_search|10|QUESTION_SENT||3438|e146b9b5-b9d2-4a32-a509-ca9af7004a4c
2026-04-05 10:07:19|gpt|web_search|13|JSON_VERIFIED||3706|8a0a0060-0e14-4fce-90fd-3797b92c7208
2026-04-05 10:07:19|gpt|web_search|13|QUESTION|8|3706|8a0a0060-0e14-4fce-90fd-3797b92c7208
2026-04-05 10:07:19|gpt|web_search|13|JSON_SAVED||3706|8a0a0060-0e14-4fce-90fd-3797b92c7208
2026-04-05 10:07:19|gpt|web_search|13|QUESTION_ADVANCE||3707|e9af08b5-831f-407f-b983-fe9660283383
2026-04-05 10:07:23|gpt|web_search|11|QUESTION_SENT||3557|67f2b6cf-9403-4655-b4e5-75baa1b3c3b3
2026-04-05 10:07:33|gpt|web_search|10|JSON_VERIFIED||3438|e146b9b5-b9d2-4a32-a509-ca9af7004a4c
2026-04-05 10:07:33|gpt|web_search|10|QUESTION|9|3438|e146b9b5-b9d2-4a32-a509-ca9af7004a4c
2026-04-05 10:07:33|gpt|web_search|10|JSON_SAVED||3438|e146b9b5-b9d2-4a32-a509-ca9af7004a4c
2026-04-05 10:07:33|gpt|web_search|10|QUESTION_ADVANCE||3439|dc53af53-25e7-42f7-bba0-2bfe774be42c
2026-04-05 10:07:59|gpt|web_search|11|JSON_VERIFIED||3557|67f2b6cf-9403-4655-b4e5-75baa1b3c3b3
2026-04-05 10:07:59|gpt|web_search|11|QUESTION|8|3557|67f2b6cf-9403-4655-b4e5-75baa1b3c3b3
2026-04-05 10:07:59|gpt|web_search|11|JSON_SAVED||3557|67f2b6cf-9403-4655-b4e5-75baa1b3c3b3
2026-04-05 10:07:59|gpt|web_search|11|QUESTION_ADVANCE||3558|f8d03bcb-3f93-4d89-ab3e-59c7d075c856
2026-04-05 10:09:59|gpt|web_search|12|QUESTION_SENT||3855|fa841b1f-2f39-40ac-a25d-462f88e14269
2026-04-05 10:10:17|gpt|web_search|13|QUESTION_SENT||3707|e9af08b5-831f-407f-b983-fe9660283383
2026-04-05 10:10:34|gpt|web_search|10|QUESTION_SENT||3439|dc53af53-25e7-42f7-bba0-2bfe774be42c
2026-04-05 10:10:38|gpt|web_search|12|JSON_VERIFIED||3855|fa841b1f-2f39-40ac-a25d-462f88e14269
2026-04-05 10:10:38|gpt|web_search|12|QUESTION|9|3855|fa841b1f-2f39-40ac-a25d-462f88e14269
2026-04-05 10:10:38|gpt|web_search|12|JSON_SAVED||3855|fa841b1f-2f39-40ac-a25d-462f88e14269
2026-04-05 10:10:38|gpt|web_search|12|QUESTION_ADVANCE||3856|5bb97724-ac6f-493c-8145-9261fd30f09c
2026-04-05 10:10:52|gpt|web_search|13|JSON_VERIFIED||3707|e9af08b5-831f-407f-b983-fe9660283383
2026-04-05 10:10:52|gpt|web_search|13|QUESTION|9|3707|e9af08b5-831f-407f-b983-fe9660283383
2026-04-05 10:10:52|gpt|web_search|13|JSON_SAVED||3707|e9af08b5-831f-407f-b983-fe9660283383
2026-04-05 10:10:52|gpt|web_search|13|QUESTION_ADVANCE||3708|fb1a377d-f7db-45c1-8c07-9b1f22b7baf5
2026-04-05 10:10:59|gpt|web_search|11|QUESTION_SENT||3558|f8d03bcb-3f93-4d89-ab3e-59c7d075c856
2026-04-05 10:11:09|gpt|web_search|10|JSON_VERIFIED||3439|dc53af53-25e7-42f7-bba0-2bfe774be42c
2026-04-05 10:11:09|gpt|web_search|10|QUESTION|10|3439|dc53af53-25e7-42f7-bba0-2bfe774be42c
2026-04-05 10:11:09|gpt|web_search|10|JSON_SAVED||3439|dc53af53-25e7-42f7-bba0-2bfe774be42c
2026-04-05 10:11:09|gpt|web_search|10|QUESTION_ADVANCE||3440|38582a5f-01fe-4d41-8a4e-3f7d9d05198c
2026-04-05 10:11:32|gpt|web_search|11|JSON_VERIFIED||3558|f8d03bcb-3f93-4d89-ab3e-59c7d075c856
2026-04-05 10:11:32|gpt|web_search|11|QUESTION|9|3558|f8d03bcb-3f93-4d89-ab3e-59c7d075c856
2026-04-05 10:11:32|gpt|web_search|11|JSON_SAVED||3558|f8d03bcb-3f93-4d89-ab3e-59c7d075c856
2026-04-05 10:11:32|gpt|web_search|11|QUESTION_ADVANCE||3559|e2e9066a-3b2a-457b-a900-9781baa044db
2026-04-05 10:13:50|gpt|web_search|13|QUESTION_SENT||3708|fb1a377d-f7db-45c1-8c07-9b1f22b7baf5
2026-04-05 10:13:52|gpt|web_search|12|QUESTION_SENT||3856|5bb97724-ac6f-493c-8145-9261fd30f09c
2026-04-05 10:14:09|gpt|web_search|10|QUESTION_SENT||3440|38582a5f-01fe-4d41-8a4e-3f7d9d05198c
2026-04-05 10:14:15|gpt|web_search|13|JSON_VERIFIED||3708|fb1a377d-f7db-45c1-8c07-9b1f22b7baf5
2026-04-05 10:14:15|gpt|web_search|13|QUESTION|10|3708|fb1a377d-f7db-45c1-8c07-9b1f22b7baf5
2026-04-05 10:14:15|gpt|web_search|13|JSON_SAVED||3708|fb1a377d-f7db-45c1-8c07-9b1f22b7baf5
2026-04-05 10:14:15|gpt|web_search|13|QUESTION_ADVANCE||3709|37486a21-b08b-45d3-b3f4-5fb214cd535d
2026-04-05 10:14:30|gpt|web_search|12|JSON_VERIFIED||3856|5bb97724-ac6f-493c-8145-9261fd30f09c
2026-04-05 10:14:30|gpt|web_search|12|QUESTION|10|3856|5bb97724-ac6f-493c-8145-9261fd30f09c
2026-04-05 10:14:30|gpt|web_search|12|JSON_SAVED||3856|5bb97724-ac6f-493c-8145-9261fd30f09c
2026-04-05 10:14:30|gpt|web_search|12|QUESTION_ADVANCE||3857|529b453c-a86e-4d71-8555-d24c694c5580
2026-04-05 10:14:36|gpt|web_search|11|QUESTION_SENT||3559|e2e9066a-3b2a-457b-a900-9781baa044db
2026-04-05 10:14:44|gpt|web_search|10|JSON_VERIFY_FAILED||3440|38582a5f-01fe-4d41-8a4e-3f7d9d05198c
2026-04-05 10:14:44|gpt|web_search|10|QUESTION|11|3440|38582a5f-01fe-4d41-8a4e-3f7d9d05198c
2026-04-05 10:14:54|gpt|web_search|10|QUESTION_SENT||3440|38582a5f-01fe-4d41-8a4e-3f7d9d05198c
2026-04-05 10:15:15|gpt|web_search|11|JSON_VERIFIED||3559|e2e9066a-3b2a-457b-a900-9781baa044db
2026-04-05 10:15:15|gpt|web_search|11|QUESTION|10|3559|e2e9066a-3b2a-457b-a900-9781baa044db
2026-04-05 10:15:15|gpt|web_search|11|JSON_SAVED||3559|e2e9066a-3b2a-457b-a900-9781baa044db
2026-04-05 10:15:15|gpt|web_search|11|QUESTION_ADVANCE||3560|b0181a99-d80d-40cb-80d4-8eb587194735
2026-04-05 10:15:18|gpt|web_search|10|JSON_VERIFIED||3440|38582a5f-01fe-4d41-8a4e-3f7d9d05198c
2026-04-05 10:15:18|gpt|web_search|10|QUESTION|12|3440|38582a5f-01fe-4d41-8a4e-3f7d9d05198c
2026-04-05 10:15:18|gpt|web_search|10|JSON_SAVED||3440|38582a5f-01fe-4d41-8a4e-3f7d9d05198c
2026-04-05 10:15:18|gpt|web_search|10|QUESTION_ADVANCE||3441|8ad544f0-4f36-4730-bd5e-9ae41c03cc99
2026-04-05 10:17:22|gpt|web_search|13|QUESTION_SENT||3709|37486a21-b08b-45d3-b3f4-5fb214cd535d
2026-04-05 10:17:44|gpt|web_search|12|QUESTION_SENT||3857|529b453c-a86e-4d71-8555-d24c694c5580
2026-04-05 10:18:01|gpt|web_search|13|JSON_VERIFY_FAILED||3709|37486a21-b08b-45d3-b3f4-5fb214cd535d
2026-04-05 10:18:01|gpt|web_search|13|QUESTION|11|3709|37486a21-b08b-45d3-b3f4-5fb214cd535d
2026-04-05 10:18:10|gpt|web_search|13|QUESTION_SENT||3709|37486a21-b08b-45d3-b3f4-5fb214cd535d
2026-04-05 10:18:13|gpt|web_search|11|QUESTION_SENT||3560|b0181a99-d80d-40cb-80d4-8eb587194735
2026-04-05 10:18:20|gpt|web_search|12|JSON_VERIFIED||3857|529b453c-a86e-4d71-8555-d24c694c5580
2026-04-05 10:18:20|gpt|web_search|12|QUESTION|11|3857|529b453c-a86e-4d71-8555-d24c694c5580
2026-04-05 10:18:20|gpt|web_search|12|JSON_SAVED||3857|529b453c-a86e-4d71-8555-d24c694c5580
2026-04-05 10:18:20|gpt|web_search|12|QUESTION_ADVANCE||3858|6ee4baf5-0d31-44d0-b65e-1822aa93ec12
2026-04-05 10:18:29|gpt|web_search|10|QUESTION_SENT||3441|8ad544f0-4f36-4730-bd5e-9ae41c03cc99
2026-04-05 10:18:36|gpt|web_search|13|JSON_VERIFIED||3709|37486a21-b08b-45d3-b3f4-5fb214cd535d
2026-04-05 10:18:36|gpt|web_search|13|QUESTION|12|3709|37486a21-b08b-45d3-b3f4-5fb214cd535d
2026-04-05 10:18:36|gpt|web_search|13|JSON_SAVED||3709|37486a21-b08b-45d3-b3f4-5fb214cd535d
2026-04-05 10:18:36|gpt|web_search|13|QUESTION_ADVANCE||3710|b4922720-60be-40e8-a0a4-047bb8058170
2026-04-05 10:18:49|gpt|web_search|11|JSON_VERIFIED||3560|b0181a99-d80d-40cb-80d4-8eb587194735
2026-04-05 10:18:49|gpt|web_search|11|QUESTION|11|3560|b0181a99-d80d-40cb-80d4-8eb587194735
2026-04-05 10:18:49|gpt|web_search|11|JSON_SAVED||3560|b0181a99-d80d-40cb-80d4-8eb587194735
2026-04-05 10:18:49|gpt|web_search|11|QUESTION_ADVANCE||3561|680ea53b-d6a5-452a-954b-fc651952bd95
2026-04-05 10:19:04|gpt|web_search|10|JSON_VERIFIED||3441|8ad544f0-4f36-4730-bd5e-9ae41c03cc99
2026-04-05 10:19:04|gpt|web_search|10|QUESTION|13|3441|8ad544f0-4f36-4730-bd5e-9ae41c03cc99
2026-04-05 10:19:04|gpt|web_search|10|JSON_SAVED||3441|8ad544f0-4f36-4730-bd5e-9ae41c03cc99
2026-04-05 10:19:04|gpt|web_search|10|QUESTION_ADVANCE||3442|b250482f-178a-486d-8a2b-1bf990d09de7
2026-04-05 10:21:37|gpt|web_search|12|QUESTION_SENT||3858|6ee4baf5-0d31-44d0-b65e-1822aa93ec12
2026-04-05 10:21:43|gpt|web_search|13|QUESTION_SENT||3710|b4922720-60be-40e8-a0a4-047bb8058170
2026-04-05 10:21:50|gpt|web_search|11|QUESTION_SENT||3561|680ea53b-d6a5-452a-954b-fc651952bd95
2026-04-05 10:22:04|gpt|web_search|10|QUESTION_SENT||3442|b250482f-178a-486d-8a2b-1bf990d09de7
2026-04-05 10:22:13|gpt|web_search|12|JSON_VERIFIED||3858|6ee4baf5-0d31-44d0-b65e-1822aa93ec12
2026-04-05 10:22:13|gpt|web_search|12|QUESTION|12|3858|6ee4baf5-0d31-44d0-b65e-1822aa93ec12
2026-04-05 10:22:13|gpt|web_search|12|JSON_SAVED||3858|6ee4baf5-0d31-44d0-b65e-1822aa93ec12
2026-04-05 10:22:13|gpt|web_search|12|QUESTION_ADVANCE||3859|bb027b38-8c03-4a05-beae-44c0870b1ca7
2026-04-05 10:22:20|gpt|web_search|13|JSON_VERIFIED||3710|b4922720-60be-40e8-a0a4-047bb8058170
2026-04-05 10:22:20|gpt|web_search|13|QUESTION|13|3710|b4922720-60be-40e8-a0a4-047bb8058170
2026-04-05 10:22:20|gpt|web_search|13|JSON_SAVED||3710|b4922720-60be-40e8-a0a4-047bb8058170
2026-04-05 10:22:20|gpt|web_search|13|QUESTION_ADVANCE||3711|a2c06584-75d9-4015-ba88-656d3d758172
2026-04-05 10:22:23|gpt|web_search|11|JSON_VERIFY_FAILED||3561|680ea53b-d6a5-452a-954b-fc651952bd95
2026-04-05 10:22:23|gpt|web_search|11|QUESTION|12|3561|680ea53b-d6a5-452a-954b-fc651952bd95
2026-04-05 10:22:38|gpt|web_search|10|JSON_VERIFY_FAILED||3442|b250482f-178a-486d-8a2b-1bf990d09de7
2026-04-05 10:22:38|gpt|web_search|10|QUESTION|14|3442|b250482f-178a-486d-8a2b-1bf990d09de7
2026-04-05 10:22:47|gpt|web_search|10|QUESTION_SENT||3442|b250482f-178a-486d-8a2b-1bf990d09de7
2026-04-05 10:23:12|gpt|web_search|10|JSON_VERIFIED||3442|b250482f-178a-486d-8a2b-1bf990d09de7
2026-04-05 10:23:12|gpt|web_search|10|QUESTION|15|3442|b250482f-178a-486d-8a2b-1bf990d09de7
2026-04-05 10:23:12|gpt|web_search|10|JSON_SAVED||3442|b250482f-178a-486d-8a2b-1bf990d09de7
2026-04-05 10:23:12|gpt|web_search|10|QUESTION_ADVANCE||3443|10e06ce1-c9d6-4731-a164-fcb1a985bb2d
2026-04-05 10:25:16|gpt|web_search|13|QUESTION_SENT||3711|a2c06584-75d9-4015-ba88-656d3d758172
2026-04-05 10:25:27|gpt|web_search|11|QUESTION_SENT||3561|680ea53b-d6a5-452a-954b-fc651952bd95
2026-04-05 10:25:30|gpt|web_search|12|QUESTION_SENT||3859|bb027b38-8c03-4a05-beae-44c0870b1ca7
2026-04-05 10:25:50|gpt|web_search|13|JSON_VERIFIED||3711|a2c06584-75d9-4015-ba88-656d3d758172
2026-04-05 10:25:50|gpt|web_search|13|QUESTION|14|3711|a2c06584-75d9-4015-ba88-656d3d758172
2026-04-05 10:25:50|gpt|web_search|13|JSON_SAVED||3711|a2c06584-75d9-4015-ba88-656d3d758172
2026-04-05 10:25:50|gpt|web_search|13|QUESTION_ADVANCE||3712|e974754d-cecb-475d-85c1-999fc2d40851
2026-04-05 10:25:58|gpt|web_search|11|JSON_VERIFY_FAILED||3561|680ea53b-d6a5-452a-954b-fc651952bd95
2026-04-05 10:25:58|gpt|web_search|11|QUESTION|13|3561|680ea53b-d6a5-452a-954b-fc651952bd95
2026-04-05 10:26:08|gpt|web_search|11|QUESTION_SENT||3561|680ea53b-d6a5-452a-954b-fc651952bd95
2026-04-05 10:26:11|gpt|web_search|12|JSON_VERIFIED||3859|bb027b38-8c03-4a05-beae-44c0870b1ca7
2026-04-05 10:26:11|gpt|web_search|12|QUESTION|13|3859|bb027b38-8c03-4a05-beae-44c0870b1ca7
2026-04-05 10:26:11|gpt|web_search|12|JSON_SAVED||3859|bb027b38-8c03-4a05-beae-44c0870b1ca7
2026-04-05 10:26:11|gpt|web_search|12|QUESTION_ADVANCE||3860|8bfa4666-5359-4786-abcf-ed312dbbdb96
2026-04-05 10:26:22|gpt|web_search|10|QUESTION_SENT||3443|10e06ce1-c9d6-4731-a164-fcb1a985bb2d
2026-04-05 10:26:32|gpt|web_search|11|JSON_VERIFIED||3561|680ea53b-d6a5-452a-954b-fc651952bd95
2026-04-05 10:26:32|gpt|web_search|11|QUESTION|14|3561|680ea53b-d6a5-452a-954b-fc651952bd95
2026-04-05 10:26:32|gpt|web_search|11|JSON_SAVED||3561|680ea53b-d6a5-452a-954b-fc651952bd95
2026-04-05 10:26:32|gpt|web_search|11|QUESTION_ADVANCE||3562|b0b000e6-7b69-411c-ac7f-fa55e75f1e73
2026-04-05 10:26:59|gpt|web_search|10|JSON_VERIFIED||3443|10e06ce1-c9d6-4731-a164-fcb1a985bb2d
2026-04-05 10:26:59|gpt|web_search|10|QUESTION|16|3443|10e06ce1-c9d6-4731-a164-fcb1a985bb2d
2026-04-05 10:26:59|gpt|web_search|10|JSON_SAVED||3443|10e06ce1-c9d6-4731-a164-fcb1a985bb2d
2026-04-05 10:26:59|gpt|web_search|10|QUESTION_ADVANCE||3444|b942764a-15dd-48a0-b3b1-c3fb4860ea30
2026-04-05 10:28:49|gpt|web_search|13|QUESTION_SENT||3712|e974754d-cecb-475d-85c1-999fc2d40851
2026-04-05 10:29:23|gpt|web_search|12|QUESTION_SENT||3860|8bfa4666-5359-4786-abcf-ed312dbbdb96
2026-04-05 10:29:24|gpt|web_search|13|JSON_VERIFY_FAILED||3712|e974754d-cecb-475d-85c1-999fc2d40851
2026-04-05 10:29:24|gpt|web_search|13|QUESTION|15|3712|e974754d-cecb-475d-85c1-999fc2d40851
2026-04-05 10:29:45|gpt|web_search|11|QUESTION_SENT||3562|b0b000e6-7b69-411c-ac7f-fa55e75f1e73
2026-04-05 10:29:46|gpt|web_search|12|JSON_VERIFY_FAILED||3860|8bfa4666-5359-4786-abcf-ed312dbbdb96
2026-04-05 10:29:46|gpt|web_search|12|QUESTION|14|3860|8bfa4666-5359-4786-abcf-ed312dbbdb96
2026-04-05 10:29:56|gpt|web_search|12|QUESTION_SENT||3860|8bfa4666-5359-4786-abcf-ed312dbbdb96
2026-04-05 10:29:57|gpt|web_search|10|QUESTION_SENT||3444|b942764a-15dd-48a0-b3b1-c3fb4860ea30
2026-04-05 10:30:22|gpt|web_search|11|JSON_VERIFIED||3562|b0b000e6-7b69-411c-ac7f-fa55e75f1e73
2026-04-05 10:30:22|gpt|web_search|11|QUESTION|15|3562|b0b000e6-7b69-411c-ac7f-fa55e75f1e73
2026-04-05 10:30:22|gpt|web_search|11|JSON_SAVED||3562|b0b000e6-7b69-411c-ac7f-fa55e75f1e73
2026-04-05 10:30:22|gpt|web_search|11|QUESTION_ADVANCE||3563|2b202b9a-d7dd-482a-82c4-4a2defcb5b3f
2026-04-05 10:30:28|gpt|web_search|10|JSON_VERIFY_FAILED||3444|b942764a-15dd-48a0-b3b1-c3fb4860ea30
2026-04-05 10:30:28|gpt|web_search|10|QUESTION|17|3444|b942764a-15dd-48a0-b3b1-c3fb4860ea30
2026-04-05 10:30:38|gpt|web_search|10|QUESTION_SENT||3444|b942764a-15dd-48a0-b3b1-c3fb4860ea30
2026-04-05 10:31:01|gpt|web_search|10|JSON_VERIFIED||3444|b942764a-15dd-48a0-b3b1-c3fb4860ea30
2026-04-05 10:31:01|gpt|web_search|10|QUESTION|18|3444|b942764a-15dd-48a0-b3b1-c3fb4860ea30
2026-04-05 10:31:01|gpt|web_search|10|JSON_SAVED||3444|b942764a-15dd-48a0-b3b1-c3fb4860ea30
2026-04-05 10:31:01|gpt|web_search|10|QUESTION_ADVANCE||3445|9b2e3dd6-aae0-4e37-af51-fdcf6343017f
2026-04-05 10:32:22|gpt|web_search|13|QUESTION_SENT||3712|e974754d-cecb-475d-85c1-999fc2d40851
2026-04-05 10:32:57|gpt|web_search|13|JSON_VERIFY_FAILED||3712|e974754d-cecb-475d-85c1-999fc2d40851
2026-04-05 10:32:57|gpt|web_search|13|QUESTION|16|3712|e974754d-cecb-475d-85c1-999fc2d40851
2026-04-05 10:33:07|gpt|web_search|13|QUESTION_SENT||3712|e974754d-cecb-475d-85c1-999fc2d40851
2026-04-05 10:33:22|gpt|web_search|11|QUESTION_SENT||3563|2b202b9a-d7dd-482a-82c4-4a2defcb5b3f
2026-04-05 10:33:31|gpt|web_search|13|JSON_VERIFIED||3712|e974754d-cecb-475d-85c1-999fc2d40851
2026-04-05 10:33:31|gpt|web_search|13|QUESTION|17|3712|e974754d-cecb-475d-85c1-999fc2d40851
2026-04-05 10:33:31|gpt|web_search|13|JSON_SAVED||3712|e974754d-cecb-475d-85c1-999fc2d40851
2026-04-05 10:33:31|gpt|web_search|13|QUESTION_ADVANCE||3713|6177c900-488a-4028-aa56-57f8f7c2ea52
2026-04-05 10:33:49|gpt|web_search|12|QUESTION_SENT||3860|8bfa4666-5359-4786-abcf-ed312dbbdb96
2026-04-05 10:34:03|gpt|web_search|11|JSON_VERIFIED||3563|2b202b9a-d7dd-482a-82c4-4a2defcb5b3f
2026-04-05 10:34:03|gpt|web_search|11|QUESTION|16|3563|2b202b9a-d7dd-482a-82c4-4a2defcb5b3f
2026-04-05 10:34:03|gpt|web_search|11|JSON_SAVED||3563|2b202b9a-d7dd-482a-82c4-4a2defcb5b3f
2026-04-05 10:34:03|gpt|web_search|11|QUESTION_ADVANCE||3564|592f3f3a-993c-44e3-bbcd-0ced9951f54d
2026-04-05 10:34:13|gpt|web_search|10|QUESTION_SENT||3445|9b2e3dd6-aae0-4e37-af51-fdcf6343017f
2026-04-05 10:34:47|gpt|web_search|10|JSON_VERIFIED||3445|9b2e3dd6-aae0-4e37-af51-fdcf6343017f
2026-04-05 10:34:47|gpt|web_search|10|QUESTION|19|3445|9b2e3dd6-aae0-4e37-af51-fdcf6343017f
2026-04-05 10:34:47|gpt|web_search|10|JSON_SAVED||3445|9b2e3dd6-aae0-4e37-af51-fdcf6343017f
2026-04-05 10:34:47|gpt|web_search|10|QUESTION_ADVANCE||3446|bc3e7183-82b7-4bb1-a77d-21a204d7fc98
2026-04-05 10:36:40|gpt|web_search|13|QUESTION_SENT||3713|6177c900-488a-4028-aa56-57f8f7c2ea52
2026-04-05 10:36:59|gpt|web_search|11|QUESTION_SENT||3564|592f3f3a-993c-44e3-bbcd-0ced9951f54d
2026-04-05 10:37:16|gpt|web_search|13|JSON_VERIFIED||3713|6177c900-488a-4028-aa56-57f8f7c2ea52
2026-04-05 10:37:16|gpt|web_search|13|QUESTION|18|3713|6177c900-488a-4028-aa56-57f8f7c2ea52
2026-04-05 10:37:16|gpt|web_search|13|JSON_SAVED||3713|6177c900-488a-4028-aa56-57f8f7c2ea52
2026-04-05 10:37:16|gpt|web_search|13|QUESTION_ADVANCE||3714|85720c9b-e559-4764-b947-705c05c03e6e
2026-04-05 10:37:36|gpt|web_search|11|JSON_VERIFIED||3564|592f3f3a-993c-44e3-bbcd-0ced9951f54d
2026-04-05 10:37:36|gpt|web_search|11|QUESTION|17|3564|592f3f3a-993c-44e3-bbcd-0ced9951f54d
2026-04-05 10:37:36|gpt|web_search|11|JSON_SAVED||3564|592f3f3a-993c-44e3-bbcd-0ced9951f54d
2026-04-05 10:37:36|gpt|web_search|11|QUESTION_ADVANCE||3565|a1c62660-1fd0-405d-bb61-8c49d5861ee0
2026-04-05 10:37:42|gpt|web_search|12|QUESTION_SENT||3860|8bfa4666-5359-4786-abcf-ed312dbbdb96
2026-04-05 10:37:48|gpt|web_search|10|QUESTION_SENT||3446|bc3e7183-82b7-4bb1-a77d-21a204d7fc98
2026-04-05 10:38:18|gpt|web_search|12|JSON_VERIFIED||3860|8bfa4666-5359-4786-abcf-ed312dbbdb96
2026-04-05 10:38:18|gpt|web_search|12|QUESTION|15|3860|8bfa4666-5359-4786-abcf-ed312dbbdb96
2026-04-05 10:38:18|gpt|web_search|12|JSON_SAVED||3860|8bfa4666-5359-4786-abcf-ed312dbbdb96
2026-04-05 10:38:18|gpt|web_search|12|QUESTION_ADVANCE||3861|028c4bd2-c999-4301-a383-9e6c0ac3109c
2026-04-05 10:40:12|gpt|web_search|13|QUESTION_SENT||3714|85720c9b-e559-4764-b947-705c05c03e6e
2026-04-05 10:40:36|gpt|web_search|11|QUESTION_SENT||3565|a1c62660-1fd0-405d-bb61-8c49d5861ee0
2026-04-05 10:40:49|gpt|web_search|13|JSON_VERIFIED||3714|85720c9b-e559-4764-b947-705c05c03e6e
2026-04-05 10:40:49|gpt|web_search|13|QUESTION|19|3714|85720c9b-e559-4764-b947-705c05c03e6e
2026-04-05 10:40:49|gpt|web_search|13|JSON_SAVED||3714|85720c9b-e559-4764-b947-705c05c03e6e
2026-04-05 10:40:49|gpt|web_search|13|QUESTION_ADVANCE||3715|2dffdae2-478a-41cf-ad63-2a5210576680
2026-04-05 10:41:23|gpt|web_search|10|QUESTION_SENT||3446|bc3e7183-82b7-4bb1-a77d-21a204d7fc98
2026-04-05 10:41:35|gpt|web_search|12|QUESTION_SENT||3861|028c4bd2-c999-4301-a383-9e6c0ac3109c
2026-04-05 10:41:57|gpt|web_search|10|JSON_VERIFIED||3446|bc3e7183-82b7-4bb1-a77d-21a204d7fc98
2026-04-05 10:41:57|gpt|web_search|10|QUESTION|20|3446|bc3e7183-82b7-4bb1-a77d-21a204d7fc98
2026-04-05 10:41:57|gpt|web_search|10|JSON_SAVED||3446|bc3e7183-82b7-4bb1-a77d-21a204d7fc98
2026-04-05 10:41:57|gpt|web_search|10|QUESTION_ADVANCE||3447|7d885101-1a85-4f4e-9407-9de5da12dbeb
2026-04-05 10:42:10|gpt|web_search|12|JSON_VERIFIED||3861|028c4bd2-c999-4301-a383-9e6c0ac3109c
2026-04-05 10:42:10|gpt|web_search|12|QUESTION|16|3861|028c4bd2-c999-4301-a383-9e6c0ac3109c
2026-04-05 10:42:10|gpt|web_search|12|JSON_SAVED||3861|028c4bd2-c999-4301-a383-9e6c0ac3109c
2026-04-05 10:42:10|gpt|web_search|12|QUESTION_ADVANCE||3862|2ad8a980-ac1a-40a9-96a2-6484c343aa2e
2026-04-05 10:43:45|gpt|web_search|13|QUESTION_SENT||3715|2dffdae2-478a-41cf-ad63-2a5210576680
2026-04-05 10:44:12|gpt|web_search|11|QUESTION_SENT||3565|a1c62660-1fd0-405d-bb61-8c49d5861ee0
2026-04-05 10:44:22|gpt|web_search|13|JSON_VERIFIED||3715|2dffdae2-478a-41cf-ad63-2a5210576680
2026-04-05 10:44:22|gpt|web_search|13|QUESTION|20|3715|2dffdae2-478a-41cf-ad63-2a5210576680
2026-04-05 10:44:22|gpt|web_search|13|JSON_SAVED||3715|2dffdae2-478a-41cf-ad63-2a5210576680
2026-04-05 10:44:22|gpt|web_search|13|QUESTION_ADVANCE||3716|ee700d77-78fc-48ec-9cf2-53804ea11e30
2026-04-05 10:44:48|gpt|web_search|11|JSON_VERIFIED||3565|a1c62660-1fd0-405d-bb61-8c49d5861ee0
2026-04-05 10:44:48|gpt|web_search|11|QUESTION|18|3565|a1c62660-1fd0-405d-bb61-8c49d5861ee0
2026-04-05 10:44:48|gpt|web_search|11|JSON_SAVED||3565|a1c62660-1fd0-405d-bb61-8c49d5861ee0
2026-04-05 10:44:48|gpt|web_search|11|QUESTION_ADVANCE||3566|0f25d128-3123-4367-9a47-58150f9aaf37
2026-04-05 10:44:58|gpt|web_search|10|QUESTION_SENT||3447|7d885101-1a85-4f4e-9407-9de5da12dbeb
2026-04-05 10:45:28|gpt|web_search|12|QUESTION_SENT||3862|2ad8a980-ac1a-40a9-96a2-6484c343aa2e
2026-04-05 10:45:34|gpt|web_search|10|JSON_VERIFIED||3447|7d885101-1a85-4f4e-9407-9de5da12dbeb
2026-04-05 10:45:34|gpt|web_search|10|QUESTION|21|3447|7d885101-1a85-4f4e-9407-9de5da12dbeb
2026-04-05 10:45:34|gpt|web_search|10|JSON_SAVED||3447|7d885101-1a85-4f4e-9407-9de5da12dbeb
2026-04-05 10:45:34|gpt|web_search|10|QUESTION_ADVANCE||3448|e8e76e24-b1ff-493a-b079-1b3f2ec3fef5
2026-04-05 10:46:03|gpt|web_search|12|JSON_VERIFIED||3862|2ad8a980-ac1a-40a9-96a2-6484c343aa2e
2026-04-05 10:46:03|gpt|web_search|12|QUESTION|17|3862|2ad8a980-ac1a-40a9-96a2-6484c343aa2e
2026-04-05 10:46:03|gpt|web_search|12|JSON_SAVED||3862|2ad8a980-ac1a-40a9-96a2-6484c343aa2e
2026-04-05 10:46:03|gpt|web_search|12|QUESTION_ADVANCE||3863|e7179c4d-6ed0-4448-a646-2956293257c6
2026-04-05 10:47:18|gpt|web_search|13|QUESTION_SENT||3716|ee700d77-78fc-48ec-9cf2-53804ea11e30
2026-04-05 10:47:49|gpt|web_search|11|QUESTION_SENT||3566|0f25d128-3123-4367-9a47-58150f9aaf37
2026-04-05 10:47:55|gpt|web_search|13|JSON_VERIFIED||3716|ee700d77-78fc-48ec-9cf2-53804ea11e30
2026-04-05 10:47:55|gpt|web_search|13|QUESTION|21|3716|ee700d77-78fc-48ec-9cf2-53804ea11e30
2026-04-05 10:47:55|gpt|web_search|13|JSON_SAVED||3716|ee700d77-78fc-48ec-9cf2-53804ea11e30
2026-04-05 10:47:55|gpt|web_search|13|QUESTION_ADVANCE||3717|548a0f7b-af08-4f6e-9229-6e0c6cf458a2
2026-04-05 10:48:25|gpt|web_search|11|JSON_VERIFIED||3566|0f25d128-3123-4367-9a47-58150f9aaf37
2026-04-05 10:48:25|gpt|web_search|11|QUESTION|19|3566|0f25d128-3123-4367-9a47-58150f9aaf37
2026-04-05 10:48:25|gpt|web_search|11|JSON_SAVED||3566|0f25d128-3123-4367-9a47-58150f9aaf37
2026-04-05 10:48:25|gpt|web_search|11|QUESTION_ADVANCE||3567|d987fb4e-c4af-40ba-afdd-41b4e0be5d15
2026-04-05 10:48:32|gpt|web_search|10|QUESTION_SENT||3448|e8e76e24-b1ff-493a-b079-1b3f2ec3fef5
2026-04-05 10:49:11|gpt|web_search|10|JSON_VERIFIED||3448|e8e76e24-b1ff-493a-b079-1b3f2ec3fef5
2026-04-05 10:49:11|gpt|web_search|10|QUESTION|22|3448|e8e76e24-b1ff-493a-b079-1b3f2ec3fef5
2026-04-05 10:49:11|gpt|web_search|10|JSON_SAVED||3448|e8e76e24-b1ff-493a-b079-1b3f2ec3fef5
2026-04-05 10:49:11|gpt|web_search|10|QUESTION_ADVANCE||3449|bcac650d-bc12-4669-9179-84400b5997c8
2026-04-05 10:49:21|gpt|web_search|12|QUESTION_SENT||3863|e7179c4d-6ed0-4448-a646-2956293257c6
2026-04-05 10:49:56|gpt|web_search|12|JSON_VERIFIED||3863|e7179c4d-6ed0-4448-a646-2956293257c6
2026-04-05 10:49:56|gpt|web_search|12|QUESTION|18|3863|e7179c4d-6ed0-4448-a646-2956293257c6
2026-04-05 10:49:56|gpt|web_search|12|JSON_SAVED||3863|e7179c4d-6ed0-4448-a646-2956293257c6
2026-04-05 10:49:56|gpt|web_search|12|QUESTION_ADVANCE||3864|b42a7020-884e-4231-ad44-ef8a28c92ae4
2026-04-05 10:50:51|gpt|web_search|13|QUESTION_SENT||3717|548a0f7b-af08-4f6e-9229-6e0c6cf458a2
2026-04-05 10:51:26|gpt|web_search|11|QUESTION_SENT||3567|d987fb4e-c4af-40ba-afdd-41b4e0be5d15
2026-04-05 10:51:38|gpt|web_search|13|JSON_VERIFIED||3717|548a0f7b-af08-4f6e-9229-6e0c6cf458a2
2026-04-05 10:51:38|gpt|web_search|13|QUESTION|22|3717|548a0f7b-af08-4f6e-9229-6e0c6cf458a2
2026-04-05 10:51:38|gpt|web_search|13|JSON_SAVED||3717|548a0f7b-af08-4f6e-9229-6e0c6cf458a2
2026-04-05 10:51:38|gpt|web_search|13|QUESTION_ADVANCE||3718|a078d8f6-144d-4eb5-a09a-4b21a6675304
2026-04-05 10:52:04|gpt|web_search|11|JSON_VERIFIED||3567|d987fb4e-c4af-40ba-afdd-41b4e0be5d15
2026-04-05 10:52:04|gpt|web_search|11|QUESTION|20|3567|d987fb4e-c4af-40ba-afdd-41b4e0be5d15
2026-04-05 10:52:04|gpt|web_search|11|JSON_SAVED||3567|d987fb4e-c4af-40ba-afdd-41b4e0be5d15
2026-04-05 10:52:04|gpt|web_search|11|QUESTION_ADVANCE||3568|ec6820f7-cb1e-4a14-9891-ef68959fd1e3
2026-04-05 10:52:07|gpt|web_search|10|QUESTION_SENT||3449|bcac650d-bc12-4669-9179-84400b5997c8
2026-04-05 10:52:41|gpt|web_search|10|JSON_VERIFIED||3449|bcac650d-bc12-4669-9179-84400b5997c8
2026-04-05 10:52:41|gpt|web_search|10|QUESTION|23|3449|bcac650d-bc12-4669-9179-84400b5997c8
2026-04-05 10:52:41|gpt|web_search|10|JSON_SAVED||3449|bcac650d-bc12-4669-9179-84400b5997c8
2026-04-05 10:52:41|gpt|web_search|10|QUESTION_ADVANCE||3450|d0ba392a-d899-4f07-b82b-9e878fa9a047
2026-04-05 10:53:14|gpt|web_search|12|QUESTION_SENT||3864|b42a7020-884e-4231-ad44-ef8a28c92ae4
2026-04-05 10:53:52|gpt|web_search|12|JSON_VERIFIED||3864|b42a7020-884e-4231-ad44-ef8a28c92ae4
2026-04-05 10:53:52|gpt|web_search|12|QUESTION|19|3864|b42a7020-884e-4231-ad44-ef8a28c92ae4
2026-04-05 10:53:52|gpt|web_search|12|JSON_SAVED||3864|b42a7020-884e-4231-ad44-ef8a28c92ae4
2026-04-05 10:53:52|gpt|web_search|12|QUESTION_ADVANCE||3865|408a9e48-0cd7-4a63-88c1-e10cd97122f2
2026-04-05 10:54:24|gpt|web_search|13|QUESTION_SENT||3718|a078d8f6-144d-4eb5-a09a-4b21a6675304
2026-04-05 10:55:03|gpt|web_search|11|QUESTION_SENT||3568|ec6820f7-cb1e-4a14-9891-ef68959fd1e3
2026-04-05 10:55:38|gpt|web_search|11|JSON_VERIFIED||3568|ec6820f7-cb1e-4a14-9891-ef68959fd1e3
2026-04-05 10:55:38|gpt|web_search|11|QUESTION|21|3568|ec6820f7-cb1e-4a14-9891-ef68959fd1e3
2026-04-05 10:55:38|gpt|web_search|11|JSON_SAVED||3568|ec6820f7-cb1e-4a14-9891-ef68959fd1e3
2026-04-05 10:55:38|gpt|web_search|11|QUESTION_ADVANCE||3569|b0e79823-e8ef-45a0-a0f2-1d36cde58b36
2026-04-05 10:55:42|gpt|web_search|10|QUESTION_SENT||3450|d0ba392a-d899-4f07-b82b-9e878fa9a047
2026-04-05 10:56:16|gpt|web_search|10|JSON_VERIFIED||3450|d0ba392a-d899-4f07-b82b-9e878fa9a047
2026-04-05 10:56:16|gpt|web_search|10|QUESTION|24|3450|d0ba392a-d899-4f07-b82b-9e878fa9a047
2026-04-05 10:56:16|gpt|web_search|10|JSON_SAVED||3450|d0ba392a-d899-4f07-b82b-9e878fa9a047
2026-04-05 10:56:16|gpt|web_search|10|QUESTION_ADVANCE||3451|dca69c87-ccb3-4dc8-b0fe-32ef4b2a13fd
2026-04-05 10:57:07|gpt|web_search|12|QUESTION_SENT||3865|408a9e48-0cd7-4a63-88c1-e10cd97122f2
2026-04-05 10:57:42|gpt|web_search|12|JSON_VERIFIED||3865|408a9e48-0cd7-4a63-88c1-e10cd97122f2
2026-04-05 10:57:42|gpt|web_search|12|QUESTION|20|3865|408a9e48-0cd7-4a63-88c1-e10cd97122f2
2026-04-05 10:57:42|gpt|web_search|12|JSON_SAVED||3865|408a9e48-0cd7-4a63-88c1-e10cd97122f2
2026-04-05 10:57:42|gpt|web_search|12|QUESTION_ADVANCE||3866|e4e7f01f-a3aa-417b-a15b-196a31dbfc23
2026-04-05 10:57:57|gpt|web_search|13|QUESTION_SENT||3718|a078d8f6-144d-4eb5-a09a-4b21a6675304
2026-04-05 10:58:32|gpt|web_search|13|JSON_VERIFIED||3718|a078d8f6-144d-4eb5-a09a-4b21a6675304
2026-04-05 10:58:32|gpt|web_search|13|QUESTION|23|3718|a078d8f6-144d-4eb5-a09a-4b21a6675304
2026-04-05 10:58:32|gpt|web_search|13|JSON_SAVED||3718|a078d8f6-144d-4eb5-a09a-4b21a6675304
2026-04-05 10:58:32|gpt|web_search|13|QUESTION_ADVANCE||3719|482e3276-05b8-41f4-84fd-3d4305edac3f
2026-04-05 10:58:40|gpt|web_search|11|QUESTION_SENT||3569|b0e79823-e8ef-45a0-a0f2-1d36cde58b36
2026-04-05 10:59:17|gpt|web_search|11|JSON_VERIFIED||3569|b0e79823-e8ef-45a0-a0f2-1d36cde58b36
2026-04-05 10:59:17|gpt|web_search|11|QUESTION|22|3569|b0e79823-e8ef-45a0-a0f2-1d36cde58b36
2026-04-05 10:59:17|gpt|web_search|11|JSON_SAVED||3569|b0e79823-e8ef-45a0-a0f2-1d36cde58b36
2026-04-05 10:59:17|gpt|web_search|11|QUESTION_ADVANCE||3570|3a270f6b-b09d-4fd8-bb7d-15725aa3f6ae
2026-04-05 10:59:17|gpt|web_search|10|QUESTION_SENT||3451|dca69c87-ccb3-4dc8-b0fe-32ef4b2a13fd
2026-04-05 10:59:51|gpt|web_search|10|JSON_VERIFIED||3451|dca69c87-ccb3-4dc8-b0fe-32ef4b2a13fd
2026-04-05 10:59:51|gpt|web_search|10|QUESTION|25|3451|dca69c87-ccb3-4dc8-b0fe-32ef4b2a13fd
2026-04-05 10:59:51|gpt|web_search|10|JSON_SAVED||3451|dca69c87-ccb3-4dc8-b0fe-32ef4b2a13fd
2026-04-05 10:59:51|gpt|web_search|10|QUESTION_ADVANCE||3452|22099089-e848-4f9c-9654-3697487eda04
2026-04-05 11:00:59|gpt|web_search|12|QUESTION_SENT||3866|e4e7f01f-a3aa-417b-a15b-196a31dbfc23
2026-04-05 11:01:30|gpt|web_search|13|QUESTION_SENT||3719|482e3276-05b8-41f4-84fd-3d4305edac3f
2026-04-05 11:01:32|gpt|web_search|12|JSON_VERIFY_FAILED||3866|e4e7f01f-a3aa-417b-a15b-196a31dbfc23
2026-04-05 11:01:32|gpt|web_search|12|QUESTION|21|3866|e4e7f01f-a3aa-417b-a15b-196a31dbfc23
2026-04-05 11:01:42|gpt|web_search|12|QUESTION_SENT||3866|e4e7f01f-a3aa-417b-a15b-196a31dbfc23
2026-04-05 11:02:05|gpt|web_search|13|JSON_VERIFIED||3719|482e3276-05b8-41f4-84fd-3d4305edac3f
2026-04-05 11:02:05|gpt|web_search|13|QUESTION|24|3719|482e3276-05b8-41f4-84fd-3d4305edac3f
2026-04-05 11:02:05|gpt|web_search|13|JSON_SAVED||3719|482e3276-05b8-41f4-84fd-3d4305edac3f
2026-04-05 11:02:05|gpt|web_search|13|QUESTION_ADVANCE||3720|56cbe710-c9df-40e6-9c39-d60c15023a02
2026-04-05 11:02:17|gpt|web_search|11|QUESTION_SENT||3570|3a270f6b-b09d-4fd8-bb7d-15725aa3f6ae
2026-04-05 11:02:52|gpt|web_search|11|JSON_VERIFIED||3570|3a270f6b-b09d-4fd8-bb7d-15725aa3f6ae
2026-04-05 11:02:52|gpt|web_search|11|QUESTION|23|3570|3a270f6b-b09d-4fd8-bb7d-15725aa3f6ae
2026-04-05 11:02:52|gpt|web_search|11|JSON_SAVED||3570|3a270f6b-b09d-4fd8-bb7d-15725aa3f6ae
2026-04-05 11:02:52|gpt|web_search|11|QUESTION_ADVANCE||3571|c212b31c-728d-46fd-9683-b7afa7aa1331
2026-04-05 11:02:52|gpt|web_search|10|QUESTION_SENT||3452|22099089-e848-4f9c-9654-3697487eda04
2026-04-05 11:03:20|gpt|web_search|10|JSON_VERIFY_FAILED||3452|22099089-e848-4f9c-9654-3697487eda04
2026-04-05 11:03:20|gpt|web_search|10|QUESTION|26|3452|22099089-e848-4f9c-9654-3697487eda04
2026-04-05 11:03:30|gpt|web_search|10|QUESTION_SENT||3452|22099089-e848-4f9c-9654-3697487eda04
2026-04-05 11:03:47|gpt|web_search|10|JSON_VERIFY_FAILED||3452|22099089-e848-4f9c-9654-3697487eda04
2026-04-05 11:03:47|gpt|web_search|10|QUESTION|27|3452|22099089-e848-4f9c-9654-3697487eda04
2026-04-05 11:05:02|gpt|web_search|13|QUESTION_SENT||3720|56cbe710-c9df-40e6-9c39-d60c15023a02
2026-04-05 11:05:32|gpt|web_search|13|JSON_VERIFY_FAILED||3720|56cbe710-c9df-40e6-9c39-d60c15023a02
2026-04-05 11:05:32|gpt|web_search|13|QUESTION|25|3720|56cbe710-c9df-40e6-9c39-d60c15023a02
2026-04-05 11:05:35|gpt|web_search|12|QUESTION_SENT||3866|e4e7f01f-a3aa-417b-a15b-196a31dbfc23
2026-04-05 11:05:42|gpt|web_search|13|QUESTION_SENT||3720|56cbe710-c9df-40e6-9c39-d60c15023a02
2026-04-05 11:05:53|gpt|web_search|11|QUESTION_SENT||3571|c212b31c-728d-46fd-9683-b7afa7aa1331
2026-04-05 11:06:05|gpt|web_search|13|JSON_VERIFIED||3720|56cbe710-c9df-40e6-9c39-d60c15023a02
2026-04-05 11:06:05|gpt|web_search|13|QUESTION|26|3720|56cbe710-c9df-40e6-9c39-d60c15023a02
2026-04-05 11:06:05|gpt|web_search|13|JSON_SAVED||3720|56cbe710-c9df-40e6-9c39-d60c15023a02
2026-04-05 11:06:05|gpt|web_search|13|QUESTION_ADVANCE||3721|d8a7f521-c926-42cf-9599-d5ae0ee5e132
2026-04-05 11:06:10|gpt|web_search|12|JSON_VERIFIED||3866|e4e7f01f-a3aa-417b-a15b-196a31dbfc23
2026-04-05 11:06:10|gpt|web_search|12|QUESTION|22|3866|e4e7f01f-a3aa-417b-a15b-196a31dbfc23
2026-04-05 11:06:10|gpt|web_search|12|JSON_SAVED||3866|e4e7f01f-a3aa-417b-a15b-196a31dbfc23
2026-04-05 11:06:10|gpt|web_search|12|QUESTION_ADVANCE||3867|ddbcbc15-36f4-49ce-827c-8ca497dd6091
2026-04-05 11:06:15|gpt|web_search|10|QUESTION_SENT||3452|22099089-e848-4f9c-9654-3697487eda04
2026-04-05 11:06:35|gpt|web_search|11|JSON_VERIFIED||3571|c212b31c-728d-46fd-9683-b7afa7aa1331
2026-04-05 11:06:35|gpt|web_search|11|QUESTION|24|3571|c212b31c-728d-46fd-9683-b7afa7aa1331
2026-04-05 11:06:35|gpt|web_search|11|JSON_SAVED||3571|c212b31c-728d-46fd-9683-b7afa7aa1331
2026-04-05 11:06:35|gpt|web_search|11|QUESTION_ADVANCE||3572|9c056a78-4ef8-4c44-b17e-f974eef5603f
2026-04-05 11:06:43|gpt|web_search|10|JSON_VERIFY_FAILED||3452|22099089-e848-4f9c-9654-3697487eda04
2026-04-05 11:06:43|gpt|web_search|10|QUESTION|28|3452|22099089-e848-4f9c-9654-3697487eda04
2026-04-05 11:06:53|gpt|web_search|10|QUESTION_SENT||3452|22099089-e848-4f9c-9654-3697487eda04
2026-04-05 11:07:09|gpt|web_search|10|JSON_VERIFY_FAILED||3452|22099089-e848-4f9c-9654-3697487eda04
2026-04-05 11:07:09|gpt|web_search|10|QUESTION|29|3452|22099089-e848-4f9c-9654-3697487eda04
2026-04-05 11:09:15|gpt|web_search|13|QUESTION_SENT||3721|d8a7f521-c926-42cf-9599-d5ae0ee5e132
2026-04-05 11:09:28|gpt|web_search|12|QUESTION_SENT||3867|ddbcbc15-36f4-49ce-827c-8ca497dd6091
2026-04-05 11:09:31|gpt|web_search|11|QUESTION_SENT||3572|9c056a78-4ef8-4c44-b17e-f974eef5603f
2026-04-05 11:09:37|gpt|web_search|10|QUESTION_SENT||3452|22099089-e848-4f9c-9654-3697487eda04
2026-04-05 11:09:53|gpt|web_search|13|JSON_VERIFIED||3721|d8a7f521-c926-42cf-9599-d5ae0ee5e132
2026-04-05 11:09:53|gpt|web_search|13|QUESTION|27|3721|d8a7f521-c926-42cf-9599-d5ae0ee5e132
2026-04-05 11:09:53|gpt|web_search|13|JSON_SAVED||3721|d8a7f521-c926-42cf-9599-d5ae0ee5e132
2026-04-05 11:09:53|gpt|web_search|13|QUESTION_ADVANCE||3722|36328aa5-7681-4adb-8a10-ff2afe80f984
2026-04-05 11:10:03|gpt|web_search|10|JSON_VERIFIED||3452|22099089-e848-4f9c-9654-3697487eda04
2026-04-05 11:10:03|gpt|web_search|10|QUESTION|30|3452|22099089-e848-4f9c-9654-3697487eda04
2026-04-05 11:10:03|gpt|web_search|10|JSON_SAVED||3452|22099089-e848-4f9c-9654-3697487eda04
2026-04-05 11:10:03|gpt|web_search|10|QUESTION_ADVANCE||3453|f402010d-bd3f-45b7-9844-fe34a203a832
2026-04-05 11:10:05|gpt|web_search|12|JSON_VERIFIED||3867|ddbcbc15-36f4-49ce-827c-8ca497dd6091
2026-04-05 11:10:05|gpt|web_search|12|QUESTION|23|3867|ddbcbc15-36f4-49ce-827c-8ca497dd6091
2026-04-05 11:10:05|gpt|web_search|12|JSON_SAVED||3867|ddbcbc15-36f4-49ce-827c-8ca497dd6091
2026-04-05 11:10:05|gpt|web_search|12|QUESTION_ADVANCE||3868|15d79a18-40fe-40ad-80ed-1df20a73f75e
2026-04-05 11:10:09|gpt|web_search|11|JSON_VERIFIED||3572|9c056a78-4ef8-4c44-b17e-f974eef5603f
2026-04-05 11:10:09|gpt|web_search|11|QUESTION|25|3572|9c056a78-4ef8-4c44-b17e-f974eef5603f
2026-04-05 11:10:09|gpt|web_search|11|JSON_SAVED||3572|9c056a78-4ef8-4c44-b17e-f974eef5603f
2026-04-05 11:10:09|gpt|web_search|11|QUESTION_ADVANCE||3573|8997ccb0-4ff2-4f80-b651-0c17477c27a9
2026-04-05 11:12:48|gpt|web_search|13|QUESTION_SENT||3722|36328aa5-7681-4adb-8a10-ff2afe80f984
2026-04-05 11:13:08|gpt|web_search|11|QUESTION_SENT||3573|8997ccb0-4ff2-4f80-b651-0c17477c27a9
2026-04-05 11:13:12|gpt|web_search|10|QUESTION_SENT||3453|f402010d-bd3f-45b7-9844-fe34a203a832
2026-04-05 11:13:19|gpt|web_search|13|JSON_VERIFY_FAILED||3722|36328aa5-7681-4adb-8a10-ff2afe80f984
2026-04-05 11:13:19|gpt|web_search|13|QUESTION|28|3722|36328aa5-7681-4adb-8a10-ff2afe80f984
2026-04-05 11:13:21|gpt|web_search|12|QUESTION_SENT||3868|15d79a18-40fe-40ad-80ed-1df20a73f75e
2026-04-05 11:13:28|gpt|web_search|13|QUESTION_SENT||3722|36328aa5-7681-4adb-8a10-ff2afe80f984
2026-04-05 11:13:43|gpt|web_search|11|JSON_VERIFIED||3573|8997ccb0-4ff2-4f80-b651-0c17477c27a9
2026-04-05 11:13:43|gpt|web_search|11|QUESTION|26|3573|8997ccb0-4ff2-4f80-b651-0c17477c27a9
2026-04-05 11:13:43|gpt|web_search|11|JSON_SAVED||3573|8997ccb0-4ff2-4f80-b651-0c17477c27a9
2026-04-05 11:13:43|gpt|web_search|11|QUESTION_ADVANCE||3574|d2a3e913-d7f0-4b4a-ba66-cccbd89f859a
2026-04-05 11:13:47|gpt|web_search|10|JSON_VERIFIED||3453|f402010d-bd3f-45b7-9844-fe34a203a832
2026-04-05 11:13:47|gpt|web_search|10|QUESTION|31|3453|f402010d-bd3f-45b7-9844-fe34a203a832
2026-04-05 11:13:47|gpt|web_search|10|JSON_SAVED||3453|f402010d-bd3f-45b7-9844-fe34a203a832
2026-04-05 11:13:47|gpt|web_search|10|QUESTION_ADVANCE||3454|96f1f11c-f37a-4230-a6a0-d9e14041c7ca
2026-04-05 11:13:55|gpt|web_search|12|JSON_VERIFY_FAILED||3868|15d79a18-40fe-40ad-80ed-1df20a73f75e
2026-04-05 11:13:55|gpt|web_search|12|QUESTION|24|3868|15d79a18-40fe-40ad-80ed-1df20a73f75e
2026-04-05 11:14:04|gpt|web_search|12|QUESTION_SENT||3868|15d79a18-40fe-40ad-80ed-1df20a73f75e
2026-04-05 11:16:45|gpt|web_search|11|QUESTION_SENT||3574|d2a3e913-d7f0-4b4a-ba66-cccbd89f859a
2026-04-05 11:16:46|gpt|web_search|10|QUESTION_SENT||3454|96f1f11c-f37a-4230-a6a0-d9e14041c7ca
2026-04-05 11:17:01|gpt|web_search|13|QUESTION_SENT||3722|36328aa5-7681-4adb-8a10-ff2afe80f984
2026-04-05 11:17:17|gpt|web_search|11|JSON_VERIFIED||3574|d2a3e913-d7f0-4b4a-ba66-cccbd89f859a
2026-04-05 11:17:17|gpt|web_search|11|QUESTION|27|3574|d2a3e913-d7f0-4b4a-ba66-cccbd89f859a
2026-04-05 11:17:17|gpt|web_search|11|JSON_SAVED||3574|d2a3e913-d7f0-4b4a-ba66-cccbd89f859a
2026-04-05 11:17:17|gpt|web_search|11|QUESTION_ADVANCE||3575|d1c4dc49-3a70-4969-8ecc-29f0e54f7843
2026-04-05 11:17:22|gpt|web_search|10|JSON_VERIFIED||3454|96f1f11c-f37a-4230-a6a0-d9e14041c7ca
2026-04-05 11:17:22|gpt|web_search|10|QUESTION|32|3454|96f1f11c-f37a-4230-a6a0-d9e14041c7ca
2026-04-05 11:17:22|gpt|web_search|10|JSON_SAVED||3454|96f1f11c-f37a-4230-a6a0-d9e14041c7ca
2026-04-05 11:17:22|gpt|web_search|10|QUESTION_ADVANCE||3455|435c2b50-6944-4cc0-94d8-ed91c107221b
2026-04-05 11:17:57|gpt|web_search|12|QUESTION_SENT||3868|15d79a18-40fe-40ad-80ed-1df20a73f75e
2026-04-05 11:18:31|gpt|web_search|12|JSON_VERIFY_FAILED||3868|15d79a18-40fe-40ad-80ed-1df20a73f75e
2026-04-05 11:18:31|gpt|web_search|12|QUESTION|25|3868|15d79a18-40fe-40ad-80ed-1df20a73f75e
2026-04-05 11:18:41|gpt|web_search|12|QUESTION_SENT||3868|15d79a18-40fe-40ad-80ed-1df20a73f75e
2026-04-05 11:19:08|gpt|web_search|12|JSON_VERIFIED||3868|15d79a18-40fe-40ad-80ed-1df20a73f75e
2026-04-05 11:19:08|gpt|web_search|12|QUESTION|26|3868|15d79a18-40fe-40ad-80ed-1df20a73f75e
2026-04-05 11:19:08|gpt|web_search|12|JSON_SAVED||3868|15d79a18-40fe-40ad-80ed-1df20a73f75e
2026-04-05 11:19:08|gpt|web_search|12|QUESTION_ADVANCE||3869|102823f8-b628-4822-ac8a-1841bf67ecc3
2026-04-05 11:20:21|gpt|web_search|10|QUESTION_SENT||3455|435c2b50-6944-4cc0-94d8-ed91c107221b
2026-04-05 11:20:22|gpt|web_search|11|QUESTION_SENT||3575|d1c4dc49-3a70-4969-8ecc-29f0e54f7843
2026-04-05 11:20:34|gpt|web_search|13|QUESTION_SENT||3722|36328aa5-7681-4adb-8a10-ff2afe80f984
2026-04-05 11:20:56|gpt|web_search|11|JSON_VERIFIED||3575|d1c4dc49-3a70-4969-8ecc-29f0e54f7843
2026-04-05 11:20:56|gpt|web_search|11|QUESTION|28|3575|d1c4dc49-3a70-4969-8ecc-29f0e54f7843
2026-04-05 11:20:56|gpt|web_search|11|JSON_SAVED||3575|d1c4dc49-3a70-4969-8ecc-29f0e54f7843
2026-04-05 11:20:56|gpt|web_search|11|QUESTION_ADVANCE||3576|48f1096c-8658-4f3d-a9bf-0381b5b14d23
2026-04-05 11:20:57|gpt|web_search|10|JSON_VERIFIED||3455|435c2b50-6944-4cc0-94d8-ed91c107221b
2026-04-05 11:20:57|gpt|web_search|10|QUESTION|33|3455|435c2b50-6944-4cc0-94d8-ed91c107221b
2026-04-05 11:20:57|gpt|web_search|10|JSON_SAVED||3455|435c2b50-6944-4cc0-94d8-ed91c107221b
2026-04-05 11:20:57|gpt|web_search|10|QUESTION_ADVANCE||3456|8ae4e185-896f-4ad5-9d25-fd9a58530574
2026-04-05 11:21:07|gpt|web_search|13|JSON_VERIFY_FAILED||3722|36328aa5-7681-4adb-8a10-ff2afe80f984
2026-04-05 11:21:07|gpt|web_search|13|QUESTION|29|3722|36328aa5-7681-4adb-8a10-ff2afe80f984
2026-04-05 11:21:17|gpt|web_search|13|QUESTION_SENT||3722|36328aa5-7681-4adb-8a10-ff2afe80f984
2026-04-05 11:21:39|gpt|web_search|13|JSON_VERIFIED||3722|36328aa5-7681-4adb-8a10-ff2afe80f984
2026-04-05 11:21:39|gpt|web_search|13|QUESTION|30|3722|36328aa5-7681-4adb-8a10-ff2afe80f984
2026-04-05 11:21:39|gpt|web_search|13|JSON_SAVED||3722|36328aa5-7681-4adb-8a10-ff2afe80f984
2026-04-05 11:21:39|gpt|web_search|13|QUESTION_ADVANCE||3723|f5e9ad82-4be8-4b04-83a9-f3170da61f58
2026-04-05 11:22:34|gpt|web_search|12|QUESTION_SENT||3869|102823f8-b628-4822-ac8a-1841bf67ecc3
2026-04-05 11:23:12|gpt|web_search|12|JSON_VERIFIED||3869|102823f8-b628-4822-ac8a-1841bf67ecc3
2026-04-05 11:23:12|gpt|web_search|12|QUESTION|27|3869|102823f8-b628-4822-ac8a-1841bf67ecc3
2026-04-05 11:23:12|gpt|web_search|12|JSON_SAVED||3869|102823f8-b628-4822-ac8a-1841bf67ecc3
2026-04-05 11:23:12|gpt|web_search|12|QUESTION_ADVANCE||3870|50e2b9c1-33e7-44ca-8cb9-7295914d499c
2026-04-05 11:23:56|gpt|web_search|10|QUESTION_SENT||3456|8ae4e185-896f-4ad5-9d25-fd9a58530574
2026-04-05 11:23:59|gpt|web_search|11|QUESTION_SENT||3576|48f1096c-8658-4f3d-a9bf-0381b5b14d23
2026-04-05 11:24:31|gpt|web_search|11|JSON_VERIFY_FAILED||3576|48f1096c-8658-4f3d-a9bf-0381b5b14d23
2026-04-05 11:24:31|gpt|web_search|11|QUESTION|29|3576|48f1096c-8658-4f3d-a9bf-0381b5b14d23
2026-04-05 11:24:33|gpt|web_search|10|JSON_VERIFIED||3456|8ae4e185-896f-4ad5-9d25-fd9a58530574
2026-04-05 11:24:33|gpt|web_search|10|QUESTION|34|3456|8ae4e185-896f-4ad5-9d25-fd9a58530574
2026-04-05 11:24:33|gpt|web_search|10|JSON_SAVED||3456|8ae4e185-896f-4ad5-9d25-fd9a58530574
2026-04-05 11:24:33|gpt|web_search|10|QUESTION_ADVANCE||3457|543a58f6-4d04-4879-aeeb-b9a5498f3231
2026-04-05 11:24:41|gpt|web_search|11|QUESTION_SENT||3576|48f1096c-8658-4f3d-a9bf-0381b5b14d23
2026-04-05 11:24:49|gpt|web_search|13|QUESTION_SENT||3723|f5e9ad82-4be8-4b04-83a9-f3170da61f58
2026-04-05 11:25:26|gpt|web_search|13|JSON_VERIFIED||3723|f5e9ad82-4be8-4b04-83a9-f3170da61f58
2026-04-05 11:25:26|gpt|web_search|13|QUESTION|31|3723|f5e9ad82-4be8-4b04-83a9-f3170da61f58
2026-04-05 11:25:26|gpt|web_search|13|JSON_SAVED||3723|f5e9ad82-4be8-4b04-83a9-f3170da61f58
2026-04-05 11:25:26|gpt|web_search|13|QUESTION_ADVANCE||3724|f3357872-1b1d-49a6-a677-8bd59853c0ef
2026-04-05 11:26:27|gpt|web_search|12|QUESTION_SENT||3870|50e2b9c1-33e7-44ca-8cb9-7295914d499c
2026-04-05 11:27:31|gpt|web_search|10|QUESTION_SENT||3457|543a58f6-4d04-4879-aeeb-b9a5498f3231
2026-04-05 11:28:06|gpt|web_search|10|JSON_VERIFIED||3457|543a58f6-4d04-4879-aeeb-b9a5498f3231
2026-04-05 11:28:06|gpt|web_search|10|QUESTION|35|3457|543a58f6-4d04-4879-aeeb-b9a5498f3231
2026-04-05 11:28:06|gpt|web_search|10|JSON_SAVED||3457|543a58f6-4d04-4879-aeeb-b9a5498f3231
2026-04-05 11:28:06|gpt|web_search|10|QUESTION_ADVANCE||3458|74068d04-3795-4d3b-9fed-84d24d49576c
2026-04-05 11:28:18|gpt|web_search|11|QUESTION_SENT||3576|48f1096c-8658-4f3d-a9bf-0381b5b14d23
2026-04-05 11:28:22|gpt|web_search|13|QUESTION_SENT||3724|f3357872-1b1d-49a6-a677-8bd59853c0ef
2026-04-05 11:28:49|gpt|web_search|11|JSON_VERIFY_FAILED||3576|48f1096c-8658-4f3d-a9bf-0381b5b14d23
2026-04-05 11:28:49|gpt|web_search|11|QUESTION|30|3576|48f1096c-8658-4f3d-a9bf-0381b5b14d23
2026-04-05 11:28:58|gpt|web_search|13|JSON_VERIFIED||3724|f3357872-1b1d-49a6-a677-8bd59853c0ef
2026-04-05 11:28:58|gpt|web_search|13|QUESTION|32|3724|f3357872-1b1d-49a6-a677-8bd59853c0ef
2026-04-05 11:28:58|gpt|web_search|13|JSON_SAVED||3724|f3357872-1b1d-49a6-a677-8bd59853c0ef
2026-04-05 11:28:58|gpt|web_search|13|QUESTION_ADVANCE||3725|f928fdd1-168f-4708-8fdd-1654fbba1b53
2026-04-05 11:28:59|gpt|web_search|11|QUESTION_SENT||3576|48f1096c-8658-4f3d-a9bf-0381b5b14d23
2026-04-05 11:29:25|gpt|web_search|11|JSON_VERIFIED||3576|48f1096c-8658-4f3d-a9bf-0381b5b14d23
2026-04-05 11:29:25|gpt|web_search|11|QUESTION|31|3576|48f1096c-8658-4f3d-a9bf-0381b5b14d23
2026-04-05 11:29:25|gpt|web_search|11|JSON_SAVED||3576|48f1096c-8658-4f3d-a9bf-0381b5b14d23
2026-04-05 11:29:25|gpt|web_search|11|QUESTION_ADVANCE||3577|160e97e1-93f2-483a-8004-24d8d1b39cd0
2026-04-05 11:30:20|gpt|web_search|12|QUESTION_SENT||3870|50e2b9c1-33e7-44ca-8cb9-7295914d499c
2026-04-05 11:31:06|gpt|web_search|10|QUESTION_SENT||3458|74068d04-3795-4d3b-9fed-84d24d49576c
2026-04-05 11:31:40|gpt|web_search|10|JSON_VERIFY_FAILED||3458|74068d04-3795-4d3b-9fed-84d24d49576c
2026-04-05 11:31:40|gpt|web_search|10|QUESTION|36|3458|74068d04-3795-4d3b-9fed-84d24d49576c
2026-04-05 11:31:50|gpt|web_search|10|QUESTION_SENT||3458|74068d04-3795-4d3b-9fed-84d24d49576c
2026-04-05 11:31:55|gpt|web_search|13|QUESTION_SENT||3725|f928fdd1-168f-4708-8fdd-1654fbba1b53
2026-04-05 11:32:14|gpt|web_search|10|JSON_VERIFIED||3458|74068d04-3795-4d3b-9fed-84d24d49576c
2026-04-05 11:32:14|gpt|web_search|10|QUESTION|37|3458|74068d04-3795-4d3b-9fed-84d24d49576c
2026-04-05 11:32:14|gpt|web_search|10|JSON_SAVED||3458|74068d04-3795-4d3b-9fed-84d24d49576c
2026-04-05 11:32:14|gpt|web_search|10|QUESTION_ADVANCE||3459|5f1aa7bd-302d-4214-b9ca-07870ca33205
2026-04-05 11:32:36|gpt|web_search|11|QUESTION_SENT||3577|160e97e1-93f2-483a-8004-24d8d1b39cd0
2026-04-05 11:33:11|gpt|web_search|11|JSON_VERIFIED||3577|160e97e1-93f2-483a-8004-24d8d1b39cd0
2026-04-05 11:33:11|gpt|web_search|11|QUESTION|32|3577|160e97e1-93f2-483a-8004-24d8d1b39cd0
2026-04-05 11:33:11|gpt|web_search|11|JSON_SAVED||3577|160e97e1-93f2-483a-8004-24d8d1b39cd0
2026-04-05 11:33:11|gpt|web_search|11|QUESTION_ADVANCE||3578|1389c570-9737-486e-a010-82bac47af553
2026-04-05 11:34:13|gpt|web_search|12|QUESTION_SENT||3870|50e2b9c1-33e7-44ca-8cb9-7295914d499c
2026-04-05 11:34:50|gpt|web_search|12|JSON_VERIFIED||3870|50e2b9c1-33e7-44ca-8cb9-7295914d499c
2026-04-05 11:34:50|gpt|web_search|12|QUESTION|28|3870|50e2b9c1-33e7-44ca-8cb9-7295914d499c
2026-04-05 11:34:50|gpt|web_search|12|JSON_SAVED||3870|50e2b9c1-33e7-44ca-8cb9-7295914d499c
2026-04-05 11:34:50|gpt|web_search|12|QUESTION_ADVANCE||3871|e2529e30-9528-4ae3-8db5-fec30af1e3a3
2026-04-05 11:35:24|gpt|web_search|10|QUESTION_SENT||3459|5f1aa7bd-302d-4214-b9ca-07870ca33205
2026-04-05 11:35:28|gpt|web_search|13|QUESTION_SENT||3725|f928fdd1-168f-4708-8fdd-1654fbba1b53
2026-04-05 11:36:03|gpt|web_search|10|JSON_VERIFIED||3459|5f1aa7bd-302d-4214-b9ca-07870ca33205
2026-04-05 11:36:03|gpt|web_search|10|QUESTION|38|3459|5f1aa7bd-302d-4214-b9ca-07870ca33205
2026-04-05 11:36:03|gpt|web_search|10|JSON_SAVED||3459|5f1aa7bd-302d-4214-b9ca-07870ca33205
2026-04-05 11:36:03|gpt|web_search|10|QUESTION_ADVANCE||3460|79320d09-df50-4368-9676-893c65fbcfda
2026-04-05 11:36:05|gpt|web_search|13|JSON_VERIFIED||3725|f928fdd1-168f-4708-8fdd-1654fbba1b53
2026-04-05 11:36:05|gpt|web_search|13|QUESTION|33|3725|f928fdd1-168f-4708-8fdd-1654fbba1b53
2026-04-05 11:36:05|gpt|web_search|13|JSON_SAVED||3725|f928fdd1-168f-4708-8fdd-1654fbba1b53
2026-04-05 11:36:05|gpt|web_search|13|QUESTION_ADVANCE||3726|295fe15f-1a82-428b-b926-b36a0135cd57
2026-04-05 11:36:12|gpt|web_search|11|QUESTION_SENT||3578|1389c570-9737-486e-a010-82bac47af553
2026-04-05 11:36:51|gpt|web_search|11|JSON_VERIFIED||3578|1389c570-9737-486e-a010-82bac47af553
2026-04-05 11:36:51|gpt|web_search|11|QUESTION|33|3578|1389c570-9737-486e-a010-82bac47af553
2026-04-05 11:36:51|gpt|web_search|11|JSON_SAVED||3578|1389c570-9737-486e-a010-82bac47af553
2026-04-05 11:36:51|gpt|web_search|11|QUESTION_ADVANCE||3579|7a3ac21f-f00d-4f41-ae06-0790520d6d95
2026-04-05 11:38:06|gpt|web_search|12|QUESTION_SENT||3871|e2529e30-9528-4ae3-8db5-fec30af1e3a3
2026-04-05 11:38:41|gpt|web_search|12|JSON_VERIFIED||3871|e2529e30-9528-4ae3-8db5-fec30af1e3a3
2026-04-05 11:38:41|gpt|web_search|12|QUESTION|29|3871|e2529e30-9528-4ae3-8db5-fec30af1e3a3
2026-04-05 11:38:41|gpt|web_search|12|JSON_SAVED||3871|e2529e30-9528-4ae3-8db5-fec30af1e3a3
2026-04-05 11:38:41|gpt|web_search|12|QUESTION_ADVANCE||3872|83d5940d-da87-4d64-84b7-306abfb7a506
2026-04-05 11:38:59|gpt|web_search|10|QUESTION_SENT||3460|79320d09-df50-4368-9676-893c65fbcfda
2026-04-05 11:39:01|gpt|web_search|13|QUESTION_SENT||3726|295fe15f-1a82-428b-b926-b36a0135cd57
2026-04-05 11:39:35|gpt|web_search|10|JSON_VERIFIED||3460|79320d09-df50-4368-9676-893c65fbcfda
2026-04-05 11:39:35|gpt|web_search|10|QUESTION|39|3460|79320d09-df50-4368-9676-893c65fbcfda
2026-04-05 11:39:35|gpt|web_search|10|JSON_SAVED||3460|79320d09-df50-4368-9676-893c65fbcfda
2026-04-05 11:39:35|gpt|web_search|10|QUESTION_ADVANCE||3461|27b12bc2-7561-45aa-abcc-05e8704995ba
2026-04-05 11:39:38|gpt|web_search|13|JSON_VERIFIED||3726|295fe15f-1a82-428b-b926-b36a0135cd57
2026-04-05 11:39:38|gpt|web_search|13|QUESTION|34|3726|295fe15f-1a82-428b-b926-b36a0135cd57
2026-04-05 11:39:38|gpt|web_search|13|JSON_SAVED||3726|295fe15f-1a82-428b-b926-b36a0135cd57
2026-04-05 11:39:38|gpt|web_search|13|QUESTION_ADVANCE||3727|a6372a3b-f862-4c7d-ba28-d8877a696af3
2026-04-05 11:39:49|gpt|web_search|11|QUESTION_SENT||3579|7a3ac21f-f00d-4f41-ae06-0790520d6d95
2026-04-05 11:40:30|gpt|web_search|11|JSON_VERIFY_FAILED||3579|7a3ac21f-f00d-4f41-ae06-0790520d6d95
2026-04-05 11:40:30|gpt|web_search|11|QUESTION|34|3579|7a3ac21f-f00d-4f41-ae06-0790520d6d95
2026-04-05 11:40:40|gpt|web_search|11|QUESTION_SENT||3579|7a3ac21f-f00d-4f41-ae06-0790520d6d95
2026-04-05 11:41:16|gpt|web_search|11|JSON_VERIFIED||3579|7a3ac21f-f00d-4f41-ae06-0790520d6d95
2026-04-05 11:41:16|gpt|web_search|11|QUESTION|35|3579|7a3ac21f-f00d-4f41-ae06-0790520d6d95
2026-04-05 11:41:16|gpt|web_search|11|JSON_SAVED||3579|7a3ac21f-f00d-4f41-ae06-0790520d6d95
2026-04-05 11:41:16|gpt|web_search|11|QUESTION_ADVANCE||3580|6e585d65-d836-49b8-af38-363a3d7405c5
2026-04-05 11:41:59|gpt|web_search|12|QUESTION_SENT||3872|83d5940d-da87-4d64-84b7-306abfb7a506
2026-04-05 11:42:34|gpt|web_search|13|QUESTION_SENT||3727|a6372a3b-f862-4c7d-ba28-d8877a696af3
2026-04-05 11:42:34|gpt|web_search|10|QUESTION_SENT||3461|27b12bc2-7561-45aa-abcc-05e8704995ba
2026-04-05 11:42:37|gpt|web_search|12|JSON_VERIFIED||3872|83d5940d-da87-4d64-84b7-306abfb7a506
2026-04-05 11:42:37|gpt|web_search|12|QUESTION|30|3872|83d5940d-da87-4d64-84b7-306abfb7a506
2026-04-05 11:42:37|gpt|web_search|12|JSON_SAVED||3872|83d5940d-da87-4d64-84b7-306abfb7a506
2026-04-05 11:42:37|gpt|web_search|12|QUESTION_ADVANCE||3873|53448899-6a41-4ec5-8f18-6a1223ceabeb
2026-04-05 11:43:05|gpt|web_search|13|JSON_VERIFY_FAILED||3727|a6372a3b-f862-4c7d-ba28-d8877a696af3
2026-04-05 11:43:05|gpt|web_search|13|QUESTION|35|3727|a6372a3b-f862-4c7d-ba28-d8877a696af3
2026-04-05 11:43:12|gpt|web_search|10|JSON_VERIFIED||3461|27b12bc2-7561-45aa-abcc-05e8704995ba
2026-04-05 11:43:12|gpt|web_search|10|QUESTION|40|3461|27b12bc2-7561-45aa-abcc-05e8704995ba
2026-04-05 11:43:12|gpt|web_search|10|JSON_SAVED||3461|27b12bc2-7561-45aa-abcc-05e8704995ba
2026-04-05 11:43:12|gpt|web_search|10|QUESTION_ADVANCE||3462|2eaf038f-c549-4c89-aa93-a211618ff214
2026-04-05 11:43:15|gpt|web_search|13|QUESTION_SENT||3727|a6372a3b-f862-4c7d-ba28-d8877a696af3
2026-04-05 11:43:36|gpt|web_search|13|JSON_VERIFIED||3727|a6372a3b-f862-4c7d-ba28-d8877a696af3
2026-04-05 11:43:36|gpt|web_search|13|QUESTION|36|3727|a6372a3b-f862-4c7d-ba28-d8877a696af3
2026-04-05 11:43:36|gpt|web_search|13|JSON_SAVED||3727|a6372a3b-f862-4c7d-ba28-d8877a696af3
2026-04-05 11:43:36|gpt|web_search|13|QUESTION_ADVANCE||3728|be3491de-01c5-4355-8646-ed854b734612
2026-04-05 11:44:17|gpt|web_search|11|QUESTION_SENT||3580|6e585d65-d836-49b8-af38-363a3d7405c5
2026-04-05 11:44:54|gpt|web_search|11|JSON_VERIFIED||3580|6e585d65-d836-49b8-af38-363a3d7405c5
2026-04-05 11:44:54|gpt|web_search|11|QUESTION|36|3580|6e585d65-d836-49b8-af38-363a3d7405c5
2026-04-05 11:44:54|gpt|web_search|11|JSON_SAVED||3580|6e585d65-d836-49b8-af38-363a3d7405c5
2026-04-05 11:44:54|gpt|web_search|11|QUESTION_ADVANCE||3581|4109f846-57b9-4555-a6fc-a0c97c5f58b9
2026-04-05 11:45:52|gpt|web_search|12|QUESTION_SENT||3873|53448899-6a41-4ec5-8f18-6a1223ceabeb
2026-04-05 11:46:09|gpt|web_search|10|QUESTION_SENT||3462|2eaf038f-c549-4c89-aa93-a211618ff214
2026-04-05 11:46:26|gpt|web_search|12|JSON_VERIFY_FAILED||3873|53448899-6a41-4ec5-8f18-6a1223ceabeb
2026-04-05 11:46:26|gpt|web_search|12|QUESTION|31|3873|53448899-6a41-4ec5-8f18-6a1223ceabeb
2026-04-05 11:46:48|gpt|web_search|13|QUESTION_SENT||3728|be3491de-01c5-4355-8646-ed854b734612
2026-04-05 11:47:29|gpt|web_search|13|JSON_VERIFIED||3728|be3491de-01c5-4355-8646-ed854b734612
2026-04-05 11:47:29|gpt|web_search|13|QUESTION|37|3728|be3491de-01c5-4355-8646-ed854b734612
2026-04-05 11:47:29|gpt|web_search|13|JSON_SAVED||3728|be3491de-01c5-4355-8646-ed854b734612
2026-04-05 11:47:29|gpt|web_search|13|QUESTION_ADVANCE||3729|e64ca4e8-0a62-4d07-95a9-d44c2e909c1e
2026-04-05 11:47:54|gpt|web_search|11|QUESTION_SENT||3581|4109f846-57b9-4555-a6fc-a0c97c5f58b9
2026-04-05 11:48:29|gpt|web_search|11|JSON_VERIFIED||3581|4109f846-57b9-4555-a6fc-a0c97c5f58b9
2026-04-05 11:48:29|gpt|web_search|11|QUESTION|37|3581|4109f846-57b9-4555-a6fc-a0c97c5f58b9
2026-04-05 11:48:29|gpt|web_search|11|JSON_SAVED||3581|4109f846-57b9-4555-a6fc-a0c97c5f58b9
2026-04-05 11:48:29|gpt|web_search|11|QUESTION_ADVANCE||3582|0126a9b7-6c2a-4800-b7ca-6a0959d2b624
2026-04-05 11:49:44|gpt|web_search|10|QUESTION_SENT||3462|2eaf038f-c549-4c89-aa93-a211618ff214
2026-04-05 11:49:45|gpt|web_search|12|QUESTION_SENT||3873|53448899-6a41-4ec5-8f18-6a1223ceabeb
2026-04-05 11:50:20|gpt|web_search|12|JSON_VERIFIED||3873|53448899-6a41-4ec5-8f18-6a1223ceabeb
2026-04-05 11:50:20|gpt|web_search|12|QUESTION|32|3873|53448899-6a41-4ec5-8f18-6a1223ceabeb
2026-04-05 11:50:20|gpt|web_search|12|JSON_SAVED||3873|53448899-6a41-4ec5-8f18-6a1223ceabeb
2026-04-05 11:50:20|gpt|web_search|12|QUESTION_ADVANCE||3874|3decb4c5-8bcf-4b9c-94ad-12f33cb12cab
2026-04-05 11:50:21|gpt|web_search|13|QUESTION_SENT||3729|e64ca4e8-0a62-4d07-95a9-d44c2e909c1e
2026-04-05 11:50:24|gpt|web_search|10|JSON_VERIFIED||3462|2eaf038f-c549-4c89-aa93-a211618ff214
2026-04-05 11:50:24|gpt|web_search|10|QUESTION|41|3462|2eaf038f-c549-4c89-aa93-a211618ff214
2026-04-05 11:50:24|gpt|web_search|10|JSON_SAVED||3462|2eaf038f-c549-4c89-aa93-a211618ff214
2026-04-05 11:50:24|gpt|web_search|10|QUESTION_ADVANCE||3463|81d1e8eb-645e-42af-8249-b6a918118405
2026-04-05 11:50:52|gpt|web_search|13|JSON_VERIFY_FAILED||3729|e64ca4e8-0a62-4d07-95a9-d44c2e909c1e
2026-04-05 11:50:52|gpt|web_search|13|QUESTION|38|3729|e64ca4e8-0a62-4d07-95a9-d44c2e909c1e
2026-04-05 11:51:02|gpt|web_search|13|QUESTION_SENT||3729|e64ca4e8-0a62-4d07-95a9-d44c2e909c1e
2026-04-05 11:51:26|gpt|web_search|13|JSON_VERIFIED||3729|e64ca4e8-0a62-4d07-95a9-d44c2e909c1e
2026-04-05 11:51:26|gpt|web_search|13|QUESTION|39|3729|e64ca4e8-0a62-4d07-95a9-d44c2e909c1e
2026-04-05 11:51:26|gpt|web_search|13|JSON_SAVED||3729|e64ca4e8-0a62-4d07-95a9-d44c2e909c1e
2026-04-05 11:51:26|gpt|web_search|13|QUESTION_ADVANCE||3730|fe8cd35e-1f0f-4cd2-8585-2e2043510881
2026-04-05 11:51:31|gpt|web_search|11|QUESTION_SENT||3582|0126a9b7-6c2a-4800-b7ca-6a0959d2b624
2026-04-05 11:52:05|gpt|web_search|11|JSON_VERIFY_FAILED||3582|0126a9b7-6c2a-4800-b7ca-6a0959d2b624
2026-04-05 11:52:05|gpt|web_search|11|QUESTION|38|3582|0126a9b7-6c2a-4800-b7ca-6a0959d2b624
2026-04-05 11:52:15|gpt|web_search|11|QUESTION_SENT||3582|0126a9b7-6c2a-4800-b7ca-6a0959d2b624
2026-04-05 11:52:39|gpt|web_search|11|JSON_VERIFIED||3582|0126a9b7-6c2a-4800-b7ca-6a0959d2b624
2026-04-05 11:52:39|gpt|web_search|11|QUESTION|39|3582|0126a9b7-6c2a-4800-b7ca-6a0959d2b624
2026-04-05 11:52:39|gpt|web_search|11|JSON_SAVED||3582|0126a9b7-6c2a-4800-b7ca-6a0959d2b624
2026-04-05 11:52:39|gpt|web_search|11|QUESTION_ADVANCE||3583|e8347f1e-3656-491a-80f3-bde99a636452
2026-04-05 11:53:19|gpt|web_search|10|QUESTION_SENT||3463|81d1e8eb-645e-42af-8249-b6a918118405
2026-04-05 11:53:38|gpt|web_search|12|QUESTION_SENT||3874|3decb4c5-8bcf-4b9c-94ad-12f33cb12cab
2026-04-05 11:53:56|gpt|web_search|10|JSON_VERIFIED||3463|81d1e8eb-645e-42af-8249-b6a918118405
2026-04-05 11:53:56|gpt|web_search|10|QUESTION|42|3463|81d1e8eb-645e-42af-8249-b6a918118405
2026-04-05 11:53:56|gpt|web_search|10|JSON_SAVED||3463|81d1e8eb-645e-42af-8249-b6a918118405
2026-04-05 11:53:56|gpt|web_search|10|QUESTION_ADVANCE||3464|42262b4f-5822-4c10-9089-e1f1f63cac1d
2026-04-05 11:54:16|gpt|web_search|12|JSON_VERIFIED||3874|3decb4c5-8bcf-4b9c-94ad-12f33cb12cab
2026-04-05 11:54:16|gpt|web_search|12|QUESTION|33|3874|3decb4c5-8bcf-4b9c-94ad-12f33cb12cab
2026-04-05 11:54:16|gpt|web_search|12|JSON_SAVED||3874|3decb4c5-8bcf-4b9c-94ad-12f33cb12cab
2026-04-05 11:54:16|gpt|web_search|12|QUESTION_ADVANCE||3875|1fa73136-6dea-4128-bdff-82d5e85438c9
2026-04-05 11:54:34|gpt|web_search|13|QUESTION_SENT||3730|fe8cd35e-1f0f-4cd2-8585-2e2043510881
2026-04-05 11:55:11|gpt|web_search|13|JSON_VERIFIED||3730|fe8cd35e-1f0f-4cd2-8585-2e2043510881
2026-04-05 11:55:11|gpt|web_search|13|QUESTION|40|3730|fe8cd35e-1f0f-4cd2-8585-2e2043510881
2026-04-05 11:55:11|gpt|web_search|13|JSON_SAVED||3730|fe8cd35e-1f0f-4cd2-8585-2e2043510881
2026-04-05 11:55:11|gpt|web_search|13|QUESTION_ADVANCE||3731|5474e560-6062-4e3d-bd30-1bff0653f329
2026-04-05 11:55:51|gpt|web_search|11|QUESTION_SENT||3583|e8347f1e-3656-491a-80f3-bde99a636452
2026-04-05 11:56:28|gpt|web_search|11|JSON_VERIFIED||3583|e8347f1e-3656-491a-80f3-bde99a636452
2026-04-05 11:56:28|gpt|web_search|11|QUESTION|40|3583|e8347f1e-3656-491a-80f3-bde99a636452
2026-04-05 11:56:28|gpt|web_search|11|JSON_SAVED||3583|e8347f1e-3656-491a-80f3-bde99a636452
2026-04-05 11:56:28|gpt|web_search|11|QUESTION_ADVANCE||3584|93cd488d-5dba-4c2b-9047-8440dba847fc
2026-04-05 11:56:54|gpt|web_search|10|QUESTION_SENT||3464|42262b4f-5822-4c10-9089-e1f1f63cac1d
2026-04-05 11:57:30|gpt|web_search|12|QUESTION_SENT||3875|1fa73136-6dea-4128-bdff-82d5e85438c9
2026-04-05 11:57:34|gpt|web_search|10|JSON_VERIFIED||3464|42262b4f-5822-4c10-9089-e1f1f63cac1d
2026-04-05 11:57:34|gpt|web_search|10|QUESTION|43|3464|42262b4f-5822-4c10-9089-e1f1f63cac1d
2026-04-05 11:57:34|gpt|web_search|10|JSON_SAVED||3464|42262b4f-5822-4c10-9089-e1f1f63cac1d
2026-04-05 11:57:34|gpt|web_search|10|QUESTION_ADVANCE||3465|c194b335-beff-41b0-977b-94f9a9a8fc0d
2026-04-05 11:58:07|gpt|web_search|13|QUESTION_SENT||3731|5474e560-6062-4e3d-bd30-1bff0653f329
2026-04-05 11:58:07|gpt|web_search|12|JSON_VERIFIED||3875|1fa73136-6dea-4128-bdff-82d5e85438c9
2026-04-05 11:58:07|gpt|web_search|12|QUESTION|34|3875|1fa73136-6dea-4128-bdff-82d5e85438c9
2026-04-05 11:58:07|gpt|web_search|12|JSON_SAVED||3875|1fa73136-6dea-4128-bdff-82d5e85438c9
2026-04-05 11:58:07|gpt|web_search|12|QUESTION_ADVANCE||3876|84c2707b-cad4-408b-b957-dc6c4d96e20c
2026-04-05 11:59:28|gpt|web_search|11|QUESTION_SENT||3584|93cd488d-5dba-4c2b-9047-8440dba847fc
2026-04-05 12:00:02|gpt|web_search|11|JSON_VERIFY_FAILED||3584|93cd488d-5dba-4c2b-9047-8440dba847fc
2026-04-05 12:00:02|gpt|web_search|11|QUESTION|41|3584|93cd488d-5dba-4c2b-9047-8440dba847fc
2026-04-05 12:00:12|gpt|web_search|11|QUESTION_SENT||3584|93cd488d-5dba-4c2b-9047-8440dba847fc
2026-04-05 12:00:29|gpt|web_search|10|QUESTION_SENT||3465|c194b335-beff-41b0-977b-94f9a9a8fc0d
2026-04-05 12:00:33|gpt|web_search|11|JSON_VERIFY_FAILED||3584|93cd488d-5dba-4c2b-9047-8440dba847fc
2026-04-05 12:00:33|gpt|web_search|11|QUESTION|42|3584|93cd488d-5dba-4c2b-9047-8440dba847fc
2026-04-05 12:01:04|gpt|web_search|10|JSON_VERIFIED||3465|c194b335-beff-41b0-977b-94f9a9a8fc0d
2026-04-05 12:01:04|gpt|web_search|10|QUESTION|44|3465|c194b335-beff-41b0-977b-94f9a9a8fc0d
2026-04-05 12:01:04|gpt|web_search|10|JSON_SAVED||3465|c194b335-beff-41b0-977b-94f9a9a8fc0d
2026-04-05 12:01:04|gpt|web_search|10|QUESTION_ADVANCE||3466|6997e265-5392-4af1-9c02-99659afcb2a0
2026-04-05 12:01:23|gpt|web_search|12|QUESTION_SENT||3876|84c2707b-cad4-408b-b957-dc6c4d96e20c
2026-04-05 12:01:40|gpt|web_search|13|QUESTION_SENT||3731|5474e560-6062-4e3d-bd30-1bff0653f329
2026-04-05 12:02:00|gpt|web_search|12|JSON_VERIFIED||3876|84c2707b-cad4-408b-b957-dc6c4d96e20c
2026-04-05 12:02:00|gpt|web_search|12|QUESTION|35|3876|84c2707b-cad4-408b-b957-dc6c4d96e20c
2026-04-05 12:02:00|gpt|web_search|12|JSON_SAVED||3876|84c2707b-cad4-408b-b957-dc6c4d96e20c
2026-04-05 12:02:00|gpt|web_search|12|QUESTION_ADVANCE||3877|58084b8e-f438-446e-b1df-e4dc05a89bc3
2026-04-05 12:02:20|gpt|web_search|13|JSON_VERIFIED||3731|5474e560-6062-4e3d-bd30-1bff0653f329
2026-04-05 12:02:20|gpt|web_search|13|QUESTION|41|3731|5474e560-6062-4e3d-bd30-1bff0653f329
2026-04-05 12:02:20|gpt|web_search|13|JSON_SAVED||3731|5474e560-6062-4e3d-bd30-1bff0653f329
2026-04-05 12:02:20|gpt|web_search|13|QUESTION_ADVANCE||3732|e79f26c8-0192-4832-b59a-c407ce222f35
2026-04-05 12:03:01|gpt|web_search|11|QUESTION_SENT||3584|93cd488d-5dba-4c2b-9047-8440dba847fc
2026-04-05 12:03:38|gpt|web_search|11|JSON_VERIFIED||3584|93cd488d-5dba-4c2b-9047-8440dba847fc
2026-04-05 12:03:38|gpt|web_search|11|QUESTION|43|3584|93cd488d-5dba-4c2b-9047-8440dba847fc
2026-04-05 12:03:38|gpt|web_search|11|JSON_SAVED||3584|93cd488d-5dba-4c2b-9047-8440dba847fc
2026-04-05 12:03:38|gpt|web_search|11|QUESTION_ADVANCE||3585|4729f64e-2129-42e6-8c6f-7bfd9fd22c07
2026-04-05 12:04:04|gpt|web_search|10|QUESTION_SENT||3466|6997e265-5392-4af1-9c02-99659afcb2a0
2026-04-05 12:04:39|gpt|web_search|10|JSON_VERIFY_FAILED||3466|6997e265-5392-4af1-9c02-99659afcb2a0
2026-04-05 12:04:39|gpt|web_search|10|QUESTION|45|3466|6997e265-5392-4af1-9c02-99659afcb2a0
2026-04-05 12:04:49|gpt|web_search|10|QUESTION_SENT||3466|6997e265-5392-4af1-9c02-99659afcb2a0
2026-04-05 12:05:12|gpt|web_search|10|JSON_VERIFIED||3466|6997e265-5392-4af1-9c02-99659afcb2a0
2026-04-05 12:05:12|gpt|web_search|10|QUESTION|46|3466|6997e265-5392-4af1-9c02-99659afcb2a0
2026-04-05 12:05:12|gpt|web_search|10|JSON_SAVED||3466|6997e265-5392-4af1-9c02-99659afcb2a0
2026-04-05 12:05:12|gpt|web_search|10|QUESTION_ADVANCE||3467|a9dc7735-a7ef-4a42-ba2b-73bec4b14379
2026-04-05 12:05:13|gpt|web_search|13|QUESTION_SENT||3732|e79f26c8-0192-4832-b59a-c407ce222f35
2026-04-05 12:05:16|gpt|web_search|12|QUESTION_SENT||3877|58084b8e-f438-446e-b1df-e4dc05a89bc3
2026-04-05 12:05:52|gpt|web_search|13|JSON_VERIFIED||3732|e79f26c8-0192-4832-b59a-c407ce222f35
2026-04-05 12:05:52|gpt|web_search|13|QUESTION|42|3732|e79f26c8-0192-4832-b59a-c407ce222f35
2026-04-05 12:05:52|gpt|web_search|13|JSON_SAVED||3732|e79f26c8-0192-4832-b59a-c407ce222f35
2026-04-05 12:05:52|gpt|web_search|13|QUESTION_ADVANCE||3733|9e86f30b-24db-4a9d-b6ab-2de477e44e8f
2026-04-05 12:05:53|gpt|web_search|12|JSON_VERIFIED||3877|58084b8e-f438-446e-b1df-e4dc05a89bc3
2026-04-05 12:05:53|gpt|web_search|12|QUESTION|36|3877|58084b8e-f438-446e-b1df-e4dc05a89bc3
2026-04-05 12:05:53|gpt|web_search|12|JSON_SAVED||3877|58084b8e-f438-446e-b1df-e4dc05a89bc3
2026-04-05 12:05:53|gpt|web_search|12|QUESTION_ADVANCE||3878|3a2e9e49-b195-4aef-a06c-26cfe4ad258e
2026-04-05 12:06:38|gpt|web_search|11|QUESTION_SENT||3585|4729f64e-2129-42e6-8c6f-7bfd9fd22c07
2026-04-05 12:07:12|gpt|web_search|11|JSON_VERIFIED||3585|4729f64e-2129-42e6-8c6f-7bfd9fd22c07
2026-04-05 12:07:12|gpt|web_search|11|QUESTION|44|3585|4729f64e-2129-42e6-8c6f-7bfd9fd22c07
2026-04-05 12:07:12|gpt|web_search|11|JSON_SAVED||3585|4729f64e-2129-42e6-8c6f-7bfd9fd22c07
2026-04-05 12:07:12|gpt|web_search|11|QUESTION_ADVANCE||3586|71197cde-e7f5-4da6-b849-640eae5f2c38
2026-04-05 12:08:24|gpt|web_search|10|QUESTION_SENT||3467|a9dc7735-a7ef-4a42-ba2b-73bec4b14379
2026-04-05 12:08:46|gpt|web_search|13|QUESTION_SENT||3733|9e86f30b-24db-4a9d-b6ab-2de477e44e8f
2026-04-05 12:08:59|gpt|web_search|10|JSON_VERIFIED||3467|a9dc7735-a7ef-4a42-ba2b-73bec4b14379
2026-04-05 12:08:59|gpt|web_search|10|QUESTION|47|3467|a9dc7735-a7ef-4a42-ba2b-73bec4b14379
2026-04-05 12:08:59|gpt|web_search|10|JSON_SAVED||3467|a9dc7735-a7ef-4a42-ba2b-73bec4b14379
2026-04-05 12:08:59|gpt|web_search|10|QUESTION_ADVANCE||3468|139d3054-d81d-4e8c-b249-b43a96d8ddc0
2026-04-05 12:09:09|gpt|web_search|12|QUESTION_SENT||3878|3a2e9e49-b195-4aef-a06c-26cfe4ad258e
2026-04-05 12:09:22|gpt|web_search|13|JSON_VERIFY_FAILED||3733|9e86f30b-24db-4a9d-b6ab-2de477e44e8f
2026-04-05 12:09:22|gpt|web_search|13|QUESTION|43|3733|9e86f30b-24db-4a9d-b6ab-2de477e44e8f
2026-04-05 12:09:31|gpt|web_search|13|QUESTION_SENT||3733|9e86f30b-24db-4a9d-b6ab-2de477e44e8f
2026-04-05 12:09:58|gpt|web_search|13|JSON_VERIFIED||3733|9e86f30b-24db-4a9d-b6ab-2de477e44e8f
2026-04-05 12:09:58|gpt|web_search|13|QUESTION|44|3733|9e86f30b-24db-4a9d-b6ab-2de477e44e8f
2026-04-05 12:09:58|gpt|web_search|13|JSON_SAVED||3733|9e86f30b-24db-4a9d-b6ab-2de477e44e8f
2026-04-05 12:09:58|gpt|web_search|13|QUESTION_ADVANCE||3734|6523d3f1-e864-4743-9ebd-cfa36e76b346
2026-04-05 12:10:15|gpt|web_search|11|QUESTION_SENT||3586|71197cde-e7f5-4da6-b849-640eae5f2c38
2026-04-05 12:10:49|gpt|web_search|11|JSON_VERIFIED||3586|71197cde-e7f5-4da6-b849-640eae5f2c38
2026-04-05 12:10:49|gpt|web_search|11|QUESTION|45|3586|71197cde-e7f5-4da6-b849-640eae5f2c38
2026-04-05 12:10:49|gpt|web_search|11|JSON_SAVED||3586|71197cde-e7f5-4da6-b849-640eae5f2c38
2026-04-05 12:10:49|gpt|web_search|11|QUESTION_ADVANCE||3587|44e4571a-2aa0-4e20-83f7-b9a2d4587c3f
2026-04-05 12:11:59|gpt|web_search|10|QUESTION_SENT||3468|139d3054-d81d-4e8c-b249-b43a96d8ddc0
2026-04-05 12:13:02|gpt|web_search|12|QUESTION_SENT||3878|3a2e9e49-b195-4aef-a06c-26cfe4ad258e
2026-04-05 12:13:04|gpt|web_search|13|QUESTION_SENT||3734|6523d3f1-e864-4743-9ebd-cfa36e76b346
2026-04-05 12:13:39|gpt|web_search|12|JSON_VERIFIED||3878|3a2e9e49-b195-4aef-a06c-26cfe4ad258e
2026-04-05 12:13:39|gpt|web_search|12|QUESTION|37|3878|3a2e9e49-b195-4aef-a06c-26cfe4ad258e
2026-04-05 12:13:39|gpt|web_search|12|JSON_SAVED||3878|3a2e9e49-b195-4aef-a06c-26cfe4ad258e
2026-04-05 12:13:39|gpt|web_search|12|QUESTION_ADVANCE||3879|ca39e837-9e30-421e-98fa-7dcf2bab4a79
2026-04-05 12:13:50|gpt|web_search|13|JSON_VERIFIED||3734|6523d3f1-e864-4743-9ebd-cfa36e76b346
2026-04-05 12:13:50|gpt|web_search|13|QUESTION|45|3734|6523d3f1-e864-4743-9ebd-cfa36e76b346
2026-04-05 12:13:50|gpt|web_search|13|JSON_SAVED||3734|6523d3f1-e864-4743-9ebd-cfa36e76b346
2026-04-05 12:13:50|gpt|web_search|13|QUESTION_ADVANCE||3735|7765653f-6e05-4344-b93d-cd96ea82ce95
2026-04-05 12:13:52|gpt|web_search|11|QUESTION_SENT||3587|44e4571a-2aa0-4e20-83f7-b9a2d4587c3f
2026-04-05 12:14:32|gpt|web_search|11|JSON_VERIFIED||3587|44e4571a-2aa0-4e20-83f7-b9a2d4587c3f
2026-04-05 12:14:32|gpt|web_search|11|QUESTION|46|3587|44e4571a-2aa0-4e20-83f7-b9a2d4587c3f
2026-04-05 12:14:32|gpt|web_search|11|JSON_SAVED||3587|44e4571a-2aa0-4e20-83f7-b9a2d4587c3f
2026-04-05 12:14:32|gpt|web_search|11|QUESTION_ADVANCE||3588|a06ce7cc-4f3b-4f39-979a-8c0d101f1192
2026-04-05 12:15:34|gpt|web_search|10|QUESTION_SENT||3468|139d3054-d81d-4e8c-b249-b43a96d8ddc0
2026-04-05 12:16:12|gpt|web_search|10|JSON_VERIFIED||3468|139d3054-d81d-4e8c-b249-b43a96d8ddc0
2026-04-05 12:16:12|gpt|web_search|10|QUESTION|48|3468|139d3054-d81d-4e8c-b249-b43a96d8ddc0
2026-04-05 12:16:12|gpt|web_search|10|JSON_SAVED||3468|139d3054-d81d-4e8c-b249-b43a96d8ddc0
2026-04-05 12:16:12|gpt|web_search|10|QUESTION_ADVANCE||3469|74b1b239-01cc-4252-96e5-31667cbd2c07
2026-04-05 12:16:37|gpt|web_search|13|QUESTION_SENT||3735|7765653f-6e05-4344-b93d-cd96ea82ce95
2026-04-05 12:16:55|gpt|web_search|12|QUESTION_SENT||3879|ca39e837-9e30-421e-98fa-7dcf2bab4a79
2026-04-05 12:17:17|gpt|web_search|13|JSON_VERIFIED||3735|7765653f-6e05-4344-b93d-cd96ea82ce95
2026-04-05 12:17:17|gpt|web_search|13|QUESTION|46|3735|7765653f-6e05-4344-b93d-cd96ea82ce95
2026-04-05 12:17:17|gpt|web_search|13|JSON_SAVED||3735|7765653f-6e05-4344-b93d-cd96ea82ce95
2026-04-05 12:17:17|gpt|web_search|13|QUESTION_ADVANCE||3736|8cd5e807-632b-464d-8d48-ba9e7f989f81
2026-04-05 12:17:29|gpt|web_search|11|QUESTION_SENT||3588|a06ce7cc-4f3b-4f39-979a-8c0d101f1192
2026-04-05 12:17:36|gpt|web_search|12|JSON_VERIFIED||3879|ca39e837-9e30-421e-98fa-7dcf2bab4a79
2026-04-05 12:17:36|gpt|web_search|12|QUESTION|38|3879|ca39e837-9e30-421e-98fa-7dcf2bab4a79
2026-04-05 12:17:36|gpt|web_search|12|JSON_SAVED||3879|ca39e837-9e30-421e-98fa-7dcf2bab4a79
2026-04-05 12:17:36|gpt|web_search|12|QUESTION_ADVANCE||3880|50dadf8b-c9de-4116-82ee-115ebf08565c
2026-04-05 12:18:05|gpt|web_search|11|JSON_VERIFIED||3588|a06ce7cc-4f3b-4f39-979a-8c0d101f1192
2026-04-05 12:18:05|gpt|web_search|11|QUESTION|47|3588|a06ce7cc-4f3b-4f39-979a-8c0d101f1192
2026-04-05 12:18:05|gpt|web_search|11|JSON_SAVED||3588|a06ce7cc-4f3b-4f39-979a-8c0d101f1192
2026-04-05 12:18:05|gpt|web_search|11|QUESTION_ADVANCE||3589|423134d5-e5f2-439f-8b0a-6ef9ae1b16bd
2026-04-05 12:19:08|gpt|web_search|10|QUESTION_SENT||3469|74b1b239-01cc-4252-96e5-31667cbd2c07
2026-04-05 12:19:42|gpt|web_search|10|JSON_VERIFIED||3469|74b1b239-01cc-4252-96e5-31667cbd2c07
2026-04-05 12:19:42|gpt|web_search|10|QUESTION|49|3469|74b1b239-01cc-4252-96e5-31667cbd2c07
2026-04-05 12:19:42|gpt|web_search|10|JSON_SAVED||3469|74b1b239-01cc-4252-96e5-31667cbd2c07
2026-04-05 12:19:42|gpt|web_search|10|QUESTION_ADVANCE||3470|3ac03551-4bbc-4ec9-a4bd-c8f23cbd49ca
2026-04-05 12:20:10|gpt|web_search|13|QUESTION_SENT||3736|8cd5e807-632b-464d-8d48-ba9e7f989f81
2026-04-05 12:20:47|gpt|web_search|13|JSON_VERIFY_FAILED||3736|8cd5e807-632b-464d-8d48-ba9e7f989f81
2026-04-05 12:20:47|gpt|web_search|13|QUESTION|47|3736|8cd5e807-632b-464d-8d48-ba9e7f989f81
2026-04-05 12:20:48|gpt|web_search|12|QUESTION_SENT||3880|50dadf8b-c9de-4116-82ee-115ebf08565c
2026-04-05 12:20:57|gpt|web_search|13|QUESTION_SENT||3736|8cd5e807-632b-464d-8d48-ba9e7f989f81
2026-04-05 12:21:06|gpt|web_search|11|QUESTION_SENT||3589|423134d5-e5f2-439f-8b0a-6ef9ae1b16bd
2026-04-05 12:21:21|gpt|web_search|13|JSON_VERIFIED||3736|8cd5e807-632b-464d-8d48-ba9e7f989f81
2026-04-05 12:21:21|gpt|web_search|13|QUESTION|48|3736|8cd5e807-632b-464d-8d48-ba9e7f989f81
2026-04-05 12:21:21|gpt|web_search|13|JSON_SAVED||3736|8cd5e807-632b-464d-8d48-ba9e7f989f81
2026-04-05 12:21:21|gpt|web_search|13|QUESTION_ADVANCE||3737|17353a85-ab18-4969-bea2-9469e079c045
2026-04-05 12:21:23|gpt|web_search|12|JSON_VERIFIED||3880|50dadf8b-c9de-4116-82ee-115ebf08565c
2026-04-05 12:21:23|gpt|web_search|12|QUESTION|39|3880|50dadf8b-c9de-4116-82ee-115ebf08565c
2026-04-05 12:21:23|gpt|web_search|12|JSON_SAVED||3880|50dadf8b-c9de-4116-82ee-115ebf08565c
2026-04-05 12:21:24|gpt|web_search|12|STOP||3881|
2026-04-05 12:21:43|gpt|web_search|11|JSON_VERIFIED||3589|423134d5-e5f2-439f-8b0a-6ef9ae1b16bd
2026-04-05 12:21:43|gpt|web_search|11|QUESTION|48|3589|423134d5-e5f2-439f-8b0a-6ef9ae1b16bd
2026-04-05 12:21:43|gpt|web_search|11|JSON_SAVED||3589|423134d5-e5f2-439f-8b0a-6ef9ae1b16bd
2026-04-05 12:21:43|gpt|web_search|11|QUESTION_ADVANCE||3590|df5c8cc8-aa34-4d00-b830-70000e547465
2026-04-05 12:22:44|gpt|web_search|10|QUESTION_SENT||3470|3ac03551-4bbc-4ec9-a4bd-c8f23cbd49ca
2026-04-05 12:23:20|gpt|web_search|10|JSON_VERIFIED||3470|3ac03551-4bbc-4ec9-a4bd-c8f23cbd49ca
2026-04-05 12:23:20|gpt|web_search|10|QUESTION|50|3470|3ac03551-4bbc-4ec9-a4bd-c8f23cbd49ca
2026-04-05 12:23:20|gpt|web_search|10|JSON_SAVED||3470|3ac03551-4bbc-4ec9-a4bd-c8f23cbd49ca
2026-04-05 12:23:20|gpt|web_search|10|QUESTION_ADVANCE||3471|3f745fd3-ee20-41c5-be40-f6b68f6cff27
2026-04-05 12:24:30|gpt|web_search|13|QUESTION_SENT||3737|17353a85-ab18-4969-bea2-9469e079c045
2026-04-05 12:24:43|gpt|web_search|11|QUESTION_SENT||3590|df5c8cc8-aa34-4d00-b830-70000e547465
2026-04-05 12:25:20|gpt|web_search|11|JSON_VERIFIED||3590|df5c8cc8-aa34-4d00-b830-70000e547465
2026-04-05 12:25:20|gpt|web_search|11|QUESTION|49|3590|df5c8cc8-aa34-4d00-b830-70000e547465
2026-04-05 12:25:20|gpt|web_search|11|JSON_SAVED||3590|df5c8cc8-aa34-4d00-b830-70000e547465
2026-04-05 12:25:20|gpt|web_search|11|QUESTION_ADVANCE||3591|1529750c-826c-441f-a272-8ade66707c4d
2026-04-05 12:26:18|gpt|web_search|10|QUESTION_SENT||3471|3f745fd3-ee20-41c5-be40-f6b68f6cff27
2026-04-05 12:26:55|gpt|web_search|10|JSON_VERIFIED||3471|3f745fd3-ee20-41c5-be40-f6b68f6cff27
2026-04-05 12:26:55|gpt|web_search|10|QUESTION|51|3471|3f745fd3-ee20-41c5-be40-f6b68f6cff27
2026-04-05 12:26:55|gpt|web_search|10|JSON_SAVED||3471|3f745fd3-ee20-41c5-be40-f6b68f6cff27
2026-04-05 12:26:55|gpt|web_search|10|QUESTION_ADVANCE||3472|0ce4be10-78f7-44f9-b85f-a56e47b23461
2026-04-05 12:28:03|gpt|web_search|13|QUESTION_SENT||3737|17353a85-ab18-4969-bea2-9469e079c045
2026-04-05 12:28:20|gpt|web_search|11|QUESTION_SENT||3591|1529750c-826c-441f-a272-8ade66707c4d
2026-04-05 12:28:40|gpt|web_search|13|JSON_VERIFIED||3737|17353a85-ab18-4969-bea2-9469e079c045
2026-04-05 12:28:40|gpt|web_search|13|QUESTION|49|3737|17353a85-ab18-4969-bea2-9469e079c045
2026-04-05 12:28:40|gpt|web_search|13|JSON_SAVED||3737|17353a85-ab18-4969-bea2-9469e079c045
2026-04-05 12:28:40|gpt|web_search|13|QUESTION_ADVANCE||3738|22966528-3c93-4611-9f62-64ae2b5a75d8
2026-04-05 12:28:52|gpt|web_search|11|JSON_VERIFY_FAILED||3591|1529750c-826c-441f-a272-8ade66707c4d
2026-04-05 12:28:52|gpt|web_search|11|QUESTION|50|3591|1529750c-826c-441f-a272-8ade66707c4d
2026-04-05 12:29:02|gpt|web_search|11|QUESTION_SENT||3591|1529750c-826c-441f-a272-8ade66707c4d
2026-04-05 12:29:28|gpt|web_search|11|JSON_VERIFIED||3591|1529750c-826c-441f-a272-8ade66707c4d
2026-04-05 12:29:28|gpt|web_search|11|QUESTION|51|3591|1529750c-826c-441f-a272-8ade66707c4d
2026-04-05 12:29:28|gpt|web_search|11|JSON_SAVED||3591|1529750c-826c-441f-a272-8ade66707c4d
2026-04-05 12:29:28|gpt|web_search|11|QUESTION_ADVANCE||3592|deb6e31a-16eb-4b47-a541-81f3ffea3b46
2026-04-05 12:29:53|gpt|web_search|10|QUESTION_SENT||3472|0ce4be10-78f7-44f9-b85f-a56e47b23461
2026-04-05 12:31:36|gpt|web_search|13|QUESTION_SENT||3738|22966528-3c93-4611-9f62-64ae2b5a75d8
2026-04-05 12:32:11|gpt|web_search|13|JSON_VERIFIED||3738|22966528-3c93-4611-9f62-64ae2b5a75d8
2026-04-05 12:32:11|gpt|web_search|13|QUESTION|50|3738|22966528-3c93-4611-9f62-64ae2b5a75d8
2026-04-05 12:32:11|gpt|web_search|13|JSON_SAVED||3738|22966528-3c93-4611-9f62-64ae2b5a75d8
2026-04-05 12:32:11|gpt|web_search|13|QUESTION_ADVANCE||3739|79ae9e2e-a04a-44eb-a210-63d9e5ecede4
2026-04-05 12:32:39|gpt|web_search|11|QUESTION_SENT||3592|deb6e31a-16eb-4b47-a541-81f3ffea3b46
2026-04-05 12:33:14|gpt|web_search|11|JSON_VERIFIED||3592|deb6e31a-16eb-4b47-a541-81f3ffea3b46
2026-04-05 12:33:14|gpt|web_search|11|QUESTION|52|3592|deb6e31a-16eb-4b47-a541-81f3ffea3b46
2026-04-05 12:33:14|gpt|web_search|11|JSON_SAVED||3592|deb6e31a-16eb-4b47-a541-81f3ffea3b46
2026-04-05 12:33:14|gpt|web_search|11|QUESTION_ADVANCE||3593|ae0c2691-df7f-4bf7-9657-6dce50cb2e2e
2026-04-05 12:33:28|gpt|web_search|10|QUESTION_SENT||3472|0ce4be10-78f7-44f9-b85f-a56e47b23461
2026-04-05 12:34:05|gpt|web_search|10|JSON_VERIFIED||3472|0ce4be10-78f7-44f9-b85f-a56e47b23461
2026-04-05 12:34:05|gpt|web_search|10|QUESTION|52|3472|0ce4be10-78f7-44f9-b85f-a56e47b23461
2026-04-05 12:34:05|gpt|web_search|10|JSON_SAVED||3472|0ce4be10-78f7-44f9-b85f-a56e47b23461
2026-04-05 12:34:05|gpt|web_search|10|QUESTION_ADVANCE||3473|092a874f-1a13-4f99-96f1-525d4001e79c
2026-04-05 12:35:09|gpt|web_search|13|QUESTION_SENT||3739|79ae9e2e-a04a-44eb-a210-63d9e5ecede4
2026-04-05 12:35:43|gpt|web_search|13|JSON_VERIFIED||3739|79ae9e2e-a04a-44eb-a210-63d9e5ecede4
2026-04-05 12:35:43|gpt|web_search|13|QUESTION|51|3739|79ae9e2e-a04a-44eb-a210-63d9e5ecede4
2026-04-05 12:35:43|gpt|web_search|13|JSON_SAVED||3739|79ae9e2e-a04a-44eb-a210-63d9e5ecede4
2026-04-05 12:35:43|gpt|web_search|13|QUESTION_ADVANCE||3740|e5361412-78e6-4138-9778-333eb97a43e2
2026-04-05 12:36:16|gpt|web_search|11|QUESTION_SENT||3593|ae0c2691-df7f-4bf7-9657-6dce50cb2e2e
2026-04-05 12:36:54|gpt|web_search|11|JSON_VERIFIED||3593|ae0c2691-df7f-4bf7-9657-6dce50cb2e2e
2026-04-05 12:36:54|gpt|web_search|11|QUESTION|53|3593|ae0c2691-df7f-4bf7-9657-6dce50cb2e2e
2026-04-05 12:36:54|gpt|web_search|11|JSON_SAVED||3593|ae0c2691-df7f-4bf7-9657-6dce50cb2e2e
2026-04-05 12:36:54|gpt|web_search|11|QUESTION_ADVANCE||3594|bdbfaa6a-ac48-4146-89be-1b08095c39c7
2026-04-05 12:37:03|gpt|web_search|10|QUESTION_SENT||3473|092a874f-1a13-4f99-96f1-525d4001e79c
2026-04-05 12:37:40|gpt|web_search|10|JSON_VERIFIED||3473|092a874f-1a13-4f99-96f1-525d4001e79c
2026-04-05 12:37:40|gpt|web_search|10|QUESTION|53|3473|092a874f-1a13-4f99-96f1-525d4001e79c
2026-04-05 12:37:40|gpt|web_search|10|JSON_SAVED||3473|092a874f-1a13-4f99-96f1-525d4001e79c
2026-04-05 12:37:40|gpt|web_search|10|QUESTION_ADVANCE||3474|21f8a9df-77fa-4e8f-b408-61cc1097858b
2026-04-05 12:38:42|gpt|web_search|13|QUESTION_SENT||3740|e5361412-78e6-4138-9778-333eb97a43e2
2026-04-05 12:39:18|gpt|web_search|13|JSON_VERIFIED||3740|e5361412-78e6-4138-9778-333eb97a43e2
2026-04-05 12:39:18|gpt|web_search|13|QUESTION|52|3740|e5361412-78e6-4138-9778-333eb97a43e2
2026-04-05 12:39:18|gpt|web_search|13|JSON_SAVED||3740|e5361412-78e6-4138-9778-333eb97a43e2
2026-04-05 12:39:18|gpt|web_search|13|QUESTION_ADVANCE||3741|c12cf40e-f14f-48fc-ba65-623952c034e2
2026-04-05 12:39:53|gpt|web_search|11|QUESTION_SENT||3594|bdbfaa6a-ac48-4146-89be-1b08095c39c7
2026-04-05 12:40:29|gpt|web_search|11|JSON_VERIFIED||3594|bdbfaa6a-ac48-4146-89be-1b08095c39c7
2026-04-05 12:40:29|gpt|web_search|11|QUESTION|54|3594|bdbfaa6a-ac48-4146-89be-1b08095c39c7
2026-04-05 12:40:29|gpt|web_search|11|JSON_SAVED||3594|bdbfaa6a-ac48-4146-89be-1b08095c39c7
2026-04-05 12:40:29|gpt|web_search|11|QUESTION_ADVANCE||3595|5ebf6690-948c-4ee9-a31b-7b7ad3dc39bc
2026-04-05 12:40:38|gpt|web_search|10|QUESTION_SENT||3474|21f8a9df-77fa-4e8f-b408-61cc1097858b
2026-04-05 12:41:13|gpt|web_search|10|JSON_VERIFIED||3474|21f8a9df-77fa-4e8f-b408-61cc1097858b
2026-04-05 12:41:13|gpt|web_search|10|QUESTION|54|3474|21f8a9df-77fa-4e8f-b408-61cc1097858b
2026-04-05 12:41:13|gpt|web_search|10|JSON_SAVED||3474|21f8a9df-77fa-4e8f-b408-61cc1097858b
2026-04-05 12:41:13|gpt|web_search|10|QUESTION_ADVANCE||3475|054e80dc-30cb-4009-809c-cff285774537
2026-04-05 12:42:14|gpt|web_search|13|QUESTION_SENT||3741|c12cf40e-f14f-48fc-ba65-623952c034e2
2026-04-05 12:42:53|gpt|web_search|13|JSON_VERIFIED||3741|c12cf40e-f14f-48fc-ba65-623952c034e2
2026-04-05 12:42:53|gpt|web_search|13|QUESTION|53|3741|c12cf40e-f14f-48fc-ba65-623952c034e2
2026-04-05 12:42:53|gpt|web_search|13|JSON_SAVED||3741|c12cf40e-f14f-48fc-ba65-623952c034e2
2026-04-05 12:42:53|gpt|web_search|13|QUESTION_ADVANCE||3742|3ab3c4e0-6110-43fa-83b6-ca2ea103b753
2026-04-05 12:43:30|gpt|web_search|11|QUESTION_SENT||3595|5ebf6690-948c-4ee9-a31b-7b7ad3dc39bc
2026-04-05 12:44:08|gpt|web_search|11|JSON_VERIFIED||3595|5ebf6690-948c-4ee9-a31b-7b7ad3dc39bc
2026-04-05 12:44:08|gpt|web_search|11|QUESTION|55|3595|5ebf6690-948c-4ee9-a31b-7b7ad3dc39bc
2026-04-05 12:44:08|gpt|web_search|11|JSON_SAVED||3595|5ebf6690-948c-4ee9-a31b-7b7ad3dc39bc
2026-04-05 12:44:08|gpt|web_search|11|QUESTION_ADVANCE||3596|836974bf-4497-454a-ad1c-7ce34e70e02e
2026-04-05 12:44:13|gpt|web_search|10|QUESTION_SENT||3475|054e80dc-30cb-4009-809c-cff285774537
2026-04-05 12:44:48|gpt|web_search|10|JSON_VERIFY_FAILED||3475|054e80dc-30cb-4009-809c-cff285774537
2026-04-05 12:44:48|gpt|web_search|10|QUESTION|55|3475|054e80dc-30cb-4009-809c-cff285774537
2026-04-05 12:44:58|gpt|web_search|10|QUESTION_SENT||3475|054e80dc-30cb-4009-809c-cff285774537
2026-04-05 12:45:20|gpt|web_search|10|JSON_VERIFY_FAILED||3475|054e80dc-30cb-4009-809c-cff285774537
2026-04-05 12:45:20|gpt|web_search|10|QUESTION|56|3475|054e80dc-30cb-4009-809c-cff285774537
2026-04-05 12:46:12|gpt|web_search|13|QUESTION_SENT||3742|3ab3c4e0-6110-43fa-83b6-ca2ea103b753
2026-04-05 12:46:49|gpt|web_search|13|JSON_VERIFIED||3742|3ab3c4e0-6110-43fa-83b6-ca2ea103b753
2026-04-05 12:46:49|gpt|web_search|13|QUESTION|54|3742|3ab3c4e0-6110-43fa-83b6-ca2ea103b753
2026-04-05 12:46:49|gpt|web_search|13|JSON_SAVED||3742|3ab3c4e0-6110-43fa-83b6-ca2ea103b753
2026-04-05 12:46:49|gpt|web_search|13|QUESTION_ADVANCE||3743|cc37f562-79ed-4dea-9e93-17e21c98d392
2026-04-05 12:47:06|gpt|web_search|11|QUESTION_SENT||3596|836974bf-4497-454a-ad1c-7ce34e70e02e
2026-04-05 12:47:40|gpt|web_search|11|JSON_VERIFIED||3596|836974bf-4497-454a-ad1c-7ce34e70e02e
2026-04-05 12:47:40|gpt|web_search|11|QUESTION|56|3596|836974bf-4497-454a-ad1c-7ce34e70e02e
2026-04-05 12:47:40|gpt|web_search|11|JSON_SAVED||3596|836974bf-4497-454a-ad1c-7ce34e70e02e
2026-04-05 12:47:40|gpt|web_search|11|QUESTION_ADVANCE||3597|f3fefd02-cb70-4f62-a52c-17c157967dd4
2026-04-05 12:47:47|gpt|web_search|10|QUESTION_SENT||3475|054e80dc-30cb-4009-809c-cff285774537
2026-04-05 12:48:23|gpt|web_search|10|JSON_VERIFIED||3475|054e80dc-30cb-4009-809c-cff285774537
2026-04-05 12:48:23|gpt|web_search|10|QUESTION|57|3475|054e80dc-30cb-4009-809c-cff285774537
2026-04-05 12:48:23|gpt|web_search|10|JSON_SAVED||3475|054e80dc-30cb-4009-809c-cff285774537
2026-04-05 12:48:23|gpt|web_search|10|QUESTION_ADVANCE||3476|83f2d81c-a113-4b74-b0cd-ecfc5e427c0d
2026-04-05 12:49:45|gpt|web_search|13|QUESTION_SENT||3743|cc37f562-79ed-4dea-9e93-17e21c98d392
2026-04-05 12:50:21|gpt|web_search|13|JSON_VERIFIED||3743|cc37f562-79ed-4dea-9e93-17e21c98d392
2026-04-05 12:50:21|gpt|web_search|13|QUESTION|55|3743|cc37f562-79ed-4dea-9e93-17e21c98d392
2026-04-05 12:50:21|gpt|web_search|13|JSON_SAVED||3743|cc37f562-79ed-4dea-9e93-17e21c98d392
2026-04-05 12:50:21|gpt|web_search|13|QUESTION_ADVANCE||3744|62412634-be9a-4e29-a5eb-6a008c511be7
2026-04-05 12:50:43|gpt|web_search|11|QUESTION_SENT||3597|f3fefd02-cb70-4f62-a52c-17c157967dd4
2026-04-05 12:51:17|gpt|web_search|11|JSON_VERIFY_FAILED||3597|f3fefd02-cb70-4f62-a52c-17c157967dd4
2026-04-05 12:51:17|gpt|web_search|11|QUESTION|57|3597|f3fefd02-cb70-4f62-a52c-17c157967dd4
2026-04-05 12:51:22|gpt|web_search|10|QUESTION_SENT||3476|83f2d81c-a113-4b74-b0cd-ecfc5e427c0d
2026-04-05 12:51:27|gpt|web_search|11|QUESTION_SENT||3597|f3fefd02-cb70-4f62-a52c-17c157967dd4
2026-04-05 12:51:59|gpt|web_search|10|JSON_VERIFIED||3476|83f2d81c-a113-4b74-b0cd-ecfc5e427c0d
2026-04-05 12:51:59|gpt|web_search|10|QUESTION|58|3476|83f2d81c-a113-4b74-b0cd-ecfc5e427c0d
2026-04-05 12:51:59|gpt|web_search|10|JSON_SAVED||3476|83f2d81c-a113-4b74-b0cd-ecfc5e427c0d
2026-04-05 12:51:59|gpt|web_search|10|QUESTION_ADVANCE||3477|8a554e4a-28ea-409a-94cb-4591d1f50ab1
2026-04-05 12:53:43|gpt|web_search|13|QUESTION_SENT||3744|62412634-be9a-4e29-a5eb-6a008c511be7
2026-04-05 12:54:21|gpt|web_search|13|JSON_VERIFIED||3744|62412634-be9a-4e29-a5eb-6a008c511be7
2026-04-05 12:54:21|gpt|web_search|13|QUESTION|56|3744|62412634-be9a-4e29-a5eb-6a008c511be7
2026-04-05 12:54:21|gpt|web_search|13|JSON_SAVED||3744|62412634-be9a-4e29-a5eb-6a008c511be7
2026-04-05 12:54:21|gpt|web_search|13|QUESTION_ADVANCE||3745|5e3d72f3-f98e-48f6-8c27-216d03d79708
2026-04-05 12:54:57|gpt|web_search|10|QUESTION_SENT||3477|8a554e4a-28ea-409a-94cb-4591d1f50ab1
2026-04-05 12:55:04|gpt|web_search|11|QUESTION_SENT||3597|f3fefd02-cb70-4f62-a52c-17c157967dd4
2026-04-05 12:55:42|gpt|web_search|11|JSON_VERIFIED||3597|f3fefd02-cb70-4f62-a52c-17c157967dd4
2026-04-05 12:55:42|gpt|web_search|11|QUESTION|58|3597|f3fefd02-cb70-4f62-a52c-17c157967dd4
2026-04-05 12:55:42|gpt|web_search|11|JSON_SAVED||3597|f3fefd02-cb70-4f62-a52c-17c157967dd4
2026-04-05 12:55:42|gpt|web_search|11|QUESTION_ADVANCE||3598|eeecc120-96d6-4c99-b615-71c6ff2c812b
2026-04-05 12:55:51|gpt|web_search|10|JSON_VERIFIED||3477|8a554e4a-28ea-409a-94cb-4591d1f50ab1
2026-04-05 12:55:51|gpt|web_search|10|QUESTION|59|3477|8a554e4a-28ea-409a-94cb-4591d1f50ab1
2026-04-05 12:55:51|gpt|web_search|10|JSON_SAVED||3477|8a554e4a-28ea-409a-94cb-4591d1f50ab1
2026-04-05 12:55:51|gpt|web_search|10|QUESTION_ADVANCE||3478|7e2228b2-96c4-49d0-895a-7abe32db919f
2026-04-05 12:57:16|gpt|web_search|13|QUESTION_SENT||3745|5e3d72f3-f98e-48f6-8c27-216d03d79708
2026-04-05 12:57:50|gpt|web_search|13|JSON_VERIFIED||3745|5e3d72f3-f98e-48f6-8c27-216d03d79708
2026-04-05 12:57:50|gpt|web_search|13|QUESTION|57|3745|5e3d72f3-f98e-48f6-8c27-216d03d79708
2026-04-05 12:57:50|gpt|web_search|13|JSON_SAVED||3745|5e3d72f3-f98e-48f6-8c27-216d03d79708
2026-04-05 12:57:50|gpt|web_search|13|QUESTION_ADVANCE||3746|88d7742e-6667-4ece-acaa-06e5ba46fbd4
2026-04-05 12:58:32|gpt|web_search|10|QUESTION_SENT||3478|7e2228b2-96c4-49d0-895a-7abe32db919f
2026-04-05 12:58:41|gpt|web_search|11|QUESTION_SENT||3598|eeecc120-96d6-4c99-b615-71c6ff2c812b
2026-04-05 12:59:09|gpt|web_search|10|JSON_VERIFIED||3478|7e2228b2-96c4-49d0-895a-7abe32db919f
2026-04-05 12:59:09|gpt|web_search|10|QUESTION|60|3478|7e2228b2-96c4-49d0-895a-7abe32db919f
2026-04-05 12:59:09|gpt|web_search|10|JSON_SAVED||3478|7e2228b2-96c4-49d0-895a-7abe32db919f
2026-04-05 12:59:09|gpt|web_search|10|QUESTION_ADVANCE||3479|e3d14fd5-baef-462a-8be2-390b5bcd47d8
2026-04-05 12:59:18|gpt|web_search|11|JSON_VERIFIED||3598|eeecc120-96d6-4c99-b615-71c6ff2c812b
2026-04-05 12:59:18|gpt|web_search|11|QUESTION|59|3598|eeecc120-96d6-4c99-b615-71c6ff2c812b
2026-04-05 12:59:18|gpt|web_search|11|JSON_SAVED||3598|eeecc120-96d6-4c99-b615-71c6ff2c812b
2026-04-05 12:59:18|gpt|web_search|11|QUESTION_ADVANCE||3599|a062f559-0fbb-4128-9135-d0ae83976b05
2026-04-05 13:00:49|gpt|web_search|13|QUESTION_SENT||3746|88d7742e-6667-4ece-acaa-06e5ba46fbd4
2026-04-05 13:01:27|gpt|web_search|13|JSON_VERIFIED||3746|88d7742e-6667-4ece-acaa-06e5ba46fbd4
2026-04-05 13:01:27|gpt|web_search|13|QUESTION|58|3746|88d7742e-6667-4ece-acaa-06e5ba46fbd4
2026-04-05 13:01:27|gpt|web_search|13|JSON_SAVED||3746|88d7742e-6667-4ece-acaa-06e5ba46fbd4
2026-04-05 13:01:27|gpt|web_search|13|QUESTION_ADVANCE||3747|56cab018-2f35-4182-b750-a8671ba5b553
2026-04-05 13:02:07|gpt|web_search|10|QUESTION_SENT||3479|e3d14fd5-baef-462a-8be2-390b5bcd47d8
2026-04-05 13:02:18|gpt|web_search|11|QUESTION_SENT||3599|a062f559-0fbb-4128-9135-d0ae83976b05
2026-04-05 13:02:40|gpt|web_search|11|JSON_VERIFY_FAILED||3599|a062f559-0fbb-4128-9135-d0ae83976b05
2026-04-05 13:02:40|gpt|web_search|11|QUESTION|60|3599|a062f559-0fbb-4128-9135-d0ae83976b05
2026-04-05 13:02:41|gpt|web_search|10|JSON_VERIFY_FAILED||3479|e3d14fd5-baef-462a-8be2-390b5bcd47d8
2026-04-05 13:02:41|gpt|web_search|10|QUESTION|61|3479|e3d14fd5-baef-462a-8be2-390b5bcd47d8
2026-04-05 13:02:50|gpt|web_search|11|QUESTION_SENT||3599|a062f559-0fbb-4128-9135-d0ae83976b05
2026-04-05 13:02:51|gpt|web_search|10|QUESTION_SENT||3479|e3d14fd5-baef-462a-8be2-390b5bcd47d8
2026-04-05 13:03:12|gpt|web_search|10|JSON_VERIFIED||3479|e3d14fd5-baef-462a-8be2-390b5bcd47d8
2026-04-05 13:03:12|gpt|web_search|10|QUESTION|62|3479|e3d14fd5-baef-462a-8be2-390b5bcd47d8
2026-04-05 13:03:12|gpt|web_search|10|JSON_SAVED||3479|e3d14fd5-baef-462a-8be2-390b5bcd47d8
2026-04-05 13:03:12|gpt|web_search|10|QUESTION_ADVANCE||3480|717a784d-c971-42a4-a0b6-c7be3421b157
2026-04-05 13:03:13|gpt|web_search|11|JSON_VERIFIED||3599|a062f559-0fbb-4128-9135-d0ae83976b05
2026-04-05 13:03:13|gpt|web_search|11|QUESTION|61|3599|a062f559-0fbb-4128-9135-d0ae83976b05
2026-04-05 13:03:13|gpt|web_search|11|JSON_SAVED||3599|a062f559-0fbb-4128-9135-d0ae83976b05
2026-04-05 13:03:13|gpt|web_search|11|QUESTION_ADVANCE||3600|9cbe81a1-5c4a-470e-ba46-277b0e85c092
2026-04-05 13:04:22|gpt|web_search|13|QUESTION_SENT||3747|56cab018-2f35-4182-b750-a8671ba5b553
2026-04-05 13:06:26|gpt|web_search|10|QUESTION_SENT||3480|717a784d-c971-42a4-a0b6-c7be3421b157
2026-04-05 13:06:27|gpt|web_search|11|QUESTION_SENT||3600|9cbe81a1-5c4a-470e-ba46-277b0e85c092
2026-04-05 13:07:00|gpt|web_search|10|JSON_VERIFIED||3480|717a784d-c971-42a4-a0b6-c7be3421b157
2026-04-05 13:07:00|gpt|web_search|10|QUESTION|63|3480|717a784d-c971-42a4-a0b6-c7be3421b157
2026-04-05 13:07:00|gpt|web_search|10|JSON_SAVED||3480|717a784d-c971-42a4-a0b6-c7be3421b157
2026-04-05 13:07:00|gpt|web_search|10|QUESTION_ADVANCE||3481|24c941cb-94c9-459e-b27b-939c8149d3e2
2026-04-05 13:07:05|gpt|web_search|11|JSON_VERIFIED||3600|9cbe81a1-5c4a-470e-ba46-277b0e85c092
2026-04-05 13:07:05|gpt|web_search|11|QUESTION|62|3600|9cbe81a1-5c4a-470e-ba46-277b0e85c092
2026-04-05 13:07:05|gpt|web_search|11|JSON_SAVED||3600|9cbe81a1-5c4a-470e-ba46-277b0e85c092
2026-04-05 13:07:05|gpt|web_search|11|QUESTION_ADVANCE||3601|1719a87e-864b-4af0-9f07-a77fb1513cfb
2026-04-05 13:07:55|gpt|web_search|13|QUESTION_SENT||3747|56cab018-2f35-4182-b750-a8671ba5b553
2026-04-05 13:08:31|gpt|web_search|13|JSON_VERIFIED||3747|56cab018-2f35-4182-b750-a8671ba5b553
2026-04-05 13:08:31|gpt|web_search|13|QUESTION|59|3747|56cab018-2f35-4182-b750-a8671ba5b553
2026-04-05 13:08:31|gpt|web_search|13|JSON_SAVED||3747|56cab018-2f35-4182-b750-a8671ba5b553
2026-04-05 13:08:31|gpt|web_search|13|QUESTION_ADVANCE||3748|48de5fda-af21-4d0a-a8a4-a567c0a3dbad
2026-04-05 13:10:01|gpt|web_search|10|QUESTION_SENT||3481|24c941cb-94c9-459e-b27b-939c8149d3e2
2026-04-05 13:10:04|gpt|web_search|11|QUESTION_SENT||3601|1719a87e-864b-4af0-9f07-a77fb1513cfb
2026-04-05 13:10:39|gpt|web_search|10|JSON_VERIFIED||3481|24c941cb-94c9-459e-b27b-939c8149d3e2
2026-04-05 13:10:39|gpt|web_search|10|QUESTION|64|3481|24c941cb-94c9-459e-b27b-939c8149d3e2
2026-04-05 13:10:39|gpt|web_search|10|JSON_SAVED||3481|24c941cb-94c9-459e-b27b-939c8149d3e2
2026-04-05 13:10:39|gpt|web_search|10|QUESTION_ADVANCE||3482|b79caada-257e-440c-83eb-c3e504fd532c
2026-04-05 13:10:41|gpt|web_search|11|JSON_VERIFIED||3601|1719a87e-864b-4af0-9f07-a77fb1513cfb
2026-04-05 13:10:41|gpt|web_search|11|QUESTION|63|3601|1719a87e-864b-4af0-9f07-a77fb1513cfb
2026-04-05 13:10:41|gpt|web_search|11|JSON_SAVED||3601|1719a87e-864b-4af0-9f07-a77fb1513cfb
2026-04-05 13:10:41|gpt|web_search|11|QUESTION_ADVANCE||3602|baf53736-8613-48f9-a810-798aa6e11013
2026-04-05 13:11:27|gpt|web_search|13|QUESTION_SENT||3748|48de5fda-af21-4d0a-a8a4-a567c0a3dbad
2026-04-05 13:12:03|gpt|web_search|13|JSON_VERIFIED||3748|48de5fda-af21-4d0a-a8a4-a567c0a3dbad
2026-04-05 13:12:03|gpt|web_search|13|QUESTION|60|3748|48de5fda-af21-4d0a-a8a4-a567c0a3dbad
2026-04-05 13:12:03|gpt|web_search|13|JSON_SAVED||3748|48de5fda-af21-4d0a-a8a4-a567c0a3dbad
2026-04-05 13:12:03|gpt|web_search|13|QUESTION_ADVANCE||3749|ba9b7482-95c9-4372-972d-b13d91e64f16
2026-04-05 13:13:35|gpt|web_search|10|QUESTION_SENT||3482|b79caada-257e-440c-83eb-c3e504fd532c
2026-04-05 13:13:41|gpt|web_search|11|QUESTION_SENT||3602|baf53736-8613-48f9-a810-798aa6e11013
2026-04-05 13:14:11|gpt|web_search|10|JSON_VERIFY_FAILED||3482|b79caada-257e-440c-83eb-c3e504fd532c
2026-04-05 13:14:11|gpt|web_search|10|QUESTION|65|3482|b79caada-257e-440c-83eb-c3e504fd532c
2026-04-05 13:14:18|gpt|web_search|11|JSON_VERIFIED||3602|baf53736-8613-48f9-a810-798aa6e11013
2026-04-05 13:14:18|gpt|web_search|11|QUESTION|64|3602|baf53736-8613-48f9-a810-798aa6e11013
2026-04-05 13:14:18|gpt|web_search|11|JSON_SAVED||3602|baf53736-8613-48f9-a810-798aa6e11013
2026-04-05 13:14:18|gpt|web_search|11|QUESTION_ADVANCE||3603|efa9390a-bacb-42be-8b4e-d33dc650e6d5
2026-04-05 13:15:00|gpt|web_search|13|QUESTION_SENT||3749|ba9b7482-95c9-4372-972d-b13d91e64f16
2026-04-05 13:15:36|gpt|web_search|13|JSON_VERIFIED||3749|ba9b7482-95c9-4372-972d-b13d91e64f16
2026-04-05 13:15:36|gpt|web_search|13|QUESTION|61|3749|ba9b7482-95c9-4372-972d-b13d91e64f16
2026-04-05 13:15:36|gpt|web_search|13|JSON_SAVED||3749|ba9b7482-95c9-4372-972d-b13d91e64f16
2026-04-05 13:15:36|gpt|web_search|13|QUESTION_ADVANCE||3750|a6add1f6-573c-4ba2-b3e7-4ecf613a7dc5
2026-04-05 13:17:10|gpt|web_search|10|QUESTION_SENT||3482|b79caada-257e-440c-83eb-c3e504fd532c
2026-04-05 13:17:18|gpt|web_search|11|QUESTION_SENT||3603|efa9390a-bacb-42be-8b4e-d33dc650e6d5
2026-04-05 13:17:47|gpt|web_search|10|JSON_VERIFIED||3482|b79caada-257e-440c-83eb-c3e504fd532c
2026-04-05 13:17:47|gpt|web_search|10|QUESTION|66|3482|b79caada-257e-440c-83eb-c3e504fd532c
2026-04-05 13:17:47|gpt|web_search|10|JSON_SAVED||3482|b79caada-257e-440c-83eb-c3e504fd532c
2026-04-05 13:17:47|gpt|web_search|10|QUESTION_ADVANCE||3483|24514266-c6b4-4f43-9feb-2e5430ec2afc
2026-04-05 13:17:52|gpt|web_search|11|JSON_VERIFIED||3603|efa9390a-bacb-42be-8b4e-d33dc650e6d5
2026-04-05 13:17:52|gpt|web_search|11|QUESTION|65|3603|efa9390a-bacb-42be-8b4e-d33dc650e6d5
2026-04-05 13:17:52|gpt|web_search|11|JSON_SAVED||3603|efa9390a-bacb-42be-8b4e-d33dc650e6d5
2026-04-05 13:17:52|gpt|web_search|11|QUESTION_ADVANCE||3604|b10b92c9-82e9-4f54-a8f6-d9f505e249b7
2026-04-05 13:18:33|gpt|web_search|13|QUESTION_SENT||3750|a6add1f6-573c-4ba2-b3e7-4ecf613a7dc5
2026-04-05 13:19:16|gpt|web_search|13|JSON_VERIFIED||3750|a6add1f6-573c-4ba2-b3e7-4ecf613a7dc5
2026-04-05 13:19:16|gpt|web_search|13|QUESTION|62|3750|a6add1f6-573c-4ba2-b3e7-4ecf613a7dc5
2026-04-05 13:19:16|gpt|web_search|13|JSON_SAVED||3750|a6add1f6-573c-4ba2-b3e7-4ecf613a7dc5
2026-04-05 13:19:16|gpt|web_search|13|QUESTION_ADVANCE||3751|d447d7f9-519d-4b29-84cd-eabc8bbf9cae
2026-04-05 13:20:45|gpt|web_search|10|QUESTION_SENT||3483|24514266-c6b4-4f43-9feb-2e5430ec2afc
2026-04-05 13:20:55|gpt|web_search|11|QUESTION_SENT||3604|b10b92c9-82e9-4f54-a8f6-d9f505e249b7
2026-04-05 13:21:19|gpt|web_search|10|JSON_VERIFIED||3483|24514266-c6b4-4f43-9feb-2e5430ec2afc
2026-04-05 13:21:19|gpt|web_search|10|QUESTION|67|3483|24514266-c6b4-4f43-9feb-2e5430ec2afc
2026-04-05 13:21:19|gpt|web_search|10|JSON_SAVED||3483|24514266-c6b4-4f43-9feb-2e5430ec2afc
2026-04-05 13:21:19|gpt|web_search|10|QUESTION_ADVANCE||3484|32c4018c-e45b-425c-9ceb-9df867b39c00
2026-04-05 13:21:30|gpt|web_search|11|JSON_VERIFIED||3604|b10b92c9-82e9-4f54-a8f6-d9f505e249b7
2026-04-05 13:21:30|gpt|web_search|11|QUESTION|66|3604|b10b92c9-82e9-4f54-a8f6-d9f505e249b7
2026-04-05 13:21:30|gpt|web_search|11|JSON_SAVED||3604|b10b92c9-82e9-4f54-a8f6-d9f505e249b7
2026-04-05 13:21:30|gpt|web_search|11|QUESTION_ADVANCE||3605|2bcc6a94-3ad3-4512-bbd1-09b00130f0ba
2026-04-05 13:22:07|gpt|web_search|13|QUESTION_SENT||3751|d447d7f9-519d-4b29-84cd-eabc8bbf9cae
2026-04-05 13:22:48|gpt|web_search|13|JSON_VERIFIED||3751|d447d7f9-519d-4b29-84cd-eabc8bbf9cae
2026-04-05 13:22:48|gpt|web_search|13|QUESTION|63|3751|d447d7f9-519d-4b29-84cd-eabc8bbf9cae
2026-04-05 13:22:48|gpt|web_search|13|JSON_SAVED||3751|d447d7f9-519d-4b29-84cd-eabc8bbf9cae
2026-04-05 13:22:48|gpt|web_search|13|QUESTION_ADVANCE||3752|35f2fb49-5a5d-439d-96e7-540a70f12774
2026-04-05 13:24:20|gpt|web_search|10|QUESTION_SENT||3484|32c4018c-e45b-425c-9ceb-9df867b39c00
2026-04-05 13:24:32|gpt|web_search|11|QUESTION_SENT||3605|2bcc6a94-3ad3-4512-bbd1-09b00130f0ba
2026-04-05 13:24:57|gpt|web_search|10|JSON_VERIFIED||3484|32c4018c-e45b-425c-9ceb-9df867b39c00
2026-04-05 13:24:57|gpt|web_search|10|QUESTION|68|3484|32c4018c-e45b-425c-9ceb-9df867b39c00
2026-04-05 13:24:57|gpt|web_search|10|JSON_SAVED||3484|32c4018c-e45b-425c-9ceb-9df867b39c00
2026-04-05 13:24:57|gpt|web_search|10|QUESTION_ADVANCE||3485|89416f88-7a49-4931-abf4-d6f66bed082d
2026-04-05 13:25:06|gpt|web_search|11|JSON_VERIFIED||3605|2bcc6a94-3ad3-4512-bbd1-09b00130f0ba
2026-04-05 13:25:06|gpt|web_search|11|QUESTION|67|3605|2bcc6a94-3ad3-4512-bbd1-09b00130f0ba
2026-04-05 13:25:06|gpt|web_search|11|JSON_SAVED||3605|2bcc6a94-3ad3-4512-bbd1-09b00130f0ba
2026-04-05 13:25:06|gpt|web_search|11|QUESTION_ADVANCE||3606|bd12287c-1b39-430b-bb83-621d6c4b2029
2026-04-05 13:25:40|gpt|web_search|13|QUESTION_SENT||3752|35f2fb49-5a5d-439d-96e7-540a70f12774
2026-04-05 13:26:14|gpt|web_search|13|JSON_VERIFIED||3752|35f2fb49-5a5d-439d-96e7-540a70f12774
2026-04-05 13:26:14|gpt|web_search|13|QUESTION|64|3752|35f2fb49-5a5d-439d-96e7-540a70f12774
2026-04-05 13:26:14|gpt|web_search|13|JSON_SAVED||3752|35f2fb49-5a5d-439d-96e7-540a70f12774
2026-04-05 13:26:14|gpt|web_search|13|QUESTION_ADVANCE||3753|c7f5dca0-5ceb-4977-bd4e-6692ba429bb7
2026-04-05 13:27:55|gpt|web_search|10|QUESTION_SENT||3485|89416f88-7a49-4931-abf4-d6f66bed082d
2026-04-05 13:28:09|gpt|web_search|11|QUESTION_SENT||3606|bd12287c-1b39-430b-bb83-621d6c4b2029
2026-04-05 13:28:47|gpt|web_search|11|JSON_VERIFIED||3606|bd12287c-1b39-430b-bb83-621d6c4b2029
2026-04-05 13:28:47|gpt|web_search|11|QUESTION|68|3606|bd12287c-1b39-430b-bb83-621d6c4b2029
2026-04-05 13:28:47|gpt|web_search|11|JSON_SAVED||3606|bd12287c-1b39-430b-bb83-621d6c4b2029
2026-04-05 13:28:47|gpt|web_search|11|QUESTION_ADVANCE||3607|786c63b1-9301-4b4f-9ccb-4dcae6139f05
2026-04-05 13:29:13|gpt|web_search|13|QUESTION_SENT||3753|c7f5dca0-5ceb-4977-bd4e-6692ba429bb7
2026-04-05 13:29:48|gpt|web_search|13|JSON_VERIFIED||3753|c7f5dca0-5ceb-4977-bd4e-6692ba429bb7
2026-04-05 13:29:48|gpt|web_search|13|QUESTION|65|3753|c7f5dca0-5ceb-4977-bd4e-6692ba429bb7
2026-04-05 13:29:48|gpt|web_search|13|JSON_SAVED||3753|c7f5dca0-5ceb-4977-bd4e-6692ba429bb7
2026-04-05 13:29:48|gpt|web_search|13|QUESTION_ADVANCE||3754|899ccb17-e5e1-4570-803c-a39cc6124e5c
2026-04-05 13:31:30|gpt|web_search|10|QUESTION_SENT||3485|89416f88-7a49-4931-abf4-d6f66bed082d
2026-04-05 13:31:45|gpt|web_search|11|QUESTION_SENT||3607|786c63b1-9301-4b4f-9ccb-4dcae6139f05
2026-04-05 13:32:07|gpt|web_search|10|JSON_VERIFIED||3485|89416f88-7a49-4931-abf4-d6f66bed082d
2026-04-05 13:32:07|gpt|web_search|10|QUESTION|69|3485|89416f88-7a49-4931-abf4-d6f66bed082d
2026-04-05 13:32:07|gpt|web_search|10|JSON_SAVED||3485|89416f88-7a49-4931-abf4-d6f66bed082d
2026-04-05 13:32:07|gpt|web_search|10|QUESTION_ADVANCE||3486|9fb8684b-f814-4c19-8ab4-89ebb6ebb73c
2026-04-05 13:32:25|gpt|web_search|11|JSON_VERIFIED||3607|786c63b1-9301-4b4f-9ccb-4dcae6139f05
2026-04-05 13:32:25|gpt|web_search|11|QUESTION|69|3607|786c63b1-9301-4b4f-9ccb-4dcae6139f05
2026-04-05 13:32:25|gpt|web_search|11|JSON_SAVED||3607|786c63b1-9301-4b4f-9ccb-4dcae6139f05
2026-04-05 13:32:25|gpt|web_search|11|QUESTION_ADVANCE||3608|b7dbd9e3-9dbf-4f47-aa5b-6fc1ac66d5ae
2026-04-05 13:32:46|gpt|web_search|13|QUESTION_SENT||3754|899ccb17-e5e1-4570-803c-a39cc6124e5c
2026-04-05 13:33:21|gpt|web_search|13|JSON_VERIFIED||3754|899ccb17-e5e1-4570-803c-a39cc6124e5c
2026-04-05 13:33:21|gpt|web_search|13|QUESTION|66|3754|899ccb17-e5e1-4570-803c-a39cc6124e5c
2026-04-05 13:33:21|gpt|web_search|13|JSON_SAVED||3754|899ccb17-e5e1-4570-803c-a39cc6124e5c
2026-04-05 13:33:21|gpt|web_search|13|QUESTION_ADVANCE||3755|f088079f-a48b-4bb9-8928-3bf51bc38942
2026-04-05 13:35:05|gpt|web_search|10|QUESTION_SENT||3486|9fb8684b-f814-4c19-8ab4-89ebb6ebb73c
2026-04-05 13:35:23|gpt|web_search|11|QUESTION_SENT||3608|b7dbd9e3-9dbf-4f47-aa5b-6fc1ac66d5ae
2026-04-05 13:36:19|gpt|web_search|13|QUESTION_SENT||3755|f088079f-a48b-4bb9-8928-3bf51bc38942
2026-04-05 13:38:40|gpt|web_search|10|QUESTION_SENT||3486|9fb8684b-f814-4c19-8ab4-89ebb6ebb73c
2026-04-05 13:38:59|gpt|web_search|11|QUESTION_SENT||3608|b7dbd9e3-9dbf-4f47-aa5b-6fc1ac66d5ae
2026-04-05 13:39:20|gpt|web_search|10|JSON_VERIFIED||3486|9fb8684b-f814-4c19-8ab4-89ebb6ebb73c
2026-04-05 13:39:20|gpt|web_search|10|QUESTION|70|3486|9fb8684b-f814-4c19-8ab4-89ebb6ebb73c
2026-04-05 13:39:20|gpt|web_search|10|JSON_SAVED||3486|9fb8684b-f814-4c19-8ab4-89ebb6ebb73c
2026-04-05 13:39:20|gpt|web_search|10|QUESTION_ADVANCE||3487|d707e498-5b66-48e8-baee-0a9ea1f32f8f
2026-04-05 13:39:39|gpt|web_search|11|JSON_VERIFIED||3608|b7dbd9e3-9dbf-4f47-aa5b-6fc1ac66d5ae
2026-04-05 13:39:39|gpt|web_search|11|QUESTION|70|3608|b7dbd9e3-9dbf-4f47-aa5b-6fc1ac66d5ae
2026-04-05 13:39:39|gpt|web_search|11|JSON_SAVED||3608|b7dbd9e3-9dbf-4f47-aa5b-6fc1ac66d5ae
2026-04-05 13:39:39|gpt|web_search|11|QUESTION_ADVANCE||3609|9687d2bc-3b54-46a8-8a5e-3c3d548c6bc3
2026-04-05 13:42:15|gpt|web_search|10|QUESTION_SENT||3487|d707e498-5b66-48e8-baee-0a9ea1f32f8f
2026-04-05 13:42:17|gpt|web_search|13|QUESTION_SENT||3755|f088079f-a48b-4bb9-8928-3bf51bc38942
2026-04-05 13:42:37|gpt|web_search|11|QUESTION_SENT||3609|9687d2bc-3b54-46a8-8a5e-3c3d548c6bc3
2026-04-05 13:43:02|gpt|web_search|10|JSON_VERIFIED||3487|d707e498-5b66-48e8-baee-0a9ea1f32f8f
2026-04-05 13:43:02|gpt|web_search|10|QUESTION|71|3487|d707e498-5b66-48e8-baee-0a9ea1f32f8f
2026-04-05 13:43:02|gpt|web_search|10|JSON_SAVED||3487|d707e498-5b66-48e8-baee-0a9ea1f32f8f
2026-04-05 13:43:02|gpt|web_search|10|QUESTION_ADVANCE||3488|6af512ee-7561-4cc9-ab20-5d669ef4e43e
2026-04-05 13:43:03|gpt|web_search|13|JSON_VERIFIED||3755|f088079f-a48b-4bb9-8928-3bf51bc38942
2026-04-05 13:43:03|gpt|web_search|13|QUESTION|67|3755|f088079f-a48b-4bb9-8928-3bf51bc38942
2026-04-05 13:43:03|gpt|web_search|13|JSON_SAVED||3755|f088079f-a48b-4bb9-8928-3bf51bc38942
2026-04-05 13:43:03|gpt|web_search|13|QUESTION_ADVANCE||3756|e03d8876-0e0b-4359-9685-42d67c178454
2026-04-05 13:43:23|gpt|web_search|11|JSON_VERIFIED||3609|9687d2bc-3b54-46a8-8a5e-3c3d548c6bc3
2026-04-05 13:43:23|gpt|web_search|11|QUESTION|71|3609|9687d2bc-3b54-46a8-8a5e-3c3d548c6bc3
2026-04-05 13:43:23|gpt|web_search|11|JSON_SAVED||3609|9687d2bc-3b54-46a8-8a5e-3c3d548c6bc3
2026-04-05 13:43:23|gpt|web_search|11|QUESTION_ADVANCE||3610|3eee7b2a-b788-4ce7-ba72-37134b9cf17a
2026-04-05 13:45:50|gpt|web_search|10|QUESTION_SENT||3488|6af512ee-7561-4cc9-ab20-5d669ef4e43e
2026-04-05 13:45:50|gpt|web_search|13|QUESTION_SENT||3756|e03d8876-0e0b-4359-9685-42d67c178454
2026-04-05 13:46:14|gpt|web_search|11|QUESTION_SENT||3610|3eee7b2a-b788-4ce7-ba72-37134b9cf17a
2026-04-05 13:46:29|gpt|web_search|10|JSON_VERIFIED||3488|6af512ee-7561-4cc9-ab20-5d669ef4e43e
2026-04-05 13:46:29|gpt|web_search|10|QUESTION|72|3488|6af512ee-7561-4cc9-ab20-5d669ef4e43e
2026-04-05 13:46:29|gpt|web_search|10|JSON_SAVED||3488|6af512ee-7561-4cc9-ab20-5d669ef4e43e
2026-04-05 13:46:29|gpt|web_search|10|QUESTION_ADVANCE||3489|4e563201-0b29-42fa-ae58-813de790d5b8
2026-04-05 13:46:30|gpt|web_search|13|JSON_VERIFIED||3756|e03d8876-0e0b-4359-9685-42d67c178454
2026-04-05 13:46:30|gpt|web_search|13|QUESTION|68|3756|e03d8876-0e0b-4359-9685-42d67c178454
2026-04-05 13:46:30|gpt|web_search|13|JSON_SAVED||3756|e03d8876-0e0b-4359-9685-42d67c178454
2026-04-05 13:46:30|gpt|web_search|13|QUESTION_ADVANCE||3757|f39f803e-0391-4968-8197-8999ffb98863
2026-04-05 13:47:00|gpt|web_search|11|JSON_VERIFIED||3610|3eee7b2a-b788-4ce7-ba72-37134b9cf17a
2026-04-05 13:47:00|gpt|web_search|11|QUESTION|72|3610|3eee7b2a-b788-4ce7-ba72-37134b9cf17a
2026-04-05 13:47:00|gpt|web_search|11|JSON_SAVED||3610|3eee7b2a-b788-4ce7-ba72-37134b9cf17a
2026-04-05 13:47:00|gpt|web_search|11|QUESTION_ADVANCE||3611|cc4f233f-c71f-49b9-a865-0185210f6441
2026-04-05 13:49:23|gpt|web_search|13|QUESTION_SENT||3757|f39f803e-0391-4968-8197-8999ffb98863
2026-04-05 13:49:25|gpt|web_search|10|QUESTION_SENT||3489|4e563201-0b29-42fa-ae58-813de790d5b8
2026-04-05 13:49:50|gpt|web_search|11|QUESTION_SENT||3611|cc4f233f-c71f-49b9-a865-0185210f6441
2026-04-05 13:50:06|gpt|web_search|13|JSON_VERIFIED||3757|f39f803e-0391-4968-8197-8999ffb98863
2026-04-05 13:50:06|gpt|web_search|13|QUESTION|69|3757|f39f803e-0391-4968-8197-8999ffb98863
2026-04-05 13:50:06|gpt|web_search|13|JSON_SAVED||3757|f39f803e-0391-4968-8197-8999ffb98863
2026-04-05 13:50:06|gpt|web_search|13|QUESTION_ADVANCE||3758|54d907ed-03ab-4fb8-be17-5c698009fa92
2026-04-05 13:50:13|gpt|web_search|10|JSON_VERIFIED||3489|4e563201-0b29-42fa-ae58-813de790d5b8
2026-04-05 13:50:13|gpt|web_search|10|QUESTION|73|3489|4e563201-0b29-42fa-ae58-813de790d5b8
2026-04-05 13:50:13|gpt|web_search|10|JSON_SAVED||3489|4e563201-0b29-42fa-ae58-813de790d5b8
2026-04-05 13:50:13|gpt|web_search|10|QUESTION_ADVANCE||3490|79b5372a-0222-4cf2-be1e-64a0498fcabd
2026-04-05 13:53:00|gpt|web_search|10|QUESTION_SENT||3490|79b5372a-0222-4cf2-be1e-64a0498fcabd
2026-04-05 13:53:21|gpt|web_search|13|QUESTION_SENT||3758|54d907ed-03ab-4fb8-be17-5c698009fa92
2026-04-05 13:53:27|gpt|web_search|11|QUESTION_SENT||3611|cc4f233f-c71f-49b9-a865-0185210f6441
2026-04-05 13:53:40|gpt|web_search|10|JSON_VERIFIED||3490|79b5372a-0222-4cf2-be1e-64a0498fcabd
2026-04-05 13:53:40|gpt|web_search|10|QUESTION|74|3490|79b5372a-0222-4cf2-be1e-64a0498fcabd
2026-04-05 13:53:40|gpt|web_search|10|JSON_SAVED||3490|79b5372a-0222-4cf2-be1e-64a0498fcabd
2026-04-05 13:53:40|gpt|web_search|10|QUESTION_ADVANCE||3491|2fc7c10a-0775-45c6-9fda-5ffa820ae2b4
2026-04-05 13:53:58|gpt|web_search|13|JSON_VERIFIED||3758|54d907ed-03ab-4fb8-be17-5c698009fa92
2026-04-05 13:53:58|gpt|web_search|13|QUESTION|70|3758|54d907ed-03ab-4fb8-be17-5c698009fa92
2026-04-05 13:53:58|gpt|web_search|13|JSON_SAVED||3758|54d907ed-03ab-4fb8-be17-5c698009fa92
2026-04-05 13:53:58|gpt|web_search|13|QUESTION_ADVANCE||3759|864eae59-e56f-4b51-99d3-80bacbcb8525
2026-04-05 13:54:02|gpt|web_search|11|JSON_VERIFIED||3611|cc4f233f-c71f-49b9-a865-0185210f6441
2026-04-05 13:54:02|gpt|web_search|11|QUESTION|73|3611|cc4f233f-c71f-49b9-a865-0185210f6441
2026-04-05 13:54:02|gpt|web_search|11|JSON_SAVED||3611|cc4f233f-c71f-49b9-a865-0185210f6441
2026-04-05 13:54:02|gpt|web_search|11|QUESTION_ADVANCE||3612|39d9c9ff-cc0a-47ab-8330-33ad71c6d097
2026-04-05 13:56:35|gpt|web_search|10|QUESTION_SENT||3491|2fc7c10a-0775-45c6-9fda-5ffa820ae2b4
2026-04-05 13:56:54|gpt|web_search|13|QUESTION_SENT||3759|864eae59-e56f-4b51-99d3-80bacbcb8525
2026-04-05 13:57:04|gpt|web_search|11|QUESTION_SENT||3612|39d9c9ff-cc0a-47ab-8330-33ad71c6d097
2026-04-05 13:57:15|gpt|web_search|10|JSON_VERIFIED||3491|2fc7c10a-0775-45c6-9fda-5ffa820ae2b4
2026-04-05 13:57:15|gpt|web_search|10|QUESTION|75|3491|2fc7c10a-0775-45c6-9fda-5ffa820ae2b4
2026-04-05 13:57:15|gpt|web_search|10|JSON_SAVED||3491|2fc7c10a-0775-45c6-9fda-5ffa820ae2b4
2026-04-05 13:57:15|gpt|web_search|10|QUESTION_ADVANCE||3492|ff9c03dd-2e65-4d88-a214-f07fb9b049df
2026-04-05 13:57:31|gpt|web_search|13|JSON_VERIFY_FAILED||3759|864eae59-e56f-4b51-99d3-80bacbcb8525
2026-04-05 13:57:31|gpt|web_search|13|QUESTION|71|3759|864eae59-e56f-4b51-99d3-80bacbcb8525
2026-04-05 13:57:41|gpt|web_search|13|QUESTION_SENT||3759|864eae59-e56f-4b51-99d3-80bacbcb8525
2026-04-05 13:57:42|gpt|web_search|11|JSON_VERIFY_FAILED||3612|39d9c9ff-cc0a-47ab-8330-33ad71c6d097
2026-04-05 13:57:42|gpt|web_search|11|QUESTION|74|3612|39d9c9ff-cc0a-47ab-8330-33ad71c6d097
2026-04-05 13:57:52|gpt|web_search|11|QUESTION_SENT||3612|39d9c9ff-cc0a-47ab-8330-33ad71c6d097
2026-04-05 13:58:03|gpt|web_search|13|JSON_VERIFIED||3759|864eae59-e56f-4b51-99d3-80bacbcb8525
2026-04-05 13:58:03|gpt|web_search|13|QUESTION|72|3759|864eae59-e56f-4b51-99d3-80bacbcb8525
2026-04-05 13:58:03|gpt|web_search|13|JSON_SAVED||3759|864eae59-e56f-4b51-99d3-80bacbcb8525
2026-04-05 13:58:03|gpt|web_search|13|QUESTION_ADVANCE||3760|0edf1490-745a-4a6f-b361-dcd2f4b1c58d
2026-04-05 13:58:15|gpt|web_search|11|JSON_VERIFIED||3612|39d9c9ff-cc0a-47ab-8330-33ad71c6d097
2026-04-05 13:58:15|gpt|web_search|11|QUESTION|75|3612|39d9c9ff-cc0a-47ab-8330-33ad71c6d097
2026-04-05 13:58:15|gpt|web_search|11|JSON_SAVED||3612|39d9c9ff-cc0a-47ab-8330-33ad71c6d097
2026-04-05 13:58:15|gpt|web_search|11|QUESTION_ADVANCE||3613|eb1e28b1-ea6f-4fb6-a486-b866f006a1d1
2026-04-05 14:00:11|gpt|web_search|10|QUESTION_SENT||3492|ff9c03dd-2e65-4d88-a214-f07fb9b049df
2026-04-05 14:01:14|gpt|web_search|13|QUESTION_SENT||3760|0edf1490-745a-4a6f-b361-dcd2f4b1c58d
2026-04-05 14:01:29|gpt|web_search|11|QUESTION_SENT||3613|eb1e28b1-ea6f-4fb6-a486-b866f006a1d1
2026-04-05 14:01:52|gpt|web_search|13|JSON_VERIFIED||3760|0edf1490-745a-4a6f-b361-dcd2f4b1c58d
2026-04-05 14:01:52|gpt|web_search|13|QUESTION|73|3760|0edf1490-745a-4a6f-b361-dcd2f4b1c58d
2026-04-05 14:01:52|gpt|web_search|13|JSON_SAVED||3760|0edf1490-745a-4a6f-b361-dcd2f4b1c58d
2026-04-05 14:01:52|gpt|web_search|13|QUESTION_ADVANCE||3761|aa03ddeb-c70c-49a2-aa59-38e44766e383
2026-04-05 14:02:06|gpt|web_search|11|JSON_VERIFIED||3613|eb1e28b1-ea6f-4fb6-a486-b866f006a1d1
2026-04-05 14:02:06|gpt|web_search|11|QUESTION|76|3613|eb1e28b1-ea6f-4fb6-a486-b866f006a1d1
2026-04-05 14:02:06|gpt|web_search|11|JSON_SAVED||3613|eb1e28b1-ea6f-4fb6-a486-b866f006a1d1
2026-04-05 14:02:06|gpt|web_search|11|QUESTION_ADVANCE||3614|116bd564-0487-4882-bd02-1b0c1716087b
2026-04-05 14:03:45|gpt|web_search|10|QUESTION_SENT||3492|ff9c03dd-2e65-4d88-a214-f07fb9b049df
2026-04-05 14:04:24|gpt|web_search|10|JSON_VERIFIED||3492|ff9c03dd-2e65-4d88-a214-f07fb9b049df
2026-04-05 14:04:24|gpt|web_search|10|QUESTION|76|3492|ff9c03dd-2e65-4d88-a214-f07fb9b049df
2026-04-05 14:04:24|gpt|web_search|10|JSON_SAVED||3492|ff9c03dd-2e65-4d88-a214-f07fb9b049df
2026-04-05 14:04:24|gpt|web_search|10|QUESTION_ADVANCE||3493|61ddf890-76ad-4386-b478-4db7e59715b0
2026-04-05 14:04:46|gpt|web_search|13|QUESTION_SENT||3761|aa03ddeb-c70c-49a2-aa59-38e44766e383
2026-04-05 14:05:06|gpt|web_search|11|QUESTION_SENT||3614|116bd564-0487-4882-bd02-1b0c1716087b
2026-04-05 14:05:26|gpt|web_search|13|JSON_VERIFIED||3761|aa03ddeb-c70c-49a2-aa59-38e44766e383
2026-04-05 14:05:26|gpt|web_search|13|QUESTION|74|3761|aa03ddeb-c70c-49a2-aa59-38e44766e383
2026-04-05 14:05:26|gpt|web_search|13|JSON_SAVED||3761|aa03ddeb-c70c-49a2-aa59-38e44766e383
2026-04-05 14:05:26|gpt|web_search|13|QUESTION_ADVANCE||3762|41ddca14-adad-4aaf-be77-ae5a9f0307aa
2026-04-05 14:07:20|gpt|web_search|10|QUESTION_SENT||3493|61ddf890-76ad-4386-b478-4db7e59715b0
2026-04-05 14:07:56|gpt|web_search|10|JSON_VERIFIED||3493|61ddf890-76ad-4386-b478-4db7e59715b0
2026-04-05 14:07:56|gpt|web_search|10|QUESTION|77|3493|61ddf890-76ad-4386-b478-4db7e59715b0
2026-04-05 14:07:56|gpt|web_search|10|JSON_SAVED||3493|61ddf890-76ad-4386-b478-4db7e59715b0
2026-04-05 14:07:56|gpt|web_search|10|QUESTION_ADVANCE||3494|debd6102-2569-4c4c-8f19-f16f0137e499
2026-04-05 14:08:19|gpt|web_search|13|QUESTION_SENT||3762|41ddca14-adad-4aaf-be77-ae5a9f0307aa
2026-04-05 14:08:43|gpt|web_search|11|QUESTION_SENT||3614|116bd564-0487-4882-bd02-1b0c1716087b
2026-04-05 14:08:56|gpt|web_search|13|JSON_VERIFY_FAILED||3762|41ddca14-adad-4aaf-be77-ae5a9f0307aa
2026-04-05 14:08:56|gpt|web_search|13|QUESTION|75|3762|41ddca14-adad-4aaf-be77-ae5a9f0307aa
2026-04-05 14:09:06|gpt|web_search|13|QUESTION_SENT||3762|41ddca14-adad-4aaf-be77-ae5a9f0307aa
2026-04-05 14:09:21|gpt|web_search|11|JSON_VERIFIED||3614|116bd564-0487-4882-bd02-1b0c1716087b
2026-04-05 14:09:21|gpt|web_search|11|QUESTION|77|3614|116bd564-0487-4882-bd02-1b0c1716087b
2026-04-05 14:09:21|gpt|web_search|11|JSON_SAVED||3614|116bd564-0487-4882-bd02-1b0c1716087b
2026-04-05 14:09:21|gpt|web_search|11|QUESTION_ADVANCE||3615|9af68f25-2891-401c-b18e-88116b2a7d3d
2026-04-05 14:09:29|gpt|web_search|13|JSON_VERIFIED||3762|41ddca14-adad-4aaf-be77-ae5a9f0307aa
2026-04-05 14:09:29|gpt|web_search|13|QUESTION|76|3762|41ddca14-adad-4aaf-be77-ae5a9f0307aa
2026-04-05 14:09:29|gpt|web_search|13|JSON_SAVED||3762|41ddca14-adad-4aaf-be77-ae5a9f0307aa
2026-04-05 14:09:29|gpt|web_search|13|QUESTION_ADVANCE||3763|a0542080-4755-48c8-a540-d31efdf2f93a
2026-04-05 14:10:55|gpt|web_search|10|QUESTION_SENT||3494|debd6102-2569-4c4c-8f19-f16f0137e499
2026-04-05 14:12:20|gpt|web_search|11|QUESTION_SENT||3615|9af68f25-2891-401c-b18e-88116b2a7d3d
2026-04-05 14:12:39|gpt|web_search|13|QUESTION_SENT||3763|a0542080-4755-48c8-a540-d31efdf2f93a
2026-04-05 14:12:59|gpt|web_search|11|JSON_VERIFIED||3615|9af68f25-2891-401c-b18e-88116b2a7d3d
2026-04-05 14:12:59|gpt|web_search|11|QUESTION|78|3615|9af68f25-2891-401c-b18e-88116b2a7d3d
2026-04-05 14:12:59|gpt|web_search|11|JSON_SAVED||3615|9af68f25-2891-401c-b18e-88116b2a7d3d
2026-04-05 14:12:59|gpt|web_search|11|QUESTION_ADVANCE||3616|ec07a949-6799-421a-8b69-00437f0933dc
2026-04-05 14:13:15|gpt|web_search|13|JSON_VERIFIED||3763|a0542080-4755-48c8-a540-d31efdf2f93a
2026-04-05 14:13:15|gpt|web_search|13|QUESTION|77|3763|a0542080-4755-48c8-a540-d31efdf2f93a
2026-04-05 14:13:15|gpt|web_search|13|JSON_SAVED||3763|a0542080-4755-48c8-a540-d31efdf2f93a
2026-04-05 14:13:15|gpt|web_search|13|QUESTION_ADVANCE||3764|e6ebe3f4-f333-42d1-acdb-9610b0161927
2026-04-05 14:14:30|gpt|web_search|10|QUESTION_SENT||3494|debd6102-2569-4c4c-8f19-f16f0137e499
2026-04-05 14:15:10|gpt|web_search|10|JSON_VERIFIED||3494|debd6102-2569-4c4c-8f19-f16f0137e499
2026-04-05 14:15:10|gpt|web_search|10|QUESTION|78|3494|debd6102-2569-4c4c-8f19-f16f0137e499
2026-04-05 14:15:10|gpt|web_search|10|JSON_SAVED||3494|debd6102-2569-4c4c-8f19-f16f0137e499
2026-04-05 14:15:10|gpt|web_search|10|QUESTION_ADVANCE||3495|b2aa7699-e421-45a1-ba67-823b50405e40
2026-04-05 14:15:57|gpt|web_search|11|QUESTION_SENT||3616|ec07a949-6799-421a-8b69-00437f0933dc
2026-04-05 14:16:12|gpt|web_search|13|QUESTION_SENT||3764|e6ebe3f4-f333-42d1-acdb-9610b0161927
2026-04-05 14:16:34|gpt|web_search|11|JSON_VERIFIED||3616|ec07a949-6799-421a-8b69-00437f0933dc
2026-04-05 14:16:34|gpt|web_search|11|QUESTION|79|3616|ec07a949-6799-421a-8b69-00437f0933dc
2026-04-05 14:16:34|gpt|web_search|11|JSON_SAVED||3616|ec07a949-6799-421a-8b69-00437f0933dc
2026-04-05 14:16:34|gpt|web_search|11|QUESTION_ADVANCE||3617|a11a9383-61d1-4f9a-84e3-4f17c94364f6
2026-04-05 14:16:47|gpt|web_search|13|JSON_VERIFIED||3764|e6ebe3f4-f333-42d1-acdb-9610b0161927
2026-04-05 14:16:47|gpt|web_search|13|QUESTION|78|3764|e6ebe3f4-f333-42d1-acdb-9610b0161927
2026-04-05 14:16:47|gpt|web_search|13|JSON_SAVED||3764|e6ebe3f4-f333-42d1-acdb-9610b0161927
2026-04-05 14:16:47|gpt|web_search|13|QUESTION_ADVANCE||3765|8aac381c-1dfe-4557-a948-c25aa369f040
2026-04-05 14:18:05|gpt|web_search|10|QUESTION_SENT||3495|b2aa7699-e421-45a1-ba67-823b50405e40
2026-04-05 14:19:34|gpt|web_search|11|QUESTION_SENT||3617|a11a9383-61d1-4f9a-84e3-4f17c94364f6
2026-04-05 14:19:44|gpt|web_search|13|QUESTION_SENT||3765|8aac381c-1dfe-4557-a948-c25aa369f040
2026-04-05 14:20:11|gpt|web_search|11|JSON_VERIFIED||3617|a11a9383-61d1-4f9a-84e3-4f17c94364f6
2026-04-05 14:20:11|gpt|web_search|11|QUESTION|80|3617|a11a9383-61d1-4f9a-84e3-4f17c94364f6
2026-04-05 14:20:11|gpt|web_search|11|JSON_SAVED||3617|a11a9383-61d1-4f9a-84e3-4f17c94364f6
2026-04-05 14:20:11|gpt|web_search|11|QUESTION_ADVANCE||3618|d1105ee9-eaa8-48c8-ba5f-e08c2dc58ad7
2026-04-05 14:21:40|gpt|web_search|10|QUESTION_SENT||3495|b2aa7699-e421-45a1-ba67-823b50405e40
2026-04-05 14:23:11|gpt|web_search|11|QUESTION_SENT||3618|d1105ee9-eaa8-48c8-ba5f-e08c2dc58ad7
2026-04-05 14:23:17|gpt|web_search|13|QUESTION_SENT||3765|8aac381c-1dfe-4557-a948-c25aa369f040
2026-04-05 14:23:49|gpt|web_search|11|JSON_VERIFY_FAILED||3618|d1105ee9-eaa8-48c8-ba5f-e08c2dc58ad7
2026-04-05 14:23:49|gpt|web_search|11|QUESTION|81|3618|d1105ee9-eaa8-48c8-ba5f-e08c2dc58ad7
2026-04-05 14:23:58|gpt|web_search|13|JSON_VERIFIED||3765|8aac381c-1dfe-4557-a948-c25aa369f040
2026-04-05 14:23:58|gpt|web_search|13|QUESTION|79|3765|8aac381c-1dfe-4557-a948-c25aa369f040
2026-04-05 14:23:58|gpt|web_search|13|JSON_SAVED||3765|8aac381c-1dfe-4557-a948-c25aa369f040
2026-04-05 14:23:58|gpt|web_search|13|QUESTION_ADVANCE||3766|1b04ccbb-214a-467b-83f0-9a6274f0b16b
2026-04-05 14:23:59|gpt|web_search|11|QUESTION_SENT||3618|d1105ee9-eaa8-48c8-ba5f-e08c2dc58ad7
2026-04-05 14:24:24|gpt|web_search|11|JSON_VERIFIED||3618|d1105ee9-eaa8-48c8-ba5f-e08c2dc58ad7
2026-04-05 14:24:24|gpt|web_search|11|QUESTION|82|3618|d1105ee9-eaa8-48c8-ba5f-e08c2dc58ad7
2026-04-05 14:24:24|gpt|web_search|11|JSON_SAVED||3618|d1105ee9-eaa8-48c8-ba5f-e08c2dc58ad7
2026-04-05 14:24:24|gpt|web_search|11|QUESTION_ADVANCE||3619|a824227a-6e35-4f3a-ac7e-b449778291d5
2026-04-05 14:25:15|gpt|web_search|10|QUESTION_SENT||3495|b2aa7699-e421-45a1-ba67-823b50405e40
2026-04-05 14:25:53|gpt|web_search|10|JSON_VERIFIED||3495|b2aa7699-e421-45a1-ba67-823b50405e40
2026-04-05 14:25:53|gpt|web_search|10|QUESTION|79|3495|b2aa7699-e421-45a1-ba67-823b50405e40
2026-04-05 14:25:53|gpt|web_search|10|JSON_SAVED||3495|b2aa7699-e421-45a1-ba67-823b50405e40
2026-04-05 14:25:53|gpt|web_search|10|QUESTION_ADVANCE||3496|fcd277b8-d3d8-4d1e-9983-9f5b80e0d005
2026-04-05 14:26:50|gpt|web_search|13|QUESTION_SENT||3766|1b04ccbb-214a-467b-83f0-9a6274f0b16b
2026-04-05 14:27:27|gpt|web_search|13|JSON_VERIFIED||3766|1b04ccbb-214a-467b-83f0-9a6274f0b16b
2026-04-05 14:27:27|gpt|web_search|13|QUESTION|80|3766|1b04ccbb-214a-467b-83f0-9a6274f0b16b
2026-04-05 14:27:27|gpt|web_search|13|JSON_SAVED||3766|1b04ccbb-214a-467b-83f0-9a6274f0b16b
2026-04-05 14:27:27|gpt|web_search|13|QUESTION_ADVANCE||3767|4859ffe9-e923-4721-8cac-151e8e84a49c
2026-04-05 14:27:35|gpt|web_search|11|QUESTION_SENT||3619|a824227a-6e35-4f3a-ac7e-b449778291d5
2026-04-05 14:27:58|gpt|web_search|11|JSON_VERIFY_FAILED||3619|a824227a-6e35-4f3a-ac7e-b449778291d5
2026-04-05 14:27:58|gpt|web_search|11|QUESTION|83|3619|a824227a-6e35-4f3a-ac7e-b449778291d5
2026-04-05 14:28:08|gpt|web_search|11|QUESTION_SENT||3619|a824227a-6e35-4f3a-ac7e-b449778291d5
2026-04-05 14:28:38|gpt|web_search|11|JSON_VERIFIED||3619|a824227a-6e35-4f3a-ac7e-b449778291d5
2026-04-05 14:28:38|gpt|web_search|11|QUESTION|84|3619|a824227a-6e35-4f3a-ac7e-b449778291d5
2026-04-05 14:28:38|gpt|web_search|11|JSON_SAVED||3619|a824227a-6e35-4f3a-ac7e-b449778291d5
2026-04-05 14:28:38|gpt|web_search|11|QUESTION_ADVANCE||3620|880e92b0-4b96-46b1-b2d4-81a6c6596035
2026-04-05 14:28:50|gpt|web_search|10|QUESTION_SENT||3496|fcd277b8-d3d8-4d1e-9983-9f5b80e0d005
2026-04-05 14:29:27|gpt|web_search|10|JSON_VERIFIED||3496|fcd277b8-d3d8-4d1e-9983-9f5b80e0d005
2026-04-05 14:29:27|gpt|web_search|10|QUESTION|80|3496|fcd277b8-d3d8-4d1e-9983-9f5b80e0d005
2026-04-05 14:29:27|gpt|web_search|10|JSON_SAVED||3496|fcd277b8-d3d8-4d1e-9983-9f5b80e0d005
2026-04-05 14:29:27|gpt|web_search|10|QUESTION_ADVANCE||3497|40b3fbc4-908a-4696-8695-6b59d2a76d00
2026-04-05 14:30:23|gpt|web_search|13|QUESTION_SENT||3767|4859ffe9-e923-4721-8cac-151e8e84a49c
2026-04-05 14:31:06|gpt|web_search|13|JSON_VERIFIED||3767|4859ffe9-e923-4721-8cac-151e8e84a49c
2026-04-05 14:31:06|gpt|web_search|13|QUESTION|81|3767|4859ffe9-e923-4721-8cac-151e8e84a49c
2026-04-05 14:31:06|gpt|web_search|13|JSON_SAVED||3767|4859ffe9-e923-4721-8cac-151e8e84a49c
2026-04-05 14:31:06|gpt|web_search|13|QUESTION_ADVANCE||3768|dd70a015-55fa-41ce-915e-f343812f8742
2026-04-05 14:31:45|gpt|web_search|11|QUESTION_SENT||3620|880e92b0-4b96-46b1-b2d4-81a6c6596035
2026-04-05 14:32:22|gpt|web_search|11|JSON_VERIFIED||3620|880e92b0-4b96-46b1-b2d4-81a6c6596035
2026-04-05 14:32:22|gpt|web_search|11|QUESTION|85|3620|880e92b0-4b96-46b1-b2d4-81a6c6596035
2026-04-05 14:32:22|gpt|web_search|11|JSON_SAVED||3620|880e92b0-4b96-46b1-b2d4-81a6c6596035
2026-04-05 14:32:22|gpt|web_search|11|QUESTION_ADVANCE||3621|e83f09a7-63a3-4363-b068-4534a076378e
2026-04-05 14:32:25|gpt|web_search|10|QUESTION_SENT||3497|40b3fbc4-908a-4696-8695-6b59d2a76d00
2026-04-05 14:33:04|gpt|web_search|10|JSON_VERIFIED||3497|40b3fbc4-908a-4696-8695-6b59d2a76d00
2026-04-05 14:33:04|gpt|web_search|10|QUESTION|81|3497|40b3fbc4-908a-4696-8695-6b59d2a76d00
2026-04-05 14:33:04|gpt|web_search|10|JSON_SAVED||3497|40b3fbc4-908a-4696-8695-6b59d2a76d00
2026-04-05 14:33:04|gpt|web_search|10|QUESTION_ADVANCE||3498|359c422a-1a41-41b0-a3fb-2d9179cffce6
2026-04-05 14:33:56|gpt|web_search|13|QUESTION_SENT||3768|dd70a015-55fa-41ce-915e-f343812f8742
2026-04-05 14:34:34|gpt|web_search|13|JSON_VERIFIED||3768|dd70a015-55fa-41ce-915e-f343812f8742
2026-04-05 14:34:34|gpt|web_search|13|QUESTION|82|3768|dd70a015-55fa-41ce-915e-f343812f8742
2026-04-05 14:34:34|gpt|web_search|13|JSON_SAVED||3768|dd70a015-55fa-41ce-915e-f343812f8742
2026-04-05 14:34:34|gpt|web_search|13|QUESTION_ADVANCE||3769|783c148c-04e4-4cc8-8c7b-b5f269ac1d87
2026-04-05 14:35:22|gpt|web_search|11|QUESTION_SENT||3621|e83f09a7-63a3-4363-b068-4534a076378e
2026-04-05 14:36:00|gpt|web_search|11|JSON_VERIFIED||3621|e83f09a7-63a3-4363-b068-4534a076378e
2026-04-05 14:36:00|gpt|web_search|11|QUESTION|86|3621|e83f09a7-63a3-4363-b068-4534a076378e
2026-04-05 14:36:00|gpt|web_search|11|JSON_SAVED||3621|e83f09a7-63a3-4363-b068-4534a076378e
2026-04-05 14:36:00|gpt|web_search|11|QUESTION_ADVANCE||3622|0141d67c-b35f-4630-a261-af5f9f02b0fe
2026-04-05 14:36:00|gpt|web_search|10|QUESTION_SENT||3498|359c422a-1a41-41b0-a3fb-2d9179cffce6
2026-04-05 14:36:37|gpt|web_search|10|JSON_VERIFIED||3498|359c422a-1a41-41b0-a3fb-2d9179cffce6
2026-04-05 14:36:37|gpt|web_search|10|QUESTION|82|3498|359c422a-1a41-41b0-a3fb-2d9179cffce6
2026-04-05 14:36:37|gpt|web_search|10|JSON_SAVED||3498|359c422a-1a41-41b0-a3fb-2d9179cffce6
2026-04-05 14:36:37|gpt|web_search|10|QUESTION_ADVANCE||3499|9376c13e-b90c-4d9d-8161-32e01deec42d
2026-04-05 14:37:29|gpt|web_search|13|QUESTION_SENT||3769|783c148c-04e4-4cc8-8c7b-b5f269ac1d87
2026-04-05 14:38:04|gpt|web_search|13|JSON_VERIFY_FAILED||3769|783c148c-04e4-4cc8-8c7b-b5f269ac1d87
2026-04-05 14:38:04|gpt|web_search|13|QUESTION|83|3769|783c148c-04e4-4cc8-8c7b-b5f269ac1d87
2026-04-05 14:38:14|gpt|web_search|13|QUESTION_SENT||3769|783c148c-04e4-4cc8-8c7b-b5f269ac1d87
2026-04-05 14:38:40|gpt|web_search|13|JSON_VERIFIED||3769|783c148c-04e4-4cc8-8c7b-b5f269ac1d87
2026-04-05 14:38:40|gpt|web_search|13|QUESTION|84|3769|783c148c-04e4-4cc8-8c7b-b5f269ac1d87
2026-04-05 14:38:40|gpt|web_search|13|JSON_SAVED||3769|783c148c-04e4-4cc8-8c7b-b5f269ac1d87
2026-04-05 14:38:40|gpt|web_search|13|QUESTION_ADVANCE||3770|3fb01c0b-74ce-44f1-b7f0-ccc02819c6e6
2026-04-05 14:38:58|gpt|web_search|11|QUESTION_SENT||3622|0141d67c-b35f-4630-a261-af5f9f02b0fe
2026-04-05 14:39:35|gpt|web_search|10|QUESTION_SENT||3499|9376c13e-b90c-4d9d-8161-32e01deec42d
2026-04-05 14:39:41|gpt|web_search|11|JSON_VERIFIED||3622|0141d67c-b35f-4630-a261-af5f9f02b0fe
2026-04-05 14:39:41|gpt|web_search|11|QUESTION|87|3622|0141d67c-b35f-4630-a261-af5f9f02b0fe
2026-04-05 14:39:41|gpt|web_search|11|JSON_SAVED||3622|0141d67c-b35f-4630-a261-af5f9f02b0fe
2026-04-05 14:39:41|gpt|web_search|11|QUESTION_ADVANCE||3623|ebae386a-a018-47b2-a6f8-d81781ddc94c
2026-04-05 14:40:12|gpt|web_search|10|JSON_VERIFIED||3499|9376c13e-b90c-4d9d-8161-32e01deec42d
2026-04-05 14:40:12|gpt|web_search|10|QUESTION|83|3499|9376c13e-b90c-4d9d-8161-32e01deec42d
2026-04-05 14:40:12|gpt|web_search|10|JSON_SAVED||3499|9376c13e-b90c-4d9d-8161-32e01deec42d
2026-04-05 14:40:12|gpt|web_search|10|QUESTION_ADVANCE||3500|bae4907a-e1a2-479e-a013-3d85cf719c78
2026-04-05 14:41:47|gpt|web_search|13|QUESTION_SENT||3770|3fb01c0b-74ce-44f1-b7f0-ccc02819c6e6
2026-04-05 14:42:17|gpt|web_search|13|JSON_VERIFY_FAILED||3770|3fb01c0b-74ce-44f1-b7f0-ccc02819c6e6
2026-04-05 14:42:17|gpt|web_search|13|QUESTION|85|3770|3fb01c0b-74ce-44f1-b7f0-ccc02819c6e6
2026-04-05 14:42:26|gpt|web_search|13|QUESTION_SENT||3770|3fb01c0b-74ce-44f1-b7f0-ccc02819c6e6
2026-04-05 14:42:35|gpt|web_search|11|QUESTION_SENT||3623|ebae386a-a018-47b2-a6f8-d81781ddc94c
2026-04-05 14:42:42|gpt|web_search|13|JSON_VERIFY_FAILED||3770|3fb01c0b-74ce-44f1-b7f0-ccc02819c6e6
2026-04-05 14:42:42|gpt|web_search|13|QUESTION|86|3770|3fb01c0b-74ce-44f1-b7f0-ccc02819c6e6
2026-04-05 14:43:05|gpt|web_search|11|JSON_VERIFY_FAILED||3623|ebae386a-a018-47b2-a6f8-d81781ddc94c
2026-04-05 14:43:05|gpt|web_search|11|QUESTION|88|3623|ebae386a-a018-47b2-a6f8-d81781ddc94c
2026-04-05 14:43:10|gpt|web_search|10|QUESTION_SENT||3500|bae4907a-e1a2-479e-a013-3d85cf719c78
2026-04-05 14:43:15|gpt|web_search|11|QUESTION_SENT||3623|ebae386a-a018-47b2-a6f8-d81781ddc94c
2026-04-05 14:43:45|gpt|web_search|10|JSON_VERIFIED||3500|bae4907a-e1a2-479e-a013-3d85cf719c78
2026-04-05 14:43:45|gpt|web_search|10|QUESTION|84|3500|bae4907a-e1a2-479e-a013-3d85cf719c78
2026-04-05 14:43:45|gpt|web_search|10|JSON_SAVED||3500|bae4907a-e1a2-479e-a013-3d85cf719c78
2026-04-05 14:43:45|gpt|web_search|10|QUESTION_ADVANCE||3501|edf8ff88-ab10-4daa-85a4-379696435cb3
2026-04-05 14:43:49|gpt|web_search|11|JSON_VERIFIED||3623|ebae386a-a018-47b2-a6f8-d81781ddc94c
2026-04-05 14:43:49|gpt|web_search|11|QUESTION|89|3623|ebae386a-a018-47b2-a6f8-d81781ddc94c
2026-04-05 14:43:49|gpt|web_search|11|JSON_SAVED||3623|ebae386a-a018-47b2-a6f8-d81781ddc94c
2026-04-05 14:43:49|gpt|web_search|11|QUESTION_ADVANCE||3624|dbb5742a-6566-494f-a123-6a50926382e4
2026-04-05 14:45:10|gpt|web_search|13|QUESTION_SENT||3770|3fb01c0b-74ce-44f1-b7f0-ccc02819c6e6
2026-04-05 14:45:48|gpt|web_search|13|JSON_VERIFIED||3770|3fb01c0b-74ce-44f1-b7f0-ccc02819c6e6
2026-04-05 14:45:48|gpt|web_search|13|QUESTION|87|3770|3fb01c0b-74ce-44f1-b7f0-ccc02819c6e6
2026-04-05 14:45:48|gpt|web_search|13|JSON_SAVED||3770|3fb01c0b-74ce-44f1-b7f0-ccc02819c6e6
2026-04-05 14:45:48|gpt|web_search|13|QUESTION_ADVANCE||3771|d85a282f-b786-4845-9411-3563137c2da0
2026-04-05 14:46:44|gpt|web_search|10|QUESTION_SENT||3501|edf8ff88-ab10-4daa-85a4-379696435cb3
2026-04-05 14:46:52|gpt|web_search|11|QUESTION_SENT||3624|dbb5742a-6566-494f-a123-6a50926382e4
2026-04-05 14:47:23|gpt|web_search|10|JSON_VERIFIED||3501|edf8ff88-ab10-4daa-85a4-379696435cb3
2026-04-05 14:47:23|gpt|web_search|10|QUESTION|85|3501|edf8ff88-ab10-4daa-85a4-379696435cb3
2026-04-05 14:47:23|gpt|web_search|10|JSON_SAVED||3501|edf8ff88-ab10-4daa-85a4-379696435cb3
2026-04-05 14:47:23|gpt|web_search|10|QUESTION_ADVANCE||3502|a3b10d18-9421-4189-af8e-b022ce9da4cb
2026-04-05 14:47:30|gpt|web_search|11|JSON_VERIFIED||3624|dbb5742a-6566-494f-a123-6a50926382e4
2026-04-05 14:47:30|gpt|web_search|11|QUESTION|90|3624|dbb5742a-6566-494f-a123-6a50926382e4
2026-04-05 14:47:30|gpt|web_search|11|JSON_SAVED||3624|dbb5742a-6566-494f-a123-6a50926382e4
2026-04-05 14:47:30|gpt|web_search|11|QUESTION_ADVANCE||3625|9bfade30-dbb9-4632-adc2-89f16c280fe0
2026-04-05 14:48:43|gpt|web_search|13|QUESTION_SENT||3771|d85a282f-b786-4845-9411-3563137c2da0
2026-04-05 14:49:21|gpt|web_search|13|JSON_VERIFIED||3771|d85a282f-b786-4845-9411-3563137c2da0
2026-04-05 14:49:21|gpt|web_search|13|QUESTION|88|3771|d85a282f-b786-4845-9411-3563137c2da0
2026-04-05 14:49:21|gpt|web_search|13|JSON_SAVED||3771|d85a282f-b786-4845-9411-3563137c2da0
2026-04-05 14:49:21|gpt|web_search|13|QUESTION_ADVANCE||3772|4cc01ddc-e492-4c84-ab11-ef12d22acb04
2026-04-05 14:50:19|gpt|web_search|10|QUESTION_SENT||3502|a3b10d18-9421-4189-af8e-b022ce9da4cb
2026-04-05 14:50:28|gpt|web_search|11|QUESTION_SENT||3625|9bfade30-dbb9-4632-adc2-89f16c280fe0
2026-04-05 14:50:56|gpt|web_search|10|JSON_VERIFIED||3502|a3b10d18-9421-4189-af8e-b022ce9da4cb
2026-04-05 14:50:56|gpt|web_search|10|QUESTION|86|3502|a3b10d18-9421-4189-af8e-b022ce9da4cb
2026-04-05 14:50:56|gpt|web_search|10|JSON_SAVED||3502|a3b10d18-9421-4189-af8e-b022ce9da4cb
2026-04-05 14:50:56|gpt|web_search|10|QUESTION_ADVANCE||3503|7ac760fd-423e-4209-8e06-f7788ec65451
2026-04-05 14:51:07|gpt|web_search|11|JSON_VERIFIED||3625|9bfade30-dbb9-4632-adc2-89f16c280fe0
2026-04-05 14:51:07|gpt|web_search|11|QUESTION|91|3625|9bfade30-dbb9-4632-adc2-89f16c280fe0
2026-04-05 14:51:07|gpt|web_search|11|JSON_SAVED||3625|9bfade30-dbb9-4632-adc2-89f16c280fe0
2026-04-05 14:51:07|gpt|web_search|11|QUESTION_ADVANCE||3626|2f80ee77-8292-4ab9-be26-13df29ed3de5
2026-04-05 14:52:15|gpt|web_search|13|QUESTION_SENT||3772|4cc01ddc-e492-4c84-ab11-ef12d22acb04
2026-04-05 14:52:53|gpt|web_search|13|JSON_VERIFIED||3772|4cc01ddc-e492-4c84-ab11-ef12d22acb04
2026-04-05 14:52:53|gpt|web_search|13|QUESTION|89|3772|4cc01ddc-e492-4c84-ab11-ef12d22acb04
2026-04-05 14:52:53|gpt|web_search|13|JSON_SAVED||3772|4cc01ddc-e492-4c84-ab11-ef12d22acb04
2026-04-05 14:52:53|gpt|web_search|13|QUESTION_ADVANCE||3773|de9588c1-9dbb-4fe9-adbe-b84d77373d34
2026-04-05 14:53:54|gpt|web_search|10|QUESTION_SENT||3503|7ac760fd-423e-4209-8e06-f7788ec65451
2026-04-05 14:54:06|gpt|web_search|11|QUESTION_SENT||3626|2f80ee77-8292-4ab9-be26-13df29ed3de5
2026-04-05 14:54:32|gpt|web_search|10|JSON_VERIFIED||3503|7ac760fd-423e-4209-8e06-f7788ec65451
2026-04-05 14:54:32|gpt|web_search|10|QUESTION|87|3503|7ac760fd-423e-4209-8e06-f7788ec65451
2026-04-05 14:54:32|gpt|web_search|10|JSON_SAVED||3503|7ac760fd-423e-4209-8e06-f7788ec65451
2026-04-05 14:54:32|gpt|web_search|10|QUESTION_ADVANCE||3504|a3a5a08e-082e-42df-86c1-a317e8938381
2026-04-05 14:54:47|gpt|web_search|11|JSON_VERIFIED||3626|2f80ee77-8292-4ab9-be26-13df29ed3de5
2026-04-05 14:54:47|gpt|web_search|11|QUESTION|92|3626|2f80ee77-8292-4ab9-be26-13df29ed3de5
2026-04-05 14:54:47|gpt|web_search|11|JSON_SAVED||3626|2f80ee77-8292-4ab9-be26-13df29ed3de5
2026-04-05 14:54:47|gpt|web_search|11|QUESTION_ADVANCE||3627|05321707-1875-4c3a-8a66-d07a09496596
2026-04-05 14:55:48|gpt|web_search|13|QUESTION_SENT||3773|de9588c1-9dbb-4fe9-adbe-b84d77373d34
2026-04-05 14:56:26|gpt|web_search|13|JSON_VERIFY_FAILED||3773|de9588c1-9dbb-4fe9-adbe-b84d77373d34
2026-04-05 14:56:26|gpt|web_search|13|QUESTION|90|3773|de9588c1-9dbb-4fe9-adbe-b84d77373d34
2026-04-05 14:56:36|gpt|web_search|13|QUESTION_SENT||3773|de9588c1-9dbb-4fe9-adbe-b84d77373d34
2026-04-05 14:57:02|gpt|web_search|13|JSON_VERIFIED||3773|de9588c1-9dbb-4fe9-adbe-b84d77373d34
2026-04-05 14:57:02|gpt|web_search|13|QUESTION|91|3773|de9588c1-9dbb-4fe9-adbe-b84d77373d34
2026-04-05 14:57:02|gpt|web_search|13|JSON_SAVED||3773|de9588c1-9dbb-4fe9-adbe-b84d77373d34
2026-04-05 14:57:02|gpt|web_search|13|QUESTION_ADVANCE||3774|7ef374e7-653a-4e1c-a422-d9b67c22bf83
2026-04-05 14:57:29|gpt|web_search|10|QUESTION_SENT||3504|a3a5a08e-082e-42df-86c1-a317e8938381
2026-04-05 14:57:43|gpt|web_search|11|QUESTION_SENT||3627|05321707-1875-4c3a-8a66-d07a09496596
2026-04-05 14:58:08|gpt|web_search|10|JSON_VERIFIED||3504|a3a5a08e-082e-42df-86c1-a317e8938381
2026-04-05 14:58:08|gpt|web_search|10|QUESTION|88|3504|a3a5a08e-082e-42df-86c1-a317e8938381
2026-04-05 14:58:08|gpt|web_search|10|JSON_SAVED||3504|a3a5a08e-082e-42df-86c1-a317e8938381
2026-04-05 14:58:08|gpt|web_search|10|QUESTION_ADVANCE||3505|7c744f52-7487-4bb1-a846-dde4e589e616
2026-04-05 14:58:21|gpt|web_search|11|JSON_VERIFIED||3627|05321707-1875-4c3a-8a66-d07a09496596
2026-04-05 14:58:21|gpt|web_search|11|QUESTION|93|3627|05321707-1875-4c3a-8a66-d07a09496596
2026-04-05 14:58:21|gpt|web_search|11|JSON_SAVED||3627|05321707-1875-4c3a-8a66-d07a09496596
2026-04-05 14:58:21|gpt|web_search|11|QUESTION_ADVANCE||3628|5cfee84e-103b-4ec1-bd80-33f58a4a35f0
2026-04-05 15:00:09|gpt|web_search|13|QUESTION_SENT||3774|7ef374e7-653a-4e1c-a422-d9b67c22bf83
2026-04-05 15:00:43|gpt|web_search|13|JSON_VERIFY_FAILED||3774|7ef374e7-653a-4e1c-a422-d9b67c22bf83
2026-04-05 15:00:43|gpt|web_search|13|QUESTION|92|3774|7ef374e7-653a-4e1c-a422-d9b67c22bf83
2026-04-05 15:01:04|gpt|web_search|10|QUESTION_SENT||3505|7c744f52-7487-4bb1-a846-dde4e589e616
2026-04-05 15:01:19|gpt|web_search|11|QUESTION_SENT||3628|5cfee84e-103b-4ec1-bd80-33f58a4a35f0
2026-04-05 15:01:39|gpt|web_search|10|JSON_VERIFY_FAILED||3505|7c744f52-7487-4bb1-a846-dde4e589e616
2026-04-05 15:01:39|gpt|web_search|10|QUESTION|89|3505|7c744f52-7487-4bb1-a846-dde4e589e616
2026-04-05 15:01:49|gpt|web_search|10|QUESTION_SENT||3505|7c744f52-7487-4bb1-a846-dde4e589e616
2026-04-05 15:01:53|gpt|web_search|11|JSON_VERIFIED||3628|5cfee84e-103b-4ec1-bd80-33f58a4a35f0
2026-04-05 15:01:53|gpt|web_search|11|QUESTION|94|3628|5cfee84e-103b-4ec1-bd80-33f58a4a35f0
2026-04-05 15:01:53|gpt|web_search|11|JSON_SAVED||3628|5cfee84e-103b-4ec1-bd80-33f58a4a35f0
2026-04-05 15:01:53|gpt|web_search|11|QUESTION_ADVANCE||3629|63e0ad13-b201-403e-94d7-34122d1cff75
2026-04-05 15:03:42|gpt|web_search|13|QUESTION_SENT||3774|7ef374e7-653a-4e1c-a422-d9b67c22bf83
2026-04-05 15:04:13|gpt|web_search|13|JSON_VERIFY_FAILED||3774|7ef374e7-653a-4e1c-a422-d9b67c22bf83
2026-04-05 15:04:13|gpt|web_search|13|QUESTION|93|3774|7ef374e7-653a-4e1c-a422-d9b67c22bf83
2026-04-05 15:04:23|gpt|web_search|13|QUESTION_SENT||3774|7ef374e7-653a-4e1c-a422-d9b67c22bf83
2026-04-05 15:04:46|gpt|web_search|13|JSON_VERIFIED||3774|7ef374e7-653a-4e1c-a422-d9b67c22bf83
2026-04-05 15:04:46|gpt|web_search|13|QUESTION|94|3774|7ef374e7-653a-4e1c-a422-d9b67c22bf83
2026-04-05 15:04:46|gpt|web_search|13|JSON_SAVED||3774|7ef374e7-653a-4e1c-a422-d9b67c22bf83
2026-04-05 15:04:46|gpt|web_search|13|QUESTION_ADVANCE||3775|7fb06f8f-1a31-4d77-88e4-070088e19c2b
2026-04-05 15:04:56|gpt|web_search|11|QUESTION_SENT||3629|63e0ad13-b201-403e-94d7-34122d1cff75
2026-04-05 15:05:24|gpt|web_search|10|QUESTION_SENT||3505|7c744f52-7487-4bb1-a846-dde4e589e616
2026-04-05 15:05:35|gpt|web_search|11|JSON_VERIFIED||3629|63e0ad13-b201-403e-94d7-34122d1cff75
2026-04-05 15:05:35|gpt|web_search|11|QUESTION|95|3629|63e0ad13-b201-403e-94d7-34122d1cff75
2026-04-05 15:05:35|gpt|web_search|11|JSON_SAVED||3629|63e0ad13-b201-403e-94d7-34122d1cff75
2026-04-05 15:05:35|gpt|web_search|11|QUESTION_ADVANCE||3630|5e2ec2d6-f565-4d87-a524-ab6ebb878d32
2026-04-05 15:06:48|gpt|web_search|10|JSON_VERIFIED||3505|7c744f52-7487-4bb1-a846-dde4e589e616
2026-04-05 15:06:48|gpt|web_search|10|QUESTION|90|3505|7c744f52-7487-4bb1-a846-dde4e589e616
2026-04-05 15:06:48|gpt|web_search|10|JSON_SAVED||3505|7c744f52-7487-4bb1-a846-dde4e589e616
2026-04-05 15:06:48|gpt|web_search|10|QUESTION_ADVANCE||3506|2d6b8cb9-a7a5-4780-bd59-9ff750d6edf1
2026-04-05 15:07:56|gpt|web_search|13|QUESTION_SENT||3775|7fb06f8f-1a31-4d77-88e4-070088e19c2b
2026-04-05 15:08:32|gpt|web_search|13|JSON_VERIFIED||3775|7fb06f8f-1a31-4d77-88e4-070088e19c2b
2026-04-05 15:08:32|gpt|web_search|13|QUESTION|95|3775|7fb06f8f-1a31-4d77-88e4-070088e19c2b
2026-04-05 15:08:32|gpt|web_search|13|JSON_SAVED||3775|7fb06f8f-1a31-4d77-88e4-070088e19c2b
2026-04-05 15:08:32|gpt|web_search|13|QUESTION_ADVANCE||3776|0d712e3f-89fe-4104-9f71-a18bdd07b784
2026-04-05 15:08:33|gpt|web_search|11|QUESTION_SENT||3630|5e2ec2d6-f565-4d87-a524-ab6ebb878d32
2026-04-05 15:08:59|gpt|web_search|10|QUESTION_SENT||3506|2d6b8cb9-a7a5-4780-bd59-9ff750d6edf1
2026-04-05 15:09:08|gpt|web_search|11|JSON_VERIFIED||3630|5e2ec2d6-f565-4d87-a524-ab6ebb878d32
2026-04-05 15:09:08|gpt|web_search|11|QUESTION|96|3630|5e2ec2d6-f565-4d87-a524-ab6ebb878d32
2026-04-05 15:09:08|gpt|web_search|11|JSON_SAVED||3630|5e2ec2d6-f565-4d87-a524-ab6ebb878d32
2026-04-05 15:09:08|gpt|web_search|11|QUESTION_ADVANCE||3631|6c3250c7-3432-4bd6-9686-4827b8327c68
2026-04-05 15:09:33|gpt|web_search|10|JSON_VERIFY_FAILED||3506|2d6b8cb9-a7a5-4780-bd59-9ff750d6edf1
2026-04-05 15:09:33|gpt|web_search|10|QUESTION|91|3506|2d6b8cb9-a7a5-4780-bd59-9ff750d6edf1
2026-04-05 15:09:43|gpt|web_search|10|QUESTION_SENT||3506|2d6b8cb9-a7a5-4780-bd59-9ff750d6edf1
2026-04-05 15:10:09|gpt|web_search|10|JSON_VERIFIED||3506|2d6b8cb9-a7a5-4780-bd59-9ff750d6edf1
2026-04-05 15:10:09|gpt|web_search|10|QUESTION|92|3506|2d6b8cb9-a7a5-4780-bd59-9ff750d6edf1
2026-04-05 15:10:09|gpt|web_search|10|JSON_SAVED||3506|2d6b8cb9-a7a5-4780-bd59-9ff750d6edf1
2026-04-05 15:10:09|gpt|web_search|10|QUESTION_ADVANCE||3507|e40bea5c-dcf9-4c46-89ac-f904a7a27608
2026-04-05 15:11:28|gpt|web_search|13|QUESTION_SENT||3776|0d712e3f-89fe-4104-9f71-a18bdd07b784
2026-04-05 15:12:07|gpt|web_search|13|JSON_VERIFIED||3776|0d712e3f-89fe-4104-9f71-a18bdd07b784
2026-04-05 15:12:07|gpt|web_search|13|QUESTION|96|3776|0d712e3f-89fe-4104-9f71-a18bdd07b784
2026-04-05 15:12:07|gpt|web_search|13|JSON_SAVED||3776|0d712e3f-89fe-4104-9f71-a18bdd07b784
2026-04-05 15:12:07|gpt|web_search|13|QUESTION_ADVANCE||3777|4d2c895f-94a7-4a9c-b3b6-9a12929452b9
2026-04-05 15:12:10|gpt|web_search|11|QUESTION_SENT||3631|6c3250c7-3432-4bd6-9686-4827b8327c68
2026-04-05 15:12:45|gpt|web_search|11|JSON_VERIFIED||3631|6c3250c7-3432-4bd6-9686-4827b8327c68
2026-04-05 15:12:45|gpt|web_search|11|QUESTION|97|3631|6c3250c7-3432-4bd6-9686-4827b8327c68
2026-04-05 15:12:45|gpt|web_search|11|JSON_SAVED||3631|6c3250c7-3432-4bd6-9686-4827b8327c68
2026-04-05 15:12:45|gpt|web_search|11|QUESTION_ADVANCE||3632|b3e2804f-6374-4b0a-8eca-49cc69cb05a9
2026-04-05 15:13:18|gpt|web_search|10|QUESTION_SENT||3507|e40bea5c-dcf9-4c46-89ac-f904a7a27608
2026-04-05 15:13:52|gpt|web_search|10|JSON_VERIFY_FAILED||3507|e40bea5c-dcf9-4c46-89ac-f904a7a27608
2026-04-05 15:13:52|gpt|web_search|10|QUESTION|93|3507|e40bea5c-dcf9-4c46-89ac-f904a7a27608
2026-04-05 15:14:01|gpt|web_search|10|QUESTION_SENT||3507|e40bea5c-dcf9-4c46-89ac-f904a7a27608
2026-04-05 15:14:27|gpt|web_search|10|JSON_VERIFIED||3507|e40bea5c-dcf9-4c46-89ac-f904a7a27608
2026-04-05 15:14:27|gpt|web_search|10|QUESTION|94|3507|e40bea5c-dcf9-4c46-89ac-f904a7a27608
2026-04-05 15:14:27|gpt|web_search|10|JSON_SAVED||3507|e40bea5c-dcf9-4c46-89ac-f904a7a27608
2026-04-05 15:14:27|gpt|web_search|10|QUESTION_ADVANCE||3508|45dfabe0-11c8-40cc-a55e-a622b088530a
2026-04-05 15:15:01|gpt|web_search|13|QUESTION_SENT||3777|4d2c895f-94a7-4a9c-b3b6-9a12929452b9
2026-04-05 15:15:38|gpt|web_search|13|JSON_VERIFIED||3777|4d2c895f-94a7-4a9c-b3b6-9a12929452b9
2026-04-05 15:15:38|gpt|web_search|13|QUESTION|97|3777|4d2c895f-94a7-4a9c-b3b6-9a12929452b9
2026-04-05 15:15:38|gpt|web_search|13|JSON_SAVED||3777|4d2c895f-94a7-4a9c-b3b6-9a12929452b9
2026-04-05 15:15:38|gpt|web_search|13|QUESTION_ADVANCE||3778|36e0dcd7-5523-4621-a5c2-ee999c2cb417
2026-04-05 15:15:47|gpt|web_search|11|QUESTION_SENT||3632|b3e2804f-6374-4b0a-8eca-49cc69cb05a9
2026-04-05 15:16:21|gpt|web_search|11|JSON_VERIFIED||3632|b3e2804f-6374-4b0a-8eca-49cc69cb05a9
2026-04-05 15:16:21|gpt|web_search|11|QUESTION|98|3632|b3e2804f-6374-4b0a-8eca-49cc69cb05a9
2026-04-05 15:16:21|gpt|web_search|11|JSON_SAVED||3632|b3e2804f-6374-4b0a-8eca-49cc69cb05a9
2026-04-05 15:16:21|gpt|web_search|11|QUESTION_ADVANCE||3633|328769bc-0374-4c28-9adc-af71f5e8f0a6
2026-04-05 15:17:36|gpt|web_search|10|QUESTION_SENT||3508|45dfabe0-11c8-40cc-a55e-a622b088530a
2026-04-05 15:18:14|gpt|web_search|10|JSON_VERIFIED||3508|45dfabe0-11c8-40cc-a55e-a622b088530a
2026-04-05 15:18:14|gpt|web_search|10|QUESTION|95|3508|45dfabe0-11c8-40cc-a55e-a622b088530a
2026-04-05 15:18:14|gpt|web_search|10|JSON_SAVED||3508|45dfabe0-11c8-40cc-a55e-a622b088530a
2026-04-05 15:18:14|gpt|web_search|10|QUESTION_ADVANCE||3509|dd670d8a-bf39-4aa1-a91d-fdf401f5d194
2026-04-05 15:18:34|gpt|web_search|13|QUESTION_SENT||3778|36e0dcd7-5523-4621-a5c2-ee999c2cb417
2026-04-05 15:19:08|gpt|web_search|13|JSON_VERIFY_FAILED||3778|36e0dcd7-5523-4621-a5c2-ee999c2cb417
2026-04-05 15:19:08|gpt|web_search|13|QUESTION|98|3778|36e0dcd7-5523-4621-a5c2-ee999c2cb417
2026-04-05 15:19:18|gpt|web_search|13|QUESTION_SENT||3778|36e0dcd7-5523-4621-a5c2-ee999c2cb417
2026-04-05 15:19:24|gpt|web_search|11|QUESTION_SENT||3633|328769bc-0374-4c28-9adc-af71f5e8f0a6
2026-04-05 15:19:48|gpt|web_search|13|JSON_VERIFIED||3778|36e0dcd7-5523-4621-a5c2-ee999c2cb417
2026-04-05 15:19:48|gpt|web_search|13|QUESTION|99|3778|36e0dcd7-5523-4621-a5c2-ee999c2cb417
2026-04-05 15:19:48|gpt|web_search|13|JSON_SAVED||3778|36e0dcd7-5523-4621-a5c2-ee999c2cb417
2026-04-05 15:19:48|gpt|web_search|13|QUESTION_ADVANCE||3779|d14f4607-c22b-42b8-ac16-99af4164c34f
2026-04-05 15:20:06|gpt|web_search|11|JSON_VERIFIED||3633|328769bc-0374-4c28-9adc-af71f5e8f0a6
2026-04-05 15:20:06|gpt|web_search|11|QUESTION|99|3633|328769bc-0374-4c28-9adc-af71f5e8f0a6
2026-04-05 15:20:06|gpt|web_search|11|JSON_SAVED||3633|328769bc-0374-4c28-9adc-af71f5e8f0a6
2026-04-05 15:20:06|gpt|web_search|11|QUESTION_ADVANCE||3634|8853494d-81ba-4ac0-baf0-aef9ab02889c
2026-04-05 15:21:11|gpt|web_search|10|QUESTION_SENT||3509|dd670d8a-bf39-4aa1-a91d-fdf401f5d194
2026-04-05 15:21:52|gpt|web_search|10|JSON_VERIFIED||3509|dd670d8a-bf39-4aa1-a91d-fdf401f5d194
2026-04-05 15:21:52|gpt|web_search|10|QUESTION|96|3509|dd670d8a-bf39-4aa1-a91d-fdf401f5d194
2026-04-05 15:21:52|gpt|web_search|10|JSON_SAVED||3509|dd670d8a-bf39-4aa1-a91d-fdf401f5d194
2026-04-05 15:21:52|gpt|web_search|10|QUESTION_ADVANCE||3510|b23e98a8-9f97-49c2-88c0-6f50c4cb5bd2
2026-04-05 15:22:45|gpt|web_search|12|RESTART||3881|767167aa-d3fb-4416-821a-89a8268410c0
2026-04-05 15:22:51|gpt|web_search|13|QUESTION_SENT||3779|d14f4607-c22b-42b8-ac16-99af4164c34f
2026-04-05 15:23:01|gpt|web_search|11|QUESTION_SENT||3634|8853494d-81ba-4ac0-baf0-aef9ab02889c
2026-04-05 15:23:42|gpt|web_search|11|JSON_VERIFIED||3634|8853494d-81ba-4ac0-baf0-aef9ab02889c
2026-04-05 15:23:42|gpt|web_search|11|QUESTION|100|3634|8853494d-81ba-4ac0-baf0-aef9ab02889c
2026-04-05 15:23:42|gpt|web_search|11|JSON_SAVED||3634|8853494d-81ba-4ac0-baf0-aef9ab02889c
2026-04-05 15:23:42|gpt|web_search|11|QUESTION_ADVANCE||3635|f9b38bce-0760-4ff3-b5c8-3559739a3e46
2026-04-05 15:24:01|gpt|web_search|12|QUESTION_SENT||3881|767167aa-d3fb-4416-821a-89a8268410c0
2026-04-05 15:24:39|gpt|web_search|12|JSON_VERIFIED||3881|767167aa-d3fb-4416-821a-89a8268410c0
2026-04-05 15:24:39|gpt|web_search|12|QUESTION|1|3881|767167aa-d3fb-4416-821a-89a8268410c0
2026-04-05 15:24:39|gpt|web_search|12|JSON_SAVED||3881|767167aa-d3fb-4416-821a-89a8268410c0
2026-04-05 15:24:39|gpt|web_search|12|QUESTION_ADVANCE||3882|9160402e-757a-48bf-b3e1-e93961d2f246
2026-04-05 15:24:46|gpt|web_search|10|QUESTION_SENT||3510|b23e98a8-9f97-49c2-88c0-6f50c4cb5bd2
2026-04-05 15:25:20|gpt|web_search|13|QUESTION_SENT||3779|d14f4607-c22b-42b8-ac16-99af4164c34f
2026-04-05 15:25:33|gpt|web_search|10|JSON_VERIFIED||3510|b23e98a8-9f97-49c2-88c0-6f50c4cb5bd2
2026-04-05 15:25:33|gpt|web_search|10|QUESTION|97|3510|b23e98a8-9f97-49c2-88c0-6f50c4cb5bd2
2026-04-05 15:25:33|gpt|web_search|10|JSON_SAVED||3510|b23e98a8-9f97-49c2-88c0-6f50c4cb5bd2
2026-04-05 15:25:33|gpt|web_search|10|QUESTION_ADVANCE||3511|a89db84b-34a5-4fd3-bede-8c1e77b23695
2026-04-05 15:25:57|gpt|web_search|13|JSON_VERIFIED||3779|d14f4607-c22b-42b8-ac16-99af4164c34f
2026-04-05 15:25:57|gpt|web_search|13|QUESTION|100|3779|d14f4607-c22b-42b8-ac16-99af4164c34f
2026-04-05 15:25:57|gpt|web_search|13|JSON_SAVED||3779|d14f4607-c22b-42b8-ac16-99af4164c34f
2026-04-05 15:25:57|gpt|web_search|13|QUESTION_ADVANCE||3780|1ff4a827-55f4-4b3a-99d1-36dd876a34a2
2026-04-05 15:26:38|gpt|web_search|11|QUESTION_SENT||3635|f9b38bce-0760-4ff3-b5c8-3559739a3e46
2026-04-05 15:27:19|gpt|web_search|11|JSON_VERIFIED||3635|f9b38bce-0760-4ff3-b5c8-3559739a3e46
2026-04-05 15:27:19|gpt|web_search|11|QUESTION|101|3635|f9b38bce-0760-4ff3-b5c8-3559739a3e46
2026-04-05 15:27:19|gpt|web_search|11|JSON_SAVED||3635|f9b38bce-0760-4ff3-b5c8-3559739a3e46
2026-04-05 15:27:19|gpt|web_search|11|QUESTION_ADVANCE||3636|bea2d169-f7da-4708-a77b-4f4352b9ec62
2026-04-05 15:27:54|gpt|web_search|12|QUESTION_SENT||3882|9160402e-757a-48bf-b3e1-e93961d2f246
2026-04-05 15:28:21|gpt|web_search|10|QUESTION_SENT||3511|a89db84b-34a5-4fd3-bede-8c1e77b23695
2026-04-05 15:28:34|gpt|web_search|12|JSON_VERIFIED||3882|9160402e-757a-48bf-b3e1-e93961d2f246
2026-04-05 15:28:34|gpt|web_search|12|QUESTION|2|3882|9160402e-757a-48bf-b3e1-e93961d2f246
2026-04-05 15:28:34|gpt|web_search|12|JSON_SAVED||3882|9160402e-757a-48bf-b3e1-e93961d2f246
2026-04-05 15:28:34|gpt|web_search|12|QUESTION_ADVANCE||3883|8a57ab6f-bde3-4e78-a879-6d5978ca7700
2026-04-05 15:28:53|gpt|web_search|13|QUESTION_SENT||3780|1ff4a827-55f4-4b3a-99d1-36dd876a34a2
2026-04-05 15:28:59|gpt|web_search|10|JSON_VERIFY_FAILED||3511|a89db84b-34a5-4fd3-bede-8c1e77b23695
2026-04-05 15:28:59|gpt|web_search|10|QUESTION|98|3511|a89db84b-34a5-4fd3-bede-8c1e77b23695
2026-04-05 15:29:09|gpt|web_search|10|QUESTION_SENT||3511|a89db84b-34a5-4fd3-bede-8c1e77b23695
2026-04-05 15:29:27|gpt|web_search|13|JSON_VERIFY_FAILED||3780|1ff4a827-55f4-4b3a-99d1-36dd876a34a2
2026-04-05 15:29:27|gpt|web_search|13|QUESTION|101|3780|1ff4a827-55f4-4b3a-99d1-36dd876a34a2
2026-04-05 15:29:37|gpt|web_search|13|QUESTION_SENT||3780|1ff4a827-55f4-4b3a-99d1-36dd876a34a2
2026-04-05 15:29:37|gpt|web_search|10|JSON_VERIFIED||3511|a89db84b-34a5-4fd3-bede-8c1e77b23695
2026-04-05 15:29:37|gpt|web_search|10|QUESTION|99|3511|a89db84b-34a5-4fd3-bede-8c1e77b23695
2026-04-05 15:29:37|gpt|web_search|10|JSON_SAVED||3511|a89db84b-34a5-4fd3-bede-8c1e77b23695
2026-04-05 15:29:37|gpt|web_search|10|QUESTION_ADVANCE||3512|8996df8b-6c8b-44b5-a37a-191455e9d9c9
2026-04-05 15:30:02|gpt|web_search|13|JSON_VERIFIED||3780|1ff4a827-55f4-4b3a-99d1-36dd876a34a2
2026-04-05 15:30:02|gpt|web_search|13|QUESTION|102|3780|1ff4a827-55f4-4b3a-99d1-36dd876a34a2
2026-04-05 15:30:02|gpt|web_search|13|JSON_SAVED||3780|1ff4a827-55f4-4b3a-99d1-36dd876a34a2
2026-04-05 15:30:02|gpt|web_search|13|QUESTION_ADVANCE||3781|f4ca6f0f-b246-4035-ba89-ffa3abc04361
2026-04-05 15:30:15|gpt|web_search|11|QUESTION_SENT||3636|bea2d169-f7da-4708-a77b-4f4352b9ec62
2026-04-05 15:30:53|gpt|web_search|11|JSON_VERIFIED||3636|bea2d169-f7da-4708-a77b-4f4352b9ec62
2026-04-05 15:30:53|gpt|web_search|11|QUESTION|102|3636|bea2d169-f7da-4708-a77b-4f4352b9ec62
2026-04-05 15:30:53|gpt|web_search|11|JSON_SAVED||3636|bea2d169-f7da-4708-a77b-4f4352b9ec62
2026-04-05 15:30:53|gpt|web_search|11|QUESTION_ADVANCE||3637|98bd9b4f-d704-455f-a01d-290f44200fdb
2026-04-05 15:31:47|gpt|web_search|12|QUESTION_SENT||3883|8a57ab6f-bde3-4e78-a879-6d5978ca7700
2026-04-05 15:32:24|gpt|web_search|12|JSON_VERIFIED||3883|8a57ab6f-bde3-4e78-a879-6d5978ca7700
2026-04-05 15:32:24|gpt|web_search|12|QUESTION|3|3883|8a57ab6f-bde3-4e78-a879-6d5978ca7700
2026-04-05 15:32:24|gpt|web_search|12|JSON_SAVED||3883|8a57ab6f-bde3-4e78-a879-6d5978ca7700
2026-04-05 15:32:24|gpt|web_search|12|QUESTION_ADVANCE||3884|6319d6e6-bdfd-42cd-8947-60f6e8744065
2026-04-05 15:32:44|gpt|web_search|10|QUESTION_SENT||3512|8996df8b-6c8b-44b5-a37a-191455e9d9c9
2026-04-05 15:33:09|gpt|web_search|13|QUESTION_SENT||3781|f4ca6f0f-b246-4035-ba89-ffa3abc04361
2026-04-05 15:33:21|gpt|web_search|10|JSON_VERIFIED||3512|8996df8b-6c8b-44b5-a37a-191455e9d9c9
2026-04-05 15:33:21|gpt|web_search|10|QUESTION|100|3512|8996df8b-6c8b-44b5-a37a-191455e9d9c9
2026-04-05 15:33:21|gpt|web_search|10|JSON_SAVED||3512|8996df8b-6c8b-44b5-a37a-191455e9d9c9
2026-04-05 15:33:21|gpt|web_search|10|QUESTION_ADVANCE||3513|da1e8693-59cf-4271-820e-b02550e15d3e
2026-04-05 15:33:45|gpt|web_search|13|JSON_VERIFIED||3781|f4ca6f0f-b246-4035-ba89-ffa3abc04361
2026-04-05 15:33:45|gpt|web_search|13|QUESTION|103|3781|f4ca6f0f-b246-4035-ba89-ffa3abc04361
2026-04-05 15:33:45|gpt|web_search|13|JSON_SAVED||3781|f4ca6f0f-b246-4035-ba89-ffa3abc04361
2026-04-05 15:33:45|gpt|web_search|13|QUESTION_ADVANCE||3782|2a044c3d-bac3-43d1-99cf-62ac615a2bc2
2026-04-05 15:33:52|gpt|web_search|11|QUESTION_SENT||3637|98bd9b4f-d704-455f-a01d-290f44200fdb
2026-04-05 15:34:27|gpt|web_search|11|JSON_VERIFIED||3637|98bd9b4f-d704-455f-a01d-290f44200fdb
2026-04-05 15:34:27|gpt|web_search|11|QUESTION|103|3637|98bd9b4f-d704-455f-a01d-290f44200fdb
2026-04-05 15:34:27|gpt|web_search|11|JSON_SAVED||3637|98bd9b4f-d704-455f-a01d-290f44200fdb
2026-04-05 15:34:27|gpt|web_search|11|QUESTION_ADVANCE||3638|940b8611-53a7-4ccf-922e-da992fbae576
2026-04-05 15:35:40|gpt|web_search|12|QUESTION_SENT||3884|6319d6e6-bdfd-42cd-8947-60f6e8744065
2026-04-05 15:36:18|gpt|web_search|12|JSON_VERIFIED||3884|6319d6e6-bdfd-42cd-8947-60f6e8744065
2026-04-05 15:36:18|gpt|web_search|12|QUESTION|4|3884|6319d6e6-bdfd-42cd-8947-60f6e8744065
2026-04-05 15:36:18|gpt|web_search|12|JSON_SAVED||3884|6319d6e6-bdfd-42cd-8947-60f6e8744065
2026-04-05 15:36:18|gpt|web_search|12|QUESTION_ADVANCE||3885|2d2083fc-2abe-4c62-be6b-d5c87c902279
2026-04-05 15:36:19|gpt|web_search|10|QUESTION_SENT||3513|da1e8693-59cf-4271-820e-b02550e15d3e
2026-04-05 15:36:42|gpt|web_search|13|QUESTION_SENT||3782|2a044c3d-bac3-43d1-99cf-62ac615a2bc2
2026-04-05 15:36:55|gpt|web_search|10|JSON_VERIFIED||3513|da1e8693-59cf-4271-820e-b02550e15d3e
2026-04-05 15:36:55|gpt|web_search|10|QUESTION|101|3513|da1e8693-59cf-4271-820e-b02550e15d3e
2026-04-05 15:36:55|gpt|web_search|10|JSON_SAVED||3513|da1e8693-59cf-4271-820e-b02550e15d3e
2026-04-05 15:36:55|gpt|web_search|10|QUESTION_ADVANCE||3514|9a7d036e-9e66-4b87-8dca-aeb9460e0394
2026-04-05 15:37:16|gpt|web_search|13|JSON_VERIFY_FAILED||3782|2a044c3d-bac3-43d1-99cf-62ac615a2bc2
2026-04-05 15:37:16|gpt|web_search|13|QUESTION|104|3782|2a044c3d-bac3-43d1-99cf-62ac615a2bc2
2026-04-05 15:37:26|gpt|web_search|13|QUESTION_SENT||3782|2a044c3d-bac3-43d1-99cf-62ac615a2bc2
2026-04-05 15:37:29|gpt|web_search|11|QUESTION_SENT||3638|940b8611-53a7-4ccf-922e-da992fbae576
2026-04-05 15:37:52|gpt|web_search|13|JSON_VERIFIED||3782|2a044c3d-bac3-43d1-99cf-62ac615a2bc2
2026-04-05 15:37:52|gpt|web_search|13|QUESTION|105|3782|2a044c3d-bac3-43d1-99cf-62ac615a2bc2
2026-04-05 15:37:52|gpt|web_search|13|JSON_SAVED||3782|2a044c3d-bac3-43d1-99cf-62ac615a2bc2
2026-04-05 15:37:52|gpt|web_search|13|QUESTION_ADVANCE||3783|15812670-517b-4c7e-94eb-e612d0a26860
2026-04-05 15:38:01|gpt|web_search|11|JSON_VERIFY_FAILED||3638|940b8611-53a7-4ccf-922e-da992fbae576
2026-04-05 15:38:01|gpt|web_search|11|QUESTION|104|3638|940b8611-53a7-4ccf-922e-da992fbae576
2026-04-05 15:39:33|gpt|web_search|12|QUESTION_SENT||3885|2d2083fc-2abe-4c62-be6b-d5c87c902279
2026-04-05 15:39:53|gpt|web_search|10|QUESTION_SENT||3514|9a7d036e-9e66-4b87-8dca-aeb9460e0394
2026-04-05 15:40:10|gpt|web_search|12|JSON_VERIFIED||3885|2d2083fc-2abe-4c62-be6b-d5c87c902279
2026-04-05 15:40:10|gpt|web_search|12|QUESTION|5|3885|2d2083fc-2abe-4c62-be6b-d5c87c902279
2026-04-05 15:40:10|gpt|web_search|12|JSON_SAVED||3885|2d2083fc-2abe-4c62-be6b-d5c87c902279
2026-04-05 15:40:10|gpt|web_search|12|QUESTION_ADVANCE||3886|0802f59b-47b9-47f3-98b1-5caf86f78d97
2026-04-05 15:40:32|gpt|web_search|10|JSON_VERIFIED||3514|9a7d036e-9e66-4b87-8dca-aeb9460e0394
2026-04-05 15:40:32|gpt|web_search|10|QUESTION|102|3514|9a7d036e-9e66-4b87-8dca-aeb9460e0394
2026-04-05 15:40:32|gpt|web_search|10|JSON_SAVED||3514|9a7d036e-9e66-4b87-8dca-aeb9460e0394
2026-04-05 15:40:32|gpt|web_search|10|QUESTION_ADVANCE||3515|c0f15264-befc-48ef-b4d6-cf62e25435f9
2026-04-05 15:40:59|gpt|web_search|13|QUESTION_SENT||3783|15812670-517b-4c7e-94eb-e612d0a26860
2026-04-05 15:41:06|gpt|web_search|11|QUESTION_SENT||3638|940b8611-53a7-4ccf-922e-da992fbae576
2026-04-05 15:41:31|gpt|web_search|13|JSON_VERIFIED||3783|15812670-517b-4c7e-94eb-e612d0a26860
2026-04-05 15:41:31|gpt|web_search|13|QUESTION|106|3783|15812670-517b-4c7e-94eb-e612d0a26860
2026-04-05 15:41:31|gpt|web_search|13|JSON_SAVED||3783|15812670-517b-4c7e-94eb-e612d0a26860
2026-04-05 15:41:31|gpt|web_search|13|QUESTION_ADVANCE||3784|1879a353-5cb2-4271-8e16-137aacd885ae
2026-04-05 15:41:38|gpt|web_search|11|JSON_VERIFY_FAILED||3638|940b8611-53a7-4ccf-922e-da992fbae576
2026-04-05 15:41:38|gpt|web_search|11|QUESTION|105|3638|940b8611-53a7-4ccf-922e-da992fbae576
2026-04-05 15:41:48|gpt|web_search|11|QUESTION_SENT||3638|940b8611-53a7-4ccf-922e-da992fbae576
2026-04-05 15:42:11|gpt|web_search|11|JSON_VERIFIED||3638|940b8611-53a7-4ccf-922e-da992fbae576
2026-04-05 15:42:11|gpt|web_search|11|QUESTION|106|3638|940b8611-53a7-4ccf-922e-da992fbae576
2026-04-05 15:42:11|gpt|web_search|11|JSON_SAVED||3638|940b8611-53a7-4ccf-922e-da992fbae576
2026-04-05 15:42:11|gpt|web_search|11|QUESTION_ADVANCE||3639|3feb7dc3-b82e-47c8-8090-3de4a5e29d4c
2026-04-05 15:43:26|gpt|web_search|12|QUESTION_SENT||3886|0802f59b-47b9-47f3-98b1-5caf86f78d97
2026-04-05 15:43:28|gpt|web_search|10|QUESTION_SENT||3515|c0f15264-befc-48ef-b4d6-cf62e25435f9
2026-04-05 15:44:02|gpt|web_search|10|JSON_VERIFIED||3515|c0f15264-befc-48ef-b4d6-cf62e25435f9
2026-04-05 15:44:02|gpt|web_search|10|QUESTION|103|3515|c0f15264-befc-48ef-b4d6-cf62e25435f9
2026-04-05 15:44:02|gpt|web_search|10|JSON_SAVED||3515|c0f15264-befc-48ef-b4d6-cf62e25435f9
2026-04-05 15:44:02|gpt|web_search|10|QUESTION_ADVANCE||3516|60be9976-75e4-4c3d-a710-c636f1611ffd
2026-04-05 15:44:02|gpt|web_search|12|JSON_VERIFIED||3886|0802f59b-47b9-47f3-98b1-5caf86f78d97
2026-04-05 15:44:02|gpt|web_search|12|QUESTION|6|3886|0802f59b-47b9-47f3-98b1-5caf86f78d97
2026-04-05 15:44:02|gpt|web_search|12|JSON_SAVED||3886|0802f59b-47b9-47f3-98b1-5caf86f78d97
2026-04-05 15:44:02|gpt|web_search|12|QUESTION_ADVANCE||3887|ad739375-300f-4928-8e86-1bf3d7c3240e
2026-04-05 15:44:32|gpt|web_search|13|QUESTION_SENT||3784|1879a353-5cb2-4271-8e16-137aacd885ae
2026-04-05 15:45:09|gpt|web_search|13|JSON_VERIFY_FAILED||3784|1879a353-5cb2-4271-8e16-137aacd885ae
2026-04-05 15:45:09|gpt|web_search|13|QUESTION|107|3784|1879a353-5cb2-4271-8e16-137aacd885ae
2026-04-05 15:45:25|gpt|web_search|11|QUESTION_SENT||3639|3feb7dc3-b82e-47c8-8090-3de4a5e29d4c
2026-04-05 15:46:00|gpt|web_search|11|JSON_VERIFY_FAILED||3639|3feb7dc3-b82e-47c8-8090-3de4a5e29d4c
2026-04-05 15:46:00|gpt|web_search|11|QUESTION|107|3639|3feb7dc3-b82e-47c8-8090-3de4a5e29d4c
2026-04-05 15:46:10|gpt|web_search|11|QUESTION_SENT||3639|3feb7dc3-b82e-47c8-8090-3de4a5e29d4c
2026-04-05 15:46:30|gpt|web_search|11|JSON_VERIFIED||3639|3feb7dc3-b82e-47c8-8090-3de4a5e29d4c
2026-04-05 15:46:30|gpt|web_search|11|QUESTION|108|3639|3feb7dc3-b82e-47c8-8090-3de4a5e29d4c
2026-04-05 15:46:30|gpt|web_search|11|JSON_SAVED||3639|3feb7dc3-b82e-47c8-8090-3de4a5e29d4c
2026-04-05 15:46:30|gpt|web_search|11|QUESTION_ADVANCE||3640|0b57f022-1df3-47c1-a1a6-ad03a1c94e7b
2026-04-05 15:47:03|gpt|web_search|10|QUESTION_SENT||3516|60be9976-75e4-4c3d-a710-c636f1611ffd
2026-04-05 15:47:18|gpt|web_search|12|QUESTION_SENT||3887|ad739375-300f-4928-8e86-1bf3d7c3240e
2026-04-05 15:47:39|gpt|web_search|10|JSON_VERIFIED||3516|60be9976-75e4-4c3d-a710-c636f1611ffd
2026-04-05 15:47:39|gpt|web_search|10|QUESTION|104|3516|60be9976-75e4-4c3d-a710-c636f1611ffd
2026-04-05 15:47:39|gpt|web_search|10|JSON_SAVED||3516|60be9976-75e4-4c3d-a710-c636f1611ffd
2026-04-05 15:47:39|gpt|web_search|10|QUESTION_ADVANCE||3517|71fec176-734f-4318-b4ad-391c2b3764d6
2026-04-05 15:47:55|gpt|web_search|12|JSON_VERIFIED||3887|ad739375-300f-4928-8e86-1bf3d7c3240e
2026-04-05 15:47:55|gpt|web_search|12|QUESTION|7|3887|ad739375-300f-4928-8e86-1bf3d7c3240e
2026-04-05 15:47:55|gpt|web_search|12|JSON_SAVED||3887|ad739375-300f-4928-8e86-1bf3d7c3240e
2026-04-05 15:47:55|gpt|web_search|12|QUESTION_ADVANCE||3888|de2e422f-4ed1-4ba4-827e-c64628c23873
2026-04-05 15:48:05|gpt|web_search|13|QUESTION_SENT||3784|1879a353-5cb2-4271-8e16-137aacd885ae
2026-04-05 15:48:37|gpt|web_search|13|JSON_VERIFY_FAILED||3784|1879a353-5cb2-4271-8e16-137aacd885ae
2026-04-05 15:48:37|gpt|web_search|13|QUESTION|108|3784|1879a353-5cb2-4271-8e16-137aacd885ae
2026-04-05 15:48:47|gpt|web_search|13|QUESTION_SENT||3784|1879a353-5cb2-4271-8e16-137aacd885ae
2026-04-05 15:49:10|gpt|web_search|13|JSON_VERIFIED||3784|1879a353-5cb2-4271-8e16-137aacd885ae
2026-04-05 15:49:10|gpt|web_search|13|QUESTION|109|3784|1879a353-5cb2-4271-8e16-137aacd885ae
2026-04-05 15:49:10|gpt|web_search|13|JSON_SAVED||3784|1879a353-5cb2-4271-8e16-137aacd885ae
2026-04-05 15:49:10|gpt|web_search|13|QUESTION_ADVANCE||3785|d488d9fb-f1d7-46b2-b7ff-533d87e7e94c
2026-04-05 15:49:47|gpt|web_search|11|QUESTION_SENT||3640|0b57f022-1df3-47c1-a1a6-ad03a1c94e7b
2026-04-05 15:50:25|gpt|web_search|11|JSON_VERIFIED||3640|0b57f022-1df3-47c1-a1a6-ad03a1c94e7b
2026-04-05 15:50:25|gpt|web_search|11|QUESTION|109|3640|0b57f022-1df3-47c1-a1a6-ad03a1c94e7b
2026-04-05 15:50:25|gpt|web_search|11|JSON_SAVED||3640|0b57f022-1df3-47c1-a1a6-ad03a1c94e7b
2026-04-05 15:50:25|gpt|web_search|11|QUESTION_ADVANCE||3641|970a488f-9e80-400e-b020-2fae0b1db8cc
2026-04-05 15:50:38|gpt|web_search|10|QUESTION_SENT||3517|71fec176-734f-4318-b4ad-391c2b3764d6
2026-04-05 15:51:11|gpt|web_search|12|QUESTION_SENT||3888|de2e422f-4ed1-4ba4-827e-c64628c23873
2026-04-05 15:51:13|gpt|web_search|10|JSON_VERIFIED||3517|71fec176-734f-4318-b4ad-391c2b3764d6
2026-04-05 15:51:13|gpt|web_search|10|QUESTION|105|3517|71fec176-734f-4318-b4ad-391c2b3764d6
2026-04-05 15:51:13|gpt|web_search|10|JSON_SAVED||3517|71fec176-734f-4318-b4ad-391c2b3764d6
2026-04-05 15:51:13|gpt|web_search|10|QUESTION_ADVANCE||3518|066635bf-4f16-416e-8d79-27194bf27e21
2026-04-05 15:51:49|gpt|web_search|12|JSON_VERIFY_FAILED||3888|de2e422f-4ed1-4ba4-827e-c64628c23873
2026-04-05 15:51:49|gpt|web_search|12|QUESTION|8|3888|de2e422f-4ed1-4ba4-827e-c64628c23873
2026-04-05 15:51:59|gpt|web_search|12|QUESTION_SENT||3888|de2e422f-4ed1-4ba4-827e-c64628c23873
2026-04-05 15:52:20|gpt|web_search|13|QUESTION_SENT||3785|d488d9fb-f1d7-46b2-b7ff-533d87e7e94c
2026-04-05 15:52:22|gpt|web_search|12|JSON_VERIFIED||3888|de2e422f-4ed1-4ba4-827e-c64628c23873
2026-04-05 15:52:22|gpt|web_search|12|QUESTION|9|3888|de2e422f-4ed1-4ba4-827e-c64628c23873
2026-04-05 15:52:22|gpt|web_search|12|JSON_SAVED||3888|de2e422f-4ed1-4ba4-827e-c64628c23873
2026-04-05 15:52:22|gpt|web_search|12|QUESTION_ADVANCE||3889|6ca924eb-1194-4e90-9370-3f10f83a2212
2026-04-05 15:52:41|gpt|web_search|13|JSON_VERIFY_FAILED||3785|d488d9fb-f1d7-46b2-b7ff-533d87e7e94c
2026-04-05 15:52:41|gpt|web_search|13|QUESTION|110|3785|d488d9fb-f1d7-46b2-b7ff-533d87e7e94c
2026-04-05 15:53:24|gpt|web_search|11|QUESTION_SENT||3641|970a488f-9e80-400e-b020-2fae0b1db8cc
2026-04-05 15:54:06|gpt|web_search|11|JSON_VERIFIED||3641|970a488f-9e80-400e-b020-2fae0b1db8cc
2026-04-05 15:54:06|gpt|web_search|11|QUESTION|110|3641|970a488f-9e80-400e-b020-2fae0b1db8cc
2026-04-05 15:54:06|gpt|web_search|11|JSON_SAVED||3641|970a488f-9e80-400e-b020-2fae0b1db8cc
2026-04-05 15:54:06|gpt|web_search|11|QUESTION_ADVANCE||3642|3fa891b3-e25f-4dbd-a3fe-6d4d00b8a332
2026-04-05 15:54:13|gpt|web_search|10|QUESTION_SENT||3518|066635bf-4f16-416e-8d79-27194bf27e21
2026-04-05 15:54:47|gpt|web_search|10|JSON_VERIFY_FAILED||3518|066635bf-4f16-416e-8d79-27194bf27e21
2026-04-05 15:54:47|gpt|web_search|10|QUESTION|106|3518|066635bf-4f16-416e-8d79-27194bf27e21
2026-04-05 15:54:57|gpt|web_search|10|QUESTION_SENT||3518|066635bf-4f16-416e-8d79-27194bf27e21
2026-04-05 15:55:21|gpt|web_search|10|JSON_VERIFIED||3518|066635bf-4f16-416e-8d79-27194bf27e21
2026-04-05 15:55:21|gpt|web_search|10|QUESTION|107|3518|066635bf-4f16-416e-8d79-27194bf27e21
2026-04-05 15:55:21|gpt|web_search|10|JSON_SAVED||3518|066635bf-4f16-416e-8d79-27194bf27e21
2026-04-05 15:55:21|gpt|web_search|10|QUESTION_ADVANCE||3519|4ce88a9a-79d0-4f03-a473-bfa2b4c2a6e7
2026-04-05 15:55:52|gpt|web_search|12|QUESTION_SENT||3889|6ca924eb-1194-4e90-9370-3f10f83a2212
2026-04-05 15:55:53|gpt|web_search|13|QUESTION_SENT||3785|d488d9fb-f1d7-46b2-b7ff-533d87e7e94c
2026-04-05 15:56:22|gpt|web_search|13|JSON_VERIFY_FAILED||3785|d488d9fb-f1d7-46b2-b7ff-533d87e7e94c
2026-04-05 15:56:22|gpt|web_search|13|QUESTION|111|3785|d488d9fb-f1d7-46b2-b7ff-533d87e7e94c
2026-04-05 15:56:27|gpt|web_search|12|JSON_VERIFIED||3889|6ca924eb-1194-4e90-9370-3f10f83a2212
2026-04-05 15:56:27|gpt|web_search|12|QUESTION|10|3889|6ca924eb-1194-4e90-9370-3f10f83a2212
2026-04-05 15:56:27|gpt|web_search|12|JSON_SAVED||3889|6ca924eb-1194-4e90-9370-3f10f83a2212
2026-04-05 15:56:27|gpt|web_search|12|QUESTION_ADVANCE||3890|4cf9c56d-6e1d-47b5-9ce3-e355cc72538d
2026-04-05 15:57:01|gpt|web_search|11|QUESTION_SENT||3642|3fa891b3-e25f-4dbd-a3fe-6d4d00b8a332
2026-04-05 15:57:35|gpt|web_search|11|JSON_VERIFIED||3642|3fa891b3-e25f-4dbd-a3fe-6d4d00b8a332
2026-04-05 15:57:35|gpt|web_search|11|QUESTION|111|3642|3fa891b3-e25f-4dbd-a3fe-6d4d00b8a332
2026-04-05 15:57:35|gpt|web_search|11|JSON_SAVED||3642|3fa891b3-e25f-4dbd-a3fe-6d4d00b8a332
2026-04-05 15:57:35|gpt|web_search|11|QUESTION_ADVANCE||3643|c25ba06e-cde6-4a1c-91f8-a2a9f0123e11
2026-04-05 15:58:32|gpt|web_search|10|QUESTION_SENT||3519|4ce88a9a-79d0-4f03-a473-bfa2b4c2a6e7
2026-04-05 15:59:10|gpt|web_search|10|JSON_VERIFIED||3519|4ce88a9a-79d0-4f03-a473-bfa2b4c2a6e7
2026-04-05 15:59:10|gpt|web_search|10|QUESTION|108|3519|4ce88a9a-79d0-4f03-a473-bfa2b4c2a6e7
2026-04-05 15:59:10|gpt|web_search|10|JSON_SAVED||3519|4ce88a9a-79d0-4f03-a473-bfa2b4c2a6e7
2026-04-05 15:59:10|gpt|web_search|10|QUESTION_ADVANCE||3520|f8f650f4-9566-4d92-a0e7-2a23d1de716e
2026-04-05 15:59:25|gpt|web_search|13|QUESTION_SENT||3785|d488d9fb-f1d7-46b2-b7ff-533d87e7e94c
2026-04-05 15:59:45|gpt|web_search|12|QUESTION_SENT||3890|4cf9c56d-6e1d-47b5-9ce3-e355cc72538d
2026-04-05 15:59:58|gpt|web_search|13|JSON_VERIFIED||3785|d488d9fb-f1d7-46b2-b7ff-533d87e7e94c
2026-04-05 15:59:58|gpt|web_search|13|QUESTION|112|3785|d488d9fb-f1d7-46b2-b7ff-533d87e7e94c
2026-04-05 15:59:58|gpt|web_search|13|JSON_SAVED||3785|d488d9fb-f1d7-46b2-b7ff-533d87e7e94c
2026-04-05 15:59:58|gpt|web_search|13|QUESTION_ADVANCE||3786|d4b17916-8c65-4772-949f-3dbf212134ad
2026-04-05 16:00:22|gpt|web_search|12|JSON_VERIFY_FAILED||3890|4cf9c56d-6e1d-47b5-9ce3-e355cc72538d
2026-04-05 16:00:22|gpt|web_search|12|QUESTION|11|3890|4cf9c56d-6e1d-47b5-9ce3-e355cc72538d
2026-04-05 16:00:32|gpt|web_search|12|QUESTION_SENT||3890|4cf9c56d-6e1d-47b5-9ce3-e355cc72538d
2026-04-05 16:00:38|gpt|web_search|11|QUESTION_SENT||3643|c25ba06e-cde6-4a1c-91f8-a2a9f0123e11
2026-04-05 16:00:54|gpt|web_search|12|JSON_VERIFIED||3890|4cf9c56d-6e1d-47b5-9ce3-e355cc72538d
2026-04-05 16:00:54|gpt|web_search|12|QUESTION|12|3890|4cf9c56d-6e1d-47b5-9ce3-e355cc72538d
2026-04-05 16:00:54|gpt|web_search|12|JSON_SAVED||3890|4cf9c56d-6e1d-47b5-9ce3-e355cc72538d
2026-04-05 16:00:54|gpt|web_search|12|QUESTION_ADVANCE||3891|6f9ce280-6d34-4182-af4a-00f4ab59ead9
2026-04-05 16:01:10|gpt|web_search|11|JSON_VERIFY_FAILED||3643|c25ba06e-cde6-4a1c-91f8-a2a9f0123e11
2026-04-05 16:01:10|gpt|web_search|11|QUESTION|112|3643|c25ba06e-cde6-4a1c-91f8-a2a9f0123e11
2026-04-05 16:01:20|gpt|web_search|11|QUESTION_SENT||3643|c25ba06e-cde6-4a1c-91f8-a2a9f0123e11
2026-04-05 16:01:42|gpt|web_search|11|JSON_VERIFIED||3643|c25ba06e-cde6-4a1c-91f8-a2a9f0123e11
2026-04-05 16:01:42|gpt|web_search|11|QUESTION|113|3643|c25ba06e-cde6-4a1c-91f8-a2a9f0123e11
2026-04-05 16:01:42|gpt|web_search|11|JSON_SAVED||3643|c25ba06e-cde6-4a1c-91f8-a2a9f0123e11
2026-04-05 16:01:42|gpt|web_search|11|QUESTION_ADVANCE||3644|03b47793-a264-42bd-b5fe-9e69b8342fc6
2026-04-05 16:02:06|gpt|web_search|10|QUESTION_SENT||3520|f8f650f4-9566-4d92-a0e7-2a23d1de716e
2026-04-05 16:02:49|gpt|web_search|10|JSON_VERIFIED||3520|f8f650f4-9566-4d92-a0e7-2a23d1de716e
2026-04-05 16:02:49|gpt|web_search|10|QUESTION|109|3520|f8f650f4-9566-4d92-a0e7-2a23d1de716e
2026-04-05 16:02:49|gpt|web_search|10|JSON_SAVED||3520|f8f650f4-9566-4d92-a0e7-2a23d1de716e
2026-04-05 16:02:49|gpt|web_search|10|QUESTION_ADVANCE||3521|fbb701cc-5329-43bf-8a96-a9f67dbec412
2026-04-05 16:02:59|gpt|web_search|13|QUESTION_SENT||3786|d4b17916-8c65-4772-949f-3dbf212134ad
2026-04-05 16:03:35|gpt|web_search|13|JSON_VERIFIED||3786|d4b17916-8c65-4772-949f-3dbf212134ad
2026-04-05 16:03:35|gpt|web_search|13|QUESTION|113|3786|d4b17916-8c65-4772-949f-3dbf212134ad
2026-04-05 16:03:35|gpt|web_search|13|JSON_SAVED||3786|d4b17916-8c65-4772-949f-3dbf212134ad
2026-04-05 16:03:35|gpt|web_search|13|QUESTION_ADVANCE||3787|68146ffb-8a2e-43bc-8b8a-172b955eff27
2026-04-05 16:04:25|gpt|web_search|12|QUESTION_SENT||3891|6f9ce280-6d34-4182-af4a-00f4ab59ead9
2026-04-05 16:04:57|gpt|web_search|11|QUESTION_SENT||3644|03b47793-a264-42bd-b5fe-9e69b8342fc6
2026-04-05 16:05:00|gpt|web_search|12|JSON_VERIFIED||3891|6f9ce280-6d34-4182-af4a-00f4ab59ead9
2026-04-05 16:05:00|gpt|web_search|12|QUESTION|13|3891|6f9ce280-6d34-4182-af4a-00f4ab59ead9
2026-04-05 16:05:00|gpt|web_search|12|JSON_SAVED||3891|6f9ce280-6d34-4182-af4a-00f4ab59ead9
2026-04-05 16:05:00|gpt|web_search|12|QUESTION_ADVANCE||3892|96be349c-53aa-4ed2-be5b-c5cd58eb181c
2026-04-05 16:05:35|gpt|web_search|11|JSON_VERIFY_FAILED||3644|03b47793-a264-42bd-b5fe-9e69b8342fc6
2026-04-05 16:05:35|gpt|web_search|11|QUESTION|114|3644|03b47793-a264-42bd-b5fe-9e69b8342fc6
2026-04-05 16:05:41|gpt|web_search|10|QUESTION_SENT||3521|fbb701cc-5329-43bf-8a96-a9f67dbec412
2026-04-05 16:05:45|gpt|web_search|11|QUESTION_SENT||3644|03b47793-a264-42bd-b5fe-9e69b8342fc6
2026-04-05 16:06:06|gpt|web_search|11|JSON_VERIFIED||3644|03b47793-a264-42bd-b5fe-9e69b8342fc6
2026-04-05 16:06:06|gpt|web_search|11|QUESTION|115|3644|03b47793-a264-42bd-b5fe-9e69b8342fc6
2026-04-05 16:06:06|gpt|web_search|11|JSON_SAVED||3644|03b47793-a264-42bd-b5fe-9e69b8342fc6
2026-04-05 16:06:06|gpt|web_search|11|QUESTION_ADVANCE||3645|64548ea5-d437-4e21-9ec5-806b6105192f
2026-04-05 16:06:21|gpt|web_search|10|JSON_VERIFIED||3521|fbb701cc-5329-43bf-8a96-a9f67dbec412
2026-04-05 16:06:21|gpt|web_search|10|QUESTION|110|3521|fbb701cc-5329-43bf-8a96-a9f67dbec412
2026-04-05 16:06:21|gpt|web_search|10|JSON_SAVED||3521|fbb701cc-5329-43bf-8a96-a9f67dbec412
2026-04-05 16:06:21|gpt|web_search|10|QUESTION_ADVANCE||3522|f46c3434-fe26-4fe7-859e-f5e690da6356
2026-04-05 16:06:31|gpt|web_search|13|QUESTION_SENT||3787|68146ffb-8a2e-43bc-8b8a-172b955eff27
2026-04-05 16:07:07|gpt|web_search|13|JSON_VERIFIED||3787|68146ffb-8a2e-43bc-8b8a-172b955eff27
2026-04-05 16:07:07|gpt|web_search|13|QUESTION|114|3787|68146ffb-8a2e-43bc-8b8a-172b955eff27
2026-04-05 16:07:07|gpt|web_search|13|JSON_SAVED||3787|68146ffb-8a2e-43bc-8b8a-172b955eff27
2026-04-05 16:07:07|gpt|web_search|13|QUESTION_ADVANCE||3788|f8de1527-b1c1-49ee-94ba-e1f4071d3c6d
2026-04-05 16:08:17|gpt|web_search|12|QUESTION_SENT||3892|96be349c-53aa-4ed2-be5b-c5cd58eb181c
2026-04-05 16:08:59|gpt|web_search|12|JSON_VERIFY_FAILED||3892|96be349c-53aa-4ed2-be5b-c5cd58eb181c
2026-04-05 16:08:59|gpt|web_search|12|QUESTION|14|3892|96be349c-53aa-4ed2-be5b-c5cd58eb181c
2026-04-05 16:09:16|gpt|web_search|10|QUESTION_SENT||3522|f46c3434-fe26-4fe7-859e-f5e690da6356
2026-04-05 16:09:22|gpt|web_search|11|QUESTION_SENT||3645|64548ea5-d437-4e21-9ec5-806b6105192f
2026-04-05 16:09:55|gpt|web_search|10|JSON_VERIFIED||3522|f46c3434-fe26-4fe7-859e-f5e690da6356
2026-04-05 16:09:55|gpt|web_search|10|QUESTION|111|3522|f46c3434-fe26-4fe7-859e-f5e690da6356
2026-04-05 16:09:55|gpt|web_search|10|JSON_SAVED||3522|f46c3434-fe26-4fe7-859e-f5e690da6356
2026-04-05 16:09:55|gpt|web_search|10|QUESTION_ADVANCE||3523|05f872bc-8113-4114-9874-8ecc66b87a93
2026-04-05 16:09:59|gpt|web_search|11|JSON_VERIFIED||3645|64548ea5-d437-4e21-9ec5-806b6105192f
2026-04-05 16:09:59|gpt|web_search|11|QUESTION|116|3645|64548ea5-d437-4e21-9ec5-806b6105192f
2026-04-05 16:09:59|gpt|web_search|11|JSON_SAVED||3645|64548ea5-d437-4e21-9ec5-806b6105192f
2026-04-05 16:09:59|gpt|web_search|11|QUESTION_ADVANCE||3646|2aa46310-8a67-4bb7-bffe-082f2450e559
2026-04-05 16:10:04|gpt|web_search|13|QUESTION_SENT||3788|f8de1527-b1c1-49ee-94ba-e1f4071d3c6d
2026-04-05 16:10:45|gpt|web_search|13|JSON_VERIFIED||3788|f8de1527-b1c1-49ee-94ba-e1f4071d3c6d
2026-04-05 16:10:45|gpt|web_search|13|QUESTION|115|3788|f8de1527-b1c1-49ee-94ba-e1f4071d3c6d
2026-04-05 16:10:45|gpt|web_search|13|JSON_SAVED||3788|f8de1527-b1c1-49ee-94ba-e1f4071d3c6d
2026-04-05 16:10:45|gpt|web_search|13|QUESTION_ADVANCE||3789|49c32ba1-28cc-49a8-b7bd-84850269a272
2026-04-05 16:12:11|gpt|web_search|12|QUESTION_SENT||3892|96be349c-53aa-4ed2-be5b-c5cd58eb181c
2026-04-05 16:12:49|gpt|web_search|12|JSON_VERIFIED||3892|96be349c-53aa-4ed2-be5b-c5cd58eb181c
2026-04-05 16:12:49|gpt|web_search|12|QUESTION|15|3892|96be349c-53aa-4ed2-be5b-c5cd58eb181c
2026-04-05 16:12:49|gpt|web_search|12|JSON_SAVED||3892|96be349c-53aa-4ed2-be5b-c5cd58eb181c
2026-04-05 16:12:49|gpt|web_search|12|QUESTION_ADVANCE||3893|dbdf55be-78f8-4a27-9b78-86641684de45
2026-04-05 16:12:51|gpt|web_search|10|QUESTION_SENT||3523|05f872bc-8113-4114-9874-8ecc66b87a93
2026-04-05 16:12:59|gpt|web_search|11|QUESTION_SENT||3646|2aa46310-8a67-4bb7-bffe-082f2450e559
2026-04-05 16:13:29|gpt|web_search|10|JSON_VERIFIED||3523|05f872bc-8113-4114-9874-8ecc66b87a93
2026-04-05 16:13:29|gpt|web_search|10|QUESTION|112|3523|05f872bc-8113-4114-9874-8ecc66b87a93
2026-04-05 16:13:29|gpt|web_search|10|JSON_SAVED||3523|05f872bc-8113-4114-9874-8ecc66b87a93
2026-04-05 16:13:29|gpt|web_search|10|QUESTION_ADVANCE||3524|1db664ea-241b-46f2-ae8a-e6a2e3f3f2bb
2026-04-05 16:13:37|gpt|web_search|13|QUESTION_SENT||3789|49c32ba1-28cc-49a8-b7bd-84850269a272
2026-04-05 16:13:39|gpt|web_search|11|JSON_VERIFY_FAILED||3646|2aa46310-8a67-4bb7-bffe-082f2450e559
2026-04-05 16:13:39|gpt|web_search|11|QUESTION|117|3646|2aa46310-8a67-4bb7-bffe-082f2450e559
2026-04-05 16:13:48|gpt|web_search|11|QUESTION_SENT||3646|2aa46310-8a67-4bb7-bffe-082f2450e559
2026-04-05 16:14:13|gpt|web_search|13|JSON_VERIFIED||3789|49c32ba1-28cc-49a8-b7bd-84850269a272
2026-04-05 16:14:13|gpt|web_search|13|QUESTION|116|3789|49c32ba1-28cc-49a8-b7bd-84850269a272
2026-04-05 16:14:13|gpt|web_search|13|JSON_SAVED||3789|49c32ba1-28cc-49a8-b7bd-84850269a272
2026-04-05 16:14:13|gpt|web_search|13|QUESTION_ADVANCE||3790|1c9dccf4-48d3-495e-aa6b-35603505fba7
2026-04-05 16:14:17|gpt|web_search|11|JSON_VERIFIED||3646|2aa46310-8a67-4bb7-bffe-082f2450e559
2026-04-05 16:14:17|gpt|web_search|11|QUESTION|118|3646|2aa46310-8a67-4bb7-bffe-082f2450e559
2026-04-05 16:14:17|gpt|web_search|11|JSON_SAVED||3646|2aa46310-8a67-4bb7-bffe-082f2450e559
2026-04-05 16:14:17|gpt|web_search|11|QUESTION_ADVANCE||3647|d2853f20-122d-4758-b0ca-7f23bbbc6cc8
2026-04-05 16:16:03|gpt|web_search|12|QUESTION_SENT||3893|dbdf55be-78f8-4a27-9b78-86641684de45
2026-04-05 16:16:26|gpt|web_search|10|QUESTION_SENT||3524|1db664ea-241b-46f2-ae8a-e6a2e3f3f2bb
2026-04-05 16:16:43|gpt|web_search|12|JSON_VERIFIED||3893|dbdf55be-78f8-4a27-9b78-86641684de45
2026-04-05 16:16:43|gpt|web_search|12|QUESTION|16|3893|dbdf55be-78f8-4a27-9b78-86641684de45
2026-04-05 16:16:43|gpt|web_search|12|JSON_SAVED||3893|dbdf55be-78f8-4a27-9b78-86641684de45
2026-04-05 16:16:43|gpt|web_search|12|QUESTION_ADVANCE||3894|25c28337-fa9a-434d-bb6a-cb992f37838d
2026-04-05 16:17:05|gpt|web_search|10|JSON_VERIFIED||3524|1db664ea-241b-46f2-ae8a-e6a2e3f3f2bb
2026-04-05 16:17:05|gpt|web_search|10|QUESTION|113|3524|1db664ea-241b-46f2-ae8a-e6a2e3f3f2bb
2026-04-05 16:17:05|gpt|web_search|10|JSON_SAVED||3524|1db664ea-241b-46f2-ae8a-e6a2e3f3f2bb
2026-04-05 16:17:05|gpt|web_search|10|QUESTION_ADVANCE||3525|3734fbb7-9d23-47fd-8d53-9d8dcc1964a7
2026-04-05 16:17:10|gpt|web_search|13|QUESTION_SENT||3790|1c9dccf4-48d3-495e-aa6b-35603505fba7
2026-04-05 16:17:25|gpt|web_search|11|QUESTION_SENT||3647|d2853f20-122d-4758-b0ca-7f23bbbc6cc8
2026-04-05 16:17:46|gpt|web_search|13|JSON_VERIFY_FAILED||3790|1c9dccf4-48d3-495e-aa6b-35603505fba7
2026-04-05 16:17:46|gpt|web_search|13|QUESTION|117|3790|1c9dccf4-48d3-495e-aa6b-35603505fba7
2026-04-05 16:17:55|gpt|web_search|13|QUESTION_SENT||3790|1c9dccf4-48d3-495e-aa6b-35603505fba7
2026-04-05 16:18:02|gpt|web_search|11|JSON_VERIFIED||3647|d2853f20-122d-4758-b0ca-7f23bbbc6cc8
2026-04-05 16:18:02|gpt|web_search|11|QUESTION|119|3647|d2853f20-122d-4758-b0ca-7f23bbbc6cc8
2026-04-05 16:18:02|gpt|web_search|11|JSON_SAVED||3647|d2853f20-122d-4758-b0ca-7f23bbbc6cc8
2026-04-05 16:18:02|gpt|web_search|11|QUESTION_ADVANCE||3648|1611bea1-7c85-485b-be5d-d84252e0f6b4
2026-04-05 16:18:18|gpt|web_search|13|JSON_VERIFIED||3790|1c9dccf4-48d3-495e-aa6b-35603505fba7
2026-04-05 16:18:18|gpt|web_search|13|QUESTION|118|3790|1c9dccf4-48d3-495e-aa6b-35603505fba7
2026-04-05 16:18:18|gpt|web_search|13|JSON_SAVED||3790|1c9dccf4-48d3-495e-aa6b-35603505fba7
2026-04-05 16:18:18|gpt|web_search|13|QUESTION_ADVANCE||3791|728ed203-cb52-4507-a4b7-8346d4cebca4
2026-04-05 16:19:56|gpt|web_search|12|QUESTION_SENT||3894|25c28337-fa9a-434d-bb6a-cb992f37838d
2026-04-05 16:20:01|gpt|web_search|10|QUESTION_SENT||3525|3734fbb7-9d23-47fd-8d53-9d8dcc1964a7
2026-04-05 16:20:33|gpt|web_search|12|JSON_VERIFIED||3894|25c28337-fa9a-434d-bb6a-cb992f37838d
2026-04-05 16:20:33|gpt|web_search|12|QUESTION|17|3894|25c28337-fa9a-434d-bb6a-cb992f37838d
2026-04-05 16:20:33|gpt|web_search|12|JSON_SAVED||3894|25c28337-fa9a-434d-bb6a-cb992f37838d
2026-04-05 16:20:33|gpt|web_search|12|QUESTION_ADVANCE||3895|741c9b8e-2e3f-406e-95f0-371ac5e7d6ff
2026-04-05 16:20:39|gpt|web_search|10|JSON_VERIFIED||3525|3734fbb7-9d23-47fd-8d53-9d8dcc1964a7
2026-04-05 16:20:39|gpt|web_search|10|QUESTION|114|3525|3734fbb7-9d23-47fd-8d53-9d8dcc1964a7
2026-04-05 16:20:39|gpt|web_search|10|JSON_SAVED||3525|3734fbb7-9d23-47fd-8d53-9d8dcc1964a7
2026-04-05 16:20:39|gpt|web_search|10|QUESTION_ADVANCE||3526|e296b7ea-686d-4e2b-8c25-31d3a191e026
2026-04-05 16:21:02|gpt|web_search|11|QUESTION_SENT||3648|1611bea1-7c85-485b-be5d-d84252e0f6b4
2026-04-05 16:21:28|gpt|web_search|13|QUESTION_SENT||3791|728ed203-cb52-4507-a4b7-8346d4cebca4
2026-04-05 16:21:39|gpt|web_search|11|JSON_VERIFIED||3648|1611bea1-7c85-485b-be5d-d84252e0f6b4
2026-04-05 16:21:39|gpt|web_search|11|QUESTION|120|3648|1611bea1-7c85-485b-be5d-d84252e0f6b4
2026-04-05 16:21:39|gpt|web_search|11|JSON_SAVED||3648|1611bea1-7c85-485b-be5d-d84252e0f6b4
2026-04-05 16:21:39|gpt|web_search|11|QUESTION_ADVANCE||3649|577ce135-5bdc-44d1-b010-161a86e21c19
2026-04-05 16:22:08|gpt|web_search|13|JSON_VERIFIED||3791|728ed203-cb52-4507-a4b7-8346d4cebca4
2026-04-05 16:22:08|gpt|web_search|13|QUESTION|119|3791|728ed203-cb52-4507-a4b7-8346d4cebca4
2026-04-05 16:22:08|gpt|web_search|13|JSON_SAVED||3791|728ed203-cb52-4507-a4b7-8346d4cebca4
2026-04-05 16:22:08|gpt|web_search|13|QUESTION_ADVANCE||3792|7f8fbc44-ec9b-4aeb-bad3-aa850da1709b
2026-04-05 16:23:36|gpt|web_search|10|QUESTION_SENT||3526|e296b7ea-686d-4e2b-8c25-31d3a191e026
2026-04-05 16:23:49|gpt|web_search|12|QUESTION_SENT||3895|741c9b8e-2e3f-406e-95f0-371ac5e7d6ff
2026-04-05 16:24:13|gpt|web_search|10|JSON_VERIFIED||3526|e296b7ea-686d-4e2b-8c25-31d3a191e026
2026-04-05 16:24:13|gpt|web_search|10|QUESTION|115|3526|e296b7ea-686d-4e2b-8c25-31d3a191e026
2026-04-05 16:24:13|gpt|web_search|10|JSON_SAVED||3526|e296b7ea-686d-4e2b-8c25-31d3a191e026
2026-04-05 16:24:13|gpt|web_search|10|QUESTION_ADVANCE||3527|4636b086-a8bf-4489-b2a3-477785582d2e
2026-04-05 16:24:29|gpt|web_search|12|JSON_VERIFIED||3895|741c9b8e-2e3f-406e-95f0-371ac5e7d6ff
2026-04-05 16:24:29|gpt|web_search|12|QUESTION|18|3895|741c9b8e-2e3f-406e-95f0-371ac5e7d6ff
2026-04-05 16:24:29|gpt|web_search|12|JSON_SAVED||3895|741c9b8e-2e3f-406e-95f0-371ac5e7d6ff
2026-04-05 16:24:29|gpt|web_search|12|QUESTION_ADVANCE||3896|820d6d0c-cb32-4411-9d5f-2fff90723f69
2026-04-05 16:24:39|gpt|web_search|11|QUESTION_SENT||3649|577ce135-5bdc-44d1-b010-161a86e21c19
2026-04-05 16:25:01|gpt|web_search|13|QUESTION_SENT||3792|7f8fbc44-ec9b-4aeb-bad3-aa850da1709b
2026-04-05 16:25:18|gpt|web_search|11|JSON_VERIFIED||3649|577ce135-5bdc-44d1-b010-161a86e21c19
2026-04-05 16:25:18|gpt|web_search|11|QUESTION|121|3649|577ce135-5bdc-44d1-b010-161a86e21c19
2026-04-05 16:25:18|gpt|web_search|11|JSON_SAVED||3649|577ce135-5bdc-44d1-b010-161a86e21c19
2026-04-05 16:25:18|gpt|web_search|11|QUESTION_ADVANCE||3650|4706e92f-0768-4610-8c24-dcfdfde6d29d
2026-04-05 16:25:35|gpt|web_search|13|JSON_VERIFIED||3792|7f8fbc44-ec9b-4aeb-bad3-aa850da1709b
2026-04-05 16:25:35|gpt|web_search|13|QUESTION|120|3792|7f8fbc44-ec9b-4aeb-bad3-aa850da1709b
2026-04-05 16:25:35|gpt|web_search|13|JSON_SAVED||3792|7f8fbc44-ec9b-4aeb-bad3-aa850da1709b
2026-04-05 16:25:35|gpt|web_search|13|QUESTION_ADVANCE||3793|1463a2bf-6373-42af-9c6b-76a4d069df92
2026-04-05 16:27:11|gpt|web_search|10|QUESTION_SENT||3527|4636b086-a8bf-4489-b2a3-477785582d2e
2026-04-05 16:27:43|gpt|web_search|12|QUESTION_SENT||3896|820d6d0c-cb32-4411-9d5f-2fff90723f69
2026-04-05 16:27:47|gpt|web_search|10|JSON_VERIFIED||3527|4636b086-a8bf-4489-b2a3-477785582d2e
2026-04-05 16:27:47|gpt|web_search|10|QUESTION|116|3527|4636b086-a8bf-4489-b2a3-477785582d2e
2026-04-05 16:27:47|gpt|web_search|10|JSON_SAVED||3527|4636b086-a8bf-4489-b2a3-477785582d2e
2026-04-05 16:27:47|gpt|web_search|10|QUESTION_ADVANCE||3528|fc44c275-ac52-4e4a-917d-ed93c39db97c
2026-04-05 16:28:16|gpt|web_search|11|QUESTION_SENT||3650|4706e92f-0768-4610-8c24-dcfdfde6d29d
2026-04-05 16:28:21|gpt|web_search|12|JSON_VERIFIED||3896|820d6d0c-cb32-4411-9d5f-2fff90723f69
2026-04-05 16:28:21|gpt|web_search|12|QUESTION|19|3896|820d6d0c-cb32-4411-9d5f-2fff90723f69
2026-04-05 16:28:21|gpt|web_search|12|JSON_SAVED||3896|820d6d0c-cb32-4411-9d5f-2fff90723f69
2026-04-05 16:28:21|gpt|web_search|12|QUESTION_ADVANCE||3897|06d6048c-b590-4fd6-8f91-b55ba0920def
2026-04-05 16:28:34|gpt|web_search|13|QUESTION_SENT||3793|1463a2bf-6373-42af-9c6b-76a4d069df92
2026-04-05 16:28:56|gpt|web_search|11|JSON_VERIFIED||3650|4706e92f-0768-4610-8c24-dcfdfde6d29d
2026-04-05 16:28:56|gpt|web_search|11|QUESTION|122|3650|4706e92f-0768-4610-8c24-dcfdfde6d29d
2026-04-05 16:28:56|gpt|web_search|11|JSON_SAVED||3650|4706e92f-0768-4610-8c24-dcfdfde6d29d
2026-04-05 16:28:56|gpt|web_search|11|QUESTION_ADVANCE||3651|ffa6a699-10ba-4d5a-9913-8dbd2f3bc374
2026-04-05 16:29:11|gpt|web_search|13|JSON_VERIFIED||3793|1463a2bf-6373-42af-9c6b-76a4d069df92
2026-04-05 16:29:11|gpt|web_search|13|QUESTION|121|3793|1463a2bf-6373-42af-9c6b-76a4d069df92
2026-04-05 16:29:11|gpt|web_search|13|JSON_SAVED||3793|1463a2bf-6373-42af-9c6b-76a4d069df92
2026-04-05 16:29:11|gpt|web_search|13|QUESTION_ADVANCE||3794|74ba0fea-70ce-4c71-bc59-5526aae2e70b
2026-04-05 16:30:45|gpt|web_search|10|QUESTION_SENT||3528|fc44c275-ac52-4e4a-917d-ed93c39db97c
2026-04-05 16:31:35|gpt|web_search|12|QUESTION_SENT||3897|06d6048c-b590-4fd6-8f91-b55ba0920def
2026-04-05 16:31:53|gpt|web_search|11|QUESTION_SENT||3651|ffa6a699-10ba-4d5a-9913-8dbd2f3bc374
2026-04-05 16:32:07|gpt|web_search|13|QUESTION_SENT||3794|74ba0fea-70ce-4c71-bc59-5526aae2e70b
2026-04-05 16:32:15|gpt|web_search|12|JSON_VERIFIED||3897|06d6048c-b590-4fd6-8f91-b55ba0920def
2026-04-05 16:32:15|gpt|web_search|12|QUESTION|20|3897|06d6048c-b590-4fd6-8f91-b55ba0920def
2026-04-05 16:32:15|gpt|web_search|12|JSON_SAVED||3897|06d6048c-b590-4fd6-8f91-b55ba0920def
2026-04-05 16:32:15|gpt|web_search|12|QUESTION_ADVANCE||3898|ed0c2f60-aad0-4c11-81e7-6b8f1a3ccfbe
2026-04-05 16:32:31|gpt|web_search|11|JSON_VERIFIED||3651|ffa6a699-10ba-4d5a-9913-8dbd2f3bc374
2026-04-05 16:32:31|gpt|web_search|11|QUESTION|123|3651|ffa6a699-10ba-4d5a-9913-8dbd2f3bc374
2026-04-05 16:32:31|gpt|web_search|11|JSON_SAVED||3651|ffa6a699-10ba-4d5a-9913-8dbd2f3bc374
2026-04-05 16:32:31|gpt|web_search|11|QUESTION_ADVANCE||3652|e71f3aa8-8a62-4420-8943-10b087d1eb7d
2026-04-05 16:32:43|gpt|web_search|13|JSON_VERIFIED||3794|74ba0fea-70ce-4c71-bc59-5526aae2e70b
2026-04-05 16:32:43|gpt|web_search|13|QUESTION|122|3794|74ba0fea-70ce-4c71-bc59-5526aae2e70b
2026-04-05 16:32:43|gpt|web_search|13|JSON_SAVED||3794|74ba0fea-70ce-4c71-bc59-5526aae2e70b
2026-04-05 16:32:43|gpt|web_search|13|QUESTION_ADVANCE||3795|44de5546-1d9e-462a-8a54-5bd3e560f345
2026-04-05 16:34:20|gpt|web_search|10|QUESTION_SENT||3528|fc44c275-ac52-4e4a-917d-ed93c39db97c
2026-04-05 16:34:57|gpt|web_search|10|JSON_VERIFIED||3528|fc44c275-ac52-4e4a-917d-ed93c39db97c
2026-04-05 16:34:57|gpt|web_search|10|QUESTION|117|3528|fc44c275-ac52-4e4a-917d-ed93c39db97c
2026-04-05 16:34:57|gpt|web_search|10|JSON_SAVED||3528|fc44c275-ac52-4e4a-917d-ed93c39db97c
2026-04-05 16:34:57|gpt|web_search|10|QUESTION_ADVANCE||3529|f6cd6517-3c02-4c5e-9d79-0560e57bde19
2026-04-05 16:35:28|gpt|web_search|12|QUESTION_SENT||3898|ed0c2f60-aad0-4c11-81e7-6b8f1a3ccfbe
2026-04-05 16:35:30|gpt|web_search|11|QUESTION_SENT||3652|e71f3aa8-8a62-4420-8943-10b087d1eb7d
2026-04-05 16:35:40|gpt|web_search|13|QUESTION_SENT||3795|44de5546-1d9e-462a-8a54-5bd3e560f345
2026-04-05 16:36:05|gpt|web_search|11|JSON_VERIFIED||3652|e71f3aa8-8a62-4420-8943-10b087d1eb7d
2026-04-05 16:36:05|gpt|web_search|11|QUESTION|124|3652|e71f3aa8-8a62-4420-8943-10b087d1eb7d
2026-04-05 16:36:05|gpt|web_search|11|JSON_SAVED||3652|e71f3aa8-8a62-4420-8943-10b087d1eb7d
2026-04-05 16:36:05|gpt|web_search|11|QUESTION_ADVANCE||3653|f00c7b7a-d41b-4781-b24c-f66c82e4fe22
2026-04-05 16:36:08|gpt|web_search|12|JSON_VERIFIED||3898|ed0c2f60-aad0-4c11-81e7-6b8f1a3ccfbe
2026-04-05 16:36:08|gpt|web_search|12|QUESTION|21|3898|ed0c2f60-aad0-4c11-81e7-6b8f1a3ccfbe
2026-04-05 16:36:08|gpt|web_search|12|JSON_SAVED||3898|ed0c2f60-aad0-4c11-81e7-6b8f1a3ccfbe
2026-04-05 16:36:08|gpt|web_search|12|QUESTION_ADVANCE||3899|8f17f3e9-7491-49a6-8041-e82f452d1665
2026-04-05 16:36:15|gpt|web_search|13|JSON_VERIFIED||3795|44de5546-1d9e-462a-8a54-5bd3e560f345
2026-04-05 16:36:15|gpt|web_search|13|QUESTION|123|3795|44de5546-1d9e-462a-8a54-5bd3e560f345
2026-04-05 16:36:15|gpt|web_search|13|JSON_SAVED||3795|44de5546-1d9e-462a-8a54-5bd3e560f345
2026-04-05 16:36:15|gpt|web_search|13|QUESTION_ADVANCE||3796|476c3862-67b5-4e63-ad14-e4351eb72e65
2026-04-05 16:37:55|gpt|web_search|10|QUESTION_SENT||3529|f6cd6517-3c02-4c5e-9d79-0560e57bde19
2026-04-05 16:38:32|gpt|web_search|10|JSON_VERIFIED||3529|f6cd6517-3c02-4c5e-9d79-0560e57bde19
2026-04-05 16:38:32|gpt|web_search|10|QUESTION|118|3529|f6cd6517-3c02-4c5e-9d79-0560e57bde19
2026-04-05 16:38:32|gpt|web_search|10|JSON_SAVED||3529|f6cd6517-3c02-4c5e-9d79-0560e57bde19
2026-04-05 16:38:32|gpt|web_search|10|QUESTION_ADVANCE||3530|c2649152-9ecf-4b4b-b83e-bc8eaace0968
2026-04-05 16:39:07|gpt|web_search|11|QUESTION_SENT||3653|f00c7b7a-d41b-4781-b24c-f66c82e4fe22
2026-04-05 16:39:14|gpt|web_search|13|QUESTION_SENT||3796|476c3862-67b5-4e63-ad14-e4351eb72e65
2026-04-05 16:39:22|gpt|web_search|12|QUESTION_SENT||3899|8f17f3e9-7491-49a6-8041-e82f452d1665
2026-04-05 16:39:51|gpt|web_search|13|JSON_VERIFIED||3796|476c3862-67b5-4e63-ad14-e4351eb72e65
2026-04-05 16:39:51|gpt|web_search|13|QUESTION|124|3796|476c3862-67b5-4e63-ad14-e4351eb72e65
2026-04-05 16:39:51|gpt|web_search|13|JSON_SAVED||3796|476c3862-67b5-4e63-ad14-e4351eb72e65
2026-04-05 16:39:51|gpt|web_search|13|QUESTION_ADVANCE||3797|82126695-62aa-4270-89f2-27db467c5cb7
2026-04-05 16:39:53|gpt|web_search|11|JSON_VERIFIED||3653|f00c7b7a-d41b-4781-b24c-f66c82e4fe22
2026-04-05 16:39:53|gpt|web_search|11|QUESTION|125|3653|f00c7b7a-d41b-4781-b24c-f66c82e4fe22
2026-04-05 16:39:53|gpt|web_search|11|JSON_SAVED||3653|f00c7b7a-d41b-4781-b24c-f66c82e4fe22
2026-04-05 16:39:53|gpt|web_search|11|QUESTION_ADVANCE||3654|ad4fded4-411b-4c57-bee8-35091d692ca6
2026-04-05 16:40:07|gpt|web_search|12|JSON_VERIFIED||3899|8f17f3e9-7491-49a6-8041-e82f452d1665
2026-04-05 16:40:07|gpt|web_search|12|QUESTION|22|3899|8f17f3e9-7491-49a6-8041-e82f452d1665
2026-04-05 16:40:07|gpt|web_search|12|JSON_SAVED||3899|8f17f3e9-7491-49a6-8041-e82f452d1665
2026-04-05 16:40:07|gpt|web_search|12|QUESTION_ADVANCE||3900|34d30b59-b35d-4ac6-a3fa-2ccaa45727d2
2026-04-05 16:41:30|gpt|web_search|10|QUESTION_SENT||3530|c2649152-9ecf-4b4b-b83e-bc8eaace0968
2026-04-05 16:42:10|gpt|web_search|10|JSON_VERIFIED||3530|c2649152-9ecf-4b4b-b83e-bc8eaace0968
2026-04-05 16:42:10|gpt|web_search|10|QUESTION|119|3530|c2649152-9ecf-4b4b-b83e-bc8eaace0968
2026-04-05 16:42:10|gpt|web_search|10|JSON_SAVED||3530|c2649152-9ecf-4b4b-b83e-bc8eaace0968
2026-04-05 16:42:10|gpt|web_search|10|QUESTION_ADVANCE||3531|004f8ce7-379d-4ece-9981-c93f9c681379
2026-04-05 16:42:43|gpt|web_search|11|QUESTION_SENT||3654|ad4fded4-411b-4c57-bee8-35091d692ca6
2026-04-05 16:42:47|gpt|web_search|13|QUESTION_SENT||3797|82126695-62aa-4270-89f2-27db467c5cb7
2026-04-05 16:43:14|gpt|web_search|12|QUESTION_SENT||3900|34d30b59-b35d-4ac6-a3fa-2ccaa45727d2
2026-04-05 16:43:18|gpt|web_search|13|JSON_VERIFIED||3797|82126695-62aa-4270-89f2-27db467c5cb7
2026-04-05 16:43:18|gpt|web_search|13|QUESTION|125|3797|82126695-62aa-4270-89f2-27db467c5cb7
2026-04-05 16:43:18|gpt|web_search|13|JSON_SAVED||3797|82126695-62aa-4270-89f2-27db467c5cb7
2026-04-05 16:43:18|gpt|web_search|13|QUESTION_ADVANCE||3798|7b5a3438-5985-4fdb-981a-54a826aa4e19
2026-04-05 16:43:19|gpt|web_search|11|JSON_VERIFIED||3654|ad4fded4-411b-4c57-bee8-35091d692ca6
2026-04-05 16:43:19|gpt|web_search|11|QUESTION|126|3654|ad4fded4-411b-4c57-bee8-35091d692ca6
2026-04-05 16:43:19|gpt|web_search|11|JSON_SAVED||3654|ad4fded4-411b-4c57-bee8-35091d692ca6
2026-04-05 16:43:19|gpt|web_search|11|QUESTION_ADVANCE||3655|6a70a112-728a-4b0c-a006-898b4a8c4b4f
2026-04-05 16:43:37|gpt|web_search|12|JSON_VERIFY_FAILED||3900|34d30b59-b35d-4ac6-a3fa-2ccaa45727d2
2026-04-05 16:43:37|gpt|web_search|12|QUESTION|23|3900|34d30b59-b35d-4ac6-a3fa-2ccaa45727d2
2026-04-05 16:43:47|gpt|web_search|12|QUESTION_SENT||3900|34d30b59-b35d-4ac6-a3fa-2ccaa45727d2
2026-04-05 16:44:14|gpt|web_search|12|JSON_VERIFY_FAILED||3900|34d30b59-b35d-4ac6-a3fa-2ccaa45727d2
2026-04-05 16:44:14|gpt|web_search|12|QUESTION|24|3900|34d30b59-b35d-4ac6-a3fa-2ccaa45727d2
2026-04-05 16:45:05|gpt|web_search|10|QUESTION_SENT||3531|004f8ce7-379d-4ece-9981-c93f9c681379
2026-04-05 16:46:20|gpt|web_search|11|QUESTION_SENT||3655|6a70a112-728a-4b0c-a006-898b4a8c4b4f
2026-04-05 16:46:20|gpt|web_search|13|QUESTION_SENT||3798|7b5a3438-5985-4fdb-981a-54a826aa4e19
2026-04-05 16:46:42|gpt|web_search|12|QUESTION_SENT||3900|34d30b59-b35d-4ac6-a3fa-2ccaa45727d2
2026-04-05 16:46:56|gpt|web_search|11|JSON_VERIFIED||3655|6a70a112-728a-4b0c-a006-898b4a8c4b4f
2026-04-05 16:46:56|gpt|web_search|11|QUESTION|127|3655|6a70a112-728a-4b0c-a006-898b4a8c4b4f
2026-04-05 16:46:56|gpt|web_search|11|JSON_SAVED||3655|6a70a112-728a-4b0c-a006-898b4a8c4b4f
2026-04-05 16:46:56|gpt|web_search|11|QUESTION_ADVANCE||3656|27c49eb8-0621-481e-bea2-ae3b693b973d
2026-04-05 16:47:26|gpt|web_search|12|JSON_VERIFIED||3900|34d30b59-b35d-4ac6-a3fa-2ccaa45727d2
2026-04-05 16:47:26|gpt|web_search|12|QUESTION|25|3900|34d30b59-b35d-4ac6-a3fa-2ccaa45727d2
2026-04-05 16:47:26|gpt|web_search|12|JSON_SAVED||3900|34d30b59-b35d-4ac6-a3fa-2ccaa45727d2
2026-04-05 16:47:27|gpt|web_search|12|STOP||3901|
2026-04-05 16:48:40|gpt|web_search|10|QUESTION_SENT||3531|004f8ce7-379d-4ece-9981-c93f9c681379
2026-04-05 16:49:18|gpt|web_search|10|JSON_VERIFIED||3531|004f8ce7-379d-4ece-9981-c93f9c681379
2026-04-05 16:49:18|gpt|web_search|10|QUESTION|120|3531|004f8ce7-379d-4ece-9981-c93f9c681379
2026-04-05 16:49:18|gpt|web_search|10|JSON_SAVED||3531|004f8ce7-379d-4ece-9981-c93f9c681379
2026-04-05 16:49:18|gpt|web_search|10|QUESTION_ADVANCE||3532|7c664aff-793d-4db0-ba87-b7a09df59169
2026-04-05 16:49:57|gpt|web_search|11|QUESTION_SENT||3656|27c49eb8-0621-481e-bea2-ae3b693b973d
2026-04-05 16:50:33|gpt|web_search|11|JSON_VERIFIED||3656|27c49eb8-0621-481e-bea2-ae3b693b973d
2026-04-05 16:50:33|gpt|web_search|11|QUESTION|128|3656|27c49eb8-0621-481e-bea2-ae3b693b973d
2026-04-05 16:50:33|gpt|web_search|11|JSON_SAVED||3656|27c49eb8-0621-481e-bea2-ae3b693b973d
2026-04-05 16:50:33|gpt|web_search|11|QUESTION_ADVANCE||3657|9c99e188-3ccf-46ef-a719-d2234abeaf9b
2026-04-05 16:52:15|gpt|web_search|10|QUESTION_SENT||3532|7c664aff-793d-4db0-ba87-b7a09df59169
2026-04-05 16:53:34|gpt|web_search|11|QUESTION_SENT||3657|9c99e188-3ccf-46ef-a719-d2234abeaf9b
2026-04-05 16:54:11|gpt|web_search|11|JSON_VERIFIED||3657|9c99e188-3ccf-46ef-a719-d2234abeaf9b
2026-04-05 16:54:11|gpt|web_search|11|QUESTION|129|3657|9c99e188-3ccf-46ef-a719-d2234abeaf9b
2026-04-05 16:54:11|gpt|web_search|11|JSON_SAVED||3657|9c99e188-3ccf-46ef-a719-d2234abeaf9b
2026-04-05 16:54:11|gpt|web_search|11|QUESTION_ADVANCE||3658|50b86c1f-a886-4205-83f0-be43ab79e64d
2026-04-05 16:55:50|gpt|web_search|10|QUESTION_SENT||3532|7c664aff-793d-4db0-ba87-b7a09df59169
2026-04-05 16:56:27|gpt|web_search|10|JSON_VERIFIED||3532|7c664aff-793d-4db0-ba87-b7a09df59169
2026-04-05 16:56:27|gpt|web_search|10|QUESTION|121|3532|7c664aff-793d-4db0-ba87-b7a09df59169
2026-04-05 16:56:27|gpt|web_search|10|JSON_SAVED||3532|7c664aff-793d-4db0-ba87-b7a09df59169
2026-04-05 16:56:27|gpt|web_search|10|QUESTION_ADVANCE||3533|625ba698-6eec-49f6-86f5-ee3444a7b177
2026-04-05 16:57:11|gpt|web_search|11|QUESTION_SENT||3658|50b86c1f-a886-4205-83f0-be43ab79e64d
2026-04-05 16:57:45|gpt|web_search|11|JSON_VERIFY_FAILED||3658|50b86c1f-a886-4205-83f0-be43ab79e64d
2026-04-05 16:57:45|gpt|web_search|11|QUESTION|130|3658|50b86c1f-a886-4205-83f0-be43ab79e64d
2026-04-05 16:57:55|gpt|web_search|11|QUESTION_SENT||3658|50b86c1f-a886-4205-83f0-be43ab79e64d
2026-04-05 16:58:18|gpt|web_search|11|JSON_VERIFIED||3658|50b86c1f-a886-4205-83f0-be43ab79e64d
2026-04-05 16:58:18|gpt|web_search|11|QUESTION|131|3658|50b86c1f-a886-4205-83f0-be43ab79e64d
2026-04-05 16:58:18|gpt|web_search|11|JSON_SAVED||3658|50b86c1f-a886-4205-83f0-be43ab79e64d
2026-04-05 16:58:18|gpt|web_search|11|QUESTION_ADVANCE||3659|9746ce7f-75a5-4789-96e3-ae6dc43f4630
2026-04-05 16:58:56|gpt|web_search|13|QUESTION_SENT||3798|7b5a3438-5985-4fdb-981a-54a826aa4e19
2026-04-05 16:59:25|gpt|web_search|10|QUESTION_SENT||3533|625ba698-6eec-49f6-86f5-ee3444a7b177
2026-04-05 17:00:03|gpt|web_search|10|JSON_VERIFY_FAILED||3533|625ba698-6eec-49f6-86f5-ee3444a7b177
2026-04-05 17:00:03|gpt|web_search|10|QUESTION|122|3533|625ba698-6eec-49f6-86f5-ee3444a7b177
2026-04-05 17:00:13|gpt|web_search|10|QUESTION_SENT||3533|625ba698-6eec-49f6-86f5-ee3444a7b177
2026-04-05 17:00:35|gpt|web_search|10|JSON_VERIFIED||3533|625ba698-6eec-49f6-86f5-ee3444a7b177
2026-04-05 17:00:35|gpt|web_search|10|QUESTION|123|3533|625ba698-6eec-49f6-86f5-ee3444a7b177
2026-04-05 17:00:35|gpt|web_search|10|JSON_SAVED||3533|625ba698-6eec-49f6-86f5-ee3444a7b177
2026-04-05 17:00:35|gpt|web_search|10|QUESTION_ADVANCE||3534|225e4d0e-73a4-48e9-8837-19a30d524653
2026-04-05 17:01:32|gpt|web_search|11|QUESTION_SENT||3659|9746ce7f-75a5-4789-96e3-ae6dc43f4630
2026-04-05 17:02:04|gpt|web_search|11|JSON_VERIFY_FAILED||3659|9746ce7f-75a5-4789-96e3-ae6dc43f4630
2026-04-05 17:02:04|gpt|web_search|11|QUESTION|132|3659|9746ce7f-75a5-4789-96e3-ae6dc43f4630
2026-04-05 17:02:14|gpt|web_search|11|QUESTION_SENT||3659|9746ce7f-75a5-4789-96e3-ae6dc43f4630
2026-04-05 17:02:29|gpt|web_search|13|QUESTION_SENT||3798|7b5a3438-5985-4fdb-981a-54a826aa4e19
2026-04-05 17:02:38|gpt|web_search|11|JSON_VERIFIED||3659|9746ce7f-75a5-4789-96e3-ae6dc43f4630
2026-04-05 17:02:38|gpt|web_search|11|QUESTION|133|3659|9746ce7f-75a5-4789-96e3-ae6dc43f4630
2026-04-05 17:02:38|gpt|web_search|11|JSON_SAVED||3659|9746ce7f-75a5-4789-96e3-ae6dc43f4630
2026-04-05 17:02:38|gpt|web_search|11|QUESTION_ADVANCE||3660|21fc7588-dfd3-4806-9207-06279016bb66
2026-04-05 17:03:02|gpt|web_search|13|JSON_VERIFIED||3798|7b5a3438-5985-4fdb-981a-54a826aa4e19
2026-04-05 17:03:02|gpt|web_search|13|QUESTION|126|3798|7b5a3438-5985-4fdb-981a-54a826aa4e19
2026-04-05 17:03:02|gpt|web_search|13|JSON_SAVED||3798|7b5a3438-5985-4fdb-981a-54a826aa4e19
2026-04-05 17:03:02|gpt|web_search|13|QUESTION_ADVANCE||3799|0dc0f908-412e-40a9-afc6-8df5ee2461d5
2026-04-05 17:03:48|gpt|web_search|10|QUESTION_SENT||3534|225e4d0e-73a4-48e9-8837-19a30d524653
2026-04-05 17:04:24|gpt|web_search|10|JSON_VERIFIED||3534|225e4d0e-73a4-48e9-8837-19a30d524653
2026-04-05 17:04:24|gpt|web_search|10|QUESTION|124|3534|225e4d0e-73a4-48e9-8837-19a30d524653
2026-04-05 17:04:24|gpt|web_search|10|JSON_SAVED||3534|225e4d0e-73a4-48e9-8837-19a30d524653
2026-04-05 17:04:24|gpt|web_search|10|QUESTION_ADVANCE||3535|1d7def40-cf1c-4351-9280-db44ad611f47
2026-04-05 17:05:51|gpt|web_search|11|QUESTION_SENT||3660|21fc7588-dfd3-4806-9207-06279016bb66
2026-04-05 17:06:02|gpt|web_search|13|QUESTION_SENT||3799|0dc0f908-412e-40a9-afc6-8df5ee2461d5
2026-04-05 17:06:25|gpt|web_search|11|JSON_VERIFIED||3660|21fc7588-dfd3-4806-9207-06279016bb66
2026-04-05 17:06:25|gpt|web_search|11|QUESTION|134|3660|21fc7588-dfd3-4806-9207-06279016bb66
2026-04-05 17:06:25|gpt|web_search|11|JSON_SAVED||3660|21fc7588-dfd3-4806-9207-06279016bb66
2026-04-05 17:06:25|gpt|web_search|11|QUESTION_ADVANCE||3661|86be8949-c080-45ac-aab9-713867c0b16c
2026-04-05 17:06:38|gpt|web_search|13|JSON_VERIFIED||3799|0dc0f908-412e-40a9-afc6-8df5ee2461d5
2026-04-05 17:06:38|gpt|web_search|13|QUESTION|127|3799|0dc0f908-412e-40a9-afc6-8df5ee2461d5
2026-04-05 17:06:38|gpt|web_search|13|JSON_SAVED||3799|0dc0f908-412e-40a9-afc6-8df5ee2461d5
2026-04-05 17:06:38|gpt|web_search|13|QUESTION_ADVANCE||3800|f81ce616-0c31-4847-9d45-7e3a8616809f
2026-04-05 17:07:23|gpt|web_search|10|QUESTION_SENT||3535|1d7def40-cf1c-4351-9280-db44ad611f47
2026-04-05 17:08:01|gpt|web_search|10|JSON_VERIFIED||3535|1d7def40-cf1c-4351-9280-db44ad611f47
2026-04-05 17:08:01|gpt|web_search|10|QUESTION|125|3535|1d7def40-cf1c-4351-9280-db44ad611f47
2026-04-05 17:08:01|gpt|web_search|10|JSON_SAVED||3535|1d7def40-cf1c-4351-9280-db44ad611f47
2026-04-05 17:08:01|gpt|web_search|10|QUESTION_ADVANCE||3536|16969b23-06c6-418b-919c-be9f75f1b3d8
2026-04-05 17:09:28|gpt|web_search|11|QUESTION_SENT||3661|86be8949-c080-45ac-aab9-713867c0b16c
2026-04-05 17:09:35|gpt|web_search|13|QUESTION_SENT||3800|f81ce616-0c31-4847-9d45-7e3a8616809f
2026-04-05 17:10:03|gpt|web_search|11|JSON_VERIFIED||3661|86be8949-c080-45ac-aab9-713867c0b16c
2026-04-05 17:10:03|gpt|web_search|11|QUESTION|135|3661|86be8949-c080-45ac-aab9-713867c0b16c
2026-04-05 17:10:03|gpt|web_search|11|JSON_SAVED||3661|86be8949-c080-45ac-aab9-713867c0b16c
2026-04-05 17:10:03|gpt|web_search|11|QUESTION_ADVANCE||3662|361de671-236f-4102-9ad7-3dbfc426a221
2026-04-05 17:10:11|gpt|web_search|13|JSON_VERIFIED||3800|f81ce616-0c31-4847-9d45-7e3a8616809f
2026-04-05 17:10:11|gpt|web_search|13|QUESTION|128|3800|f81ce616-0c31-4847-9d45-7e3a8616809f
2026-04-05 17:10:11|gpt|web_search|13|JSON_SAVED||3800|f81ce616-0c31-4847-9d45-7e3a8616809f
2026-04-05 17:10:11|gpt|web_search|13|QUESTION_ADVANCE||3801|3e2921b6-3af7-4557-aac8-56db26a05a3d
2026-04-05 17:10:57|gpt|web_search|10|QUESTION_SENT||3536|16969b23-06c6-418b-919c-be9f75f1b3d8
2026-04-05 17:11:37|gpt|web_search|10|JSON_VERIFIED||3536|16969b23-06c6-418b-919c-be9f75f1b3d8
2026-04-05 17:11:37|gpt|web_search|10|QUESTION|126|3536|16969b23-06c6-418b-919c-be9f75f1b3d8
2026-04-05 17:11:37|gpt|web_search|10|JSON_SAVED||3536|16969b23-06c6-418b-919c-be9f75f1b3d8
2026-04-05 17:11:37|gpt|web_search|10|QUESTION_ADVANCE||3537|52813e55-ac0b-418e-9ca8-ea266d940f98
2026-04-05 17:13:05|gpt|web_search|11|QUESTION_SENT||3662|361de671-236f-4102-9ad7-3dbfc426a221
2026-04-05 17:13:08|gpt|web_search|13|QUESTION_SENT||3801|3e2921b6-3af7-4557-aac8-56db26a05a3d
2026-04-05 17:13:42|gpt|web_search|11|JSON_VERIFIED||3662|361de671-236f-4102-9ad7-3dbfc426a221
2026-04-05 17:13:42|gpt|web_search|11|QUESTION|136|3662|361de671-236f-4102-9ad7-3dbfc426a221
2026-04-05 17:13:42|gpt|web_search|11|JSON_SAVED||3662|361de671-236f-4102-9ad7-3dbfc426a221
2026-04-05 17:13:42|gpt|web_search|11|QUESTION_ADVANCE||3663|4deb5ccb-0cab-4c0c-9cc2-6d59fa31f81c
2026-04-05 17:13:42|gpt|web_search|13|JSON_VERIFIED||3801|3e2921b6-3af7-4557-aac8-56db26a05a3d
2026-04-05 17:13:42|gpt|web_search|13|QUESTION|129|3801|3e2921b6-3af7-4557-aac8-56db26a05a3d
2026-04-05 17:13:42|gpt|web_search|13|JSON_SAVED||3801|3e2921b6-3af7-4557-aac8-56db26a05a3d
2026-04-05 17:13:42|gpt|web_search|13|QUESTION_ADVANCE||3802|71ef6a36-ff7c-4d63-94c0-310d7ab194a6
2026-04-05 17:14:33|gpt|web_search|10|QUESTION_SENT||3537|52813e55-ac0b-418e-9ca8-ea266d940f98
2026-04-05 17:16:41|gpt|web_search|13|QUESTION_SENT||3802|71ef6a36-ff7c-4d63-94c0-310d7ab194a6
2026-04-05 17:16:42|gpt|web_search|11|QUESTION_SENT||3663|4deb5ccb-0cab-4c0c-9cc2-6d59fa31f81c
2026-04-05 17:17:14|gpt|web_search|11|JSON_VERIFY_FAILED||3663|4deb5ccb-0cab-4c0c-9cc2-6d59fa31f81c
2026-04-05 17:17:14|gpt|web_search|11|QUESTION|137|3663|4deb5ccb-0cab-4c0c-9cc2-6d59fa31f81c
2026-04-05 17:17:18|gpt|web_search|13|JSON_VERIFY_FAILED||3802|71ef6a36-ff7c-4d63-94c0-310d7ab194a6
2026-04-05 17:17:18|gpt|web_search|13|QUESTION|130|3802|71ef6a36-ff7c-4d63-94c0-310d7ab194a6
2026-04-05 17:17:24|gpt|web_search|11|QUESTION_SENT||3663|4deb5ccb-0cab-4c0c-9cc2-6d59fa31f81c
2026-04-05 17:17:28|gpt|web_search|13|QUESTION_SENT||3802|71ef6a36-ff7c-4d63-94c0-310d7ab194a6
2026-04-05 17:17:47|gpt|web_search|11|JSON_VERIFIED||3663|4deb5ccb-0cab-4c0c-9cc2-6d59fa31f81c
2026-04-05 17:17:47|gpt|web_search|11|QUESTION|138|3663|4deb5ccb-0cab-4c0c-9cc2-6d59fa31f81c
2026-04-05 17:17:47|gpt|web_search|11|JSON_SAVED||3663|4deb5ccb-0cab-4c0c-9cc2-6d59fa31f81c
2026-04-05 17:17:47|gpt|web_search|11|QUESTION_ADVANCE||3664|86b12175-2769-4081-a647-2c6ace8b355a
2026-04-05 17:17:51|gpt|web_search|13|JSON_VERIFIED||3802|71ef6a36-ff7c-4d63-94c0-310d7ab194a6
2026-04-05 17:17:51|gpt|web_search|13|QUESTION|131|3802|71ef6a36-ff7c-4d63-94c0-310d7ab194a6
2026-04-05 17:17:51|gpt|web_search|13|JSON_SAVED||3802|71ef6a36-ff7c-4d63-94c0-310d7ab194a6
2026-04-05 17:17:51|gpt|web_search|13|QUESTION_ADVANCE||3803|d0fdcb2c-6491-4084-b61c-ceadff08520f
2026-04-05 17:21:01|gpt|web_search|13|QUESTION_SENT||3803|d0fdcb2c-6491-4084-b61c-ceadff08520f
2026-04-05 17:21:01|gpt|web_search|11|QUESTION_SENT||3664|86b12175-2769-4081-a647-2c6ace8b355a
2026-04-05 17:21:37|gpt|web_search|13|JSON_VERIFIED||3803|d0fdcb2c-6491-4084-b61c-ceadff08520f
2026-04-05 17:21:37|gpt|web_search|13|QUESTION|132|3803|d0fdcb2c-6491-4084-b61c-ceadff08520f
2026-04-05 17:21:37|gpt|web_search|13|JSON_SAVED||3803|d0fdcb2c-6491-4084-b61c-ceadff08520f
2026-04-05 17:21:37|gpt|web_search|13|QUESTION_ADVANCE||3804|414eaa36-5d3f-46bc-bd1e-0fbf713b17fd
2026-04-05 17:21:38|gpt|web_search|11|JSON_VERIFIED||3664|86b12175-2769-4081-a647-2c6ace8b355a
2026-04-05 17:21:38|gpt|web_search|11|QUESTION|139|3664|86b12175-2769-4081-a647-2c6ace8b355a
2026-04-05 17:21:38|gpt|web_search|11|JSON_SAVED||3664|86b12175-2769-4081-a647-2c6ace8b355a
2026-04-05 17:21:38|gpt|web_search|11|QUESTION_ADVANCE||3665|31b8030a-8e81-4570-9207-c4f1de5f7089
2026-04-05 17:21:50|gpt|web_search|10|QUESTION_SENT||3537|52813e55-ac0b-418e-9ca8-ea266d940f98
2026-04-05 17:22:28|gpt|web_search|10|JSON_VERIFIED||3537|52813e55-ac0b-418e-9ca8-ea266d940f98
2026-04-05 17:22:28|gpt|web_search|10|QUESTION|127|3537|52813e55-ac0b-418e-9ca8-ea266d940f98
2026-04-05 17:22:28|gpt|web_search|10|JSON_SAVED||3537|52813e55-ac0b-418e-9ca8-ea266d940f98
2026-04-05 17:22:28|gpt|web_search|10|QUESTION_ADVANCE||3538|cc22d768-c048-452c-a448-f985b6dfe729
2026-04-05 17:24:33|gpt|web_search|13|QUESTION_SENT||3804|414eaa36-5d3f-46bc-bd1e-0fbf713b17fd
2026-04-05 17:24:38|gpt|web_search|11|QUESTION_SENT||3665|31b8030a-8e81-4570-9207-c4f1de5f7089
2026-04-05 17:25:09|gpt|web_search|13|JSON_VERIFIED||3804|414eaa36-5d3f-46bc-bd1e-0fbf713b17fd
2026-04-05 17:25:09|gpt|web_search|13|QUESTION|133|3804|414eaa36-5d3f-46bc-bd1e-0fbf713b17fd
2026-04-05 17:25:09|gpt|web_search|13|JSON_SAVED||3804|414eaa36-5d3f-46bc-bd1e-0fbf713b17fd
2026-04-05 17:25:09|gpt|web_search|13|QUESTION_ADVANCE||3805|89866ecd-dc2a-424e-87af-e796d3f981fb
2026-04-05 17:25:12|gpt|web_search|11|JSON_VERIFIED||3665|31b8030a-8e81-4570-9207-c4f1de5f7089
2026-04-05 17:25:12|gpt|web_search|11|QUESTION|140|3665|31b8030a-8e81-4570-9207-c4f1de5f7089
2026-04-05 17:25:12|gpt|web_search|11|JSON_SAVED||3665|31b8030a-8e81-4570-9207-c4f1de5f7089
2026-04-05 17:25:12|gpt|web_search|11|QUESTION_ADVANCE||3666|6dd6e8fe-4cc6-45d1-9292-bc4b108ffb49
2026-04-05 17:25:25|gpt|web_search|10|QUESTION_SENT||3538|cc22d768-c048-452c-a448-f985b6dfe729
2026-04-05 17:26:00|gpt|web_search|10|JSON_VERIFIED||3538|cc22d768-c048-452c-a448-f985b6dfe729
2026-04-05 17:26:00|gpt|web_search|10|QUESTION|128|3538|cc22d768-c048-452c-a448-f985b6dfe729
2026-04-05 17:26:00|gpt|web_search|10|JSON_SAVED||3538|cc22d768-c048-452c-a448-f985b6dfe729
2026-04-05 17:26:00|gpt|web_search|10|QUESTION_ADVANCE||3539|e31d4628-f8a4-46d0-8d58-08e1035fe22a
2026-04-05 17:28:06|gpt|web_search|13|QUESTION_SENT||3805|89866ecd-dc2a-424e-87af-e796d3f981fb
2026-04-05 17:28:15|gpt|web_search|11|QUESTION_SENT||3666|6dd6e8fe-4cc6-45d1-9292-bc4b108ffb49
2026-04-05 17:28:40|gpt|web_search|13|JSON_VERIFIED||3805|89866ecd-dc2a-424e-87af-e796d3f981fb
2026-04-05 17:28:40|gpt|web_search|13|QUESTION|134|3805|89866ecd-dc2a-424e-87af-e796d3f981fb
2026-04-05 17:28:40|gpt|web_search|13|JSON_SAVED||3805|89866ecd-dc2a-424e-87af-e796d3f981fb
2026-04-05 17:28:40|gpt|web_search|13|QUESTION_ADVANCE||3806|98e64df7-ebe3-4d2c-89c0-45185dad36ea
2026-04-05 17:28:49|gpt|web_search|11|JSON_VERIFIED||3666|6dd6e8fe-4cc6-45d1-9292-bc4b108ffb49
2026-04-05 17:28:49|gpt|web_search|11|QUESTION|141|3666|6dd6e8fe-4cc6-45d1-9292-bc4b108ffb49
2026-04-05 17:28:49|gpt|web_search|11|JSON_SAVED||3666|6dd6e8fe-4cc6-45d1-9292-bc4b108ffb49
2026-04-05 17:28:49|gpt|web_search|11|QUESTION_ADVANCE||3667|6247eb8a-93c4-4719-9603-e993b1278851
2026-04-05 17:29:00|gpt|web_search|10|QUESTION_SENT||3539|e31d4628-f8a4-46d0-8d58-08e1035fe22a
2026-04-05 17:29:37|gpt|web_search|10|JSON_VERIFIED||3539|e31d4628-f8a4-46d0-8d58-08e1035fe22a
2026-04-05 17:29:37|gpt|web_search|10|QUESTION|129|3539|e31d4628-f8a4-46d0-8d58-08e1035fe22a
2026-04-05 17:29:37|gpt|web_search|10|JSON_SAVED||3539|e31d4628-f8a4-46d0-8d58-08e1035fe22a
2026-04-05 17:29:37|gpt|web_search|10|QUESTION_ADVANCE||3540|1824f4f2-6250-4b28-af10-0454c411eeee
2026-04-05 17:31:40|gpt|web_search|13|QUESTION_SENT||3806|98e64df7-ebe3-4d2c-89c0-45185dad36ea
2026-04-05 17:31:52|gpt|web_search|11|QUESTION_SENT||3667|6247eb8a-93c4-4719-9603-e993b1278851
2026-04-05 17:32:14|gpt|web_search|13|JSON_VERIFIED||3806|98e64df7-ebe3-4d2c-89c0-45185dad36ea
2026-04-05 17:32:14|gpt|web_search|13|QUESTION|135|3806|98e64df7-ebe3-4d2c-89c0-45185dad36ea
2026-04-05 17:32:14|gpt|web_search|13|JSON_SAVED||3806|98e64df7-ebe3-4d2c-89c0-45185dad36ea
2026-04-05 17:32:14|gpt|web_search|13|QUESTION_ADVANCE||3807|084098ca-eb44-463f-a2de-43f663fcca74
2026-04-05 17:32:24|gpt|web_search|11|JSON_VERIFIED||3667|6247eb8a-93c4-4719-9603-e993b1278851
2026-04-05 17:32:24|gpt|web_search|11|QUESTION|142|3667|6247eb8a-93c4-4719-9603-e993b1278851
2026-04-05 17:32:24|gpt|web_search|11|JSON_SAVED||3667|6247eb8a-93c4-4719-9603-e993b1278851
2026-04-05 17:32:24|gpt|web_search|11|QUESTION_ADVANCE||3668|7916cd01-6c6a-41cb-8ead-57c12e2cab8a
2026-04-05 17:32:35|gpt|web_search|10|QUESTION_SENT||3540|1824f4f2-6250-4b28-af10-0454c411eeee
2026-04-05 17:33:10|gpt|web_search|10|JSON_VERIFY_FAILED||3540|1824f4f2-6250-4b28-af10-0454c411eeee
2026-04-05 17:33:10|gpt|web_search|10|QUESTION|130|3540|1824f4f2-6250-4b28-af10-0454c411eeee
2026-04-05 17:35:13|gpt|web_search|13|QUESTION_SENT||3807|084098ca-eb44-463f-a2de-43f663fcca74
2026-04-05 17:35:29|gpt|web_search|11|QUESTION_SENT||3668|7916cd01-6c6a-41cb-8ead-57c12e2cab8a
2026-04-05 17:35:47|gpt|web_search|13|JSON_VERIFIED||3807|084098ca-eb44-463f-a2de-43f663fcca74
2026-04-05 17:35:47|gpt|web_search|13|QUESTION|136|3807|084098ca-eb44-463f-a2de-43f663fcca74
2026-04-05 17:35:47|gpt|web_search|13|JSON_SAVED||3807|084098ca-eb44-463f-a2de-43f663fcca74
2026-04-05 17:35:47|gpt|web_search|13|QUESTION_ADVANCE||3808|80f26e77-36a0-4430-9e74-4ad19881c5f6
2026-04-05 17:36:04|gpt|web_search|11|JSON_VERIFIED||3668|7916cd01-6c6a-41cb-8ead-57c12e2cab8a
2026-04-05 17:36:04|gpt|web_search|11|QUESTION|143|3668|7916cd01-6c6a-41cb-8ead-57c12e2cab8a
2026-04-05 17:36:04|gpt|web_search|11|JSON_SAVED||3668|7916cd01-6c6a-41cb-8ead-57c12e2cab8a
2026-04-05 17:36:04|gpt|web_search|11|QUESTION_ADVANCE||3669|9ab2603e-0f80-4a8a-afcc-1435f2e1a40b
2026-04-05 17:36:10|gpt|web_search|10|QUESTION_SENT||3540|1824f4f2-6250-4b28-af10-0454c411eeee
2026-04-05 17:36:44|gpt|web_search|10|JSON_VERIFY_FAILED||3540|1824f4f2-6250-4b28-af10-0454c411eeee
2026-04-05 17:36:44|gpt|web_search|10|QUESTION|131|3540|1824f4f2-6250-4b28-af10-0454c411eeee
2026-04-05 17:36:54|gpt|web_search|10|QUESTION_SENT||3540|1824f4f2-6250-4b28-af10-0454c411eeee
2026-04-05 17:37:19|gpt|web_search|10|JSON_VERIFIED||3540|1824f4f2-6250-4b28-af10-0454c411eeee
2026-04-05 17:37:19|gpt|web_search|10|QUESTION|132|3540|1824f4f2-6250-4b28-af10-0454c411eeee
2026-04-05 17:37:19|gpt|web_search|10|JSON_SAVED||3540|1824f4f2-6250-4b28-af10-0454c411eeee
2026-04-05 17:37:19|gpt|web_search|10|QUESTION_ADVANCE||3541|05646d7a-b947-4b59-8261-ee387d6749a2
2026-04-05 17:38:46|gpt|web_search|13|QUESTION_SENT||3808|80f26e77-36a0-4430-9e74-4ad19881c5f6
2026-04-05 17:39:06|gpt|web_search|11|QUESTION_SENT||3669|9ab2603e-0f80-4a8a-afcc-1435f2e1a40b
2026-04-05 17:39:20|gpt|web_search|13|JSON_VERIFIED||3808|80f26e77-36a0-4430-9e74-4ad19881c5f6
2026-04-05 17:39:20|gpt|web_search|13|QUESTION|137|3808|80f26e77-36a0-4430-9e74-4ad19881c5f6
2026-04-05 17:39:20|gpt|web_search|13|JSON_SAVED||3808|80f26e77-36a0-4430-9e74-4ad19881c5f6
2026-04-05 17:39:20|gpt|web_search|13|QUESTION_ADVANCE||3809|b7a76fe4-4f39-4fdf-a491-95a91c6b2f05
2026-04-05 17:39:37|gpt|web_search|11|JSON_VERIFY_FAILED||3669|9ab2603e-0f80-4a8a-afcc-1435f2e1a40b
2026-04-05 17:39:37|gpt|web_search|11|QUESTION|144|3669|9ab2603e-0f80-4a8a-afcc-1435f2e1a40b
2026-04-05 17:39:47|gpt|web_search|11|QUESTION_SENT||3669|9ab2603e-0f80-4a8a-afcc-1435f2e1a40b
2026-04-05 17:40:11|gpt|web_search|11|JSON_VERIFIED||3669|9ab2603e-0f80-4a8a-afcc-1435f2e1a40b
2026-04-05 17:40:11|gpt|web_search|11|QUESTION|145|3669|9ab2603e-0f80-4a8a-afcc-1435f2e1a40b
2026-04-05 17:40:11|gpt|web_search|11|JSON_SAVED||3669|9ab2603e-0f80-4a8a-afcc-1435f2e1a40b
2026-04-05 17:40:11|gpt|web_search|11|QUESTION_ADVANCE||3670|35d47d2c-2513-4a3f-8327-454a907f8e16
2026-04-05 17:40:28|gpt|web_search|10|QUESTION_SENT||3541|05646d7a-b947-4b59-8261-ee387d6749a2
2026-04-05 17:41:07|gpt|web_search|10|JSON_VERIFIED||3541|05646d7a-b947-4b59-8261-ee387d6749a2
2026-04-05 17:41:07|gpt|web_search|10|QUESTION|133|3541|05646d7a-b947-4b59-8261-ee387d6749a2
2026-04-05 17:41:07|gpt|web_search|10|JSON_SAVED||3541|05646d7a-b947-4b59-8261-ee387d6749a2
2026-04-05 17:41:07|gpt|web_search|10|QUESTION_ADVANCE||3542|304847e8-b8e1-4f67-b189-f98c4f3d5b35
2026-04-05 17:42:19|gpt|web_search|13|QUESTION_SENT||3809|b7a76fe4-4f39-4fdf-a491-95a91c6b2f05
2026-04-05 17:42:53|gpt|web_search|13|JSON_VERIFY_FAILED||3809|b7a76fe4-4f39-4fdf-a491-95a91c6b2f05
2026-04-05 17:42:53|gpt|web_search|13|QUESTION|138|3809|b7a76fe4-4f39-4fdf-a491-95a91c6b2f05
2026-04-05 17:43:24|gpt|web_search|11|QUESTION_SENT||3670|35d47d2c-2513-4a3f-8327-454a907f8e16
2026-04-05 17:43:55|gpt|web_search|11|JSON_VERIFY_FAILED||3670|35d47d2c-2513-4a3f-8327-454a907f8e16
2026-04-05 17:43:55|gpt|web_search|11|QUESTION|146|3670|35d47d2c-2513-4a3f-8327-454a907f8e16
2026-04-05 17:44:03|gpt|web_search|10|QUESTION_SENT||3542|304847e8-b8e1-4f67-b189-f98c4f3d5b35
2026-04-05 17:44:05|gpt|web_search|11|QUESTION_SENT||3670|35d47d2c-2513-4a3f-8327-454a907f8e16
2026-04-05 17:44:23|gpt|web_search|10|JSON_VERIFY_FAILED||3542|304847e8-b8e1-4f67-b189-f98c4f3d5b35
2026-04-05 17:44:23|gpt|web_search|10|QUESTION|134|3542|304847e8-b8e1-4f67-b189-f98c4f3d5b35
2026-04-05 17:44:26|gpt|web_search|11|JSON_VERIFIED||3670|35d47d2c-2513-4a3f-8327-454a907f8e16
2026-04-05 17:44:26|gpt|web_search|11|QUESTION|147|3670|35d47d2c-2513-4a3f-8327-454a907f8e16
2026-04-05 17:44:26|gpt|web_search|11|JSON_SAVED||3670|35d47d2c-2513-4a3f-8327-454a907f8e16
2026-04-05 17:44:26|gpt|web_search|11|QUESTION_ADVANCE||3671|8f61ec60-a012-405c-9f24-1ece66d99960
2026-04-05 17:44:33|gpt|web_search|10|QUESTION_SENT||3542|304847e8-b8e1-4f67-b189-f98c4f3d5b35
2026-04-05 17:44:50|gpt|web_search|10|JSON_VERIFY_FAILED||3542|304847e8-b8e1-4f67-b189-f98c4f3d5b35
2026-04-05 17:44:50|gpt|web_search|10|QUESTION|135|3542|304847e8-b8e1-4f67-b189-f98c4f3d5b35
2026-04-05 17:45:52|gpt|web_search|13|QUESTION_SENT||3809|b7a76fe4-4f39-4fdf-a491-95a91c6b2f05
2026-04-05 17:46:29|gpt|web_search|13|JSON_VERIFIED||3809|b7a76fe4-4f39-4fdf-a491-95a91c6b2f05
2026-04-05 17:46:29|gpt|web_search|13|QUESTION|139|3809|b7a76fe4-4f39-4fdf-a491-95a91c6b2f05
2026-04-05 17:46:29|gpt|web_search|13|JSON_SAVED||3809|b7a76fe4-4f39-4fdf-a491-95a91c6b2f05
2026-04-05 17:46:29|gpt|web_search|13|QUESTION_ADVANCE||3810|0a9e490a-b9ea-4b17-81b2-bb285ff017e4
2026-04-05 17:47:18|gpt|web_search|10|QUESTION_SENT||3542|304847e8-b8e1-4f67-b189-f98c4f3d5b35
2026-04-05 17:47:42|gpt|web_search|11|QUESTION_SENT||3671|8f61ec60-a012-405c-9f24-1ece66d99960
2026-04-05 17:47:44|gpt|web_search|10|JSON_VERIFY_FAILED||3542|304847e8-b8e1-4f67-b189-f98c4f3d5b35
2026-04-05 17:47:44|gpt|web_search|10|QUESTION|136|3542|304847e8-b8e1-4f67-b189-f98c4f3d5b35
2026-04-05 17:48:18|gpt|web_search|11|JSON_VERIFIED||3671|8f61ec60-a012-405c-9f24-1ece66d99960
2026-04-05 17:48:18|gpt|web_search|11|QUESTION|148|3671|8f61ec60-a012-405c-9f24-1ece66d99960
2026-04-05 17:48:18|gpt|web_search|11|JSON_SAVED||3671|8f61ec60-a012-405c-9f24-1ece66d99960
2026-04-05 17:48:18|gpt|web_search|11|QUESTION_ADVANCE||3672|816ef81e-44e3-42f4-979f-d8f7b3c4388e
2026-04-05 17:49:25|gpt|web_search|13|QUESTION_SENT||3810|0a9e490a-b9ea-4b17-81b2-bb285ff017e4
2026-04-05 17:49:57|gpt|web_search|13|JSON_VERIFY_FAILED||3810|0a9e490a-b9ea-4b17-81b2-bb285ff017e4
2026-04-05 17:49:57|gpt|web_search|13|QUESTION|140|3810|0a9e490a-b9ea-4b17-81b2-bb285ff017e4
2026-04-05 17:50:07|gpt|web_search|13|QUESTION_SENT||3810|0a9e490a-b9ea-4b17-81b2-bb285ff017e4
2026-04-05 17:50:44|gpt|web_search|13|JSON_VERIFIED||3810|0a9e490a-b9ea-4b17-81b2-bb285ff017e4
2026-04-05 17:50:44|gpt|web_search|13|QUESTION|141|3810|0a9e490a-b9ea-4b17-81b2-bb285ff017e4
2026-04-05 17:50:44|gpt|web_search|13|JSON_SAVED||3810|0a9e490a-b9ea-4b17-81b2-bb285ff017e4
2026-04-05 17:50:44|gpt|web_search|13|QUESTION_ADVANCE||3811|4dbe8154-429f-4e2c-87b5-2865ce173cce
2026-04-05 17:50:53|gpt|web_search|10|QUESTION_SENT||3542|304847e8-b8e1-4f67-b189-f98c4f3d5b35
2026-04-05 17:51:19|gpt|web_search|11|QUESTION_SENT||3672|816ef81e-44e3-42f4-979f-d8f7b3c4388e
2026-04-05 17:51:31|gpt|web_search|10|JSON_VERIFIED||3542|304847e8-b8e1-4f67-b189-f98c4f3d5b35
2026-04-05 17:51:31|gpt|web_search|10|QUESTION|137|3542|304847e8-b8e1-4f67-b189-f98c4f3d5b35
2026-04-05 17:51:31|gpt|web_search|10|JSON_SAVED||3542|304847e8-b8e1-4f67-b189-f98c4f3d5b35
2026-04-05 17:51:31|gpt|web_search|10|QUESTION_ADVANCE||3543|753024e4-f85d-4822-b0b4-91dd7c8fcda6
2026-04-05 17:51:57|gpt|web_search|11|JSON_VERIFIED||3672|816ef81e-44e3-42f4-979f-d8f7b3c4388e
2026-04-05 17:51:57|gpt|web_search|11|QUESTION|149|3672|816ef81e-44e3-42f4-979f-d8f7b3c4388e
2026-04-05 17:51:57|gpt|web_search|11|JSON_SAVED||3672|816ef81e-44e3-42f4-979f-d8f7b3c4388e
2026-04-05 17:51:57|gpt|web_search|11|QUESTION_ADVANCE||3673|c3907496-44a2-46b9-9c6a-1a4c126bb9f2
2026-04-05 17:53:40|gpt|web_search|13|QUESTION_SENT||3811|4dbe8154-429f-4e2c-87b5-2865ce173cce
2026-04-05 17:54:08|gpt|web_search|13|JSON_VERIFY_FAILED||3811|4dbe8154-429f-4e2c-87b5-2865ce173cce
2026-04-05 17:54:08|gpt|web_search|13|QUESTION|142|3811|4dbe8154-429f-4e2c-87b5-2865ce173cce
2026-04-05 17:54:28|gpt|web_search|10|QUESTION_SENT||3543|753024e4-f85d-4822-b0b4-91dd7c8fcda6
2026-04-05 17:54:55|gpt|web_search|11|QUESTION_SENT||3673|c3907496-44a2-46b9-9c6a-1a4c126bb9f2
2026-04-05 17:55:05|gpt|web_search|10|JSON_VERIFIED||3543|753024e4-f85d-4822-b0b4-91dd7c8fcda6
2026-04-05 17:55:05|gpt|web_search|10|QUESTION|138|3543|753024e4-f85d-4822-b0b4-91dd7c8fcda6
2026-04-05 17:55:05|gpt|web_search|10|JSON_SAVED||3543|753024e4-f85d-4822-b0b4-91dd7c8fcda6
2026-04-05 17:55:05|gpt|web_search|10|QUESTION_ADVANCE||3544|86380675-ba3d-4bc0-9afc-65bf554dce7a
2026-04-05 17:55:29|gpt|web_search|11|JSON_VERIFY_FAILED||3673|c3907496-44a2-46b9-9c6a-1a4c126bb9f2
2026-04-05 17:55:29|gpt|web_search|11|QUESTION|150|3673|c3907496-44a2-46b9-9c6a-1a4c126bb9f2
2026-04-05 17:57:13|gpt|web_search|13|QUESTION_SENT||3811|4dbe8154-429f-4e2c-87b5-2865ce173cce
2026-04-05 17:58:03|gpt|web_search|13|JSON_VERIFIED||3811|4dbe8154-429f-4e2c-87b5-2865ce173cce
2026-04-05 17:58:03|gpt|web_search|13|QUESTION|143|3811|4dbe8154-429f-4e2c-87b5-2865ce173cce
2026-04-05 17:58:03|gpt|web_search|13|JSON_SAVED||3811|4dbe8154-429f-4e2c-87b5-2865ce173cce
2026-04-05 17:58:03|gpt|web_search|13|QUESTION_ADVANCE||3812|574080dd-5fce-4d88-a7a8-5f4588b58105
2026-04-05 17:58:03|gpt|web_search|10|QUESTION_SENT||3544|86380675-ba3d-4bc0-9afc-65bf554dce7a
2026-04-05 17:58:32|gpt|web_search|11|QUESTION_SENT||3673|c3907496-44a2-46b9-9c6a-1a4c126bb9f2
2026-04-05 17:58:37|gpt|web_search|10|JSON_VERIFIED||3544|86380675-ba3d-4bc0-9afc-65bf554dce7a
2026-04-05 17:58:37|gpt|web_search|10|QUESTION|139|3544|86380675-ba3d-4bc0-9afc-65bf554dce7a
2026-04-05 17:58:37|gpt|web_search|10|JSON_SAVED||3544|86380675-ba3d-4bc0-9afc-65bf554dce7a
2026-04-05 17:58:37|gpt|web_search|10|QUESTION_ADVANCE||3545|6603177c-730e-47f3-a967-f89cc36e9161
2026-04-05 17:59:05|gpt|web_search|11|JSON_VERIFIED||3673|c3907496-44a2-46b9-9c6a-1a4c126bb9f2
2026-04-05 17:59:05|gpt|web_search|11|QUESTION|151|3673|c3907496-44a2-46b9-9c6a-1a4c126bb9f2
2026-04-05 17:59:05|gpt|web_search|11|JSON_SAVED||3673|c3907496-44a2-46b9-9c6a-1a4c126bb9f2
2026-04-05 17:59:05|gpt|web_search|11|QUESTION_ADVANCE||3674|1da45318-457d-4679-9d36-d8997a31fd48
2026-04-05 18:00:46|gpt|web_search|13|QUESTION_SENT||3812|574080dd-5fce-4d88-a7a8-5f4588b58105
2026-04-05 18:01:25|gpt|web_search|13|JSON_VERIFIED||3812|574080dd-5fce-4d88-a7a8-5f4588b58105
2026-04-05 18:01:25|gpt|web_search|13|QUESTION|144|3812|574080dd-5fce-4d88-a7a8-5f4588b58105
2026-04-05 18:01:25|gpt|web_search|13|JSON_SAVED||3812|574080dd-5fce-4d88-a7a8-5f4588b58105
2026-04-05 18:01:25|gpt|web_search|13|QUESTION_ADVANCE||3813|c533d6cc-25f4-46af-b88f-fe3fdb8f9886
2026-04-05 18:01:38|gpt|web_search|10|QUESTION_SENT||3545|6603177c-730e-47f3-a967-f89cc36e9161
2026-04-05 18:02:10|gpt|web_search|11|QUESTION_SENT||3674|1da45318-457d-4679-9d36-d8997a31fd48
2026-04-05 18:02:16|gpt|web_search|10|JSON_VERIFIED||3545|6603177c-730e-47f3-a967-f89cc36e9161
2026-04-05 18:02:16|gpt|web_search|10|QUESTION|140|3545|6603177c-730e-47f3-a967-f89cc36e9161
2026-04-05 18:02:16|gpt|web_search|10|JSON_SAVED||3545|6603177c-730e-47f3-a967-f89cc36e9161
2026-04-05 18:02:16|gpt|web_search|10|QUESTION_ADVANCE||3546|3af3c788-20fc-41bb-9d68-1225f89bbdcb
2026-04-05 18:02:42|gpt|web_search|11|JSON_VERIFIED||3674|1da45318-457d-4679-9d36-d8997a31fd48
2026-04-05 18:02:42|gpt|web_search|11|QUESTION|152|3674|1da45318-457d-4679-9d36-d8997a31fd48
2026-04-05 18:02:42|gpt|web_search|11|JSON_SAVED||3674|1da45318-457d-4679-9d36-d8997a31fd48
2026-04-05 18:02:42|gpt|web_search|11|QUESTION_ADVANCE||3675|8540a53c-92ab-4883-81b9-0aa590b1bda2
2026-04-05 18:04:19|gpt|web_search|13|QUESTION_SENT||3813|c533d6cc-25f4-46af-b88f-fe3fdb8f9886
2026-04-05 18:04:47|gpt|web_search|13|JSON_VERIFY_FAILED||3813|c533d6cc-25f4-46af-b88f-fe3fdb8f9886
2026-04-05 18:04:47|gpt|web_search|13|QUESTION|145|3813|c533d6cc-25f4-46af-b88f-fe3fdb8f9886
2026-04-05 18:04:57|gpt|web_search|13|QUESTION_SENT||3813|c533d6cc-25f4-46af-b88f-fe3fdb8f9886
2026-04-05 18:05:13|gpt|web_search|10|QUESTION_SENT||3546|3af3c788-20fc-41bb-9d68-1225f89bbdcb
2026-04-05 18:05:13|gpt|web_search|13|JSON_VERIFY_FAILED||3813|c533d6cc-25f4-46af-b88f-fe3fdb8f9886
2026-04-05 18:05:13|gpt|web_search|13|QUESTION|146|3813|c533d6cc-25f4-46af-b88f-fe3fdb8f9886
2026-04-05 18:05:47|gpt|web_search|11|QUESTION_SENT||3675|8540a53c-92ab-4883-81b9-0aa590b1bda2
2026-04-05 18:05:55|gpt|web_search|10|JSON_VERIFIED||3546|3af3c788-20fc-41bb-9d68-1225f89bbdcb
2026-04-05 18:05:55|gpt|web_search|10|QUESTION|141|3546|3af3c788-20fc-41bb-9d68-1225f89bbdcb
2026-04-05 18:05:55|gpt|web_search|10|JSON_SAVED||3546|3af3c788-20fc-41bb-9d68-1225f89bbdcb
2026-04-05 18:05:55|gpt|web_search|10|QUESTION_ADVANCE||3547|c7231e84-f183-4d9d-b427-85e9dfcd5ff7
2026-04-05 18:07:41|gpt|web_search|13|QUESTION_SENT||3813|c533d6cc-25f4-46af-b88f-fe3fdb8f9886
2026-04-05 18:08:15|gpt|web_search|13|JSON_VERIFIED||3813|c533d6cc-25f4-46af-b88f-fe3fdb8f9886
2026-04-05 18:08:15|gpt|web_search|13|QUESTION|147|3813|c533d6cc-25f4-46af-b88f-fe3fdb8f9886
2026-04-05 18:08:15|gpt|web_search|13|JSON_SAVED||3813|c533d6cc-25f4-46af-b88f-fe3fdb8f9886
2026-04-05 18:08:15|gpt|web_search|13|QUESTION_ADVANCE||3814|64ee1529-5e86-4c48-8d16-e30056144e85
2026-04-05 18:08:48|gpt|web_search|10|QUESTION_SENT||3547|c7231e84-f183-4d9d-b427-85e9dfcd5ff7
2026-04-05 18:09:23|gpt|web_search|10|JSON_VERIFIED||3547|c7231e84-f183-4d9d-b427-85e9dfcd5ff7
2026-04-05 18:09:23|gpt|web_search|10|QUESTION|142|3547|c7231e84-f183-4d9d-b427-85e9dfcd5ff7
2026-04-05 18:09:23|gpt|web_search|10|JSON_SAVED||3547|c7231e84-f183-4d9d-b427-85e9dfcd5ff7
2026-04-05 18:09:23|gpt|web_search|10|QUESTION_ADVANCE||3548|c0ce0c33-31de-48b6-8964-32198042b7d6
2026-04-05 18:09:24|gpt|web_search|11|QUESTION_SENT||3675|8540a53c-92ab-4883-81b9-0aa590b1bda2
2026-04-05 18:09:59|gpt|web_search|11|JSON_VERIFIED||3675|8540a53c-92ab-4883-81b9-0aa590b1bda2
2026-04-05 18:09:59|gpt|web_search|11|QUESTION|153|3675|8540a53c-92ab-4883-81b9-0aa590b1bda2
2026-04-05 18:09:59|gpt|web_search|11|JSON_SAVED||3675|8540a53c-92ab-4883-81b9-0aa590b1bda2
2026-04-05 18:09:59|gpt|web_search|11|QUESTION_ADVANCE||3676|2fe90a5b-3d44-4d0b-a207-b4fc1aaf4e7d
2026-04-05 18:11:14|gpt|web_search|13|QUESTION_SENT||3814|64ee1529-5e86-4c48-8d16-e30056144e85
2026-04-05 18:11:53|gpt|web_search|13|JSON_VERIFIED||3814|64ee1529-5e86-4c48-8d16-e30056144e85
2026-04-05 18:11:53|gpt|web_search|13|QUESTION|148|3814|64ee1529-5e86-4c48-8d16-e30056144e85
2026-04-05 18:11:53|gpt|web_search|13|JSON_SAVED||3814|64ee1529-5e86-4c48-8d16-e30056144e85
2026-04-05 18:11:53|gpt|web_search|13|QUESTION_ADVANCE||3815|610fb31d-b6c0-46d3-91fb-ebe8c092dfb8
2026-04-05 18:12:23|gpt|web_search|10|QUESTION_SENT||3548|c0ce0c33-31de-48b6-8964-32198042b7d6
2026-04-05 18:13:01|gpt|web_search|11|QUESTION_SENT||3676|2fe90a5b-3d44-4d0b-a207-b4fc1aaf4e7d
2026-04-05 18:13:04|gpt|web_search|10|JSON_VERIFY_FAILED||3548|c0ce0c33-31de-48b6-8964-32198042b7d6
2026-04-05 18:13:04|gpt|web_search|10|QUESTION|143|3548|c0ce0c33-31de-48b6-8964-32198042b7d6
2026-04-05 18:13:14|gpt|web_search|10|QUESTION_SENT||3548|c0ce0c33-31de-48b6-8964-32198042b7d6
2026-04-05 18:13:41|gpt|web_search|10|JSON_VERIFIED||3548|c0ce0c33-31de-48b6-8964-32198042b7d6
2026-04-05 18:13:41|gpt|web_search|10|QUESTION|144|3548|c0ce0c33-31de-48b6-8964-32198042b7d6
2026-04-05 18:13:41|gpt|web_search|10|JSON_SAVED||3548|c0ce0c33-31de-48b6-8964-32198042b7d6
2026-04-05 18:13:41|gpt|web_search|10|QUESTION_ADVANCE||3549|961c344d-8f52-4a96-aa65-a10bf726bd9a
2026-04-05 18:14:46|gpt|web_search|13|QUESTION_SENT||3815|610fb31d-b6c0-46d3-91fb-ebe8c092dfb8
2026-04-05 18:15:23|gpt|web_search|13|JSON_VERIFIED||3815|610fb31d-b6c0-46d3-91fb-ebe8c092dfb8
2026-04-05 18:15:23|gpt|web_search|13|QUESTION|149|3815|610fb31d-b6c0-46d3-91fb-ebe8c092dfb8
2026-04-05 18:15:23|gpt|web_search|13|JSON_SAVED||3815|610fb31d-b6c0-46d3-91fb-ebe8c092dfb8
2026-04-05 18:15:23|gpt|web_search|13|QUESTION_ADVANCE||3816|296c41ec-9055-420f-9a97-761a0da5d0ab
2026-04-05 18:16:36|gpt|web_search|11|STOP||3676|2fe90a5b-3d44-4d0b-a207-b4fc1aaf4e7d
2026-04-05 18:16:49|gpt|web_search|10|QUESTION_SENT||3549|961c344d-8f52-4a96-aa65-a10bf726bd9a
2026-04-05 18:17:26|gpt|web_search|10|JSON_VERIFIED||3549|961c344d-8f52-4a96-aa65-a10bf726bd9a
2026-04-05 18:17:26|gpt|web_search|10|QUESTION|145|3549|961c344d-8f52-4a96-aa65-a10bf726bd9a
2026-04-05 18:17:26|gpt|web_search|10|JSON_SAVED||3549|961c344d-8f52-4a96-aa65-a10bf726bd9a
2026-04-05 18:17:26|gpt|web_search|10|QUESTION_ADVANCE||3550|fadedc44-8d70-439c-ba41-705e3e510400
2026-04-05 18:18:19|gpt|web_search|13|QUESTION_SENT||3816|296c41ec-9055-420f-9a97-761a0da5d0ab
2026-04-05 18:20:24|gpt|web_search|10|QUESTION_SENT||3550|fadedc44-8d70-439c-ba41-705e3e510400
2026-04-05 18:21:52|gpt|web_search|13|QUESTION_SENT||3816|296c41ec-9055-420f-9a97-761a0da5d0ab
2026-04-05 18:23:59|gpt|web_search|10|QUESTION_SENT||3550|fadedc44-8d70-439c-ba41-705e3e510400
2026-04-05 18:25:25|gpt|web_search|13|QUESTION_SENT||3816|296c41ec-9055-420f-9a97-761a0da5d0ab
2026-04-05 18:27:34|gpt|web_search|10|QUESTION_SENT||3550|fadedc44-8d70-439c-ba41-705e3e510400
2026-04-05 18:27:39|gpt|web_search|13|JSON_VERIFIED||3816|296c41ec-9055-420f-9a97-761a0da5d0ab
2026-04-05 18:27:39|gpt|web_search|13|QUESTION|150|3816|296c41ec-9055-420f-9a97-761a0da5d0ab
2026-04-05 18:27:39|gpt|web_search|13|JSON_SAVED||3816|296c41ec-9055-420f-9a97-761a0da5d0ab
2026-04-05 18:27:39|gpt|web_search|13|QUESTION_ADVANCE||3817|a38990fb-9a81-47f6-9471-95f1ec6a70ee
2026-04-05 18:31:07|gpt|web_search|13|QUESTION_SENT||3817|a38990fb-9a81-47f6-9471-95f1ec6a70ee
2026-04-05 18:31:09|gpt|web_search|10|QUESTION_SENT||3550|fadedc44-8d70-439c-ba41-705e3e510400
2026-04-05 18:33:21|gpt|web_search|13|STOP||3817|a38990fb-9a81-47f6-9471-95f1ec6a70ee
2026-04-05 18:33:23|gpt|web_search|10|STOP||3550|fadedc44-8d70-439c-ba41-705e3e510400
2026-04-05 21:17:48|gpt|web_search|10|RESTART||3550|fadedc44-8d70-439c-ba41-705e3e510400
2026-04-05 21:19:50|gpt|web_search|11|RESTART||3676|2fe90a5b-3d44-4d0b-a207-b4fc1aaf4e7d
2026-04-05 21:19:59|gpt|web_search|10|QUESTION_SENT||3550|fadedc44-8d70-439c-ba41-705e3e510400
2026-04-05 21:20:38|gpt|web_search|10|JSON_VERIFIED||3550|fadedc44-8d70-439c-ba41-705e3e510400
2026-04-05 21:20:38|gpt|web_search|10|QUESTION|1|3550|fadedc44-8d70-439c-ba41-705e3e510400
2026-04-05 21:20:38|gpt|web_search|10|JSON_SAVED||3550|fadedc44-8d70-439c-ba41-705e3e510400
2026-04-05 21:20:39|gpt|web_search|10|STOP||3551|
2026-04-05 21:22:24|gpt|web_search|13|RESTART||3817|a38990fb-9a81-47f6-9471-95f1ec6a70ee
2026-04-05 21:23:21|gpt|web_search|13|QUESTION_SENT||3817|a38990fb-9a81-47f6-9471-95f1ec6a70ee
2026-04-05 21:23:27|gpt|web_search|11|QUESTION_SENT||3676|2fe90a5b-3d44-4d0b-a207-b4fc1aaf4e7d
2026-04-05 21:23:54|gpt|web_search|13|JSON_VERIFIED||3817|a38990fb-9a81-47f6-9471-95f1ec6a70ee
2026-04-05 21:23:54|gpt|web_search|13|QUESTION|1|3817|a38990fb-9a81-47f6-9471-95f1ec6a70ee
2026-04-05 21:23:54|gpt|web_search|13|JSON_SAVED||3817|a38990fb-9a81-47f6-9471-95f1ec6a70ee
2026-04-05 21:23:54|gpt|web_search|13|QUESTION_ADVANCE||3818|7708bbdc-2415-49d4-9a4d-c9daa3ee246a
2026-04-05 21:24:02|gpt|web_search|11|JSON_VERIFIED||3676|2fe90a5b-3d44-4d0b-a207-b4fc1aaf4e7d
2026-04-05 21:24:02|gpt|web_search|11|QUESTION|1|3676|2fe90a5b-3d44-4d0b-a207-b4fc1aaf4e7d
2026-04-05 21:24:02|gpt|web_search|11|JSON_SAVED||3676|2fe90a5b-3d44-4d0b-a207-b4fc1aaf4e7d
2026-04-05 21:24:02|gpt|web_search|11|QUESTION_ADVANCE||3677|3b77149c-21f6-496a-a14b-5d881f7588e2
2026-04-05 21:26:07|gpt|web_search|12|RESTART||3689|db3efeb2-011a-432b-a218-3e8ab5c75bd1
2026-04-05 21:28:42|gpt|web_search|11|QUESTION_SENT||3677|3b77149c-21f6-496a-a14b-5d881f7588e2
2026-04-05 21:29:18|gpt|web_search|13|QUESTION_SENT||3818|7708bbdc-2415-49d4-9a4d-c9daa3ee246a
2026-04-05 21:29:19|gpt|web_search|11|JSON_VERIFY_FAILED||3677|3b77149c-21f6-496a-a14b-5d881f7588e2
2026-04-05 21:29:19|gpt|web_search|11|QUESTION|2|3677|3b77149c-21f6-496a-a14b-5d881f7588e2
2026-04-05 21:30:05|gpt|web_search|13|JSON_VERIFIED||3818|7708bbdc-2415-49d4-9a4d-c9daa3ee246a
2026-04-05 21:30:05|gpt|web_search|13|QUESTION|2|3818|7708bbdc-2415-49d4-9a4d-c9daa3ee246a
2026-04-05 21:30:05|gpt|web_search|13|JSON_SAVED||3818|7708bbdc-2415-49d4-9a4d-c9daa3ee246a
2026-04-05 21:30:05|gpt|web_search|13|QUESTION_ADVANCE||3819|57a511b4-7bae-456d-b07d-17aa89b29f15
2026-04-05 21:30:37|gpt|web_search|12|QUESTION_SENT||3689|db3efeb2-011a-432b-a218-3e8ab5c75bd1
2026-04-05 21:31:35|gpt|web_search|12|JSON_VERIFIED||3689|db3efeb2-011a-432b-a218-3e8ab5c75bd1
2026-04-05 21:31:35|gpt|web_search|12|QUESTION|1|3689|db3efeb2-011a-432b-a218-3e8ab5c75bd1
2026-04-05 21:31:35|gpt|web_search|12|JSON_SAVED||3689|db3efeb2-011a-432b-a218-3e8ab5c75bd1
2026-04-05 21:31:35|gpt|web_search|12|QUESTION_ADVANCE||3690|2205cc3b-50cd-4de0-864f-1853386b9aca
2026-04-05 21:32:55|gpt|web_search|11|QUESTION_SENT||3677|3b77149c-21f6-496a-a14b-5d881f7588e2
2026-04-05 21:33:24|gpt|web_search|13|QUESTION_SENT||3819|57a511b4-7bae-456d-b07d-17aa89b29f15
2026-04-05 21:34:30|gpt|web_search|12|QUESTION_SENT||3690|2205cc3b-50cd-4de0-864f-1853386b9aca
2026-04-05 21:35:04|gpt|web_search|12|JSON_VERIFIED||3690|2205cc3b-50cd-4de0-864f-1853386b9aca
2026-04-05 21:35:04|gpt|web_search|12|QUESTION|2|3690|2205cc3b-50cd-4de0-864f-1853386b9aca
2026-04-05 21:35:04|gpt|web_search|12|JSON_SAVED||3690|2205cc3b-50cd-4de0-864f-1853386b9aca
2026-04-05 21:35:04|gpt|web_search|12|QUESTION_ADVANCE||3691|70fa0cde-ec2d-4dff-88d0-05b88f1ebfd8
2026-04-05 21:35:25|gpt|web_search|11|QUESTION_SENT||3677|3b77149c-21f6-496a-a14b-5d881f7588e2
2026-04-05 21:35:59|gpt|web_search|11|JSON_VERIFIED||3677|3b77149c-21f6-496a-a14b-5d881f7588e2
2026-04-05 21:35:59|gpt|web_search|11|QUESTION|3|3677|3b77149c-21f6-496a-a14b-5d881f7588e2
2026-04-05 21:35:59|gpt|web_search|11|JSON_SAVED||3677|3b77149c-21f6-496a-a14b-5d881f7588e2
2026-04-05 21:35:59|gpt|web_search|11|QUESTION_ADVANCE||3678|ffd1e6a7-e571-47f2-accf-c81942bbb34e
2026-04-05 21:36:57|gpt|web_search|13|QUESTION_SENT||3819|57a511b4-7bae-456d-b07d-17aa89b29f15
2026-04-05 21:37:32|gpt|web_search|13|JSON_VERIFIED||3819|57a511b4-7bae-456d-b07d-17aa89b29f15
2026-04-05 21:37:32|gpt|web_search|13|QUESTION|3|3819|57a511b4-7bae-456d-b07d-17aa89b29f15
2026-04-05 21:37:32|gpt|web_search|13|JSON_SAVED||3819|57a511b4-7bae-456d-b07d-17aa89b29f15
2026-04-05 21:37:32|gpt|web_search|13|QUESTION_ADVANCE||3820|ab2bcd13-a89f-4698-9e4b-72e1c4e56833
2026-04-05 21:38:23|gpt|web_search|12|QUESTION_SENT||3691|70fa0cde-ec2d-4dff-88d0-05b88f1ebfd8
2026-04-05 21:39:00|gpt|web_search|12|JSON_VERIFIED||3691|70fa0cde-ec2d-4dff-88d0-05b88f1ebfd8
2026-04-05 21:39:00|gpt|web_search|12|QUESTION|3|3691|70fa0cde-ec2d-4dff-88d0-05b88f1ebfd8
2026-04-05 21:39:00|gpt|web_search|12|JSON_SAVED||3691|70fa0cde-ec2d-4dff-88d0-05b88f1ebfd8
2026-04-05 21:39:00|gpt|web_search|12|QUESTION_ADVANCE||3692|0151317a-5220-4150-b814-b29c2481d45d
2026-04-05 21:39:02|gpt|web_search|11|QUESTION_SENT||3678|ffd1e6a7-e571-47f2-accf-c81942bbb34e
2026-04-05 21:39:34|gpt|web_search|11|JSON_VERIFIED||3678|ffd1e6a7-e571-47f2-accf-c81942bbb34e
2026-04-05 21:39:34|gpt|web_search|11|QUESTION|4|3678|ffd1e6a7-e571-47f2-accf-c81942bbb34e
2026-04-05 21:39:34|gpt|web_search|11|JSON_SAVED||3678|ffd1e6a7-e571-47f2-accf-c81942bbb34e
2026-04-05 21:39:34|gpt|web_search|11|QUESTION_ADVANCE||3679|76efbce1-1c7d-42f9-b4d5-e4673e19b5ae
2026-04-05 21:40:30|gpt|web_search|13|QUESTION_SENT||3820|ab2bcd13-a89f-4698-9e4b-72e1c4e56833
2026-04-05 21:41:05|gpt|web_search|13|JSON_VERIFIED||3820|ab2bcd13-a89f-4698-9e4b-72e1c4e56833
2026-04-05 21:41:05|gpt|web_search|13|QUESTION|4|3820|ab2bcd13-a89f-4698-9e4b-72e1c4e56833
2026-04-05 21:41:05|gpt|web_search|13|JSON_SAVED||3820|ab2bcd13-a89f-4698-9e4b-72e1c4e56833
2026-04-05 21:41:05|gpt|web_search|13|QUESTION_ADVANCE||3821|8151584c-2c50-4e1b-a76e-2b51ee493959
2026-04-05 21:42:16|gpt|web_search|12|QUESTION_SENT||3692|0151317a-5220-4150-b814-b29c2481d45d
2026-04-05 21:42:39|gpt|web_search|11|QUESTION_SENT||3679|76efbce1-1c7d-42f9-b4d5-e4673e19b5ae
2026-04-05 21:42:59|gpt|web_search|12|JSON_VERIFIED||3692|0151317a-5220-4150-b814-b29c2481d45d
2026-04-05 21:42:59|gpt|web_search|12|QUESTION|4|3692|0151317a-5220-4150-b814-b29c2481d45d
2026-04-05 21:42:59|gpt|web_search|12|JSON_SAVED||3692|0151317a-5220-4150-b814-b29c2481d45d
2026-04-05 21:42:59|gpt|web_search|12|QUESTION_ADVANCE||3693|58b9c643-a092-4ec8-bc83-53ce5639c533
2026-04-05 21:43:13|gpt|web_search|11|JSON_VERIFIED||3679|76efbce1-1c7d-42f9-b4d5-e4673e19b5ae
2026-04-05 21:43:13|gpt|web_search|11|QUESTION|5|3679|76efbce1-1c7d-42f9-b4d5-e4673e19b5ae
2026-04-05 21:43:13|gpt|web_search|11|JSON_SAVED||3679|76efbce1-1c7d-42f9-b4d5-e4673e19b5ae
2026-04-05 21:43:13|gpt|web_search|11|QUESTION_ADVANCE||3680|355ccda8-7b09-40ea-9137-4f47309684ac
2026-04-05 21:44:03|gpt|web_search|13|QUESTION_SENT||3821|8151584c-2c50-4e1b-a76e-2b51ee493959
2026-04-05 21:44:41|gpt|web_search|13|JSON_VERIFY_FAILED||3821|8151584c-2c50-4e1b-a76e-2b51ee493959
2026-04-05 21:44:41|gpt|web_search|13|QUESTION|5|3821|8151584c-2c50-4e1b-a76e-2b51ee493959
2026-04-05 21:44:51|gpt|web_search|13|QUESTION_SENT||3821|8151584c-2c50-4e1b-a76e-2b51ee493959
2026-04-05 21:45:14|gpt|web_search|13|JSON_VERIFIED||3821|8151584c-2c50-4e1b-a76e-2b51ee493959
2026-04-05 21:45:14|gpt|web_search|13|QUESTION|6|3821|8151584c-2c50-4e1b-a76e-2b51ee493959
2026-04-05 21:45:14|gpt|web_search|13|JSON_SAVED||3821|8151584c-2c50-4e1b-a76e-2b51ee493959
2026-04-05 21:45:14|gpt|web_search|13|QUESTION_ADVANCE||3822|b976bf5b-94d5-40c9-854e-60af95ebae27
2026-04-05 21:46:09|gpt|web_search|12|QUESTION_SENT||3693|58b9c643-a092-4ec8-bc83-53ce5639c533
2026-04-05 21:46:16|gpt|web_search|11|QUESTION_SENT||3680|355ccda8-7b09-40ea-9137-4f47309684ac
2026-04-05 21:46:47|gpt|web_search|12|JSON_VERIFIED||3693|58b9c643-a092-4ec8-bc83-53ce5639c533
2026-04-05 21:46:47|gpt|web_search|12|QUESTION|5|3693|58b9c643-a092-4ec8-bc83-53ce5639c533
2026-04-05 21:46:47|gpt|web_search|12|JSON_SAVED||3693|58b9c643-a092-4ec8-bc83-53ce5639c533
2026-04-05 21:46:47|gpt|web_search|12|QUESTION_ADVANCE||3694|930dba26-f1b5-4871-99e5-7b81671d0802
2026-04-05 21:46:51|gpt|web_search|11|JSON_VERIFIED||3680|355ccda8-7b09-40ea-9137-4f47309684ac
2026-04-05 21:46:51|gpt|web_search|11|QUESTION|6|3680|355ccda8-7b09-40ea-9137-4f47309684ac
2026-04-05 21:46:51|gpt|web_search|11|JSON_SAVED||3680|355ccda8-7b09-40ea-9137-4f47309684ac
2026-04-05 21:46:51|gpt|web_search|11|QUESTION_ADVANCE||3681|363d0371-c441-4def-b634-542c2b5a53d3
2026-04-05 21:48:24|gpt|web_search|13|QUESTION_SENT||3822|b976bf5b-94d5-40c9-854e-60af95ebae27
2026-04-05 21:49:53|gpt|web_search|11|QUESTION_SENT||3681|363d0371-c441-4def-b634-542c2b5a53d3
2026-04-05 21:50:02|gpt|web_search|12|QUESTION_SENT||3694|930dba26-f1b5-4871-99e5-7b81671d0802
2026-04-05 21:50:28|gpt|web_search|11|JSON_VERIFIED||3681|363d0371-c441-4def-b634-542c2b5a53d3
2026-04-05 21:50:28|gpt|web_search|11|QUESTION|7|3681|363d0371-c441-4def-b634-542c2b5a53d3
2026-04-05 21:50:28|gpt|web_search|11|JSON_SAVED||3681|363d0371-c441-4def-b634-542c2b5a53d3
2026-04-05 21:50:28|gpt|web_search|11|QUESTION_ADVANCE||3682|0f338dfa-5f00-4534-8bf4-940b784dff81
2026-04-05 21:50:43|gpt|web_search|12|JSON_VERIFY_FAILED||3694|930dba26-f1b5-4871-99e5-7b81671d0802
2026-04-05 21:50:43|gpt|web_search|12|QUESTION|6|3694|930dba26-f1b5-4871-99e5-7b81671d0802
2026-04-05 21:50:53|gpt|web_search|12|QUESTION_SENT||3694|930dba26-f1b5-4871-99e5-7b81671d0802
2026-04-05 21:51:17|gpt|web_search|12|JSON_VERIFIED||3694|930dba26-f1b5-4871-99e5-7b81671d0802
2026-04-05 21:51:17|gpt|web_search|12|QUESTION|7|3694|930dba26-f1b5-4871-99e5-7b81671d0802
2026-04-05 21:51:17|gpt|web_search|12|JSON_SAVED||3694|930dba26-f1b5-4871-99e5-7b81671d0802
2026-04-05 21:51:17|gpt|web_search|12|QUESTION_ADVANCE||3695|72453c68-0011-436d-af19-fdc965ac8a05
2026-04-05 21:51:57|gpt|web_search|13|QUESTION_SENT||3822|b976bf5b-94d5-40c9-854e-60af95ebae27
2026-04-05 21:52:29|gpt|web_search|13|JSON_VERIFIED||3822|b976bf5b-94d5-40c9-854e-60af95ebae27
2026-04-05 21:52:29|gpt|web_search|13|QUESTION|7|3822|b976bf5b-94d5-40c9-854e-60af95ebae27
2026-04-05 21:52:29|gpt|web_search|13|JSON_SAVED||3822|b976bf5b-94d5-40c9-854e-60af95ebae27
2026-04-05 21:52:29|gpt|web_search|13|QUESTION_ADVANCE||3823|098a786a-e3fd-4203-906c-edf574e58c31
2026-04-05 21:53:30|gpt|web_search|11|QUESTION_SENT||3682|0f338dfa-5f00-4534-8bf4-940b784dff81
2026-04-05 21:54:04|gpt|web_search|11|JSON_VERIFIED||3682|0f338dfa-5f00-4534-8bf4-940b784dff81
2026-04-05 21:54:04|gpt|web_search|11|QUESTION|8|3682|0f338dfa-5f00-4534-8bf4-940b784dff81
2026-04-05 21:54:04|gpt|web_search|11|JSON_SAVED||3682|0f338dfa-5f00-4534-8bf4-940b784dff81
2026-04-05 21:54:04|gpt|web_search|11|QUESTION_ADVANCE||3683|8ba0047d-e577-45c6-89f8-e624f817f421
2026-04-05 21:54:46|gpt|web_search|12|QUESTION_SENT||3695|72453c68-0011-436d-af19-fdc965ac8a05
2026-04-05 21:55:21|gpt|web_search|12|JSON_VERIFY_FAILED||3695|72453c68-0011-436d-af19-fdc965ac8a05
2026-04-05 21:55:21|gpt|web_search|12|QUESTION|8|3695|72453c68-0011-436d-af19-fdc965ac8a05
2026-04-05 21:55:30|gpt|web_search|13|QUESTION_SENT||3823|098a786a-e3fd-4203-906c-edf574e58c31
2026-04-05 21:55:31|gpt|web_search|12|QUESTION_SENT||3695|72453c68-0011-436d-af19-fdc965ac8a05
2026-04-05 21:55:48|gpt|web_search|13|JSON_VERIFY_FAILED||3823|098a786a-e3fd-4203-906c-edf574e58c31
2026-04-05 21:55:48|gpt|web_search|13|QUESTION|8|3823|098a786a-e3fd-4203-906c-edf574e58c31
2026-04-05 21:55:58|gpt|web_search|12|JSON_VERIFIED||3695|72453c68-0011-436d-af19-fdc965ac8a05
2026-04-05 21:55:58|gpt|web_search|12|QUESTION|9|3695|72453c68-0011-436d-af19-fdc965ac8a05
2026-04-05 21:55:58|gpt|web_search|12|JSON_SAVED||3695|72453c68-0011-436d-af19-fdc965ac8a05
2026-04-05 21:55:58|gpt|web_search|12|QUESTION_ADVANCE||3696|86b4d38b-712f-4177-8a2a-4735a198acb9
2026-04-05 21:55:58|gpt|web_search|13|QUESTION_SENT||3823|098a786a-e3fd-4203-906c-edf574e58c31
2026-04-05 21:56:14|gpt|web_search|13|JSON_VERIFY_FAILED||3823|098a786a-e3fd-4203-906c-edf574e58c31
2026-04-05 21:56:14|gpt|web_search|13|QUESTION|9|3823|098a786a-e3fd-4203-906c-edf574e58c31
2026-04-05 21:56:40|gpt|web_search|13|QUESTION_SENT||3823|098a786a-e3fd-4203-906c-edf574e58c31
2026-04-05 21:57:07|gpt|web_search|11|QUESTION_SENT||3683|8ba0047d-e577-45c6-89f8-e624f817f421
2026-04-05 21:57:16|gpt|web_search|13|JSON_VERIFIED||3823|098a786a-e3fd-4203-906c-edf574e58c31
2026-04-05 21:57:16|gpt|web_search|13|QUESTION|10|3823|098a786a-e3fd-4203-906c-edf574e58c31
2026-04-05 21:57:16|gpt|web_search|13|JSON_SAVED||3823|098a786a-e3fd-4203-906c-edf574e58c31
2026-04-05 21:57:16|gpt|web_search|13|QUESTION_ADVANCE||3824|aa066773-525e-4e6f-bd30-c96a16da86d9
2026-04-05 21:57:37|gpt|web_search|11|JSON_VERIFY_FAILED||3683|8ba0047d-e577-45c6-89f8-e624f817f421
2026-04-05 21:57:37|gpt|web_search|11|QUESTION|9|3683|8ba0047d-e577-45c6-89f8-e624f817f421
2026-04-05 21:57:46|gpt|web_search|11|QUESTION_SENT||3683|8ba0047d-e577-45c6-89f8-e624f817f421
2026-04-05 21:58:06|gpt|web_search|11|JSON_VERIFIED||3683|8ba0047d-e577-45c6-89f8-e624f817f421
2026-04-05 21:58:06|gpt|web_search|11|QUESTION|10|3683|8ba0047d-e577-45c6-89f8-e624f817f421
2026-04-05 21:58:06|gpt|web_search|11|JSON_SAVED||3683|8ba0047d-e577-45c6-89f8-e624f817f421
2026-04-05 21:58:06|gpt|web_search|11|QUESTION_ADVANCE||3684|425024da-cc3d-4142-87d6-8543d9edbf03
2026-04-05 21:59:24|gpt|web_search|12|QUESTION_SENT||3696|86b4d38b-712f-4177-8a2a-4735a198acb9
2026-04-05 22:00:04|gpt|web_search|12|JSON_VERIFIED||3696|86b4d38b-712f-4177-8a2a-4735a198acb9
2026-04-05 22:00:04|gpt|web_search|12|QUESTION|10|3696|86b4d38b-712f-4177-8a2a-4735a198acb9
2026-04-05 22:00:04|gpt|web_search|12|JSON_SAVED||3696|86b4d38b-712f-4177-8a2a-4735a198acb9
2026-04-05 22:00:04|gpt|web_search|12|QUESTION_ADVANCE||3697|a21a98ba-f7a1-4cd1-b969-90e8b6e907a5
2026-04-05 22:00:13|gpt|web_search|13|QUESTION_SENT||3824|aa066773-525e-4e6f-bd30-c96a16da86d9
2026-04-05 22:00:50|gpt|web_search|13|JSON_VERIFIED||3824|aa066773-525e-4e6f-bd30-c96a16da86d9
2026-04-05 22:00:50|gpt|web_search|13|QUESTION|11|3824|aa066773-525e-4e6f-bd30-c96a16da86d9
2026-04-05 22:00:50|gpt|web_search|13|JSON_SAVED||3824|aa066773-525e-4e6f-bd30-c96a16da86d9
2026-04-05 22:00:50|gpt|web_search|13|QUESTION_ADVANCE||3825|9865336d-b391-4541-aecf-396b1ea6939f
2026-04-05 22:01:23|gpt|web_search|11|QUESTION_SENT||3684|425024da-cc3d-4142-87d6-8543d9edbf03
2026-04-05 22:01:57|gpt|web_search|11|JSON_VERIFIED||3684|425024da-cc3d-4142-87d6-8543d9edbf03
2026-04-05 22:01:57|gpt|web_search|11|QUESTION|11|3684|425024da-cc3d-4142-87d6-8543d9edbf03
2026-04-05 22:01:57|gpt|web_search|11|JSON_SAVED||3684|425024da-cc3d-4142-87d6-8543d9edbf03
2026-04-05 22:01:57|gpt|web_search|11|QUESTION_ADVANCE||3685|45cb9513-a5e5-4fb0-9a9b-ec86622a4294
2026-04-05 22:03:17|gpt|web_search|12|QUESTION_SENT||3697|a21a98ba-f7a1-4cd1-b969-90e8b6e907a5
2026-04-05 22:03:46|gpt|web_search|13|QUESTION_SENT||3825|9865336d-b391-4541-aecf-396b1ea6939f
2026-04-05 22:03:53|gpt|web_search|12|JSON_VERIFY_FAILED||3697|a21a98ba-f7a1-4cd1-b969-90e8b6e907a5
2026-04-05 22:03:53|gpt|web_search|12|QUESTION|11|3697|a21a98ba-f7a1-4cd1-b969-90e8b6e907a5
2026-04-05 22:04:02|gpt|web_search|12|QUESTION_SENT||3697|a21a98ba-f7a1-4cd1-b969-90e8b6e907a5
2026-04-05 22:04:20|gpt|web_search|13|JSON_VERIFIED||3825|9865336d-b391-4541-aecf-396b1ea6939f
2026-04-05 22:04:20|gpt|web_search|13|QUESTION|12|3825|9865336d-b391-4541-aecf-396b1ea6939f
2026-04-05 22:04:20|gpt|web_search|13|JSON_SAVED||3825|9865336d-b391-4541-aecf-396b1ea6939f
2026-04-05 22:04:20|gpt|web_search|13|QUESTION_ADVANCE||3826|083aa0de-61de-4849-82ee-acbe96438d27
2026-04-05 22:04:28|gpt|web_search|12|JSON_VERIFY_FAILED||3697|a21a98ba-f7a1-4cd1-b969-90e8b6e907a5
2026-04-05 22:04:28|gpt|web_search|12|QUESTION|12|3697|a21a98ba-f7a1-4cd1-b969-90e8b6e907a5
2026-04-05 22:05:00|gpt|web_search|11|QUESTION_SENT||3685|45cb9513-a5e5-4fb0-9a9b-ec86622a4294
2026-04-05 22:05:34|gpt|web_search|11|JSON_VERIFIED||3685|45cb9513-a5e5-4fb0-9a9b-ec86622a4294
2026-04-05 22:05:34|gpt|web_search|11|QUESTION|12|3685|45cb9513-a5e5-4fb0-9a9b-ec86622a4294
2026-04-05 22:05:34|gpt|web_search|11|JSON_SAVED||3685|45cb9513-a5e5-4fb0-9a9b-ec86622a4294
2026-04-05 22:05:34|gpt|web_search|11|QUESTION_ADVANCE||3686|ea598709-f62f-4bbb-a14a-a5ec42e1aa58
2026-04-05 22:06:56|gpt|web_search|12|QUESTION_SENT||3697|a21a98ba-f7a1-4cd1-b969-90e8b6e907a5
2026-04-05 22:07:28|gpt|web_search|12|JSON_VERIFY_FAILED||3697|a21a98ba-f7a1-4cd1-b969-90e8b6e907a5
2026-04-05 22:07:28|gpt|web_search|12|QUESTION|13|3697|a21a98ba-f7a1-4cd1-b969-90e8b6e907a5
2026-04-05 22:07:38|gpt|web_search|12|QUESTION_SENT||3697|a21a98ba-f7a1-4cd1-b969-90e8b6e907a5
2026-04-05 22:07:39|gpt|web_search|13|QUESTION_SENT||3826|083aa0de-61de-4849-82ee-acbe96438d27
2026-04-05 22:07:58|gpt|web_search|13|JSON_VERIFY_FAILED||3826|083aa0de-61de-4849-82ee-acbe96438d27
2026-04-05 22:07:58|gpt|web_search|13|QUESTION|13|3826|083aa0de-61de-4849-82ee-acbe96438d27
2026-04-05 22:08:05|gpt|web_search|12|JSON_VERIFIED||3697|a21a98ba-f7a1-4cd1-b969-90e8b6e907a5
2026-04-05 22:08:05|gpt|web_search|12|QUESTION|14|3697|a21a98ba-f7a1-4cd1-b969-90e8b6e907a5
2026-04-05 22:08:05|gpt|web_search|12|JSON_SAVED||3697|a21a98ba-f7a1-4cd1-b969-90e8b6e907a5
2026-04-05 22:08:05|gpt|web_search|12|QUESTION_ADVANCE||3698|96edd2e5-a9b3-4fcd-af07-a65b03e90fa5
2026-04-05 22:08:07|gpt|web_search|13|QUESTION_SENT||3826|083aa0de-61de-4849-82ee-acbe96438d27
2026-04-05 22:08:23|gpt|web_search|13|JSON_VERIFY_FAILED||3826|083aa0de-61de-4849-82ee-acbe96438d27
2026-04-05 22:08:23|gpt|web_search|13|QUESTION|14|3826|083aa0de-61de-4849-82ee-acbe96438d27
2026-04-05 22:08:37|gpt|web_search|11|QUESTION_SENT||3686|ea598709-f62f-4bbb-a14a-a5ec42e1aa58
2026-04-05 22:09:13|gpt|web_search|11|JSON_VERIFIED||3686|ea598709-f62f-4bbb-a14a-a5ec42e1aa58
2026-04-05 22:09:13|gpt|web_search|11|QUESTION|13|3686|ea598709-f62f-4bbb-a14a-a5ec42e1aa58
2026-04-05 22:09:13|gpt|web_search|11|JSON_SAVED||3686|ea598709-f62f-4bbb-a14a-a5ec42e1aa58
2026-04-05 22:09:13|gpt|web_search|11|QUESTION_ADVANCE||3687|5e2f4640-6070-41b0-84f8-58257e8aaf65
2026-04-05 22:10:51|gpt|web_search|13|QUESTION_SENT||3826|083aa0de-61de-4849-82ee-acbe96438d27
2026-04-05 22:11:19|gpt|web_search|13|JSON_VERIFY_FAILED||3826|083aa0de-61de-4849-82ee-acbe96438d27
2026-04-05 22:11:19|gpt|web_search|13|QUESTION|15|3826|083aa0de-61de-4849-82ee-acbe96438d27
2026-04-05 22:11:29|gpt|web_search|13|QUESTION_SENT||3826|083aa0de-61de-4849-82ee-acbe96438d27
2026-04-05 22:11:31|gpt|web_search|12|QUESTION_SENT||3698|96edd2e5-a9b3-4fcd-af07-a65b03e90fa5
2026-04-05 22:11:56|gpt|web_search|13|JSON_VERIFIED||3826|083aa0de-61de-4849-82ee-acbe96438d27
2026-04-05 22:11:56|gpt|web_search|13|QUESTION|16|3826|083aa0de-61de-4849-82ee-acbe96438d27
2026-04-05 22:11:56|gpt|web_search|13|JSON_SAVED||3826|083aa0de-61de-4849-82ee-acbe96438d27
2026-04-05 22:11:56|gpt|web_search|13|QUESTION_ADVANCE||3827|b2c8e07f-81f2-441d-bce2-f29d4ad7e69b
2026-04-05 22:12:04|gpt|web_search|12|JSON_VERIFY_FAILED||3698|96edd2e5-a9b3-4fcd-af07-a65b03e90fa5
2026-04-05 22:12:04|gpt|web_search|12|QUESTION|15|3698|96edd2e5-a9b3-4fcd-af07-a65b03e90fa5
2026-04-05 22:12:14|gpt|web_search|12|QUESTION_SENT||3698|96edd2e5-a9b3-4fcd-af07-a65b03e90fa5
2026-04-05 22:12:14|gpt|web_search|11|QUESTION_SENT||3687|5e2f4640-6070-41b0-84f8-58257e8aaf65
2026-04-05 22:12:39|gpt|web_search|12|JSON_VERIFIED||3698|96edd2e5-a9b3-4fcd-af07-a65b03e90fa5
2026-04-05 22:12:39|gpt|web_search|12|QUESTION|16|3698|96edd2e5-a9b3-4fcd-af07-a65b03e90fa5
2026-04-05 22:12:39|gpt|web_search|12|JSON_SAVED||3698|96edd2e5-a9b3-4fcd-af07-a65b03e90fa5
2026-04-05 22:12:39|gpt|web_search|12|QUESTION_ADVANCE||3699|4701dc2a-b556-4fcb-baca-5323cdc1fc49
2026-04-05 22:12:50|gpt|web_search|11|JSON_VERIFIED||3687|5e2f4640-6070-41b0-84f8-58257e8aaf65
2026-04-05 22:12:50|gpt|web_search|11|QUESTION|14|3687|5e2f4640-6070-41b0-84f8-58257e8aaf65
2026-04-05 22:12:50|gpt|web_search|11|JSON_SAVED||3687|5e2f4640-6070-41b0-84f8-58257e8aaf65
2026-04-05 22:12:50|gpt|web_search|11|QUESTION_ADVANCE||3688|29121b8e-c60b-4afb-aecd-fbe96920b781
2026-04-05 22:15:02|gpt|web_search|13|QUESTION_SENT||3827|b2c8e07f-81f2-441d-bce2-f29d4ad7e69b
2026-04-05 22:15:39|gpt|web_search|13|JSON_VERIFIED||3827|b2c8e07f-81f2-441d-bce2-f29d4ad7e69b
2026-04-05 22:15:39|gpt|web_search|13|QUESTION|17|3827|b2c8e07f-81f2-441d-bce2-f29d4ad7e69b
2026-04-05 22:15:39|gpt|web_search|13|JSON_SAVED||3827|b2c8e07f-81f2-441d-bce2-f29d4ad7e69b
2026-04-05 22:15:39|gpt|web_search|13|QUESTION_ADVANCE||3828|1d838b59-171b-49e7-a37f-6ff0c3980c76
2026-04-05 22:15:51|gpt|web_search|11|QUESTION_SENT||3688|29121b8e-c60b-4afb-aecd-fbe96920b781
2026-04-05 22:16:06|gpt|web_search|12|QUESTION_SENT||3699|4701dc2a-b556-4fcb-baca-5323cdc1fc49
2026-04-05 22:16:22|gpt|web_search|11|JSON_VERIFY_FAILED||3688|29121b8e-c60b-4afb-aecd-fbe96920b781
2026-04-05 22:16:22|gpt|web_search|11|QUESTION|15|3688|29121b8e-c60b-4afb-aecd-fbe96920b781
2026-04-05 22:16:32|gpt|web_search|11|QUESTION_SENT||3688|29121b8e-c60b-4afb-aecd-fbe96920b781
2026-04-05 22:16:56|gpt|web_search|11|JSON_VERIFIED||3688|29121b8e-c60b-4afb-aecd-fbe96920b781
2026-04-05 22:16:56|gpt|web_search|11|QUESTION|16|3688|29121b8e-c60b-4afb-aecd-fbe96920b781
2026-04-05 22:16:56|gpt|web_search|11|JSON_SAVED||3688|29121b8e-c60b-4afb-aecd-fbe96920b781
2026-04-05 22:16:56|gpt|web_search|11|QUESTION_ADVANCE||3689|db3efeb2-011a-432b-a218-3e8ab5c75bd1
2026-04-05 22:18:35|gpt|web_search|13|QUESTION_SENT||3828|1d838b59-171b-49e7-a37f-6ff0c3980c76
2026-04-05 22:19:11|gpt|web_search|13|JSON_VERIFIED||3828|1d838b59-171b-49e7-a37f-6ff0c3980c76
2026-04-05 22:19:11|gpt|web_search|13|QUESTION|18|3828|1d838b59-171b-49e7-a37f-6ff0c3980c76
2026-04-05 22:19:11|gpt|web_search|13|JSON_SAVED||3828|1d838b59-171b-49e7-a37f-6ff0c3980c76
2026-04-05 22:19:11|gpt|web_search|13|QUESTION_ADVANCE||3829|e7040bb8-2aa6-412c-a1f1-8a7531ffd8ff
2026-04-05 22:19:59|gpt|web_search|12|QUESTION_SENT||3699|4701dc2a-b556-4fcb-baca-5323cdc1fc49
2026-04-05 22:20:09|gpt|web_search|11|QUESTION_SENT||3689|db3efeb2-011a-432b-a218-3e8ab5c75bd1
2026-04-05 22:20:35|gpt|web_search|12|JSON_VERIFIED||3699|4701dc2a-b556-4fcb-baca-5323cdc1fc49
2026-04-05 22:20:35|gpt|web_search|12|QUESTION|17|3699|4701dc2a-b556-4fcb-baca-5323cdc1fc49
2026-04-05 22:20:35|gpt|web_search|12|JSON_SAVED||3699|4701dc2a-b556-4fcb-baca-5323cdc1fc49
2026-04-05 22:20:35|gpt|web_search|12|QUESTION_ADVANCE||3700|bf46bdd2-bf60-464f-a106-15ef5f97e971
2026-04-05 22:20:43|gpt|web_search|11|JSON_VERIFIED||3689|db3efeb2-011a-432b-a218-3e8ab5c75bd1
2026-04-05 22:20:43|gpt|web_search|11|QUESTION|17|3689|db3efeb2-011a-432b-a218-3e8ab5c75bd1
2026-04-05 22:20:43|gpt|web_search|11|JSON_SAVED||3689|db3efeb2-011a-432b-a218-3e8ab5c75bd1
2026-04-05 22:20:43|gpt|web_search|11|QUESTION_ADVANCE||3690|2205cc3b-50cd-4de0-864f-1853386b9aca
2026-04-05 22:21:44|gpt|web_search|11|STOP||3690|2205cc3b-50cd-4de0-864f-1853386b9aca
2026-04-05 22:22:08|gpt|web_search|13|QUESTION_SENT||3829|e7040bb8-2aa6-412c-a1f1-8a7531ffd8ff
2026-04-05 22:22:41|gpt|web_search|13|JSON_VERIFIED||3829|e7040bb8-2aa6-412c-a1f1-8a7531ffd8ff
2026-04-05 22:22:41|gpt|web_search|13|QUESTION|19|3829|e7040bb8-2aa6-412c-a1f1-8a7531ffd8ff
2026-04-05 22:22:41|gpt|web_search|13|JSON_SAVED||3829|e7040bb8-2aa6-412c-a1f1-8a7531ffd8ff
2026-04-05 22:22:41|gpt|web_search|13|QUESTION_ADVANCE||3830|d0fc6217-cd37-4dad-9b45-09652e874b35
2026-04-05 22:23:52|gpt|web_search|12|QUESTION_SENT||3700|bf46bdd2-bf60-464f-a106-15ef5f97e971
2026-04-05 22:24:29|gpt|web_search|12|JSON_VERIFIED||3700|bf46bdd2-bf60-464f-a106-15ef5f97e971
2026-04-05 22:24:29|gpt|web_search|12|QUESTION|18|3700|bf46bdd2-bf60-464f-a106-15ef5f97e971
2026-04-05 22:24:29|gpt|web_search|12|JSON_SAVED||3700|bf46bdd2-bf60-464f-a106-15ef5f97e971
2026-04-05 22:24:30|gpt|web_search|12|STOP||3701|
2026-04-05 22:25:41|gpt|web_search|13|QUESTION_SENT||3830|d0fc6217-cd37-4dad-9b45-09652e874b35
2026-04-05 22:26:18|gpt|web_search|13|JSON_VERIFIED||3830|d0fc6217-cd37-4dad-9b45-09652e874b35
2026-04-05 22:26:18|gpt|web_search|13|QUESTION|20|3830|d0fc6217-cd37-4dad-9b45-09652e874b35
2026-04-05 22:26:18|gpt|web_search|13|JSON_SAVED||3830|d0fc6217-cd37-4dad-9b45-09652e874b35
2026-04-05 22:26:18|gpt|web_search|13|QUESTION_ADVANCE||3831|05df2206-1d70-4c27-9e16-b14b183ba859
2026-04-05 22:29:14|gpt|web_search|13|QUESTION_SENT||3831|05df2206-1d70-4c27-9e16-b14b183ba859
2026-04-05 22:29:50|gpt|web_search|13|JSON_VERIFIED||3831|05df2206-1d70-4c27-9e16-b14b183ba859
2026-04-05 22:29:50|gpt|web_search|13|QUESTION|21|3831|05df2206-1d70-4c27-9e16-b14b183ba859
2026-04-05 22:29:50|gpt|web_search|13|JSON_SAVED||3831|05df2206-1d70-4c27-9e16-b14b183ba859
2026-04-05 22:29:50|gpt|web_search|13|QUESTION_ADVANCE||3832|5409b389-637b-4b54-9c2e-773a8c6622ae
2026-04-05 22:32:47|gpt|web_search|13|QUESTION_SENT||3832|5409b389-637b-4b54-9c2e-773a8c6622ae
2026-04-05 22:33:18|gpt|web_search|13|JSON_VERIFIED||3832|5409b389-637b-4b54-9c2e-773a8c6622ae
2026-04-05 22:33:18|gpt|web_search|13|QUESTION|22|3832|5409b389-637b-4b54-9c2e-773a8c6622ae
2026-04-05 22:33:18|gpt|web_search|13|JSON_SAVED||3832|5409b389-637b-4b54-9c2e-773a8c6622ae
2026-04-05 22:33:18|gpt|web_search|13|QUESTION_ADVANCE||3833|6f74b99e-de77-417e-a0ea-c5d14ce55dfe
2026-04-05 22:36:20|gpt|web_search|13|QUESTION_SENT||3833|6f74b99e-de77-417e-a0ea-c5d14ce55dfe
2026-04-05 22:36:50|gpt|web_search|13|JSON_VERIFY_FAILED||3833|6f74b99e-de77-417e-a0ea-c5d14ce55dfe
2026-04-05 22:36:50|gpt|web_search|13|QUESTION|23|3833|6f74b99e-de77-417e-a0ea-c5d14ce55dfe
2026-04-05 22:36:59|gpt|web_search|13|QUESTION_SENT||3833|6f74b99e-de77-417e-a0ea-c5d14ce55dfe
2026-04-05 22:37:24|gpt|web_search|13|JSON_VERIFIED||3833|6f74b99e-de77-417e-a0ea-c5d14ce55dfe
2026-04-05 22:37:24|gpt|web_search|13|QUESTION|24|3833|6f74b99e-de77-417e-a0ea-c5d14ce55dfe
2026-04-05 22:37:24|gpt|web_search|13|JSON_SAVED||3833|6f74b99e-de77-417e-a0ea-c5d14ce55dfe
2026-04-05 22:37:24|gpt|web_search|13|QUESTION_ADVANCE||3834|fab06801-fcaa-41f6-8ec2-7e8e353058b1
2026-04-05 22:40:32|gpt|web_search|13|QUESTION_SENT||3834|fab06801-fcaa-41f6-8ec2-7e8e353058b1
2026-04-05 22:41:08|gpt|web_search|13|JSON_VERIFIED||3834|fab06801-fcaa-41f6-8ec2-7e8e353058b1
2026-04-05 22:41:08|gpt|web_search|13|QUESTION|25|3834|fab06801-fcaa-41f6-8ec2-7e8e353058b1
2026-04-05 22:41:08|gpt|web_search|13|JSON_SAVED||3834|fab06801-fcaa-41f6-8ec2-7e8e353058b1
2026-04-05 22:41:08|gpt|web_search|13|QUESTION_ADVANCE||3835|c875ce11-7c42-4e8b-ac88-0f21404d49f2
2026-04-05 22:41:28|gpt|web_search|13|STOP||3835|c875ce11-7c42-4e8b-ac88-0f21404d49f2
