timestamp|site|scenario|bot_id|event_type|attempt_number|global_index|question_uid
2026-04-03 09:53:48|gpt|web_search|10|RESTART||2129|91b72541-1000-438d-a000-81b4985c04e6
2026-04-03 09:54:32|gpt|web_search|10|RESTART||2129|91b72541-1000-438d-a000-81b4985c04e6
2026-04-03 09:54:39|gpt|web_search|11|RESTART||2289|d0d29b8b-ac8b-47bc-8000-af3dcf6be7a1
2026-04-03 09:54:52|gpt|web_search|13|RESTART||2433|d26db6ba-d75b-48fe-8f4b-6357d3c3492e
2026-04-03 09:55:29|gpt|web_search|13|QUESTION_SENT||2433|d26db6ba-d75b-48fe-8f4b-6357d3c3492e
2026-04-03 09:55:30|gpt|web_search|10|QUESTION_SENT||2129|91b72541-1000-438d-a000-81b4985c04e6
2026-04-03 09:56:13|gpt|web_search|13|JSON_VERIFIED||2433|d26db6ba-d75b-48fe-8f4b-6357d3c3492e
2026-04-03 09:56:13|gpt|web_search|13|QUESTION|1|2433|d26db6ba-d75b-48fe-8f4b-6357d3c3492e
2026-04-03 09:56:13|gpt|web_search|13|JSON_SAVED||2433|d26db6ba-d75b-48fe-8f4b-6357d3c3492e
2026-04-03 09:56:13|gpt|web_search|13|QUESTION_ADVANCE||2434|6171b115-2672-40c2-98a3-61f6b841ee5c
2026-04-03 09:57:39|gpt|web_search|13|STOP||2434|6171b115-2672-40c2-98a3-61f6b841ee5c
2026-04-03 09:58:06|gpt|web_search|13|RESTART||2434|6171b115-2672-40c2-98a3-61f6b841ee5c
2026-04-03 09:58:36|gpt|web_search|13|QUESTION_SENT||2434|6171b115-2672-40c2-98a3-61f6b841ee5c
2026-04-03 09:59:05|gpt|web_search|10|QUESTION_SENT||2129|91b72541-1000-438d-a000-81b4985c04e6
2026-04-03 09:59:23|gpt|web_search|13|JSON_VERIFIED||2434|6171b115-2672-40c2-98a3-61f6b841ee5c
2026-04-03 09:59:23|gpt|web_search|13|QUESTION|1|2434|6171b115-2672-40c2-98a3-61f6b841ee5c
2026-04-03 09:59:23|gpt|web_search|13|JSON_SAVED||2434|6171b115-2672-40c2-98a3-61f6b841ee5c
2026-04-03 09:59:23|gpt|web_search|13|QUESTION_ADVANCE||2435|f43de883-dc3f-4c6b-a69a-588b81d20b7b
2026-04-03 09:59:49|gpt|web_search|10|JSON_VERIFIED||2129|91b72541-1000-438d-a000-81b4985c04e6
2026-04-03 09:59:49|gpt|web_search|10|QUESTION|1|2129|91b72541-1000-438d-a000-81b4985c04e6
2026-04-03 09:59:49|gpt|web_search|10|JSON_SAVED||2129|91b72541-1000-438d-a000-81b4985c04e6
2026-04-03 09:59:49|gpt|web_search|10|QUESTION_ADVANCE||2130|94e00ce4-02cd-4480-bb5f-60a64ad437ea
2026-04-03 10:02:09|gpt|web_search|13|QUESTION_SENT||2435|f43de883-dc3f-4c6b-a69a-588b81d20b7b
2026-04-03 10:02:39|gpt|web_search|10|QUESTION_SENT||2130|94e00ce4-02cd-4480-bb5f-60a64ad437ea
2026-04-03 10:02:55|gpt|web_search|13|JSON_VERIFIED||2435|f43de883-dc3f-4c6b-a69a-588b81d20b7b
2026-04-03 10:02:55|gpt|web_search|13|QUESTION|2|2435|f43de883-dc3f-4c6b-a69a-588b81d20b7b
2026-04-03 10:02:55|gpt|web_search|13|JSON_SAVED||2435|f43de883-dc3f-4c6b-a69a-588b81d20b7b
2026-04-03 10:02:55|gpt|web_search|13|QUESTION_ADVANCE||2436|c5b39513-2fb5-4fc3-9f33-98a6223f2bb1
2026-04-03 10:03:26|gpt|web_search|10|JSON_VERIFIED||2130|94e00ce4-02cd-4480-bb5f-60a64ad437ea
2026-04-03 10:03:26|gpt|web_search|10|QUESTION|2|2130|94e00ce4-02cd-4480-bb5f-60a64ad437ea
2026-04-03 10:03:26|gpt|web_search|10|JSON_SAVED||2130|94e00ce4-02cd-4480-bb5f-60a64ad437ea
2026-04-03 10:03:26|gpt|web_search|10|QUESTION_ADVANCE||2131|663ad310-8283-4484-852e-46a4dcc35e57
2026-04-03 10:05:42|gpt|web_search|13|QUESTION_SENT||2436|c5b39513-2fb5-4fc3-9f33-98a6223f2bb1
2026-04-03 10:06:15|gpt|web_search|10|QUESTION_SENT||2131|663ad310-8283-4484-852e-46a4dcc35e57
2026-04-03 10:06:29|gpt|web_search|13|JSON_VERIFIED||2436|c5b39513-2fb5-4fc3-9f33-98a6223f2bb1
2026-04-03 10:06:29|gpt|web_search|13|QUESTION|3|2436|c5b39513-2fb5-4fc3-9f33-98a6223f2bb1
2026-04-03 10:06:29|gpt|web_search|13|JSON_SAVED||2436|c5b39513-2fb5-4fc3-9f33-98a6223f2bb1
2026-04-03 10:06:29|gpt|web_search|13|QUESTION_ADVANCE||2437|5db7b539-621b-4057-b611-f572236e97ae
2026-04-03 10:07:04|gpt|web_search|10|JSON_VERIFIED||2131|663ad310-8283-4484-852e-46a4dcc35e57
2026-04-03 10:07:04|gpt|web_search|10|QUESTION|3|2131|663ad310-8283-4484-852e-46a4dcc35e57
2026-04-03 10:07:04|gpt|web_search|10|JSON_SAVED||2131|663ad310-8283-4484-852e-46a4dcc35e57
2026-04-03 10:07:04|gpt|web_search|10|QUESTION_ADVANCE||2132|04bd1ec1-31f6-410c-8dc6-3a90af415b8d
2026-04-03 10:09:16|gpt|web_search|13|QUESTION_SENT||2437|5db7b539-621b-4057-b611-f572236e97ae
2026-04-03 10:09:50|gpt|web_search|10|QUESTION_SENT||2132|04bd1ec1-31f6-410c-8dc6-3a90af415b8d
2026-04-03 10:10:03|gpt|web_search|13|JSON_VERIFIED||2437|5db7b539-621b-4057-b611-f572236e97ae
2026-04-03 10:10:03|gpt|web_search|13|QUESTION|4|2437|5db7b539-621b-4057-b611-f572236e97ae
2026-04-03 10:10:03|gpt|web_search|13|JSON_SAVED||2437|5db7b539-621b-4057-b611-f572236e97ae
2026-04-03 10:10:03|gpt|web_search|13|QUESTION_ADVANCE||2438|3d84eac9-4fe0-43a3-a609-a8290f63821b
2026-04-03 10:12:49|gpt|web_search|13|QUESTION_SENT||2438|3d84eac9-4fe0-43a3-a609-a8290f63821b
2026-04-03 10:13:24|gpt|web_search|10|QUESTION_SENT||2132|04bd1ec1-31f6-410c-8dc6-3a90af415b8d
2026-04-03 10:13:35|gpt|web_search|13|JSON_VERIFIED||2438|3d84eac9-4fe0-43a3-a609-a8290f63821b
2026-04-03 10:13:35|gpt|web_search|13|QUESTION|5|2438|3d84eac9-4fe0-43a3-a609-a8290f63821b
2026-04-03 10:13:35|gpt|web_search|13|JSON_SAVED||2438|3d84eac9-4fe0-43a3-a609-a8290f63821b
2026-04-03 10:13:35|gpt|web_search|13|QUESTION_ADVANCE||2439|bd7f4635-5d8b-429e-bd8b-dc47855d7fa8
2026-04-03 10:16:22|gpt|web_search|13|QUESTION_SENT||2439|bd7f4635-5d8b-429e-bd8b-dc47855d7fa8
2026-04-03 10:17:00|gpt|web_search|10|QUESTION_SENT||2132|04bd1ec1-31f6-410c-8dc6-3a90af415b8d
2026-04-03 10:17:08|gpt|web_search|13|JSON_VERIFIED||2439|bd7f4635-5d8b-429e-bd8b-dc47855d7fa8
2026-04-03 10:17:08|gpt|web_search|13|QUESTION|6|2439|bd7f4635-5d8b-429e-bd8b-dc47855d7fa8
2026-04-03 10:17:08|gpt|web_search|13|JSON_SAVED||2439|bd7f4635-5d8b-429e-bd8b-dc47855d7fa8
2026-04-03 10:17:08|gpt|web_search|13|QUESTION_ADVANCE||2440|5efcad05-01c1-4adc-b17f-81cdc803c68f
2026-04-03 10:19:55|gpt|web_search|13|QUESTION_SENT||2440|5efcad05-01c1-4adc-b17f-81cdc803c68f
2026-04-03 10:20:35|gpt|web_search|10|QUESTION_SENT||2132|04bd1ec1-31f6-410c-8dc6-3a90af415b8d
2026-04-03 10:20:39|gpt|web_search|13|JSON_VERIFIED||2440|5efcad05-01c1-4adc-b17f-81cdc803c68f
2026-04-03 10:20:39|gpt|web_search|13|QUESTION|7|2440|5efcad05-01c1-4adc-b17f-81cdc803c68f
2026-04-03 10:20:39|gpt|web_search|13|JSON_SAVED||2440|5efcad05-01c1-4adc-b17f-81cdc803c68f
2026-04-03 10:20:39|gpt|web_search|13|QUESTION_ADVANCE||2441|dbefb1d0-ea79-4201-a365-83eccf3accfc
2026-04-03 10:21:22|gpt|web_search|10|JSON_VERIFIED||2132|04bd1ec1-31f6-410c-8dc6-3a90af415b8d
2026-04-03 10:21:22|gpt|web_search|10|QUESTION|4|2132|04bd1ec1-31f6-410c-8dc6-3a90af415b8d
2026-04-03 10:21:22|gpt|web_search|10|JSON_SAVED||2132|04bd1ec1-31f6-410c-8dc6-3a90af415b8d
2026-04-03 10:21:22|gpt|web_search|10|QUESTION_ADVANCE||2133|92bbd16b-260a-4c40-833e-1b5d541adbaa
2026-04-03 10:23:28|gpt|web_search|13|QUESTION_SENT||2441|dbefb1d0-ea79-4201-a365-83eccf3accfc
2026-04-03 10:24:10|gpt|web_search|10|QUESTION_SENT||2133|92bbd16b-260a-4c40-833e-1b5d541adbaa
2026-04-03 10:24:15|gpt|web_search|13|JSON_VERIFIED||2441|dbefb1d0-ea79-4201-a365-83eccf3accfc
2026-04-03 10:24:15|gpt|web_search|13|QUESTION|8|2441|dbefb1d0-ea79-4201-a365-83eccf3accfc
2026-04-03 10:24:15|gpt|web_search|13|JSON_SAVED||2441|dbefb1d0-ea79-4201-a365-83eccf3accfc
2026-04-03 10:24:15|gpt|web_search|13|QUESTION_ADVANCE||2442|366349f2-90fb-47e5-bd5d-8f2e74f9946d
2026-04-03 10:24:57|gpt|web_search|10|JSON_VERIFIED||2133|92bbd16b-260a-4c40-833e-1b5d541adbaa
2026-04-03 10:24:57|gpt|web_search|10|QUESTION|5|2133|92bbd16b-260a-4c40-833e-1b5d541adbaa
2026-04-03 10:24:57|gpt|web_search|10|JSON_SAVED||2133|92bbd16b-260a-4c40-833e-1b5d541adbaa
2026-04-03 10:24:57|gpt|web_search|10|QUESTION_ADVANCE||2134|59bf4a68-cb37-48d7-aada-8c84424aae6c
2026-04-03 10:27:02|gpt|web_search|13|QUESTION_SENT||2442|366349f2-90fb-47e5-bd5d-8f2e74f9946d
2026-04-03 10:27:45|gpt|web_search|10|QUESTION_SENT||2134|59bf4a68-cb37-48d7-aada-8c84424aae6c
2026-04-03 10:27:46|gpt|web_search|13|JSON_VERIFIED||2442|366349f2-90fb-47e5-bd5d-8f2e74f9946d
2026-04-03 10:27:46|gpt|web_search|13|QUESTION|9|2442|366349f2-90fb-47e5-bd5d-8f2e74f9946d
2026-04-03 10:27:46|gpt|web_search|13|JSON_SAVED||2442|366349f2-90fb-47e5-bd5d-8f2e74f9946d
2026-04-03 10:27:46|gpt|web_search|13|QUESTION_ADVANCE||2443|5ecae1bf-ab3b-402c-91a2-2cf793e307e7
2026-04-03 10:28:33|gpt|web_search|10|JSON_VERIFIED||2134|59bf4a68-cb37-48d7-aada-8c84424aae6c
2026-04-03 10:28:33|gpt|web_search|10|QUESTION|6|2134|59bf4a68-cb37-48d7-aada-8c84424aae6c
2026-04-03 10:28:33|gpt|web_search|10|JSON_SAVED||2134|59bf4a68-cb37-48d7-aada-8c84424aae6c
2026-04-03 10:28:33|gpt|web_search|10|QUESTION_ADVANCE||2135|af399827-7b2a-4c02-a282-1e0565877d2c
2026-04-03 10:30:35|gpt|web_search|13|QUESTION_SENT||2443|5ecae1bf-ab3b-402c-91a2-2cf793e307e7
2026-04-03 10:31:20|gpt|web_search|10|QUESTION_SENT||2135|af399827-7b2a-4c02-a282-1e0565877d2c
2026-04-03 10:31:20|gpt|web_search|13|JSON_VERIFIED||2443|5ecae1bf-ab3b-402c-91a2-2cf793e307e7
2026-04-03 10:31:20|gpt|web_search|13|QUESTION|10|2443|5ecae1bf-ab3b-402c-91a2-2cf793e307e7
2026-04-03 10:31:20|gpt|web_search|13|JSON_SAVED||2443|5ecae1bf-ab3b-402c-91a2-2cf793e307e7
2026-04-03 10:31:20|gpt|web_search|13|QUESTION_ADVANCE||2444|85545448-28d4-4fee-a4be-0ae2b84b14a3
2026-04-03 10:32:04|gpt|web_search|10|JSON_VERIFIED||2135|af399827-7b2a-4c02-a282-1e0565877d2c
2026-04-03 10:32:04|gpt|web_search|10|QUESTION|7|2135|af399827-7b2a-4c02-a282-1e0565877d2c
2026-04-03 10:32:04|gpt|web_search|10|JSON_SAVED||2135|af399827-7b2a-4c02-a282-1e0565877d2c
2026-04-03 10:32:04|gpt|web_search|10|QUESTION_ADVANCE||2136|8e989d22-355a-4e2a-bef2-ee65d07bde5f
2026-04-03 10:34:08|gpt|web_search|13|QUESTION_SENT||2444|85545448-28d4-4fee-a4be-0ae2b84b14a3
2026-04-03 10:34:55|gpt|web_search|10|QUESTION_SENT||2136|8e989d22-355a-4e2a-bef2-ee65d07bde5f
2026-04-03 10:34:55|gpt|web_search|13|JSON_VERIFIED||2444|85545448-28d4-4fee-a4be-0ae2b84b14a3
2026-04-03 10:34:55|gpt|web_search|13|QUESTION|11|2444|85545448-28d4-4fee-a4be-0ae2b84b14a3
2026-04-03 10:34:55|gpt|web_search|13|JSON_SAVED||2444|85545448-28d4-4fee-a4be-0ae2b84b14a3
2026-04-03 10:34:55|gpt|web_search|13|QUESTION_ADVANCE||2445|a2e969fa-091e-4da1-8382-1903e4c2bee9
2026-04-03 10:35:38|gpt|web_search|10|JSON_VERIFIED||2136|8e989d22-355a-4e2a-bef2-ee65d07bde5f
2026-04-03 10:35:38|gpt|web_search|10|QUESTION|8|2136|8e989d22-355a-4e2a-bef2-ee65d07bde5f
2026-04-03 10:35:38|gpt|web_search|10|JSON_SAVED||2136|8e989d22-355a-4e2a-bef2-ee65d07bde5f
2026-04-03 10:35:38|gpt|web_search|10|QUESTION_ADVANCE||2137|0ae7b251-910a-4591-b8de-99540cd810b5
2026-04-03 10:37:41|gpt|web_search|13|QUESTION_SENT||2445|a2e969fa-091e-4da1-8382-1903e4c2bee9
2026-04-03 10:38:30|gpt|web_search|10|QUESTION_SENT||2137|0ae7b251-910a-4591-b8de-99540cd810b5
2026-04-03 10:39:17|gpt|web_search|10|JSON_VERIFIED||2137|0ae7b251-910a-4591-b8de-99540cd810b5
2026-04-03 10:39:17|gpt|web_search|10|QUESTION|9|2137|0ae7b251-910a-4591-b8de-99540cd810b5
2026-04-03 10:39:17|gpt|web_search|10|JSON_SAVED||2137|0ae7b251-910a-4591-b8de-99540cd810b5
2026-04-03 10:39:17|gpt|web_search|10|QUESTION_ADVANCE||2138|0749bca6-e621-4a97-b923-3cbc702be097
2026-04-03 10:41:15|gpt|web_search|13|QUESTION_SENT||2445|a2e969fa-091e-4da1-8382-1903e4c2bee9
2026-04-03 10:42:00|gpt|web_search|13|JSON_VERIFIED||2445|a2e969fa-091e-4da1-8382-1903e4c2bee9
2026-04-03 10:42:00|gpt|web_search|13|QUESTION|12|2445|a2e969fa-091e-4da1-8382-1903e4c2bee9
2026-04-03 10:42:00|gpt|web_search|13|JSON_SAVED||2445|a2e969fa-091e-4da1-8382-1903e4c2bee9
2026-04-03 10:42:00|gpt|web_search|13|QUESTION_ADVANCE||2446|239b9809-0bce-4e0c-8bc5-50d8a6b2cb41
2026-04-03 10:42:05|gpt|web_search|10|QUESTION_SENT||2138|0749bca6-e621-4a97-b923-3cbc702be097
2026-04-03 10:42:55|gpt|web_search|10|JSON_VERIFIED||2138|0749bca6-e621-4a97-b923-3cbc702be097
2026-04-03 10:42:55|gpt|web_search|10|QUESTION|10|2138|0749bca6-e621-4a97-b923-3cbc702be097
2026-04-03 10:42:55|gpt|web_search|10|JSON_SAVED||2138|0749bca6-e621-4a97-b923-3cbc702be097
2026-04-03 10:42:55|gpt|web_search|10|QUESTION_ADVANCE||2139|4e42a8d3-44ba-45fd-8363-ad3531fcf707
2026-04-03 10:44:47|gpt|web_search|13|QUESTION_SENT||2446|239b9809-0bce-4e0c-8bc5-50d8a6b2cb41
2026-04-03 10:45:32|gpt|web_search|13|JSON_VERIFIED||2446|239b9809-0bce-4e0c-8bc5-50d8a6b2cb41
2026-04-03 10:45:32|gpt|web_search|13|QUESTION|13|2446|239b9809-0bce-4e0c-8bc5-50d8a6b2cb41
2026-04-03 10:45:32|gpt|web_search|13|JSON_SAVED||2446|239b9809-0bce-4e0c-8bc5-50d8a6b2cb41
2026-04-03 10:45:32|gpt|web_search|13|QUESTION_ADVANCE||2447|5f78bc5e-db0a-440e-982f-712c3536ccb9
2026-04-03 10:45:41|gpt|web_search|10|QUESTION_SENT||2139|4e42a8d3-44ba-45fd-8363-ad3531fcf707
2026-04-03 10:46:28|gpt|web_search|10|JSON_VERIFIED||2139|4e42a8d3-44ba-45fd-8363-ad3531fcf707
2026-04-03 10:46:28|gpt|web_search|10|QUESTION|11|2139|4e42a8d3-44ba-45fd-8363-ad3531fcf707
2026-04-03 10:46:28|gpt|web_search|10|JSON_SAVED||2139|4e42a8d3-44ba-45fd-8363-ad3531fcf707
2026-04-03 10:46:28|gpt|web_search|10|QUESTION_ADVANCE||2140|692adb69-7e5d-43a9-b821-7b0b0f4ec698
2026-04-03 10:48:20|gpt|web_search|13|QUESTION_SENT||2447|5f78bc5e-db0a-440e-982f-712c3536ccb9
2026-04-03 10:49:06|gpt|web_search|13|JSON_VERIFIED||2447|5f78bc5e-db0a-440e-982f-712c3536ccb9
2026-04-03 10:49:06|gpt|web_search|13|QUESTION|14|2447|5f78bc5e-db0a-440e-982f-712c3536ccb9
2026-04-03 10:49:06|gpt|web_search|13|JSON_SAVED||2447|5f78bc5e-db0a-440e-982f-712c3536ccb9
2026-04-03 10:49:06|gpt|web_search|13|QUESTION_ADVANCE||2448|8c67a243-93fd-4d69-a6ed-a9dfb69727ec
2026-04-03 10:49:08|gpt|web_search|11|QUESTION_SENT||2289|d0d29b8b-ac8b-47bc-8000-af3dcf6be7a1
2026-04-03 10:49:16|gpt|web_search|10|QUESTION_SENT||2140|692adb69-7e5d-43a9-b821-7b0b0f4ec698
2026-04-03 10:49:55|gpt|web_search|11|JSON_VERIFIED||2289|d0d29b8b-ac8b-47bc-8000-af3dcf6be7a1
2026-04-03 10:49:55|gpt|web_search|11|QUESTION|1|2289|d0d29b8b-ac8b-47bc-8000-af3dcf6be7a1
2026-04-03 10:49:55|gpt|web_search|11|JSON_SAVED||2289|d0d29b8b-ac8b-47bc-8000-af3dcf6be7a1
2026-04-03 10:49:55|gpt|web_search|11|QUESTION_ADVANCE||2290|daad1a09-9aa7-4b59-9133-8af85d14bb7a
2026-04-03 10:50:09|gpt|web_search|10|JSON_VERIFIED||2140|692adb69-7e5d-43a9-b821-7b0b0f4ec698
2026-04-03 10:50:09|gpt|web_search|10|QUESTION|12|2140|692adb69-7e5d-43a9-b821-7b0b0f4ec698
2026-04-03 10:50:09|gpt|web_search|10|JSON_SAVED||2140|692adb69-7e5d-43a9-b821-7b0b0f4ec698
2026-04-03 10:50:09|gpt|web_search|10|QUESTION_ADVANCE||2141|be4f813e-64e4-4409-9c76-315faf3f8524
2026-04-03 10:51:53|gpt|web_search|13|QUESTION_SENT||2448|8c67a243-93fd-4d69-a6ed-a9dfb69727ec
2026-04-03 10:52:41|gpt|web_search|13|JSON_VERIFIED||2448|8c67a243-93fd-4d69-a6ed-a9dfb69727ec
2026-04-03 10:52:41|gpt|web_search|13|QUESTION|15|2448|8c67a243-93fd-4d69-a6ed-a9dfb69727ec
2026-04-03 10:52:41|gpt|web_search|13|JSON_SAVED||2448|8c67a243-93fd-4d69-a6ed-a9dfb69727ec
2026-04-03 10:52:41|gpt|web_search|13|QUESTION_ADVANCE||2449|a360be79-4cd9-4c94-ab68-0bad86806e97
2026-04-03 10:52:46|gpt|web_search|11|QUESTION_SENT||2290|daad1a09-9aa7-4b59-9133-8af85d14bb7a
2026-04-03 10:52:51|gpt|web_search|10|QUESTION_SENT||2141|be4f813e-64e4-4409-9c76-315faf3f8524
2026-04-03 10:53:34|gpt|web_search|11|JSON_VERIFIED||2290|daad1a09-9aa7-4b59-9133-8af85d14bb7a
2026-04-03 10:53:34|gpt|web_search|11|QUESTION|2|2290|daad1a09-9aa7-4b59-9133-8af85d14bb7a
2026-04-03 10:53:34|gpt|web_search|11|JSON_SAVED||2290|daad1a09-9aa7-4b59-9133-8af85d14bb7a
2026-04-03 10:53:34|gpt|web_search|11|QUESTION_ADVANCE||2291|4669e8ae-8a10-4c57-be52-689aa0d4d128
2026-04-03 10:53:37|gpt|web_search|10|JSON_VERIFIED||2141|be4f813e-64e4-4409-9c76-315faf3f8524
2026-04-03 10:53:37|gpt|web_search|10|QUESTION|13|2141|be4f813e-64e4-4409-9c76-315faf3f8524
2026-04-03 10:53:37|gpt|web_search|10|JSON_SAVED||2141|be4f813e-64e4-4409-9c76-315faf3f8524
2026-04-03 10:53:37|gpt|web_search|10|QUESTION_ADVANCE||2142|03a6a46b-39e7-4bb8-b399-5e1a868808c3
2026-04-03 10:55:27|gpt|web_search|13|QUESTION_SENT||2449|a360be79-4cd9-4c94-ab68-0bad86806e97
2026-04-03 10:56:14|gpt|web_search|13|JSON_VERIFIED||2449|a360be79-4cd9-4c94-ab68-0bad86806e97
2026-04-03 10:56:14|gpt|web_search|13|QUESTION|16|2449|a360be79-4cd9-4c94-ab68-0bad86806e97
2026-04-03 10:56:14|gpt|web_search|13|JSON_SAVED||2449|a360be79-4cd9-4c94-ab68-0bad86806e97
2026-04-03 10:56:14|gpt|web_search|13|QUESTION_ADVANCE||2450|955a39a8-9b10-42c0-abc3-50934352b3f8
2026-04-03 10:56:23|gpt|web_search|11|QUESTION_SENT||2291|4669e8ae-8a10-4c57-be52-689aa0d4d128
2026-04-03 10:56:26|gpt|web_search|10|QUESTION_SENT||2142|03a6a46b-39e7-4bb8-b399-5e1a868808c3
2026-04-03 10:57:07|gpt|web_search|10|JSON_VERIFIED||2142|03a6a46b-39e7-4bb8-b399-5e1a868808c3
2026-04-03 10:57:07|gpt|web_search|10|QUESTION|14|2142|03a6a46b-39e7-4bb8-b399-5e1a868808c3
2026-04-03 10:57:07|gpt|web_search|10|JSON_SAVED||2142|03a6a46b-39e7-4bb8-b399-5e1a868808c3
2026-04-03 10:57:07|gpt|web_search|10|QUESTION_ADVANCE||2143|acd03834-3889-4b3a-bddc-e2e0a63517e3
2026-04-03 10:57:09|gpt|web_search|11|JSON_VERIFIED||2291|4669e8ae-8a10-4c57-be52-689aa0d4d128
2026-04-03 10:57:09|gpt|web_search|11|QUESTION|3|2291|4669e8ae-8a10-4c57-be52-689aa0d4d128
2026-04-03 10:57:09|gpt|web_search|11|JSON_SAVED||2291|4669e8ae-8a10-4c57-be52-689aa0d4d128
2026-04-03 10:57:09|gpt|web_search|11|QUESTION_ADVANCE||2292|ada31cae-f6eb-431e-8e98-a5a4348499f7
2026-04-03 10:59:00|gpt|web_search|13|QUESTION_SENT||2450|955a39a8-9b10-42c0-abc3-50934352b3f8
2026-04-03 10:59:49|gpt|web_search|13|JSON_VERIFIED||2450|955a39a8-9b10-42c0-abc3-50934352b3f8
2026-04-03 10:59:49|gpt|web_search|13|QUESTION|17|2450|955a39a8-9b10-42c0-abc3-50934352b3f8
2026-04-03 10:59:49|gpt|web_search|13|JSON_SAVED||2450|955a39a8-9b10-42c0-abc3-50934352b3f8
2026-04-03 10:59:50|gpt|web_search|13|STOP||2451|
2026-04-03 11:00:00|gpt|web_search|11|QUESTION_SENT||2292|ada31cae-f6eb-431e-8e98-a5a4348499f7
2026-04-03 11:00:01|gpt|web_search|10|QUESTION_SENT||2143|acd03834-3889-4b3a-bddc-e2e0a63517e3
2026-04-03 11:00:54|gpt|web_search|10|JSON_VERIFIED||2143|acd03834-3889-4b3a-bddc-e2e0a63517e3
2026-04-03 11:00:54|gpt|web_search|10|QUESTION|15|2143|acd03834-3889-4b3a-bddc-e2e0a63517e3
2026-04-03 11:00:54|gpt|web_search|10|JSON_SAVED||2143|acd03834-3889-4b3a-bddc-e2e0a63517e3
2026-04-03 11:00:54|gpt|web_search|10|QUESTION_ADVANCE||2144|576e61e3-bb1e-49e9-ba2f-180841a21764
2026-04-03 11:03:36|gpt|web_search|10|QUESTION_SENT||2144|576e61e3-bb1e-49e9-ba2f-180841a21764
2026-04-03 11:03:37|gpt|web_search|11|QUESTION_SENT||2292|ada31cae-f6eb-431e-8e98-a5a4348499f7
2026-04-03 11:04:22|gpt|web_search|11|JSON_VERIFIED||2292|ada31cae-f6eb-431e-8e98-a5a4348499f7
2026-04-03 11:04:22|gpt|web_search|11|QUESTION|4|2292|ada31cae-f6eb-431e-8e98-a5a4348499f7
2026-04-03 11:04:22|gpt|web_search|11|JSON_SAVED||2292|ada31cae-f6eb-431e-8e98-a5a4348499f7
2026-04-03 11:04:22|gpt|web_search|11|QUESTION_ADVANCE||2293|55a74912-3a00-4b00-b0a8-4a7a923d8a7f
2026-04-03 11:07:11|gpt|web_search|10|QUESTION_SENT||2144|576e61e3-bb1e-49e9-ba2f-180841a21764
2026-04-03 11:07:14|gpt|web_search|11|QUESTION_SENT||2293|55a74912-3a00-4b00-b0a8-4a7a923d8a7f
2026-04-03 11:07:58|gpt|web_search|10|JSON_VERIFIED||2144|576e61e3-bb1e-49e9-ba2f-180841a21764
2026-04-03 11:07:58|gpt|web_search|10|QUESTION|16|2144|576e61e3-bb1e-49e9-ba2f-180841a21764
2026-04-03 11:07:58|gpt|web_search|10|JSON_SAVED||2144|576e61e3-bb1e-49e9-ba2f-180841a21764
2026-04-03 11:07:58|gpt|web_search|10|QUESTION_ADVANCE||2145|b984bc78-c8a1-4e9f-85b5-6492ca06ac5e
2026-04-03 11:08:04|gpt|web_search|11|JSON_VERIFIED||2293|55a74912-3a00-4b00-b0a8-4a7a923d8a7f
2026-04-03 11:08:04|gpt|web_search|11|QUESTION|5|2293|55a74912-3a00-4b00-b0a8-4a7a923d8a7f
2026-04-03 11:08:04|gpt|web_search|11|JSON_SAVED||2293|55a74912-3a00-4b00-b0a8-4a7a923d8a7f
2026-04-03 11:08:04|gpt|web_search|11|QUESTION_ADVANCE||2294|944be573-21c7-49de-b99f-037b444da105
2026-04-03 11:10:47|gpt|web_search|10|QUESTION_SENT||2145|b984bc78-c8a1-4e9f-85b5-6492ca06ac5e
2026-04-03 11:10:51|gpt|web_search|11|QUESTION_SENT||2294|944be573-21c7-49de-b99f-037b444da105
2026-04-03 11:11:35|gpt|web_search|10|JSON_VERIFIED||2145|b984bc78-c8a1-4e9f-85b5-6492ca06ac5e
2026-04-03 11:11:35|gpt|web_search|10|QUESTION|17|2145|b984bc78-c8a1-4e9f-85b5-6492ca06ac5e
2026-04-03 11:11:35|gpt|web_search|10|JSON_SAVED||2145|b984bc78-c8a1-4e9f-85b5-6492ca06ac5e
2026-04-03 11:11:35|gpt|web_search|10|QUESTION_ADVANCE||2146|9e046d55-b346-4a3b-8867-704afaf20848
2026-04-03 11:11:38|gpt|web_search|11|JSON_VERIFIED||2294|944be573-21c7-49de-b99f-037b444da105
2026-04-03 11:11:38|gpt|web_search|11|QUESTION|6|2294|944be573-21c7-49de-b99f-037b444da105
2026-04-03 11:11:38|gpt|web_search|11|JSON_SAVED||2294|944be573-21c7-49de-b99f-037b444da105
2026-04-03 11:11:38|gpt|web_search|11|QUESTION_ADVANCE||2295|63dc388d-3e41-47aa-8ebd-d828a256980f
2026-04-03 11:14:22|gpt|web_search|10|QUESTION_SENT||2146|9e046d55-b346-4a3b-8867-704afaf20848
2026-04-03 11:14:28|gpt|web_search|11|QUESTION_SENT||2295|63dc388d-3e41-47aa-8ebd-d828a256980f
2026-04-03 11:15:06|gpt|web_search|10|JSON_VERIFIED||2146|9e046d55-b346-4a3b-8867-704afaf20848
2026-04-03 11:15:06|gpt|web_search|10|QUESTION|18|2146|9e046d55-b346-4a3b-8867-704afaf20848
2026-04-03 11:15:06|gpt|web_search|10|JSON_SAVED||2146|9e046d55-b346-4a3b-8867-704afaf20848
2026-04-03 11:15:06|gpt|web_search|10|QUESTION_ADVANCE||2147|bdeea452-604e-4678-b3d0-5277fc04341f
2026-04-03 11:15:23|gpt|web_search|11|JSON_VERIFIED||2295|63dc388d-3e41-47aa-8ebd-d828a256980f
2026-04-03 11:15:23|gpt|web_search|11|QUESTION|7|2295|63dc388d-3e41-47aa-8ebd-d828a256980f
2026-04-03 11:15:23|gpt|web_search|11|JSON_SAVED||2295|63dc388d-3e41-47aa-8ebd-d828a256980f
2026-04-03 11:15:23|gpt|web_search|11|QUESTION_ADVANCE||2296|436b3cbd-c32c-438c-ad43-134c72ed422e
2026-04-03 11:17:57|gpt|web_search|10|QUESTION_SENT||2147|bdeea452-604e-4678-b3d0-5277fc04341f
2026-04-03 11:18:05|gpt|web_search|11|QUESTION_SENT||2296|436b3cbd-c32c-438c-ad43-134c72ed422e
2026-04-03 11:18:44|gpt|web_search|10|JSON_VERIFIED||2147|bdeea452-604e-4678-b3d0-5277fc04341f
2026-04-03 11:18:44|gpt|web_search|10|QUESTION|19|2147|bdeea452-604e-4678-b3d0-5277fc04341f
2026-04-03 11:18:44|gpt|web_search|10|JSON_SAVED||2147|bdeea452-604e-4678-b3d0-5277fc04341f
2026-04-03 11:18:44|gpt|web_search|10|QUESTION_ADVANCE||2148|ea8f555b-0bdd-4c2a-88c9-79545fb76276
2026-04-03 11:18:54|gpt|web_search|11|JSON_VERIFIED||2296|436b3cbd-c32c-438c-ad43-134c72ed422e
2026-04-03 11:18:54|gpt|web_search|11|QUESTION|8|2296|436b3cbd-c32c-438c-ad43-134c72ed422e
2026-04-03 11:18:54|gpt|web_search|11|JSON_SAVED||2296|436b3cbd-c32c-438c-ad43-134c72ed422e
2026-04-03 11:18:54|gpt|web_search|11|QUESTION_ADVANCE||2297|28495bec-1ead-4612-971b-fc6de8f3f4d7
2026-04-03 11:21:32|gpt|web_search|10|QUESTION_SENT||2148|ea8f555b-0bdd-4c2a-88c9-79545fb76276
2026-04-03 11:21:43|gpt|web_search|11|QUESTION_SENT||2297|28495bec-1ead-4612-971b-fc6de8f3f4d7
2026-04-03 11:22:18|gpt|web_search|10|JSON_VERIFIED||2148|ea8f555b-0bdd-4c2a-88c9-79545fb76276
2026-04-03 11:22:18|gpt|web_search|10|QUESTION|20|2148|ea8f555b-0bdd-4c2a-88c9-79545fb76276
2026-04-03 11:22:18|gpt|web_search|10|JSON_SAVED||2148|ea8f555b-0bdd-4c2a-88c9-79545fb76276
2026-04-03 11:22:18|gpt|web_search|10|QUESTION_ADVANCE||2149|3e70a112-0a49-4ebd-b9fe-e284e5786fd3
2026-04-03 11:22:32|gpt|web_search|11|JSON_VERIFIED||2297|28495bec-1ead-4612-971b-fc6de8f3f4d7
2026-04-03 11:22:32|gpt|web_search|11|QUESTION|9|2297|28495bec-1ead-4612-971b-fc6de8f3f4d7
2026-04-03 11:22:32|gpt|web_search|11|JSON_SAVED||2297|28495bec-1ead-4612-971b-fc6de8f3f4d7
2026-04-03 11:22:32|gpt|web_search|11|QUESTION_ADVANCE||2298|e8b0c3b1-464f-4e9c-a25f-8f7742f5b7e2
2026-04-03 11:25:08|gpt|web_search|10|QUESTION_SENT||2149|3e70a112-0a49-4ebd-b9fe-e284e5786fd3
2026-04-03 11:25:20|gpt|web_search|11|QUESTION_SENT||2298|e8b0c3b1-464f-4e9c-a25f-8f7742f5b7e2
2026-04-03 11:25:55|gpt|web_search|10|JSON_VERIFIED||2149|3e70a112-0a49-4ebd-b9fe-e284e5786fd3
2026-04-03 11:25:55|gpt|web_search|10|QUESTION|21|2149|3e70a112-0a49-4ebd-b9fe-e284e5786fd3
2026-04-03 11:25:55|gpt|web_search|10|JSON_SAVED||2149|3e70a112-0a49-4ebd-b9fe-e284e5786fd3
2026-04-03 11:25:55|gpt|web_search|10|QUESTION_ADVANCE||2150|07aeee95-2007-4efa-9ff4-d3273bdb72cd
2026-04-03 11:26:10|gpt|web_search|11|JSON_VERIFIED||2298|e8b0c3b1-464f-4e9c-a25f-8f7742f5b7e2
2026-04-03 11:26:10|gpt|web_search|11|QUESTION|10|2298|e8b0c3b1-464f-4e9c-a25f-8f7742f5b7e2
2026-04-03 11:26:10|gpt|web_search|11|JSON_SAVED||2298|e8b0c3b1-464f-4e9c-a25f-8f7742f5b7e2
2026-04-03 11:26:10|gpt|web_search|11|QUESTION_ADVANCE||2299|5216fa68-8ceb-4b06-a13c-b2eab9aaca06
2026-04-03 11:28:43|gpt|web_search|10|QUESTION_SENT||2150|07aeee95-2007-4efa-9ff4-d3273bdb72cd
2026-04-03 11:28:57|gpt|web_search|11|QUESTION_SENT||2299|5216fa68-8ceb-4b06-a13c-b2eab9aaca06
2026-04-03 11:29:29|gpt|web_search|10|JSON_VERIFIED||2150|07aeee95-2007-4efa-9ff4-d3273bdb72cd
2026-04-03 11:29:29|gpt|web_search|10|QUESTION|22|2150|07aeee95-2007-4efa-9ff4-d3273bdb72cd
2026-04-03 11:29:29|gpt|web_search|10|JSON_SAVED||2150|07aeee95-2007-4efa-9ff4-d3273bdb72cd
2026-04-03 11:29:30|gpt|web_search|10|STOP||2151|
2026-04-03 11:29:44|gpt|web_search|11|JSON_VERIFIED||2299|5216fa68-8ceb-4b06-a13c-b2eab9aaca06
2026-04-03 11:29:44|gpt|web_search|11|QUESTION|11|2299|5216fa68-8ceb-4b06-a13c-b2eab9aaca06
2026-04-03 11:29:44|gpt|web_search|11|JSON_SAVED||2299|5216fa68-8ceb-4b06-a13c-b2eab9aaca06
2026-04-03 11:29:44|gpt|web_search|11|QUESTION_ADVANCE||2300|949bae44-954a-4f0e-a28a-601abfcad595
2026-04-03 11:32:34|gpt|web_search|11|QUESTION_SENT||2300|949bae44-954a-4f0e-a28a-601abfcad595
2026-04-03 11:33:25|gpt|web_search|11|JSON_VERIFIED||2300|949bae44-954a-4f0e-a28a-601abfcad595
2026-04-03 11:33:25|gpt|web_search|11|QUESTION|12|2300|949bae44-954a-4f0e-a28a-601abfcad595
2026-04-03 11:33:25|gpt|web_search|11|JSON_SAVED||2300|949bae44-954a-4f0e-a28a-601abfcad595
2026-04-03 11:33:26|gpt|web_search|11|STOP||2301|
2026-04-03 11:50:51|gpt|web_search|10|RESTART||2451|c30815ef-914f-49e7-b658-5a7622107058
2026-04-03 11:51:01|gpt|web_search|11|RESTART||2601|3888fa94-45d4-42e6-b849-a456ad6cb1d2
2026-04-03 11:51:08|gpt|web_search|12|RESTART||2901|6d3d9955-e291-4d2c-841c-00b2e8eca937
2026-04-03 11:51:13|gpt|web_search|13|RESTART||2751|9d506131-6c2d-4336-8864-3cd7181f73fc
2026-04-03 11:52:20|gpt|web_search|13|QUESTION_SENT||2751|9d506131-6c2d-4336-8864-3cd7181f73fc
2026-04-03 11:52:21|gpt|web_search|10|QUESTION_SENT||2451|c30815ef-914f-49e7-b658-5a7622107058
2026-04-03 11:52:31|gpt|web_search|11|QUESTION_SENT||2601|3888fa94-45d4-42e6-b849-a456ad6cb1d2
2026-04-03 11:52:34|gpt|web_search|12|QUESTION_SENT||2901|6d3d9955-e291-4d2c-841c-00b2e8eca937
2026-04-03 11:53:09|gpt|web_search|13|JSON_VERIFIED||2751|9d506131-6c2d-4336-8864-3cd7181f73fc
2026-04-03 11:53:09|gpt|web_search|13|QUESTION|1|2751|9d506131-6c2d-4336-8864-3cd7181f73fc
2026-04-03 11:53:09|gpt|web_search|13|JSON_SAVED||2751|9d506131-6c2d-4336-8864-3cd7181f73fc
2026-04-03 11:53:09|gpt|web_search|13|QUESTION_ADVANCE||2752|9b0e7f7a-f11f-4c86-a16b-12033488f4e7
2026-04-03 11:53:10|gpt|web_search|10|JSON_VERIFIED||2451|c30815ef-914f-49e7-b658-5a7622107058
2026-04-03 11:53:10|gpt|web_search|10|QUESTION|1|2451|c30815ef-914f-49e7-b658-5a7622107058
2026-04-03 11:53:10|gpt|web_search|10|JSON_SAVED||2451|c30815ef-914f-49e7-b658-5a7622107058
2026-04-03 11:53:10|gpt|web_search|10|QUESTION_ADVANCE||2452|2de90d6f-2fdb-4a2b-9a92-259bd6eea3a0
2026-04-03 11:53:22|gpt|web_search|11|JSON_VERIFIED||2601|3888fa94-45d4-42e6-b849-a456ad6cb1d2
2026-04-03 11:53:22|gpt|web_search|11|QUESTION|1|2601|3888fa94-45d4-42e6-b849-a456ad6cb1d2
2026-04-03 11:53:22|gpt|web_search|11|JSON_SAVED||2601|3888fa94-45d4-42e6-b849-a456ad6cb1d2
2026-04-03 11:53:22|gpt|web_search|11|QUESTION_ADVANCE||2602|7c9cc369-e4e2-486c-816f-e3878191c3c8
2026-04-03 11:53:22|gpt|web_search|12|JSON_VERIFIED||2901|6d3d9955-e291-4d2c-841c-00b2e8eca937
2026-04-03 11:53:22|gpt|web_search|12|QUESTION|1|2901|6d3d9955-e291-4d2c-841c-00b2e8eca937
2026-04-03 11:53:22|gpt|web_search|12|JSON_SAVED||2901|6d3d9955-e291-4d2c-841c-00b2e8eca937
2026-04-03 11:53:22|gpt|web_search|12|QUESTION_ADVANCE||2902|19357ca3-daa0-48d2-b740-f61504bff5df
2026-04-03 11:55:53|gpt|web_search|13|QUESTION_SENT||2752|9b0e7f7a-f11f-4c86-a16b-12033488f4e7
2026-04-03 11:55:57|gpt|web_search|10|QUESTION_SENT||2452|2de90d6f-2fdb-4a2b-9a92-259bd6eea3a0
2026-04-03 11:56:07|gpt|web_search|11|QUESTION_SENT||2602|7c9cc369-e4e2-486c-816f-e3878191c3c8
2026-04-03 11:56:27|gpt|web_search|12|QUESTION_SENT||2902|19357ca3-daa0-48d2-b740-f61504bff5df
2026-04-03 11:56:40|gpt|web_search|13|JSON_VERIFIED||2752|9b0e7f7a-f11f-4c86-a16b-12033488f4e7
2026-04-03 11:56:40|gpt|web_search|13|QUESTION|2|2752|9b0e7f7a-f11f-4c86-a16b-12033488f4e7
2026-04-03 11:56:40|gpt|web_search|13|JSON_SAVED||2752|9b0e7f7a-f11f-4c86-a16b-12033488f4e7
2026-04-03 11:56:40|gpt|web_search|13|QUESTION_ADVANCE||2753|15b3ccb0-dc2a-4c44-ae1f-308c8e364c61
2026-04-03 11:56:46|gpt|web_search|10|JSON_VERIFIED||2452|2de90d6f-2fdb-4a2b-9a92-259bd6eea3a0
2026-04-03 11:56:46|gpt|web_search|10|QUESTION|2|2452|2de90d6f-2fdb-4a2b-9a92-259bd6eea3a0
2026-04-03 11:56:46|gpt|web_search|10|JSON_SAVED||2452|2de90d6f-2fdb-4a2b-9a92-259bd6eea3a0
2026-04-03 11:56:46|gpt|web_search|10|QUESTION_ADVANCE||2453|fff5fe84-f0c0-47dc-bde6-2a1719d76791
2026-04-03 11:56:59|gpt|web_search|11|JSON_VERIFIED||2602|7c9cc369-e4e2-486c-816f-e3878191c3c8
2026-04-03 11:56:59|gpt|web_search|11|QUESTION|2|2602|7c9cc369-e4e2-486c-816f-e3878191c3c8
2026-04-03 11:56:59|gpt|web_search|11|JSON_SAVED||2602|7c9cc369-e4e2-486c-816f-e3878191c3c8
2026-04-03 11:56:59|gpt|web_search|11|QUESTION_ADVANCE||2603|9cea94cc-0d3f-4ebc-aaaf-affcfd859cf4
2026-04-03 11:57:15|gpt|web_search|12|JSON_VERIFIED||2902|19357ca3-daa0-48d2-b740-f61504bff5df
2026-04-03 11:57:15|gpt|web_search|12|QUESTION|2|2902|19357ca3-daa0-48d2-b740-f61504bff5df
2026-04-03 11:57:15|gpt|web_search|12|JSON_SAVED||2902|19357ca3-daa0-48d2-b740-f61504bff5df
2026-04-03 11:57:15|gpt|web_search|12|QUESTION_ADVANCE||2903|1345b870-5fd3-4316-9ec8-91f5760d21b3
2026-04-03 11:59:26|gpt|web_search|13|QUESTION_SENT||2753|15b3ccb0-dc2a-4c44-ae1f-308c8e364c61
2026-04-03 11:59:32|gpt|web_search|10|QUESTION_SENT||2453|fff5fe84-f0c0-47dc-bde6-2a1719d76791
2026-04-03 11:59:45|gpt|web_search|11|QUESTION_SENT||2603|9cea94cc-0d3f-4ebc-aaaf-affcfd859cf4
2026-04-03 12:00:12|gpt|web_search|13|JSON_VERIFIED||2753|15b3ccb0-dc2a-4c44-ae1f-308c8e364c61
2026-04-03 12:00:12|gpt|web_search|13|QUESTION|3|2753|15b3ccb0-dc2a-4c44-ae1f-308c8e364c61
2026-04-03 12:00:12|gpt|web_search|13|JSON_SAVED||2753|15b3ccb0-dc2a-4c44-ae1f-308c8e364c61
2026-04-03 12:00:12|gpt|web_search|13|QUESTION_ADVANCE||2754|0d1d3406-98db-4cdf-acfa-49299224fa38
2026-04-03 12:00:20|gpt|web_search|12|QUESTION_SENT||2903|1345b870-5fd3-4316-9ec8-91f5760d21b3
2026-04-03 12:00:21|gpt|web_search|10|JSON_VERIFY_FAILED||2453|fff5fe84-f0c0-47dc-bde6-2a1719d76791
2026-04-03 12:00:21|gpt|web_search|10|QUESTION|3|2453|fff5fe84-f0c0-47dc-bde6-2a1719d76791
2026-04-03 12:00:30|gpt|web_search|10|QUESTION_SENT||2453|fff5fe84-f0c0-47dc-bde6-2a1719d76791
2026-04-03 12:00:35|gpt|web_search|11|JSON_VERIFIED||2603|9cea94cc-0d3f-4ebc-aaaf-affcfd859cf4
2026-04-03 12:00:35|gpt|web_search|11|QUESTION|3|2603|9cea94cc-0d3f-4ebc-aaaf-affcfd859cf4
2026-04-03 12:00:35|gpt|web_search|11|JSON_SAVED||2603|9cea94cc-0d3f-4ebc-aaaf-affcfd859cf4
2026-04-03 12:00:35|gpt|web_search|11|QUESTION_ADVANCE||2604|c93a7a17-665d-4b5c-86af-662847e5604b
2026-04-03 12:01:02|gpt|web_search|10|JSON_VERIFIED||2453|fff5fe84-f0c0-47dc-bde6-2a1719d76791
2026-04-03 12:01:02|gpt|web_search|10|QUESTION|4|2453|fff5fe84-f0c0-47dc-bde6-2a1719d76791
2026-04-03 12:01:02|gpt|web_search|10|JSON_SAVED||2453|fff5fe84-f0c0-47dc-bde6-2a1719d76791
2026-04-03 12:01:02|gpt|web_search|10|QUESTION_ADVANCE||2454|1eec57d3-4aa7-4c6b-82d8-a3d11d21693e
2026-04-03 12:01:07|gpt|web_search|12|JSON_VERIFIED||2903|1345b870-5fd3-4316-9ec8-91f5760d21b3
2026-04-03 12:01:07|gpt|web_search|12|QUESTION|3|2903|1345b870-5fd3-4316-9ec8-91f5760d21b3
2026-04-03 12:01:07|gpt|web_search|12|JSON_SAVED||2903|1345b870-5fd3-4316-9ec8-91f5760d21b3
2026-04-03 12:01:07|gpt|web_search|12|QUESTION_ADVANCE||2904|df7d98ee-5efb-41ee-bffc-947124802ce1
2026-04-03 12:02:59|gpt|web_search|13|QUESTION_SENT||2754|0d1d3406-98db-4cdf-acfa-49299224fa38
2026-04-03 12:03:22|gpt|web_search|11|QUESTION_SENT||2604|c93a7a17-665d-4b5c-86af-662847e5604b
2026-04-03 12:03:42|gpt|web_search|13|JSON_VERIFIED||2754|0d1d3406-98db-4cdf-acfa-49299224fa38
2026-04-03 12:03:42|gpt|web_search|13|QUESTION|4|2754|0d1d3406-98db-4cdf-acfa-49299224fa38
2026-04-03 12:03:42|gpt|web_search|13|JSON_SAVED||2754|0d1d3406-98db-4cdf-acfa-49299224fa38
2026-04-03 12:03:42|gpt|web_search|13|QUESTION_ADVANCE||2755|20f8e948-2dcc-4d2c-9247-5dfbef25d954
2026-04-03 12:04:10|gpt|web_search|11|JSON_VERIFIED||2604|c93a7a17-665d-4b5c-86af-662847e5604b
2026-04-03 12:04:10|gpt|web_search|11|QUESTION|4|2604|c93a7a17-665d-4b5c-86af-662847e5604b
2026-04-03 12:04:10|gpt|web_search|11|JSON_SAVED||2604|c93a7a17-665d-4b5c-86af-662847e5604b
2026-04-03 12:04:10|gpt|web_search|11|QUESTION_ADVANCE||2605|ad9c5182-c17f-4bb8-93c4-60bc7ce4d5e4
2026-04-03 12:04:13|gpt|web_search|12|QUESTION_SENT||2904|df7d98ee-5efb-41ee-bffc-947124802ce1
2026-04-03 12:04:59|gpt|web_search|12|JSON_VERIFIED||2904|df7d98ee-5efb-41ee-bffc-947124802ce1
2026-04-03 12:04:59|gpt|web_search|12|QUESTION|4|2904|df7d98ee-5efb-41ee-bffc-947124802ce1
2026-04-03 12:04:59|gpt|web_search|12|JSON_SAVED||2904|df7d98ee-5efb-41ee-bffc-947124802ce1
2026-04-03 12:04:59|gpt|web_search|12|QUESTION_ADVANCE||2905|7648009b-e4a4-47d6-a42a-28732f209230
2026-04-03 12:06:32|gpt|web_search|13|QUESTION_SENT||2755|20f8e948-2dcc-4d2c-9247-5dfbef25d954
2026-04-03 12:06:59|gpt|web_search|11|QUESTION_SENT||2605|ad9c5182-c17f-4bb8-93c4-60bc7ce4d5e4
2026-04-03 12:07:24|gpt|web_search|13|JSON_VERIFIED||2755|20f8e948-2dcc-4d2c-9247-5dfbef25d954
2026-04-03 12:07:24|gpt|web_search|13|QUESTION|5|2755|20f8e948-2dcc-4d2c-9247-5dfbef25d954
2026-04-03 12:07:24|gpt|web_search|13|JSON_SAVED||2755|20f8e948-2dcc-4d2c-9247-5dfbef25d954
2026-04-03 12:07:24|gpt|web_search|13|QUESTION_ADVANCE||2756|76e6ee1b-e357-47ea-baa8-963abd54c6eb
2026-04-03 12:07:53|gpt|web_search|11|JSON_VERIFIED||2605|ad9c5182-c17f-4bb8-93c4-60bc7ce4d5e4
2026-04-03 12:07:53|gpt|web_search|11|QUESTION|5|2605|ad9c5182-c17f-4bb8-93c4-60bc7ce4d5e4
2026-04-03 12:07:53|gpt|web_search|11|JSON_SAVED||2605|ad9c5182-c17f-4bb8-93c4-60bc7ce4d5e4
2026-04-03 12:07:53|gpt|web_search|11|QUESTION_ADVANCE||2606|94afbcd2-06c0-4294-bfb4-f84dd194d270
2026-04-03 12:08:06|gpt|web_search|12|QUESTION_SENT||2905|7648009b-e4a4-47d6-a42a-28732f209230
2026-04-03 12:08:56|gpt|web_search|12|JSON_VERIFIED||2905|7648009b-e4a4-47d6-a42a-28732f209230
2026-04-03 12:08:56|gpt|web_search|12|QUESTION|5|2905|7648009b-e4a4-47d6-a42a-28732f209230
2026-04-03 12:08:56|gpt|web_search|12|JSON_SAVED||2905|7648009b-e4a4-47d6-a42a-28732f209230
2026-04-03 12:08:56|gpt|web_search|12|QUESTION_ADVANCE||2906|de2a4774-6792-4681-9ba9-805630a3003b
2026-04-03 12:10:05|gpt|web_search|13|QUESTION_SENT||2756|76e6ee1b-e357-47ea-baa8-963abd54c6eb
2026-04-03 12:10:36|gpt|web_search|11|QUESTION_SENT||2606|94afbcd2-06c0-4294-bfb4-f84dd194d270
2026-04-03 12:10:51|gpt|web_search|13|JSON_VERIFIED||2756|76e6ee1b-e357-47ea-baa8-963abd54c6eb
2026-04-03 12:10:51|gpt|web_search|13|QUESTION|6|2756|76e6ee1b-e357-47ea-baa8-963abd54c6eb
2026-04-03 12:10:51|gpt|web_search|13|JSON_SAVED||2756|76e6ee1b-e357-47ea-baa8-963abd54c6eb
2026-04-03 12:10:51|gpt|web_search|13|QUESTION_ADVANCE||2757|ea43e590-107a-45b8-bade-92d26c8c567f
2026-04-03 12:11:23|gpt|web_search|11|JSON_VERIFIED||2606|94afbcd2-06c0-4294-bfb4-f84dd194d270
2026-04-03 12:11:23|gpt|web_search|11|QUESTION|6|2606|94afbcd2-06c0-4294-bfb4-f84dd194d270
2026-04-03 12:11:23|gpt|web_search|11|JSON_SAVED||2606|94afbcd2-06c0-4294-bfb4-f84dd194d270
2026-04-03 12:11:23|gpt|web_search|11|QUESTION_ADVANCE||2607|5bae35c8-8d39-4ee1-8eee-767cbe605e23
2026-04-03 12:11:59|gpt|web_search|12|QUESTION_SENT||2906|de2a4774-6792-4681-9ba9-805630a3003b
2026-04-03 12:12:49|gpt|web_search|12|JSON_VERIFIED||2906|de2a4774-6792-4681-9ba9-805630a3003b
2026-04-03 12:12:49|gpt|web_search|12|QUESTION|6|2906|de2a4774-6792-4681-9ba9-805630a3003b
2026-04-03 12:12:49|gpt|web_search|12|JSON_SAVED||2906|de2a4774-6792-4681-9ba9-805630a3003b
2026-04-03 12:12:49|gpt|web_search|12|QUESTION_ADVANCE||2907|7d148dff-a2ac-405d-8f07-8d7e1f94ae47
2026-04-03 12:13:39|gpt|web_search|13|QUESTION_SENT||2757|ea43e590-107a-45b8-bade-92d26c8c567f
2026-04-03 12:14:14|gpt|web_search|11|QUESTION_SENT||2607|5bae35c8-8d39-4ee1-8eee-767cbe605e23
2026-04-03 12:14:29|gpt|web_search|13|JSON_VERIFIED||2757|ea43e590-107a-45b8-bade-92d26c8c567f
2026-04-03 12:14:29|gpt|web_search|13|QUESTION|7|2757|ea43e590-107a-45b8-bade-92d26c8c567f
2026-04-03 12:14:29|gpt|web_search|13|JSON_SAVED||2757|ea43e590-107a-45b8-bade-92d26c8c567f
2026-04-03 12:14:29|gpt|web_search|13|QUESTION_ADVANCE||2758|ff47cddd-3617-4458-b15c-55c9ca8dbb21
2026-04-03 12:15:02|gpt|web_search|11|JSON_VERIFIED||2607|5bae35c8-8d39-4ee1-8eee-767cbe605e23
2026-04-03 12:15:02|gpt|web_search|11|QUESTION|7|2607|5bae35c8-8d39-4ee1-8eee-767cbe605e23
2026-04-03 12:15:02|gpt|web_search|11|JSON_SAVED||2607|5bae35c8-8d39-4ee1-8eee-767cbe605e23
2026-04-03 12:15:02|gpt|web_search|11|QUESTION_ADVANCE||2608|ff54172b-68bc-4a99-b0c9-e4c469369721
2026-04-03 12:15:53|gpt|web_search|12|QUESTION_SENT||2907|7d148dff-a2ac-405d-8f07-8d7e1f94ae47
2026-04-03 12:16:38|gpt|web_search|12|JSON_VERIFIED||2907|7d148dff-a2ac-405d-8f07-8d7e1f94ae47
2026-04-03 12:16:38|gpt|web_search|12|QUESTION|7|2907|7d148dff-a2ac-405d-8f07-8d7e1f94ae47
2026-04-03 12:16:38|gpt|web_search|12|JSON_SAVED||2907|7d148dff-a2ac-405d-8f07-8d7e1f94ae47
2026-04-03 12:16:38|gpt|web_search|12|QUESTION_ADVANCE||2908|0c9313b7-7762-4126-8a60-73e548a5bfd3
2026-04-03 12:17:12|gpt|web_search|13|QUESTION_SENT||2758|ff47cddd-3617-4458-b15c-55c9ca8dbb21
2026-04-03 12:17:51|gpt|web_search|11|QUESTION_SENT||2608|ff54172b-68bc-4a99-b0c9-e4c469369721
2026-04-03 12:17:56|gpt|web_search|13|JSON_VERIFIED||2758|ff47cddd-3617-4458-b15c-55c9ca8dbb21
2026-04-03 12:17:56|gpt|web_search|13|QUESTION|8|2758|ff47cddd-3617-4458-b15c-55c9ca8dbb21
2026-04-03 12:17:56|gpt|web_search|13|JSON_SAVED||2758|ff47cddd-3617-4458-b15c-55c9ca8dbb21
2026-04-03 12:17:56|gpt|web_search|13|QUESTION_ADVANCE||2759|8ade4074-7736-49d1-8c33-b7d05f8b0dd6
2026-04-03 12:18:38|gpt|web_search|11|JSON_VERIFIED||2608|ff54172b-68bc-4a99-b0c9-e4c469369721
2026-04-03 12:18:38|gpt|web_search|11|QUESTION|8|2608|ff54172b-68bc-4a99-b0c9-e4c469369721
2026-04-03 12:18:38|gpt|web_search|11|JSON_SAVED||2608|ff54172b-68bc-4a99-b0c9-e4c469369721
2026-04-03 12:18:38|gpt|web_search|11|QUESTION_ADVANCE||2609|d7d82da6-383a-4813-b674-6a8d9c520cb8
2026-04-03 12:19:46|gpt|web_search|12|QUESTION_SENT||2908|0c9313b7-7762-4126-8a60-73e548a5bfd3
2026-04-03 12:20:31|gpt|web_search|12|JSON_VERIFIED||2908|0c9313b7-7762-4126-8a60-73e548a5bfd3
2026-04-03 12:20:31|gpt|web_search|12|QUESTION|8|2908|0c9313b7-7762-4126-8a60-73e548a5bfd3
2026-04-03 12:20:31|gpt|web_search|12|JSON_SAVED||2908|0c9313b7-7762-4126-8a60-73e548a5bfd3
2026-04-03 12:20:31|gpt|web_search|12|QUESTION_ADVANCE||2909|9eac6322-89c5-4a03-b611-56182a8c4519
2026-04-03 12:20:45|gpt|web_search|13|QUESTION_SENT||2759|8ade4074-7736-49d1-8c33-b7d05f8b0dd6
2026-04-03 12:21:28|gpt|web_search|11|QUESTION_SENT||2609|d7d82da6-383a-4813-b674-6a8d9c520cb8
2026-04-03 12:21:42|gpt|web_search|13|JSON_VERIFIED||2759|8ade4074-7736-49d1-8c33-b7d05f8b0dd6
2026-04-03 12:21:42|gpt|web_search|13|QUESTION|9|2759|8ade4074-7736-49d1-8c33-b7d05f8b0dd6
2026-04-03 12:21:42|gpt|web_search|13|JSON_SAVED||2759|8ade4074-7736-49d1-8c33-b7d05f8b0dd6
2026-04-03 12:21:42|gpt|web_search|13|QUESTION_ADVANCE||2760|41305fca-08a4-49c1-88ca-b3a845404483
2026-04-03 12:22:19|gpt|web_search|11|JSON_VERIFIED||2609|d7d82da6-383a-4813-b674-6a8d9c520cb8
2026-04-03 12:22:19|gpt|web_search|11|QUESTION|9|2609|d7d82da6-383a-4813-b674-6a8d9c520cb8
2026-04-03 12:22:19|gpt|web_search|11|JSON_SAVED||2609|d7d82da6-383a-4813-b674-6a8d9c520cb8
2026-04-03 12:22:19|gpt|web_search|11|QUESTION_ADVANCE||2610|4e93abe1-214a-43c9-9f51-e083843ccb65
2026-04-03 12:23:39|gpt|web_search|12|QUESTION_SENT||2909|9eac6322-89c5-4a03-b611-56182a8c4519
2026-04-03 12:24:18|gpt|web_search|13|QUESTION_SENT||2760|41305fca-08a4-49c1-88ca-b3a845404483
2026-04-03 12:24:27|gpt|web_search|12|JSON_VERIFIED||2909|9eac6322-89c5-4a03-b611-56182a8c4519
2026-04-03 12:24:27|gpt|web_search|12|QUESTION|9|2909|9eac6322-89c5-4a03-b611-56182a8c4519
2026-04-03 12:24:27|gpt|web_search|12|JSON_SAVED||2909|9eac6322-89c5-4a03-b611-56182a8c4519
2026-04-03 12:24:27|gpt|web_search|12|QUESTION_ADVANCE||2910|25650f5a-5077-43cf-afe6-74b376340b57
2026-04-03 12:25:04|gpt|web_search|13|JSON_VERIFIED||2760|41305fca-08a4-49c1-88ca-b3a845404483
2026-04-03 12:25:04|gpt|web_search|13|QUESTION|10|2760|41305fca-08a4-49c1-88ca-b3a845404483
2026-04-03 12:25:04|gpt|web_search|13|JSON_SAVED||2760|41305fca-08a4-49c1-88ca-b3a845404483
2026-04-03 12:25:04|gpt|web_search|13|QUESTION_ADVANCE||2761|44da7098-c8aa-4b85-bd2e-b4b57f5f06ff
2026-04-03 12:25:05|gpt|web_search|11|QUESTION_SENT||2610|4e93abe1-214a-43c9-9f51-e083843ccb65
2026-04-03 12:25:52|gpt|web_search|11|JSON_VERIFIED||2610|4e93abe1-214a-43c9-9f51-e083843ccb65
2026-04-03 12:25:52|gpt|web_search|11|QUESTION|10|2610|4e93abe1-214a-43c9-9f51-e083843ccb65
2026-04-03 12:25:52|gpt|web_search|11|JSON_SAVED||2610|4e93abe1-214a-43c9-9f51-e083843ccb65
2026-04-03 12:25:52|gpt|web_search|11|QUESTION_ADVANCE||2611|af0a7651-dee3-4ebf-8c44-0b1add15ce97
2026-04-03 12:27:32|gpt|web_search|12|QUESTION_SENT||2910|25650f5a-5077-43cf-afe6-74b376340b57
2026-04-03 12:27:51|gpt|web_search|13|QUESTION_SENT||2761|44da7098-c8aa-4b85-bd2e-b4b57f5f06ff
2026-04-03 12:28:22|gpt|web_search|12|JSON_VERIFIED||2910|25650f5a-5077-43cf-afe6-74b376340b57
2026-04-03 12:28:22|gpt|web_search|12|QUESTION|10|2910|25650f5a-5077-43cf-afe6-74b376340b57
2026-04-03 12:28:22|gpt|web_search|12|JSON_SAVED||2910|25650f5a-5077-43cf-afe6-74b376340b57
2026-04-03 12:28:22|gpt|web_search|12|QUESTION_ADVANCE||2911|4f9bbef4-546c-4d4a-83a0-fa7a42efbda0
2026-04-03 12:28:38|gpt|web_search|13|JSON_VERIFIED||2761|44da7098-c8aa-4b85-bd2e-b4b57f5f06ff
2026-04-03 12:28:38|gpt|web_search|13|QUESTION|11|2761|44da7098-c8aa-4b85-bd2e-b4b57f5f06ff
2026-04-03 12:28:38|gpt|web_search|13|JSON_SAVED||2761|44da7098-c8aa-4b85-bd2e-b4b57f5f06ff
2026-04-03 12:28:38|gpt|web_search|13|QUESTION_ADVANCE||2762|7a6e9cbc-43b6-41c0-88f8-7b45d4898433
2026-04-03 12:28:42|gpt|web_search|11|QUESTION_SENT||2611|af0a7651-dee3-4ebf-8c44-0b1add15ce97
2026-04-03 12:29:26|gpt|web_search|11|JSON_VERIFIED||2611|af0a7651-dee3-4ebf-8c44-0b1add15ce97
2026-04-03 12:29:26|gpt|web_search|11|QUESTION|11|2611|af0a7651-dee3-4ebf-8c44-0b1add15ce97
2026-04-03 12:29:26|gpt|web_search|11|JSON_SAVED||2611|af0a7651-dee3-4ebf-8c44-0b1add15ce97
2026-04-03 12:29:26|gpt|web_search|11|QUESTION_ADVANCE||2612|fe1e5d71-9944-49e6-8e2e-4d1a3695b9fb
2026-04-03 12:31:25|gpt|web_search|13|QUESTION_SENT||2762|7a6e9cbc-43b6-41c0-88f8-7b45d4898433
2026-04-03 12:31:25|gpt|web_search|12|QUESTION_SENT||2911|4f9bbef4-546c-4d4a-83a0-fa7a42efbda0
2026-04-03 12:32:13|gpt|web_search|12|JSON_VERIFIED||2911|4f9bbef4-546c-4d4a-83a0-fa7a42efbda0
2026-04-03 12:32:13|gpt|web_search|12|QUESTION|11|2911|4f9bbef4-546c-4d4a-83a0-fa7a42efbda0
2026-04-03 12:32:13|gpt|web_search|12|JSON_SAVED||2911|4f9bbef4-546c-4d4a-83a0-fa7a42efbda0
2026-04-03 12:32:13|gpt|web_search|12|QUESTION_ADVANCE||2912|208ef8c5-33d6-4437-b631-b294d8109f29
2026-04-03 12:32:15|gpt|web_search|13|JSON_VERIFIED||2762|7a6e9cbc-43b6-41c0-88f8-7b45d4898433
2026-04-03 12:32:15|gpt|web_search|13|QUESTION|12|2762|7a6e9cbc-43b6-41c0-88f8-7b45d4898433
2026-04-03 12:32:15|gpt|web_search|13|JSON_SAVED||2762|7a6e9cbc-43b6-41c0-88f8-7b45d4898433
2026-04-03 12:32:15|gpt|web_search|13|QUESTION_ADVANCE||2763|83fc5aff-14b1-40ce-bc4b-fed517d50ae6
2026-04-03 12:32:19|gpt|web_search|11|QUESTION_SENT||2612|fe1e5d71-9944-49e6-8e2e-4d1a3695b9fb
2026-04-03 12:33:08|gpt|web_search|11|JSON_VERIFIED||2612|fe1e5d71-9944-49e6-8e2e-4d1a3695b9fb
2026-04-03 12:33:08|gpt|web_search|11|QUESTION|12|2612|fe1e5d71-9944-49e6-8e2e-4d1a3695b9fb
2026-04-03 12:33:08|gpt|web_search|11|JSON_SAVED||2612|fe1e5d71-9944-49e6-8e2e-4d1a3695b9fb
2026-04-03 12:33:08|gpt|web_search|11|QUESTION_ADVANCE||2613|30ec088e-fbef-415f-b071-573a5d8d10d3
2026-04-03 12:34:58|gpt|web_search|13|QUESTION_SENT||2763|83fc5aff-14b1-40ce-bc4b-fed517d50ae6
2026-04-03 12:35:18|gpt|web_search|12|QUESTION_SENT||2912|208ef8c5-33d6-4437-b631-b294d8109f29
2026-04-03 12:35:42|gpt|web_search|13|JSON_VERIFIED||2763|83fc5aff-14b1-40ce-bc4b-fed517d50ae6
2026-04-03 12:35:42|gpt|web_search|13|QUESTION|13|2763|83fc5aff-14b1-40ce-bc4b-fed517d50ae6
2026-04-03 12:35:42|gpt|web_search|13|JSON_SAVED||2763|83fc5aff-14b1-40ce-bc4b-fed517d50ae6
2026-04-03 12:35:42|gpt|web_search|13|QUESTION_ADVANCE||2764|6b211802-bd87-4454-9d73-d59ba9195c50
2026-04-03 12:35:56|gpt|web_search|11|QUESTION_SENT||2613|30ec088e-fbef-415f-b071-573a5d8d10d3
2026-04-03 12:36:05|gpt|web_search|12|JSON_VERIFIED||2912|208ef8c5-33d6-4437-b631-b294d8109f29
2026-04-03 12:36:05|gpt|web_search|12|QUESTION|12|2912|208ef8c5-33d6-4437-b631-b294d8109f29
2026-04-03 12:36:05|gpt|web_search|12|JSON_SAVED||2912|208ef8c5-33d6-4437-b631-b294d8109f29
2026-04-03 12:36:05|gpt|web_search|12|QUESTION_ADVANCE||2913|0587edc7-2af6-456b-b2fe-b07901cd1d6e
2026-04-03 12:36:46|gpt|web_search|11|JSON_VERIFIED||2613|30ec088e-fbef-415f-b071-573a5d8d10d3
2026-04-03 12:36:46|gpt|web_search|11|QUESTION|13|2613|30ec088e-fbef-415f-b071-573a5d8d10d3
2026-04-03 12:36:46|gpt|web_search|11|JSON_SAVED||2613|30ec088e-fbef-415f-b071-573a5d8d10d3
2026-04-03 12:36:46|gpt|web_search|11|QUESTION_ADVANCE||2614|56e7362e-68b3-40e9-aea8-2ab66fc779e5
2026-04-03 12:38:31|gpt|web_search|13|QUESTION_SENT||2764|6b211802-bd87-4454-9d73-d59ba9195c50
2026-04-03 12:39:11|gpt|web_search|12|QUESTION_SENT||2913|0587edc7-2af6-456b-b2fe-b07901cd1d6e
2026-04-03 12:39:21|gpt|web_search|13|JSON_VERIFIED||2764|6b211802-bd87-4454-9d73-d59ba9195c50
2026-04-03 12:39:21|gpt|web_search|13|QUESTION|14|2764|6b211802-bd87-4454-9d73-d59ba9195c50
2026-04-03 12:39:21|gpt|web_search|13|JSON_SAVED||2764|6b211802-bd87-4454-9d73-d59ba9195c50
2026-04-03 12:39:21|gpt|web_search|13|QUESTION_ADVANCE||2765|ab9da96b-7417-449d-a172-cac14285167a
2026-04-03 12:39:33|gpt|web_search|11|QUESTION_SENT||2614|56e7362e-68b3-40e9-aea8-2ab66fc779e5
2026-04-03 12:40:00|gpt|web_search|12|JSON_VERIFIED||2913|0587edc7-2af6-456b-b2fe-b07901cd1d6e
2026-04-03 12:40:00|gpt|web_search|12|QUESTION|13|2913|0587edc7-2af6-456b-b2fe-b07901cd1d6e
2026-04-03 12:40:00|gpt|web_search|12|JSON_SAVED||2913|0587edc7-2af6-456b-b2fe-b07901cd1d6e
2026-04-03 12:40:00|gpt|web_search|12|QUESTION_ADVANCE||2914|54cf3e40-418d-4f17-a49c-7d4c546b0f42
2026-04-03 12:40:20|gpt|web_search|11|JSON_VERIFIED||2614|56e7362e-68b3-40e9-aea8-2ab66fc779e5
2026-04-03 12:40:20|gpt|web_search|11|QUESTION|14|2614|56e7362e-68b3-40e9-aea8-2ab66fc779e5
2026-04-03 12:40:20|gpt|web_search|11|JSON_SAVED||2614|56e7362e-68b3-40e9-aea8-2ab66fc779e5
2026-04-03 12:40:20|gpt|web_search|11|QUESTION_ADVANCE||2615|aef7a0a5-4ffc-40f0-970d-6666830b99b1
2026-04-03 12:42:04|gpt|web_search|13|QUESTION_SENT||2765|ab9da96b-7417-449d-a172-cac14285167a
2026-04-03 12:43:05|gpt|web_search|12|QUESTION_SENT||2914|54cf3e40-418d-4f17-a49c-7d4c546b0f42
2026-04-03 12:43:11|gpt|web_search|11|QUESTION_SENT||2615|aef7a0a5-4ffc-40f0-970d-6666830b99b1
2026-04-03 12:43:54|gpt|web_search|12|JSON_VERIFIED||2914|54cf3e40-418d-4f17-a49c-7d4c546b0f42
2026-04-03 12:43:54|gpt|web_search|12|QUESTION|14|2914|54cf3e40-418d-4f17-a49c-7d4c546b0f42
2026-04-03 12:43:54|gpt|web_search|12|JSON_SAVED||2914|54cf3e40-418d-4f17-a49c-7d4c546b0f42
2026-04-03 12:43:55|gpt|web_search|12|QUESTION_ADVANCE||2915|3d29cfe3-9232-4e2d-bf1f-9842095c5c68
2026-04-03 12:43:59|gpt|web_search|11|JSON_VERIFIED||2615|aef7a0a5-4ffc-40f0-970d-6666830b99b1
2026-04-03 12:43:59|gpt|web_search|11|QUESTION|15|2615|aef7a0a5-4ffc-40f0-970d-6666830b99b1
2026-04-03 12:43:59|gpt|web_search|11|JSON_SAVED||2615|aef7a0a5-4ffc-40f0-970d-6666830b99b1
2026-04-03 12:43:59|gpt|web_search|11|QUESTION_ADVANCE||2616|dd21dfc8-198b-43ff-856f-833d4c6a162e
2026-04-03 12:45:37|gpt|web_search|13|QUESTION_SENT||2765|ab9da96b-7417-449d-a172-cac14285167a
2026-04-03 12:46:23|gpt|web_search|13|JSON_VERIFIED||2765|ab9da96b-7417-449d-a172-cac14285167a
2026-04-03 12:46:23|gpt|web_search|13|QUESTION|15|2765|ab9da96b-7417-449d-a172-cac14285167a
2026-04-03 12:46:23|gpt|web_search|13|JSON_SAVED||2765|ab9da96b-7417-449d-a172-cac14285167a
2026-04-03 12:46:23|gpt|web_search|13|QUESTION_ADVANCE||2766|42822268-7c44-4c98-bcac-f6aace07030a
2026-04-03 12:46:48|gpt|web_search|11|QUESTION_SENT||2616|dd21dfc8-198b-43ff-856f-833d4c6a162e
2026-04-03 12:46:58|gpt|web_search|12|QUESTION_SENT||2915|3d29cfe3-9232-4e2d-bf1f-9842095c5c68
2026-04-03 12:47:41|gpt|web_search|11|JSON_VERIFIED||2616|dd21dfc8-198b-43ff-856f-833d4c6a162e
2026-04-03 12:47:41|gpt|web_search|11|QUESTION|16|2616|dd21dfc8-198b-43ff-856f-833d4c6a162e
2026-04-03 12:47:41|gpt|web_search|11|JSON_SAVED||2616|dd21dfc8-198b-43ff-856f-833d4c6a162e
2026-04-03 12:47:41|gpt|web_search|11|QUESTION_ADVANCE||2617|2c887629-37a9-4f92-9bf4-c0ce8fc4f990
2026-04-03 12:47:43|gpt|web_search|12|JSON_VERIFIED||2915|3d29cfe3-9232-4e2d-bf1f-9842095c5c68
2026-04-03 12:47:43|gpt|web_search|12|QUESTION|15|2915|3d29cfe3-9232-4e2d-bf1f-9842095c5c68
2026-04-03 12:47:43|gpt|web_search|12|JSON_SAVED||2915|3d29cfe3-9232-4e2d-bf1f-9842095c5c68
2026-04-03 12:47:43|gpt|web_search|12|QUESTION_ADVANCE||2916|970d8b24-8701-4c31-b5ff-b63e7ea6634b
2026-04-03 12:49:11|gpt|web_search|13|QUESTION_SENT||2766|42822268-7c44-4c98-bcac-f6aace07030a
2026-04-03 12:50:02|gpt|web_search|13|JSON_VERIFIED||2766|42822268-7c44-4c98-bcac-f6aace07030a
2026-04-03 12:50:02|gpt|web_search|13|QUESTION|16|2766|42822268-7c44-4c98-bcac-f6aace07030a
2026-04-03 12:50:02|gpt|web_search|13|JSON_SAVED||2766|42822268-7c44-4c98-bcac-f6aace07030a
2026-04-03 12:50:02|gpt|web_search|13|QUESTION_ADVANCE||2767|9c95097a-7645-4d16-8888-e7d3c8ae4f13
2026-04-03 12:50:25|gpt|web_search|11|QUESTION_SENT||2617|2c887629-37a9-4f92-9bf4-c0ce8fc4f990
2026-04-03 12:50:51|gpt|web_search|12|QUESTION_SENT||2916|970d8b24-8701-4c31-b5ff-b63e7ea6634b
2026-04-03 12:51:13|gpt|web_search|11|JSON_VERIFIED||2617|2c887629-37a9-4f92-9bf4-c0ce8fc4f990
2026-04-03 12:51:13|gpt|web_search|11|QUESTION|17|2617|2c887629-37a9-4f92-9bf4-c0ce8fc4f990
2026-04-03 12:51:13|gpt|web_search|11|JSON_SAVED||2617|2c887629-37a9-4f92-9bf4-c0ce8fc4f990
2026-04-03 12:51:13|gpt|web_search|11|QUESTION_ADVANCE||2618|3a3103b5-9367-480b-9323-577da031eec1
2026-04-03 12:51:44|gpt|web_search|12|JSON_VERIFIED||2916|970d8b24-8701-4c31-b5ff-b63e7ea6634b
2026-04-03 12:51:44|gpt|web_search|12|QUESTION|16|2916|970d8b24-8701-4c31-b5ff-b63e7ea6634b
2026-04-03 12:51:44|gpt|web_search|12|JSON_SAVED||2916|970d8b24-8701-4c31-b5ff-b63e7ea6634b
2026-04-03 12:51:44|gpt|web_search|12|QUESTION_ADVANCE||2917|27d6c7d2-ed77-4a8b-856a-712ea52b85ee
2026-04-03 12:52:44|gpt|web_search|13|QUESTION_SENT||2767|9c95097a-7645-4d16-8888-e7d3c8ae4f13
2026-04-03 12:53:36|gpt|web_search|13|JSON_VERIFIED||2767|9c95097a-7645-4d16-8888-e7d3c8ae4f13
2026-04-03 12:53:36|gpt|web_search|13|QUESTION|17|2767|9c95097a-7645-4d16-8888-e7d3c8ae4f13
2026-04-03 12:53:36|gpt|web_search|13|JSON_SAVED||2767|9c95097a-7645-4d16-8888-e7d3c8ae4f13
2026-04-03 12:53:36|gpt|web_search|13|QUESTION_ADVANCE||2768|3df4566e-224d-455c-ae6a-3c24b0cc4e98
2026-04-03 12:54:02|gpt|web_search|11|QUESTION_SENT||2618|3a3103b5-9367-480b-9323-577da031eec1
2026-04-03 12:54:44|gpt|web_search|12|QUESTION_SENT||2917|27d6c7d2-ed77-4a8b-856a-712ea52b85ee
2026-04-03 12:54:49|gpt|web_search|11|JSON_VERIFIED||2618|3a3103b5-9367-480b-9323-577da031eec1
2026-04-03 12:54:49|gpt|web_search|11|QUESTION|18|2618|3a3103b5-9367-480b-9323-577da031eec1
2026-04-03 12:54:49|gpt|web_search|11|JSON_SAVED||2618|3a3103b5-9367-480b-9323-577da031eec1
2026-04-03 12:54:49|gpt|web_search|11|QUESTION_ADVANCE||2619|6ff38b97-bb94-4349-8d26-5dc20c1680f1
2026-04-03 12:55:32|gpt|web_search|12|JSON_VERIFIED||2917|27d6c7d2-ed77-4a8b-856a-712ea52b85ee
2026-04-03 12:55:32|gpt|web_search|12|QUESTION|17|2917|27d6c7d2-ed77-4a8b-856a-712ea52b85ee
2026-04-03 12:55:32|gpt|web_search|12|JSON_SAVED||2917|27d6c7d2-ed77-4a8b-856a-712ea52b85ee
2026-04-03 12:55:32|gpt|web_search|12|QUESTION_ADVANCE||2918|f8be60e2-7f8a-4090-9a38-265bd498f71d
2026-04-03 12:56:17|gpt|web_search|13|QUESTION_SENT||2768|3df4566e-224d-455c-ae6a-3c24b0cc4e98
2026-04-03 12:57:02|gpt|web_search|13|JSON_VERIFIED||2768|3df4566e-224d-455c-ae6a-3c24b0cc4e98
2026-04-03 12:57:02|gpt|web_search|13|QUESTION|18|2768|3df4566e-224d-455c-ae6a-3c24b0cc4e98
2026-04-03 12:57:02|gpt|web_search|13|JSON_SAVED||2768|3df4566e-224d-455c-ae6a-3c24b0cc4e98
2026-04-03 12:57:02|gpt|web_search|13|QUESTION_ADVANCE||2769|d2592730-b015-4293-86db-e39540bf4c53
2026-04-03 12:57:39|gpt|web_search|11|QUESTION_SENT||2619|6ff38b97-bb94-4349-8d26-5dc20c1680f1
2026-04-03 12:58:29|gpt|web_search|11|JSON_VERIFIED||2619|6ff38b97-bb94-4349-8d26-5dc20c1680f1
2026-04-03 12:58:29|gpt|web_search|11|QUESTION|19|2619|6ff38b97-bb94-4349-8d26-5dc20c1680f1
2026-04-03 12:58:29|gpt|web_search|11|JSON_SAVED||2619|6ff38b97-bb94-4349-8d26-5dc20c1680f1
2026-04-03 12:58:29|gpt|web_search|11|QUESTION_ADVANCE||2620|60840cb9-8261-4690-a4a2-78c53dbecdb1
2026-04-03 12:58:37|gpt|web_search|12|QUESTION_SENT||2918|f8be60e2-7f8a-4090-9a38-265bd498f71d
2026-04-03 12:59:26|gpt|web_search|12|JSON_VERIFIED||2918|f8be60e2-7f8a-4090-9a38-265bd498f71d
2026-04-03 12:59:26|gpt|web_search|12|QUESTION|18|2918|f8be60e2-7f8a-4090-9a38-265bd498f71d
2026-04-03 12:59:26|gpt|web_search|12|JSON_SAVED||2918|f8be60e2-7f8a-4090-9a38-265bd498f71d
2026-04-03 12:59:26|gpt|web_search|12|QUESTION_ADVANCE||2919|19e6ba09-347e-4570-a3ba-7422699616c8
2026-04-03 12:59:50|gpt|web_search|13|QUESTION_SENT||2769|d2592730-b015-4293-86db-e39540bf4c53
2026-04-03 13:00:35|gpt|web_search|13|JSON_VERIFIED||2769|d2592730-b015-4293-86db-e39540bf4c53
2026-04-03 13:00:35|gpt|web_search|13|QUESTION|19|2769|d2592730-b015-4293-86db-e39540bf4c53
2026-04-03 13:00:35|gpt|web_search|13|JSON_SAVED||2769|d2592730-b015-4293-86db-e39540bf4c53
2026-04-03 13:00:35|gpt|web_search|13|QUESTION_ADVANCE||2770|4fde4286-0812-4e5e-873c-8ba9f7443e53
2026-04-03 13:01:17|gpt|web_search|11|QUESTION_SENT||2620|60840cb9-8261-4690-a4a2-78c53dbecdb1
2026-04-03 13:02:02|gpt|web_search|11|JSON_VERIFIED||2620|60840cb9-8261-4690-a4a2-78c53dbecdb1
2026-04-03 13:02:02|gpt|web_search|11|QUESTION|20|2620|60840cb9-8261-4690-a4a2-78c53dbecdb1
2026-04-03 13:02:02|gpt|web_search|11|JSON_SAVED||2620|60840cb9-8261-4690-a4a2-78c53dbecdb1
2026-04-03 13:02:02|gpt|web_search|11|QUESTION_ADVANCE||2621|fc622ee3-a705-4e94-a054-afa8ac3ef375
2026-04-03 13:02:30|gpt|web_search|12|QUESTION_SENT||2919|19e6ba09-347e-4570-a3ba-7422699616c8
2026-04-03 13:03:20|gpt|web_search|12|JSON_VERIFIED||2919|19e6ba09-347e-4570-a3ba-7422699616c8
2026-04-03 13:03:20|gpt|web_search|12|QUESTION|19|2919|19e6ba09-347e-4570-a3ba-7422699616c8
2026-04-03 13:03:20|gpt|web_search|12|JSON_SAVED||2919|19e6ba09-347e-4570-a3ba-7422699616c8
2026-04-03 13:03:20|gpt|web_search|12|QUESTION_ADVANCE||2920|31b5de40-0185-4f18-9774-cd6eb26b988f
2026-04-03 13:03:23|gpt|web_search|13|QUESTION_SENT||2770|4fde4286-0812-4e5e-873c-8ba9f7443e53
2026-04-03 13:04:13|gpt|web_search|13|JSON_VERIFIED||2770|4fde4286-0812-4e5e-873c-8ba9f7443e53
2026-04-03 13:04:13|gpt|web_search|13|QUESTION|20|2770|4fde4286-0812-4e5e-873c-8ba9f7443e53
2026-04-03 13:04:13|gpt|web_search|13|JSON_SAVED||2770|4fde4286-0812-4e5e-873c-8ba9f7443e53
2026-04-03 13:04:13|gpt|web_search|13|QUESTION_ADVANCE||2771|734ab09e-48d3-4a11-a454-9773674bd53b
2026-04-03 13:04:54|gpt|web_search|11|QUESTION_SENT||2621|fc622ee3-a705-4e94-a054-afa8ac3ef375
2026-04-03 13:05:39|gpt|web_search|11|JSON_VERIFIED||2621|fc622ee3-a705-4e94-a054-afa8ac3ef375
2026-04-03 13:05:39|gpt|web_search|11|QUESTION|21|2621|fc622ee3-a705-4e94-a054-afa8ac3ef375
2026-04-03 13:05:39|gpt|web_search|11|JSON_SAVED||2621|fc622ee3-a705-4e94-a054-afa8ac3ef375
2026-04-03 13:05:39|gpt|web_search|11|QUESTION_ADVANCE||2622|1fa33873-4294-48a6-af0f-6a08795c967b
2026-04-03 13:06:24|gpt|web_search|12|QUESTION_SENT||2920|31b5de40-0185-4f18-9774-cd6eb26b988f
2026-04-03 13:06:56|gpt|web_search|13|QUESTION_SENT||2771|734ab09e-48d3-4a11-a454-9773674bd53b
2026-04-03 13:07:18|gpt|web_search|12|JSON_VERIFIED||2920|31b5de40-0185-4f18-9774-cd6eb26b988f
2026-04-03 13:07:18|gpt|web_search|12|QUESTION|20|2920|31b5de40-0185-4f18-9774-cd6eb26b988f
2026-04-03 13:07:18|gpt|web_search|12|JSON_SAVED||2920|31b5de40-0185-4f18-9774-cd6eb26b988f
2026-04-03 13:07:18|gpt|web_search|12|QUESTION_ADVANCE||2921|dbaaccfe-3a09-47a6-aade-339c041b2e51
2026-04-03 13:07:42|gpt|web_search|13|JSON_VERIFIED||2771|734ab09e-48d3-4a11-a454-9773674bd53b
2026-04-03 13:07:42|gpt|web_search|13|QUESTION|21|2771|734ab09e-48d3-4a11-a454-9773674bd53b
2026-04-03 13:07:42|gpt|web_search|13|JSON_SAVED||2771|734ab09e-48d3-4a11-a454-9773674bd53b
2026-04-03 13:07:42|gpt|web_search|13|QUESTION_ADVANCE||2772|975c58e0-e6c6-4422-9b6e-34aaeaa6a6fe
2026-04-03 13:08:30|gpt|web_search|11|QUESTION_SENT||2622|1fa33873-4294-48a6-af0f-6a08795c967b
2026-04-03 13:09:23|gpt|web_search|11|JSON_VERIFIED||2622|1fa33873-4294-48a6-af0f-6a08795c967b
2026-04-03 13:09:23|gpt|web_search|11|QUESTION|22|2622|1fa33873-4294-48a6-af0f-6a08795c967b
2026-04-03 13:09:23|gpt|web_search|11|JSON_SAVED||2622|1fa33873-4294-48a6-af0f-6a08795c967b
2026-04-03 13:09:23|gpt|web_search|11|QUESTION_ADVANCE||2623|ee4cf6ec-5c8a-4d39-a944-301b9a3e1618
2026-04-03 13:10:17|gpt|web_search|12|QUESTION_SENT||2921|dbaaccfe-3a09-47a6-aade-339c041b2e51
2026-04-03 13:10:29|gpt|web_search|13|QUESTION_SENT||2772|975c58e0-e6c6-4422-9b6e-34aaeaa6a6fe
2026-04-03 13:10:45|gpt|web_search|10|QUESTION_SENT||2454|1eec57d3-4aa7-4c6b-82d8-a3d11d21693e
2026-04-03 13:11:07|gpt|web_search|12|JSON_VERIFIED||2921|dbaaccfe-3a09-47a6-aade-339c041b2e51
2026-04-03 13:11:07|gpt|web_search|12|QUESTION|21|2921|dbaaccfe-3a09-47a6-aade-339c041b2e51
2026-04-03 13:11:07|gpt|web_search|12|JSON_SAVED||2921|dbaaccfe-3a09-47a6-aade-339c041b2e51
2026-04-03 13:11:07|gpt|web_search|12|QUESTION_ADVANCE||2922|7e4a0261-0a4b-4217-87f5-8f7646826f87
2026-04-03 13:11:18|gpt|web_search|13|JSON_VERIFIED||2772|975c58e0-e6c6-4422-9b6e-34aaeaa6a6fe
2026-04-03 13:11:18|gpt|web_search|13|QUESTION|22|2772|975c58e0-e6c6-4422-9b6e-34aaeaa6a6fe
2026-04-03 13:11:18|gpt|web_search|13|JSON_SAVED||2772|975c58e0-e6c6-4422-9b6e-34aaeaa6a6fe
2026-04-03 13:11:18|gpt|web_search|13|QUESTION_ADVANCE||2773|0b333954-b105-484e-aad5-db79e21b6a91
2026-04-03 13:11:34|gpt|web_search|10|JSON_VERIFIED||2454|1eec57d3-4aa7-4c6b-82d8-a3d11d21693e
2026-04-03 13:11:34|gpt|web_search|10|QUESTION|5|2454|1eec57d3-4aa7-4c6b-82d8-a3d11d21693e
2026-04-03 13:11:34|gpt|web_search|10|JSON_SAVED||2454|1eec57d3-4aa7-4c6b-82d8-a3d11d21693e
2026-04-03 13:11:34|gpt|web_search|10|QUESTION_ADVANCE||2455|f8fb1748-def6-48f0-9728-954a19ec29ff
2026-04-03 13:12:08|gpt|web_search|11|QUESTION_SENT||2623|ee4cf6ec-5c8a-4d39-a944-301b9a3e1618
2026-04-03 13:12:59|gpt|web_search|11|JSON_VERIFIED||2623|ee4cf6ec-5c8a-4d39-a944-301b9a3e1618
2026-04-03 13:12:59|gpt|web_search|11|QUESTION|23|2623|ee4cf6ec-5c8a-4d39-a944-301b9a3e1618
2026-04-03 13:12:59|gpt|web_search|11|JSON_SAVED||2623|ee4cf6ec-5c8a-4d39-a944-301b9a3e1618
2026-04-03 13:12:59|gpt|web_search|11|QUESTION_ADVANCE||2624|2662b3f9-30e0-4289-9352-94d1128f30e4
2026-04-03 13:14:03|gpt|web_search|13|QUESTION_SENT||2773|0b333954-b105-484e-aad5-db79e21b6a91
2026-04-03 13:14:10|gpt|web_search|12|QUESTION_SENT||2922|7e4a0261-0a4b-4217-87f5-8f7646826f87
2026-04-03 13:14:20|gpt|web_search|10|QUESTION_SENT||2455|f8fb1748-def6-48f0-9728-954a19ec29ff
2026-04-03 13:14:48|gpt|web_search|13|JSON_VERIFIED||2773|0b333954-b105-484e-aad5-db79e21b6a91
2026-04-03 13:14:48|gpt|web_search|13|QUESTION|23|2773|0b333954-b105-484e-aad5-db79e21b6a91
2026-04-03 13:14:48|gpt|web_search|13|JSON_SAVED||2773|0b333954-b105-484e-aad5-db79e21b6a91
2026-04-03 13:14:48|gpt|web_search|13|QUESTION_ADVANCE||2774|c067ffed-2cb8-4f13-9f4c-fffef8666e0f
2026-04-03 13:14:59|gpt|web_search|12|JSON_VERIFIED||2922|7e4a0261-0a4b-4217-87f5-8f7646826f87
2026-04-03 13:14:59|gpt|web_search|12|QUESTION|22|2922|7e4a0261-0a4b-4217-87f5-8f7646826f87
2026-04-03 13:14:59|gpt|web_search|12|JSON_SAVED||2922|7e4a0261-0a4b-4217-87f5-8f7646826f87
2026-04-03 13:14:59|gpt|web_search|12|QUESTION_ADVANCE||2923|0ce309b9-a809-403e-a131-46c372780543
2026-04-03 13:15:45|gpt|web_search|11|QUESTION_SENT||2624|2662b3f9-30e0-4289-9352-94d1128f30e4
2026-04-03 13:16:35|gpt|web_search|11|JSON_VERIFIED||2624|2662b3f9-30e0-4289-9352-94d1128f30e4
2026-04-03 13:16:35|gpt|web_search|11|QUESTION|24|2624|2662b3f9-30e0-4289-9352-94d1128f30e4
2026-04-03 13:16:35|gpt|web_search|11|JSON_SAVED||2624|2662b3f9-30e0-4289-9352-94d1128f30e4
2026-04-03 13:16:35|gpt|web_search|11|QUESTION_ADVANCE||2625|cd052527-717c-4115-a354-d67f6a029ca4
2026-04-03 13:17:36|gpt|web_search|13|QUESTION_SENT||2774|c067ffed-2cb8-4f13-9f4c-fffef8666e0f
2026-04-03 13:17:56|gpt|web_search|10|QUESTION_SENT||2455|f8fb1748-def6-48f0-9728-954a19ec29ff
2026-04-03 13:18:03|gpt|web_search|12|QUESTION_SENT||2923|0ce309b9-a809-403e-a131-46c372780543
2026-04-03 13:18:19|gpt|web_search|13|JSON_VERIFIED||2774|c067ffed-2cb8-4f13-9f4c-fffef8666e0f
2026-04-03 13:18:19|gpt|web_search|13|QUESTION|24|2774|c067ffed-2cb8-4f13-9f4c-fffef8666e0f
2026-04-03 13:18:19|gpt|web_search|13|JSON_SAVED||2774|c067ffed-2cb8-4f13-9f4c-fffef8666e0f
2026-04-03 13:18:19|gpt|web_search|13|QUESTION_ADVANCE||2775|727b59a9-d5bd-4c01-b85e-5bd1ce0cf7d4
2026-04-03 13:18:42|gpt|web_search|12|JSON_VERIFIED||2923|0ce309b9-a809-403e-a131-46c372780543
2026-04-03 13:18:42|gpt|web_search|12|QUESTION|23|2923|0ce309b9-a809-403e-a131-46c372780543
2026-04-03 13:18:42|gpt|web_search|12|JSON_SAVED||2923|0ce309b9-a809-403e-a131-46c372780543
2026-04-03 13:18:42|gpt|web_search|12|QUESTION_ADVANCE||2924|0d7970e1-4426-461b-b8ab-d0d4111a0b8d
2026-04-03 13:18:43|gpt|web_search|10|JSON_VERIFIED||2455|f8fb1748-def6-48f0-9728-954a19ec29ff
2026-04-03 13:18:43|gpt|web_search|10|QUESTION|6|2455|f8fb1748-def6-48f0-9728-954a19ec29ff
2026-04-03 13:18:43|gpt|web_search|10|JSON_SAVED||2455|f8fb1748-def6-48f0-9728-954a19ec29ff
2026-04-03 13:18:43|gpt|web_search|10|QUESTION_ADVANCE||2456|93b187ed-834e-4c9e-9c49-b507c1d8423d
2026-04-03 13:19:23|gpt|web_search|11|QUESTION_SENT||2625|cd052527-717c-4115-a354-d67f6a029ca4
2026-04-03 13:20:07|gpt|web_search|11|JSON_VERIFIED||2625|cd052527-717c-4115-a354-d67f6a029ca4
2026-04-03 13:20:07|gpt|web_search|11|QUESTION|25|2625|cd052527-717c-4115-a354-d67f6a029ca4
2026-04-03 13:20:07|gpt|web_search|11|JSON_SAVED||2625|cd052527-717c-4115-a354-d67f6a029ca4
2026-04-03 13:20:07|gpt|web_search|11|QUESTION_ADVANCE||2626|fc1347e2-0edc-457b-8a9a-3ac34b3aac34
2026-04-03 13:21:09|gpt|web_search|13|QUESTION_SENT||2775|727b59a9-d5bd-4c01-b85e-5bd1ce0cf7d4
2026-04-03 13:21:31|gpt|web_search|10|QUESTION_SENT||2456|93b187ed-834e-4c9e-9c49-b507c1d8423d
2026-04-03 13:21:55|gpt|web_search|13|JSON_VERIFIED||2775|727b59a9-d5bd-4c01-b85e-5bd1ce0cf7d4
2026-04-03 13:21:55|gpt|web_search|13|QUESTION|25|2775|727b59a9-d5bd-4c01-b85e-5bd1ce0cf7d4
2026-04-03 13:21:55|gpt|web_search|13|JSON_SAVED||2775|727b59a9-d5bd-4c01-b85e-5bd1ce0cf7d4
2026-04-03 13:21:55|gpt|web_search|13|QUESTION_ADVANCE||2776|ce41dd84-360c-4721-b94e-5dc070f04cba
2026-04-03 13:21:56|gpt|web_search|12|QUESTION_SENT||2924|0d7970e1-4426-461b-b8ab-d0d4111a0b8d
2026-04-03 13:22:22|gpt|web_search|10|JSON_VERIFIED||2456|93b187ed-834e-4c9e-9c49-b507c1d8423d
2026-04-03 13:22:22|gpt|web_search|10|QUESTION|7|2456|93b187ed-834e-4c9e-9c49-b507c1d8423d
2026-04-03 13:22:22|gpt|web_search|10|JSON_SAVED||2456|93b187ed-834e-4c9e-9c49-b507c1d8423d
2026-04-03 13:22:22|gpt|web_search|10|QUESTION_ADVANCE||2457|7c4b89bf-dfe3-463e-a422-a74dc421cd6d
2026-04-03 13:22:42|gpt|web_search|12|JSON_VERIFIED||2924|0d7970e1-4426-461b-b8ab-d0d4111a0b8d
2026-04-03 13:22:42|gpt|web_search|12|QUESTION|24|2924|0d7970e1-4426-461b-b8ab-d0d4111a0b8d
2026-04-03 13:22:42|gpt|web_search|12|JSON_SAVED||2924|0d7970e1-4426-461b-b8ab-d0d4111a0b8d
2026-04-03 13:22:42|gpt|web_search|12|QUESTION_ADVANCE||2925|1c722264-f942-4562-84bc-e9f7769525c7
2026-04-03 13:23:00|gpt|web_search|11|QUESTION_SENT||2626|fc1347e2-0edc-457b-8a9a-3ac34b3aac34
2026-04-03 13:23:50|gpt|web_search|11|JSON_VERIFIED||2626|fc1347e2-0edc-457b-8a9a-3ac34b3aac34
2026-04-03 13:23:50|gpt|web_search|11|QUESTION|26|2626|fc1347e2-0edc-457b-8a9a-3ac34b3aac34
2026-04-03 13:23:50|gpt|web_search|11|JSON_SAVED||2626|fc1347e2-0edc-457b-8a9a-3ac34b3aac34
2026-04-03 13:23:50|gpt|web_search|11|QUESTION_ADVANCE||2627|5eef10ab-0349-450e-8f87-307fdd89662d
2026-04-03 13:24:42|gpt|web_search|13|QUESTION_SENT||2776|ce41dd84-360c-4721-b94e-5dc070f04cba
2026-04-03 13:25:06|gpt|web_search|10|QUESTION_SENT||2457|7c4b89bf-dfe3-463e-a422-a74dc421cd6d
2026-04-03 13:25:25|gpt|web_search|13|JSON_VERIFIED||2776|ce41dd84-360c-4721-b94e-5dc070f04cba
2026-04-03 13:25:25|gpt|web_search|13|QUESTION|26|2776|ce41dd84-360c-4721-b94e-5dc070f04cba
2026-04-03 13:25:25|gpt|web_search|13|JSON_SAVED||2776|ce41dd84-360c-4721-b94e-5dc070f04cba
2026-04-03 13:25:25|gpt|web_search|13|QUESTION_ADVANCE||2777|94053301-0837-4ca5-b18e-9b39662e9cb6
2026-04-03 13:25:49|gpt|web_search|12|QUESTION_SENT||2925|1c722264-f942-4562-84bc-e9f7769525c7
2026-04-03 13:25:54|gpt|web_search|10|JSON_VERIFIED||2457|7c4b89bf-dfe3-463e-a422-a74dc421cd6d
2026-04-03 13:25:54|gpt|web_search|10|QUESTION|8|2457|7c4b89bf-dfe3-463e-a422-a74dc421cd6d
2026-04-03 13:25:54|gpt|web_search|10|JSON_SAVED||2457|7c4b89bf-dfe3-463e-a422-a74dc421cd6d
2026-04-03 13:25:54|gpt|web_search|10|QUESTION_ADVANCE||2458|c60c380a-46c5-4b7c-b0a0-6319a6ded701
2026-04-03 13:26:37|gpt|web_search|11|QUESTION_SENT||2627|5eef10ab-0349-450e-8f87-307fdd89662d
2026-04-03 13:26:39|gpt|web_search|12|JSON_VERIFIED||2925|1c722264-f942-4562-84bc-e9f7769525c7
2026-04-03 13:26:39|gpt|web_search|12|QUESTION|25|2925|1c722264-f942-4562-84bc-e9f7769525c7
2026-04-03 13:26:39|gpt|web_search|12|JSON_SAVED||2925|1c722264-f942-4562-84bc-e9f7769525c7
2026-04-03 13:26:39|gpt|web_search|12|QUESTION_ADVANCE||2926|5e3611ca-7a6d-477c-b9ae-529ed31024e9
2026-04-03 13:27:17|gpt|web_search|11|JSON_VERIFY_FAILED||2627|5eef10ab-0349-450e-8f87-307fdd89662d
2026-04-03 13:27:17|gpt|web_search|11|QUESTION|27|2627|5eef10ab-0349-450e-8f87-307fdd89662d
2026-04-03 13:27:27|gpt|web_search|11|QUESTION_SENT||2627|5eef10ab-0349-450e-8f87-307fdd89662d
2026-04-03 13:28:01|gpt|web_search|11|JSON_VERIFIED||2627|5eef10ab-0349-450e-8f87-307fdd89662d
2026-04-03 13:28:01|gpt|web_search|11|QUESTION|28|2627|5eef10ab-0349-450e-8f87-307fdd89662d
2026-04-03 13:28:01|gpt|web_search|11|JSON_SAVED||2627|5eef10ab-0349-450e-8f87-307fdd89662d
2026-04-03 13:28:01|gpt|web_search|11|QUESTION_ADVANCE||2628|9f38e3d4-6bb7-4da6-90b3-e27d41d506cd
2026-04-03 13:28:15|gpt|web_search|13|QUESTION_SENT||2777|94053301-0837-4ca5-b18e-9b39662e9cb6
2026-04-03 13:28:41|gpt|web_search|10|QUESTION_SENT||2458|c60c380a-46c5-4b7c-b0a0-6319a6ded701
2026-04-03 13:29:02|gpt|web_search|13|JSON_VERIFIED||2777|94053301-0837-4ca5-b18e-9b39662e9cb6
2026-04-03 13:29:02|gpt|web_search|13|QUESTION|27|2777|94053301-0837-4ca5-b18e-9b39662e9cb6
2026-04-03 13:29:02|gpt|web_search|13|JSON_SAVED||2777|94053301-0837-4ca5-b18e-9b39662e9cb6
2026-04-03 13:29:02|gpt|web_search|13|QUESTION_ADVANCE||2778|9643b1ab-34ab-4bdb-8e7c-3dd62efacb2b
2026-04-03 13:29:30|gpt|web_search|10|JSON_VERIFIED||2458|c60c380a-46c5-4b7c-b0a0-6319a6ded701
2026-04-03 13:29:30|gpt|web_search|10|QUESTION|9|2458|c60c380a-46c5-4b7c-b0a0-6319a6ded701
2026-04-03 13:29:30|gpt|web_search|10|JSON_SAVED||2458|c60c380a-46c5-4b7c-b0a0-6319a6ded701
2026-04-03 13:29:30|gpt|web_search|10|QUESTION_ADVANCE||2459|76ab94dc-5673-4ab7-bf07-ead2b690d994
2026-04-03 13:29:43|gpt|web_search|12|QUESTION_SENT||2926|5e3611ca-7a6d-477c-b9ae-529ed31024e9
2026-04-03 13:30:30|gpt|web_search|12|JSON_VERIFIED||2926|5e3611ca-7a6d-477c-b9ae-529ed31024e9
2026-04-03 13:30:30|gpt|web_search|12|QUESTION|26|2926|5e3611ca-7a6d-477c-b9ae-529ed31024e9
2026-04-03 13:30:30|gpt|web_search|12|JSON_SAVED||2926|5e3611ca-7a6d-477c-b9ae-529ed31024e9
2026-04-03 13:30:30|gpt|web_search|12|QUESTION_ADVANCE||2927|d1c9523d-9023-4ba2-ae6a-421964da83a7
2026-04-03 13:31:04|gpt|web_search|11|QUESTION_SENT||2628|9f38e3d4-6bb7-4da6-90b3-e27d41d506cd
2026-04-03 13:31:48|gpt|web_search|13|QUESTION_SENT||2778|9643b1ab-34ab-4bdb-8e7c-3dd62efacb2b
2026-04-03 13:31:53|gpt|web_search|11|JSON_VERIFIED||2628|9f38e3d4-6bb7-4da6-90b3-e27d41d506cd
2026-04-03 13:31:53|gpt|web_search|11|QUESTION|29|2628|9f38e3d4-6bb7-4da6-90b3-e27d41d506cd
2026-04-03 13:31:53|gpt|web_search|11|JSON_SAVED||2628|9f38e3d4-6bb7-4da6-90b3-e27d41d506cd
2026-04-03 13:31:53|gpt|web_search|11|QUESTION_ADVANCE||2629|d250a4ae-5b02-466d-ae3c-833f1a798b95
2026-04-03 13:32:16|gpt|web_search|10|QUESTION_SENT||2459|76ab94dc-5673-4ab7-bf07-ead2b690d994
2026-04-03 13:32:35|gpt|web_search|13|JSON_VERIFIED||2778|9643b1ab-34ab-4bdb-8e7c-3dd62efacb2b
2026-04-03 13:32:35|gpt|web_search|13|QUESTION|28|2778|9643b1ab-34ab-4bdb-8e7c-3dd62efacb2b
2026-04-03 13:32:35|gpt|web_search|13|JSON_SAVED||2778|9643b1ab-34ab-4bdb-8e7c-3dd62efacb2b
2026-04-03 13:32:36|gpt|web_search|13|QUESTION_ADVANCE||2779|9839e00d-3a1b-4dd8-9240-9cc1801a6b3f
2026-04-03 13:33:03|gpt|web_search|10|JSON_VERIFIED||2459|76ab94dc-5673-4ab7-bf07-ead2b690d994
2026-04-03 13:33:03|gpt|web_search|10|QUESTION|10|2459|76ab94dc-5673-4ab7-bf07-ead2b690d994
2026-04-03 13:33:03|gpt|web_search|10|JSON_SAVED||2459|76ab94dc-5673-4ab7-bf07-ead2b690d994
2026-04-03 13:33:03|gpt|web_search|10|QUESTION_ADVANCE||2460|85de3c05-9e11-45a2-85d8-b846d74badb1
2026-04-03 13:33:36|gpt|web_search|12|QUESTION_SENT||2927|d1c9523d-9023-4ba2-ae6a-421964da83a7
2026-04-03 13:34:23|gpt|web_search|12|JSON_VERIFIED||2927|d1c9523d-9023-4ba2-ae6a-421964da83a7
2026-04-03 13:34:23|gpt|web_search|12|QUESTION|27|2927|d1c9523d-9023-4ba2-ae6a-421964da83a7
2026-04-03 13:34:23|gpt|web_search|12|JSON_SAVED||2927|d1c9523d-9023-4ba2-ae6a-421964da83a7
2026-04-03 13:34:23|gpt|web_search|12|QUESTION_ADVANCE||2928|908e55f5-d171-466a-b250-30d6dbda7dd6
2026-04-03 13:34:42|gpt|web_search|11|QUESTION_SENT||2629|d250a4ae-5b02-466d-ae3c-833f1a798b95
2026-04-03 13:35:22|gpt|web_search|13|QUESTION_SENT||2779|9839e00d-3a1b-4dd8-9240-9cc1801a6b3f
2026-04-03 13:35:32|gpt|web_search|11|JSON_VERIFIED||2629|d250a4ae-5b02-466d-ae3c-833f1a798b95
2026-04-03 13:35:32|gpt|web_search|11|QUESTION|30|2629|d250a4ae-5b02-466d-ae3c-833f1a798b95
2026-04-03 13:35:32|gpt|web_search|11|JSON_SAVED||2629|d250a4ae-5b02-466d-ae3c-833f1a798b95
2026-04-03 13:35:32|gpt|web_search|11|QUESTION_ADVANCE||2630|0c8be4d4-5fa0-4603-8477-7f207bc41377
2026-04-03 13:35:51|gpt|web_search|10|QUESTION_SENT||2460|85de3c05-9e11-45a2-85d8-b846d74badb1
2026-04-03 13:36:07|gpt|web_search|13|JSON_VERIFIED||2779|9839e00d-3a1b-4dd8-9240-9cc1801a6b3f
2026-04-03 13:36:07|gpt|web_search|13|QUESTION|29|2779|9839e00d-3a1b-4dd8-9240-9cc1801a6b3f
2026-04-03 13:36:07|gpt|web_search|13|JSON_SAVED||2779|9839e00d-3a1b-4dd8-9240-9cc1801a6b3f
2026-04-03 13:36:07|gpt|web_search|13|QUESTION_ADVANCE||2780|8024be60-4269-4501-a7d9-01c2c7fa6871
2026-04-03 13:36:38|gpt|web_search|10|JSON_VERIFIED||2460|85de3c05-9e11-45a2-85d8-b846d74badb1
2026-04-03 13:36:38|gpt|web_search|10|QUESTION|11|2460|85de3c05-9e11-45a2-85d8-b846d74badb1
2026-04-03 13:36:38|gpt|web_search|10|JSON_SAVED||2460|85de3c05-9e11-45a2-85d8-b846d74badb1
2026-04-03 13:36:38|gpt|web_search|10|QUESTION_ADVANCE||2461|22db3965-1df5-47ee-b13c-66994b190c0e
2026-04-03 13:37:29|gpt|web_search|12|QUESTION_SENT||2928|908e55f5-d171-466a-b250-30d6dbda7dd6
2026-04-03 13:38:17|gpt|web_search|12|JSON_VERIFIED||2928|908e55f5-d171-466a-b250-30d6dbda7dd6
2026-04-03 13:38:17|gpt|web_search|12|QUESTION|28|2928|908e55f5-d171-466a-b250-30d6dbda7dd6
2026-04-03 13:38:17|gpt|web_search|12|JSON_SAVED||2928|908e55f5-d171-466a-b250-30d6dbda7dd6
2026-04-03 13:38:17|gpt|web_search|12|QUESTION_ADVANCE||2929|42b22fdc-31d7-45ae-b30e-7c89c21b2980
2026-04-03 13:38:19|gpt|web_search|11|QUESTION_SENT||2630|0c8be4d4-5fa0-4603-8477-7f207bc41377
2026-04-03 13:38:55|gpt|web_search|13|QUESTION_SENT||2780|8024be60-4269-4501-a7d9-01c2c7fa6871
2026-04-03 13:39:26|gpt|web_search|10|QUESTION_SENT||2461|22db3965-1df5-47ee-b13c-66994b190c0e
2026-04-03 13:39:44|gpt|web_search|13|JSON_VERIFIED||2780|8024be60-4269-4501-a7d9-01c2c7fa6871
2026-04-03 13:39:44|gpt|web_search|13|QUESTION|30|2780|8024be60-4269-4501-a7d9-01c2c7fa6871
2026-04-03 13:39:44|gpt|web_search|13|JSON_SAVED||2780|8024be60-4269-4501-a7d9-01c2c7fa6871
2026-04-03 13:39:44|gpt|web_search|13|QUESTION_ADVANCE||2781|2d10891d-d380-4b10-842a-7204413ec9b4
2026-04-03 13:40:13|gpt|web_search|10|JSON_VERIFIED||2461|22db3965-1df5-47ee-b13c-66994b190c0e
2026-04-03 13:40:13|gpt|web_search|10|QUESTION|12|2461|22db3965-1df5-47ee-b13c-66994b190c0e
2026-04-03 13:40:13|gpt|web_search|10|JSON_SAVED||2461|22db3965-1df5-47ee-b13c-66994b190c0e
2026-04-03 13:40:13|gpt|web_search|10|QUESTION_ADVANCE||2462|dcd43fee-543b-446c-a52b-7f10fe479354
2026-04-03 13:41:22|gpt|web_search|12|QUESTION_SENT||2929|42b22fdc-31d7-45ae-b30e-7c89c21b2980
2026-04-03 13:41:56|gpt|web_search|11|QUESTION_SENT||2630|0c8be4d4-5fa0-4603-8477-7f207bc41377
2026-04-03 13:42:17|gpt|web_search|12|JSON_VERIFIED||2929|42b22fdc-31d7-45ae-b30e-7c89c21b2980
2026-04-03 13:42:17|gpt|web_search|12|QUESTION|29|2929|42b22fdc-31d7-45ae-b30e-7c89c21b2980
2026-04-03 13:42:17|gpt|web_search|12|JSON_SAVED||2929|42b22fdc-31d7-45ae-b30e-7c89c21b2980
2026-04-03 13:42:17|gpt|web_search|12|QUESTION_ADVANCE||2930|36af0c0b-7e18-4a47-b4e8-8abfea8bbb1a
2026-04-03 13:42:28|gpt|web_search|13|QUESTION_SENT||2781|2d10891d-d380-4b10-842a-7204413ec9b4
2026-04-03 13:42:48|gpt|web_search|11|JSON_VERIFIED||2630|0c8be4d4-5fa0-4603-8477-7f207bc41377
2026-04-03 13:42:48|gpt|web_search|11|QUESTION|31|2630|0c8be4d4-5fa0-4603-8477-7f207bc41377
2026-04-03 13:42:48|gpt|web_search|11|JSON_SAVED||2630|0c8be4d4-5fa0-4603-8477-7f207bc41377
2026-04-03 13:42:48|gpt|web_search|11|QUESTION_ADVANCE||2631|14c5fb8a-83b6-4338-aa48-1397afcb5e5c
2026-04-03 13:43:01|gpt|web_search|10|QUESTION_SENT||2462|dcd43fee-543b-446c-a52b-7f10fe479354
2026-04-03 13:43:15|gpt|web_search|13|JSON_VERIFIED||2781|2d10891d-d380-4b10-842a-7204413ec9b4
2026-04-03 13:43:15|gpt|web_search|13|QUESTION|31|2781|2d10891d-d380-4b10-842a-7204413ec9b4
2026-04-03 13:43:15|gpt|web_search|13|JSON_SAVED||2781|2d10891d-d380-4b10-842a-7204413ec9b4
2026-04-03 13:43:15|gpt|web_search|13|QUESTION_ADVANCE||2782|0e721821-78c3-4cdd-9fe9-58bfbf2891b5
2026-04-03 13:43:48|gpt|web_search|10|JSON_VERIFIED||2462|dcd43fee-543b-446c-a52b-7f10fe479354
2026-04-03 13:43:48|gpt|web_search|10|QUESTION|13|2462|dcd43fee-543b-446c-a52b-7f10fe479354
2026-04-03 13:43:48|gpt|web_search|10|JSON_SAVED||2462|dcd43fee-543b-446c-a52b-7f10fe479354
2026-04-03 13:43:48|gpt|web_search|10|QUESTION_ADVANCE||2463|0cb22b1f-2253-4315-b22c-58de0809aa61
2026-04-03 13:45:15|gpt|web_search|12|QUESTION_SENT||2930|36af0c0b-7e18-4a47-b4e8-8abfea8bbb1a
2026-04-03 13:45:33|gpt|web_search|11|QUESTION_SENT||2631|14c5fb8a-83b6-4338-aa48-1397afcb5e5c
2026-04-03 13:46:01|gpt|web_search|13|QUESTION_SENT||2782|0e721821-78c3-4cdd-9fe9-58bfbf2891b5
2026-04-03 13:46:04|gpt|web_search|12|JSON_VERIFIED||2930|36af0c0b-7e18-4a47-b4e8-8abfea8bbb1a
2026-04-03 13:46:04|gpt|web_search|12|QUESTION|30|2930|36af0c0b-7e18-4a47-b4e8-8abfea8bbb1a
2026-04-03 13:46:04|gpt|web_search|12|JSON_SAVED||2930|36af0c0b-7e18-4a47-b4e8-8abfea8bbb1a
2026-04-03 13:46:05|gpt|web_search|12|STOP||2931|
2026-04-03 13:46:20|gpt|web_search|11|JSON_VERIFIED||2631|14c5fb8a-83b6-4338-aa48-1397afcb5e5c
2026-04-03 13:46:20|gpt|web_search|11|QUESTION|32|2631|14c5fb8a-83b6-4338-aa48-1397afcb5e5c
2026-04-03 13:46:20|gpt|web_search|11|JSON_SAVED||2631|14c5fb8a-83b6-4338-aa48-1397afcb5e5c
2026-04-03 13:46:20|gpt|web_search|11|QUESTION_ADVANCE||2632|802a5cb4-9623-4846-922e-d7041804b139
2026-04-03 13:46:36|gpt|web_search|13|JSON_VERIFY_FAILED||2782|0e721821-78c3-4cdd-9fe9-58bfbf2891b5
2026-04-03 13:46:36|gpt|web_search|13|QUESTION|32|2782|0e721821-78c3-4cdd-9fe9-58bfbf2891b5
2026-04-03 13:46:36|gpt|web_search|10|QUESTION_SENT||2463|0cb22b1f-2253-4315-b22c-58de0809aa61
2026-04-03 13:46:46|gpt|web_search|13|QUESTION_SENT||2782|0e721821-78c3-4cdd-9fe9-58bfbf2891b5
2026-04-03 13:47:22|gpt|web_search|10|JSON_VERIFIED||2463|0cb22b1f-2253-4315-b22c-58de0809aa61
2026-04-03 13:47:22|gpt|web_search|10|QUESTION|14|2463|0cb22b1f-2253-4315-b22c-58de0809aa61
2026-04-03 13:47:22|gpt|web_search|10|JSON_SAVED||2463|0cb22b1f-2253-4315-b22c-58de0809aa61
2026-04-03 13:47:22|gpt|web_search|10|QUESTION_ADVANCE||2464|a5de9824-345c-4c52-b6f9-5cac85c70445
2026-04-03 13:47:27|gpt|web_search|13|JSON_VERIFIED||2782|0e721821-78c3-4cdd-9fe9-58bfbf2891b5
2026-04-03 13:47:27|gpt|web_search|13|QUESTION|33|2782|0e721821-78c3-4cdd-9fe9-58bfbf2891b5
2026-04-03 13:47:27|gpt|web_search|13|JSON_SAVED||2782|0e721821-78c3-4cdd-9fe9-58bfbf2891b5
2026-04-03 13:47:27|gpt|web_search|13|QUESTION_ADVANCE||2783|172e3b0b-2b54-4cbe-8b7b-a158eb89b81e
2026-04-03 13:49:11|gpt|web_search|11|QUESTION_SENT||2632|802a5cb4-9623-4846-922e-d7041804b139
2026-04-03 13:50:05|gpt|web_search|11|JSON_VERIFIED||2632|802a5cb4-9623-4846-922e-d7041804b139
2026-04-03 13:50:05|gpt|web_search|11|QUESTION|33|2632|802a5cb4-9623-4846-922e-d7041804b139
2026-04-03 13:50:05|gpt|web_search|11|JSON_SAVED||2632|802a5cb4-9623-4846-922e-d7041804b139
2026-04-03 13:50:05|gpt|web_search|11|QUESTION_ADVANCE||2633|f12fa9d4-0de5-40d8-8591-e88f08b18ca8
2026-04-03 13:50:11|gpt|web_search|10|QUESTION_SENT||2464|a5de9824-345c-4c52-b6f9-5cac85c70445
2026-04-03 13:50:19|gpt|web_search|13|QUESTION_SENT||2783|172e3b0b-2b54-4cbe-8b7b-a158eb89b81e
2026-04-03 13:51:00|gpt|web_search|10|JSON_VERIFIED||2464|a5de9824-345c-4c52-b6f9-5cac85c70445
2026-04-03 13:51:00|gpt|web_search|10|QUESTION|15|2464|a5de9824-345c-4c52-b6f9-5cac85c70445
2026-04-03 13:51:00|gpt|web_search|10|JSON_SAVED||2464|a5de9824-345c-4c52-b6f9-5cac85c70445
2026-04-03 13:51:00|gpt|web_search|10|QUESTION_ADVANCE||2465|7fcb8f14-a6b9-4217-988f-7706c4a4aa85
2026-04-03 13:51:08|gpt|web_search|13|JSON_VERIFIED||2783|172e3b0b-2b54-4cbe-8b7b-a158eb89b81e
2026-04-03 13:51:08|gpt|web_search|13|QUESTION|34|2783|172e3b0b-2b54-4cbe-8b7b-a158eb89b81e
2026-04-03 13:51:08|gpt|web_search|13|JSON_SAVED||2783|172e3b0b-2b54-4cbe-8b7b-a158eb89b81e
2026-04-03 13:51:08|gpt|web_search|13|QUESTION_ADVANCE||2784|0a0afd1c-9abc-4ae3-887f-20dd96702b2b
2026-04-03 13:52:48|gpt|web_search|11|QUESTION_SENT||2633|f12fa9d4-0de5-40d8-8591-e88f08b18ca8
2026-04-03 13:53:34|gpt|web_search|11|JSON_VERIFIED||2633|f12fa9d4-0de5-40d8-8591-e88f08b18ca8
2026-04-03 13:53:34|gpt|web_search|11|QUESTION|34|2633|f12fa9d4-0de5-40d8-8591-e88f08b18ca8
2026-04-03 13:53:34|gpt|web_search|11|JSON_SAVED||2633|f12fa9d4-0de5-40d8-8591-e88f08b18ca8
2026-04-03 13:53:34|gpt|web_search|11|QUESTION_ADVANCE||2634|1a1ab40d-6188-4257-bbd0-1357e9b7be4d
2026-04-03 13:53:46|gpt|web_search|10|QUESTION_SENT||2465|7fcb8f14-a6b9-4217-988f-7706c4a4aa85
2026-04-03 13:53:52|gpt|web_search|13|QUESTION_SENT||2784|0a0afd1c-9abc-4ae3-887f-20dd96702b2b
2026-04-03 13:54:38|gpt|web_search|10|JSON_VERIFIED||2465|7fcb8f14-a6b9-4217-988f-7706c4a4aa85
2026-04-03 13:54:38|gpt|web_search|10|QUESTION|16|2465|7fcb8f14-a6b9-4217-988f-7706c4a4aa85
2026-04-03 13:54:38|gpt|web_search|10|JSON_SAVED||2465|7fcb8f14-a6b9-4217-988f-7706c4a4aa85
2026-04-03 13:54:38|gpt|web_search|10|QUESTION_ADVANCE||2466|fec57259-3eb9-4932-a8be-ce23bfc92258
2026-04-03 13:54:42|gpt|web_search|13|JSON_VERIFIED||2784|0a0afd1c-9abc-4ae3-887f-20dd96702b2b
2026-04-03 13:54:42|gpt|web_search|13|QUESTION|35|2784|0a0afd1c-9abc-4ae3-887f-20dd96702b2b
2026-04-03 13:54:42|gpt|web_search|13|JSON_SAVED||2784|0a0afd1c-9abc-4ae3-887f-20dd96702b2b
2026-04-03 13:54:42|gpt|web_search|13|QUESTION_ADVANCE||2785|6cbfaec2-ba2d-4ff7-aa84-404e591f2fa6
2026-04-03 13:56:25|gpt|web_search|11|QUESTION_SENT||2634|1a1ab40d-6188-4257-bbd0-1357e9b7be4d
2026-04-03 13:57:12|gpt|web_search|11|JSON_VERIFIED||2634|1a1ab40d-6188-4257-bbd0-1357e9b7be4d
2026-04-03 13:57:12|gpt|web_search|11|QUESTION|35|2634|1a1ab40d-6188-4257-bbd0-1357e9b7be4d
2026-04-03 13:57:12|gpt|web_search|11|JSON_SAVED||2634|1a1ab40d-6188-4257-bbd0-1357e9b7be4d
2026-04-03 13:57:12|gpt|web_search|11|QUESTION_ADVANCE||2635|e28d031b-18f4-4eca-82c6-84c7a27a1a25
2026-04-03 13:57:22|gpt|web_search|10|QUESTION_SENT||2466|fec57259-3eb9-4932-a8be-ce23bfc92258
2026-04-03 13:57:25|gpt|web_search|13|QUESTION_SENT||2785|6cbfaec2-ba2d-4ff7-aa84-404e591f2fa6
2026-04-03 13:58:10|gpt|web_search|10|JSON_VERIFIED||2466|fec57259-3eb9-4932-a8be-ce23bfc92258
2026-04-03 13:58:10|gpt|web_search|10|QUESTION|17|2466|fec57259-3eb9-4932-a8be-ce23bfc92258
2026-04-03 13:58:10|gpt|web_search|10|JSON_SAVED||2466|fec57259-3eb9-4932-a8be-ce23bfc92258
2026-04-03 13:58:10|gpt|web_search|10|QUESTION_ADVANCE||2467|8f2a6ba9-1a21-4239-824b-80a1c08bf247
2026-04-03 13:58:12|gpt|web_search|13|JSON_VERIFIED||2785|6cbfaec2-ba2d-4ff7-aa84-404e591f2fa6
2026-04-03 13:58:12|gpt|web_search|13|QUESTION|36|2785|6cbfaec2-ba2d-4ff7-aa84-404e591f2fa6
2026-04-03 13:58:12|gpt|web_search|13|JSON_SAVED||2785|6cbfaec2-ba2d-4ff7-aa84-404e591f2fa6
2026-04-03 13:58:12|gpt|web_search|13|QUESTION_ADVANCE||2786|4b60021e-1562-4f79-9cfb-afbc27a4c63d
2026-04-03 14:00:02|gpt|web_search|11|QUESTION_SENT||2635|e28d031b-18f4-4eca-82c6-84c7a27a1a25
2026-04-03 14:00:45|gpt|web_search|11|JSON_VERIFIED||2635|e28d031b-18f4-4eca-82c6-84c7a27a1a25
2026-04-03 14:00:45|gpt|web_search|11|QUESTION|36|2635|e28d031b-18f4-4eca-82c6-84c7a27a1a25
2026-04-03 14:00:45|gpt|web_search|11|JSON_SAVED||2635|e28d031b-18f4-4eca-82c6-84c7a27a1a25
2026-04-03 14:00:45|gpt|web_search|11|QUESTION_ADVANCE||2636|e22c2fa7-6b65-4130-bc2d-972dbd6c0fb6
2026-04-03 14:00:57|gpt|web_search|10|QUESTION_SENT||2467|8f2a6ba9-1a21-4239-824b-80a1c08bf247
2026-04-03 14:00:58|gpt|web_search|13|QUESTION_SENT||2786|4b60021e-1562-4f79-9cfb-afbc27a4c63d
2026-04-03 14:01:47|gpt|web_search|13|JSON_VERIFIED||2786|4b60021e-1562-4f79-9cfb-afbc27a4c63d
2026-04-03 14:01:47|gpt|web_search|13|QUESTION|37|2786|4b60021e-1562-4f79-9cfb-afbc27a4c63d
2026-04-03 14:01:47|gpt|web_search|13|JSON_SAVED||2786|4b60021e-1562-4f79-9cfb-afbc27a4c63d
2026-04-03 14:01:47|gpt|web_search|13|QUESTION_ADVANCE||2787|decb0097-fc44-4bd3-ada3-a2e88b28c6c2
2026-04-03 14:01:51|gpt|web_search|10|JSON_VERIFIED||2467|8f2a6ba9-1a21-4239-824b-80a1c08bf247
2026-04-03 14:01:51|gpt|web_search|10|QUESTION|18|2467|8f2a6ba9-1a21-4239-824b-80a1c08bf247
2026-04-03 14:01:51|gpt|web_search|10|JSON_SAVED||2467|8f2a6ba9-1a21-4239-824b-80a1c08bf247
2026-04-03 14:01:51|gpt|web_search|10|QUESTION_ADVANCE||2468|e64e6b73-2081-4108-95a8-97cb5aeb3044
2026-04-03 14:03:39|gpt|web_search|11|QUESTION_SENT||2636|e22c2fa7-6b65-4130-bc2d-972dbd6c0fb6
2026-04-03 14:04:27|gpt|web_search|11|JSON_VERIFIED||2636|e22c2fa7-6b65-4130-bc2d-972dbd6c0fb6
2026-04-03 14:04:27|gpt|web_search|11|QUESTION|37|2636|e22c2fa7-6b65-4130-bc2d-972dbd6c0fb6
2026-04-03 14:04:27|gpt|web_search|11|JSON_SAVED||2636|e22c2fa7-6b65-4130-bc2d-972dbd6c0fb6
2026-04-03 14:04:27|gpt|web_search|11|QUESTION_ADVANCE||2637|0c5340a0-4928-4375-ab29-645e8e7d216f
2026-04-03 14:04:32|gpt|web_search|13|QUESTION_SENT||2787|decb0097-fc44-4bd3-ada3-a2e88b28c6c2
2026-04-03 14:04:32|gpt|web_search|10|QUESTION_SENT||2468|e64e6b73-2081-4108-95a8-97cb5aeb3044
2026-04-03 14:05:17|gpt|web_search|13|JSON_VERIFIED||2787|decb0097-fc44-4bd3-ada3-a2e88b28c6c2
2026-04-03 14:05:17|gpt|web_search|13|QUESTION|38|2787|decb0097-fc44-4bd3-ada3-a2e88b28c6c2
2026-04-03 14:05:17|gpt|web_search|13|JSON_SAVED||2787|decb0097-fc44-4bd3-ada3-a2e88b28c6c2
2026-04-03 14:05:17|gpt|web_search|13|QUESTION_ADVANCE||2788|95d03bc6-9b81-4388-9a37-2bc4a2daa669
2026-04-03 14:05:22|gpt|web_search|10|JSON_VERIFIED||2468|e64e6b73-2081-4108-95a8-97cb5aeb3044
2026-04-03 14:05:22|gpt|web_search|10|QUESTION|19|2468|e64e6b73-2081-4108-95a8-97cb5aeb3044
2026-04-03 14:05:22|gpt|web_search|10|JSON_SAVED||2468|e64e6b73-2081-4108-95a8-97cb5aeb3044
2026-04-03 14:05:22|gpt|web_search|10|QUESTION_ADVANCE||2469|94b5c11b-6338-431e-ba68-0744a8c0bbba
2026-04-03 14:07:16|gpt|web_search|11|QUESTION_SENT||2637|0c5340a0-4928-4375-ab29-645e8e7d216f
2026-04-03 14:08:04|gpt|web_search|13|QUESTION_SENT||2788|95d03bc6-9b81-4388-9a37-2bc4a2daa669
2026-04-03 14:08:07|gpt|web_search|10|QUESTION_SENT||2469|94b5c11b-6338-431e-ba68-0744a8c0bbba
2026-04-03 14:08:09|gpt|web_search|11|JSON_VERIFY_FAILED||2637|0c5340a0-4928-4375-ab29-645e8e7d216f
2026-04-03 14:08:09|gpt|web_search|11|QUESTION|38|2637|0c5340a0-4928-4375-ab29-645e8e7d216f
2026-04-03 14:08:19|gpt|web_search|11|QUESTION_SENT||2637|0c5340a0-4928-4375-ab29-645e8e7d216f
2026-04-03 14:08:49|gpt|web_search|13|JSON_VERIFIED||2788|95d03bc6-9b81-4388-9a37-2bc4a2daa669
2026-04-03 14:08:49|gpt|web_search|13|QUESTION|39|2788|95d03bc6-9b81-4388-9a37-2bc4a2daa669
2026-04-03 14:08:49|gpt|web_search|13|JSON_SAVED||2788|95d03bc6-9b81-4388-9a37-2bc4a2daa669
2026-04-03 14:08:49|gpt|web_search|13|QUESTION_ADVANCE||2789|87627d64-8737-4633-a564-d748386e53ad
2026-04-03 14:08:54|gpt|web_search|10|JSON_VERIFIED||2469|94b5c11b-6338-431e-ba68-0744a8c0bbba
2026-04-03 14:08:54|gpt|web_search|10|QUESTION|20|2469|94b5c11b-6338-431e-ba68-0744a8c0bbba
2026-04-03 14:08:54|gpt|web_search|10|JSON_SAVED||2469|94b5c11b-6338-431e-ba68-0744a8c0bbba
2026-04-03 14:08:54|gpt|web_search|10|QUESTION_ADVANCE||2470|f2da6a5b-cf65-4933-a8a8-631fd5228359
2026-04-03 14:08:55|gpt|web_search|11|JSON_VERIFIED||2637|0c5340a0-4928-4375-ab29-645e8e7d216f
2026-04-03 14:08:55|gpt|web_search|11|QUESTION|39|2637|0c5340a0-4928-4375-ab29-645e8e7d216f
2026-04-03 14:08:55|gpt|web_search|11|JSON_SAVED||2637|0c5340a0-4928-4375-ab29-645e8e7d216f
2026-04-03 14:08:55|gpt|web_search|11|QUESTION_ADVANCE||2638|dff20444-848b-4c88-b0b6-58f411dc0ba3
2026-04-03 14:11:38|gpt|web_search|13|QUESTION_SENT||2789|87627d64-8737-4633-a564-d748386e53ad
2026-04-03 14:11:42|gpt|web_search|10|QUESTION_SENT||2470|f2da6a5b-cf65-4933-a8a8-631fd5228359
2026-04-03 14:11:56|gpt|web_search|11|QUESTION_SENT||2638|dff20444-848b-4c88-b0b6-58f411dc0ba3
2026-04-03 14:12:25|gpt|web_search|13|JSON_VERIFIED||2789|87627d64-8737-4633-a564-d748386e53ad
2026-04-03 14:12:25|gpt|web_search|13|QUESTION|40|2789|87627d64-8737-4633-a564-d748386e53ad
2026-04-03 14:12:25|gpt|web_search|13|JSON_SAVED||2789|87627d64-8737-4633-a564-d748386e53ad
2026-04-03 14:12:25|gpt|web_search|13|QUESTION_ADVANCE||2790|600550f4-cfbc-4fb5-ad1a-5ae229bdd30c
2026-04-03 14:12:30|gpt|web_search|10|JSON_VERIFIED||2470|f2da6a5b-cf65-4933-a8a8-631fd5228359
2026-04-03 14:12:30|gpt|web_search|10|QUESTION|21|2470|f2da6a5b-cf65-4933-a8a8-631fd5228359
2026-04-03 14:12:30|gpt|web_search|10|JSON_SAVED||2470|f2da6a5b-cf65-4933-a8a8-631fd5228359
2026-04-03 14:12:30|gpt|web_search|10|QUESTION_ADVANCE||2471|00828132-d506-4baa-a71e-043020641a0f
2026-04-03 14:12:42|gpt|web_search|11|JSON_VERIFIED||2638|dff20444-848b-4c88-b0b6-58f411dc0ba3
2026-04-03 14:12:42|gpt|web_search|11|QUESTION|40|2638|dff20444-848b-4c88-b0b6-58f411dc0ba3
2026-04-03 14:12:42|gpt|web_search|11|JSON_SAVED||2638|dff20444-848b-4c88-b0b6-58f411dc0ba3
2026-04-03 14:12:42|gpt|web_search|11|QUESTION_ADVANCE||2639|60bc9fec-c4b7-4f17-b3d4-351997c2b7ab
2026-04-03 14:15:11|gpt|web_search|13|QUESTION_SENT||2790|600550f4-cfbc-4fb5-ad1a-5ae229bdd30c
2026-04-03 14:15:17|gpt|web_search|10|QUESTION_SENT||2471|00828132-d506-4baa-a71e-043020641a0f
2026-04-03 14:15:33|gpt|web_search|11|QUESTION_SENT||2639|60bc9fec-c4b7-4f17-b3d4-351997c2b7ab
2026-04-03 14:15:58|gpt|web_search|13|JSON_VERIFIED||2790|600550f4-cfbc-4fb5-ad1a-5ae229bdd30c
2026-04-03 14:15:58|gpt|web_search|13|QUESTION|41|2790|600550f4-cfbc-4fb5-ad1a-5ae229bdd30c
2026-04-03 14:15:58|gpt|web_search|13|JSON_SAVED||2790|600550f4-cfbc-4fb5-ad1a-5ae229bdd30c
2026-04-03 14:15:58|gpt|web_search|13|QUESTION_ADVANCE||2791|989fd7f3-3e3c-49a3-bd36-26f7f21a386c
2026-04-03 14:16:07|gpt|web_search|10|JSON_VERIFIED||2471|00828132-d506-4baa-a71e-043020641a0f
2026-04-03 14:16:07|gpt|web_search|10|QUESTION|22|2471|00828132-d506-4baa-a71e-043020641a0f
2026-04-03 14:16:07|gpt|web_search|10|JSON_SAVED||2471|00828132-d506-4baa-a71e-043020641a0f
2026-04-03 14:16:07|gpt|web_search|10|QUESTION_ADVANCE||2472|22d78c8c-3861-4957-8fd5-9d3bf19419ee
2026-04-03 14:16:24|gpt|web_search|11|JSON_VERIFIED||2639|60bc9fec-c4b7-4f17-b3d4-351997c2b7ab
2026-04-03 14:16:24|gpt|web_search|11|QUESTION|41|2639|60bc9fec-c4b7-4f17-b3d4-351997c2b7ab
2026-04-03 14:16:24|gpt|web_search|11|JSON_SAVED||2639|60bc9fec-c4b7-4f17-b3d4-351997c2b7ab
2026-04-03 14:16:24|gpt|web_search|11|QUESTION_ADVANCE||2640|fbdf9a45-b368-4154-8a75-c1272050b578
2026-04-03 14:18:44|gpt|web_search|13|QUESTION_SENT||2791|989fd7f3-3e3c-49a3-bd36-26f7f21a386c
2026-04-03 14:18:52|gpt|web_search|10|QUESTION_SENT||2472|22d78c8c-3861-4957-8fd5-9d3bf19419ee
2026-04-03 14:19:10|gpt|web_search|11|QUESTION_SENT||2640|fbdf9a45-b368-4154-8a75-c1272050b578
2026-04-03 14:19:34|gpt|web_search|13|JSON_VERIFIED||2791|989fd7f3-3e3c-49a3-bd36-26f7f21a386c
2026-04-03 14:19:34|gpt|web_search|13|QUESTION|42|2791|989fd7f3-3e3c-49a3-bd36-26f7f21a386c
2026-04-03 14:19:34|gpt|web_search|13|JSON_SAVED||2791|989fd7f3-3e3c-49a3-bd36-26f7f21a386c
2026-04-03 14:19:34|gpt|web_search|13|QUESTION_ADVANCE||2792|733d1d5d-aa83-427c-9f72-0ff53a37e497
2026-04-03 14:19:52|gpt|web_search|10|JSON_VERIFIED||2472|22d78c8c-3861-4957-8fd5-9d3bf19419ee
2026-04-03 14:19:52|gpt|web_search|10|QUESTION|23|2472|22d78c8c-3861-4957-8fd5-9d3bf19419ee
2026-04-03 14:19:52|gpt|web_search|10|JSON_SAVED||2472|22d78c8c-3861-4957-8fd5-9d3bf19419ee
2026-04-03 14:19:52|gpt|web_search|10|QUESTION_ADVANCE||2473|6a9bbcb7-31b5-464e-ace8-68f93a655279
2026-04-03 14:20:05|gpt|web_search|11|JSON_VERIFIED||2640|fbdf9a45-b368-4154-8a75-c1272050b578
2026-04-03 14:20:05|gpt|web_search|11|QUESTION|42|2640|fbdf9a45-b368-4154-8a75-c1272050b578
2026-04-03 14:20:05|gpt|web_search|11|JSON_SAVED||2640|fbdf9a45-b368-4154-8a75-c1272050b578
2026-04-03 14:20:05|gpt|web_search|11|QUESTION_ADVANCE||2641|3b3d511a-cf50-4b3b-a383-c044bd7e9102
2026-04-03 14:22:17|gpt|web_search|13|QUESTION_SENT||2792|733d1d5d-aa83-427c-9f72-0ff53a37e497
2026-04-03 14:22:27|gpt|web_search|10|QUESTION_SENT||2473|6a9bbcb7-31b5-464e-ace8-68f93a655279
2026-04-03 14:22:47|gpt|web_search|11|QUESTION_SENT||2641|3b3d511a-cf50-4b3b-a383-c044bd7e9102
2026-04-03 14:23:04|gpt|web_search|13|JSON_VERIFIED||2792|733d1d5d-aa83-427c-9f72-0ff53a37e497
2026-04-03 14:23:04|gpt|web_search|13|QUESTION|43|2792|733d1d5d-aa83-427c-9f72-0ff53a37e497
2026-04-03 14:23:04|gpt|web_search|13|JSON_SAVED||2792|733d1d5d-aa83-427c-9f72-0ff53a37e497
2026-04-03 14:23:04|gpt|web_search|13|QUESTION_ADVANCE||2793|c195c555-ef4b-4750-8ccd-5b5a5783ef16
2026-04-03 14:23:16|gpt|web_search|10|JSON_VERIFIED||2473|6a9bbcb7-31b5-464e-ace8-68f93a655279
2026-04-03 14:23:16|gpt|web_search|10|QUESTION|24|2473|6a9bbcb7-31b5-464e-ace8-68f93a655279
2026-04-03 14:23:16|gpt|web_search|10|JSON_SAVED||2473|6a9bbcb7-31b5-464e-ace8-68f93a655279
2026-04-03 14:23:16|gpt|web_search|10|QUESTION_ADVANCE||2474|1bbb5b6a-be68-4f23-a55e-6a633b768685
2026-04-03 14:23:34|gpt|web_search|11|JSON_VERIFIED||2641|3b3d511a-cf50-4b3b-a383-c044bd7e9102
2026-04-03 14:23:34|gpt|web_search|11|QUESTION|43|2641|3b3d511a-cf50-4b3b-a383-c044bd7e9102
2026-04-03 14:23:34|gpt|web_search|11|JSON_SAVED||2641|3b3d511a-cf50-4b3b-a383-c044bd7e9102
2026-04-03 14:23:34|gpt|web_search|11|QUESTION_ADVANCE||2642|38aa3234-f552-452f-9eaa-d163ce6715ad
2026-04-03 14:25:51|gpt|web_search|13|QUESTION_SENT||2793|c195c555-ef4b-4750-8ccd-5b5a5783ef16
2026-04-03 14:26:03|gpt|web_search|10|QUESTION_SENT||2474|1bbb5b6a-be68-4f23-a55e-6a633b768685
2026-04-03 14:26:25|gpt|web_search|11|QUESTION_SENT||2642|38aa3234-f552-452f-9eaa-d163ce6715ad
2026-04-03 14:26:34|gpt|web_search|13|JSON_VERIFIED||2793|c195c555-ef4b-4750-8ccd-5b5a5783ef16
2026-04-03 14:26:34|gpt|web_search|13|QUESTION|44|2793|c195c555-ef4b-4750-8ccd-5b5a5783ef16
2026-04-03 14:26:34|gpt|web_search|13|JSON_SAVED||2793|c195c555-ef4b-4750-8ccd-5b5a5783ef16
2026-04-03 14:26:34|gpt|web_search|13|QUESTION_ADVANCE||2794|7e3d9e22-8a7a-4dca-92f1-bc81ca0cc515
2026-04-03 14:26:51|gpt|web_search|10|JSON_VERIFIED||2474|1bbb5b6a-be68-4f23-a55e-6a633b768685
2026-04-03 14:26:51|gpt|web_search|10|QUESTION|25|2474|1bbb5b6a-be68-4f23-a55e-6a633b768685
2026-04-03 14:26:51|gpt|web_search|10|JSON_SAVED||2474|1bbb5b6a-be68-4f23-a55e-6a633b768685
2026-04-03 14:26:51|gpt|web_search|10|QUESTION_ADVANCE||2475|2b86b503-0a67-4b18-afd2-24e54a7bc653
2026-04-03 14:27:13|gpt|web_search|11|JSON_VERIFIED||2642|38aa3234-f552-452f-9eaa-d163ce6715ad
2026-04-03 14:27:13|gpt|web_search|11|QUESTION|44|2642|38aa3234-f552-452f-9eaa-d163ce6715ad
2026-04-03 14:27:13|gpt|web_search|11|JSON_SAVED||2642|38aa3234-f552-452f-9eaa-d163ce6715ad
2026-04-03 14:27:13|gpt|web_search|11|QUESTION_ADVANCE||2643|47f2ba25-8b9d-49e6-891b-87d28f397883
2026-04-03 14:29:24|gpt|web_search|13|QUESTION_SENT||2794|7e3d9e22-8a7a-4dca-92f1-bc81ca0cc515
2026-04-03 14:29:38|gpt|web_search|10|QUESTION_SENT||2475|2b86b503-0a67-4b18-afd2-24e54a7bc653
2026-04-03 14:30:02|gpt|web_search|11|QUESTION_SENT||2643|47f2ba25-8b9d-49e6-891b-87d28f397883
2026-04-03 14:30:11|gpt|web_search|13|JSON_VERIFIED||2794|7e3d9e22-8a7a-4dca-92f1-bc81ca0cc515
2026-04-03 14:30:11|gpt|web_search|13|QUESTION|45|2794|7e3d9e22-8a7a-4dca-92f1-bc81ca0cc515
2026-04-03 14:30:11|gpt|web_search|13|JSON_SAVED||2794|7e3d9e22-8a7a-4dca-92f1-bc81ca0cc515
2026-04-03 14:30:11|gpt|web_search|13|QUESTION_ADVANCE||2795|94775e13-7d1e-408f-88c6-531bb0c37928
2026-04-03 14:31:00|gpt|web_search|11|JSON_VERIFIED||2643|47f2ba25-8b9d-49e6-891b-87d28f397883
2026-04-03 14:31:00|gpt|web_search|11|QUESTION|45|2643|47f2ba25-8b9d-49e6-891b-87d28f397883
2026-04-03 14:31:00|gpt|web_search|11|JSON_SAVED||2643|47f2ba25-8b9d-49e6-891b-87d28f397883
2026-04-03 14:31:00|gpt|web_search|11|QUESTION_ADVANCE||2644|72b4fc67-718a-4606-bb2c-a74bc90ca634
2026-04-03 14:32:57|gpt|web_search|13|QUESTION_SENT||2795|94775e13-7d1e-408f-88c6-531bb0c37928
2026-04-03 14:33:13|gpt|web_search|10|QUESTION_SENT||2475|2b86b503-0a67-4b18-afd2-24e54a7bc653
2026-04-03 14:33:39|gpt|web_search|11|QUESTION_SENT||2644|72b4fc67-718a-4606-bb2c-a74bc90ca634
2026-04-03 14:33:44|gpt|web_search|13|JSON_VERIFIED||2795|94775e13-7d1e-408f-88c6-531bb0c37928
2026-04-03 14:33:44|gpt|web_search|13|QUESTION|46|2795|94775e13-7d1e-408f-88c6-531bb0c37928
2026-04-03 14:33:44|gpt|web_search|13|JSON_SAVED||2795|94775e13-7d1e-408f-88c6-531bb0c37928
2026-04-03 14:33:44|gpt|web_search|13|QUESTION_ADVANCE||2796|c85555f1-fa84-49c6-984d-a6831a1a4538
2026-04-03 14:34:26|gpt|web_search|11|JSON_VERIFIED||2644|72b4fc67-718a-4606-bb2c-a74bc90ca634
2026-04-03 14:34:26|gpt|web_search|11|QUESTION|46|2644|72b4fc67-718a-4606-bb2c-a74bc90ca634
2026-04-03 14:34:26|gpt|web_search|11|JSON_SAVED||2644|72b4fc67-718a-4606-bb2c-a74bc90ca634
2026-04-03 14:34:26|gpt|web_search|11|QUESTION_ADVANCE||2645|953bc516-b687-4114-a4a3-54748720dda6
2026-04-03 14:36:31|gpt|web_search|13|QUESTION_SENT||2796|c85555f1-fa84-49c6-984d-a6831a1a4538
2026-04-03 14:36:48|gpt|web_search|10|QUESTION_SENT||2475|2b86b503-0a67-4b18-afd2-24e54a7bc653
2026-04-03 14:37:16|gpt|web_search|11|QUESTION_SENT||2645|953bc516-b687-4114-a4a3-54748720dda6
2026-04-03 14:37:19|gpt|web_search|13|JSON_VERIFIED||2796|c85555f1-fa84-49c6-984d-a6831a1a4538
2026-04-03 14:37:19|gpt|web_search|13|QUESTION|47|2796|c85555f1-fa84-49c6-984d-a6831a1a4538
2026-04-03 14:37:19|gpt|web_search|13|JSON_SAVED||2796|c85555f1-fa84-49c6-984d-a6831a1a4538
2026-04-03 14:37:19|gpt|web_search|13|QUESTION_ADVANCE||2797|be28b1b7-62a4-465e-9114-fd65f8be34fc
2026-04-03 14:37:37|gpt|web_search|10|JSON_VERIFIED||2475|2b86b503-0a67-4b18-afd2-24e54a7bc653
2026-04-03 14:37:37|gpt|web_search|10|QUESTION|26|2475|2b86b503-0a67-4b18-afd2-24e54a7bc653
2026-04-03 14:37:37|gpt|web_search|10|JSON_SAVED||2475|2b86b503-0a67-4b18-afd2-24e54a7bc653
2026-04-03 14:37:37|gpt|web_search|10|QUESTION_ADVANCE||2476|835f32d6-e23e-4ec7-a536-05160bb04530
2026-04-03 14:40:04|gpt|web_search|13|QUESTION_SENT||2797|be28b1b7-62a4-465e-9114-fd65f8be34fc
2026-04-03 14:40:23|gpt|web_search|10|QUESTION_SENT||2476|835f32d6-e23e-4ec7-a536-05160bb04530
2026-04-03 14:40:50|gpt|web_search|13|JSON_VERIFIED||2797|be28b1b7-62a4-465e-9114-fd65f8be34fc
2026-04-03 14:40:50|gpt|web_search|13|QUESTION|48|2797|be28b1b7-62a4-465e-9114-fd65f8be34fc
2026-04-03 14:40:50|gpt|web_search|13|JSON_SAVED||2797|be28b1b7-62a4-465e-9114-fd65f8be34fc
2026-04-03 14:40:50|gpt|web_search|13|QUESTION_ADVANCE||2798|6c70b795-0920-48ae-8207-29416d612a1e
2026-04-03 14:40:53|gpt|web_search|11|QUESTION_SENT||2645|953bc516-b687-4114-a4a3-54748720dda6
2026-04-03 14:41:10|gpt|web_search|10|JSON_VERIFIED||2476|835f32d6-e23e-4ec7-a536-05160bb04530
2026-04-03 14:41:10|gpt|web_search|10|QUESTION|27|2476|835f32d6-e23e-4ec7-a536-05160bb04530
2026-04-03 14:41:10|gpt|web_search|10|JSON_SAVED||2476|835f32d6-e23e-4ec7-a536-05160bb04530
2026-04-03 14:41:10|gpt|web_search|10|QUESTION_ADVANCE||2477|c336fc4a-1235-4bba-a953-0e7e19eeabe4
2026-04-03 14:41:46|gpt|web_search|11|JSON_VERIFIED||2645|953bc516-b687-4114-a4a3-54748720dda6
2026-04-03 14:41:46|gpt|web_search|11|QUESTION|47|2645|953bc516-b687-4114-a4a3-54748720dda6
2026-04-03 14:41:46|gpt|web_search|11|JSON_SAVED||2645|953bc516-b687-4114-a4a3-54748720dda6
2026-04-03 14:41:46|gpt|web_search|11|QUESTION_ADVANCE||2646|94451a5f-4197-40e6-8942-a7f77eaaa34d
2026-04-03 14:43:38|gpt|web_search|13|QUESTION_SENT||2798|6c70b795-0920-48ae-8207-29416d612a1e
2026-04-03 14:43:59|gpt|web_search|10|QUESTION_SENT||2477|c336fc4a-1235-4bba-a953-0e7e19eeabe4
2026-04-03 14:44:29|gpt|web_search|13|JSON_VERIFIED||2798|6c70b795-0920-48ae-8207-29416d612a1e
2026-04-03 14:44:29|gpt|web_search|13|QUESTION|49|2798|6c70b795-0920-48ae-8207-29416d612a1e
2026-04-03 14:44:29|gpt|web_search|13|JSON_SAVED||2798|6c70b795-0920-48ae-8207-29416d612a1e
2026-04-03 14:44:29|gpt|web_search|13|QUESTION_ADVANCE||2799|e532b434-fbe4-478b-a102-94f1a425e22b
2026-04-03 14:44:30|gpt|web_search|11|QUESTION_SENT||2646|94451a5f-4197-40e6-8942-a7f77eaaa34d
2026-04-03 14:44:51|gpt|web_search|10|JSON_VERIFIED||2477|c336fc4a-1235-4bba-a953-0e7e19eeabe4
2026-04-03 14:44:51|gpt|web_search|10|QUESTION|28|2477|c336fc4a-1235-4bba-a953-0e7e19eeabe4
2026-04-03 14:44:51|gpt|web_search|10|JSON_SAVED||2477|c336fc4a-1235-4bba-a953-0e7e19eeabe4
2026-04-03 14:44:51|gpt|web_search|10|QUESTION_ADVANCE||2478|8780f8b4-0aeb-4e77-a600-63d996abb1bb
2026-04-03 14:45:17|gpt|web_search|11|JSON_VERIFIED||2646|94451a5f-4197-40e6-8942-a7f77eaaa34d
2026-04-03 14:45:17|gpt|web_search|11|QUESTION|48|2646|94451a5f-4197-40e6-8942-a7f77eaaa34d
2026-04-03 14:45:17|gpt|web_search|11|JSON_SAVED||2646|94451a5f-4197-40e6-8942-a7f77eaaa34d
2026-04-03 14:45:17|gpt|web_search|11|QUESTION_ADVANCE||2647|99b3afd1-f0a2-4be8-a368-548aa44adb82
2026-04-03 14:47:11|gpt|web_search|13|QUESTION_SENT||2799|e532b434-fbe4-478b-a102-94f1a425e22b
2026-04-03 14:47:33|gpt|web_search|10|QUESTION_SENT||2478|8780f8b4-0aeb-4e77-a600-63d996abb1bb
2026-04-03 14:47:54|gpt|web_search|13|JSON_VERIFIED||2799|e532b434-fbe4-478b-a102-94f1a425e22b
2026-04-03 14:47:54|gpt|web_search|13|QUESTION|50|2799|e532b434-fbe4-478b-a102-94f1a425e22b
2026-04-03 14:47:54|gpt|web_search|13|JSON_SAVED||2799|e532b434-fbe4-478b-a102-94f1a425e22b
2026-04-03 14:47:54|gpt|web_search|13|QUESTION_ADVANCE||2800|a66add88-2963-496c-822a-9eceb779e23c
2026-04-03 14:48:08|gpt|web_search|11|QUESTION_SENT||2647|99b3afd1-f0a2-4be8-a368-548aa44adb82
2026-04-03 14:50:44|gpt|web_search|13|QUESTION_SENT||2800|a66add88-2963-496c-822a-9eceb779e23c
2026-04-03 14:51:09|gpt|web_search|10|QUESTION_SENT||2478|8780f8b4-0aeb-4e77-a600-63d996abb1bb
2026-04-03 14:51:31|gpt|web_search|13|JSON_VERIFIED||2800|a66add88-2963-496c-822a-9eceb779e23c
2026-04-03 14:51:31|gpt|web_search|13|QUESTION|51|2800|a66add88-2963-496c-822a-9eceb779e23c
2026-04-03 14:51:31|gpt|web_search|13|JSON_SAVED||2800|a66add88-2963-496c-822a-9eceb779e23c
2026-04-03 14:51:31|gpt|web_search|13|QUESTION_ADVANCE||2801|7465f4d3-bbe7-4e25-a0db-a7e2428cc909
2026-04-03 14:51:45|gpt|web_search|11|QUESTION_SENT||2647|99b3afd1-f0a2-4be8-a368-548aa44adb82
2026-04-03 14:51:59|gpt|web_search|10|JSON_VERIFIED||2478|8780f8b4-0aeb-4e77-a600-63d996abb1bb
2026-04-03 14:51:59|gpt|web_search|10|QUESTION|29|2478|8780f8b4-0aeb-4e77-a600-63d996abb1bb
2026-04-03 14:51:59|gpt|web_search|10|JSON_SAVED||2478|8780f8b4-0aeb-4e77-a600-63d996abb1bb
2026-04-03 14:51:59|gpt|web_search|10|QUESTION_ADVANCE||2479|2d39962c-82e4-46f3-acec-d03be2667347
2026-04-03 14:52:33|gpt|web_search|11|JSON_VERIFIED||2647|99b3afd1-f0a2-4be8-a368-548aa44adb82
2026-04-03 14:52:33|gpt|web_search|11|QUESTION|49|2647|99b3afd1-f0a2-4be8-a368-548aa44adb82
2026-04-03 14:52:33|gpt|web_search|11|JSON_SAVED||2647|99b3afd1-f0a2-4be8-a368-548aa44adb82
2026-04-03 14:52:33|gpt|web_search|11|QUESTION_ADVANCE||2648|6672d273-70c8-4497-aa28-4e3c1e76e094
2026-04-03 14:54:17|gpt|web_search|13|QUESTION_SENT||2801|7465f4d3-bbe7-4e25-a0db-a7e2428cc909
2026-04-03 14:54:44|gpt|web_search|10|QUESTION_SENT||2479|2d39962c-82e4-46f3-acec-d03be2667347
2026-04-03 14:55:03|gpt|web_search|13|JSON_VERIFIED||2801|7465f4d3-bbe7-4e25-a0db-a7e2428cc909
2026-04-03 14:55:03|gpt|web_search|13|QUESTION|52|2801|7465f4d3-bbe7-4e25-a0db-a7e2428cc909
2026-04-03 14:55:03|gpt|web_search|13|JSON_SAVED||2801|7465f4d3-bbe7-4e25-a0db-a7e2428cc909
2026-04-03 14:55:03|gpt|web_search|13|QUESTION_ADVANCE||2802|85eb9c2f-4667-4790-b514-1b77ef5d8428
2026-04-03 14:55:22|gpt|web_search|11|QUESTION_SENT||2648|6672d273-70c8-4497-aa28-4e3c1e76e094
2026-04-03 14:55:31|gpt|web_search|10|JSON_VERIFIED||2479|2d39962c-82e4-46f3-acec-d03be2667347
2026-04-03 14:55:31|gpt|web_search|10|QUESTION|30|2479|2d39962c-82e4-46f3-acec-d03be2667347
2026-04-03 14:55:31|gpt|web_search|10|JSON_SAVED||2479|2d39962c-82e4-46f3-acec-d03be2667347
2026-04-03 14:55:31|gpt|web_search|10|QUESTION_ADVANCE||2480|e96c18b3-1cff-46a9-9241-5d39e31a673e
2026-04-03 14:57:50|gpt|web_search|13|QUESTION_SENT||2802|85eb9c2f-4667-4790-b514-1b77ef5d8428
2026-04-03 14:58:19|gpt|web_search|10|QUESTION_SENT||2480|e96c18b3-1cff-46a9-9241-5d39e31a673e
2026-04-03 14:58:39|gpt|web_search|13|JSON_VERIFIED||2802|85eb9c2f-4667-4790-b514-1b77ef5d8428
2026-04-03 14:58:39|gpt|web_search|13|QUESTION|53|2802|85eb9c2f-4667-4790-b514-1b77ef5d8428
2026-04-03 14:58:39|gpt|web_search|13|JSON_SAVED||2802|85eb9c2f-4667-4790-b514-1b77ef5d8428
2026-04-03 14:58:39|gpt|web_search|13|QUESTION_ADVANCE||2803|1862b68d-2338-4158-b3ec-c585fa14bbca
2026-04-03 14:58:59|gpt|web_search|11|QUESTION_SENT||2648|6672d273-70c8-4497-aa28-4e3c1e76e094
2026-04-03 14:59:09|gpt|web_search|10|JSON_VERIFIED||2480|e96c18b3-1cff-46a9-9241-5d39e31a673e
2026-04-03 14:59:09|gpt|web_search|10|QUESTION|31|2480|e96c18b3-1cff-46a9-9241-5d39e31a673e
2026-04-03 14:59:09|gpt|web_search|10|JSON_SAVED||2480|e96c18b3-1cff-46a9-9241-5d39e31a673e
2026-04-03 14:59:09|gpt|web_search|10|QUESTION_ADVANCE||2481|d0d461c4-afb4-4a67-856a-c65654af72f5
2026-04-03 14:59:48|gpt|web_search|11|JSON_VERIFIED||2648|6672d273-70c8-4497-aa28-4e3c1e76e094
2026-04-03 14:59:48|gpt|web_search|11|QUESTION|50|2648|6672d273-70c8-4497-aa28-4e3c1e76e094
2026-04-03 14:59:48|gpt|web_search|11|JSON_SAVED||2648|6672d273-70c8-4497-aa28-4e3c1e76e094
2026-04-03 14:59:48|gpt|web_search|11|QUESTION_ADVANCE||2649|9863d198-8edc-441d-aafe-feae8756852f
2026-04-03 15:01:24|gpt|web_search|13|QUESTION_SENT||2803|1862b68d-2338-4158-b3ec-c585fa14bbca
2026-04-03 15:01:54|gpt|web_search|10|QUESTION_SENT||2481|d0d461c4-afb4-4a67-856a-c65654af72f5
2026-04-03 15:02:11|gpt|web_search|13|JSON_VERIFIED||2803|1862b68d-2338-4158-b3ec-c585fa14bbca
2026-04-03 15:02:11|gpt|web_search|13|QUESTION|54|2803|1862b68d-2338-4158-b3ec-c585fa14bbca
2026-04-03 15:02:11|gpt|web_search|13|JSON_SAVED||2803|1862b68d-2338-4158-b3ec-c585fa14bbca
2026-04-03 15:02:11|gpt|web_search|13|QUESTION_ADVANCE||2804|a039fa38-4f92-462a-9cc0-6a7d474aefae
2026-04-03 15:02:36|gpt|web_search|11|QUESTION_SENT||2649|9863d198-8edc-441d-aafe-feae8756852f
2026-04-03 15:02:43|gpt|web_search|10|JSON_VERIFIED||2481|d0d461c4-afb4-4a67-856a-c65654af72f5
2026-04-03 15:02:43|gpt|web_search|10|QUESTION|32|2481|d0d461c4-afb4-4a67-856a-c65654af72f5
2026-04-03 15:02:43|gpt|web_search|10|JSON_SAVED||2481|d0d461c4-afb4-4a67-856a-c65654af72f5
2026-04-03 15:02:43|gpt|web_search|10|QUESTION_ADVANCE||2482|ac7a058f-6fd4-45bb-9d81-f0d45078e2a5
2026-04-03 15:03:26|gpt|web_search|11|JSON_VERIFIED||2649|9863d198-8edc-441d-aafe-feae8756852f
2026-04-03 15:03:26|gpt|web_search|11|QUESTION|51|2649|9863d198-8edc-441d-aafe-feae8756852f
2026-04-03 15:03:26|gpt|web_search|11|JSON_SAVED||2649|9863d198-8edc-441d-aafe-feae8756852f
2026-04-03 15:03:26|gpt|web_search|11|QUESTION_ADVANCE||2650|4569abc7-e1e4-45f3-81fc-b6451ce55a39
2026-04-03 15:04:57|gpt|web_search|13|QUESTION_SENT||2804|a039fa38-4f92-462a-9cc0-6a7d474aefae
2026-04-03 15:05:29|gpt|web_search|10|QUESTION_SENT||2482|ac7a058f-6fd4-45bb-9d81-f0d45078e2a5
2026-04-03 15:05:46|gpt|web_search|13|JSON_VERIFIED||2804|a039fa38-4f92-462a-9cc0-6a7d474aefae
2026-04-03 15:05:46|gpt|web_search|13|QUESTION|55|2804|a039fa38-4f92-462a-9cc0-6a7d474aefae
2026-04-03 15:05:46|gpt|web_search|13|JSON_SAVED||2804|a039fa38-4f92-462a-9cc0-6a7d474aefae
2026-04-03 15:05:46|gpt|web_search|13|QUESTION_ADVANCE||2805|aa9cf90e-62e1-4801-a254-db6f0866d8f5
2026-04-03 15:06:14|gpt|web_search|11|QUESTION_SENT||2650|4569abc7-e1e4-45f3-81fc-b6451ce55a39
2026-04-03 15:06:21|gpt|web_search|10|JSON_VERIFIED||2482|ac7a058f-6fd4-45bb-9d81-f0d45078e2a5
2026-04-03 15:06:21|gpt|web_search|10|QUESTION|33|2482|ac7a058f-6fd4-45bb-9d81-f0d45078e2a5
2026-04-03 15:06:21|gpt|web_search|10|JSON_SAVED||2482|ac7a058f-6fd4-45bb-9d81-f0d45078e2a5
2026-04-03 15:06:21|gpt|web_search|10|QUESTION_ADVANCE||2483|9ba66d1c-be7f-40a3-938a-3bb580bc9adc
2026-04-03 15:07:01|gpt|web_search|11|JSON_VERIFIED||2650|4569abc7-e1e4-45f3-81fc-b6451ce55a39
2026-04-03 15:07:01|gpt|web_search|11|QUESTION|52|2650|4569abc7-e1e4-45f3-81fc-b6451ce55a39
2026-04-03 15:07:01|gpt|web_search|11|JSON_SAVED||2650|4569abc7-e1e4-45f3-81fc-b6451ce55a39
2026-04-03 15:07:01|gpt|web_search|11|QUESTION_ADVANCE||2651|ff889af4-f659-4bc5-814d-84a87b1bd650
2026-04-03 15:08:31|gpt|web_search|13|QUESTION_SENT||2805|aa9cf90e-62e1-4801-a254-db6f0866d8f5
2026-04-03 15:09:04|gpt|web_search|10|QUESTION_SENT||2483|9ba66d1c-be7f-40a3-938a-3bb580bc9adc
2026-04-03 15:09:21|gpt|web_search|13|JSON_VERIFIED||2805|aa9cf90e-62e1-4801-a254-db6f0866d8f5
2026-04-03 15:09:21|gpt|web_search|13|QUESTION|56|2805|aa9cf90e-62e1-4801-a254-db6f0866d8f5
2026-04-03 15:09:21|gpt|web_search|13|JSON_SAVED||2805|aa9cf90e-62e1-4801-a254-db6f0866d8f5
2026-04-03 15:09:21|gpt|web_search|13|QUESTION_ADVANCE||2806|5bf61e3a-cb78-44bc-9c09-b2d0e34811d3
2026-04-03 15:09:51|gpt|web_search|11|QUESTION_SENT||2651|ff889af4-f659-4bc5-814d-84a87b1bd650
2026-04-03 15:09:57|gpt|web_search|10|JSON_VERIFIED||2483|9ba66d1c-be7f-40a3-938a-3bb580bc9adc
2026-04-03 15:09:57|gpt|web_search|10|QUESTION|34|2483|9ba66d1c-be7f-40a3-938a-3bb580bc9adc
2026-04-03 15:09:57|gpt|web_search|10|JSON_SAVED||2483|9ba66d1c-be7f-40a3-938a-3bb580bc9adc
2026-04-03 15:09:57|gpt|web_search|10|QUESTION_ADVANCE||2484|b45872d3-fe42-402f-b1e9-760d5c8f091b
2026-04-03 15:10:38|gpt|web_search|11|JSON_VERIFIED||2651|ff889af4-f659-4bc5-814d-84a87b1bd650
2026-04-03 15:10:38|gpt|web_search|11|QUESTION|53|2651|ff889af4-f659-4bc5-814d-84a87b1bd650
2026-04-03 15:10:38|gpt|web_search|11|JSON_SAVED||2651|ff889af4-f659-4bc5-814d-84a87b1bd650
2026-04-03 15:10:38|gpt|web_search|11|QUESTION_ADVANCE||2652|440cdd52-fad2-46d8-9604-995e388c3f58
2026-04-03 15:12:04|gpt|web_search|13|QUESTION_SENT||2806|5bf61e3a-cb78-44bc-9c09-b2d0e34811d3
2026-04-03 15:12:39|gpt|web_search|10|QUESTION_SENT||2484|b45872d3-fe42-402f-b1e9-760d5c8f091b
2026-04-03 15:12:52|gpt|web_search|13|JSON_VERIFIED||2806|5bf61e3a-cb78-44bc-9c09-b2d0e34811d3
2026-04-03 15:12:52|gpt|web_search|13|QUESTION|57|2806|5bf61e3a-cb78-44bc-9c09-b2d0e34811d3
2026-04-03 15:12:53|gpt|web_search|13|JSON_SAVED||2806|5bf61e3a-cb78-44bc-9c09-b2d0e34811d3
2026-04-03 15:12:53|gpt|web_search|13|QUESTION_ADVANCE||2807|ba266be7-36cc-47d5-9e68-80c375126212
2026-04-03 15:13:28|gpt|web_search|11|QUESTION_SENT||2652|440cdd52-fad2-46d8-9604-995e388c3f58
2026-04-03 15:13:31|gpt|web_search|10|JSON_VERIFIED||2484|b45872d3-fe42-402f-b1e9-760d5c8f091b
2026-04-03 15:13:31|gpt|web_search|10|QUESTION|35|2484|b45872d3-fe42-402f-b1e9-760d5c8f091b
2026-04-03 15:13:31|gpt|web_search|10|JSON_SAVED||2484|b45872d3-fe42-402f-b1e9-760d5c8f091b
2026-04-03 15:13:31|gpt|web_search|10|QUESTION_ADVANCE||2485|8e2aa103-df44-41f7-b1e2-de7f76fd9106
2026-04-03 15:14:16|gpt|web_search|11|JSON_VERIFIED||2652|440cdd52-fad2-46d8-9604-995e388c3f58
2026-04-03 15:14:16|gpt|web_search|11|QUESTION|54|2652|440cdd52-fad2-46d8-9604-995e388c3f58
2026-04-03 15:14:16|gpt|web_search|11|JSON_SAVED||2652|440cdd52-fad2-46d8-9604-995e388c3f58
2026-04-03 15:14:16|gpt|web_search|11|QUESTION_ADVANCE||2653|87ac3594-c3b0-4823-92be-57ab8d5050b9
2026-04-03 15:15:37|gpt|web_search|13|QUESTION_SENT||2807|ba266be7-36cc-47d5-9e68-80c375126212
2026-04-03 15:16:14|gpt|web_search|10|QUESTION_SENT||2485|8e2aa103-df44-41f7-b1e2-de7f76fd9106
2026-04-03 15:16:25|gpt|web_search|13|JSON_VERIFIED||2807|ba266be7-36cc-47d5-9e68-80c375126212
2026-04-03 15:16:25|gpt|web_search|13|QUESTION|58|2807|ba266be7-36cc-47d5-9e68-80c375126212
2026-04-03 15:16:25|gpt|web_search|13|JSON_SAVED||2807|ba266be7-36cc-47d5-9e68-80c375126212
2026-04-03 15:16:25|gpt|web_search|13|QUESTION_ADVANCE||2808|65e8c9bb-406b-4328-a2fb-02ab16a1a9b8
2026-04-03 15:16:56|gpt|web_search|10|JSON_VERIFIED||2485|8e2aa103-df44-41f7-b1e2-de7f76fd9106
2026-04-03 15:16:56|gpt|web_search|10|QUESTION|36|2485|8e2aa103-df44-41f7-b1e2-de7f76fd9106
2026-04-03 15:16:56|gpt|web_search|10|JSON_SAVED||2485|8e2aa103-df44-41f7-b1e2-de7f76fd9106
2026-04-03 15:16:56|gpt|web_search|10|QUESTION_ADVANCE||2486|ea074ba9-3739-4b46-b3fd-48872ae4574a
2026-04-03 15:17:05|gpt|web_search|11|QUESTION_SENT||2653|87ac3594-c3b0-4823-92be-57ab8d5050b9
2026-04-03 15:17:54|gpt|web_search|11|JSON_VERIFIED||2653|87ac3594-c3b0-4823-92be-57ab8d5050b9
2026-04-03 15:17:54|gpt|web_search|11|QUESTION|55|2653|87ac3594-c3b0-4823-92be-57ab8d5050b9
2026-04-03 15:17:54|gpt|web_search|11|JSON_SAVED||2653|87ac3594-c3b0-4823-92be-57ab8d5050b9
2026-04-03 15:17:54|gpt|web_search|11|QUESTION_ADVANCE||2654|a44520c1-294c-4bda-9dcd-6163adb0078e
2026-04-03 15:19:10|gpt|web_search|13|QUESTION_SENT||2808|65e8c9bb-406b-4328-a2fb-02ab16a1a9b8
2026-04-03 15:19:50|gpt|web_search|10|QUESTION_SENT||2486|ea074ba9-3739-4b46-b3fd-48872ae4574a
2026-04-03 15:19:57|gpt|web_search|13|JSON_VERIFIED||2808|65e8c9bb-406b-4328-a2fb-02ab16a1a9b8
2026-04-03 15:19:57|gpt|web_search|13|QUESTION|59|2808|65e8c9bb-406b-4328-a2fb-02ab16a1a9b8
2026-04-03 15:19:57|gpt|web_search|13|JSON_SAVED||2808|65e8c9bb-406b-4328-a2fb-02ab16a1a9b8
2026-04-03 15:19:57|gpt|web_search|13|QUESTION_ADVANCE||2809|aaefa6ba-a3b1-4908-a64b-8badc5ec3c46
2026-04-03 15:20:40|gpt|web_search|10|JSON_VERIFIED||2486|ea074ba9-3739-4b46-b3fd-48872ae4574a
2026-04-03 15:20:40|gpt|web_search|10|QUESTION|37|2486|ea074ba9-3739-4b46-b3fd-48872ae4574a
2026-04-03 15:20:40|gpt|web_search|10|JSON_SAVED||2486|ea074ba9-3739-4b46-b3fd-48872ae4574a
2026-04-03 15:20:40|gpt|web_search|10|QUESTION_ADVANCE||2487|2406d69a-8795-4ab6-ae56-4026ef32a2a1
2026-04-03 15:20:42|gpt|web_search|11|QUESTION_SENT||2654|a44520c1-294c-4bda-9dcd-6163adb0078e
2026-04-03 15:21:32|gpt|web_search|11|JSON_VERIFIED||2654|a44520c1-294c-4bda-9dcd-6163adb0078e
2026-04-03 15:21:32|gpt|web_search|11|QUESTION|56|2654|a44520c1-294c-4bda-9dcd-6163adb0078e
2026-04-03 15:21:32|gpt|web_search|11|JSON_SAVED||2654|a44520c1-294c-4bda-9dcd-6163adb0078e
2026-04-03 15:21:32|gpt|web_search|11|QUESTION_ADVANCE||2655|6e0c8cf1-d2a8-46da-9ab0-9d2f99090fc5
2026-04-03 15:22:44|gpt|web_search|13|QUESTION_SENT||2809|aaefa6ba-a3b1-4908-a64b-8badc5ec3c46
2026-04-03 15:23:25|gpt|web_search|10|QUESTION_SENT||2487|2406d69a-8795-4ab6-ae56-4026ef32a2a1
2026-04-03 15:23:27|gpt|web_search|13|JSON_VERIFIED||2809|aaefa6ba-a3b1-4908-a64b-8badc5ec3c46
2026-04-03 15:23:27|gpt|web_search|13|QUESTION|60|2809|aaefa6ba-a3b1-4908-a64b-8badc5ec3c46
2026-04-03 15:23:27|gpt|web_search|13|JSON_SAVED||2809|aaefa6ba-a3b1-4908-a64b-8badc5ec3c46
2026-04-03 15:23:27|gpt|web_search|13|QUESTION_ADVANCE||2810|3300a2ce-8756-4885-8504-341189644c0d
2026-04-03 15:23:59|gpt|web_search|10|JSON_VERIFY_FAILED||2487|2406d69a-8795-4ab6-ae56-4026ef32a2a1
2026-04-03 15:23:59|gpt|web_search|10|QUESTION|38|2487|2406d69a-8795-4ab6-ae56-4026ef32a2a1
2026-04-03 15:24:09|gpt|web_search|10|QUESTION_SENT||2487|2406d69a-8795-4ab6-ae56-4026ef32a2a1
2026-04-03 15:24:19|gpt|web_search|11|QUESTION_SENT||2655|6e0c8cf1-d2a8-46da-9ab0-9d2f99090fc5
2026-04-03 15:24:42|gpt|web_search|10|JSON_VERIFIED||2487|2406d69a-8795-4ab6-ae56-4026ef32a2a1
2026-04-03 15:24:42|gpt|web_search|10|QUESTION|39|2487|2406d69a-8795-4ab6-ae56-4026ef32a2a1
2026-04-03 15:24:42|gpt|web_search|10|JSON_SAVED||2487|2406d69a-8795-4ab6-ae56-4026ef32a2a1
2026-04-03 15:24:42|gpt|web_search|10|QUESTION_ADVANCE||2488|126ffebb-6c51-491f-9ff8-c6d752ba8721
2026-04-03 15:25:09|gpt|web_search|11|JSON_VERIFIED||2655|6e0c8cf1-d2a8-46da-9ab0-9d2f99090fc5
2026-04-03 15:25:09|gpt|web_search|11|QUESTION|57|2655|6e0c8cf1-d2a8-46da-9ab0-9d2f99090fc5
2026-04-03 15:25:09|gpt|web_search|11|JSON_SAVED||2655|6e0c8cf1-d2a8-46da-9ab0-9d2f99090fc5
2026-04-03 15:25:09|gpt|web_search|11|QUESTION_ADVANCE||2656|047bd86c-b048-4c32-9c6d-092c175a3b66
2026-04-03 15:26:17|gpt|web_search|13|QUESTION_SENT||2810|3300a2ce-8756-4885-8504-341189644c0d
2026-04-03 15:27:03|gpt|web_search|13|JSON_VERIFIED||2810|3300a2ce-8756-4885-8504-341189644c0d
2026-04-03 15:27:03|gpt|web_search|13|QUESTION|61|2810|3300a2ce-8756-4885-8504-341189644c0d
2026-04-03 15:27:03|gpt|web_search|13|JSON_SAVED||2810|3300a2ce-8756-4885-8504-341189644c0d
2026-04-03 15:27:03|gpt|web_search|13|QUESTION_ADVANCE||2811|c3d7bb62-d7dd-416c-bf05-13555ae799b9
2026-04-03 15:27:44|gpt|web_search|10|QUESTION_SENT||2488|126ffebb-6c51-491f-9ff8-c6d752ba8721
2026-04-03 15:27:57|gpt|web_search|11|QUESTION_SENT||2656|047bd86c-b048-4c32-9c6d-092c175a3b66
2026-04-03 15:28:30|gpt|web_search|10|JSON_VERIFIED||2488|126ffebb-6c51-491f-9ff8-c6d752ba8721
2026-04-03 15:28:30|gpt|web_search|10|QUESTION|40|2488|126ffebb-6c51-491f-9ff8-c6d752ba8721
2026-04-03 15:28:30|gpt|web_search|10|JSON_SAVED||2488|126ffebb-6c51-491f-9ff8-c6d752ba8721
2026-04-03 15:28:30|gpt|web_search|10|QUESTION_ADVANCE||2489|75349643-39ce-4e90-8690-19873c46e199
2026-04-03 15:28:50|gpt|web_search|11|JSON_VERIFIED||2656|047bd86c-b048-4c32-9c6d-092c175a3b66
2026-04-03 15:28:50|gpt|web_search|11|QUESTION|58|2656|047bd86c-b048-4c32-9c6d-092c175a3b66
2026-04-03 15:28:50|gpt|web_search|11|JSON_SAVED||2656|047bd86c-b048-4c32-9c6d-092c175a3b66
2026-04-03 15:28:50|gpt|web_search|11|QUESTION_ADVANCE||2657|02a2ef7d-198c-4734-b2a3-d673a04290a3
2026-04-03 15:29:50|gpt|web_search|13|QUESTION_SENT||2811|c3d7bb62-d7dd-416c-bf05-13555ae799b9
2026-04-03 15:30:37|gpt|web_search|13|JSON_VERIFIED||2811|c3d7bb62-d7dd-416c-bf05-13555ae799b9
2026-04-03 15:30:37|gpt|web_search|13|QUESTION|62|2811|c3d7bb62-d7dd-416c-bf05-13555ae799b9
2026-04-03 15:30:37|gpt|web_search|13|JSON_SAVED||2811|c3d7bb62-d7dd-416c-bf05-13555ae799b9
2026-04-03 15:30:37|gpt|web_search|13|QUESTION_ADVANCE||2812|c7357e6f-5a08-44a2-a26f-e0185b1cced9
2026-04-03 15:31:20|gpt|web_search|10|QUESTION_SENT||2489|75349643-39ce-4e90-8690-19873c46e199
2026-04-03 15:31:34|gpt|web_search|11|QUESTION_SENT||2657|02a2ef7d-198c-4734-b2a3-d673a04290a3
2026-04-03 15:32:10|gpt|web_search|10|JSON_VERIFIED||2489|75349643-39ce-4e90-8690-19873c46e199
2026-04-03 15:32:10|gpt|web_search|10|QUESTION|41|2489|75349643-39ce-4e90-8690-19873c46e199
2026-04-03 15:32:10|gpt|web_search|10|JSON_SAVED||2489|75349643-39ce-4e90-8690-19873c46e199
2026-04-03 15:32:10|gpt|web_search|10|QUESTION_ADVANCE||2490|5ebe713c-12bd-4e1c-a602-b5d97eb0d8ea
2026-04-03 15:33:23|gpt|web_search|13|QUESTION_SENT||2812|c7357e6f-5a08-44a2-a26f-e0185b1cced9
2026-04-03 15:34:09|gpt|web_search|13|JSON_VERIFIED||2812|c7357e6f-5a08-44a2-a26f-e0185b1cced9
2026-04-03 15:34:09|gpt|web_search|13|QUESTION|63|2812|c7357e6f-5a08-44a2-a26f-e0185b1cced9
2026-04-03 15:34:09|gpt|web_search|13|JSON_SAVED||2812|c7357e6f-5a08-44a2-a26f-e0185b1cced9
2026-04-03 15:34:09|gpt|web_search|13|QUESTION_ADVANCE||2813|e1d4fe0d-885c-4b82-97e5-be3125679f78
2026-04-03 15:34:55|gpt|web_search|10|QUESTION_SENT||2490|5ebe713c-12bd-4e1c-a602-b5d97eb0d8ea
2026-04-03 15:35:11|gpt|web_search|11|QUESTION_SENT||2657|02a2ef7d-198c-4734-b2a3-d673a04290a3
2026-04-03 15:35:42|gpt|web_search|10|JSON_VERIFIED||2490|5ebe713c-12bd-4e1c-a602-b5d97eb0d8ea
2026-04-03 15:35:42|gpt|web_search|10|QUESTION|42|2490|5ebe713c-12bd-4e1c-a602-b5d97eb0d8ea
2026-04-03 15:35:42|gpt|web_search|10|JSON_SAVED||2490|5ebe713c-12bd-4e1c-a602-b5d97eb0d8ea
2026-04-03 15:35:42|gpt|web_search|10|QUESTION_ADVANCE||2491|d2288689-8f8b-41d2-a3b5-8c0e4c42d6e8
2026-04-03 15:36:57|gpt|web_search|13|QUESTION_SENT||2813|e1d4fe0d-885c-4b82-97e5-be3125679f78
2026-04-03 15:37:44|gpt|web_search|13|JSON_VERIFIED||2813|e1d4fe0d-885c-4b82-97e5-be3125679f78
2026-04-03 15:37:44|gpt|web_search|13|QUESTION|64|2813|e1d4fe0d-885c-4b82-97e5-be3125679f78
2026-04-03 15:37:44|gpt|web_search|13|JSON_SAVED||2813|e1d4fe0d-885c-4b82-97e5-be3125679f78
2026-04-03 15:37:44|gpt|web_search|13|QUESTION_ADVANCE||2814|3b6be2da-2ed1-4d9e-8bdf-ef7cb1c3cc1c
2026-04-03 15:38:30|gpt|web_search|10|QUESTION_SENT||2491|d2288689-8f8b-41d2-a3b5-8c0e4c42d6e8
2026-04-03 15:39:17|gpt|web_search|10|JSON_VERIFIED||2491|d2288689-8f8b-41d2-a3b5-8c0e4c42d6e8
2026-04-03 15:39:17|gpt|web_search|10|QUESTION|43|2491|d2288689-8f8b-41d2-a3b5-8c0e4c42d6e8
2026-04-03 15:39:17|gpt|web_search|10|JSON_SAVED||2491|d2288689-8f8b-41d2-a3b5-8c0e4c42d6e8
2026-04-03 15:39:17|gpt|web_search|10|QUESTION_ADVANCE||2492|7d189877-43d9-4397-9644-0e3c14e85404
2026-04-03 15:39:58|gpt|web_search|11|JSON_VERIFIED||2657|02a2ef7d-198c-4734-b2a3-d673a04290a3
2026-04-03 15:39:58|gpt|web_search|11|QUESTION|59|2657|02a2ef7d-198c-4734-b2a3-d673a04290a3
2026-04-03 15:39:58|gpt|web_search|11|JSON_SAVED||2657|02a2ef7d-198c-4734-b2a3-d673a04290a3
2026-04-03 15:39:58|gpt|web_search|11|QUESTION_ADVANCE||2658|c875d8f0-b958-4ded-8ced-783588c86c70
2026-04-03 15:40:24|gpt|web_search|11|QUESTION_SENT||2658|c875d8f0-b958-4ded-8ced-783588c86c70
2026-04-03 15:40:30|gpt|web_search|13|QUESTION_SENT||2814|3b6be2da-2ed1-4d9e-8bdf-ef7cb1c3cc1c
2026-04-03 15:41:16|gpt|web_search|11|JSON_VERIFIED||2658|c875d8f0-b958-4ded-8ced-783588c86c70
2026-04-03 15:41:16|gpt|web_search|11|QUESTION|60|2658|c875d8f0-b958-4ded-8ced-783588c86c70
2026-04-03 15:41:16|gpt|web_search|11|JSON_SAVED||2658|c875d8f0-b958-4ded-8ced-783588c86c70
2026-04-03 15:41:16|gpt|web_search|11|QUESTION_ADVANCE||2659|8f2ba2a5-5566-4ac0-b16d-ba2536c14046
2026-04-03 15:41:20|gpt|web_search|13|JSON_VERIFIED||2814|3b6be2da-2ed1-4d9e-8bdf-ef7cb1c3cc1c
2026-04-03 15:41:20|gpt|web_search|13|QUESTION|65|2814|3b6be2da-2ed1-4d9e-8bdf-ef7cb1c3cc1c
2026-04-03 15:41:20|gpt|web_search|13|JSON_SAVED||2814|3b6be2da-2ed1-4d9e-8bdf-ef7cb1c3cc1c
2026-04-03 15:41:20|gpt|web_search|13|QUESTION_ADVANCE||2815|be9d32a7-3fdc-4ad6-9433-2a340bde4eff
2026-04-03 15:42:06|gpt|web_search|10|QUESTION_SENT||2492|7d189877-43d9-4397-9644-0e3c14e85404
2026-04-03 15:42:59|gpt|web_search|10|JSON_VERIFIED||2492|7d189877-43d9-4397-9644-0e3c14e85404
2026-04-03 15:42:59|gpt|web_search|10|QUESTION|44|2492|7d189877-43d9-4397-9644-0e3c14e85404
2026-04-03 15:42:59|gpt|web_search|10|JSON_SAVED||2492|7d189877-43d9-4397-9644-0e3c14e85404
2026-04-03 15:42:59|gpt|web_search|10|QUESTION_ADVANCE||2493|cb13a0e2-093c-44bf-9099-0a5d677f0570
2026-04-03 15:44:01|gpt|web_search|11|QUESTION_SENT||2659|8f2ba2a5-5566-4ac0-b16d-ba2536c14046
2026-04-03 15:44:03|gpt|web_search|13|QUESTION_SENT||2815|be9d32a7-3fdc-4ad6-9433-2a340bde4eff
2026-04-03 15:44:47|gpt|web_search|13|JSON_VERIFIED||2815|be9d32a7-3fdc-4ad6-9433-2a340bde4eff
2026-04-03 15:44:47|gpt|web_search|13|QUESTION|66|2815|be9d32a7-3fdc-4ad6-9433-2a340bde4eff
2026-04-03 15:44:47|gpt|web_search|13|JSON_SAVED||2815|be9d32a7-3fdc-4ad6-9433-2a340bde4eff
2026-04-03 15:44:47|gpt|web_search|13|QUESTION_ADVANCE||2816|c5114ea7-6863-40eb-94a6-c5e35727aaee
2026-04-03 15:44:55|gpt|web_search|11|JSON_VERIFIED||2659|8f2ba2a5-5566-4ac0-b16d-ba2536c14046
2026-04-03 15:44:55|gpt|web_search|11|QUESTION|61|2659|8f2ba2a5-5566-4ac0-b16d-ba2536c14046
2026-04-03 15:44:55|gpt|web_search|11|JSON_SAVED||2659|8f2ba2a5-5566-4ac0-b16d-ba2536c14046
2026-04-03 15:44:55|gpt|web_search|11|QUESTION_ADVANCE||2660|ccd419b4-4672-4e9b-b3fa-d6616b035771
2026-04-03 15:45:41|gpt|web_search|10|QUESTION_SENT||2493|cb13a0e2-093c-44bf-9099-0a5d677f0570
2026-04-03 15:46:24|gpt|web_search|10|JSON_VERIFIED||2493|cb13a0e2-093c-44bf-9099-0a5d677f0570
2026-04-03 15:46:24|gpt|web_search|10|QUESTION|45|2493|cb13a0e2-093c-44bf-9099-0a5d677f0570
2026-04-03 15:46:24|gpt|web_search|10|JSON_SAVED||2493|cb13a0e2-093c-44bf-9099-0a5d677f0570
2026-04-03 15:46:24|gpt|web_search|10|QUESTION_ADVANCE||2494|d28b6919-f938-41e4-9b00-d7da1bc7cc01
2026-04-03 15:47:37|gpt|web_search|13|QUESTION_SENT||2816|c5114ea7-6863-40eb-94a6-c5e35727aaee
2026-04-03 15:47:38|gpt|web_search|11|QUESTION_SENT||2660|ccd419b4-4672-4e9b-b3fa-d6616b035771
2026-04-03 15:48:29|gpt|web_search|13|JSON_VERIFIED||2816|c5114ea7-6863-40eb-94a6-c5e35727aaee
2026-04-03 15:48:29|gpt|web_search|13|QUESTION|67|2816|c5114ea7-6863-40eb-94a6-c5e35727aaee
2026-04-03 15:48:29|gpt|web_search|13|JSON_SAVED||2816|c5114ea7-6863-40eb-94a6-c5e35727aaee
2026-04-03 15:48:29|gpt|web_search|13|QUESTION_ADVANCE||2817|72cea710-2d3d-4bea-b370-152b89d360a0
2026-04-03 15:48:32|gpt|web_search|11|JSON_VERIFIED||2660|ccd419b4-4672-4e9b-b3fa-d6616b035771
2026-04-03 15:48:32|gpt|web_search|11|QUESTION|62|2660|ccd419b4-4672-4e9b-b3fa-d6616b035771
2026-04-03 15:48:32|gpt|web_search|11|JSON_SAVED||2660|ccd419b4-4672-4e9b-b3fa-d6616b035771
2026-04-03 15:48:32|gpt|web_search|11|QUESTION_ADVANCE||2661|d0b6c58d-257d-480e-9f5d-481db27813e3
2026-04-03 15:49:16|gpt|web_search|10|QUESTION_SENT||2494|d28b6919-f938-41e4-9b00-d7da1bc7cc01
2026-04-03 15:50:05|gpt|web_search|10|JSON_VERIFIED||2494|d28b6919-f938-41e4-9b00-d7da1bc7cc01
2026-04-03 15:50:05|gpt|web_search|10|QUESTION|46|2494|d28b6919-f938-41e4-9b00-d7da1bc7cc01
2026-04-03 15:50:05|gpt|web_search|10|JSON_SAVED||2494|d28b6919-f938-41e4-9b00-d7da1bc7cc01
2026-04-03 15:50:05|gpt|web_search|10|QUESTION_ADVANCE||2495|cf4a161d-7117-419c-b85d-a2d333bdb6eb
2026-04-03 15:51:10|gpt|web_search|13|QUESTION_SENT||2817|72cea710-2d3d-4bea-b370-152b89d360a0
2026-04-03 15:51:15|gpt|web_search|11|QUESTION_SENT||2661|d0b6c58d-257d-480e-9f5d-481db27813e3
2026-04-03 15:52:00|gpt|web_search|13|JSON_VERIFIED||2817|72cea710-2d3d-4bea-b370-152b89d360a0
2026-04-03 15:52:00|gpt|web_search|13|QUESTION|68|2817|72cea710-2d3d-4bea-b370-152b89d360a0
2026-04-03 15:52:00|gpt|web_search|13|JSON_SAVED||2817|72cea710-2d3d-4bea-b370-152b89d360a0
2026-04-03 15:52:00|gpt|web_search|13|QUESTION_ADVANCE||2818|2259e41d-3212-4674-8c86-7744de30b144
2026-04-03 15:52:06|gpt|web_search|11|JSON_VERIFIED||2661|d0b6c58d-257d-480e-9f5d-481db27813e3
2026-04-03 15:52:06|gpt|web_search|11|QUESTION|63|2661|d0b6c58d-257d-480e-9f5d-481db27813e3
2026-04-03 15:52:06|gpt|web_search|11|JSON_SAVED||2661|d0b6c58d-257d-480e-9f5d-481db27813e3
2026-04-03 15:52:06|gpt|web_search|11|QUESTION_ADVANCE||2662|0bd21e7d-791e-43ba-9cf5-91eb3fdca719
2026-04-03 15:52:51|gpt|web_search|10|QUESTION_SENT||2495|cf4a161d-7117-419c-b85d-a2d333bdb6eb
2026-04-03 15:54:43|gpt|web_search|13|QUESTION_SENT||2818|2259e41d-3212-4674-8c86-7744de30b144
2026-04-03 15:54:52|gpt|web_search|11|QUESTION_SENT||2662|0bd21e7d-791e-43ba-9cf5-91eb3fdca719
2026-04-03 15:55:37|gpt|web_search|13|JSON_VERIFIED||2818|2259e41d-3212-4674-8c86-7744de30b144
2026-04-03 15:55:37|gpt|web_search|13|QUESTION|69|2818|2259e41d-3212-4674-8c86-7744de30b144
2026-04-03 15:55:37|gpt|web_search|13|JSON_SAVED||2818|2259e41d-3212-4674-8c86-7744de30b144
2026-04-03 15:55:37|gpt|web_search|13|QUESTION_ADVANCE||2819|f3eb2122-dd28-40de-966f-651466e5d9c2
2026-04-03 15:55:39|gpt|web_search|11|JSON_VERIFIED||2662|0bd21e7d-791e-43ba-9cf5-91eb3fdca719
2026-04-03 15:55:39|gpt|web_search|11|QUESTION|64|2662|0bd21e7d-791e-43ba-9cf5-91eb3fdca719
2026-04-03 15:55:39|gpt|web_search|11|JSON_SAVED||2662|0bd21e7d-791e-43ba-9cf5-91eb3fdca719
2026-04-03 15:55:39|gpt|web_search|11|QUESTION_ADVANCE||2663|c0d78575-b021-4ff1-b148-a96936acc951
2026-04-03 15:56:26|gpt|web_search|10|QUESTION_SENT||2495|cf4a161d-7117-419c-b85d-a2d333bdb6eb
2026-04-03 15:57:14|gpt|web_search|10|JSON_VERIFIED||2495|cf4a161d-7117-419c-b85d-a2d333bdb6eb
2026-04-03 15:57:14|gpt|web_search|10|QUESTION|47|2495|cf4a161d-7117-419c-b85d-a2d333bdb6eb
2026-04-03 15:57:14|gpt|web_search|10|JSON_SAVED||2495|cf4a161d-7117-419c-b85d-a2d333bdb6eb
2026-04-03 15:57:14|gpt|web_search|10|QUESTION_ADVANCE||2496|a286ffd0-842a-4a37-a80d-ebe5eee4e2dc
2026-04-03 15:58:16|gpt|web_search|13|QUESTION_SENT||2819|f3eb2122-dd28-40de-966f-651466e5d9c2
2026-04-03 15:58:29|gpt|web_search|11|QUESTION_SENT||2663|c0d78575-b021-4ff1-b148-a96936acc951
2026-04-03 15:59:04|gpt|web_search|13|JSON_VERIFIED||2819|f3eb2122-dd28-40de-966f-651466e5d9c2
2026-04-03 15:59:04|gpt|web_search|13|QUESTION|70|2819|f3eb2122-dd28-40de-966f-651466e5d9c2
2026-04-03 15:59:04|gpt|web_search|13|JSON_SAVED||2819|f3eb2122-dd28-40de-966f-651466e5d9c2
2026-04-03 15:59:04|gpt|web_search|13|QUESTION_ADVANCE||2820|29ab7db5-e8a1-4610-9833-1176a8d2884d
2026-04-03 15:59:16|gpt|web_search|11|JSON_VERIFIED||2663|c0d78575-b021-4ff1-b148-a96936acc951
2026-04-03 15:59:16|gpt|web_search|11|QUESTION|65|2663|c0d78575-b021-4ff1-b148-a96936acc951
2026-04-03 15:59:16|gpt|web_search|11|JSON_SAVED||2663|c0d78575-b021-4ff1-b148-a96936acc951
2026-04-03 15:59:16|gpt|web_search|11|QUESTION_ADVANCE||2664|b37ddfb4-bb8a-4419-b820-b5c0463bb2dd
2026-04-03 16:00:01|gpt|web_search|10|QUESTION_SENT||2496|a286ffd0-842a-4a37-a80d-ebe5eee4e2dc
2026-04-03 16:00:50|gpt|web_search|10|JSON_VERIFIED||2496|a286ffd0-842a-4a37-a80d-ebe5eee4e2dc
2026-04-03 16:00:50|gpt|web_search|10|QUESTION|48|2496|a286ffd0-842a-4a37-a80d-ebe5eee4e2dc
2026-04-03 16:00:50|gpt|web_search|10|JSON_SAVED||2496|a286ffd0-842a-4a37-a80d-ebe5eee4e2dc
2026-04-03 16:00:50|gpt|web_search|10|QUESTION_ADVANCE||2497|27ef9af2-5c5d-4477-9e82-c61e05e2e047
2026-04-03 16:01:49|gpt|web_search|13|QUESTION_SENT||2820|29ab7db5-e8a1-4610-9833-1176a8d2884d
2026-04-03 16:02:07|gpt|web_search|11|QUESTION_SENT||2664|b37ddfb4-bb8a-4419-b820-b5c0463bb2dd
2026-04-03 16:02:33|gpt|web_search|13|JSON_VERIFIED||2820|29ab7db5-e8a1-4610-9833-1176a8d2884d
2026-04-03 16:02:33|gpt|web_search|13|QUESTION|71|2820|29ab7db5-e8a1-4610-9833-1176a8d2884d
2026-04-03 16:02:33|gpt|web_search|13|JSON_SAVED||2820|29ab7db5-e8a1-4610-9833-1176a8d2884d
2026-04-03 16:02:33|gpt|web_search|13|QUESTION_ADVANCE||2821|0298380e-e11e-4876-8514-442e9d9d0ca0
2026-04-03 16:02:55|gpt|web_search|11|JSON_VERIFIED||2664|b37ddfb4-bb8a-4419-b820-b5c0463bb2dd
2026-04-03 16:02:55|gpt|web_search|11|QUESTION|66|2664|b37ddfb4-bb8a-4419-b820-b5c0463bb2dd
2026-04-03 16:02:55|gpt|web_search|11|JSON_SAVED||2664|b37ddfb4-bb8a-4419-b820-b5c0463bb2dd
2026-04-03 16:02:55|gpt|web_search|11|QUESTION_ADVANCE||2665|b1c43de5-a8a1-44de-8c28-c0426cf91d65
2026-04-03 16:03:37|gpt|web_search|10|QUESTION_SENT||2497|27ef9af2-5c5d-4477-9e82-c61e05e2e047
2026-04-03 16:04:25|gpt|web_search|10|JSON_VERIFIED||2497|27ef9af2-5c5d-4477-9e82-c61e05e2e047
2026-04-03 16:04:25|gpt|web_search|10|QUESTION|49|2497|27ef9af2-5c5d-4477-9e82-c61e05e2e047
2026-04-03 16:04:25|gpt|web_search|10|JSON_SAVED||2497|27ef9af2-5c5d-4477-9e82-c61e05e2e047
2026-04-03 16:04:25|gpt|web_search|10|QUESTION_ADVANCE||2498|4ce30613-8aff-4704-b85e-5c0fdc8bfec5
2026-04-03 16:05:23|gpt|web_search|13|QUESTION_SENT||2821|0298380e-e11e-4876-8514-442e9d9d0ca0
2026-04-03 16:05:44|gpt|web_search|11|QUESTION_SENT||2665|b1c43de5-a8a1-44de-8c28-c0426cf91d65
2026-04-03 16:06:14|gpt|web_search|13|JSON_VERIFIED||2821|0298380e-e11e-4876-8514-442e9d9d0ca0
2026-04-03 16:06:14|gpt|web_search|13|QUESTION|72|2821|0298380e-e11e-4876-8514-442e9d9d0ca0
2026-04-03 16:06:14|gpt|web_search|13|JSON_SAVED||2821|0298380e-e11e-4876-8514-442e9d9d0ca0
2026-04-03 16:06:14|gpt|web_search|13|QUESTION_ADVANCE||2822|53e66852-df39-4d82-9064-39a7011b6c2e
2026-04-03 16:06:37|gpt|web_search|11|JSON_VERIFIED||2665|b1c43de5-a8a1-44de-8c28-c0426cf91d65
2026-04-03 16:06:37|gpt|web_search|11|QUESTION|67|2665|b1c43de5-a8a1-44de-8c28-c0426cf91d65
2026-04-03 16:06:37|gpt|web_search|11|JSON_SAVED||2665|b1c43de5-a8a1-44de-8c28-c0426cf91d65
2026-04-03 16:06:37|gpt|web_search|11|QUESTION_ADVANCE||2666|6903f2b8-363f-4d2b-af7a-5a021830cd9d
2026-04-03 16:07:12|gpt|web_search|10|QUESTION_SENT||2498|4ce30613-8aff-4704-b85e-5c0fdc8bfec5
2026-04-03 16:07:59|gpt|web_search|10|JSON_VERIFIED||2498|4ce30613-8aff-4704-b85e-5c0fdc8bfec5
2026-04-03 16:07:59|gpt|web_search|10|QUESTION|50|2498|4ce30613-8aff-4704-b85e-5c0fdc8bfec5
2026-04-03 16:07:59|gpt|web_search|10|JSON_SAVED||2498|4ce30613-8aff-4704-b85e-5c0fdc8bfec5
2026-04-03 16:07:59|gpt|web_search|10|QUESTION_ADVANCE||2499|739a34d2-f61c-43be-8885-8f0c76c37060
2026-04-03 16:08:56|gpt|web_search|13|QUESTION_SENT||2822|53e66852-df39-4d82-9064-39a7011b6c2e
2026-04-03 16:09:21|gpt|web_search|11|QUESTION_SENT||2666|6903f2b8-363f-4d2b-af7a-5a021830cd9d
2026-04-03 16:09:44|gpt|web_search|13|JSON_VERIFIED||2822|53e66852-df39-4d82-9064-39a7011b6c2e
2026-04-03 16:09:44|gpt|web_search|13|QUESTION|73|2822|53e66852-df39-4d82-9064-39a7011b6c2e
2026-04-03 16:09:44|gpt|web_search|13|JSON_SAVED||2822|53e66852-df39-4d82-9064-39a7011b6c2e
2026-04-03 16:09:44|gpt|web_search|13|QUESTION_ADVANCE||2823|0e21cf89-b55a-461f-83e4-5680356e523c
2026-04-03 16:10:11|gpt|web_search|11|JSON_VERIFIED||2666|6903f2b8-363f-4d2b-af7a-5a021830cd9d
2026-04-03 16:10:11|gpt|web_search|11|QUESTION|68|2666|6903f2b8-363f-4d2b-af7a-5a021830cd9d
2026-04-03 16:10:11|gpt|web_search|11|JSON_SAVED||2666|6903f2b8-363f-4d2b-af7a-5a021830cd9d
2026-04-03 16:10:11|gpt|web_search|11|QUESTION_ADVANCE||2667|2f6c1408-1b8f-48bd-b3f9-d4d72d2be525
2026-04-03 16:10:47|gpt|web_search|10|QUESTION_SENT||2499|739a34d2-f61c-43be-8885-8f0c76c37060
2026-04-03 16:11:33|gpt|web_search|10|JSON_VERIFIED||2499|739a34d2-f61c-43be-8885-8f0c76c37060
2026-04-03 16:11:33|gpt|web_search|10|QUESTION|51|2499|739a34d2-f61c-43be-8885-8f0c76c37060
2026-04-03 16:11:33|gpt|web_search|10|JSON_SAVED||2499|739a34d2-f61c-43be-8885-8f0c76c37060
2026-04-03 16:11:33|gpt|web_search|10|QUESTION_ADVANCE||2500|a02f5091-8f7e-4101-b3ed-f07d3f644050
2026-04-03 16:12:29|gpt|web_search|13|QUESTION_SENT||2823|0e21cf89-b55a-461f-83e4-5680356e523c
2026-04-03 16:12:58|gpt|web_search|11|QUESTION_SENT||2667|2f6c1408-1b8f-48bd-b3f9-d4d72d2be525
2026-04-03 16:13:21|gpt|web_search|13|JSON_VERIFIED||2823|0e21cf89-b55a-461f-83e4-5680356e523c
2026-04-03 16:13:21|gpt|web_search|13|QUESTION|74|2823|0e21cf89-b55a-461f-83e4-5680356e523c
2026-04-03 16:13:21|gpt|web_search|13|JSON_SAVED||2823|0e21cf89-b55a-461f-83e4-5680356e523c
2026-04-03 16:13:21|gpt|web_search|13|QUESTION_ADVANCE||2824|408d331f-a14c-478c-a7f0-d299203e910b
2026-04-03 16:13:52|gpt|web_search|11|JSON_VERIFIED||2667|2f6c1408-1b8f-48bd-b3f9-d4d72d2be525
2026-04-03 16:13:52|gpt|web_search|11|QUESTION|69|2667|2f6c1408-1b8f-48bd-b3f9-d4d72d2be525
2026-04-03 16:13:52|gpt|web_search|11|JSON_SAVED||2667|2f6c1408-1b8f-48bd-b3f9-d4d72d2be525
2026-04-03 16:13:52|gpt|web_search|11|QUESTION_ADVANCE||2668|016e776a-1b52-4aa4-826d-03393e3b31db
2026-04-03 16:14:22|gpt|web_search|10|QUESTION_SENT||2500|a02f5091-8f7e-4101-b3ed-f07d3f644050
2026-04-03 16:15:09|gpt|web_search|10|JSON_VERIFIED||2500|a02f5091-8f7e-4101-b3ed-f07d3f644050
2026-04-03 16:15:09|gpt|web_search|10|QUESTION|52|2500|a02f5091-8f7e-4101-b3ed-f07d3f644050
2026-04-03 16:15:09|gpt|web_search|10|JSON_SAVED||2500|a02f5091-8f7e-4101-b3ed-f07d3f644050
2026-04-03 16:15:09|gpt|web_search|10|QUESTION_ADVANCE||2501|062c25a7-a0aa-4cb8-967e-67767a104dd1
2026-04-03 16:16:02|gpt|web_search|13|QUESTION_SENT||2824|408d331f-a14c-478c-a7f0-d299203e910b
2026-04-03 16:16:35|gpt|web_search|11|QUESTION_SENT||2668|016e776a-1b52-4aa4-826d-03393e3b31db
2026-04-03 16:16:50|gpt|web_search|13|JSON_VERIFIED||2824|408d331f-a14c-478c-a7f0-d299203e910b
2026-04-03 16:16:50|gpt|web_search|13|QUESTION|75|2824|408d331f-a14c-478c-a7f0-d299203e910b
2026-04-03 16:16:50|gpt|web_search|13|JSON_SAVED||2824|408d331f-a14c-478c-a7f0-d299203e910b
2026-04-03 16:16:50|gpt|web_search|13|QUESTION_ADVANCE||2825|d19f13f5-76c6-43c3-8e90-5fc31b5d7398
2026-04-03 16:17:57|gpt|web_search|10|QUESTION_SENT||2501|062c25a7-a0aa-4cb8-967e-67767a104dd1
2026-04-03 16:18:46|gpt|web_search|10|JSON_VERIFIED||2501|062c25a7-a0aa-4cb8-967e-67767a104dd1
2026-04-03 16:18:46|gpt|web_search|10|QUESTION|53|2501|062c25a7-a0aa-4cb8-967e-67767a104dd1
2026-04-03 16:18:46|gpt|web_search|10|JSON_SAVED||2501|062c25a7-a0aa-4cb8-967e-67767a104dd1
2026-04-03 16:18:46|gpt|web_search|10|QUESTION_ADVANCE||2502|608a6ff4-43fb-4534-b21b-467ac4e55bc2
2026-04-03 16:19:35|gpt|web_search|13|QUESTION_SENT||2825|d19f13f5-76c6-43c3-8e90-5fc31b5d7398
2026-04-03 16:20:12|gpt|web_search|11|QUESTION_SENT||2668|016e776a-1b52-4aa4-826d-03393e3b31db
2026-04-03 16:20:27|gpt|web_search|13|JSON_VERIFIED||2825|d19f13f5-76c6-43c3-8e90-5fc31b5d7398
2026-04-03 16:20:27|gpt|web_search|13|QUESTION|76|2825|d19f13f5-76c6-43c3-8e90-5fc31b5d7398
2026-04-03 16:20:27|gpt|web_search|13|JSON_SAVED||2825|d19f13f5-76c6-43c3-8e90-5fc31b5d7398
2026-04-03 16:20:27|gpt|web_search|13|QUESTION_ADVANCE||2826|3f7632ad-8f86-4947-b83a-dbee0f63f57b
2026-04-03 16:21:01|gpt|web_search|11|JSON_VERIFIED||2668|016e776a-1b52-4aa4-826d-03393e3b31db
2026-04-03 16:21:01|gpt|web_search|11|QUESTION|70|2668|016e776a-1b52-4aa4-826d-03393e3b31db
2026-04-03 16:21:01|gpt|web_search|11|JSON_SAVED||2668|016e776a-1b52-4aa4-826d-03393e3b31db
2026-04-03 16:21:01|gpt|web_search|11|QUESTION_ADVANCE||2669|43f1c549-301a-4a35-a5f2-aca950fbd665
2026-04-03 16:21:32|gpt|web_search|10|QUESTION_SENT||2502|608a6ff4-43fb-4534-b21b-467ac4e55bc2
2026-04-03 16:22:25|gpt|web_search|10|JSON_VERIFIED||2502|608a6ff4-43fb-4534-b21b-467ac4e55bc2
2026-04-03 16:22:25|gpt|web_search|10|QUESTION|54|2502|608a6ff4-43fb-4534-b21b-467ac4e55bc2
2026-04-03 16:22:25|gpt|web_search|10|JSON_SAVED||2502|608a6ff4-43fb-4534-b21b-467ac4e55bc2
2026-04-03 16:22:25|gpt|web_search|10|QUESTION_ADVANCE||2503|74e320ea-c0f2-415d-9433-7360dfa2cf7d
2026-04-03 16:23:09|gpt|web_search|13|QUESTION_SENT||2826|3f7632ad-8f86-4947-b83a-dbee0f63f57b
2026-04-03 16:23:49|gpt|web_search|11|QUESTION_SENT||2669|43f1c549-301a-4a35-a5f2-aca950fbd665
2026-04-03 16:24:42|gpt|web_search|11|JSON_VERIFIED||2669|43f1c549-301a-4a35-a5f2-aca950fbd665
2026-04-03 16:24:42|gpt|web_search|11|QUESTION|71|2669|43f1c549-301a-4a35-a5f2-aca950fbd665
2026-04-03 16:24:42|gpt|web_search|11|JSON_SAVED||2669|43f1c549-301a-4a35-a5f2-aca950fbd665
2026-04-03 16:24:42|gpt|web_search|11|QUESTION_ADVANCE||2670|a8177d36-730f-46fb-8305-a1afd46db6e8
2026-04-03 16:25:07|gpt|web_search|10|QUESTION_SENT||2503|74e320ea-c0f2-415d-9433-7360dfa2cf7d
2026-04-03 16:25:50|gpt|web_search|10|JSON_VERIFIED||2503|74e320ea-c0f2-415d-9433-7360dfa2cf7d
2026-04-03 16:25:50|gpt|web_search|10|QUESTION|55|2503|74e320ea-c0f2-415d-9433-7360dfa2cf7d
2026-04-03 16:25:50|gpt|web_search|10|JSON_SAVED||2503|74e320ea-c0f2-415d-9433-7360dfa2cf7d
2026-04-03 16:25:50|gpt|web_search|10|QUESTION_ADVANCE||2504|7679bb4f-1891-42da-86af-fcf980bcd936
2026-04-03 16:26:42|gpt|web_search|13|QUESTION_SENT||2826|3f7632ad-8f86-4947-b83a-dbee0f63f57b
2026-04-03 16:27:27|gpt|web_search|11|QUESTION_SENT||2670|a8177d36-730f-46fb-8305-a1afd46db6e8
2026-04-03 16:27:29|gpt|web_search|13|JSON_VERIFIED||2826|3f7632ad-8f86-4947-b83a-dbee0f63f57b
2026-04-03 16:27:29|gpt|web_search|13|QUESTION|77|2826|3f7632ad-8f86-4947-b83a-dbee0f63f57b
2026-04-03 16:27:29|gpt|web_search|13|JSON_SAVED||2826|3f7632ad-8f86-4947-b83a-dbee0f63f57b
2026-04-03 16:27:29|gpt|web_search|13|QUESTION_ADVANCE||2827|b571eeff-9408-4a06-ae4f-40266d45a6fa
2026-04-03 16:28:02|gpt|web_search|11|JSON_VERIFY_FAILED||2670|a8177d36-730f-46fb-8305-a1afd46db6e8
2026-04-03 16:28:02|gpt|web_search|11|QUESTION|72|2670|a8177d36-730f-46fb-8305-a1afd46db6e8
2026-04-03 16:28:12|gpt|web_search|11|QUESTION_SENT||2670|a8177d36-730f-46fb-8305-a1afd46db6e8
2026-04-03 16:28:43|gpt|web_search|10|QUESTION_SENT||2504|7679bb4f-1891-42da-86af-fcf980bcd936
2026-04-03 16:28:47|gpt|web_search|11|JSON_VERIFIED||2670|a8177d36-730f-46fb-8305-a1afd46db6e8
2026-04-03 16:28:47|gpt|web_search|11|QUESTION|73|2670|a8177d36-730f-46fb-8305-a1afd46db6e8
2026-04-03 16:28:47|gpt|web_search|11|JSON_SAVED||2670|a8177d36-730f-46fb-8305-a1afd46db6e8
2026-04-03 16:28:47|gpt|web_search|11|QUESTION_ADVANCE||2671|dc52e735-216f-42b3-8e4a-01ec71b24e8c
2026-04-03 16:29:33|gpt|web_search|10|JSON_VERIFIED||2504|7679bb4f-1891-42da-86af-fcf980bcd936
2026-04-03 16:29:33|gpt|web_search|10|QUESTION|56|2504|7679bb4f-1891-42da-86af-fcf980bcd936
2026-04-03 16:29:33|gpt|web_search|10|JSON_SAVED||2504|7679bb4f-1891-42da-86af-fcf980bcd936
2026-04-03 16:29:33|gpt|web_search|10|QUESTION_ADVANCE||2505|8934991d-aeaf-4eb1-86c9-7bd2c892b1fa
2026-04-03 16:30:15|gpt|web_search|13|QUESTION_SENT||2827|b571eeff-9408-4a06-ae4f-40266d45a6fa
2026-04-03 16:31:04|gpt|web_search|10|STOP||2505|8934991d-aeaf-4eb1-86c9-7bd2c892b1fa
2026-04-03 16:31:05|gpt|web_search|13|JSON_VERIFIED||2827|b571eeff-9408-4a06-ae4f-40266d45a6fa
2026-04-03 16:31:05|gpt|web_search|13|QUESTION|78|2827|b571eeff-9408-4a06-ae4f-40266d45a6fa
2026-04-03 16:31:05|gpt|web_search|13|JSON_SAVED||2827|b571eeff-9408-4a06-ae4f-40266d45a6fa
2026-04-03 16:31:05|gpt|web_search|13|QUESTION_ADVANCE||2828|41c96aae-24f6-43bb-8697-8679b37827a8
2026-04-03 16:31:09|gpt|web_search|11|STOP||2671|dc52e735-216f-42b3-8e4a-01ec71b24e8c
2026-04-03 16:31:14|gpt|web_search|13|STOP||2828|41c96aae-24f6-43bb-8697-8679b37827a8
