timestamp|site|scenario|bot_id|event_type|attempt_number|global_index|question_uid
2026-03-22 21:36:07|gpt|web_search|10|RESTART||1321|c058a5ea-ccee-4258-acf1-a9fec17f1821
2026-03-22 21:36:44|gpt|web_search|10|QUESTION_SENT||1321|c058a5ea-ccee-4258-acf1-a9fec17f1821
2026-03-22 21:38:52|gpt|web_search|11|RESTART||1450|46d7be35-0487-412b-8031-77b9c4ae6174
2026-03-22 21:39:05|gpt|web_search|12|RESTART||1288|482bd3d2-6c2f-4200-89e0-463b68b86b79
2026-03-22 21:39:15|gpt|web_search|13|RESTART||1575|c07ccaf6-c993-462d-8d80-6154498cb535
2026-03-22 21:39:39|gpt|web_search|13|QUESTION_SENT||1575|c07ccaf6-c993-462d-8d80-6154498cb535
2026-03-22 21:39:41|gpt|web_search|11|QUESTION_SENT||1450|46d7be35-0487-412b-8031-77b9c4ae6174
2026-03-22 21:39:44|gpt|web_search|12|QUESTION_SENT||1288|482bd3d2-6c2f-4200-89e0-463b68b86b79
2026-03-22 21:40:06|gpt|web_search|13|JSON_VERIFY_FAILED||1575|c07ccaf6-c993-462d-8d80-6154498cb535
2026-03-22 21:40:06|gpt|web_search|13|QUESTION|1|1575|c07ccaf6-c993-462d-8d80-6154498cb535
2026-03-22 21:40:16|gpt|web_search|13|QUESTION_SENT||1575|c07ccaf6-c993-462d-8d80-6154498cb535
2026-03-22 21:40:30|gpt|web_search|11|JSON_VERIFIED||1450|46d7be35-0487-412b-8031-77b9c4ae6174
2026-03-22 21:40:30|gpt|web_search|11|QUESTION|1|1450|46d7be35-0487-412b-8031-77b9c4ae6174
2026-03-22 21:40:30|gpt|web_search|11|JSON_SAVED||1450|46d7be35-0487-412b-8031-77b9c4ae6174
2026-03-22 21:40:30|gpt|web_search|11|QUESTION_ADVANCE||1451|06e1d8a7-7c87-4a2c-b9a4-ccd59be81de3
2026-03-22 21:40:30|gpt|web_search|12|JSON_VERIFY_FAILED||1288|482bd3d2-6c2f-4200-89e0-463b68b86b79
2026-03-22 21:40:30|gpt|web_search|12|QUESTION|1|1288|482bd3d2-6c2f-4200-89e0-463b68b86b79
2026-03-22 21:40:32|gpt|web_search|13|JSON_VERIFY_FAILED||1575|c07ccaf6-c993-462d-8d80-6154498cb535
2026-03-22 21:40:32|gpt|web_search|13|QUESTION|2|1575|c07ccaf6-c993-462d-8d80-6154498cb535
2026-03-22 21:40:40|gpt|web_search|12|QUESTION_SENT||1288|482bd3d2-6c2f-4200-89e0-463b68b86b79
2026-03-22 21:40:41|gpt|web_search|13|QUESTION_SENT||1575|c07ccaf6-c993-462d-8d80-6154498cb535
2026-03-22 21:40:57|gpt|web_search|13|JSON_VERIFY_FAILED||1575|c07ccaf6-c993-462d-8d80-6154498cb535
2026-03-22 21:40:57|gpt|web_search|13|QUESTION|3|1575|c07ccaf6-c993-462d-8d80-6154498cb535
2026-03-22 21:40:57|gpt|web_search|11|QUESTION_SENT||1451|06e1d8a7-7c87-4a2c-b9a4-ccd59be81de3
2026-03-22 21:41:07|gpt|web_search|13|QUESTION_SENT||1575|c07ccaf6-c993-462d-8d80-6154498cb535
2026-03-22 21:41:18|gpt|web_search|12|JSON_VERIFIED||1288|482bd3d2-6c2f-4200-89e0-463b68b86b79
2026-03-22 21:41:18|gpt|web_search|12|QUESTION|2|1288|482bd3d2-6c2f-4200-89e0-463b68b86b79
2026-03-22 21:41:18|gpt|web_search|12|JSON_SAVED||1288|482bd3d2-6c2f-4200-89e0-463b68b86b79
2026-03-22 21:41:18|gpt|web_search|12|QUESTION_ADVANCE||1289|b7345ba8-841e-43b8-ad72-35c2794ae917
2026-03-22 21:41:43|gpt|web_search|13|QUESTION_SENT||1575|c07ccaf6-c993-462d-8d80-6154498cb535
2026-03-22 21:41:43|gpt|web_search|11|JSON_VERIFIED||1451|06e1d8a7-7c87-4a2c-b9a4-ccd59be81de3
2026-03-22 21:41:43|gpt|web_search|11|QUESTION|2|1451|06e1d8a7-7c87-4a2c-b9a4-ccd59be81de3
2026-03-22 21:41:43|gpt|web_search|11|JSON_SAVED||1451|06e1d8a7-7c87-4a2c-b9a4-ccd59be81de3
2026-03-22 21:41:43|gpt|web_search|11|QUESTION_ADVANCE||1452|c06c3123-3131-4bb5-a5dd-1e057dc00e3a
2026-03-22 21:41:46|gpt|web_search|12|QUESTION_SENT||1289|b7345ba8-841e-43b8-ad72-35c2794ae917
2026-03-22 21:41:58|gpt|web_search|10|JSON_VERIFY_FAILED||1321|c058a5ea-ccee-4258-acf1-a9fec17f1821
2026-03-22 21:41:58|gpt|web_search|10|QUESTION|1|1321|c058a5ea-ccee-4258-acf1-a9fec17f1821
2026-03-22 21:42:07|gpt|web_search|10|QUESTION_SENT||1321|c058a5ea-ccee-4258-acf1-a9fec17f1821
2026-03-22 21:42:09|gpt|web_search|13|JSON_VERIFY_FAILED||1575|c07ccaf6-c993-462d-8d80-6154498cb535
2026-03-22 21:42:09|gpt|web_search|13|QUESTION|4|1575|c07ccaf6-c993-462d-8d80-6154498cb535
2026-03-22 21:42:11|gpt|web_search|11|QUESTION_SENT||1452|c06c3123-3131-4bb5-a5dd-1e057dc00e3a
2026-03-22 21:42:18|gpt|web_search|13|QUESTION_SENT||1575|c07ccaf6-c993-462d-8d80-6154498cb535
2026-03-22 21:42:34|gpt|web_search|13|JSON_VERIFY_FAILED||1575|c07ccaf6-c993-462d-8d80-6154498cb535
2026-03-22 21:42:34|gpt|web_search|13|QUESTION|5|1575|c07ccaf6-c993-462d-8d80-6154498cb535
2026-03-22 21:42:34|gpt|web_search|12|JSON_VERIFIED||1289|b7345ba8-841e-43b8-ad72-35c2794ae917
2026-03-22 21:42:34|gpt|web_search|12|QUESTION|3|1289|b7345ba8-841e-43b8-ad72-35c2794ae917
2026-03-22 21:42:34|gpt|web_search|12|JSON_SAVED||1289|b7345ba8-841e-43b8-ad72-35c2794ae917
2026-03-22 21:42:34|gpt|web_search|12|QUESTION_ADVANCE||1290|4cbdbf4c-6e28-42d9-bf0a-c4fdcc0acd6e
2026-03-22 21:42:44|gpt|web_search|13|QUESTION_SENT||1575|c07ccaf6-c993-462d-8d80-6154498cb535
2026-03-22 21:42:58|gpt|web_search|11|JSON_VERIFIED||1452|c06c3123-3131-4bb5-a5dd-1e057dc00e3a
2026-03-22 21:42:58|gpt|web_search|11|QUESTION|3|1452|c06c3123-3131-4bb5-a5dd-1e057dc00e3a
2026-03-22 21:42:58|gpt|web_search|11|JSON_SAVED||1452|c06c3123-3131-4bb5-a5dd-1e057dc00e3a
2026-03-22 21:42:58|gpt|web_search|11|QUESTION_ADVANCE||1453|739ec000-4fd2-4a22-a395-52b20b7be989
2026-03-22 21:43:00|gpt|web_search|13|JSON_VERIFY_FAILED||1575|c07ccaf6-c993-462d-8d80-6154498cb535
2026-03-22 21:43:00|gpt|web_search|13|QUESTION|6|1575|c07ccaf6-c993-462d-8d80-6154498cb535
2026-03-22 21:43:00|gpt|web_search|12|QUESTION_SENT||1290|4cbdbf4c-6e28-42d9-bf0a-c4fdcc0acd6e
2026-03-22 21:43:25|gpt|web_search|11|QUESTION_SENT||1453|739ec000-4fd2-4a22-a395-52b20b7be989
2026-03-22 21:43:27|gpt|web_search|13|QUESTION_SENT||1575|c07ccaf6-c993-462d-8d80-6154498cb535
2026-03-22 21:43:27|gpt|web_search|10|QUESTION_SENT||1321|c058a5ea-ccee-4258-acf1-a9fec17f1821
2026-03-22 21:43:49|gpt|web_search|12|JSON_VERIFIED||1290|4cbdbf4c-6e28-42d9-bf0a-c4fdcc0acd6e
2026-03-22 21:43:49|gpt|web_search|12|QUESTION|4|1290|4cbdbf4c-6e28-42d9-bf0a-c4fdcc0acd6e
2026-03-22 21:43:49|gpt|web_search|12|JSON_SAVED||1290|4cbdbf4c-6e28-42d9-bf0a-c4fdcc0acd6e
2026-03-22 21:43:49|gpt|web_search|12|QUESTION_ADVANCE||1291|c4b27397-59e3-4d21-b2a9-e638fff3103b
2026-03-22 21:43:57|gpt|web_search|13|JSON_VERIFIED||1575|c07ccaf6-c993-462d-8d80-6154498cb535
2026-03-22 21:43:57|gpt|web_search|13|QUESTION|7|1575|c07ccaf6-c993-462d-8d80-6154498cb535
2026-03-22 21:43:57|gpt|web_search|13|JSON_SAVED||1575|c07ccaf6-c993-462d-8d80-6154498cb535
2026-03-22 21:43:57|gpt|web_search|13|QUESTION_ADVANCE||1576|a8d31457-aa8e-4baf-98c8-eaf2ea20030f
2026-03-22 21:44:12|gpt|web_search|11|JSON_VERIFIED||1453|739ec000-4fd2-4a22-a395-52b20b7be989
2026-03-22 21:44:12|gpt|web_search|11|QUESTION|4|1453|739ec000-4fd2-4a22-a395-52b20b7be989
2026-03-22 21:44:12|gpt|web_search|11|JSON_SAVED||1453|739ec000-4fd2-4a22-a395-52b20b7be989
2026-03-22 21:44:12|gpt|web_search|11|QUESTION_ADVANCE||1454|cd3fbb0b-e37a-417c-b10d-55265ed4bea2
2026-03-22 21:44:15|gpt|web_search|12|QUESTION_SENT||1291|c4b27397-59e3-4d21-b2a9-e638fff3103b
2026-03-22 21:44:25|gpt|web_search|13|QUESTION_SENT||1576|a8d31457-aa8e-4baf-98c8-eaf2ea20030f
2026-03-22 21:44:40|gpt|web_search|11|QUESTION_SENT||1454|cd3fbb0b-e37a-417c-b10d-55265ed4bea2
2026-03-22 21:44:58|gpt|web_search|13|JSON_VERIFIED||1576|a8d31457-aa8e-4baf-98c8-eaf2ea20030f
2026-03-22 21:44:58|gpt|web_search|13|QUESTION|8|1576|a8d31457-aa8e-4baf-98c8-eaf2ea20030f
2026-03-22 21:44:58|gpt|web_search|13|JSON_SAVED||1576|a8d31457-aa8e-4baf-98c8-eaf2ea20030f
2026-03-22 21:44:58|gpt|web_search|13|QUESTION_ADVANCE||1577|02736843-ba8c-4f06-a1ad-d1ad148b91c9
2026-03-22 21:45:06|gpt|web_search|12|JSON_VERIFIED||1291|c4b27397-59e3-4d21-b2a9-e638fff3103b
2026-03-22 21:45:06|gpt|web_search|12|QUESTION|5|1291|c4b27397-59e3-4d21-b2a9-e638fff3103b
2026-03-22 21:45:06|gpt|web_search|12|JSON_SAVED||1291|c4b27397-59e3-4d21-b2a9-e638fff3103b
2026-03-22 21:45:06|gpt|web_search|12|QUESTION_ADVANCE||1292|ddc2ae5b-c04e-4d6b-a259-bdfa383bd73c
2026-03-22 21:45:10|gpt|web_search|10|JSON_VERIFIED||1321|c058a5ea-ccee-4258-acf1-a9fec17f1821
2026-03-22 21:45:10|gpt|web_search|10|QUESTION|2|1321|c058a5ea-ccee-4258-acf1-a9fec17f1821
2026-03-22 21:45:10|gpt|web_search|10|JSON_SAVED||1321|c058a5ea-ccee-4258-acf1-a9fec17f1821
2026-03-22 21:45:10|gpt|web_search|10|QUESTION_ADVANCE||1322|81e4e418-9a1b-4d8a-b938-f926351a0d14
2026-03-22 21:45:25|gpt|web_search|13|QUESTION_SENT||1577|02736843-ba8c-4f06-a1ad-d1ad148b91c9
2026-03-22 21:45:30|gpt|web_search|11|JSON_VERIFIED||1454|cd3fbb0b-e37a-417c-b10d-55265ed4bea2
2026-03-22 21:45:30|gpt|web_search|11|QUESTION|5|1454|cd3fbb0b-e37a-417c-b10d-55265ed4bea2
2026-03-22 21:45:30|gpt|web_search|11|JSON_SAVED||1454|cd3fbb0b-e37a-417c-b10d-55265ed4bea2
2026-03-22 21:45:30|gpt|web_search|11|QUESTION_ADVANCE||1455|aa5c6a0e-3976-4516-9ed9-3d1ff950593e
2026-03-22 21:45:32|gpt|web_search|12|QUESTION_SENT||1292|ddc2ae5b-c04e-4d6b-a259-bdfa383bd73c
2026-03-22 21:45:36|gpt|web_search|10|QUESTION_SENT||1322|81e4e418-9a1b-4d8a-b938-f926351a0d14
2026-03-22 21:45:57|gpt|web_search|11|QUESTION_SENT||1455|aa5c6a0e-3976-4516-9ed9-3d1ff950593e
2026-03-22 21:45:58|gpt|web_search|13|JSON_VERIFIED||1577|02736843-ba8c-4f06-a1ad-d1ad148b91c9
2026-03-22 21:45:58|gpt|web_search|13|QUESTION|9|1577|02736843-ba8c-4f06-a1ad-d1ad148b91c9
2026-03-22 21:45:58|gpt|web_search|13|JSON_SAVED||1577|02736843-ba8c-4f06-a1ad-d1ad148b91c9
2026-03-22 21:45:58|gpt|web_search|13|QUESTION_ADVANCE||1578|48fd2380-0ead-4e31-8c6e-551d0e5611b1
2026-03-22 21:46:23|gpt|web_search|12|JSON_VERIFIED||1292|ddc2ae5b-c04e-4d6b-a259-bdfa383bd73c
2026-03-22 21:46:23|gpt|web_search|12|QUESTION|6|1292|ddc2ae5b-c04e-4d6b-a259-bdfa383bd73c
2026-03-22 21:46:23|gpt|web_search|12|JSON_SAVED||1292|ddc2ae5b-c04e-4d6b-a259-bdfa383bd73c
2026-03-22 21:46:23|gpt|web_search|12|QUESTION_ADVANCE||1293|dda94635-37ed-48b2-9b3b-82270f148ab0
2026-03-22 21:46:26|gpt|web_search|13|QUESTION_SENT||1578|48fd2380-0ead-4e31-8c6e-551d0e5611b1
2026-03-22 21:46:36|gpt|web_search|11|JSON_VERIFY_FAILED||1455|aa5c6a0e-3976-4516-9ed9-3d1ff950593e
2026-03-22 21:46:36|gpt|web_search|11|QUESTION|6|1455|aa5c6a0e-3976-4516-9ed9-3d1ff950593e
2026-03-22 21:46:46|gpt|web_search|11|QUESTION_SENT||1455|aa5c6a0e-3976-4516-9ed9-3d1ff950593e
2026-03-22 21:46:49|gpt|web_search|12|QUESTION_SENT||1293|dda94635-37ed-48b2-9b3b-82270f148ab0
2026-03-22 21:46:52|gpt|web_search|13|JSON_VERIFIED||1578|48fd2380-0ead-4e31-8c6e-551d0e5611b1
2026-03-22 21:46:52|gpt|web_search|13|QUESTION|10|1578|48fd2380-0ead-4e31-8c6e-551d0e5611b1
2026-03-22 21:46:52|gpt|web_search|13|JSON_SAVED||1578|48fd2380-0ead-4e31-8c6e-551d0e5611b1
2026-03-22 21:46:52|gpt|web_search|13|QUESTION_ADVANCE||1579|d08841e7-e95e-4926-a427-137d8d034245
2026-03-22 21:47:19|gpt|web_search|13|QUESTION_SENT||1579|d08841e7-e95e-4926-a427-137d8d034245
2026-03-22 21:47:21|gpt|web_search|10|JSON_VERIFIED||1322|81e4e418-9a1b-4d8a-b938-f926351a0d14
2026-03-22 21:47:21|gpt|web_search|10|QUESTION|3|1322|81e4e418-9a1b-4d8a-b938-f926351a0d14
2026-03-22 21:47:21|gpt|web_search|10|JSON_SAVED||1322|81e4e418-9a1b-4d8a-b938-f926351a0d14
2026-03-22 21:47:21|gpt|web_search|10|QUESTION_ADVANCE||1323|0d54f228-a7d1-4c4e-a869-dba3ec832fab
2026-03-22 21:47:21|gpt|web_search|11|JSON_VERIFIED||1455|aa5c6a0e-3976-4516-9ed9-3d1ff950593e
2026-03-22 21:47:21|gpt|web_search|11|QUESTION|7|1455|aa5c6a0e-3976-4516-9ed9-3d1ff950593e
2026-03-22 21:47:21|gpt|web_search|11|JSON_SAVED||1455|aa5c6a0e-3976-4516-9ed9-3d1ff950593e
2026-03-22 21:47:21|gpt|web_search|11|QUESTION_ADVANCE||1456|255b9eaf-ec6c-4fb9-9923-0294bafc63dc
2026-03-22 21:47:47|gpt|web_search|10|QUESTION_SENT||1323|0d54f228-a7d1-4c4e-a869-dba3ec832fab
2026-03-22 21:47:49|gpt|web_search|11|QUESTION_SENT||1456|255b9eaf-ec6c-4fb9-9923-0294bafc63dc
2026-03-22 21:47:52|gpt|web_search|13|JSON_VERIFY_FAILED||1579|d08841e7-e95e-4926-a427-137d8d034245
2026-03-22 21:47:52|gpt|web_search|13|QUESTION|11|1579|d08841e7-e95e-4926-a427-137d8d034245
2026-03-22 21:47:56|gpt|web_search|12|QUESTION_SENT||1293|dda94635-37ed-48b2-9b3b-82270f148ab0
2026-03-22 21:48:02|gpt|web_search|13|QUESTION_SENT||1579|d08841e7-e95e-4926-a427-137d8d034245
2026-03-22 21:48:29|gpt|web_search|13|JSON_VERIFIED||1579|d08841e7-e95e-4926-a427-137d8d034245
2026-03-22 21:48:29|gpt|web_search|13|QUESTION|12|1579|d08841e7-e95e-4926-a427-137d8d034245
2026-03-22 21:48:29|gpt|web_search|13|JSON_SAVED||1579|d08841e7-e95e-4926-a427-137d8d034245
2026-03-22 21:48:29|gpt|web_search|13|QUESTION_ADVANCE||1580|2dc4302f-66c3-4db1-aa7c-e778ccb26fdd
2026-03-22 21:48:41|gpt|web_search|12|JSON_VERIFIED||1293|dda94635-37ed-48b2-9b3b-82270f148ab0
2026-03-22 21:48:41|gpt|web_search|12|QUESTION|7|1293|dda94635-37ed-48b2-9b3b-82270f148ab0
2026-03-22 21:48:41|gpt|web_search|12|JSON_SAVED||1293|dda94635-37ed-48b2-9b3b-82270f148ab0
2026-03-22 21:48:41|gpt|web_search|12|QUESTION_ADVANCE||1294|9182ae64-41b2-40d8-bf4f-a42b4eaf7e63
2026-03-22 21:48:57|gpt|web_search|13|QUESTION_SENT||1580|2dc4302f-66c3-4db1-aa7c-e778ccb26fdd
2026-03-22 21:48:58|gpt|web_search|11|QUESTION_SENT||1456|255b9eaf-ec6c-4fb9-9923-0294bafc63dc
2026-03-22 21:49:06|gpt|web_search|12|QUESTION_SENT||1294|9182ae64-41b2-40d8-bf4f-a42b4eaf7e63
2026-03-22 21:49:14|gpt|web_search|10|JSON_VERIFIED||1323|0d54f228-a7d1-4c4e-a869-dba3ec832fab
2026-03-22 21:49:14|gpt|web_search|10|QUESTION|4|1323|0d54f228-a7d1-4c4e-a869-dba3ec832fab
2026-03-22 21:49:14|gpt|web_search|10|JSON_SAVED||1323|0d54f228-a7d1-4c4e-a869-dba3ec832fab
2026-03-22 21:49:14|gpt|web_search|10|QUESTION_ADVANCE||1324|fa8b1d63-2d2d-48d9-97f7-5a935962fee0
2026-03-22 21:49:40|gpt|web_search|10|QUESTION_SENT||1324|fa8b1d63-2d2d-48d9-97f7-5a935962fee0
2026-03-22 21:49:48|gpt|web_search|11|JSON_VERIFIED||1456|255b9eaf-ec6c-4fb9-9923-0294bafc63dc
2026-03-22 21:49:48|gpt|web_search|11|QUESTION|8|1456|255b9eaf-ec6c-4fb9-9923-0294bafc63dc
2026-03-22 21:49:48|gpt|web_search|11|JSON_SAVED||1456|255b9eaf-ec6c-4fb9-9923-0294bafc63dc
2026-03-22 21:49:48|gpt|web_search|11|QUESTION_ADVANCE||1457|7fe6df64-0a0c-47eb-956f-54188077a505
2026-03-22 21:49:56|gpt|web_search|12|JSON_VERIFIED||1294|9182ae64-41b2-40d8-bf4f-a42b4eaf7e63
2026-03-22 21:49:56|gpt|web_search|12|QUESTION|8|1294|9182ae64-41b2-40d8-bf4f-a42b4eaf7e63
2026-03-22 21:49:56|gpt|web_search|12|JSON_SAVED||1294|9182ae64-41b2-40d8-bf4f-a42b4eaf7e63
2026-03-22 21:49:56|gpt|web_search|12|QUESTION_ADVANCE||1295|d2f13c73-1001-4eae-a5a5-0a30582bb157
2026-03-22 21:50:07|gpt|web_search|13|QUESTION_SENT||1580|2dc4302f-66c3-4db1-aa7c-e778ccb26fdd
2026-03-22 21:50:15|gpt|web_search|11|QUESTION_SENT||1457|7fe6df64-0a0c-47eb-956f-54188077a505
2026-03-22 21:50:22|gpt|web_search|12|QUESTION_SENT||1295|d2f13c73-1001-4eae-a5a5-0a30582bb157
2026-03-22 21:50:49|gpt|web_search|13|JSON_VERIFIED||1580|2dc4302f-66c3-4db1-aa7c-e778ccb26fdd
2026-03-22 21:50:49|gpt|web_search|13|QUESTION|13|1580|2dc4302f-66c3-4db1-aa7c-e778ccb26fdd
2026-03-22 21:50:49|gpt|web_search|13|JSON_SAVED||1580|2dc4302f-66c3-4db1-aa7c-e778ccb26fdd
2026-03-22 21:50:49|gpt|web_search|13|QUESTION_ADVANCE||1581|b70aaad0-a7b7-4e18-889d-9c9e5a9502e4
2026-03-22 21:51:02|gpt|web_search|12|JSON_VERIFY_FAILED||1295|d2f13c73-1001-4eae-a5a5-0a30582bb157
2026-03-22 21:51:02|gpt|web_search|12|QUESTION|9|1295|d2f13c73-1001-4eae-a5a5-0a30582bb157
2026-03-22 21:51:04|gpt|web_search|11|JSON_VERIFIED||1457|7fe6df64-0a0c-47eb-956f-54188077a505
2026-03-22 21:51:04|gpt|web_search|11|QUESTION|9|1457|7fe6df64-0a0c-47eb-956f-54188077a505
2026-03-22 21:51:04|gpt|web_search|11|JSON_SAVED||1457|7fe6df64-0a0c-47eb-956f-54188077a505
2026-03-22 21:51:04|gpt|web_search|11|QUESTION_ADVANCE||1458|e30d47e2-4414-4716-9977-2c9d03036160
2026-03-22 21:51:12|gpt|web_search|12|QUESTION_SENT||1295|d2f13c73-1001-4eae-a5a5-0a30582bb157
2026-03-22 21:51:17|gpt|web_search|13|QUESTION_SENT||1581|b70aaad0-a7b7-4e18-889d-9c9e5a9502e4
2026-03-22 21:51:23|gpt|web_search|10|JSON_VERIFIED||1324|fa8b1d63-2d2d-48d9-97f7-5a935962fee0
2026-03-22 21:51:23|gpt|web_search|10|QUESTION|5|1324|fa8b1d63-2d2d-48d9-97f7-5a935962fee0
2026-03-22 21:51:23|gpt|web_search|10|JSON_SAVED||1324|fa8b1d63-2d2d-48d9-97f7-5a935962fee0
2026-03-22 21:51:23|gpt|web_search|10|QUESTION_ADVANCE||1325|84e73f63-8cab-4dd6-a2a9-33d7c44fed5e
2026-03-22 21:51:31|gpt|web_search|11|QUESTION_SENT||1458|e30d47e2-4414-4716-9977-2c9d03036160
2026-03-22 21:51:49|gpt|web_search|10|QUESTION_SENT||1325|84e73f63-8cab-4dd6-a2a9-33d7c44fed5e
2026-03-22 21:51:58|gpt|web_search|12|JSON_VERIFIED||1295|d2f13c73-1001-4eae-a5a5-0a30582bb157
2026-03-22 21:51:58|gpt|web_search|12|QUESTION|10|1295|d2f13c73-1001-4eae-a5a5-0a30582bb157
2026-03-22 21:51:58|gpt|web_search|12|JSON_SAVED||1295|d2f13c73-1001-4eae-a5a5-0a30582bb157
2026-03-22 21:51:58|gpt|web_search|12|QUESTION_ADVANCE||1296|faed18c3-2946-416e-88b7-42a256e9d09c
2026-03-22 21:52:18|gpt|web_search|11|JSON_VERIFIED||1458|e30d47e2-4414-4716-9977-2c9d03036160
2026-03-22 21:52:18|gpt|web_search|11|QUESTION|10|1458|e30d47e2-4414-4716-9977-2c9d03036160
2026-03-22 21:52:18|gpt|web_search|11|JSON_SAVED||1458|e30d47e2-4414-4716-9977-2c9d03036160
2026-03-22 21:52:18|gpt|web_search|11|QUESTION_ADVANCE||1459|8591a24a-2805-4aa1-b1e2-69b474cd021f
2026-03-22 21:52:21|gpt|web_search|13|QUESTION_SENT||1581|b70aaad0-a7b7-4e18-889d-9c9e5a9502e4
2026-03-22 21:52:23|gpt|web_search|12|QUESTION_SENT||1296|faed18c3-2946-416e-88b7-42a256e9d09c
2026-03-22 21:52:46|gpt|web_search|11|QUESTION_SENT||1459|8591a24a-2805-4aa1-b1e2-69b474cd021f
2026-03-22 21:53:07|gpt|web_search|13|JSON_VERIFIED||1581|b70aaad0-a7b7-4e18-889d-9c9e5a9502e4
2026-03-22 21:53:07|gpt|web_search|13|QUESTION|14|1581|b70aaad0-a7b7-4e18-889d-9c9e5a9502e4
2026-03-22 21:53:07|gpt|web_search|13|JSON_SAVED||1581|b70aaad0-a7b7-4e18-889d-9c9e5a9502e4
2026-03-22 21:53:07|gpt|web_search|13|QUESTION_ADVANCE||1582|008aa992-830f-40b6-84ac-d10409cf116e
2026-03-22 21:53:13|gpt|web_search|12|JSON_VERIFY_FAILED||1296|faed18c3-2946-416e-88b7-42a256e9d09c
2026-03-22 21:53:13|gpt|web_search|12|QUESTION|11|1296|faed18c3-2946-416e-88b7-42a256e9d09c
2026-03-22 21:53:23|gpt|web_search|12|QUESTION_SENT||1296|faed18c3-2946-416e-88b7-42a256e9d09c
2026-03-22 21:53:32|gpt|web_search|10|JSON_VERIFIED||1325|84e73f63-8cab-4dd6-a2a9-33d7c44fed5e
2026-03-22 21:53:32|gpt|web_search|10|QUESTION|6|1325|84e73f63-8cab-4dd6-a2a9-33d7c44fed5e
2026-03-22 21:53:32|gpt|web_search|10|JSON_SAVED||1325|84e73f63-8cab-4dd6-a2a9-33d7c44fed5e
2026-03-22 21:53:32|gpt|web_search|10|QUESTION_ADVANCE||1326|16248341-5713-452f-8eb3-c54dac7e310f
2026-03-22 21:53:35|gpt|web_search|13|QUESTION_SENT||1582|008aa992-830f-40b6-84ac-d10409cf116e
2026-03-22 21:53:36|gpt|web_search|11|JSON_VERIFIED||1459|8591a24a-2805-4aa1-b1e2-69b474cd021f
2026-03-22 21:53:36|gpt|web_search|11|QUESTION|11|1459|8591a24a-2805-4aa1-b1e2-69b474cd021f
2026-03-22 21:53:36|gpt|web_search|11|JSON_SAVED||1459|8591a24a-2805-4aa1-b1e2-69b474cd021f
2026-03-22 21:53:36|gpt|web_search|11|QUESTION_ADVANCE||1460|9411a965-2098-44b0-8366-785a91fbe9ed
2026-03-22 21:53:58|gpt|web_search|10|QUESTION_SENT||1326|16248341-5713-452f-8eb3-c54dac7e310f
2026-03-22 21:54:03|gpt|web_search|11|QUESTION_SENT||1460|9411a965-2098-44b0-8366-785a91fbe9ed
2026-03-22 21:54:06|gpt|web_search|12|JSON_VERIFIED||1296|faed18c3-2946-416e-88b7-42a256e9d09c
2026-03-22 21:54:06|gpt|web_search|12|QUESTION|12|1296|faed18c3-2946-416e-88b7-42a256e9d09c
2026-03-22 21:54:06|gpt|web_search|12|JSON_SAVED||1296|faed18c3-2946-416e-88b7-42a256e9d09c
2026-03-22 21:54:06|gpt|web_search|12|QUESTION_ADVANCE||1297|95ebb033-c699-4fa0-9d16-60c4927c5317
2026-03-22 21:54:32|gpt|web_search|12|QUESTION_SENT||1297|95ebb033-c699-4fa0-9d16-60c4927c5317
2026-03-22 21:54:32|gpt|web_search|13|QUESTION_SENT||1582|008aa992-830f-40b6-84ac-d10409cf116e
2026-03-22 21:54:41|gpt|web_search|11|JSON_VERIFY_FAILED||1460|9411a965-2098-44b0-8366-785a91fbe9ed
2026-03-22 21:54:41|gpt|web_search|11|QUESTION|12|1460|9411a965-2098-44b0-8366-785a91fbe9ed
2026-03-22 21:54:50|gpt|web_search|11|QUESTION_SENT||1460|9411a965-2098-44b0-8366-785a91fbe9ed
2026-03-22 21:55:17|gpt|web_search|12|JSON_VERIFIED||1297|95ebb033-c699-4fa0-9d16-60c4927c5317
2026-03-22 21:55:17|gpt|web_search|12|QUESTION|13|1297|95ebb033-c699-4fa0-9d16-60c4927c5317
2026-03-22 21:55:17|gpt|web_search|12|JSON_SAVED||1297|95ebb033-c699-4fa0-9d16-60c4927c5317
2026-03-22 21:55:17|gpt|web_search|12|QUESTION_ADVANCE||1298|4c258cc4-80ab-409a-9675-c27d1b9f269b
2026-03-22 21:55:21|gpt|web_search|13|JSON_VERIFIED||1582|008aa992-830f-40b6-84ac-d10409cf116e
2026-03-22 21:55:21|gpt|web_search|13|QUESTION|15|1582|008aa992-830f-40b6-84ac-d10409cf116e
2026-03-22 21:55:21|gpt|web_search|13|JSON_SAVED||1582|008aa992-830f-40b6-84ac-d10409cf116e
2026-03-22 21:55:21|gpt|web_search|13|QUESTION_ADVANCE||1583|e259abf5-cd03-411d-ae52-eba2eb453959
2026-03-22 21:55:30|gpt|web_search|11|JSON_VERIFIED||1460|9411a965-2098-44b0-8366-785a91fbe9ed
2026-03-22 21:55:30|gpt|web_search|11|QUESTION|13|1460|9411a965-2098-44b0-8366-785a91fbe9ed
2026-03-22 21:55:30|gpt|web_search|11|JSON_SAVED||1460|9411a965-2098-44b0-8366-785a91fbe9ed
2026-03-22 21:55:30|gpt|web_search|11|QUESTION_ADVANCE||1461|a9a961f8-620c-482a-a311-3cd6d5df33ba
2026-03-22 21:55:43|gpt|web_search|12|QUESTION_SENT||1298|4c258cc4-80ab-409a-9675-c27d1b9f269b
2026-03-22 21:55:48|gpt|web_search|13|QUESTION_SENT||1583|e259abf5-cd03-411d-ae52-eba2eb453959
2026-03-22 21:55:58|gpt|web_search|11|QUESTION_SENT||1461|a9a961f8-620c-482a-a311-3cd6d5df33ba
2026-03-22 21:55:58|gpt|web_search|10|JSON_VERIFIED||1326|16248341-5713-452f-8eb3-c54dac7e310f
2026-03-22 21:55:58|gpt|web_search|10|QUESTION|7|1326|16248341-5713-452f-8eb3-c54dac7e310f
2026-03-22 21:55:58|gpt|web_search|10|JSON_SAVED||1326|16248341-5713-452f-8eb3-c54dac7e310f
2026-03-22 21:55:58|gpt|web_search|10|QUESTION_ADVANCE||1327|398cb618-7810-47e5-9d32-8d577fc45ff6
2026-03-22 21:56:24|gpt|web_search|10|QUESTION_SENT||1327|398cb618-7810-47e5-9d32-8d577fc45ff6
2026-03-22 21:56:32|gpt|web_search|12|JSON_VERIFIED||1298|4c258cc4-80ab-409a-9675-c27d1b9f269b
2026-03-22 21:56:32|gpt|web_search|12|QUESTION|14|1298|4c258cc4-80ab-409a-9675-c27d1b9f269b
2026-03-22 21:56:32|gpt|web_search|12|JSON_SAVED||1298|4c258cc4-80ab-409a-9675-c27d1b9f269b
2026-03-22 21:56:32|gpt|web_search|12|QUESTION_ADVANCE||1299|f2d7eb58-af9b-4e91-9872-95fb2594c785
2026-03-22 21:56:49|gpt|web_search|11|JSON_VERIFIED||1461|a9a961f8-620c-482a-a311-3cd6d5df33ba
2026-03-22 21:56:49|gpt|web_search|11|QUESTION|14|1461|a9a961f8-620c-482a-a311-3cd6d5df33ba
2026-03-22 21:56:49|gpt|web_search|11|JSON_SAVED||1461|a9a961f8-620c-482a-a311-3cd6d5df33ba
2026-03-22 21:56:49|gpt|web_search|11|QUESTION_ADVANCE||1462|c071f28e-cc2d-48e0-bbfc-70ab85ec46b3
2026-03-22 21:56:53|gpt|web_search|13|QUESTION_SENT||1583|e259abf5-cd03-411d-ae52-eba2eb453959
2026-03-22 21:56:58|gpt|web_search|12|QUESTION_SENT||1299|f2d7eb58-af9b-4e91-9872-95fb2594c785
2026-03-22 21:57:15|gpt|web_search|11|QUESTION_SENT||1462|c071f28e-cc2d-48e0-bbfc-70ab85ec46b3
2026-03-22 21:57:35|gpt|web_search|13|JSON_VERIFIED||1583|e259abf5-cd03-411d-ae52-eba2eb453959
2026-03-22 21:57:35|gpt|web_search|13|QUESTION|16|1583|e259abf5-cd03-411d-ae52-eba2eb453959
2026-03-22 21:57:35|gpt|web_search|13|JSON_SAVED||1583|e259abf5-cd03-411d-ae52-eba2eb453959
2026-03-22 21:57:35|gpt|web_search|13|QUESTION_ADVANCE||1584|f119ed7c-cb22-4dd9-83a4-eea983908519
2026-03-22 21:57:45|gpt|web_search|12|JSON_VERIFIED||1299|f2d7eb58-af9b-4e91-9872-95fb2594c785
2026-03-22 21:57:45|gpt|web_search|12|QUESTION|15|1299|f2d7eb58-af9b-4e91-9872-95fb2594c785
2026-03-22 21:57:45|gpt|web_search|12|JSON_SAVED||1299|f2d7eb58-af9b-4e91-9872-95fb2594c785
2026-03-22 21:57:45|gpt|web_search|12|QUESTION_ADVANCE||1300|d92ab15f-6827-482c-9a32-fe148085fc19
2026-03-22 21:58:02|gpt|web_search|11|JSON_VERIFIED||1462|c071f28e-cc2d-48e0-bbfc-70ab85ec46b3
2026-03-22 21:58:02|gpt|web_search|11|QUESTION|15|1462|c071f28e-cc2d-48e0-bbfc-70ab85ec46b3
2026-03-22 21:58:02|gpt|web_search|11|JSON_SAVED||1462|c071f28e-cc2d-48e0-bbfc-70ab85ec46b3
2026-03-22 21:58:02|gpt|web_search|11|QUESTION_ADVANCE||1463|025e73c9-f800-4063-87e2-24fb83012a77
2026-03-22 21:58:03|gpt|web_search|13|QUESTION_SENT||1584|f119ed7c-cb22-4dd9-83a4-eea983908519
2026-03-22 21:58:10|gpt|web_search|12|QUESTION_SENT||1300|d92ab15f-6827-482c-9a32-fe148085fc19
2026-03-22 21:58:30|gpt|web_search|11|QUESTION_SENT||1463|025e73c9-f800-4063-87e2-24fb83012a77
2026-03-22 21:58:46|gpt|web_search|13|JSON_VERIFIED||1584|f119ed7c-cb22-4dd9-83a4-eea983908519
2026-03-22 21:58:46|gpt|web_search|13|QUESTION|17|1584|f119ed7c-cb22-4dd9-83a4-eea983908519
2026-03-22 21:58:46|gpt|web_search|13|JSON_SAVED||1584|f119ed7c-cb22-4dd9-83a4-eea983908519
2026-03-22 21:58:46|gpt|web_search|13|QUESTION_ADVANCE||1585|b89af73d-c144-48f7-88a2-4705d6c26f51
2026-03-22 21:58:48|gpt|web_search|10|JSON_VERIFIED||1327|398cb618-7810-47e5-9d32-8d577fc45ff6
2026-03-22 21:58:48|gpt|web_search|10|QUESTION|8|1327|398cb618-7810-47e5-9d32-8d577fc45ff6
2026-03-22 21:58:48|gpt|web_search|10|JSON_SAVED||1327|398cb618-7810-47e5-9d32-8d577fc45ff6
2026-03-22 21:58:48|gpt|web_search|10|QUESTION_ADVANCE||1328|28234a0e-aceb-4a2c-b00d-523491900cea
2026-03-22 21:58:59|gpt|web_search|12|JSON_VERIFIED||1300|d92ab15f-6827-482c-9a32-fe148085fc19
2026-03-22 21:58:59|gpt|web_search|12|QUESTION|16|1300|d92ab15f-6827-482c-9a32-fe148085fc19
2026-03-22 21:58:59|gpt|web_search|12|JSON_SAVED||1300|d92ab15f-6827-482c-9a32-fe148085fc19
2026-03-22 21:58:59|gpt|web_search|12|QUESTION_ADVANCE||1301|57caa898-21a1-43af-9746-cb2402385ed7
2026-03-22 21:59:13|gpt|web_search|13|QUESTION_SENT||1585|b89af73d-c144-48f7-88a2-4705d6c26f51
2026-03-22 21:59:14|gpt|web_search|10|QUESTION_SENT||1328|28234a0e-aceb-4a2c-b00d-523491900cea
2026-03-22 21:59:22|gpt|web_search|11|JSON_VERIFIED||1463|025e73c9-f800-4063-87e2-24fb83012a77
2026-03-22 21:59:22|gpt|web_search|11|QUESTION|16|1463|025e73c9-f800-4063-87e2-24fb83012a77
2026-03-22 21:59:22|gpt|web_search|11|JSON_SAVED||1463|025e73c9-f800-4063-87e2-24fb83012a77
2026-03-22 21:59:22|gpt|web_search|11|QUESTION_ADVANCE||1464|739a0b69-11bb-4872-b198-dd00603f3e0d
2026-03-22 21:59:25|gpt|web_search|12|QUESTION_SENT||1301|57caa898-21a1-43af-9746-cb2402385ed7
2026-03-22 21:59:48|gpt|web_search|11|QUESTION_SENT||1464|739a0b69-11bb-4872-b198-dd00603f3e0d
2026-03-22 21:59:53|gpt|web_search|13|JSON_VERIFIED||1585|b89af73d-c144-48f7-88a2-4705d6c26f51
2026-03-22 21:59:53|gpt|web_search|13|QUESTION|18|1585|b89af73d-c144-48f7-88a2-4705d6c26f51
2026-03-22 21:59:53|gpt|web_search|13|JSON_SAVED||1585|b89af73d-c144-48f7-88a2-4705d6c26f51
2026-03-22 21:59:53|gpt|web_search|13|QUESTION_ADVANCE||1586|0cf21dd5-c828-450c-84d8-ade4a082c0ce
2026-03-22 22:00:08|gpt|web_search|12|JSON_VERIFIED||1301|57caa898-21a1-43af-9746-cb2402385ed7
2026-03-22 22:00:08|gpt|web_search|12|QUESTION|17|1301|57caa898-21a1-43af-9746-cb2402385ed7
2026-03-22 22:00:08|gpt|web_search|12|JSON_SAVED||1301|57caa898-21a1-43af-9746-cb2402385ed7
2026-03-22 22:00:08|gpt|web_search|12|QUESTION_ADVANCE||1302|b0f73a66-1088-487a-9463-a259a3bf6b93
2026-03-22 22:00:12|gpt|web_search|10|JSON_VERIFIED||1328|28234a0e-aceb-4a2c-b00d-523491900cea
2026-03-22 22:00:12|gpt|web_search|10|QUESTION|9|1328|28234a0e-aceb-4a2c-b00d-523491900cea
2026-03-22 22:00:12|gpt|web_search|10|JSON_SAVED||1328|28234a0e-aceb-4a2c-b00d-523491900cea
2026-03-22 22:00:12|gpt|web_search|10|QUESTION_ADVANCE||1329|582c429f-3cea-4590-88ee-7d88d569a4b5
2026-03-22 22:00:21|gpt|web_search|13|QUESTION_SENT||1586|0cf21dd5-c828-450c-84d8-ade4a082c0ce
2026-03-22 22:00:34|gpt|web_search|12|QUESTION_SENT||1302|b0f73a66-1088-487a-9463-a259a3bf6b93
2026-03-22 22:00:37|gpt|web_search|11|JSON_VERIFIED||1464|739a0b69-11bb-4872-b198-dd00603f3e0d
2026-03-22 22:00:37|gpt|web_search|11|QUESTION|17|1464|739a0b69-11bb-4872-b198-dd00603f3e0d
2026-03-22 22:00:37|gpt|web_search|11|JSON_SAVED||1464|739a0b69-11bb-4872-b198-dd00603f3e0d
2026-03-22 22:00:37|gpt|web_search|11|QUESTION_ADVANCE||1465|134c71b0-c3d5-4127-87a3-95a43c626e0c
2026-03-22 22:00:38|gpt|web_search|10|QUESTION_SENT||1329|582c429f-3cea-4590-88ee-7d88d569a4b5
2026-03-22 22:01:04|gpt|web_search|11|QUESTION_SENT||1465|134c71b0-c3d5-4127-87a3-95a43c626e0c
2026-03-22 22:01:12|gpt|web_search|13|JSON_VERIFIED||1586|0cf21dd5-c828-450c-84d8-ade4a082c0ce
2026-03-22 22:01:12|gpt|web_search|13|QUESTION|19|1586|0cf21dd5-c828-450c-84d8-ade4a082c0ce
2026-03-22 22:01:12|gpt|web_search|13|JSON_SAVED||1586|0cf21dd5-c828-450c-84d8-ade4a082c0ce
2026-03-22 22:01:12|gpt|web_search|13|QUESTION_ADVANCE||1587|76b29df3-7f6d-43d8-95ac-9aba81ed20ea
2026-03-22 22:01:22|gpt|web_search|12|JSON_VERIFIED||1302|b0f73a66-1088-487a-9463-a259a3bf6b93
2026-03-22 22:01:22|gpt|web_search|12|QUESTION|18|1302|b0f73a66-1088-487a-9463-a259a3bf6b93
2026-03-22 22:01:22|gpt|web_search|12|JSON_SAVED||1302|b0f73a66-1088-487a-9463-a259a3bf6b93
2026-03-22 22:01:22|gpt|web_search|12|QUESTION_ADVANCE||1303|b37abd15-a99b-4c2f-b9fd-7c3c966377d7
2026-03-22 22:01:38|gpt|web_search|13|QUESTION_SENT||1587|76b29df3-7f6d-43d8-95ac-9aba81ed20ea
2026-03-22 22:01:48|gpt|web_search|12|QUESTION_SENT||1303|b37abd15-a99b-4c2f-b9fd-7c3c966377d7
2026-03-22 22:01:54|gpt|web_search|11|JSON_VERIFIED||1465|134c71b0-c3d5-4127-87a3-95a43c626e0c
2026-03-22 22:01:54|gpt|web_search|11|QUESTION|18|1465|134c71b0-c3d5-4127-87a3-95a43c626e0c
2026-03-22 22:01:54|gpt|web_search|11|JSON_SAVED||1465|134c71b0-c3d5-4127-87a3-95a43c626e0c
2026-03-22 22:01:54|gpt|web_search|11|QUESTION_ADVANCE||1466|b58d57db-f2e7-47f1-9497-fb896dcdb172
2026-03-22 22:02:19|gpt|web_search|13|JSON_VERIFIED||1587|76b29df3-7f6d-43d8-95ac-9aba81ed20ea
2026-03-22 22:02:19|gpt|web_search|13|QUESTION|20|1587|76b29df3-7f6d-43d8-95ac-9aba81ed20ea
2026-03-22 22:02:19|gpt|web_search|13|JSON_SAVED||1587|76b29df3-7f6d-43d8-95ac-9aba81ed20ea
2026-03-22 22:02:19|gpt|web_search|13|QUESTION_ADVANCE||1588|2f95e51a-52f7-4192-a365-b36926dcb38f
2026-03-22 22:02:22|gpt|web_search|11|QUESTION_SENT||1466|b58d57db-f2e7-47f1-9497-fb896dcdb172
2026-03-22 22:02:36|gpt|web_search|10|QUESTION_SENT||1329|582c429f-3cea-4590-88ee-7d88d569a4b5
2026-03-22 22:02:42|gpt|web_search|12|JSON_VERIFIED||1303|b37abd15-a99b-4c2f-b9fd-7c3c966377d7
2026-03-22 22:02:42|gpt|web_search|12|QUESTION|19|1303|b37abd15-a99b-4c2f-b9fd-7c3c966377d7
2026-03-22 22:02:42|gpt|web_search|12|JSON_SAVED||1303|b37abd15-a99b-4c2f-b9fd-7c3c966377d7
2026-03-22 22:02:42|gpt|web_search|12|QUESTION_ADVANCE||1304|173ce4ed-b659-4429-9ab2-0f3f4df06037
2026-03-22 22:02:47|gpt|web_search|13|QUESTION_SENT||1588|2f95e51a-52f7-4192-a365-b36926dcb38f
2026-03-22 22:03:08|gpt|web_search|12|QUESTION_SENT||1304|173ce4ed-b659-4429-9ab2-0f3f4df06037
2026-03-22 22:03:09|gpt|web_search|11|JSON_VERIFIED||1466|b58d57db-f2e7-47f1-9497-fb896dcdb172
2026-03-22 22:03:09|gpt|web_search|11|QUESTION|19|1466|b58d57db-f2e7-47f1-9497-fb896dcdb172
2026-03-22 22:03:09|gpt|web_search|11|JSON_SAVED||1466|b58d57db-f2e7-47f1-9497-fb896dcdb172
2026-03-22 22:03:09|gpt|web_search|11|QUESTION_ADVANCE||1467|22ebfad1-b81b-4480-a77c-a0052308a3a9
2026-03-22 22:03:26|gpt|web_search|13|JSON_VERIFY_FAILED||1588|2f95e51a-52f7-4192-a365-b36926dcb38f
2026-03-22 22:03:26|gpt|web_search|13|QUESTION|21|1588|2f95e51a-52f7-4192-a365-b36926dcb38f
2026-03-22 22:03:35|gpt|web_search|13|QUESTION_SENT||1588|2f95e51a-52f7-4192-a365-b36926dcb38f
2026-03-22 22:03:37|gpt|web_search|11|QUESTION_SENT||1467|22ebfad1-b81b-4480-a77c-a0052308a3a9
2026-03-22 22:03:44|gpt|web_search|12|JSON_VERIFY_FAILED||1304|173ce4ed-b659-4429-9ab2-0f3f4df06037
2026-03-22 22:03:44|gpt|web_search|12|QUESTION|20|1304|173ce4ed-b659-4429-9ab2-0f3f4df06037
2026-03-22 22:03:53|gpt|web_search|12|QUESTION_SENT||1304|173ce4ed-b659-4429-9ab2-0f3f4df06037
2026-03-22 22:04:00|gpt|web_search|13|JSON_VERIFIED||1588|2f95e51a-52f7-4192-a365-b36926dcb38f
2026-03-22 22:04:00|gpt|web_search|13|QUESTION|22|1588|2f95e51a-52f7-4192-a365-b36926dcb38f
2026-03-22 22:04:00|gpt|web_search|13|JSON_SAVED||1588|2f95e51a-52f7-4192-a365-b36926dcb38f
2026-03-22 22:04:00|gpt|web_search|13|QUESTION_ADVANCE||1589|93fc4673-12e0-4170-b16b-182e036aacec
2026-03-22 22:04:07|gpt|web_search|10|JSON_VERIFIED||1329|582c429f-3cea-4590-88ee-7d88d569a4b5
2026-03-22 22:04:07|gpt|web_search|10|QUESTION|10|1329|582c429f-3cea-4590-88ee-7d88d569a4b5
2026-03-22 22:04:07|gpt|web_search|10|JSON_SAVED||1329|582c429f-3cea-4590-88ee-7d88d569a4b5
2026-03-22 22:04:07|gpt|web_search|10|QUESTION_ADVANCE||1330|7ce7d95e-cb92-4176-b53e-a417c7b45a0e
2026-03-22 22:04:27|gpt|web_search|13|QUESTION_SENT||1589|93fc4673-12e0-4170-b16b-182e036aacec
2026-03-22 22:04:32|gpt|web_search|12|JSON_VERIFIED||1304|173ce4ed-b659-4429-9ab2-0f3f4df06037
2026-03-22 22:04:32|gpt|web_search|12|QUESTION|21|1304|173ce4ed-b659-4429-9ab2-0f3f4df06037
2026-03-22 22:04:32|gpt|web_search|12|JSON_SAVED||1304|173ce4ed-b659-4429-9ab2-0f3f4df06037
2026-03-22 22:04:32|gpt|web_search|12|QUESTION_ADVANCE||1305|6d25d78a-d764-4de4-8969-f09d558f16c1
2026-03-22 22:04:33|gpt|web_search|10|QUESTION_SENT||1330|7ce7d95e-cb92-4176-b53e-a417c7b45a0e
2026-03-22 22:04:42|gpt|web_search|11|JSON_VERIFIED||1467|22ebfad1-b81b-4480-a77c-a0052308a3a9
2026-03-22 22:04:42|gpt|web_search|11|QUESTION|20|1467|22ebfad1-b81b-4480-a77c-a0052308a3a9
2026-03-22 22:04:42|gpt|web_search|11|JSON_SAVED||1467|22ebfad1-b81b-4480-a77c-a0052308a3a9
2026-03-22 22:04:42|gpt|web_search|11|QUESTION_ADVANCE||1468|abdeae05-c91b-42ec-8753-c6c89941f931
2026-03-22 22:04:59|gpt|web_search|12|QUESTION_SENT||1305|6d25d78a-d764-4de4-8969-f09d558f16c1
2026-03-22 22:05:08|gpt|web_search|11|QUESTION_SENT||1468|abdeae05-c91b-42ec-8753-c6c89941f931
2026-03-22 22:05:11|gpt|web_search|13|JSON_VERIFIED||1589|93fc4673-12e0-4170-b16b-182e036aacec
2026-03-22 22:05:11|gpt|web_search|13|QUESTION|23|1589|93fc4673-12e0-4170-b16b-182e036aacec
2026-03-22 22:05:11|gpt|web_search|13|JSON_SAVED||1589|93fc4673-12e0-4170-b16b-182e036aacec
2026-03-22 22:05:11|gpt|web_search|13|QUESTION_ADVANCE||1590|cbc79ed1-3319-4f52-a914-e96dd25b29b7
2026-03-22 22:05:39|gpt|web_search|13|QUESTION_SENT||1590|cbc79ed1-3319-4f52-a914-e96dd25b29b7
2026-03-22 22:05:49|gpt|web_search|12|JSON_VERIFIED||1305|6d25d78a-d764-4de4-8969-f09d558f16c1
2026-03-22 22:05:49|gpt|web_search|12|QUESTION|22|1305|6d25d78a-d764-4de4-8969-f09d558f16c1
2026-03-22 22:05:49|gpt|web_search|12|JSON_SAVED||1305|6d25d78a-d764-4de4-8969-f09d558f16c1
2026-03-22 22:05:49|gpt|web_search|12|QUESTION_ADVANCE||1306|60c37f97-29a9-4813-9fb6-ce841e4b392b
2026-03-22 22:05:55|gpt|web_search|11|JSON_VERIFIED||1468|abdeae05-c91b-42ec-8753-c6c89941f931
2026-03-22 22:05:55|gpt|web_search|11|QUESTION|21|1468|abdeae05-c91b-42ec-8753-c6c89941f931
2026-03-22 22:05:55|gpt|web_search|11|JSON_SAVED||1468|abdeae05-c91b-42ec-8753-c6c89941f931
2026-03-22 22:05:55|gpt|web_search|11|QUESTION_ADVANCE||1469|c4d6b142-583e-4e58-a771-814d6dca6fb9
2026-03-22 22:06:00|gpt|web_search|10|JSON_VERIFIED||1330|7ce7d95e-cb92-4176-b53e-a417c7b45a0e
2026-03-22 22:06:00|gpt|web_search|10|QUESTION|11|1330|7ce7d95e-cb92-4176-b53e-a417c7b45a0e
2026-03-22 22:06:00|gpt|web_search|10|JSON_SAVED||1330|7ce7d95e-cb92-4176-b53e-a417c7b45a0e
2026-03-22 22:06:00|gpt|web_search|10|QUESTION_ADVANCE||1331|40dbb388-16fc-47a2-ae6d-2f2de144f323
2026-03-22 22:06:03|gpt|web_search|13|JSON_VERIFY_FAILED||1590|cbc79ed1-3319-4f52-a914-e96dd25b29b7
2026-03-22 22:06:03|gpt|web_search|13|QUESTION|24|1590|cbc79ed1-3319-4f52-a914-e96dd25b29b7
2026-03-22 22:06:13|gpt|web_search|13|QUESTION_SENT||1590|cbc79ed1-3319-4f52-a914-e96dd25b29b7
2026-03-22 22:06:15|gpt|web_search|12|QUESTION_SENT||1306|60c37f97-29a9-4813-9fb6-ce841e4b392b
2026-03-22 22:06:23|gpt|web_search|11|QUESTION_SENT||1469|c4d6b142-583e-4e58-a771-814d6dca6fb9
2026-03-22 22:06:26|gpt|web_search|10|QUESTION_SENT||1331|40dbb388-16fc-47a2-ae6d-2f2de144f323
2026-03-22 22:06:29|gpt|web_search|13|JSON_VERIFY_FAILED||1590|cbc79ed1-3319-4f52-a914-e96dd25b29b7
2026-03-22 22:06:29|gpt|web_search|13|QUESTION|25|1590|cbc79ed1-3319-4f52-a914-e96dd25b29b7
2026-03-22 22:06:39|gpt|web_search|13|QUESTION_SENT||1590|cbc79ed1-3319-4f52-a914-e96dd25b29b7
2026-03-22 22:06:54|gpt|web_search|13|JSON_VERIFY_FAILED||1590|cbc79ed1-3319-4f52-a914-e96dd25b29b7
2026-03-22 22:06:54|gpt|web_search|13|QUESTION|26|1590|cbc79ed1-3319-4f52-a914-e96dd25b29b7
2026-03-22 22:07:04|gpt|web_search|13|QUESTION_SENT||1590|cbc79ed1-3319-4f52-a914-e96dd25b29b7
2026-03-22 22:07:12|gpt|web_search|12|JSON_VERIFIED||1306|60c37f97-29a9-4813-9fb6-ce841e4b392b
2026-03-22 22:07:12|gpt|web_search|12|QUESTION|23|1306|60c37f97-29a9-4813-9fb6-ce841e4b392b
2026-03-22 22:07:12|gpt|web_search|12|JSON_SAVED||1306|60c37f97-29a9-4813-9fb6-ce841e4b392b
2026-03-22 22:07:12|gpt|web_search|12|QUESTION_ADVANCE||1307|57b4758e-6767-4d5e-aa12-0b57b57e8ef2
2026-03-22 22:07:14|gpt|web_search|11|JSON_VERIFIED||1469|c4d6b142-583e-4e58-a771-814d6dca6fb9
2026-03-22 22:07:14|gpt|web_search|11|QUESTION|22|1469|c4d6b142-583e-4e58-a771-814d6dca6fb9
2026-03-22 22:07:14|gpt|web_search|11|JSON_SAVED||1469|c4d6b142-583e-4e58-a771-814d6dca6fb9
2026-03-22 22:07:14|gpt|web_search|11|QUESTION_ADVANCE||1470|8bfab41a-ce4b-4df6-a64a-e8bf54621152
2026-03-22 22:07:31|gpt|web_search|13|JSON_VERIFIED||1590|cbc79ed1-3319-4f52-a914-e96dd25b29b7
2026-03-22 22:07:31|gpt|web_search|13|QUESTION|27|1590|cbc79ed1-3319-4f52-a914-e96dd25b29b7
2026-03-22 22:07:31|gpt|web_search|13|JSON_SAVED||1590|cbc79ed1-3319-4f52-a914-e96dd25b29b7
2026-03-22 22:07:31|gpt|web_search|13|QUESTION_ADVANCE||1591|01730a56-fb21-4d7c-bd46-52fbc6dee1e3
2026-03-22 22:07:38|gpt|web_search|12|QUESTION_SENT||1307|57b4758e-6767-4d5e-aa12-0b57b57e8ef2
2026-03-22 22:07:40|gpt|web_search|11|QUESTION_SENT||1470|8bfab41a-ce4b-4df6-a64a-e8bf54621152
2026-03-22 22:07:59|gpt|web_search|13|QUESTION_SENT||1591|01730a56-fb21-4d7c-bd46-52fbc6dee1e3
2026-03-22 22:08:24|gpt|web_search|10|JSON_VERIFIED||1331|40dbb388-16fc-47a2-ae6d-2f2de144f323
2026-03-22 22:08:24|gpt|web_search|10|QUESTION|12|1331|40dbb388-16fc-47a2-ae6d-2f2de144f323
2026-03-22 22:08:24|gpt|web_search|10|JSON_SAVED||1331|40dbb388-16fc-47a2-ae6d-2f2de144f323
2026-03-22 22:08:24|gpt|web_search|10|QUESTION_ADVANCE||1332|0debba11-61aa-456a-a4a5-04e2ef444a69
2026-03-22 22:08:28|gpt|web_search|12|JSON_VERIFIED||1307|57b4758e-6767-4d5e-aa12-0b57b57e8ef2
2026-03-22 22:08:28|gpt|web_search|12|QUESTION|24|1307|57b4758e-6767-4d5e-aa12-0b57b57e8ef2
2026-03-22 22:08:28|gpt|web_search|12|JSON_SAVED||1307|57b4758e-6767-4d5e-aa12-0b57b57e8ef2
2026-03-22 22:08:28|gpt|web_search|12|QUESTION_ADVANCE||1308|e6b36b60-d8d5-4e10-be57-9e5f3370578e
2026-03-22 22:08:29|gpt|web_search|13|JSON_VERIFIED||1591|01730a56-fb21-4d7c-bd46-52fbc6dee1e3
2026-03-22 22:08:29|gpt|web_search|13|QUESTION|28|1591|01730a56-fb21-4d7c-bd46-52fbc6dee1e3
2026-03-22 22:08:29|gpt|web_search|13|JSON_SAVED||1591|01730a56-fb21-4d7c-bd46-52fbc6dee1e3
2026-03-22 22:08:29|gpt|web_search|13|QUESTION_ADVANCE||1592|0feb51a2-c6f4-4460-8ad3-0e566e9dbfb7
2026-03-22 22:08:30|gpt|web_search|11|JSON_VERIFIED||1470|8bfab41a-ce4b-4df6-a64a-e8bf54621152
2026-03-22 22:08:30|gpt|web_search|11|QUESTION|23|1470|8bfab41a-ce4b-4df6-a64a-e8bf54621152
2026-03-22 22:08:30|gpt|web_search|11|JSON_SAVED||1470|8bfab41a-ce4b-4df6-a64a-e8bf54621152
2026-03-22 22:08:30|gpt|web_search|11|QUESTION_ADVANCE||1471|c0886b19-960c-454f-833e-73974bd50f03
2026-03-22 22:08:50|gpt|web_search|10|QUESTION_SENT||1332|0debba11-61aa-456a-a4a5-04e2ef444a69
2026-03-22 22:08:54|gpt|web_search|12|QUESTION_SENT||1308|e6b36b60-d8d5-4e10-be57-9e5f3370578e
2026-03-22 22:08:57|gpt|web_search|13|QUESTION_SENT||1592|0feb51a2-c6f4-4460-8ad3-0e566e9dbfb7
2026-03-22 22:08:57|gpt|web_search|11|QUESTION_SENT||1471|c0886b19-960c-454f-833e-73974bd50f03
2026-03-22 22:09:25|gpt|web_search|13|JSON_VERIFY_FAILED||1592|0feb51a2-c6f4-4460-8ad3-0e566e9dbfb7
2026-03-22 22:09:25|gpt|web_search|13|QUESTION|29|1592|0feb51a2-c6f4-4460-8ad3-0e566e9dbfb7
2026-03-22 22:09:35|gpt|web_search|13|QUESTION_SENT||1592|0feb51a2-c6f4-4460-8ad3-0e566e9dbfb7
2026-03-22 22:09:38|gpt|web_search|12|JSON_VERIFIED||1308|e6b36b60-d8d5-4e10-be57-9e5f3370578e
2026-03-22 22:09:38|gpt|web_search|12|QUESTION|25|1308|e6b36b60-d8d5-4e10-be57-9e5f3370578e
2026-03-22 22:09:38|gpt|web_search|12|JSON_SAVED||1308|e6b36b60-d8d5-4e10-be57-9e5f3370578e
2026-03-22 22:09:38|gpt|web_search|12|QUESTION_ADVANCE||1309|5132e5d6-bfcb-4aa9-a8f0-dfbf591627d4
2026-03-22 22:09:47|gpt|web_search|11|JSON_VERIFIED||1471|c0886b19-960c-454f-833e-73974bd50f03
2026-03-22 22:09:47|gpt|web_search|11|QUESTION|24|1471|c0886b19-960c-454f-833e-73974bd50f03
2026-03-22 22:09:47|gpt|web_search|11|JSON_SAVED||1471|c0886b19-960c-454f-833e-73974bd50f03
2026-03-22 22:09:47|gpt|web_search|11|QUESTION_ADVANCE||1472|e3ffeb26-ffc6-4511-b974-52f8b7e9f592
2026-03-22 22:09:54|gpt|web_search|13|JSON_VERIFY_FAILED||1592|0feb51a2-c6f4-4460-8ad3-0e566e9dbfb7
2026-03-22 22:09:54|gpt|web_search|13|QUESTION|30|1592|0feb51a2-c6f4-4460-8ad3-0e566e9dbfb7
2026-03-22 22:10:03|gpt|web_search|13|QUESTION_SENT||1592|0feb51a2-c6f4-4460-8ad3-0e566e9dbfb7
2026-03-22 22:10:04|gpt|web_search|12|QUESTION_SENT||1309|5132e5d6-bfcb-4aa9-a8f0-dfbf591627d4
2026-03-22 22:10:15|gpt|web_search|11|QUESTION_SENT||1472|e3ffeb26-ffc6-4511-b974-52f8b7e9f592
2026-03-22 22:10:20|gpt|web_search|13|JSON_VERIFY_FAILED||1592|0feb51a2-c6f4-4460-8ad3-0e566e9dbfb7
2026-03-22 22:10:20|gpt|web_search|13|QUESTION|31|1592|0feb51a2-c6f4-4460-8ad3-0e566e9dbfb7
2026-03-22 22:10:48|gpt|web_search|13|QUESTION_SENT||1592|0feb51a2-c6f4-4460-8ad3-0e566e9dbfb7
2026-03-22 22:10:54|gpt|web_search|12|QUESTION_SENT||1309|5132e5d6-bfcb-4aa9-a8f0-dfbf591627d4
2026-03-22 22:11:06|gpt|web_search|11|JSON_VERIFY_FAILED||1472|e3ffeb26-ffc6-4511-b974-52f8b7e9f592
2026-03-22 22:11:06|gpt|web_search|11|QUESTION|25|1472|e3ffeb26-ffc6-4511-b974-52f8b7e9f592
2026-03-22 22:11:16|gpt|web_search|11|QUESTION_SENT||1472|e3ffeb26-ffc6-4511-b974-52f8b7e9f592
2026-03-22 22:11:25|gpt|web_search|13|JSON_VERIFY_FAILED||1592|0feb51a2-c6f4-4460-8ad3-0e566e9dbfb7
2026-03-22 22:11:25|gpt|web_search|13|QUESTION|32|1592|0feb51a2-c6f4-4460-8ad3-0e566e9dbfb7
2026-03-22 22:11:35|gpt|web_search|13|QUESTION_SENT||1592|0feb51a2-c6f4-4460-8ad3-0e566e9dbfb7
2026-03-22 22:11:41|gpt|web_search|12|JSON_VERIFIED||1309|5132e5d6-bfcb-4aa9-a8f0-dfbf591627d4
2026-03-22 22:11:41|gpt|web_search|12|QUESTION|26|1309|5132e5d6-bfcb-4aa9-a8f0-dfbf591627d4
2026-03-22 22:11:41|gpt|web_search|12|JSON_SAVED||1309|5132e5d6-bfcb-4aa9-a8f0-dfbf591627d4
2026-03-22 22:11:41|gpt|web_search|12|QUESTION_ADVANCE||1310|9a5a6548-dfd3-4d6e-9929-a11e60f8f5a4
2026-03-22 22:11:56|gpt|web_search|11|JSON_VERIFIED||1472|e3ffeb26-ffc6-4511-b974-52f8b7e9f592
2026-03-22 22:11:56|gpt|web_search|11|QUESTION|26|1472|e3ffeb26-ffc6-4511-b974-52f8b7e9f592
2026-03-22 22:11:56|gpt|web_search|11|JSON_SAVED||1472|e3ffeb26-ffc6-4511-b974-52f8b7e9f592
2026-03-22 22:11:56|gpt|web_search|11|QUESTION_ADVANCE||1473|650efc3e-7c45-4352-9347-43713c9edfd6
2026-03-22 22:12:07|gpt|web_search|12|QUESTION_SENT||1310|9a5a6548-dfd3-4d6e-9929-a11e60f8f5a4
2026-03-22 22:12:19|gpt|web_search|13|QUESTION_SENT||1592|0feb51a2-c6f4-4460-8ad3-0e566e9dbfb7
2026-03-22 22:12:23|gpt|web_search|11|QUESTION_SENT||1473|650efc3e-7c45-4352-9347-43713c9edfd6
2026-03-22 22:12:54|gpt|web_search|12|JSON_VERIFIED||1310|9a5a6548-dfd3-4d6e-9929-a11e60f8f5a4
2026-03-22 22:12:54|gpt|web_search|12|QUESTION|27|1310|9a5a6548-dfd3-4d6e-9929-a11e60f8f5a4
2026-03-22 22:12:54|gpt|web_search|12|JSON_SAVED||1310|9a5a6548-dfd3-4d6e-9929-a11e60f8f5a4
2026-03-22 22:12:54|gpt|web_search|12|QUESTION_ADVANCE||1311|5b92e0f0-7b57-4c3e-89d8-c04b82ea1c9d
2026-03-22 22:13:11|gpt|web_search|13|QUESTION_SENT||1592|0feb51a2-c6f4-4460-8ad3-0e566e9dbfb7
2026-03-22 22:13:16|gpt|web_search|11|JSON_VERIFIED||1473|650efc3e-7c45-4352-9347-43713c9edfd6
2026-03-22 22:13:16|gpt|web_search|11|QUESTION|27|1473|650efc3e-7c45-4352-9347-43713c9edfd6
2026-03-22 22:13:16|gpt|web_search|11|JSON_SAVED||1473|650efc3e-7c45-4352-9347-43713c9edfd6
2026-03-22 22:13:16|gpt|web_search|11|QUESTION_ADVANCE||1474|e8a43168-5546-4e8e-a137-4ff18a7423fd
2026-03-22 22:13:20|gpt|web_search|12|QUESTION_SENT||1311|5b92e0f0-7b57-4c3e-89d8-c04b82ea1c9d
2026-03-22 22:13:42|gpt|web_search|11|QUESTION_SENT||1474|e8a43168-5546-4e8e-a137-4ff18a7423fd
2026-03-22 22:13:43|gpt|web_search|13|JSON_VERIFIED||1592|0feb51a2-c6f4-4460-8ad3-0e566e9dbfb7
2026-03-22 22:13:43|gpt|web_search|13|QUESTION|33|1592|0feb51a2-c6f4-4460-8ad3-0e566e9dbfb7
2026-03-22 22:13:43|gpt|web_search|13|JSON_SAVED||1592|0feb51a2-c6f4-4460-8ad3-0e566e9dbfb7
2026-03-22 22:13:43|gpt|web_search|13|QUESTION_ADVANCE||1593|b6b2e6ee-4c07-4e87-8a95-9ae4787bd9b4
2026-03-22 22:14:01|gpt|web_search|10|JSON_VERIFY_FAILED||1332|0debba11-61aa-456a-a4a5-04e2ef444a69
2026-03-22 22:14:01|gpt|web_search|10|QUESTION|13|1332|0debba11-61aa-456a-a4a5-04e2ef444a69
2026-03-22 22:14:10|gpt|web_search|13|QUESTION_SENT||1593|b6b2e6ee-4c07-4e87-8a95-9ae4787bd9b4
2026-03-22 22:14:13|gpt|web_search|12|JSON_VERIFIED||1311|5b92e0f0-7b57-4c3e-89d8-c04b82ea1c9d
2026-03-22 22:14:13|gpt|web_search|12|QUESTION|28|1311|5b92e0f0-7b57-4c3e-89d8-c04b82ea1c9d
2026-03-22 22:14:13|gpt|web_search|12|JSON_SAVED||1311|5b92e0f0-7b57-4c3e-89d8-c04b82ea1c9d
2026-03-22 22:14:13|gpt|web_search|12|QUESTION_ADVANCE||1312|538bb008-6dd8-415b-9919-e04f613b6cc3
2026-03-22 22:14:27|gpt|web_search|10|QUESTION_SENT||1332|0debba11-61aa-456a-a4a5-04e2ef444a69
2026-03-22 22:14:32|gpt|web_search|11|JSON_VERIFIED||1474|e8a43168-5546-4e8e-a137-4ff18a7423fd
2026-03-22 22:14:32|gpt|web_search|11|QUESTION|28|1474|e8a43168-5546-4e8e-a137-4ff18a7423fd
2026-03-22 22:14:32|gpt|web_search|11|JSON_SAVED||1474|e8a43168-5546-4e8e-a137-4ff18a7423fd
2026-03-22 22:14:32|gpt|web_search|11|QUESTION_ADVANCE||1475|06c04227-78f7-42d3-aa0f-323d88d7b173
2026-03-22 22:14:39|gpt|web_search|12|QUESTION_SENT||1312|538bb008-6dd8-415b-9919-e04f613b6cc3
2026-03-22 22:14:43|gpt|web_search|13|JSON_VERIFIED||1593|b6b2e6ee-4c07-4e87-8a95-9ae4787bd9b4
2026-03-22 22:14:43|gpt|web_search|13|QUESTION|34|1593|b6b2e6ee-4c07-4e87-8a95-9ae4787bd9b4
2026-03-22 22:14:43|gpt|web_search|13|JSON_SAVED||1593|b6b2e6ee-4c07-4e87-8a95-9ae4787bd9b4
2026-03-22 22:14:43|gpt|web_search|13|QUESTION_ADVANCE||1594|16345de7-ce81-4137-9c70-fe5a2705cf86
2026-03-22 22:15:00|gpt|web_search|11|QUESTION_SENT||1475|06c04227-78f7-42d3-aa0f-323d88d7b173
2026-03-22 22:15:11|gpt|web_search|13|QUESTION_SENT||1594|16345de7-ce81-4137-9c70-fe5a2705cf86
2026-03-22 22:15:29|gpt|web_search|12|JSON_VERIFIED||1312|538bb008-6dd8-415b-9919-e04f613b6cc3
2026-03-22 22:15:29|gpt|web_search|12|QUESTION|29|1312|538bb008-6dd8-415b-9919-e04f613b6cc3
2026-03-22 22:15:29|gpt|web_search|12|JSON_SAVED||1312|538bb008-6dd8-415b-9919-e04f613b6cc3
2026-03-22 22:15:29|gpt|web_search|12|QUESTION_ADVANCE||1313|f23560cc-bfc0-4445-9188-37e4b68756f8
2026-03-22 22:15:41|gpt|web_search|13|JSON_VERIFIED||1594|16345de7-ce81-4137-9c70-fe5a2705cf86
2026-03-22 22:15:41|gpt|web_search|13|QUESTION|35|1594|16345de7-ce81-4137-9c70-fe5a2705cf86
2026-03-22 22:15:41|gpt|web_search|13|JSON_SAVED||1594|16345de7-ce81-4137-9c70-fe5a2705cf86
2026-03-22 22:15:41|gpt|web_search|13|QUESTION_ADVANCE||1595|09215785-7439-4173-a820-8c4430c0c98e
2026-03-22 22:15:51|gpt|web_search|11|JSON_VERIFIED||1475|06c04227-78f7-42d3-aa0f-323d88d7b173
2026-03-22 22:15:51|gpt|web_search|11|QUESTION|29|1475|06c04227-78f7-42d3-aa0f-323d88d7b173
2026-03-22 22:15:51|gpt|web_search|11|JSON_SAVED||1475|06c04227-78f7-42d3-aa0f-323d88d7b173
2026-03-22 22:15:51|gpt|web_search|11|QUESTION_ADVANCE||1476|8800561f-5fe4-4703-bc19-b630c85ccfdd
2026-03-22 22:15:55|gpt|web_search|12|QUESTION_SENT||1313|f23560cc-bfc0-4445-9188-37e4b68756f8
2026-03-22 22:16:08|gpt|web_search|13|QUESTION_SENT||1595|09215785-7439-4173-a820-8c4430c0c98e
2026-03-22 22:16:17|gpt|web_search|11|QUESTION_SENT||1476|8800561f-5fe4-4703-bc19-b630c85ccfdd
2026-03-22 22:16:33|gpt|web_search|13|JSON_VERIFY_FAILED||1595|09215785-7439-4173-a820-8c4430c0c98e
2026-03-22 22:16:33|gpt|web_search|13|QUESTION|36|1595|09215785-7439-4173-a820-8c4430c0c98e
2026-03-22 22:16:42|gpt|web_search|13|QUESTION_SENT||1595|09215785-7439-4173-a820-8c4430c0c98e
2026-03-22 22:16:43|gpt|web_search|12|JSON_VERIFY_FAILED||1313|f23560cc-bfc0-4445-9188-37e4b68756f8
2026-03-22 22:16:43|gpt|web_search|12|QUESTION|30|1313|f23560cc-bfc0-4445-9188-37e4b68756f8
2026-03-22 22:16:53|gpt|web_search|12|QUESTION_SENT||1313|f23560cc-bfc0-4445-9188-37e4b68756f8
2026-03-22 22:17:25|gpt|web_search|11|JSON_VERIFIED||1476|8800561f-5fe4-4703-bc19-b630c85ccfdd
2026-03-22 22:17:25|gpt|web_search|11|QUESTION|30|1476|8800561f-5fe4-4703-bc19-b630c85ccfdd
2026-03-22 22:17:25|gpt|web_search|11|JSON_SAVED||1476|8800561f-5fe4-4703-bc19-b630c85ccfdd
2026-03-22 22:17:25|gpt|web_search|11|QUESTION_ADVANCE||1477|e6eb6437-0280-487b-8230-b9a3a19678bc
2026-03-22 22:17:32|gpt|web_search|12|JSON_VERIFIED||1313|f23560cc-bfc0-4445-9188-37e4b68756f8
2026-03-22 22:17:32|gpt|web_search|12|QUESTION|31|1313|f23560cc-bfc0-4445-9188-37e4b68756f8
2026-03-22 22:17:32|gpt|web_search|12|JSON_SAVED||1313|f23560cc-bfc0-4445-9188-37e4b68756f8
2026-03-22 22:17:32|gpt|web_search|12|QUESTION_ADVANCE||1314|183f9078-37c9-4059-bcd2-661150bdb159
2026-03-22 22:17:51|gpt|web_search|11|QUESTION_SENT||1477|e6eb6437-0280-487b-8230-b9a3a19678bc
2026-03-22 22:17:59|gpt|web_search|12|QUESTION_SENT||1314|183f9078-37c9-4059-bcd2-661150bdb159
2026-03-22 22:18:42|gpt|web_search|11|JSON_VERIFIED||1477|e6eb6437-0280-487b-8230-b9a3a19678bc
2026-03-22 22:18:42|gpt|web_search|11|QUESTION|31|1477|e6eb6437-0280-487b-8230-b9a3a19678bc
2026-03-22 22:18:42|gpt|web_search|11|JSON_SAVED||1477|e6eb6437-0280-487b-8230-b9a3a19678bc
2026-03-22 22:18:42|gpt|web_search|11|QUESTION_ADVANCE||1478|1056b427-b788-4e08-b42a-e49bc7a7c939
2026-03-22 22:18:43|gpt|web_search|12|JSON_VERIFIED||1314|183f9078-37c9-4059-bcd2-661150bdb159
2026-03-22 22:18:43|gpt|web_search|12|QUESTION|32|1314|183f9078-37c9-4059-bcd2-661150bdb159
2026-03-22 22:18:43|gpt|web_search|12|JSON_SAVED||1314|183f9078-37c9-4059-bcd2-661150bdb159
2026-03-22 22:18:43|gpt|web_search|12|QUESTION_ADVANCE||1315|6882cabc-33d5-4113-b6ca-d2089944c0ac
2026-03-22 22:19:08|gpt|web_search|11|QUESTION_SENT||1478|1056b427-b788-4e08-b42a-e49bc7a7c939
2026-03-22 22:19:09|gpt|web_search|12|QUESTION_SENT||1315|6882cabc-33d5-4113-b6ca-d2089944c0ac
2026-03-22 22:19:24|gpt|web_search|10|JSON_VERIFY_FAILED||1332|0debba11-61aa-456a-a4a5-04e2ef444a69
2026-03-22 22:19:24|gpt|web_search|10|QUESTION|14|1332|0debba11-61aa-456a-a4a5-04e2ef444a69
2026-03-22 22:19:33|gpt|web_search|10|QUESTION_SENT||1332|0debba11-61aa-456a-a4a5-04e2ef444a69
2026-03-22 22:19:58|gpt|web_search|12|JSON_VERIFIED||1315|6882cabc-33d5-4113-b6ca-d2089944c0ac
2026-03-22 22:19:58|gpt|web_search|12|QUESTION|33|1315|6882cabc-33d5-4113-b6ca-d2089944c0ac
2026-03-22 22:19:58|gpt|web_search|12|JSON_SAVED||1315|6882cabc-33d5-4113-b6ca-d2089944c0ac
2026-03-22 22:19:58|gpt|web_search|12|QUESTION_ADVANCE||1316|53ded36f-113b-47b6-9e73-14c315f6648b
2026-03-22 22:19:58|gpt|web_search|11|JSON_VERIFIED||1478|1056b427-b788-4e08-b42a-e49bc7a7c939
2026-03-22 22:19:58|gpt|web_search|11|QUESTION|32|1478|1056b427-b788-4e08-b42a-e49bc7a7c939
2026-03-22 22:19:58|gpt|web_search|11|JSON_SAVED||1478|1056b427-b788-4e08-b42a-e49bc7a7c939
2026-03-22 22:19:58|gpt|web_search|11|QUESTION_ADVANCE||1479|ffaa8ef0-b2e3-4979-a5c2-fbf20f862941
2026-03-22 22:20:24|gpt|web_search|12|QUESTION_SENT||1316|53ded36f-113b-47b6-9e73-14c315f6648b
2026-03-22 22:20:26|gpt|web_search|11|QUESTION_SENT||1479|ffaa8ef0-b2e3-4979-a5c2-fbf20f862941
2026-03-22 22:20:52|gpt|web_search|10|JSON_VERIFIED||1332|0debba11-61aa-456a-a4a5-04e2ef444a69
2026-03-22 22:20:52|gpt|web_search|10|QUESTION|15|1332|0debba11-61aa-456a-a4a5-04e2ef444a69
2026-03-22 22:20:52|gpt|web_search|10|JSON_SAVED||1332|0debba11-61aa-456a-a4a5-04e2ef444a69
2026-03-22 22:20:52|gpt|web_search|10|QUESTION_ADVANCE||1333|76d0fdb3-795e-4764-8a42-8a24d21eb4a3
2026-03-22 22:21:14|gpt|web_search|12|JSON_VERIFIED||1316|53ded36f-113b-47b6-9e73-14c315f6648b
2026-03-22 22:21:14|gpt|web_search|12|QUESTION|34|1316|53ded36f-113b-47b6-9e73-14c315f6648b
2026-03-22 22:21:14|gpt|web_search|12|JSON_SAVED||1316|53ded36f-113b-47b6-9e73-14c315f6648b
2026-03-22 22:21:14|gpt|web_search|12|QUESTION_ADVANCE||1317|087e03a3-f4e3-4c23-8c5d-c9cb5f2d773f
2026-03-22 22:21:17|gpt|web_search|11|JSON_VERIFIED||1479|ffaa8ef0-b2e3-4979-a5c2-fbf20f862941
2026-03-22 22:21:17|gpt|web_search|11|QUESTION|33|1479|ffaa8ef0-b2e3-4979-a5c2-fbf20f862941
2026-03-22 22:21:17|gpt|web_search|11|JSON_SAVED||1479|ffaa8ef0-b2e3-4979-a5c2-fbf20f862941
2026-03-22 22:21:17|gpt|web_search|11|QUESTION_ADVANCE||1480|5f7c1024-0df6-424d-8542-a3f2f5e05090
2026-03-22 22:21:18|gpt|web_search|10|QUESTION_SENT||1333|76d0fdb3-795e-4764-8a42-8a24d21eb4a3
2026-03-22 22:21:39|gpt|web_search|12|QUESTION_SENT||1317|087e03a3-f4e3-4c23-8c5d-c9cb5f2d773f
2026-03-22 22:21:43|gpt|web_search|11|QUESTION_SENT||1480|5f7c1024-0df6-424d-8542-a3f2f5e05090
2026-03-22 22:22:29|gpt|web_search|11|JSON_VERIFIED||1480|5f7c1024-0df6-424d-8542-a3f2f5e05090
2026-03-22 22:22:29|gpt|web_search|11|QUESTION|34|1480|5f7c1024-0df6-424d-8542-a3f2f5e05090
2026-03-22 22:22:29|gpt|web_search|11|JSON_SAVED||1480|5f7c1024-0df6-424d-8542-a3f2f5e05090
2026-03-22 22:22:29|gpt|web_search|11|QUESTION_ADVANCE||1481|3ebb44c5-665d-4233-b587-4fb192aee202
2026-03-22 22:22:31|gpt|web_search|12|JSON_VERIFIED||1317|087e03a3-f4e3-4c23-8c5d-c9cb5f2d773f
2026-03-22 22:22:31|gpt|web_search|12|QUESTION|35|1317|087e03a3-f4e3-4c23-8c5d-c9cb5f2d773f
2026-03-22 22:22:31|gpt|web_search|12|JSON_SAVED||1317|087e03a3-f4e3-4c23-8c5d-c9cb5f2d773f
2026-03-22 22:22:31|gpt|web_search|12|QUESTION_ADVANCE||1318|a40b6504-f80e-4c0d-a838-4670ac8140ee
2026-03-22 22:22:43|gpt|web_search|13|QUESTION_SENT||1595|09215785-7439-4173-a820-8c4430c0c98e
2026-03-22 22:22:56|gpt|web_search|11|QUESTION_SENT||1481|3ebb44c5-665d-4233-b587-4fb192aee202
2026-03-22 22:22:57|gpt|web_search|12|QUESTION_SENT||1318|a40b6504-f80e-4c0d-a838-4670ac8140ee
2026-03-22 22:23:04|gpt|web_search|10|JSON_VERIFIED||1333|76d0fdb3-795e-4764-8a42-8a24d21eb4a3
2026-03-22 22:23:04|gpt|web_search|10|QUESTION|16|1333|76d0fdb3-795e-4764-8a42-8a24d21eb4a3
2026-03-22 22:23:04|gpt|web_search|10|JSON_SAVED||1333|76d0fdb3-795e-4764-8a42-8a24d21eb4a3
2026-03-22 22:23:04|gpt|web_search|10|QUESTION_ADVANCE||1334|2a7172db-cb32-47ab-b709-e64661051d0c
2026-03-22 22:23:28|gpt|web_search|13|QUESTION_SENT||1595|09215785-7439-4173-a820-8c4430c0c98e
2026-03-22 22:23:30|gpt|web_search|10|QUESTION_SENT||1334|2a7172db-cb32-47ab-b709-e64661051d0c
2026-03-22 22:23:43|gpt|web_search|11|JSON_VERIFIED||1481|3ebb44c5-665d-4233-b587-4fb192aee202
2026-03-22 22:23:43|gpt|web_search|11|QUESTION|35|1481|3ebb44c5-665d-4233-b587-4fb192aee202
2026-03-22 22:23:43|gpt|web_search|11|JSON_SAVED||1481|3ebb44c5-665d-4233-b587-4fb192aee202
2026-03-22 22:23:43|gpt|web_search|11|QUESTION_ADVANCE||1482|ba39d3f0-31ed-4d39-9111-b31c5be9cdc8
2026-03-22 22:23:51|gpt|web_search|12|JSON_VERIFIED||1318|a40b6504-f80e-4c0d-a838-4670ac8140ee
2026-03-22 22:23:51|gpt|web_search|12|QUESTION|36|1318|a40b6504-f80e-4c0d-a838-4670ac8140ee
2026-03-22 22:23:51|gpt|web_search|12|JSON_SAVED||1318|a40b6504-f80e-4c0d-a838-4670ac8140ee
2026-03-22 22:23:51|gpt|web_search|12|QUESTION_ADVANCE||1319|b3f46058-c38c-41ea-b01c-b0be875c47da
2026-03-22 22:23:54|gpt|web_search|13|JSON_VERIFY_FAILED||1595|09215785-7439-4173-a820-8c4430c0c98e
2026-03-22 22:23:54|gpt|web_search|13|QUESTION|37|1595|09215785-7439-4173-a820-8c4430c0c98e
2026-03-22 22:24:03|gpt|web_search|13|QUESTION_SENT||1595|09215785-7439-4173-a820-8c4430c0c98e
2026-03-22 22:24:11|gpt|web_search|11|QUESTION_SENT||1482|ba39d3f0-31ed-4d39-9111-b31c5be9cdc8
2026-03-22 22:24:17|gpt|web_search|12|QUESTION_SENT||1319|b3f46058-c38c-41ea-b01c-b0be875c47da
2026-03-22 22:24:19|gpt|web_search|13|JSON_VERIFY_FAILED||1595|09215785-7439-4173-a820-8c4430c0c98e
2026-03-22 22:24:19|gpt|web_search|13|QUESTION|38|1595|09215785-7439-4173-a820-8c4430c0c98e
2026-03-22 22:24:29|gpt|web_search|13|QUESTION_SENT||1595|09215785-7439-4173-a820-8c4430c0c98e
2026-03-22 22:24:55|gpt|web_search|13|QUESTION_SENT||1595|09215785-7439-4173-a820-8c4430c0c98e
2026-03-22 22:24:57|gpt|web_search|10|JSON_VERIFIED||1334|2a7172db-cb32-47ab-b709-e64661051d0c
2026-03-22 22:24:57|gpt|web_search|10|QUESTION|17|1334|2a7172db-cb32-47ab-b709-e64661051d0c
2026-03-22 22:24:57|gpt|web_search|10|JSON_SAVED||1334|2a7172db-cb32-47ab-b709-e64661051d0c
2026-03-22 22:24:57|gpt|web_search|10|QUESTION_ADVANCE||1335|24e263cc-537c-4596-a2e8-32af7bc6ed3e
2026-03-22 22:25:01|gpt|web_search|11|JSON_VERIFIED||1482|ba39d3f0-31ed-4d39-9111-b31c5be9cdc8
2026-03-22 22:25:01|gpt|web_search|11|QUESTION|36|1482|ba39d3f0-31ed-4d39-9111-b31c5be9cdc8
2026-03-22 22:25:01|gpt|web_search|11|JSON_SAVED||1482|ba39d3f0-31ed-4d39-9111-b31c5be9cdc8
2026-03-22 22:25:01|gpt|web_search|11|QUESTION_ADVANCE||1483|167eea27-657c-4b6d-a811-cf97f69313ca
2026-03-22 22:25:04|gpt|web_search|12|JSON_VERIFIED||1319|b3f46058-c38c-41ea-b01c-b0be875c47da
2026-03-22 22:25:04|gpt|web_search|12|QUESTION|37|1319|b3f46058-c38c-41ea-b01c-b0be875c47da
2026-03-22 22:25:04|gpt|web_search|12|JSON_SAVED||1319|b3f46058-c38c-41ea-b01c-b0be875c47da
2026-03-22 22:25:04|gpt|web_search|12|QUESTION_ADVANCE||1320|d6b55744-04b4-4b1e-980b-dd38f0a8f4f9
2026-03-22 22:25:23|gpt|web_search|10|QUESTION_SENT||1335|24e263cc-537c-4596-a2e8-32af7bc6ed3e
2026-03-22 22:25:28|gpt|web_search|11|QUESTION_SENT||1483|167eea27-657c-4b6d-a811-cf97f69313ca
2026-03-22 22:25:30|gpt|web_search|12|QUESTION_SENT||1320|d6b55744-04b4-4b1e-980b-dd38f0a8f4f9
2026-03-22 22:26:01|gpt|web_search|13|QUESTION_SENT||1595|09215785-7439-4173-a820-8c4430c0c98e
2026-03-22 22:26:20|gpt|web_search|11|JSON_VERIFIED||1483|167eea27-657c-4b6d-a811-cf97f69313ca
2026-03-22 22:26:20|gpt|web_search|11|QUESTION|37|1483|167eea27-657c-4b6d-a811-cf97f69313ca
2026-03-22 22:26:20|gpt|web_search|11|JSON_SAVED||1483|167eea27-657c-4b6d-a811-cf97f69313ca
2026-03-22 22:26:20|gpt|web_search|11|QUESTION_ADVANCE||1484|c630fe5a-adc0-4c65-9602-af3df4de285c
2026-03-22 22:26:24|gpt|web_search|12|JSON_VERIFIED||1320|d6b55744-04b4-4b1e-980b-dd38f0a8f4f9
2026-03-22 22:26:24|gpt|web_search|12|QUESTION|38|1320|d6b55744-04b4-4b1e-980b-dd38f0a8f4f9
2026-03-22 22:26:24|gpt|web_search|12|JSON_SAVED||1320|d6b55744-04b4-4b1e-980b-dd38f0a8f4f9
2026-03-22 22:26:25|gpt|web_search|12|STOP||1321|
2026-03-22 22:26:27|gpt|web_search|13|JSON_VERIFY_FAILED||1595|09215785-7439-4173-a820-8c4430c0c98e
2026-03-22 22:26:27|gpt|web_search|13|QUESTION|39|1595|09215785-7439-4173-a820-8c4430c0c98e
2026-03-22 22:26:37|gpt|web_search|13|QUESTION_SENT||1595|09215785-7439-4173-a820-8c4430c0c98e
2026-03-22 22:26:46|gpt|web_search|11|QUESTION_SENT||1484|c630fe5a-adc0-4c65-9602-af3df4de285c
2026-03-22 22:26:48|gpt|web_search|10|JSON_VERIFIED||1335|24e263cc-537c-4596-a2e8-32af7bc6ed3e
2026-03-22 22:26:48|gpt|web_search|10|QUESTION|18|1335|24e263cc-537c-4596-a2e8-32af7bc6ed3e
2026-03-22 22:26:48|gpt|web_search|10|JSON_SAVED||1335|24e263cc-537c-4596-a2e8-32af7bc6ed3e
2026-03-22 22:26:48|gpt|web_search|10|QUESTION_ADVANCE||1336|d7b69930-1212-478c-a071-535bef9cd489
2026-03-22 22:26:53|gpt|web_search|13|JSON_VERIFY_FAILED||1595|09215785-7439-4173-a820-8c4430c0c98e
2026-03-22 22:26:53|gpt|web_search|13|QUESTION|40|1595|09215785-7439-4173-a820-8c4430c0c98e
2026-03-22 22:27:02|gpt|web_search|13|QUESTION_SENT||1595|09215785-7439-4173-a820-8c4430c0c98e
2026-03-22 22:27:14|gpt|web_search|10|QUESTION_SENT||1336|d7b69930-1212-478c-a071-535bef9cd489
2026-03-22 22:27:26|gpt|web_search|11|JSON_VERIFY_FAILED||1484|c630fe5a-adc0-4c65-9602-af3df4de285c
2026-03-22 22:27:26|gpt|web_search|11|QUESTION|38|1484|c630fe5a-adc0-4c65-9602-af3df4de285c
2026-03-22 22:27:35|gpt|web_search|11|QUESTION_SENT||1484|c630fe5a-adc0-4c65-9602-af3df4de285c
2026-03-22 22:27:36|gpt|web_search|13|QUESTION_SENT||1595|09215785-7439-4173-a820-8c4430c0c98e
2026-03-22 22:28:00|gpt|web_search|13|JSON_VERIFY_FAILED||1595|09215785-7439-4173-a820-8c4430c0c98e
2026-03-22 22:28:00|gpt|web_search|13|QUESTION|41|1595|09215785-7439-4173-a820-8c4430c0c98e
2026-03-22 22:28:10|gpt|web_search|13|QUESTION_SENT||1595|09215785-7439-4173-a820-8c4430c0c98e
2026-03-22 22:28:18|gpt|web_search|11|JSON_VERIFY_FAILED||1484|c630fe5a-adc0-4c65-9602-af3df4de285c
2026-03-22 22:28:18|gpt|web_search|11|QUESTION|39|1484|c630fe5a-adc0-4c65-9602-af3df4de285c
2026-03-22 22:28:28|gpt|web_search|11|QUESTION_SENT||1484|c630fe5a-adc0-4c65-9602-af3df4de285c
2026-03-22 22:28:33|gpt|web_search|13|JSON_VERIFY_FAILED||1595|09215785-7439-4173-a820-8c4430c0c98e
2026-03-22 22:28:33|gpt|web_search|13|QUESTION|42|1595|09215785-7439-4173-a820-8c4430c0c98e
2026-03-22 22:28:42|gpt|web_search|13|QUESTION_SENT||1595|09215785-7439-4173-a820-8c4430c0c98e
2026-03-22 22:29:02|gpt|web_search|10|JSON_VERIFIED||1336|d7b69930-1212-478c-a071-535bef9cd489
2026-03-22 22:29:02|gpt|web_search|10|QUESTION|19|1336|d7b69930-1212-478c-a071-535bef9cd489
2026-03-22 22:29:02|gpt|web_search|10|JSON_SAVED||1336|d7b69930-1212-478c-a071-535bef9cd489
2026-03-22 22:29:02|gpt|web_search|10|QUESTION_ADVANCE||1337|49778f1a-fe15-42c9-9245-991c45030fe3
2026-03-22 22:29:06|gpt|web_search|11|JSON_VERIFIED||1484|c630fe5a-adc0-4c65-9602-af3df4de285c
2026-03-22 22:29:06|gpt|web_search|11|QUESTION|40|1484|c630fe5a-adc0-4c65-9602-af3df4de285c
2026-03-22 22:29:06|gpt|web_search|11|JSON_SAVED||1484|c630fe5a-adc0-4c65-9602-af3df4de285c
2026-03-22 22:29:06|gpt|web_search|11|QUESTION_ADVANCE||1485|b4b70f64-006a-4782-a451-7e8e6a50b958
2026-03-22 22:29:10|gpt|web_search|13|JSON_VERIFIED||1595|09215785-7439-4173-a820-8c4430c0c98e
2026-03-22 22:29:10|gpt|web_search|13|QUESTION|43|1595|09215785-7439-4173-a820-8c4430c0c98e
2026-03-22 22:29:10|gpt|web_search|13|JSON_SAVED||1595|09215785-7439-4173-a820-8c4430c0c98e
2026-03-22 22:29:10|gpt|web_search|13|QUESTION_ADVANCE||1596|31f13fa7-28ec-4dad-aff5-e1b8f5f6e780
2026-03-22 22:29:28|gpt|web_search|10|QUESTION_SENT||1337|49778f1a-fe15-42c9-9245-991c45030fe3
2026-03-22 22:29:34|gpt|web_search|11|QUESTION_SENT||1485|b4b70f64-006a-4782-a451-7e8e6a50b958
2026-03-22 22:29:37|gpt|web_search|13|QUESTION_SENT||1596|31f13fa7-28ec-4dad-aff5-e1b8f5f6e780
2026-03-22 22:30:06|gpt|web_search|13|JSON_VERIFY_FAILED||1596|31f13fa7-28ec-4dad-aff5-e1b8f5f6e780
2026-03-22 22:30:06|gpt|web_search|13|QUESTION|44|1596|31f13fa7-28ec-4dad-aff5-e1b8f5f6e780
2026-03-22 22:30:15|gpt|web_search|13|QUESTION_SENT||1596|31f13fa7-28ec-4dad-aff5-e1b8f5f6e780
2026-03-22 22:30:24|gpt|web_search|11|JSON_VERIFIED||1485|b4b70f64-006a-4782-a451-7e8e6a50b958
2026-03-22 22:30:24|gpt|web_search|11|QUESTION|41|1485|b4b70f64-006a-4782-a451-7e8e6a50b958
2026-03-22 22:30:24|gpt|web_search|11|JSON_SAVED||1485|b4b70f64-006a-4782-a451-7e8e6a50b958
2026-03-22 22:30:24|gpt|web_search|11|QUESTION_ADVANCE||1486|5595d624-7f2b-4646-9a02-7f257209ec95
2026-03-22 22:30:41|gpt|web_search|13|JSON_VERIFIED||1596|31f13fa7-28ec-4dad-aff5-e1b8f5f6e780
2026-03-22 22:30:41|gpt|web_search|13|QUESTION|45|1596|31f13fa7-28ec-4dad-aff5-e1b8f5f6e780
2026-03-22 22:30:41|gpt|web_search|13|JSON_SAVED||1596|31f13fa7-28ec-4dad-aff5-e1b8f5f6e780
2026-03-22 22:30:41|gpt|web_search|13|QUESTION_ADVANCE||1597|ea244d9c-70d5-4030-9c1d-3f213ad4f6dc
2026-03-22 22:30:52|gpt|web_search|11|QUESTION_SENT||1486|5595d624-7f2b-4646-9a02-7f257209ec95
2026-03-22 22:31:09|gpt|web_search|13|QUESTION_SENT||1597|ea244d9c-70d5-4030-9c1d-3f213ad4f6dc
2026-03-22 22:31:16|gpt|web_search|10|JSON_VERIFIED||1337|49778f1a-fe15-42c9-9245-991c45030fe3
2026-03-22 22:31:16|gpt|web_search|10|QUESTION|20|1337|49778f1a-fe15-42c9-9245-991c45030fe3
2026-03-22 22:31:16|gpt|web_search|10|JSON_SAVED||1337|49778f1a-fe15-42c9-9245-991c45030fe3
2026-03-22 22:31:16|gpt|web_search|10|QUESTION_ADVANCE||1338|df6bde16-a5f8-4ce8-bb1f-386d71f2d4e1
2026-03-22 22:31:37|gpt|web_search|11|JSON_VERIFIED||1486|5595d624-7f2b-4646-9a02-7f257209ec95
2026-03-22 22:31:37|gpt|web_search|11|QUESTION|42|1486|5595d624-7f2b-4646-9a02-7f257209ec95
2026-03-22 22:31:37|gpt|web_search|11|JSON_SAVED||1486|5595d624-7f2b-4646-9a02-7f257209ec95
2026-03-22 22:31:37|gpt|web_search|11|QUESTION_ADVANCE||1487|c0cd096c-3b6d-4016-be94-e986ac27e1b5
2026-03-22 22:31:42|gpt|web_search|10|QUESTION_SENT||1338|df6bde16-a5f8-4ce8-bb1f-386d71f2d4e1
2026-03-22 22:31:59|gpt|web_search|13|QUESTION_SENT||1597|ea244d9c-70d5-4030-9c1d-3f213ad4f6dc
2026-03-22 22:32:05|gpt|web_search|11|QUESTION_SENT||1487|c0cd096c-3b6d-4016-be94-e986ac27e1b5
2026-03-22 22:32:25|gpt|web_search|13|JSON_VERIFY_FAILED||1597|ea244d9c-70d5-4030-9c1d-3f213ad4f6dc
2026-03-22 22:32:25|gpt|web_search|13|QUESTION|46|1597|ea244d9c-70d5-4030-9c1d-3f213ad4f6dc
2026-03-22 22:32:35|gpt|web_search|13|QUESTION_SENT||1597|ea244d9c-70d5-4030-9c1d-3f213ad4f6dc
2026-03-22 22:32:49|gpt|web_search|10|JSON_VERIFY_FAILED||1338|df6bde16-a5f8-4ce8-bb1f-386d71f2d4e1
2026-03-22 22:32:49|gpt|web_search|10|QUESTION|21|1338|df6bde16-a5f8-4ce8-bb1f-386d71f2d4e1
2026-03-22 22:32:52|gpt|web_search|11|JSON_VERIFIED||1487|c0cd096c-3b6d-4016-be94-e986ac27e1b5
2026-03-22 22:32:52|gpt|web_search|11|QUESTION|43|1487|c0cd096c-3b6d-4016-be94-e986ac27e1b5
2026-03-22 22:32:52|gpt|web_search|11|JSON_SAVED||1487|c0cd096c-3b6d-4016-be94-e986ac27e1b5
2026-03-22 22:32:52|gpt|web_search|11|QUESTION_ADVANCE||1488|5fecf863-86dd-4d01-954d-c9835c7540f0
2026-03-22 22:33:15|gpt|web_search|10|QUESTION_SENT||1338|df6bde16-a5f8-4ce8-bb1f-386d71f2d4e1
2026-03-22 22:33:20|gpt|web_search|11|QUESTION_SENT||1488|5fecf863-86dd-4d01-954d-c9835c7540f0
2026-03-22 22:33:28|gpt|web_search|13|QUESTION_SENT||1597|ea244d9c-70d5-4030-9c1d-3f213ad4f6dc
2026-03-22 22:33:52|gpt|web_search|13|JSON_VERIFY_FAILED||1597|ea244d9c-70d5-4030-9c1d-3f213ad4f6dc
2026-03-22 22:33:52|gpt|web_search|13|QUESTION|47|1597|ea244d9c-70d5-4030-9c1d-3f213ad4f6dc
2026-03-22 22:34:02|gpt|web_search|13|QUESTION_SENT||1597|ea244d9c-70d5-4030-9c1d-3f213ad4f6dc
2026-03-22 22:34:11|gpt|web_search|11|JSON_VERIFIED||1488|5fecf863-86dd-4d01-954d-c9835c7540f0
2026-03-22 22:34:11|gpt|web_search|11|QUESTION|44|1488|5fecf863-86dd-4d01-954d-c9835c7540f0
2026-03-22 22:34:11|gpt|web_search|11|JSON_SAVED||1488|5fecf863-86dd-4d01-954d-c9835c7540f0
2026-03-22 22:34:11|gpt|web_search|11|QUESTION_ADVANCE||1489|0a5a86d6-caa1-4598-b64d-e15fa155c470
2026-03-22 22:34:30|gpt|web_search|13|JSON_VERIFIED||1597|ea244d9c-70d5-4030-9c1d-3f213ad4f6dc
2026-03-22 22:34:30|gpt|web_search|13|QUESTION|48|1597|ea244d9c-70d5-4030-9c1d-3f213ad4f6dc
2026-03-22 22:34:30|gpt|web_search|13|JSON_SAVED||1597|ea244d9c-70d5-4030-9c1d-3f213ad4f6dc
2026-03-22 22:34:30|gpt|web_search|13|QUESTION_ADVANCE||1598|55a907aa-d1d4-4600-bbf7-f826a80bbbcd
2026-03-22 22:34:37|gpt|web_search|11|QUESTION_SENT||1489|0a5a86d6-caa1-4598-b64d-e15fa155c470
2026-03-22 22:34:39|gpt|web_search|10|JSON_VERIFIED||1338|df6bde16-a5f8-4ce8-bb1f-386d71f2d4e1
2026-03-22 22:34:39|gpt|web_search|10|QUESTION|22|1338|df6bde16-a5f8-4ce8-bb1f-386d71f2d4e1
2026-03-22 22:34:39|gpt|web_search|10|JSON_SAVED||1338|df6bde16-a5f8-4ce8-bb1f-386d71f2d4e1
2026-03-22 22:34:39|gpt|web_search|10|QUESTION_ADVANCE||1339|9f10fd6e-b68a-4e4c-bc3b-b9ae5a760ff2
2026-03-22 22:34:58|gpt|web_search|13|QUESTION_SENT||1598|55a907aa-d1d4-4600-bbf7-f826a80bbbcd
2026-03-22 22:35:05|gpt|web_search|10|QUESTION_SENT||1339|9f10fd6e-b68a-4e4c-bc3b-b9ae5a760ff2
2026-03-22 22:35:24|gpt|web_search|13|JSON_VERIFY_FAILED||1598|55a907aa-d1d4-4600-bbf7-f826a80bbbcd
2026-03-22 22:35:24|gpt|web_search|13|QUESTION|49|1598|55a907aa-d1d4-4600-bbf7-f826a80bbbcd
2026-03-22 22:35:31|gpt|web_search|11|JSON_VERIFIED||1489|0a5a86d6-caa1-4598-b64d-e15fa155c470
2026-03-22 22:35:31|gpt|web_search|11|QUESTION|45|1489|0a5a86d6-caa1-4598-b64d-e15fa155c470
2026-03-22 22:35:31|gpt|web_search|11|JSON_SAVED||1489|0a5a86d6-caa1-4598-b64d-e15fa155c470
2026-03-22 22:35:31|gpt|web_search|11|QUESTION_ADVANCE||1490|a97c5117-ec24-4892-9475-f64141b68dab
2026-03-22 22:35:51|gpt|web_search|13|QUESTION_SENT||1598|55a907aa-d1d4-4600-bbf7-f826a80bbbcd
2026-03-22 22:35:57|gpt|web_search|11|QUESTION_SENT||1490|a97c5117-ec24-4892-9475-f64141b68dab
2026-03-22 22:36:21|gpt|web_search|13|JSON_VERIFIED||1598|55a907aa-d1d4-4600-bbf7-f826a80bbbcd
2026-03-22 22:36:21|gpt|web_search|13|QUESTION|50|1598|55a907aa-d1d4-4600-bbf7-f826a80bbbcd
2026-03-22 22:36:21|gpt|web_search|13|JSON_SAVED||1598|55a907aa-d1d4-4600-bbf7-f826a80bbbcd
2026-03-22 22:36:21|gpt|web_search|13|QUESTION_ADVANCE||1599|7f10eaa3-8094-45c1-971b-aa413f817b38
2026-03-22 22:36:43|gpt|web_search|10|JSON_VERIFIED||1339|9f10fd6e-b68a-4e4c-bc3b-b9ae5a760ff2
2026-03-22 22:36:43|gpt|web_search|10|QUESTION|23|1339|9f10fd6e-b68a-4e4c-bc3b-b9ae5a760ff2
2026-03-22 22:36:43|gpt|web_search|10|JSON_SAVED||1339|9f10fd6e-b68a-4e4c-bc3b-b9ae5a760ff2
2026-03-22 22:36:43|gpt|web_search|10|QUESTION_ADVANCE||1340|5352bcc3-e87f-4717-adc3-8214a69e1cea
2026-03-22 22:36:47|gpt|web_search|11|JSON_VERIFIED||1490|a97c5117-ec24-4892-9475-f64141b68dab
2026-03-22 22:36:47|gpt|web_search|11|QUESTION|46|1490|a97c5117-ec24-4892-9475-f64141b68dab
2026-03-22 22:36:47|gpt|web_search|11|JSON_SAVED||1490|a97c5117-ec24-4892-9475-f64141b68dab
2026-03-22 22:36:47|gpt|web_search|11|QUESTION_ADVANCE||1491|21fcf157-de6b-408a-bc06-83573d884c68
2026-03-22 22:36:49|gpt|web_search|13|QUESTION_SENT||1599|7f10eaa3-8094-45c1-971b-aa413f817b38
2026-03-22 22:37:09|gpt|web_search|10|QUESTION_SENT||1340|5352bcc3-e87f-4717-adc3-8214a69e1cea
2026-03-22 22:37:14|gpt|web_search|11|QUESTION_SENT||1491|21fcf157-de6b-408a-bc06-83573d884c68
2026-03-22 22:37:17|gpt|web_search|13|JSON_VERIFY_FAILED||1599|7f10eaa3-8094-45c1-971b-aa413f817b38
2026-03-22 22:37:17|gpt|web_search|13|QUESTION|51|1599|7f10eaa3-8094-45c1-971b-aa413f817b38
2026-03-22 22:37:27|gpt|web_search|13|QUESTION_SENT||1599|7f10eaa3-8094-45c1-971b-aa413f817b38
2026-03-22 22:37:59|gpt|web_search|13|JSON_VERIFIED||1599|7f10eaa3-8094-45c1-971b-aa413f817b38
2026-03-22 22:37:59|gpt|web_search|13|QUESTION|52|1599|7f10eaa3-8094-45c1-971b-aa413f817b38
2026-03-22 22:37:59|gpt|web_search|13|JSON_SAVED||1599|7f10eaa3-8094-45c1-971b-aa413f817b38
2026-03-22 22:37:59|gpt|web_search|13|QUESTION_ADVANCE||1600|abe60980-6b5e-462a-9647-f9b2a8fbd8df
2026-03-22 22:38:04|gpt|web_search|11|JSON_VERIFIED||1491|21fcf157-de6b-408a-bc06-83573d884c68
2026-03-22 22:38:04|gpt|web_search|11|QUESTION|47|1491|21fcf157-de6b-408a-bc06-83573d884c68
2026-03-22 22:38:04|gpt|web_search|11|JSON_SAVED||1491|21fcf157-de6b-408a-bc06-83573d884c68
2026-03-22 22:38:04|gpt|web_search|11|QUESTION_ADVANCE||1492|bea8b73c-f7d8-4b4f-9dcc-9b3c295c905f
2026-03-22 22:38:26|gpt|web_search|13|QUESTION_SENT||1600|abe60980-6b5e-462a-9647-f9b2a8fbd8df
2026-03-22 22:38:32|gpt|web_search|11|QUESTION_SENT||1492|bea8b73c-f7d8-4b4f-9dcc-9b3c295c905f
2026-03-22 22:38:52|gpt|web_search|13|JSON_VERIFY_FAILED||1600|abe60980-6b5e-462a-9647-f9b2a8fbd8df
2026-03-22 22:38:52|gpt|web_search|13|QUESTION|53|1600|abe60980-6b5e-462a-9647-f9b2a8fbd8df
2026-03-22 22:38:54|gpt|web_search|10|JSON_VERIFIED||1340|5352bcc3-e87f-4717-adc3-8214a69e1cea
2026-03-22 22:38:54|gpt|web_search|10|QUESTION|24|1340|5352bcc3-e87f-4717-adc3-8214a69e1cea
2026-03-22 22:38:54|gpt|web_search|10|JSON_SAVED||1340|5352bcc3-e87f-4717-adc3-8214a69e1cea
2026-03-22 22:38:54|gpt|web_search|10|QUESTION_ADVANCE||1341|0a6e5910-2bbf-467e-a4f5-768322193f42
2026-03-22 22:39:02|gpt|web_search|13|QUESTION_SENT||1600|abe60980-6b5e-462a-9647-f9b2a8fbd8df
2026-03-22 22:39:20|gpt|web_search|10|QUESTION_SENT||1341|0a6e5910-2bbf-467e-a4f5-768322193f42
2026-03-22 22:39:20|gpt|web_search|11|JSON_VERIFIED||1492|bea8b73c-f7d8-4b4f-9dcc-9b3c295c905f
2026-03-22 22:39:20|gpt|web_search|11|QUESTION|48|1492|bea8b73c-f7d8-4b4f-9dcc-9b3c295c905f
2026-03-22 22:39:20|gpt|web_search|11|JSON_SAVED||1492|bea8b73c-f7d8-4b4f-9dcc-9b3c295c905f
2026-03-22 22:39:20|gpt|web_search|11|QUESTION_ADVANCE||1493|cc9f0a6b-3424-4d28-95fc-0d6f6aa026a7
2026-03-22 22:39:23|gpt|web_search|13|JSON_VERIFY_FAILED||1600|abe60980-6b5e-462a-9647-f9b2a8fbd8df
2026-03-22 22:39:23|gpt|web_search|13|QUESTION|54|1600|abe60980-6b5e-462a-9647-f9b2a8fbd8df
2026-03-22 22:39:33|gpt|web_search|13|QUESTION_SENT||1600|abe60980-6b5e-462a-9647-f9b2a8fbd8df
2026-03-22 22:39:48|gpt|web_search|11|QUESTION_SENT||1493|cc9f0a6b-3424-4d28-95fc-0d6f6aa026a7
2026-03-22 22:39:59|gpt|web_search|13|JSON_VERIFY_FAILED||1600|abe60980-6b5e-462a-9647-f9b2a8fbd8df
2026-03-22 22:39:59|gpt|web_search|13|QUESTION|55|1600|abe60980-6b5e-462a-9647-f9b2a8fbd8df
2026-03-22 22:40:08|gpt|web_search|13|QUESTION_SENT||1600|abe60980-6b5e-462a-9647-f9b2a8fbd8df
2026-03-22 22:40:43|gpt|web_search|11|JSON_VERIFIED||1493|cc9f0a6b-3424-4d28-95fc-0d6f6aa026a7
2026-03-22 22:40:43|gpt|web_search|11|QUESTION|49|1493|cc9f0a6b-3424-4d28-95fc-0d6f6aa026a7
2026-03-22 22:40:43|gpt|web_search|11|JSON_SAVED||1493|cc9f0a6b-3424-4d28-95fc-0d6f6aa026a7
2026-03-22 22:40:43|gpt|web_search|11|QUESTION_ADVANCE||1494|9aed705a-6f09-4645-ae7f-fc03703de3c7
2026-03-22 22:40:52|gpt|web_search|13|QUESTION_SENT||1600|abe60980-6b5e-462a-9647-f9b2a8fbd8df
2026-03-22 22:41:05|gpt|web_search|10|JSON_VERIFIED||1341|0a6e5910-2bbf-467e-a4f5-768322193f42
2026-03-22 22:41:05|gpt|web_search|10|QUESTION|25|1341|0a6e5910-2bbf-467e-a4f5-768322193f42
2026-03-22 22:41:05|gpt|web_search|10|JSON_SAVED||1341|0a6e5910-2bbf-467e-a4f5-768322193f42
2026-03-22 22:41:05|gpt|web_search|10|QUESTION_ADVANCE||1342|c92a2e9b-8e36-4ddb-a5a7-a16d40c91b6d
2026-03-22 22:41:09|gpt|web_search|11|QUESTION_SENT||1494|9aed705a-6f09-4645-ae7f-fc03703de3c7
2026-03-22 22:41:17|gpt|web_search|13|JSON_VERIFY_FAILED||1600|abe60980-6b5e-462a-9647-f9b2a8fbd8df
2026-03-22 22:41:17|gpt|web_search|13|QUESTION|56|1600|abe60980-6b5e-462a-9647-f9b2a8fbd8df
2026-03-22 22:41:27|gpt|web_search|13|QUESTION_SENT||1600|abe60980-6b5e-462a-9647-f9b2a8fbd8df
2026-03-22 22:41:31|gpt|web_search|10|QUESTION_SENT||1342|c92a2e9b-8e36-4ddb-a5a7-a16d40c91b6d
2026-03-22 22:41:59|gpt|web_search|11|JSON_VERIFIED||1494|9aed705a-6f09-4645-ae7f-fc03703de3c7
2026-03-22 22:41:59|gpt|web_search|11|QUESTION|50|1494|9aed705a-6f09-4645-ae7f-fc03703de3c7
2026-03-22 22:41:59|gpt|web_search|11|JSON_SAVED||1494|9aed705a-6f09-4645-ae7f-fc03703de3c7
2026-03-22 22:41:59|gpt|web_search|11|QUESTION_ADVANCE||1495|5e71aea1-9598-4634-b8ff-d94d5a8c52a6
2026-03-22 22:42:03|gpt|web_search|13|QUESTION_SENT||1600|abe60980-6b5e-462a-9647-f9b2a8fbd8df
2026-03-22 22:42:27|gpt|web_search|11|QUESTION_SENT||1495|5e71aea1-9598-4634-b8ff-d94d5a8c52a6
2026-03-22 22:42:29|gpt|web_search|13|JSON_VERIFY_FAILED||1600|abe60980-6b5e-462a-9647-f9b2a8fbd8df
2026-03-22 22:42:29|gpt|web_search|13|QUESTION|57|1600|abe60980-6b5e-462a-9647-f9b2a8fbd8df
2026-03-22 22:42:39|gpt|web_search|13|QUESTION_SENT||1600|abe60980-6b5e-462a-9647-f9b2a8fbd8df
2026-03-22 22:42:54|gpt|web_search|13|JSON_VERIFY_FAILED||1600|abe60980-6b5e-462a-9647-f9b2a8fbd8df
2026-03-22 22:42:54|gpt|web_search|13|QUESTION|58|1600|abe60980-6b5e-462a-9647-f9b2a8fbd8df
2026-03-22 22:42:57|gpt|web_search|11|JSON_VERIFY_FAILED||1495|5e71aea1-9598-4634-b8ff-d94d5a8c52a6
2026-03-22 22:42:57|gpt|web_search|11|QUESTION|51|1495|5e71aea1-9598-4634-b8ff-d94d5a8c52a6
2026-03-22 22:43:05|gpt|web_search|10|JSON_VERIFIED||1342|c92a2e9b-8e36-4ddb-a5a7-a16d40c91b6d
2026-03-22 22:43:05|gpt|web_search|10|QUESTION|26|1342|c92a2e9b-8e36-4ddb-a5a7-a16d40c91b6d
2026-03-22 22:43:05|gpt|web_search|10|JSON_SAVED||1342|c92a2e9b-8e36-4ddb-a5a7-a16d40c91b6d
2026-03-22 22:43:05|gpt|web_search|10|QUESTION_ADVANCE||1343|d710c42f-da5e-42e8-a432-bb044bd0f933
2026-03-22 22:43:07|gpt|web_search|11|QUESTION_SENT||1495|5e71aea1-9598-4634-b8ff-d94d5a8c52a6
2026-03-22 22:43:22|gpt|web_search|13|QUESTION_SENT||1600|abe60980-6b5e-462a-9647-f9b2a8fbd8df
2026-03-22 22:43:31|gpt|web_search|10|QUESTION_SENT||1343|d710c42f-da5e-42e8-a432-bb044bd0f933
2026-03-22 22:43:41|gpt|web_search|11|JSON_VERIFIED||1495|5e71aea1-9598-4634-b8ff-d94d5a8c52a6
2026-03-22 22:43:41|gpt|web_search|11|QUESTION|52|1495|5e71aea1-9598-4634-b8ff-d94d5a8c52a6
2026-03-22 22:43:41|gpt|web_search|11|JSON_SAVED||1495|5e71aea1-9598-4634-b8ff-d94d5a8c52a6
2026-03-22 22:43:41|gpt|web_search|11|QUESTION_ADVANCE||1496|009534a2-f763-4569-baaf-6a5bca358250
2026-03-22 22:44:01|gpt|web_search|13|JSON_VERIFY_FAILED||1600|abe60980-6b5e-462a-9647-f9b2a8fbd8df
2026-03-22 22:44:01|gpt|web_search|13|QUESTION|59|1600|abe60980-6b5e-462a-9647-f9b2a8fbd8df
2026-03-22 22:44:09|gpt|web_search|11|QUESTION_SENT||1496|009534a2-f763-4569-baaf-6a5bca358250
2026-03-22 22:44:10|gpt|web_search|13|QUESTION_SENT||1600|abe60980-6b5e-462a-9647-f9b2a8fbd8df
2026-03-22 22:44:26|gpt|web_search|13|JSON_VERIFY_FAILED||1600|abe60980-6b5e-462a-9647-f9b2a8fbd8df
2026-03-22 22:44:26|gpt|web_search|13|QUESTION|60|1600|abe60980-6b5e-462a-9647-f9b2a8fbd8df
2026-03-22 22:44:36|gpt|web_search|13|QUESTION_SENT||1600|abe60980-6b5e-462a-9647-f9b2a8fbd8df
2026-03-22 22:45:00|gpt|web_search|11|JSON_VERIFIED||1496|009534a2-f763-4569-baaf-6a5bca358250
2026-03-22 22:45:00|gpt|web_search|11|QUESTION|53|1496|009534a2-f763-4569-baaf-6a5bca358250
2026-03-22 22:45:00|gpt|web_search|11|JSON_SAVED||1496|009534a2-f763-4569-baaf-6a5bca358250
2026-03-22 22:45:00|gpt|web_search|11|QUESTION_ADVANCE||1497|9ffbab5b-297e-4d18-8724-c3c30d897557
2026-03-22 22:45:23|gpt|web_search|10|JSON_VERIFIED||1343|d710c42f-da5e-42e8-a432-bb044bd0f933
2026-03-22 22:45:23|gpt|web_search|10|QUESTION|27|1343|d710c42f-da5e-42e8-a432-bb044bd0f933
2026-03-22 22:45:23|gpt|web_search|10|JSON_SAVED||1343|d710c42f-da5e-42e8-a432-bb044bd0f933
2026-03-22 22:45:23|gpt|web_search|10|QUESTION_ADVANCE||1344|6d9818e2-42b7-409e-995d-322dd1f8df39
2026-03-22 22:45:26|gpt|web_search|11|QUESTION_SENT||1497|9ffbab5b-297e-4d18-8724-c3c30d897557
2026-03-22 22:45:49|gpt|web_search|10|QUESTION_SENT||1344|6d9818e2-42b7-409e-995d-322dd1f8df39
2026-03-22 22:46:24|gpt|web_search|11|JSON_VERIFIED||1497|9ffbab5b-297e-4d18-8724-c3c30d897557
2026-03-22 22:46:24|gpt|web_search|11|QUESTION|54|1497|9ffbab5b-297e-4d18-8724-c3c30d897557
2026-03-22 22:46:24|gpt|web_search|11|JSON_SAVED||1497|9ffbab5b-297e-4d18-8724-c3c30d897557
2026-03-22 22:46:24|gpt|web_search|11|QUESTION_ADVANCE||1498|7735aa66-839a-4c04-af4f-b31aa00c056e
2026-03-22 22:46:50|gpt|web_search|11|QUESTION_SENT||1498|7735aa66-839a-4c04-af4f-b31aa00c056e
2026-03-22 22:47:36|gpt|web_search|11|JSON_VERIFIED||1498|7735aa66-839a-4c04-af4f-b31aa00c056e
2026-03-22 22:47:36|gpt|web_search|11|QUESTION|55|1498|7735aa66-839a-4c04-af4f-b31aa00c056e
2026-03-22 22:47:36|gpt|web_search|11|JSON_SAVED||1498|7735aa66-839a-4c04-af4f-b31aa00c056e
2026-03-22 22:47:36|gpt|web_search|11|QUESTION_ADVANCE||1499|5532da08-1d64-4d4e-8bd2-c7b6e4f543ce
2026-03-22 22:48:03|gpt|web_search|10|JSON_VERIFIED||1344|6d9818e2-42b7-409e-995d-322dd1f8df39
2026-03-22 22:48:03|gpt|web_search|10|QUESTION|28|1344|6d9818e2-42b7-409e-995d-322dd1f8df39
2026-03-22 22:48:03|gpt|web_search|10|JSON_SAVED||1344|6d9818e2-42b7-409e-995d-322dd1f8df39
2026-03-22 22:48:03|gpt|web_search|10|QUESTION_ADVANCE||1345|7caabb2b-8a4b-49d1-957e-db667103eb06
2026-03-22 22:48:03|gpt|web_search|11|QUESTION_SENT||1499|5532da08-1d64-4d4e-8bd2-c7b6e4f543ce
2026-03-22 22:48:29|gpt|web_search|10|QUESTION_SENT||1345|7caabb2b-8a4b-49d1-957e-db667103eb06
2026-03-22 22:48:48|gpt|web_search|11|JSON_VERIFIED||1499|5532da08-1d64-4d4e-8bd2-c7b6e4f543ce
2026-03-22 22:48:48|gpt|web_search|11|QUESTION|56|1499|5532da08-1d64-4d4e-8bd2-c7b6e4f543ce
2026-03-22 22:48:48|gpt|web_search|11|JSON_SAVED||1499|5532da08-1d64-4d4e-8bd2-c7b6e4f543ce
2026-03-22 22:48:48|gpt|web_search|11|QUESTION_ADVANCE||1500|d437d843-7c0e-490d-8941-4fe8bc2ff168
2026-03-22 22:49:15|gpt|web_search|11|QUESTION_SENT||1500|d437d843-7c0e-490d-8941-4fe8bc2ff168
2026-03-22 22:50:04|gpt|web_search|13|QUESTION_SENT||1600|abe60980-6b5e-462a-9647-f9b2a8fbd8df
2026-03-22 22:50:05|gpt|web_search|11|JSON_VERIFIED||1500|d437d843-7c0e-490d-8941-4fe8bc2ff168
2026-03-22 22:50:05|gpt|web_search|11|QUESTION|57|1500|d437d843-7c0e-490d-8941-4fe8bc2ff168
2026-03-22 22:50:05|gpt|web_search|11|JSON_SAVED||1500|d437d843-7c0e-490d-8941-4fe8bc2ff168
2026-03-22 22:50:05|gpt|web_search|11|QUESTION_ADVANCE||1501|e948dc2a-aa77-4be0-af2f-e4d123068e23
2026-03-22 22:50:20|gpt|web_search|10|JSON_VERIFIED||1345|7caabb2b-8a4b-49d1-957e-db667103eb06
2026-03-22 22:50:20|gpt|web_search|10|QUESTION|29|1345|7caabb2b-8a4b-49d1-957e-db667103eb06
2026-03-22 22:50:20|gpt|web_search|10|JSON_SAVED||1345|7caabb2b-8a4b-49d1-957e-db667103eb06
2026-03-22 22:50:20|gpt|web_search|10|QUESTION_ADVANCE||1346|fbfbff72-4f0e-4334-99f7-4368d328b8d5
2026-03-22 22:50:28|gpt|web_search|13|JSON_VERIFY_FAILED||1600|abe60980-6b5e-462a-9647-f9b2a8fbd8df
2026-03-22 22:50:28|gpt|web_search|13|QUESTION|61|1600|abe60980-6b5e-462a-9647-f9b2a8fbd8df
2026-03-22 22:50:33|gpt|web_search|11|QUESTION_SENT||1501|e948dc2a-aa77-4be0-af2f-e4d123068e23
2026-03-22 22:50:38|gpt|web_search|13|QUESTION_SENT||1600|abe60980-6b5e-462a-9647-f9b2a8fbd8df
2026-03-22 22:50:46|gpt|web_search|10|QUESTION_SENT||1346|fbfbff72-4f0e-4334-99f7-4368d328b8d5
2026-03-22 22:51:07|gpt|web_search|13|JSON_VERIFIED||1600|abe60980-6b5e-462a-9647-f9b2a8fbd8df
2026-03-22 22:51:07|gpt|web_search|13|QUESTION|62|1600|abe60980-6b5e-462a-9647-f9b2a8fbd8df
2026-03-22 22:51:07|gpt|web_search|13|JSON_SAVED||1600|abe60980-6b5e-462a-9647-f9b2a8fbd8df
2026-03-22 22:51:07|gpt|web_search|13|QUESTION_ADVANCE||1601|507c5d44-67b6-443b-9a8c-7bd97a288571
2026-03-22 22:51:17|gpt|web_search|11|JSON_VERIFIED||1501|e948dc2a-aa77-4be0-af2f-e4d123068e23
2026-03-22 22:51:17|gpt|web_search|11|QUESTION|58|1501|e948dc2a-aa77-4be0-af2f-e4d123068e23
2026-03-22 22:51:17|gpt|web_search|11|JSON_SAVED||1501|e948dc2a-aa77-4be0-af2f-e4d123068e23
2026-03-22 22:51:17|gpt|web_search|11|QUESTION_ADVANCE||1502|12af957b-7ab1-4870-af8a-c1c2fc824225
2026-03-22 22:51:34|gpt|web_search|13|QUESTION_SENT||1601|507c5d44-67b6-443b-9a8c-7bd97a288571
2026-03-22 22:51:45|gpt|web_search|11|QUESTION_SENT||1502|12af957b-7ab1-4870-af8a-c1c2fc824225
2026-03-22 22:52:06|gpt|web_search|13|JSON_VERIFIED||1601|507c5d44-67b6-443b-9a8c-7bd97a288571
2026-03-22 22:52:06|gpt|web_search|13|QUESTION|63|1601|507c5d44-67b6-443b-9a8c-7bd97a288571
2026-03-22 22:52:06|gpt|web_search|13|JSON_SAVED||1601|507c5d44-67b6-443b-9a8c-7bd97a288571
2026-03-22 22:52:06|gpt|web_search|13|QUESTION_ADVANCE||1602|d6465a64-2f08-48cb-89dc-92eb167137f0
2026-03-22 22:52:18|gpt|web_search|10|JSON_VERIFY_FAILED||1346|fbfbff72-4f0e-4334-99f7-4368d328b8d5
2026-03-22 22:52:18|gpt|web_search|10|QUESTION|30|1346|fbfbff72-4f0e-4334-99f7-4368d328b8d5
2026-03-22 22:52:28|gpt|web_search|10|QUESTION_SENT||1346|fbfbff72-4f0e-4334-99f7-4368d328b8d5
2026-03-22 22:52:32|gpt|web_search|11|JSON_VERIFIED||1502|12af957b-7ab1-4870-af8a-c1c2fc824225
2026-03-22 22:52:32|gpt|web_search|11|QUESTION|59|1502|12af957b-7ab1-4870-af8a-c1c2fc824225
2026-03-22 22:52:32|gpt|web_search|11|JSON_SAVED||1502|12af957b-7ab1-4870-af8a-c1c2fc824225
2026-03-22 22:52:32|gpt|web_search|11|QUESTION_ADVANCE||1503|7198653b-7f1c-4b38-a5e5-16cca86892d7
2026-03-22 22:52:33|gpt|web_search|13|QUESTION_SENT||1602|d6465a64-2f08-48cb-89dc-92eb167137f0
2026-03-22 22:52:59|gpt|web_search|11|QUESTION_SENT||1503|7198653b-7f1c-4b38-a5e5-16cca86892d7
2026-03-22 22:53:08|gpt|web_search|13|JSON_VERIFIED||1602|d6465a64-2f08-48cb-89dc-92eb167137f0
2026-03-22 22:53:08|gpt|web_search|13|QUESTION|64|1602|d6465a64-2f08-48cb-89dc-92eb167137f0
2026-03-22 22:53:08|gpt|web_search|13|JSON_SAVED||1602|d6465a64-2f08-48cb-89dc-92eb167137f0
2026-03-22 22:53:08|gpt|web_search|13|QUESTION_ADVANCE||1603|791884fb-09b8-4dba-baac-5e3b1625dbc3
2026-03-22 22:53:35|gpt|web_search|13|QUESTION_SENT||1603|791884fb-09b8-4dba-baac-5e3b1625dbc3
2026-03-22 22:53:38|gpt|web_search|10|JSON_VERIFIED||1346|fbfbff72-4f0e-4334-99f7-4368d328b8d5
2026-03-22 22:53:38|gpt|web_search|10|QUESTION|31|1346|fbfbff72-4f0e-4334-99f7-4368d328b8d5
2026-03-22 22:53:38|gpt|web_search|10|JSON_SAVED||1346|fbfbff72-4f0e-4334-99f7-4368d328b8d5
2026-03-22 22:53:38|gpt|web_search|10|QUESTION_ADVANCE||1347|3c583832-2b9a-4379-8411-c91f6c61f013
2026-03-22 22:53:51|gpt|web_search|11|JSON_VERIFIED||1503|7198653b-7f1c-4b38-a5e5-16cca86892d7
2026-03-22 22:53:51|gpt|web_search|11|QUESTION|60|1503|7198653b-7f1c-4b38-a5e5-16cca86892d7
2026-03-22 22:53:51|gpt|web_search|11|JSON_SAVED||1503|7198653b-7f1c-4b38-a5e5-16cca86892d7
2026-03-22 22:53:51|gpt|web_search|11|QUESTION_ADVANCE||1504|fe6c4284-12f5-43f3-be90-fc8b3d4389ce
2026-03-22 22:53:59|gpt|web_search|13|JSON_VERIFY_FAILED||1603|791884fb-09b8-4dba-baac-5e3b1625dbc3
2026-03-22 22:53:59|gpt|web_search|13|QUESTION|65|1603|791884fb-09b8-4dba-baac-5e3b1625dbc3
2026-03-22 22:54:03|gpt|web_search|10|QUESTION_SENT||1347|3c583832-2b9a-4379-8411-c91f6c61f013
2026-03-22 22:54:09|gpt|web_search|13|QUESTION_SENT||1603|791884fb-09b8-4dba-baac-5e3b1625dbc3
2026-03-22 22:54:16|gpt|web_search|11|QUESTION_SENT||1504|fe6c4284-12f5-43f3-be90-fc8b3d4389ce
2026-03-22 22:54:33|gpt|web_search|13|JSON_VERIFY_FAILED||1603|791884fb-09b8-4dba-baac-5e3b1625dbc3
2026-03-22 22:54:33|gpt|web_search|13|QUESTION|66|1603|791884fb-09b8-4dba-baac-5e3b1625dbc3
2026-03-22 22:54:43|gpt|web_search|13|QUESTION_SENT||1603|791884fb-09b8-4dba-baac-5e3b1625dbc3
2026-03-22 22:55:03|gpt|web_search|11|JSON_VERIFIED||1504|fe6c4284-12f5-43f3-be90-fc8b3d4389ce
2026-03-22 22:55:03|gpt|web_search|11|QUESTION|61|1504|fe6c4284-12f5-43f3-be90-fc8b3d4389ce
2026-03-22 22:55:03|gpt|web_search|11|JSON_SAVED||1504|fe6c4284-12f5-43f3-be90-fc8b3d4389ce
2026-03-22 22:55:03|gpt|web_search|11|QUESTION_ADVANCE||1505|d427a898-b9f1-457b-94d0-57d2bc385deb
2026-03-22 22:55:09|gpt|web_search|13|JSON_VERIFIED||1603|791884fb-09b8-4dba-baac-5e3b1625dbc3
2026-03-22 22:55:09|gpt|web_search|13|QUESTION|67|1603|791884fb-09b8-4dba-baac-5e3b1625dbc3
2026-03-22 22:55:09|gpt|web_search|13|JSON_SAVED||1603|791884fb-09b8-4dba-baac-5e3b1625dbc3
2026-03-22 22:55:09|gpt|web_search|13|QUESTION_ADVANCE||1604|ca4e49aa-296f-4c41-8ce1-d1c2db112e8c
2026-03-22 22:55:31|gpt|web_search|11|QUESTION_SENT||1505|d427a898-b9f1-457b-94d0-57d2bc385deb
2026-03-22 22:55:37|gpt|web_search|13|QUESTION_SENT||1604|ca4e49aa-296f-4c41-8ce1-d1c2db112e8c
2026-03-22 22:56:08|gpt|web_search|13|JSON_VERIFY_FAILED||1604|ca4e49aa-296f-4c41-8ce1-d1c2db112e8c
2026-03-22 22:56:08|gpt|web_search|13|QUESTION|68|1604|ca4e49aa-296f-4c41-8ce1-d1c2db112e8c
2026-03-22 22:56:18|gpt|web_search|13|QUESTION_SENT||1604|ca4e49aa-296f-4c41-8ce1-d1c2db112e8c
2026-03-22 22:56:18|gpt|web_search|11|JSON_VERIFIED||1505|d427a898-b9f1-457b-94d0-57d2bc385deb
2026-03-22 22:56:18|gpt|web_search|11|QUESTION|62|1505|d427a898-b9f1-457b-94d0-57d2bc385deb
2026-03-22 22:56:18|gpt|web_search|11|JSON_SAVED||1505|d427a898-b9f1-457b-94d0-57d2bc385deb
2026-03-22 22:56:18|gpt|web_search|11|QUESTION_ADVANCE||1506|5a564b45-5549-40f7-b600-141c505b9544
2026-03-22 22:56:44|gpt|web_search|13|QUESTION_SENT||1604|ca4e49aa-296f-4c41-8ce1-d1c2db112e8c
2026-03-22 22:56:46|gpt|web_search|11|QUESTION_SENT||1506|5a564b45-5549-40f7-b600-141c505b9544
2026-03-22 22:57:16|gpt|web_search|13|JSON_VERIFIED||1604|ca4e49aa-296f-4c41-8ce1-d1c2db112e8c
2026-03-22 22:57:16|gpt|web_search|13|QUESTION|69|1604|ca4e49aa-296f-4c41-8ce1-d1c2db112e8c
2026-03-22 22:57:16|gpt|web_search|13|JSON_SAVED||1604|ca4e49aa-296f-4c41-8ce1-d1c2db112e8c
2026-03-22 22:57:16|gpt|web_search|13|QUESTION_ADVANCE||1605|4582210e-1572-4af3-9d36-3665f1d661b8
2026-03-22 22:57:43|gpt|web_search|13|QUESTION_SENT||1605|4582210e-1572-4af3-9d36-3665f1d661b8
2026-03-22 22:57:52|gpt|web_search|11|QUESTION_SENT||1506|5a564b45-5549-40f7-b600-141c505b9544
2026-03-22 22:58:09|gpt|web_search|13|JSON_VERIFY_FAILED||1605|4582210e-1572-4af3-9d36-3665f1d661b8
2026-03-22 22:58:09|gpt|web_search|13|QUESTION|70|1605|4582210e-1572-4af3-9d36-3665f1d661b8
2026-03-22 22:58:19|gpt|web_search|13|QUESTION_SENT||1605|4582210e-1572-4af3-9d36-3665f1d661b8
2026-03-22 22:58:39|gpt|web_search|11|JSON_VERIFIED||1506|5a564b45-5549-40f7-b600-141c505b9544
2026-03-22 22:58:39|gpt|web_search|11|QUESTION|63|1506|5a564b45-5549-40f7-b600-141c505b9544
2026-03-22 22:58:39|gpt|web_search|11|JSON_SAVED||1506|5a564b45-5549-40f7-b600-141c505b9544
2026-03-22 22:58:39|gpt|web_search|11|QUESTION_ADVANCE||1507|61d4e299-00ab-4f77-a55f-c9a15b3c191b
2026-03-22 22:58:42|gpt|web_search|13|JSON_VERIFIED||1605|4582210e-1572-4af3-9d36-3665f1d661b8
2026-03-22 22:58:42|gpt|web_search|13|QUESTION|71|1605|4582210e-1572-4af3-9d36-3665f1d661b8
2026-03-22 22:58:42|gpt|web_search|13|JSON_SAVED||1605|4582210e-1572-4af3-9d36-3665f1d661b8
2026-03-22 22:58:42|gpt|web_search|13|QUESTION_ADVANCE||1606|bcce0178-ce03-4964-9450-eada57c6c4ab
2026-03-22 22:59:06|gpt|web_search|11|QUESTION_SENT||1507|61d4e299-00ab-4f77-a55f-c9a15b3c191b
2026-03-22 22:59:09|gpt|web_search|13|QUESTION_SENT||1606|bcce0178-ce03-4964-9450-eada57c6c4ab
2026-03-22 22:59:30|gpt|web_search|10|JSON_VERIFY_FAILED||1347|3c583832-2b9a-4379-8411-c91f6c61f013
2026-03-22 22:59:30|gpt|web_search|10|QUESTION|32|1347|3c583832-2b9a-4379-8411-c91f6c61f013
2026-03-22 22:59:39|gpt|web_search|13|JSON_VERIFIED||1606|bcce0178-ce03-4964-9450-eada57c6c4ab
2026-03-22 22:59:39|gpt|web_search|13|QUESTION|72|1606|bcce0178-ce03-4964-9450-eada57c6c4ab
2026-03-22 22:59:39|gpt|web_search|13|JSON_SAVED||1606|bcce0178-ce03-4964-9450-eada57c6c4ab
2026-03-22 22:59:39|gpt|web_search|13|QUESTION_ADVANCE||1607|289d0751-f6c6-471d-bb95-57f7050b2049
2026-03-22 22:59:40|gpt|web_search|10|QUESTION_SENT||1347|3c583832-2b9a-4379-8411-c91f6c61f013
2026-03-22 22:59:55|gpt|web_search|11|JSON_VERIFY_FAILED||1507|61d4e299-00ab-4f77-a55f-c9a15b3c191b
2026-03-22 22:59:55|gpt|web_search|11|QUESTION|64|1507|61d4e299-00ab-4f77-a55f-c9a15b3c191b
2026-03-22 23:00:04|gpt|web_search|11|QUESTION_SENT||1507|61d4e299-00ab-4f77-a55f-c9a15b3c191b
2026-03-22 23:00:07|gpt|web_search|13|QUESTION_SENT||1607|289d0751-f6c6-471d-bb95-57f7050b2049
2026-03-22 23:00:34|gpt|web_search|13|JSON_VERIFY_FAILED||1607|289d0751-f6c6-471d-bb95-57f7050b2049
2026-03-22 23:00:34|gpt|web_search|13|QUESTION|73|1607|289d0751-f6c6-471d-bb95-57f7050b2049
2026-03-22 23:00:44|gpt|web_search|13|QUESTION_SENT||1607|289d0751-f6c6-471d-bb95-57f7050b2049
2026-03-22 23:00:47|gpt|web_search|11|JSON_VERIFIED||1507|61d4e299-00ab-4f77-a55f-c9a15b3c191b
2026-03-22 23:00:47|gpt|web_search|11|QUESTION|65|1507|61d4e299-00ab-4f77-a55f-c9a15b3c191b
2026-03-22 23:00:47|gpt|web_search|11|JSON_SAVED||1507|61d4e299-00ab-4f77-a55f-c9a15b3c191b
2026-03-22 23:00:47|gpt|web_search|11|QUESTION_ADVANCE||1508|e797cd2f-40c0-496d-8094-1e27b3d3af65
2026-03-22 23:01:04|gpt|web_search|13|JSON_VERIFIED||1607|289d0751-f6c6-471d-bb95-57f7050b2049
2026-03-22 23:01:04|gpt|web_search|13|QUESTION|74|1607|289d0751-f6c6-471d-bb95-57f7050b2049
2026-03-22 23:01:04|gpt|web_search|13|JSON_SAVED||1607|289d0751-f6c6-471d-bb95-57f7050b2049
2026-03-22 23:01:04|gpt|web_search|13|QUESTION_ADVANCE||1608|3d7af8e2-f186-43b3-a0da-9f3191b7e192
2026-03-22 23:01:15|gpt|web_search|11|QUESTION_SENT||1508|e797cd2f-40c0-496d-8094-1e27b3d3af65
2026-03-22 23:01:32|gpt|web_search|13|QUESTION_SENT||1608|3d7af8e2-f186-43b3-a0da-9f3191b7e192
2026-03-22 23:01:32|gpt|web_search|10|JSON_VERIFY_FAILED||1347|3c583832-2b9a-4379-8411-c91f6c61f013
2026-03-22 23:01:32|gpt|web_search|10|QUESTION|33|1347|3c583832-2b9a-4379-8411-c91f6c61f013
2026-03-22 23:01:42|gpt|web_search|10|QUESTION_SENT||1347|3c583832-2b9a-4379-8411-c91f6c61f013
2026-03-22 23:01:59|gpt|web_search|13|JSON_VERIFIED||1608|3d7af8e2-f186-43b3-a0da-9f3191b7e192
2026-03-22 23:01:59|gpt|web_search|13|QUESTION|75|1608|3d7af8e2-f186-43b3-a0da-9f3191b7e192
2026-03-22 23:01:59|gpt|web_search|13|JSON_SAVED||1608|3d7af8e2-f186-43b3-a0da-9f3191b7e192
2026-03-22 23:01:59|gpt|web_search|13|QUESTION_ADVANCE||1609|04ff9d34-0a8c-4be7-80e3-55159581158e
2026-03-22 23:02:03|gpt|web_search|11|JSON_VERIFIED||1508|e797cd2f-40c0-496d-8094-1e27b3d3af65
2026-03-22 23:02:03|gpt|web_search|11|QUESTION|66|1508|e797cd2f-40c0-496d-8094-1e27b3d3af65
2026-03-22 23:02:03|gpt|web_search|11|JSON_SAVED||1508|e797cd2f-40c0-496d-8094-1e27b3d3af65
2026-03-22 23:02:03|gpt|web_search|11|QUESTION_ADVANCE||1509|97b3961c-0f7a-40a1-b1f2-a362ba17917c
2026-03-22 23:02:26|gpt|web_search|13|QUESTION_SENT||1609|04ff9d34-0a8c-4be7-80e3-55159581158e
2026-03-22 23:02:31|gpt|web_search|11|QUESTION_SENT||1509|97b3961c-0f7a-40a1-b1f2-a362ba17917c
2026-03-22 23:02:52|gpt|web_search|13|JSON_VERIFY_FAILED||1609|04ff9d34-0a8c-4be7-80e3-55159581158e
2026-03-22 23:02:52|gpt|web_search|13|QUESTION|76|1609|04ff9d34-0a8c-4be7-80e3-55159581158e
2026-03-22 23:02:59|gpt|web_search|10|JSON_VERIFIED||1347|3c583832-2b9a-4379-8411-c91f6c61f013
2026-03-22 23:02:59|gpt|web_search|10|QUESTION|34|1347|3c583832-2b9a-4379-8411-c91f6c61f013
2026-03-22 23:02:59|gpt|web_search|10|JSON_SAVED||1347|3c583832-2b9a-4379-8411-c91f6c61f013
2026-03-22 23:02:59|gpt|web_search|10|QUESTION_ADVANCE||1348|ce710bc2-2a92-4bdd-8775-632bb2a19735
2026-03-22 23:03:02|gpt|web_search|13|QUESTION_SENT||1609|04ff9d34-0a8c-4be7-80e3-55159581158e
2026-03-22 23:03:18|gpt|web_search|13|JSON_VERIFY_FAILED||1609|04ff9d34-0a8c-4be7-80e3-55159581158e
2026-03-22 23:03:18|gpt|web_search|13|QUESTION|77|1609|04ff9d34-0a8c-4be7-80e3-55159581158e
2026-03-22 23:03:18|gpt|web_search|11|JSON_VERIFY_FAILED||1509|97b3961c-0f7a-40a1-b1f2-a362ba17917c
2026-03-22 23:03:18|gpt|web_search|11|QUESTION|67|1509|97b3961c-0f7a-40a1-b1f2-a362ba17917c
2026-03-22 23:03:25|gpt|web_search|10|QUESTION_SENT||1348|ce710bc2-2a92-4bdd-8775-632bb2a19735
2026-03-22 23:03:28|gpt|web_search|11|QUESTION_SENT||1509|97b3961c-0f7a-40a1-b1f2-a362ba17917c
2026-03-22 23:03:45|gpt|web_search|13|QUESTION_SENT||1609|04ff9d34-0a8c-4be7-80e3-55159581158e
2026-03-22 23:04:05|gpt|web_search|11|JSON_VERIFIED||1509|97b3961c-0f7a-40a1-b1f2-a362ba17917c
2026-03-22 23:04:05|gpt|web_search|11|QUESTION|68|1509|97b3961c-0f7a-40a1-b1f2-a362ba17917c
2026-03-22 23:04:05|gpt|web_search|11|JSON_SAVED||1509|97b3961c-0f7a-40a1-b1f2-a362ba17917c
2026-03-22 23:04:05|gpt|web_search|11|QUESTION_ADVANCE||1510|4c361a3e-13fe-4c1b-befe-adc26871caba
2026-03-22 23:04:12|gpt|web_search|13|JSON_VERIFIED||1609|04ff9d34-0a8c-4be7-80e3-55159581158e
2026-03-22 23:04:12|gpt|web_search|13|QUESTION|78|1609|04ff9d34-0a8c-4be7-80e3-55159581158e
2026-03-22 23:04:12|gpt|web_search|13|JSON_SAVED||1609|04ff9d34-0a8c-4be7-80e3-55159581158e
2026-03-22 23:04:12|gpt|web_search|13|QUESTION_ADVANCE||1610|582f4051-14bc-4d7e-90c5-ee17eaac6091
2026-03-22 23:04:32|gpt|web_search|11|QUESTION_SENT||1510|4c361a3e-13fe-4c1b-befe-adc26871caba
2026-03-22 23:04:40|gpt|web_search|13|QUESTION_SENT||1610|582f4051-14bc-4d7e-90c5-ee17eaac6091
2026-03-22 23:05:13|gpt|web_search|13|JSON_VERIFIED||1610|582f4051-14bc-4d7e-90c5-ee17eaac6091
2026-03-22 23:05:13|gpt|web_search|13|QUESTION|79|1610|582f4051-14bc-4d7e-90c5-ee17eaac6091
2026-03-22 23:05:13|gpt|web_search|13|JSON_SAVED||1610|582f4051-14bc-4d7e-90c5-ee17eaac6091
2026-03-22 23:05:13|gpt|web_search|13|QUESTION_ADVANCE||1611|d44a24a2-a6cd-417c-9927-bcc9c8114127
2026-03-22 23:05:16|gpt|web_search|10|JSON_VERIFIED||1348|ce710bc2-2a92-4bdd-8775-632bb2a19735
2026-03-22 23:05:16|gpt|web_search|10|QUESTION|35|1348|ce710bc2-2a92-4bdd-8775-632bb2a19735
2026-03-22 23:05:16|gpt|web_search|10|JSON_SAVED||1348|ce710bc2-2a92-4bdd-8775-632bb2a19735
2026-03-22 23:05:16|gpt|web_search|10|QUESTION_ADVANCE||1349|e24ef390-1917-4f49-b957-eff76f530061
2026-03-22 23:05:24|gpt|web_search|11|JSON_VERIFIED||1510|4c361a3e-13fe-4c1b-befe-adc26871caba
2026-03-22 23:05:24|gpt|web_search|11|QUESTION|69|1510|4c361a3e-13fe-4c1b-befe-adc26871caba
2026-03-22 23:05:24|gpt|web_search|11|JSON_SAVED||1510|4c361a3e-13fe-4c1b-befe-adc26871caba
2026-03-22 23:05:24|gpt|web_search|11|QUESTION_ADVANCE||1511|6bb08228-f5c3-4e8a-ab72-aede74eb5063
2026-03-22 23:05:40|gpt|web_search|13|QUESTION_SENT||1611|d44a24a2-a6cd-417c-9927-bcc9c8114127
2026-03-22 23:05:42|gpt|web_search|10|QUESTION_SENT||1349|e24ef390-1917-4f49-b957-eff76f530061
2026-03-22 23:05:50|gpt|web_search|11|QUESTION_SENT||1511|6bb08228-f5c3-4e8a-ab72-aede74eb5063
2026-03-22 23:06:06|gpt|web_search|13|JSON_VERIFY_FAILED||1611|d44a24a2-a6cd-417c-9927-bcc9c8114127
2026-03-22 23:06:06|gpt|web_search|13|QUESTION|80|1611|d44a24a2-a6cd-417c-9927-bcc9c8114127
2026-03-22 23:06:16|gpt|web_search|13|QUESTION_SENT||1611|d44a24a2-a6cd-417c-9927-bcc9c8114127
2026-03-22 23:06:41|gpt|web_search|11|JSON_VERIFIED||1511|6bb08228-f5c3-4e8a-ab72-aede74eb5063
2026-03-22 23:06:41|gpt|web_search|11|QUESTION|70|1511|6bb08228-f5c3-4e8a-ab72-aede74eb5063
2026-03-22 23:06:41|gpt|web_search|11|JSON_SAVED||1511|6bb08228-f5c3-4e8a-ab72-aede74eb5063
2026-03-22 23:06:41|gpt|web_search|11|QUESTION_ADVANCE||1512|eddeab4f-5477-4d6e-a366-9822369e153a
2026-03-22 23:06:44|gpt|web_search|13|JSON_VERIFY_FAILED||1611|d44a24a2-a6cd-417c-9927-bcc9c8114127
2026-03-22 23:06:44|gpt|web_search|13|QUESTION|81|1611|d44a24a2-a6cd-417c-9927-bcc9c8114127
2026-03-22 23:06:54|gpt|web_search|13|QUESTION_SENT||1611|d44a24a2-a6cd-417c-9927-bcc9c8114127
2026-03-22 23:07:07|gpt|web_search|11|QUESTION_SENT||1512|eddeab4f-5477-4d6e-a366-9822369e153a
2026-03-22 23:07:19|gpt|web_search|13|JSON_VERIFY_FAILED||1611|d44a24a2-a6cd-417c-9927-bcc9c8114127
2026-03-22 23:07:19|gpt|web_search|13|QUESTION|82|1611|d44a24a2-a6cd-417c-9927-bcc9c8114127
2026-03-22 23:07:28|gpt|web_search|13|QUESTION_SENT||1611|d44a24a2-a6cd-417c-9927-bcc9c8114127
2026-03-22 23:07:47|gpt|web_search|13|JSON_VERIFY_FAILED||1611|d44a24a2-a6cd-417c-9927-bcc9c8114127
2026-03-22 23:07:47|gpt|web_search|13|QUESTION|83|1611|d44a24a2-a6cd-417c-9927-bcc9c8114127
2026-03-22 23:07:57|gpt|web_search|11|JSON_VERIFIED||1512|eddeab4f-5477-4d6e-a366-9822369e153a
2026-03-22 23:07:57|gpt|web_search|11|QUESTION|71|1512|eddeab4f-5477-4d6e-a366-9822369e153a
2026-03-22 23:07:57|gpt|web_search|11|JSON_SAVED||1512|eddeab4f-5477-4d6e-a366-9822369e153a
2026-03-22 23:07:57|gpt|web_search|11|QUESTION_ADVANCE||1513|3e96e747-b39a-4a0e-88a6-fcaa2e0bee6c
2026-03-22 23:07:57|gpt|web_search|13|QUESTION_SENT||1611|d44a24a2-a6cd-417c-9927-bcc9c8114127
2026-03-22 23:08:24|gpt|web_search|11|QUESTION_SENT||1513|3e96e747-b39a-4a0e-88a6-fcaa2e0bee6c
2026-03-22 23:08:51|gpt|web_search|13|QUESTION_SENT||1611|d44a24a2-a6cd-417c-9927-bcc9c8114127
2026-03-22 23:09:07|gpt|web_search|11|JSON_VERIFIED||1513|3e96e747-b39a-4a0e-88a6-fcaa2e0bee6c
2026-03-22 23:09:07|gpt|web_search|11|QUESTION|72|1513|3e96e747-b39a-4a0e-88a6-fcaa2e0bee6c
2026-03-22 23:09:07|gpt|web_search|11|JSON_SAVED||1513|3e96e747-b39a-4a0e-88a6-fcaa2e0bee6c
2026-03-22 23:09:07|gpt|web_search|11|QUESTION_ADVANCE||1514|31f38065-c369-4c2d-81b2-e50ebd8b7626
2026-03-22 23:09:16|gpt|web_search|13|JSON_VERIFY_FAILED||1611|d44a24a2-a6cd-417c-9927-bcc9c8114127
2026-03-22 23:09:16|gpt|web_search|13|QUESTION|84|1611|d44a24a2-a6cd-417c-9927-bcc9c8114127
2026-03-22 23:09:25|gpt|web_search|13|QUESTION_SENT||1611|d44a24a2-a6cd-417c-9927-bcc9c8114127
2026-03-22 23:09:35|gpt|web_search|11|QUESTION_SENT||1514|31f38065-c369-4c2d-81b2-e50ebd8b7626
2026-03-22 23:10:53|gpt|web_search|10|JSON_VERIFY_FAILED||1349|e24ef390-1917-4f49-b957-eff76f530061
2026-03-22 23:10:53|gpt|web_search|10|QUESTION|36|1349|e24ef390-1917-4f49-b957-eff76f530061
2026-03-22 23:11:03|gpt|web_search|10|QUESTION_SENT||1349|e24ef390-1917-4f49-b957-eff76f530061
2026-03-22 23:12:34|gpt|web_search|10|JSON_VERIFIED||1349|e24ef390-1917-4f49-b957-eff76f530061
2026-03-22 23:12:34|gpt|web_search|10|QUESTION|37|1349|e24ef390-1917-4f49-b957-eff76f530061
2026-03-22 23:12:34|gpt|web_search|10|JSON_SAVED||1349|e24ef390-1917-4f49-b957-eff76f530061
2026-03-22 23:12:34|gpt|web_search|10|QUESTION_ADVANCE||1350|c97da978-b717-4854-aa14-9d08f7455b66
2026-03-22 23:13:00|gpt|web_search|10|QUESTION_SENT||1350|c97da978-b717-4854-aa14-9d08f7455b66
2026-03-22 23:14:12|gpt|web_search|11|JSON_VERIFIED||1514|31f38065-c369-4c2d-81b2-e50ebd8b7626
2026-03-22 23:14:12|gpt|web_search|11|QUESTION|73|1514|31f38065-c369-4c2d-81b2-e50ebd8b7626
2026-03-22 23:14:12|gpt|web_search|11|JSON_SAVED||1514|31f38065-c369-4c2d-81b2-e50ebd8b7626
2026-03-22 23:14:12|gpt|web_search|11|QUESTION_ADVANCE||1515|f2031e6a-e987-4b15-998c-b43125ddf822
2026-03-22 23:14:24|gpt|web_search|10|JSON_VERIFIED||1350|c97da978-b717-4854-aa14-9d08f7455b66
2026-03-22 23:14:24|gpt|web_search|10|QUESTION|38|1350|c97da978-b717-4854-aa14-9d08f7455b66
2026-03-22 23:14:24|gpt|web_search|10|JSON_SAVED||1350|c97da978-b717-4854-aa14-9d08f7455b66
2026-03-22 23:14:24|gpt|web_search|10|QUESTION_ADVANCE||1351|1eb6c502-b848-4a08-a634-9927a78dc649
2026-03-22 23:14:38|gpt|web_search|11|QUESTION_SENT||1515|f2031e6a-e987-4b15-998c-b43125ddf822
2026-03-22 23:14:50|gpt|web_search|10|QUESTION_SENT||1351|1eb6c502-b848-4a08-a634-9927a78dc649
2026-03-22 23:15:22|gpt|web_search|11|JSON_VERIFIED||1515|f2031e6a-e987-4b15-998c-b43125ddf822
2026-03-22 23:15:22|gpt|web_search|11|QUESTION|74|1515|f2031e6a-e987-4b15-998c-b43125ddf822
2026-03-22 23:15:22|gpt|web_search|11|JSON_SAVED||1515|f2031e6a-e987-4b15-998c-b43125ddf822
2026-03-22 23:15:22|gpt|web_search|11|QUESTION_ADVANCE||1516|49ae739b-80d6-4785-85f8-00cb76a31c6a
2026-03-22 23:15:50|gpt|web_search|11|QUESTION_SENT||1516|49ae739b-80d6-4785-85f8-00cb76a31c6a
2026-03-22 23:16:44|gpt|web_search|11|JSON_VERIFIED||1516|49ae739b-80d6-4785-85f8-00cb76a31c6a
2026-03-22 23:16:44|gpt|web_search|11|QUESTION|75|1516|49ae739b-80d6-4785-85f8-00cb76a31c6a
2026-03-22 23:16:44|gpt|web_search|11|JSON_SAVED||1516|49ae739b-80d6-4785-85f8-00cb76a31c6a
2026-03-22 23:16:44|gpt|web_search|11|QUESTION_ADVANCE||1517|c7572fd1-7592-4b4e-8259-07a5c0e68e36
2026-03-22 23:17:10|gpt|web_search|11|QUESTION_SENT||1517|c7572fd1-7592-4b4e-8259-07a5c0e68e36
2026-03-22 23:18:01|gpt|web_search|11|JSON_VERIFIED||1517|c7572fd1-7592-4b4e-8259-07a5c0e68e36
2026-03-22 23:18:01|gpt|web_search|11|QUESTION|76|1517|c7572fd1-7592-4b4e-8259-07a5c0e68e36
2026-03-22 23:18:01|gpt|web_search|11|JSON_SAVED||1517|c7572fd1-7592-4b4e-8259-07a5c0e68e36
2026-03-22 23:18:01|gpt|web_search|11|QUESTION_ADVANCE||1518|34d8f792-6d6e-498a-88f2-f122f3fc3c27
2026-03-22 23:18:27|gpt|web_search|11|QUESTION_SENT||1518|34d8f792-6d6e-498a-88f2-f122f3fc3c27
2026-03-22 23:19:14|gpt|web_search|11|JSON_VERIFIED||1518|34d8f792-6d6e-498a-88f2-f122f3fc3c27
2026-03-22 23:19:14|gpt|web_search|11|QUESTION|77|1518|34d8f792-6d6e-498a-88f2-f122f3fc3c27
2026-03-22 23:19:14|gpt|web_search|11|JSON_SAVED||1518|34d8f792-6d6e-498a-88f2-f122f3fc3c27
2026-03-22 23:19:14|gpt|web_search|11|QUESTION_ADVANCE||1519|752cbf30-342b-459d-b0d6-a475e75b44e3
2026-03-22 23:19:41|gpt|web_search|11|QUESTION_SENT||1519|752cbf30-342b-459d-b0d6-a475e75b44e3
2026-03-22 23:19:43|gpt|web_search|10|QUESTION_SENT||1351|1eb6c502-b848-4a08-a634-9927a78dc649
2026-03-22 23:20:30|gpt|web_search|11|JSON_VERIFIED||1519|752cbf30-342b-459d-b0d6-a475e75b44e3
2026-03-22 23:20:30|gpt|web_search|11|QUESTION|78|1519|752cbf30-342b-459d-b0d6-a475e75b44e3
2026-03-22 23:20:30|gpt|web_search|11|JSON_SAVED||1519|752cbf30-342b-459d-b0d6-a475e75b44e3
2026-03-22 23:20:30|gpt|web_search|11|QUESTION_ADVANCE||1520|84b3cecf-9b6b-4bcb-8858-5b6ecea39798
2026-03-22 23:20:58|gpt|web_search|11|QUESTION_SENT||1520|84b3cecf-9b6b-4bcb-8858-5b6ecea39798
2026-03-22 23:21:47|gpt|web_search|11|JSON_VERIFIED||1520|84b3cecf-9b6b-4bcb-8858-5b6ecea39798
2026-03-22 23:21:47|gpt|web_search|11|QUESTION|79|1520|84b3cecf-9b6b-4bcb-8858-5b6ecea39798
2026-03-22 23:21:47|gpt|web_search|11|JSON_SAVED||1520|84b3cecf-9b6b-4bcb-8858-5b6ecea39798
2026-03-22 23:21:47|gpt|web_search|11|QUESTION_ADVANCE||1521|9a87935c-26aa-4ebf-8b29-1ff43646ac96
2026-03-22 23:22:11|gpt|web_search|10|JSON_VERIFIED||1351|1eb6c502-b848-4a08-a634-9927a78dc649
2026-03-22 23:22:11|gpt|web_search|10|QUESTION|39|1351|1eb6c502-b848-4a08-a634-9927a78dc649
2026-03-22 23:22:11|gpt|web_search|10|JSON_SAVED||1351|1eb6c502-b848-4a08-a634-9927a78dc649
2026-03-22 23:22:11|gpt|web_search|10|QUESTION_ADVANCE||1352|47be0828-1ed2-422b-b264-c6c923896887
2026-03-22 23:22:15|gpt|web_search|11|QUESTION_SENT||1521|9a87935c-26aa-4ebf-8b29-1ff43646ac96
2026-03-22 23:22:36|gpt|web_search|10|QUESTION_SENT||1352|47be0828-1ed2-422b-b264-c6c923896887
2026-03-22 23:23:02|gpt|web_search|11|JSON_VERIFIED||1521|9a87935c-26aa-4ebf-8b29-1ff43646ac96
2026-03-22 23:23:02|gpt|web_search|11|QUESTION|80|1521|9a87935c-26aa-4ebf-8b29-1ff43646ac96
2026-03-22 23:23:02|gpt|web_search|11|JSON_SAVED||1521|9a87935c-26aa-4ebf-8b29-1ff43646ac96
2026-03-22 23:23:02|gpt|web_search|11|QUESTION_ADVANCE||1522|0bd2f007-0e63-4b6a-8838-ad57e5e3a1c2
2026-03-22 23:23:30|gpt|web_search|11|QUESTION_SENT||1522|0bd2f007-0e63-4b6a-8838-ad57e5e3a1c2
2026-03-22 23:24:17|gpt|web_search|11|JSON_VERIFIED||1522|0bd2f007-0e63-4b6a-8838-ad57e5e3a1c2
2026-03-22 23:24:17|gpt|web_search|11|QUESTION|81|1522|0bd2f007-0e63-4b6a-8838-ad57e5e3a1c2
2026-03-22 23:24:17|gpt|web_search|11|JSON_SAVED||1522|0bd2f007-0e63-4b6a-8838-ad57e5e3a1c2
2026-03-22 23:24:17|gpt|web_search|11|QUESTION_ADVANCE||1523|6ea864e4-7cd6-45ee-b1be-2df72c75a93e
2026-03-22 23:24:36|gpt|web_search|10|JSON_VERIFIED||1352|47be0828-1ed2-422b-b264-c6c923896887
2026-03-22 23:24:36|gpt|web_search|10|QUESTION|40|1352|47be0828-1ed2-422b-b264-c6c923896887
2026-03-22 23:24:36|gpt|web_search|10|JSON_SAVED||1352|47be0828-1ed2-422b-b264-c6c923896887
2026-03-22 23:24:36|gpt|web_search|10|QUESTION_ADVANCE||1353|e6b8cfad-a7ba-4ed7-aa88-332a4e8630e4
2026-03-22 23:24:45|gpt|web_search|11|QUESTION_SENT||1523|6ea864e4-7cd6-45ee-b1be-2df72c75a93e
2026-03-22 23:25:02|gpt|web_search|10|QUESTION_SENT||1353|e6b8cfad-a7ba-4ed7-aa88-332a4e8630e4
2026-03-22 23:25:34|gpt|web_search|11|JSON_VERIFIED||1523|6ea864e4-7cd6-45ee-b1be-2df72c75a93e
2026-03-22 23:25:34|gpt|web_search|11|QUESTION|82|1523|6ea864e4-7cd6-45ee-b1be-2df72c75a93e
2026-03-22 23:25:34|gpt|web_search|11|JSON_SAVED||1523|6ea864e4-7cd6-45ee-b1be-2df72c75a93e
2026-03-22 23:25:34|gpt|web_search|11|QUESTION_ADVANCE||1524|87350c45-4354-4828-b968-5b7ea96ac21a
2026-03-22 23:26:02|gpt|web_search|11|QUESTION_SENT||1524|87350c45-4354-4828-b968-5b7ea96ac21a
2026-03-22 23:26:33|gpt|web_search|10|JSON_VERIFIED||1353|e6b8cfad-a7ba-4ed7-aa88-332a4e8630e4
2026-03-22 23:26:33|gpt|web_search|10|QUESTION|41|1353|e6b8cfad-a7ba-4ed7-aa88-332a4e8630e4
2026-03-22 23:26:33|gpt|web_search|10|JSON_SAVED||1353|e6b8cfad-a7ba-4ed7-aa88-332a4e8630e4
2026-03-22 23:26:33|gpt|web_search|10|QUESTION_ADVANCE||1354|39240b49-01a9-47fb-b4b5-0b4164af901a
2026-03-22 23:26:53|gpt|web_search|11|JSON_VERIFIED||1524|87350c45-4354-4828-b968-5b7ea96ac21a
2026-03-22 23:26:53|gpt|web_search|11|QUESTION|83|1524|87350c45-4354-4828-b968-5b7ea96ac21a
2026-03-22 23:26:53|gpt|web_search|11|JSON_SAVED||1524|87350c45-4354-4828-b968-5b7ea96ac21a
2026-03-22 23:26:53|gpt|web_search|11|QUESTION_ADVANCE||1525|855d0480-6770-4729-a657-f63d91d063bd
2026-03-22 23:26:59|gpt|web_search|10|QUESTION_SENT||1354|39240b49-01a9-47fb-b4b5-0b4164af901a
2026-03-22 23:27:19|gpt|web_search|11|QUESTION_SENT||1525|855d0480-6770-4729-a657-f63d91d063bd
2026-03-22 23:28:09|gpt|web_search|11|JSON_VERIFIED||1525|855d0480-6770-4729-a657-f63d91d063bd
2026-03-22 23:28:09|gpt|web_search|11|QUESTION|84|1525|855d0480-6770-4729-a657-f63d91d063bd
2026-03-22 23:28:09|gpt|web_search|11|JSON_SAVED||1525|855d0480-6770-4729-a657-f63d91d063bd
2026-03-22 23:28:09|gpt|web_search|11|QUESTION_ADVANCE||1526|a9e2d6de-cc23-4289-a041-864f20c41237
2026-03-22 23:28:37|gpt|web_search|11|QUESTION_SENT||1526|a9e2d6de-cc23-4289-a041-864f20c41237
2026-03-22 23:28:39|gpt|web_search|10|JSON_VERIFIED||1354|39240b49-01a9-47fb-b4b5-0b4164af901a
2026-03-22 23:28:39|gpt|web_search|10|QUESTION|42|1354|39240b49-01a9-47fb-b4b5-0b4164af901a
2026-03-22 23:28:39|gpt|web_search|10|JSON_SAVED||1354|39240b49-01a9-47fb-b4b5-0b4164af901a
2026-03-22 23:28:39|gpt|web_search|10|QUESTION_ADVANCE||1355|515e64ff-79d0-463e-a8d6-da3493f43fa5
2026-03-22 23:29:04|gpt|web_search|10|QUESTION_SENT||1355|515e64ff-79d0-463e-a8d6-da3493f43fa5
2026-03-22 23:29:15|gpt|web_search|11|JSON_VERIFY_FAILED||1526|a9e2d6de-cc23-4289-a041-864f20c41237
2026-03-22 23:29:15|gpt|web_search|11|QUESTION|85|1526|a9e2d6de-cc23-4289-a041-864f20c41237
2026-03-22 23:29:25|gpt|web_search|11|QUESTION_SENT||1526|a9e2d6de-cc23-4289-a041-864f20c41237
2026-03-22 23:30:11|gpt|web_search|11|JSON_VERIFIED||1526|a9e2d6de-cc23-4289-a041-864f20c41237
2026-03-22 23:30:11|gpt|web_search|11|QUESTION|86|1526|a9e2d6de-cc23-4289-a041-864f20c41237
2026-03-22 23:30:11|gpt|web_search|11|JSON_SAVED||1526|a9e2d6de-cc23-4289-a041-864f20c41237
2026-03-22 23:30:11|gpt|web_search|11|QUESTION_ADVANCE||1527|35d14d81-ddd9-43ce-a15e-f6e11582a313
2026-03-22 23:30:38|gpt|web_search|11|QUESTION_SENT||1527|35d14d81-ddd9-43ce-a15e-f6e11582a313
2026-03-22 23:31:24|gpt|web_search|11|JSON_VERIFIED||1527|35d14d81-ddd9-43ce-a15e-f6e11582a313
2026-03-22 23:31:24|gpt|web_search|11|QUESTION|87|1527|35d14d81-ddd9-43ce-a15e-f6e11582a313
2026-03-22 23:31:24|gpt|web_search|11|JSON_SAVED||1527|35d14d81-ddd9-43ce-a15e-f6e11582a313
2026-03-22 23:31:24|gpt|web_search|11|QUESTION_ADVANCE||1528|810be5ac-094d-49c9-b453-63c774f355c9
2026-03-22 23:31:52|gpt|web_search|11|QUESTION_SENT||1528|810be5ac-094d-49c9-b453-63c774f355c9
2026-03-22 23:32:18|gpt|web_search|10|JSON_VERIFIED||1355|515e64ff-79d0-463e-a8d6-da3493f43fa5
2026-03-22 23:32:18|gpt|web_search|10|QUESTION|43|1355|515e64ff-79d0-463e-a8d6-da3493f43fa5
2026-03-22 23:32:18|gpt|web_search|10|JSON_SAVED||1355|515e64ff-79d0-463e-a8d6-da3493f43fa5
2026-03-22 23:32:18|gpt|web_search|10|QUESTION_ADVANCE||1356|be454f82-0275-4820-8512-c69602a0f96f
2026-03-22 23:32:42|gpt|web_search|11|JSON_VERIFIED||1528|810be5ac-094d-49c9-b453-63c774f355c9
2026-03-22 23:32:42|gpt|web_search|11|QUESTION|88|1528|810be5ac-094d-49c9-b453-63c774f355c9
2026-03-22 23:32:42|gpt|web_search|11|JSON_SAVED||1528|810be5ac-094d-49c9-b453-63c774f355c9
2026-03-22 23:32:42|gpt|web_search|11|QUESTION_ADVANCE||1529|933a39ec-7070-4ec4-bcb1-853c62a79ba0
2026-03-22 23:32:44|gpt|web_search|10|QUESTION_SENT||1356|be454f82-0275-4820-8512-c69602a0f96f
2026-03-22 23:33:09|gpt|web_search|11|QUESTION_SENT||1529|933a39ec-7070-4ec4-bcb1-853c62a79ba0
2026-03-22 23:34:01|gpt|web_search|11|JSON_VERIFIED||1529|933a39ec-7070-4ec4-bcb1-853c62a79ba0
2026-03-22 23:34:01|gpt|web_search|11|QUESTION|89|1529|933a39ec-7070-4ec4-bcb1-853c62a79ba0
2026-03-22 23:34:01|gpt|web_search|11|JSON_SAVED||1529|933a39ec-7070-4ec4-bcb1-853c62a79ba0
2026-03-22 23:34:01|gpt|web_search|11|QUESTION_ADVANCE||1530|e7b013cd-73e4-4395-b19b-57b481f3c4d5
2026-03-22 23:34:26|gpt|web_search|11|QUESTION_SENT||1530|e7b013cd-73e4-4395-b19b-57b481f3c4d5
2026-03-22 23:34:52|gpt|web_search|10|QUESTION_SENT||1356|be454f82-0275-4820-8512-c69602a0f96f
2026-03-22 23:35:15|gpt|web_search|11|JSON_VERIFIED||1530|e7b013cd-73e4-4395-b19b-57b481f3c4d5
2026-03-22 23:35:15|gpt|web_search|11|QUESTION|90|1530|e7b013cd-73e4-4395-b19b-57b481f3c4d5
2026-03-22 23:35:15|gpt|web_search|11|JSON_SAVED||1530|e7b013cd-73e4-4395-b19b-57b481f3c4d5
2026-03-22 23:35:15|gpt|web_search|11|QUESTION_ADVANCE||1531|1d8ff7d9-2dd3-44ba-8a2f-2a5cb52addf5
2026-03-22 23:35:43|gpt|web_search|11|QUESTION_SENT||1531|1d8ff7d9-2dd3-44ba-8a2f-2a5cb52addf5
2026-03-22 23:35:54|gpt|web_search|10|JSON_VERIFIED||1356|be454f82-0275-4820-8512-c69602a0f96f
2026-03-22 23:35:54|gpt|web_search|10|QUESTION|44|1356|be454f82-0275-4820-8512-c69602a0f96f
2026-03-22 23:35:54|gpt|web_search|10|JSON_SAVED||1356|be454f82-0275-4820-8512-c69602a0f96f
2026-03-22 23:35:54|gpt|web_search|10|QUESTION_ADVANCE||1357|60b3a106-202d-436f-83a1-36f0e6443b1c
2026-03-22 23:36:20|gpt|web_search|10|QUESTION_SENT||1357|60b3a106-202d-436f-83a1-36f0e6443b1c
2026-03-22 23:36:30|gpt|web_search|11|JSON_VERIFIED||1531|1d8ff7d9-2dd3-44ba-8a2f-2a5cb52addf5
2026-03-22 23:36:30|gpt|web_search|11|QUESTION|91|1531|1d8ff7d9-2dd3-44ba-8a2f-2a5cb52addf5
2026-03-22 23:36:30|gpt|web_search|11|JSON_SAVED||1531|1d8ff7d9-2dd3-44ba-8a2f-2a5cb52addf5
2026-03-22 23:36:30|gpt|web_search|11|QUESTION_ADVANCE||1532|e7f12e1c-1c3e-47c5-bebd-18539f49c1de
2026-03-22 23:36:57|gpt|web_search|11|QUESTION_SENT||1532|e7f12e1c-1c3e-47c5-bebd-18539f49c1de
2026-03-22 23:37:42|gpt|web_search|11|JSON_VERIFIED||1532|e7f12e1c-1c3e-47c5-bebd-18539f49c1de
2026-03-22 23:37:42|gpt|web_search|11|QUESTION|92|1532|e7f12e1c-1c3e-47c5-bebd-18539f49c1de
2026-03-22 23:37:42|gpt|web_search|11|JSON_SAVED||1532|e7f12e1c-1c3e-47c5-bebd-18539f49c1de
2026-03-22 23:37:42|gpt|web_search|11|QUESTION_ADVANCE||1533|34834439-ffd2-4892-955a-05d90fd0539e
2026-03-22 23:38:09|gpt|web_search|11|QUESTION_SENT||1533|34834439-ffd2-4892-955a-05d90fd0539e
2026-03-22 23:38:55|gpt|web_search|11|JSON_VERIFIED||1533|34834439-ffd2-4892-955a-05d90fd0539e
2026-03-22 23:38:55|gpt|web_search|11|QUESTION|93|1533|34834439-ffd2-4892-955a-05d90fd0539e
2026-03-22 23:38:55|gpt|web_search|11|JSON_SAVED||1533|34834439-ffd2-4892-955a-05d90fd0539e
2026-03-22 23:38:55|gpt|web_search|11|QUESTION_ADVANCE||1534|74b330ea-fb52-4dff-881c-2268b277df55
2026-03-22 23:39:22|gpt|web_search|11|QUESTION_SENT||1534|74b330ea-fb52-4dff-881c-2268b277df55
2026-03-22 23:40:12|gpt|web_search|11|JSON_VERIFIED||1534|74b330ea-fb52-4dff-881c-2268b277df55
2026-03-22 23:40:12|gpt|web_search|11|QUESTION|94|1534|74b330ea-fb52-4dff-881c-2268b277df55
2026-03-22 23:40:12|gpt|web_search|11|JSON_SAVED||1534|74b330ea-fb52-4dff-881c-2268b277df55
2026-03-22 23:40:12|gpt|web_search|11|QUESTION_ADVANCE||1535|2cd1fa2b-6320-446a-bca1-b5f5e2c8d2e8
2026-03-22 23:40:40|gpt|web_search|11|QUESTION_SENT||1535|2cd1fa2b-6320-446a-bca1-b5f5e2c8d2e8
2026-03-22 23:41:34|gpt|web_search|11|JSON_VERIFIED||1535|2cd1fa2b-6320-446a-bca1-b5f5e2c8d2e8
2026-03-22 23:41:34|gpt|web_search|11|QUESTION|95|1535|2cd1fa2b-6320-446a-bca1-b5f5e2c8d2e8
2026-03-22 23:41:34|gpt|web_search|11|JSON_SAVED||1535|2cd1fa2b-6320-446a-bca1-b5f5e2c8d2e8
2026-03-22 23:41:34|gpt|web_search|11|QUESTION_ADVANCE||1536|6d9d82dd-d1dd-4f94-a7b3-840f02c2eac6
2026-03-22 23:42:12|gpt|web_search|11|QUESTION_SENT||1536|6d9d82dd-d1dd-4f94-a7b3-840f02c2eac6
2026-03-22 23:43:47|gpt|web_search|10|QUESTION_SENT||1357|60b3a106-202d-436f-83a1-36f0e6443b1c
2026-03-22 23:46:00|gpt|web_search|10|JSON_VERIFIED||1357|60b3a106-202d-436f-83a1-36f0e6443b1c
2026-03-22 23:46:00|gpt|web_search|10|QUESTION|45|1357|60b3a106-202d-436f-83a1-36f0e6443b1c
2026-03-22 23:46:00|gpt|web_search|10|JSON_SAVED||1357|60b3a106-202d-436f-83a1-36f0e6443b1c
2026-03-22 23:46:00|gpt|web_search|10|QUESTION_ADVANCE||1358|a68fb5b1-ae0b-489f-b113-9b685a85a568
2026-03-22 23:46:26|gpt|web_search|10|QUESTION_SENT||1358|a68fb5b1-ae0b-489f-b113-9b685a85a568
2026-03-22 23:46:51|gpt|web_search|11|JSON_VERIFIED||1536|6d9d82dd-d1dd-4f94-a7b3-840f02c2eac6
2026-03-22 23:46:51|gpt|web_search|11|QUESTION|96|1536|6d9d82dd-d1dd-4f94-a7b3-840f02c2eac6
2026-03-22 23:46:51|gpt|web_search|11|JSON_SAVED||1536|6d9d82dd-d1dd-4f94-a7b3-840f02c2eac6
2026-03-22 23:46:51|gpt|web_search|11|QUESTION_ADVANCE||1537|30882362-553c-4645-920b-12f209c51cc1
2026-03-22 23:47:17|gpt|web_search|11|QUESTION_SENT||1537|30882362-553c-4645-920b-12f209c51cc1
2026-03-22 23:48:03|gpt|web_search|11|JSON_VERIFIED||1537|30882362-553c-4645-920b-12f209c51cc1
2026-03-22 23:48:03|gpt|web_search|11|QUESTION|97|1537|30882362-553c-4645-920b-12f209c51cc1
2026-03-22 23:48:03|gpt|web_search|11|JSON_SAVED||1537|30882362-553c-4645-920b-12f209c51cc1
2026-03-22 23:48:03|gpt|web_search|11|QUESTION_ADVANCE||1538|3d799de0-4fbc-49db-b202-1a126802577e
2026-03-22 23:48:30|gpt|web_search|11|QUESTION_SENT||1538|3d799de0-4fbc-49db-b202-1a126802577e
2026-03-22 23:48:37|gpt|web_search|10|QUESTION_SENT||1358|a68fb5b1-ae0b-489f-b113-9b685a85a568
2026-03-22 23:49:20|gpt|web_search|11|JSON_VERIFIED||1538|3d799de0-4fbc-49db-b202-1a126802577e
2026-03-22 23:49:20|gpt|web_search|11|QUESTION|98|1538|3d799de0-4fbc-49db-b202-1a126802577e
2026-03-22 23:49:20|gpt|web_search|11|JSON_SAVED||1538|3d799de0-4fbc-49db-b202-1a126802577e
2026-03-22 23:49:20|gpt|web_search|11|QUESTION_ADVANCE||1539|b72b5450-52c8-44cb-9fec-212f4c34919a
2026-03-22 23:49:48|gpt|web_search|11|QUESTION_SENT||1539|b72b5450-52c8-44cb-9fec-212f4c34919a
2026-03-22 23:50:29|gpt|web_search|10|JSON_VERIFIED||1358|a68fb5b1-ae0b-489f-b113-9b685a85a568
2026-03-22 23:50:29|gpt|web_search|10|QUESTION|46|1358|a68fb5b1-ae0b-489f-b113-9b685a85a568
2026-03-22 23:50:29|gpt|web_search|10|JSON_SAVED||1358|a68fb5b1-ae0b-489f-b113-9b685a85a568
2026-03-22 23:50:29|gpt|web_search|10|QUESTION_ADVANCE||1359|a9e019f3-db0d-4169-9f8f-0b4e46461322
2026-03-22 23:50:35|gpt|web_search|11|JSON_VERIFIED||1539|b72b5450-52c8-44cb-9fec-212f4c34919a
2026-03-22 23:50:35|gpt|web_search|11|QUESTION|99|1539|b72b5450-52c8-44cb-9fec-212f4c34919a
2026-03-22 23:50:35|gpt|web_search|11|JSON_SAVED||1539|b72b5450-52c8-44cb-9fec-212f4c34919a
2026-03-22 23:50:35|gpt|web_search|11|QUESTION_ADVANCE||1540|1c471121-136b-4829-872d-c5b722414f72
2026-03-22 23:50:55|gpt|web_search|10|QUESTION_SENT||1359|a9e019f3-db0d-4169-9f8f-0b4e46461322
2026-03-22 23:51:03|gpt|web_search|11|QUESTION_SENT||1540|1c471121-136b-4829-872d-c5b722414f72
2026-03-22 23:51:53|gpt|web_search|11|JSON_VERIFIED||1540|1c471121-136b-4829-872d-c5b722414f72
2026-03-22 23:51:53|gpt|web_search|11|QUESTION|100|1540|1c471121-136b-4829-872d-c5b722414f72
2026-03-22 23:51:53|gpt|web_search|11|JSON_SAVED||1540|1c471121-136b-4829-872d-c5b722414f72
2026-03-22 23:51:53|gpt|web_search|11|QUESTION_ADVANCE||1541|c7ad8fd6-8526-4f7b-91f4-5c9d83ccaf0d
2026-03-22 23:52:20|gpt|web_search|11|QUESTION_SENT||1541|c7ad8fd6-8526-4f7b-91f4-5c9d83ccaf0d
2026-03-22 23:52:46|gpt|web_search|10|JSON_VERIFIED||1359|a9e019f3-db0d-4169-9f8f-0b4e46461322
2026-03-22 23:52:46|gpt|web_search|10|QUESTION|47|1359|a9e019f3-db0d-4169-9f8f-0b4e46461322
2026-03-22 23:52:46|gpt|web_search|10|JSON_SAVED||1359|a9e019f3-db0d-4169-9f8f-0b4e46461322
2026-03-22 23:52:46|gpt|web_search|10|QUESTION_ADVANCE||1360|2aaa5e76-115b-4eb6-8a3e-5413e14f8d20
2026-03-22 23:53:10|gpt|web_search|11|JSON_VERIFIED||1541|c7ad8fd6-8526-4f7b-91f4-5c9d83ccaf0d
2026-03-22 23:53:10|gpt|web_search|11|QUESTION|101|1541|c7ad8fd6-8526-4f7b-91f4-5c9d83ccaf0d
2026-03-22 23:53:10|gpt|web_search|11|JSON_SAVED||1541|c7ad8fd6-8526-4f7b-91f4-5c9d83ccaf0d
2026-03-22 23:53:10|gpt|web_search|11|QUESTION_ADVANCE||1542|e9535387-0776-45fb-9708-916b04991257
2026-03-22 23:53:12|gpt|web_search|10|QUESTION_SENT||1360|2aaa5e76-115b-4eb6-8a3e-5413e14f8d20
2026-03-22 23:53:38|gpt|web_search|11|QUESTION_SENT||1542|e9535387-0776-45fb-9708-916b04991257
2026-03-22 23:54:26|gpt|web_search|11|JSON_VERIFIED||1542|e9535387-0776-45fb-9708-916b04991257
2026-03-22 23:54:26|gpt|web_search|11|QUESTION|102|1542|e9535387-0776-45fb-9708-916b04991257
2026-03-22 23:54:26|gpt|web_search|11|JSON_SAVED||1542|e9535387-0776-45fb-9708-916b04991257
2026-03-22 23:54:26|gpt|web_search|11|QUESTION_ADVANCE||1543|ee54f252-97bd-4845-9054-dbb0516b0b7d
2026-03-22 23:54:54|gpt|web_search|11|QUESTION_SENT||1543|ee54f252-97bd-4845-9054-dbb0516b0b7d
2026-03-22 23:54:57|gpt|web_search|10|QUESTION_SENT||1360|2aaa5e76-115b-4eb6-8a3e-5413e14f8d20
2026-03-22 23:55:42|gpt|web_search|11|JSON_VERIFIED||1543|ee54f252-97bd-4845-9054-dbb0516b0b7d
2026-03-22 23:55:42|gpt|web_search|11|QUESTION|103|1543|ee54f252-97bd-4845-9054-dbb0516b0b7d
2026-03-22 23:55:42|gpt|web_search|11|JSON_SAVED||1543|ee54f252-97bd-4845-9054-dbb0516b0b7d
2026-03-22 23:55:42|gpt|web_search|11|QUESTION_ADVANCE||1544|ed6d2ebd-c000-41e4-b8e7-707f52aa823a
2026-03-22 23:56:10|gpt|web_search|11|QUESTION_SENT||1544|ed6d2ebd-c000-41e4-b8e7-707f52aa823a
2026-03-22 23:56:14|gpt|web_search|10|JSON_VERIFY_FAILED||1360|2aaa5e76-115b-4eb6-8a3e-5413e14f8d20
2026-03-22 23:56:14|gpt|web_search|10|QUESTION|48|1360|2aaa5e76-115b-4eb6-8a3e-5413e14f8d20
2026-03-22 23:56:24|gpt|web_search|10|QUESTION_SENT||1360|2aaa5e76-115b-4eb6-8a3e-5413e14f8d20
2026-03-22 23:57:05|gpt|web_search|11|JSON_VERIFIED||1544|ed6d2ebd-c000-41e4-b8e7-707f52aa823a
2026-03-22 23:57:05|gpt|web_search|11|QUESTION|104|1544|ed6d2ebd-c000-41e4-b8e7-707f52aa823a
2026-03-22 23:57:05|gpt|web_search|11|JSON_SAVED||1544|ed6d2ebd-c000-41e4-b8e7-707f52aa823a
2026-03-22 23:57:05|gpt|web_search|11|QUESTION_ADVANCE||1545|3182aa2d-6fa4-4472-9d13-c5be64d1fffd
2026-03-22 23:57:24|gpt|web_search|10|JSON_VERIFIED||1360|2aaa5e76-115b-4eb6-8a3e-5413e14f8d20
2026-03-22 23:57:24|gpt|web_search|10|QUESTION|49|1360|2aaa5e76-115b-4eb6-8a3e-5413e14f8d20
2026-03-22 23:57:24|gpt|web_search|10|JSON_SAVED||1360|2aaa5e76-115b-4eb6-8a3e-5413e14f8d20
2026-03-22 23:57:24|gpt|web_search|10|QUESTION_ADVANCE||1361|1454a1d8-8b7b-474b-9f6d-8af06b003a2c
2026-03-22 23:57:31|gpt|web_search|11|QUESTION_SENT||1545|3182aa2d-6fa4-4472-9d13-c5be64d1fffd
2026-03-22 23:57:50|gpt|web_search|10|QUESTION_SENT||1361|1454a1d8-8b7b-474b-9f6d-8af06b003a2c
2026-03-22 23:58:23|gpt|web_search|11|JSON_VERIFIED||1545|3182aa2d-6fa4-4472-9d13-c5be64d1fffd
2026-03-22 23:58:23|gpt|web_search|11|QUESTION|105|1545|3182aa2d-6fa4-4472-9d13-c5be64d1fffd
2026-03-22 23:58:23|gpt|web_search|11|JSON_SAVED||1545|3182aa2d-6fa4-4472-9d13-c5be64d1fffd
2026-03-22 23:58:23|gpt|web_search|11|QUESTION_ADVANCE||1546|76b37808-ca2d-4612-aaae-78889d827a5f
2026-03-22 23:58:49|gpt|web_search|11|QUESTION_SENT||1546|76b37808-ca2d-4612-aaae-78889d827a5f
2026-03-22 23:59:22|gpt|web_search|10|JSON_VERIFIED||1361|1454a1d8-8b7b-474b-9f6d-8af06b003a2c
2026-03-22 23:59:22|gpt|web_search|10|QUESTION|50|1361|1454a1d8-8b7b-474b-9f6d-8af06b003a2c
2026-03-22 23:59:22|gpt|web_search|10|JSON_SAVED||1361|1454a1d8-8b7b-474b-9f6d-8af06b003a2c
2026-03-22 23:59:22|gpt|web_search|10|QUESTION_ADVANCE||1362|6c366a75-d793-45db-8012-ad73af53c05e
2026-03-22 23:59:40|gpt|web_search|11|JSON_VERIFIED||1546|76b37808-ca2d-4612-aaae-78889d827a5f
2026-03-22 23:59:40|gpt|web_search|11|QUESTION|106|1546|76b37808-ca2d-4612-aaae-78889d827a5f
2026-03-22 23:59:40|gpt|web_search|11|JSON_SAVED||1546|76b37808-ca2d-4612-aaae-78889d827a5f
2026-03-22 23:59:40|gpt|web_search|11|QUESTION_ADVANCE||1547|29c67ae4-2044-4785-b14b-3c2959caef25
2026-03-22 23:59:48|gpt|web_search|10|QUESTION_SENT||1362|6c366a75-d793-45db-8012-ad73af53c05e
2026-03-23 00:00:06|gpt|web_search|11|QUESTION_SENT||1547|29c67ae4-2044-4785-b14b-3c2959caef25
2026-03-23 00:00:53|gpt|web_search|11|JSON_VERIFIED||1547|29c67ae4-2044-4785-b14b-3c2959caef25
2026-03-23 00:00:53|gpt|web_search|11|QUESTION|107|1547|29c67ae4-2044-4785-b14b-3c2959caef25
2026-03-23 00:00:53|gpt|web_search|11|JSON_SAVED||1547|29c67ae4-2044-4785-b14b-3c2959caef25
2026-03-23 00:00:53|gpt|web_search|11|QUESTION_ADVANCE||1548|4fc496e1-5834-4383-a5fb-4b1260d31300
2026-03-23 00:01:20|gpt|web_search|11|QUESTION_SENT||1548|4fc496e1-5834-4383-a5fb-4b1260d31300
2026-03-23 00:01:29|gpt|web_search|10|JSON_VERIFIED||1362|6c366a75-d793-45db-8012-ad73af53c05e
2026-03-23 00:01:29|gpt|web_search|10|QUESTION|51|1362|6c366a75-d793-45db-8012-ad73af53c05e
2026-03-23 00:01:29|gpt|web_search|10|JSON_SAVED||1362|6c366a75-d793-45db-8012-ad73af53c05e
2026-03-23 00:01:29|gpt|web_search|10|QUESTION_ADVANCE||1363|a60e5523-e295-433a-9efa-0d8600276510
2026-03-23 00:01:55|gpt|web_search|10|QUESTION_SENT||1363|a60e5523-e295-433a-9efa-0d8600276510
2026-03-23 00:02:10|gpt|web_search|11|JSON_VERIFIED||1548|4fc496e1-5834-4383-a5fb-4b1260d31300
2026-03-23 00:02:10|gpt|web_search|11|QUESTION|108|1548|4fc496e1-5834-4383-a5fb-4b1260d31300
2026-03-23 00:02:10|gpt|web_search|11|JSON_SAVED||1548|4fc496e1-5834-4383-a5fb-4b1260d31300
2026-03-23 00:02:10|gpt|web_search|11|QUESTION_ADVANCE||1549|72b13da7-d25d-4001-bde9-d39e9d440b36
2026-03-23 00:02:38|gpt|web_search|11|QUESTION_SENT||1549|72b13da7-d25d-4001-bde9-d39e9d440b36
2026-03-23 00:03:21|gpt|web_search|11|JSON_VERIFIED||1549|72b13da7-d25d-4001-bde9-d39e9d440b36
2026-03-23 00:03:21|gpt|web_search|11|QUESTION|109|1549|72b13da7-d25d-4001-bde9-d39e9d440b36
2026-03-23 00:03:21|gpt|web_search|11|JSON_SAVED||1549|72b13da7-d25d-4001-bde9-d39e9d440b36
2026-03-23 00:03:21|gpt|web_search|11|QUESTION_ADVANCE||1550|3c1bbeba-6735-4ee3-97d5-e639a6ebcf7c
2026-03-23 00:03:48|gpt|web_search|11|QUESTION_SENT||1550|3c1bbeba-6735-4ee3-97d5-e639a6ebcf7c
2026-03-23 00:04:27|gpt|web_search|10|QUESTION_SENT||1363|a60e5523-e295-433a-9efa-0d8600276510
2026-03-23 00:04:36|gpt|web_search|11|JSON_VERIFIED||1550|3c1bbeba-6735-4ee3-97d5-e639a6ebcf7c
2026-03-23 00:04:36|gpt|web_search|11|QUESTION|110|1550|3c1bbeba-6735-4ee3-97d5-e639a6ebcf7c
2026-03-23 00:04:36|gpt|web_search|11|JSON_SAVED||1550|3c1bbeba-6735-4ee3-97d5-e639a6ebcf7c
2026-03-23 00:04:36|gpt|web_search|11|QUESTION_ADVANCE||1551|512e728b-84bf-46aa-bb14-06bbdb028c27
2026-03-23 00:05:03|gpt|web_search|11|QUESTION_SENT||1551|512e728b-84bf-46aa-bb14-06bbdb028c27
2026-03-23 00:05:13|gpt|web_search|10|JSON_VERIFY_FAILED||1363|a60e5523-e295-433a-9efa-0d8600276510
2026-03-23 00:05:13|gpt|web_search|10|QUESTION|52|1363|a60e5523-e295-433a-9efa-0d8600276510
2026-03-23 00:05:41|gpt|web_search|10|QUESTION_SENT||1363|a60e5523-e295-433a-9efa-0d8600276510
2026-03-23 00:05:46|gpt|web_search|11|JSON_VERIFIED||1551|512e728b-84bf-46aa-bb14-06bbdb028c27
2026-03-23 00:05:46|gpt|web_search|11|QUESTION|111|1551|512e728b-84bf-46aa-bb14-06bbdb028c27
2026-03-23 00:05:46|gpt|web_search|11|JSON_SAVED||1551|512e728b-84bf-46aa-bb14-06bbdb028c27
2026-03-23 00:05:46|gpt|web_search|11|QUESTION_ADVANCE||1552|0b552361-87c0-4840-9e58-640eba93d9a6
2026-03-23 00:06:14|gpt|web_search|11|QUESTION_SENT||1552|0b552361-87c0-4840-9e58-640eba93d9a6
2026-03-23 00:06:59|gpt|web_search|11|JSON_VERIFIED||1552|0b552361-87c0-4840-9e58-640eba93d9a6
2026-03-23 00:06:59|gpt|web_search|11|QUESTION|112|1552|0b552361-87c0-4840-9e58-640eba93d9a6
2026-03-23 00:06:59|gpt|web_search|11|JSON_SAVED||1552|0b552361-87c0-4840-9e58-640eba93d9a6
2026-03-23 00:06:59|gpt|web_search|11|QUESTION_ADVANCE||1553|d3cb71a3-d3a2-4515-9450-8e75243ad2ad
2026-03-23 00:07:27|gpt|web_search|11|QUESTION_SENT||1553|d3cb71a3-d3a2-4515-9450-8e75243ad2ad
2026-03-23 00:07:38|gpt|web_search|10|JSON_VERIFIED||1363|a60e5523-e295-433a-9efa-0d8600276510
2026-03-23 00:07:38|gpt|web_search|10|QUESTION|53|1363|a60e5523-e295-433a-9efa-0d8600276510
2026-03-23 00:07:38|gpt|web_search|10|JSON_SAVED||1363|a60e5523-e295-433a-9efa-0d8600276510
2026-03-23 00:07:38|gpt|web_search|10|QUESTION_ADVANCE||1364|3cfd145a-a226-47be-b18c-0ad61473542c
2026-03-23 00:08:03|gpt|web_search|10|QUESTION_SENT||1364|3cfd145a-a226-47be-b18c-0ad61473542c
2026-03-23 00:08:14|gpt|web_search|11|JSON_VERIFIED||1553|d3cb71a3-d3a2-4515-9450-8e75243ad2ad
2026-03-23 00:08:14|gpt|web_search|11|QUESTION|113|1553|d3cb71a3-d3a2-4515-9450-8e75243ad2ad
2026-03-23 00:08:14|gpt|web_search|11|JSON_SAVED||1553|d3cb71a3-d3a2-4515-9450-8e75243ad2ad
2026-03-23 00:08:14|gpt|web_search|11|QUESTION_ADVANCE||1554|650bc1e1-dcbb-4b30-abd6-c5426cb2deb8
2026-03-23 00:08:42|gpt|web_search|11|QUESTION_SENT||1554|650bc1e1-dcbb-4b30-abd6-c5426cb2deb8
2026-03-23 00:09:32|gpt|web_search|11|JSON_VERIFIED||1554|650bc1e1-dcbb-4b30-abd6-c5426cb2deb8
2026-03-23 00:09:32|gpt|web_search|11|QUESTION|114|1554|650bc1e1-dcbb-4b30-abd6-c5426cb2deb8
2026-03-23 00:09:32|gpt|web_search|11|JSON_SAVED||1554|650bc1e1-dcbb-4b30-abd6-c5426cb2deb8
2026-03-23 00:09:32|gpt|web_search|11|QUESTION_ADVANCE||1555|f356e958-0724-410a-bf3a-272e0178ed67
2026-03-23 00:09:59|gpt|web_search|11|QUESTION_SENT||1555|f356e958-0724-410a-bf3a-272e0178ed67
2026-03-23 00:10:41|gpt|web_search|11|JSON_VERIFY_FAILED||1555|f356e958-0724-410a-bf3a-272e0178ed67
2026-03-23 00:10:41|gpt|web_search|11|QUESTION|115|1555|f356e958-0724-410a-bf3a-272e0178ed67
2026-03-23 00:10:50|gpt|web_search|11|QUESTION_SENT||1555|f356e958-0724-410a-bf3a-272e0178ed67
2026-03-23 00:11:23|gpt|web_search|11|JSON_VERIFY_FAILED||1555|f356e958-0724-410a-bf3a-272e0178ed67
2026-03-23 00:11:23|gpt|web_search|11|QUESTION|116|1555|f356e958-0724-410a-bf3a-272e0178ed67
2026-03-23 00:11:33|gpt|web_search|11|QUESTION_SENT||1555|f356e958-0724-410a-bf3a-272e0178ed67
2026-03-23 00:13:25|gpt|web_search|10|JSON_VERIFY_FAILED||1364|3cfd145a-a226-47be-b18c-0ad61473542c
2026-03-23 00:13:25|gpt|web_search|10|QUESTION|54|1364|3cfd145a-a226-47be-b18c-0ad61473542c
2026-03-23 00:13:34|gpt|web_search|10|QUESTION_SENT||1364|3cfd145a-a226-47be-b18c-0ad61473542c
2026-03-23 00:15:03|gpt|web_search|10|JSON_VERIFIED||1364|3cfd145a-a226-47be-b18c-0ad61473542c
2026-03-23 00:15:03|gpt|web_search|10|QUESTION|55|1364|3cfd145a-a226-47be-b18c-0ad61473542c
2026-03-23 00:15:03|gpt|web_search|10|JSON_SAVED||1364|3cfd145a-a226-47be-b18c-0ad61473542c
2026-03-23 00:15:03|gpt|web_search|10|QUESTION_ADVANCE||1365|01ea072e-17eb-4504-8e3e-1ca92f3f98d2
2026-03-23 00:15:29|gpt|web_search|10|QUESTION_SENT||1365|01ea072e-17eb-4504-8e3e-1ca92f3f98d2
2026-03-23 00:16:09|gpt|web_search|11|JSON_VERIFY_FAILED||1555|f356e958-0724-410a-bf3a-272e0178ed67
2026-03-23 00:16:09|gpt|web_search|11|QUESTION|117|1555|f356e958-0724-410a-bf3a-272e0178ed67
2026-03-23 00:16:18|gpt|web_search|11|QUESTION_SENT||1555|f356e958-0724-410a-bf3a-272e0178ed67
2026-03-23 00:16:48|gpt|web_search|11|JSON_VERIFY_FAILED||1555|f356e958-0724-410a-bf3a-272e0178ed67
2026-03-23 00:16:48|gpt|web_search|11|QUESTION|118|1555|f356e958-0724-410a-bf3a-272e0178ed67
2026-03-23 00:17:16|gpt|web_search|11|QUESTION_SENT||1555|f356e958-0724-410a-bf3a-272e0178ed67
2026-03-23 00:17:21|gpt|web_search|10|JSON_VERIFIED||1365|01ea072e-17eb-4504-8e3e-1ca92f3f98d2
2026-03-23 00:17:21|gpt|web_search|10|QUESTION|56|1365|01ea072e-17eb-4504-8e3e-1ca92f3f98d2
2026-03-23 00:17:21|gpt|web_search|10|JSON_SAVED||1365|01ea072e-17eb-4504-8e3e-1ca92f3f98d2
2026-03-23 00:17:21|gpt|web_search|10|QUESTION_ADVANCE||1366|1b74d8f2-f942-4de6-b032-4ed4ce6fe28c
2026-03-23 00:17:47|gpt|web_search|10|QUESTION_SENT||1366|1b74d8f2-f942-4de6-b032-4ed4ce6fe28c
2026-03-23 00:18:22|gpt|web_search|11|QUESTION_SENT||1555|f356e958-0724-410a-bf3a-272e0178ed67
2026-03-23 00:19:06|gpt|web_search|11|JSON_VERIFIED||1555|f356e958-0724-410a-bf3a-272e0178ed67
2026-03-23 00:19:06|gpt|web_search|11|QUESTION|119|1555|f356e958-0724-410a-bf3a-272e0178ed67
2026-03-23 00:19:06|gpt|web_search|11|JSON_SAVED||1555|f356e958-0724-410a-bf3a-272e0178ed67
2026-03-23 00:19:06|gpt|web_search|11|QUESTION_ADVANCE||1556|e9ec275e-66b9-417a-ba11-2bca70673e21
2026-03-23 00:19:21|gpt|web_search|10|JSON_VERIFIED||1366|1b74d8f2-f942-4de6-b032-4ed4ce6fe28c
2026-03-23 00:19:21|gpt|web_search|10|QUESTION|57|1366|1b74d8f2-f942-4de6-b032-4ed4ce6fe28c
2026-03-23 00:19:21|gpt|web_search|10|JSON_SAVED||1366|1b74d8f2-f942-4de6-b032-4ed4ce6fe28c
2026-03-23 00:19:21|gpt|web_search|10|QUESTION_ADVANCE||1367|c5fe512b-93ae-4a1c-983a-f388b03c6fbc
2026-03-23 00:19:34|gpt|web_search|11|QUESTION_SENT||1556|e9ec275e-66b9-417a-ba11-2bca70673e21
2026-03-23 00:19:47|gpt|web_search|10|QUESTION_SENT||1367|c5fe512b-93ae-4a1c-983a-f388b03c6fbc
2026-03-23 00:20:22|gpt|web_search|11|JSON_VERIFIED||1556|e9ec275e-66b9-417a-ba11-2bca70673e21
2026-03-23 00:20:22|gpt|web_search|11|QUESTION|120|1556|e9ec275e-66b9-417a-ba11-2bca70673e21
2026-03-23 00:20:22|gpt|web_search|11|JSON_SAVED||1556|e9ec275e-66b9-417a-ba11-2bca70673e21
2026-03-23 00:20:22|gpt|web_search|11|QUESTION_ADVANCE||1557|10bd2c33-3fd5-4989-a2f2-afb6dcbcbb5a
2026-03-23 00:20:50|gpt|web_search|11|QUESTION_SENT||1557|10bd2c33-3fd5-4989-a2f2-afb6dcbcbb5a
2026-03-23 00:21:11|gpt|web_search|10|JSON_VERIFIED||1367|c5fe512b-93ae-4a1c-983a-f388b03c6fbc
2026-03-23 00:21:11|gpt|web_search|10|QUESTION|58|1367|c5fe512b-93ae-4a1c-983a-f388b03c6fbc
2026-03-23 00:21:11|gpt|web_search|10|JSON_SAVED||1367|c5fe512b-93ae-4a1c-983a-f388b03c6fbc
2026-03-23 00:21:11|gpt|web_search|10|QUESTION_ADVANCE||1368|f4ff85de-4756-426b-9486-a612a87d580f
2026-03-23 00:21:37|gpt|web_search|10|QUESTION_SENT||1368|f4ff85de-4756-426b-9486-a612a87d580f
2026-03-23 00:21:38|gpt|web_search|11|JSON_VERIFY_FAILED||1557|10bd2c33-3fd5-4989-a2f2-afb6dcbcbb5a
2026-03-23 00:21:38|gpt|web_search|11|QUESTION|121|1557|10bd2c33-3fd5-4989-a2f2-afb6dcbcbb5a
2026-03-23 00:22:06|gpt|web_search|11|QUESTION_SENT||1557|10bd2c33-3fd5-4989-a2f2-afb6dcbcbb5a
2026-03-23 00:22:53|gpt|web_search|11|JSON_VERIFIED||1557|10bd2c33-3fd5-4989-a2f2-afb6dcbcbb5a
2026-03-23 00:22:53|gpt|web_search|11|QUESTION|122|1557|10bd2c33-3fd5-4989-a2f2-afb6dcbcbb5a
2026-03-23 00:22:53|gpt|web_search|11|JSON_SAVED||1557|10bd2c33-3fd5-4989-a2f2-afb6dcbcbb5a
2026-03-23 00:22:53|gpt|web_search|11|QUESTION_ADVANCE||1558|44a4ac7e-55ba-4722-ac6e-54578fcb8a02
2026-03-23 00:23:21|gpt|web_search|11|QUESTION_SENT||1558|44a4ac7e-55ba-4722-ac6e-54578fcb8a02
2026-03-23 00:23:42|gpt|web_search|10|JSON_VERIFIED||1368|f4ff85de-4756-426b-9486-a612a87d580f
2026-03-23 00:23:42|gpt|web_search|10|QUESTION|59|1368|f4ff85de-4756-426b-9486-a612a87d580f
2026-03-23 00:23:42|gpt|web_search|10|JSON_SAVED||1368|f4ff85de-4756-426b-9486-a612a87d580f
2026-03-23 00:23:42|gpt|web_search|10|QUESTION_ADVANCE||1369|61b9efb0-16db-44c6-80cc-774caaa9f99f
2026-03-23 00:24:05|gpt|web_search|11|JSON_VERIFIED||1558|44a4ac7e-55ba-4722-ac6e-54578fcb8a02
2026-03-23 00:24:05|gpt|web_search|11|QUESTION|123|1558|44a4ac7e-55ba-4722-ac6e-54578fcb8a02
2026-03-23 00:24:05|gpt|web_search|11|JSON_SAVED||1558|44a4ac7e-55ba-4722-ac6e-54578fcb8a02
2026-03-23 00:24:05|gpt|web_search|11|QUESTION_ADVANCE||1559|6b2a49ad-3ed5-49d5-9d89-283916b4113f
2026-03-23 00:24:08|gpt|web_search|10|QUESTION_SENT||1369|61b9efb0-16db-44c6-80cc-774caaa9f99f
2026-03-23 00:24:32|gpt|web_search|11|QUESTION_SENT||1559|6b2a49ad-3ed5-49d5-9d89-283916b4113f
2026-03-23 00:25:47|gpt|web_search|11|QUESTION_SENT||1559|6b2a49ad-3ed5-49d5-9d89-283916b4113f
2026-03-23 00:25:56|gpt|web_search|10|JSON_VERIFIED||1369|61b9efb0-16db-44c6-80cc-774caaa9f99f
2026-03-23 00:25:56|gpt|web_search|10|QUESTION|60|1369|61b9efb0-16db-44c6-80cc-774caaa9f99f
2026-03-23 00:25:56|gpt|web_search|10|JSON_SAVED||1369|61b9efb0-16db-44c6-80cc-774caaa9f99f
2026-03-23 00:25:56|gpt|web_search|10|QUESTION_ADVANCE||1370|b77d0768-5433-48f8-8ac0-204310fa0ad6
2026-03-23 00:26:22|gpt|web_search|10|QUESTION_SENT||1370|b77d0768-5433-48f8-8ac0-204310fa0ad6
2026-03-23 00:26:42|gpt|web_search|11|JSON_VERIFIED||1559|6b2a49ad-3ed5-49d5-9d89-283916b4113f
2026-03-23 00:26:42|gpt|web_search|11|QUESTION|124|1559|6b2a49ad-3ed5-49d5-9d89-283916b4113f
2026-03-23 00:26:42|gpt|web_search|11|JSON_SAVED||1559|6b2a49ad-3ed5-49d5-9d89-283916b4113f
2026-03-23 00:26:42|gpt|web_search|11|QUESTION_ADVANCE||1560|86298bc1-d498-4883-b0f3-78b2599f42c9
2026-03-23 00:27:08|gpt|web_search|11|QUESTION_SENT||1560|86298bc1-d498-4883-b0f3-78b2599f42c9
2026-03-23 00:27:55|gpt|web_search|11|JSON_VERIFIED||1560|86298bc1-d498-4883-b0f3-78b2599f42c9
2026-03-23 00:27:55|gpt|web_search|11|QUESTION|125|1560|86298bc1-d498-4883-b0f3-78b2599f42c9
2026-03-23 00:27:55|gpt|web_search|11|JSON_SAVED||1560|86298bc1-d498-4883-b0f3-78b2599f42c9
2026-03-23 00:27:55|gpt|web_search|11|QUESTION_ADVANCE||1561|53426148-ee38-4190-bc76-8803b2b24eab
2026-03-23 00:28:07|gpt|web_search|10|JSON_VERIFIED||1370|b77d0768-5433-48f8-8ac0-204310fa0ad6
2026-03-23 00:28:07|gpt|web_search|10|QUESTION|61|1370|b77d0768-5433-48f8-8ac0-204310fa0ad6
2026-03-23 00:28:07|gpt|web_search|10|JSON_SAVED||1370|b77d0768-5433-48f8-8ac0-204310fa0ad6
2026-03-23 00:28:07|gpt|web_search|10|QUESTION_ADVANCE||1371|9804a245-1f3d-47b5-a42b-9eee2de4750d
2026-03-23 00:28:23|gpt|web_search|11|QUESTION_SENT||1561|53426148-ee38-4190-bc76-8803b2b24eab
2026-03-23 00:28:33|gpt|web_search|10|QUESTION_SENT||1371|9804a245-1f3d-47b5-a42b-9eee2de4750d
2026-03-23 00:29:30|gpt|web_search|11|QUESTION_SENT||1561|53426148-ee38-4190-bc76-8803b2b24eab
2026-03-23 00:30:13|gpt|web_search|10|JSON_VERIFIED||1371|9804a245-1f3d-47b5-a42b-9eee2de4750d
2026-03-23 00:30:13|gpt|web_search|10|QUESTION|62|1371|9804a245-1f3d-47b5-a42b-9eee2de4750d
2026-03-23 00:30:13|gpt|web_search|10|JSON_SAVED||1371|9804a245-1f3d-47b5-a42b-9eee2de4750d
2026-03-23 00:30:13|gpt|web_search|10|QUESTION_ADVANCE||1372|f55a89e7-1dfb-43b6-b0f7-cfbe7d8a6ba4
2026-03-23 00:30:20|gpt|web_search|11|JSON_VERIFIED||1561|53426148-ee38-4190-bc76-8803b2b24eab
2026-03-23 00:30:20|gpt|web_search|11|QUESTION|126|1561|53426148-ee38-4190-bc76-8803b2b24eab
2026-03-23 00:30:20|gpt|web_search|11|JSON_SAVED||1561|53426148-ee38-4190-bc76-8803b2b24eab
2026-03-23 00:30:20|gpt|web_search|11|QUESTION_ADVANCE||1562|90ac71d5-108f-41a0-8e45-f74b66a0f44a
2026-03-23 00:30:38|gpt|web_search|10|QUESTION_SENT||1372|f55a89e7-1dfb-43b6-b0f7-cfbe7d8a6ba4
2026-03-23 00:30:48|gpt|web_search|11|QUESTION_SENT||1562|90ac71d5-108f-41a0-8e45-f74b66a0f44a
2026-03-23 00:31:55|gpt|web_search|11|QUESTION_SENT||1562|90ac71d5-108f-41a0-8e45-f74b66a0f44a
2026-03-23 00:32:01|gpt|web_search|10|JSON_VERIFIED||1372|f55a89e7-1dfb-43b6-b0f7-cfbe7d8a6ba4
2026-03-23 00:32:01|gpt|web_search|10|QUESTION|63|1372|f55a89e7-1dfb-43b6-b0f7-cfbe7d8a6ba4
2026-03-23 00:32:01|gpt|web_search|10|JSON_SAVED||1372|f55a89e7-1dfb-43b6-b0f7-cfbe7d8a6ba4
2026-03-23 00:32:01|gpt|web_search|10|QUESTION_ADVANCE||1373|2be3eb5c-5e35-4360-90ae-7f1a36b91cb3
2026-03-23 00:32:27|gpt|web_search|10|QUESTION_SENT||1373|2be3eb5c-5e35-4360-90ae-7f1a36b91cb3
2026-03-23 00:32:42|gpt|web_search|11|JSON_VERIFIED||1562|90ac71d5-108f-41a0-8e45-f74b66a0f44a
2026-03-23 00:32:42|gpt|web_search|11|QUESTION|127|1562|90ac71d5-108f-41a0-8e45-f74b66a0f44a
2026-03-23 00:32:42|gpt|web_search|11|JSON_SAVED||1562|90ac71d5-108f-41a0-8e45-f74b66a0f44a
2026-03-23 00:32:42|gpt|web_search|11|QUESTION_ADVANCE||1563|c361d044-d910-49e8-b3b0-8260b7828ef5
2026-03-23 00:33:10|gpt|web_search|11|QUESTION_SENT||1563|c361d044-d910-49e8-b3b0-8260b7828ef5
2026-03-23 00:33:52|gpt|web_search|10|JSON_VERIFIED||1373|2be3eb5c-5e35-4360-90ae-7f1a36b91cb3
2026-03-23 00:33:52|gpt|web_search|10|QUESTION|64|1373|2be3eb5c-5e35-4360-90ae-7f1a36b91cb3
2026-03-23 00:33:52|gpt|web_search|10|JSON_SAVED||1373|2be3eb5c-5e35-4360-90ae-7f1a36b91cb3
2026-03-23 00:33:52|gpt|web_search|10|QUESTION_ADVANCE||1374|f3b5b3b0-2259-460c-ada3-3f953b8f093f
2026-03-23 00:33:56|gpt|web_search|11|JSON_VERIFIED||1563|c361d044-d910-49e8-b3b0-8260b7828ef5
2026-03-23 00:33:56|gpt|web_search|11|QUESTION|128|1563|c361d044-d910-49e8-b3b0-8260b7828ef5
2026-03-23 00:33:56|gpt|web_search|11|JSON_SAVED||1563|c361d044-d910-49e8-b3b0-8260b7828ef5
2026-03-23 00:33:56|gpt|web_search|11|QUESTION_ADVANCE||1564|a74f0746-7f00-4fcf-8432-d4a49f6a1c47
2026-03-23 00:34:18|gpt|web_search|10|QUESTION_SENT||1374|f3b5b3b0-2259-460c-ada3-3f953b8f093f
2026-03-23 00:34:23|gpt|web_search|11|QUESTION_SENT||1564|a74f0746-7f00-4fcf-8432-d4a49f6a1c47
2026-03-23 00:35:03|gpt|web_search|11|JSON_VERIFIED||1564|a74f0746-7f00-4fcf-8432-d4a49f6a1c47
2026-03-23 00:35:03|gpt|web_search|11|QUESTION|129|1564|a74f0746-7f00-4fcf-8432-d4a49f6a1c47
2026-03-23 00:35:03|gpt|web_search|11|JSON_SAVED||1564|a74f0746-7f00-4fcf-8432-d4a49f6a1c47
2026-03-23 00:35:03|gpt|web_search|11|QUESTION_ADVANCE||1565|8348b736-61cb-4677-b035-b63f17449990
2026-03-23 00:35:31|gpt|web_search|11|QUESTION_SENT||1565|8348b736-61cb-4677-b035-b63f17449990
2026-03-23 00:35:54|gpt|web_search|10|JSON_VERIFIED||1374|f3b5b3b0-2259-460c-ada3-3f953b8f093f
2026-03-23 00:35:54|gpt|web_search|10|QUESTION|65|1374|f3b5b3b0-2259-460c-ada3-3f953b8f093f
2026-03-23 00:35:54|gpt|web_search|10|JSON_SAVED||1374|f3b5b3b0-2259-460c-ada3-3f953b8f093f
2026-03-23 00:35:54|gpt|web_search|10|QUESTION_ADVANCE||1375|36fd4e15-6a1d-4df1-a249-97b2b4010fce
2026-03-23 00:36:18|gpt|web_search|11|JSON_VERIFIED||1565|8348b736-61cb-4677-b035-b63f17449990
2026-03-23 00:36:18|gpt|web_search|11|QUESTION|130|1565|8348b736-61cb-4677-b035-b63f17449990
2026-03-23 00:36:18|gpt|web_search|11|JSON_SAVED||1565|8348b736-61cb-4677-b035-b63f17449990
2026-03-23 00:36:18|gpt|web_search|11|QUESTION_ADVANCE||1566|b37e4f68-643a-4bed-8e8c-0e987f8a0f8c
2026-03-23 00:36:20|gpt|web_search|10|QUESTION_SENT||1375|36fd4e15-6a1d-4df1-a249-97b2b4010fce
2026-03-23 00:36:45|gpt|web_search|11|QUESTION_SENT||1566|b37e4f68-643a-4bed-8e8c-0e987f8a0f8c
2026-03-23 00:37:32|gpt|web_search|11|JSON_VERIFIED||1566|b37e4f68-643a-4bed-8e8c-0e987f8a0f8c
2026-03-23 00:37:32|gpt|web_search|11|QUESTION|131|1566|b37e4f68-643a-4bed-8e8c-0e987f8a0f8c
2026-03-23 00:37:32|gpt|web_search|11|JSON_SAVED||1566|b37e4f68-643a-4bed-8e8c-0e987f8a0f8c
2026-03-23 00:37:32|gpt|web_search|11|QUESTION_ADVANCE||1567|d34dc785-a9be-4523-bef5-b099f87049c2
2026-03-23 00:38:00|gpt|web_search|11|QUESTION_SENT||1567|d34dc785-a9be-4523-bef5-b099f87049c2
2026-03-23 00:38:08|gpt|web_search|10|QUESTION_SENT||1375|36fd4e15-6a1d-4df1-a249-97b2b4010fce
2026-03-23 00:38:41|gpt|web_search|11|JSON_VERIFIED||1567|d34dc785-a9be-4523-bef5-b099f87049c2
2026-03-23 00:38:41|gpt|web_search|11|QUESTION|132|1567|d34dc785-a9be-4523-bef5-b099f87049c2
2026-03-23 00:38:41|gpt|web_search|11|JSON_SAVED||1567|d34dc785-a9be-4523-bef5-b099f87049c2
2026-03-23 00:38:41|gpt|web_search|11|QUESTION_ADVANCE||1568|93c6413a-b247-43fa-9c7c-d74e4241ee9f
2026-03-23 00:39:09|gpt|web_search|11|QUESTION_SENT||1568|93c6413a-b247-43fa-9c7c-d74e4241ee9f
2026-03-23 00:39:53|gpt|web_search|10|JSON_VERIFIED||1375|36fd4e15-6a1d-4df1-a249-97b2b4010fce
2026-03-23 00:39:53|gpt|web_search|10|QUESTION|66|1375|36fd4e15-6a1d-4df1-a249-97b2b4010fce
2026-03-23 00:39:53|gpt|web_search|10|JSON_SAVED||1375|36fd4e15-6a1d-4df1-a249-97b2b4010fce
2026-03-23 00:39:53|gpt|web_search|10|QUESTION_ADVANCE||1376|882e6cb8-4385-4a24-b940-3cfa70fd5074
2026-03-23 00:39:55|gpt|web_search|11|JSON_VERIFIED||1568|93c6413a-b247-43fa-9c7c-d74e4241ee9f
2026-03-23 00:39:55|gpt|web_search|11|QUESTION|133|1568|93c6413a-b247-43fa-9c7c-d74e4241ee9f
2026-03-23 00:39:55|gpt|web_search|11|JSON_SAVED||1568|93c6413a-b247-43fa-9c7c-d74e4241ee9f
2026-03-23 00:39:55|gpt|web_search|11|QUESTION_ADVANCE||1569|5db9e2aa-c1a5-4008-a789-8a98e62d228d
2026-03-23 00:40:19|gpt|web_search|10|QUESTION_SENT||1376|882e6cb8-4385-4a24-b940-3cfa70fd5074
2026-03-23 00:40:22|gpt|web_search|11|QUESTION_SENT||1569|5db9e2aa-c1a5-4008-a789-8a98e62d228d
2026-03-23 00:41:09|gpt|web_search|11|JSON_VERIFIED||1569|5db9e2aa-c1a5-4008-a789-8a98e62d228d
2026-03-23 00:41:09|gpt|web_search|11|QUESTION|134|1569|5db9e2aa-c1a5-4008-a789-8a98e62d228d
2026-03-23 00:41:09|gpt|web_search|11|JSON_SAVED||1569|5db9e2aa-c1a5-4008-a789-8a98e62d228d
2026-03-23 00:41:09|gpt|web_search|11|QUESTION_ADVANCE||1570|30532016-60ef-462f-9355-212868ead64a
2026-03-23 00:41:37|gpt|web_search|11|QUESTION_SENT||1570|30532016-60ef-462f-9355-212868ead64a
2026-03-23 00:41:52|gpt|web_search|10|JSON_VERIFIED||1376|882e6cb8-4385-4a24-b940-3cfa70fd5074
2026-03-23 00:41:52|gpt|web_search|10|QUESTION|67|1376|882e6cb8-4385-4a24-b940-3cfa70fd5074
2026-03-23 00:41:52|gpt|web_search|10|JSON_SAVED||1376|882e6cb8-4385-4a24-b940-3cfa70fd5074
2026-03-23 00:41:52|gpt|web_search|10|QUESTION_ADVANCE||1377|5bfb1b84-4e93-4db8-903e-e0f2be9214ba
2026-03-23 00:42:18|gpt|web_search|10|QUESTION_SENT||1377|5bfb1b84-4e93-4db8-903e-e0f2be9214ba
2026-03-23 00:42:21|gpt|web_search|11|JSON_VERIFY_FAILED||1570|30532016-60ef-462f-9355-212868ead64a
2026-03-23 00:42:21|gpt|web_search|11|QUESTION|135|1570|30532016-60ef-462f-9355-212868ead64a
2026-03-23 00:42:31|gpt|web_search|11|QUESTION_SENT||1570|30532016-60ef-462f-9355-212868ead64a
2026-03-23 00:43:07|gpt|web_search|11|JSON_VERIFIED||1570|30532016-60ef-462f-9355-212868ead64a
2026-03-23 00:43:07|gpt|web_search|11|QUESTION|136|1570|30532016-60ef-462f-9355-212868ead64a
2026-03-23 00:43:07|gpt|web_search|11|JSON_SAVED||1570|30532016-60ef-462f-9355-212868ead64a
2026-03-23 00:43:07|gpt|web_search|11|QUESTION_ADVANCE||1571|4c79b46d-340c-4664-b67f-dfdc23efcced
2026-03-23 00:43:34|gpt|web_search|11|QUESTION_SENT||1571|4c79b46d-340c-4664-b67f-dfdc23efcced
2026-03-23 00:43:50|gpt|web_search|10|JSON_VERIFIED||1377|5bfb1b84-4e93-4db8-903e-e0f2be9214ba
2026-03-23 00:43:50|gpt|web_search|10|QUESTION|68|1377|5bfb1b84-4e93-4db8-903e-e0f2be9214ba
2026-03-23 00:43:50|gpt|web_search|10|JSON_SAVED||1377|5bfb1b84-4e93-4db8-903e-e0f2be9214ba
2026-03-23 00:43:50|gpt|web_search|10|QUESTION_ADVANCE||1378|10bb0a00-0908-45ea-b98e-fcbf4343465c
2026-03-23 00:44:16|gpt|web_search|10|QUESTION_SENT||1378|10bb0a00-0908-45ea-b98e-fcbf4343465c
2026-03-23 00:44:22|gpt|web_search|11|JSON_VERIFIED||1571|4c79b46d-340c-4664-b67f-dfdc23efcced
2026-03-23 00:44:22|gpt|web_search|11|QUESTION|137|1571|4c79b46d-340c-4664-b67f-dfdc23efcced
2026-03-23 00:44:22|gpt|web_search|11|JSON_SAVED||1571|4c79b46d-340c-4664-b67f-dfdc23efcced
2026-03-23 00:44:22|gpt|web_search|11|QUESTION_ADVANCE||1572|753ab911-729e-4ec1-ad11-5e8f4bfda04b
2026-03-23 00:44:49|gpt|web_search|11|QUESTION_SENT||1572|753ab911-729e-4ec1-ad11-5e8f4bfda04b
2026-03-23 00:45:31|gpt|web_search|11|JSON_VERIFIED||1572|753ab911-729e-4ec1-ad11-5e8f4bfda04b
2026-03-23 00:45:31|gpt|web_search|11|QUESTION|138|1572|753ab911-729e-4ec1-ad11-5e8f4bfda04b
2026-03-23 00:45:31|gpt|web_search|11|JSON_SAVED||1572|753ab911-729e-4ec1-ad11-5e8f4bfda04b
2026-03-23 00:45:31|gpt|web_search|11|QUESTION_ADVANCE||1573|aabed273-6c3d-4f76-8ce8-b2271510cf3e
2026-03-23 00:45:51|gpt|web_search|10|JSON_VERIFIED||1378|10bb0a00-0908-45ea-b98e-fcbf4343465c
2026-03-23 00:45:51|gpt|web_search|10|QUESTION|69|1378|10bb0a00-0908-45ea-b98e-fcbf4343465c
2026-03-23 00:45:51|gpt|web_search|10|JSON_SAVED||1378|10bb0a00-0908-45ea-b98e-fcbf4343465c
2026-03-23 00:45:51|gpt|web_search|10|QUESTION_ADVANCE||1379|b934049f-bc32-48c4-b78b-b6e644d48eb0
2026-03-23 00:45:58|gpt|web_search|11|QUESTION_SENT||1573|aabed273-6c3d-4f76-8ce8-b2271510cf3e
2026-03-23 00:46:17|gpt|web_search|10|QUESTION_SENT||1379|b934049f-bc32-48c4-b78b-b6e644d48eb0
2026-03-23 00:46:37|gpt|web_search|11|JSON_VERIFIED||1573|aabed273-6c3d-4f76-8ce8-b2271510cf3e
2026-03-23 00:46:37|gpt|web_search|11|QUESTION|139|1573|aabed273-6c3d-4f76-8ce8-b2271510cf3e
2026-03-23 00:46:37|gpt|web_search|11|JSON_SAVED||1573|aabed273-6c3d-4f76-8ce8-b2271510cf3e
2026-03-23 00:46:37|gpt|web_search|11|QUESTION_ADVANCE||1574|671b7378-f7c9-457b-b735-aa9751b41e83
2026-03-23 00:47:04|gpt|web_search|11|QUESTION_SENT||1574|671b7378-f7c9-457b-b735-aa9751b41e83
2026-03-23 00:47:40|gpt|web_search|10|JSON_VERIFIED||1379|b934049f-bc32-48c4-b78b-b6e644d48eb0
2026-03-23 00:47:40|gpt|web_search|10|QUESTION|70|1379|b934049f-bc32-48c4-b78b-b6e644d48eb0
2026-03-23 00:47:40|gpt|web_search|10|JSON_SAVED||1379|b934049f-bc32-48c4-b78b-b6e644d48eb0
2026-03-23 00:47:40|gpt|web_search|10|QUESTION_ADVANCE||1380|93025943-34b5-4a90-a531-1b542c4089df
2026-03-23 00:47:50|gpt|web_search|11|JSON_VERIFIED||1574|671b7378-f7c9-457b-b735-aa9751b41e83
2026-03-23 00:47:50|gpt|web_search|11|QUESTION|140|1574|671b7378-f7c9-457b-b735-aa9751b41e83
2026-03-23 00:47:50|gpt|web_search|11|JSON_SAVED||1574|671b7378-f7c9-457b-b735-aa9751b41e83
2026-03-23 00:47:50|gpt|web_search|11|QUESTION_ADVANCE||1575|c07ccaf6-c993-462d-8d80-6154498cb535
2026-03-23 00:48:06|gpt|web_search|10|QUESTION_SENT||1380|93025943-34b5-4a90-a531-1b542c4089df
2026-03-23 00:48:18|gpt|web_search|11|QUESTION_SENT||1575|c07ccaf6-c993-462d-8d80-6154498cb535
2026-03-23 00:49:00|gpt|web_search|11|JSON_VERIFIED||1575|c07ccaf6-c993-462d-8d80-6154498cb535
2026-03-23 00:49:00|gpt|web_search|11|QUESTION|141|1575|c07ccaf6-c993-462d-8d80-6154498cb535
2026-03-23 00:49:00|gpt|web_search|11|JSON_SAVED||1575|c07ccaf6-c993-462d-8d80-6154498cb535
2026-03-23 00:49:01|gpt|web_search|11|STOP||1576|
2026-03-23 00:49:28|gpt|web_search|10|JSON_VERIFIED||1380|93025943-34b5-4a90-a531-1b542c4089df
2026-03-23 00:49:28|gpt|web_search|10|QUESTION|71|1380|93025943-34b5-4a90-a531-1b542c4089df
2026-03-23 00:49:28|gpt|web_search|10|JSON_SAVED||1380|93025943-34b5-4a90-a531-1b542c4089df
2026-03-23 00:49:28|gpt|web_search|10|QUESTION_ADVANCE||1381|a26f1ffd-e1c5-474a-8816-964aa274c255
2026-03-23 00:49:54|gpt|web_search|10|QUESTION_SENT||1381|a26f1ffd-e1c5-474a-8816-964aa274c255
2026-03-23 00:51:35|gpt|web_search|10|JSON_VERIFIED||1381|a26f1ffd-e1c5-474a-8816-964aa274c255
2026-03-23 00:51:35|gpt|web_search|10|QUESTION|72|1381|a26f1ffd-e1c5-474a-8816-964aa274c255
2026-03-23 00:51:35|gpt|web_search|10|JSON_SAVED||1381|a26f1ffd-e1c5-474a-8816-964aa274c255
2026-03-23 00:51:35|gpt|web_search|10|QUESTION_ADVANCE||1382|ae0575f1-d2bd-4a79-9442-96c400f68492
2026-03-23 00:52:01|gpt|web_search|10|QUESTION_SENT||1382|ae0575f1-d2bd-4a79-9442-96c400f68492
2026-03-23 00:53:41|gpt|web_search|10|JSON_VERIFY_FAILED||1382|ae0575f1-d2bd-4a79-9442-96c400f68492
2026-03-23 00:53:41|gpt|web_search|10|QUESTION|73|1382|ae0575f1-d2bd-4a79-9442-96c400f68492
2026-03-23 00:54:07|gpt|web_search|10|QUESTION_SENT||1382|ae0575f1-d2bd-4a79-9442-96c400f68492
2026-03-23 00:56:02|gpt|web_search|10|QUESTION_SENT||1382|ae0575f1-d2bd-4a79-9442-96c400f68492
2026-03-23 00:57:53|gpt|web_search|10|JSON_VERIFIED||1382|ae0575f1-d2bd-4a79-9442-96c400f68492
2026-03-23 00:57:53|gpt|web_search|10|QUESTION|74|1382|ae0575f1-d2bd-4a79-9442-96c400f68492
2026-03-23 00:57:53|gpt|web_search|10|JSON_SAVED||1382|ae0575f1-d2bd-4a79-9442-96c400f68492
2026-03-23 00:57:53|gpt|web_search|10|QUESTION_ADVANCE||1383|3863cc90-3ab9-4783-a841-9dbea0358ccf
2026-03-23 00:58:19|gpt|web_search|10|QUESTION_SENT||1383|3863cc90-3ab9-4783-a841-9dbea0358ccf
2026-03-23 01:00:40|gpt|web_search|10|QUESTION_SENT||1383|3863cc90-3ab9-4783-a841-9dbea0358ccf
2026-03-23 01:02:37|gpt|web_search|10|JSON_VERIFIED||1383|3863cc90-3ab9-4783-a841-9dbea0358ccf
2026-03-23 01:02:37|gpt|web_search|10|QUESTION|75|1383|3863cc90-3ab9-4783-a841-9dbea0358ccf
2026-03-23 01:02:37|gpt|web_search|10|JSON_SAVED||1383|3863cc90-3ab9-4783-a841-9dbea0358ccf
2026-03-23 01:02:37|gpt|web_search|10|QUESTION_ADVANCE||1384|fc1f8f15-69ed-4fee-9868-c5b5a78dc1bc
2026-03-23 01:03:03|gpt|web_search|10|QUESTION_SENT||1384|fc1f8f15-69ed-4fee-9868-c5b5a78dc1bc
2026-03-23 01:03:42|gpt|web_search|10|JSON_VERIFY_FAILED||1384|fc1f8f15-69ed-4fee-9868-c5b5a78dc1bc
2026-03-23 01:03:42|gpt|web_search|10|QUESTION|76|1384|fc1f8f15-69ed-4fee-9868-c5b5a78dc1bc
2026-03-23 01:03:51|gpt|web_search|10|QUESTION_SENT||1384|fc1f8f15-69ed-4fee-9868-c5b5a78dc1bc
2026-03-23 01:05:21|gpt|web_search|10|QUESTION_SENT||1384|fc1f8f15-69ed-4fee-9868-c5b5a78dc1bc
2026-03-23 01:07:38|gpt|web_search|10|JSON_VERIFIED||1384|fc1f8f15-69ed-4fee-9868-c5b5a78dc1bc
2026-03-23 01:07:38|gpt|web_search|10|QUESTION|77|1384|fc1f8f15-69ed-4fee-9868-c5b5a78dc1bc
2026-03-23 01:07:38|gpt|web_search|10|JSON_SAVED||1384|fc1f8f15-69ed-4fee-9868-c5b5a78dc1bc
2026-03-23 01:07:38|gpt|web_search|10|QUESTION_ADVANCE||1385|7669062b-abf9-4617-910d-c1685dfaf0ac
2026-03-23 01:08:04|gpt|web_search|10|QUESTION_SENT||1385|7669062b-abf9-4617-910d-c1685dfaf0ac
2026-03-23 01:09:22|gpt|web_search|10|JSON_VERIFIED||1385|7669062b-abf9-4617-910d-c1685dfaf0ac
2026-03-23 01:09:22|gpt|web_search|10|QUESTION|78|1385|7669062b-abf9-4617-910d-c1685dfaf0ac
2026-03-23 01:09:22|gpt|web_search|10|JSON_SAVED||1385|7669062b-abf9-4617-910d-c1685dfaf0ac
2026-03-23 01:09:22|gpt|web_search|10|QUESTION_ADVANCE||1386|6533c3a7-7de2-4e71-b41c-5b0b9ea51d73
2026-03-23 01:09:48|gpt|web_search|10|QUESTION_SENT||1386|6533c3a7-7de2-4e71-b41c-5b0b9ea51d73
2026-03-23 01:10:36|gpt|web_search|10|JSON_VERIFIED||1386|6533c3a7-7de2-4e71-b41c-5b0b9ea51d73
2026-03-23 01:10:36|gpt|web_search|10|QUESTION|79|1386|6533c3a7-7de2-4e71-b41c-5b0b9ea51d73
2026-03-23 01:10:36|gpt|web_search|10|JSON_SAVED||1386|6533c3a7-7de2-4e71-b41c-5b0b9ea51d73
2026-03-23 01:10:36|gpt|web_search|10|QUESTION_ADVANCE||1387|3dd39155-7b16-4281-86bf-e8c07ea11eb6
2026-03-23 01:11:04|gpt|web_search|10|QUESTION_SENT||1387|3dd39155-7b16-4281-86bf-e8c07ea11eb6
2026-03-23 01:11:30|gpt|web_search|10|JSON_VERIFY_FAILED||1387|3dd39155-7b16-4281-86bf-e8c07ea11eb6
2026-03-23 01:11:30|gpt|web_search|10|QUESTION|80|1387|3dd39155-7b16-4281-86bf-e8c07ea11eb6
2026-03-23 01:11:57|gpt|web_search|10|QUESTION_SENT||1387|3dd39155-7b16-4281-86bf-e8c07ea11eb6
2026-03-23 01:12:23|gpt|web_search|10|JSON_VERIFY_FAILED||1387|3dd39155-7b16-4281-86bf-e8c07ea11eb6
2026-03-23 01:12:23|gpt|web_search|10|QUESTION|81|1387|3dd39155-7b16-4281-86bf-e8c07ea11eb6
2026-03-23 01:12:33|gpt|web_search|10|QUESTION_SENT||1387|3dd39155-7b16-4281-86bf-e8c07ea11eb6
2026-03-23 01:13:19|gpt|web_search|10|QUESTION_SENT||1387|3dd39155-7b16-4281-86bf-e8c07ea11eb6
2026-03-23 01:13:52|gpt|web_search|10|JSON_VERIFIED||1387|3dd39155-7b16-4281-86bf-e8c07ea11eb6
2026-03-23 01:13:52|gpt|web_search|10|QUESTION|82|1387|3dd39155-7b16-4281-86bf-e8c07ea11eb6
2026-03-23 01:13:52|gpt|web_search|10|JSON_SAVED||1387|3dd39155-7b16-4281-86bf-e8c07ea11eb6
2026-03-23 01:13:52|gpt|web_search|10|QUESTION_ADVANCE||1388|cf741d4a-ae42-48d3-8392-935bf576e076
2026-03-23 01:14:19|gpt|web_search|10|QUESTION_SENT||1388|cf741d4a-ae42-48d3-8392-935bf576e076
2026-03-23 01:14:54|gpt|web_search|10|JSON_VERIFIED||1388|cf741d4a-ae42-48d3-8392-935bf576e076
2026-03-23 01:14:54|gpt|web_search|10|QUESTION|83|1388|cf741d4a-ae42-48d3-8392-935bf576e076
2026-03-23 01:14:54|gpt|web_search|10|JSON_SAVED||1388|cf741d4a-ae42-48d3-8392-935bf576e076
2026-03-23 01:14:54|gpt|web_search|10|QUESTION_ADVANCE||1389|9db17e0b-187e-45bf-8682-f9c530f3e3f9
2026-03-23 01:15:21|gpt|web_search|10|QUESTION_SENT||1389|9db17e0b-187e-45bf-8682-f9c530f3e3f9
2026-03-23 01:15:54|gpt|web_search|10|JSON_VERIFIED||1389|9db17e0b-187e-45bf-8682-f9c530f3e3f9
2026-03-23 01:15:54|gpt|web_search|10|QUESTION|84|1389|9db17e0b-187e-45bf-8682-f9c530f3e3f9
2026-03-23 01:15:54|gpt|web_search|10|JSON_SAVED||1389|9db17e0b-187e-45bf-8682-f9c530f3e3f9
2026-03-23 01:15:54|gpt|web_search|10|QUESTION_ADVANCE||1390|ada61afe-725d-4d58-b6df-d8b9b70df3b5
2026-03-23 01:16:22|gpt|web_search|10|QUESTION_SENT||1390|ada61afe-725d-4d58-b6df-d8b9b70df3b5
2026-03-23 01:16:52|gpt|web_search|10|JSON_VERIFY_FAILED||1390|ada61afe-725d-4d58-b6df-d8b9b70df3b5
2026-03-23 01:16:52|gpt|web_search|10|QUESTION|85|1390|ada61afe-725d-4d58-b6df-d8b9b70df3b5
2026-03-23 01:17:02|gpt|web_search|10|QUESTION_SENT||1390|ada61afe-725d-4d58-b6df-d8b9b70df3b5
2026-03-23 01:17:23|gpt|web_search|10|JSON_VERIFIED||1390|ada61afe-725d-4d58-b6df-d8b9b70df3b5
2026-03-23 01:17:23|gpt|web_search|10|QUESTION|86|1390|ada61afe-725d-4d58-b6df-d8b9b70df3b5
2026-03-23 01:17:23|gpt|web_search|10|JSON_SAVED||1390|ada61afe-725d-4d58-b6df-d8b9b70df3b5
2026-03-23 01:17:23|gpt|web_search|10|QUESTION_ADVANCE||1391|b0bed630-2644-4f53-9a52-bde12bcb9d03
2026-03-23 01:17:51|gpt|web_search|10|QUESTION_SENT||1391|b0bed630-2644-4f53-9a52-bde12bcb9d03
2026-03-23 01:18:25|gpt|web_search|10|JSON_VERIFIED||1391|b0bed630-2644-4f53-9a52-bde12bcb9d03
2026-03-23 01:18:25|gpt|web_search|10|QUESTION|87|1391|b0bed630-2644-4f53-9a52-bde12bcb9d03
2026-03-23 01:18:25|gpt|web_search|10|JSON_SAVED||1391|b0bed630-2644-4f53-9a52-bde12bcb9d03
2026-03-23 01:18:25|gpt|web_search|10|QUESTION_ADVANCE||1392|7cafdd75-1f31-4583-a4a8-cf448bb620a1
2026-03-23 01:18:53|gpt|web_search|10|QUESTION_SENT||1392|7cafdd75-1f31-4583-a4a8-cf448bb620a1
2026-03-23 01:19:28|gpt|web_search|10|JSON_VERIFIED||1392|7cafdd75-1f31-4583-a4a8-cf448bb620a1
2026-03-23 01:19:28|gpt|web_search|10|QUESTION|88|1392|7cafdd75-1f31-4583-a4a8-cf448bb620a1
2026-03-23 01:19:28|gpt|web_search|10|JSON_SAVED||1392|7cafdd75-1f31-4583-a4a8-cf448bb620a1
2026-03-23 01:19:28|gpt|web_search|10|QUESTION_ADVANCE||1393|5759ee0a-398b-4590-b842-3b843999cf70
2026-03-23 01:19:56|gpt|web_search|10|QUESTION_SENT||1393|5759ee0a-398b-4590-b842-3b843999cf70
2026-03-23 01:20:29|gpt|web_search|10|JSON_VERIFIED||1393|5759ee0a-398b-4590-b842-3b843999cf70
2026-03-23 01:20:29|gpt|web_search|10|QUESTION|89|1393|5759ee0a-398b-4590-b842-3b843999cf70
2026-03-23 01:20:29|gpt|web_search|10|JSON_SAVED||1393|5759ee0a-398b-4590-b842-3b843999cf70
2026-03-23 01:20:29|gpt|web_search|10|QUESTION_ADVANCE||1394|21e1a1d8-13c4-4bab-8825-b72ed18563c7
2026-03-23 01:20:56|gpt|web_search|10|QUESTION_SENT||1394|21e1a1d8-13c4-4bab-8825-b72ed18563c7
2026-03-23 01:21:29|gpt|web_search|10|JSON_VERIFIED||1394|21e1a1d8-13c4-4bab-8825-b72ed18563c7
2026-03-23 01:21:29|gpt|web_search|10|QUESTION|90|1394|21e1a1d8-13c4-4bab-8825-b72ed18563c7
2026-03-23 01:21:29|gpt|web_search|10|JSON_SAVED||1394|21e1a1d8-13c4-4bab-8825-b72ed18563c7
2026-03-23 01:21:29|gpt|web_search|10|QUESTION_ADVANCE||1395|6f52277f-f875-45af-b149-24296a04f03f
2026-03-23 01:21:57|gpt|web_search|10|QUESTION_SENT||1395|6f52277f-f875-45af-b149-24296a04f03f
2026-03-23 01:22:30|gpt|web_search|10|JSON_VERIFIED||1395|6f52277f-f875-45af-b149-24296a04f03f
2026-03-23 01:22:30|gpt|web_search|10|QUESTION|91|1395|6f52277f-f875-45af-b149-24296a04f03f
2026-03-23 01:22:30|gpt|web_search|10|JSON_SAVED||1395|6f52277f-f875-45af-b149-24296a04f03f
2026-03-23 01:22:30|gpt|web_search|10|QUESTION_ADVANCE||1396|b9c2aa11-b177-416e-9af9-9e9bb8802ff5
2026-03-23 01:22:57|gpt|web_search|10|QUESTION_SENT||1396|b9c2aa11-b177-416e-9af9-9e9bb8802ff5
2026-03-23 01:23:30|gpt|web_search|10|JSON_VERIFIED||1396|b9c2aa11-b177-416e-9af9-9e9bb8802ff5
2026-03-23 01:23:30|gpt|web_search|10|QUESTION|92|1396|b9c2aa11-b177-416e-9af9-9e9bb8802ff5
2026-03-23 01:23:30|gpt|web_search|10|JSON_SAVED||1396|b9c2aa11-b177-416e-9af9-9e9bb8802ff5
2026-03-23 01:23:30|gpt|web_search|10|QUESTION_ADVANCE||1397|a0fd0624-4b9e-410d-ac01-21da901b5a63
2026-03-23 01:23:58|gpt|web_search|10|QUESTION_SENT||1397|a0fd0624-4b9e-410d-ac01-21da901b5a63
2026-03-23 01:24:51|gpt|web_search|10|QUESTION_SENT||1397|a0fd0624-4b9e-410d-ac01-21da901b5a63
2026-03-23 01:25:27|gpt|web_search|10|JSON_VERIFIED||1397|a0fd0624-4b9e-410d-ac01-21da901b5a63
2026-03-23 01:25:27|gpt|web_search|10|QUESTION|93|1397|a0fd0624-4b9e-410d-ac01-21da901b5a63
2026-03-23 01:25:27|gpt|web_search|10|JSON_SAVED||1397|a0fd0624-4b9e-410d-ac01-21da901b5a63
2026-03-23 01:25:27|gpt|web_search|10|QUESTION_ADVANCE||1398|2f8adfae-c5d9-4880-aac3-251645408217
2026-03-23 01:25:54|gpt|web_search|10|QUESTION_SENT||1398|2f8adfae-c5d9-4880-aac3-251645408217
2026-03-23 01:26:27|gpt|web_search|10|JSON_VERIFIED||1398|2f8adfae-c5d9-4880-aac3-251645408217
2026-03-23 01:26:27|gpt|web_search|10|QUESTION|94|1398|2f8adfae-c5d9-4880-aac3-251645408217
2026-03-23 01:26:27|gpt|web_search|10|JSON_SAVED||1398|2f8adfae-c5d9-4880-aac3-251645408217
2026-03-23 01:26:27|gpt|web_search|10|QUESTION_ADVANCE||1399|cf50ae64-f9a6-4821-8ede-ecacc4568ba3
2026-03-23 01:26:55|gpt|web_search|10|QUESTION_SENT||1399|cf50ae64-f9a6-4821-8ede-ecacc4568ba3
2026-03-23 01:27:54|gpt|web_search|10|QUESTION_SENT||1399|cf50ae64-f9a6-4821-8ede-ecacc4568ba3
2026-03-23 01:28:24|gpt|web_search|10|JSON_VERIFY_FAILED||1399|cf50ae64-f9a6-4821-8ede-ecacc4568ba3
2026-03-23 01:28:24|gpt|web_search|10|QUESTION|95|1399|cf50ae64-f9a6-4821-8ede-ecacc4568ba3
2026-03-23 01:28:34|gpt|web_search|10|QUESTION_SENT||1399|cf50ae64-f9a6-4821-8ede-ecacc4568ba3
2026-03-23 01:28:59|gpt|web_search|10|JSON_VERIFIED||1399|cf50ae64-f9a6-4821-8ede-ecacc4568ba3
2026-03-23 01:28:59|gpt|web_search|10|QUESTION|96|1399|cf50ae64-f9a6-4821-8ede-ecacc4568ba3
2026-03-23 01:28:59|gpt|web_search|10|JSON_SAVED||1399|cf50ae64-f9a6-4821-8ede-ecacc4568ba3
2026-03-23 01:28:59|gpt|web_search|10|QUESTION_ADVANCE||1400|c022ad59-b93b-4027-bcb5-e928d3c89bce
2026-03-23 01:29:27|gpt|web_search|10|QUESTION_SENT||1400|c022ad59-b93b-4027-bcb5-e928d3c89bce
2026-03-23 01:30:01|gpt|web_search|10|JSON_VERIFIED||1400|c022ad59-b93b-4027-bcb5-e928d3c89bce
2026-03-23 01:30:01|gpt|web_search|10|QUESTION|97|1400|c022ad59-b93b-4027-bcb5-e928d3c89bce
2026-03-23 01:30:01|gpt|web_search|10|JSON_SAVED||1400|c022ad59-b93b-4027-bcb5-e928d3c89bce
2026-03-23 01:30:01|gpt|web_search|10|QUESTION_ADVANCE||1401|fc2e961a-b5b7-4ec2-a98b-039ced715a51
2026-03-23 01:30:29|gpt|web_search|10|QUESTION_SENT||1401|fc2e961a-b5b7-4ec2-a98b-039ced715a51
2026-03-23 01:31:06|gpt|web_search|10|JSON_VERIFIED||1401|fc2e961a-b5b7-4ec2-a98b-039ced715a51
2026-03-23 01:31:06|gpt|web_search|10|QUESTION|98|1401|fc2e961a-b5b7-4ec2-a98b-039ced715a51
2026-03-23 01:31:06|gpt|web_search|10|JSON_SAVED||1401|fc2e961a-b5b7-4ec2-a98b-039ced715a51
2026-03-23 01:31:06|gpt|web_search|10|QUESTION_ADVANCE||1402|de5588fc-882e-49bd-b81f-21c604d0d1a1
2026-03-23 01:31:34|gpt|web_search|10|QUESTION_SENT||1402|de5588fc-882e-49bd-b81f-21c604d0d1a1
2026-03-23 01:32:11|gpt|web_search|10|JSON_VERIFIED||1402|de5588fc-882e-49bd-b81f-21c604d0d1a1
2026-03-23 01:32:11|gpt|web_search|10|QUESTION|99|1402|de5588fc-882e-49bd-b81f-21c604d0d1a1
2026-03-23 01:32:11|gpt|web_search|10|JSON_SAVED||1402|de5588fc-882e-49bd-b81f-21c604d0d1a1
2026-03-23 01:32:11|gpt|web_search|10|QUESTION_ADVANCE||1403|7e0eae17-56d9-49a5-a35d-37d046b2a16b
2026-03-23 01:32:38|gpt|web_search|10|QUESTION_SENT||1403|7e0eae17-56d9-49a5-a35d-37d046b2a16b
2026-03-23 01:33:10|gpt|web_search|10|JSON_VERIFIED||1403|7e0eae17-56d9-49a5-a35d-37d046b2a16b
2026-03-23 01:33:10|gpt|web_search|10|QUESTION|100|1403|7e0eae17-56d9-49a5-a35d-37d046b2a16b
2026-03-23 01:33:10|gpt|web_search|10|JSON_SAVED||1403|7e0eae17-56d9-49a5-a35d-37d046b2a16b
2026-03-23 01:33:10|gpt|web_search|10|QUESTION_ADVANCE||1404|83bb49f9-fa0d-4a51-ba44-bcf7e63505d3
2026-03-23 01:33:37|gpt|web_search|10|QUESTION_SENT||1404|83bb49f9-fa0d-4a51-ba44-bcf7e63505d3
2026-03-23 01:34:10|gpt|web_search|10|JSON_VERIFIED||1404|83bb49f9-fa0d-4a51-ba44-bcf7e63505d3
2026-03-23 01:34:10|gpt|web_search|10|QUESTION|101|1404|83bb49f9-fa0d-4a51-ba44-bcf7e63505d3
2026-03-23 01:34:10|gpt|web_search|10|JSON_SAVED||1404|83bb49f9-fa0d-4a51-ba44-bcf7e63505d3
2026-03-23 01:34:10|gpt|web_search|10|QUESTION_ADVANCE||1405|f8ca4ac2-485d-4a4b-9bdc-460f06f2b2eb
2026-03-23 01:34:38|gpt|web_search|10|QUESTION_SENT||1405|f8ca4ac2-485d-4a4b-9bdc-460f06f2b2eb
2026-03-23 01:35:11|gpt|web_search|10|JSON_VERIFIED||1405|f8ca4ac2-485d-4a4b-9bdc-460f06f2b2eb
2026-03-23 01:35:11|gpt|web_search|10|QUESTION|102|1405|f8ca4ac2-485d-4a4b-9bdc-460f06f2b2eb
2026-03-23 01:35:11|gpt|web_search|10|JSON_SAVED||1405|f8ca4ac2-485d-4a4b-9bdc-460f06f2b2eb
2026-03-23 01:35:11|gpt|web_search|10|QUESTION_ADVANCE||1406|206e1a2c-7a3f-4b47-9cd9-1a664de193cb
2026-03-23 01:35:38|gpt|web_search|10|QUESTION_SENT||1406|206e1a2c-7a3f-4b47-9cd9-1a664de193cb
2026-03-23 01:36:13|gpt|web_search|10|JSON_VERIFIED||1406|206e1a2c-7a3f-4b47-9cd9-1a664de193cb
2026-03-23 01:36:13|gpt|web_search|10|QUESTION|103|1406|206e1a2c-7a3f-4b47-9cd9-1a664de193cb
2026-03-23 01:36:13|gpt|web_search|10|JSON_SAVED||1406|206e1a2c-7a3f-4b47-9cd9-1a664de193cb
2026-03-23 01:36:13|gpt|web_search|10|QUESTION_ADVANCE||1407|96ca68b5-1505-4f26-9445-806ea45812a8
2026-03-23 01:36:40|gpt|web_search|10|QUESTION_SENT||1407|96ca68b5-1505-4f26-9445-806ea45812a8
2026-03-23 01:37:15|gpt|web_search|10|JSON_VERIFIED||1407|96ca68b5-1505-4f26-9445-806ea45812a8
2026-03-23 01:37:15|gpt|web_search|10|QUESTION|104|1407|96ca68b5-1505-4f26-9445-806ea45812a8
2026-03-23 01:37:15|gpt|web_search|10|JSON_SAVED||1407|96ca68b5-1505-4f26-9445-806ea45812a8
2026-03-23 01:37:15|gpt|web_search|10|QUESTION_ADVANCE||1408|13ebac8f-21e8-4813-ab24-44dbe1c3d7ed
2026-03-23 01:37:42|gpt|web_search|10|QUESTION_SENT||1408|13ebac8f-21e8-4813-ab24-44dbe1c3d7ed
2026-03-23 01:38:17|gpt|web_search|10|JSON_VERIFIED||1408|13ebac8f-21e8-4813-ab24-44dbe1c3d7ed
2026-03-23 01:38:17|gpt|web_search|10|QUESTION|105|1408|13ebac8f-21e8-4813-ab24-44dbe1c3d7ed
2026-03-23 01:38:17|gpt|web_search|10|JSON_SAVED||1408|13ebac8f-21e8-4813-ab24-44dbe1c3d7ed
2026-03-23 01:38:17|gpt|web_search|10|QUESTION_ADVANCE||1409|5fdf56c4-0c3c-4140-8d3c-c07aae6888ea
2026-03-23 01:38:44|gpt|web_search|10|QUESTION_SENT||1409|5fdf56c4-0c3c-4140-8d3c-c07aae6888ea
2026-03-23 01:39:17|gpt|web_search|10|JSON_VERIFIED||1409|5fdf56c4-0c3c-4140-8d3c-c07aae6888ea
2026-03-23 01:39:17|gpt|web_search|10|QUESTION|106|1409|5fdf56c4-0c3c-4140-8d3c-c07aae6888ea
2026-03-23 01:39:17|gpt|web_search|10|JSON_SAVED||1409|5fdf56c4-0c3c-4140-8d3c-c07aae6888ea
2026-03-23 01:39:17|gpt|web_search|10|QUESTION_ADVANCE||1410|f6b855a2-0b78-456c-9f98-57e98678642d
2026-03-23 01:39:45|gpt|web_search|10|QUESTION_SENT||1410|f6b855a2-0b78-456c-9f98-57e98678642d
2026-03-23 01:40:19|gpt|web_search|10|JSON_VERIFIED||1410|f6b855a2-0b78-456c-9f98-57e98678642d
2026-03-23 01:40:19|gpt|web_search|10|QUESTION|107|1410|f6b855a2-0b78-456c-9f98-57e98678642d
2026-03-23 01:40:19|gpt|web_search|10|JSON_SAVED||1410|f6b855a2-0b78-456c-9f98-57e98678642d
2026-03-23 01:40:19|gpt|web_search|10|QUESTION_ADVANCE||1411|367ab2a5-fa5d-4e49-bb20-e8bf9f7fae62
2026-03-23 01:40:47|gpt|web_search|10|QUESTION_SENT||1411|367ab2a5-fa5d-4e49-bb20-e8bf9f7fae62
2026-03-23 01:41:25|gpt|web_search|10|JSON_VERIFIED||1411|367ab2a5-fa5d-4e49-bb20-e8bf9f7fae62
2026-03-23 01:41:25|gpt|web_search|10|QUESTION|108|1411|367ab2a5-fa5d-4e49-bb20-e8bf9f7fae62
2026-03-23 01:41:25|gpt|web_search|10|JSON_SAVED||1411|367ab2a5-fa5d-4e49-bb20-e8bf9f7fae62
2026-03-23 01:41:25|gpt|web_search|10|QUESTION_ADVANCE||1412|7d56e26b-da16-45d5-bc52-8da2f858be54
2026-03-23 01:41:53|gpt|web_search|10|QUESTION_SENT||1412|7d56e26b-da16-45d5-bc52-8da2f858be54
2026-03-23 01:42:26|gpt|web_search|10|JSON_VERIFIED||1412|7d56e26b-da16-45d5-bc52-8da2f858be54
2026-03-23 01:42:26|gpt|web_search|10|QUESTION|109|1412|7d56e26b-da16-45d5-bc52-8da2f858be54
2026-03-23 01:42:26|gpt|web_search|10|JSON_SAVED||1412|7d56e26b-da16-45d5-bc52-8da2f858be54
2026-03-23 01:42:26|gpt|web_search|10|QUESTION_ADVANCE||1413|cdfe81d0-3269-473d-be6c-301064417a96
2026-03-23 01:42:53|gpt|web_search|10|QUESTION_SENT||1413|cdfe81d0-3269-473d-be6c-301064417a96
2026-03-23 01:43:28|gpt|web_search|10|JSON_VERIFIED||1413|cdfe81d0-3269-473d-be6c-301064417a96
2026-03-23 01:43:28|gpt|web_search|10|QUESTION|110|1413|cdfe81d0-3269-473d-be6c-301064417a96
2026-03-23 01:43:28|gpt|web_search|10|JSON_SAVED||1413|cdfe81d0-3269-473d-be6c-301064417a96
2026-03-23 01:43:28|gpt|web_search|10|QUESTION_ADVANCE||1414|04e5fb12-49d6-47c8-b036-dcff653adb6a
2026-03-23 01:43:55|gpt|web_search|10|QUESTION_SENT||1414|04e5fb12-49d6-47c8-b036-dcff653adb6a
2026-03-23 01:44:30|gpt|web_search|10|JSON_VERIFIED||1414|04e5fb12-49d6-47c8-b036-dcff653adb6a
2026-03-23 01:44:30|gpt|web_search|10|QUESTION|111|1414|04e5fb12-49d6-47c8-b036-dcff653adb6a
2026-03-23 01:44:30|gpt|web_search|10|JSON_SAVED||1414|04e5fb12-49d6-47c8-b036-dcff653adb6a
2026-03-23 01:44:30|gpt|web_search|10|QUESTION_ADVANCE||1415|8138b8e0-fce1-4b68-b6ca-21dbba5681a4
2026-03-23 01:44:57|gpt|web_search|10|QUESTION_SENT||1415|8138b8e0-fce1-4b68-b6ca-21dbba5681a4
2026-03-23 01:45:32|gpt|web_search|10|JSON_VERIFIED||1415|8138b8e0-fce1-4b68-b6ca-21dbba5681a4
2026-03-23 01:45:32|gpt|web_search|10|QUESTION|112|1415|8138b8e0-fce1-4b68-b6ca-21dbba5681a4
2026-03-23 01:45:32|gpt|web_search|10|JSON_SAVED||1415|8138b8e0-fce1-4b68-b6ca-21dbba5681a4
2026-03-23 01:45:32|gpt|web_search|10|QUESTION_ADVANCE||1416|e5fb0543-64ec-4c73-985d-8558f076c668
2026-03-23 01:45:59|gpt|web_search|10|QUESTION_SENT||1416|e5fb0543-64ec-4c73-985d-8558f076c668
2026-03-23 01:46:33|gpt|web_search|10|JSON_VERIFIED||1416|e5fb0543-64ec-4c73-985d-8558f076c668
2026-03-23 01:46:33|gpt|web_search|10|QUESTION|113|1416|e5fb0543-64ec-4c73-985d-8558f076c668
2026-03-23 01:46:33|gpt|web_search|10|JSON_SAVED||1416|e5fb0543-64ec-4c73-985d-8558f076c668
2026-03-23 01:46:33|gpt|web_search|10|QUESTION_ADVANCE||1417|7cb48845-f198-4461-ba2a-966a1d89a9f4
2026-03-23 01:47:01|gpt|web_search|10|QUESTION_SENT||1417|7cb48845-f198-4461-ba2a-966a1d89a9f4
2026-03-23 01:47:33|gpt|web_search|10|JSON_VERIFIED||1417|7cb48845-f198-4461-ba2a-966a1d89a9f4
2026-03-23 01:47:33|gpt|web_search|10|QUESTION|114|1417|7cb48845-f198-4461-ba2a-966a1d89a9f4
2026-03-23 01:47:33|gpt|web_search|10|JSON_SAVED||1417|7cb48845-f198-4461-ba2a-966a1d89a9f4
2026-03-23 01:47:33|gpt|web_search|10|QUESTION_ADVANCE||1418|0534715c-7f55-4f9e-a558-cb905aeaf573
2026-03-23 01:48:00|gpt|web_search|10|QUESTION_SENT||1418|0534715c-7f55-4f9e-a558-cb905aeaf573
2026-03-23 01:48:32|gpt|web_search|10|JSON_VERIFIED||1418|0534715c-7f55-4f9e-a558-cb905aeaf573
2026-03-23 01:48:32|gpt|web_search|10|QUESTION|115|1418|0534715c-7f55-4f9e-a558-cb905aeaf573
2026-03-23 01:48:32|gpt|web_search|10|JSON_SAVED||1418|0534715c-7f55-4f9e-a558-cb905aeaf573
2026-03-23 01:48:32|gpt|web_search|10|QUESTION_ADVANCE||1419|a7acc513-cf03-496a-a73c-6b919446d0df
2026-03-23 01:48:59|gpt|web_search|10|QUESTION_SENT||1419|a7acc513-cf03-496a-a73c-6b919446d0df
2026-03-23 01:49:35|gpt|web_search|10|JSON_VERIFIED||1419|a7acc513-cf03-496a-a73c-6b919446d0df
2026-03-23 01:49:35|gpt|web_search|10|QUESTION|116|1419|a7acc513-cf03-496a-a73c-6b919446d0df
2026-03-23 01:49:35|gpt|web_search|10|JSON_SAVED||1419|a7acc513-cf03-496a-a73c-6b919446d0df
2026-03-23 01:49:35|gpt|web_search|10|QUESTION_ADVANCE||1420|100c5845-877d-4dea-9fe6-f0619edff48e
2026-03-23 01:50:03|gpt|web_search|10|QUESTION_SENT||1420|100c5845-877d-4dea-9fe6-f0619edff48e
2026-03-23 01:50:35|gpt|web_search|10|JSON_VERIFIED||1420|100c5845-877d-4dea-9fe6-f0619edff48e
2026-03-23 01:50:35|gpt|web_search|10|QUESTION|117|1420|100c5845-877d-4dea-9fe6-f0619edff48e
2026-03-23 01:50:35|gpt|web_search|10|JSON_SAVED||1420|100c5845-877d-4dea-9fe6-f0619edff48e
2026-03-23 01:50:35|gpt|web_search|10|QUESTION_ADVANCE||1421|ffc69d79-e0d0-4e4f-8448-bbb05ac111ec
2026-03-23 01:51:03|gpt|web_search|10|QUESTION_SENT||1421|ffc69d79-e0d0-4e4f-8448-bbb05ac111ec
2026-03-23 01:51:36|gpt|web_search|10|JSON_VERIFIED||1421|ffc69d79-e0d0-4e4f-8448-bbb05ac111ec
2026-03-23 01:51:36|gpt|web_search|10|QUESTION|118|1421|ffc69d79-e0d0-4e4f-8448-bbb05ac111ec
2026-03-23 01:51:36|gpt|web_search|10|JSON_SAVED||1421|ffc69d79-e0d0-4e4f-8448-bbb05ac111ec
2026-03-23 01:51:36|gpt|web_search|10|QUESTION_ADVANCE||1422|8717d2bc-025d-4f12-9e6a-c9d4bd1ce02a
2026-03-23 01:52:04|gpt|web_search|10|QUESTION_SENT||1422|8717d2bc-025d-4f12-9e6a-c9d4bd1ce02a
2026-03-23 01:52:36|gpt|web_search|10|JSON_VERIFY_FAILED||1422|8717d2bc-025d-4f12-9e6a-c9d4bd1ce02a
2026-03-23 01:52:36|gpt|web_search|10|QUESTION|119|1422|8717d2bc-025d-4f12-9e6a-c9d4bd1ce02a
2026-03-23 01:53:04|gpt|web_search|10|QUESTION_SENT||1422|8717d2bc-025d-4f12-9e6a-c9d4bd1ce02a
2026-03-23 01:53:41|gpt|web_search|10|JSON_VERIFIED||1422|8717d2bc-025d-4f12-9e6a-c9d4bd1ce02a
2026-03-23 01:53:41|gpt|web_search|10|QUESTION|120|1422|8717d2bc-025d-4f12-9e6a-c9d4bd1ce02a
2026-03-23 01:53:41|gpt|web_search|10|JSON_SAVED||1422|8717d2bc-025d-4f12-9e6a-c9d4bd1ce02a
2026-03-23 01:53:41|gpt|web_search|10|QUESTION_ADVANCE||1423|b8cdd16d-6bf9-47d7-b091-8fa03268595e
2026-03-23 01:54:09|gpt|web_search|10|QUESTION_SENT||1423|b8cdd16d-6bf9-47d7-b091-8fa03268595e
2026-03-23 01:54:42|gpt|web_search|10|JSON_VERIFIED||1423|b8cdd16d-6bf9-47d7-b091-8fa03268595e
2026-03-23 01:54:42|gpt|web_search|10|QUESTION|121|1423|b8cdd16d-6bf9-47d7-b091-8fa03268595e
2026-03-23 01:54:42|gpt|web_search|10|JSON_SAVED||1423|b8cdd16d-6bf9-47d7-b091-8fa03268595e
2026-03-23 01:54:42|gpt|web_search|10|QUESTION_ADVANCE||1424|dbf5fe9a-db15-4f2c-ab77-25e8c2373bf5
2026-03-23 01:55:09|gpt|web_search|10|QUESTION_SENT||1424|dbf5fe9a-db15-4f2c-ab77-25e8c2373bf5
2026-03-23 01:55:42|gpt|web_search|10|JSON_VERIFIED||1424|dbf5fe9a-db15-4f2c-ab77-25e8c2373bf5
2026-03-23 01:55:42|gpt|web_search|10|QUESTION|122|1424|dbf5fe9a-db15-4f2c-ab77-25e8c2373bf5
2026-03-23 01:55:42|gpt|web_search|10|JSON_SAVED||1424|dbf5fe9a-db15-4f2c-ab77-25e8c2373bf5
2026-03-23 01:55:42|gpt|web_search|10|QUESTION_ADVANCE||1425|69c875ef-f391-4fc9-9830-b33066f1f529
2026-03-23 01:56:10|gpt|web_search|10|QUESTION_SENT||1425|69c875ef-f391-4fc9-9830-b33066f1f529
2026-03-23 01:56:41|gpt|web_search|10|JSON_VERIFIED||1425|69c875ef-f391-4fc9-9830-b33066f1f529
2026-03-23 01:56:41|gpt|web_search|10|QUESTION|123|1425|69c875ef-f391-4fc9-9830-b33066f1f529
2026-03-23 01:56:41|gpt|web_search|10|JSON_SAVED||1425|69c875ef-f391-4fc9-9830-b33066f1f529
2026-03-23 01:56:41|gpt|web_search|10|QUESTION_ADVANCE||1426|c67ba8c6-9a64-4622-8dbf-d182ea545a5a
2026-03-23 01:57:09|gpt|web_search|10|QUESTION_SENT||1426|c67ba8c6-9a64-4622-8dbf-d182ea545a5a
2026-03-23 01:57:42|gpt|web_search|10|JSON_VERIFIED||1426|c67ba8c6-9a64-4622-8dbf-d182ea545a5a
2026-03-23 01:57:42|gpt|web_search|10|QUESTION|124|1426|c67ba8c6-9a64-4622-8dbf-d182ea545a5a
2026-03-23 01:57:42|gpt|web_search|10|JSON_SAVED||1426|c67ba8c6-9a64-4622-8dbf-d182ea545a5a
2026-03-23 01:57:42|gpt|web_search|10|QUESTION_ADVANCE||1427|93bdcc49-8a24-40e3-a677-6a007608f51e
2026-03-23 01:58:09|gpt|web_search|10|QUESTION_SENT||1427|93bdcc49-8a24-40e3-a677-6a007608f51e
2026-03-23 01:58:42|gpt|web_search|10|JSON_VERIFIED||1427|93bdcc49-8a24-40e3-a677-6a007608f51e
2026-03-23 01:58:42|gpt|web_search|10|QUESTION|125|1427|93bdcc49-8a24-40e3-a677-6a007608f51e
2026-03-23 01:58:42|gpt|web_search|10|JSON_SAVED||1427|93bdcc49-8a24-40e3-a677-6a007608f51e
2026-03-23 01:58:42|gpt|web_search|10|QUESTION_ADVANCE||1428|8b3757e6-5ecb-4ec2-bd41-c0c653cb1ba3
2026-03-23 01:59:10|gpt|web_search|10|QUESTION_SENT||1428|8b3757e6-5ecb-4ec2-bd41-c0c653cb1ba3
2026-03-23 01:59:44|gpt|web_search|10|JSON_VERIFIED||1428|8b3757e6-5ecb-4ec2-bd41-c0c653cb1ba3
2026-03-23 01:59:44|gpt|web_search|10|QUESTION|126|1428|8b3757e6-5ecb-4ec2-bd41-c0c653cb1ba3
2026-03-23 01:59:44|gpt|web_search|10|JSON_SAVED||1428|8b3757e6-5ecb-4ec2-bd41-c0c653cb1ba3
2026-03-23 01:59:44|gpt|web_search|10|QUESTION_ADVANCE||1429|2c27b246-d52d-46a6-b9cf-a399444d18b5
2026-03-23 02:00:12|gpt|web_search|10|QUESTION_SENT||1429|2c27b246-d52d-46a6-b9cf-a399444d18b5
2026-03-23 02:00:46|gpt|web_search|10|JSON_VERIFIED||1429|2c27b246-d52d-46a6-b9cf-a399444d18b5
2026-03-23 02:00:46|gpt|web_search|10|QUESTION|127|1429|2c27b246-d52d-46a6-b9cf-a399444d18b5
2026-03-23 02:00:46|gpt|web_search|10|JSON_SAVED||1429|2c27b246-d52d-46a6-b9cf-a399444d18b5
2026-03-23 02:00:46|gpt|web_search|10|QUESTION_ADVANCE||1430|0e58b50a-e9b2-4324-b5b6-6c07c0f863aa
2026-03-23 02:01:14|gpt|web_search|10|QUESTION_SENT||1430|0e58b50a-e9b2-4324-b5b6-6c07c0f863aa
2026-03-23 02:01:47|gpt|web_search|10|JSON_VERIFIED||1430|0e58b50a-e9b2-4324-b5b6-6c07c0f863aa
2026-03-23 02:01:47|gpt|web_search|10|QUESTION|128|1430|0e58b50a-e9b2-4324-b5b6-6c07c0f863aa
2026-03-23 02:01:47|gpt|web_search|10|JSON_SAVED||1430|0e58b50a-e9b2-4324-b5b6-6c07c0f863aa
2026-03-23 02:01:47|gpt|web_search|10|QUESTION_ADVANCE||1431|8a68f2f6-66d3-4a61-9ab4-af28a98ebba8
2026-03-23 02:02:14|gpt|web_search|10|QUESTION_SENT||1431|8a68f2f6-66d3-4a61-9ab4-af28a98ebba8
2026-03-23 02:02:49|gpt|web_search|10|JSON_VERIFIED||1431|8a68f2f6-66d3-4a61-9ab4-af28a98ebba8
2026-03-23 02:02:49|gpt|web_search|10|QUESTION|129|1431|8a68f2f6-66d3-4a61-9ab4-af28a98ebba8
2026-03-23 02:02:49|gpt|web_search|10|JSON_SAVED||1431|8a68f2f6-66d3-4a61-9ab4-af28a98ebba8
2026-03-23 02:02:49|gpt|web_search|10|QUESTION_ADVANCE||1432|0d6faa73-6fe8-4edf-95ab-fe16c59dda53
2026-03-23 02:03:16|gpt|web_search|10|QUESTION_SENT||1432|0d6faa73-6fe8-4edf-95ab-fe16c59dda53
2026-03-23 02:03:48|gpt|web_search|10|JSON_VERIFIED||1432|0d6faa73-6fe8-4edf-95ab-fe16c59dda53
2026-03-23 02:03:48|gpt|web_search|10|QUESTION|130|1432|0d6faa73-6fe8-4edf-95ab-fe16c59dda53
2026-03-23 02:03:48|gpt|web_search|10|JSON_SAVED||1432|0d6faa73-6fe8-4edf-95ab-fe16c59dda53
2026-03-23 02:03:48|gpt|web_search|10|QUESTION_ADVANCE||1433|d3de0bec-95bc-460c-b3df-951a5b4634af
2026-03-23 02:04:15|gpt|web_search|10|QUESTION_SENT||1433|d3de0bec-95bc-460c-b3df-951a5b4634af
2026-03-23 02:04:50|gpt|web_search|10|JSON_VERIFIED||1433|d3de0bec-95bc-460c-b3df-951a5b4634af
2026-03-23 02:04:50|gpt|web_search|10|QUESTION|131|1433|d3de0bec-95bc-460c-b3df-951a5b4634af
2026-03-23 02:04:50|gpt|web_search|10|JSON_SAVED||1433|d3de0bec-95bc-460c-b3df-951a5b4634af
2026-03-23 02:04:50|gpt|web_search|10|QUESTION_ADVANCE||1434|3046e068-e8be-4c67-9365-0292b1db3374
2026-03-23 02:05:17|gpt|web_search|10|QUESTION_SENT||1434|3046e068-e8be-4c67-9365-0292b1db3374
2026-03-23 02:05:50|gpt|web_search|10|JSON_VERIFIED||1434|3046e068-e8be-4c67-9365-0292b1db3374
2026-03-23 02:05:50|gpt|web_search|10|QUESTION|132|1434|3046e068-e8be-4c67-9365-0292b1db3374
2026-03-23 02:05:50|gpt|web_search|10|JSON_SAVED||1434|3046e068-e8be-4c67-9365-0292b1db3374
2026-03-23 02:05:50|gpt|web_search|10|QUESTION_ADVANCE||1435|ba65b8b8-ac0c-4f17-bc6f-5d369ffc344a
2026-03-23 02:06:18|gpt|web_search|10|QUESTION_SENT||1435|ba65b8b8-ac0c-4f17-bc6f-5d369ffc344a
2026-03-23 02:06:51|gpt|web_search|10|JSON_VERIFIED||1435|ba65b8b8-ac0c-4f17-bc6f-5d369ffc344a
2026-03-23 02:06:51|gpt|web_search|10|QUESTION|133|1435|ba65b8b8-ac0c-4f17-bc6f-5d369ffc344a
2026-03-23 02:06:51|gpt|web_search|10|JSON_SAVED||1435|ba65b8b8-ac0c-4f17-bc6f-5d369ffc344a
2026-03-23 02:06:51|gpt|web_search|10|QUESTION_ADVANCE||1436|52c58afd-d658-4d2f-a566-98e3f8a8e460
2026-03-23 02:07:18|gpt|web_search|10|QUESTION_SENT||1436|52c58afd-d658-4d2f-a566-98e3f8a8e460
2026-03-23 02:07:50|gpt|web_search|10|JSON_VERIFIED||1436|52c58afd-d658-4d2f-a566-98e3f8a8e460
2026-03-23 02:07:50|gpt|web_search|10|QUESTION|134|1436|52c58afd-d658-4d2f-a566-98e3f8a8e460
2026-03-23 02:07:50|gpt|web_search|10|JSON_SAVED||1436|52c58afd-d658-4d2f-a566-98e3f8a8e460
2026-03-23 02:07:50|gpt|web_search|10|QUESTION_ADVANCE||1437|7a1b6227-abca-4767-bb20-655331a1d2dd
2026-03-23 02:08:17|gpt|web_search|10|QUESTION_SENT||1437|7a1b6227-abca-4767-bb20-655331a1d2dd
2026-03-23 02:08:52|gpt|web_search|10|JSON_VERIFIED||1437|7a1b6227-abca-4767-bb20-655331a1d2dd
2026-03-23 02:08:52|gpt|web_search|10|QUESTION|135|1437|7a1b6227-abca-4767-bb20-655331a1d2dd
2026-03-23 02:08:52|gpt|web_search|10|JSON_SAVED||1437|7a1b6227-abca-4767-bb20-655331a1d2dd
2026-03-23 02:08:52|gpt|web_search|10|QUESTION_ADVANCE||1438|84a49cc0-74b1-4bb1-ba48-9c1d8048e1a8
2026-03-23 02:09:19|gpt|web_search|10|QUESTION_SENT||1438|84a49cc0-74b1-4bb1-ba48-9c1d8048e1a8
2026-03-23 02:09:52|gpt|web_search|10|JSON_VERIFY_FAILED||1438|84a49cc0-74b1-4bb1-ba48-9c1d8048e1a8
2026-03-23 02:09:52|gpt|web_search|10|QUESTION|136|1438|84a49cc0-74b1-4bb1-ba48-9c1d8048e1a8
2026-03-23 02:10:02|gpt|web_search|10|QUESTION_SENT||1438|84a49cc0-74b1-4bb1-ba48-9c1d8048e1a8
2026-03-23 02:10:22|gpt|web_search|10|JSON_VERIFY_FAILED||1438|84a49cc0-74b1-4bb1-ba48-9c1d8048e1a8
2026-03-23 02:10:22|gpt|web_search|10|QUESTION|137|1438|84a49cc0-74b1-4bb1-ba48-9c1d8048e1a8
2026-03-23 02:10:32|gpt|web_search|10|QUESTION_SENT||1438|84a49cc0-74b1-4bb1-ba48-9c1d8048e1a8
2026-03-23 02:11:11|gpt|web_search|10|QUESTION_SENT||1438|84a49cc0-74b1-4bb1-ba48-9c1d8048e1a8
2026-03-23 02:11:43|gpt|web_search|10|JSON_VERIFIED||1438|84a49cc0-74b1-4bb1-ba48-9c1d8048e1a8
2026-03-23 02:11:43|gpt|web_search|10|QUESTION|138|1438|84a49cc0-74b1-4bb1-ba48-9c1d8048e1a8
2026-03-23 02:11:43|gpt|web_search|10|JSON_SAVED||1438|84a49cc0-74b1-4bb1-ba48-9c1d8048e1a8
2026-03-23 02:11:43|gpt|web_search|10|QUESTION_ADVANCE||1439|61f6a7c2-5450-411a-b935-578f3e688c77
2026-03-23 02:12:11|gpt|web_search|10|QUESTION_SENT||1439|61f6a7c2-5450-411a-b935-578f3e688c77
2026-03-23 02:12:44|gpt|web_search|10|JSON_VERIFIED||1439|61f6a7c2-5450-411a-b935-578f3e688c77
2026-03-23 02:12:44|gpt|web_search|10|QUESTION|139|1439|61f6a7c2-5450-411a-b935-578f3e688c77
2026-03-23 02:12:44|gpt|web_search|10|JSON_SAVED||1439|61f6a7c2-5450-411a-b935-578f3e688c77
2026-03-23 02:12:44|gpt|web_search|10|QUESTION_ADVANCE||1440|1236c94d-5552-474c-9af3-0995d7ca4c2b
2026-03-23 02:13:12|gpt|web_search|10|QUESTION_SENT||1440|1236c94d-5552-474c-9af3-0995d7ca4c2b
2026-03-23 02:13:46|gpt|web_search|10|JSON_VERIFIED||1440|1236c94d-5552-474c-9af3-0995d7ca4c2b
2026-03-23 02:13:46|gpt|web_search|10|QUESTION|140|1440|1236c94d-5552-474c-9af3-0995d7ca4c2b
2026-03-23 02:13:46|gpt|web_search|10|JSON_SAVED||1440|1236c94d-5552-474c-9af3-0995d7ca4c2b
2026-03-23 02:13:46|gpt|web_search|10|QUESTION_ADVANCE||1441|cfbe4c32-6eaf-4ee3-8f85-85c191b54d3e
2026-03-23 02:14:13|gpt|web_search|10|QUESTION_SENT||1441|cfbe4c32-6eaf-4ee3-8f85-85c191b54d3e
2026-03-23 02:14:48|gpt|web_search|10|JSON_VERIFIED||1441|cfbe4c32-6eaf-4ee3-8f85-85c191b54d3e
2026-03-23 02:14:48|gpt|web_search|10|QUESTION|141|1441|cfbe4c32-6eaf-4ee3-8f85-85c191b54d3e
2026-03-23 02:14:48|gpt|web_search|10|JSON_SAVED||1441|cfbe4c32-6eaf-4ee3-8f85-85c191b54d3e
2026-03-23 02:14:48|gpt|web_search|10|QUESTION_ADVANCE||1442|82cdfb7d-9c37-4948-b37a-71a5afb905b6
2026-03-23 02:15:15|gpt|web_search|10|QUESTION_SENT||1442|82cdfb7d-9c37-4948-b37a-71a5afb905b6
2026-03-23 02:16:08|gpt|web_search|10|QUESTION_SENT||1442|82cdfb7d-9c37-4948-b37a-71a5afb905b6
2026-03-23 02:16:50|gpt|web_search|10|JSON_VERIFIED||1442|82cdfb7d-9c37-4948-b37a-71a5afb905b6
2026-03-23 02:16:50|gpt|web_search|10|QUESTION|142|1442|82cdfb7d-9c37-4948-b37a-71a5afb905b6
2026-03-23 02:16:50|gpt|web_search|10|JSON_SAVED||1442|82cdfb7d-9c37-4948-b37a-71a5afb905b6
2026-03-23 02:16:50|gpt|web_search|10|QUESTION_ADVANCE||1443|894c4c8d-cf3b-4ffa-8f08-93e8d4ee8981
2026-03-23 02:17:18|gpt|web_search|10|QUESTION_SENT||1443|894c4c8d-cf3b-4ffa-8f08-93e8d4ee8981
2026-03-23 02:17:50|gpt|web_search|10|JSON_VERIFIED||1443|894c4c8d-cf3b-4ffa-8f08-93e8d4ee8981
2026-03-23 02:17:50|gpt|web_search|10|QUESTION|143|1443|894c4c8d-cf3b-4ffa-8f08-93e8d4ee8981
2026-03-23 02:17:50|gpt|web_search|10|JSON_SAVED||1443|894c4c8d-cf3b-4ffa-8f08-93e8d4ee8981
2026-03-23 02:17:50|gpt|web_search|10|QUESTION_ADVANCE||1444|f4f2183e-a3f3-4595-b299-8308ca30f05e
2026-03-23 02:18:18|gpt|web_search|10|QUESTION_SENT||1444|f4f2183e-a3f3-4595-b299-8308ca30f05e
2026-03-23 02:18:51|gpt|web_search|10|JSON_VERIFIED||1444|f4f2183e-a3f3-4595-b299-8308ca30f05e
2026-03-23 02:18:51|gpt|web_search|10|QUESTION|144|1444|f4f2183e-a3f3-4595-b299-8308ca30f05e
2026-03-23 02:18:51|gpt|web_search|10|JSON_SAVED||1444|f4f2183e-a3f3-4595-b299-8308ca30f05e
2026-03-23 02:18:51|gpt|web_search|10|QUESTION_ADVANCE||1445|d6e002c8-44ed-43f6-8e03-60332849e0d7
2026-03-23 02:19:18|gpt|web_search|10|QUESTION_SENT||1445|d6e002c8-44ed-43f6-8e03-60332849e0d7
2026-03-23 02:19:47|gpt|web_search|10|JSON_VERIFY_FAILED||1445|d6e002c8-44ed-43f6-8e03-60332849e0d7
2026-03-23 02:19:47|gpt|web_search|10|QUESTION|145|1445|d6e002c8-44ed-43f6-8e03-60332849e0d7
2026-03-23 02:19:57|gpt|web_search|10|QUESTION_SENT||1445|d6e002c8-44ed-43f6-8e03-60332849e0d7
2026-03-23 02:20:18|gpt|web_search|10|JSON_VERIFIED||1445|d6e002c8-44ed-43f6-8e03-60332849e0d7
2026-03-23 02:20:18|gpt|web_search|10|QUESTION|146|1445|d6e002c8-44ed-43f6-8e03-60332849e0d7
2026-03-23 02:20:18|gpt|web_search|10|JSON_SAVED||1445|d6e002c8-44ed-43f6-8e03-60332849e0d7
2026-03-23 02:20:18|gpt|web_search|10|QUESTION_ADVANCE||1446|c0d4a53f-4e60-4189-a46f-7d1b32454a35
2026-03-23 02:20:46|gpt|web_search|10|QUESTION_SENT||1446|c0d4a53f-4e60-4189-a46f-7d1b32454a35
2026-03-23 02:21:25|gpt|web_search|10|JSON_VERIFIED||1446|c0d4a53f-4e60-4189-a46f-7d1b32454a35
2026-03-23 02:21:25|gpt|web_search|10|QUESTION|147|1446|c0d4a53f-4e60-4189-a46f-7d1b32454a35
2026-03-23 02:21:25|gpt|web_search|10|JSON_SAVED||1446|c0d4a53f-4e60-4189-a46f-7d1b32454a35
2026-03-23 02:21:25|gpt|web_search|10|QUESTION_ADVANCE||1447|2a357498-04e0-4077-b34a-2c3ca4bf3703
2026-03-23 02:21:52|gpt|web_search|10|QUESTION_SENT||1447|2a357498-04e0-4077-b34a-2c3ca4bf3703
2026-03-23 02:22:24|gpt|web_search|10|JSON_VERIFIED||1447|2a357498-04e0-4077-b34a-2c3ca4bf3703
2026-03-23 02:22:24|gpt|web_search|10|QUESTION|148|1447|2a357498-04e0-4077-b34a-2c3ca4bf3703
2026-03-23 02:22:24|gpt|web_search|10|JSON_SAVED||1447|2a357498-04e0-4077-b34a-2c3ca4bf3703
2026-03-23 02:22:24|gpt|web_search|10|QUESTION_ADVANCE||1448|08ffb91c-1182-456e-8188-2cd4fed476a3
2026-03-23 02:22:51|gpt|web_search|10|QUESTION_SENT||1448|08ffb91c-1182-456e-8188-2cd4fed476a3
2026-03-23 02:23:24|gpt|web_search|10|JSON_VERIFIED||1448|08ffb91c-1182-456e-8188-2cd4fed476a3
2026-03-23 02:23:24|gpt|web_search|10|QUESTION|149|1448|08ffb91c-1182-456e-8188-2cd4fed476a3
2026-03-23 02:23:24|gpt|web_search|10|JSON_SAVED||1448|08ffb91c-1182-456e-8188-2cd4fed476a3
2026-03-23 02:23:24|gpt|web_search|10|QUESTION_ADVANCE||1449|0d8b4fa2-5fff-4ddf-accc-f36387f5367f
2026-03-23 02:23:52|gpt|web_search|10|QUESTION_SENT||1449|0d8b4fa2-5fff-4ddf-accc-f36387f5367f
2026-03-23 02:24:45|gpt|web_search|10|QUESTION_SENT||1449|0d8b4fa2-5fff-4ddf-accc-f36387f5367f
2026-03-23 02:25:15|gpt|web_search|10|JSON_VERIFY_FAILED||1449|0d8b4fa2-5fff-4ddf-accc-f36387f5367f
2026-03-23 02:25:15|gpt|web_search|10|QUESTION|150|1449|0d8b4fa2-5fff-4ddf-accc-f36387f5367f
2026-03-23 02:25:25|gpt|web_search|10|QUESTION_SENT||1449|0d8b4fa2-5fff-4ddf-accc-f36387f5367f
2026-03-23 02:25:48|gpt|web_search|10|JSON_VERIFIED||1449|0d8b4fa2-5fff-4ddf-accc-f36387f5367f
2026-03-23 02:25:48|gpt|web_search|10|QUESTION|151|1449|0d8b4fa2-5fff-4ddf-accc-f36387f5367f
2026-03-23 02:25:48|gpt|web_search|10|JSON_SAVED||1449|0d8b4fa2-5fff-4ddf-accc-f36387f5367f
2026-03-23 02:25:49|gpt|web_search|10|STOP||1450|
