timestamp|site|scenario|bot_id|event_type|attempt_number|global_index|question_uid
2026-03-31 10:03:33|gpt|web_search|10|RESTART||1581|68247a5c-3b96-40d2-a805-c6d8e989de7a
2026-03-31 10:04:02|gpt|web_search|10|QUESTION_SENT||1581|68247a5c-3b96-40d2-a805-c6d8e989de7a
2026-03-31 10:04:59|gpt|web_search|10|JSON_VERIFIED||1581|68247a5c-3b96-40d2-a805-c6d8e989de7a
2026-03-31 10:04:59|gpt|web_search|10|QUESTION|1|1581|68247a5c-3b96-40d2-a805-c6d8e989de7a
2026-03-31 10:04:59|gpt|web_search|10|JSON_SAVED||1581|68247a5c-3b96-40d2-a805-c6d8e989de7a
2026-03-31 10:04:59|gpt|web_search|10|QUESTION_ADVANCE||1582|fcca6b57-88e1-4db3-aa3e-bfed8bf04a2c
2026-03-31 10:05:29|gpt|web_search|11|RESTART||1601|298856ff-0d18-49e1-8814-a09ed07b9440
2026-03-31 10:06:51|gpt|web_search|12|RESTART||1721|436d302e-9830-4eaa-bf64-2cf39531df9b
2026-03-31 10:07:37|gpt|web_search|10|QUESTION_SENT||1582|fcca6b57-88e1-4db3-aa3e-bfed8bf04a2c
2026-03-31 10:07:55|gpt|web_search|12|QUESTION_SENT||1721|436d302e-9830-4eaa-bf64-2cf39531df9b
2026-03-31 10:08:00|gpt|web_search|13|RESTART||1751|804f929a-e007-4f8b-8b7d-c6ebae7e580d
2026-03-31 10:08:20|gpt|web_search|13|QUESTION_SENT||1751|804f929a-e007-4f8b-8b7d-c6ebae7e580d
2026-03-31 10:08:27|gpt|web_search|10|JSON_VERIFIED||1582|fcca6b57-88e1-4db3-aa3e-bfed8bf04a2c
2026-03-31 10:08:27|gpt|web_search|10|QUESTION|2|1582|fcca6b57-88e1-4db3-aa3e-bfed8bf04a2c
2026-03-31 10:08:27|gpt|web_search|10|JSON_SAVED||1582|fcca6b57-88e1-4db3-aa3e-bfed8bf04a2c
2026-03-31 10:08:27|gpt|web_search|10|QUESTION_ADVANCE||1583|3d79a19e-a357-4e1c-8b1c-34ed0d3ac696
2026-03-31 10:08:46|gpt|web_search|11|QUESTION_SENT||1601|298856ff-0d18-49e1-8814-a09ed07b9440
2026-03-31 10:08:48|gpt|web_search|12|JSON_VERIFIED||1721|436d302e-9830-4eaa-bf64-2cf39531df9b
2026-03-31 10:08:48|gpt|web_search|12|QUESTION|1|1721|436d302e-9830-4eaa-bf64-2cf39531df9b
2026-03-31 10:08:48|gpt|web_search|12|JSON_SAVED||1721|436d302e-9830-4eaa-bf64-2cf39531df9b
2026-03-31 10:08:48|gpt|web_search|12|QUESTION_ADVANCE||1722|49360700-d55d-4b40-932e-e9d5181f4a59
2026-03-31 10:09:13|gpt|web_search|13|JSON_VERIFY_FAILED||1751|804f929a-e007-4f8b-8b7d-c6ebae7e580d
2026-03-31 10:09:13|gpt|web_search|13|QUESTION|1|1751|804f929a-e007-4f8b-8b7d-c6ebae7e580d
2026-03-31 10:09:19|gpt|web_search|11|JSON_VERIFY_FAILED||1601|298856ff-0d18-49e1-8814-a09ed07b9440
2026-03-31 10:09:19|gpt|web_search|11|QUESTION|1|1601|298856ff-0d18-49e1-8814-a09ed07b9440
2026-03-31 10:09:23|gpt|web_search|13|QUESTION_SENT||1751|804f929a-e007-4f8b-8b7d-c6ebae7e580d
2026-03-31 10:09:29|gpt|web_search|11|QUESTION_SENT||1601|298856ff-0d18-49e1-8814-a09ed07b9440
2026-03-31 10:09:50|gpt|web_search|11|JSON_VERIFIED||1601|298856ff-0d18-49e1-8814-a09ed07b9440
2026-03-31 10:09:51|gpt|web_search|11|QUESTION|2|1601|298856ff-0d18-49e1-8814-a09ed07b9440
2026-03-31 10:09:51|gpt|web_search|11|JSON_SAVED||1601|298856ff-0d18-49e1-8814-a09ed07b9440
2026-03-31 10:09:51|gpt|web_search|11|QUESTION_ADVANCE||1602|ad89a217-e4d2-4887-81ad-5c4066318ed8
2026-03-31 10:09:59|gpt|web_search|13|JSON_VERIFIED||1751|804f929a-e007-4f8b-8b7d-c6ebae7e580d
2026-03-31 10:09:59|gpt|web_search|13|QUESTION|2|1751|804f929a-e007-4f8b-8b7d-c6ebae7e580d
2026-03-31 10:09:59|gpt|web_search|13|JSON_SAVED||1751|804f929a-e007-4f8b-8b7d-c6ebae7e580d
2026-03-31 10:09:59|gpt|web_search|13|QUESTION_ADVANCE||1752|bc6085ea-6582-45e2-9433-936d53c230b5
2026-03-31 10:11:12|gpt|web_search|10|QUESTION_SENT||1583|3d79a19e-a357-4e1c-8b1c-34ed0d3ac696
2026-03-31 10:11:48|gpt|web_search|12|QUESTION_SENT||1722|49360700-d55d-4b40-932e-e9d5181f4a59
2026-03-31 10:11:58|gpt|web_search|10|JSON_VERIFIED||1583|3d79a19e-a357-4e1c-8b1c-34ed0d3ac696
2026-03-31 10:11:58|gpt|web_search|10|QUESTION|3|1583|3d79a19e-a357-4e1c-8b1c-34ed0d3ac696
2026-03-31 10:11:58|gpt|web_search|10|JSON_SAVED||1583|3d79a19e-a357-4e1c-8b1c-34ed0d3ac696
2026-03-31 10:11:58|gpt|web_search|10|QUESTION_ADVANCE||1584|cd906e70-e98a-483c-8925-01f6f1914609
2026-03-31 10:12:39|gpt|web_search|12|JSON_VERIFIED||1722|49360700-d55d-4b40-932e-e9d5181f4a59
2026-03-31 10:12:39|gpt|web_search|12|QUESTION|2|1722|49360700-d55d-4b40-932e-e9d5181f4a59
2026-03-31 10:12:39|gpt|web_search|12|JSON_SAVED||1722|49360700-d55d-4b40-932e-e9d5181f4a59
2026-03-31 10:12:40|gpt|web_search|12|QUESTION_ADVANCE||1723|65715a12-11c9-4487-961a-f4f007ff61ae
2026-03-31 10:12:56|gpt|web_search|13|QUESTION_SENT||1752|bc6085ea-6582-45e2-9433-936d53c230b5
2026-03-31 10:13:06|gpt|web_search|11|QUESTION_SENT||1602|ad89a217-e4d2-4887-81ad-5c4066318ed8
2026-03-31 10:13:37|gpt|web_search|11|JSON_VERIFY_FAILED||1602|ad89a217-e4d2-4887-81ad-5c4066318ed8
2026-03-31 10:13:37|gpt|web_search|11|QUESTION|3|1602|ad89a217-e4d2-4887-81ad-5c4066318ed8
2026-03-31 10:13:47|gpt|web_search|11|QUESTION_SENT||1602|ad89a217-e4d2-4887-81ad-5c4066318ed8
2026-03-31 10:14:09|gpt|web_search|11|JSON_VERIFY_FAILED||1602|ad89a217-e4d2-4887-81ad-5c4066318ed8
2026-03-31 10:14:09|gpt|web_search|11|QUESTION|4|1602|ad89a217-e4d2-4887-81ad-5c4066318ed8
2026-03-31 10:14:47|gpt|web_search|10|QUESTION_SENT||1584|cd906e70-e98a-483c-8925-01f6f1914609
2026-03-31 10:15:41|gpt|web_search|12|QUESTION_SENT||1723|65715a12-11c9-4487-961a-f4f007ff61ae
2026-03-31 10:15:43|gpt|web_search|10|JSON_VERIFIED||1584|cd906e70-e98a-483c-8925-01f6f1914609
2026-03-31 10:15:43|gpt|web_search|10|QUESTION|4|1584|cd906e70-e98a-483c-8925-01f6f1914609
2026-03-31 10:15:43|gpt|web_search|10|JSON_SAVED||1584|cd906e70-e98a-483c-8925-01f6f1914609
2026-03-31 10:15:43|gpt|web_search|10|QUESTION_ADVANCE||1585|02278a5f-f39b-4e0c-ac80-6b3694c4827e
2026-03-31 10:16:23|gpt|web_search|12|JSON_VERIFY_FAILED||1723|65715a12-11c9-4487-961a-f4f007ff61ae
2026-03-31 10:16:23|gpt|web_search|12|QUESTION|3|1723|65715a12-11c9-4487-961a-f4f007ff61ae
2026-03-31 10:16:29|gpt|web_search|13|QUESTION_SENT||1752|bc6085ea-6582-45e2-9433-936d53c230b5
2026-03-31 10:16:33|gpt|web_search|12|QUESTION_SENT||1723|65715a12-11c9-4487-961a-f4f007ff61ae
2026-03-31 10:17:10|gpt|web_search|12|JSON_VERIFIED||1723|65715a12-11c9-4487-961a-f4f007ff61ae
2026-03-31 10:17:10|gpt|web_search|12|QUESTION|4|1723|65715a12-11c9-4487-961a-f4f007ff61ae
2026-03-31 10:17:10|gpt|web_search|12|JSON_SAVED||1723|65715a12-11c9-4487-961a-f4f007ff61ae
2026-03-31 10:17:10|gpt|web_search|12|QUESTION_ADVANCE||1724|58d42d76-8418-4523-84bf-c4ec29ff1ec0
2026-03-31 10:17:15|gpt|web_search|13|JSON_VERIFIED||1752|bc6085ea-6582-45e2-9433-936d53c230b5
2026-03-31 10:17:15|gpt|web_search|13|QUESTION|3|1752|bc6085ea-6582-45e2-9433-936d53c230b5
2026-03-31 10:17:15|gpt|web_search|13|JSON_SAVED||1752|bc6085ea-6582-45e2-9433-936d53c230b5
2026-03-31 10:17:15|gpt|web_search|13|QUESTION_ADVANCE||1753|17bc0e21-5e04-499d-b16b-b5ab0941a3ab
2026-03-31 10:17:24|gpt|web_search|11|QUESTION_SENT||1602|ad89a217-e4d2-4887-81ad-5c4066318ed8
2026-03-31 10:17:57|gpt|web_search|11|JSON_VERIFIED||1602|ad89a217-e4d2-4887-81ad-5c4066318ed8
2026-03-31 10:17:57|gpt|web_search|11|QUESTION|5|1602|ad89a217-e4d2-4887-81ad-5c4066318ed8
2026-03-31 10:17:57|gpt|web_search|11|JSON_SAVED||1602|ad89a217-e4d2-4887-81ad-5c4066318ed8
2026-03-31 10:17:57|gpt|web_search|11|QUESTION_ADVANCE||1603|f337d363-67f8-4b64-bbbc-c1cf5b564a8b
2026-03-31 10:18:22|gpt|web_search|10|QUESTION_SENT||1585|02278a5f-f39b-4e0c-ac80-6b3694c4827e
2026-03-31 10:19:08|gpt|web_search|10|JSON_VERIFIED||1585|02278a5f-f39b-4e0c-ac80-6b3694c4827e
2026-03-31 10:19:08|gpt|web_search|10|QUESTION|5|1585|02278a5f-f39b-4e0c-ac80-6b3694c4827e
2026-03-31 10:19:08|gpt|web_search|10|JSON_SAVED||1585|02278a5f-f39b-4e0c-ac80-6b3694c4827e
2026-03-31 10:19:08|gpt|web_search|10|QUESTION_ADVANCE||1586|1ff48f12-6e90-48df-b62c-b32269c6e85b
2026-03-31 10:20:02|gpt|web_search|13|QUESTION_SENT||1753|17bc0e21-5e04-499d-b16b-b5ab0941a3ab
2026-03-31 10:20:26|gpt|web_search|12|QUESTION_SENT||1724|58d42d76-8418-4523-84bf-c4ec29ff1ec0
2026-03-31 10:20:47|gpt|web_search|13|JSON_VERIFIED||1753|17bc0e21-5e04-499d-b16b-b5ab0941a3ab
2026-03-31 10:20:47|gpt|web_search|13|QUESTION|4|1753|17bc0e21-5e04-499d-b16b-b5ab0941a3ab
2026-03-31 10:20:47|gpt|web_search|13|JSON_SAVED||1753|17bc0e21-5e04-499d-b16b-b5ab0941a3ab
2026-03-31 10:20:47|gpt|web_search|13|QUESTION_ADVANCE||1754|47702a5a-977a-4e6e-bfd4-3e1d22d95a85
2026-03-31 10:20:56|gpt|web_search|12|JSON_VERIFY_FAILED||1724|58d42d76-8418-4523-84bf-c4ec29ff1ec0
2026-03-31 10:20:56|gpt|web_search|12|QUESTION|5|1724|58d42d76-8418-4523-84bf-c4ec29ff1ec0
2026-03-31 10:21:01|gpt|web_search|11|QUESTION_SENT||1603|f337d363-67f8-4b64-bbbc-c1cf5b564a8b
2026-03-31 10:21:06|gpt|web_search|12|QUESTION_SENT||1724|58d42d76-8418-4523-84bf-c4ec29ff1ec0
2026-03-31 10:21:37|gpt|web_search|11|JSON_VERIFIED||1603|f337d363-67f8-4b64-bbbc-c1cf5b564a8b
2026-03-31 10:21:37|gpt|web_search|11|QUESTION|6|1603|f337d363-67f8-4b64-bbbc-c1cf5b564a8b
2026-03-31 10:21:37|gpt|web_search|11|JSON_SAVED||1603|f337d363-67f8-4b64-bbbc-c1cf5b564a8b
2026-03-31 10:21:37|gpt|web_search|11|QUESTION_ADVANCE||1604|c4796f12-af15-4bc2-90cc-d7adc264c78f
2026-03-31 10:21:57|gpt|web_search|10|QUESTION_SENT||1586|1ff48f12-6e90-48df-b62c-b32269c6e85b
2026-03-31 10:22:53|gpt|web_search|10|JSON_VERIFIED||1586|1ff48f12-6e90-48df-b62c-b32269c6e85b
2026-03-31 10:22:53|gpt|web_search|10|QUESTION|6|1586|1ff48f12-6e90-48df-b62c-b32269c6e85b
2026-03-31 10:22:53|gpt|web_search|10|JSON_SAVED||1586|1ff48f12-6e90-48df-b62c-b32269c6e85b
2026-03-31 10:22:53|gpt|web_search|10|QUESTION_ADVANCE||1587|0847824e-83a3-4d6f-a98a-c83270b71d46
2026-03-31 10:23:31|gpt|web_search|12|QUESTION_SENT||1724|58d42d76-8418-4523-84bf-c4ec29ff1ec0
2026-03-31 10:23:35|gpt|web_search|13|QUESTION_SENT||1754|47702a5a-977a-4e6e-bfd4-3e1d22d95a85
2026-03-31 10:24:21|gpt|web_search|13|JSON_VERIFIED||1754|47702a5a-977a-4e6e-bfd4-3e1d22d95a85
2026-03-31 10:24:21|gpt|web_search|13|QUESTION|5|1754|47702a5a-977a-4e6e-bfd4-3e1d22d95a85
2026-03-31 10:24:21|gpt|web_search|13|JSON_SAVED||1754|47702a5a-977a-4e6e-bfd4-3e1d22d95a85
2026-03-31 10:24:21|gpt|web_search|13|QUESTION_ADVANCE||1755|5b2045d3-6825-4c59-ab65-0e52cc1863eb
2026-03-31 10:24:24|gpt|web_search|12|JSON_VERIFIED||1724|58d42d76-8418-4523-84bf-c4ec29ff1ec0
2026-03-31 10:24:24|gpt|web_search|12|QUESTION|6|1724|58d42d76-8418-4523-84bf-c4ec29ff1ec0
2026-03-31 10:24:24|gpt|web_search|12|JSON_SAVED||1724|58d42d76-8418-4523-84bf-c4ec29ff1ec0
2026-03-31 10:24:24|gpt|web_search|12|QUESTION_ADVANCE||1725|cb53bf24-59c0-416b-803d-0943bd034b94
2026-03-31 10:24:38|gpt|web_search|11|QUESTION_SENT||1604|c4796f12-af15-4bc2-90cc-d7adc264c78f
2026-03-31 10:25:14|gpt|web_search|11|JSON_VERIFIED||1604|c4796f12-af15-4bc2-90cc-d7adc264c78f
2026-03-31 10:25:14|gpt|web_search|11|QUESTION|7|1604|c4796f12-af15-4bc2-90cc-d7adc264c78f
2026-03-31 10:25:14|gpt|web_search|11|JSON_SAVED||1604|c4796f12-af15-4bc2-90cc-d7adc264c78f
2026-03-31 10:25:14|gpt|web_search|11|QUESTION_ADVANCE||1605|a183b65f-1513-44d3-bf3c-8ec97cddd91a
2026-03-31 10:25:33|gpt|web_search|10|QUESTION_SENT||1587|0847824e-83a3-4d6f-a98a-c83270b71d46
2026-03-31 10:27:08|gpt|web_search|13|QUESTION_SENT||1755|5b2045d3-6825-4c59-ab65-0e52cc1863eb
2026-03-31 10:27:24|gpt|web_search|12|QUESTION_SENT||1725|cb53bf24-59c0-416b-803d-0943bd034b94
2026-03-31 10:28:00|gpt|web_search|13|JSON_VERIFIED||1755|5b2045d3-6825-4c59-ab65-0e52cc1863eb
2026-03-31 10:28:00|gpt|web_search|13|QUESTION|6|1755|5b2045d3-6825-4c59-ab65-0e52cc1863eb
2026-03-31 10:28:00|gpt|web_search|13|JSON_SAVED||1755|5b2045d3-6825-4c59-ab65-0e52cc1863eb
2026-03-31 10:28:00|gpt|web_search|13|QUESTION_ADVANCE||1756|393c5910-312d-4744-b7e3-bfa3c26921c0
2026-03-31 10:28:15|gpt|web_search|11|QUESTION_SENT||1605|a183b65f-1513-44d3-bf3c-8ec97cddd91a
2026-03-31 10:28:16|gpt|web_search|12|JSON_VERIFIED||1725|cb53bf24-59c0-416b-803d-0943bd034b94
2026-03-31 10:28:16|gpt|web_search|12|QUESTION|7|1725|cb53bf24-59c0-416b-803d-0943bd034b94
2026-03-31 10:28:16|gpt|web_search|12|JSON_SAVED||1725|cb53bf24-59c0-416b-803d-0943bd034b94
2026-03-31 10:28:16|gpt|web_search|12|QUESTION_ADVANCE||1726|428e9a7b-2678-486c-a278-b913cbfeca3f
2026-03-31 10:28:52|gpt|web_search|11|JSON_VERIFIED||1605|a183b65f-1513-44d3-bf3c-8ec97cddd91a
2026-03-31 10:28:52|gpt|web_search|11|QUESTION|8|1605|a183b65f-1513-44d3-bf3c-8ec97cddd91a
2026-03-31 10:28:52|gpt|web_search|11|JSON_SAVED||1605|a183b65f-1513-44d3-bf3c-8ec97cddd91a
2026-03-31 10:28:52|gpt|web_search|11|QUESTION_ADVANCE||1606|b7b8f8c7-bb01-431b-b2df-e017ad0c22c3
2026-03-31 10:29:08|gpt|web_search|10|QUESTION_SENT||1587|0847824e-83a3-4d6f-a98a-c83270b71d46
2026-03-31 10:30:41|gpt|web_search|13|QUESTION_SENT||1756|393c5910-312d-4744-b7e3-bfa3c26921c0
2026-03-31 10:31:17|gpt|web_search|12|QUESTION_SENT||1726|428e9a7b-2678-486c-a278-b913cbfeca3f
2026-03-31 10:31:24|gpt|web_search|13|JSON_VERIFIED||1756|393c5910-312d-4744-b7e3-bfa3c26921c0
2026-03-31 10:31:24|gpt|web_search|13|QUESTION|7|1756|393c5910-312d-4744-b7e3-bfa3c26921c0
2026-03-31 10:31:24|gpt|web_search|13|JSON_SAVED||1756|393c5910-312d-4744-b7e3-bfa3c26921c0
2026-03-31 10:31:24|gpt|web_search|13|QUESTION_ADVANCE||1757|85d24ff4-7d5d-4089-ade1-3900fac7bc8e
2026-03-31 10:31:52|gpt|web_search|11|QUESTION_SENT||1606|b7b8f8c7-bb01-431b-b2df-e017ad0c22c3
2026-03-31 10:32:00|gpt|web_search|12|JSON_VERIFIED||1726|428e9a7b-2678-486c-a278-b913cbfeca3f
2026-03-31 10:32:00|gpt|web_search|12|QUESTION|8|1726|428e9a7b-2678-486c-a278-b913cbfeca3f
2026-03-31 10:32:00|gpt|web_search|12|JSON_SAVED||1726|428e9a7b-2678-486c-a278-b913cbfeca3f
2026-03-31 10:32:00|gpt|web_search|12|QUESTION_ADVANCE||1727|e2424ce3-c06b-4da4-bd83-9d66410e19e3
2026-03-31 10:32:31|gpt|web_search|11|JSON_VERIFIED||1606|b7b8f8c7-bb01-431b-b2df-e017ad0c22c3
2026-03-31 10:32:31|gpt|web_search|11|QUESTION|9|1606|b7b8f8c7-bb01-431b-b2df-e017ad0c22c3
2026-03-31 10:32:31|gpt|web_search|11|JSON_SAVED||1606|b7b8f8c7-bb01-431b-b2df-e017ad0c22c3
2026-03-31 10:32:31|gpt|web_search|11|QUESTION_ADVANCE||1607|498fbf9e-d16b-47ab-8907-a12e4f760b45
2026-03-31 10:32:43|gpt|web_search|10|QUESTION_SENT||1587|0847824e-83a3-4d6f-a98a-c83270b71d46
2026-03-31 10:33:29|gpt|web_search|10|JSON_VERIFIED||1587|0847824e-83a3-4d6f-a98a-c83270b71d46
2026-03-31 10:33:29|gpt|web_search|10|QUESTION|7|1587|0847824e-83a3-4d6f-a98a-c83270b71d46
2026-03-31 10:33:29|gpt|web_search|10|JSON_SAVED||1587|0847824e-83a3-4d6f-a98a-c83270b71d46
2026-03-31 10:33:29|gpt|web_search|10|QUESTION_ADVANCE||1588|e467b402-93e6-4c65-8bc9-05f11dfc62f4
2026-03-31 10:34:14|gpt|web_search|13|QUESTION_SENT||1757|85d24ff4-7d5d-4089-ade1-3900fac7bc8e
2026-03-31 10:35:00|gpt|web_search|13|JSON_VERIFIED||1757|85d24ff4-7d5d-4089-ade1-3900fac7bc8e
2026-03-31 10:35:00|gpt|web_search|13|QUESTION|8|1757|85d24ff4-7d5d-4089-ade1-3900fac7bc8e
2026-03-31 10:35:00|gpt|web_search|13|JSON_SAVED||1757|85d24ff4-7d5d-4089-ade1-3900fac7bc8e
2026-03-31 10:35:00|gpt|web_search|13|QUESTION_ADVANCE||1758|a1874370-a373-416b-9e97-d3779bc49c1d
2026-03-31 10:35:10|gpt|web_search|12|QUESTION_SENT||1727|e2424ce3-c06b-4da4-bd83-9d66410e19e3
2026-03-31 10:35:29|gpt|web_search|11|QUESTION_SENT||1607|498fbf9e-d16b-47ab-8907-a12e4f760b45
2026-03-31 10:36:00|gpt|web_search|12|JSON_VERIFIED||1727|e2424ce3-c06b-4da4-bd83-9d66410e19e3
2026-03-31 10:36:00|gpt|web_search|12|QUESTION|9|1727|e2424ce3-c06b-4da4-bd83-9d66410e19e3
2026-03-31 10:36:00|gpt|web_search|12|JSON_SAVED||1727|e2424ce3-c06b-4da4-bd83-9d66410e19e3
2026-03-31 10:36:00|gpt|web_search|12|QUESTION_ADVANCE||1728|a6bd76b1-8d58-42dd-b407-3fc0dc94c105
2026-03-31 10:36:07|gpt|web_search|11|JSON_VERIFIED||1607|498fbf9e-d16b-47ab-8907-a12e4f760b45
2026-03-31 10:36:07|gpt|web_search|11|QUESTION|10|1607|498fbf9e-d16b-47ab-8907-a12e4f760b45
2026-03-31 10:36:07|gpt|web_search|11|JSON_SAVED||1607|498fbf9e-d16b-47ab-8907-a12e4f760b45
2026-03-31 10:36:07|gpt|web_search|11|QUESTION_ADVANCE||1608|6a801eae-9314-4635-b5ac-504a85b8bc96
2026-03-31 10:36:18|gpt|web_search|10|QUESTION_SENT||1588|e467b402-93e6-4c65-8bc9-05f11dfc62f4
2026-03-31 10:37:15|gpt|web_search|10|JSON_VERIFIED||1588|e467b402-93e6-4c65-8bc9-05f11dfc62f4
2026-03-31 10:37:15|gpt|web_search|10|QUESTION|8|1588|e467b402-93e6-4c65-8bc9-05f11dfc62f4
2026-03-31 10:37:15|gpt|web_search|10|JSON_SAVED||1588|e467b402-93e6-4c65-8bc9-05f11dfc62f4
2026-03-31 10:37:15|gpt|web_search|10|QUESTION_ADVANCE||1589|66a98ee1-e60f-4804-b8f2-1651e872eb61
2026-03-31 10:37:47|gpt|web_search|13|QUESTION_SENT||1758|a1874370-a373-416b-9e97-d3779bc49c1d
2026-03-31 10:38:30|gpt|web_search|13|JSON_VERIFIED||1758|a1874370-a373-416b-9e97-d3779bc49c1d
2026-03-31 10:38:30|gpt|web_search|13|QUESTION|9|1758|a1874370-a373-416b-9e97-d3779bc49c1d
2026-03-31 10:38:30|gpt|web_search|13|JSON_SAVED||1758|a1874370-a373-416b-9e97-d3779bc49c1d
2026-03-31 10:38:30|gpt|web_search|13|QUESTION_ADVANCE||1759|5ae11534-4f20-4a3c-adc0-2e4fd9135270
2026-03-31 10:39:04|gpt|web_search|12|QUESTION_SENT||1728|a6bd76b1-8d58-42dd-b407-3fc0dc94c105
2026-03-31 10:39:06|gpt|web_search|11|QUESTION_SENT||1608|6a801eae-9314-4635-b5ac-504a85b8bc96
2026-03-31 10:39:41|gpt|web_search|11|JSON_VERIFIED||1608|6a801eae-9314-4635-b5ac-504a85b8bc96
2026-03-31 10:39:41|gpt|web_search|11|QUESTION|11|1608|6a801eae-9314-4635-b5ac-504a85b8bc96
2026-03-31 10:39:41|gpt|web_search|11|JSON_SAVED||1608|6a801eae-9314-4635-b5ac-504a85b8bc96
2026-03-31 10:39:41|gpt|web_search|11|QUESTION_ADVANCE||1609|16d9dab8-fd7a-4d9a-9e07-43d748762b17
2026-03-31 10:39:47|gpt|web_search|12|JSON_VERIFIED||1728|a6bd76b1-8d58-42dd-b407-3fc0dc94c105
2026-03-31 10:39:47|gpt|web_search|12|QUESTION|10|1728|a6bd76b1-8d58-42dd-b407-3fc0dc94c105
2026-03-31 10:39:47|gpt|web_search|12|JSON_SAVED||1728|a6bd76b1-8d58-42dd-b407-3fc0dc94c105
2026-03-31 10:39:47|gpt|web_search|12|QUESTION_ADVANCE||1729|9553c5cb-aa03-422b-ad4d-92c5e37fa4ab
2026-03-31 10:39:53|gpt|web_search|10|QUESTION_SENT||1589|66a98ee1-e60f-4804-b8f2-1651e872eb61
2026-03-31 10:40:39|gpt|web_search|10|JSON_VERIFIED||1589|66a98ee1-e60f-4804-b8f2-1651e872eb61
2026-03-31 10:40:39|gpt|web_search|10|QUESTION|9|1589|66a98ee1-e60f-4804-b8f2-1651e872eb61
2026-03-31 10:40:39|gpt|web_search|10|JSON_SAVED||1589|66a98ee1-e60f-4804-b8f2-1651e872eb61
2026-03-31 10:40:39|gpt|web_search|10|QUESTION_ADVANCE||1590|1531e657-def8-46fa-95dd-6945e8562c40
2026-03-31 10:41:21|gpt|web_search|13|QUESTION_SENT||1759|5ae11534-4f20-4a3c-adc0-2e4fd9135270
2026-03-31 10:42:43|gpt|web_search|11|QUESTION_SENT||1609|16d9dab8-fd7a-4d9a-9e07-43d748762b17
2026-03-31 10:42:56|gpt|web_search|12|QUESTION_SENT||1729|9553c5cb-aa03-422b-ad4d-92c5e37fa4ab
2026-03-31 10:43:21|gpt|web_search|11|JSON_VERIFIED||1609|16d9dab8-fd7a-4d9a-9e07-43d748762b17
2026-03-31 10:43:21|gpt|web_search|11|QUESTION|12|1609|16d9dab8-fd7a-4d9a-9e07-43d748762b17
2026-03-31 10:43:21|gpt|web_search|11|JSON_SAVED||1609|16d9dab8-fd7a-4d9a-9e07-43d748762b17
2026-03-31 10:43:21|gpt|web_search|11|QUESTION_ADVANCE||1610|ff5577ae-5de1-40c9-b337-c3815db98cfe
2026-03-31 10:43:28|gpt|web_search|10|QUESTION_SENT||1590|1531e657-def8-46fa-95dd-6945e8562c40
2026-03-31 10:43:44|gpt|web_search|12|JSON_VERIFIED||1729|9553c5cb-aa03-422b-ad4d-92c5e37fa4ab
2026-03-31 10:43:44|gpt|web_search|12|QUESTION|11|1729|9553c5cb-aa03-422b-ad4d-92c5e37fa4ab
2026-03-31 10:43:44|gpt|web_search|12|JSON_SAVED||1729|9553c5cb-aa03-422b-ad4d-92c5e37fa4ab
2026-03-31 10:43:44|gpt|web_search|12|QUESTION_ADVANCE||1730|d096b69e-1093-4e08-a96f-6159c363cc35
2026-03-31 10:44:19|gpt|web_search|10|JSON_VERIFIED||1590|1531e657-def8-46fa-95dd-6945e8562c40
2026-03-31 10:44:19|gpt|web_search|10|QUESTION|10|1590|1531e657-def8-46fa-95dd-6945e8562c40
2026-03-31 10:44:19|gpt|web_search|10|JSON_SAVED||1590|1531e657-def8-46fa-95dd-6945e8562c40
2026-03-31 10:44:19|gpt|web_search|10|QUESTION_ADVANCE||1591|0c0830df-bcbb-4956-96f4-017bc7166f46
2026-03-31 10:46:20|gpt|web_search|11|QUESTION_SENT||1610|ff5577ae-5de1-40c9-b337-c3815db98cfe
2026-03-31 10:46:50|gpt|web_search|12|QUESTION_SENT||1730|d096b69e-1093-4e08-a96f-6159c363cc35
2026-03-31 10:46:55|gpt|web_search|11|JSON_VERIFIED||1610|ff5577ae-5de1-40c9-b337-c3815db98cfe
2026-03-31 10:46:55|gpt|web_search|11|QUESTION|13|1610|ff5577ae-5de1-40c9-b337-c3815db98cfe
2026-03-31 10:46:55|gpt|web_search|11|JSON_SAVED||1610|ff5577ae-5de1-40c9-b337-c3815db98cfe
2026-03-31 10:46:55|gpt|web_search|11|QUESTION_ADVANCE||1611|75120260-d87a-42a8-b69e-358fdc64d695
2026-03-31 10:47:03|gpt|web_search|10|QUESTION_SENT||1591|0c0830df-bcbb-4956-96f4-017bc7166f46
2026-03-31 10:47:44|gpt|web_search|12|JSON_VERIFIED||1730|d096b69e-1093-4e08-a96f-6159c363cc35
2026-03-31 10:47:44|gpt|web_search|12|QUESTION|12|1730|d096b69e-1093-4e08-a96f-6159c363cc35
2026-03-31 10:47:44|gpt|web_search|12|JSON_SAVED||1730|d096b69e-1093-4e08-a96f-6159c363cc35
2026-03-31 10:47:44|gpt|web_search|12|QUESTION_ADVANCE||1731|587bc3a3-7cca-4257-93a6-b64fa6c701c6
2026-03-31 10:47:50|gpt|web_search|10|JSON_VERIFIED||1591|0c0830df-bcbb-4956-96f4-017bc7166f46
2026-03-31 10:47:50|gpt|web_search|10|QUESTION|11|1591|0c0830df-bcbb-4956-96f4-017bc7166f46
2026-03-31 10:47:50|gpt|web_search|10|JSON_SAVED||1591|0c0830df-bcbb-4956-96f4-017bc7166f46
2026-03-31 10:47:50|gpt|web_search|10|QUESTION_ADVANCE||1592|a2ca7bc9-c313-4de5-8f3d-c670f19b868c
2026-03-31 10:49:57|gpt|web_search|11|QUESTION_SENT||1611|75120260-d87a-42a8-b69e-358fdc64d695
2026-03-31 10:50:20|gpt|web_search|11|JSON_VERIFY_FAILED||1611|75120260-d87a-42a8-b69e-358fdc64d695
2026-03-31 10:50:20|gpt|web_search|11|QUESTION|14|1611|75120260-d87a-42a8-b69e-358fdc64d695
2026-03-31 10:50:39|gpt|web_search|10|QUESTION_SENT||1592|a2ca7bc9-c313-4de5-8f3d-c670f19b868c
2026-03-31 10:50:43|gpt|web_search|12|QUESTION_SENT||1731|587bc3a3-7cca-4257-93a6-b64fa6c701c6
2026-03-31 10:51:36|gpt|web_search|12|JSON_VERIFIED||1731|587bc3a3-7cca-4257-93a6-b64fa6c701c6
2026-03-31 10:51:36|gpt|web_search|12|QUESTION|13|1731|587bc3a3-7cca-4257-93a6-b64fa6c701c6
2026-03-31 10:51:36|gpt|web_search|12|JSON_SAVED||1731|587bc3a3-7cca-4257-93a6-b64fa6c701c6
2026-03-31 10:51:36|gpt|web_search|12|QUESTION_ADVANCE||1732|54a13ac4-77f6-410d-ad5e-5a745552de39
2026-03-31 10:53:35|gpt|web_search|11|QUESTION_SENT||1611|75120260-d87a-42a8-b69e-358fdc64d695
2026-03-31 10:54:10|gpt|web_search|11|JSON_VERIFIED||1611|75120260-d87a-42a8-b69e-358fdc64d695
2026-03-31 10:54:10|gpt|web_search|11|QUESTION|15|1611|75120260-d87a-42a8-b69e-358fdc64d695
2026-03-31 10:54:10|gpt|web_search|11|JSON_SAVED||1611|75120260-d87a-42a8-b69e-358fdc64d695
2026-03-31 10:54:10|gpt|web_search|11|QUESTION_ADVANCE||1612|2f85a2e9-b36c-4544-85d0-c1c0d9baedd5
2026-03-31 10:54:14|gpt|web_search|10|QUESTION_SENT||1592|a2ca7bc9-c313-4de5-8f3d-c670f19b868c
2026-03-31 10:54:36|gpt|web_search|12|QUESTION_SENT||1732|54a13ac4-77f6-410d-ad5e-5a745552de39
2026-03-31 10:55:02|gpt|web_search|10|JSON_VERIFIED||1592|a2ca7bc9-c313-4de5-8f3d-c670f19b868c
2026-03-31 10:55:02|gpt|web_search|10|QUESTION|12|1592|a2ca7bc9-c313-4de5-8f3d-c670f19b868c
2026-03-31 10:55:02|gpt|web_search|10|JSON_SAVED||1592|a2ca7bc9-c313-4de5-8f3d-c670f19b868c
2026-03-31 10:55:02|gpt|web_search|10|QUESTION_ADVANCE||1593|671c28d9-d6ac-441c-8c4f-0b4fbc2936c3
2026-03-31 10:55:21|gpt|web_search|12|JSON_VERIFIED||1732|54a13ac4-77f6-410d-ad5e-5a745552de39
2026-03-31 10:55:21|gpt|web_search|12|QUESTION|14|1732|54a13ac4-77f6-410d-ad5e-5a745552de39
2026-03-31 10:55:21|gpt|web_search|12|JSON_SAVED||1732|54a13ac4-77f6-410d-ad5e-5a745552de39
2026-03-31 10:55:21|gpt|web_search|12|QUESTION_ADVANCE||1733|486a4777-3228-45f6-ab78-cdfa4477afce
2026-03-31 10:57:12|gpt|web_search|11|QUESTION_SENT||1612|2f85a2e9-b36c-4544-85d0-c1c0d9baedd5
2026-03-31 10:57:47|gpt|web_search|11|JSON_VERIFIED||1612|2f85a2e9-b36c-4544-85d0-c1c0d9baedd5
2026-03-31 10:57:47|gpt|web_search|11|QUESTION|16|1612|2f85a2e9-b36c-4544-85d0-c1c0d9baedd5
2026-03-31 10:57:47|gpt|web_search|11|JSON_SAVED||1612|2f85a2e9-b36c-4544-85d0-c1c0d9baedd5
2026-03-31 10:57:47|gpt|web_search|11|QUESTION_ADVANCE||1613|be30f8f7-8f8c-4bd1-9080-4861f6ba9f6f
2026-03-31 10:57:49|gpt|web_search|10|QUESTION_SENT||1593|671c28d9-d6ac-441c-8c4f-0b4fbc2936c3
2026-03-31 10:58:29|gpt|web_search|12|QUESTION_SENT||1733|486a4777-3228-45f6-ab78-cdfa4477afce
2026-03-31 10:58:45|gpt|web_search|10|JSON_VERIFIED||1593|671c28d9-d6ac-441c-8c4f-0b4fbc2936c3
2026-03-31 10:58:45|gpt|web_search|10|QUESTION|13|1593|671c28d9-d6ac-441c-8c4f-0b4fbc2936c3
2026-03-31 10:58:45|gpt|web_search|10|JSON_SAVED||1593|671c28d9-d6ac-441c-8c4f-0b4fbc2936c3
2026-03-31 10:58:45|gpt|web_search|10|QUESTION_ADVANCE||1594|a1584324-7f86-44dd-9ba9-9852189484a0
2026-03-31 10:59:26|gpt|web_search|12|JSON_VERIFIED||1733|486a4777-3228-45f6-ab78-cdfa4477afce
2026-03-31 10:59:26|gpt|web_search|12|QUESTION|15|1733|486a4777-3228-45f6-ab78-cdfa4477afce
2026-03-31 10:59:26|gpt|web_search|12|JSON_SAVED||1733|486a4777-3228-45f6-ab78-cdfa4477afce
2026-03-31 10:59:26|gpt|web_search|12|QUESTION_ADVANCE||1734|3ce786a5-66e6-47dc-9da1-494162bed688
2026-03-31 11:00:49|gpt|web_search|11|QUESTION_SENT||1613|be30f8f7-8f8c-4bd1-9080-4861f6ba9f6f
2026-03-31 11:01:24|gpt|web_search|10|QUESTION_SENT||1594|a1584324-7f86-44dd-9ba9-9852189484a0
2026-03-31 11:02:13|gpt|web_search|10|JSON_VERIFIED||1594|a1584324-7f86-44dd-9ba9-9852189484a0
2026-03-31 11:02:13|gpt|web_search|10|QUESTION|14|1594|a1584324-7f86-44dd-9ba9-9852189484a0
2026-03-31 11:02:13|gpt|web_search|10|JSON_SAVED||1594|a1584324-7f86-44dd-9ba9-9852189484a0
2026-03-31 11:02:13|gpt|web_search|10|QUESTION_ADVANCE||1595|50f52a56-8203-43ca-b577-20745efec5a1
2026-03-31 11:02:22|gpt|web_search|12|QUESTION_SENT||1734|3ce786a5-66e6-47dc-9da1-494162bed688
2026-03-31 11:03:09|gpt|web_search|12|JSON_VERIFY_FAILED||1734|3ce786a5-66e6-47dc-9da1-494162bed688
2026-03-31 11:03:09|gpt|web_search|12|QUESTION|16|1734|3ce786a5-66e6-47dc-9da1-494162bed688
2026-03-31 11:03:19|gpt|web_search|12|QUESTION_SENT||1734|3ce786a5-66e6-47dc-9da1-494162bed688
2026-03-31 11:03:49|gpt|web_search|12|JSON_VERIFIED||1734|3ce786a5-66e6-47dc-9da1-494162bed688
2026-03-31 11:03:49|gpt|web_search|12|QUESTION|17|1734|3ce786a5-66e6-47dc-9da1-494162bed688
2026-03-31 11:03:49|gpt|web_search|12|JSON_SAVED||1734|3ce786a5-66e6-47dc-9da1-494162bed688
2026-03-31 11:03:49|gpt|web_search|12|QUESTION_ADVANCE||1735|8977e378-a110-4a70-a7e3-48dce6fdbb06
2026-03-31 11:04:59|gpt|web_search|10|QUESTION_SENT||1595|50f52a56-8203-43ca-b577-20745efec5a1
2026-03-31 11:05:38|gpt|web_search|13|QUESTION_SENT||1759|5ae11534-4f20-4a3c-adc0-2e4fd9135270
2026-03-31 11:05:49|gpt|web_search|10|JSON_VERIFY_FAILED||1595|50f52a56-8203-43ca-b577-20745efec5a1
2026-03-31 11:05:49|gpt|web_search|10|QUESTION|15|1595|50f52a56-8203-43ca-b577-20745efec5a1
2026-03-31 11:05:59|gpt|web_search|10|QUESTION_SENT||1595|50f52a56-8203-43ca-b577-20745efec5a1
2026-03-31 11:06:30|gpt|web_search|10|JSON_VERIFIED||1595|50f52a56-8203-43ca-b577-20745efec5a1
2026-03-31 11:06:30|gpt|web_search|10|QUESTION|16|1595|50f52a56-8203-43ca-b577-20745efec5a1
2026-03-31 11:06:30|gpt|web_search|10|JSON_SAVED||1595|50f52a56-8203-43ca-b577-20745efec5a1
2026-03-31 11:06:30|gpt|web_search|10|QUESTION_ADVANCE||1596|e5697e3e-6225-4ea9-b936-db440628d6a5
2026-03-31 11:06:34|gpt|web_search|13|JSON_VERIFIED||1759|5ae11534-4f20-4a3c-adc0-2e4fd9135270
2026-03-31 11:06:34|gpt|web_search|13|QUESTION|10|1759|5ae11534-4f20-4a3c-adc0-2e4fd9135270
2026-03-31 11:06:34|gpt|web_search|13|JSON_SAVED||1759|5ae11534-4f20-4a3c-adc0-2e4fd9135270
2026-03-31 11:06:34|gpt|web_search|13|QUESTION_ADVANCE||1760|3bba75bd-b3da-4155-ac64-e10eff8c8fe2
2026-03-31 11:07:12|gpt|web_search|12|QUESTION_SENT||1735|8977e378-a110-4a70-a7e3-48dce6fdbb06
2026-03-31 11:07:41|gpt|web_search|11|QUESTION_SENT||1613|be30f8f7-8f8c-4bd1-9080-4861f6ba9f6f
2026-03-31 11:08:01|gpt|web_search|12|JSON_VERIFIED||1735|8977e378-a110-4a70-a7e3-48dce6fdbb06
2026-03-31 11:08:01|gpt|web_search|12|QUESTION|18|1735|8977e378-a110-4a70-a7e3-48dce6fdbb06
2026-03-31 11:08:01|gpt|web_search|12|JSON_SAVED||1735|8977e378-a110-4a70-a7e3-48dce6fdbb06
2026-03-31 11:08:01|gpt|web_search|12|QUESTION_ADVANCE||1736|830f5c6d-4f27-4575-b9e8-f474ae41c9ff
2026-03-31 11:08:27|gpt|web_search|11|JSON_VERIFIED||1613|be30f8f7-8f8c-4bd1-9080-4861f6ba9f6f
2026-03-31 11:08:27|gpt|web_search|11|QUESTION|17|1613|be30f8f7-8f8c-4bd1-9080-4861f6ba9f6f
2026-03-31 11:08:27|gpt|web_search|11|JSON_SAVED||1613|be30f8f7-8f8c-4bd1-9080-4861f6ba9f6f
2026-03-31 11:08:27|gpt|web_search|11|QUESTION_ADVANCE||1614|da8a46ce-3ec6-408b-a83d-76923bf78399
2026-03-31 11:09:11|gpt|web_search|13|QUESTION_SENT||1760|3bba75bd-b3da-4155-ac64-e10eff8c8fe2
2026-03-31 11:09:35|gpt|web_search|10|QUESTION_SENT||1596|e5697e3e-6225-4ea9-b936-db440628d6a5
2026-03-31 11:09:57|gpt|web_search|13|JSON_VERIFIED||1760|3bba75bd-b3da-4155-ac64-e10eff8c8fe2
2026-03-31 11:09:57|gpt|web_search|13|QUESTION|11|1760|3bba75bd-b3da-4155-ac64-e10eff8c8fe2
2026-03-31 11:09:57|gpt|web_search|13|JSON_SAVED||1760|3bba75bd-b3da-4155-ac64-e10eff8c8fe2
2026-03-31 11:09:57|gpt|web_search|13|QUESTION_ADVANCE||1761|026f41ad-dec1-4997-ad1c-6d097f866560
2026-03-31 11:10:25|gpt|web_search|10|JSON_VERIFIED||1596|e5697e3e-6225-4ea9-b936-db440628d6a5
2026-03-31 11:10:25|gpt|web_search|10|QUESTION|17|1596|e5697e3e-6225-4ea9-b936-db440628d6a5
2026-03-31 11:10:25|gpt|web_search|10|JSON_SAVED||1596|e5697e3e-6225-4ea9-b936-db440628d6a5
2026-03-31 11:10:25|gpt|web_search|10|QUESTION_ADVANCE||1597|a60d32de-7a87-4bca-a0e2-c3f3fef6d056
2026-03-31 11:11:05|gpt|web_search|12|QUESTION_SENT||1736|830f5c6d-4f27-4575-b9e8-f474ae41c9ff
2026-03-31 11:11:18|gpt|web_search|11|QUESTION_SENT||1614|da8a46ce-3ec6-408b-a83d-76923bf78399
2026-03-31 11:12:00|gpt|web_search|12|JSON_VERIFIED||1736|830f5c6d-4f27-4575-b9e8-f474ae41c9ff
2026-03-31 11:12:00|gpt|web_search|12|QUESTION|19|1736|830f5c6d-4f27-4575-b9e8-f474ae41c9ff
2026-03-31 11:12:00|gpt|web_search|12|JSON_SAVED||1736|830f5c6d-4f27-4575-b9e8-f474ae41c9ff
2026-03-31 11:12:00|gpt|web_search|12|QUESTION_ADVANCE||1737|26eda7f5-1080-4912-bc34-61f4cf4daa3d
2026-03-31 11:12:07|gpt|web_search|11|JSON_VERIFIED||1614|da8a46ce-3ec6-408b-a83d-76923bf78399
2026-03-31 11:12:07|gpt|web_search|11|QUESTION|18|1614|da8a46ce-3ec6-408b-a83d-76923bf78399
2026-03-31 11:12:07|gpt|web_search|11|JSON_SAVED||1614|da8a46ce-3ec6-408b-a83d-76923bf78399
2026-03-31 11:12:07|gpt|web_search|11|QUESTION_ADVANCE||1615|92366eab-ed6e-4922-be27-68347066981a
2026-03-31 11:12:44|gpt|web_search|13|QUESTION_SENT||1761|026f41ad-dec1-4997-ad1c-6d097f866560
2026-03-31 11:13:10|gpt|web_search|10|QUESTION_SENT||1597|a60d32de-7a87-4bca-a0e2-c3f3fef6d056
2026-03-31 11:13:30|gpt|web_search|13|JSON_VERIFIED||1761|026f41ad-dec1-4997-ad1c-6d097f866560
2026-03-31 11:13:30|gpt|web_search|13|QUESTION|12|1761|026f41ad-dec1-4997-ad1c-6d097f866560
2026-03-31 11:13:30|gpt|web_search|13|JSON_SAVED||1761|026f41ad-dec1-4997-ad1c-6d097f866560
2026-03-31 11:13:30|gpt|web_search|13|QUESTION_ADVANCE||1762|8fae323a-6e11-43ef-b344-9b975ac6d7a7
2026-03-31 11:13:57|gpt|web_search|10|JSON_VERIFIED||1597|a60d32de-7a87-4bca-a0e2-c3f3fef6d056
2026-03-31 11:13:57|gpt|web_search|10|QUESTION|18|1597|a60d32de-7a87-4bca-a0e2-c3f3fef6d056
2026-03-31 11:13:57|gpt|web_search|10|JSON_SAVED||1597|a60d32de-7a87-4bca-a0e2-c3f3fef6d056
2026-03-31 11:13:57|gpt|web_search|10|QUESTION_ADVANCE||1598|c9a09870-9db0-443d-bdda-2e3f54a4feb6
2026-03-31 11:14:55|gpt|web_search|11|QUESTION_SENT||1615|92366eab-ed6e-4922-be27-68347066981a
2026-03-31 11:14:58|gpt|web_search|12|QUESTION_SENT||1737|26eda7f5-1080-4912-bc34-61f4cf4daa3d
2026-03-31 11:15:34|gpt|web_search|11|JSON_VERIFIED||1615|92366eab-ed6e-4922-be27-68347066981a
2026-03-31 11:15:34|gpt|web_search|11|QUESTION|19|1615|92366eab-ed6e-4922-be27-68347066981a
2026-03-31 11:15:34|gpt|web_search|11|JSON_SAVED||1615|92366eab-ed6e-4922-be27-68347066981a
2026-03-31 11:15:34|gpt|web_search|11|QUESTION_ADVANCE||1616|b3adcef4-cc14-4ce1-8257-0d28f4f8185c
2026-03-31 11:15:47|gpt|web_search|12|JSON_VERIFIED||1737|26eda7f5-1080-4912-bc34-61f4cf4daa3d
2026-03-31 11:15:47|gpt|web_search|12|QUESTION|20|1737|26eda7f5-1080-4912-bc34-61f4cf4daa3d
2026-03-31 11:15:47|gpt|web_search|12|JSON_SAVED||1737|26eda7f5-1080-4912-bc34-61f4cf4daa3d
2026-03-31 11:15:47|gpt|web_search|12|QUESTION_ADVANCE||1738|53edee08-eb45-4712-ae57-8f28dda111bc
2026-03-31 11:16:17|gpt|web_search|13|QUESTION_SENT||1762|8fae323a-6e11-43ef-b344-9b975ac6d7a7
2026-03-31 11:16:45|gpt|web_search|10|QUESTION_SENT||1598|c9a09870-9db0-443d-bdda-2e3f54a4feb6
2026-03-31 11:16:58|gpt|web_search|13|JSON_VERIFIED||1762|8fae323a-6e11-43ef-b344-9b975ac6d7a7
2026-03-31 11:16:58|gpt|web_search|13|QUESTION|13|1762|8fae323a-6e11-43ef-b344-9b975ac6d7a7
2026-03-31 11:16:58|gpt|web_search|13|JSON_SAVED||1762|8fae323a-6e11-43ef-b344-9b975ac6d7a7
2026-03-31 11:16:58|gpt|web_search|13|QUESTION_ADVANCE||1763|e4409c60-4fbb-4b53-ad76-b557fd57d649
2026-03-31 11:17:36|gpt|web_search|10|JSON_VERIFIED||1598|c9a09870-9db0-443d-bdda-2e3f54a4feb6
2026-03-31 11:17:36|gpt|web_search|10|QUESTION|19|1598|c9a09870-9db0-443d-bdda-2e3f54a4feb6
2026-03-31 11:17:36|gpt|web_search|10|JSON_SAVED||1598|c9a09870-9db0-443d-bdda-2e3f54a4feb6
2026-03-31 11:17:36|gpt|web_search|10|QUESTION_ADVANCE||1599|47e6957d-3ad3-4885-8796-34859e3e7d90
2026-03-31 11:18:33|gpt|web_search|11|QUESTION_SENT||1616|b3adcef4-cc14-4ce1-8257-0d28f4f8185c
2026-03-31 11:18:52|gpt|web_search|12|QUESTION_SENT||1738|53edee08-eb45-4712-ae57-8f28dda111bc
2026-03-31 11:19:07|gpt|web_search|11|JSON_VERIFIED||1616|b3adcef4-cc14-4ce1-8257-0d28f4f8185c
2026-03-31 11:19:07|gpt|web_search|11|QUESTION|20|1616|b3adcef4-cc14-4ce1-8257-0d28f4f8185c
2026-03-31 11:19:07|gpt|web_search|11|JSON_SAVED||1616|b3adcef4-cc14-4ce1-8257-0d28f4f8185c
2026-03-31 11:19:07|gpt|web_search|11|QUESTION_ADVANCE||1617|02627d91-c756-419e-88e7-666be8a78320
2026-03-31 11:19:42|gpt|web_search|12|JSON_VERIFIED||1738|53edee08-eb45-4712-ae57-8f28dda111bc
2026-03-31 11:19:42|gpt|web_search|12|QUESTION|21|1738|53edee08-eb45-4712-ae57-8f28dda111bc
2026-03-31 11:19:42|gpt|web_search|12|JSON_SAVED||1738|53edee08-eb45-4712-ae57-8f28dda111bc
2026-03-31 11:19:42|gpt|web_search|12|QUESTION_ADVANCE||1739|497ff419-f7bf-493d-8406-2570d8501397
2026-03-31 11:19:50|gpt|web_search|13|QUESTION_SENT||1763|e4409c60-4fbb-4b53-ad76-b557fd57d649
2026-03-31 11:20:20|gpt|web_search|10|QUESTION_SENT||1599|47e6957d-3ad3-4885-8796-34859e3e7d90
2026-03-31 11:20:37|gpt|web_search|13|JSON_VERIFIED||1763|e4409c60-4fbb-4b53-ad76-b557fd57d649
2026-03-31 11:20:37|gpt|web_search|13|QUESTION|14|1763|e4409c60-4fbb-4b53-ad76-b557fd57d649
2026-03-31 11:20:37|gpt|web_search|13|JSON_SAVED||1763|e4409c60-4fbb-4b53-ad76-b557fd57d649
2026-03-31 11:20:37|gpt|web_search|13|QUESTION_ADVANCE||1764|385d8ee3-7876-4551-99bb-c9e5e9d45fd4
2026-03-31 11:21:16|gpt|web_search|10|JSON_VERIFIED||1599|47e6957d-3ad3-4885-8796-34859e3e7d90
2026-03-31 11:21:16|gpt|web_search|10|QUESTION|20|1599|47e6957d-3ad3-4885-8796-34859e3e7d90
2026-03-31 11:21:16|gpt|web_search|10|JSON_SAVED||1599|47e6957d-3ad3-4885-8796-34859e3e7d90
2026-03-31 11:21:16|gpt|web_search|10|QUESTION_ADVANCE||1600|717eb98f-ac2b-406d-8a29-b4625ea55c7a
2026-03-31 11:22:10|gpt|web_search|11|QUESTION_SENT||1617|02627d91-c756-419e-88e7-666be8a78320
2026-03-31 11:22:45|gpt|web_search|12|QUESTION_SENT||1739|497ff419-f7bf-493d-8406-2570d8501397
2026-03-31 11:22:46|gpt|web_search|11|JSON_VERIFIED||1617|02627d91-c756-419e-88e7-666be8a78320
2026-03-31 11:22:46|gpt|web_search|11|QUESTION|21|1617|02627d91-c756-419e-88e7-666be8a78320
2026-03-31 11:22:46|gpt|web_search|11|JSON_SAVED||1617|02627d91-c756-419e-88e7-666be8a78320
2026-03-31 11:22:46|gpt|web_search|11|QUESTION_ADVANCE||1618|ec5d3648-d21a-4649-80de-8b9fedf76a8d
2026-03-31 11:23:23|gpt|web_search|13|QUESTION_SENT||1764|385d8ee3-7876-4551-99bb-c9e5e9d45fd4
2026-03-31 11:23:55|gpt|web_search|10|QUESTION_SENT||1600|717eb98f-ac2b-406d-8a29-b4625ea55c7a
2026-03-31 11:24:13|gpt|web_search|13|JSON_VERIFIED||1764|385d8ee3-7876-4551-99bb-c9e5e9d45fd4
2026-03-31 11:24:13|gpt|web_search|13|QUESTION|15|1764|385d8ee3-7876-4551-99bb-c9e5e9d45fd4
2026-03-31 11:24:13|gpt|web_search|13|JSON_SAVED||1764|385d8ee3-7876-4551-99bb-c9e5e9d45fd4
2026-03-31 11:24:13|gpt|web_search|13|QUESTION_ADVANCE||1765|a972024b-290b-4f96-9982-80203e5dc933
2026-03-31 11:24:41|gpt|web_search|10|JSON_VERIFIED||1600|717eb98f-ac2b-406d-8a29-b4625ea55c7a
2026-03-31 11:24:41|gpt|web_search|10|QUESTION|21|1600|717eb98f-ac2b-406d-8a29-b4625ea55c7a
2026-03-31 11:24:41|gpt|web_search|10|JSON_SAVED||1600|717eb98f-ac2b-406d-8a29-b4625ea55c7a
2026-03-31 11:24:42|gpt|web_search|10|STOP||1601|
2026-03-31 11:25:47|gpt|web_search|11|QUESTION_SENT||1618|ec5d3648-d21a-4649-80de-8b9fedf76a8d
2026-03-31 11:26:22|gpt|web_search|11|JSON_VERIFIED||1618|ec5d3648-d21a-4649-80de-8b9fedf76a8d
2026-03-31 11:26:22|gpt|web_search|11|QUESTION|22|1618|ec5d3648-d21a-4649-80de-8b9fedf76a8d
2026-03-31 11:26:22|gpt|web_search|11|JSON_SAVED||1618|ec5d3648-d21a-4649-80de-8b9fedf76a8d
2026-03-31 11:26:22|gpt|web_search|11|QUESTION_ADVANCE||1619|f243d378-919b-450d-a18a-9e10fe79b24c
2026-03-31 11:26:37|gpt|web_search|12|QUESTION_SENT||1739|497ff419-f7bf-493d-8406-2570d8501397
2026-03-31 11:26:56|gpt|web_search|13|QUESTION_SENT||1765|a972024b-290b-4f96-9982-80203e5dc933
2026-03-31 11:27:32|gpt|web_search|12|JSON_VERIFIED||1739|497ff419-f7bf-493d-8406-2570d8501397
2026-03-31 11:27:32|gpt|web_search|12|QUESTION|22|1739|497ff419-f7bf-493d-8406-2570d8501397
2026-03-31 11:27:32|gpt|web_search|12|JSON_SAVED||1739|497ff419-f7bf-493d-8406-2570d8501397
2026-03-31 11:27:32|gpt|web_search|12|QUESTION_ADVANCE||1740|18598ce0-a00c-4516-b141-3fcf201902df
2026-03-31 11:27:45|gpt|web_search|13|JSON_VERIFIED||1765|a972024b-290b-4f96-9982-80203e5dc933
2026-03-31 11:27:45|gpt|web_search|13|QUESTION|16|1765|a972024b-290b-4f96-9982-80203e5dc933
2026-03-31 11:27:45|gpt|web_search|13|JSON_SAVED||1765|a972024b-290b-4f96-9982-80203e5dc933
2026-03-31 11:27:45|gpt|web_search|13|QUESTION_ADVANCE||1766|43f1020f-7fb0-484f-b28c-6a8cedcc56ef
2026-03-31 11:29:24|gpt|web_search|11|QUESTION_SENT||1619|f243d378-919b-450d-a18a-9e10fe79b24c
2026-03-31 11:29:59|gpt|web_search|11|JSON_VERIFIED||1619|f243d378-919b-450d-a18a-9e10fe79b24c
2026-03-31 11:29:59|gpt|web_search|11|QUESTION|23|1619|f243d378-919b-450d-a18a-9e10fe79b24c
2026-03-31 11:29:59|gpt|web_search|11|JSON_SAVED||1619|f243d378-919b-450d-a18a-9e10fe79b24c
2026-03-31 11:29:59|gpt|web_search|11|QUESTION_ADVANCE||1620|0574f0d7-e1b3-4b28-806c-6acb8eccc840
2026-03-31 11:30:30|gpt|web_search|13|QUESTION_SENT||1766|43f1020f-7fb0-484f-b28c-6a8cedcc56ef
2026-03-31 11:31:09|gpt|web_search|10|RESTART||1871|a5cc4471-d211-457f-84b9-d28581e53dd9
2026-03-31 11:31:47|gpt|web_search|10|QUESTION_SENT||1871|a5cc4471-d211-457f-84b9-d28581e53dd9
2026-03-31 11:32:37|gpt|web_search|10|JSON_VERIFIED||1871|a5cc4471-d211-457f-84b9-d28581e53dd9
2026-03-31 11:32:37|gpt|web_search|10|QUESTION|1|1871|a5cc4471-d211-457f-84b9-d28581e53dd9
2026-03-31 11:32:37|gpt|web_search|10|JSON_SAVED||1871|a5cc4471-d211-457f-84b9-d28581e53dd9
2026-03-31 11:32:37|gpt|web_search|10|QUESTION_ADVANCE||1872|b9df3c46-5ab8-4ffe-8b34-76950d4a3ad7
2026-03-31 11:33:01|gpt|web_search|11|QUESTION_SENT||1620|0574f0d7-e1b3-4b28-806c-6acb8eccc840
2026-03-31 11:33:39|gpt|web_search|11|JSON_VERIFIED||1620|0574f0d7-e1b3-4b28-806c-6acb8eccc840
2026-03-31 11:33:39|gpt|web_search|11|QUESTION|24|1620|0574f0d7-e1b3-4b28-806c-6acb8eccc840
2026-03-31 11:33:39|gpt|web_search|11|JSON_SAVED||1620|0574f0d7-e1b3-4b28-806c-6acb8eccc840
2026-03-31 11:33:39|gpt|web_search|11|QUESTION_ADVANCE||1621|49faf71a-50ea-428a-b34d-ba2b5a1dc6e1
2026-03-31 11:34:03|gpt|web_search|13|QUESTION_SENT||1766|43f1020f-7fb0-484f-b28c-6a8cedcc56ef
2026-03-31 11:34:53|gpt|web_search|13|JSON_VERIFIED||1766|43f1020f-7fb0-484f-b28c-6a8cedcc56ef
2026-03-31 11:34:53|gpt|web_search|13|QUESTION|17|1766|43f1020f-7fb0-484f-b28c-6a8cedcc56ef
2026-03-31 11:34:53|gpt|web_search|13|JSON_SAVED||1766|43f1020f-7fb0-484f-b28c-6a8cedcc56ef
2026-03-31 11:34:53|gpt|web_search|13|QUESTION_ADVANCE||1767|b2ee74b7-cf71-4ebf-ba6d-a11423578fe2
2026-03-31 11:35:22|gpt|web_search|10|QUESTION_SENT||1872|b9df3c46-5ab8-4ffe-8b34-76950d4a3ad7
2026-03-31 11:36:17|gpt|web_search|10|JSON_VERIFIED||1872|b9df3c46-5ab8-4ffe-8b34-76950d4a3ad7
2026-03-31 11:36:17|gpt|web_search|10|QUESTION|2|1872|b9df3c46-5ab8-4ffe-8b34-76950d4a3ad7
2026-03-31 11:36:17|gpt|web_search|10|JSON_SAVED||1872|b9df3c46-5ab8-4ffe-8b34-76950d4a3ad7
2026-03-31 11:36:17|gpt|web_search|10|QUESTION_ADVANCE||1873|b1156120-7b4d-4fc4-a390-12e42ba0d86e
2026-03-31 11:36:38|gpt|web_search|11|QUESTION_SENT||1621|49faf71a-50ea-428a-b34d-ba2b5a1dc6e1
2026-03-31 11:37:14|gpt|web_search|11|JSON_VERIFIED||1621|49faf71a-50ea-428a-b34d-ba2b5a1dc6e1
2026-03-31 11:37:14|gpt|web_search|11|QUESTION|25|1621|49faf71a-50ea-428a-b34d-ba2b5a1dc6e1
2026-03-31 11:37:14|gpt|web_search|11|JSON_SAVED||1621|49faf71a-50ea-428a-b34d-ba2b5a1dc6e1
2026-03-31 11:37:14|gpt|web_search|11|QUESTION_ADVANCE||1622|e0284f49-3faa-42c9-86ae-32f302118010
2026-03-31 11:37:36|gpt|web_search|13|QUESTION_SENT||1767|b2ee74b7-cf71-4ebf-ba6d-a11423578fe2
2026-03-31 11:38:25|gpt|web_search|13|JSON_VERIFIED||1767|b2ee74b7-cf71-4ebf-ba6d-a11423578fe2
2026-03-31 11:38:25|gpt|web_search|13|QUESTION|18|1767|b2ee74b7-cf71-4ebf-ba6d-a11423578fe2
2026-03-31 11:38:25|gpt|web_search|13|JSON_SAVED||1767|b2ee74b7-cf71-4ebf-ba6d-a11423578fe2
2026-03-31 11:38:25|gpt|web_search|13|QUESTION_ADVANCE||1768|ad00512d-6ac3-4674-b2d6-7dbaec53ebcd
2026-03-31 11:38:58|gpt|web_search|10|QUESTION_SENT||1873|b1156120-7b4d-4fc4-a390-12e42ba0d86e
2026-03-31 11:39:49|gpt|web_search|10|JSON_VERIFIED||1873|b1156120-7b4d-4fc4-a390-12e42ba0d86e
2026-03-31 11:39:49|gpt|web_search|10|QUESTION|3|1873|b1156120-7b4d-4fc4-a390-12e42ba0d86e
2026-03-31 11:39:49|gpt|web_search|10|JSON_SAVED||1873|b1156120-7b4d-4fc4-a390-12e42ba0d86e
2026-03-31 11:39:49|gpt|web_search|10|QUESTION_ADVANCE||1874|bc2ff9d5-57ac-4cc8-a196-cabf82a5677f
2026-03-31 11:40:15|gpt|web_search|11|QUESTION_SENT||1622|e0284f49-3faa-42c9-86ae-32f302118010
2026-03-31 11:40:50|gpt|web_search|11|JSON_VERIFIED||1622|e0284f49-3faa-42c9-86ae-32f302118010
2026-03-31 11:40:50|gpt|web_search|11|QUESTION|26|1622|e0284f49-3faa-42c9-86ae-32f302118010
2026-03-31 11:40:50|gpt|web_search|11|JSON_SAVED||1622|e0284f49-3faa-42c9-86ae-32f302118010
2026-03-31 11:40:50|gpt|web_search|11|QUESTION_ADVANCE||1623|065b9908-c1ad-4a57-9065-131fec74360d
2026-03-31 11:41:09|gpt|web_search|13|QUESTION_SENT||1768|ad00512d-6ac3-4674-b2d6-7dbaec53ebcd
2026-03-31 11:41:56|gpt|web_search|13|JSON_VERIFIED||1768|ad00512d-6ac3-4674-b2d6-7dbaec53ebcd
2026-03-31 11:41:56|gpt|web_search|13|QUESTION|19|1768|ad00512d-6ac3-4674-b2d6-7dbaec53ebcd
2026-03-31 11:41:56|gpt|web_search|13|JSON_SAVED||1768|ad00512d-6ac3-4674-b2d6-7dbaec53ebcd
2026-03-31 11:41:56|gpt|web_search|13|QUESTION_ADVANCE||1769|75d40d69-68e6-4136-9f65-525c2552e9d8
2026-03-31 11:42:33|gpt|web_search|10|QUESTION_SENT||1874|bc2ff9d5-57ac-4cc8-a196-cabf82a5677f
2026-03-31 11:43:23|gpt|web_search|10|JSON_VERIFIED||1874|bc2ff9d5-57ac-4cc8-a196-cabf82a5677f
2026-03-31 11:43:23|gpt|web_search|10|QUESTION|4|1874|bc2ff9d5-57ac-4cc8-a196-cabf82a5677f
2026-03-31 11:43:23|gpt|web_search|10|JSON_SAVED||1874|bc2ff9d5-57ac-4cc8-a196-cabf82a5677f
2026-03-31 11:43:23|gpt|web_search|10|QUESTION_ADVANCE||1875|21b29614-02bc-4405-a7f6-206e9a5110bf
2026-03-31 11:43:52|gpt|web_search|11|QUESTION_SENT||1623|065b9908-c1ad-4a57-9065-131fec74360d
2026-03-31 11:44:29|gpt|web_search|11|JSON_VERIFIED||1623|065b9908-c1ad-4a57-9065-131fec74360d
2026-03-31 11:44:29|gpt|web_search|11|QUESTION|27|1623|065b9908-c1ad-4a57-9065-131fec74360d
2026-03-31 11:44:29|gpt|web_search|11|JSON_SAVED||1623|065b9908-c1ad-4a57-9065-131fec74360d
2026-03-31 11:44:29|gpt|web_search|11|QUESTION_ADVANCE||1624|5d3a6534-6ff5-4043-9c3c-e2ec76bdea8c
2026-03-31 11:44:42|gpt|web_search|13|QUESTION_SENT||1769|75d40d69-68e6-4136-9f65-525c2552e9d8
2026-03-31 11:45:25|gpt|web_search|13|JSON_VERIFIED||1769|75d40d69-68e6-4136-9f65-525c2552e9d8
2026-03-31 11:45:25|gpt|web_search|13|QUESTION|20|1769|75d40d69-68e6-4136-9f65-525c2552e9d8
2026-03-31 11:45:25|gpt|web_search|13|JSON_SAVED||1769|75d40d69-68e6-4136-9f65-525c2552e9d8
2026-03-31 11:45:25|gpt|web_search|13|QUESTION_ADVANCE||1770|d181acd6-5276-4612-97a9-f19c7ea539c9
2026-03-31 11:46:08|gpt|web_search|10|QUESTION_SENT||1875|21b29614-02bc-4405-a7f6-206e9a5110bf
2026-03-31 11:46:51|gpt|web_search|10|JSON_VERIFIED||1875|21b29614-02bc-4405-a7f6-206e9a5110bf
2026-03-31 11:46:51|gpt|web_search|10|QUESTION|5|1875|21b29614-02bc-4405-a7f6-206e9a5110bf
2026-03-31 11:46:51|gpt|web_search|10|JSON_SAVED||1875|21b29614-02bc-4405-a7f6-206e9a5110bf
2026-03-31 11:46:51|gpt|web_search|10|QUESTION_ADVANCE||1876|f5151061-ebab-46a1-9fd6-0ca477425705
2026-03-31 11:47:29|gpt|web_search|11|QUESTION_SENT||1624|5d3a6534-6ff5-4043-9c3c-e2ec76bdea8c
2026-03-31 11:48:06|gpt|web_search|11|JSON_VERIFIED||1624|5d3a6534-6ff5-4043-9c3c-e2ec76bdea8c
2026-03-31 11:48:06|gpt|web_search|11|QUESTION|28|1624|5d3a6534-6ff5-4043-9c3c-e2ec76bdea8c
2026-03-31 11:48:06|gpt|web_search|11|JSON_SAVED||1624|5d3a6534-6ff5-4043-9c3c-e2ec76bdea8c
2026-03-31 11:48:06|gpt|web_search|11|QUESTION_ADVANCE||1625|05c76e28-a0b6-4ad1-9268-13b0dc4c936e
2026-03-31 11:48:15|gpt|web_search|13|QUESTION_SENT||1770|d181acd6-5276-4612-97a9-f19c7ea539c9
2026-03-31 11:49:43|gpt|web_search|10|QUESTION_SENT||1876|f5151061-ebab-46a1-9fd6-0ca477425705
2026-03-31 11:50:31|gpt|web_search|10|JSON_VERIFIED||1876|f5151061-ebab-46a1-9fd6-0ca477425705
2026-03-31 11:50:31|gpt|web_search|10|QUESTION|6|1876|f5151061-ebab-46a1-9fd6-0ca477425705
2026-03-31 11:50:31|gpt|web_search|10|JSON_SAVED||1876|f5151061-ebab-46a1-9fd6-0ca477425705
2026-03-31 11:50:31|gpt|web_search|10|QUESTION_ADVANCE||1877|c6b44322-e4f3-40e6-a7b0-725aba8d3961
2026-03-31 11:51:06|gpt|web_search|11|QUESTION_SENT||1625|05c76e28-a0b6-4ad1-9268-13b0dc4c936e
2026-03-31 11:51:43|gpt|web_search|11|JSON_VERIFIED||1625|05c76e28-a0b6-4ad1-9268-13b0dc4c936e
2026-03-31 11:51:43|gpt|web_search|11|QUESTION|29|1625|05c76e28-a0b6-4ad1-9268-13b0dc4c936e
2026-03-31 11:51:43|gpt|web_search|11|JSON_SAVED||1625|05c76e28-a0b6-4ad1-9268-13b0dc4c936e
2026-03-31 11:51:43|gpt|web_search|11|QUESTION_ADVANCE||1626|535f3421-a6a0-42de-a3ea-a4affba40f11
2026-03-31 11:51:48|gpt|web_search|13|QUESTION_SENT||1770|d181acd6-5276-4612-97a9-f19c7ea539c9
2026-03-31 11:52:35|gpt|web_search|13|JSON_VERIFIED||1770|d181acd6-5276-4612-97a9-f19c7ea539c9
2026-03-31 11:52:35|gpt|web_search|13|QUESTION|21|1770|d181acd6-5276-4612-97a9-f19c7ea539c9
2026-03-31 11:52:35|gpt|web_search|13|JSON_SAVED||1770|d181acd6-5276-4612-97a9-f19c7ea539c9
2026-03-31 11:52:35|gpt|web_search|13|QUESTION_ADVANCE||1771|f6b360a2-0507-4e38-ab13-ff9550e13cf8
2026-03-31 11:53:18|gpt|web_search|10|QUESTION_SENT||1877|c6b44322-e4f3-40e6-a7b0-725aba8d3961
2026-03-31 11:54:04|gpt|web_search|10|JSON_VERIFIED||1877|c6b44322-e4f3-40e6-a7b0-725aba8d3961
2026-03-31 11:54:04|gpt|web_search|10|QUESTION|7|1877|c6b44322-e4f3-40e6-a7b0-725aba8d3961
2026-03-31 11:54:04|gpt|web_search|10|JSON_SAVED||1877|c6b44322-e4f3-40e6-a7b0-725aba8d3961
2026-03-31 11:54:04|gpt|web_search|10|QUESTION_ADVANCE||1878|e2a3ca2e-049b-41f4-8b6b-9b1938631f2a
2026-03-31 11:54:43|gpt|web_search|11|QUESTION_SENT||1626|535f3421-a6a0-42de-a3ea-a4affba40f11
2026-03-31 11:55:21|gpt|web_search|11|JSON_VERIFIED||1626|535f3421-a6a0-42de-a3ea-a4affba40f11
2026-03-31 11:55:21|gpt|web_search|11|QUESTION|30|1626|535f3421-a6a0-42de-a3ea-a4affba40f11
2026-03-31 11:55:21|gpt|web_search|11|JSON_SAVED||1626|535f3421-a6a0-42de-a3ea-a4affba40f11
2026-03-31 11:55:21|gpt|web_search|11|QUESTION_ADVANCE||1627|f4ad64a0-d014-435a-98db-5e3625af71c0
2026-03-31 11:55:22|gpt|web_search|13|QUESTION_SENT||1771|f6b360a2-0507-4e38-ab13-ff9550e13cf8
2026-03-31 11:56:04|gpt|web_search|13|JSON_VERIFIED||1771|f6b360a2-0507-4e38-ab13-ff9550e13cf8
2026-03-31 11:56:04|gpt|web_search|13|QUESTION|22|1771|f6b360a2-0507-4e38-ab13-ff9550e13cf8
2026-03-31 11:56:04|gpt|web_search|13|JSON_SAVED||1771|f6b360a2-0507-4e38-ab13-ff9550e13cf8
2026-03-31 11:56:04|gpt|web_search|13|QUESTION_ADVANCE||1772|1b5c66b1-fa7f-41fd-a1ef-6106e4f26a81
2026-03-31 11:56:53|gpt|web_search|10|QUESTION_SENT||1878|e2a3ca2e-049b-41f4-8b6b-9b1938631f2a
2026-03-31 11:57:43|gpt|web_search|10|JSON_VERIFIED||1878|e2a3ca2e-049b-41f4-8b6b-9b1938631f2a
2026-03-31 11:57:43|gpt|web_search|10|QUESTION|8|1878|e2a3ca2e-049b-41f4-8b6b-9b1938631f2a
2026-03-31 11:57:43|gpt|web_search|10|JSON_SAVED||1878|e2a3ca2e-049b-41f4-8b6b-9b1938631f2a
2026-03-31 11:57:43|gpt|web_search|10|QUESTION_ADVANCE||1879|3eb9bb27-df08-4382-9c7d-9b13d37af61c
2026-03-31 11:58:20|gpt|web_search|11|QUESTION_SENT||1627|f4ad64a0-d014-435a-98db-5e3625af71c0
2026-03-31 11:58:55|gpt|web_search|13|QUESTION_SENT||1772|1b5c66b1-fa7f-41fd-a1ef-6106e4f26a81
2026-03-31 11:58:57|gpt|web_search|11|JSON_VERIFIED||1627|f4ad64a0-d014-435a-98db-5e3625af71c0
2026-03-31 11:58:57|gpt|web_search|11|QUESTION|31|1627|f4ad64a0-d014-435a-98db-5e3625af71c0
2026-03-31 11:58:57|gpt|web_search|11|JSON_SAVED||1627|f4ad64a0-d014-435a-98db-5e3625af71c0
2026-03-31 11:58:57|gpt|web_search|11|QUESTION_ADVANCE||1628|09fffffe-8a76-4c40-907e-116ad75b2738
2026-03-31 12:00:28|gpt|web_search|10|QUESTION_SENT||1879|3eb9bb27-df08-4382-9c7d-9b13d37af61c
2026-03-31 12:01:14|gpt|web_search|10|JSON_VERIFIED||1879|3eb9bb27-df08-4382-9c7d-9b13d37af61c
2026-03-31 12:01:14|gpt|web_search|10|QUESTION|9|1879|3eb9bb27-df08-4382-9c7d-9b13d37af61c
2026-03-31 12:01:14|gpt|web_search|10|JSON_SAVED||1879|3eb9bb27-df08-4382-9c7d-9b13d37af61c
2026-03-31 12:01:14|gpt|web_search|10|QUESTION_ADVANCE||1880|89e85b1c-a827-4f75-9038-efc240498540
2026-03-31 12:01:57|gpt|web_search|11|QUESTION_SENT||1628|09fffffe-8a76-4c40-907e-116ad75b2738
2026-03-31 12:02:28|gpt|web_search|13|QUESTION_SENT||1772|1b5c66b1-fa7f-41fd-a1ef-6106e4f26a81
2026-03-31 12:02:37|gpt|web_search|11|JSON_VERIFIED||1628|09fffffe-8a76-4c40-907e-116ad75b2738
2026-03-31 12:02:37|gpt|web_search|11|QUESTION|32|1628|09fffffe-8a76-4c40-907e-116ad75b2738
2026-03-31 12:02:37|gpt|web_search|11|JSON_SAVED||1628|09fffffe-8a76-4c40-907e-116ad75b2738
2026-03-31 12:02:37|gpt|web_search|11|QUESTION_ADVANCE||1629|f3532bb2-8d66-4cf0-81bb-d8d06c7e6bbf
2026-03-31 12:03:16|gpt|web_search|13|JSON_VERIFIED||1772|1b5c66b1-fa7f-41fd-a1ef-6106e4f26a81
2026-03-31 12:03:16|gpt|web_search|13|QUESTION|23|1772|1b5c66b1-fa7f-41fd-a1ef-6106e4f26a81
2026-03-31 12:03:16|gpt|web_search|13|JSON_SAVED||1772|1b5c66b1-fa7f-41fd-a1ef-6106e4f26a81
2026-03-31 12:03:16|gpt|web_search|13|QUESTION_ADVANCE||1773|019db2f5-7823-42e3-b35f-79abc817da1b
2026-03-31 12:04:04|gpt|web_search|10|QUESTION_SENT||1880|89e85b1c-a827-4f75-9038-efc240498540
2026-03-31 12:04:55|gpt|web_search|10|JSON_VERIFIED||1880|89e85b1c-a827-4f75-9038-efc240498540
2026-03-31 12:04:55|gpt|web_search|10|QUESTION|10|1880|89e85b1c-a827-4f75-9038-efc240498540
2026-03-31 12:04:55|gpt|web_search|10|JSON_SAVED||1880|89e85b1c-a827-4f75-9038-efc240498540
2026-03-31 12:04:55|gpt|web_search|10|QUESTION_ADVANCE||1881|08cc6814-c913-42d5-97fd-269be3e62c2f
2026-03-31 12:05:34|gpt|web_search|11|QUESTION_SENT||1629|f3532bb2-8d66-4cf0-81bb-d8d06c7e6bbf
2026-03-31 12:06:01|gpt|web_search|13|QUESTION_SENT||1773|019db2f5-7823-42e3-b35f-79abc817da1b
2026-03-31 12:06:44|gpt|web_search|13|JSON_VERIFY_FAILED||1773|019db2f5-7823-42e3-b35f-79abc817da1b
2026-03-31 12:06:44|gpt|web_search|13|QUESTION|24|1773|019db2f5-7823-42e3-b35f-79abc817da1b
2026-03-31 12:06:54|gpt|web_search|13|QUESTION_SENT||1773|019db2f5-7823-42e3-b35f-79abc817da1b
2026-03-31 12:07:25|gpt|web_search|13|JSON_VERIFY_FAILED||1773|019db2f5-7823-42e3-b35f-79abc817da1b
2026-03-31 12:07:26|gpt|web_search|13|QUESTION|25|1773|019db2f5-7823-42e3-b35f-79abc817da1b
2026-03-31 12:07:39|gpt|web_search|10|QUESTION_SENT||1881|08cc6814-c913-42d5-97fd-269be3e62c2f
2026-03-31 12:09:11|gpt|web_search|11|QUESTION_SENT||1629|f3532bb2-8d66-4cf0-81bb-d8d06c7e6bbf
2026-03-31 12:10:27|gpt|web_search|13|QUESTION_SENT||1773|019db2f5-7823-42e3-b35f-79abc817da1b
2026-03-31 12:11:14|gpt|web_search|10|QUESTION_SENT||1881|08cc6814-c913-42d5-97fd-269be3e62c2f
2026-03-31 12:11:20|gpt|web_search|13|JSON_VERIFIED||1773|019db2f5-7823-42e3-b35f-79abc817da1b
2026-03-31 12:11:20|gpt|web_search|13|QUESTION|26|1773|019db2f5-7823-42e3-b35f-79abc817da1b
2026-03-31 12:11:20|gpt|web_search|13|JSON_SAVED||1773|019db2f5-7823-42e3-b35f-79abc817da1b
2026-03-31 12:11:20|gpt|web_search|13|QUESTION_ADVANCE||1774|9a567bea-300a-42d4-81ea-ba0f4c5feb41
2026-03-31 12:12:02|gpt|web_search|10|JSON_VERIFIED||1881|08cc6814-c913-42d5-97fd-269be3e62c2f
2026-03-31 12:12:02|gpt|web_search|10|QUESTION|11|1881|08cc6814-c913-42d5-97fd-269be3e62c2f
2026-03-31 12:12:02|gpt|web_search|10|JSON_SAVED||1881|08cc6814-c913-42d5-97fd-269be3e62c2f
2026-03-31 12:12:02|gpt|web_search|10|QUESTION_ADVANCE||1882|737478d2-4154-45bb-ab48-afb736ad51dc
2026-03-31 12:12:49|gpt|web_search|11|QUESTION_SENT||1629|f3532bb2-8d66-4cf0-81bb-d8d06c7e6bbf
2026-03-31 12:13:29|gpt|web_search|11|JSON_VERIFIED||1629|f3532bb2-8d66-4cf0-81bb-d8d06c7e6bbf
2026-03-31 12:13:29|gpt|web_search|11|QUESTION|33|1629|f3532bb2-8d66-4cf0-81bb-d8d06c7e6bbf
2026-03-31 12:13:29|gpt|web_search|11|JSON_SAVED||1629|f3532bb2-8d66-4cf0-81bb-d8d06c7e6bbf
2026-03-31 12:13:29|gpt|web_search|11|QUESTION_ADVANCE||1630|56b0fbe8-a9e4-465b-b6ac-0f8ca32114eb
2026-03-31 12:14:00|gpt|web_search|13|QUESTION_SENT||1774|9a567bea-300a-42d4-81ea-ba0f4c5feb41
2026-03-31 12:14:47|gpt|web_search|13|JSON_VERIFIED||1774|9a567bea-300a-42d4-81ea-ba0f4c5feb41
2026-03-31 12:14:47|gpt|web_search|13|QUESTION|27|1774|9a567bea-300a-42d4-81ea-ba0f4c5feb41
2026-03-31 12:14:47|gpt|web_search|13|JSON_SAVED||1774|9a567bea-300a-42d4-81ea-ba0f4c5feb41
2026-03-31 12:14:47|gpt|web_search|13|QUESTION_ADVANCE||1775|fe91dae6-1782-4dfc-a055-23f7dc59ea2c
2026-03-31 12:14:49|gpt|web_search|10|QUESTION_SENT||1882|737478d2-4154-45bb-ab48-afb736ad51dc
2026-03-31 12:15:35|gpt|web_search|10|JSON_VERIFIED||1882|737478d2-4154-45bb-ab48-afb736ad51dc
2026-03-31 12:15:35|gpt|web_search|10|QUESTION|12|1882|737478d2-4154-45bb-ab48-afb736ad51dc
2026-03-31 12:15:35|gpt|web_search|10|JSON_SAVED||1882|737478d2-4154-45bb-ab48-afb736ad51dc
2026-03-31 12:15:35|gpt|web_search|10|QUESTION_ADVANCE||1883|b12b6d7f-28f1-4140-9728-600a8e348916
2026-03-31 12:16:26|gpt|web_search|11|QUESTION_SENT||1630|56b0fbe8-a9e4-465b-b6ac-0f8ca32114eb
2026-03-31 12:16:56|gpt|web_search|11|JSON_VERIFY_FAILED||1630|56b0fbe8-a9e4-465b-b6ac-0f8ca32114eb
2026-03-31 12:16:56|gpt|web_search|11|QUESTION|34|1630|56b0fbe8-a9e4-465b-b6ac-0f8ca32114eb
2026-03-31 12:17:06|gpt|web_search|11|QUESTION_SENT||1630|56b0fbe8-a9e4-465b-b6ac-0f8ca32114eb
2026-03-31 12:17:27|gpt|web_search|11|JSON_VERIFIED||1630|56b0fbe8-a9e4-465b-b6ac-0f8ca32114eb
2026-03-31 12:17:27|gpt|web_search|11|QUESTION|35|1630|56b0fbe8-a9e4-465b-b6ac-0f8ca32114eb
2026-03-31 12:17:27|gpt|web_search|11|JSON_SAVED||1630|56b0fbe8-a9e4-465b-b6ac-0f8ca32114eb
2026-03-31 12:17:27|gpt|web_search|11|QUESTION_ADVANCE||1631|b026d6ea-669f-4448-8dd5-ee1a5089eea2
2026-03-31 12:17:34|gpt|web_search|13|QUESTION_SENT||1775|fe91dae6-1782-4dfc-a055-23f7dc59ea2c
2026-03-31 12:18:24|gpt|web_search|13|JSON_VERIFIED||1775|fe91dae6-1782-4dfc-a055-23f7dc59ea2c
2026-03-31 12:18:24|gpt|web_search|13|QUESTION|28|1775|fe91dae6-1782-4dfc-a055-23f7dc59ea2c
2026-03-31 12:18:24|gpt|web_search|13|JSON_SAVED||1775|fe91dae6-1782-4dfc-a055-23f7dc59ea2c
2026-03-31 12:18:24|gpt|web_search|13|QUESTION_ADVANCE||1776|e528fa07-f6bc-4425-af67-e6edb48948f6
2026-03-31 12:18:24|gpt|web_search|10|QUESTION_SENT||1883|b12b6d7f-28f1-4140-9728-600a8e348916
2026-03-31 12:20:43|gpt|web_search|11|QUESTION_SENT||1631|b026d6ea-669f-4448-8dd5-ee1a5089eea2
2026-03-31 12:21:07|gpt|web_search|13|QUESTION_SENT||1776|e528fa07-f6bc-4425-af67-e6edb48948f6
2026-03-31 12:21:30|gpt|web_search|11|JSON_VERIFIED||1631|b026d6ea-669f-4448-8dd5-ee1a5089eea2
2026-03-31 12:21:30|gpt|web_search|11|QUESTION|36|1631|b026d6ea-669f-4448-8dd5-ee1a5089eea2
2026-03-31 12:21:30|gpt|web_search|11|JSON_SAVED||1631|b026d6ea-669f-4448-8dd5-ee1a5089eea2
2026-03-31 12:21:30|gpt|web_search|11|QUESTION_ADVANCE||1632|ce16f184-337c-495c-86e4-e7b22bf4993c
2026-03-31 12:21:55|gpt|web_search|13|JSON_VERIFIED||1776|e528fa07-f6bc-4425-af67-e6edb48948f6
2026-03-31 12:21:55|gpt|web_search|13|QUESTION|29|1776|e528fa07-f6bc-4425-af67-e6edb48948f6
2026-03-31 12:21:55|gpt|web_search|13|JSON_SAVED||1776|e528fa07-f6bc-4425-af67-e6edb48948f6
2026-03-31 12:21:55|gpt|web_search|13|QUESTION_ADVANCE||1777|ff38b2fb-78f6-499d-b0b0-f7f45479468b
2026-03-31 12:21:59|gpt|web_search|10|QUESTION_SENT||1883|b12b6d7f-28f1-4140-9728-600a8e348916
2026-03-31 12:22:46|gpt|web_search|10|JSON_VERIFIED||1883|b12b6d7f-28f1-4140-9728-600a8e348916
2026-03-31 12:22:46|gpt|web_search|10|QUESTION|13|1883|b12b6d7f-28f1-4140-9728-600a8e348916
2026-03-31 12:22:46|gpt|web_search|10|JSON_SAVED||1883|b12b6d7f-28f1-4140-9728-600a8e348916
2026-03-31 12:22:46|gpt|web_search|10|QUESTION_ADVANCE||1884|63d01a2f-7eab-46cf-b419-fcdb2bdb5616
2026-03-31 12:24:20|gpt|web_search|11|QUESTION_SENT||1632|ce16f184-337c-495c-86e4-e7b22bf4993c
2026-03-31 12:24:40|gpt|web_search|13|QUESTION_SENT||1777|ff38b2fb-78f6-499d-b0b0-f7f45479468b
2026-03-31 12:24:57|gpt|web_search|11|JSON_VERIFIED||1632|ce16f184-337c-495c-86e4-e7b22bf4993c
2026-03-31 12:24:57|gpt|web_search|11|QUESTION|37|1632|ce16f184-337c-495c-86e4-e7b22bf4993c
2026-03-31 12:24:57|gpt|web_search|11|JSON_SAVED||1632|ce16f184-337c-495c-86e4-e7b22bf4993c
2026-03-31 12:24:57|gpt|web_search|11|QUESTION_ADVANCE||1633|60a723ac-795c-4f39-bf91-5cba24470530
2026-03-31 12:25:31|gpt|web_search|13|JSON_VERIFIED||1777|ff38b2fb-78f6-499d-b0b0-f7f45479468b
2026-03-31 12:25:31|gpt|web_search|13|QUESTION|30|1777|ff38b2fb-78f6-499d-b0b0-f7f45479468b
2026-03-31 12:25:31|gpt|web_search|13|JSON_SAVED||1777|ff38b2fb-78f6-499d-b0b0-f7f45479468b
2026-03-31 12:25:31|gpt|web_search|13|QUESTION_ADVANCE||1778|b425d649-bb8b-431f-ba71-0fa33dc48393
2026-03-31 12:25:34|gpt|web_search|10|QUESTION_SENT||1884|63d01a2f-7eab-46cf-b419-fcdb2bdb5616
2026-03-31 12:26:23|gpt|web_search|10|JSON_VERIFIED||1884|63d01a2f-7eab-46cf-b419-fcdb2bdb5616
2026-03-31 12:26:23|gpt|web_search|10|QUESTION|14|1884|63d01a2f-7eab-46cf-b419-fcdb2bdb5616
2026-03-31 12:26:23|gpt|web_search|10|JSON_SAVED||1884|63d01a2f-7eab-46cf-b419-fcdb2bdb5616
2026-03-31 12:26:23|gpt|web_search|10|QUESTION_ADVANCE||1885|a9383f5a-a751-41f9-b942-fa65f044e9c9
2026-03-31 12:27:57|gpt|web_search|11|QUESTION_SENT||1633|60a723ac-795c-4f39-bf91-5cba24470530
2026-03-31 12:28:15|gpt|web_search|13|QUESTION_SENT||1778|b425d649-bb8b-431f-ba71-0fa33dc48393
2026-03-31 12:28:39|gpt|web_search|11|JSON_VERIFIED||1633|60a723ac-795c-4f39-bf91-5cba24470530
2026-03-31 12:28:39|gpt|web_search|11|QUESTION|38|1633|60a723ac-795c-4f39-bf91-5cba24470530
2026-03-31 12:28:39|gpt|web_search|11|JSON_SAVED||1633|60a723ac-795c-4f39-bf91-5cba24470530
2026-03-31 12:28:39|gpt|web_search|11|QUESTION_ADVANCE||1634|22c75811-20a4-4732-b0bc-d0dd321c5dd9
2026-03-31 12:29:02|gpt|web_search|13|JSON_VERIFIED||1778|b425d649-bb8b-431f-ba71-0fa33dc48393
2026-03-31 12:29:02|gpt|web_search|13|QUESTION|31|1778|b425d649-bb8b-431f-ba71-0fa33dc48393
2026-03-31 12:29:02|gpt|web_search|13|JSON_SAVED||1778|b425d649-bb8b-431f-ba71-0fa33dc48393
2026-03-31 12:29:02|gpt|web_search|13|QUESTION_ADVANCE||1779|d95070c0-c795-4a41-a9dc-c888645e53ea
2026-03-31 12:29:09|gpt|web_search|10|QUESTION_SENT||1885|a9383f5a-a751-41f9-b942-fa65f044e9c9
2026-03-31 12:29:59|gpt|web_search|10|JSON_VERIFIED||1885|a9383f5a-a751-41f9-b942-fa65f044e9c9
2026-03-31 12:29:59|gpt|web_search|10|QUESTION|15|1885|a9383f5a-a751-41f9-b942-fa65f044e9c9
2026-03-31 12:29:59|gpt|web_search|10|JSON_SAVED||1885|a9383f5a-a751-41f9-b942-fa65f044e9c9
2026-03-31 12:29:59|gpt|web_search|10|QUESTION_ADVANCE||1886|d2bab9eb-5b84-428d-b20c-15f8fe0062c2
2026-03-31 12:31:34|gpt|web_search|11|QUESTION_SENT||1634|22c75811-20a4-4732-b0bc-d0dd321c5dd9
2026-03-31 12:31:48|gpt|web_search|13|QUESTION_SENT||1779|d95070c0-c795-4a41-a9dc-c888645e53ea
2026-03-31 12:32:11|gpt|web_search|11|JSON_VERIFIED||1634|22c75811-20a4-4732-b0bc-d0dd321c5dd9
2026-03-31 12:32:11|gpt|web_search|11|QUESTION|39|1634|22c75811-20a4-4732-b0bc-d0dd321c5dd9
2026-03-31 12:32:11|gpt|web_search|11|JSON_SAVED||1634|22c75811-20a4-4732-b0bc-d0dd321c5dd9
2026-03-31 12:32:11|gpt|web_search|11|QUESTION_ADVANCE||1635|c9a231f1-fef4-4ac3-8740-7718b07f009f
2026-03-31 12:32:41|gpt|web_search|13|JSON_VERIFIED||1779|d95070c0-c795-4a41-a9dc-c888645e53ea
2026-03-31 12:32:41|gpt|web_search|13|QUESTION|32|1779|d95070c0-c795-4a41-a9dc-c888645e53ea
2026-03-31 12:32:41|gpt|web_search|13|JSON_SAVED||1779|d95070c0-c795-4a41-a9dc-c888645e53ea
2026-03-31 12:32:41|gpt|web_search|13|QUESTION_ADVANCE||1780|24eb5786-d9bd-4cee-814c-a6326912a29a
2026-03-31 12:32:45|gpt|web_search|10|QUESTION_SENT||1886|d2bab9eb-5b84-428d-b20c-15f8fe0062c2
2026-03-31 12:33:36|gpt|web_search|10|JSON_VERIFIED||1886|d2bab9eb-5b84-428d-b20c-15f8fe0062c2
2026-03-31 12:33:36|gpt|web_search|10|QUESTION|16|1886|d2bab9eb-5b84-428d-b20c-15f8fe0062c2
2026-03-31 12:33:36|gpt|web_search|10|JSON_SAVED||1886|d2bab9eb-5b84-428d-b20c-15f8fe0062c2
2026-03-31 12:33:36|gpt|web_search|10|QUESTION_ADVANCE||1887|c57f9e26-a613-4d87-abd5-9b00089c8a60
2026-03-31 12:35:12|gpt|web_search|11|QUESTION_SENT||1635|c9a231f1-fef4-4ac3-8740-7718b07f009f
2026-03-31 12:35:21|gpt|web_search|13|QUESTION_SENT||1780|24eb5786-d9bd-4cee-814c-a6326912a29a
2026-03-31 12:36:20|gpt|web_search|13|JSON_VERIFIED||1780|24eb5786-d9bd-4cee-814c-a6326912a29a
2026-03-31 12:36:20|gpt|web_search|13|QUESTION|33|1780|24eb5786-d9bd-4cee-814c-a6326912a29a
2026-03-31 12:36:20|gpt|web_search|13|JSON_SAVED||1780|24eb5786-d9bd-4cee-814c-a6326912a29a
2026-03-31 12:36:20|gpt|web_search|13|QUESTION_ADVANCE||1781|efc54500-9f20-45d5-a277-99673f07c623
2026-03-31 12:36:20|gpt|web_search|10|QUESTION_SENT||1887|c57f9e26-a613-4d87-abd5-9b00089c8a60
2026-03-31 12:37:02|gpt|web_search|10|JSON_VERIFIED||1887|c57f9e26-a613-4d87-abd5-9b00089c8a60
2026-03-31 12:37:02|gpt|web_search|10|QUESTION|17|1887|c57f9e26-a613-4d87-abd5-9b00089c8a60
2026-03-31 12:37:02|gpt|web_search|10|JSON_SAVED||1887|c57f9e26-a613-4d87-abd5-9b00089c8a60
2026-03-31 12:37:02|gpt|web_search|10|QUESTION_ADVANCE||1888|c7295cd0-2c78-4053-af87-3b5fac670a11
2026-03-31 12:38:49|gpt|web_search|11|QUESTION_SENT||1635|c9a231f1-fef4-4ac3-8740-7718b07f009f
2026-03-31 12:38:54|gpt|web_search|13|QUESTION_SENT||1781|efc54500-9f20-45d5-a277-99673f07c623
2026-03-31 12:39:28|gpt|web_search|11|JSON_VERIFIED||1635|c9a231f1-fef4-4ac3-8740-7718b07f009f
2026-03-31 12:39:28|gpt|web_search|11|QUESTION|40|1635|c9a231f1-fef4-4ac3-8740-7718b07f009f
2026-03-31 12:39:28|gpt|web_search|11|JSON_SAVED||1635|c9a231f1-fef4-4ac3-8740-7718b07f009f
2026-03-31 12:39:28|gpt|web_search|11|QUESTION_ADVANCE||1636|96ec1b39-341a-4c9e-ba6f-394b17a209f0
2026-03-31 12:39:40|gpt|web_search|13|JSON_VERIFIED||1781|efc54500-9f20-45d5-a277-99673f07c623
2026-03-31 12:39:40|gpt|web_search|13|QUESTION|34|1781|efc54500-9f20-45d5-a277-99673f07c623
2026-03-31 12:39:40|gpt|web_search|13|JSON_SAVED||1781|efc54500-9f20-45d5-a277-99673f07c623
2026-03-31 12:39:40|gpt|web_search|13|QUESTION_ADVANCE||1782|0df3c934-86b8-422a-859b-ff3de9d63baf
2026-03-31 12:39:55|gpt|web_search|10|QUESTION_SENT||1888|c7295cd0-2c78-4053-af87-3b5fac670a11
2026-03-31 12:40:47|gpt|web_search|10|JSON_VERIFIED||1888|c7295cd0-2c78-4053-af87-3b5fac670a11
2026-03-31 12:40:47|gpt|web_search|10|QUESTION|18|1888|c7295cd0-2c78-4053-af87-3b5fac670a11
2026-03-31 12:40:47|gpt|web_search|10|JSON_SAVED||1888|c7295cd0-2c78-4053-af87-3b5fac670a11
2026-03-31 12:40:47|gpt|web_search|10|QUESTION_ADVANCE||1889|552e99d4-f64f-4704-8712-c58e73c4902c
2026-03-31 12:42:26|gpt|web_search|11|QUESTION_SENT||1636|96ec1b39-341a-4c9e-ba6f-394b17a209f0
2026-03-31 12:42:27|gpt|web_search|13|QUESTION_SENT||1782|0df3c934-86b8-422a-859b-ff3de9d63baf
2026-03-31 12:43:05|gpt|web_search|11|JSON_VERIFIED||1636|96ec1b39-341a-4c9e-ba6f-394b17a209f0
2026-03-31 12:43:05|gpt|web_search|11|QUESTION|41|1636|96ec1b39-341a-4c9e-ba6f-394b17a209f0
2026-03-31 12:43:05|gpt|web_search|11|JSON_SAVED||1636|96ec1b39-341a-4c9e-ba6f-394b17a209f0
2026-03-31 12:43:05|gpt|web_search|11|QUESTION_ADVANCE||1637|f587ff03-9400-4998-bf7a-844acb563cc8
2026-03-31 12:43:16|gpt|web_search|13|JSON_VERIFIED||1782|0df3c934-86b8-422a-859b-ff3de9d63baf
2026-03-31 12:43:16|gpt|web_search|13|QUESTION|35|1782|0df3c934-86b8-422a-859b-ff3de9d63baf
2026-03-31 12:43:16|gpt|web_search|13|JSON_SAVED||1782|0df3c934-86b8-422a-859b-ff3de9d63baf
2026-03-31 12:43:16|gpt|web_search|13|QUESTION_ADVANCE||1783|119febd3-c3a6-4b93-812f-ea207845c7bd
2026-03-31 12:43:30|gpt|web_search|10|QUESTION_SENT||1889|552e99d4-f64f-4704-8712-c58e73c4902c
2026-03-31 12:44:14|gpt|web_search|10|JSON_VERIFIED||1889|552e99d4-f64f-4704-8712-c58e73c4902c
2026-03-31 12:44:14|gpt|web_search|10|QUESTION|19|1889|552e99d4-f64f-4704-8712-c58e73c4902c
2026-03-31 12:44:14|gpt|web_search|10|JSON_SAVED||1889|552e99d4-f64f-4704-8712-c58e73c4902c
2026-03-31 12:44:14|gpt|web_search|10|QUESTION_ADVANCE||1890|7bb9a586-a788-49c8-9f0e-17831bfb91f0
2026-03-31 12:46:00|gpt|web_search|13|QUESTION_SENT||1783|119febd3-c3a6-4b93-812f-ea207845c7bd
2026-03-31 12:46:03|gpt|web_search|11|QUESTION_SENT||1637|f587ff03-9400-4998-bf7a-844acb563cc8
2026-03-31 12:46:36|gpt|web_search|11|JSON_VERIFY_FAILED||1637|f587ff03-9400-4998-bf7a-844acb563cc8
2026-03-31 12:46:36|gpt|web_search|11|QUESTION|42|1637|f587ff03-9400-4998-bf7a-844acb563cc8
2026-03-31 12:46:46|gpt|web_search|11|QUESTION_SENT||1637|f587ff03-9400-4998-bf7a-844acb563cc8
2026-03-31 12:46:51|gpt|web_search|13|JSON_VERIFIED||1783|119febd3-c3a6-4b93-812f-ea207845c7bd
2026-03-31 12:46:51|gpt|web_search|13|QUESTION|36|1783|119febd3-c3a6-4b93-812f-ea207845c7bd
2026-03-31 12:46:51|gpt|web_search|13|JSON_SAVED||1783|119febd3-c3a6-4b93-812f-ea207845c7bd
2026-03-31 12:46:51|gpt|web_search|13|QUESTION_ADVANCE||1784|16102b54-e05e-4b70-957b-17d607bb2221
2026-03-31 12:47:05|gpt|web_search|10|QUESTION_SENT||1890|7bb9a586-a788-49c8-9f0e-17831bfb91f0
2026-03-31 12:47:09|gpt|web_search|11|JSON_VERIFIED||1637|f587ff03-9400-4998-bf7a-844acb563cc8
2026-03-31 12:47:09|gpt|web_search|11|QUESTION|43|1637|f587ff03-9400-4998-bf7a-844acb563cc8
2026-03-31 12:47:09|gpt|web_search|11|JSON_SAVED||1637|f587ff03-9400-4998-bf7a-844acb563cc8
2026-03-31 12:47:09|gpt|web_search|11|QUESTION_ADVANCE||1638|8ce55f6e-21f6-4604-bd36-fa2926b2d044
2026-03-31 12:49:33|gpt|web_search|13|QUESTION_SENT||1784|16102b54-e05e-4b70-957b-17d607bb2221
2026-03-31 12:49:35|gpt|web_search|10|QUESTION_SENT||1890|7bb9a586-a788-49c8-9f0e-17831bfb91f0
2026-03-31 12:50:18|gpt|web_search|10|JSON_VERIFIED||1890|7bb9a586-a788-49c8-9f0e-17831bfb91f0
2026-03-31 12:50:18|gpt|web_search|10|QUESTION|20|1890|7bb9a586-a788-49c8-9f0e-17831bfb91f0
2026-03-31 12:50:18|gpt|web_search|10|JSON_SAVED||1890|7bb9a586-a788-49c8-9f0e-17831bfb91f0
2026-03-31 12:50:18|gpt|web_search|10|QUESTION_ADVANCE||1891|03c0d51b-54b8-4539-97fd-67bcfe54907d
2026-03-31 12:50:23|gpt|web_search|11|QUESTION_SENT||1638|8ce55f6e-21f6-4604-bd36-fa2926b2d044
2026-03-31 12:50:29|gpt|web_search|13|JSON_VERIFIED||1784|16102b54-e05e-4b70-957b-17d607bb2221
2026-03-31 12:50:29|gpt|web_search|13|QUESTION|37|1784|16102b54-e05e-4b70-957b-17d607bb2221
2026-03-31 12:50:29|gpt|web_search|13|JSON_SAVED||1784|16102b54-e05e-4b70-957b-17d607bb2221
2026-03-31 12:50:29|gpt|web_search|13|QUESTION_ADVANCE||1785|e0d20129-9245-445e-8f16-0d2387a525d8
2026-03-31 12:51:03|gpt|web_search|11|JSON_VERIFIED||1638|8ce55f6e-21f6-4604-bd36-fa2926b2d044
2026-03-31 12:51:03|gpt|web_search|11|QUESTION|44|1638|8ce55f6e-21f6-4604-bd36-fa2926b2d044
2026-03-31 12:51:03|gpt|web_search|11|JSON_SAVED||1638|8ce55f6e-21f6-4604-bd36-fa2926b2d044
2026-03-31 12:51:03|gpt|web_search|11|QUESTION_ADVANCE||1639|38e2e4b8-6157-4201-a521-8b1402356c05
2026-03-31 12:53:06|gpt|web_search|13|QUESTION_SENT||1785|e0d20129-9245-445e-8f16-0d2387a525d8
2026-03-31 12:53:10|gpt|web_search|10|QUESTION_SENT||1891|03c0d51b-54b8-4539-97fd-67bcfe54907d
2026-03-31 12:54:00|gpt|web_search|11|QUESTION_SENT||1639|38e2e4b8-6157-4201-a521-8b1402356c05
2026-03-31 12:54:01|gpt|web_search|13|JSON_VERIFY_FAILED||1785|e0d20129-9245-445e-8f16-0d2387a525d8
2026-03-31 12:54:01|gpt|web_search|13|QUESTION|38|1785|e0d20129-9245-445e-8f16-0d2387a525d8
2026-03-31 12:54:06|gpt|web_search|10|JSON_VERIFIED||1891|03c0d51b-54b8-4539-97fd-67bcfe54907d
2026-03-31 12:54:06|gpt|web_search|10|QUESTION|21|1891|03c0d51b-54b8-4539-97fd-67bcfe54907d
2026-03-31 12:54:06|gpt|web_search|10|JSON_SAVED||1891|03c0d51b-54b8-4539-97fd-67bcfe54907d
2026-03-31 12:54:06|gpt|web_search|10|QUESTION_ADVANCE||1892|23e90c10-04bf-41b2-81c4-947d6eca92d1
2026-03-31 12:54:11|gpt|web_search|13|QUESTION_SENT||1785|e0d20129-9245-445e-8f16-0d2387a525d8
2026-03-31 12:54:42|gpt|web_search|11|JSON_VERIFIED||1639|38e2e4b8-6157-4201-a521-8b1402356c05
2026-03-31 12:54:42|gpt|web_search|11|QUESTION|45|1639|38e2e4b8-6157-4201-a521-8b1402356c05
2026-03-31 12:54:42|gpt|web_search|11|JSON_SAVED||1639|38e2e4b8-6157-4201-a521-8b1402356c05
2026-03-31 12:54:42|gpt|web_search|11|QUESTION_ADVANCE||1640|13bc9224-39b7-4df1-8f03-13ffe185a818
2026-03-31 12:54:48|gpt|web_search|13|JSON_VERIFIED||1785|e0d20129-9245-445e-8f16-0d2387a525d8
2026-03-31 12:54:48|gpt|web_search|13|QUESTION|39|1785|e0d20129-9245-445e-8f16-0d2387a525d8
2026-03-31 12:54:48|gpt|web_search|13|JSON_SAVED||1785|e0d20129-9245-445e-8f16-0d2387a525d8
2026-03-31 12:54:48|gpt|web_search|13|QUESTION_ADVANCE||1786|73e1d518-98a2-4dbb-8719-82108a06d694
2026-03-31 12:56:45|gpt|web_search|10|QUESTION_SENT||1892|23e90c10-04bf-41b2-81c4-947d6eca92d1
2026-03-31 12:57:29|gpt|web_search|10|JSON_VERIFIED||1892|23e90c10-04bf-41b2-81c4-947d6eca92d1
2026-03-31 12:57:29|gpt|web_search|10|QUESTION|22|1892|23e90c10-04bf-41b2-81c4-947d6eca92d1
2026-03-31 12:57:29|gpt|web_search|10|JSON_SAVED||1892|23e90c10-04bf-41b2-81c4-947d6eca92d1
2026-03-31 12:57:29|gpt|web_search|10|QUESTION_ADVANCE||1893|c8912020-b807-4c59-bace-2ba955d2b728
2026-03-31 12:57:37|gpt|web_search|11|QUESTION_SENT||1640|13bc9224-39b7-4df1-8f03-13ffe185a818
2026-03-31 12:57:44|gpt|web_search|13|QUESTION_SENT||1786|73e1d518-98a2-4dbb-8719-82108a06d694
2026-03-31 12:58:14|gpt|web_search|11|JSON_VERIFIED||1640|13bc9224-39b7-4df1-8f03-13ffe185a818
2026-03-31 12:58:14|gpt|web_search|11|QUESTION|46|1640|13bc9224-39b7-4df1-8f03-13ffe185a818
2026-03-31 12:58:14|gpt|web_search|11|JSON_SAVED||1640|13bc9224-39b7-4df1-8f03-13ffe185a818
2026-03-31 12:58:14|gpt|web_search|11|QUESTION_ADVANCE||1641|e6f5afc5-92bf-4068-bcc4-bfc106a5de40
2026-03-31 12:58:37|gpt|web_search|13|JSON_VERIFIED||1786|73e1d518-98a2-4dbb-8719-82108a06d694
2026-03-31 12:58:37|gpt|web_search|13|QUESTION|40|1786|73e1d518-98a2-4dbb-8719-82108a06d694
2026-03-31 12:58:37|gpt|web_search|13|JSON_SAVED||1786|73e1d518-98a2-4dbb-8719-82108a06d694
2026-03-31 12:58:37|gpt|web_search|13|QUESTION_ADVANCE||1787|766f0137-2b51-429b-9fb9-40b86bd9b58d
2026-03-31 13:00:20|gpt|web_search|10|QUESTION_SENT||1893|c8912020-b807-4c59-bace-2ba955d2b728
2026-03-31 13:01:15|gpt|web_search|10|JSON_VERIFIED||1893|c8912020-b807-4c59-bace-2ba955d2b728
2026-03-31 13:01:15|gpt|web_search|10|QUESTION|23|1893|c8912020-b807-4c59-bace-2ba955d2b728
2026-03-31 13:01:15|gpt|web_search|10|JSON_SAVED||1893|c8912020-b807-4c59-bace-2ba955d2b728
2026-03-31 13:01:15|gpt|web_search|10|QUESTION_ADVANCE||1894|3ac5c801-518d-4d2e-a1fd-0954a29dd7dd
2026-03-31 13:01:15|gpt|web_search|11|QUESTION_SENT||1641|e6f5afc5-92bf-4068-bcc4-bfc106a5de40
2026-03-31 13:01:17|gpt|web_search|13|QUESTION_SENT||1787|766f0137-2b51-429b-9fb9-40b86bd9b58d
2026-03-31 13:02:13|gpt|web_search|13|JSON_VERIFIED||1787|766f0137-2b51-429b-9fb9-40b86bd9b58d
2026-03-31 13:02:13|gpt|web_search|13|QUESTION|41|1787|766f0137-2b51-429b-9fb9-40b86bd9b58d
2026-03-31 13:02:13|gpt|web_search|13|JSON_SAVED||1787|766f0137-2b51-429b-9fb9-40b86bd9b58d
2026-03-31 13:02:13|gpt|web_search|13|QUESTION_ADVANCE||1788|732adbc8-e283-4856-8105-f39abeda5f16
2026-03-31 13:03:55|gpt|web_search|10|QUESTION_SENT||1894|3ac5c801-518d-4d2e-a1fd-0954a29dd7dd
2026-03-31 13:04:43|gpt|web_search|10|JSON_VERIFIED||1894|3ac5c801-518d-4d2e-a1fd-0954a29dd7dd
2026-03-31 13:04:43|gpt|web_search|10|QUESTION|24|1894|3ac5c801-518d-4d2e-a1fd-0954a29dd7dd
2026-03-31 13:04:43|gpt|web_search|10|JSON_SAVED||1894|3ac5c801-518d-4d2e-a1fd-0954a29dd7dd
2026-03-31 13:04:43|gpt|web_search|10|QUESTION_ADVANCE||1895|35434d7e-efd7-40ff-9571-b719352f8941
2026-03-31 13:04:50|gpt|web_search|13|QUESTION_SENT||1788|732adbc8-e283-4856-8105-f39abeda5f16
2026-03-31 13:04:51|gpt|web_search|11|QUESTION_SENT||1641|e6f5afc5-92bf-4068-bcc4-bfc106a5de40
2026-03-31 13:05:55|gpt|web_search|13|JSON_VERIFIED||1788|732adbc8-e283-4856-8105-f39abeda5f16
2026-03-31 13:05:55|gpt|web_search|13|QUESTION|42|1788|732adbc8-e283-4856-8105-f39abeda5f16
2026-03-31 13:05:55|gpt|web_search|13|JSON_SAVED||1788|732adbc8-e283-4856-8105-f39abeda5f16
2026-03-31 13:05:55|gpt|web_search|13|QUESTION_ADVANCE||1789|96a71a8a-6124-4ec7-b91c-7e0c46694f8f
2026-03-31 13:07:30|gpt|web_search|10|QUESTION_SENT||1895|35434d7e-efd7-40ff-9571-b719352f8941
2026-03-31 13:08:23|gpt|web_search|13|QUESTION_SENT||1789|96a71a8a-6124-4ec7-b91c-7e0c46694f8f
2026-03-31 13:08:29|gpt|web_search|11|QUESTION_SENT||1641|e6f5afc5-92bf-4068-bcc4-bfc106a5de40
2026-03-31 13:08:46|gpt|web_search|10|JSON_VERIFIED||1895|35434d7e-efd7-40ff-9571-b719352f8941
2026-03-31 13:08:46|gpt|web_search|10|QUESTION|25|1895|35434d7e-efd7-40ff-9571-b719352f8941
2026-03-31 13:08:46|gpt|web_search|10|JSON_SAVED||1895|35434d7e-efd7-40ff-9571-b719352f8941
2026-03-31 13:08:46|gpt|web_search|10|QUESTION_ADVANCE||1896|66b8a5c8-9efd-4963-888b-ccb781a8cbe6
2026-03-31 13:09:05|gpt|web_search|11|JSON_VERIFIED||1641|e6f5afc5-92bf-4068-bcc4-bfc106a5de40
2026-03-31 13:09:05|gpt|web_search|11|QUESTION|47|1641|e6f5afc5-92bf-4068-bcc4-bfc106a5de40
2026-03-31 13:09:05|gpt|web_search|11|JSON_SAVED||1641|e6f5afc5-92bf-4068-bcc4-bfc106a5de40
2026-03-31 13:09:05|gpt|web_search|11|QUESTION_ADVANCE||1642|3d5bc449-98b4-4142-8362-a7938757a02a
2026-03-31 13:09:21|gpt|web_search|13|JSON_VERIFIED||1789|96a71a8a-6124-4ec7-b91c-7e0c46694f8f
2026-03-31 13:09:21|gpt|web_search|13|QUESTION|43|1789|96a71a8a-6124-4ec7-b91c-7e0c46694f8f
2026-03-31 13:09:21|gpt|web_search|13|JSON_SAVED||1789|96a71a8a-6124-4ec7-b91c-7e0c46694f8f
2026-03-31 13:09:21|gpt|web_search|13|QUESTION_ADVANCE||1790|306c91ac-4027-4287-b4a9-4538ca7f7d2a
2026-03-31 13:11:06|gpt|web_search|10|QUESTION_SENT||1896|66b8a5c8-9efd-4963-888b-ccb781a8cbe6
2026-03-31 13:11:56|gpt|web_search|13|QUESTION_SENT||1790|306c91ac-4027-4287-b4a9-4538ca7f7d2a
2026-03-31 13:12:06|gpt|web_search|11|QUESTION_SENT||1642|3d5bc449-98b4-4142-8362-a7938757a02a
2026-03-31 13:12:31|gpt|web_search|10|JSON_VERIFIED||1896|66b8a5c8-9efd-4963-888b-ccb781a8cbe6
2026-03-31 13:12:31|gpt|web_search|10|QUESTION|26|1896|66b8a5c8-9efd-4963-888b-ccb781a8cbe6
2026-03-31 13:12:31|gpt|web_search|10|JSON_SAVED||1896|66b8a5c8-9efd-4963-888b-ccb781a8cbe6
2026-03-31 13:12:31|gpt|web_search|10|QUESTION_ADVANCE||1897|043ab5f6-0fea-465e-8fa6-ba82f694a1f1
2026-03-31 13:12:43|gpt|web_search|13|JSON_VERIFIED||1790|306c91ac-4027-4287-b4a9-4538ca7f7d2a
2026-03-31 13:12:43|gpt|web_search|13|QUESTION|44|1790|306c91ac-4027-4287-b4a9-4538ca7f7d2a
2026-03-31 13:12:43|gpt|web_search|13|JSON_SAVED||1790|306c91ac-4027-4287-b4a9-4538ca7f7d2a
2026-03-31 13:12:43|gpt|web_search|13|QUESTION_ADVANCE||1791|955d1280-c31f-4f5e-967b-8e8ae3c8597e
2026-03-31 13:12:45|gpt|web_search|11|JSON_VERIFIED||1642|3d5bc449-98b4-4142-8362-a7938757a02a
2026-03-31 13:12:45|gpt|web_search|11|QUESTION|48|1642|3d5bc449-98b4-4142-8362-a7938757a02a
2026-03-31 13:12:45|gpt|web_search|11|JSON_SAVED||1642|3d5bc449-98b4-4142-8362-a7938757a02a
2026-03-31 13:12:45|gpt|web_search|11|QUESTION_ADVANCE||1643|96a1004f-9836-4b52-9641-578afa7055bc
2026-03-31 13:14:41|gpt|web_search|10|QUESTION_SENT||1897|043ab5f6-0fea-465e-8fa6-ba82f694a1f1
2026-03-31 13:15:29|gpt|web_search|13|QUESTION_SENT||1791|955d1280-c31f-4f5e-967b-8e8ae3c8597e
2026-03-31 13:15:36|gpt|web_search|10|JSON_VERIFIED||1897|043ab5f6-0fea-465e-8fa6-ba82f694a1f1
2026-03-31 13:15:36|gpt|web_search|10|QUESTION|27|1897|043ab5f6-0fea-465e-8fa6-ba82f694a1f1
2026-03-31 13:15:36|gpt|web_search|10|JSON_SAVED||1897|043ab5f6-0fea-465e-8fa6-ba82f694a1f1
2026-03-31 13:15:36|gpt|web_search|10|QUESTION_ADVANCE||1898|80167cd4-f79a-4711-8f53-913b86bac4f7
2026-03-31 13:15:43|gpt|web_search|11|QUESTION_SENT||1643|96a1004f-9836-4b52-9641-578afa7055bc
2026-03-31 13:16:16|gpt|web_search|11|JSON_VERIFIED||1643|96a1004f-9836-4b52-9641-578afa7055bc
2026-03-31 13:16:16|gpt|web_search|11|QUESTION|49|1643|96a1004f-9836-4b52-9641-578afa7055bc
2026-03-31 13:16:16|gpt|web_search|11|JSON_SAVED||1643|96a1004f-9836-4b52-9641-578afa7055bc
2026-03-31 13:16:16|gpt|web_search|11|QUESTION_ADVANCE||1644|a23e3e60-de97-4d37-81bb-7fab199c5adf
2026-03-31 13:16:22|gpt|web_search|13|JSON_VERIFIED||1791|955d1280-c31f-4f5e-967b-8e8ae3c8597e
2026-03-31 13:16:22|gpt|web_search|13|QUESTION|45|1791|955d1280-c31f-4f5e-967b-8e8ae3c8597e
2026-03-31 13:16:22|gpt|web_search|13|JSON_SAVED||1791|955d1280-c31f-4f5e-967b-8e8ae3c8597e
2026-03-31 13:16:22|gpt|web_search|13|QUESTION_ADVANCE||1792|0aa0d1ee-36a2-4197-a568-613e8d6d922d
2026-03-31 13:18:16|gpt|web_search|10|QUESTION_SENT||1898|80167cd4-f79a-4711-8f53-913b86bac4f7
2026-03-31 13:19:03|gpt|web_search|13|QUESTION_SENT||1792|0aa0d1ee-36a2-4197-a568-613e8d6d922d
2026-03-31 13:19:03|gpt|web_search|10|JSON_VERIFIED||1898|80167cd4-f79a-4711-8f53-913b86bac4f7
2026-03-31 13:19:03|gpt|web_search|10|QUESTION|28|1898|80167cd4-f79a-4711-8f53-913b86bac4f7
2026-03-31 13:19:03|gpt|web_search|10|JSON_SAVED||1898|80167cd4-f79a-4711-8f53-913b86bac4f7
2026-03-31 13:19:03|gpt|web_search|10|QUESTION_ADVANCE||1899|7606141c-3bcb-42a0-8dfe-f8b4b98c8e4d
2026-03-31 13:19:20|gpt|web_search|11|QUESTION_SENT||1644|a23e3e60-de97-4d37-81bb-7fab199c5adf
2026-03-31 13:19:49|gpt|web_search|13|JSON_VERIFIED||1792|0aa0d1ee-36a2-4197-a568-613e8d6d922d
2026-03-31 13:19:49|gpt|web_search|13|QUESTION|46|1792|0aa0d1ee-36a2-4197-a568-613e8d6d922d
2026-03-31 13:19:49|gpt|web_search|13|JSON_SAVED||1792|0aa0d1ee-36a2-4197-a568-613e8d6d922d
2026-03-31 13:19:49|gpt|web_search|13|QUESTION_ADVANCE||1793|6c686727-e17a-4a33-8b80-7af7f69a09ca
2026-03-31 13:20:05|gpt|web_search|11|JSON_VERIFIED||1644|a23e3e60-de97-4d37-81bb-7fab199c5adf
2026-03-31 13:20:05|gpt|web_search|11|QUESTION|50|1644|a23e3e60-de97-4d37-81bb-7fab199c5adf
2026-03-31 13:20:05|gpt|web_search|11|JSON_SAVED||1644|a23e3e60-de97-4d37-81bb-7fab199c5adf
2026-03-31 13:20:05|gpt|web_search|11|QUESTION_ADVANCE||1645|88ce6737-2b24-40c6-8972-f1547301c932
2026-03-31 13:21:51|gpt|web_search|10|QUESTION_SENT||1899|7606141c-3bcb-42a0-8dfe-f8b4b98c8e4d
2026-03-31 13:22:36|gpt|web_search|13|QUESTION_SENT||1793|6c686727-e17a-4a33-8b80-7af7f69a09ca
2026-03-31 13:22:43|gpt|web_search|10|JSON_VERIFIED||1899|7606141c-3bcb-42a0-8dfe-f8b4b98c8e4d
2026-03-31 13:22:43|gpt|web_search|10|QUESTION|29|1899|7606141c-3bcb-42a0-8dfe-f8b4b98c8e4d
2026-03-31 13:22:43|gpt|web_search|10|JSON_SAVED||1899|7606141c-3bcb-42a0-8dfe-f8b4b98c8e4d
2026-03-31 13:22:43|gpt|web_search|10|QUESTION_ADVANCE||1900|6eea655f-b75e-41b6-a552-f0b11ee50734
2026-03-31 13:22:57|gpt|web_search|11|QUESTION_SENT||1645|88ce6737-2b24-40c6-8972-f1547301c932
2026-03-31 13:23:12|gpt|web_search|13|JSON_VERIFIED||1793|6c686727-e17a-4a33-8b80-7af7f69a09ca
2026-03-31 13:23:12|gpt|web_search|13|QUESTION|47|1793|6c686727-e17a-4a33-8b80-7af7f69a09ca
2026-03-31 13:23:12|gpt|web_search|13|JSON_SAVED||1793|6c686727-e17a-4a33-8b80-7af7f69a09ca
2026-03-31 13:23:12|gpt|web_search|13|QUESTION_ADVANCE||1794|bf6a7be9-9f6b-4e6f-ad8d-27ba47acdf72
2026-03-31 13:23:39|gpt|web_search|11|JSON_VERIFIED||1645|88ce6737-2b24-40c6-8972-f1547301c932
2026-03-31 13:23:39|gpt|web_search|11|QUESTION|51|1645|88ce6737-2b24-40c6-8972-f1547301c932
2026-03-31 13:23:39|gpt|web_search|11|JSON_SAVED||1645|88ce6737-2b24-40c6-8972-f1547301c932
2026-03-31 13:23:39|gpt|web_search|11|QUESTION_ADVANCE||1646|4046daaa-0e04-4361-9c0e-0a8241fa5b82
2026-03-31 13:23:42|gpt|web_search|12|QUESTION_SENT||1740|18598ce0-a00c-4516-b141-3fcf201902df
2026-03-31 13:24:32|gpt|web_search|12|JSON_VERIFIED||1740|18598ce0-a00c-4516-b141-3fcf201902df
2026-03-31 13:24:32|gpt|web_search|12|QUESTION|23|1740|18598ce0-a00c-4516-b141-3fcf201902df
2026-03-31 13:24:32|gpt|web_search|12|JSON_SAVED||1740|18598ce0-a00c-4516-b141-3fcf201902df
2026-03-31 13:24:32|gpt|web_search|12|QUESTION_ADVANCE||1741|f62488f8-2309-4456-9cfc-f2fe9d393fc2
2026-03-31 13:25:26|gpt|web_search|10|QUESTION_SENT||1900|6eea655f-b75e-41b6-a552-f0b11ee50734
2026-03-31 13:26:09|gpt|web_search|13|QUESTION_SENT||1794|bf6a7be9-9f6b-4e6f-ad8d-27ba47acdf72
2026-03-31 13:26:35|gpt|web_search|11|QUESTION_SENT||1646|4046daaa-0e04-4361-9c0e-0a8241fa5b82
2026-03-31 13:26:45|gpt|web_search|10|JSON_VERIFIED||1900|6eea655f-b75e-41b6-a552-f0b11ee50734
2026-03-31 13:26:45|gpt|web_search|10|QUESTION|30|1900|6eea655f-b75e-41b6-a552-f0b11ee50734
2026-03-31 13:26:45|gpt|web_search|10|JSON_SAVED||1900|6eea655f-b75e-41b6-a552-f0b11ee50734
2026-03-31 13:26:45|gpt|web_search|10|QUESTION_ADVANCE||1901|71e69f5d-8545-40a5-92b5-45475cfca54b
2026-03-31 13:26:57|gpt|web_search|13|JSON_VERIFIED||1794|bf6a7be9-9f6b-4e6f-ad8d-27ba47acdf72
2026-03-31 13:26:57|gpt|web_search|13|QUESTION|48|1794|bf6a7be9-9f6b-4e6f-ad8d-27ba47acdf72
2026-03-31 13:26:57|gpt|web_search|13|JSON_SAVED||1794|bf6a7be9-9f6b-4e6f-ad8d-27ba47acdf72
2026-03-31 13:26:57|gpt|web_search|13|QUESTION_ADVANCE||1795|ea85b661-ca56-49a8-b5e8-d055e8e1972d
2026-03-31 13:27:36|gpt|web_search|12|QUESTION_SENT||1741|f62488f8-2309-4456-9cfc-f2fe9d393fc2
2026-03-31 13:28:27|gpt|web_search|12|JSON_VERIFIED||1741|f62488f8-2309-4456-9cfc-f2fe9d393fc2
2026-03-31 13:28:27|gpt|web_search|12|QUESTION|24|1741|f62488f8-2309-4456-9cfc-f2fe9d393fc2
2026-03-31 13:28:27|gpt|web_search|12|JSON_SAVED||1741|f62488f8-2309-4456-9cfc-f2fe9d393fc2
2026-03-31 13:28:27|gpt|web_search|12|QUESTION_ADVANCE||1742|25135499-a63f-423d-ad48-a467098feb30
2026-03-31 13:29:01|gpt|web_search|10|QUESTION_SENT||1901|71e69f5d-8545-40a5-92b5-45475cfca54b
2026-03-31 13:29:42|gpt|web_search|13|QUESTION_SENT||1795|ea85b661-ca56-49a8-b5e8-d055e8e1972d
2026-03-31 13:30:12|gpt|web_search|11|QUESTION_SENT||1646|4046daaa-0e04-4361-9c0e-0a8241fa5b82
2026-03-31 13:30:34|gpt|web_search|13|JSON_VERIFIED||1795|ea85b661-ca56-49a8-b5e8-d055e8e1972d
2026-03-31 13:30:34|gpt|web_search|13|QUESTION|49|1795|ea85b661-ca56-49a8-b5e8-d055e8e1972d
2026-03-31 13:30:34|gpt|web_search|13|JSON_SAVED||1795|ea85b661-ca56-49a8-b5e8-d055e8e1972d
2026-03-31 13:30:34|gpt|web_search|13|QUESTION_ADVANCE||1796|adc9cd14-ed6a-4460-96e8-9f93b5405e70
2026-03-31 13:30:36|gpt|web_search|11|JSON_VERIFIED||1646|4046daaa-0e04-4361-9c0e-0a8241fa5b82
2026-03-31 13:30:36|gpt|web_search|11|QUESTION|52|1646|4046daaa-0e04-4361-9c0e-0a8241fa5b82
2026-03-31 13:30:36|gpt|web_search|11|JSON_SAVED||1646|4046daaa-0e04-4361-9c0e-0a8241fa5b82
2026-03-31 13:30:36|gpt|web_search|11|QUESTION_ADVANCE||1647|2350349d-164a-49b7-94c3-6ce1fc9ab490
2026-03-31 13:31:29|gpt|web_search|12|QUESTION_SENT||1742|25135499-a63f-423d-ad48-a467098feb30
2026-03-31 13:32:16|gpt|web_search|12|JSON_VERIFIED||1742|25135499-a63f-423d-ad48-a467098feb30
2026-03-31 13:32:16|gpt|web_search|12|QUESTION|25|1742|25135499-a63f-423d-ad48-a467098feb30
2026-03-31 13:32:16|gpt|web_search|12|JSON_SAVED||1742|25135499-a63f-423d-ad48-a467098feb30
2026-03-31 13:32:16|gpt|web_search|12|QUESTION_ADVANCE||1743|95087453-4c3d-4631-bd0c-8ecb3ea8708c
2026-03-31 13:32:36|gpt|web_search|10|QUESTION_SENT||1901|71e69f5d-8545-40a5-92b5-45475cfca54b
2026-03-31 13:33:16|gpt|web_search|13|QUESTION_SENT||1796|adc9cd14-ed6a-4460-96e8-9f93b5405e70
2026-03-31 13:33:23|gpt|web_search|10|JSON_VERIFIED||1901|71e69f5d-8545-40a5-92b5-45475cfca54b
2026-03-31 13:33:23|gpt|web_search|10|QUESTION|31|1901|71e69f5d-8545-40a5-92b5-45475cfca54b
2026-03-31 13:33:23|gpt|web_search|10|JSON_SAVED||1901|71e69f5d-8545-40a5-92b5-45475cfca54b
2026-03-31 13:33:23|gpt|web_search|10|QUESTION_ADVANCE||1902|5a1d1ca7-858a-436e-9132-68a086fc306b
2026-03-31 13:33:49|gpt|web_search|11|QUESTION_SENT||1647|2350349d-164a-49b7-94c3-6ce1fc9ab490
2026-03-31 13:34:03|gpt|web_search|13|JSON_VERIFIED||1796|adc9cd14-ed6a-4460-96e8-9f93b5405e70
2026-03-31 13:34:03|gpt|web_search|13|QUESTION|50|1796|adc9cd14-ed6a-4460-96e8-9f93b5405e70
2026-03-31 13:34:03|gpt|web_search|13|JSON_SAVED||1796|adc9cd14-ed6a-4460-96e8-9f93b5405e70
2026-03-31 13:34:03|gpt|web_search|13|QUESTION_ADVANCE||1797|173254bb-9b4e-4c6f-93be-41a794d62665
2026-03-31 13:34:23|gpt|web_search|11|JSON_VERIFIED||1647|2350349d-164a-49b7-94c3-6ce1fc9ab490
2026-03-31 13:34:23|gpt|web_search|11|QUESTION|53|1647|2350349d-164a-49b7-94c3-6ce1fc9ab490
2026-03-31 13:34:23|gpt|web_search|11|JSON_SAVED||1647|2350349d-164a-49b7-94c3-6ce1fc9ab490
2026-03-31 13:34:23|gpt|web_search|11|QUESTION_ADVANCE||1648|b9b5ce81-f11b-4a20-9e2b-8ac6aab197fa
2026-03-31 13:35:22|gpt|web_search|12|QUESTION_SENT||1743|95087453-4c3d-4631-bd0c-8ecb3ea8708c
2026-03-31 13:36:05|gpt|web_search|12|JSON_VERIFIED||1743|95087453-4c3d-4631-bd0c-8ecb3ea8708c
2026-03-31 13:36:05|gpt|web_search|12|QUESTION|26|1743|95087453-4c3d-4631-bd0c-8ecb3ea8708c
2026-03-31 13:36:05|gpt|web_search|12|JSON_SAVED||1743|95087453-4c3d-4631-bd0c-8ecb3ea8708c
2026-03-31 13:36:05|gpt|web_search|12|QUESTION_ADVANCE||1744|dcbedac3-d066-4413-a572-adec1426d406
2026-03-31 13:36:11|gpt|web_search|10|QUESTION_SENT||1902|5a1d1ca7-858a-436e-9132-68a086fc306b
2026-03-31 13:36:48|gpt|web_search|13|QUESTION_SENT||1797|173254bb-9b4e-4c6f-93be-41a794d62665
2026-03-31 13:37:01|gpt|web_search|10|JSON_VERIFIED||1902|5a1d1ca7-858a-436e-9132-68a086fc306b
2026-03-31 13:37:01|gpt|web_search|10|QUESTION|32|1902|5a1d1ca7-858a-436e-9132-68a086fc306b
2026-03-31 13:37:01|gpt|web_search|10|JSON_SAVED||1902|5a1d1ca7-858a-436e-9132-68a086fc306b
2026-03-31 13:37:01|gpt|web_search|10|QUESTION_ADVANCE||1903|fc2484ad-28c6-461a-ba36-913f8364f69b
2026-03-31 13:37:38|gpt|web_search|13|JSON_VERIFIED||1797|173254bb-9b4e-4c6f-93be-41a794d62665
2026-03-31 13:37:38|gpt|web_search|13|QUESTION|51|1797|173254bb-9b4e-4c6f-93be-41a794d62665
2026-03-31 13:37:38|gpt|web_search|13|JSON_SAVED||1797|173254bb-9b4e-4c6f-93be-41a794d62665
2026-03-31 13:37:38|gpt|web_search|13|QUESTION_ADVANCE||1798|b9807b65-ef86-46ab-ae9f-8b7b5f18fdd9
2026-03-31 13:39:15|gpt|web_search|12|QUESTION_SENT||1744|dcbedac3-d066-4413-a572-adec1426d406
2026-03-31 13:39:46|gpt|web_search|10|QUESTION_SENT||1903|fc2484ad-28c6-461a-ba36-913f8364f69b
2026-03-31 13:40:02|gpt|web_search|12|JSON_VERIFIED||1744|dcbedac3-d066-4413-a572-adec1426d406
2026-03-31 13:40:02|gpt|web_search|12|QUESTION|27|1744|dcbedac3-d066-4413-a572-adec1426d406
2026-03-31 13:40:02|gpt|web_search|12|JSON_SAVED||1744|dcbedac3-d066-4413-a572-adec1426d406
2026-03-31 13:40:02|gpt|web_search|12|QUESTION_ADVANCE||1745|f5c14c9b-f871-4b69-a0a4-5901b4de7e4b
2026-03-31 13:40:22|gpt|web_search|13|QUESTION_SENT||1798|b9807b65-ef86-46ab-ae9f-8b7b5f18fdd9
2026-03-31 13:41:04|gpt|web_search|10|JSON_VERIFIED||1903|fc2484ad-28c6-461a-ba36-913f8364f69b
2026-03-31 13:41:04|gpt|web_search|10|QUESTION|33|1903|fc2484ad-28c6-461a-ba36-913f8364f69b
2026-03-31 13:41:04|gpt|web_search|10|JSON_SAVED||1903|fc2484ad-28c6-461a-ba36-913f8364f69b
2026-03-31 13:41:04|gpt|web_search|10|QUESTION_ADVANCE||1904|11d90f9b-d680-48bf-b64b-efef6421cae9
2026-03-31 13:41:06|gpt|web_search|13|JSON_VERIFIED||1798|b9807b65-ef86-46ab-ae9f-8b7b5f18fdd9
2026-03-31 13:41:06|gpt|web_search|13|QUESTION|52|1798|b9807b65-ef86-46ab-ae9f-8b7b5f18fdd9
2026-03-31 13:41:06|gpt|web_search|13|JSON_SAVED||1798|b9807b65-ef86-46ab-ae9f-8b7b5f18fdd9
2026-03-31 13:41:06|gpt|web_search|13|QUESTION_ADVANCE||1799|c41dc27f-cd10-4208-bc17-e9cecf10b082
2026-03-31 13:43:08|gpt|web_search|12|QUESTION_SENT||1745|f5c14c9b-f871-4b69-a0a4-5901b4de7e4b
2026-03-31 13:43:22|gpt|web_search|10|QUESTION_SENT||1904|11d90f9b-d680-48bf-b64b-efef6421cae9
2026-03-31 13:43:55|gpt|web_search|13|QUESTION_SENT||1799|c41dc27f-cd10-4208-bc17-e9cecf10b082
2026-03-31 13:44:13|gpt|web_search|10|JSON_VERIFIED||1904|11d90f9b-d680-48bf-b64b-efef6421cae9
2026-03-31 13:44:13|gpt|web_search|10|QUESTION|34|1904|11d90f9b-d680-48bf-b64b-efef6421cae9
2026-03-31 13:44:13|gpt|web_search|10|JSON_SAVED||1904|11d90f9b-d680-48bf-b64b-efef6421cae9
2026-03-31 13:44:13|gpt|web_search|10|QUESTION_ADVANCE||1905|12ad6fc5-8217-4940-bbc0-d5b0a4b75cc1
2026-03-31 13:44:45|gpt|web_search|13|JSON_VERIFIED||1799|c41dc27f-cd10-4208-bc17-e9cecf10b082
2026-03-31 13:44:45|gpt|web_search|13|QUESTION|53|1799|c41dc27f-cd10-4208-bc17-e9cecf10b082
2026-03-31 13:44:45|gpt|web_search|13|JSON_SAVED||1799|c41dc27f-cd10-4208-bc17-e9cecf10b082
2026-03-31 13:44:45|gpt|web_search|13|QUESTION_ADVANCE||1800|7f8e88f8-61eb-4bf3-a008-2db49c0d7372
2026-03-31 13:46:57|gpt|web_search|10|QUESTION_SENT||1905|12ad6fc5-8217-4940-bbc0-d5b0a4b75cc1
2026-03-31 13:47:01|gpt|web_search|12|QUESTION_SENT||1745|f5c14c9b-f871-4b69-a0a4-5901b4de7e4b
2026-03-31 13:47:41|gpt|web_search|13|QUESTION_SENT||1800|7f8e88f8-61eb-4bf3-a008-2db49c0d7372
2026-03-31 13:47:54|gpt|web_search|12|JSON_VERIFIED||1745|f5c14c9b-f871-4b69-a0a4-5901b4de7e4b
2026-03-31 13:47:54|gpt|web_search|12|QUESTION|28|1745|f5c14c9b-f871-4b69-a0a4-5901b4de7e4b
2026-03-31 13:47:54|gpt|web_search|12|JSON_SAVED||1745|f5c14c9b-f871-4b69-a0a4-5901b4de7e4b
2026-03-31 13:47:54|gpt|web_search|12|QUESTION_ADVANCE||1746|5edc5cbb-fcaf-4070-82b1-40f65032fcf3
2026-03-31 13:47:55|gpt|web_search|11|QUESTION_SENT||1648|b9b5ce81-f11b-4a20-9e2b-8ac6aab197fa
2026-03-31 13:48:12|gpt|web_search|10|JSON_VERIFIED||1905|12ad6fc5-8217-4940-bbc0-d5b0a4b75cc1
2026-03-31 13:48:12|gpt|web_search|10|QUESTION|35|1905|12ad6fc5-8217-4940-bbc0-d5b0a4b75cc1
2026-03-31 13:48:12|gpt|web_search|10|JSON_SAVED||1905|12ad6fc5-8217-4940-bbc0-d5b0a4b75cc1
2026-03-31 13:48:12|gpt|web_search|10|QUESTION_ADVANCE||1906|26b94c59-6d54-48b7-b0d7-5878032e9aec
2026-03-31 13:48:31|gpt|web_search|11|JSON_VERIFIED||1648|b9b5ce81-f11b-4a20-9e2b-8ac6aab197fa
2026-03-31 13:48:31|gpt|web_search|11|QUESTION|54|1648|b9b5ce81-f11b-4a20-9e2b-8ac6aab197fa
2026-03-31 13:48:31|gpt|web_search|11|JSON_SAVED||1648|b9b5ce81-f11b-4a20-9e2b-8ac6aab197fa
2026-03-31 13:48:31|gpt|web_search|11|QUESTION_ADVANCE||1649|2d0b6595-9c26-44ca-8302-977cb93a0384
2026-03-31 13:48:38|gpt|web_search|13|JSON_VERIFIED||1800|7f8e88f8-61eb-4bf3-a008-2db49c0d7372
2026-03-31 13:48:38|gpt|web_search|13|QUESTION|54|1800|7f8e88f8-61eb-4bf3-a008-2db49c0d7372
2026-03-31 13:48:38|gpt|web_search|13|JSON_SAVED||1800|7f8e88f8-61eb-4bf3-a008-2db49c0d7372
2026-03-31 13:48:38|gpt|web_search|13|QUESTION_ADVANCE||1801|42885dd6-06c8-4ec8-bd30-43a479bc807e
2026-03-31 13:50:32|gpt|web_search|10|QUESTION_SENT||1906|26b94c59-6d54-48b7-b0d7-5878032e9aec
2026-03-31 13:50:55|gpt|web_search|12|QUESTION_SENT||1746|5edc5cbb-fcaf-4070-82b1-40f65032fcf3
2026-03-31 13:51:14|gpt|web_search|13|QUESTION_SENT||1801|42885dd6-06c8-4ec8-bd30-43a479bc807e
2026-03-31 13:51:19|gpt|web_search|10|JSON_VERIFIED||1906|26b94c59-6d54-48b7-b0d7-5878032e9aec
2026-03-31 13:51:19|gpt|web_search|10|QUESTION|36|1906|26b94c59-6d54-48b7-b0d7-5878032e9aec
2026-03-31 13:51:19|gpt|web_search|10|JSON_SAVED||1906|26b94c59-6d54-48b7-b0d7-5878032e9aec
2026-03-31 13:51:19|gpt|web_search|10|QUESTION_ADVANCE||1907|cd282af6-8ff9-4eae-8d71-d9036295ed7f
2026-03-31 13:51:32|gpt|web_search|11|QUESTION_SENT||1649|2d0b6595-9c26-44ca-8302-977cb93a0384
2026-03-31 13:51:43|gpt|web_search|12|JSON_VERIFIED||1746|5edc5cbb-fcaf-4070-82b1-40f65032fcf3
2026-03-31 13:51:43|gpt|web_search|12|QUESTION|29|1746|5edc5cbb-fcaf-4070-82b1-40f65032fcf3
2026-03-31 13:51:43|gpt|web_search|12|JSON_SAVED||1746|5edc5cbb-fcaf-4070-82b1-40f65032fcf3
2026-03-31 13:51:43|gpt|web_search|12|QUESTION_ADVANCE||1747|ca7a51e9-a44f-4c2c-bab3-052393a1cb9f
2026-03-31 13:52:05|gpt|web_search|13|JSON_VERIFIED||1801|42885dd6-06c8-4ec8-bd30-43a479bc807e
2026-03-31 13:52:05|gpt|web_search|13|QUESTION|55|1801|42885dd6-06c8-4ec8-bd30-43a479bc807e
2026-03-31 13:52:05|gpt|web_search|13|JSON_SAVED||1801|42885dd6-06c8-4ec8-bd30-43a479bc807e
2026-03-31 13:52:05|gpt|web_search|13|QUESTION_ADVANCE||1802|e673f306-2e07-4cf0-81e7-daa32a84513a
2026-03-31 13:52:11|gpt|web_search|11|JSON_VERIFIED||1649|2d0b6595-9c26-44ca-8302-977cb93a0384
2026-03-31 13:52:11|gpt|web_search|11|QUESTION|55|1649|2d0b6595-9c26-44ca-8302-977cb93a0384
2026-03-31 13:52:11|gpt|web_search|11|JSON_SAVED||1649|2d0b6595-9c26-44ca-8302-977cb93a0384
2026-03-31 13:52:11|gpt|web_search|11|QUESTION_ADVANCE||1650|caab1324-a8b8-42df-8588-dfdd78fc4867
2026-03-31 13:54:07|gpt|web_search|10|QUESTION_SENT||1907|cd282af6-8ff9-4eae-8d71-d9036295ed7f
2026-03-31 13:54:47|gpt|web_search|13|QUESTION_SENT||1802|e673f306-2e07-4cf0-81e7-daa32a84513a
2026-03-31 13:54:48|gpt|web_search|12|QUESTION_SENT||1747|ca7a51e9-a44f-4c2c-bab3-052393a1cb9f
2026-03-31 13:55:10|gpt|web_search|11|QUESTION_SENT||1650|caab1324-a8b8-42df-8588-dfdd78fc4867
2026-03-31 13:55:17|gpt|web_search|10|JSON_VERIFIED||1907|cd282af6-8ff9-4eae-8d71-d9036295ed7f
2026-03-31 13:55:17|gpt|web_search|10|QUESTION|37|1907|cd282af6-8ff9-4eae-8d71-d9036295ed7f
2026-03-31 13:55:17|gpt|web_search|10|JSON_SAVED||1907|cd282af6-8ff9-4eae-8d71-d9036295ed7f
2026-03-31 13:55:17|gpt|web_search|10|QUESTION_ADVANCE||1908|a04c2f96-6908-409a-b063-59554047397a
2026-03-31 13:55:35|gpt|web_search|13|JSON_VERIFIED||1802|e673f306-2e07-4cf0-81e7-daa32a84513a
2026-03-31 13:55:35|gpt|web_search|13|QUESTION|56|1802|e673f306-2e07-4cf0-81e7-daa32a84513a
2026-03-31 13:55:35|gpt|web_search|13|JSON_SAVED||1802|e673f306-2e07-4cf0-81e7-daa32a84513a
2026-03-31 13:55:35|gpt|web_search|13|QUESTION_ADVANCE||1803|8a7dcc0c-76fa-4c01-a21d-e54c1489546e
2026-03-31 13:55:36|gpt|web_search|12|JSON_VERIFIED||1747|ca7a51e9-a44f-4c2c-bab3-052393a1cb9f
2026-03-31 13:55:36|gpt|web_search|12|QUESTION|30|1747|ca7a51e9-a44f-4c2c-bab3-052393a1cb9f
2026-03-31 13:55:36|gpt|web_search|12|JSON_SAVED||1747|ca7a51e9-a44f-4c2c-bab3-052393a1cb9f
2026-03-31 13:55:36|gpt|web_search|12|QUESTION_ADVANCE||1748|1a0b73b4-5f5f-4b24-9918-e9e3a0ea495c
2026-03-31 13:55:51|gpt|web_search|11|JSON_VERIFIED||1650|caab1324-a8b8-42df-8588-dfdd78fc4867
2026-03-31 13:55:51|gpt|web_search|11|QUESTION|56|1650|caab1324-a8b8-42df-8588-dfdd78fc4867
2026-03-31 13:55:51|gpt|web_search|11|JSON_SAVED||1650|caab1324-a8b8-42df-8588-dfdd78fc4867
2026-03-31 13:55:51|gpt|web_search|11|QUESTION_ADVANCE||1651|62082215-81d9-4723-bfef-db4089317134
2026-03-31 13:57:42|gpt|web_search|10|QUESTION_SENT||1908|a04c2f96-6908-409a-b063-59554047397a
2026-03-31 13:58:20|gpt|web_search|13|QUESTION_SENT||1803|8a7dcc0c-76fa-4c01-a21d-e54c1489546e
2026-03-31 13:58:32|gpt|web_search|10|JSON_VERIFIED||1908|a04c2f96-6908-409a-b063-59554047397a
2026-03-31 13:58:32|gpt|web_search|10|QUESTION|38|1908|a04c2f96-6908-409a-b063-59554047397a
2026-03-31 13:58:32|gpt|web_search|10|JSON_SAVED||1908|a04c2f96-6908-409a-b063-59554047397a
2026-03-31 13:58:32|gpt|web_search|10|QUESTION_ADVANCE||1909|1f517668-3770-4cc4-a876-19b04ee039f7
2026-03-31 13:58:41|gpt|web_search|12|QUESTION_SENT||1748|1a0b73b4-5f5f-4b24-9918-e9e3a0ea495c
2026-03-31 13:58:47|gpt|web_search|11|QUESTION_SENT||1651|62082215-81d9-4723-bfef-db4089317134
2026-03-31 13:59:12|gpt|web_search|13|JSON_VERIFIED||1803|8a7dcc0c-76fa-4c01-a21d-e54c1489546e
2026-03-31 13:59:12|gpt|web_search|13|QUESTION|57|1803|8a7dcc0c-76fa-4c01-a21d-e54c1489546e
2026-03-31 13:59:12|gpt|web_search|13|JSON_SAVED||1803|8a7dcc0c-76fa-4c01-a21d-e54c1489546e
2026-03-31 13:59:12|gpt|web_search|13|QUESTION_ADVANCE||1804|799c4888-cb75-4a38-83f7-a1312070aaf6
2026-03-31 13:59:23|gpt|web_search|11|JSON_VERIFIED||1651|62082215-81d9-4723-bfef-db4089317134
2026-03-31 13:59:23|gpt|web_search|11|QUESTION|57|1651|62082215-81d9-4723-bfef-db4089317134
2026-03-31 13:59:23|gpt|web_search|11|JSON_SAVED||1651|62082215-81d9-4723-bfef-db4089317134
2026-03-31 13:59:23|gpt|web_search|11|QUESTION_ADVANCE||1652|6b3fa5ff-e695-440e-b6d4-38565f2bfd86
2026-03-31 13:59:28|gpt|web_search|12|JSON_VERIFIED||1748|1a0b73b4-5f5f-4b24-9918-e9e3a0ea495c
2026-03-31 13:59:28|gpt|web_search|12|QUESTION|31|1748|1a0b73b4-5f5f-4b24-9918-e9e3a0ea495c
2026-03-31 13:59:28|gpt|web_search|12|JSON_SAVED||1748|1a0b73b4-5f5f-4b24-9918-e9e3a0ea495c
2026-03-31 13:59:28|gpt|web_search|12|QUESTION_ADVANCE||1749|699c3f27-9e09-4f1c-a9ce-2733c7903e9e
2026-03-31 14:01:17|gpt|web_search|10|QUESTION_SENT||1909|1f517668-3770-4cc4-a876-19b04ee039f7
2026-03-31 14:01:53|gpt|web_search|13|QUESTION_SENT||1804|799c4888-cb75-4a38-83f7-a1312070aaf6
2026-03-31 14:02:04|gpt|web_search|10|JSON_VERIFIED||1909|1f517668-3770-4cc4-a876-19b04ee039f7
2026-03-31 14:02:04|gpt|web_search|10|QUESTION|39|1909|1f517668-3770-4cc4-a876-19b04ee039f7
2026-03-31 14:02:04|gpt|web_search|10|JSON_SAVED||1909|1f517668-3770-4cc4-a876-19b04ee039f7
2026-03-31 14:02:04|gpt|web_search|10|QUESTION_ADVANCE||1910|12c3b124-98f0-40a3-bc11-cf392bacfefc
2026-03-31 14:02:24|gpt|web_search|11|QUESTION_SENT||1652|6b3fa5ff-e695-440e-b6d4-38565f2bfd86
2026-03-31 14:02:34|gpt|web_search|12|QUESTION_SENT||1749|699c3f27-9e09-4f1c-a9ce-2733c7903e9e
2026-03-31 14:02:43|gpt|web_search|13|JSON_VERIFIED||1804|799c4888-cb75-4a38-83f7-a1312070aaf6
2026-03-31 14:02:43|gpt|web_search|13|QUESTION|58|1804|799c4888-cb75-4a38-83f7-a1312070aaf6
2026-03-31 14:02:43|gpt|web_search|13|JSON_SAVED||1804|799c4888-cb75-4a38-83f7-a1312070aaf6
2026-03-31 14:02:43|gpt|web_search|13|QUESTION_ADVANCE||1805|682f224b-ad60-4799-b6e5-66f05a8deda7
2026-03-31 14:03:02|gpt|web_search|11|JSON_VERIFIED||1652|6b3fa5ff-e695-440e-b6d4-38565f2bfd86
2026-03-31 14:03:02|gpt|web_search|11|QUESTION|58|1652|6b3fa5ff-e695-440e-b6d4-38565f2bfd86
2026-03-31 14:03:02|gpt|web_search|11|JSON_SAVED||1652|6b3fa5ff-e695-440e-b6d4-38565f2bfd86
2026-03-31 14:03:02|gpt|web_search|11|QUESTION_ADVANCE||1653|d626bfc0-e249-4748-aa1a-ccb8dd69dfb5
2026-03-31 14:03:32|gpt|web_search|12|JSON_VERIFIED||1749|699c3f27-9e09-4f1c-a9ce-2733c7903e9e
2026-03-31 14:03:32|gpt|web_search|12|QUESTION|32|1749|699c3f27-9e09-4f1c-a9ce-2733c7903e9e
2026-03-31 14:03:32|gpt|web_search|12|JSON_SAVED||1749|699c3f27-9e09-4f1c-a9ce-2733c7903e9e
2026-03-31 14:03:32|gpt|web_search|12|QUESTION_ADVANCE||1750|64f66ac3-4694-41a2-b6cc-3cf809fe023b
2026-03-31 14:04:52|gpt|web_search|10|QUESTION_SENT||1910|12c3b124-98f0-40a3-bc11-cf392bacfefc
2026-03-31 14:05:26|gpt|web_search|13|QUESTION_SENT||1805|682f224b-ad60-4799-b6e5-66f05a8deda7
2026-03-31 14:05:44|gpt|web_search|10|JSON_VERIFIED||1910|12c3b124-98f0-40a3-bc11-cf392bacfefc
2026-03-31 14:05:44|gpt|web_search|10|QUESTION|40|1910|12c3b124-98f0-40a3-bc11-cf392bacfefc
2026-03-31 14:05:44|gpt|web_search|10|JSON_SAVED||1910|12c3b124-98f0-40a3-bc11-cf392bacfefc
2026-03-31 14:05:44|gpt|web_search|10|QUESTION_ADVANCE||1911|7ad8eca1-4966-454c-975e-c016adc74e21
2026-03-31 14:06:01|gpt|web_search|11|QUESTION_SENT||1653|d626bfc0-e249-4748-aa1a-ccb8dd69dfb5
2026-03-31 14:06:15|gpt|web_search|13|JSON_VERIFIED||1805|682f224b-ad60-4799-b6e5-66f05a8deda7
2026-03-31 14:06:15|gpt|web_search|13|QUESTION|59|1805|682f224b-ad60-4799-b6e5-66f05a8deda7
2026-03-31 14:06:15|gpt|web_search|13|JSON_SAVED||1805|682f224b-ad60-4799-b6e5-66f05a8deda7
2026-03-31 14:06:15|gpt|web_search|13|QUESTION_ADVANCE||1806|a84a9545-a078-4d37-a759-22a960130fe8
2026-03-31 14:06:27|gpt|web_search|12|QUESTION_SENT||1750|64f66ac3-4694-41a2-b6cc-3cf809fe023b
2026-03-31 14:06:40|gpt|web_search|11|JSON_VERIFIED||1653|d626bfc0-e249-4748-aa1a-ccb8dd69dfb5
2026-03-31 14:06:40|gpt|web_search|11|QUESTION|59|1653|d626bfc0-e249-4748-aa1a-ccb8dd69dfb5
2026-03-31 14:06:40|gpt|web_search|11|JSON_SAVED||1653|d626bfc0-e249-4748-aa1a-ccb8dd69dfb5
2026-03-31 14:06:40|gpt|web_search|11|QUESTION_ADVANCE||1654|2c58c22d-7bbe-43cb-b56a-184b645fae93
2026-03-31 14:07:17|gpt|web_search|12|JSON_VERIFIED||1750|64f66ac3-4694-41a2-b6cc-3cf809fe023b
2026-03-31 14:07:17|gpt|web_search|12|QUESTION|33|1750|64f66ac3-4694-41a2-b6cc-3cf809fe023b
2026-03-31 14:07:17|gpt|web_search|12|JSON_SAVED||1750|64f66ac3-4694-41a2-b6cc-3cf809fe023b
2026-03-31 14:07:18|gpt|web_search|12|STOP||1751|
2026-03-31 14:08:28|gpt|web_search|10|QUESTION_SENT||1911|7ad8eca1-4966-454c-975e-c016adc74e21
2026-03-31 14:09:00|gpt|web_search|13|QUESTION_SENT||1806|a84a9545-a078-4d37-a759-22a960130fe8
2026-03-31 14:09:16|gpt|web_search|10|JSON_VERIFIED||1911|7ad8eca1-4966-454c-975e-c016adc74e21
2026-03-31 14:09:16|gpt|web_search|10|QUESTION|41|1911|7ad8eca1-4966-454c-975e-c016adc74e21
2026-03-31 14:09:16|gpt|web_search|10|JSON_SAVED||1911|7ad8eca1-4966-454c-975e-c016adc74e21
2026-03-31 14:09:16|gpt|web_search|10|QUESTION_ADVANCE||1912|f7c9b306-37d4-4721-85fa-dc787d6d2855
2026-03-31 14:09:38|gpt|web_search|11|QUESTION_SENT||1654|2c58c22d-7bbe-43cb-b56a-184b645fae93
2026-03-31 14:09:54|gpt|web_search|13|JSON_VERIFIED||1806|a84a9545-a078-4d37-a759-22a960130fe8
2026-03-31 14:09:54|gpt|web_search|13|QUESTION|60|1806|a84a9545-a078-4d37-a759-22a960130fe8
2026-03-31 14:09:54|gpt|web_search|13|JSON_SAVED||1806|a84a9545-a078-4d37-a759-22a960130fe8
2026-03-31 14:09:54|gpt|web_search|13|QUESTION_ADVANCE||1807|a573e627-353e-4b7f-bd34-cca4c47e1a9e
2026-03-31 14:10:15|gpt|web_search|11|JSON_VERIFIED||1654|2c58c22d-7bbe-43cb-b56a-184b645fae93
2026-03-31 14:10:15|gpt|web_search|11|QUESTION|60|1654|2c58c22d-7bbe-43cb-b56a-184b645fae93
2026-03-31 14:10:15|gpt|web_search|11|JSON_SAVED||1654|2c58c22d-7bbe-43cb-b56a-184b645fae93
2026-03-31 14:10:15|gpt|web_search|11|QUESTION_ADVANCE||1655|cf32e9fb-3dc1-4235-9c34-12893f1c8281
2026-03-31 14:12:03|gpt|web_search|10|QUESTION_SENT||1912|f7c9b306-37d4-4721-85fa-dc787d6d2855
2026-03-31 14:12:32|gpt|web_search|13|QUESTION_SENT||1807|a573e627-353e-4b7f-bd34-cca4c47e1a9e
2026-03-31 14:12:47|gpt|web_search|10|JSON_VERIFIED||1912|f7c9b306-37d4-4721-85fa-dc787d6d2855
2026-03-31 14:12:47|gpt|web_search|10|QUESTION|42|1912|f7c9b306-37d4-4721-85fa-dc787d6d2855
2026-03-31 14:12:47|gpt|web_search|10|JSON_SAVED||1912|f7c9b306-37d4-4721-85fa-dc787d6d2855
2026-03-31 14:12:47|gpt|web_search|10|QUESTION_ADVANCE||1913|1e884815-3734-4204-a0ba-2f0fc93cfaab
2026-03-31 14:13:15|gpt|web_search|11|QUESTION_SENT||1655|cf32e9fb-3dc1-4235-9c34-12893f1c8281
2026-03-31 14:13:19|gpt|web_search|13|JSON_VERIFIED||1807|a573e627-353e-4b7f-bd34-cca4c47e1a9e
2026-03-31 14:13:19|gpt|web_search|13|QUESTION|61|1807|a573e627-353e-4b7f-bd34-cca4c47e1a9e
2026-03-31 14:13:19|gpt|web_search|13|JSON_SAVED||1807|a573e627-353e-4b7f-bd34-cca4c47e1a9e
2026-03-31 14:13:19|gpt|web_search|13|QUESTION_ADVANCE||1808|22300d64-715d-4501-8b5b-a8cf2373293b
2026-03-31 14:13:51|gpt|web_search|11|JSON_VERIFIED||1655|cf32e9fb-3dc1-4235-9c34-12893f1c8281
2026-03-31 14:13:51|gpt|web_search|11|QUESTION|61|1655|cf32e9fb-3dc1-4235-9c34-12893f1c8281
2026-03-31 14:13:51|gpt|web_search|11|JSON_SAVED||1655|cf32e9fb-3dc1-4235-9c34-12893f1c8281
2026-03-31 14:13:51|gpt|web_search|11|QUESTION_ADVANCE||1656|8ef88062-8353-4de8-962b-82f3cda59d35
2026-03-31 14:15:38|gpt|web_search|10|QUESTION_SENT||1913|1e884815-3734-4204-a0ba-2f0fc93cfaab
2026-03-31 14:16:06|gpt|web_search|13|QUESTION_SENT||1808|22300d64-715d-4501-8b5b-a8cf2373293b
2026-03-31 14:16:28|gpt|web_search|10|JSON_VERIFIED||1913|1e884815-3734-4204-a0ba-2f0fc93cfaab
2026-03-31 14:16:28|gpt|web_search|10|QUESTION|43|1913|1e884815-3734-4204-a0ba-2f0fc93cfaab
2026-03-31 14:16:28|gpt|web_search|10|JSON_SAVED||1913|1e884815-3734-4204-a0ba-2f0fc93cfaab
2026-03-31 14:16:28|gpt|web_search|10|QUESTION_ADVANCE||1914|dffc2863-5bf7-4cf1-bf21-484ca8a834f1
2026-03-31 14:16:52|gpt|web_search|11|QUESTION_SENT||1656|8ef88062-8353-4de8-962b-82f3cda59d35
2026-03-31 14:17:00|gpt|web_search|13|JSON_VERIFIED||1808|22300d64-715d-4501-8b5b-a8cf2373293b
2026-03-31 14:17:00|gpt|web_search|13|QUESTION|62|1808|22300d64-715d-4501-8b5b-a8cf2373293b
2026-03-31 14:17:00|gpt|web_search|13|JSON_SAVED||1808|22300d64-715d-4501-8b5b-a8cf2373293b
2026-03-31 14:17:00|gpt|web_search|13|QUESTION_ADVANCE||1809|6fb7e347-e8b4-4f3e-b850-c5da5d08b632
2026-03-31 14:17:33|gpt|web_search|11|JSON_VERIFIED||1656|8ef88062-8353-4de8-962b-82f3cda59d35
2026-03-31 14:17:33|gpt|web_search|11|QUESTION|62|1656|8ef88062-8353-4de8-962b-82f3cda59d35
2026-03-31 14:17:33|gpt|web_search|11|JSON_SAVED||1656|8ef88062-8353-4de8-962b-82f3cda59d35
2026-03-31 14:17:33|gpt|web_search|11|QUESTION_ADVANCE||1657|b41d73b3-bc12-4b3d-aae0-3b34db50ef3c
2026-03-31 14:19:13|gpt|web_search|10|QUESTION_SENT||1914|dffc2863-5bf7-4cf1-bf21-484ca8a834f1
2026-03-31 14:19:39|gpt|web_search|13|QUESTION_SENT||1809|6fb7e347-e8b4-4f3e-b850-c5da5d08b632
2026-03-31 14:19:57|gpt|web_search|10|JSON_VERIFIED||1914|dffc2863-5bf7-4cf1-bf21-484ca8a834f1
2026-03-31 14:19:57|gpt|web_search|10|QUESTION|44|1914|dffc2863-5bf7-4cf1-bf21-484ca8a834f1
2026-03-31 14:19:57|gpt|web_search|10|JSON_SAVED||1914|dffc2863-5bf7-4cf1-bf21-484ca8a834f1
2026-03-31 14:19:57|gpt|web_search|10|QUESTION_ADVANCE||1915|83bd66c7-cca5-4610-b19d-5c4db51974f6
2026-03-31 14:20:29|gpt|web_search|11|QUESTION_SENT||1657|b41d73b3-bc12-4b3d-aae0-3b34db50ef3c
2026-03-31 14:20:32|gpt|web_search|13|JSON_VERIFIED||1809|6fb7e347-e8b4-4f3e-b850-c5da5d08b632
2026-03-31 14:20:32|gpt|web_search|13|QUESTION|63|1809|6fb7e347-e8b4-4f3e-b850-c5da5d08b632
2026-03-31 14:20:32|gpt|web_search|13|JSON_SAVED||1809|6fb7e347-e8b4-4f3e-b850-c5da5d08b632
2026-03-31 14:20:32|gpt|web_search|13|QUESTION_ADVANCE||1810|d4797526-12b3-4523-8061-97c6a94ed9a4
2026-03-31 14:21:00|gpt|web_search|11|JSON_VERIFY_FAILED||1657|b41d73b3-bc12-4b3d-aae0-3b34db50ef3c
2026-03-31 14:21:00|gpt|web_search|11|QUESTION|63|1657|b41d73b3-bc12-4b3d-aae0-3b34db50ef3c
2026-03-31 14:21:10|gpt|web_search|11|QUESTION_SENT||1657|b41d73b3-bc12-4b3d-aae0-3b34db50ef3c
2026-03-31 14:21:32|gpt|web_search|11|JSON_VERIFIED||1657|b41d73b3-bc12-4b3d-aae0-3b34db50ef3c
2026-03-31 14:21:32|gpt|web_search|11|QUESTION|64|1657|b41d73b3-bc12-4b3d-aae0-3b34db50ef3c
2026-03-31 14:21:32|gpt|web_search|11|JSON_SAVED||1657|b41d73b3-bc12-4b3d-aae0-3b34db50ef3c
2026-03-31 14:21:32|gpt|web_search|11|QUESTION_ADVANCE||1658|69500f64-bf8f-459c-a4ad-42eba076bbbe
2026-03-31 14:22:48|gpt|web_search|10|QUESTION_SENT||1915|83bd66c7-cca5-4610-b19d-5c4db51974f6
2026-03-31 14:23:12|gpt|web_search|13|QUESTION_SENT||1810|d4797526-12b3-4523-8061-97c6a94ed9a4
2026-03-31 14:23:38|gpt|web_search|10|JSON_VERIFIED||1915|83bd66c7-cca5-4610-b19d-5c4db51974f6
2026-03-31 14:23:38|gpt|web_search|10|QUESTION|45|1915|83bd66c7-cca5-4610-b19d-5c4db51974f6
2026-03-31 14:23:38|gpt|web_search|10|JSON_SAVED||1915|83bd66c7-cca5-4610-b19d-5c4db51974f6
2026-03-31 14:23:38|gpt|web_search|10|QUESTION_ADVANCE||1916|38ac4c1b-d462-4fd2-a569-e4742fae5c89
2026-03-31 14:23:57|gpt|web_search|13|JSON_VERIFIED||1810|d4797526-12b3-4523-8061-97c6a94ed9a4
2026-03-31 14:23:57|gpt|web_search|13|QUESTION|64|1810|d4797526-12b3-4523-8061-97c6a94ed9a4
2026-03-31 14:23:57|gpt|web_search|13|JSON_SAVED||1810|d4797526-12b3-4523-8061-97c6a94ed9a4
2026-03-31 14:23:57|gpt|web_search|13|QUESTION_ADVANCE||1811|957e2f7d-083f-4345-8fca-465ffbc0acae
2026-03-31 14:24:47|gpt|web_search|11|QUESTION_SENT||1658|69500f64-bf8f-459c-a4ad-42eba076bbbe
2026-03-31 14:25:25|gpt|web_search|11|JSON_VERIFIED||1658|69500f64-bf8f-459c-a4ad-42eba076bbbe
2026-03-31 14:25:25|gpt|web_search|11|QUESTION|65|1658|69500f64-bf8f-459c-a4ad-42eba076bbbe
2026-03-31 14:25:25|gpt|web_search|11|JSON_SAVED||1658|69500f64-bf8f-459c-a4ad-42eba076bbbe
2026-03-31 14:25:25|gpt|web_search|11|QUESTION_ADVANCE||1659|2948ca22-8fc6-4a61-b4d7-f4245af382d4
2026-03-31 14:26:23|gpt|web_search|10|QUESTION_SENT||1916|38ac4c1b-d462-4fd2-a569-e4742fae5c89
2026-03-31 14:26:45|gpt|web_search|13|QUESTION_SENT||1811|957e2f7d-083f-4345-8fca-465ffbc0acae
2026-03-31 14:27:09|gpt|web_search|10|JSON_VERIFIED||1916|38ac4c1b-d462-4fd2-a569-e4742fae5c89
2026-03-31 14:27:09|gpt|web_search|10|QUESTION|46|1916|38ac4c1b-d462-4fd2-a569-e4742fae5c89
2026-03-31 14:27:09|gpt|web_search|10|JSON_SAVED||1916|38ac4c1b-d462-4fd2-a569-e4742fae5c89
2026-03-31 14:27:09|gpt|web_search|10|QUESTION_ADVANCE||1917|3314b534-4d85-4a50-8b77-8b3527443b33
2026-03-31 14:27:38|gpt|web_search|13|JSON_VERIFIED||1811|957e2f7d-083f-4345-8fca-465ffbc0acae
2026-03-31 14:27:38|gpt|web_search|13|QUESTION|65|1811|957e2f7d-083f-4345-8fca-465ffbc0acae
2026-03-31 14:27:38|gpt|web_search|13|JSON_SAVED||1811|957e2f7d-083f-4345-8fca-465ffbc0acae
2026-03-31 14:27:38|gpt|web_search|13|QUESTION_ADVANCE||1812|a3f6131b-3204-4b72-be81-12fe8aea7222
2026-03-31 14:28:24|gpt|web_search|11|QUESTION_SENT||1659|2948ca22-8fc6-4a61-b4d7-f4245af382d4
2026-03-31 14:29:00|gpt|web_search|11|JSON_VERIFIED||1659|2948ca22-8fc6-4a61-b4d7-f4245af382d4
2026-03-31 14:29:00|gpt|web_search|11|QUESTION|66|1659|2948ca22-8fc6-4a61-b4d7-f4245af382d4
2026-03-31 14:29:00|gpt|web_search|11|JSON_SAVED||1659|2948ca22-8fc6-4a61-b4d7-f4245af382d4
2026-03-31 14:29:00|gpt|web_search|11|QUESTION_ADVANCE||1660|3e9c0ed0-36c1-43e2-9029-00c4385490e7
2026-03-31 14:29:59|gpt|web_search|10|QUESTION_SENT||1917|3314b534-4d85-4a50-8b77-8b3527443b33
2026-03-31 14:30:18|gpt|web_search|13|QUESTION_SENT||1812|a3f6131b-3204-4b72-be81-12fe8aea7222
2026-03-31 14:30:47|gpt|web_search|10|JSON_VERIFIED||1917|3314b534-4d85-4a50-8b77-8b3527443b33
2026-03-31 14:30:47|gpt|web_search|10|QUESTION|47|1917|3314b534-4d85-4a50-8b77-8b3527443b33
2026-03-31 14:30:47|gpt|web_search|10|JSON_SAVED||1917|3314b534-4d85-4a50-8b77-8b3527443b33
2026-03-31 14:30:47|gpt|web_search|10|QUESTION_ADVANCE||1918|53d1bb6f-fd34-4f7f-a218-d73fd05944d6
2026-03-31 14:31:07|gpt|web_search|13|JSON_VERIFIED||1812|a3f6131b-3204-4b72-be81-12fe8aea7222
2026-03-31 14:31:07|gpt|web_search|13|QUESTION|66|1812|a3f6131b-3204-4b72-be81-12fe8aea7222
2026-03-31 14:31:07|gpt|web_search|13|JSON_SAVED||1812|a3f6131b-3204-4b72-be81-12fe8aea7222
2026-03-31 14:31:07|gpt|web_search|13|QUESTION_ADVANCE||1813|4a6bd2be-5d1b-45c5-b91e-afdc06a270fb
2026-03-31 14:32:01|gpt|web_search|11|QUESTION_SENT||1660|3e9c0ed0-36c1-43e2-9029-00c4385490e7
2026-03-31 14:32:37|gpt|web_search|11|JSON_VERIFIED||1660|3e9c0ed0-36c1-43e2-9029-00c4385490e7
2026-03-31 14:32:37|gpt|web_search|11|QUESTION|67|1660|3e9c0ed0-36c1-43e2-9029-00c4385490e7
2026-03-31 14:32:37|gpt|web_search|11|JSON_SAVED||1660|3e9c0ed0-36c1-43e2-9029-00c4385490e7
2026-03-31 14:32:37|gpt|web_search|11|QUESTION_ADVANCE||1661|595483a9-f990-4c9d-ae20-fd8e37d25e35
2026-03-31 14:33:34|gpt|web_search|10|QUESTION_SENT||1918|53d1bb6f-fd34-4f7f-a218-d73fd05944d6
2026-03-31 14:33:51|gpt|web_search|13|QUESTION_SENT||1813|4a6bd2be-5d1b-45c5-b91e-afdc06a270fb
2026-03-31 14:34:24|gpt|web_search|10|JSON_VERIFIED||1918|53d1bb6f-fd34-4f7f-a218-d73fd05944d6
2026-03-31 14:34:24|gpt|web_search|10|QUESTION|48|1918|53d1bb6f-fd34-4f7f-a218-d73fd05944d6
2026-03-31 14:34:24|gpt|web_search|10|JSON_SAVED||1918|53d1bb6f-fd34-4f7f-a218-d73fd05944d6
2026-03-31 14:34:24|gpt|web_search|10|QUESTION_ADVANCE||1919|d30ba143-a9dc-4868-a464-ef5fee4ac0d3
2026-03-31 14:34:43|gpt|web_search|13|JSON_VERIFIED||1813|4a6bd2be-5d1b-45c5-b91e-afdc06a270fb
2026-03-31 14:34:43|gpt|web_search|13|QUESTION|67|1813|4a6bd2be-5d1b-45c5-b91e-afdc06a270fb
2026-03-31 14:34:43|gpt|web_search|13|JSON_SAVED||1813|4a6bd2be-5d1b-45c5-b91e-afdc06a270fb
2026-03-31 14:34:43|gpt|web_search|13|QUESTION_ADVANCE||1814|8fd9b9b0-4bbe-401d-a8d5-ba5cb04aec52
2026-03-31 14:35:38|gpt|web_search|11|QUESTION_SENT||1661|595483a9-f990-4c9d-ae20-fd8e37d25e35
2026-03-31 14:36:13|gpt|web_search|11|JSON_VERIFIED||1661|595483a9-f990-4c9d-ae20-fd8e37d25e35
2026-03-31 14:36:13|gpt|web_search|11|QUESTION|68|1661|595483a9-f990-4c9d-ae20-fd8e37d25e35
2026-03-31 14:36:13|gpt|web_search|11|JSON_SAVED||1661|595483a9-f990-4c9d-ae20-fd8e37d25e35
2026-03-31 14:36:13|gpt|web_search|11|QUESTION_ADVANCE||1662|64a0f4cf-4829-4c28-8771-bb2b6dde6d16
2026-03-31 14:37:09|gpt|web_search|10|QUESTION_SENT||1919|d30ba143-a9dc-4868-a464-ef5fee4ac0d3
2026-03-31 14:37:24|gpt|web_search|13|QUESTION_SENT||1814|8fd9b9b0-4bbe-401d-a8d5-ba5cb04aec52
2026-03-31 14:37:58|gpt|web_search|10|JSON_VERIFIED||1919|d30ba143-a9dc-4868-a464-ef5fee4ac0d3
2026-03-31 14:37:58|gpt|web_search|10|QUESTION|49|1919|d30ba143-a9dc-4868-a464-ef5fee4ac0d3
2026-03-31 14:37:58|gpt|web_search|10|JSON_SAVED||1919|d30ba143-a9dc-4868-a464-ef5fee4ac0d3
2026-03-31 14:37:58|gpt|web_search|10|QUESTION_ADVANCE||1920|ebd441fe-06bb-4b2c-a7a8-2776d06e8a54
2026-03-31 14:38:17|gpt|web_search|13|JSON_VERIFIED||1814|8fd9b9b0-4bbe-401d-a8d5-ba5cb04aec52
2026-03-31 14:38:17|gpt|web_search|13|QUESTION|68|1814|8fd9b9b0-4bbe-401d-a8d5-ba5cb04aec52
2026-03-31 14:38:17|gpt|web_search|13|JSON_SAVED||1814|8fd9b9b0-4bbe-401d-a8d5-ba5cb04aec52
2026-03-31 14:38:17|gpt|web_search|13|QUESTION_ADVANCE||1815|11d3553a-9fed-4be1-bbf0-a9860172eb7e
2026-03-31 14:39:16|gpt|web_search|11|QUESTION_SENT||1662|64a0f4cf-4829-4c28-8771-bb2b6dde6d16
2026-03-31 14:39:53|gpt|web_search|11|JSON_VERIFIED||1662|64a0f4cf-4829-4c28-8771-bb2b6dde6d16
2026-03-31 14:39:53|gpt|web_search|11|QUESTION|69|1662|64a0f4cf-4829-4c28-8771-bb2b6dde6d16
2026-03-31 14:39:53|gpt|web_search|11|JSON_SAVED||1662|64a0f4cf-4829-4c28-8771-bb2b6dde6d16
2026-03-31 14:39:53|gpt|web_search|11|QUESTION_ADVANCE||1663|dc96019a-1a1f-4a8e-a025-d6ef91724fb1
2026-03-31 14:40:44|gpt|web_search|10|QUESTION_SENT||1920|ebd441fe-06bb-4b2c-a7a8-2776d06e8a54
2026-03-31 14:40:58|gpt|web_search|13|QUESTION_SENT||1815|11d3553a-9fed-4be1-bbf0-a9860172eb7e
2026-03-31 14:41:26|gpt|web_search|10|JSON_VERIFIED||1920|ebd441fe-06bb-4b2c-a7a8-2776d06e8a54
2026-03-31 14:41:26|gpt|web_search|10|QUESTION|50|1920|ebd441fe-06bb-4b2c-a7a8-2776d06e8a54
2026-03-31 14:41:26|gpt|web_search|10|JSON_SAVED||1920|ebd441fe-06bb-4b2c-a7a8-2776d06e8a54
2026-03-31 14:41:26|gpt|web_search|10|QUESTION_ADVANCE||1921|2eeefeba-efa7-4528-a4e6-2503b5b5f4e2
2026-03-31 14:41:43|gpt|web_search|13|JSON_VERIFIED||1815|11d3553a-9fed-4be1-bbf0-a9860172eb7e
2026-03-31 14:41:43|gpt|web_search|13|QUESTION|69|1815|11d3553a-9fed-4be1-bbf0-a9860172eb7e
2026-03-31 14:41:43|gpt|web_search|13|JSON_SAVED||1815|11d3553a-9fed-4be1-bbf0-a9860172eb7e
2026-03-31 14:41:43|gpt|web_search|13|QUESTION_ADVANCE||1816|f6205dea-0ad8-448c-bdca-d04e8bc48e22
2026-03-31 14:42:53|gpt|web_search|11|QUESTION_SENT||1663|dc96019a-1a1f-4a8e-a025-d6ef91724fb1
2026-03-31 14:43:28|gpt|web_search|11|JSON_VERIFY_FAILED||1663|dc96019a-1a1f-4a8e-a025-d6ef91724fb1
2026-03-31 14:43:28|gpt|web_search|11|QUESTION|70|1663|dc96019a-1a1f-4a8e-a025-d6ef91724fb1
2026-03-31 14:43:38|gpt|web_search|11|QUESTION_SENT||1663|dc96019a-1a1f-4a8e-a025-d6ef91724fb1
2026-03-31 14:44:03|gpt|web_search|11|JSON_VERIFIED||1663|dc96019a-1a1f-4a8e-a025-d6ef91724fb1
2026-03-31 14:44:03|gpt|web_search|11|QUESTION|71|1663|dc96019a-1a1f-4a8e-a025-d6ef91724fb1
2026-03-31 14:44:03|gpt|web_search|11|JSON_SAVED||1663|dc96019a-1a1f-4a8e-a025-d6ef91724fb1
2026-03-31 14:44:03|gpt|web_search|11|QUESTION_ADVANCE||1664|1371c2ee-d4b3-4657-9d0b-42852aba2696
2026-03-31 14:44:20|gpt|web_search|10|QUESTION_SENT||1921|2eeefeba-efa7-4528-a4e6-2503b5b5f4e2
2026-03-31 14:44:31|gpt|web_search|13|QUESTION_SENT||1816|f6205dea-0ad8-448c-bdca-d04e8bc48e22
2026-03-31 14:45:10|gpt|web_search|10|JSON_VERIFIED||1921|2eeefeba-efa7-4528-a4e6-2503b5b5f4e2
2026-03-31 14:45:10|gpt|web_search|10|QUESTION|51|1921|2eeefeba-efa7-4528-a4e6-2503b5b5f4e2
2026-03-31 14:45:10|gpt|web_search|10|JSON_SAVED||1921|2eeefeba-efa7-4528-a4e6-2503b5b5f4e2
2026-03-31 14:45:10|gpt|web_search|10|QUESTION_ADVANCE||1922|11753ca9-cdaf-4f6f-acae-fce8ba84aa16
2026-03-31 14:45:20|gpt|web_search|13|JSON_VERIFIED||1816|f6205dea-0ad8-448c-bdca-d04e8bc48e22
2026-03-31 14:45:20|gpt|web_search|13|QUESTION|70|1816|f6205dea-0ad8-448c-bdca-d04e8bc48e22
2026-03-31 14:45:20|gpt|web_search|13|JSON_SAVED||1816|f6205dea-0ad8-448c-bdca-d04e8bc48e22
2026-03-31 14:45:20|gpt|web_search|13|QUESTION_ADVANCE||1817|033a4c53-3d2b-4fa0-8c80-6e13bcf07942
2026-03-31 14:47:15|gpt|web_search|11|QUESTION_SENT||1664|1371c2ee-d4b3-4657-9d0b-42852aba2696
2026-03-31 14:47:49|gpt|web_search|11|JSON_VERIFIED||1664|1371c2ee-d4b3-4657-9d0b-42852aba2696
2026-03-31 14:47:49|gpt|web_search|11|QUESTION|72|1664|1371c2ee-d4b3-4657-9d0b-42852aba2696
2026-03-31 14:47:49|gpt|web_search|11|JSON_SAVED||1664|1371c2ee-d4b3-4657-9d0b-42852aba2696
2026-03-31 14:47:49|gpt|web_search|11|QUESTION_ADVANCE||1665|89f2d20e-82d7-4e57-ae7b-ceecb65931e1
2026-03-31 14:47:55|gpt|web_search|10|QUESTION_SENT||1922|11753ca9-cdaf-4f6f-acae-fce8ba84aa16
2026-03-31 14:48:04|gpt|web_search|13|QUESTION_SENT||1817|033a4c53-3d2b-4fa0-8c80-6e13bcf07942
2026-03-31 14:48:48|gpt|web_search|13|JSON_VERIFIED||1817|033a4c53-3d2b-4fa0-8c80-6e13bcf07942
2026-03-31 14:48:48|gpt|web_search|13|QUESTION|71|1817|033a4c53-3d2b-4fa0-8c80-6e13bcf07942
2026-03-31 14:48:48|gpt|web_search|13|JSON_SAVED||1817|033a4c53-3d2b-4fa0-8c80-6e13bcf07942
2026-03-31 14:48:48|gpt|web_search|13|QUESTION_ADVANCE||1818|7bba1cb8-7d11-43c8-9e26-6bd48a665f8e
2026-03-31 14:48:53|gpt|web_search|10|JSON_VERIFIED||1922|11753ca9-cdaf-4f6f-acae-fce8ba84aa16
2026-03-31 14:48:53|gpt|web_search|10|QUESTION|52|1922|11753ca9-cdaf-4f6f-acae-fce8ba84aa16
2026-03-31 14:48:53|gpt|web_search|10|JSON_SAVED||1922|11753ca9-cdaf-4f6f-acae-fce8ba84aa16
2026-03-31 14:48:53|gpt|web_search|10|QUESTION_ADVANCE||1923|7c1e4646-ed80-4f72-b07b-fee54655829a
2026-03-31 14:50:52|gpt|web_search|11|QUESTION_SENT||1665|89f2d20e-82d7-4e57-ae7b-ceecb65931e1
2026-03-31 14:51:28|gpt|web_search|11|JSON_VERIFY_FAILED||1665|89f2d20e-82d7-4e57-ae7b-ceecb65931e1
2026-03-31 14:51:28|gpt|web_search|11|QUESTION|73|1665|89f2d20e-82d7-4e57-ae7b-ceecb65931e1
2026-03-31 14:51:30|gpt|web_search|10|QUESTION_SENT||1923|7c1e4646-ed80-4f72-b07b-fee54655829a
2026-03-31 14:51:37|gpt|web_search|13|QUESTION_SENT||1818|7bba1cb8-7d11-43c8-9e26-6bd48a665f8e
2026-03-31 14:51:38|gpt|web_search|11|QUESTION_SENT||1665|89f2d20e-82d7-4e57-ae7b-ceecb65931e1
2026-03-31 14:52:02|gpt|web_search|11|JSON_VERIFIED||1665|89f2d20e-82d7-4e57-ae7b-ceecb65931e1
2026-03-31 14:52:02|gpt|web_search|11|QUESTION|74|1665|89f2d20e-82d7-4e57-ae7b-ceecb65931e1
2026-03-31 14:52:02|gpt|web_search|11|JSON_SAVED||1665|89f2d20e-82d7-4e57-ae7b-ceecb65931e1
2026-03-31 14:52:02|gpt|web_search|11|QUESTION_ADVANCE||1666|37530acf-2c5f-4b06-bf79-a9755c188662
2026-03-31 14:52:09|gpt|web_search|13|JSON_VERIFIED||1818|7bba1cb8-7d11-43c8-9e26-6bd48a665f8e
2026-03-31 14:52:09|gpt|web_search|13|QUESTION|72|1818|7bba1cb8-7d11-43c8-9e26-6bd48a665f8e
2026-03-31 14:52:09|gpt|web_search|13|JSON_SAVED||1818|7bba1cb8-7d11-43c8-9e26-6bd48a665f8e
2026-03-31 14:52:09|gpt|web_search|13|QUESTION_ADVANCE||1819|2d989901-6d25-4c1a-8215-2ba2887749de
2026-03-31 14:52:23|gpt|web_search|10|JSON_VERIFIED||1923|7c1e4646-ed80-4f72-b07b-fee54655829a
2026-03-31 14:52:23|gpt|web_search|10|QUESTION|53|1923|7c1e4646-ed80-4f72-b07b-fee54655829a
2026-03-31 14:52:23|gpt|web_search|10|JSON_SAVED||1923|7c1e4646-ed80-4f72-b07b-fee54655829a
2026-03-31 14:52:23|gpt|web_search|10|QUESTION_ADVANCE||1924|4c364e6d-0cef-40da-affb-42458f12ca50
2026-03-31 14:55:05|gpt|web_search|10|QUESTION_SENT||1924|4c364e6d-0cef-40da-affb-42458f12ca50
2026-03-31 14:55:10|gpt|web_search|13|QUESTION_SENT||1819|2d989901-6d25-4c1a-8215-2ba2887749de
2026-03-31 14:55:15|gpt|web_search|11|QUESTION_SENT||1666|37530acf-2c5f-4b06-bf79-a9755c188662
2026-03-31 14:55:49|gpt|web_search|11|JSON_VERIFIED||1666|37530acf-2c5f-4b06-bf79-a9755c188662
2026-03-31 14:55:49|gpt|web_search|11|QUESTION|75|1666|37530acf-2c5f-4b06-bf79-a9755c188662
2026-03-31 14:55:49|gpt|web_search|11|JSON_SAVED||1666|37530acf-2c5f-4b06-bf79-a9755c188662
2026-03-31 14:55:49|gpt|web_search|11|QUESTION_ADVANCE||1667|08eed6f0-7b9f-4a26-94d7-0d6d3a3266ff
2026-03-31 14:56:00|gpt|web_search|13|JSON_VERIFIED||1819|2d989901-6d25-4c1a-8215-2ba2887749de
2026-03-31 14:56:00|gpt|web_search|13|QUESTION|73|1819|2d989901-6d25-4c1a-8215-2ba2887749de
2026-03-31 14:56:00|gpt|web_search|13|JSON_SAVED||1819|2d989901-6d25-4c1a-8215-2ba2887749de
2026-03-31 14:56:00|gpt|web_search|13|QUESTION_ADVANCE||1820|b7f6cf55-07c2-4d3d-a282-b4f7ce53569b
2026-03-31 14:56:08|gpt|web_search|10|JSON_VERIFIED||1924|4c364e6d-0cef-40da-affb-42458f12ca50
2026-03-31 14:56:08|gpt|web_search|10|QUESTION|54|1924|4c364e6d-0cef-40da-affb-42458f12ca50
2026-03-31 14:56:08|gpt|web_search|10|JSON_SAVED||1924|4c364e6d-0cef-40da-affb-42458f12ca50
2026-03-31 14:56:08|gpt|web_search|10|QUESTION_ADVANCE||1925|a3a35b83-45fd-47cd-accc-5714bf74ca49
2026-03-31 14:58:40|gpt|web_search|10|QUESTION_SENT||1925|a3a35b83-45fd-47cd-accc-5714bf74ca49
2026-03-31 14:58:43|gpt|web_search|13|QUESTION_SENT||1820|b7f6cf55-07c2-4d3d-a282-b4f7ce53569b
2026-03-31 14:58:52|gpt|web_search|11|QUESTION_SENT||1667|08eed6f0-7b9f-4a26-94d7-0d6d3a3266ff
2026-03-31 14:59:34|gpt|web_search|11|JSON_VERIFIED||1667|08eed6f0-7b9f-4a26-94d7-0d6d3a3266ff
2026-03-31 14:59:34|gpt|web_search|11|QUESTION|76|1667|08eed6f0-7b9f-4a26-94d7-0d6d3a3266ff
2026-03-31 14:59:34|gpt|web_search|11|JSON_SAVED||1667|08eed6f0-7b9f-4a26-94d7-0d6d3a3266ff
2026-03-31 14:59:34|gpt|web_search|11|QUESTION_ADVANCE||1668|fd965bd8-cdc7-4b30-aeba-29232944e17b
2026-03-31 14:59:39|gpt|web_search|10|JSON_VERIFIED||1925|a3a35b83-45fd-47cd-accc-5714bf74ca49
2026-03-31 14:59:39|gpt|web_search|10|QUESTION|55|1925|a3a35b83-45fd-47cd-accc-5714bf74ca49
2026-03-31 14:59:39|gpt|web_search|10|JSON_SAVED||1925|a3a35b83-45fd-47cd-accc-5714bf74ca49
2026-03-31 14:59:39|gpt|web_search|10|QUESTION_ADVANCE||1926|c187cd5b-d087-45dc-b106-becb5631e88a
2026-03-31 15:02:15|gpt|web_search|10|QUESTION_SENT||1926|c187cd5b-d087-45dc-b106-becb5631e88a
2026-03-31 15:02:16|gpt|web_search|13|QUESTION_SENT||1820|b7f6cf55-07c2-4d3d-a282-b4f7ce53569b
2026-03-31 15:02:29|gpt|web_search|11|QUESTION_SENT||1668|fd965bd8-cdc7-4b30-aeba-29232944e17b
2026-03-31 15:03:03|gpt|web_search|11|JSON_VERIFIED||1668|fd965bd8-cdc7-4b30-aeba-29232944e17b
2026-03-31 15:03:03|gpt|web_search|11|QUESTION|77|1668|fd965bd8-cdc7-4b30-aeba-29232944e17b
2026-03-31 15:03:03|gpt|web_search|11|JSON_SAVED||1668|fd965bd8-cdc7-4b30-aeba-29232944e17b
2026-03-31 15:03:03|gpt|web_search|11|QUESTION_ADVANCE||1669|d3c02f26-455d-473b-9a63-b60a71c740c2
2026-03-31 15:03:07|gpt|web_search|13|JSON_VERIFIED||1820|b7f6cf55-07c2-4d3d-a282-b4f7ce53569b
2026-03-31 15:03:07|gpt|web_search|13|QUESTION|74|1820|b7f6cf55-07c2-4d3d-a282-b4f7ce53569b
2026-03-31 15:03:07|gpt|web_search|13|JSON_SAVED||1820|b7f6cf55-07c2-4d3d-a282-b4f7ce53569b
2026-03-31 15:03:07|gpt|web_search|13|QUESTION_ADVANCE||1821|10659d8a-2b0a-44f7-b764-0620782497a0
2026-03-31 15:03:14|gpt|web_search|10|JSON_VERIFIED||1926|c187cd5b-d087-45dc-b106-becb5631e88a
2026-03-31 15:03:14|gpt|web_search|10|QUESTION|56|1926|c187cd5b-d087-45dc-b106-becb5631e88a
2026-03-31 15:03:14|gpt|web_search|10|JSON_SAVED||1926|c187cd5b-d087-45dc-b106-becb5631e88a
2026-03-31 15:03:14|gpt|web_search|10|QUESTION_ADVANCE||1927|002517c1-6339-417c-99d1-f201667a01b6
2026-03-31 15:05:49|gpt|web_search|13|QUESTION_SENT||1821|10659d8a-2b0a-44f7-b764-0620782497a0
2026-03-31 15:05:51|gpt|web_search|10|QUESTION_SENT||1927|002517c1-6339-417c-99d1-f201667a01b6
2026-03-31 15:06:06|gpt|web_search|11|QUESTION_SENT||1669|d3c02f26-455d-473b-9a63-b60a71c740c2
2026-03-31 15:06:40|gpt|web_search|13|JSON_VERIFIED||1821|10659d8a-2b0a-44f7-b764-0620782497a0
2026-03-31 15:06:40|gpt|web_search|13|QUESTION|75|1821|10659d8a-2b0a-44f7-b764-0620782497a0
2026-03-31 15:06:40|gpt|web_search|13|JSON_SAVED||1821|10659d8a-2b0a-44f7-b764-0620782497a0
2026-03-31 15:06:40|gpt|web_search|13|QUESTION_ADVANCE||1822|61b6c745-03fc-4b45-a37e-a95ce5ddc838
2026-03-31 15:06:43|gpt|web_search|11|JSON_VERIFIED||1669|d3c02f26-455d-473b-9a63-b60a71c740c2
2026-03-31 15:06:43|gpt|web_search|11|QUESTION|78|1669|d3c02f26-455d-473b-9a63-b60a71c740c2
2026-03-31 15:06:43|gpt|web_search|11|JSON_SAVED||1669|d3c02f26-455d-473b-9a63-b60a71c740c2
2026-03-31 15:06:43|gpt|web_search|11|QUESTION_ADVANCE||1670|131c5a10-f540-4a55-baad-b69f8a2543d1
2026-03-31 15:06:49|gpt|web_search|10|JSON_VERIFIED||1927|002517c1-6339-417c-99d1-f201667a01b6
2026-03-31 15:06:49|gpt|web_search|10|QUESTION|57|1927|002517c1-6339-417c-99d1-f201667a01b6
2026-03-31 15:06:49|gpt|web_search|10|JSON_SAVED||1927|002517c1-6339-417c-99d1-f201667a01b6
2026-03-31 15:06:49|gpt|web_search|10|QUESTION_ADVANCE||1928|01b5510c-cb09-450d-850d-1638f9ef6e38
2026-03-31 15:09:22|gpt|web_search|13|QUESTION_SENT||1822|61b6c745-03fc-4b45-a37e-a95ce5ddc838
2026-03-31 15:09:25|gpt|web_search|10|QUESTION_SENT||1928|01b5510c-cb09-450d-850d-1638f9ef6e38
2026-03-31 15:09:43|gpt|web_search|11|QUESTION_SENT||1670|131c5a10-f540-4a55-baad-b69f8a2543d1
2026-03-31 15:10:05|gpt|web_search|13|JSON_VERIFIED||1822|61b6c745-03fc-4b45-a37e-a95ce5ddc838
2026-03-31 15:10:05|gpt|web_search|13|QUESTION|76|1822|61b6c745-03fc-4b45-a37e-a95ce5ddc838
2026-03-31 15:10:05|gpt|web_search|13|JSON_SAVED||1822|61b6c745-03fc-4b45-a37e-a95ce5ddc838
2026-03-31 15:10:05|gpt|web_search|13|QUESTION_ADVANCE||1823|a00995f2-874d-4fb4-b418-01b9a953d6ac
2026-03-31 15:10:16|gpt|web_search|10|JSON_VERIFIED||1928|01b5510c-cb09-450d-850d-1638f9ef6e38
2026-03-31 15:10:16|gpt|web_search|10|QUESTION|58|1928|01b5510c-cb09-450d-850d-1638f9ef6e38
2026-03-31 15:10:16|gpt|web_search|10|JSON_SAVED||1928|01b5510c-cb09-450d-850d-1638f9ef6e38
2026-03-31 15:10:16|gpt|web_search|10|QUESTION_ADVANCE||1929|27f54a28-e5f6-4184-92ad-cf2937286cc4
2026-03-31 15:10:20|gpt|web_search|11|JSON_VERIFIED||1670|131c5a10-f540-4a55-baad-b69f8a2543d1
2026-03-31 15:10:20|gpt|web_search|11|QUESTION|79|1670|131c5a10-f540-4a55-baad-b69f8a2543d1
2026-03-31 15:10:20|gpt|web_search|11|JSON_SAVED||1670|131c5a10-f540-4a55-baad-b69f8a2543d1
2026-03-31 15:10:20|gpt|web_search|11|QUESTION_ADVANCE||1671|ee70d998-8471-4df6-a9ee-caee8410fa74
2026-03-31 15:12:55|gpt|web_search|13|QUESTION_SENT||1823|a00995f2-874d-4fb4-b418-01b9a953d6ac
2026-03-31 15:13:01|gpt|web_search|10|QUESTION_SENT||1929|27f54a28-e5f6-4184-92ad-cf2937286cc4
2026-03-31 15:13:20|gpt|web_search|11|QUESTION_SENT||1671|ee70d998-8471-4df6-a9ee-caee8410fa74
2026-03-31 15:13:44|gpt|web_search|13|JSON_VERIFIED||1823|a00995f2-874d-4fb4-b418-01b9a953d6ac
2026-03-31 15:13:44|gpt|web_search|13|QUESTION|77|1823|a00995f2-874d-4fb4-b418-01b9a953d6ac
2026-03-31 15:13:44|gpt|web_search|13|JSON_SAVED||1823|a00995f2-874d-4fb4-b418-01b9a953d6ac
2026-03-31 15:13:44|gpt|web_search|13|QUESTION_ADVANCE||1824|9dd4142f-33e0-4a6b-8507-b9a2637f44b9
2026-03-31 15:13:54|gpt|web_search|10|JSON_VERIFIED||1929|27f54a28-e5f6-4184-92ad-cf2937286cc4
2026-03-31 15:13:54|gpt|web_search|10|QUESTION|59|1929|27f54a28-e5f6-4184-92ad-cf2937286cc4
2026-03-31 15:13:54|gpt|web_search|10|JSON_SAVED||1929|27f54a28-e5f6-4184-92ad-cf2937286cc4
2026-03-31 15:13:54|gpt|web_search|10|QUESTION_ADVANCE||1930|6b4baec4-5e80-4b31-a8c1-9f976cf078c5
2026-03-31 15:13:54|gpt|web_search|11|JSON_VERIFIED||1671|ee70d998-8471-4df6-a9ee-caee8410fa74
2026-03-31 15:13:54|gpt|web_search|11|QUESTION|80|1671|ee70d998-8471-4df6-a9ee-caee8410fa74
2026-03-31 15:13:54|gpt|web_search|11|JSON_SAVED||1671|ee70d998-8471-4df6-a9ee-caee8410fa74
2026-03-31 15:13:54|gpt|web_search|11|QUESTION_ADVANCE||1672|257b2591-fcdc-4b38-b6c6-49c8d58183c0
2026-03-31 15:16:28|gpt|web_search|13|QUESTION_SENT||1824|9dd4142f-33e0-4a6b-8507-b9a2637f44b9
2026-03-31 15:16:36|gpt|web_search|10|QUESTION_SENT||1930|6b4baec4-5e80-4b31-a8c1-9f976cf078c5
2026-03-31 15:16:57|gpt|web_search|11|QUESTION_SENT||1672|257b2591-fcdc-4b38-b6c6-49c8d58183c0
2026-03-31 15:17:20|gpt|web_search|13|JSON_VERIFIED||1824|9dd4142f-33e0-4a6b-8507-b9a2637f44b9
2026-03-31 15:17:20|gpt|web_search|13|QUESTION|78|1824|9dd4142f-33e0-4a6b-8507-b9a2637f44b9
2026-03-31 15:17:20|gpt|web_search|13|JSON_SAVED||1824|9dd4142f-33e0-4a6b-8507-b9a2637f44b9
2026-03-31 15:17:20|gpt|web_search|13|QUESTION_ADVANCE||1825|a420ffca-b611-4109-95fc-9a0db06d5560
2026-03-31 15:17:29|gpt|web_search|10|JSON_VERIFIED||1930|6b4baec4-5e80-4b31-a8c1-9f976cf078c5
2026-03-31 15:17:29|gpt|web_search|10|QUESTION|60|1930|6b4baec4-5e80-4b31-a8c1-9f976cf078c5
2026-03-31 15:17:29|gpt|web_search|10|JSON_SAVED||1930|6b4baec4-5e80-4b31-a8c1-9f976cf078c5
2026-03-31 15:17:29|gpt|web_search|10|QUESTION_ADVANCE||1931|b2c4fcbc-3991-4dc6-9c1d-33ee5554c553
2026-03-31 15:17:38|gpt|web_search|11|JSON_VERIFIED||1672|257b2591-fcdc-4b38-b6c6-49c8d58183c0
2026-03-31 15:17:38|gpt|web_search|11|QUESTION|81|1672|257b2591-fcdc-4b38-b6c6-49c8d58183c0
2026-03-31 15:17:38|gpt|web_search|11|JSON_SAVED||1672|257b2591-fcdc-4b38-b6c6-49c8d58183c0
2026-03-31 15:17:38|gpt|web_search|11|QUESTION_ADVANCE||1673|1f74edda-67c5-438a-8331-be4b894fff7b
2026-03-31 15:20:02|gpt|web_search|13|QUESTION_SENT||1825|a420ffca-b611-4109-95fc-9a0db06d5560
2026-03-31 15:20:11|gpt|web_search|10|QUESTION_SENT||1931|b2c4fcbc-3991-4dc6-9c1d-33ee5554c553
2026-03-31 15:20:34|gpt|web_search|11|QUESTION_SENT||1673|1f74edda-67c5-438a-8331-be4b894fff7b
2026-03-31 15:20:52|gpt|web_search|13|JSON_VERIFIED||1825|a420ffca-b611-4109-95fc-9a0db06d5560
2026-03-31 15:20:52|gpt|web_search|13|QUESTION|79|1825|a420ffca-b611-4109-95fc-9a0db06d5560
2026-03-31 15:20:52|gpt|web_search|13|JSON_SAVED||1825|a420ffca-b611-4109-95fc-9a0db06d5560
2026-03-31 15:20:52|gpt|web_search|13|QUESTION_ADVANCE||1826|653eed43-22ec-4833-8fa7-2e8bcbc04a7e
2026-03-31 15:21:08|gpt|web_search|10|JSON_VERIFIED||1931|b2c4fcbc-3991-4dc6-9c1d-33ee5554c553
2026-03-31 15:21:08|gpt|web_search|10|QUESTION|61|1931|b2c4fcbc-3991-4dc6-9c1d-33ee5554c553
2026-03-31 15:21:08|gpt|web_search|10|JSON_SAVED||1931|b2c4fcbc-3991-4dc6-9c1d-33ee5554c553
2026-03-31 15:21:08|gpt|web_search|10|QUESTION_ADVANCE||1932|9d5f1438-db00-4e4b-9a16-bc5314203dda
2026-03-31 15:21:12|gpt|web_search|11|JSON_VERIFIED||1673|1f74edda-67c5-438a-8331-be4b894fff7b
2026-03-31 15:21:12|gpt|web_search|11|QUESTION|82|1673|1f74edda-67c5-438a-8331-be4b894fff7b
2026-03-31 15:21:12|gpt|web_search|11|JSON_SAVED||1673|1f74edda-67c5-438a-8331-be4b894fff7b
2026-03-31 15:21:12|gpt|web_search|11|QUESTION_ADVANCE||1674|0687903d-0d72-4181-9a0b-4b1d89be8d60
2026-03-31 15:23:35|gpt|web_search|13|QUESTION_SENT||1826|653eed43-22ec-4833-8fa7-2e8bcbc04a7e
2026-03-31 15:23:46|gpt|web_search|10|QUESTION_SENT||1932|9d5f1438-db00-4e4b-9a16-bc5314203dda
2026-03-31 15:24:12|gpt|web_search|11|QUESTION_SENT||1674|0687903d-0d72-4181-9a0b-4b1d89be8d60
2026-03-31 15:24:20|gpt|web_search|13|JSON_VERIFIED||1826|653eed43-22ec-4833-8fa7-2e8bcbc04a7e
2026-03-31 15:24:20|gpt|web_search|13|QUESTION|80|1826|653eed43-22ec-4833-8fa7-2e8bcbc04a7e
2026-03-31 15:24:20|gpt|web_search|13|JSON_SAVED||1826|653eed43-22ec-4833-8fa7-2e8bcbc04a7e
2026-03-31 15:24:20|gpt|web_search|13|QUESTION_ADVANCE||1827|d8671c41-1a76-46c4-af5a-4766534bbfeb
2026-03-31 15:24:50|gpt|web_search|10|JSON_VERIFIED||1932|9d5f1438-db00-4e4b-9a16-bc5314203dda
2026-03-31 15:24:50|gpt|web_search|10|QUESTION|62|1932|9d5f1438-db00-4e4b-9a16-bc5314203dda
2026-03-31 15:24:50|gpt|web_search|10|JSON_SAVED||1932|9d5f1438-db00-4e4b-9a16-bc5314203dda
2026-03-31 15:24:50|gpt|web_search|10|QUESTION_ADVANCE||1933|8a8d066e-756b-4993-8b73-a91ba117bd0b
2026-03-31 15:24:56|gpt|web_search|11|JSON_VERIFIED||1674|0687903d-0d72-4181-9a0b-4b1d89be8d60
2026-03-31 15:24:56|gpt|web_search|11|QUESTION|83|1674|0687903d-0d72-4181-9a0b-4b1d89be8d60
2026-03-31 15:24:56|gpt|web_search|11|JSON_SAVED||1674|0687903d-0d72-4181-9a0b-4b1d89be8d60
2026-03-31 15:24:56|gpt|web_search|11|QUESTION_ADVANCE||1675|fbc806c9-ac7b-45cf-acc0-82d583972067
2026-03-31 15:27:08|gpt|web_search|13|QUESTION_SENT||1827|d8671c41-1a76-46c4-af5a-4766534bbfeb
2026-03-31 15:27:21|gpt|web_search|10|QUESTION_SENT||1933|8a8d066e-756b-4993-8b73-a91ba117bd0b
2026-03-31 15:27:49|gpt|web_search|11|QUESTION_SENT||1675|fbc806c9-ac7b-45cf-acc0-82d583972067
2026-03-31 15:28:16|gpt|web_search|10|JSON_VERIFIED||1933|8a8d066e-756b-4993-8b73-a91ba117bd0b
2026-03-31 15:28:16|gpt|web_search|10|QUESTION|63|1933|8a8d066e-756b-4993-8b73-a91ba117bd0b
2026-03-31 15:28:16|gpt|web_search|10|JSON_SAVED||1933|8a8d066e-756b-4993-8b73-a91ba117bd0b
2026-03-31 15:28:16|gpt|web_search|10|QUESTION_ADVANCE||1934|f3dab74e-b639-4d8b-ab48-ea6e6350bcad
2026-03-31 15:30:41|gpt|web_search|13|QUESTION_SENT||1827|d8671c41-1a76-46c4-af5a-4766534bbfeb
2026-03-31 15:30:57|gpt|web_search|10|QUESTION_SENT||1934|f3dab74e-b639-4d8b-ab48-ea6e6350bcad
2026-03-31 15:31:26|gpt|web_search|11|QUESTION_SENT||1675|fbc806c9-ac7b-45cf-acc0-82d583972067
2026-03-31 15:31:29|gpt|web_search|13|JSON_VERIFIED||1827|d8671c41-1a76-46c4-af5a-4766534bbfeb
2026-03-31 15:31:29|gpt|web_search|13|QUESTION|81|1827|d8671c41-1a76-46c4-af5a-4766534bbfeb
2026-03-31 15:31:29|gpt|web_search|13|JSON_SAVED||1827|d8671c41-1a76-46c4-af5a-4766534bbfeb
2026-03-31 15:31:29|gpt|web_search|13|QUESTION_ADVANCE||1828|5914ffa3-0341-4350-930d-53276d3e68da
2026-03-31 15:31:57|gpt|web_search|10|JSON_VERIFIED||1934|f3dab74e-b639-4d8b-ab48-ea6e6350bcad
2026-03-31 15:31:57|gpt|web_search|10|QUESTION|64|1934|f3dab74e-b639-4d8b-ab48-ea6e6350bcad
2026-03-31 15:31:57|gpt|web_search|10|JSON_SAVED||1934|f3dab74e-b639-4d8b-ab48-ea6e6350bcad
2026-03-31 15:31:57|gpt|web_search|10|QUESTION_ADVANCE||1935|92d16698-facd-4b87-88ce-6adfefe46a54
2026-03-31 15:32:01|gpt|web_search|11|JSON_VERIFIED||1675|fbc806c9-ac7b-45cf-acc0-82d583972067
2026-03-31 15:32:01|gpt|web_search|11|QUESTION|84|1675|fbc806c9-ac7b-45cf-acc0-82d583972067
2026-03-31 15:32:01|gpt|web_search|11|JSON_SAVED||1675|fbc806c9-ac7b-45cf-acc0-82d583972067
2026-03-31 15:32:01|gpt|web_search|11|QUESTION_ADVANCE||1676|bb552561-13c5-4ab2-bf4e-d86e82132ff4
2026-03-31 15:34:14|gpt|web_search|13|QUESTION_SENT||1828|5914ffa3-0341-4350-930d-53276d3e68da
2026-03-31 15:34:32|gpt|web_search|10|QUESTION_SENT||1935|92d16698-facd-4b87-88ce-6adfefe46a54
2026-03-31 15:35:03|gpt|web_search|11|QUESTION_SENT||1676|bb552561-13c5-4ab2-bf4e-d86e82132ff4
2026-03-31 15:35:06|gpt|web_search|13|JSON_VERIFIED||1828|5914ffa3-0341-4350-930d-53276d3e68da
2026-03-31 15:35:06|gpt|web_search|13|QUESTION|82|1828|5914ffa3-0341-4350-930d-53276d3e68da
2026-03-31 15:35:06|gpt|web_search|13|JSON_SAVED||1828|5914ffa3-0341-4350-930d-53276d3e68da
2026-03-31 15:35:06|gpt|web_search|13|QUESTION_ADVANCE||1829|5dffef46-6944-4e07-bec0-7b678a09dc10
2026-03-31 15:35:29|gpt|web_search|10|JSON_VERIFIED||1935|92d16698-facd-4b87-88ce-6adfefe46a54
2026-03-31 15:35:29|gpt|web_search|10|QUESTION|65|1935|92d16698-facd-4b87-88ce-6adfefe46a54
2026-03-31 15:35:29|gpt|web_search|10|JSON_SAVED||1935|92d16698-facd-4b87-88ce-6adfefe46a54
2026-03-31 15:35:29|gpt|web_search|10|QUESTION_ADVANCE||1936|dbb288ed-405f-4451-b77e-c036284f5267
2026-03-31 15:35:40|gpt|web_search|11|JSON_VERIFIED||1676|bb552561-13c5-4ab2-bf4e-d86e82132ff4
2026-03-31 15:35:40|gpt|web_search|11|QUESTION|85|1676|bb552561-13c5-4ab2-bf4e-d86e82132ff4
2026-03-31 15:35:40|gpt|web_search|11|JSON_SAVED||1676|bb552561-13c5-4ab2-bf4e-d86e82132ff4
2026-03-31 15:35:40|gpt|web_search|11|QUESTION_ADVANCE||1677|e32e4bb4-f3b3-4102-b8e0-e97cb0e3ace6
2026-03-31 15:37:47|gpt|web_search|13|QUESTION_SENT||1829|5dffef46-6944-4e07-bec0-7b678a09dc10
2026-03-31 15:38:07|gpt|web_search|10|QUESTION_SENT||1936|dbb288ed-405f-4451-b77e-c036284f5267
2026-03-31 15:38:34|gpt|web_search|13|JSON_VERIFIED||1829|5dffef46-6944-4e07-bec0-7b678a09dc10
2026-03-31 15:38:34|gpt|web_search|13|QUESTION|83|1829|5dffef46-6944-4e07-bec0-7b678a09dc10
2026-03-31 15:38:34|gpt|web_search|13|JSON_SAVED||1829|5dffef46-6944-4e07-bec0-7b678a09dc10
2026-03-31 15:38:34|gpt|web_search|13|QUESTION_ADVANCE||1830|8ef4bfbf-12e4-4084-9caf-d23555111603
2026-03-31 15:38:40|gpt|web_search|11|QUESTION_SENT||1677|e32e4bb4-f3b3-4102-b8e0-e97cb0e3ace6
2026-03-31 15:38:58|gpt|web_search|10|JSON_VERIFIED||1936|dbb288ed-405f-4451-b77e-c036284f5267
2026-03-31 15:38:58|gpt|web_search|10|QUESTION|66|1936|dbb288ed-405f-4451-b77e-c036284f5267
2026-03-31 15:38:58|gpt|web_search|10|JSON_SAVED||1936|dbb288ed-405f-4451-b77e-c036284f5267
2026-03-31 15:38:58|gpt|web_search|10|QUESTION_ADVANCE||1937|02c72539-3455-414c-8234-5a65cc9120ea
2026-03-31 15:41:21|gpt|web_search|13|QUESTION_SENT||1830|8ef4bfbf-12e4-4084-9caf-d23555111603
2026-03-31 15:41:42|gpt|web_search|10|QUESTION_SENT||1937|02c72539-3455-414c-8234-5a65cc9120ea
2026-03-31 15:42:09|gpt|web_search|13|JSON_VERIFIED||1830|8ef4bfbf-12e4-4084-9caf-d23555111603
2026-03-31 15:42:09|gpt|web_search|13|QUESTION|84|1830|8ef4bfbf-12e4-4084-9caf-d23555111603
2026-03-31 15:42:09|gpt|web_search|13|JSON_SAVED||1830|8ef4bfbf-12e4-4084-9caf-d23555111603
2026-03-31 15:42:09|gpt|web_search|13|QUESTION_ADVANCE||1831|264ccbaf-834a-4cc3-af0c-06ba956fcd05
2026-03-31 15:42:17|gpt|web_search|11|QUESTION_SENT||1677|e32e4bb4-f3b3-4102-b8e0-e97cb0e3ace6
2026-03-31 15:42:29|gpt|web_search|10|JSON_VERIFIED||1937|02c72539-3455-414c-8234-5a65cc9120ea
2026-03-31 15:42:29|gpt|web_search|10|QUESTION|67|1937|02c72539-3455-414c-8234-5a65cc9120ea
2026-03-31 15:42:29|gpt|web_search|10|JSON_SAVED||1937|02c72539-3455-414c-8234-5a65cc9120ea
2026-03-31 15:42:29|gpt|web_search|10|QUESTION_ADVANCE||1938|c83595f2-b073-4157-aaef-39a2253f9571
2026-03-31 15:42:51|gpt|web_search|11|JSON_VERIFIED||1677|e32e4bb4-f3b3-4102-b8e0-e97cb0e3ace6
2026-03-31 15:42:51|gpt|web_search|11|QUESTION|86|1677|e32e4bb4-f3b3-4102-b8e0-e97cb0e3ace6
2026-03-31 15:42:51|gpt|web_search|11|JSON_SAVED||1677|e32e4bb4-f3b3-4102-b8e0-e97cb0e3ace6
2026-03-31 15:42:51|gpt|web_search|11|QUESTION_ADVANCE||1678|e677b43f-27cc-4cc2-903f-2c887c03f38c
2026-03-31 15:44:54|gpt|web_search|13|QUESTION_SENT||1831|264ccbaf-834a-4cc3-af0c-06ba956fcd05
2026-03-31 15:45:17|gpt|web_search|10|QUESTION_SENT||1938|c83595f2-b073-4157-aaef-39a2253f9571
2026-03-31 15:45:48|gpt|web_search|13|JSON_VERIFIED||1831|264ccbaf-834a-4cc3-af0c-06ba956fcd05
2026-03-31 15:45:48|gpt|web_search|13|QUESTION|85|1831|264ccbaf-834a-4cc3-af0c-06ba956fcd05
2026-03-31 15:45:48|gpt|web_search|13|JSON_SAVED||1831|264ccbaf-834a-4cc3-af0c-06ba956fcd05
2026-03-31 15:45:48|gpt|web_search|13|QUESTION_ADVANCE||1832|8c1773e6-98f1-49e3-9e3a-bc6ae5fdb066
2026-03-31 15:45:54|gpt|web_search|11|QUESTION_SENT||1678|e677b43f-27cc-4cc2-903f-2c887c03f38c
2026-03-31 15:46:09|gpt|web_search|10|JSON_VERIFIED||1938|c83595f2-b073-4157-aaef-39a2253f9571
2026-03-31 15:46:09|gpt|web_search|10|QUESTION|68|1938|c83595f2-b073-4157-aaef-39a2253f9571
2026-03-31 15:46:09|gpt|web_search|10|JSON_SAVED||1938|c83595f2-b073-4157-aaef-39a2253f9571
2026-03-31 15:46:09|gpt|web_search|10|QUESTION_ADVANCE||1939|5eb05511-faf8-4c90-a365-494d42c7ee87
2026-03-31 15:46:38|gpt|web_search|11|JSON_VERIFIED||1678|e677b43f-27cc-4cc2-903f-2c887c03f38c
2026-03-31 15:46:38|gpt|web_search|11|QUESTION|87|1678|e677b43f-27cc-4cc2-903f-2c887c03f38c
2026-03-31 15:46:38|gpt|web_search|11|JSON_SAVED||1678|e677b43f-27cc-4cc2-903f-2c887c03f38c
2026-03-31 15:46:38|gpt|web_search|11|QUESTION_ADVANCE||1679|4bd7361d-ac61-4bb9-9360-8a021f0bfbc8
2026-03-31 15:48:27|gpt|web_search|13|QUESTION_SENT||1832|8c1773e6-98f1-49e3-9e3a-bc6ae5fdb066
2026-03-31 15:48:52|gpt|web_search|10|QUESTION_SENT||1939|5eb05511-faf8-4c90-a365-494d42c7ee87
2026-03-31 15:49:08|gpt|web_search|13|JSON_VERIFIED||1832|8c1773e6-98f1-49e3-9e3a-bc6ae5fdb066
2026-03-31 15:49:08|gpt|web_search|13|QUESTION|86|1832|8c1773e6-98f1-49e3-9e3a-bc6ae5fdb066
2026-03-31 15:49:08|gpt|web_search|13|JSON_SAVED||1832|8c1773e6-98f1-49e3-9e3a-bc6ae5fdb066
2026-03-31 15:49:08|gpt|web_search|13|QUESTION_ADVANCE||1833|f55928bc-a416-4209-b056-4e230457ffc4
2026-03-31 15:49:31|gpt|web_search|11|QUESTION_SENT||1679|4bd7361d-ac61-4bb9-9360-8a021f0bfbc8
2026-03-31 15:49:44|gpt|web_search|10|JSON_VERIFIED||1939|5eb05511-faf8-4c90-a365-494d42c7ee87
2026-03-31 15:49:44|gpt|web_search|10|QUESTION|69|1939|5eb05511-faf8-4c90-a365-494d42c7ee87
2026-03-31 15:49:44|gpt|web_search|10|JSON_SAVED||1939|5eb05511-faf8-4c90-a365-494d42c7ee87
2026-03-31 15:49:44|gpt|web_search|10|QUESTION_ADVANCE||1940|089f1703-19df-4259-8834-71496c01b48b
2026-03-31 15:50:09|gpt|web_search|11|JSON_VERIFIED||1679|4bd7361d-ac61-4bb9-9360-8a021f0bfbc8
2026-03-31 15:50:09|gpt|web_search|11|QUESTION|88|1679|4bd7361d-ac61-4bb9-9360-8a021f0bfbc8
2026-03-31 15:50:09|gpt|web_search|11|JSON_SAVED||1679|4bd7361d-ac61-4bb9-9360-8a021f0bfbc8
2026-03-31 15:50:09|gpt|web_search|11|QUESTION_ADVANCE||1680|1c126705-b6d3-49bc-9c35-3b265618f103
2026-03-31 15:52:00|gpt|web_search|13|QUESTION_SENT||1833|f55928bc-a416-4209-b056-4e230457ffc4
2026-03-31 15:52:27|gpt|web_search|10|QUESTION_SENT||1940|089f1703-19df-4259-8834-71496c01b48b
2026-03-31 15:52:48|gpt|web_search|13|JSON_VERIFIED||1833|f55928bc-a416-4209-b056-4e230457ffc4
2026-03-31 15:52:48|gpt|web_search|13|QUESTION|87|1833|f55928bc-a416-4209-b056-4e230457ffc4
2026-03-31 15:52:48|gpt|web_search|13|JSON_SAVED||1833|f55928bc-a416-4209-b056-4e230457ffc4
2026-03-31 15:52:48|gpt|web_search|13|QUESTION_ADVANCE||1834|7e30d70b-74cd-49e4-be36-28d5dd1f846f
2026-03-31 15:53:08|gpt|web_search|11|QUESTION_SENT||1680|1c126705-b6d3-49bc-9c35-3b265618f103
2026-03-31 15:53:20|gpt|web_search|10|JSON_VERIFIED||1940|089f1703-19df-4259-8834-71496c01b48b
2026-03-31 15:53:20|gpt|web_search|10|QUESTION|70|1940|089f1703-19df-4259-8834-71496c01b48b
2026-03-31 15:53:20|gpt|web_search|10|JSON_SAVED||1940|089f1703-19df-4259-8834-71496c01b48b
2026-03-31 15:53:20|gpt|web_search|10|QUESTION_ADVANCE||1941|99ab4957-769c-4ee2-8e21-1d871ebfc63f
2026-03-31 15:53:45|gpt|web_search|11|JSON_VERIFIED||1680|1c126705-b6d3-49bc-9c35-3b265618f103
2026-03-31 15:53:45|gpt|web_search|11|QUESTION|89|1680|1c126705-b6d3-49bc-9c35-3b265618f103
2026-03-31 15:53:45|gpt|web_search|11|JSON_SAVED||1680|1c126705-b6d3-49bc-9c35-3b265618f103
2026-03-31 15:53:45|gpt|web_search|11|QUESTION_ADVANCE||1681|043ce11f-aac4-41c5-bec5-dbecfa7339d4
2026-03-31 15:55:33|gpt|web_search|13|QUESTION_SENT||1834|7e30d70b-74cd-49e4-be36-28d5dd1f846f
2026-03-31 15:56:02|gpt|web_search|10|QUESTION_SENT||1941|99ab4957-769c-4ee2-8e21-1d871ebfc63f
2026-03-31 15:56:28|gpt|web_search|13|JSON_VERIFIED||1834|7e30d70b-74cd-49e4-be36-28d5dd1f846f
2026-03-31 15:56:28|gpt|web_search|13|QUESTION|88|1834|7e30d70b-74cd-49e4-be36-28d5dd1f846f
2026-03-31 15:56:28|gpt|web_search|13|JSON_SAVED||1834|7e30d70b-74cd-49e4-be36-28d5dd1f846f
2026-03-31 15:56:28|gpt|web_search|13|QUESTION_ADVANCE||1835|541afc61-6390-4e62-977d-be7df294d451
2026-03-31 15:56:45|gpt|web_search|11|QUESTION_SENT||1681|043ce11f-aac4-41c5-bec5-dbecfa7339d4
2026-03-31 15:57:11|gpt|web_search|10|JSON_VERIFIED||1941|99ab4957-769c-4ee2-8e21-1d871ebfc63f
2026-03-31 15:57:11|gpt|web_search|10|QUESTION|71|1941|99ab4957-769c-4ee2-8e21-1d871ebfc63f
2026-03-31 15:57:11|gpt|web_search|10|JSON_SAVED||1941|99ab4957-769c-4ee2-8e21-1d871ebfc63f
2026-03-31 15:57:11|gpt|web_search|10|QUESTION_ADVANCE||1942|0e402127-d9a3-4457-800d-83b3814cfb39
2026-03-31 15:57:22|gpt|web_search|11|JSON_VERIFIED||1681|043ce11f-aac4-41c5-bec5-dbecfa7339d4
2026-03-31 15:57:22|gpt|web_search|11|QUESTION|90|1681|043ce11f-aac4-41c5-bec5-dbecfa7339d4
2026-03-31 15:57:22|gpt|web_search|11|JSON_SAVED||1681|043ce11f-aac4-41c5-bec5-dbecfa7339d4
2026-03-31 15:57:22|gpt|web_search|11|QUESTION_ADVANCE||1682|8e1fe635-0427-442a-9280-b346253003ac
2026-03-31 15:59:06|gpt|web_search|13|QUESTION_SENT||1835|541afc61-6390-4e62-977d-be7df294d451
2026-03-31 15:59:37|gpt|web_search|10|QUESTION_SENT||1942|0e402127-d9a3-4457-800d-83b3814cfb39
2026-03-31 15:59:59|gpt|web_search|13|JSON_VERIFIED||1835|541afc61-6390-4e62-977d-be7df294d451
2026-03-31 15:59:59|gpt|web_search|13|QUESTION|89|1835|541afc61-6390-4e62-977d-be7df294d451
2026-03-31 15:59:59|gpt|web_search|13|JSON_SAVED||1835|541afc61-6390-4e62-977d-be7df294d451
2026-03-31 15:59:59|gpt|web_search|13|QUESTION_ADVANCE||1836|b092f7a6-6d26-4d63-9081-9faa7e985fe9
2026-03-31 16:00:23|gpt|web_search|11|QUESTION_SENT||1682|8e1fe635-0427-442a-9280-b346253003ac
2026-03-31 16:00:30|gpt|web_search|10|JSON_VERIFIED||1942|0e402127-d9a3-4457-800d-83b3814cfb39
2026-03-31 16:00:30|gpt|web_search|10|QUESTION|72|1942|0e402127-d9a3-4457-800d-83b3814cfb39
2026-03-31 16:00:30|gpt|web_search|10|JSON_SAVED||1942|0e402127-d9a3-4457-800d-83b3814cfb39
2026-03-31 16:00:30|gpt|web_search|10|QUESTION_ADVANCE||1943|5a9d0e91-9792-44e6-8d29-87e259da873f
2026-03-31 16:01:00|gpt|web_search|11|JSON_VERIFIED||1682|8e1fe635-0427-442a-9280-b346253003ac
2026-03-31 16:01:00|gpt|web_search|11|QUESTION|91|1682|8e1fe635-0427-442a-9280-b346253003ac
2026-03-31 16:01:00|gpt|web_search|11|JSON_SAVED||1682|8e1fe635-0427-442a-9280-b346253003ac
2026-03-31 16:01:00|gpt|web_search|11|QUESTION_ADVANCE||1683|adfab21b-f893-4427-a5e1-92893d0c1510
2026-03-31 16:02:40|gpt|web_search|13|QUESTION_SENT||1836|b092f7a6-6d26-4d63-9081-9faa7e985fe9
2026-03-31 16:03:12|gpt|web_search|10|QUESTION_SENT||1943|5a9d0e91-9792-44e6-8d29-87e259da873f
2026-03-31 16:03:29|gpt|web_search|13|JSON_VERIFIED||1836|b092f7a6-6d26-4d63-9081-9faa7e985fe9
2026-03-31 16:03:29|gpt|web_search|13|QUESTION|90|1836|b092f7a6-6d26-4d63-9081-9faa7e985fe9
2026-03-31 16:03:29|gpt|web_search|13|JSON_SAVED||1836|b092f7a6-6d26-4d63-9081-9faa7e985fe9
2026-03-31 16:03:29|gpt|web_search|13|QUESTION_ADVANCE||1837|07b7e6b8-8a70-4c28-b30c-79418655f3cd
2026-03-31 16:04:00|gpt|web_search|11|QUESTION_SENT||1683|adfab21b-f893-4427-a5e1-92893d0c1510
2026-03-31 16:04:36|gpt|web_search|11|JSON_VERIFIED||1683|adfab21b-f893-4427-a5e1-92893d0c1510
2026-03-31 16:04:36|gpt|web_search|11|QUESTION|92|1683|adfab21b-f893-4427-a5e1-92893d0c1510
2026-03-31 16:04:36|gpt|web_search|11|JSON_SAVED||1683|adfab21b-f893-4427-a5e1-92893d0c1510
2026-03-31 16:04:36|gpt|web_search|11|QUESTION_ADVANCE||1684|64502813-887c-426a-809a-e06b68b73487
2026-03-31 16:06:13|gpt|web_search|13|QUESTION_SENT||1837|07b7e6b8-8a70-4c28-b30c-79418655f3cd
2026-03-31 16:06:47|gpt|web_search|10|QUESTION_SENT||1943|5a9d0e91-9792-44e6-8d29-87e259da873f
2026-03-31 16:07:36|gpt|web_search|10|JSON_VERIFIED||1943|5a9d0e91-9792-44e6-8d29-87e259da873f
2026-03-31 16:07:36|gpt|web_search|10|QUESTION|73|1943|5a9d0e91-9792-44e6-8d29-87e259da873f
2026-03-31 16:07:36|gpt|web_search|10|JSON_SAVED||1943|5a9d0e91-9792-44e6-8d29-87e259da873f
2026-03-31 16:07:36|gpt|web_search|10|QUESTION_ADVANCE||1944|2fadd7c1-cbe4-4258-80ad-620f8b8b9c70
2026-03-31 16:07:37|gpt|web_search|11|QUESTION_SENT||1684|64502813-887c-426a-809a-e06b68b73487
2026-03-31 16:08:17|gpt|web_search|11|JSON_VERIFIED||1684|64502813-887c-426a-809a-e06b68b73487
2026-03-31 16:08:17|gpt|web_search|11|QUESTION|93|1684|64502813-887c-426a-809a-e06b68b73487
2026-03-31 16:08:17|gpt|web_search|11|JSON_SAVED||1684|64502813-887c-426a-809a-e06b68b73487
2026-03-31 16:08:17|gpt|web_search|11|QUESTION_ADVANCE||1685|e0ac2964-7957-4f7a-a4bd-1e1a1963f4a3
2026-03-31 16:09:46|gpt|web_search|13|QUESTION_SENT||1837|07b7e6b8-8a70-4c28-b30c-79418655f3cd
2026-03-31 16:10:22|gpt|web_search|10|QUESTION_SENT||1944|2fadd7c1-cbe4-4258-80ad-620f8b8b9c70
2026-03-31 16:10:37|gpt|web_search|13|JSON_VERIFIED||1837|07b7e6b8-8a70-4c28-b30c-79418655f3cd
2026-03-31 16:10:37|gpt|web_search|13|QUESTION|91|1837|07b7e6b8-8a70-4c28-b30c-79418655f3cd
2026-03-31 16:10:37|gpt|web_search|13|JSON_SAVED||1837|07b7e6b8-8a70-4c28-b30c-79418655f3cd
2026-03-31 16:10:37|gpt|web_search|13|QUESTION_ADVANCE||1838|094421db-45e0-47ce-aa04-db4a41c145a9
2026-03-31 16:11:14|gpt|web_search|11|QUESTION_SENT||1685|e0ac2964-7957-4f7a-a4bd-1e1a1963f4a3
2026-03-31 16:11:22|gpt|web_search|10|JSON_VERIFIED||1944|2fadd7c1-cbe4-4258-80ad-620f8b8b9c70
2026-03-31 16:11:22|gpt|web_search|10|QUESTION|74|1944|2fadd7c1-cbe4-4258-80ad-620f8b8b9c70
2026-03-31 16:11:22|gpt|web_search|10|JSON_SAVED||1944|2fadd7c1-cbe4-4258-80ad-620f8b8b9c70
2026-03-31 16:11:22|gpt|web_search|10|QUESTION_ADVANCE||1945|ad51da79-d07a-4f65-ac6a-126690297542
2026-03-31 16:11:50|gpt|web_search|11|JSON_VERIFIED||1685|e0ac2964-7957-4f7a-a4bd-1e1a1963f4a3
2026-03-31 16:11:50|gpt|web_search|11|QUESTION|94|1685|e0ac2964-7957-4f7a-a4bd-1e1a1963f4a3
2026-03-31 16:11:50|gpt|web_search|11|JSON_SAVED||1685|e0ac2964-7957-4f7a-a4bd-1e1a1963f4a3
2026-03-31 16:11:50|gpt|web_search|11|QUESTION_ADVANCE||1686|9f067917-f779-457e-8d84-12a609d653d2
2026-03-31 16:13:19|gpt|web_search|13|QUESTION_SENT||1838|094421db-45e0-47ce-aa04-db4a41c145a9
2026-03-31 16:13:58|gpt|web_search|10|QUESTION_SENT||1945|ad51da79-d07a-4f65-ac6a-126690297542
2026-03-31 16:14:09|gpt|web_search|13|JSON_VERIFIED||1838|094421db-45e0-47ce-aa04-db4a41c145a9
2026-03-31 16:14:09|gpt|web_search|13|QUESTION|92|1838|094421db-45e0-47ce-aa04-db4a41c145a9
2026-03-31 16:14:09|gpt|web_search|13|JSON_SAVED||1838|094421db-45e0-47ce-aa04-db4a41c145a9
2026-03-31 16:14:09|gpt|web_search|13|QUESTION_ADVANCE||1839|48d9e1b8-c930-4680-a3c4-5b6b517707cd
2026-03-31 16:14:48|gpt|web_search|10|JSON_VERIFIED||1945|ad51da79-d07a-4f65-ac6a-126690297542
2026-03-31 16:14:48|gpt|web_search|10|QUESTION|75|1945|ad51da79-d07a-4f65-ac6a-126690297542
2026-03-31 16:14:48|gpt|web_search|10|JSON_SAVED||1945|ad51da79-d07a-4f65-ac6a-126690297542
2026-03-31 16:14:48|gpt|web_search|10|QUESTION_ADVANCE||1946|a54e8da9-5e8d-4f75-8dd5-6d6610c0d844
2026-03-31 16:14:51|gpt|web_search|11|QUESTION_SENT||1686|9f067917-f779-457e-8d84-12a609d653d2
2026-03-31 16:15:27|gpt|web_search|11|JSON_VERIFY_FAILED||1686|9f067917-f779-457e-8d84-12a609d653d2
2026-03-31 16:15:27|gpt|web_search|11|QUESTION|95|1686|9f067917-f779-457e-8d84-12a609d653d2
2026-03-31 16:15:37|gpt|web_search|11|QUESTION_SENT||1686|9f067917-f779-457e-8d84-12a609d653d2
2026-03-31 16:15:59|gpt|web_search|11|JSON_VERIFY_FAILED||1686|9f067917-f779-457e-8d84-12a609d653d2
2026-03-31 16:15:59|gpt|web_search|11|QUESTION|96|1686|9f067917-f779-457e-8d84-12a609d653d2
2026-03-31 16:16:52|gpt|web_search|13|QUESTION_SENT||1839|48d9e1b8-c930-4680-a3c4-5b6b517707cd
2026-03-31 16:17:33|gpt|web_search|10|QUESTION_SENT||1946|a54e8da9-5e8d-4f75-8dd5-6d6610c0d844
2026-03-31 16:17:45|gpt|web_search|13|JSON_VERIFY_FAILED||1839|48d9e1b8-c930-4680-a3c4-5b6b517707cd
2026-03-31 16:17:45|gpt|web_search|13|QUESTION|93|1839|48d9e1b8-c930-4680-a3c4-5b6b517707cd
2026-03-31 16:18:23|gpt|web_search|10|JSON_VERIFIED||1946|a54e8da9-5e8d-4f75-8dd5-6d6610c0d844
2026-03-31 16:18:23|gpt|web_search|10|QUESTION|76|1946|a54e8da9-5e8d-4f75-8dd5-6d6610c0d844
2026-03-31 16:18:23|gpt|web_search|10|JSON_SAVED||1946|a54e8da9-5e8d-4f75-8dd5-6d6610c0d844
2026-03-31 16:18:23|gpt|web_search|10|QUESTION_ADVANCE||1947|7f441b00-9757-452c-b96a-341ce536ec07
2026-03-31 16:19:14|gpt|web_search|11|QUESTION_SENT||1686|9f067917-f779-457e-8d84-12a609d653d2
2026-03-31 16:19:48|gpt|web_search|11|JSON_VERIFIED||1686|9f067917-f779-457e-8d84-12a609d653d2
2026-03-31 16:19:48|gpt|web_search|11|QUESTION|97|1686|9f067917-f779-457e-8d84-12a609d653d2
2026-03-31 16:19:48|gpt|web_search|11|JSON_SAVED||1686|9f067917-f779-457e-8d84-12a609d653d2
2026-03-31 16:19:48|gpt|web_search|11|QUESTION_ADVANCE||1687|66f4deba-bded-46f7-a4e1-c74b72bafa00
2026-03-31 16:20:25|gpt|web_search|13|QUESTION_SENT||1839|48d9e1b8-c930-4680-a3c4-5b6b517707cd
2026-03-31 16:21:08|gpt|web_search|10|QUESTION_SENT||1947|7f441b00-9757-452c-b96a-341ce536ec07
2026-03-31 16:21:19|gpt|web_search|13|JSON_VERIFIED||1839|48d9e1b8-c930-4680-a3c4-5b6b517707cd
2026-03-31 16:21:19|gpt|web_search|13|QUESTION|94|1839|48d9e1b8-c930-4680-a3c4-5b6b517707cd
2026-03-31 16:21:19|gpt|web_search|13|JSON_SAVED||1839|48d9e1b8-c930-4680-a3c4-5b6b517707cd
2026-03-31 16:21:19|gpt|web_search|13|QUESTION_ADVANCE||1840|40b30f08-c959-4dee-bf65-f9e9b2757c02
2026-03-31 16:21:58|gpt|web_search|10|JSON_VERIFIED||1947|7f441b00-9757-452c-b96a-341ce536ec07
2026-03-31 16:21:58|gpt|web_search|10|QUESTION|77|1947|7f441b00-9757-452c-b96a-341ce536ec07
2026-03-31 16:21:58|gpt|web_search|10|JSON_SAVED||1947|7f441b00-9757-452c-b96a-341ce536ec07
2026-03-31 16:21:58|gpt|web_search|10|QUESTION_ADVANCE||1948|85d54350-2e85-46db-b360-d0d575de5f54
2026-03-31 16:22:51|gpt|web_search|11|QUESTION_SENT||1687|66f4deba-bded-46f7-a4e1-c74b72bafa00
2026-03-31 16:23:27|gpt|web_search|11|JSON_VERIFIED||1687|66f4deba-bded-46f7-a4e1-c74b72bafa00
2026-03-31 16:23:27|gpt|web_search|11|QUESTION|98|1687|66f4deba-bded-46f7-a4e1-c74b72bafa00
2026-03-31 16:23:27|gpt|web_search|11|JSON_SAVED||1687|66f4deba-bded-46f7-a4e1-c74b72bafa00
2026-03-31 16:23:27|gpt|web_search|11|QUESTION_ADVANCE||1688|7b7a8677-e3fe-4874-8afd-9cebe3a45bd3
2026-03-31 16:23:58|gpt|web_search|13|QUESTION_SENT||1840|40b30f08-c959-4dee-bf65-f9e9b2757c02
2026-03-31 16:24:55|gpt|web_search|10|QUESTION_SENT||1948|85d54350-2e85-46db-b360-d0d575de5f54
2026-03-31 16:25:51|gpt|web_search|10|JSON_VERIFIED||1948|85d54350-2e85-46db-b360-d0d575de5f54
2026-03-31 16:25:51|gpt|web_search|10|QUESTION|78|1948|85d54350-2e85-46db-b360-d0d575de5f54
2026-03-31 16:25:51|gpt|web_search|10|JSON_SAVED||1948|85d54350-2e85-46db-b360-d0d575de5f54
2026-03-31 16:25:51|gpt|web_search|10|QUESTION_ADVANCE||1949|9028127f-a1be-4d02-a223-a150aa5de328
2026-03-31 16:26:28|gpt|web_search|11|QUESTION_SENT||1688|7b7a8677-e3fe-4874-8afd-9cebe3a45bd3
2026-03-31 16:27:05|gpt|web_search|11|JSON_VERIFIED||1688|7b7a8677-e3fe-4874-8afd-9cebe3a45bd3
2026-03-31 16:27:05|gpt|web_search|11|QUESTION|99|1688|7b7a8677-e3fe-4874-8afd-9cebe3a45bd3
2026-03-31 16:27:05|gpt|web_search|11|JSON_SAVED||1688|7b7a8677-e3fe-4874-8afd-9cebe3a45bd3
2026-03-31 16:27:05|gpt|web_search|11|QUESTION_ADVANCE||1689|89ee5150-db50-447e-babd-c158cd5bdb3f
2026-03-31 16:27:31|gpt|web_search|13|QUESTION_SENT||1840|40b30f08-c959-4dee-bf65-f9e9b2757c02
2026-03-31 16:28:23|gpt|web_search|13|JSON_VERIFIED||1840|40b30f08-c959-4dee-bf65-f9e9b2757c02
2026-03-31 16:28:23|gpt|web_search|13|QUESTION|95|1840|40b30f08-c959-4dee-bf65-f9e9b2757c02
2026-03-31 16:28:23|gpt|web_search|13|JSON_SAVED||1840|40b30f08-c959-4dee-bf65-f9e9b2757c02
2026-03-31 16:28:23|gpt|web_search|13|QUESTION_ADVANCE||1841|a52422fe-b547-4532-b8d0-2994971a15c7
2026-03-31 16:28:30|gpt|web_search|10|QUESTION_SENT||1949|9028127f-a1be-4d02-a223-a150aa5de328
2026-03-31 16:29:30|gpt|web_search|10|JSON_VERIFIED||1949|9028127f-a1be-4d02-a223-a150aa5de328
2026-03-31 16:29:30|gpt|web_search|10|QUESTION|79|1949|9028127f-a1be-4d02-a223-a150aa5de328
2026-03-31 16:29:30|gpt|web_search|10|JSON_SAVED||1949|9028127f-a1be-4d02-a223-a150aa5de328
2026-03-31 16:29:30|gpt|web_search|10|QUESTION_ADVANCE||1950|b1786541-8fca-4e92-91fe-fff10cc9d4ab
2026-03-31 16:30:05|gpt|web_search|11|QUESTION_SENT||1689|89ee5150-db50-447e-babd-c158cd5bdb3f
2026-03-31 16:30:41|gpt|web_search|11|JSON_VERIFIED||1689|89ee5150-db50-447e-babd-c158cd5bdb3f
2026-03-31 16:30:41|gpt|web_search|11|QUESTION|100|1689|89ee5150-db50-447e-babd-c158cd5bdb3f
2026-03-31 16:30:41|gpt|web_search|11|JSON_SAVED||1689|89ee5150-db50-447e-babd-c158cd5bdb3f
2026-03-31 16:30:41|gpt|web_search|11|QUESTION_ADVANCE||1690|b17895ec-dc01-45c3-9582-188ef4daa216
2026-03-31 16:31:05|gpt|web_search|13|QUESTION_SENT||1841|a52422fe-b547-4532-b8d0-2994971a15c7
2026-03-31 16:32:06|gpt|web_search|10|QUESTION_SENT||1950|b1786541-8fca-4e92-91fe-fff10cc9d4ab
2026-03-31 16:32:12|gpt|web_search|13|JSON_VERIFIED||1841|a52422fe-b547-4532-b8d0-2994971a15c7
2026-03-31 16:32:12|gpt|web_search|13|QUESTION|96|1841|a52422fe-b547-4532-b8d0-2994971a15c7
2026-03-31 16:32:12|gpt|web_search|13|JSON_SAVED||1841|a52422fe-b547-4532-b8d0-2994971a15c7
2026-03-31 16:32:12|gpt|web_search|13|QUESTION_ADVANCE||1842|8a847330-c166-4d65-acdf-049fe3ee465f
2026-03-31 16:33:10|gpt|web_search|10|JSON_VERIFIED||1950|b1786541-8fca-4e92-91fe-fff10cc9d4ab
2026-03-31 16:33:10|gpt|web_search|10|QUESTION|80|1950|b1786541-8fca-4e92-91fe-fff10cc9d4ab
2026-03-31 16:33:10|gpt|web_search|10|JSON_SAVED||1950|b1786541-8fca-4e92-91fe-fff10cc9d4ab
2026-03-31 16:33:10|gpt|web_search|10|QUESTION_ADVANCE||1951|1d94fd5b-0ea2-439d-8068-8ca29408e877
2026-03-31 16:33:42|gpt|web_search|11|QUESTION_SENT||1690|b17895ec-dc01-45c3-9582-188ef4daa216
2026-03-31 16:34:16|gpt|web_search|11|JSON_VERIFIED||1690|b17895ec-dc01-45c3-9582-188ef4daa216
2026-03-31 16:34:16|gpt|web_search|11|QUESTION|101|1690|b17895ec-dc01-45c3-9582-188ef4daa216
2026-03-31 16:34:16|gpt|web_search|11|JSON_SAVED||1690|b17895ec-dc01-45c3-9582-188ef4daa216
2026-03-31 16:34:16|gpt|web_search|11|QUESTION_ADVANCE||1691|8b1a2b73-3f2a-4124-a20c-0be770ce1f62
2026-03-31 16:34:38|gpt|web_search|13|QUESTION_SENT||1842|8a847330-c166-4d65-acdf-049fe3ee465f
2026-03-31 16:35:29|gpt|web_search|13|JSON_VERIFIED||1842|8a847330-c166-4d65-acdf-049fe3ee465f
2026-03-31 16:35:29|gpt|web_search|13|QUESTION|97|1842|8a847330-c166-4d65-acdf-049fe3ee465f
2026-03-31 16:35:29|gpt|web_search|13|JSON_SAVED||1842|8a847330-c166-4d65-acdf-049fe3ee465f
2026-03-31 16:35:29|gpt|web_search|13|QUESTION_ADVANCE||1843|2ec48e54-b13c-4296-8a99-18cfcce14540
2026-03-31 16:35:41|gpt|web_search|10|QUESTION_SENT||1951|1d94fd5b-0ea2-439d-8068-8ca29408e877
2026-03-31 16:36:41|gpt|web_search|10|JSON_VERIFIED||1951|1d94fd5b-0ea2-439d-8068-8ca29408e877
2026-03-31 16:36:41|gpt|web_search|10|QUESTION|81|1951|1d94fd5b-0ea2-439d-8068-8ca29408e877
2026-03-31 16:36:41|gpt|web_search|10|JSON_SAVED||1951|1d94fd5b-0ea2-439d-8068-8ca29408e877
2026-03-31 16:36:41|gpt|web_search|10|QUESTION_ADVANCE||1952|1fdb204d-de14-4191-9240-e326b22a12ae
2026-03-31 16:37:19|gpt|web_search|11|QUESTION_SENT||1691|8b1a2b73-3f2a-4124-a20c-0be770ce1f62
2026-03-31 16:37:55|gpt|web_search|11|JSON_VERIFIED||1691|8b1a2b73-3f2a-4124-a20c-0be770ce1f62
2026-03-31 16:37:55|gpt|web_search|11|QUESTION|102|1691|8b1a2b73-3f2a-4124-a20c-0be770ce1f62
2026-03-31 16:37:55|gpt|web_search|11|JSON_SAVED||1691|8b1a2b73-3f2a-4124-a20c-0be770ce1f62
2026-03-31 16:37:55|gpt|web_search|11|QUESTION_ADVANCE||1692|c2dd52be-1033-4672-81d8-633b1b7cd6ba
2026-03-31 16:38:11|gpt|web_search|13|QUESTION_SENT||1843|2ec48e54-b13c-4296-8a99-18cfcce14540
2026-03-31 16:39:03|gpt|web_search|13|JSON_VERIFIED||1843|2ec48e54-b13c-4296-8a99-18cfcce14540
2026-03-31 16:39:03|gpt|web_search|13|QUESTION|98|1843|2ec48e54-b13c-4296-8a99-18cfcce14540
2026-03-31 16:39:03|gpt|web_search|13|JSON_SAVED||1843|2ec48e54-b13c-4296-8a99-18cfcce14540
2026-03-31 16:39:03|gpt|web_search|13|QUESTION_ADVANCE||1844|0726c370-a80c-4976-b11e-4a69057493f2
2026-03-31 16:39:16|gpt|web_search|10|QUESTION_SENT||1952|1fdb204d-de14-4191-9240-e326b22a12ae
2026-03-31 16:40:00|gpt|web_search|10|JSON_VERIFY_FAILED||1952|1fdb204d-de14-4191-9240-e326b22a12ae
2026-03-31 16:40:00|gpt|web_search|10|QUESTION|82|1952|1fdb204d-de14-4191-9240-e326b22a12ae
2026-03-31 16:40:56|gpt|web_search|11|QUESTION_SENT||1692|c2dd52be-1033-4672-81d8-633b1b7cd6ba
2026-03-31 16:41:32|gpt|web_search|11|JSON_VERIFIED||1692|c2dd52be-1033-4672-81d8-633b1b7cd6ba
2026-03-31 16:41:32|gpt|web_search|11|QUESTION|103|1692|c2dd52be-1033-4672-81d8-633b1b7cd6ba
2026-03-31 16:41:32|gpt|web_search|11|JSON_SAVED||1692|c2dd52be-1033-4672-81d8-633b1b7cd6ba
2026-03-31 16:41:32|gpt|web_search|11|QUESTION_ADVANCE||1693|e5a9c4bf-cae9-4353-903e-c64c8b977ba3
2026-03-31 16:41:44|gpt|web_search|13|QUESTION_SENT||1844|0726c370-a80c-4976-b11e-4a69057493f2
2026-03-31 16:42:41|gpt|web_search|13|JSON_VERIFIED||1844|0726c370-a80c-4976-b11e-4a69057493f2
2026-03-31 16:42:41|gpt|web_search|13|QUESTION|99|1844|0726c370-a80c-4976-b11e-4a69057493f2
2026-03-31 16:42:41|gpt|web_search|13|JSON_SAVED||1844|0726c370-a80c-4976-b11e-4a69057493f2
2026-03-31 16:42:41|gpt|web_search|13|QUESTION_ADVANCE||1845|cf398933-0fcf-4773-93a3-6e762bfd7a1c
2026-03-31 16:42:51|gpt|web_search|10|QUESTION_SENT||1952|1fdb204d-de14-4191-9240-e326b22a12ae
2026-03-31 16:43:51|gpt|web_search|10|JSON_VERIFIED||1952|1fdb204d-de14-4191-9240-e326b22a12ae
2026-03-31 16:43:51|gpt|web_search|10|QUESTION|83|1952|1fdb204d-de14-4191-9240-e326b22a12ae
2026-03-31 16:43:51|gpt|web_search|10|JSON_SAVED||1952|1fdb204d-de14-4191-9240-e326b22a12ae
2026-03-31 16:43:51|gpt|web_search|10|QUESTION_ADVANCE||1953|188a2ab3-1685-4a15-8434-3408bec22f42
2026-03-31 16:44:34|gpt|web_search|11|QUESTION_SENT||1693|e5a9c4bf-cae9-4353-903e-c64c8b977ba3
2026-03-31 16:45:11|gpt|web_search|11|JSON_VERIFIED||1693|e5a9c4bf-cae9-4353-903e-c64c8b977ba3
2026-03-31 16:45:11|gpt|web_search|11|QUESTION|104|1693|e5a9c4bf-cae9-4353-903e-c64c8b977ba3
2026-03-31 16:45:11|gpt|web_search|11|JSON_SAVED||1693|e5a9c4bf-cae9-4353-903e-c64c8b977ba3
2026-03-31 16:45:11|gpt|web_search|11|QUESTION_ADVANCE||1694|4af4fc0d-e6b0-47d5-b80e-9ecf7eff6357
2026-03-31 16:45:17|gpt|web_search|13|QUESTION_SENT||1845|cf398933-0fcf-4773-93a3-6e762bfd7a1c
2026-03-31 16:46:08|gpt|web_search|13|JSON_VERIFIED||1845|cf398933-0fcf-4773-93a3-6e762bfd7a1c
2026-03-31 16:46:08|gpt|web_search|13|QUESTION|100|1845|cf398933-0fcf-4773-93a3-6e762bfd7a1c
2026-03-31 16:46:08|gpt|web_search|13|JSON_SAVED||1845|cf398933-0fcf-4773-93a3-6e762bfd7a1c
2026-03-31 16:46:08|gpt|web_search|13|QUESTION_ADVANCE||1846|8cc6e812-4ef4-4657-bbca-69799f366418
2026-03-31 16:46:26|gpt|web_search|10|QUESTION_SENT||1953|188a2ab3-1685-4a15-8434-3408bec22f42
2026-03-31 16:47:14|gpt|web_search|10|JSON_VERIFIED||1953|188a2ab3-1685-4a15-8434-3408bec22f42
2026-03-31 16:47:14|gpt|web_search|10|QUESTION|84|1953|188a2ab3-1685-4a15-8434-3408bec22f42
2026-03-31 16:47:14|gpt|web_search|10|JSON_SAVED||1953|188a2ab3-1685-4a15-8434-3408bec22f42
2026-03-31 16:47:14|gpt|web_search|10|QUESTION_ADVANCE||1954|0f6a2b95-381c-4ccd-a87d-a48fcf7e1fcb
2026-03-31 16:48:11|gpt|web_search|11|QUESTION_SENT||1694|4af4fc0d-e6b0-47d5-b80e-9ecf7eff6357
2026-03-31 16:48:46|gpt|web_search|11|JSON_VERIFIED||1694|4af4fc0d-e6b0-47d5-b80e-9ecf7eff6357
2026-03-31 16:48:46|gpt|web_search|11|QUESTION|105|1694|4af4fc0d-e6b0-47d5-b80e-9ecf7eff6357
2026-03-31 16:48:46|gpt|web_search|11|JSON_SAVED||1694|4af4fc0d-e6b0-47d5-b80e-9ecf7eff6357
2026-03-31 16:48:46|gpt|web_search|11|QUESTION_ADVANCE||1695|db690cfa-0019-43f9-b528-0f954754b9fb
2026-03-31 16:48:50|gpt|web_search|13|QUESTION_SENT||1846|8cc6e812-4ef4-4657-bbca-69799f366418
2026-03-31 16:49:40|gpt|web_search|13|JSON_VERIFIED||1846|8cc6e812-4ef4-4657-bbca-69799f366418
2026-03-31 16:49:40|gpt|web_search|13|QUESTION|101|1846|8cc6e812-4ef4-4657-bbca-69799f366418
2026-03-31 16:49:40|gpt|web_search|13|JSON_SAVED||1846|8cc6e812-4ef4-4657-bbca-69799f366418
2026-03-31 16:49:40|gpt|web_search|13|QUESTION_ADVANCE||1847|75af7fdd-c9cd-4efa-a48a-b18640267c33
2026-03-31 16:50:01|gpt|web_search|10|QUESTION_SENT||1954|0f6a2b95-381c-4ccd-a87d-a48fcf7e1fcb
2026-03-31 16:51:48|gpt|web_search|11|QUESTION_SENT||1695|db690cfa-0019-43f9-b528-0f954754b9fb
2026-03-31 16:52:23|gpt|web_search|13|QUESTION_SENT||1847|75af7fdd-c9cd-4efa-a48a-b18640267c33
2026-03-31 16:52:31|gpt|web_search|11|JSON_VERIFY_FAILED||1695|db690cfa-0019-43f9-b528-0f954754b9fb
2026-03-31 16:52:31|gpt|web_search|11|QUESTION|106|1695|db690cfa-0019-43f9-b528-0f954754b9fb
2026-03-31 16:52:41|gpt|web_search|11|QUESTION_SENT||1695|db690cfa-0019-43f9-b528-0f954754b9fb
2026-03-31 16:53:07|gpt|web_search|11|JSON_VERIFIED||1695|db690cfa-0019-43f9-b528-0f954754b9fb
2026-03-31 16:53:07|gpt|web_search|11|QUESTION|107|1695|db690cfa-0019-43f9-b528-0f954754b9fb
2026-03-31 16:53:07|gpt|web_search|11|JSON_SAVED||1695|db690cfa-0019-43f9-b528-0f954754b9fb
2026-03-31 16:53:07|gpt|web_search|11|QUESTION_ADVANCE||1696|082b9aa5-7334-4ee6-8a56-26edc332a1bd
2026-03-31 16:53:13|gpt|web_search|13|JSON_VERIFIED||1847|75af7fdd-c9cd-4efa-a48a-b18640267c33
2026-03-31 16:53:13|gpt|web_search|13|QUESTION|102|1847|75af7fdd-c9cd-4efa-a48a-b18640267c33
2026-03-31 16:53:13|gpt|web_search|13|JSON_SAVED||1847|75af7fdd-c9cd-4efa-a48a-b18640267c33
2026-03-31 16:53:13|gpt|web_search|13|QUESTION_ADVANCE||1848|337cbdcd-0d29-41a3-a341-7a466b067c3a
2026-03-31 16:53:36|gpt|web_search|10|QUESTION_SENT||1954|0f6a2b95-381c-4ccd-a87d-a48fcf7e1fcb
2026-03-31 16:54:23|gpt|web_search|10|JSON_VERIFIED||1954|0f6a2b95-381c-4ccd-a87d-a48fcf7e1fcb
2026-03-31 16:54:23|gpt|web_search|10|QUESTION|85|1954|0f6a2b95-381c-4ccd-a87d-a48fcf7e1fcb
2026-03-31 16:54:23|gpt|web_search|10|JSON_SAVED||1954|0f6a2b95-381c-4ccd-a87d-a48fcf7e1fcb
2026-03-31 16:54:23|gpt|web_search|10|QUESTION_ADVANCE||1955|5e05a268-2f1a-4c8b-aae2-eed1dc62c099
2026-03-31 16:55:56|gpt|web_search|13|QUESTION_SENT||1848|337cbdcd-0d29-41a3-a341-7a466b067c3a
2026-03-31 16:56:18|gpt|web_search|11|QUESTION_SENT||1696|082b9aa5-7334-4ee6-8a56-26edc332a1bd
2026-03-31 16:56:46|gpt|web_search|13|JSON_VERIFIED||1848|337cbdcd-0d29-41a3-a341-7a466b067c3a
2026-03-31 16:56:46|gpt|web_search|13|QUESTION|103|1848|337cbdcd-0d29-41a3-a341-7a466b067c3a
2026-03-31 16:56:46|gpt|web_search|13|JSON_SAVED||1848|337cbdcd-0d29-41a3-a341-7a466b067c3a
2026-03-31 16:56:46|gpt|web_search|13|QUESTION_ADVANCE||1849|7b192363-ace6-4868-a5d0-dc3550a87f36
2026-03-31 16:56:55|gpt|web_search|11|JSON_VERIFIED||1696|082b9aa5-7334-4ee6-8a56-26edc332a1bd
2026-03-31 16:56:55|gpt|web_search|11|QUESTION|108|1696|082b9aa5-7334-4ee6-8a56-26edc332a1bd
2026-03-31 16:56:55|gpt|web_search|11|JSON_SAVED||1696|082b9aa5-7334-4ee6-8a56-26edc332a1bd
2026-03-31 16:56:55|gpt|web_search|11|QUESTION_ADVANCE||1697|acc07af8-bb04-41b3-b51d-77249ed14532
2026-03-31 16:57:11|gpt|web_search|10|QUESTION_SENT||1955|5e05a268-2f1a-4c8b-aae2-eed1dc62c099
2026-03-31 16:57:57|gpt|web_search|10|JSON_VERIFIED||1955|5e05a268-2f1a-4c8b-aae2-eed1dc62c099
2026-03-31 16:57:57|gpt|web_search|10|QUESTION|86|1955|5e05a268-2f1a-4c8b-aae2-eed1dc62c099
2026-03-31 16:57:57|gpt|web_search|10|JSON_SAVED||1955|5e05a268-2f1a-4c8b-aae2-eed1dc62c099
2026-03-31 16:57:57|gpt|web_search|10|QUESTION_ADVANCE||1956|646389c4-d07b-43fe-a573-653858966fbf
2026-03-31 16:59:30|gpt|web_search|13|QUESTION_SENT||1849|7b192363-ace6-4868-a5d0-dc3550a87f36
2026-03-31 16:59:55|gpt|web_search|11|QUESTION_SENT||1697|acc07af8-bb04-41b3-b51d-77249ed14532
2026-03-31 17:00:23|gpt|web_search|13|JSON_VERIFIED||1849|7b192363-ace6-4868-a5d0-dc3550a87f36
2026-03-31 17:00:23|gpt|web_search|13|QUESTION|104|1849|7b192363-ace6-4868-a5d0-dc3550a87f36
2026-03-31 17:00:23|gpt|web_search|13|JSON_SAVED||1849|7b192363-ace6-4868-a5d0-dc3550a87f36
2026-03-31 17:00:23|gpt|web_search|13|QUESTION_ADVANCE||1850|07899f23-d909-44cb-a04d-6c9ed2d421e6
2026-03-31 17:00:37|gpt|web_search|11|JSON_VERIFIED||1697|acc07af8-bb04-41b3-b51d-77249ed14532
2026-03-31 17:00:37|gpt|web_search|11|QUESTION|109|1697|acc07af8-bb04-41b3-b51d-77249ed14532
2026-03-31 17:00:37|gpt|web_search|11|JSON_SAVED||1697|acc07af8-bb04-41b3-b51d-77249ed14532
2026-03-31 17:00:37|gpt|web_search|11|QUESTION_ADVANCE||1698|03c7ada7-4f6d-4d4a-84c1-aaa412ed98c9
2026-03-31 17:00:47|gpt|web_search|10|QUESTION_SENT||1956|646389c4-d07b-43fe-a573-653858966fbf
2026-03-31 17:01:44|gpt|web_search|10|JSON_VERIFIED||1956|646389c4-d07b-43fe-a573-653858966fbf
2026-03-31 17:01:44|gpt|web_search|10|QUESTION|87|1956|646389c4-d07b-43fe-a573-653858966fbf
2026-03-31 17:01:44|gpt|web_search|10|JSON_SAVED||1956|646389c4-d07b-43fe-a573-653858966fbf
2026-03-31 17:01:44|gpt|web_search|10|QUESTION_ADVANCE||1957|4e589b29-a548-4d48-a5e0-35a6896eaef8
2026-03-31 17:03:03|gpt|web_search|13|QUESTION_SENT||1850|07899f23-d909-44cb-a04d-6c9ed2d421e6
2026-03-31 17:03:32|gpt|web_search|11|QUESTION_SENT||1698|03c7ada7-4f6d-4d4a-84c1-aaa412ed98c9
2026-03-31 17:03:54|gpt|web_search|13|JSON_VERIFIED||1850|07899f23-d909-44cb-a04d-6c9ed2d421e6
2026-03-31 17:03:54|gpt|web_search|13|QUESTION|105|1850|07899f23-d909-44cb-a04d-6c9ed2d421e6
2026-03-31 17:03:54|gpt|web_search|13|JSON_SAVED||1850|07899f23-d909-44cb-a04d-6c9ed2d421e6
2026-03-31 17:03:54|gpt|web_search|13|QUESTION_ADVANCE||1851|c7b088ff-9ca5-4e7c-a5f1-94310ef993a8
2026-03-31 17:04:06|gpt|web_search|11|JSON_VERIFY_FAILED||1698|03c7ada7-4f6d-4d4a-84c1-aaa412ed98c9
2026-03-31 17:04:06|gpt|web_search|11|QUESTION|110|1698|03c7ada7-4f6d-4d4a-84c1-aaa412ed98c9
2026-03-31 17:04:16|gpt|web_search|11|QUESTION_SENT||1698|03c7ada7-4f6d-4d4a-84c1-aaa412ed98c9
2026-03-31 17:04:22|gpt|web_search|10|QUESTION_SENT||1957|4e589b29-a548-4d48-a5e0-35a6896eaef8
2026-03-31 17:04:39|gpt|web_search|11|JSON_VERIFIED||1698|03c7ada7-4f6d-4d4a-84c1-aaa412ed98c9
2026-03-31 17:04:39|gpt|web_search|11|QUESTION|111|1698|03c7ada7-4f6d-4d4a-84c1-aaa412ed98c9
2026-03-31 17:04:39|gpt|web_search|11|JSON_SAVED||1698|03c7ada7-4f6d-4d4a-84c1-aaa412ed98c9
2026-03-31 17:04:39|gpt|web_search|11|QUESTION_ADVANCE||1699|07bd8d48-468f-4c12-960a-f2105daf91e9
2026-03-31 17:05:22|gpt|web_search|10|JSON_VERIFIED||1957|4e589b29-a548-4d48-a5e0-35a6896eaef8
2026-03-31 17:05:22|gpt|web_search|10|QUESTION|88|1957|4e589b29-a548-4d48-a5e0-35a6896eaef8
2026-03-31 17:05:22|gpt|web_search|10|JSON_SAVED||1957|4e589b29-a548-4d48-a5e0-35a6896eaef8
2026-03-31 17:05:22|gpt|web_search|10|QUESTION_ADVANCE||1958|4f5e57fd-6ba6-4312-be35-3fd94ebaffa8
2026-03-31 17:06:36|gpt|web_search|13|QUESTION_SENT||1851|c7b088ff-9ca5-4e7c-a5f1-94310ef993a8
2026-03-31 17:07:30|gpt|web_search|13|JSON_VERIFIED||1851|c7b088ff-9ca5-4e7c-a5f1-94310ef993a8
2026-03-31 17:07:30|gpt|web_search|13|QUESTION|106|1851|c7b088ff-9ca5-4e7c-a5f1-94310ef993a8
2026-03-31 17:07:30|gpt|web_search|13|JSON_SAVED||1851|c7b088ff-9ca5-4e7c-a5f1-94310ef993a8
2026-03-31 17:07:30|gpt|web_search|13|QUESTION_ADVANCE||1852|d0e380e6-fb71-4697-8322-0b0008c5a541
2026-03-31 17:07:53|gpt|web_search|11|QUESTION_SENT||1699|07bd8d48-468f-4c12-960a-f2105daf91e9
2026-03-31 17:07:57|gpt|web_search|10|QUESTION_SENT||1958|4f5e57fd-6ba6-4312-be35-3fd94ebaffa8
2026-03-31 17:08:29|gpt|web_search|11|JSON_VERIFIED||1699|07bd8d48-468f-4c12-960a-f2105daf91e9
2026-03-31 17:08:29|gpt|web_search|11|QUESTION|112|1699|07bd8d48-468f-4c12-960a-f2105daf91e9
2026-03-31 17:08:29|gpt|web_search|11|JSON_SAVED||1699|07bd8d48-468f-4c12-960a-f2105daf91e9
2026-03-31 17:08:29|gpt|web_search|11|QUESTION_ADVANCE||1700|5a549086-afc0-4aba-bc75-a1a66e9a6bc0
2026-03-31 17:09:08|gpt|web_search|10|JSON_VERIFIED||1958|4f5e57fd-6ba6-4312-be35-3fd94ebaffa8
2026-03-31 17:09:08|gpt|web_search|10|QUESTION|89|1958|4f5e57fd-6ba6-4312-be35-3fd94ebaffa8
2026-03-31 17:09:08|gpt|web_search|10|JSON_SAVED||1958|4f5e57fd-6ba6-4312-be35-3fd94ebaffa8
2026-03-31 17:09:08|gpt|web_search|10|QUESTION_ADVANCE||1959|2101eecb-eba0-48db-aada-275724ae7539
2026-03-31 17:10:09|gpt|web_search|13|QUESTION_SENT||1852|d0e380e6-fb71-4697-8322-0b0008c5a541
2026-03-31 17:11:09|gpt|web_search|13|JSON_VERIFIED||1852|d0e380e6-fb71-4697-8322-0b0008c5a541
2026-03-31 17:11:09|gpt|web_search|13|QUESTION|107|1852|d0e380e6-fb71-4697-8322-0b0008c5a541
2026-03-31 17:11:09|gpt|web_search|13|JSON_SAVED||1852|d0e380e6-fb71-4697-8322-0b0008c5a541
2026-03-31 17:11:09|gpt|web_search|13|QUESTION_ADVANCE||1853|4e246bf0-0926-4b9d-a959-0ed495d0cf0d
2026-03-31 17:11:30|gpt|web_search|11|QUESTION_SENT||1700|5a549086-afc0-4aba-bc75-a1a66e9a6bc0
2026-03-31 17:11:32|gpt|web_search|10|QUESTION_SENT||1959|2101eecb-eba0-48db-aada-275724ae7539
2026-03-31 17:12:27|gpt|web_search|10|JSON_VERIFIED||1959|2101eecb-eba0-48db-aada-275724ae7539
2026-03-31 17:12:27|gpt|web_search|10|QUESTION|90|1959|2101eecb-eba0-48db-aada-275724ae7539
2026-03-31 17:12:27|gpt|web_search|10|JSON_SAVED||1959|2101eecb-eba0-48db-aada-275724ae7539
2026-03-31 17:12:27|gpt|web_search|10|QUESTION_ADVANCE||1960|da2a7b6e-86d6-459e-8781-2b612462365e
2026-03-31 17:13:42|gpt|web_search|13|QUESTION_SENT||1853|4e246bf0-0926-4b9d-a959-0ed495d0cf0d
2026-03-31 17:14:38|gpt|web_search|13|JSON_VERIFIED||1853|4e246bf0-0926-4b9d-a959-0ed495d0cf0d
2026-03-31 17:14:38|gpt|web_search|13|QUESTION|108|1853|4e246bf0-0926-4b9d-a959-0ed495d0cf0d
2026-03-31 17:14:38|gpt|web_search|13|JSON_SAVED||1853|4e246bf0-0926-4b9d-a959-0ed495d0cf0d
2026-03-31 17:14:38|gpt|web_search|13|QUESTION_ADVANCE||1854|46e46dd0-38d9-4da5-846d-fee7e32b64df
2026-03-31 17:15:07|gpt|web_search|11|QUESTION_SENT||1700|5a549086-afc0-4aba-bc75-a1a66e9a6bc0
2026-03-31 17:15:07|gpt|web_search|10|QUESTION_SENT||1960|da2a7b6e-86d6-459e-8781-2b612462365e
2026-03-31 17:15:43|gpt|web_search|11|JSON_VERIFIED||1700|5a549086-afc0-4aba-bc75-a1a66e9a6bc0
2026-03-31 17:15:43|gpt|web_search|11|QUESTION|113|1700|5a549086-afc0-4aba-bc75-a1a66e9a6bc0
2026-03-31 17:15:43|gpt|web_search|11|JSON_SAVED||1700|5a549086-afc0-4aba-bc75-a1a66e9a6bc0
2026-03-31 17:15:43|gpt|web_search|11|QUESTION_ADVANCE||1701|0ed0dd81-e2a5-4a79-bd44-54e6c36b3e40
2026-03-31 17:16:00|gpt|web_search|10|JSON_VERIFIED||1960|da2a7b6e-86d6-459e-8781-2b612462365e
2026-03-31 17:16:00|gpt|web_search|10|QUESTION|91|1960|da2a7b6e-86d6-459e-8781-2b612462365e
2026-03-31 17:16:00|gpt|web_search|10|JSON_SAVED||1960|da2a7b6e-86d6-459e-8781-2b612462365e
2026-03-31 17:16:00|gpt|web_search|10|QUESTION_ADVANCE||1961|c5db5b94-52de-4690-a5a5-4d9581a11884
2026-03-31 17:17:15|gpt|web_search|13|QUESTION_SENT||1854|46e46dd0-38d9-4da5-846d-fee7e32b64df
2026-03-31 17:18:16|gpt|web_search|13|JSON_VERIFIED||1854|46e46dd0-38d9-4da5-846d-fee7e32b64df
2026-03-31 17:18:16|gpt|web_search|13|QUESTION|109|1854|46e46dd0-38d9-4da5-846d-fee7e32b64df
2026-03-31 17:18:16|gpt|web_search|13|JSON_SAVED||1854|46e46dd0-38d9-4da5-846d-fee7e32b64df
2026-03-31 17:18:16|gpt|web_search|13|QUESTION_ADVANCE||1855|310011b7-514e-4991-9ca8-624ab7a57db0
2026-03-31 17:18:42|gpt|web_search|10|QUESTION_SENT||1961|c5db5b94-52de-4690-a5a5-4d9581a11884
2026-03-31 17:18:44|gpt|web_search|11|QUESTION_SENT||1701|0ed0dd81-e2a5-4a79-bd44-54e6c36b3e40
2026-03-31 17:19:20|gpt|web_search|11|JSON_VERIFIED||1701|0ed0dd81-e2a5-4a79-bd44-54e6c36b3e40
2026-03-31 17:19:20|gpt|web_search|11|QUESTION|114|1701|0ed0dd81-e2a5-4a79-bd44-54e6c36b3e40
2026-03-31 17:19:20|gpt|web_search|11|JSON_SAVED||1701|0ed0dd81-e2a5-4a79-bd44-54e6c36b3e40
2026-03-31 17:19:20|gpt|web_search|11|QUESTION_ADVANCE||1702|d4fcab70-be34-4412-b8af-d8c31aa5cb7f
2026-03-31 17:19:42|gpt|web_search|10|JSON_VERIFIED||1961|c5db5b94-52de-4690-a5a5-4d9581a11884
2026-03-31 17:19:42|gpt|web_search|10|QUESTION|92|1961|c5db5b94-52de-4690-a5a5-4d9581a11884
2026-03-31 17:19:42|gpt|web_search|10|JSON_SAVED||1961|c5db5b94-52de-4690-a5a5-4d9581a11884
2026-03-31 17:19:42|gpt|web_search|10|QUESTION_ADVANCE||1962|90e0f749-66d5-428e-978a-0b007024af54
2026-03-31 17:20:48|gpt|web_search|13|QUESTION_SENT||1855|310011b7-514e-4991-9ca8-624ab7a57db0
2026-03-31 17:21:35|gpt|web_search|13|JSON_VERIFIED||1855|310011b7-514e-4991-9ca8-624ab7a57db0
2026-03-31 17:21:35|gpt|web_search|13|QUESTION|110|1855|310011b7-514e-4991-9ca8-624ab7a57db0
2026-03-31 17:21:35|gpt|web_search|13|JSON_SAVED||1855|310011b7-514e-4991-9ca8-624ab7a57db0
2026-03-31 17:21:35|gpt|web_search|13|QUESTION_ADVANCE||1856|443e304d-c0d4-4936-9708-3c6c80bb8cf9
2026-03-31 17:22:17|gpt|web_search|10|QUESTION_SENT||1962|90e0f749-66d5-428e-978a-0b007024af54
2026-03-31 17:22:21|gpt|web_search|11|QUESTION_SENT||1702|d4fcab70-be34-4412-b8af-d8c31aa5cb7f
2026-03-31 17:22:57|gpt|web_search|11|JSON_VERIFIED||1702|d4fcab70-be34-4412-b8af-d8c31aa5cb7f
2026-03-31 17:22:57|gpt|web_search|11|QUESTION|115|1702|d4fcab70-be34-4412-b8af-d8c31aa5cb7f
2026-03-31 17:22:57|gpt|web_search|11|JSON_SAVED||1702|d4fcab70-be34-4412-b8af-d8c31aa5cb7f
2026-03-31 17:22:57|gpt|web_search|11|QUESTION_ADVANCE||1703|d1594222-8bd4-42eb-b35c-31aa44407777
2026-03-31 17:23:10|gpt|web_search|10|JSON_VERIFIED||1962|90e0f749-66d5-428e-978a-0b007024af54
2026-03-31 17:23:10|gpt|web_search|10|QUESTION|93|1962|90e0f749-66d5-428e-978a-0b007024af54
2026-03-31 17:23:10|gpt|web_search|10|JSON_SAVED||1962|90e0f749-66d5-428e-978a-0b007024af54
2026-03-31 17:23:10|gpt|web_search|10|QUESTION_ADVANCE||1963|39c65e4c-f87d-444a-be3a-d04e19a58f4e
2026-03-31 17:24:21|gpt|web_search|13|QUESTION_SENT||1856|443e304d-c0d4-4936-9708-3c6c80bb8cf9
2026-03-31 17:25:16|gpt|web_search|13|JSON_VERIFIED||1856|443e304d-c0d4-4936-9708-3c6c80bb8cf9
2026-03-31 17:25:16|gpt|web_search|13|QUESTION|111|1856|443e304d-c0d4-4936-9708-3c6c80bb8cf9
2026-03-31 17:25:16|gpt|web_search|13|JSON_SAVED||1856|443e304d-c0d4-4936-9708-3c6c80bb8cf9
2026-03-31 17:25:16|gpt|web_search|13|QUESTION_ADVANCE||1857|0eec7727-0fc7-4d42-8f28-5d9e72d63d7c
2026-03-31 17:25:52|gpt|web_search|10|QUESTION_SENT||1963|39c65e4c-f87d-444a-be3a-d04e19a58f4e
2026-03-31 17:25:58|gpt|web_search|11|QUESTION_SENT||1703|d1594222-8bd4-42eb-b35c-31aa44407777
2026-03-31 17:26:34|gpt|web_search|11|JSON_VERIFIED||1703|d1594222-8bd4-42eb-b35c-31aa44407777
2026-03-31 17:26:34|gpt|web_search|11|QUESTION|116|1703|d1594222-8bd4-42eb-b35c-31aa44407777
2026-03-31 17:26:34|gpt|web_search|11|JSON_SAVED||1703|d1594222-8bd4-42eb-b35c-31aa44407777
2026-03-31 17:26:34|gpt|web_search|11|QUESTION_ADVANCE||1704|3e261551-3dd1-4974-a3ea-087c8b0bca43
2026-03-31 17:26:55|gpt|web_search|10|JSON_VERIFIED||1963|39c65e4c-f87d-444a-be3a-d04e19a58f4e
2026-03-31 17:26:55|gpt|web_search|10|QUESTION|94|1963|39c65e4c-f87d-444a-be3a-d04e19a58f4e
2026-03-31 17:26:55|gpt|web_search|10|JSON_SAVED||1963|39c65e4c-f87d-444a-be3a-d04e19a58f4e
2026-03-31 17:26:55|gpt|web_search|10|QUESTION_ADVANCE||1964|9902449d-9785-41ff-8177-114eec751645
2026-03-31 17:27:54|gpt|web_search|13|QUESTION_SENT||1857|0eec7727-0fc7-4d42-8f28-5d9e72d63d7c
2026-03-31 17:28:46|gpt|web_search|13|JSON_VERIFY_FAILED||1857|0eec7727-0fc7-4d42-8f28-5d9e72d63d7c
2026-03-31 17:28:46|gpt|web_search|13|QUESTION|112|1857|0eec7727-0fc7-4d42-8f28-5d9e72d63d7c
2026-03-31 17:28:56|gpt|web_search|13|QUESTION_SENT||1857|0eec7727-0fc7-4d42-8f28-5d9e72d63d7c
2026-03-31 17:29:27|gpt|web_search|10|QUESTION_SENT||1964|9902449d-9785-41ff-8177-114eec751645
2026-03-31 17:29:35|gpt|web_search|11|QUESTION_SENT||1704|3e261551-3dd1-4974-a3ea-087c8b0bca43
2026-03-31 17:29:36|gpt|web_search|13|JSON_VERIFY_FAILED||1857|0eec7727-0fc7-4d42-8f28-5d9e72d63d7c
2026-03-31 17:29:36|gpt|web_search|13|QUESTION|113|1857|0eec7727-0fc7-4d42-8f28-5d9e72d63d7c
2026-03-31 17:30:12|gpt|web_search|11|JSON_VERIFIED||1704|3e261551-3dd1-4974-a3ea-087c8b0bca43
2026-03-31 17:30:12|gpt|web_search|11|QUESTION|117|1704|3e261551-3dd1-4974-a3ea-087c8b0bca43
2026-03-31 17:30:12|gpt|web_search|11|JSON_SAVED||1704|3e261551-3dd1-4974-a3ea-087c8b0bca43
2026-03-31 17:30:12|gpt|web_search|11|QUESTION_ADVANCE||1705|436196d2-78ef-4633-9356-76068d02a4c5
2026-03-31 17:30:19|gpt|web_search|10|JSON_VERIFIED||1964|9902449d-9785-41ff-8177-114eec751645
2026-03-31 17:30:19|gpt|web_search|10|QUESTION|95|1964|9902449d-9785-41ff-8177-114eec751645
2026-03-31 17:30:19|gpt|web_search|10|JSON_SAVED||1964|9902449d-9785-41ff-8177-114eec751645
2026-03-31 17:30:19|gpt|web_search|10|QUESTION_ADVANCE||1965|c3616508-823e-48e2-b51c-d50dc1f98e37
2026-03-31 17:32:29|gpt|web_search|13|QUESTION_SENT||1857|0eec7727-0fc7-4d42-8f28-5d9e72d63d7c
2026-03-31 17:33:03|gpt|web_search|10|QUESTION_SENT||1965|c3616508-823e-48e2-b51c-d50dc1f98e37
2026-03-31 17:33:12|gpt|web_search|11|QUESTION_SENT||1705|436196d2-78ef-4633-9356-76068d02a4c5
2026-03-31 17:33:20|gpt|web_search|13|JSON_VERIFIED||1857|0eec7727-0fc7-4d42-8f28-5d9e72d63d7c
2026-03-31 17:33:20|gpt|web_search|13|QUESTION|114|1857|0eec7727-0fc7-4d42-8f28-5d9e72d63d7c
2026-03-31 17:33:20|gpt|web_search|13|JSON_SAVED||1857|0eec7727-0fc7-4d42-8f28-5d9e72d63d7c
2026-03-31 17:33:20|gpt|web_search|13|QUESTION_ADVANCE||1858|e016f0ce-c71d-4c06-ba99-837638b81045
2026-03-31 17:33:48|gpt|web_search|11|JSON_VERIFIED||1705|436196d2-78ef-4633-9356-76068d02a4c5
2026-03-31 17:33:48|gpt|web_search|11|QUESTION|118|1705|436196d2-78ef-4633-9356-76068d02a4c5
2026-03-31 17:33:48|gpt|web_search|11|JSON_SAVED||1705|436196d2-78ef-4633-9356-76068d02a4c5
2026-03-31 17:33:48|gpt|web_search|11|QUESTION_ADVANCE||1706|80bd3c42-001f-4cec-b7b3-7033e6ce81d2
2026-03-31 17:34:01|gpt|web_search|10|JSON_VERIFIED||1965|c3616508-823e-48e2-b51c-d50dc1f98e37
2026-03-31 17:34:01|gpt|web_search|10|QUESTION|96|1965|c3616508-823e-48e2-b51c-d50dc1f98e37
2026-03-31 17:34:01|gpt|web_search|10|JSON_SAVED||1965|c3616508-823e-48e2-b51c-d50dc1f98e37
2026-03-31 17:34:01|gpt|web_search|10|QUESTION_ADVANCE||1966|694d0fee-065a-457c-95d6-791078f5a3ec
2026-03-31 17:36:02|gpt|web_search|13|QUESTION_SENT||1858|e016f0ce-c71d-4c06-ba99-837638b81045
2026-03-31 17:36:38|gpt|web_search|10|QUESTION_SENT||1966|694d0fee-065a-457c-95d6-791078f5a3ec
2026-03-31 17:36:50|gpt|web_search|11|QUESTION_SENT||1706|80bd3c42-001f-4cec-b7b3-7033e6ce81d2
2026-03-31 17:36:58|gpt|web_search|13|JSON_VERIFIED||1858|e016f0ce-c71d-4c06-ba99-837638b81045
2026-03-31 17:36:58|gpt|web_search|13|QUESTION|115|1858|e016f0ce-c71d-4c06-ba99-837638b81045
2026-03-31 17:36:58|gpt|web_search|13|JSON_SAVED||1858|e016f0ce-c71d-4c06-ba99-837638b81045
2026-03-31 17:36:58|gpt|web_search|13|QUESTION_ADVANCE||1859|61c87540-3768-4f9f-896d-8c7e47d8f83f
2026-03-31 17:38:17|gpt|web_search|10|STOP||1966|694d0fee-065a-457c-95d6-791078f5a3ec
2026-03-31 17:38:20|gpt|web_search|11|STOP||1706|80bd3c42-001f-4cec-b7b3-7033e6ce81d2
2026-03-31 17:38:25|gpt|web_search|13|STOP||1859|61c87540-3768-4f9f-896d-8c7e47d8f83f
