timestamp|site|scenario|bot_id|event_type|attempt_number|global_index|question_uid
2026-03-25 13:14:19|gpt|web_search|10|RESTART||2081|e08e0a84-06ab-4f16-a315-69fff4f2770f
2026-03-25 13:14:38|gpt|web_search|10|QUESTION_SENT||2081|e08e0a84-06ab-4f16-a315-69fff4f2770f
2026-03-25 13:15:16|gpt|web_search|11|RESTART||2291|4e606339-fe25-4a70-88d4-c50bb189f423
2026-03-25 13:15:38|gpt|web_search|10|JSON_VERIFIED||2081|e08e0a84-06ab-4f16-a315-69fff4f2770f
2026-03-25 13:15:38|gpt|web_search|10|QUESTION|1|2081|e08e0a84-06ab-4f16-a315-69fff4f2770f
2026-03-25 13:15:38|gpt|web_search|10|JSON_SAVED||2081|e08e0a84-06ab-4f16-a315-69fff4f2770f
2026-03-25 13:15:38|gpt|web_search|10|QUESTION_ADVANCE||2082|4e5020e8-f097-4b70-88aa-cefd3fac43d8
2026-03-25 13:15:56|gpt|web_search|12|RESTART||1731|bddf2845-2a4f-40de-b635-bbdc0c844e7e
2026-03-25 13:16:01|gpt|web_search|11|QUESTION_SENT||2291|4e606339-fe25-4a70-88d4-c50bb189f423
2026-03-25 13:16:03|gpt|web_search|10|QUESTION_SENT||2082|4e5020e8-f097-4b70-88aa-cefd3fac43d8
2026-03-25 13:16:16|gpt|web_search|13|RESTART||2501|46b4d8a5-eba6-4628-8f17-d43a8261093f
2026-03-25 13:16:26|gpt|web_search|12|QUESTION_SENT||1731|bddf2845-2a4f-40de-b635-bbdc0c844e7e
2026-03-25 13:16:35|gpt|web_search|13|QUESTION_SENT||2501|46b4d8a5-eba6-4628-8f17-d43a8261093f
2026-03-25 13:16:56|gpt|web_search|10|JSON_VERIFIED||2082|4e5020e8-f097-4b70-88aa-cefd3fac43d8
2026-03-25 13:16:56|gpt|web_search|10|QUESTION|2|2082|4e5020e8-f097-4b70-88aa-cefd3fac43d8
2026-03-25 13:16:56|gpt|web_search|10|JSON_SAVED||2082|4e5020e8-f097-4b70-88aa-cefd3fac43d8
2026-03-25 13:16:56|gpt|web_search|10|QUESTION_ADVANCE||2083|34258853-93b5-4749-b1f9-171dc55db00c
2026-03-25 13:17:09|gpt|web_search|13|JSON_VERIFIED||2501|46b4d8a5-eba6-4628-8f17-d43a8261093f
2026-03-25 13:17:09|gpt|web_search|13|QUESTION|1|2501|46b4d8a5-eba6-4628-8f17-d43a8261093f
2026-03-25 13:17:09|gpt|web_search|13|JSON_SAVED||2501|46b4d8a5-eba6-4628-8f17-d43a8261093f
2026-03-25 13:17:09|gpt|web_search|13|QUESTION_ADVANCE||2502|28ad6981-69cf-45ff-8e6e-fb76adb923f0
2026-03-25 13:17:13|gpt|web_search|11|QUESTION_SENT||2291|4e606339-fe25-4a70-88d4-c50bb189f423
2026-03-25 13:17:17|gpt|web_search|12|JSON_VERIFIED||1731|bddf2845-2a4f-40de-b635-bbdc0c844e7e
2026-03-25 13:17:17|gpt|web_search|12|QUESTION|1|1731|bddf2845-2a4f-40de-b635-bbdc0c844e7e
2026-03-25 13:17:17|gpt|web_search|12|JSON_SAVED||1731|bddf2845-2a4f-40de-b635-bbdc0c844e7e
2026-03-25 13:17:17|gpt|web_search|12|QUESTION_ADVANCE||1732|af63be0d-d522-49da-a598-62a8ac3384d1
2026-03-25 13:17:22|gpt|web_search|10|QUESTION_SENT||2083|34258853-93b5-4749-b1f9-171dc55db00c
2026-03-25 13:17:42|gpt|web_search|12|QUESTION_SENT||1732|af63be0d-d522-49da-a598-62a8ac3384d1
2026-03-25 13:17:47|gpt|web_search|11|JSON_VERIFY_FAILED||2291|4e606339-fe25-4a70-88d4-c50bb189f423
2026-03-25 13:17:47|gpt|web_search|11|QUESTION|1|2291|4e606339-fe25-4a70-88d4-c50bb189f423
2026-03-25 13:17:56|gpt|web_search|13|QUESTION_SENT||2502|28ad6981-69cf-45ff-8e6e-fb76adb923f0
2026-03-25 13:17:57|gpt|web_search|11|QUESTION_SENT||2291|4e606339-fe25-4a70-88d4-c50bb189f423
2026-03-25 13:18:08|gpt|web_search|10|JSON_VERIFIED||2083|34258853-93b5-4749-b1f9-171dc55db00c
2026-03-25 13:18:08|gpt|web_search|10|QUESTION|3|2083|34258853-93b5-4749-b1f9-171dc55db00c
2026-03-25 13:18:08|gpt|web_search|10|JSON_SAVED||2083|34258853-93b5-4749-b1f9-171dc55db00c
2026-03-25 13:18:08|gpt|web_search|10|QUESTION_ADVANCE||2084|cdee02d1-020d-4644-a5d9-ca6427e64045
2026-03-25 13:18:15|gpt|web_search|13|JSON_VERIFY_FAILED||2502|28ad6981-69cf-45ff-8e6e-fb76adb923f0
2026-03-25 13:18:15|gpt|web_search|13|QUESTION|2|2502|28ad6981-69cf-45ff-8e6e-fb76adb923f0
2026-03-25 13:18:25|gpt|web_search|13|QUESTION_SENT||2502|28ad6981-69cf-45ff-8e6e-fb76adb923f0
2026-03-25 13:18:31|gpt|web_search|12|JSON_VERIFIED||1732|af63be0d-d522-49da-a598-62a8ac3384d1
2026-03-25 13:18:31|gpt|web_search|12|QUESTION|2|1732|af63be0d-d522-49da-a598-62a8ac3384d1
2026-03-25 13:18:31|gpt|web_search|12|JSON_SAVED||1732|af63be0d-d522-49da-a598-62a8ac3384d1
2026-03-25 13:18:31|gpt|web_search|12|QUESTION_ADVANCE||1733|8e23ebe4-dee3-48d7-972a-1211d2498674
2026-03-25 13:18:34|gpt|web_search|11|JSON_VERIFIED||2291|4e606339-fe25-4a70-88d4-c50bb189f423
2026-03-25 13:18:34|gpt|web_search|11|QUESTION|2|2291|4e606339-fe25-4a70-88d4-c50bb189f423
2026-03-25 13:18:34|gpt|web_search|11|JSON_SAVED||2291|4e606339-fe25-4a70-88d4-c50bb189f423
2026-03-25 13:18:34|gpt|web_search|11|QUESTION_ADVANCE||2292|c9ff16e0-5782-47c9-b17f-937b9028b158
2026-03-25 13:18:34|gpt|web_search|10|QUESTION_SENT||2084|cdee02d1-020d-4644-a5d9-ca6427e64045
2026-03-25 13:18:40|gpt|web_search|13|JSON_VERIFY_FAILED||2502|28ad6981-69cf-45ff-8e6e-fb76adb923f0
2026-03-25 13:18:40|gpt|web_search|13|QUESTION|3|2502|28ad6981-69cf-45ff-8e6e-fb76adb923f0
2026-03-25 13:18:50|gpt|web_search|13|QUESTION_SENT||2502|28ad6981-69cf-45ff-8e6e-fb76adb923f0
2026-03-25 13:18:57|gpt|web_search|12|QUESTION_SENT||1733|8e23ebe4-dee3-48d7-972a-1211d2498674
2026-03-25 13:19:10|gpt|web_search|13|JSON_VERIFY_FAILED||2502|28ad6981-69cf-45ff-8e6e-fb76adb923f0
2026-03-25 13:19:10|gpt|web_search|13|QUESTION|4|2502|28ad6981-69cf-45ff-8e6e-fb76adb923f0
2026-03-25 13:19:15|gpt|web_search|11|QUESTION_SENT||2292|c9ff16e0-5782-47c9-b17f-937b9028b158
2026-03-25 13:19:28|gpt|web_search|10|JSON_VERIFIED||2084|cdee02d1-020d-4644-a5d9-ca6427e64045
2026-03-25 13:19:28|gpt|web_search|10|QUESTION|4|2084|cdee02d1-020d-4644-a5d9-ca6427e64045
2026-03-25 13:19:28|gpt|web_search|10|JSON_SAVED||2084|cdee02d1-020d-4644-a5d9-ca6427e64045
2026-03-25 13:19:28|gpt|web_search|10|QUESTION_ADVANCE||2085|a78b1453-8da4-445d-8c2b-22133133f6fd
2026-03-25 13:19:48|gpt|web_search|12|JSON_VERIFIED||1733|8e23ebe4-dee3-48d7-972a-1211d2498674
2026-03-25 13:19:48|gpt|web_search|12|QUESTION|3|1733|8e23ebe4-dee3-48d7-972a-1211d2498674
2026-03-25 13:19:48|gpt|web_search|12|JSON_SAVED||1733|8e23ebe4-dee3-48d7-972a-1211d2498674
2026-03-25 13:19:48|gpt|web_search|12|QUESTION_ADVANCE||1734|2f7bc768-9a61-49bf-96b1-610d83872e31
2026-03-25 13:19:54|gpt|web_search|10|QUESTION_SENT||2085|a78b1453-8da4-445d-8c2b-22133133f6fd
2026-03-25 13:20:10|gpt|web_search|11|JSON_VERIFIED||2292|c9ff16e0-5782-47c9-b17f-937b9028b158
2026-03-25 13:20:10|gpt|web_search|11|QUESTION|3|2292|c9ff16e0-5782-47c9-b17f-937b9028b158
2026-03-25 13:20:10|gpt|web_search|11|JSON_SAVED||2292|c9ff16e0-5782-47c9-b17f-937b9028b158
2026-03-25 13:20:10|gpt|web_search|11|QUESTION_ADVANCE||2293|472f8288-e0cd-4fc0-a48e-d38ff28e39e2
2026-03-25 13:20:11|gpt|web_search|13|QUESTION_SENT||2502|28ad6981-69cf-45ff-8e6e-fb76adb923f0
2026-03-25 13:20:13|gpt|web_search|12|QUESTION_SENT||1734|2f7bc768-9a61-49bf-96b1-610d83872e31
2026-03-25 13:20:36|gpt|web_search|11|QUESTION_SENT||2293|472f8288-e0cd-4fc0-a48e-d38ff28e39e2
2026-03-25 13:20:44|gpt|web_search|10|JSON_VERIFIED||2085|a78b1453-8da4-445d-8c2b-22133133f6fd
2026-03-25 13:20:44|gpt|web_search|10|QUESTION|5|2085|a78b1453-8da4-445d-8c2b-22133133f6fd
2026-03-25 13:20:44|gpt|web_search|10|JSON_SAVED||2085|a78b1453-8da4-445d-8c2b-22133133f6fd
2026-03-25 13:20:44|gpt|web_search|10|QUESTION_ADVANCE||2086|7b6c71f0-4544-4905-b2b4-306e65e3799b
2026-03-25 13:20:58|gpt|web_search|13|JSON_VERIFIED||2502|28ad6981-69cf-45ff-8e6e-fb76adb923f0
2026-03-25 13:20:58|gpt|web_search|13|QUESTION|5|2502|28ad6981-69cf-45ff-8e6e-fb76adb923f0
2026-03-25 13:20:58|gpt|web_search|13|JSON_SAVED||2502|28ad6981-69cf-45ff-8e6e-fb76adb923f0
2026-03-25 13:20:58|gpt|web_search|13|QUESTION_ADVANCE||2503|21c2d7ef-5424-40a9-a5a3-dc95271994c1
2026-03-25 13:21:00|gpt|web_search|12|JSON_VERIFIED||1734|2f7bc768-9a61-49bf-96b1-610d83872e31
2026-03-25 13:21:00|gpt|web_search|12|QUESTION|4|1734|2f7bc768-9a61-49bf-96b1-610d83872e31
2026-03-25 13:21:00|gpt|web_search|12|JSON_SAVED||1734|2f7bc768-9a61-49bf-96b1-610d83872e31
2026-03-25 13:21:00|gpt|web_search|12|QUESTION_ADVANCE||1735|244c7719-36fb-490e-bb4b-30b3ebe25af1
2026-03-25 13:21:09|gpt|web_search|10|QUESTION_SENT||2086|7b6c71f0-4544-4905-b2b4-306e65e3799b
2026-03-25 13:21:21|gpt|web_search|11|JSON_VERIFIED||2293|472f8288-e0cd-4fc0-a48e-d38ff28e39e2
2026-03-25 13:21:21|gpt|web_search|11|QUESTION|4|2293|472f8288-e0cd-4fc0-a48e-d38ff28e39e2
2026-03-25 13:21:21|gpt|web_search|11|JSON_SAVED||2293|472f8288-e0cd-4fc0-a48e-d38ff28e39e2
2026-03-25 13:21:21|gpt|web_search|11|QUESTION_ADVANCE||2294|2917d63e-4660-493a-9249-6b595b394f24
2026-03-25 13:21:24|gpt|web_search|13|QUESTION_SENT||2503|21c2d7ef-5424-40a9-a5a3-dc95271994c1
2026-03-25 13:21:39|gpt|web_search|12|QUESTION_SENT||1735|244c7719-36fb-490e-bb4b-30b3ebe25af1
2026-03-25 13:21:47|gpt|web_search|11|QUESTION_SENT||2294|2917d63e-4660-493a-9249-6b595b394f24
2026-03-25 13:21:59|gpt|web_search|10|JSON_VERIFIED||2086|7b6c71f0-4544-4905-b2b4-306e65e3799b
2026-03-25 13:21:59|gpt|web_search|10|QUESTION|6|2086|7b6c71f0-4544-4905-b2b4-306e65e3799b
2026-03-25 13:21:59|gpt|web_search|10|JSON_SAVED||2086|7b6c71f0-4544-4905-b2b4-306e65e3799b
2026-03-25 13:21:59|gpt|web_search|10|QUESTION_ADVANCE||2087|93d34ef4-a737-4e4e-bcac-e2d520c5f0e3
2026-03-25 13:22:15|gpt|web_search|13|JSON_VERIFIED||2503|21c2d7ef-5424-40a9-a5a3-dc95271994c1
2026-03-25 13:22:15|gpt|web_search|13|QUESTION|6|2503|21c2d7ef-5424-40a9-a5a3-dc95271994c1
2026-03-25 13:22:15|gpt|web_search|13|JSON_SAVED||2503|21c2d7ef-5424-40a9-a5a3-dc95271994c1
2026-03-25 13:22:15|gpt|web_search|13|QUESTION_ADVANCE||2504|3d05cef8-a8dd-4b6c-8c8d-27afde0bd7e5
2026-03-25 13:22:25|gpt|web_search|10|QUESTION_SENT||2087|93d34ef4-a737-4e4e-bcac-e2d520c5f0e3
2026-03-25 13:22:30|gpt|web_search|12|JSON_VERIFIED||1735|244c7719-36fb-490e-bb4b-30b3ebe25af1
2026-03-25 13:22:30|gpt|web_search|12|QUESTION|5|1735|244c7719-36fb-490e-bb4b-30b3ebe25af1
2026-03-25 13:22:30|gpt|web_search|12|JSON_SAVED||1735|244c7719-36fb-490e-bb4b-30b3ebe25af1
2026-03-25 13:22:30|gpt|web_search|12|QUESTION_ADVANCE||1736|5d0d9bea-149e-476f-898e-07894db6c4df
2026-03-25 13:22:41|gpt|web_search|13|QUESTION_SENT||2504|3d05cef8-a8dd-4b6c-8c8d-27afde0bd7e5
2026-03-25 13:22:41|gpt|web_search|11|JSON_VERIFIED||2294|2917d63e-4660-493a-9249-6b595b394f24
2026-03-25 13:22:41|gpt|web_search|11|QUESTION|5|2294|2917d63e-4660-493a-9249-6b595b394f24
2026-03-25 13:22:41|gpt|web_search|11|JSON_SAVED||2294|2917d63e-4660-493a-9249-6b595b394f24
2026-03-25 13:22:41|gpt|web_search|11|QUESTION_ADVANCE||2295|ca3839bb-25d9-4721-88ad-2179c3d3e88f
2026-03-25 13:22:55|gpt|web_search|12|QUESTION_SENT||1736|5d0d9bea-149e-476f-898e-07894db6c4df
2026-03-25 13:23:07|gpt|web_search|11|QUESTION_SENT||2295|ca3839bb-25d9-4721-88ad-2179c3d3e88f
2026-03-25 13:23:10|gpt|web_search|10|JSON_VERIFIED||2087|93d34ef4-a737-4e4e-bcac-e2d520c5f0e3
2026-03-25 13:23:10|gpt|web_search|10|QUESTION|7|2087|93d34ef4-a737-4e4e-bcac-e2d520c5f0e3
2026-03-25 13:23:10|gpt|web_search|10|JSON_SAVED||2087|93d34ef4-a737-4e4e-bcac-e2d520c5f0e3
2026-03-25 13:23:10|gpt|web_search|10|QUESTION_ADVANCE||2088|e4e8b2ea-345f-46da-9803-e5b3afa549e3
2026-03-25 13:23:22|gpt|web_search|13|JSON_VERIFY_FAILED||2504|3d05cef8-a8dd-4b6c-8c8d-27afde0bd7e5
2026-03-25 13:23:22|gpt|web_search|13|QUESTION|7|2504|3d05cef8-a8dd-4b6c-8c8d-27afde0bd7e5
2026-03-25 13:23:31|gpt|web_search|13|QUESTION_SENT||2504|3d05cef8-a8dd-4b6c-8c8d-27afde0bd7e5
2026-03-25 13:23:43|gpt|web_search|11|JSON_VERIFY_FAILED||2295|ca3839bb-25d9-4721-88ad-2179c3d3e88f
2026-03-25 13:23:43|gpt|web_search|11|QUESTION|6|2295|ca3839bb-25d9-4721-88ad-2179c3d3e88f
2026-03-25 13:23:46|gpt|web_search|12|JSON_VERIFIED||1736|5d0d9bea-149e-476f-898e-07894db6c4df
2026-03-25 13:23:46|gpt|web_search|12|QUESTION|6|1736|5d0d9bea-149e-476f-898e-07894db6c4df
2026-03-25 13:23:46|gpt|web_search|12|JSON_SAVED||1736|5d0d9bea-149e-476f-898e-07894db6c4df
2026-03-25 13:23:46|gpt|web_search|12|QUESTION_ADVANCE||1737|091a18e5-8b27-4dce-b53c-fec7998440c5
2026-03-25 13:23:48|gpt|web_search|10|QUESTION_SENT||2088|e4e8b2ea-345f-46da-9803-e5b3afa549e3
2026-03-25 13:23:53|gpt|web_search|11|QUESTION_SENT||2295|ca3839bb-25d9-4721-88ad-2179c3d3e88f
2026-03-25 13:24:12|gpt|web_search|12|QUESTION_SENT||1737|091a18e5-8b27-4dce-b53c-fec7998440c5
2026-03-25 13:24:25|gpt|web_search|11|JSON_VERIFIED||2295|ca3839bb-25d9-4721-88ad-2179c3d3e88f
2026-03-25 13:24:25|gpt|web_search|11|QUESTION|7|2295|ca3839bb-25d9-4721-88ad-2179c3d3e88f
2026-03-25 13:24:25|gpt|web_search|11|JSON_SAVED||2295|ca3839bb-25d9-4721-88ad-2179c3d3e88f
2026-03-25 13:24:25|gpt|web_search|11|QUESTION_ADVANCE||2296|58285416-9f88-4a89-801f-274ce00eca06
2026-03-25 13:24:35|gpt|web_search|10|JSON_VERIFIED||2088|e4e8b2ea-345f-46da-9803-e5b3afa549e3
2026-03-25 13:24:35|gpt|web_search|10|QUESTION|8|2088|e4e8b2ea-345f-46da-9803-e5b3afa549e3
2026-03-25 13:24:35|gpt|web_search|10|JSON_SAVED||2088|e4e8b2ea-345f-46da-9803-e5b3afa549e3
2026-03-25 13:24:35|gpt|web_search|10|QUESTION_ADVANCE||2089|c1790041-a4f9-4959-a893-d47fc99f81e9
2026-03-25 13:24:52|gpt|web_search|13|QUESTION_SENT||2504|3d05cef8-a8dd-4b6c-8c8d-27afde0bd7e5
2026-03-25 13:25:01|gpt|web_search|10|QUESTION_SENT||2089|c1790041-a4f9-4959-a893-d47fc99f81e9
2026-03-25 13:25:11|gpt|web_search|11|QUESTION_SENT||2296|58285416-9f88-4a89-801f-274ce00eca06
2026-03-25 13:25:37|gpt|web_search|12|QUESTION_SENT||1737|091a18e5-8b27-4dce-b53c-fec7998440c5
2026-03-25 13:25:45|gpt|web_search|13|JSON_VERIFIED||2504|3d05cef8-a8dd-4b6c-8c8d-27afde0bd7e5
2026-03-25 13:25:45|gpt|web_search|13|QUESTION|8|2504|3d05cef8-a8dd-4b6c-8c8d-27afde0bd7e5
2026-03-25 13:25:45|gpt|web_search|13|JSON_SAVED||2504|3d05cef8-a8dd-4b6c-8c8d-27afde0bd7e5
2026-03-25 13:25:45|gpt|web_search|13|QUESTION_ADVANCE||2505|57fd7f02-c4c6-4b76-8c39-41bf2f618496
2026-03-25 13:25:49|gpt|web_search|10|JSON_VERIFIED||2089|c1790041-a4f9-4959-a893-d47fc99f81e9
2026-03-25 13:25:49|gpt|web_search|10|QUESTION|9|2089|c1790041-a4f9-4959-a893-d47fc99f81e9
2026-03-25 13:25:49|gpt|web_search|10|JSON_SAVED||2089|c1790041-a4f9-4959-a893-d47fc99f81e9
2026-03-25 13:25:49|gpt|web_search|10|QUESTION_ADVANCE||2090|8d1f6911-90d2-4296-947a-41dc6383f418
2026-03-25 13:26:01|gpt|web_search|11|JSON_VERIFIED||2296|58285416-9f88-4a89-801f-274ce00eca06
2026-03-25 13:26:01|gpt|web_search|11|QUESTION|8|2296|58285416-9f88-4a89-801f-274ce00eca06
2026-03-25 13:26:01|gpt|web_search|11|JSON_SAVED||2296|58285416-9f88-4a89-801f-274ce00eca06
2026-03-25 13:26:01|gpt|web_search|11|QUESTION_ADVANCE||2297|1d3181a6-70c0-4693-9620-73d9d16302c4
2026-03-25 13:26:11|gpt|web_search|13|QUESTION_SENT||2505|57fd7f02-c4c6-4b76-8c39-41bf2f618496
2026-03-25 13:26:15|gpt|web_search|10|QUESTION_SENT||2090|8d1f6911-90d2-4296-947a-41dc6383f418
2026-03-25 13:26:26|gpt|web_search|11|QUESTION_SENT||2297|1d3181a6-70c0-4693-9620-73d9d16302c4
2026-03-25 13:26:28|gpt|web_search|12|JSON_VERIFY_FAILED||1737|091a18e5-8b27-4dce-b53c-fec7998440c5
2026-03-25 13:26:28|gpt|web_search|12|QUESTION|7|1737|091a18e5-8b27-4dce-b53c-fec7998440c5
2026-03-25 13:26:38|gpt|web_search|12|QUESTION_SENT||1737|091a18e5-8b27-4dce-b53c-fec7998440c5
2026-03-25 13:26:59|gpt|web_search|13|JSON_VERIFIED||2505|57fd7f02-c4c6-4b76-8c39-41bf2f618496
2026-03-25 13:26:59|gpt|web_search|13|QUESTION|9|2505|57fd7f02-c4c6-4b76-8c39-41bf2f618496
2026-03-25 13:26:59|gpt|web_search|13|JSON_SAVED||2505|57fd7f02-c4c6-4b76-8c39-41bf2f618496
2026-03-25 13:26:59|gpt|web_search|13|QUESTION_ADVANCE||2506|1d7fb42f-ba6b-4838-b799-bbf0c1f970b0
2026-03-25 13:27:06|gpt|web_search|10|JSON_VERIFIED||2090|8d1f6911-90d2-4296-947a-41dc6383f418
2026-03-25 13:27:06|gpt|web_search|10|QUESTION|10|2090|8d1f6911-90d2-4296-947a-41dc6383f418
2026-03-25 13:27:06|gpt|web_search|10|JSON_SAVED||2090|8d1f6911-90d2-4296-947a-41dc6383f418
2026-03-25 13:27:06|gpt|web_search|10|QUESTION_ADVANCE||2091|c98d769d-d4cf-42e5-9868-d8adf60ec9d8
2026-03-25 13:27:13|gpt|web_search|11|JSON_VERIFIED||2297|1d3181a6-70c0-4693-9620-73d9d16302c4
2026-03-25 13:27:13|gpt|web_search|11|QUESTION|9|2297|1d3181a6-70c0-4693-9620-73d9d16302c4
2026-03-25 13:27:13|gpt|web_search|11|JSON_SAVED||2297|1d3181a6-70c0-4693-9620-73d9d16302c4
2026-03-25 13:27:13|gpt|web_search|11|QUESTION_ADVANCE||2298|01b2ea41-2919-4528-a06d-5f3e36a69b27
2026-03-25 13:27:14|gpt|web_search|12|JSON_VERIFIED||1737|091a18e5-8b27-4dce-b53c-fec7998440c5
2026-03-25 13:27:14|gpt|web_search|12|QUESTION|8|1737|091a18e5-8b27-4dce-b53c-fec7998440c5
2026-03-25 13:27:14|gpt|web_search|12|JSON_SAVED||1737|091a18e5-8b27-4dce-b53c-fec7998440c5
2026-03-25 13:27:14|gpt|web_search|12|QUESTION_ADVANCE||1738|6ac387a9-8eb9-4f51-9b35-93029b23a967
2026-03-25 13:27:25|gpt|web_search|13|QUESTION_SENT||2506|1d7fb42f-ba6b-4838-b799-bbf0c1f970b0
2026-03-25 13:27:32|gpt|web_search|10|QUESTION_SENT||2091|c98d769d-d4cf-42e5-9868-d8adf60ec9d8
2026-03-25 13:27:39|gpt|web_search|11|QUESTION_SENT||2298|01b2ea41-2919-4528-a06d-5f3e36a69b27
2026-03-25 13:28:03|gpt|web_search|12|QUESTION_SENT||1738|6ac387a9-8eb9-4f51-9b35-93029b23a967
2026-03-25 13:28:10|gpt|web_search|13|JSON_VERIFIED||2506|1d7fb42f-ba6b-4838-b799-bbf0c1f970b0
2026-03-25 13:28:10|gpt|web_search|13|QUESTION|10|2506|1d7fb42f-ba6b-4838-b799-bbf0c1f970b0
2026-03-25 13:28:10|gpt|web_search|13|JSON_SAVED||2506|1d7fb42f-ba6b-4838-b799-bbf0c1f970b0
2026-03-25 13:28:10|gpt|web_search|13|QUESTION_ADVANCE||2507|5b2fc614-0c9d-4b23-b0d7-a3e1577710da
2026-03-25 13:28:18|gpt|web_search|10|JSON_VERIFIED||2091|c98d769d-d4cf-42e5-9868-d8adf60ec9d8
2026-03-25 13:28:18|gpt|web_search|10|QUESTION|11|2091|c98d769d-d4cf-42e5-9868-d8adf60ec9d8
2026-03-25 13:28:18|gpt|web_search|10|JSON_SAVED||2091|c98d769d-d4cf-42e5-9868-d8adf60ec9d8
2026-03-25 13:28:18|gpt|web_search|10|QUESTION_ADVANCE||2092|7c693f53-f361-4e71-addd-f997984939c7
2026-03-25 13:28:26|gpt|web_search|11|JSON_VERIFIED||2298|01b2ea41-2919-4528-a06d-5f3e36a69b27
2026-03-25 13:28:26|gpt|web_search|11|QUESTION|10|2298|01b2ea41-2919-4528-a06d-5f3e36a69b27
2026-03-25 13:28:26|gpt|web_search|11|JSON_SAVED||2298|01b2ea41-2919-4528-a06d-5f3e36a69b27
2026-03-25 13:28:26|gpt|web_search|11|QUESTION_ADVANCE||2299|aee1423d-5c17-40ac-b0af-41fa41a271b9
2026-03-25 13:28:44|gpt|web_search|10|QUESTION_SENT||2092|7c693f53-f361-4e71-addd-f997984939c7
2026-03-25 13:28:52|gpt|web_search|11|QUESTION_SENT||2299|aee1423d-5c17-40ac-b0af-41fa41a271b9
2026-03-25 13:28:53|gpt|web_search|12|JSON_VERIFY_FAILED||1738|6ac387a9-8eb9-4f51-9b35-93029b23a967
2026-03-25 13:28:53|gpt|web_search|12|QUESTION|9|1738|6ac387a9-8eb9-4f51-9b35-93029b23a967
2026-03-25 13:29:02|gpt|web_search|12|QUESTION_SENT||1738|6ac387a9-8eb9-4f51-9b35-93029b23a967
2026-03-25 13:29:37|gpt|web_search|10|JSON_VERIFIED||2092|7c693f53-f361-4e71-addd-f997984939c7
2026-03-25 13:29:37|gpt|web_search|10|QUESTION|12|2092|7c693f53-f361-4e71-addd-f997984939c7
2026-03-25 13:29:37|gpt|web_search|10|JSON_SAVED||2092|7c693f53-f361-4e71-addd-f997984939c7
2026-03-25 13:29:37|gpt|web_search|12|JSON_VERIFIED||1738|6ac387a9-8eb9-4f51-9b35-93029b23a967
2026-03-25 13:29:37|gpt|web_search|12|QUESTION|10|1738|6ac387a9-8eb9-4f51-9b35-93029b23a967
2026-03-25 13:29:37|gpt|web_search|10|QUESTION_ADVANCE||2093|1cc583e6-ca7c-40ea-997f-e69e416244a7
2026-03-25 13:29:37|gpt|web_search|12|JSON_SAVED||1738|6ac387a9-8eb9-4f51-9b35-93029b23a967
2026-03-25 13:29:37|gpt|web_search|12|QUESTION_ADVANCE||1739|95a24cdc-d056-44ca-9d03-b45872cc6dcf
2026-03-25 13:29:37|gpt|web_search|11|JSON_VERIFIED||2299|aee1423d-5c17-40ac-b0af-41fa41a271b9
2026-03-25 13:29:37|gpt|web_search|11|QUESTION|11|2299|aee1423d-5c17-40ac-b0af-41fa41a271b9
2026-03-25 13:29:37|gpt|web_search|11|JSON_SAVED||2299|aee1423d-5c17-40ac-b0af-41fa41a271b9
2026-03-25 13:29:37|gpt|web_search|11|QUESTION_ADVANCE||2300|328406f9-1145-44d1-a55d-18e525a4625a
2026-03-25 13:30:02|gpt|web_search|10|QUESTION_SENT||2093|1cc583e6-ca7c-40ea-997f-e69e416244a7
2026-03-25 13:30:03|gpt|web_search|11|QUESTION_SENT||2300|328406f9-1145-44d1-a55d-18e525a4625a
2026-03-25 13:30:46|gpt|web_search|10|JSON_VERIFIED||2093|1cc583e6-ca7c-40ea-997f-e69e416244a7
2026-03-25 13:30:46|gpt|web_search|10|QUESTION|13|2093|1cc583e6-ca7c-40ea-997f-e69e416244a7
2026-03-25 13:30:46|gpt|web_search|10|JSON_SAVED||2093|1cc583e6-ca7c-40ea-997f-e69e416244a7
2026-03-25 13:30:46|gpt|web_search|10|QUESTION_ADVANCE||2094|34af11f4-fc29-4b2e-91c6-569dffaf708b
2026-03-25 13:30:49|gpt|web_search|11|JSON_VERIFIED||2300|328406f9-1145-44d1-a55d-18e525a4625a
2026-03-25 13:30:49|gpt|web_search|11|QUESTION|12|2300|328406f9-1145-44d1-a55d-18e525a4625a
2026-03-25 13:30:49|gpt|web_search|11|JSON_SAVED||2300|328406f9-1145-44d1-a55d-18e525a4625a
2026-03-25 13:30:49|gpt|web_search|11|QUESTION_ADVANCE||2301|4fe75a44-4e2c-45a9-a835-604aa605139c
2026-03-25 13:31:15|gpt|web_search|11|QUESTION_SENT||2301|4fe75a44-4e2c-45a9-a835-604aa605139c
2026-03-25 13:31:25|gpt|web_search|10|QUESTION_SENT||2094|34af11f4-fc29-4b2e-91c6-569dffaf708b
2026-03-25 13:32:11|gpt|web_search|11|JSON_VERIFIED||2301|4fe75a44-4e2c-45a9-a835-604aa605139c
2026-03-25 13:32:11|gpt|web_search|11|QUESTION|13|2301|4fe75a44-4e2c-45a9-a835-604aa605139c
2026-03-25 13:32:11|gpt|web_search|11|JSON_SAVED||2301|4fe75a44-4e2c-45a9-a835-604aa605139c
2026-03-25 13:32:11|gpt|web_search|11|QUESTION_ADVANCE||2302|1995eafd-29c5-4116-902f-f858c624093c
2026-03-25 13:32:36|gpt|web_search|11|QUESTION_SENT||2302|1995eafd-29c5-4116-902f-f858c624093c
2026-03-25 13:33:22|gpt|web_search|11|JSON_VERIFIED||2302|1995eafd-29c5-4116-902f-f858c624093c
2026-03-25 13:33:22|gpt|web_search|11|QUESTION|14|2302|1995eafd-29c5-4116-902f-f858c624093c
2026-03-25 13:33:22|gpt|web_search|11|JSON_SAVED||2302|1995eafd-29c5-4116-902f-f858c624093c
2026-03-25 13:33:22|gpt|web_search|11|QUESTION_ADVANCE||2303|4943f713-bf6f-4473-a7a8-aac9facc4739
2026-03-25 13:33:48|gpt|web_search|11|QUESTION_SENT||2303|4943f713-bf6f-4473-a7a8-aac9facc4739
2026-03-25 13:34:55|gpt|web_search|10|QUESTION_SENT||2094|34af11f4-fc29-4b2e-91c6-569dffaf708b
2026-03-25 13:35:04|gpt|web_search|11|QUESTION_SENT||2303|4943f713-bf6f-4473-a7a8-aac9facc4739
2026-03-25 13:35:52|gpt|web_search|11|JSON_VERIFIED||2303|4943f713-bf6f-4473-a7a8-aac9facc4739
2026-03-25 13:35:52|gpt|web_search|11|QUESTION|15|2303|4943f713-bf6f-4473-a7a8-aac9facc4739
2026-03-25 13:35:52|gpt|web_search|11|JSON_SAVED||2303|4943f713-bf6f-4473-a7a8-aac9facc4739
2026-03-25 13:35:52|gpt|web_search|11|QUESTION_ADVANCE||2304|9b151ea1-e530-4e4d-b60c-e68fde21a534
2026-03-25 13:36:18|gpt|web_search|11|QUESTION_SENT||2304|9b151ea1-e530-4e4d-b60c-e68fde21a534
2026-03-25 13:36:18|gpt|web_search|10|QUESTION_SENT||2094|34af11f4-fc29-4b2e-91c6-569dffaf708b
2026-03-25 13:37:02|gpt|web_search|11|JSON_VERIFIED||2304|9b151ea1-e530-4e4d-b60c-e68fde21a534
2026-03-25 13:37:02|gpt|web_search|11|QUESTION|16|2304|9b151ea1-e530-4e4d-b60c-e68fde21a534
2026-03-25 13:37:02|gpt|web_search|11|JSON_SAVED||2304|9b151ea1-e530-4e4d-b60c-e68fde21a534
2026-03-25 13:37:02|gpt|web_search|11|QUESTION_ADVANCE||2305|15455ec9-23d8-4875-866a-2c9fc4acf291
2026-03-25 13:37:05|gpt|web_search|10|JSON_VERIFIED||2094|34af11f4-fc29-4b2e-91c6-569dffaf708b
2026-03-25 13:37:05|gpt|web_search|10|QUESTION|14|2094|34af11f4-fc29-4b2e-91c6-569dffaf708b
2026-03-25 13:37:05|gpt|web_search|10|JSON_SAVED||2094|34af11f4-fc29-4b2e-91c6-569dffaf708b
2026-03-25 13:37:05|gpt|web_search|10|QUESTION_ADVANCE||2095|abef1902-52d6-4139-a492-4c81d568adee
2026-03-25 13:37:28|gpt|web_search|11|QUESTION_SENT||2305|15455ec9-23d8-4875-866a-2c9fc4acf291
2026-03-25 13:37:31|gpt|web_search|10|QUESTION_SENT||2095|abef1902-52d6-4139-a492-4c81d568adee
2026-03-25 13:38:20|gpt|web_search|11|JSON_VERIFY_FAILED||2305|15455ec9-23d8-4875-866a-2c9fc4acf291
2026-03-25 13:38:20|gpt|web_search|11|QUESTION|17|2305|15455ec9-23d8-4875-866a-2c9fc4acf291
2026-03-25 13:38:22|gpt|web_search|10|JSON_VERIFY_FAILED||2095|abef1902-52d6-4139-a492-4c81d568adee
2026-03-25 13:38:22|gpt|web_search|10|QUESTION|15|2095|abef1902-52d6-4139-a492-4c81d568adee
2026-03-25 13:38:30|gpt|web_search|11|QUESTION_SENT||2305|15455ec9-23d8-4875-866a-2c9fc4acf291
2026-03-25 13:38:32|gpt|web_search|10|QUESTION_SENT||2095|abef1902-52d6-4139-a492-4c81d568adee
2026-03-25 13:39:04|gpt|web_search|11|JSON_VERIFIED||2305|15455ec9-23d8-4875-866a-2c9fc4acf291
2026-03-25 13:39:04|gpt|web_search|11|QUESTION|18|2305|15455ec9-23d8-4875-866a-2c9fc4acf291
2026-03-25 13:39:04|gpt|web_search|11|JSON_SAVED||2305|15455ec9-23d8-4875-866a-2c9fc4acf291
2026-03-25 13:39:04|gpt|web_search|11|QUESTION_ADVANCE||2306|618406db-73f3-4b80-9d88-215731416369
2026-03-25 13:39:24|gpt|web_search|10|JSON_VERIFIED||2095|abef1902-52d6-4139-a492-4c81d568adee
2026-03-25 13:39:24|gpt|web_search|10|QUESTION|16|2095|abef1902-52d6-4139-a492-4c81d568adee
2026-03-25 13:39:24|gpt|web_search|10|JSON_SAVED||2095|abef1902-52d6-4139-a492-4c81d568adee
2026-03-25 13:39:24|gpt|web_search|10|QUESTION_ADVANCE||2096|53919b90-95a2-4509-8cce-1c3f5386c72a
2026-03-25 13:39:48|gpt|web_search|11|QUESTION_SENT||2306|618406db-73f3-4b80-9d88-215731416369
2026-03-25 13:39:50|gpt|web_search|10|QUESTION_SENT||2096|53919b90-95a2-4509-8cce-1c3f5386c72a
2026-03-25 13:40:35|gpt|web_search|11|JSON_VERIFIED||2306|618406db-73f3-4b80-9d88-215731416369
2026-03-25 13:40:35|gpt|web_search|11|QUESTION|19|2306|618406db-73f3-4b80-9d88-215731416369
2026-03-25 13:40:35|gpt|web_search|11|JSON_SAVED||2306|618406db-73f3-4b80-9d88-215731416369
2026-03-25 13:40:35|gpt|web_search|11|QUESTION_ADVANCE||2307|af7de888-7b5e-459c-91fe-9c3560a5bf34
2026-03-25 13:40:38|gpt|web_search|10|JSON_VERIFIED||2096|53919b90-95a2-4509-8cce-1c3f5386c72a
2026-03-25 13:40:38|gpt|web_search|10|QUESTION|17|2096|53919b90-95a2-4509-8cce-1c3f5386c72a
2026-03-25 13:40:38|gpt|web_search|10|JSON_SAVED||2096|53919b90-95a2-4509-8cce-1c3f5386c72a
2026-03-25 13:40:38|gpt|web_search|10|QUESTION_ADVANCE||2097|f56ccb19-7fef-465a-98af-cb49934c2a89
2026-03-25 13:41:01|gpt|web_search|11|QUESTION_SENT||2307|af7de888-7b5e-459c-91fe-9c3560a5bf34
2026-03-25 13:41:04|gpt|web_search|10|QUESTION_SENT||2097|f56ccb19-7fef-465a-98af-cb49934c2a89
2026-03-25 13:41:49|gpt|web_search|11|JSON_VERIFIED||2307|af7de888-7b5e-459c-91fe-9c3560a5bf34
2026-03-25 13:41:49|gpt|web_search|11|QUESTION|20|2307|af7de888-7b5e-459c-91fe-9c3560a5bf34
2026-03-25 13:41:49|gpt|web_search|11|JSON_SAVED||2307|af7de888-7b5e-459c-91fe-9c3560a5bf34
2026-03-25 13:41:49|gpt|web_search|11|QUESTION_ADVANCE||2308|968242be-2a6b-499a-b263-8c5d989ba960
2026-03-25 13:41:56|gpt|web_search|10|JSON_VERIFIED||2097|f56ccb19-7fef-465a-98af-cb49934c2a89
2026-03-25 13:41:56|gpt|web_search|10|QUESTION|18|2097|f56ccb19-7fef-465a-98af-cb49934c2a89
2026-03-25 13:41:56|gpt|web_search|10|JSON_SAVED||2097|f56ccb19-7fef-465a-98af-cb49934c2a89
2026-03-25 13:41:56|gpt|web_search|10|QUESTION_ADVANCE||2098|b5473fee-181f-4cd2-a9be-2573a253643a
2026-03-25 13:42:15|gpt|web_search|11|QUESTION_SENT||2308|968242be-2a6b-499a-b263-8c5d989ba960
2026-03-25 13:42:22|gpt|web_search|10|QUESTION_SENT||2098|b5473fee-181f-4cd2-a9be-2573a253643a
2026-03-25 13:43:04|gpt|web_search|11|JSON_VERIFIED||2308|968242be-2a6b-499a-b263-8c5d989ba960
2026-03-25 13:43:04|gpt|web_search|11|QUESTION|21|2308|968242be-2a6b-499a-b263-8c5d989ba960
2026-03-25 13:43:04|gpt|web_search|11|JSON_SAVED||2308|968242be-2a6b-499a-b263-8c5d989ba960
2026-03-25 13:43:04|gpt|web_search|11|QUESTION_ADVANCE||2309|b649d805-4894-45c4-9f9d-5374c6f94a05
2026-03-25 13:43:13|gpt|web_search|10|JSON_VERIFIED||2098|b5473fee-181f-4cd2-a9be-2573a253643a
2026-03-25 13:43:13|gpt|web_search|10|QUESTION|19|2098|b5473fee-181f-4cd2-a9be-2573a253643a
2026-03-25 13:43:13|gpt|web_search|10|JSON_SAVED||2098|b5473fee-181f-4cd2-a9be-2573a253643a
2026-03-25 13:43:13|gpt|web_search|10|QUESTION_ADVANCE||2099|cd8db726-3a15-4fef-b8d4-6087cc9ed441
2026-03-25 13:43:30|gpt|web_search|11|QUESTION_SENT||2309|b649d805-4894-45c4-9f9d-5374c6f94a05
2026-03-25 13:43:39|gpt|web_search|10|QUESTION_SENT||2099|cd8db726-3a15-4fef-b8d4-6087cc9ed441
2026-03-25 13:44:20|gpt|web_search|11|JSON_VERIFIED||2309|b649d805-4894-45c4-9f9d-5374c6f94a05
2026-03-25 13:44:20|gpt|web_search|11|QUESTION|22|2309|b649d805-4894-45c4-9f9d-5374c6f94a05
2026-03-25 13:44:20|gpt|web_search|11|JSON_SAVED||2309|b649d805-4894-45c4-9f9d-5374c6f94a05
2026-03-25 13:44:20|gpt|web_search|11|QUESTION_ADVANCE||2310|457da02c-1d40-44b6-bcc8-f02dde7733db
2026-03-25 13:44:46|gpt|web_search|11|QUESTION_SENT||2310|457da02c-1d40-44b6-bcc8-f02dde7733db
2026-03-25 13:45:02|gpt|web_search|10|QUESTION_SENT||2099|cd8db726-3a15-4fef-b8d4-6087cc9ed441
2026-03-25 13:45:38|gpt|web_search|11|JSON_VERIFIED||2310|457da02c-1d40-44b6-bcc8-f02dde7733db
2026-03-25 13:45:38|gpt|web_search|11|QUESTION|23|2310|457da02c-1d40-44b6-bcc8-f02dde7733db
2026-03-25 13:45:38|gpt|web_search|11|JSON_SAVED||2310|457da02c-1d40-44b6-bcc8-f02dde7733db
2026-03-25 13:45:38|gpt|web_search|11|QUESTION_ADVANCE||2311|2c6a1fed-a9bc-4ba8-8e17-b644e65b22cc
2026-03-25 13:45:53|gpt|web_search|10|JSON_VERIFIED||2099|cd8db726-3a15-4fef-b8d4-6087cc9ed441
2026-03-25 13:45:53|gpt|web_search|10|QUESTION|20|2099|cd8db726-3a15-4fef-b8d4-6087cc9ed441
2026-03-25 13:45:53|gpt|web_search|10|JSON_SAVED||2099|cd8db726-3a15-4fef-b8d4-6087cc9ed441
2026-03-25 13:45:53|gpt|web_search|10|QUESTION_ADVANCE||2100|3aeb92c9-88d3-40c1-bef4-e300b02de9a8
2026-03-25 13:46:04|gpt|web_search|11|QUESTION_SENT||2311|2c6a1fed-a9bc-4ba8-8e17-b644e65b22cc
2026-03-25 13:46:19|gpt|web_search|10|QUESTION_SENT||2100|3aeb92c9-88d3-40c1-bef4-e300b02de9a8
2026-03-25 13:46:58|gpt|web_search|11|JSON_VERIFIED||2311|2c6a1fed-a9bc-4ba8-8e17-b644e65b22cc
2026-03-25 13:46:58|gpt|web_search|11|QUESTION|24|2311|2c6a1fed-a9bc-4ba8-8e17-b644e65b22cc
2026-03-25 13:46:58|gpt|web_search|11|JSON_SAVED||2311|2c6a1fed-a9bc-4ba8-8e17-b644e65b22cc
2026-03-25 13:46:58|gpt|web_search|11|QUESTION_ADVANCE||2312|a57c1fe7-b4bb-4ed2-8eaf-939c4a5496d0
2026-03-25 13:47:05|gpt|web_search|10|JSON_VERIFIED||2100|3aeb92c9-88d3-40c1-bef4-e300b02de9a8
2026-03-25 13:47:05|gpt|web_search|10|QUESTION|21|2100|3aeb92c9-88d3-40c1-bef4-e300b02de9a8
2026-03-25 13:47:05|gpt|web_search|10|JSON_SAVED||2100|3aeb92c9-88d3-40c1-bef4-e300b02de9a8
2026-03-25 13:47:05|gpt|web_search|10|QUESTION_ADVANCE||2101|d7686c89-6549-40cd-94e0-e432fa47ea59
2026-03-25 13:47:24|gpt|web_search|11|QUESTION_SENT||2312|a57c1fe7-b4bb-4ed2-8eaf-939c4a5496d0
2026-03-25 13:47:42|gpt|web_search|10|QUESTION_SENT||2101|d7686c89-6549-40cd-94e0-e432fa47ea59
2026-03-25 13:48:10|gpt|web_search|11|JSON_VERIFIED||2312|a57c1fe7-b4bb-4ed2-8eaf-939c4a5496d0
2026-03-25 13:48:10|gpt|web_search|11|QUESTION|25|2312|a57c1fe7-b4bb-4ed2-8eaf-939c4a5496d0
2026-03-25 13:48:10|gpt|web_search|11|JSON_SAVED||2312|a57c1fe7-b4bb-4ed2-8eaf-939c4a5496d0
2026-03-25 13:48:10|gpt|web_search|11|QUESTION_ADVANCE||2313|e4c551ac-93ff-49d4-9c75-76ce18ca07c1
2026-03-25 13:48:36|gpt|web_search|11|QUESTION_SENT||2313|e4c551ac-93ff-49d4-9c75-76ce18ca07c1
2026-03-25 13:48:39|gpt|web_search|10|JSON_VERIFIED||2101|d7686c89-6549-40cd-94e0-e432fa47ea59
2026-03-25 13:48:39|gpt|web_search|10|QUESTION|22|2101|d7686c89-6549-40cd-94e0-e432fa47ea59
2026-03-25 13:48:39|gpt|web_search|10|JSON_SAVED||2101|d7686c89-6549-40cd-94e0-e432fa47ea59
2026-03-25 13:48:39|gpt|web_search|10|QUESTION_ADVANCE||2102|f8267008-de4e-4dd5-95d1-10897c2a46aa
2026-03-25 13:49:05|gpt|web_search|10|QUESTION_SENT||2102|f8267008-de4e-4dd5-95d1-10897c2a46aa
2026-03-25 13:49:17|gpt|web_search|11|JSON_VERIFY_FAILED||2313|e4c551ac-93ff-49d4-9c75-76ce18ca07c1
2026-03-25 13:49:17|gpt|web_search|11|QUESTION|26|2313|e4c551ac-93ff-49d4-9c75-76ce18ca07c1
2026-03-25 13:49:43|gpt|web_search|11|QUESTION_SENT||2313|e4c551ac-93ff-49d4-9c75-76ce18ca07c1
2026-03-25 13:49:53|gpt|web_search|10|JSON_VERIFIED||2102|f8267008-de4e-4dd5-95d1-10897c2a46aa
2026-03-25 13:49:53|gpt|web_search|10|QUESTION|23|2102|f8267008-de4e-4dd5-95d1-10897c2a46aa
2026-03-25 13:49:53|gpt|web_search|10|JSON_SAVED||2102|f8267008-de4e-4dd5-95d1-10897c2a46aa
2026-03-25 13:49:53|gpt|web_search|10|QUESTION_ADVANCE||2103|e2cf4e8d-8c27-4f5a-9558-c31b88828032
2026-03-25 13:50:19|gpt|web_search|10|QUESTION_SENT||2103|e2cf4e8d-8c27-4f5a-9558-c31b88828032
2026-03-25 13:50:30|gpt|web_search|11|JSON_VERIFIED||2313|e4c551ac-93ff-49d4-9c75-76ce18ca07c1
2026-03-25 13:50:30|gpt|web_search|11|QUESTION|27|2313|e4c551ac-93ff-49d4-9c75-76ce18ca07c1
2026-03-25 13:50:30|gpt|web_search|11|JSON_SAVED||2313|e4c551ac-93ff-49d4-9c75-76ce18ca07c1
2026-03-25 13:50:30|gpt|web_search|11|QUESTION_ADVANCE||2314|af0324a4-9fb4-4ecf-a275-8a68de8ae6cb
2026-03-25 13:50:56|gpt|web_search|11|QUESTION_SENT||2314|af0324a4-9fb4-4ecf-a275-8a68de8ae6cb
2026-03-25 13:51:10|gpt|web_search|10|JSON_VERIFIED||2103|e2cf4e8d-8c27-4f5a-9558-c31b88828032
2026-03-25 13:51:10|gpt|web_search|10|QUESTION|24|2103|e2cf4e8d-8c27-4f5a-9558-c31b88828032
2026-03-25 13:51:10|gpt|web_search|10|JSON_SAVED||2103|e2cf4e8d-8c27-4f5a-9558-c31b88828032
2026-03-25 13:51:10|gpt|web_search|10|QUESTION_ADVANCE||2104|8ccab368-fedf-4600-a027-28969da9f099
2026-03-25 13:51:36|gpt|web_search|10|QUESTION_SENT||2104|8ccab368-fedf-4600-a027-28969da9f099
2026-03-25 13:51:45|gpt|web_search|11|JSON_VERIFIED||2314|af0324a4-9fb4-4ecf-a275-8a68de8ae6cb
2026-03-25 13:51:45|gpt|web_search|11|QUESTION|28|2314|af0324a4-9fb4-4ecf-a275-8a68de8ae6cb
2026-03-25 13:51:45|gpt|web_search|11|JSON_SAVED||2314|af0324a4-9fb4-4ecf-a275-8a68de8ae6cb
2026-03-25 13:51:45|gpt|web_search|11|QUESTION_ADVANCE||2315|d04842c7-8fb2-417e-b98f-46630bc05ffb
2026-03-25 13:52:11|gpt|web_search|11|QUESTION_SENT||2315|d04842c7-8fb2-417e-b98f-46630bc05ffb
2026-03-25 13:52:30|gpt|web_search|10|JSON_VERIFIED||2104|8ccab368-fedf-4600-a027-28969da9f099
2026-03-25 13:52:30|gpt|web_search|10|QUESTION|25|2104|8ccab368-fedf-4600-a027-28969da9f099
2026-03-25 13:52:30|gpt|web_search|10|JSON_SAVED||2104|8ccab368-fedf-4600-a027-28969da9f099
2026-03-25 13:52:30|gpt|web_search|10|QUESTION_ADVANCE||2105|e4ada0f4-5402-4fff-a2d9-beba2d3d8f16
2026-03-25 13:52:55|gpt|web_search|10|QUESTION_SENT||2105|e4ada0f4-5402-4fff-a2d9-beba2d3d8f16
2026-03-25 13:53:19|gpt|web_search|11|QUESTION_SENT||2315|d04842c7-8fb2-417e-b98f-46630bc05ffb
2026-03-25 13:53:45|gpt|web_search|10|JSON_VERIFIED||2105|e4ada0f4-5402-4fff-a2d9-beba2d3d8f16
2026-03-25 13:53:45|gpt|web_search|10|QUESTION|26|2105|e4ada0f4-5402-4fff-a2d9-beba2d3d8f16
2026-03-25 13:53:45|gpt|web_search|10|JSON_SAVED||2105|e4ada0f4-5402-4fff-a2d9-beba2d3d8f16
2026-03-25 13:53:45|gpt|web_search|10|QUESTION_ADVANCE||2106|8f0b0fde-1d15-45a5-a78a-141e943d8295
2026-03-25 13:54:07|gpt|web_search|11|JSON_VERIFIED||2315|d04842c7-8fb2-417e-b98f-46630bc05ffb
2026-03-25 13:54:07|gpt|web_search|11|QUESTION|29|2315|d04842c7-8fb2-417e-b98f-46630bc05ffb
2026-03-25 13:54:07|gpt|web_search|11|JSON_SAVED||2315|d04842c7-8fb2-417e-b98f-46630bc05ffb
2026-03-25 13:54:07|gpt|web_search|11|QUESTION_ADVANCE||2316|247564f0-be81-4eba-89f1-4be58b32e912
2026-03-25 13:54:11|gpt|web_search|10|QUESTION_SENT||2106|8f0b0fde-1d15-45a5-a78a-141e943d8295
2026-03-25 13:54:33|gpt|web_search|11|QUESTION_SENT||2316|247564f0-be81-4eba-89f1-4be58b32e912
2026-03-25 13:54:58|gpt|web_search|10|JSON_VERIFIED||2106|8f0b0fde-1d15-45a5-a78a-141e943d8295
2026-03-25 13:54:58|gpt|web_search|10|QUESTION|27|2106|8f0b0fde-1d15-45a5-a78a-141e943d8295
2026-03-25 13:54:58|gpt|web_search|10|JSON_SAVED||2106|8f0b0fde-1d15-45a5-a78a-141e943d8295
2026-03-25 13:54:58|gpt|web_search|10|QUESTION_ADVANCE||2107|cea8a14a-0f8e-49c7-990a-5c5d775c92dd
2026-03-25 13:55:21|gpt|web_search|11|JSON_VERIFIED||2316|247564f0-be81-4eba-89f1-4be58b32e912
2026-03-25 13:55:21|gpt|web_search|11|QUESTION|30|2316|247564f0-be81-4eba-89f1-4be58b32e912
2026-03-25 13:55:21|gpt|web_search|11|JSON_SAVED||2316|247564f0-be81-4eba-89f1-4be58b32e912
2026-03-25 13:55:21|gpt|web_search|11|QUESTION_ADVANCE||2317|f197d33b-d08f-4c5d-9400-b14a665b333a
2026-03-25 13:55:24|gpt|web_search|10|QUESTION_SENT||2107|cea8a14a-0f8e-49c7-990a-5c5d775c92dd
2026-03-25 13:55:47|gpt|web_search|11|QUESTION_SENT||2317|f197d33b-d08f-4c5d-9400-b14a665b333a
2026-03-25 13:56:13|gpt|web_search|10|JSON_VERIFIED||2107|cea8a14a-0f8e-49c7-990a-5c5d775c92dd
2026-03-25 13:56:13|gpt|web_search|10|QUESTION|28|2107|cea8a14a-0f8e-49c7-990a-5c5d775c92dd
2026-03-25 13:56:13|gpt|web_search|10|JSON_SAVED||2107|cea8a14a-0f8e-49c7-990a-5c5d775c92dd
2026-03-25 13:56:13|gpt|web_search|10|QUESTION_ADVANCE||2108|1028ee92-e853-4cf4-aa09-029993c62045
2026-03-25 13:56:37|gpt|web_search|11|JSON_VERIFIED||2317|f197d33b-d08f-4c5d-9400-b14a665b333a
2026-03-25 13:56:37|gpt|web_search|11|QUESTION|31|2317|f197d33b-d08f-4c5d-9400-b14a665b333a
2026-03-25 13:56:37|gpt|web_search|11|JSON_SAVED||2317|f197d33b-d08f-4c5d-9400-b14a665b333a
2026-03-25 13:56:37|gpt|web_search|11|QUESTION_ADVANCE||2318|2677c177-b451-4ae5-aa55-a40255fedd22
2026-03-25 13:56:39|gpt|web_search|10|QUESTION_SENT||2108|1028ee92-e853-4cf4-aa09-029993c62045
2026-03-25 13:57:03|gpt|web_search|11|QUESTION_SENT||2318|2677c177-b451-4ae5-aa55-a40255fedd22
2026-03-25 13:57:23|gpt|web_search|12|QUESTION_SENT||1739|95a24cdc-d056-44ca-9d03-b45872cc6dcf
2026-03-25 13:57:24|gpt|web_search|10|JSON_VERIFIED||2108|1028ee92-e853-4cf4-aa09-029993c62045
2026-03-25 13:57:24|gpt|web_search|10|QUESTION|29|2108|1028ee92-e853-4cf4-aa09-029993c62045
2026-03-25 13:57:24|gpt|web_search|10|JSON_SAVED||2108|1028ee92-e853-4cf4-aa09-029993c62045
2026-03-25 13:57:24|gpt|web_search|10|QUESTION_ADVANCE||2109|9d3d2936-a9f8-4a9e-b8da-a4d6f2bd578e
2026-03-25 13:57:52|gpt|web_search|11|JSON_VERIFIED||2318|2677c177-b451-4ae5-aa55-a40255fedd22
2026-03-25 13:57:52|gpt|web_search|11|QUESTION|32|2318|2677c177-b451-4ae5-aa55-a40255fedd22
2026-03-25 13:57:52|gpt|web_search|11|JSON_SAVED||2318|2677c177-b451-4ae5-aa55-a40255fedd22
2026-03-25 13:57:52|gpt|web_search|11|QUESTION_ADVANCE||2319|4c762cf4-44d4-40c4-9fd6-ed41d1c9b7c1
2026-03-25 13:58:01|gpt|web_search|12|JSON_VERIFY_FAILED||1739|95a24cdc-d056-44ca-9d03-b45872cc6dcf
2026-03-25 13:58:01|gpt|web_search|12|QUESTION|11|1739|95a24cdc-d056-44ca-9d03-b45872cc6dcf
2026-03-25 13:58:02|gpt|web_search|10|QUESTION_SENT||2109|9d3d2936-a9f8-4a9e-b8da-a4d6f2bd578e
2026-03-25 13:58:11|gpt|web_search|12|QUESTION_SENT||1739|95a24cdc-d056-44ca-9d03-b45872cc6dcf
2026-03-25 13:58:18|gpt|web_search|11|QUESTION_SENT||2319|4c762cf4-44d4-40c4-9fd6-ed41d1c9b7c1
2026-03-25 13:58:26|gpt|web_search|13|QUESTION_SENT||2507|5b2fc614-0c9d-4b23-b0d7-a3e1577710da
2026-03-25 13:58:48|gpt|web_search|11|JSON_VERIFY_FAILED||2319|4c762cf4-44d4-40c4-9fd6-ed41d1c9b7c1
2026-03-25 13:58:48|gpt|web_search|11|QUESTION|33|2319|4c762cf4-44d4-40c4-9fd6-ed41d1c9b7c1
2026-03-25 13:58:48|gpt|web_search|12|JSON_VERIFY_FAILED||1739|95a24cdc-d056-44ca-9d03-b45872cc6dcf
2026-03-25 13:58:48|gpt|web_search|12|QUESTION|12|1739|95a24cdc-d056-44ca-9d03-b45872cc6dcf
2026-03-25 13:58:52|gpt|web_search|10|JSON_VERIFIED||2109|9d3d2936-a9f8-4a9e-b8da-a4d6f2bd578e
2026-03-25 13:58:52|gpt|web_search|10|QUESTION|30|2109|9d3d2936-a9f8-4a9e-b8da-a4d6f2bd578e
2026-03-25 13:58:52|gpt|web_search|10|JSON_SAVED||2109|9d3d2936-a9f8-4a9e-b8da-a4d6f2bd578e
2026-03-25 13:58:52|gpt|web_search|10|QUESTION_ADVANCE||2110|199779cf-dd79-4258-b7e1-ecbb1690b767
2026-03-25 13:58:58|gpt|web_search|11|QUESTION_SENT||2319|4c762cf4-44d4-40c4-9fd6-ed41d1c9b7c1
2026-03-25 13:58:58|gpt|web_search|12|QUESTION_SENT||1739|95a24cdc-d056-44ca-9d03-b45872cc6dcf
2026-03-25 13:59:03|gpt|web_search|13|JSON_VERIFIED||2507|5b2fc614-0c9d-4b23-b0d7-a3e1577710da
2026-03-25 13:59:03|gpt|web_search|13|QUESTION|11|2507|5b2fc614-0c9d-4b23-b0d7-a3e1577710da
2026-03-25 13:59:03|gpt|web_search|13|JSON_SAVED||2507|5b2fc614-0c9d-4b23-b0d7-a3e1577710da
2026-03-25 13:59:03|gpt|web_search|13|QUESTION_ADVANCE||2508|63d9e0b0-faec-4b61-996c-d16c959a5ae8
2026-03-25 13:59:18|gpt|web_search|10|QUESTION_SENT||2110|199779cf-dd79-4258-b7e1-ecbb1690b767
2026-03-25 13:59:29|gpt|web_search|11|JSON_VERIFIED||2319|4c762cf4-44d4-40c4-9fd6-ed41d1c9b7c1
2026-03-25 13:59:29|gpt|web_search|11|QUESTION|34|2319|4c762cf4-44d4-40c4-9fd6-ed41d1c9b7c1
2026-03-25 13:59:29|gpt|web_search|11|JSON_SAVED||2319|4c762cf4-44d4-40c4-9fd6-ed41d1c9b7c1
2026-03-25 13:59:29|gpt|web_search|11|QUESTION_ADVANCE||2320|89a11a55-2a05-45e8-99cc-d9e7549a61d8
2026-03-25 13:59:31|gpt|web_search|12|JSON_VERIFIED||1739|95a24cdc-d056-44ca-9d03-b45872cc6dcf
2026-03-25 13:59:31|gpt|web_search|12|QUESTION|13|1739|95a24cdc-d056-44ca-9d03-b45872cc6dcf
2026-03-25 13:59:31|gpt|web_search|12|JSON_SAVED||1739|95a24cdc-d056-44ca-9d03-b45872cc6dcf
2026-03-25 13:59:31|gpt|web_search|12|QUESTION_ADVANCE||1740|ca8f5f28-8724-4a56-a728-4dd99123e5a2
2026-03-25 13:59:48|gpt|web_search|13|QUESTION_SENT||2508|63d9e0b0-faec-4b61-996c-d16c959a5ae8
2026-03-25 14:00:15|gpt|web_search|11|QUESTION_SENT||2320|89a11a55-2a05-45e8-99cc-d9e7549a61d8
2026-03-25 14:00:22|gpt|web_search|13|JSON_VERIFIED||2508|63d9e0b0-faec-4b61-996c-d16c959a5ae8
2026-03-25 14:00:22|gpt|web_search|13|QUESTION|12|2508|63d9e0b0-faec-4b61-996c-d16c959a5ae8
2026-03-25 14:00:22|gpt|web_search|13|JSON_SAVED||2508|63d9e0b0-faec-4b61-996c-d16c959a5ae8
2026-03-25 14:00:22|gpt|web_search|13|QUESTION_ADVANCE||2509|4c43aff4-0f74-4f6a-b9c2-3054b0a41acf
2026-03-25 14:00:22|gpt|web_search|12|QUESTION_SENT||1740|ca8f5f28-8724-4a56-a728-4dd99123e5a2
2026-03-25 14:00:34|gpt|web_search|10|JSON_VERIFIED||2110|199779cf-dd79-4258-b7e1-ecbb1690b767
2026-03-25 14:00:34|gpt|web_search|10|QUESTION|31|2110|199779cf-dd79-4258-b7e1-ecbb1690b767
2026-03-25 14:00:34|gpt|web_search|10|JSON_SAVED||2110|199779cf-dd79-4258-b7e1-ecbb1690b767
2026-03-25 14:00:34|gpt|web_search|10|QUESTION_ADVANCE||2111|67b8d89c-4823-4a47-a273-f4219cb13fec
2026-03-25 14:01:00|gpt|web_search|10|QUESTION_SENT||2111|67b8d89c-4823-4a47-a273-f4219cb13fec
2026-03-25 14:01:05|gpt|web_search|11|JSON_VERIFY_FAILED||2320|89a11a55-2a05-45e8-99cc-d9e7549a61d8
2026-03-25 14:01:05|gpt|web_search|11|QUESTION|35|2320|89a11a55-2a05-45e8-99cc-d9e7549a61d8
2026-03-25 14:01:09|gpt|web_search|13|QUESTION_SENT||2509|4c43aff4-0f74-4f6a-b9c2-3054b0a41acf
2026-03-25 14:01:16|gpt|web_search|12|JSON_VERIFIED||1740|ca8f5f28-8724-4a56-a728-4dd99123e5a2
2026-03-25 14:01:16|gpt|web_search|12|QUESTION|14|1740|ca8f5f28-8724-4a56-a728-4dd99123e5a2
2026-03-25 14:01:16|gpt|web_search|12|JSON_SAVED||1740|ca8f5f28-8724-4a56-a728-4dd99123e5a2
2026-03-25 14:01:16|gpt|web_search|12|QUESTION_ADVANCE||1741|269d2860-ba5d-419f-8ffa-2ffb0fb04f6c
2026-03-25 14:01:31|gpt|web_search|11|QUESTION_SENT||2320|89a11a55-2a05-45e8-99cc-d9e7549a61d8
2026-03-25 14:01:42|gpt|web_search|12|QUESTION_SENT||1741|269d2860-ba5d-419f-8ffa-2ffb0fb04f6c
2026-03-25 14:01:47|gpt|web_search|10|JSON_VERIFIED||2111|67b8d89c-4823-4a47-a273-f4219cb13fec
2026-03-25 14:01:47|gpt|web_search|10|QUESTION|32|2111|67b8d89c-4823-4a47-a273-f4219cb13fec
2026-03-25 14:01:47|gpt|web_search|10|JSON_SAVED||2111|67b8d89c-4823-4a47-a273-f4219cb13fec
2026-03-25 14:01:47|gpt|web_search|10|QUESTION_ADVANCE||2112|46c7779d-50df-46e8-9b2b-bed8622d975b
2026-03-25 14:02:13|gpt|web_search|10|QUESTION_SENT||2112|46c7779d-50df-46e8-9b2b-bed8622d975b
2026-03-25 14:02:22|gpt|web_search|11|JSON_VERIFIED||2320|89a11a55-2a05-45e8-99cc-d9e7549a61d8
2026-03-25 14:02:22|gpt|web_search|11|QUESTION|36|2320|89a11a55-2a05-45e8-99cc-d9e7549a61d8
2026-03-25 14:02:22|gpt|web_search|11|JSON_SAVED||2320|89a11a55-2a05-45e8-99cc-d9e7549a61d8
2026-03-25 14:02:22|gpt|web_search|11|QUESTION_ADVANCE||2321|2f11654a-54a0-452d-ad25-f825be73abe5
2026-03-25 14:02:29|gpt|web_search|13|QUESTION_SENT||2509|4c43aff4-0f74-4f6a-b9c2-3054b0a41acf
2026-03-25 14:02:34|gpt|web_search|12|JSON_VERIFIED||1741|269d2860-ba5d-419f-8ffa-2ffb0fb04f6c
2026-03-25 14:02:34|gpt|web_search|12|QUESTION|15|1741|269d2860-ba5d-419f-8ffa-2ffb0fb04f6c
2026-03-25 14:02:34|gpt|web_search|12|JSON_SAVED||1741|269d2860-ba5d-419f-8ffa-2ffb0fb04f6c
2026-03-25 14:02:34|gpt|web_search|12|QUESTION_ADVANCE||1742|695e19c5-6c02-429e-affa-987dfee70557
2026-03-25 14:02:48|gpt|web_search|11|QUESTION_SENT||2321|2f11654a-54a0-452d-ad25-f825be73abe5
2026-03-25 14:02:57|gpt|web_search|10|JSON_VERIFIED||2112|46c7779d-50df-46e8-9b2b-bed8622d975b
2026-03-25 14:02:57|gpt|web_search|10|QUESTION|33|2112|46c7779d-50df-46e8-9b2b-bed8622d975b
2026-03-25 14:02:57|gpt|web_search|10|JSON_SAVED||2112|46c7779d-50df-46e8-9b2b-bed8622d975b
2026-03-25 14:02:57|gpt|web_search|10|QUESTION_ADVANCE||2113|ee996bcf-181d-4285-a0b4-df02a48e6a70
2026-03-25 14:03:00|gpt|web_search|12|QUESTION_SENT||1742|695e19c5-6c02-429e-affa-987dfee70557
2026-03-25 14:03:07|gpt|web_search|13|JSON_VERIFIED||2509|4c43aff4-0f74-4f6a-b9c2-3054b0a41acf
2026-03-25 14:03:07|gpt|web_search|13|QUESTION|13|2509|4c43aff4-0f74-4f6a-b9c2-3054b0a41acf
2026-03-25 14:03:07|gpt|web_search|13|JSON_SAVED||2509|4c43aff4-0f74-4f6a-b9c2-3054b0a41acf
2026-03-25 14:03:07|gpt|web_search|13|QUESTION_ADVANCE||2510|04754450-46c4-4c21-86f4-03853478bb75
2026-03-25 14:03:35|gpt|web_search|10|QUESTION_SENT||2113|ee996bcf-181d-4285-a0b4-df02a48e6a70
2026-03-25 14:03:50|gpt|web_search|13|QUESTION_SENT||2510|04754450-46c4-4c21-86f4-03853478bb75
2026-03-25 14:03:53|gpt|web_search|12|JSON_VERIFY_FAILED||1742|695e19c5-6c02-429e-affa-987dfee70557
2026-03-25 14:03:53|gpt|web_search|12|QUESTION|16|1742|695e19c5-6c02-429e-affa-987dfee70557
2026-03-25 14:04:05|gpt|web_search|11|QUESTION_SENT||2321|2f11654a-54a0-452d-ad25-f825be73abe5
2026-03-25 14:04:19|gpt|web_search|12|QUESTION_SENT||1742|695e19c5-6c02-429e-affa-987dfee70557
2026-03-25 14:04:26|gpt|web_search|13|JSON_VERIFIED||2510|04754450-46c4-4c21-86f4-03853478bb75
2026-03-25 14:04:26|gpt|web_search|13|QUESTION|14|2510|04754450-46c4-4c21-86f4-03853478bb75
2026-03-25 14:04:26|gpt|web_search|13|JSON_SAVED||2510|04754450-46c4-4c21-86f4-03853478bb75
2026-03-25 14:04:26|gpt|web_search|13|QUESTION_ADVANCE||2511|9b7d1671-98e8-41b2-beaf-5ee25cc62cd1
2026-03-25 14:04:28|gpt|web_search|10|JSON_VERIFIED||2113|ee996bcf-181d-4285-a0b4-df02a48e6a70
2026-03-25 14:04:28|gpt|web_search|10|QUESTION|34|2113|ee996bcf-181d-4285-a0b4-df02a48e6a70
2026-03-25 14:04:28|gpt|web_search|10|JSON_SAVED||2113|ee996bcf-181d-4285-a0b4-df02a48e6a70
2026-03-25 14:04:28|gpt|web_search|10|QUESTION_ADVANCE||2114|b6c48c7a-ad90-4435-9ec8-f11bc803c828
2026-03-25 14:04:54|gpt|web_search|11|JSON_VERIFIED||2321|2f11654a-54a0-452d-ad25-f825be73abe5
2026-03-25 14:04:54|gpt|web_search|11|QUESTION|37|2321|2f11654a-54a0-452d-ad25-f825be73abe5
2026-03-25 14:04:54|gpt|web_search|11|JSON_SAVED||2321|2f11654a-54a0-452d-ad25-f825be73abe5
2026-03-25 14:04:54|gpt|web_search|11|QUESTION_ADVANCE||2322|9fe5210f-36bd-4817-bbeb-4005635ee51a
2026-03-25 14:04:54|gpt|web_search|10|QUESTION_SENT||2114|b6c48c7a-ad90-4435-9ec8-f11bc803c828
2026-03-25 14:05:11|gpt|web_search|13|QUESTION_SENT||2511|9b7d1671-98e8-41b2-beaf-5ee25cc62cd1
2026-03-25 14:05:12|gpt|web_search|12|JSON_VERIFIED||1742|695e19c5-6c02-429e-affa-987dfee70557
2026-03-25 14:05:12|gpt|web_search|12|QUESTION|17|1742|695e19c5-6c02-429e-affa-987dfee70557
2026-03-25 14:05:12|gpt|web_search|12|JSON_SAVED||1742|695e19c5-6c02-429e-affa-987dfee70557
2026-03-25 14:05:12|gpt|web_search|12|QUESTION_ADVANCE||1743|238dc360-81c7-495d-97ae-8ae91770d453
2026-03-25 14:05:19|gpt|web_search|11|QUESTION_SENT||2322|9fe5210f-36bd-4817-bbeb-4005635ee51a
2026-03-25 14:05:38|gpt|web_search|12|QUESTION_SENT||1743|238dc360-81c7-495d-97ae-8ae91770d453
2026-03-25 14:05:43|gpt|web_search|10|JSON_VERIFIED||2114|b6c48c7a-ad90-4435-9ec8-f11bc803c828
2026-03-25 14:05:43|gpt|web_search|10|QUESTION|35|2114|b6c48c7a-ad90-4435-9ec8-f11bc803c828
2026-03-25 14:05:43|gpt|web_search|10|JSON_SAVED||2114|b6c48c7a-ad90-4435-9ec8-f11bc803c828
2026-03-25 14:05:43|gpt|web_search|10|QUESTION_ADVANCE||2115|ed37ef4b-515c-47dd-9ae8-8ee5488abf9d
2026-03-25 14:05:51|gpt|web_search|13|JSON_VERIFY_FAILED||2511|9b7d1671-98e8-41b2-beaf-5ee25cc62cd1
2026-03-25 14:05:51|gpt|web_search|13|QUESTION|15|2511|9b7d1671-98e8-41b2-beaf-5ee25cc62cd1
2026-03-25 14:06:00|gpt|web_search|13|QUESTION_SENT||2511|9b7d1671-98e8-41b2-beaf-5ee25cc62cd1
2026-03-25 14:06:02|gpt|web_search|11|JSON_VERIFIED||2322|9fe5210f-36bd-4817-bbeb-4005635ee51a
2026-03-25 14:06:02|gpt|web_search|11|QUESTION|38|2322|9fe5210f-36bd-4817-bbeb-4005635ee51a
2026-03-25 14:06:02|gpt|web_search|11|JSON_SAVED||2322|9fe5210f-36bd-4817-bbeb-4005635ee51a
2026-03-25 14:06:02|gpt|web_search|11|QUESTION_ADVANCE||2323|968f47f3-edeb-450f-b844-bb59135f3f06
2026-03-25 14:06:09|gpt|web_search|10|QUESTION_SENT||2115|ed37ef4b-515c-47dd-9ae8-8ee5488abf9d
2026-03-25 14:06:28|gpt|web_search|11|QUESTION_SENT||2323|968f47f3-edeb-450f-b844-bb59135f3f06
2026-03-25 14:06:29|gpt|web_search|12|JSON_VERIFIED||1743|238dc360-81c7-495d-97ae-8ae91770d453
2026-03-25 14:06:29|gpt|web_search|12|QUESTION|18|1743|238dc360-81c7-495d-97ae-8ae91770d453
2026-03-25 14:06:29|gpt|web_search|12|JSON_SAVED||1743|238dc360-81c7-495d-97ae-8ae91770d453
2026-03-25 14:06:29|gpt|web_search|12|QUESTION_ADVANCE||1744|3c45c17e-df6b-48e2-8060-d9d76b6c3005
2026-03-25 14:06:55|gpt|web_search|12|QUESTION_SENT||1744|3c45c17e-df6b-48e2-8060-d9d76b6c3005
2026-03-25 14:07:05|gpt|web_search|11|JSON_VERIFY_FAILED||2323|968f47f3-edeb-450f-b844-bb59135f3f06
2026-03-25 14:07:05|gpt|web_search|11|QUESTION|39|2323|968f47f3-edeb-450f-b844-bb59135f3f06
2026-03-25 14:07:06|gpt|web_search|10|JSON_VERIFIED||2115|ed37ef4b-515c-47dd-9ae8-8ee5488abf9d
2026-03-25 14:07:06|gpt|web_search|10|QUESTION|36|2115|ed37ef4b-515c-47dd-9ae8-8ee5488abf9d
2026-03-25 14:07:06|gpt|web_search|10|JSON_SAVED||2115|ed37ef4b-515c-47dd-9ae8-8ee5488abf9d
2026-03-25 14:07:06|gpt|web_search|10|QUESTION_ADVANCE||2116|2ab9969b-c2ad-421d-b47a-e8d8104d11f6
2026-03-25 14:07:14|gpt|web_search|11|QUESTION_SENT||2323|968f47f3-edeb-450f-b844-bb59135f3f06
2026-03-25 14:07:21|gpt|web_search|13|QUESTION_SENT||2511|9b7d1671-98e8-41b2-beaf-5ee25cc62cd1
2026-03-25 14:07:32|gpt|web_search|10|QUESTION_SENT||2116|2ab9969b-c2ad-421d-b47a-e8d8104d11f6
2026-03-25 14:07:42|gpt|web_search|12|JSON_VERIFIED||1744|3c45c17e-df6b-48e2-8060-d9d76b6c3005
2026-03-25 14:07:42|gpt|web_search|12|QUESTION|19|1744|3c45c17e-df6b-48e2-8060-d9d76b6c3005
2026-03-25 14:07:42|gpt|web_search|12|JSON_SAVED||1744|3c45c17e-df6b-48e2-8060-d9d76b6c3005
2026-03-25 14:07:42|gpt|web_search|12|QUESTION_ADVANCE||1745|1dec7525-752b-4dc9-a3ff-2f8562c7e018
2026-03-25 14:07:50|gpt|web_search|11|JSON_VERIFIED||2323|968f47f3-edeb-450f-b844-bb59135f3f06
2026-03-25 14:07:50|gpt|web_search|11|QUESTION|40|2323|968f47f3-edeb-450f-b844-bb59135f3f06
2026-03-25 14:07:50|gpt|web_search|11|JSON_SAVED||2323|968f47f3-edeb-450f-b844-bb59135f3f06
2026-03-25 14:07:50|gpt|web_search|11|QUESTION_ADVANCE||2324|fd756fea-0ec0-43e6-b809-c39b41421191
2026-03-25 14:07:55|gpt|web_search|13|JSON_VERIFIED||2511|9b7d1671-98e8-41b2-beaf-5ee25cc62cd1
2026-03-25 14:07:55|gpt|web_search|13|QUESTION|16|2511|9b7d1671-98e8-41b2-beaf-5ee25cc62cd1
2026-03-25 14:07:55|gpt|web_search|13|JSON_SAVED||2511|9b7d1671-98e8-41b2-beaf-5ee25cc62cd1
2026-03-25 14:07:55|gpt|web_search|13|QUESTION_ADVANCE||2512|bba4bcb1-ab30-4142-97f0-1f0d09debd74
2026-03-25 14:08:20|gpt|web_search|12|QUESTION_SENT||1745|1dec7525-752b-4dc9-a3ff-2f8562c7e018
2026-03-25 14:08:21|gpt|web_search|10|JSON_VERIFIED||2116|2ab9969b-c2ad-421d-b47a-e8d8104d11f6
2026-03-25 14:08:21|gpt|web_search|10|QUESTION|37|2116|2ab9969b-c2ad-421d-b47a-e8d8104d11f6
2026-03-25 14:08:21|gpt|web_search|10|JSON_SAVED||2116|2ab9969b-c2ad-421d-b47a-e8d8104d11f6
2026-03-25 14:08:21|gpt|web_search|10|QUESTION_ADVANCE||2117|d5043dce-bc0a-45cf-9ce3-577c1faa79b8
2026-03-25 14:08:32|gpt|web_search|11|QUESTION_SENT||2324|fd756fea-0ec0-43e6-b809-c39b41421191
2026-03-25 14:08:42|gpt|web_search|13|QUESTION_SENT||2512|bba4bcb1-ab30-4142-97f0-1f0d09debd74
2026-03-25 14:08:47|gpt|web_search|10|QUESTION_SENT||2117|d5043dce-bc0a-45cf-9ce3-577c1faa79b8
2026-03-25 14:09:11|gpt|web_search|12|JSON_VERIFIED||1745|1dec7525-752b-4dc9-a3ff-2f8562c7e018
2026-03-25 14:09:11|gpt|web_search|12|QUESTION|20|1745|1dec7525-752b-4dc9-a3ff-2f8562c7e018
2026-03-25 14:09:11|gpt|web_search|12|JSON_SAVED||1745|1dec7525-752b-4dc9-a3ff-2f8562c7e018
2026-03-25 14:09:11|gpt|web_search|12|QUESTION_ADVANCE||1746|ba0f05d4-c531-4e55-bc20-d77691ca4742
2026-03-25 14:09:21|gpt|web_search|13|JSON_VERIFIED||2512|bba4bcb1-ab30-4142-97f0-1f0d09debd74
2026-03-25 14:09:21|gpt|web_search|13|QUESTION|17|2512|bba4bcb1-ab30-4142-97f0-1f0d09debd74
2026-03-25 14:09:21|gpt|web_search|13|JSON_SAVED||2512|bba4bcb1-ab30-4142-97f0-1f0d09debd74
2026-03-25 14:09:21|gpt|web_search|13|QUESTION_ADVANCE||2513|cce8ebe7-9bb9-4961-9c59-98062b44091f
2026-03-25 14:09:21|gpt|web_search|11|JSON_VERIFIED||2324|fd756fea-0ec0-43e6-b809-c39b41421191
2026-03-25 14:09:21|gpt|web_search|11|QUESTION|41|2324|fd756fea-0ec0-43e6-b809-c39b41421191
2026-03-25 14:09:21|gpt|web_search|11|JSON_SAVED||2324|fd756fea-0ec0-43e6-b809-c39b41421191
2026-03-25 14:09:21|gpt|web_search|11|QUESTION_ADVANCE||2325|8a84cbe9-5f58-479e-8030-d8de37b6895c
2026-03-25 14:09:37|gpt|web_search|12|QUESTION_SENT||1746|ba0f05d4-c531-4e55-bc20-d77691ca4742
2026-03-25 14:09:41|gpt|web_search|10|JSON_VERIFIED||2117|d5043dce-bc0a-45cf-9ce3-577c1faa79b8
2026-03-25 14:09:41|gpt|web_search|10|QUESTION|38|2117|d5043dce-bc0a-45cf-9ce3-577c1faa79b8
2026-03-25 14:09:41|gpt|web_search|10|JSON_SAVED||2117|d5043dce-bc0a-45cf-9ce3-577c1faa79b8
2026-03-25 14:09:41|gpt|web_search|10|QUESTION_ADVANCE||2118|2f8b639a-d2ba-4a2e-a021-13563c5b9c3b
2026-03-25 14:09:46|gpt|web_search|11|QUESTION_SENT||2325|8a84cbe9-5f58-479e-8030-d8de37b6895c
2026-03-25 14:10:03|gpt|web_search|13|QUESTION_SENT||2513|cce8ebe7-9bb9-4961-9c59-98062b44091f
2026-03-25 14:10:07|gpt|web_search|10|QUESTION_SENT||2118|2f8b639a-d2ba-4a2e-a021-13563c5b9c3b
2026-03-25 14:10:21|gpt|web_search|12|JSON_VERIFY_FAILED||1746|ba0f05d4-c531-4e55-bc20-d77691ca4742
2026-03-25 14:10:21|gpt|web_search|12|QUESTION|21|1746|ba0f05d4-c531-4e55-bc20-d77691ca4742
2026-03-25 14:10:31|gpt|web_search|12|QUESTION_SENT||1746|ba0f05d4-c531-4e55-bc20-d77691ca4742
2026-03-25 14:10:37|gpt|web_search|11|JSON_VERIFIED||2325|8a84cbe9-5f58-479e-8030-d8de37b6895c
2026-03-25 14:10:37|gpt|web_search|11|QUESTION|42|2325|8a84cbe9-5f58-479e-8030-d8de37b6895c
2026-03-25 14:10:37|gpt|web_search|11|JSON_SAVED||2325|8a84cbe9-5f58-479e-8030-d8de37b6895c
2026-03-25 14:10:37|gpt|web_search|11|QUESTION_ADVANCE||2326|02a48eb7-8a20-4e16-9e8b-180bf1e889be
2026-03-25 14:10:40|gpt|web_search|13|JSON_VERIFIED||2513|cce8ebe7-9bb9-4961-9c59-98062b44091f
2026-03-25 14:10:40|gpt|web_search|13|QUESTION|18|2513|cce8ebe7-9bb9-4961-9c59-98062b44091f
2026-03-25 14:10:40|gpt|web_search|13|JSON_SAVED||2513|cce8ebe7-9bb9-4961-9c59-98062b44091f
2026-03-25 14:10:40|gpt|web_search|13|QUESTION_ADVANCE||2514|d1b2cb92-a961-43f6-90fa-025a6f0aa836
2026-03-25 14:10:53|gpt|web_search|10|JSON_VERIFIED||2118|2f8b639a-d2ba-4a2e-a021-13563c5b9c3b
2026-03-25 14:10:53|gpt|web_search|10|QUESTION|39|2118|2f8b639a-d2ba-4a2e-a021-13563c5b9c3b
2026-03-25 14:10:53|gpt|web_search|10|JSON_SAVED||2118|2f8b639a-d2ba-4a2e-a021-13563c5b9c3b
2026-03-25 14:10:53|gpt|web_search|10|QUESTION_ADVANCE||2119|29efe3ca-7b51-4353-9322-8769f1cbfb78
2026-03-25 14:11:03|gpt|web_search|11|QUESTION_SENT||2326|02a48eb7-8a20-4e16-9e8b-180bf1e889be
2026-03-25 14:11:11|gpt|web_search|12|JSON_VERIFIED||1746|ba0f05d4-c531-4e55-bc20-d77691ca4742
2026-03-25 14:11:11|gpt|web_search|12|QUESTION|22|1746|ba0f05d4-c531-4e55-bc20-d77691ca4742
2026-03-25 14:11:11|gpt|web_search|12|JSON_SAVED||1746|ba0f05d4-c531-4e55-bc20-d77691ca4742
2026-03-25 14:11:11|gpt|web_search|12|QUESTION_ADVANCE||1747|1979e3db-001a-49e4-a3ea-131b4f2e6360
2026-03-25 14:11:19|gpt|web_search|10|QUESTION_SENT||2119|29efe3ca-7b51-4353-9322-8769f1cbfb78
2026-03-25 14:11:25|gpt|web_search|13|QUESTION_SENT||2514|d1b2cb92-a961-43f6-90fa-025a6f0aa836
2026-03-25 14:11:48|gpt|web_search|11|JSON_VERIFIED||2326|02a48eb7-8a20-4e16-9e8b-180bf1e889be
2026-03-25 14:11:48|gpt|web_search|11|QUESTION|43|2326|02a48eb7-8a20-4e16-9e8b-180bf1e889be
2026-03-25 14:11:48|gpt|web_search|11|JSON_SAVED||2326|02a48eb7-8a20-4e16-9e8b-180bf1e889be
2026-03-25 14:11:48|gpt|web_search|11|QUESTION_ADVANCE||2327|ff440af8-e29f-4c2f-b5ed-55f66d2788d5
2026-03-25 14:11:55|gpt|web_search|12|QUESTION_SENT||1747|1979e3db-001a-49e4-a3ea-131b4f2e6360
2026-03-25 14:12:01|gpt|web_search|13|JSON_VERIFY_FAILED||2514|d1b2cb92-a961-43f6-90fa-025a6f0aa836
2026-03-25 14:12:01|gpt|web_search|13|QUESTION|19|2514|d1b2cb92-a961-43f6-90fa-025a6f0aa836
2026-03-25 14:12:09|gpt|web_search|10|JSON_VERIFIED||2119|29efe3ca-7b51-4353-9322-8769f1cbfb78
2026-03-25 14:12:09|gpt|web_search|10|QUESTION|40|2119|29efe3ca-7b51-4353-9322-8769f1cbfb78
2026-03-25 14:12:09|gpt|web_search|10|JSON_SAVED||2119|29efe3ca-7b51-4353-9322-8769f1cbfb78
2026-03-25 14:12:09|gpt|web_search|10|QUESTION_ADVANCE||2120|1fb06589-1ca2-4ae4-b528-446f6f513312
2026-03-25 14:12:11|gpt|web_search|13|QUESTION_SENT||2514|d1b2cb92-a961-43f6-90fa-025a6f0aa836
2026-03-25 14:12:14|gpt|web_search|11|QUESTION_SENT||2327|ff440af8-e29f-4c2f-b5ed-55f66d2788d5
2026-03-25 14:12:35|gpt|web_search|10|QUESTION_SENT||2120|1fb06589-1ca2-4ae4-b528-446f6f513312
2026-03-25 14:12:37|gpt|web_search|13|JSON_VERIFIED||2514|d1b2cb92-a961-43f6-90fa-025a6f0aa836
2026-03-25 14:12:37|gpt|web_search|13|QUESTION|20|2514|d1b2cb92-a961-43f6-90fa-025a6f0aa836
2026-03-25 14:12:37|gpt|web_search|13|JSON_SAVED||2514|d1b2cb92-a961-43f6-90fa-025a6f0aa836
2026-03-25 14:12:37|gpt|web_search|13|QUESTION_ADVANCE||2515|d5109cda-49cb-4b8f-94ad-2dd9ebede706
2026-03-25 14:12:49|gpt|web_search|12|JSON_VERIFIED||1747|1979e3db-001a-49e4-a3ea-131b4f2e6360
2026-03-25 14:12:49|gpt|web_search|12|QUESTION|23|1747|1979e3db-001a-49e4-a3ea-131b4f2e6360
2026-03-25 14:12:49|gpt|web_search|12|JSON_SAVED||1747|1979e3db-001a-49e4-a3ea-131b4f2e6360
2026-03-25 14:12:49|gpt|web_search|12|QUESTION_ADVANCE||1748|3fc760b1-8cd7-486d-8d64-30a159747496
2026-03-25 14:12:58|gpt|web_search|11|JSON_VERIFIED||2327|ff440af8-e29f-4c2f-b5ed-55f66d2788d5
2026-03-25 14:12:58|gpt|web_search|11|QUESTION|44|2327|ff440af8-e29f-4c2f-b5ed-55f66d2788d5
2026-03-25 14:12:58|gpt|web_search|11|JSON_SAVED||2327|ff440af8-e29f-4c2f-b5ed-55f66d2788d5
2026-03-25 14:12:58|gpt|web_search|11|QUESTION_ADVANCE||2328|19fa7550-93c6-414b-b1e2-57e444666963
2026-03-25 14:13:14|gpt|web_search|10|JSON_VERIFY_FAILED||2120|1fb06589-1ca2-4ae4-b528-446f6f513312
2026-03-25 14:13:14|gpt|web_search|10|QUESTION|41|2120|1fb06589-1ca2-4ae4-b528-446f6f513312
2026-03-25 14:13:15|gpt|web_search|12|QUESTION_SENT||1748|3fc760b1-8cd7-486d-8d64-30a159747496
2026-03-25 14:13:24|gpt|web_search|11|QUESTION_SENT||2328|19fa7550-93c6-414b-b1e2-57e444666963
2026-03-25 14:13:24|gpt|web_search|10|QUESTION_SENT||2120|1fb06589-1ca2-4ae4-b528-446f6f513312
2026-03-25 14:13:32|gpt|web_search|13|QUESTION_SENT||2515|d5109cda-49cb-4b8f-94ad-2dd9ebede706
2026-03-25 14:13:54|gpt|web_search|11|JSON_VERIFIED||2328|19fa7550-93c6-414b-b1e2-57e444666963
2026-03-25 14:13:54|gpt|web_search|11|QUESTION|45|2328|19fa7550-93c6-414b-b1e2-57e444666963
2026-03-25 14:13:54|gpt|web_search|11|JSON_SAVED||2328|19fa7550-93c6-414b-b1e2-57e444666963
2026-03-25 14:13:54|gpt|web_search|11|QUESTION_ADVANCE||2329|8ad5089f-97fb-4bb9-8b78-5ced984ff809
2026-03-25 14:13:56|gpt|web_search|10|JSON_VERIFIED||2120|1fb06589-1ca2-4ae4-b528-446f6f513312
2026-03-25 14:13:56|gpt|web_search|10|QUESTION|42|2120|1fb06589-1ca2-4ae4-b528-446f6f513312
2026-03-25 14:13:56|gpt|web_search|10|JSON_SAVED||2120|1fb06589-1ca2-4ae4-b528-446f6f513312
2026-03-25 14:13:56|gpt|web_search|10|QUESTION_ADVANCE||2121|456b036b-de2d-40d1-9900-d253fe6e1cd1
2026-03-25 14:14:03|gpt|web_search|12|JSON_VERIFIED||1748|3fc760b1-8cd7-486d-8d64-30a159747496
2026-03-25 14:14:03|gpt|web_search|12|QUESTION|24|1748|3fc760b1-8cd7-486d-8d64-30a159747496
2026-03-25 14:14:03|gpt|web_search|12|JSON_SAVED||1748|3fc760b1-8cd7-486d-8d64-30a159747496
2026-03-25 14:14:03|gpt|web_search|12|QUESTION_ADVANCE||1749|f0a52824-7f36-402d-8140-5f8d10c96d5e
2026-03-25 14:14:08|gpt|web_search|13|JSON_VERIFIED||2515|d5109cda-49cb-4b8f-94ad-2dd9ebede706
2026-03-25 14:14:08|gpt|web_search|13|QUESTION|21|2515|d5109cda-49cb-4b8f-94ad-2dd9ebede706
2026-03-25 14:14:08|gpt|web_search|13|JSON_SAVED||2515|d5109cda-49cb-4b8f-94ad-2dd9ebede706
2026-03-25 14:14:08|gpt|web_search|13|QUESTION_ADVANCE||2516|4394e221-1810-4ff6-a37b-9dc460523048
2026-03-25 14:14:29|gpt|web_search|12|QUESTION_SENT||1749|f0a52824-7f36-402d-8140-5f8d10c96d5e
2026-03-25 14:14:42|gpt|web_search|11|QUESTION_SENT||2329|8ad5089f-97fb-4bb9-8b78-5ced984ff809
2026-03-25 14:14:47|gpt|web_search|10|QUESTION_SENT||2121|456b036b-de2d-40d1-9900-d253fe6e1cd1
2026-03-25 14:14:53|gpt|web_search|13|QUESTION_SENT||2516|4394e221-1810-4ff6-a37b-9dc460523048
2026-03-25 14:15:15|gpt|web_search|12|JSON_VERIFIED||1749|f0a52824-7f36-402d-8140-5f8d10c96d5e
2026-03-25 14:15:15|gpt|web_search|12|QUESTION|25|1749|f0a52824-7f36-402d-8140-5f8d10c96d5e
2026-03-25 14:15:15|gpt|web_search|12|JSON_SAVED||1749|f0a52824-7f36-402d-8140-5f8d10c96d5e
2026-03-25 14:15:15|gpt|web_search|12|QUESTION_ADVANCE||1750|9b388570-fbd8-4578-af5e-e512b410053d
2026-03-25 14:15:31|gpt|web_search|13|JSON_VERIFIED||2516|4394e221-1810-4ff6-a37b-9dc460523048
2026-03-25 14:15:31|gpt|web_search|13|QUESTION|22|2516|4394e221-1810-4ff6-a37b-9dc460523048
2026-03-25 14:15:31|gpt|web_search|13|JSON_SAVED||2516|4394e221-1810-4ff6-a37b-9dc460523048
2026-03-25 14:15:31|gpt|web_search|13|QUESTION_ADVANCE||2517|04936363-4f80-4db7-86b0-e94f105d4af8
2026-03-25 14:15:34|gpt|web_search|10|JSON_VERIFIED||2121|456b036b-de2d-40d1-9900-d253fe6e1cd1
2026-03-25 14:15:34|gpt|web_search|10|QUESTION|43|2121|456b036b-de2d-40d1-9900-d253fe6e1cd1
2026-03-25 14:15:34|gpt|web_search|10|JSON_SAVED||2121|456b036b-de2d-40d1-9900-d253fe6e1cd1
2026-03-25 14:15:34|gpt|web_search|10|QUESTION_ADVANCE||2122|415aeb97-59e1-40c6-bb33-aaeaab994fef
2026-03-25 14:15:47|gpt|web_search|11|JSON_VERIFIED||2329|8ad5089f-97fb-4bb9-8b78-5ced984ff809
2026-03-25 14:15:47|gpt|web_search|11|QUESTION|46|2329|8ad5089f-97fb-4bb9-8b78-5ced984ff809
2026-03-25 14:15:47|gpt|web_search|11|JSON_SAVED||2329|8ad5089f-97fb-4bb9-8b78-5ced984ff809
2026-03-25 14:15:47|gpt|web_search|11|QUESTION_ADVANCE||2330|87a2c7d9-6b85-4772-aa1e-82d6be013feb
2026-03-25 14:15:54|gpt|web_search|12|QUESTION_SENT||1750|9b388570-fbd8-4578-af5e-e512b410053d
2026-03-25 14:16:00|gpt|web_search|10|QUESTION_SENT||2122|415aeb97-59e1-40c6-bb33-aaeaab994fef
2026-03-25 14:16:13|gpt|web_search|11|QUESTION_SENT||2330|87a2c7d9-6b85-4772-aa1e-82d6be013feb
2026-03-25 14:16:14|gpt|web_search|13|QUESTION_SENT||2517|04936363-4f80-4db7-86b0-e94f105d4af8
2026-03-25 14:16:43|gpt|web_search|12|JSON_VERIFIED||1750|9b388570-fbd8-4578-af5e-e512b410053d
2026-03-25 14:16:43|gpt|web_search|12|QUESTION|26|1750|9b388570-fbd8-4578-af5e-e512b410053d
2026-03-25 14:16:43|gpt|web_search|12|JSON_SAVED||1750|9b388570-fbd8-4578-af5e-e512b410053d
2026-03-25 14:16:44|gpt|web_search|12|STOP||1751|
2026-03-25 14:16:49|gpt|web_search|13|JSON_VERIFIED||2517|04936363-4f80-4db7-86b0-e94f105d4af8
2026-03-25 14:16:49|gpt|web_search|13|QUESTION|23|2517|04936363-4f80-4db7-86b0-e94f105d4af8
2026-03-25 14:16:49|gpt|web_search|13|JSON_SAVED||2517|04936363-4f80-4db7-86b0-e94f105d4af8
2026-03-25 14:16:49|gpt|web_search|13|QUESTION_ADVANCE||2518|661c5d9d-dc22-44f8-b4f1-ad9d49cd7303
2026-03-25 14:16:53|gpt|web_search|10|JSON_VERIFIED||2122|415aeb97-59e1-40c6-bb33-aaeaab994fef
2026-03-25 14:16:53|gpt|web_search|10|QUESTION|44|2122|415aeb97-59e1-40c6-bb33-aaeaab994fef
2026-03-25 14:16:53|gpt|web_search|10|JSON_SAVED||2122|415aeb97-59e1-40c6-bb33-aaeaab994fef
2026-03-25 14:16:53|gpt|web_search|10|QUESTION_ADVANCE||2123|f3685fd6-b495-428c-8486-086e2de83052
2026-03-25 14:17:02|gpt|web_search|11|JSON_VERIFIED||2330|87a2c7d9-6b85-4772-aa1e-82d6be013feb
2026-03-25 14:17:02|gpt|web_search|11|QUESTION|47|2330|87a2c7d9-6b85-4772-aa1e-82d6be013feb
2026-03-25 14:17:02|gpt|web_search|11|JSON_SAVED||2330|87a2c7d9-6b85-4772-aa1e-82d6be013feb
2026-03-25 14:17:02|gpt|web_search|11|QUESTION_ADVANCE||2331|3ed803b1-f10d-4477-a053-ceec7e553f0c
2026-03-25 14:17:19|gpt|web_search|10|QUESTION_SENT||2123|f3685fd6-b495-428c-8486-086e2de83052
2026-03-25 14:17:28|gpt|web_search|11|QUESTION_SENT||2331|3ed803b1-f10d-4477-a053-ceec7e553f0c
2026-03-25 14:17:35|gpt|web_search|13|QUESTION_SENT||2518|661c5d9d-dc22-44f8-b4f1-ad9d49cd7303
2026-03-25 14:18:09|gpt|web_search|10|JSON_VERIFIED||2123|f3685fd6-b495-428c-8486-086e2de83052
2026-03-25 14:18:09|gpt|web_search|10|QUESTION|45|2123|f3685fd6-b495-428c-8486-086e2de83052
2026-03-25 14:18:09|gpt|web_search|10|JSON_SAVED||2123|f3685fd6-b495-428c-8486-086e2de83052
2026-03-25 14:18:09|gpt|web_search|10|QUESTION_ADVANCE||2124|798442af-c31c-4742-8aac-e752dd4ffebd
2026-03-25 14:18:10|gpt|web_search|13|JSON_VERIFIED||2518|661c5d9d-dc22-44f8-b4f1-ad9d49cd7303
2026-03-25 14:18:10|gpt|web_search|13|QUESTION|24|2518|661c5d9d-dc22-44f8-b4f1-ad9d49cd7303
2026-03-25 14:18:10|gpt|web_search|13|JSON_SAVED||2518|661c5d9d-dc22-44f8-b4f1-ad9d49cd7303
2026-03-25 14:18:10|gpt|web_search|13|QUESTION_ADVANCE||2519|7f565b32-de18-4d86-90a6-1baca3b94750
2026-03-25 14:18:35|gpt|web_search|10|QUESTION_SENT||2124|798442af-c31c-4742-8aac-e752dd4ffebd
2026-03-25 14:18:38|gpt|web_search|11|QUESTION_SENT||2331|3ed803b1-f10d-4477-a053-ceec7e553f0c
2026-03-25 14:18:56|gpt|web_search|13|QUESTION_SENT||2519|7f565b32-de18-4d86-90a6-1baca3b94750
2026-03-25 14:19:27|gpt|web_search|10|JSON_VERIFIED||2124|798442af-c31c-4742-8aac-e752dd4ffebd
2026-03-25 14:19:27|gpt|web_search|10|QUESTION|46|2124|798442af-c31c-4742-8aac-e752dd4ffebd
2026-03-25 14:19:27|gpt|web_search|10|JSON_SAVED||2124|798442af-c31c-4742-8aac-e752dd4ffebd
2026-03-25 14:19:27|gpt|web_search|10|QUESTION_ADVANCE||2125|b3016107-d2d3-4c59-879b-a905d5a04b78
2026-03-25 14:19:29|gpt|web_search|11|JSON_VERIFIED||2331|3ed803b1-f10d-4477-a053-ceec7e553f0c
2026-03-25 14:19:29|gpt|web_search|11|QUESTION|48|2331|3ed803b1-f10d-4477-a053-ceec7e553f0c
2026-03-25 14:19:29|gpt|web_search|11|JSON_SAVED||2331|3ed803b1-f10d-4477-a053-ceec7e553f0c
2026-03-25 14:19:29|gpt|web_search|11|QUESTION_ADVANCE||2332|27ab38f6-4640-4545-b9c5-4fb4f4fb8c83
2026-03-25 14:19:30|gpt|web_search|13|JSON_VERIFIED||2519|7f565b32-de18-4d86-90a6-1baca3b94750
2026-03-25 14:19:30|gpt|web_search|13|QUESTION|25|2519|7f565b32-de18-4d86-90a6-1baca3b94750
2026-03-25 14:19:30|gpt|web_search|13|JSON_SAVED||2519|7f565b32-de18-4d86-90a6-1baca3b94750
2026-03-25 14:19:30|gpt|web_search|13|QUESTION_ADVANCE||2520|10bda812-7242-49ee-890e-b73110b6bca1
2026-03-25 14:19:53|gpt|web_search|10|QUESTION_SENT||2125|b3016107-d2d3-4c59-879b-a905d5a04b78
2026-03-25 14:19:55|gpt|web_search|11|QUESTION_SENT||2332|27ab38f6-4640-4545-b9c5-4fb4f4fb8c83
2026-03-25 14:20:16|gpt|web_search|13|QUESTION_SENT||2520|10bda812-7242-49ee-890e-b73110b6bca1
2026-03-25 14:20:40|gpt|web_search|10|JSON_VERIFIED||2125|b3016107-d2d3-4c59-879b-a905d5a04b78
2026-03-25 14:20:40|gpt|web_search|10|QUESTION|47|2125|b3016107-d2d3-4c59-879b-a905d5a04b78
2026-03-25 14:20:40|gpt|web_search|10|JSON_SAVED||2125|b3016107-d2d3-4c59-879b-a905d5a04b78
2026-03-25 14:20:40|gpt|web_search|10|QUESTION_ADVANCE||2126|908dd1ed-a9a1-4e8e-8b75-6bc267c19ba7
2026-03-25 14:20:40|gpt|web_search|11|JSON_VERIFIED||2332|27ab38f6-4640-4545-b9c5-4fb4f4fb8c83
2026-03-25 14:20:40|gpt|web_search|11|QUESTION|49|2332|27ab38f6-4640-4545-b9c5-4fb4f4fb8c83
2026-03-25 14:20:40|gpt|web_search|11|JSON_SAVED||2332|27ab38f6-4640-4545-b9c5-4fb4f4fb8c83
2026-03-25 14:20:40|gpt|web_search|11|QUESTION_ADVANCE||2333|4b78c627-8850-4182-80e4-b536d8940643
2026-03-25 14:20:49|gpt|web_search|13|JSON_VERIFIED||2520|10bda812-7242-49ee-890e-b73110b6bca1
2026-03-25 14:20:49|gpt|web_search|13|QUESTION|26|2520|10bda812-7242-49ee-890e-b73110b6bca1
2026-03-25 14:20:49|gpt|web_search|13|JSON_SAVED||2520|10bda812-7242-49ee-890e-b73110b6bca1
2026-03-25 14:20:49|gpt|web_search|13|QUESTION_ADVANCE||2521|eb16ef79-c114-4a75-9b79-57c85b7277d9
2026-03-25 14:21:06|gpt|web_search|10|QUESTION_SENT||2126|908dd1ed-a9a1-4e8e-8b75-6bc267c19ba7
2026-03-25 14:21:06|gpt|web_search|11|QUESTION_SENT||2333|4b78c627-8850-4182-80e4-b536d8940643
2026-03-25 14:21:37|gpt|web_search|13|QUESTION_SENT||2521|eb16ef79-c114-4a75-9b79-57c85b7277d9
2026-03-25 14:21:59|gpt|web_search|10|JSON_VERIFIED||2126|908dd1ed-a9a1-4e8e-8b75-6bc267c19ba7
2026-03-25 14:21:59|gpt|web_search|10|QUESTION|48|2126|908dd1ed-a9a1-4e8e-8b75-6bc267c19ba7
2026-03-25 14:21:59|gpt|web_search|10|JSON_SAVED||2126|908dd1ed-a9a1-4e8e-8b75-6bc267c19ba7
2026-03-25 14:21:59|gpt|web_search|10|QUESTION_ADVANCE||2127|17cedc24-bfd4-4bc9-aabc-5bec81aeb7ab
2026-03-25 14:22:04|gpt|web_search|11|JSON_VERIFIED||2333|4b78c627-8850-4182-80e4-b536d8940643
2026-03-25 14:22:04|gpt|web_search|11|QUESTION|50|2333|4b78c627-8850-4182-80e4-b536d8940643
2026-03-25 14:22:04|gpt|web_search|11|JSON_SAVED||2333|4b78c627-8850-4182-80e4-b536d8940643
2026-03-25 14:22:04|gpt|web_search|11|QUESTION_ADVANCE||2334|1797d3d0-c8e6-4927-8a6f-10d17a1e2d55
2026-03-25 14:22:16|gpt|web_search|13|JSON_VERIFIED||2521|eb16ef79-c114-4a75-9b79-57c85b7277d9
2026-03-25 14:22:16|gpt|web_search|13|QUESTION|27|2521|eb16ef79-c114-4a75-9b79-57c85b7277d9
2026-03-25 14:22:16|gpt|web_search|13|JSON_SAVED||2521|eb16ef79-c114-4a75-9b79-57c85b7277d9
2026-03-25 14:22:16|gpt|web_search|13|QUESTION_ADVANCE||2522|76696bb9-cbd4-432e-8965-b632dbc50415
2026-03-25 14:22:25|gpt|web_search|10|QUESTION_SENT||2127|17cedc24-bfd4-4bc9-aabc-5bec81aeb7ab
2026-03-25 14:22:30|gpt|web_search|11|QUESTION_SENT||2334|1797d3d0-c8e6-4927-8a6f-10d17a1e2d55
2026-03-25 14:22:59|gpt|web_search|13|QUESTION_SENT||2522|76696bb9-cbd4-432e-8965-b632dbc50415
2026-03-25 14:23:15|gpt|web_search|10|JSON_VERIFIED||2127|17cedc24-bfd4-4bc9-aabc-5bec81aeb7ab
2026-03-25 14:23:15|gpt|web_search|10|QUESTION|49|2127|17cedc24-bfd4-4bc9-aabc-5bec81aeb7ab
2026-03-25 14:23:15|gpt|web_search|10|JSON_SAVED||2127|17cedc24-bfd4-4bc9-aabc-5bec81aeb7ab
2026-03-25 14:23:15|gpt|web_search|10|QUESTION_ADVANCE||2128|2f3d1c2d-84f2-4ddb-8da5-a3ea5c73a0e8
2026-03-25 14:23:21|gpt|web_search|11|JSON_VERIFIED||2334|1797d3d0-c8e6-4927-8a6f-10d17a1e2d55
2026-03-25 14:23:21|gpt|web_search|11|QUESTION|51|2334|1797d3d0-c8e6-4927-8a6f-10d17a1e2d55
2026-03-25 14:23:21|gpt|web_search|11|JSON_SAVED||2334|1797d3d0-c8e6-4927-8a6f-10d17a1e2d55
2026-03-25 14:23:21|gpt|web_search|11|QUESTION_ADVANCE||2335|7b916899-deb0-4e09-819a-52704d3e9b91
2026-03-25 14:23:37|gpt|web_search|13|JSON_VERIFIED||2522|76696bb9-cbd4-432e-8965-b632dbc50415
2026-03-25 14:23:37|gpt|web_search|13|QUESTION|28|2522|76696bb9-cbd4-432e-8965-b632dbc50415
2026-03-25 14:23:37|gpt|web_search|13|JSON_SAVED||2522|76696bb9-cbd4-432e-8965-b632dbc50415
2026-03-25 14:23:37|gpt|web_search|13|QUESTION_ADVANCE||2523|0fbe9298-2431-466b-b883-544982320501
2026-03-25 14:23:41|gpt|web_search|10|QUESTION_SENT||2128|2f3d1c2d-84f2-4ddb-8da5-a3ea5c73a0e8
2026-03-25 14:23:47|gpt|web_search|11|QUESTION_SENT||2335|7b916899-deb0-4e09-819a-52704d3e9b91
2026-03-25 14:24:20|gpt|web_search|13|QUESTION_SENT||2523|0fbe9298-2431-466b-b883-544982320501
2026-03-25 14:24:27|gpt|web_search|10|JSON_VERIFIED||2128|2f3d1c2d-84f2-4ddb-8da5-a3ea5c73a0e8
2026-03-25 14:24:27|gpt|web_search|10|QUESTION|50|2128|2f3d1c2d-84f2-4ddb-8da5-a3ea5c73a0e8
2026-03-25 14:24:27|gpt|web_search|10|JSON_SAVED||2128|2f3d1c2d-84f2-4ddb-8da5-a3ea5c73a0e8
2026-03-25 14:24:27|gpt|web_search|10|QUESTION_ADVANCE||2129|79884f15-6638-43be-b9a0-4bdf899e25b9
2026-03-25 14:24:35|gpt|web_search|11|JSON_VERIFIED||2335|7b916899-deb0-4e09-819a-52704d3e9b91
2026-03-25 14:24:35|gpt|web_search|11|QUESTION|52|2335|7b916899-deb0-4e09-819a-52704d3e9b91
2026-03-25 14:24:35|gpt|web_search|11|JSON_SAVED||2335|7b916899-deb0-4e09-819a-52704d3e9b91
2026-03-25 14:24:35|gpt|web_search|11|QUESTION_ADVANCE||2336|462eeb7c-972b-428b-9428-243451989dc6
2026-03-25 14:24:53|gpt|web_search|10|QUESTION_SENT||2129|79884f15-6638-43be-b9a0-4bdf899e25b9
2026-03-25 14:24:55|gpt|web_search|13|JSON_VERIFIED||2523|0fbe9298-2431-466b-b883-544982320501
2026-03-25 14:24:55|gpt|web_search|13|QUESTION|29|2523|0fbe9298-2431-466b-b883-544982320501
2026-03-25 14:24:55|gpt|web_search|13|JSON_SAVED||2523|0fbe9298-2431-466b-b883-544982320501
2026-03-25 14:24:55|gpt|web_search|13|QUESTION_ADVANCE||2524|7af22a21-523b-48e6-bbbd-b8d2565a84b5
2026-03-25 14:25:01|gpt|web_search|11|QUESTION_SENT||2336|462eeb7c-972b-428b-9428-243451989dc6
2026-03-25 14:25:41|gpt|web_search|13|QUESTION_SENT||2524|7af22a21-523b-48e6-bbbd-b8d2565a84b5
2026-03-25 14:25:43|gpt|web_search|10|JSON_VERIFY_FAILED||2129|79884f15-6638-43be-b9a0-4bdf899e25b9
2026-03-25 14:25:43|gpt|web_search|10|QUESTION|51|2129|79884f15-6638-43be-b9a0-4bdf899e25b9
2026-03-25 14:25:53|gpt|web_search|10|QUESTION_SENT||2129|79884f15-6638-43be-b9a0-4bdf899e25b9
2026-03-25 14:25:57|gpt|web_search|11|JSON_VERIFIED||2336|462eeb7c-972b-428b-9428-243451989dc6
2026-03-25 14:25:57|gpt|web_search|11|QUESTION|53|2336|462eeb7c-972b-428b-9428-243451989dc6
2026-03-25 14:25:57|gpt|web_search|11|JSON_SAVED||2336|462eeb7c-972b-428b-9428-243451989dc6
2026-03-25 14:25:57|gpt|web_search|11|QUESTION_ADVANCE||2337|6623b636-63b6-44e2-a44b-011f93c27b54
2026-03-25 14:26:23|gpt|web_search|11|QUESTION_SENT||2337|6623b636-63b6-44e2-a44b-011f93c27b54
2026-03-25 14:26:24|gpt|web_search|13|JSON_VERIFIED||2524|7af22a21-523b-48e6-bbbd-b8d2565a84b5
2026-03-25 14:26:24|gpt|web_search|13|QUESTION|30|2524|7af22a21-523b-48e6-bbbd-b8d2565a84b5
2026-03-25 14:26:24|gpt|web_search|13|JSON_SAVED||2524|7af22a21-523b-48e6-bbbd-b8d2565a84b5
2026-03-25 14:26:24|gpt|web_search|13|QUESTION_ADVANCE||2525|130488d8-c7dc-4cb8-96fc-0343702ed431
2026-03-25 14:26:31|gpt|web_search|10|JSON_VERIFIED||2129|79884f15-6638-43be-b9a0-4bdf899e25b9
2026-03-25 14:26:31|gpt|web_search|10|QUESTION|52|2129|79884f15-6638-43be-b9a0-4bdf899e25b9
2026-03-25 14:26:31|gpt|web_search|10|JSON_SAVED||2129|79884f15-6638-43be-b9a0-4bdf899e25b9
2026-03-25 14:26:31|gpt|web_search|10|QUESTION_ADVANCE||2130|4dd89cde-4d2d-4b47-8903-981b7ac3a964
2026-03-25 14:26:50|gpt|web_search|13|QUESTION_SENT||2525|130488d8-c7dc-4cb8-96fc-0343702ed431
2026-03-25 14:27:16|gpt|web_search|10|QUESTION_SENT||2130|4dd89cde-4d2d-4b47-8903-981b7ac3a964
2026-03-25 14:27:19|gpt|web_search|11|JSON_VERIFY_FAILED||2337|6623b636-63b6-44e2-a44b-011f93c27b54
2026-03-25 14:27:19|gpt|web_search|11|QUESTION|54|2337|6623b636-63b6-44e2-a44b-011f93c27b54
2026-03-25 14:27:26|gpt|web_search|13|JSON_VERIFIED||2525|130488d8-c7dc-4cb8-96fc-0343702ed431
2026-03-25 14:27:26|gpt|web_search|13|QUESTION|31|2525|130488d8-c7dc-4cb8-96fc-0343702ed431
2026-03-25 14:27:26|gpt|web_search|13|JSON_SAVED||2525|130488d8-c7dc-4cb8-96fc-0343702ed431
2026-03-25 14:27:26|gpt|web_search|13|QUESTION_ADVANCE||2526|c9079c4a-cf21-4ea0-9aed-56cc94a65c6a
2026-03-25 14:27:44|gpt|web_search|11|QUESTION_SENT||2337|6623b636-63b6-44e2-a44b-011f93c27b54
2026-03-25 14:28:07|gpt|web_search|10|JSON_VERIFIED||2130|4dd89cde-4d2d-4b47-8903-981b7ac3a964
2026-03-25 14:28:07|gpt|web_search|10|QUESTION|53|2130|4dd89cde-4d2d-4b47-8903-981b7ac3a964
2026-03-25 14:28:07|gpt|web_search|10|JSON_SAVED||2130|4dd89cde-4d2d-4b47-8903-981b7ac3a964
2026-03-25 14:28:07|gpt|web_search|10|QUESTION_ADVANCE||2131|939d9f66-458e-4331-8086-f7bf6924569a
2026-03-25 14:28:11|gpt|web_search|13|QUESTION_SENT||2526|c9079c4a-cf21-4ea0-9aed-56cc94a65c6a
2026-03-25 14:28:28|gpt|web_search|11|JSON_VERIFIED||2337|6623b636-63b6-44e2-a44b-011f93c27b54
2026-03-25 14:28:28|gpt|web_search|11|QUESTION|55|2337|6623b636-63b6-44e2-a44b-011f93c27b54
2026-03-25 14:28:28|gpt|web_search|11|JSON_SAVED||2337|6623b636-63b6-44e2-a44b-011f93c27b54
2026-03-25 14:28:28|gpt|web_search|11|QUESTION_ADVANCE||2338|57fe001b-9ed4-40ee-8c11-3e0ec88b287b
2026-03-25 14:28:33|gpt|web_search|10|QUESTION_SENT||2131|939d9f66-458e-4331-8086-f7bf6924569a
2026-03-25 14:28:47|gpt|web_search|13|JSON_VERIFIED||2526|c9079c4a-cf21-4ea0-9aed-56cc94a65c6a
2026-03-25 14:28:47|gpt|web_search|13|QUESTION|32|2526|c9079c4a-cf21-4ea0-9aed-56cc94a65c6a
2026-03-25 14:28:47|gpt|web_search|13|JSON_SAVED||2526|c9079c4a-cf21-4ea0-9aed-56cc94a65c6a
2026-03-25 14:28:47|gpt|web_search|13|QUESTION_ADVANCE||2527|764293c0-a038-4cbf-b1b3-50313ce259cf
2026-03-25 14:28:54|gpt|web_search|11|QUESTION_SENT||2338|57fe001b-9ed4-40ee-8c11-3e0ec88b287b
2026-03-25 14:29:25|gpt|web_search|10|JSON_VERIFIED||2131|939d9f66-458e-4331-8086-f7bf6924569a
2026-03-25 14:29:25|gpt|web_search|10|QUESTION|54|2131|939d9f66-458e-4331-8086-f7bf6924569a
2026-03-25 14:29:25|gpt|web_search|10|JSON_SAVED||2131|939d9f66-458e-4331-8086-f7bf6924569a
2026-03-25 14:29:25|gpt|web_search|10|QUESTION_ADVANCE||2132|671b57d2-9d03-4e9c-80ce-e38acd00c666
2026-03-25 14:29:32|gpt|web_search|13|QUESTION_SENT||2527|764293c0-a038-4cbf-b1b3-50313ce259cf
2026-03-25 14:29:44|gpt|web_search|11|JSON_VERIFIED||2338|57fe001b-9ed4-40ee-8c11-3e0ec88b287b
2026-03-25 14:29:44|gpt|web_search|11|QUESTION|56|2338|57fe001b-9ed4-40ee-8c11-3e0ec88b287b
2026-03-25 14:29:44|gpt|web_search|11|JSON_SAVED||2338|57fe001b-9ed4-40ee-8c11-3e0ec88b287b
2026-03-25 14:29:44|gpt|web_search|11|QUESTION_ADVANCE||2339|534ec9f2-4b2a-4e31-a5da-13d20c8b5c2b
2026-03-25 14:29:51|gpt|web_search|10|QUESTION_SENT||2132|671b57d2-9d03-4e9c-80ce-e38acd00c666
2026-03-25 14:30:10|gpt|web_search|11|QUESTION_SENT||2339|534ec9f2-4b2a-4e31-a5da-13d20c8b5c2b
2026-03-25 14:30:38|gpt|web_search|10|JSON_VERIFIED||2132|671b57d2-9d03-4e9c-80ce-e38acd00c666
2026-03-25 14:30:38|gpt|web_search|10|QUESTION|55|2132|671b57d2-9d03-4e9c-80ce-e38acd00c666
2026-03-25 14:30:38|gpt|web_search|10|JSON_SAVED||2132|671b57d2-9d03-4e9c-80ce-e38acd00c666
2026-03-25 14:30:38|gpt|web_search|10|QUESTION_ADVANCE||2133|25bf9d37-ab95-4d0d-8d93-64c467298077
2026-03-25 14:30:53|gpt|web_search|13|QUESTION_SENT||2527|764293c0-a038-4cbf-b1b3-50313ce259cf
2026-03-25 14:30:59|gpt|web_search|11|JSON_VERIFIED||2339|534ec9f2-4b2a-4e31-a5da-13d20c8b5c2b
2026-03-25 14:30:59|gpt|web_search|11|QUESTION|57|2339|534ec9f2-4b2a-4e31-a5da-13d20c8b5c2b
2026-03-25 14:30:59|gpt|web_search|11|JSON_SAVED||2339|534ec9f2-4b2a-4e31-a5da-13d20c8b5c2b
2026-03-25 14:30:59|gpt|web_search|11|QUESTION_ADVANCE||2340|d0de1337-c39a-4ea7-95cb-0acb0ab29ae1
2026-03-25 14:31:03|gpt|web_search|10|QUESTION_SENT||2133|25bf9d37-ab95-4d0d-8d93-64c467298077
2026-03-25 14:31:25|gpt|web_search|11|QUESTION_SENT||2340|d0de1337-c39a-4ea7-95cb-0acb0ab29ae1
2026-03-25 14:31:34|gpt|web_search|13|JSON_VERIFY_FAILED||2527|764293c0-a038-4cbf-b1b3-50313ce259cf
2026-03-25 14:31:34|gpt|web_search|13|QUESTION|33|2527|764293c0-a038-4cbf-b1b3-50313ce259cf
2026-03-25 14:31:44|gpt|web_search|13|QUESTION_SENT||2527|764293c0-a038-4cbf-b1b3-50313ce259cf
2026-03-25 14:31:50|gpt|web_search|10|JSON_VERIFIED||2133|25bf9d37-ab95-4d0d-8d93-64c467298077
2026-03-25 14:31:50|gpt|web_search|10|QUESTION|56|2133|25bf9d37-ab95-4d0d-8d93-64c467298077
2026-03-25 14:31:50|gpt|web_search|10|JSON_SAVED||2133|25bf9d37-ab95-4d0d-8d93-64c467298077
2026-03-25 14:31:50|gpt|web_search|10|QUESTION_ADVANCE||2134|c78da01c-01b6-4582-aa59-be90676fa61b
2026-03-25 14:32:07|gpt|web_search|13|JSON_VERIFIED||2527|764293c0-a038-4cbf-b1b3-50313ce259cf
2026-03-25 14:32:07|gpt|web_search|13|QUESTION|34|2527|764293c0-a038-4cbf-b1b3-50313ce259cf
2026-03-25 14:32:07|gpt|web_search|13|JSON_SAVED||2527|764293c0-a038-4cbf-b1b3-50313ce259cf
2026-03-25 14:32:07|gpt|web_search|13|QUESTION_ADVANCE||2528|b4d1f4d2-637c-42a1-9891-80e383fe5cab
2026-03-25 14:32:16|gpt|web_search|10|QUESTION_SENT||2134|c78da01c-01b6-4582-aa59-be90676fa61b
2026-03-25 14:32:17|gpt|web_search|11|JSON_VERIFIED||2340|d0de1337-c39a-4ea7-95cb-0acb0ab29ae1
2026-03-25 14:32:17|gpt|web_search|11|QUESTION|58|2340|d0de1337-c39a-4ea7-95cb-0acb0ab29ae1
2026-03-25 14:32:17|gpt|web_search|11|JSON_SAVED||2340|d0de1337-c39a-4ea7-95cb-0acb0ab29ae1
2026-03-25 14:32:17|gpt|web_search|11|QUESTION_ADVANCE||2341|a44f9431-310f-4a82-9a2e-e8bb835d7c01
2026-03-25 14:32:43|gpt|web_search|11|QUESTION_SENT||2341|a44f9431-310f-4a82-9a2e-e8bb835d7c01
2026-03-25 14:33:04|gpt|web_search|13|QUESTION_SENT||2528|b4d1f4d2-637c-42a1-9891-80e383fe5cab
2026-03-25 14:33:07|gpt|web_search|10|JSON_VERIFIED||2134|c78da01c-01b6-4582-aa59-be90676fa61b
2026-03-25 14:33:07|gpt|web_search|10|QUESTION|57|2134|c78da01c-01b6-4582-aa59-be90676fa61b
2026-03-25 14:33:07|gpt|web_search|10|JSON_SAVED||2134|c78da01c-01b6-4582-aa59-be90676fa61b
2026-03-25 14:33:07|gpt|web_search|10|QUESTION_ADVANCE||2135|140adf83-036a-4258-bae5-c01ad82567bd
2026-03-25 14:33:29|gpt|web_search|11|JSON_VERIFIED||2341|a44f9431-310f-4a82-9a2e-e8bb835d7c01
2026-03-25 14:33:29|gpt|web_search|11|QUESTION|59|2341|a44f9431-310f-4a82-9a2e-e8bb835d7c01
2026-03-25 14:33:29|gpt|web_search|11|JSON_SAVED||2341|a44f9431-310f-4a82-9a2e-e8bb835d7c01
2026-03-25 14:33:29|gpt|web_search|11|QUESTION_ADVANCE||2342|66d3b84b-ca98-402c-adb6-35f727234487
2026-03-25 14:33:33|gpt|web_search|10|QUESTION_SENT||2135|140adf83-036a-4258-bae5-c01ad82567bd
2026-03-25 14:33:38|gpt|web_search|13|JSON_VERIFY_FAILED||2528|b4d1f4d2-637c-42a1-9891-80e383fe5cab
2026-03-25 14:33:38|gpt|web_search|13|QUESTION|35|2528|b4d1f4d2-637c-42a1-9891-80e383fe5cab
2026-03-25 14:33:55|gpt|web_search|11|QUESTION_SENT||2342|66d3b84b-ca98-402c-adb6-35f727234487
2026-03-25 14:34:22|gpt|web_search|10|JSON_VERIFIED||2135|140adf83-036a-4258-bae5-c01ad82567bd
2026-03-25 14:34:22|gpt|web_search|10|QUESTION|58|2135|140adf83-036a-4258-bae5-c01ad82567bd
2026-03-25 14:34:22|gpt|web_search|10|JSON_SAVED||2135|140adf83-036a-4258-bae5-c01ad82567bd
2026-03-25 14:34:22|gpt|web_search|10|QUESTION_ADVANCE||2136|a8535e51-1a56-46f4-aa21-c186b0d4edd5
2026-03-25 14:34:25|gpt|web_search|13|QUESTION_SENT||2528|b4d1f4d2-637c-42a1-9891-80e383fe5cab
2026-03-25 14:34:48|gpt|web_search|10|QUESTION_SENT||2136|a8535e51-1a56-46f4-aa21-c186b0d4edd5
2026-03-25 14:35:02|gpt|web_search|13|JSON_VERIFIED||2528|b4d1f4d2-637c-42a1-9891-80e383fe5cab
2026-03-25 14:35:02|gpt|web_search|13|QUESTION|36|2528|b4d1f4d2-637c-42a1-9891-80e383fe5cab
2026-03-25 14:35:02|gpt|web_search|13|JSON_SAVED||2528|b4d1f4d2-637c-42a1-9891-80e383fe5cab
2026-03-25 14:35:02|gpt|web_search|13|QUESTION_ADVANCE||2529|f43691a4-823d-4f2e-b628-a2667dd6a97f
2026-03-25 14:35:13|gpt|web_search|11|QUESTION_SENT||2342|66d3b84b-ca98-402c-adb6-35f727234487
2026-03-25 14:35:32|gpt|web_search|10|JSON_VERIFY_FAILED||2136|a8535e51-1a56-46f4-aa21-c186b0d4edd5
2026-03-25 14:35:32|gpt|web_search|10|QUESTION|59|2136|a8535e51-1a56-46f4-aa21-c186b0d4edd5
2026-03-25 14:35:42|gpt|web_search|10|QUESTION_SENT||2136|a8535e51-1a56-46f4-aa21-c186b0d4edd5
2026-03-25 14:35:46|gpt|web_search|13|QUESTION_SENT||2529|f43691a4-823d-4f2e-b628-a2667dd6a97f
2026-03-25 14:36:04|gpt|web_search|11|JSON_VERIFIED||2342|66d3b84b-ca98-402c-adb6-35f727234487
2026-03-25 14:36:04|gpt|web_search|11|QUESTION|60|2342|66d3b84b-ca98-402c-adb6-35f727234487
2026-03-25 14:36:04|gpt|web_search|11|JSON_SAVED||2342|66d3b84b-ca98-402c-adb6-35f727234487
2026-03-25 14:36:04|gpt|web_search|11|QUESTION_ADVANCE||2343|667c8cd5-2737-40f3-a826-9d08fa580c98
2026-03-25 14:36:13|gpt|web_search|10|JSON_VERIFY_FAILED||2136|a8535e51-1a56-46f4-aa21-c186b0d4edd5
2026-03-25 14:36:13|gpt|web_search|10|QUESTION|60|2136|a8535e51-1a56-46f4-aa21-c186b0d4edd5
2026-03-25 14:36:22|gpt|web_search|13|JSON_VERIFIED||2529|f43691a4-823d-4f2e-b628-a2667dd6a97f
2026-03-25 14:36:22|gpt|web_search|13|QUESTION|37|2529|f43691a4-823d-4f2e-b628-a2667dd6a97f
2026-03-25 14:36:22|gpt|web_search|13|JSON_SAVED||2529|f43691a4-823d-4f2e-b628-a2667dd6a97f
2026-03-25 14:36:22|gpt|web_search|13|QUESTION_ADVANCE||2530|8d88b910-73d8-4ce6-aec1-316f42b9ed0f
2026-03-25 14:36:23|gpt|web_search|10|QUESTION_SENT||2136|a8535e51-1a56-46f4-aa21-c186b0d4edd5
2026-03-25 14:36:30|gpt|web_search|11|QUESTION_SENT||2343|667c8cd5-2737-40f3-a826-9d08fa580c98
2026-03-25 14:36:56|gpt|web_search|10|JSON_VERIFY_FAILED||2136|a8535e51-1a56-46f4-aa21-c186b0d4edd5
2026-03-25 14:36:56|gpt|web_search|10|QUESTION|61|2136|a8535e51-1a56-46f4-aa21-c186b0d4edd5
2026-03-25 14:37:06|gpt|web_search|10|QUESTION_SENT||2136|a8535e51-1a56-46f4-aa21-c186b0d4edd5
2026-03-25 14:37:07|gpt|web_search|13|QUESTION_SENT||2530|8d88b910-73d8-4ce6-aec1-316f42b9ed0f
2026-03-25 14:37:20|gpt|web_search|11|JSON_VERIFIED||2343|667c8cd5-2737-40f3-a826-9d08fa580c98
2026-03-25 14:37:20|gpt|web_search|11|QUESTION|61|2343|667c8cd5-2737-40f3-a826-9d08fa580c98
2026-03-25 14:37:20|gpt|web_search|11|JSON_SAVED||2343|667c8cd5-2737-40f3-a826-9d08fa580c98
2026-03-25 14:37:20|gpt|web_search|11|QUESTION_ADVANCE||2344|c47c1d37-1cec-422e-86da-c0d59e7ccbbe
2026-03-25 14:37:26|gpt|web_search|13|JSON_VERIFY_FAILED||2530|8d88b910-73d8-4ce6-aec1-316f42b9ed0f
2026-03-25 14:37:26|gpt|web_search|13|QUESTION|38|2530|8d88b910-73d8-4ce6-aec1-316f42b9ed0f
2026-03-25 14:37:36|gpt|web_search|13|QUESTION_SENT||2530|8d88b910-73d8-4ce6-aec1-316f42b9ed0f
2026-03-25 14:37:45|gpt|web_search|11|QUESTION_SENT||2344|c47c1d37-1cec-422e-86da-c0d59e7ccbbe
2026-03-25 14:37:51|gpt|web_search|13|JSON_VERIFY_FAILED||2530|8d88b910-73d8-4ce6-aec1-316f42b9ed0f
2026-03-25 14:37:51|gpt|web_search|13|QUESTION|39|2530|8d88b910-73d8-4ce6-aec1-316f42b9ed0f
2026-03-25 14:37:54|gpt|web_search|10|JSON_VERIFY_FAILED||2136|a8535e51-1a56-46f4-aa21-c186b0d4edd5
2026-03-25 14:37:54|gpt|web_search|10|QUESTION|62|2136|a8535e51-1a56-46f4-aa21-c186b0d4edd5
2026-03-25 14:38:01|gpt|web_search|13|QUESTION_SENT||2530|8d88b910-73d8-4ce6-aec1-316f42b9ed0f
2026-03-25 14:38:17|gpt|web_search|13|JSON_VERIFY_FAILED||2530|8d88b910-73d8-4ce6-aec1-316f42b9ed0f
2026-03-25 14:38:17|gpt|web_search|13|QUESTION|40|2530|8d88b910-73d8-4ce6-aec1-316f42b9ed0f
2026-03-25 14:38:20|gpt|web_search|10|QUESTION_SENT||2136|a8535e51-1a56-46f4-aa21-c186b0d4edd5
2026-03-25 14:38:27|gpt|web_search|13|QUESTION_SENT||2530|8d88b910-73d8-4ce6-aec1-316f42b9ed0f
2026-03-25 14:38:35|gpt|web_search|11|JSON_VERIFIED||2344|c47c1d37-1cec-422e-86da-c0d59e7ccbbe
2026-03-25 14:38:35|gpt|web_search|11|QUESTION|62|2344|c47c1d37-1cec-422e-86da-c0d59e7ccbbe
2026-03-25 14:38:35|gpt|web_search|11|JSON_SAVED||2344|c47c1d37-1cec-422e-86da-c0d59e7ccbbe
2026-03-25 14:38:35|gpt|web_search|11|QUESTION_ADVANCE||2345|140a5f49-8401-4523-a6df-2b988249bd9f
2026-03-25 14:38:42|gpt|web_search|13|JSON_VERIFY_FAILED||2530|8d88b910-73d8-4ce6-aec1-316f42b9ed0f
2026-03-25 14:38:42|gpt|web_search|13|QUESTION|41|2530|8d88b910-73d8-4ce6-aec1-316f42b9ed0f
2026-03-25 14:38:52|gpt|web_search|13|QUESTION_SENT||2530|8d88b910-73d8-4ce6-aec1-316f42b9ed0f
2026-03-25 14:39:01|gpt|web_search|11|QUESTION_SENT||2345|140a5f49-8401-4523-a6df-2b988249bd9f
2026-03-25 14:39:08|gpt|web_search|13|JSON_VERIFY_FAILED||2530|8d88b910-73d8-4ce6-aec1-316f42b9ed0f
2026-03-25 14:39:08|gpt|web_search|13|QUESTION|42|2530|8d88b910-73d8-4ce6-aec1-316f42b9ed0f
2026-03-25 14:39:08|gpt|web_search|10|JSON_VERIFIED||2136|a8535e51-1a56-46f4-aa21-c186b0d4edd5
2026-03-25 14:39:08|gpt|web_search|10|QUESTION|63|2136|a8535e51-1a56-46f4-aa21-c186b0d4edd5
2026-03-25 14:39:08|gpt|web_search|10|JSON_SAVED||2136|a8535e51-1a56-46f4-aa21-c186b0d4edd5
2026-03-25 14:39:08|gpt|web_search|10|QUESTION_ADVANCE||2137|76f78507-6950-45ec-a043-a71d37d7f26a
2026-03-25 14:39:18|gpt|web_search|13|QUESTION_SENT||2530|8d88b910-73d8-4ce6-aec1-316f42b9ed0f
2026-03-25 14:39:33|gpt|web_search|13|JSON_VERIFY_FAILED||2530|8d88b910-73d8-4ce6-aec1-316f42b9ed0f
2026-03-25 14:39:33|gpt|web_search|13|QUESTION|43|2530|8d88b910-73d8-4ce6-aec1-316f42b9ed0f
2026-03-25 14:39:34|gpt|web_search|10|QUESTION_SENT||2137|76f78507-6950-45ec-a043-a71d37d7f26a
2026-03-25 14:39:43|gpt|web_search|13|QUESTION_SENT||2530|8d88b910-73d8-4ce6-aec1-316f42b9ed0f
2026-03-25 14:39:49|gpt|web_search|11|JSON_VERIFIED||2345|140a5f49-8401-4523-a6df-2b988249bd9f
2026-03-25 14:39:49|gpt|web_search|11|QUESTION|63|2345|140a5f49-8401-4523-a6df-2b988249bd9f
2026-03-25 14:39:49|gpt|web_search|11|JSON_SAVED||2345|140a5f49-8401-4523-a6df-2b988249bd9f
2026-03-25 14:39:49|gpt|web_search|11|QUESTION_ADVANCE||2346|9491d323-7f41-48da-a70e-4a7dfd3d67e2
2026-03-25 14:39:59|gpt|web_search|13|JSON_VERIFY_FAILED||2530|8d88b910-73d8-4ce6-aec1-316f42b9ed0f
2026-03-25 14:39:59|gpt|web_search|13|QUESTION|44|2530|8d88b910-73d8-4ce6-aec1-316f42b9ed0f
2026-03-25 14:40:09|gpt|web_search|13|QUESTION_SENT||2530|8d88b910-73d8-4ce6-aec1-316f42b9ed0f
2026-03-25 14:40:15|gpt|web_search|11|QUESTION_SENT||2346|9491d323-7f41-48da-a70e-4a7dfd3d67e2
2026-03-25 14:40:28|gpt|web_search|10|JSON_VERIFIED||2137|76f78507-6950-45ec-a043-a71d37d7f26a
2026-03-25 14:40:28|gpt|web_search|10|QUESTION|64|2137|76f78507-6950-45ec-a043-a71d37d7f26a
2026-03-25 14:40:28|gpt|web_search|10|JSON_SAVED||2137|76f78507-6950-45ec-a043-a71d37d7f26a
2026-03-25 14:40:28|gpt|web_search|10|QUESTION_ADVANCE||2138|d6b48a37-f80b-4e1a-b0ac-48fad9b23918
2026-03-25 14:40:54|gpt|web_search|10|QUESTION_SENT||2138|d6b48a37-f80b-4e1a-b0ac-48fad9b23918
2026-03-25 14:40:57|gpt|web_search|11|JSON_VERIFIED||2346|9491d323-7f41-48da-a70e-4a7dfd3d67e2
2026-03-25 14:40:57|gpt|web_search|11|QUESTION|64|2346|9491d323-7f41-48da-a70e-4a7dfd3d67e2
2026-03-25 14:40:57|gpt|web_search|11|JSON_SAVED||2346|9491d323-7f41-48da-a70e-4a7dfd3d67e2
2026-03-25 14:40:57|gpt|web_search|11|QUESTION_ADVANCE||2347|afa6732f-b051-4b7e-aeb0-e9590855ed1f
2026-03-25 14:41:23|gpt|web_search|11|QUESTION_SENT||2347|afa6732f-b051-4b7e-aeb0-e9590855ed1f
2026-03-25 14:41:25|gpt|web_search|10|JSON_VERIFY_FAILED||2138|d6b48a37-f80b-4e1a-b0ac-48fad9b23918
2026-03-25 14:41:25|gpt|web_search|10|QUESTION|65|2138|d6b48a37-f80b-4e1a-b0ac-48fad9b23918
2026-03-25 14:41:35|gpt|web_search|10|QUESTION_SENT||2138|d6b48a37-f80b-4e1a-b0ac-48fad9b23918
2026-03-25 14:41:57|gpt|web_search|11|JSON_VERIFIED||2347|afa6732f-b051-4b7e-aeb0-e9590855ed1f
2026-03-25 14:41:57|gpt|web_search|11|QUESTION|65|2347|afa6732f-b051-4b7e-aeb0-e9590855ed1f
2026-03-25 14:41:57|gpt|web_search|11|JSON_SAVED||2347|afa6732f-b051-4b7e-aeb0-e9590855ed1f
2026-03-25 14:41:57|gpt|web_search|11|QUESTION_ADVANCE||2348|935a78c5-2569-4d76-8f1e-09c7d0768386
2026-03-25 14:41:59|gpt|web_search|10|JSON_VERIFIED||2138|d6b48a37-f80b-4e1a-b0ac-48fad9b23918
2026-03-25 14:41:59|gpt|web_search|10|QUESTION|66|2138|d6b48a37-f80b-4e1a-b0ac-48fad9b23918
2026-03-25 14:41:59|gpt|web_search|10|JSON_SAVED||2138|d6b48a37-f80b-4e1a-b0ac-48fad9b23918
2026-03-25 14:41:59|gpt|web_search|10|QUESTION_ADVANCE||2139|eec0b5ab-9a66-4ea8-a4b2-8e08fad82fea
2026-03-25 14:42:41|gpt|web_search|11|QUESTION_SENT||2348|935a78c5-2569-4d76-8f1e-09c7d0768386
2026-03-25 14:42:58|gpt|web_search|10|QUESTION_SENT||2139|eec0b5ab-9a66-4ea8-a4b2-8e08fad82fea
2026-03-25 14:43:16|gpt|web_search|11|JSON_VERIFIED||2348|935a78c5-2569-4d76-8f1e-09c7d0768386
2026-03-25 14:43:16|gpt|web_search|11|QUESTION|66|2348|935a78c5-2569-4d76-8f1e-09c7d0768386
2026-03-25 14:43:16|gpt|web_search|11|JSON_SAVED||2348|935a78c5-2569-4d76-8f1e-09c7d0768386
2026-03-25 14:43:16|gpt|web_search|11|QUESTION_ADVANCE||2349|0e46882f-1fd8-4ed8-8399-3bf9deab83bd
2026-03-25 14:43:35|gpt|web_search|10|JSON_VERIFIED||2139|eec0b5ab-9a66-4ea8-a4b2-8e08fad82fea
2026-03-25 14:43:35|gpt|web_search|10|QUESTION|67|2139|eec0b5ab-9a66-4ea8-a4b2-8e08fad82fea
2026-03-25 14:43:35|gpt|web_search|10|JSON_SAVED||2139|eec0b5ab-9a66-4ea8-a4b2-8e08fad82fea
2026-03-25 14:43:35|gpt|web_search|10|QUESTION_ADVANCE||2140|dd30fcd0-779f-4fcc-9d74-f1cbd2c3c5a0
2026-03-25 14:43:59|gpt|web_search|11|QUESTION_SENT||2349|0e46882f-1fd8-4ed8-8399-3bf9deab83bd
2026-03-25 14:44:21|gpt|web_search|10|QUESTION_SENT||2140|dd30fcd0-779f-4fcc-9d74-f1cbd2c3c5a0
2026-03-25 14:44:33|gpt|web_search|11|JSON_VERIFY_FAILED||2349|0e46882f-1fd8-4ed8-8399-3bf9deab83bd
2026-03-25 14:44:33|gpt|web_search|11|QUESTION|67|2349|0e46882f-1fd8-4ed8-8399-3bf9deab83bd
2026-03-25 14:44:43|gpt|web_search|11|QUESTION_SENT||2349|0e46882f-1fd8-4ed8-8399-3bf9deab83bd
2026-03-25 14:44:59|gpt|web_search|10|JSON_VERIFIED||2140|dd30fcd0-779f-4fcc-9d74-f1cbd2c3c5a0
2026-03-25 14:44:59|gpt|web_search|10|QUESTION|68|2140|dd30fcd0-779f-4fcc-9d74-f1cbd2c3c5a0
2026-03-25 14:44:59|gpt|web_search|10|JSON_SAVED||2140|dd30fcd0-779f-4fcc-9d74-f1cbd2c3c5a0
2026-03-25 14:44:59|gpt|web_search|10|QUESTION_ADVANCE||2141|7733961a-6e5d-4a88-8326-0abd956381c6
2026-03-25 14:45:44|gpt|web_search|10|QUESTION_SENT||2141|7733961a-6e5d-4a88-8326-0abd956381c6
2026-03-25 14:46:00|gpt|web_search|11|QUESTION_SENT||2349|0e46882f-1fd8-4ed8-8399-3bf9deab83bd
2026-03-25 14:46:24|gpt|web_search|10|JSON_VERIFIED||2141|7733961a-6e5d-4a88-8326-0abd956381c6
2026-03-25 14:46:24|gpt|web_search|10|QUESTION|69|2141|7733961a-6e5d-4a88-8326-0abd956381c6
2026-03-25 14:46:24|gpt|web_search|10|JSON_SAVED||2141|7733961a-6e5d-4a88-8326-0abd956381c6
2026-03-25 14:46:24|gpt|web_search|10|QUESTION_ADVANCE||2142|d610f389-7c54-4d12-a6c3-ca8be24354c5
2026-03-25 14:46:39|gpt|web_search|11|JSON_VERIFIED||2349|0e46882f-1fd8-4ed8-8399-3bf9deab83bd
2026-03-25 14:46:39|gpt|web_search|11|QUESTION|68|2349|0e46882f-1fd8-4ed8-8399-3bf9deab83bd
2026-03-25 14:46:39|gpt|web_search|11|JSON_SAVED||2349|0e46882f-1fd8-4ed8-8399-3bf9deab83bd
2026-03-25 14:46:39|gpt|web_search|11|QUESTION_ADVANCE||2350|df311d95-b859-4eb5-b81d-94bd6107b096
2026-03-25 14:47:07|gpt|web_search|10|QUESTION_SENT||2142|d610f389-7c54-4d12-a6c3-ca8be24354c5
2026-03-25 14:47:19|gpt|web_search|11|QUESTION_SENT||2350|df311d95-b859-4eb5-b81d-94bd6107b096
2026-03-25 14:47:26|gpt|web_search|13|QUESTION_SENT||2530|8d88b910-73d8-4ce6-aec1-316f42b9ed0f
2026-03-25 14:47:47|gpt|web_search|10|JSON_VERIFIED||2142|d610f389-7c54-4d12-a6c3-ca8be24354c5
2026-03-25 14:47:47|gpt|web_search|10|QUESTION|70|2142|d610f389-7c54-4d12-a6c3-ca8be24354c5
2026-03-25 14:47:47|gpt|web_search|10|JSON_SAVED||2142|d610f389-7c54-4d12-a6c3-ca8be24354c5
2026-03-25 14:47:47|gpt|web_search|10|QUESTION_ADVANCE||2143|e62dd490-1967-4656-9623-313db927c20c
2026-03-25 14:47:57|gpt|web_search|11|JSON_VERIFIED||2350|df311d95-b859-4eb5-b81d-94bd6107b096
2026-03-25 14:47:57|gpt|web_search|11|QUESTION|69|2350|df311d95-b859-4eb5-b81d-94bd6107b096
2026-03-25 14:47:57|gpt|web_search|11|JSON_SAVED||2350|df311d95-b859-4eb5-b81d-94bd6107b096
2026-03-25 14:47:57|gpt|web_search|11|QUESTION_ADVANCE||2351|bb5ffc9d-75ef-459f-a173-8d989afd37ae
2026-03-25 14:48:07|gpt|web_search|13|JSON_VERIFIED||2530|8d88b910-73d8-4ce6-aec1-316f42b9ed0f
2026-03-25 14:48:07|gpt|web_search|13|QUESTION|45|2530|8d88b910-73d8-4ce6-aec1-316f42b9ed0f
2026-03-25 14:48:07|gpt|web_search|13|JSON_SAVED||2530|8d88b910-73d8-4ce6-aec1-316f42b9ed0f
2026-03-25 14:48:07|gpt|web_search|13|QUESTION_ADVANCE||2531|93a74443-6332-4641-ad2a-009773b43112
2026-03-25 14:48:30|gpt|web_search|10|QUESTION_SENT||2143|e62dd490-1967-4656-9623-313db927c20c
2026-03-25 14:48:37|gpt|web_search|11|QUESTION_SENT||2351|bb5ffc9d-75ef-459f-a173-8d989afd37ae
2026-03-25 14:48:47|gpt|web_search|13|QUESTION_SENT||2531|93a74443-6332-4641-ad2a-009773b43112
2026-03-25 14:49:10|gpt|web_search|10|JSON_VERIFIED||2143|e62dd490-1967-4656-9623-313db927c20c
2026-03-25 14:49:10|gpt|web_search|10|QUESTION|71|2143|e62dd490-1967-4656-9623-313db927c20c
2026-03-25 14:49:10|gpt|web_search|10|JSON_SAVED||2143|e62dd490-1967-4656-9623-313db927c20c
2026-03-25 14:49:10|gpt|web_search|10|QUESTION_ADVANCE||2144|6ccb473e-4119-4d09-973c-80b9a6bca560
2026-03-25 14:49:11|gpt|web_search|11|JSON_VERIFIED||2351|bb5ffc9d-75ef-459f-a173-8d989afd37ae
2026-03-25 14:49:11|gpt|web_search|11|QUESTION|70|2351|bb5ffc9d-75ef-459f-a173-8d989afd37ae
2026-03-25 14:49:11|gpt|web_search|11|JSON_SAVED||2351|bb5ffc9d-75ef-459f-a173-8d989afd37ae
2026-03-25 14:49:11|gpt|web_search|11|QUESTION_ADVANCE||2352|cc591651-fbc8-4084-bab2-91c18e6506ad
2026-03-25 14:49:23|gpt|web_search|13|JSON_VERIFIED||2531|93a74443-6332-4641-ad2a-009773b43112
2026-03-25 14:49:23|gpt|web_search|13|QUESTION|46|2531|93a74443-6332-4641-ad2a-009773b43112
2026-03-25 14:49:23|gpt|web_search|13|JSON_SAVED||2531|93a74443-6332-4641-ad2a-009773b43112
2026-03-25 14:49:23|gpt|web_search|13|QUESTION_ADVANCE||2532|d98bcd38-3f0b-4917-93c1-d666fcbee738
2026-03-25 14:49:53|gpt|web_search|10|QUESTION_SENT||2144|6ccb473e-4119-4d09-973c-80b9a6bca560
2026-03-25 14:49:55|gpt|web_search|11|QUESTION_SENT||2352|cc591651-fbc8-4084-bab2-91c18e6506ad
2026-03-25 14:50:08|gpt|web_search|13|QUESTION_SENT||2532|d98bcd38-3f0b-4917-93c1-d666fcbee738
2026-03-25 14:50:29|gpt|web_search|10|JSON_VERIFY_FAILED||2144|6ccb473e-4119-4d09-973c-80b9a6bca560
2026-03-25 14:50:29|gpt|web_search|10|QUESTION|72|2144|6ccb473e-4119-4d09-973c-80b9a6bca560
2026-03-25 14:50:31|gpt|web_search|11|JSON_VERIFY_FAILED||2352|cc591651-fbc8-4084-bab2-91c18e6506ad
2026-03-25 14:50:31|gpt|web_search|11|QUESTION|71|2352|cc591651-fbc8-4084-bab2-91c18e6506ad
2026-03-25 14:50:41|gpt|web_search|11|QUESTION_SENT||2352|cc591651-fbc8-4084-bab2-91c18e6506ad
2026-03-25 14:50:45|gpt|web_search|13|JSON_VERIFIED||2532|d98bcd38-3f0b-4917-93c1-d666fcbee738
2026-03-25 14:50:45|gpt|web_search|13|QUESTION|47|2532|d98bcd38-3f0b-4917-93c1-d666fcbee738
2026-03-25 14:50:45|gpt|web_search|13|JSON_SAVED||2532|d98bcd38-3f0b-4917-93c1-d666fcbee738
2026-03-25 14:50:45|gpt|web_search|13|QUESTION_ADVANCE||2533|aea76bd9-d5a7-4b33-80c7-4c87a6393388
2026-03-25 14:51:03|gpt|web_search|11|JSON_VERIFIED||2352|cc591651-fbc8-4084-bab2-91c18e6506ad
2026-03-25 14:51:03|gpt|web_search|11|QUESTION|72|2352|cc591651-fbc8-4084-bab2-91c18e6506ad
2026-03-25 14:51:03|gpt|web_search|11|JSON_SAVED||2352|cc591651-fbc8-4084-bab2-91c18e6506ad
2026-03-25 14:51:03|gpt|web_search|11|QUESTION_ADVANCE||2353|c408fa58-deaf-4130-9d4e-5eb25a529fc5
2026-03-25 14:51:16|gpt|web_search|10|QUESTION_SENT||2144|6ccb473e-4119-4d09-973c-80b9a6bca560
2026-03-25 14:51:29|gpt|web_search|13|QUESTION_SENT||2533|aea76bd9-d5a7-4b33-80c7-4c87a6393388
2026-03-25 14:51:51|gpt|web_search|10|JSON_VERIFIED||2144|6ccb473e-4119-4d09-973c-80b9a6bca560
2026-03-25 14:51:51|gpt|web_search|10|QUESTION|73|2144|6ccb473e-4119-4d09-973c-80b9a6bca560
2026-03-25 14:51:51|gpt|web_search|10|JSON_SAVED||2144|6ccb473e-4119-4d09-973c-80b9a6bca560
2026-03-25 14:51:51|gpt|web_search|10|QUESTION_ADVANCE||2145|17ec5174-01b5-4e29-a618-a7e14fcb2841
2026-03-25 14:51:59|gpt|web_search|11|QUESTION_SENT||2353|c408fa58-deaf-4130-9d4e-5eb25a529fc5
2026-03-25 14:52:09|gpt|web_search|13|JSON_VERIFY_FAILED||2533|aea76bd9-d5a7-4b33-80c7-4c87a6393388
2026-03-25 14:52:09|gpt|web_search|13|QUESTION|48|2533|aea76bd9-d5a7-4b33-80c7-4c87a6393388
2026-03-25 14:52:18|gpt|web_search|13|QUESTION_SENT||2533|aea76bd9-d5a7-4b33-80c7-4c87a6393388
2026-03-25 14:52:39|gpt|web_search|10|QUESTION_SENT||2145|17ec5174-01b5-4e29-a618-a7e14fcb2841
2026-03-25 14:52:40|gpt|web_search|13|JSON_VERIFY_FAILED||2533|aea76bd9-d5a7-4b33-80c7-4c87a6393388
2026-03-25 14:52:40|gpt|web_search|13|QUESTION|49|2533|aea76bd9-d5a7-4b33-80c7-4c87a6393388
2026-03-25 14:52:42|gpt|web_search|11|JSON_VERIFY_FAILED||2353|c408fa58-deaf-4130-9d4e-5eb25a529fc5
2026-03-25 14:52:42|gpt|web_search|11|QUESTION|73|2353|c408fa58-deaf-4130-9d4e-5eb25a529fc5
2026-03-25 14:52:50|gpt|web_search|13|QUESTION_SENT||2533|aea76bd9-d5a7-4b33-80c7-4c87a6393388
2026-03-25 14:52:51|gpt|web_search|11|QUESTION_SENT||2353|c408fa58-deaf-4130-9d4e-5eb25a529fc5
2026-03-25 14:53:14|gpt|web_search|10|JSON_VERIFIED||2145|17ec5174-01b5-4e29-a618-a7e14fcb2841
2026-03-25 14:53:14|gpt|web_search|10|QUESTION|74|2145|17ec5174-01b5-4e29-a618-a7e14fcb2841
2026-03-25 14:53:14|gpt|web_search|10|JSON_SAVED||2145|17ec5174-01b5-4e29-a618-a7e14fcb2841
2026-03-25 14:53:14|gpt|web_search|10|QUESTION_ADVANCE||2146|627c5000-6437-436d-90ac-17d6fedbba99
2026-03-25 14:53:15|gpt|web_search|13|JSON_VERIFIED||2533|aea76bd9-d5a7-4b33-80c7-4c87a6393388
2026-03-25 14:53:15|gpt|web_search|13|QUESTION|50|2533|aea76bd9-d5a7-4b33-80c7-4c87a6393388
2026-03-25 14:53:15|gpt|web_search|13|JSON_SAVED||2533|aea76bd9-d5a7-4b33-80c7-4c87a6393388
2026-03-25 14:53:15|gpt|web_search|13|QUESTION_ADVANCE||2534|1b912a62-f904-4674-9a1f-620aaa9dcdf2
2026-03-25 14:53:17|gpt|web_search|11|JSON_VERIFIED||2353|c408fa58-deaf-4130-9d4e-5eb25a529fc5
2026-03-25 14:53:17|gpt|web_search|11|QUESTION|74|2353|c408fa58-deaf-4130-9d4e-5eb25a529fc5
2026-03-25 14:53:17|gpt|web_search|11|JSON_SAVED||2353|c408fa58-deaf-4130-9d4e-5eb25a529fc5
2026-03-25 14:53:17|gpt|web_search|11|QUESTION_ADVANCE||2354|049ea018-f68c-466a-a1bd-b446b6f45408
2026-03-25 14:54:02|gpt|web_search|10|QUESTION_SENT||2146|627c5000-6437-436d-90ac-17d6fedbba99
2026-03-25 14:54:09|gpt|web_search|11|QUESTION_SENT||2354|049ea018-f68c-466a-a1bd-b446b6f45408
2026-03-25 14:54:11|gpt|web_search|13|QUESTION_SENT||2534|1b912a62-f904-4674-9a1f-620aaa9dcdf2
2026-03-25 14:54:38|gpt|web_search|10|JSON_VERIFIED||2146|627c5000-6437-436d-90ac-17d6fedbba99
2026-03-25 14:54:38|gpt|web_search|10|QUESTION|75|2146|627c5000-6437-436d-90ac-17d6fedbba99
2026-03-25 14:54:38|gpt|web_search|10|JSON_SAVED||2146|627c5000-6437-436d-90ac-17d6fedbba99
2026-03-25 14:54:38|gpt|web_search|10|QUESTION_ADVANCE||2147|1726ece0-7851-4e06-a759-6017c716f7c2
2026-03-25 14:54:49|gpt|web_search|13|JSON_VERIFIED||2534|1b912a62-f904-4674-9a1f-620aaa9dcdf2
2026-03-25 14:54:49|gpt|web_search|13|QUESTION|51|2534|1b912a62-f904-4674-9a1f-620aaa9dcdf2
2026-03-25 14:54:49|gpt|web_search|13|JSON_SAVED||2534|1b912a62-f904-4674-9a1f-620aaa9dcdf2
2026-03-25 14:54:49|gpt|web_search|13|QUESTION_ADVANCE||2535|0b9e5b14-b1e2-42ef-abd9-522c7b494ee9
2026-03-25 14:54:50|gpt|web_search|11|JSON_VERIFIED||2354|049ea018-f68c-466a-a1bd-b446b6f45408
2026-03-25 14:54:50|gpt|web_search|11|QUESTION|75|2354|049ea018-f68c-466a-a1bd-b446b6f45408
2026-03-25 14:54:50|gpt|web_search|11|JSON_SAVED||2354|049ea018-f68c-466a-a1bd-b446b6f45408
2026-03-25 14:54:50|gpt|web_search|11|QUESTION_ADVANCE||2355|39406759-c953-41b7-968c-07628ce4d0cb
2026-03-25 14:55:16|gpt|web_search|11|QUESTION_SENT||2355|39406759-c953-41b7-968c-07628ce4d0cb
2026-03-25 14:55:25|gpt|web_search|10|QUESTION_SENT||2147|1726ece0-7851-4e06-a759-6017c716f7c2
2026-03-25 14:55:32|gpt|web_search|13|QUESTION_SENT||2535|0b9e5b14-b1e2-42ef-abd9-522c7b494ee9
2026-03-25 14:55:49|gpt|web_search|11|JSON_VERIFY_FAILED||2355|39406759-c953-41b7-968c-07628ce4d0cb
2026-03-25 14:55:49|gpt|web_search|11|QUESTION|76|2355|39406759-c953-41b7-968c-07628ce4d0cb
2026-03-25 14:55:59|gpt|web_search|11|QUESTION_SENT||2355|39406759-c953-41b7-968c-07628ce4d0cb
2026-03-25 14:56:09|gpt|web_search|13|JSON_VERIFIED||2535|0b9e5b14-b1e2-42ef-abd9-522c7b494ee9
2026-03-25 14:56:09|gpt|web_search|13|QUESTION|52|2535|0b9e5b14-b1e2-42ef-abd9-522c7b494ee9
2026-03-25 14:56:09|gpt|web_search|13|JSON_SAVED||2535|0b9e5b14-b1e2-42ef-abd9-522c7b494ee9
2026-03-25 14:56:09|gpt|web_search|13|QUESTION_ADVANCE||2536|afdda769-0ba1-434a-a651-1fed7943d24d
2026-03-25 14:56:29|gpt|web_search|11|JSON_VERIFIED||2355|39406759-c953-41b7-968c-07628ce4d0cb
2026-03-25 14:56:29|gpt|web_search|11|QUESTION|77|2355|39406759-c953-41b7-968c-07628ce4d0cb
2026-03-25 14:56:29|gpt|web_search|11|JSON_SAVED||2355|39406759-c953-41b7-968c-07628ce4d0cb
2026-03-25 14:56:29|gpt|web_search|11|QUESTION_ADVANCE||2356|9c07d3fa-309f-4392-ba56-88afc145ea14
2026-03-25 14:56:48|gpt|web_search|10|QUESTION_SENT||2147|1726ece0-7851-4e06-a759-6017c716f7c2
2026-03-25 14:56:53|gpt|web_search|13|QUESTION_SENT||2536|afdda769-0ba1-434a-a651-1fed7943d24d
2026-03-25 14:57:16|gpt|web_search|11|QUESTION_SENT||2356|9c07d3fa-309f-4392-ba56-88afc145ea14
2026-03-25 14:57:26|gpt|web_search|10|JSON_VERIFIED||2147|1726ece0-7851-4e06-a759-6017c716f7c2
2026-03-25 14:57:26|gpt|web_search|10|QUESTION|76|2147|1726ece0-7851-4e06-a759-6017c716f7c2
2026-03-25 14:57:26|gpt|web_search|10|JSON_SAVED||2147|1726ece0-7851-4e06-a759-6017c716f7c2
2026-03-25 14:57:26|gpt|web_search|10|QUESTION_ADVANCE||2148|af108fa7-c0bc-410a-b394-7b5df89dfc8c
2026-03-25 14:58:03|gpt|web_search|11|JSON_VERIFIED||2356|9c07d3fa-309f-4392-ba56-88afc145ea14
2026-03-25 14:58:03|gpt|web_search|11|QUESTION|78|2356|9c07d3fa-309f-4392-ba56-88afc145ea14
2026-03-25 14:58:03|gpt|web_search|11|JSON_SAVED||2356|9c07d3fa-309f-4392-ba56-88afc145ea14
2026-03-25 14:58:03|gpt|web_search|11|QUESTION_ADVANCE||2357|02c999c5-10e4-4b9b-8eb9-73464839d1c1
2026-03-25 14:58:11|gpt|web_search|10|QUESTION_SENT||2148|af108fa7-c0bc-410a-b394-7b5df89dfc8c
2026-03-25 14:58:14|gpt|web_search|13|QUESTION_SENT||2536|afdda769-0ba1-434a-a651-1fed7943d24d
2026-03-25 14:58:29|gpt|web_search|11|QUESTION_SENT||2357|02c999c5-10e4-4b9b-8eb9-73464839d1c1
2026-03-25 14:58:51|gpt|web_search|10|JSON_VERIFIED||2148|af108fa7-c0bc-410a-b394-7b5df89dfc8c
2026-03-25 14:58:51|gpt|web_search|10|QUESTION|77|2148|af108fa7-c0bc-410a-b394-7b5df89dfc8c
2026-03-25 14:58:51|gpt|web_search|10|JSON_SAVED||2148|af108fa7-c0bc-410a-b394-7b5df89dfc8c
2026-03-25 14:58:51|gpt|web_search|10|QUESTION_ADVANCE||2149|8383deb6-d57b-47bc-ba73-54b927a0f2b9
2026-03-25 14:58:52|gpt|web_search|13|JSON_VERIFIED||2536|afdda769-0ba1-434a-a651-1fed7943d24d
2026-03-25 14:58:52|gpt|web_search|13|QUESTION|53|2536|afdda769-0ba1-434a-a651-1fed7943d24d
2026-03-25 14:58:52|gpt|web_search|13|JSON_SAVED||2536|afdda769-0ba1-434a-a651-1fed7943d24d
2026-03-25 14:58:52|gpt|web_search|13|QUESTION_ADVANCE||2537|9f911379-5a2d-47a2-a93f-aedb0b7c9105
2026-03-25 14:59:02|gpt|web_search|11|JSON_VERIFIED||2357|02c999c5-10e4-4b9b-8eb9-73464839d1c1
2026-03-25 14:59:02|gpt|web_search|11|QUESTION|79|2357|02c999c5-10e4-4b9b-8eb9-73464839d1c1
2026-03-25 14:59:02|gpt|web_search|11|JSON_SAVED||2357|02c999c5-10e4-4b9b-8eb9-73464839d1c1
2026-03-25 14:59:02|gpt|web_search|11|QUESTION_ADVANCE||2358|2fe3a942-e326-4938-9949-52ef99ecd093
2026-03-25 14:59:34|gpt|web_search|10|QUESTION_SENT||2149|8383deb6-d57b-47bc-ba73-54b927a0f2b9
2026-03-25 14:59:35|gpt|web_search|13|QUESTION_SENT||2537|9f911379-5a2d-47a2-a93f-aedb0b7c9105
2026-03-25 14:59:47|gpt|web_search|11|QUESTION_SENT||2358|2fe3a942-e326-4938-9949-52ef99ecd093
2026-03-25 15:00:09|gpt|web_search|13|JSON_VERIFY_FAILED||2537|9f911379-5a2d-47a2-a93f-aedb0b7c9105
2026-03-25 15:00:09|gpt|web_search|13|QUESTION|54|2537|9f911379-5a2d-47a2-a93f-aedb0b7c9105
2026-03-25 15:00:14|gpt|web_search|10|JSON_VERIFIED||2149|8383deb6-d57b-47bc-ba73-54b927a0f2b9
2026-03-25 15:00:14|gpt|web_search|10|QUESTION|78|2149|8383deb6-d57b-47bc-ba73-54b927a0f2b9
2026-03-25 15:00:14|gpt|web_search|10|JSON_SAVED||2149|8383deb6-d57b-47bc-ba73-54b927a0f2b9
2026-03-25 15:00:14|gpt|web_search|10|QUESTION_ADVANCE||2150|72a74e1e-2e57-4500-84b4-18267cc4b76b
2026-03-25 15:00:25|gpt|web_search|11|JSON_VERIFIED||2358|2fe3a942-e326-4938-9949-52ef99ecd093
2026-03-25 15:00:25|gpt|web_search|11|QUESTION|80|2358|2fe3a942-e326-4938-9949-52ef99ecd093
2026-03-25 15:00:25|gpt|web_search|11|JSON_SAVED||2358|2fe3a942-e326-4938-9949-52ef99ecd093
2026-03-25 15:00:25|gpt|web_search|11|QUESTION_ADVANCE||2359|c8133780-657c-483b-ac2e-e1e2da1d9321
2026-03-25 15:00:56|gpt|web_search|13|QUESTION_SENT||2537|9f911379-5a2d-47a2-a93f-aedb0b7c9105
2026-03-25 15:00:57|gpt|web_search|10|QUESTION_SENT||2150|72a74e1e-2e57-4500-84b4-18267cc4b76b
2026-03-25 15:01:05|gpt|web_search|11|QUESTION_SENT||2359|c8133780-657c-483b-ac2e-e1e2da1d9321
2026-03-25 15:01:35|gpt|web_search|10|JSON_VERIFIED||2150|72a74e1e-2e57-4500-84b4-18267cc4b76b
2026-03-25 15:01:35|gpt|web_search|10|QUESTION|79|2150|72a74e1e-2e57-4500-84b4-18267cc4b76b
2026-03-25 15:01:35|gpt|web_search|10|JSON_SAVED||2150|72a74e1e-2e57-4500-84b4-18267cc4b76b
2026-03-25 15:01:35|gpt|web_search|10|QUESTION_ADVANCE||2151|80dbddc3-ec24-47e5-a03e-24ea736fe8ce
2026-03-25 15:01:36|gpt|web_search|13|JSON_VERIFIED||2537|9f911379-5a2d-47a2-a93f-aedb0b7c9105
2026-03-25 15:01:36|gpt|web_search|13|QUESTION|55|2537|9f911379-5a2d-47a2-a93f-aedb0b7c9105
2026-03-25 15:01:36|gpt|web_search|13|JSON_SAVED||2537|9f911379-5a2d-47a2-a93f-aedb0b7c9105
2026-03-25 15:01:36|gpt|web_search|13|QUESTION_ADVANCE||2538|1b532973-0c2a-4aaf-8575-c47807f5908c
2026-03-25 15:01:42|gpt|web_search|11|JSON_VERIFIED||2359|c8133780-657c-483b-ac2e-e1e2da1d9321
2026-03-25 15:01:42|gpt|web_search|11|QUESTION|81|2359|c8133780-657c-483b-ac2e-e1e2da1d9321
2026-03-25 15:01:42|gpt|web_search|11|JSON_SAVED||2359|c8133780-657c-483b-ac2e-e1e2da1d9321
2026-03-25 15:01:42|gpt|web_search|11|QUESTION_ADVANCE||2360|5283fe1f-cea5-47cc-8895-b7fae50396cd
2026-03-25 15:02:17|gpt|web_search|13|QUESTION_SENT||2538|1b532973-0c2a-4aaf-8575-c47807f5908c
2026-03-25 15:02:20|gpt|web_search|10|QUESTION_SENT||2151|80dbddc3-ec24-47e5-a03e-24ea736fe8ce
2026-03-25 15:02:23|gpt|web_search|11|QUESTION_SENT||2360|5283fe1f-cea5-47cc-8895-b7fae50396cd
2026-03-25 15:02:52|gpt|web_search|13|JSON_VERIFIED||2538|1b532973-0c2a-4aaf-8575-c47807f5908c
2026-03-25 15:02:52|gpt|web_search|13|QUESTION|56|2538|1b532973-0c2a-4aaf-8575-c47807f5908c
2026-03-25 15:02:52|gpt|web_search|13|JSON_SAVED||2538|1b532973-0c2a-4aaf-8575-c47807f5908c
2026-03-25 15:02:52|gpt|web_search|13|QUESTION_ADVANCE||2539|20c3befb-892e-4231-ae02-ebc5d40dc660
2026-03-25 15:02:55|gpt|web_search|10|JSON_VERIFIED||2151|80dbddc3-ec24-47e5-a03e-24ea736fe8ce
2026-03-25 15:02:55|gpt|web_search|10|QUESTION|80|2151|80dbddc3-ec24-47e5-a03e-24ea736fe8ce
2026-03-25 15:02:55|gpt|web_search|10|JSON_SAVED||2151|80dbddc3-ec24-47e5-a03e-24ea736fe8ce
2026-03-25 15:02:55|gpt|web_search|10|QUESTION_ADVANCE||2152|98562aa3-d624-4515-aee8-8e9092801d6d
2026-03-25 15:03:03|gpt|web_search|11|JSON_VERIFIED||2360|5283fe1f-cea5-47cc-8895-b7fae50396cd
2026-03-25 15:03:03|gpt|web_search|11|QUESTION|82|2360|5283fe1f-cea5-47cc-8895-b7fae50396cd
2026-03-25 15:03:03|gpt|web_search|11|JSON_SAVED||2360|5283fe1f-cea5-47cc-8895-b7fae50396cd
2026-03-25 15:03:03|gpt|web_search|11|QUESTION_ADVANCE||2361|d38fcf86-59eb-4117-b054-29e8fed2b555
2026-03-25 15:03:38|gpt|web_search|13|QUESTION_SENT||2539|20c3befb-892e-4231-ae02-ebc5d40dc660
2026-03-25 15:03:41|gpt|web_search|11|QUESTION_SENT||2361|d38fcf86-59eb-4117-b054-29e8fed2b555
2026-03-25 15:03:43|gpt|web_search|10|QUESTION_SENT||2152|98562aa3-d624-4515-aee8-8e9092801d6d
2026-03-25 15:04:10|gpt|web_search|13|JSON_VERIFIED||2539|20c3befb-892e-4231-ae02-ebc5d40dc660
2026-03-25 15:04:10|gpt|web_search|13|QUESTION|57|2539|20c3befb-892e-4231-ae02-ebc5d40dc660
2026-03-25 15:04:10|gpt|web_search|13|JSON_SAVED||2539|20c3befb-892e-4231-ae02-ebc5d40dc660
2026-03-25 15:04:10|gpt|web_search|13|QUESTION_ADVANCE||2540|9ecd9434-18f2-4916-9466-ea1b561926b3
2026-03-25 15:04:21|gpt|web_search|10|JSON_VERIFIED||2152|98562aa3-d624-4515-aee8-8e9092801d6d
2026-03-25 15:04:21|gpt|web_search|10|QUESTION|81|2152|98562aa3-d624-4515-aee8-8e9092801d6d
2026-03-25 15:04:21|gpt|web_search|10|JSON_SAVED||2152|98562aa3-d624-4515-aee8-8e9092801d6d
2026-03-25 15:04:21|gpt|web_search|10|QUESTION_ADVANCE||2153|41e49e86-9994-436d-9d77-1ebeeffe0006
2026-03-25 15:04:24|gpt|web_search|11|JSON_VERIFIED||2361|d38fcf86-59eb-4117-b054-29e8fed2b555
2026-03-25 15:04:24|gpt|web_search|11|QUESTION|83|2361|d38fcf86-59eb-4117-b054-29e8fed2b555
2026-03-25 15:04:24|gpt|web_search|11|JSON_SAVED||2361|d38fcf86-59eb-4117-b054-29e8fed2b555
2026-03-25 15:04:24|gpt|web_search|11|QUESTION_ADVANCE||2362|8b94f88a-dbc1-452f-8c64-3870513c32c9
2026-03-25 15:04:50|gpt|web_search|11|QUESTION_SENT||2362|8b94f88a-dbc1-452f-8c64-3870513c32c9
2026-03-25 15:04:59|gpt|web_search|13|QUESTION_SENT||2540|9ecd9434-18f2-4916-9466-ea1b561926b3
2026-03-25 15:05:06|gpt|web_search|10|QUESTION_SENT||2153|41e49e86-9994-436d-9d77-1ebeeffe0006
2026-03-25 15:05:24|gpt|web_search|11|JSON_VERIFY_FAILED||2362|8b94f88a-dbc1-452f-8c64-3870513c32c9
2026-03-25 15:05:24|gpt|web_search|11|QUESTION|84|2362|8b94f88a-dbc1-452f-8c64-3870513c32c9
2026-03-25 15:05:33|gpt|web_search|11|QUESTION_SENT||2362|8b94f88a-dbc1-452f-8c64-3870513c32c9
2026-03-25 15:05:34|gpt|web_search|13|JSON_VERIFY_FAILED||2540|9ecd9434-18f2-4916-9466-ea1b561926b3
2026-03-25 15:05:34|gpt|web_search|13|QUESTION|58|2540|9ecd9434-18f2-4916-9466-ea1b561926b3
2026-03-25 15:05:44|gpt|web_search|13|QUESTION_SENT||2540|9ecd9434-18f2-4916-9466-ea1b561926b3
2026-03-25 15:05:50|gpt|web_search|10|JSON_VERIFIED||2153|41e49e86-9994-436d-9d77-1ebeeffe0006
2026-03-25 15:05:50|gpt|web_search|10|QUESTION|82|2153|41e49e86-9994-436d-9d77-1ebeeffe0006
2026-03-25 15:05:50|gpt|web_search|10|JSON_SAVED||2153|41e49e86-9994-436d-9d77-1ebeeffe0006
2026-03-25 15:05:50|gpt|web_search|10|QUESTION_ADVANCE||2154|a3e23db5-e0d1-4d0c-8232-c970e440417f
2026-03-25 15:05:58|gpt|web_search|11|JSON_VERIFIED||2362|8b94f88a-dbc1-452f-8c64-3870513c32c9
2026-03-25 15:05:58|gpt|web_search|11|QUESTION|85|2362|8b94f88a-dbc1-452f-8c64-3870513c32c9
2026-03-25 15:05:58|gpt|web_search|11|JSON_SAVED||2362|8b94f88a-dbc1-452f-8c64-3870513c32c9
2026-03-25 15:05:58|gpt|web_search|11|QUESTION_ADVANCE||2363|e59b041d-7f66-43d8-8441-90b5177b7a49
2026-03-25 15:06:07|gpt|web_search|13|JSON_VERIFIED||2540|9ecd9434-18f2-4916-9466-ea1b561926b3
2026-03-25 15:06:07|gpt|web_search|13|QUESTION|59|2540|9ecd9434-18f2-4916-9466-ea1b561926b3
2026-03-25 15:06:07|gpt|web_search|13|JSON_SAVED||2540|9ecd9434-18f2-4916-9466-ea1b561926b3
2026-03-25 15:06:07|gpt|web_search|13|QUESTION_ADVANCE||2541|ad2073a9-106f-406f-94dc-3aa3d1db2aa1
2026-03-25 15:06:29|gpt|web_search|10|QUESTION_SENT||2154|a3e23db5-e0d1-4d0c-8232-c970e440417f
2026-03-25 15:06:52|gpt|web_search|11|QUESTION_SENT||2363|e59b041d-7f66-43d8-8441-90b5177b7a49
2026-03-25 15:07:05|gpt|web_search|13|QUESTION_SENT||2541|ad2073a9-106f-406f-94dc-3aa3d1db2aa1
2026-03-25 15:07:11|gpt|web_search|10|JSON_VERIFIED||2154|a3e23db5-e0d1-4d0c-8232-c970e440417f
2026-03-25 15:07:11|gpt|web_search|10|QUESTION|83|2154|a3e23db5-e0d1-4d0c-8232-c970e440417f
2026-03-25 15:07:11|gpt|web_search|10|JSON_SAVED||2154|a3e23db5-e0d1-4d0c-8232-c970e440417f
2026-03-25 15:07:11|gpt|web_search|10|QUESTION_ADVANCE||2155|29d0bceb-79c6-49de-99e1-12346acafa9f
2026-03-25 15:07:27|gpt|web_search|11|JSON_VERIFIED||2363|e59b041d-7f66-43d8-8441-90b5177b7a49
2026-03-25 15:07:27|gpt|web_search|11|QUESTION|86|2363|e59b041d-7f66-43d8-8441-90b5177b7a49
2026-03-25 15:07:27|gpt|web_search|11|JSON_SAVED||2363|e59b041d-7f66-43d8-8441-90b5177b7a49
2026-03-25 15:07:27|gpt|web_search|11|QUESTION_ADVANCE||2364|019636af-cb55-4a90-b1e0-48a86ee67eb8
2026-03-25 15:07:40|gpt|web_search|13|JSON_VERIFIED||2541|ad2073a9-106f-406f-94dc-3aa3d1db2aa1
2026-03-25 15:07:40|gpt|web_search|13|QUESTION|60|2541|ad2073a9-106f-406f-94dc-3aa3d1db2aa1
2026-03-25 15:07:40|gpt|web_search|13|JSON_SAVED||2541|ad2073a9-106f-406f-94dc-3aa3d1db2aa1
2026-03-25 15:07:40|gpt|web_search|13|QUESTION_ADVANCE||2542|303317af-f0fc-49be-baa1-30a39b36a0be
2026-03-25 15:07:52|gpt|web_search|10|QUESTION_SENT||2155|29d0bceb-79c6-49de-99e1-12346acafa9f
2026-03-25 15:08:09|gpt|web_search|11|QUESTION_SENT||2364|019636af-cb55-4a90-b1e0-48a86ee67eb8
2026-03-25 15:08:25|gpt|web_search|13|QUESTION_SENT||2542|303317af-f0fc-49be-baa1-30a39b36a0be
2026-03-25 15:08:30|gpt|web_search|10|JSON_VERIFIED||2155|29d0bceb-79c6-49de-99e1-12346acafa9f
2026-03-25 15:08:30|gpt|web_search|10|QUESTION|84|2155|29d0bceb-79c6-49de-99e1-12346acafa9f
2026-03-25 15:08:30|gpt|web_search|10|JSON_SAVED||2155|29d0bceb-79c6-49de-99e1-12346acafa9f
2026-03-25 15:08:30|gpt|web_search|10|QUESTION_ADVANCE||2156|84900ef5-8530-4e4a-b936-d94b3bdb947a
2026-03-25 15:08:42|gpt|web_search|11|JSON_VERIFY_FAILED||2364|019636af-cb55-4a90-b1e0-48a86ee67eb8
2026-03-25 15:08:42|gpt|web_search|11|QUESTION|87|2364|019636af-cb55-4a90-b1e0-48a86ee67eb8
2026-03-25 15:08:52|gpt|web_search|11|QUESTION_SENT||2364|019636af-cb55-4a90-b1e0-48a86ee67eb8
2026-03-25 15:09:12|gpt|web_search|11|JSON_VERIFY_FAILED||2364|019636af-cb55-4a90-b1e0-48a86ee67eb8
2026-03-25 15:09:12|gpt|web_search|11|QUESTION|88|2364|019636af-cb55-4a90-b1e0-48a86ee67eb8
2026-03-25 15:09:15|gpt|web_search|10|QUESTION_SENT||2156|84900ef5-8530-4e4a-b936-d94b3bdb947a
2026-03-25 15:09:18|gpt|web_search|13|JSON_VERIFIED||2542|303317af-f0fc-49be-baa1-30a39b36a0be
2026-03-25 15:09:18|gpt|web_search|13|QUESTION|61|2542|303317af-f0fc-49be-baa1-30a39b36a0be
2026-03-25 15:09:18|gpt|web_search|13|JSON_SAVED||2542|303317af-f0fc-49be-baa1-30a39b36a0be
2026-03-25 15:09:18|gpt|web_search|13|QUESTION_ADVANCE||2543|1e158c5d-393a-4762-b69b-f9ccc15d61e8
2026-03-25 15:09:22|gpt|web_search|11|QUESTION_SENT||2364|019636af-cb55-4a90-b1e0-48a86ee67eb8
2026-03-25 15:09:44|gpt|web_search|13|QUESTION_SENT||2543|1e158c5d-393a-4762-b69b-f9ccc15d61e8
2026-03-25 15:09:44|gpt|web_search|11|JSON_VERIFIED||2364|019636af-cb55-4a90-b1e0-48a86ee67eb8
2026-03-25 15:09:44|gpt|web_search|11|QUESTION|89|2364|019636af-cb55-4a90-b1e0-48a86ee67eb8
2026-03-25 15:09:44|gpt|web_search|11|JSON_SAVED||2364|019636af-cb55-4a90-b1e0-48a86ee67eb8
2026-03-25 15:09:44|gpt|web_search|11|QUESTION_ADVANCE||2365|b75252f8-31c5-40f8-af1a-2a207b406fca
2026-03-25 15:09:54|gpt|web_search|10|JSON_VERIFIED||2156|84900ef5-8530-4e4a-b936-d94b3bdb947a
2026-03-25 15:09:54|gpt|web_search|10|QUESTION|85|2156|84900ef5-8530-4e4a-b936-d94b3bdb947a
2026-03-25 15:09:54|gpt|web_search|10|JSON_SAVED||2156|84900ef5-8530-4e4a-b936-d94b3bdb947a
2026-03-25 15:09:54|gpt|web_search|10|QUESTION_ADVANCE||2157|6ee26b8a-ef94-4758-a4e0-485ba56a1b87
2026-03-25 15:10:19|gpt|web_search|13|JSON_VERIFIED||2543|1e158c5d-393a-4762-b69b-f9ccc15d61e8
2026-03-25 15:10:19|gpt|web_search|13|QUESTION|62|2543|1e158c5d-393a-4762-b69b-f9ccc15d61e8
2026-03-25 15:10:19|gpt|web_search|13|JSON_SAVED||2543|1e158c5d-393a-4762-b69b-f9ccc15d61e8
2026-03-25 15:10:19|gpt|web_search|13|QUESTION_ADVANCE||2544|b28f18b0-3e5c-4fd7-a43c-88984fddcabd
2026-03-25 15:10:38|gpt|web_search|10|QUESTION_SENT||2157|6ee26b8a-ef94-4758-a4e0-485ba56a1b87
2026-03-25 15:10:39|gpt|web_search|11|QUESTION_SENT||2365|b75252f8-31c5-40f8-af1a-2a207b406fca
2026-03-25 15:11:05|gpt|web_search|13|QUESTION_SENT||2544|b28f18b0-3e5c-4fd7-a43c-88984fddcabd
2026-03-25 15:11:15|gpt|web_search|11|JSON_VERIFIED||2365|b75252f8-31c5-40f8-af1a-2a207b406fca
2026-03-25 15:11:15|gpt|web_search|11|QUESTION|90|2365|b75252f8-31c5-40f8-af1a-2a207b406fca
2026-03-25 15:11:15|gpt|web_search|11|JSON_SAVED||2365|b75252f8-31c5-40f8-af1a-2a207b406fca
2026-03-25 15:11:15|gpt|web_search|11|QUESTION_ADVANCE||2366|09111381-6bef-45a7-8e1f-8affe47035a9
2026-03-25 15:11:40|gpt|web_search|13|JSON_VERIFIED||2544|b28f18b0-3e5c-4fd7-a43c-88984fddcabd
2026-03-25 15:11:40|gpt|web_search|13|QUESTION|63|2544|b28f18b0-3e5c-4fd7-a43c-88984fddcabd
2026-03-25 15:11:40|gpt|web_search|13|JSON_SAVED||2544|b28f18b0-3e5c-4fd7-a43c-88984fddcabd
2026-03-25 15:11:40|gpt|web_search|13|QUESTION_ADVANCE||2545|b092e413-96b9-47a8-9f60-e7c55cdac82c
2026-03-25 15:11:57|gpt|web_search|11|QUESTION_SENT||2366|09111381-6bef-45a7-8e1f-8affe47035a9
2026-03-25 15:12:01|gpt|web_search|10|QUESTION_SENT||2157|6ee26b8a-ef94-4758-a4e0-485ba56a1b87
2026-03-25 15:12:25|gpt|web_search|13|QUESTION_SENT||2545|b092e413-96b9-47a8-9f60-e7c55cdac82c
2026-03-25 15:12:33|gpt|web_search|11|JSON_VERIFIED||2366|09111381-6bef-45a7-8e1f-8affe47035a9
2026-03-25 15:12:33|gpt|web_search|11|QUESTION|91|2366|09111381-6bef-45a7-8e1f-8affe47035a9
2026-03-25 15:12:33|gpt|web_search|11|JSON_SAVED||2366|09111381-6bef-45a7-8e1f-8affe47035a9
2026-03-25 15:12:33|gpt|web_search|11|QUESTION_ADVANCE||2367|66050ed4-1a8e-4a53-92aa-32aa232d66f8
2026-03-25 15:12:38|gpt|web_search|10|JSON_VERIFY_FAILED||2157|6ee26b8a-ef94-4758-a4e0-485ba56a1b87
2026-03-25 15:12:38|gpt|web_search|10|QUESTION|86|2157|6ee26b8a-ef94-4758-a4e0-485ba56a1b87
2026-03-25 15:12:47|gpt|web_search|10|QUESTION_SENT||2157|6ee26b8a-ef94-4758-a4e0-485ba56a1b87
2026-03-25 15:12:57|gpt|web_search|13|JSON_VERIFIED||2545|b092e413-96b9-47a8-9f60-e7c55cdac82c
2026-03-25 15:12:57|gpt|web_search|13|QUESTION|64|2545|b092e413-96b9-47a8-9f60-e7c55cdac82c
2026-03-25 15:12:57|gpt|web_search|13|JSON_SAVED||2545|b092e413-96b9-47a8-9f60-e7c55cdac82c
2026-03-25 15:12:57|gpt|web_search|13|QUESTION_ADVANCE||2546|9ea860fc-9208-4760-87a1-db649d16ec5a
2026-03-25 15:13:15|gpt|web_search|11|QUESTION_SENT||2367|66050ed4-1a8e-4a53-92aa-32aa232d66f8
2026-03-25 15:13:20|gpt|web_search|10|JSON_VERIFIED||2157|6ee26b8a-ef94-4758-a4e0-485ba56a1b87
2026-03-25 15:13:20|gpt|web_search|10|QUESTION|87|2157|6ee26b8a-ef94-4758-a4e0-485ba56a1b87
2026-03-25 15:13:20|gpt|web_search|10|JSON_SAVED||2157|6ee26b8a-ef94-4758-a4e0-485ba56a1b87
2026-03-25 15:13:20|gpt|web_search|10|QUESTION_ADVANCE||2158|befb954d-3e4e-4190-9271-8ca0749f38f8
2026-03-25 15:13:46|gpt|web_search|13|QUESTION_SENT||2546|9ea860fc-9208-4760-87a1-db649d16ec5a
2026-03-25 15:13:57|gpt|web_search|11|JSON_VERIFIED||2367|66050ed4-1a8e-4a53-92aa-32aa232d66f8
2026-03-25 15:13:57|gpt|web_search|11|QUESTION|92|2367|66050ed4-1a8e-4a53-92aa-32aa232d66f8
2026-03-25 15:13:57|gpt|web_search|11|JSON_SAVED||2367|66050ed4-1a8e-4a53-92aa-32aa232d66f8
2026-03-25 15:13:57|gpt|web_search|11|QUESTION_ADVANCE||2368|641e1adc-b3d1-4757-90c1-19fdf98b018c
2026-03-25 15:14:10|gpt|web_search|10|QUESTION_SENT||2158|befb954d-3e4e-4190-9271-8ca0749f38f8
2026-03-25 15:14:23|gpt|web_search|11|QUESTION_SENT||2368|641e1adc-b3d1-4757-90c1-19fdf98b018c
2026-03-25 15:14:30|gpt|web_search|13|JSON_VERIFIED||2546|9ea860fc-9208-4760-87a1-db649d16ec5a
2026-03-25 15:14:30|gpt|web_search|13|QUESTION|65|2546|9ea860fc-9208-4760-87a1-db649d16ec5a
2026-03-25 15:14:30|gpt|web_search|13|JSON_SAVED||2546|9ea860fc-9208-4760-87a1-db649d16ec5a
2026-03-25 15:14:30|gpt|web_search|13|QUESTION_ADVANCE||2547|14e3a95c-ad90-494f-96bf-a4b387291cce
2026-03-25 15:14:56|gpt|web_search|13|QUESTION_SENT||2547|14e3a95c-ad90-494f-96bf-a4b387291cce
2026-03-25 15:15:16|gpt|web_search|11|JSON_VERIFIED||2368|641e1adc-b3d1-4757-90c1-19fdf98b018c
2026-03-25 15:15:16|gpt|web_search|11|QUESTION|93|2368|641e1adc-b3d1-4757-90c1-19fdf98b018c
2026-03-25 15:15:16|gpt|web_search|11|JSON_SAVED||2368|641e1adc-b3d1-4757-90c1-19fdf98b018c
2026-03-25 15:15:16|gpt|web_search|11|QUESTION_ADVANCE||2369|0515a0f2-1b17-4ad2-ad06-589bd95755af
2026-03-25 15:15:17|gpt|web_search|10|JSON_VERIFIED||2158|befb954d-3e4e-4190-9271-8ca0749f38f8
2026-03-25 15:15:17|gpt|web_search|10|QUESTION|88|2158|befb954d-3e4e-4190-9271-8ca0749f38f8
2026-03-25 15:15:17|gpt|web_search|10|JSON_SAVED||2158|befb954d-3e4e-4190-9271-8ca0749f38f8
2026-03-25 15:15:17|gpt|web_search|10|QUESTION_ADVANCE||2159|927780f6-d0f9-4faa-9896-903cee158306
2026-03-25 15:15:33|gpt|web_search|13|JSON_VERIFIED||2547|14e3a95c-ad90-494f-96bf-a4b387291cce
2026-03-25 15:15:33|gpt|web_search|13|QUESTION|66|2547|14e3a95c-ad90-494f-96bf-a4b387291cce
2026-03-25 15:15:33|gpt|web_search|13|JSON_SAVED||2547|14e3a95c-ad90-494f-96bf-a4b387291cce
2026-03-25 15:15:33|gpt|web_search|13|QUESTION_ADVANCE||2548|c999f668-f875-4355-8c74-17ca665a30bd
2026-03-25 15:15:42|gpt|web_search|11|QUESTION_SENT||2369|0515a0f2-1b17-4ad2-ad06-589bd95755af
2026-03-25 15:15:43|gpt|web_search|10|QUESTION_SENT||2159|927780f6-d0f9-4faa-9896-903cee158306
2026-03-25 15:16:17|gpt|web_search|11|JSON_VERIFIED||2369|0515a0f2-1b17-4ad2-ad06-589bd95755af
2026-03-25 15:16:17|gpt|web_search|11|QUESTION|94|2369|0515a0f2-1b17-4ad2-ad06-589bd95755af
2026-03-25 15:16:17|gpt|web_search|11|JSON_SAVED||2369|0515a0f2-1b17-4ad2-ad06-589bd95755af
2026-03-25 15:16:17|gpt|web_search|11|QUESTION_ADVANCE||2370|4c8e672d-e6e7-49bf-bd7d-457e8d221c09
2026-03-25 15:16:17|gpt|web_search|13|QUESTION_SENT||2548|c999f668-f875-4355-8c74-17ca665a30bd
2026-03-25 15:16:22|gpt|web_search|10|JSON_VERIFIED||2159|927780f6-d0f9-4faa-9896-903cee158306
2026-03-25 15:16:22|gpt|web_search|10|QUESTION|89|2159|927780f6-d0f9-4faa-9896-903cee158306
2026-03-25 15:16:22|gpt|web_search|10|JSON_SAVED||2159|927780f6-d0f9-4faa-9896-903cee158306
2026-03-25 15:16:22|gpt|web_search|10|QUESTION_ADVANCE||2160|126085e6-13ae-4a6a-98c8-ab0d1952d697
2026-03-25 15:16:54|gpt|web_search|13|JSON_VERIFIED||2548|c999f668-f875-4355-8c74-17ca665a30bd
2026-03-25 15:16:54|gpt|web_search|13|QUESTION|67|2548|c999f668-f875-4355-8c74-17ca665a30bd
2026-03-25 15:16:54|gpt|web_search|13|JSON_SAVED||2548|c999f668-f875-4355-8c74-17ca665a30bd
2026-03-25 15:16:54|gpt|web_search|13|QUESTION_ADVANCE||2549|508bfa47-d52e-4fc8-82f9-fb3843f59ca9
2026-03-25 15:16:59|gpt|web_search|11|QUESTION_SENT||2370|4c8e672d-e6e7-49bf-bd7d-457e8d221c09
2026-03-25 15:17:06|gpt|web_search|10|QUESTION_SENT||2160|126085e6-13ae-4a6a-98c8-ab0d1952d697
2026-03-25 15:17:33|gpt|web_search|11|JSON_VERIFIED||2370|4c8e672d-e6e7-49bf-bd7d-457e8d221c09
2026-03-25 15:17:33|gpt|web_search|11|QUESTION|95|2370|4c8e672d-e6e7-49bf-bd7d-457e8d221c09
2026-03-25 15:17:33|gpt|web_search|11|JSON_SAVED||2370|4c8e672d-e6e7-49bf-bd7d-457e8d221c09
2026-03-25 15:17:33|gpt|web_search|11|QUESTION_ADVANCE||2371|1cbf9dc3-ba5f-42b1-8432-8b2f072fea90
2026-03-25 15:17:39|gpt|web_search|13|QUESTION_SENT||2549|508bfa47-d52e-4fc8-82f9-fb3843f59ca9
2026-03-25 15:17:42|gpt|web_search|10|JSON_VERIFIED||2160|126085e6-13ae-4a6a-98c8-ab0d1952d697
2026-03-25 15:17:42|gpt|web_search|10|QUESTION|90|2160|126085e6-13ae-4a6a-98c8-ab0d1952d697
2026-03-25 15:17:42|gpt|web_search|10|JSON_SAVED||2160|126085e6-13ae-4a6a-98c8-ab0d1952d697
2026-03-25 15:17:42|gpt|web_search|10|QUESTION_ADVANCE||2161|e101d4d0-74cc-4543-8fb2-92e02dbec839
2026-03-25 15:18:14|gpt|web_search|13|JSON_VERIFIED||2549|508bfa47-d52e-4fc8-82f9-fb3843f59ca9
2026-03-25 15:18:14|gpt|web_search|13|QUESTION|68|2549|508bfa47-d52e-4fc8-82f9-fb3843f59ca9
2026-03-25 15:18:14|gpt|web_search|13|JSON_SAVED||2549|508bfa47-d52e-4fc8-82f9-fb3843f59ca9
2026-03-25 15:18:14|gpt|web_search|13|QUESTION_ADVANCE||2550|b59d5794-97da-4538-af65-0ef8bb200610
2026-03-25 15:18:17|gpt|web_search|11|QUESTION_SENT||2371|1cbf9dc3-ba5f-42b1-8432-8b2f072fea90
2026-03-25 15:18:29|gpt|web_search|10|QUESTION_SENT||2161|e101d4d0-74cc-4543-8fb2-92e02dbec839
2026-03-25 15:18:57|gpt|web_search|11|JSON_VERIFIED||2371|1cbf9dc3-ba5f-42b1-8432-8b2f072fea90
2026-03-25 15:18:57|gpt|web_search|11|QUESTION|96|2371|1cbf9dc3-ba5f-42b1-8432-8b2f072fea90
2026-03-25 15:18:57|gpt|web_search|11|JSON_SAVED||2371|1cbf9dc3-ba5f-42b1-8432-8b2f072fea90
2026-03-25 15:18:57|gpt|web_search|11|QUESTION_ADVANCE||2372|07ad34b9-5448-4e3c-9af1-af8a6949f80e
2026-03-25 15:18:59|gpt|web_search|13|QUESTION_SENT||2550|b59d5794-97da-4538-af65-0ef8bb200610
2026-03-25 15:19:07|gpt|web_search|10|JSON_VERIFIED||2161|e101d4d0-74cc-4543-8fb2-92e02dbec839
2026-03-25 15:19:07|gpt|web_search|10|QUESTION|91|2161|e101d4d0-74cc-4543-8fb2-92e02dbec839
2026-03-25 15:19:07|gpt|web_search|10|JSON_SAVED||2161|e101d4d0-74cc-4543-8fb2-92e02dbec839
2026-03-25 15:19:07|gpt|web_search|10|QUESTION_ADVANCE||2162|3e001890-e9e5-4e31-8e54-8bf60658a8de
2026-03-25 15:19:35|gpt|web_search|13|JSON_VERIFIED||2550|b59d5794-97da-4538-af65-0ef8bb200610
2026-03-25 15:19:35|gpt|web_search|13|QUESTION|69|2550|b59d5794-97da-4538-af65-0ef8bb200610
2026-03-25 15:19:35|gpt|web_search|13|JSON_SAVED||2550|b59d5794-97da-4538-af65-0ef8bb200610
2026-03-25 15:19:35|gpt|web_search|13|QUESTION_ADVANCE||2551|dad835b2-9f03-4f26-a0d9-d55271292cf2
2026-03-25 15:19:35|gpt|web_search|11|QUESTION_SENT||2372|07ad34b9-5448-4e3c-9af1-af8a6949f80e
2026-03-25 15:19:52|gpt|web_search|10|QUESTION_SENT||2162|3e001890-e9e5-4e31-8e54-8bf60658a8de
2026-03-25 15:20:12|gpt|web_search|11|JSON_VERIFIED||2372|07ad34b9-5448-4e3c-9af1-af8a6949f80e
2026-03-25 15:20:12|gpt|web_search|11|QUESTION|97|2372|07ad34b9-5448-4e3c-9af1-af8a6949f80e
2026-03-25 15:20:12|gpt|web_search|11|JSON_SAVED||2372|07ad34b9-5448-4e3c-9af1-af8a6949f80e
2026-03-25 15:20:12|gpt|web_search|11|QUESTION_ADVANCE||2373|8179b753-bc8f-4401-83f4-1a1a6765ba09
2026-03-25 15:20:20|gpt|web_search|13|QUESTION_SENT||2551|dad835b2-9f03-4f26-a0d9-d55271292cf2
2026-03-25 15:20:35|gpt|web_search|10|JSON_VERIFIED||2162|3e001890-e9e5-4e31-8e54-8bf60658a8de
2026-03-25 15:20:35|gpt|web_search|10|QUESTION|92|2162|3e001890-e9e5-4e31-8e54-8bf60658a8de
2026-03-25 15:20:35|gpt|web_search|10|JSON_SAVED||2162|3e001890-e9e5-4e31-8e54-8bf60658a8de
2026-03-25 15:20:35|gpt|web_search|10|QUESTION_ADVANCE||2163|79ff5c3a-cc71-4f45-b285-b8a747902033
2026-03-25 15:20:53|gpt|web_search|11|QUESTION_SENT||2373|8179b753-bc8f-4401-83f4-1a1a6765ba09
2026-03-25 15:20:56|gpt|web_search|13|JSON_VERIFY_FAILED||2551|dad835b2-9f03-4f26-a0d9-d55271292cf2
2026-03-25 15:20:56|gpt|web_search|13|QUESTION|70|2551|dad835b2-9f03-4f26-a0d9-d55271292cf2
2026-03-25 15:21:05|gpt|web_search|13|QUESTION_SENT||2551|dad835b2-9f03-4f26-a0d9-d55271292cf2
2026-03-25 15:21:15|gpt|web_search|10|QUESTION_SENT||2163|79ff5c3a-cc71-4f45-b285-b8a747902033
2026-03-25 15:21:29|gpt|web_search|11|JSON_VERIFIED||2373|8179b753-bc8f-4401-83f4-1a1a6765ba09
2026-03-25 15:21:29|gpt|web_search|11|QUESTION|98|2373|8179b753-bc8f-4401-83f4-1a1a6765ba09
2026-03-25 15:21:29|gpt|web_search|11|JSON_SAVED||2373|8179b753-bc8f-4401-83f4-1a1a6765ba09
2026-03-25 15:21:29|gpt|web_search|11|QUESTION_ADVANCE||2374|a2ae0626-1b35-4419-98f5-fc2f2af7e157
2026-03-25 15:21:31|gpt|web_search|13|JSON_VERIFIED||2551|dad835b2-9f03-4f26-a0d9-d55271292cf2
2026-03-25 15:21:31|gpt|web_search|13|QUESTION|71|2551|dad835b2-9f03-4f26-a0d9-d55271292cf2
2026-03-25 15:21:31|gpt|web_search|13|JSON_SAVED||2551|dad835b2-9f03-4f26-a0d9-d55271292cf2
2026-03-25 15:21:31|gpt|web_search|13|QUESTION_ADVANCE||2552|f9c13189-7d81-4c7e-b5b9-a6dafccb6538
2026-03-25 15:21:52|gpt|web_search|10|JSON_VERIFIED||2163|79ff5c3a-cc71-4f45-b285-b8a747902033
2026-03-25 15:21:52|gpt|web_search|10|QUESTION|93|2163|79ff5c3a-cc71-4f45-b285-b8a747902033
2026-03-25 15:21:52|gpt|web_search|10|JSON_SAVED||2163|79ff5c3a-cc71-4f45-b285-b8a747902033
2026-03-25 15:21:52|gpt|web_search|10|QUESTION_ADVANCE||2164|d04342f5-cc65-4e28-a982-4eade163e6ea
2026-03-25 15:22:11|gpt|web_search|11|QUESTION_SENT||2374|a2ae0626-1b35-4419-98f5-fc2f2af7e157
2026-03-25 15:22:27|gpt|web_search|13|QUESTION_SENT||2552|f9c13189-7d81-4c7e-b5b9-a6dafccb6538
2026-03-25 15:22:38|gpt|web_search|10|QUESTION_SENT||2164|d04342f5-cc65-4e28-a982-4eade163e6ea
2026-03-25 15:22:48|gpt|web_search|11|JSON_VERIFIED||2374|a2ae0626-1b35-4419-98f5-fc2f2af7e157
2026-03-25 15:22:48|gpt|web_search|11|QUESTION|99|2374|a2ae0626-1b35-4419-98f5-fc2f2af7e157
2026-03-25 15:22:48|gpt|web_search|11|JSON_SAVED||2374|a2ae0626-1b35-4419-98f5-fc2f2af7e157
2026-03-25 15:22:48|gpt|web_search|11|QUESTION_ADVANCE||2375|74b16ab0-ab20-462d-b729-593c17bc01ad
2026-03-25 15:23:05|gpt|web_search|13|JSON_VERIFIED||2552|f9c13189-7d81-4c7e-b5b9-a6dafccb6538
2026-03-25 15:23:05|gpt|web_search|13|QUESTION|72|2552|f9c13189-7d81-4c7e-b5b9-a6dafccb6538
2026-03-25 15:23:05|gpt|web_search|13|JSON_SAVED||2552|f9c13189-7d81-4c7e-b5b9-a6dafccb6538
2026-03-25 15:23:05|gpt|web_search|13|QUESTION_ADVANCE||2553|330d2b31-3b7c-4731-bec8-ff2086bc6671
2026-03-25 15:23:16|gpt|web_search|10|JSON_VERIFIED||2164|d04342f5-cc65-4e28-a982-4eade163e6ea
2026-03-25 15:23:16|gpt|web_search|10|QUESTION|94|2164|d04342f5-cc65-4e28-a982-4eade163e6ea
2026-03-25 15:23:16|gpt|web_search|10|JSON_SAVED||2164|d04342f5-cc65-4e28-a982-4eade163e6ea
2026-03-25 15:23:16|gpt|web_search|10|QUESTION_ADVANCE||2165|f2167187-777e-4e7d-8981-706cb2250d9d
2026-03-25 15:23:29|gpt|web_search|11|QUESTION_SENT||2375|74b16ab0-ab20-462d-b729-593c17bc01ad
2026-03-25 15:23:48|gpt|web_search|13|QUESTION_SENT||2553|330d2b31-3b7c-4731-bec8-ff2086bc6671
2026-03-25 15:24:01|gpt|web_search|11|JSON_VERIFIED||2375|74b16ab0-ab20-462d-b729-593c17bc01ad
2026-03-25 15:24:01|gpt|web_search|11|QUESTION|100|2375|74b16ab0-ab20-462d-b729-593c17bc01ad
2026-03-25 15:24:01|gpt|web_search|11|JSON_SAVED||2375|74b16ab0-ab20-462d-b729-593c17bc01ad
2026-03-25 15:24:01|gpt|web_search|11|QUESTION_ADVANCE||2376|69d14685-454e-4447-8187-d71c074b5d83
2026-03-25 15:24:01|gpt|web_search|10|QUESTION_SENT||2165|f2167187-777e-4e7d-8981-706cb2250d9d
2026-03-25 15:24:23|gpt|web_search|13|JSON_VERIFIED||2553|330d2b31-3b7c-4731-bec8-ff2086bc6671
2026-03-25 15:24:23|gpt|web_search|13|QUESTION|73|2553|330d2b31-3b7c-4731-bec8-ff2086bc6671
2026-03-25 15:24:23|gpt|web_search|13|JSON_SAVED||2553|330d2b31-3b7c-4731-bec8-ff2086bc6671
2026-03-25 15:24:23|gpt|web_search|13|QUESTION_ADVANCE||2554|c7f2ef54-11f9-495c-8e2f-ca6c517d69b4
2026-03-25 15:24:26|gpt|web_search|10|JSON_VERIFY_FAILED||2165|f2167187-777e-4e7d-8981-706cb2250d9d
2026-03-25 15:24:26|gpt|web_search|10|QUESTION|95|2165|f2167187-777e-4e7d-8981-706cb2250d9d
2026-03-25 15:24:36|gpt|web_search|10|QUESTION_SENT||2165|f2167187-777e-4e7d-8981-706cb2250d9d
2026-03-25 15:24:48|gpt|web_search|11|QUESTION_SENT||2376|69d14685-454e-4447-8187-d71c074b5d83
2026-03-25 15:25:08|gpt|web_search|13|QUESTION_SENT||2554|c7f2ef54-11f9-495c-8e2f-ca6c517d69b4
2026-03-25 15:25:41|gpt|web_search|13|JSON_VERIFIED||2554|c7f2ef54-11f9-495c-8e2f-ca6c517d69b4
2026-03-25 15:25:41|gpt|web_search|13|QUESTION|74|2554|c7f2ef54-11f9-495c-8e2f-ca6c517d69b4
2026-03-25 15:25:41|gpt|web_search|13|JSON_SAVED||2554|c7f2ef54-11f9-495c-8e2f-ca6c517d69b4
2026-03-25 15:25:41|gpt|web_search|13|QUESTION_ADVANCE||2555|edf04812-7922-4ed2-ba06-550d6b9eb2fb
2026-03-25 15:25:59|gpt|web_search|10|QUESTION_SENT||2165|f2167187-777e-4e7d-8981-706cb2250d9d
2026-03-25 15:26:06|gpt|web_search|11|QUESTION_SENT||2376|69d14685-454e-4447-8187-d71c074b5d83
2026-03-25 15:26:29|gpt|web_search|13|QUESTION_SENT||2555|edf04812-7922-4ed2-ba06-550d6b9eb2fb
2026-03-25 15:26:36|gpt|web_search|10|JSON_VERIFIED||2165|f2167187-777e-4e7d-8981-706cb2250d9d
2026-03-25 15:26:36|gpt|web_search|10|QUESTION|96|2165|f2167187-777e-4e7d-8981-706cb2250d9d
2026-03-25 15:26:36|gpt|web_search|10|JSON_SAVED||2165|f2167187-777e-4e7d-8981-706cb2250d9d
2026-03-25 15:26:36|gpt|web_search|10|QUESTION_ADVANCE||2166|468a38b6-3406-4c47-8a8f-93c533a30bee
2026-03-25 15:26:41|gpt|web_search|11|JSON_VERIFIED||2376|69d14685-454e-4447-8187-d71c074b5d83
2026-03-25 15:26:41|gpt|web_search|11|QUESTION|101|2376|69d14685-454e-4447-8187-d71c074b5d83
2026-03-25 15:26:41|gpt|web_search|11|JSON_SAVED||2376|69d14685-454e-4447-8187-d71c074b5d83
2026-03-25 15:26:41|gpt|web_search|11|QUESTION_ADVANCE||2377|02d3456d-d248-4ce3-9ae7-8db28ed56fc8
2026-03-25 15:26:56|gpt|web_search|13|JSON_VERIFY_FAILED||2555|edf04812-7922-4ed2-ba06-550d6b9eb2fb
2026-03-25 15:26:56|gpt|web_search|13|QUESTION|75|2555|edf04812-7922-4ed2-ba06-550d6b9eb2fb
2026-03-25 15:27:22|gpt|web_search|10|QUESTION_SENT||2166|468a38b6-3406-4c47-8a8f-93c533a30bee
2026-03-25 15:27:23|gpt|web_search|11|QUESTION_SENT||2377|02d3456d-d248-4ce3-9ae7-8db28ed56fc8
2026-03-25 15:27:50|gpt|web_search|13|QUESTION_SENT||2555|edf04812-7922-4ed2-ba06-550d6b9eb2fb
2026-03-25 15:27:59|gpt|web_search|11|JSON_VERIFIED||2377|02d3456d-d248-4ce3-9ae7-8db28ed56fc8
2026-03-25 15:27:59|gpt|web_search|11|QUESTION|102|2377|02d3456d-d248-4ce3-9ae7-8db28ed56fc8
2026-03-25 15:27:59|gpt|web_search|11|JSON_SAVED||2377|02d3456d-d248-4ce3-9ae7-8db28ed56fc8
2026-03-25 15:27:59|gpt|web_search|11|QUESTION_ADVANCE||2378|9dfa424d-c728-4b31-8499-80cd524b0640
2026-03-25 15:27:59|gpt|web_search|10|JSON_VERIFIED||2166|468a38b6-3406-4c47-8a8f-93c533a30bee
2026-03-25 15:27:59|gpt|web_search|10|QUESTION|97|2166|468a38b6-3406-4c47-8a8f-93c533a30bee
2026-03-25 15:27:59|gpt|web_search|10|JSON_SAVED||2166|468a38b6-3406-4c47-8a8f-93c533a30bee
2026-03-25 15:27:59|gpt|web_search|10|QUESTION_ADVANCE||2167|6e76490f-7697-41e4-9636-a28b5cec3319
2026-03-25 15:28:30|gpt|web_search|13|JSON_VERIFIED||2555|edf04812-7922-4ed2-ba06-550d6b9eb2fb
2026-03-25 15:28:30|gpt|web_search|13|QUESTION|76|2555|edf04812-7922-4ed2-ba06-550d6b9eb2fb
2026-03-25 15:28:30|gpt|web_search|13|JSON_SAVED||2555|edf04812-7922-4ed2-ba06-550d6b9eb2fb
2026-03-25 15:28:30|gpt|web_search|13|QUESTION_ADVANCE||2556|8f1215ce-1f36-4ba9-83af-b153c4cc010c
2026-03-25 15:28:41|gpt|web_search|11|QUESTION_SENT||2378|9dfa424d-c728-4b31-8499-80cd524b0640
2026-03-25 15:28:45|gpt|web_search|10|QUESTION_SENT||2167|6e76490f-7697-41e4-9636-a28b5cec3319
2026-03-25 15:29:11|gpt|web_search|13|QUESTION_SENT||2556|8f1215ce-1f36-4ba9-83af-b153c4cc010c
2026-03-25 15:29:15|gpt|web_search|11|JSON_VERIFIED||2378|9dfa424d-c728-4b31-8499-80cd524b0640
2026-03-25 15:29:15|gpt|web_search|11|QUESTION|103|2378|9dfa424d-c728-4b31-8499-80cd524b0640
2026-03-25 15:29:15|gpt|web_search|11|JSON_SAVED||2378|9dfa424d-c728-4b31-8499-80cd524b0640
2026-03-25 15:29:15|gpt|web_search|11|QUESTION_ADVANCE||2379|24a3f1b0-7e60-4ca8-b261-6c17e6952ca2
2026-03-25 15:29:22|gpt|web_search|10|JSON_VERIFIED||2167|6e76490f-7697-41e4-9636-a28b5cec3319
2026-03-25 15:29:22|gpt|web_search|10|QUESTION|98|2167|6e76490f-7697-41e4-9636-a28b5cec3319
2026-03-25 15:29:22|gpt|web_search|10|JSON_SAVED||2167|6e76490f-7697-41e4-9636-a28b5cec3319
2026-03-25 15:29:22|gpt|web_search|10|QUESTION_ADVANCE||2168|8678e2d6-1a28-4309-ab46-a1f90972949b
2026-03-25 15:29:45|gpt|web_search|13|JSON_VERIFIED||2556|8f1215ce-1f36-4ba9-83af-b153c4cc010c
2026-03-25 15:29:45|gpt|web_search|13|QUESTION|77|2556|8f1215ce-1f36-4ba9-83af-b153c4cc010c
2026-03-25 15:29:45|gpt|web_search|13|JSON_SAVED||2556|8f1215ce-1f36-4ba9-83af-b153c4cc010c
2026-03-25 15:29:45|gpt|web_search|13|QUESTION_ADVANCE||2557|5e30f229-09df-43ca-a2e8-75b66110f071
2026-03-25 15:29:59|gpt|web_search|11|QUESTION_SENT||2379|24a3f1b0-7e60-4ca8-b261-6c17e6952ca2
2026-03-25 15:30:08|gpt|web_search|10|QUESTION_SENT||2168|8678e2d6-1a28-4309-ab46-a1f90972949b
2026-03-25 15:30:32|gpt|web_search|13|QUESTION_SENT||2557|5e30f229-09df-43ca-a2e8-75b66110f071
2026-03-25 15:31:09|gpt|web_search|13|JSON_VERIFIED||2557|5e30f229-09df-43ca-a2e8-75b66110f071
2026-03-25 15:31:09|gpt|web_search|13|QUESTION|78|2557|5e30f229-09df-43ca-a2e8-75b66110f071
2026-03-25 15:31:09|gpt|web_search|13|JSON_SAVED||2557|5e30f229-09df-43ca-a2e8-75b66110f071
2026-03-25 15:31:09|gpt|web_search|13|QUESTION_ADVANCE||2558|b93c4634-f40b-4c86-a631-1112dd6e9afb
2026-03-25 15:31:17|gpt|web_search|11|QUESTION_SENT||2379|24a3f1b0-7e60-4ca8-b261-6c17e6952ca2
2026-03-25 15:31:31|gpt|web_search|10|QUESTION_SENT||2168|8678e2d6-1a28-4309-ab46-a1f90972949b
2026-03-25 15:31:51|gpt|web_search|11|JSON_VERIFIED||2379|24a3f1b0-7e60-4ca8-b261-6c17e6952ca2
2026-03-25 15:31:51|gpt|web_search|11|QUESTION|104|2379|24a3f1b0-7e60-4ca8-b261-6c17e6952ca2
2026-03-25 15:31:51|gpt|web_search|11|JSON_SAVED||2379|24a3f1b0-7e60-4ca8-b261-6c17e6952ca2
2026-03-25 15:31:51|gpt|web_search|11|QUESTION_ADVANCE||2380|47f4b6a7-3bd5-4930-a781-055db866be7d
2026-03-25 15:31:53|gpt|web_search|13|QUESTION_SENT||2558|b93c4634-f40b-4c86-a631-1112dd6e9afb
2026-03-25 15:32:09|gpt|web_search|10|JSON_VERIFIED||2168|8678e2d6-1a28-4309-ab46-a1f90972949b
2026-03-25 15:32:09|gpt|web_search|10|QUESTION|99|2168|8678e2d6-1a28-4309-ab46-a1f90972949b
2026-03-25 15:32:09|gpt|web_search|10|JSON_SAVED||2168|8678e2d6-1a28-4309-ab46-a1f90972949b
2026-03-25 15:32:09|gpt|web_search|10|QUESTION_ADVANCE||2169|541f2aa0-0e7c-4eca-bf3d-293cdf45805b
2026-03-25 15:32:26|gpt|web_search|13|JSON_VERIFIED||2558|b93c4634-f40b-4c86-a631-1112dd6e9afb
2026-03-25 15:32:26|gpt|web_search|13|QUESTION|79|2558|b93c4634-f40b-4c86-a631-1112dd6e9afb
2026-03-25 15:32:26|gpt|web_search|13|JSON_SAVED||2558|b93c4634-f40b-4c86-a631-1112dd6e9afb
2026-03-25 15:32:26|gpt|web_search|13|QUESTION_ADVANCE||2559|ead38f6e-7044-42c8-8173-f0abce73f176
2026-03-25 15:32:35|gpt|web_search|11|QUESTION_SENT||2380|47f4b6a7-3bd5-4930-a781-055db866be7d
2026-03-25 15:32:54|gpt|web_search|10|QUESTION_SENT||2169|541f2aa0-0e7c-4eca-bf3d-293cdf45805b
2026-03-25 15:33:14|gpt|web_search|13|QUESTION_SENT||2559|ead38f6e-7044-42c8-8173-f0abce73f176
2026-03-25 15:33:24|gpt|web_search|11|JSON_VERIFIED||2380|47f4b6a7-3bd5-4930-a781-055db866be7d
2026-03-25 15:33:24|gpt|web_search|11|QUESTION|105|2380|47f4b6a7-3bd5-4930-a781-055db866be7d
2026-03-25 15:33:24|gpt|web_search|11|JSON_SAVED||2380|47f4b6a7-3bd5-4930-a781-055db866be7d
2026-03-25 15:33:24|gpt|web_search|11|QUESTION_ADVANCE||2381|9328b6dd-8ad3-4bb8-846a-49424f0d4d16
2026-03-25 15:33:31|gpt|web_search|10|JSON_VERIFIED||2169|541f2aa0-0e7c-4eca-bf3d-293cdf45805b
2026-03-25 15:33:31|gpt|web_search|10|QUESTION|100|2169|541f2aa0-0e7c-4eca-bf3d-293cdf45805b
2026-03-25 15:33:31|gpt|web_search|10|JSON_SAVED||2169|541f2aa0-0e7c-4eca-bf3d-293cdf45805b
2026-03-25 15:33:31|gpt|web_search|10|QUESTION_ADVANCE||2170|f96faeff-ab1e-4a07-a9ae-7fca548938d8
2026-03-25 15:33:50|gpt|web_search|11|QUESTION_SENT||2381|9328b6dd-8ad3-4bb8-846a-49424f0d4d16
2026-03-25 15:33:51|gpt|web_search|13|JSON_VERIFIED||2559|ead38f6e-7044-42c8-8173-f0abce73f176
2026-03-25 15:33:51|gpt|web_search|13|QUESTION|80|2559|ead38f6e-7044-42c8-8173-f0abce73f176
2026-03-25 15:33:51|gpt|web_search|13|JSON_SAVED||2559|ead38f6e-7044-42c8-8173-f0abce73f176
2026-03-25 15:33:51|gpt|web_search|13|QUESTION_ADVANCE||2560|acf4e526-f460-4bdd-9547-9544a6e81f9b
2026-03-25 15:34:17|gpt|web_search|10|QUESTION_SENT||2170|f96faeff-ab1e-4a07-a9ae-7fca548938d8
2026-03-25 15:34:27|gpt|web_search|11|JSON_VERIFIED||2381|9328b6dd-8ad3-4bb8-846a-49424f0d4d16
2026-03-25 15:34:27|gpt|web_search|11|QUESTION|106|2381|9328b6dd-8ad3-4bb8-846a-49424f0d4d16
2026-03-25 15:34:27|gpt|web_search|11|JSON_SAVED||2381|9328b6dd-8ad3-4bb8-846a-49424f0d4d16
2026-03-25 15:34:27|gpt|web_search|11|QUESTION_ADVANCE||2382|176ffb8f-59a1-47f0-970d-f65e2e0293f4
2026-03-25 15:34:36|gpt|web_search|13|QUESTION_SENT||2560|acf4e526-f460-4bdd-9547-9544a6e81f9b
2026-03-25 15:35:00|gpt|web_search|10|JSON_VERIFIED||2170|f96faeff-ab1e-4a07-a9ae-7fca548938d8
2026-03-25 15:35:00|gpt|web_search|10|QUESTION|101|2170|f96faeff-ab1e-4a07-a9ae-7fca548938d8
2026-03-25 15:35:00|gpt|web_search|10|JSON_SAVED||2170|f96faeff-ab1e-4a07-a9ae-7fca548938d8
2026-03-25 15:35:00|gpt|web_search|10|QUESTION_ADVANCE||2171|9affd1ce-f59c-4d7a-9415-096e3c079dc5
2026-03-25 15:35:08|gpt|web_search|13|JSON_VERIFY_FAILED||2560|acf4e526-f460-4bdd-9547-9544a6e81f9b
2026-03-25 15:35:08|gpt|web_search|13|QUESTION|81|2560|acf4e526-f460-4bdd-9547-9544a6e81f9b
2026-03-25 15:35:09|gpt|web_search|11|QUESTION_SENT||2382|176ffb8f-59a1-47f0-970d-f65e2e0293f4
2026-03-25 15:35:40|gpt|web_search|10|QUESTION_SENT||2171|9affd1ce-f59c-4d7a-9415-096e3c079dc5
2026-03-25 15:35:44|gpt|web_search|11|JSON_VERIFIED||2382|176ffb8f-59a1-47f0-970d-f65e2e0293f4
2026-03-25 15:35:44|gpt|web_search|11|QUESTION|107|2382|176ffb8f-59a1-47f0-970d-f65e2e0293f4
2026-03-25 15:35:44|gpt|web_search|11|JSON_SAVED||2382|176ffb8f-59a1-47f0-970d-f65e2e0293f4
2026-03-25 15:35:44|gpt|web_search|11|QUESTION_ADVANCE||2383|6f97cee9-7971-4e4c-8948-ec12027c050c
2026-03-25 15:35:57|gpt|web_search|13|QUESTION_SENT||2560|acf4e526-f460-4bdd-9547-9544a6e81f9b
2026-03-25 15:36:26|gpt|web_search|11|QUESTION_SENT||2383|6f97cee9-7971-4e4c-8948-ec12027c050c
2026-03-25 15:36:32|gpt|web_search|13|JSON_VERIFIED||2560|acf4e526-f460-4bdd-9547-9544a6e81f9b
2026-03-25 15:36:32|gpt|web_search|13|QUESTION|82|2560|acf4e526-f460-4bdd-9547-9544a6e81f9b
2026-03-25 15:36:32|gpt|web_search|13|JSON_SAVED||2560|acf4e526-f460-4bdd-9547-9544a6e81f9b
2026-03-25 15:36:32|gpt|web_search|13|QUESTION_ADVANCE||2561|47871582-191a-4d78-9374-9b60d955b480
2026-03-25 15:37:13|gpt|web_search|10|JSON_VERIFIED||2171|9affd1ce-f59c-4d7a-9415-096e3c079dc5
2026-03-25 15:37:13|gpt|web_search|10|QUESTION|102|2171|9affd1ce-f59c-4d7a-9415-096e3c079dc5
2026-03-25 15:37:13|gpt|web_search|10|JSON_SAVED||2171|9affd1ce-f59c-4d7a-9415-096e3c079dc5
2026-03-25 15:37:13|gpt|web_search|10|QUESTION_ADVANCE||2172|192b4f9b-d9ab-4ff1-9b84-9f42cccefe4a
2026-03-25 15:37:17|gpt|web_search|13|QUESTION_SENT||2561|47871582-191a-4d78-9374-9b60d955b480
2026-03-25 15:37:38|gpt|web_search|10|QUESTION_SENT||2172|192b4f9b-d9ab-4ff1-9b84-9f42cccefe4a
2026-03-25 15:37:44|gpt|web_search|11|QUESTION_SENT||2383|6f97cee9-7971-4e4c-8948-ec12027c050c
2026-03-25 15:38:04|gpt|web_search|13|JSON_VERIFIED||2561|47871582-191a-4d78-9374-9b60d955b480
2026-03-25 15:38:04|gpt|web_search|13|QUESTION|83|2561|47871582-191a-4d78-9374-9b60d955b480
2026-03-25 15:38:04|gpt|web_search|13|JSON_SAVED||2561|47871582-191a-4d78-9374-9b60d955b480
2026-03-25 15:38:04|gpt|web_search|13|QUESTION_ADVANCE||2562|18467b4a-a9aa-4f11-8775-503d1df83b08
2026-03-25 15:38:12|gpt|web_search|10|JSON_VERIFIED||2172|192b4f9b-d9ab-4ff1-9b84-9f42cccefe4a
2026-03-25 15:38:12|gpt|web_search|10|QUESTION|103|2172|192b4f9b-d9ab-4ff1-9b84-9f42cccefe4a
2026-03-25 15:38:12|gpt|web_search|10|JSON_SAVED||2172|192b4f9b-d9ab-4ff1-9b84-9f42cccefe4a
2026-03-25 15:38:12|gpt|web_search|10|QUESTION_ADVANCE||2173|d79dcbfe-329e-48c1-9cd5-728439a5ff8a
2026-03-25 15:38:20|gpt|web_search|11|JSON_VERIFIED||2383|6f97cee9-7971-4e4c-8948-ec12027c050c
2026-03-25 15:38:20|gpt|web_search|11|QUESTION|108|2383|6f97cee9-7971-4e4c-8948-ec12027c050c
2026-03-25 15:38:20|gpt|web_search|11|JSON_SAVED||2383|6f97cee9-7971-4e4c-8948-ec12027c050c
2026-03-25 15:38:20|gpt|web_search|11|QUESTION_ADVANCE||2384|dc78cda1-5722-4030-a44f-a8e37605e7cc
2026-03-25 15:38:30|gpt|web_search|13|QUESTION_SENT||2562|18467b4a-a9aa-4f11-8775-503d1df83b08
2026-03-25 15:39:01|gpt|web_search|10|QUESTION_SENT||2173|d79dcbfe-329e-48c1-9cd5-728439a5ff8a
2026-03-25 15:39:02|gpt|web_search|11|QUESTION_SENT||2384|dc78cda1-5722-4030-a44f-a8e37605e7cc
2026-03-25 15:39:39|gpt|web_search|11|JSON_VERIFIED||2384|dc78cda1-5722-4030-a44f-a8e37605e7cc
2026-03-25 15:39:39|gpt|web_search|11|QUESTION|109|2384|dc78cda1-5722-4030-a44f-a8e37605e7cc
2026-03-25 15:39:39|gpt|web_search|11|JSON_SAVED||2384|dc78cda1-5722-4030-a44f-a8e37605e7cc
2026-03-25 15:39:39|gpt|web_search|11|QUESTION_ADVANCE||2385|d7cc997b-089c-4f12-b675-4ce8272350cb
2026-03-25 15:39:41|gpt|web_search|10|JSON_VERIFIED||2173|d79dcbfe-329e-48c1-9cd5-728439a5ff8a
2026-03-25 15:39:41|gpt|web_search|10|QUESTION|104|2173|d79dcbfe-329e-48c1-9cd5-728439a5ff8a
2026-03-25 15:39:41|gpt|web_search|10|JSON_SAVED||2173|d79dcbfe-329e-48c1-9cd5-728439a5ff8a
2026-03-25 15:39:41|gpt|web_search|10|QUESTION_ADVANCE||2174|97c6f04c-b155-4d94-b212-65e7b20064c3
2026-03-25 15:39:51|gpt|web_search|13|QUESTION_SENT||2562|18467b4a-a9aa-4f11-8775-503d1df83b08
2026-03-25 15:40:20|gpt|web_search|11|QUESTION_SENT||2385|d7cc997b-089c-4f12-b675-4ce8272350cb
2026-03-25 15:40:24|gpt|web_search|10|QUESTION_SENT||2174|97c6f04c-b155-4d94-b212-65e7b20064c3
2026-03-25 15:40:26|gpt|web_search|13|JSON_VERIFIED||2562|18467b4a-a9aa-4f11-8775-503d1df83b08
2026-03-25 15:40:26|gpt|web_search|13|QUESTION|84|2562|18467b4a-a9aa-4f11-8775-503d1df83b08
2026-03-25 15:40:26|gpt|web_search|13|JSON_SAVED||2562|18467b4a-a9aa-4f11-8775-503d1df83b08
2026-03-25 15:40:26|gpt|web_search|13|QUESTION_ADVANCE||2563|01180904-35b9-4955-8005-7b01bddef7ce
2026-03-25 15:40:54|gpt|web_search|10|JSON_VERIFY_FAILED||2174|97c6f04c-b155-4d94-b212-65e7b20064c3
2026-03-25 15:40:54|gpt|web_search|10|QUESTION|105|2174|97c6f04c-b155-4d94-b212-65e7b20064c3
2026-03-25 15:41:12|gpt|web_search|13|QUESTION_SENT||2563|01180904-35b9-4955-8005-7b01bddef7ce
2026-03-25 15:41:38|gpt|web_search|11|QUESTION_SENT||2385|d7cc997b-089c-4f12-b675-4ce8272350cb
2026-03-25 15:41:47|gpt|web_search|13|JSON_VERIFIED||2563|01180904-35b9-4955-8005-7b01bddef7ce
2026-03-25 15:41:47|gpt|web_search|13|QUESTION|85|2563|01180904-35b9-4955-8005-7b01bddef7ce
2026-03-25 15:41:47|gpt|web_search|13|JSON_SAVED||2563|01180904-35b9-4955-8005-7b01bddef7ce
2026-03-25 15:41:47|gpt|web_search|13|QUESTION_ADVANCE||2564|f85ec4e0-b5a6-4428-95bb-4b3dda054786
2026-03-25 15:41:47|gpt|web_search|10|QUESTION_SENT||2174|97c6f04c-b155-4d94-b212-65e7b20064c3
2026-03-25 15:42:32|gpt|web_search|13|QUESTION_SENT||2564|f85ec4e0-b5a6-4428-95bb-4b3dda054786
2026-03-25 15:42:49|gpt|web_search|11|JSON_VERIFIED||2385|d7cc997b-089c-4f12-b675-4ce8272350cb
2026-03-25 15:42:49|gpt|web_search|11|QUESTION|110|2385|d7cc997b-089c-4f12-b675-4ce8272350cb
2026-03-25 15:42:49|gpt|web_search|11|JSON_SAVED||2385|d7cc997b-089c-4f12-b675-4ce8272350cb
2026-03-25 15:42:49|gpt|web_search|11|QUESTION_ADVANCE||2386|635f891e-efe9-4005-be96-d0910a3f230a
2026-03-25 15:43:09|gpt|web_search|13|JSON_VERIFIED||2564|f85ec4e0-b5a6-4428-95bb-4b3dda054786
2026-03-25 15:43:09|gpt|web_search|13|QUESTION|86|2564|f85ec4e0-b5a6-4428-95bb-4b3dda054786
2026-03-25 15:43:09|gpt|web_search|13|JSON_SAVED||2564|f85ec4e0-b5a6-4428-95bb-4b3dda054786
2026-03-25 15:43:09|gpt|web_search|13|QUESTION_ADVANCE||2565|09e0a9de-a285-4463-9f0d-755a65661c3e
2026-03-25 15:43:11|gpt|web_search|10|QUESTION_SENT||2174|97c6f04c-b155-4d94-b212-65e7b20064c3
2026-03-25 15:43:15|gpt|web_search|11|QUESTION_SENT||2386|635f891e-efe9-4005-be96-d0910a3f230a
2026-03-25 15:43:50|gpt|web_search|10|JSON_VERIFIED||2174|97c6f04c-b155-4d94-b212-65e7b20064c3
2026-03-25 15:43:50|gpt|web_search|10|QUESTION|106|2174|97c6f04c-b155-4d94-b212-65e7b20064c3
2026-03-25 15:43:50|gpt|web_search|10|JSON_SAVED||2174|97c6f04c-b155-4d94-b212-65e7b20064c3
2026-03-25 15:43:50|gpt|web_search|10|QUESTION_ADVANCE||2175|2f441df7-abb9-4b6d-ada7-5fda2522576f
2026-03-25 15:43:52|gpt|web_search|11|JSON_VERIFIED||2386|635f891e-efe9-4005-be96-d0910a3f230a
2026-03-25 15:43:52|gpt|web_search|11|QUESTION|111|2386|635f891e-efe9-4005-be96-d0910a3f230a
2026-03-25 15:43:52|gpt|web_search|11|JSON_SAVED||2386|635f891e-efe9-4005-be96-d0910a3f230a
2026-03-25 15:43:52|gpt|web_search|11|QUESTION_ADVANCE||2387|57f452ca-d1b2-428a-9b41-e98a89e4f1c3
2026-03-25 15:43:54|gpt|web_search|13|QUESTION_SENT||2565|09e0a9de-a285-4463-9f0d-755a65661c3e
2026-03-25 15:44:28|gpt|web_search|13|JSON_VERIFIED||2565|09e0a9de-a285-4463-9f0d-755a65661c3e
2026-03-25 15:44:28|gpt|web_search|13|QUESTION|87|2565|09e0a9de-a285-4463-9f0d-755a65661c3e
2026-03-25 15:44:28|gpt|web_search|13|JSON_SAVED||2565|09e0a9de-a285-4463-9f0d-755a65661c3e
2026-03-25 15:44:28|gpt|web_search|13|QUESTION_ADVANCE||2566|e484c1c5-011e-48b4-9618-ac5fc28e81aa
2026-03-25 15:44:33|gpt|web_search|11|QUESTION_SENT||2387|57f452ca-d1b2-428a-9b41-e98a89e4f1c3
2026-03-25 15:44:34|gpt|web_search|10|QUESTION_SENT||2175|2f441df7-abb9-4b6d-ada7-5fda2522576f
2026-03-25 15:45:13|gpt|web_search|10|JSON_VERIFIED||2175|2f441df7-abb9-4b6d-ada7-5fda2522576f
2026-03-25 15:45:13|gpt|web_search|10|QUESTION|107|2175|2f441df7-abb9-4b6d-ada7-5fda2522576f
2026-03-25 15:45:13|gpt|web_search|10|JSON_SAVED||2175|2f441df7-abb9-4b6d-ada7-5fda2522576f
2026-03-25 15:45:13|gpt|web_search|10|QUESTION_ADVANCE||2176|481173c5-2ea1-49aa-818f-3b1ed1efff89
2026-03-25 15:45:15|gpt|web_search|13|QUESTION_SENT||2566|e484c1c5-011e-48b4-9618-ac5fc28e81aa
2026-03-25 15:45:30|gpt|web_search|11|JSON_VERIFIED||2387|57f452ca-d1b2-428a-9b41-e98a89e4f1c3
2026-03-25 15:45:30|gpt|web_search|11|QUESTION|112|2387|57f452ca-d1b2-428a-9b41-e98a89e4f1c3
2026-03-25 15:45:30|gpt|web_search|11|JSON_SAVED||2387|57f452ca-d1b2-428a-9b41-e98a89e4f1c3
2026-03-25 15:45:30|gpt|web_search|11|QUESTION_ADVANCE||2388|8576a2db-0d16-4684-b88c-fd6a1e4e94ce
2026-03-25 15:45:53|gpt|web_search|13|JSON_VERIFIED||2566|e484c1c5-011e-48b4-9618-ac5fc28e81aa
2026-03-25 15:45:53|gpt|web_search|13|QUESTION|88|2566|e484c1c5-011e-48b4-9618-ac5fc28e81aa
2026-03-25 15:45:53|gpt|web_search|13|JSON_SAVED||2566|e484c1c5-011e-48b4-9618-ac5fc28e81aa
2026-03-25 15:45:53|gpt|web_search|13|QUESTION_ADVANCE||2567|dd540e23-d5b0-4ba7-9a64-afe5102c8f15
2026-03-25 15:45:56|gpt|web_search|11|QUESTION_SENT||2388|8576a2db-0d16-4684-b88c-fd6a1e4e94ce
2026-03-25 15:45:57|gpt|web_search|10|QUESTION_SENT||2176|481173c5-2ea1-49aa-818f-3b1ed1efff89
2026-03-25 15:46:31|gpt|web_search|11|JSON_VERIFIED||2388|8576a2db-0d16-4684-b88c-fd6a1e4e94ce
2026-03-25 15:46:31|gpt|web_search|11|QUESTION|113|2388|8576a2db-0d16-4684-b88c-fd6a1e4e94ce
2026-03-25 15:46:31|gpt|web_search|11|JSON_SAVED||2388|8576a2db-0d16-4684-b88c-fd6a1e4e94ce
2026-03-25 15:46:31|gpt|web_search|11|QUESTION_ADVANCE||2389|b60a7a45-f391-4623-a95d-df3f7fc74b63
2026-03-25 15:46:35|gpt|web_search|10|JSON_VERIFIED||2176|481173c5-2ea1-49aa-818f-3b1ed1efff89
2026-03-25 15:46:35|gpt|web_search|10|QUESTION|108|2176|481173c5-2ea1-49aa-818f-3b1ed1efff89
2026-03-25 15:46:35|gpt|web_search|10|JSON_SAVED||2176|481173c5-2ea1-49aa-818f-3b1ed1efff89
2026-03-25 15:46:35|gpt|web_search|10|QUESTION_ADVANCE||2177|c0613484-8676-4a52-8fbe-53e7dc871507
2026-03-25 15:46:36|gpt|web_search|13|QUESTION_SENT||2567|dd540e23-d5b0-4ba7-9a64-afe5102c8f15
2026-03-25 15:47:04|gpt|web_search|13|JSON_VERIFY_FAILED||2567|dd540e23-d5b0-4ba7-9a64-afe5102c8f15
2026-03-25 15:47:04|gpt|web_search|13|QUESTION|89|2567|dd540e23-d5b0-4ba7-9a64-afe5102c8f15
2026-03-25 15:47:14|gpt|web_search|11|QUESTION_SENT||2389|b60a7a45-f391-4623-a95d-df3f7fc74b63
2026-03-25 15:47:14|gpt|web_search|13|QUESTION_SENT||2567|dd540e23-d5b0-4ba7-9a64-afe5102c8f15
2026-03-25 15:47:20|gpt|web_search|10|QUESTION_SENT||2177|c0613484-8676-4a52-8fbe-53e7dc871507
2026-03-25 15:47:58|gpt|web_search|11|JSON_VERIFIED||2389|b60a7a45-f391-4623-a95d-df3f7fc74b63
2026-03-25 15:47:58|gpt|web_search|11|QUESTION|114|2389|b60a7a45-f391-4623-a95d-df3f7fc74b63
2026-03-25 15:47:58|gpt|web_search|11|JSON_SAVED||2389|b60a7a45-f391-4623-a95d-df3f7fc74b63
2026-03-25 15:47:58|gpt|web_search|11|QUESTION_ADVANCE||2390|23155d22-2c9c-4547-b2b0-f23f77251ef1
2026-03-25 15:47:58|gpt|web_search|10|JSON_VERIFIED||2177|c0613484-8676-4a52-8fbe-53e7dc871507
2026-03-25 15:47:58|gpt|web_search|10|QUESTION|109|2177|c0613484-8676-4a52-8fbe-53e7dc871507
2026-03-25 15:47:58|gpt|web_search|10|JSON_SAVED||2177|c0613484-8676-4a52-8fbe-53e7dc871507
2026-03-25 15:47:58|gpt|web_search|10|QUESTION_ADVANCE||2178|aeb8fdae-0200-49fc-af77-4dbbda42daea
2026-03-25 15:48:23|gpt|web_search|11|QUESTION_SENT||2390|23155d22-2c9c-4547-b2b0-f23f77251ef1
2026-03-25 15:48:35|gpt|web_search|13|QUESTION_SENT||2567|dd540e23-d5b0-4ba7-9a64-afe5102c8f15
2026-03-25 15:48:43|gpt|web_search|10|QUESTION_SENT||2178|aeb8fdae-0200-49fc-af77-4dbbda42daea
2026-03-25 15:48:59|gpt|web_search|11|JSON_VERIFIED||2390|23155d22-2c9c-4547-b2b0-f23f77251ef1
2026-03-25 15:48:59|gpt|web_search|11|QUESTION|115|2390|23155d22-2c9c-4547-b2b0-f23f77251ef1
2026-03-25 15:48:59|gpt|web_search|11|JSON_SAVED||2390|23155d22-2c9c-4547-b2b0-f23f77251ef1
2026-03-25 15:48:59|gpt|web_search|11|QUESTION_ADVANCE||2391|0388b7ad-e9da-4b87-93d6-53570c30c736
2026-03-25 15:49:03|gpt|web_search|13|JSON_VERIFY_FAILED||2567|dd540e23-d5b0-4ba7-9a64-afe5102c8f15
2026-03-25 15:49:03|gpt|web_search|13|QUESTION|90|2567|dd540e23-d5b0-4ba7-9a64-afe5102c8f15
2026-03-25 15:49:13|gpt|web_search|13|QUESTION_SENT||2567|dd540e23-d5b0-4ba7-9a64-afe5102c8f15
2026-03-25 15:49:20|gpt|web_search|10|JSON_VERIFIED||2178|aeb8fdae-0200-49fc-af77-4dbbda42daea
2026-03-25 15:49:20|gpt|web_search|10|QUESTION|110|2178|aeb8fdae-0200-49fc-af77-4dbbda42daea
2026-03-25 15:49:20|gpt|web_search|10|JSON_SAVED||2178|aeb8fdae-0200-49fc-af77-4dbbda42daea
2026-03-25 15:49:20|gpt|web_search|10|QUESTION_ADVANCE||2179|084f2632-a4b8-4379-a632-fb89c1185c3e
2026-03-25 15:49:29|gpt|web_search|13|JSON_VERIFY_FAILED||2567|dd540e23-d5b0-4ba7-9a64-afe5102c8f15
2026-03-25 15:49:29|gpt|web_search|13|QUESTION|91|2567|dd540e23-d5b0-4ba7-9a64-afe5102c8f15
2026-03-25 15:49:38|gpt|web_search|13|QUESTION_SENT||2567|dd540e23-d5b0-4ba7-9a64-afe5102c8f15
2026-03-25 15:49:41|gpt|web_search|11|QUESTION_SENT||2391|0388b7ad-e9da-4b87-93d6-53570c30c736
2026-03-25 15:50:00|gpt|web_search|13|JSON_VERIFIED||2567|dd540e23-d5b0-4ba7-9a64-afe5102c8f15
2026-03-25 15:50:00|gpt|web_search|13|QUESTION|92|2567|dd540e23-d5b0-4ba7-9a64-afe5102c8f15
2026-03-25 15:50:00|gpt|web_search|13|JSON_SAVED||2567|dd540e23-d5b0-4ba7-9a64-afe5102c8f15
2026-03-25 15:50:00|gpt|web_search|13|QUESTION_ADVANCE||2568|bee630ad-33a5-45e5-a2e1-30ca560f8750
2026-03-25 15:50:06|gpt|web_search|10|QUESTION_SENT||2179|084f2632-a4b8-4379-a632-fb89c1185c3e
2026-03-25 15:50:19|gpt|web_search|11|JSON_VERIFIED||2391|0388b7ad-e9da-4b87-93d6-53570c30c736
2026-03-25 15:50:19|gpt|web_search|11|QUESTION|116|2391|0388b7ad-e9da-4b87-93d6-53570c30c736
2026-03-25 15:50:19|gpt|web_search|11|JSON_SAVED||2391|0388b7ad-e9da-4b87-93d6-53570c30c736
2026-03-25 15:50:19|gpt|web_search|11|QUESTION_ADVANCE||2392|6cf6af89-8be9-423b-a4fd-271ad48c4740
2026-03-25 15:50:43|gpt|web_search|10|JSON_VERIFIED||2179|084f2632-a4b8-4379-a632-fb89c1185c3e
2026-03-25 15:50:43|gpt|web_search|10|QUESTION|111|2179|084f2632-a4b8-4379-a632-fb89c1185c3e
2026-03-25 15:50:43|gpt|web_search|10|JSON_SAVED||2179|084f2632-a4b8-4379-a632-fb89c1185c3e
2026-03-25 15:50:43|gpt|web_search|10|QUESTION_ADVANCE||2180|f929171c-5b14-496e-a192-1ad5b04d8f1d
2026-03-25 15:50:59|gpt|web_search|13|QUESTION_SENT||2568|bee630ad-33a5-45e5-a2e1-30ca560f8750
2026-03-25 15:50:59|gpt|web_search|11|QUESTION_SENT||2392|6cf6af89-8be9-423b-a4fd-271ad48c4740
2026-03-25 15:51:29|gpt|web_search|10|QUESTION_SENT||2180|f929171c-5b14-496e-a192-1ad5b04d8f1d
2026-03-25 15:51:33|gpt|web_search|11|JSON_VERIFY_FAILED||2392|6cf6af89-8be9-423b-a4fd-271ad48c4740
2026-03-25 15:51:33|gpt|web_search|11|QUESTION|117|2392|6cf6af89-8be9-423b-a4fd-271ad48c4740
2026-03-25 15:51:37|gpt|web_search|13|JSON_VERIFY_FAILED||2568|bee630ad-33a5-45e5-a2e1-30ca560f8750
2026-03-25 15:51:37|gpt|web_search|13|QUESTION|93|2568|bee630ad-33a5-45e5-a2e1-30ca560f8750
2026-03-25 15:51:43|gpt|web_search|11|QUESTION_SENT||2392|6cf6af89-8be9-423b-a4fd-271ad48c4740
2026-03-25 15:51:47|gpt|web_search|13|QUESTION_SENT||2568|bee630ad-33a5-45e5-a2e1-30ca560f8750
2026-03-25 15:52:06|gpt|web_search|10|JSON_VERIFIED||2180|f929171c-5b14-496e-a192-1ad5b04d8f1d
2026-03-25 15:52:06|gpt|web_search|10|QUESTION|112|2180|f929171c-5b14-496e-a192-1ad5b04d8f1d
2026-03-25 15:52:06|gpt|web_search|10|JSON_SAVED||2180|f929171c-5b14-496e-a192-1ad5b04d8f1d
2026-03-25 15:52:06|gpt|web_search|10|QUESTION_ADVANCE||2181|bda8140d-f6e6-492c-ab2d-18f4ddf1f8f4
2026-03-25 15:52:10|gpt|web_search|13|JSON_VERIFIED||2568|bee630ad-33a5-45e5-a2e1-30ca560f8750
2026-03-25 15:52:10|gpt|web_search|13|QUESTION|94|2568|bee630ad-33a5-45e5-a2e1-30ca560f8750
2026-03-25 15:52:10|gpt|web_search|13|JSON_SAVED||2568|bee630ad-33a5-45e5-a2e1-30ca560f8750
2026-03-25 15:52:10|gpt|web_search|13|QUESTION_ADVANCE||2569|c4f17bee-8cd1-4566-be81-bc0d10c5fd75
2026-03-25 15:52:10|gpt|web_search|11|JSON_VERIFIED||2392|6cf6af89-8be9-423b-a4fd-271ad48c4740
2026-03-25 15:52:10|gpt|web_search|11|QUESTION|118|2392|6cf6af89-8be9-423b-a4fd-271ad48c4740
2026-03-25 15:52:10|gpt|web_search|11|JSON_SAVED||2392|6cf6af89-8be9-423b-a4fd-271ad48c4740
2026-03-25 15:52:10|gpt|web_search|11|QUESTION_ADVANCE||2393|9ed62097-fa3b-4774-8a6b-becf16c3205c
2026-03-25 15:52:52|gpt|web_search|10|QUESTION_SENT||2181|bda8140d-f6e6-492c-ab2d-18f4ddf1f8f4
2026-03-25 15:53:01|gpt|web_search|11|QUESTION_SENT||2393|9ed62097-fa3b-4774-8a6b-becf16c3205c
2026-03-25 15:53:08|gpt|web_search|13|QUESTION_SENT||2569|c4f17bee-8cd1-4566-be81-bc0d10c5fd75
2026-03-25 15:53:27|gpt|web_search|10|JSON_VERIFIED||2181|bda8140d-f6e6-492c-ab2d-18f4ddf1f8f4
2026-03-25 15:53:27|gpt|web_search|10|QUESTION|113|2181|bda8140d-f6e6-492c-ab2d-18f4ddf1f8f4
2026-03-25 15:53:27|gpt|web_search|10|JSON_SAVED||2181|bda8140d-f6e6-492c-ab2d-18f4ddf1f8f4
2026-03-25 15:53:27|gpt|web_search|10|QUESTION_ADVANCE||2182|34a411c5-4555-44f3-89d8-2b588b8f96b0
2026-03-25 15:53:36|gpt|web_search|13|JSON_VERIFY_FAILED||2569|c4f17bee-8cd1-4566-be81-bc0d10c5fd75
2026-03-25 15:53:36|gpt|web_search|13|QUESTION|95|2569|c4f17bee-8cd1-4566-be81-bc0d10c5fd75
2026-03-25 15:53:37|gpt|web_search|11|JSON_VERIFIED||2393|9ed62097-fa3b-4774-8a6b-becf16c3205c
2026-03-25 15:53:37|gpt|web_search|11|QUESTION|119|2393|9ed62097-fa3b-4774-8a6b-becf16c3205c
2026-03-25 15:53:37|gpt|web_search|11|JSON_SAVED||2393|9ed62097-fa3b-4774-8a6b-becf16c3205c
2026-03-25 15:53:37|gpt|web_search|11|QUESTION_ADVANCE||2394|08e8265f-989c-4e20-8299-3a73fbb0b30f
2026-03-25 15:54:14|gpt|web_search|10|QUESTION_SENT||2182|34a411c5-4555-44f3-89d8-2b588b8f96b0
2026-03-25 15:54:19|gpt|web_search|11|QUESTION_SENT||2394|08e8265f-989c-4e20-8299-3a73fbb0b30f
2026-03-25 15:54:29|gpt|web_search|13|QUESTION_SENT||2569|c4f17bee-8cd1-4566-be81-bc0d10c5fd75
2026-03-25 15:54:54|gpt|web_search|11|JSON_VERIFIED||2394|08e8265f-989c-4e20-8299-3a73fbb0b30f
2026-03-25 15:54:54|gpt|web_search|11|QUESTION|120|2394|08e8265f-989c-4e20-8299-3a73fbb0b30f
2026-03-25 15:54:54|gpt|web_search|11|JSON_SAVED||2394|08e8265f-989c-4e20-8299-3a73fbb0b30f
2026-03-25 15:54:54|gpt|web_search|11|QUESTION_ADVANCE||2395|35df76b9-d165-4748-822d-caf432d3764e
2026-03-25 15:54:55|gpt|web_search|10|JSON_VERIFIED||2182|34a411c5-4555-44f3-89d8-2b588b8f96b0
2026-03-25 15:54:55|gpt|web_search|10|QUESTION|114|2182|34a411c5-4555-44f3-89d8-2b588b8f96b0
2026-03-25 15:54:55|gpt|web_search|10|JSON_SAVED||2182|34a411c5-4555-44f3-89d8-2b588b8f96b0
2026-03-25 15:54:56|gpt|web_search|10|QUESTION_ADVANCE||2183|6acd5dfd-9d86-4725-8614-18c134033d7b
2026-03-25 15:55:37|gpt|web_search|11|QUESTION_SENT||2395|35df76b9-d165-4748-822d-caf432d3764e
2026-03-25 15:55:37|gpt|web_search|10|QUESTION_SENT||2183|6acd5dfd-9d86-4725-8614-18c134033d7b
2026-03-25 15:55:56|gpt|web_search|13|QUESTION_SENT||2569|c4f17bee-8cd1-4566-be81-bc0d10c5fd75
2026-03-25 15:56:14|gpt|web_search|11|JSON_VERIFIED||2395|35df76b9-d165-4748-822d-caf432d3764e
2026-03-25 15:56:14|gpt|web_search|11|QUESTION|121|2395|35df76b9-d165-4748-822d-caf432d3764e
2026-03-25 15:56:14|gpt|web_search|11|JSON_SAVED||2395|35df76b9-d165-4748-822d-caf432d3764e
2026-03-25 15:56:14|gpt|web_search|11|QUESTION_ADVANCE||2396|9d25cc30-ade2-45f1-85cf-9d028a2e4dbf
2026-03-25 15:56:18|gpt|web_search|10|JSON_VERIFIED||2183|6acd5dfd-9d86-4725-8614-18c134033d7b
2026-03-25 15:56:18|gpt|web_search|10|QUESTION|115|2183|6acd5dfd-9d86-4725-8614-18c134033d7b
2026-03-25 15:56:18|gpt|web_search|10|JSON_SAVED||2183|6acd5dfd-9d86-4725-8614-18c134033d7b
2026-03-25 15:56:18|gpt|web_search|10|QUESTION_ADVANCE||2184|4b522854-69f9-486e-bbe6-201e3bbd265d
2026-03-25 15:56:55|gpt|web_search|11|QUESTION_SENT||2396|9d25cc30-ade2-45f1-85cf-9d028a2e4dbf
2026-03-25 15:57:00|gpt|web_search|10|QUESTION_SENT||2184|4b522854-69f9-486e-bbe6-201e3bbd265d
2026-03-25 15:57:33|gpt|web_search|11|JSON_VERIFIED||2396|9d25cc30-ade2-45f1-85cf-9d028a2e4dbf
2026-03-25 15:57:33|gpt|web_search|11|QUESTION|122|2396|9d25cc30-ade2-45f1-85cf-9d028a2e4dbf
2026-03-25 15:57:33|gpt|web_search|11|JSON_SAVED||2396|9d25cc30-ade2-45f1-85cf-9d028a2e4dbf
2026-03-25 15:57:33|gpt|web_search|11|QUESTION_ADVANCE||2397|fe1eca70-c3f0-4d67-a71f-aca882fc4983
2026-03-25 15:58:09|gpt|web_search|13|JSON_VERIFIED||2569|c4f17bee-8cd1-4566-be81-bc0d10c5fd75
2026-03-25 15:58:09|gpt|web_search|13|QUESTION|96|2569|c4f17bee-8cd1-4566-be81-bc0d10c5fd75
2026-03-25 15:58:09|gpt|web_search|13|JSON_SAVED||2569|c4f17bee-8cd1-4566-be81-bc0d10c5fd75
2026-03-25 15:58:09|gpt|web_search|13|QUESTION_ADVANCE||2570|491c22b4-6a2d-42fd-abef-41dbf37a993d
2026-03-25 15:58:13|gpt|web_search|11|QUESTION_SENT||2397|fe1eca70-c3f0-4d67-a71f-aca882fc4983
2026-03-25 15:58:23|gpt|web_search|10|QUESTION_SENT||2184|4b522854-69f9-486e-bbe6-201e3bbd265d
2026-03-25 15:58:35|gpt|web_search|13|QUESTION_SENT||2570|491c22b4-6a2d-42fd-abef-41dbf37a993d
2026-03-25 15:58:46|gpt|web_search|11|JSON_VERIFIED||2397|fe1eca70-c3f0-4d67-a71f-aca882fc4983
2026-03-25 15:58:46|gpt|web_search|11|QUESTION|123|2397|fe1eca70-c3f0-4d67-a71f-aca882fc4983
2026-03-25 15:58:46|gpt|web_search|11|JSON_SAVED||2397|fe1eca70-c3f0-4d67-a71f-aca882fc4983
2026-03-25 15:58:46|gpt|web_search|11|QUESTION_ADVANCE||2398|1652bbff-f377-452b-966e-fe63b86c065b
2026-03-25 15:59:03|gpt|web_search|10|JSON_VERIFIED||2184|4b522854-69f9-486e-bbe6-201e3bbd265d
2026-03-25 15:59:03|gpt|web_search|10|QUESTION|116|2184|4b522854-69f9-486e-bbe6-201e3bbd265d
2026-03-25 15:59:03|gpt|web_search|10|JSON_SAVED||2184|4b522854-69f9-486e-bbe6-201e3bbd265d
2026-03-25 15:59:03|gpt|web_search|10|QUESTION_ADVANCE||2185|8ab67356-9047-4845-b670-bcdb0efec25f
2026-03-25 15:59:10|gpt|web_search|13|JSON_VERIFIED||2570|491c22b4-6a2d-42fd-abef-41dbf37a993d
2026-03-25 15:59:10|gpt|web_search|13|QUESTION|97|2570|491c22b4-6a2d-42fd-abef-41dbf37a993d
2026-03-25 15:59:10|gpt|web_search|13|JSON_SAVED||2570|491c22b4-6a2d-42fd-abef-41dbf37a993d
2026-03-25 15:59:10|gpt|web_search|13|QUESTION_ADVANCE||2571|f765a82c-5e71-44cf-ab08-526711e89c22
2026-03-25 15:59:31|gpt|web_search|11|QUESTION_SENT||2398|1652bbff-f377-452b-966e-fe63b86c065b
2026-03-25 15:59:46|gpt|web_search|10|QUESTION_SENT||2185|8ab67356-9047-4845-b670-bcdb0efec25f
2026-03-25 15:59:56|gpt|web_search|13|QUESTION_SENT||2571|f765a82c-5e71-44cf-ab08-526711e89c22
2026-03-25 16:00:05|gpt|web_search|11|JSON_VERIFIED||2398|1652bbff-f377-452b-966e-fe63b86c065b
2026-03-25 16:00:05|gpt|web_search|11|QUESTION|124|2398|1652bbff-f377-452b-966e-fe63b86c065b
2026-03-25 16:00:05|gpt|web_search|11|JSON_SAVED||2398|1652bbff-f377-452b-966e-fe63b86c065b
2026-03-25 16:00:05|gpt|web_search|11|QUESTION_ADVANCE||2399|f2d70008-b881-4ee2-b90c-ab5844105793
2026-03-25 16:00:33|gpt|web_search|10|JSON_VERIFIED||2185|8ab67356-9047-4845-b670-bcdb0efec25f
2026-03-25 16:00:33|gpt|web_search|10|QUESTION|117|2185|8ab67356-9047-4845-b670-bcdb0efec25f
2026-03-25 16:00:33|gpt|web_search|10|JSON_SAVED||2185|8ab67356-9047-4845-b670-bcdb0efec25f
2026-03-25 16:00:33|gpt|web_search|10|QUESTION_ADVANCE||2186|fc60d72f-fdf6-4456-a169-7093f74b6d12
2026-03-25 16:00:34|gpt|web_search|13|JSON_VERIFIED||2571|f765a82c-5e71-44cf-ab08-526711e89c22
2026-03-25 16:00:34|gpt|web_search|13|QUESTION|98|2571|f765a82c-5e71-44cf-ab08-526711e89c22
2026-03-25 16:00:34|gpt|web_search|13|JSON_SAVED||2571|f765a82c-5e71-44cf-ab08-526711e89c22
2026-03-25 16:00:34|gpt|web_search|13|QUESTION_ADVANCE||2572|fdb44880-1b09-4c6e-ac9e-cd4357d7993c
2026-03-25 16:00:49|gpt|web_search|11|QUESTION_SENT||2399|f2d70008-b881-4ee2-b90c-ab5844105793
2026-03-25 16:00:59|gpt|web_search|10|QUESTION_SENT||2186|fc60d72f-fdf6-4456-a169-7093f74b6d12
2026-03-25 16:01:17|gpt|web_search|13|QUESTION_SENT||2572|fdb44880-1b09-4c6e-ac9e-cd4357d7993c
2026-03-25 16:01:27|gpt|web_search|11|JSON_VERIFIED||2399|f2d70008-b881-4ee2-b90c-ab5844105793
2026-03-25 16:01:27|gpt|web_search|11|QUESTION|125|2399|f2d70008-b881-4ee2-b90c-ab5844105793
2026-03-25 16:01:27|gpt|web_search|11|JSON_SAVED||2399|f2d70008-b881-4ee2-b90c-ab5844105793
2026-03-25 16:01:27|gpt|web_search|11|QUESTION_ADVANCE||2400|6ab5b56b-49c4-4a4a-bcad-4578cc05761a
2026-03-25 16:01:38|gpt|web_search|10|JSON_VERIFIED||2186|fc60d72f-fdf6-4456-a169-7093f74b6d12
2026-03-25 16:01:38|gpt|web_search|10|QUESTION|118|2186|fc60d72f-fdf6-4456-a169-7093f74b6d12
2026-03-25 16:01:38|gpt|web_search|10|JSON_SAVED||2186|fc60d72f-fdf6-4456-a169-7093f74b6d12
2026-03-25 16:01:38|gpt|web_search|10|QUESTION_ADVANCE||2187|3f75894e-1913-4755-8336-ec7076a90c9d
2026-03-25 16:02:07|gpt|web_search|11|QUESTION_SENT||2400|6ab5b56b-49c4-4a4a-bcad-4578cc05761a
2026-03-25 16:02:22|gpt|web_search|10|QUESTION_SENT||2187|3f75894e-1913-4755-8336-ec7076a90c9d
2026-03-25 16:02:35|gpt|web_search|11|JSON_VERIFY_FAILED||2400|6ab5b56b-49c4-4a4a-bcad-4578cc05761a
2026-03-25 16:02:35|gpt|web_search|11|QUESTION|126|2400|6ab5b56b-49c4-4a4a-bcad-4578cc05761a
2026-03-25 16:02:38|gpt|web_search|13|QUESTION_SENT||2572|fdb44880-1b09-4c6e-ac9e-cd4357d7993c
2026-03-25 16:02:45|gpt|web_search|11|QUESTION_SENT||2400|6ab5b56b-49c4-4a4a-bcad-4578cc05761a
2026-03-25 16:02:59|gpt|web_search|10|JSON_VERIFY_FAILED||2187|3f75894e-1913-4755-8336-ec7076a90c9d
2026-03-25 16:02:59|gpt|web_search|10|QUESTION|119|2187|3f75894e-1913-4755-8336-ec7076a90c9d
2026-03-25 16:03:08|gpt|web_search|10|QUESTION_SENT||2187|3f75894e-1913-4755-8336-ec7076a90c9d
2026-03-25 16:03:12|gpt|web_search|13|JSON_VERIFIED||2572|fdb44880-1b09-4c6e-ac9e-cd4357d7993c
2026-03-25 16:03:12|gpt|web_search|13|QUESTION|99|2572|fdb44880-1b09-4c6e-ac9e-cd4357d7993c
2026-03-25 16:03:12|gpt|web_search|13|JSON_SAVED||2572|fdb44880-1b09-4c6e-ac9e-cd4357d7993c
2026-03-25 16:03:12|gpt|web_search|13|QUESTION_ADVANCE||2573|9fe0f1fb-e198-43b2-8770-d2150b6f44f6
2026-03-25 16:03:34|gpt|web_search|10|JSON_VERIFIED||2187|3f75894e-1913-4755-8336-ec7076a90c9d
2026-03-25 16:03:34|gpt|web_search|10|QUESTION|120|2187|3f75894e-1913-4755-8336-ec7076a90c9d
2026-03-25 16:03:34|gpt|web_search|10|JSON_SAVED||2187|3f75894e-1913-4755-8336-ec7076a90c9d
2026-03-25 16:03:34|gpt|web_search|10|QUESTION_ADVANCE||2188|e37a9904-c91e-46b3-94d8-99659d9439b5
2026-03-25 16:03:59|gpt|web_search|13|QUESTION_SENT||2573|9fe0f1fb-e198-43b2-8770-d2150b6f44f6
2026-03-25 16:04:03|gpt|web_search|11|QUESTION_SENT||2400|6ab5b56b-49c4-4a4a-bcad-4578cc05761a
2026-03-25 16:04:27|gpt|web_search|13|JSON_VERIFY_FAILED||2573|9fe0f1fb-e198-43b2-8770-d2150b6f44f6
2026-03-25 16:04:27|gpt|web_search|13|QUESTION|100|2573|9fe0f1fb-e198-43b2-8770-d2150b6f44f6
2026-03-25 16:04:32|gpt|web_search|10|QUESTION_SENT||2188|e37a9904-c91e-46b3-94d8-99659d9439b5
2026-03-25 16:04:37|gpt|web_search|13|QUESTION_SENT||2573|9fe0f1fb-e198-43b2-8770-d2150b6f44f6
2026-03-25 16:04:40|gpt|web_search|11|JSON_VERIFIED||2400|6ab5b56b-49c4-4a4a-bcad-4578cc05761a
2026-03-25 16:04:40|gpt|web_search|11|QUESTION|127|2400|6ab5b56b-49c4-4a4a-bcad-4578cc05761a
2026-03-25 16:04:40|gpt|web_search|11|JSON_SAVED||2400|6ab5b56b-49c4-4a4a-bcad-4578cc05761a
2026-03-25 16:04:40|gpt|web_search|11|QUESTION_ADVANCE||2401|72d0f149-3f9a-4fa7-bcb0-1ba21e69f60e
2026-03-25 16:04:59|gpt|web_search|13|JSON_VERIFIED||2573|9fe0f1fb-e198-43b2-8770-d2150b6f44f6
2026-03-25 16:04:59|gpt|web_search|13|QUESTION|101|2573|9fe0f1fb-e198-43b2-8770-d2150b6f44f6
2026-03-25 16:04:59|gpt|web_search|13|JSON_SAVED||2573|9fe0f1fb-e198-43b2-8770-d2150b6f44f6
2026-03-25 16:04:59|gpt|web_search|13|QUESTION_ADVANCE||2574|84e177d6-1229-4464-b6a0-e1ab51719b9d
2026-03-25 16:05:06|gpt|web_search|10|JSON_VERIFIED||2188|e37a9904-c91e-46b3-94d8-99659d9439b5
2026-03-25 16:05:06|gpt|web_search|10|QUESTION|121|2188|e37a9904-c91e-46b3-94d8-99659d9439b5
2026-03-25 16:05:06|gpt|web_search|10|JSON_SAVED||2188|e37a9904-c91e-46b3-94d8-99659d9439b5
2026-03-25 16:05:06|gpt|web_search|10|QUESTION_ADVANCE||2189|17683482-056e-4125-852c-112167826b11
2026-03-25 16:05:21|gpt|web_search|11|QUESTION_SENT||2401|72d0f149-3f9a-4fa7-bcb0-1ba21e69f60e
2026-03-25 16:05:55|gpt|web_search|10|QUESTION_SENT||2189|17683482-056e-4125-852c-112167826b11
2026-03-25 16:05:58|gpt|web_search|13|QUESTION_SENT||2574|84e177d6-1229-4464-b6a0-e1ab51719b9d
2026-03-25 16:06:01|gpt|web_search|11|JSON_VERIFIED||2401|72d0f149-3f9a-4fa7-bcb0-1ba21e69f60e
2026-03-25 16:06:01|gpt|web_search|11|QUESTION|128|2401|72d0f149-3f9a-4fa7-bcb0-1ba21e69f60e
2026-03-25 16:06:01|gpt|web_search|11|JSON_SAVED||2401|72d0f149-3f9a-4fa7-bcb0-1ba21e69f60e
2026-03-25 16:06:01|gpt|web_search|11|QUESTION_ADVANCE||2402|9b50acbd-cd27-4c77-97c1-94f2950472dc
2026-03-25 16:06:33|gpt|web_search|10|JSON_VERIFY_FAILED||2189|17683482-056e-4125-852c-112167826b11
2026-03-25 16:06:33|gpt|web_search|10|QUESTION|122|2189|17683482-056e-4125-852c-112167826b11
2026-03-25 16:06:35|gpt|web_search|13|JSON_VERIFIED||2574|84e177d6-1229-4464-b6a0-e1ab51719b9d
2026-03-25 16:06:35|gpt|web_search|13|QUESTION|102|2574|84e177d6-1229-4464-b6a0-e1ab51719b9d
2026-03-25 16:06:35|gpt|web_search|13|JSON_SAVED||2574|84e177d6-1229-4464-b6a0-e1ab51719b9d
2026-03-25 16:06:35|gpt|web_search|13|QUESTION_ADVANCE||2575|08adb476-15b2-4958-af6a-cfc3966082e9
2026-03-25 16:06:39|gpt|web_search|11|QUESTION_SENT||2402|9b50acbd-cd27-4c77-97c1-94f2950472dc
2026-03-25 16:06:43|gpt|web_search|10|QUESTION_SENT||2189|17683482-056e-4125-852c-112167826b11
2026-03-25 16:07:07|gpt|web_search|10|JSON_VERIFY_FAILED||2189|17683482-056e-4125-852c-112167826b11
2026-03-25 16:07:07|gpt|web_search|10|QUESTION|123|2189|17683482-056e-4125-852c-112167826b11
2026-03-25 16:07:17|gpt|web_search|10|QUESTION_SENT||2189|17683482-056e-4125-852c-112167826b11
2026-03-25 16:07:19|gpt|web_search|13|QUESTION_SENT||2575|08adb476-15b2-4958-af6a-cfc3966082e9
2026-03-25 16:07:20|gpt|web_search|11|JSON_VERIFIED||2402|9b50acbd-cd27-4c77-97c1-94f2950472dc
2026-03-25 16:07:20|gpt|web_search|11|QUESTION|129|2402|9b50acbd-cd27-4c77-97c1-94f2950472dc
2026-03-25 16:07:20|gpt|web_search|11|JSON_SAVED||2402|9b50acbd-cd27-4c77-97c1-94f2950472dc
2026-03-25 16:07:20|gpt|web_search|11|QUESTION_ADVANCE||2403|a9ce7c02-5c9f-4be1-b6e1-8d0d0bc2497f
2026-03-25 16:07:42|gpt|web_search|10|JSON_VERIFIED||2189|17683482-056e-4125-852c-112167826b11
2026-03-25 16:07:42|gpt|web_search|10|QUESTION|124|2189|17683482-056e-4125-852c-112167826b11
2026-03-25 16:07:42|gpt|web_search|10|JSON_SAVED||2189|17683482-056e-4125-852c-112167826b11
2026-03-25 16:07:42|gpt|web_search|10|QUESTION_ADVANCE||2190|d27903e2-e259-4676-b5c3-2fd908849e95
2026-03-25 16:07:46|gpt|web_search|11|QUESTION_SENT||2403|a9ce7c02-5c9f-4be1-b6e1-8d0d0bc2497f
2026-03-25 16:07:49|gpt|web_search|13|JSON_VERIFY_FAILED||2575|08adb476-15b2-4958-af6a-cfc3966082e9
2026-03-25 16:07:49|gpt|web_search|13|QUESTION|103|2575|08adb476-15b2-4958-af6a-cfc3966082e9
2026-03-25 16:07:59|gpt|web_search|13|QUESTION_SENT||2575|08adb476-15b2-4958-af6a-cfc3966082e9
2026-03-25 16:08:09|gpt|web_search|11|JSON_VERIFY_FAILED||2403|a9ce7c02-5c9f-4be1-b6e1-8d0d0bc2497f
2026-03-25 16:08:09|gpt|web_search|11|QUESTION|130|2403|a9ce7c02-5c9f-4be1-b6e1-8d0d0bc2497f
2026-03-25 16:08:19|gpt|web_search|11|QUESTION_SENT||2403|a9ce7c02-5c9f-4be1-b6e1-8d0d0bc2497f
2026-03-25 16:08:40|gpt|web_search|10|QUESTION_SENT||2190|d27903e2-e259-4676-b5c3-2fd908849e95
2026-03-25 16:08:42|gpt|web_search|11|JSON_VERIFY_FAILED||2403|a9ce7c02-5c9f-4be1-b6e1-8d0d0bc2497f
2026-03-25 16:08:42|gpt|web_search|11|QUESTION|131|2403|a9ce7c02-5c9f-4be1-b6e1-8d0d0bc2497f
2026-03-25 16:08:52|gpt|web_search|11|QUESTION_SENT||2403|a9ce7c02-5c9f-4be1-b6e1-8d0d0bc2497f
2026-03-25 16:09:12|gpt|web_search|11|JSON_VERIFIED||2403|a9ce7c02-5c9f-4be1-b6e1-8d0d0bc2497f
2026-03-25 16:09:12|gpt|web_search|11|QUESTION|132|2403|a9ce7c02-5c9f-4be1-b6e1-8d0d0bc2497f
2026-03-25 16:09:12|gpt|web_search|11|JSON_SAVED||2403|a9ce7c02-5c9f-4be1-b6e1-8d0d0bc2497f
2026-03-25 16:09:12|gpt|web_search|11|QUESTION_ADVANCE||2404|71d8de09-6f34-4d5f-971a-4e48b3f2cc56
2026-03-25 16:09:20|gpt|web_search|13|QUESTION_SENT||2575|08adb476-15b2-4958-af6a-cfc3966082e9
2026-03-25 16:09:25|gpt|web_search|10|JSON_VERIFIED||2190|d27903e2-e259-4676-b5c3-2fd908849e95
2026-03-25 16:09:25|gpt|web_search|10|QUESTION|125|2190|d27903e2-e259-4676-b5c3-2fd908849e95
2026-03-25 16:09:25|gpt|web_search|10|JSON_SAVED||2190|d27903e2-e259-4676-b5c3-2fd908849e95
2026-03-25 16:09:25|gpt|web_search|10|QUESTION_ADVANCE||2191|d6e67b46-e982-49b5-92cc-4f4584894d56
2026-03-25 16:09:56|gpt|web_search|13|JSON_VERIFY_FAILED||2575|08adb476-15b2-4958-af6a-cfc3966082e9
2026-03-25 16:09:56|gpt|web_search|13|QUESTION|104|2575|08adb476-15b2-4958-af6a-cfc3966082e9
2026-03-25 16:10:03|gpt|web_search|10|QUESTION_SENT||2191|d6e67b46-e982-49b5-92cc-4f4584894d56
2026-03-25 16:10:06|gpt|web_search|13|QUESTION_SENT||2575|08adb476-15b2-4958-af6a-cfc3966082e9
2026-03-25 16:10:10|gpt|web_search|11|QUESTION_SENT||2404|71d8de09-6f34-4d5f-971a-4e48b3f2cc56
2026-03-25 16:10:28|gpt|web_search|13|JSON_VERIFIED||2575|08adb476-15b2-4958-af6a-cfc3966082e9
2026-03-25 16:10:28|gpt|web_search|13|QUESTION|105|2575|08adb476-15b2-4958-af6a-cfc3966082e9
2026-03-25 16:10:28|gpt|web_search|13|JSON_SAVED||2575|08adb476-15b2-4958-af6a-cfc3966082e9
2026-03-25 16:10:28|gpt|web_search|13|QUESTION_ADVANCE||2576|312ef66f-a7e0-4c55-9737-ff26188093fe
2026-03-25 16:10:40|gpt|web_search|10|JSON_VERIFY_FAILED||2191|d6e67b46-e982-49b5-92cc-4f4584894d56
2026-03-25 16:10:40|gpt|web_search|10|QUESTION|126|2191|d6e67b46-e982-49b5-92cc-4f4584894d56
2026-03-25 16:10:44|gpt|web_search|11|JSON_VERIFIED||2404|71d8de09-6f34-4d5f-971a-4e48b3f2cc56
2026-03-25 16:10:44|gpt|web_search|11|QUESTION|133|2404|71d8de09-6f34-4d5f-971a-4e48b3f2cc56
2026-03-25 16:10:44|gpt|web_search|11|JSON_SAVED||2404|71d8de09-6f34-4d5f-971a-4e48b3f2cc56
2026-03-25 16:10:44|gpt|web_search|11|QUESTION_ADVANCE||2405|3cf48651-6ed3-4081-b0fb-789c982f49f8
2026-03-25 16:11:26|gpt|web_search|10|QUESTION_SENT||2191|d6e67b46-e982-49b5-92cc-4f4584894d56
2026-03-25 16:11:27|gpt|web_search|13|QUESTION_SENT||2576|312ef66f-a7e0-4c55-9737-ff26188093fe
2026-03-25 16:11:28|gpt|web_search|11|QUESTION_SENT||2405|3cf48651-6ed3-4081-b0fb-789c982f49f8
2026-03-25 16:12:00|gpt|web_search|13|JSON_VERIFIED||2576|312ef66f-a7e0-4c55-9737-ff26188093fe
2026-03-25 16:12:00|gpt|web_search|13|QUESTION|106|2576|312ef66f-a7e0-4c55-9737-ff26188093fe
2026-03-25 16:12:00|gpt|web_search|13|JSON_SAVED||2576|312ef66f-a7e0-4c55-9737-ff26188093fe
2026-03-25 16:12:00|gpt|web_search|13|QUESTION_ADVANCE||2577|a91bbc57-48c0-4ea2-b7f6-4c2683bce28c
2026-03-25 16:12:04|gpt|web_search|10|JSON_VERIFIED||2191|d6e67b46-e982-49b5-92cc-4f4584894d56
2026-03-25 16:12:04|gpt|web_search|10|QUESTION|127|2191|d6e67b46-e982-49b5-92cc-4f4584894d56
2026-03-25 16:12:04|gpt|web_search|10|JSON_SAVED||2191|d6e67b46-e982-49b5-92cc-4f4584894d56
2026-03-25 16:12:04|gpt|web_search|10|QUESTION_ADVANCE||2192|78efc1f1-0437-4781-9b87-d83b13afc2d9
2026-03-25 16:12:04|gpt|web_search|11|JSON_VERIFIED||2405|3cf48651-6ed3-4081-b0fb-789c982f49f8
2026-03-25 16:12:04|gpt|web_search|11|QUESTION|134|2405|3cf48651-6ed3-4081-b0fb-789c982f49f8
2026-03-25 16:12:04|gpt|web_search|11|JSON_SAVED||2405|3cf48651-6ed3-4081-b0fb-789c982f49f8
2026-03-25 16:12:04|gpt|web_search|11|QUESTION_ADVANCE||2406|77ea7d51-b67b-47a9-a38d-8a6ccff5c614
2026-03-25 16:12:45|gpt|web_search|11|QUESTION_SENT||2406|77ea7d51-b67b-47a9-a38d-8a6ccff5c614
2026-03-25 16:12:48|gpt|web_search|13|QUESTION_SENT||2577|a91bbc57-48c0-4ea2-b7f6-4c2683bce28c
2026-03-25 16:12:49|gpt|web_search|10|QUESTION_SENT||2192|78efc1f1-0437-4781-9b87-d83b13afc2d9
2026-03-25 16:13:12|gpt|web_search|10|JSON_VERIFY_FAILED||2192|78efc1f1-0437-4781-9b87-d83b13afc2d9
2026-03-25 16:13:12|gpt|web_search|10|QUESTION|128|2192|78efc1f1-0437-4781-9b87-d83b13afc2d9
2026-03-25 16:13:21|gpt|web_search|10|QUESTION_SENT||2192|78efc1f1-0437-4781-9b87-d83b13afc2d9
2026-03-25 16:13:22|gpt|web_search|13|JSON_VERIFIED||2577|a91bbc57-48c0-4ea2-b7f6-4c2683bce28c
2026-03-25 16:13:22|gpt|web_search|13|QUESTION|107|2577|a91bbc57-48c0-4ea2-b7f6-4c2683bce28c
2026-03-25 16:13:22|gpt|web_search|13|JSON_SAVED||2577|a91bbc57-48c0-4ea2-b7f6-4c2683bce28c
2026-03-25 16:13:22|gpt|web_search|13|QUESTION_ADVANCE||2578|76f8f03c-5858-4df4-a8a1-efbee2063f00
2026-03-25 16:13:25|gpt|web_search|11|JSON_VERIFIED||2406|77ea7d51-b67b-47a9-a38d-8a6ccff5c614
2026-03-25 16:13:25|gpt|web_search|11|QUESTION|135|2406|77ea7d51-b67b-47a9-a38d-8a6ccff5c614
2026-03-25 16:13:25|gpt|web_search|11|JSON_SAVED||2406|77ea7d51-b67b-47a9-a38d-8a6ccff5c614
2026-03-25 16:13:25|gpt|web_search|11|QUESTION_ADVANCE||2407|fbc0a233-ec03-4e80-8387-affc6808a811
2026-03-25 16:13:44|gpt|web_search|10|JSON_VERIFIED||2192|78efc1f1-0437-4781-9b87-d83b13afc2d9
2026-03-25 16:13:44|gpt|web_search|10|QUESTION|129|2192|78efc1f1-0437-4781-9b87-d83b13afc2d9
2026-03-25 16:13:44|gpt|web_search|10|JSON_SAVED||2192|78efc1f1-0437-4781-9b87-d83b13afc2d9
2026-03-25 16:13:44|gpt|web_search|10|QUESTION_ADVANCE||2193|9547b0ea-accb-4137-b342-468b6caf7c12
2026-03-25 16:14:03|gpt|web_search|11|QUESTION_SENT||2407|fbc0a233-ec03-4e80-8387-affc6808a811
2026-03-25 16:14:09|gpt|web_search|13|QUESTION_SENT||2578|76f8f03c-5858-4df4-a8a1-efbee2063f00
2026-03-25 16:14:40|gpt|web_search|11|JSON_VERIFIED||2407|fbc0a233-ec03-4e80-8387-affc6808a811
2026-03-25 16:14:40|gpt|web_search|11|QUESTION|136|2407|fbc0a233-ec03-4e80-8387-affc6808a811
2026-03-25 16:14:40|gpt|web_search|11|JSON_SAVED||2407|fbc0a233-ec03-4e80-8387-affc6808a811
2026-03-25 16:14:40|gpt|web_search|11|QUESTION_ADVANCE||2408|337c8132-e17d-49e7-8141-9bf31da36fa5
2026-03-25 16:14:43|gpt|web_search|13|JSON_VERIFIED||2578|76f8f03c-5858-4df4-a8a1-efbee2063f00
2026-03-25 16:14:43|gpt|web_search|13|QUESTION|108|2578|76f8f03c-5858-4df4-a8a1-efbee2063f00
2026-03-25 16:14:43|gpt|web_search|13|JSON_SAVED||2578|76f8f03c-5858-4df4-a8a1-efbee2063f00
2026-03-25 16:14:43|gpt|web_search|13|QUESTION_ADVANCE||2579|4b4a3ca2-f8cd-4e62-ae4c-0ad1d8cae0ab
2026-03-25 16:14:44|gpt|web_search|10|QUESTION_SENT||2193|9547b0ea-accb-4137-b342-468b6caf7c12
2026-03-25 16:15:22|gpt|web_search|11|QUESTION_SENT||2408|337c8132-e17d-49e7-8141-9bf31da36fa5
2026-03-25 16:15:22|gpt|web_search|10|JSON_VERIFIED||2193|9547b0ea-accb-4137-b342-468b6caf7c12
2026-03-25 16:15:22|gpt|web_search|10|QUESTION|130|2193|9547b0ea-accb-4137-b342-468b6caf7c12
2026-03-25 16:15:22|gpt|web_search|10|JSON_SAVED||2193|9547b0ea-accb-4137-b342-468b6caf7c12
2026-03-25 16:15:22|gpt|web_search|10|QUESTION_ADVANCE||2194|31c2bf7a-eaa3-492c-b68d-4174270b3269
2026-03-25 16:15:30|gpt|web_search|13|QUESTION_SENT||2579|4b4a3ca2-f8cd-4e62-ae4c-0ad1d8cae0ab
2026-03-25 16:15:50|gpt|web_search|11|JSON_VERIFY_FAILED||2408|337c8132-e17d-49e7-8141-9bf31da36fa5
2026-03-25 16:15:50|gpt|web_search|11|QUESTION|137|2408|337c8132-e17d-49e7-8141-9bf31da36fa5
2026-03-25 16:16:00|gpt|web_search|11|QUESTION_SENT||2408|337c8132-e17d-49e7-8141-9bf31da36fa5
2026-03-25 16:16:02|gpt|web_search|13|JSON_VERIFIED||2579|4b4a3ca2-f8cd-4e62-ae4c-0ad1d8cae0ab
2026-03-25 16:16:02|gpt|web_search|13|QUESTION|109|2579|4b4a3ca2-f8cd-4e62-ae4c-0ad1d8cae0ab
2026-03-25 16:16:02|gpt|web_search|13|JSON_SAVED||2579|4b4a3ca2-f8cd-4e62-ae4c-0ad1d8cae0ab
2026-03-25 16:16:02|gpt|web_search|13|QUESTION_ADVANCE||2580|808a974d-ace0-48ce-b086-8590360ab6bc
2026-03-25 16:16:07|gpt|web_search|10|QUESTION_SENT||2194|31c2bf7a-eaa3-492c-b68d-4174270b3269
2026-03-25 16:16:24|gpt|web_search|11|JSON_VERIFIED||2408|337c8132-e17d-49e7-8141-9bf31da36fa5
2026-03-25 16:16:24|gpt|web_search|11|QUESTION|138|2408|337c8132-e17d-49e7-8141-9bf31da36fa5
2026-03-25 16:16:24|gpt|web_search|11|JSON_SAVED||2408|337c8132-e17d-49e7-8141-9bf31da36fa5
2026-03-25 16:16:24|gpt|web_search|11|QUESTION_ADVANCE||2409|522f6d22-617b-4cf6-a25f-b051b2daf3ba
2026-03-25 16:16:44|gpt|web_search|10|JSON_VERIFIED||2194|31c2bf7a-eaa3-492c-b68d-4174270b3269
2026-03-25 16:16:44|gpt|web_search|10|QUESTION|131|2194|31c2bf7a-eaa3-492c-b68d-4174270b3269
2026-03-25 16:16:44|gpt|web_search|10|JSON_SAVED||2194|31c2bf7a-eaa3-492c-b68d-4174270b3269
2026-03-25 16:16:44|gpt|web_search|10|QUESTION_ADVANCE||2195|73bf0dee-b7db-4c57-8644-8fb75145e722
2026-03-25 16:16:51|gpt|web_search|13|QUESTION_SENT||2580|808a974d-ace0-48ce-b086-8590360ab6bc
2026-03-25 16:17:18|gpt|web_search|11|QUESTION_SENT||2409|522f6d22-617b-4cf6-a25f-b051b2daf3ba
2026-03-25 16:17:23|gpt|web_search|13|JSON_VERIFY_FAILED||2580|808a974d-ace0-48ce-b086-8590360ab6bc
2026-03-25 16:17:23|gpt|web_search|13|QUESTION|110|2580|808a974d-ace0-48ce-b086-8590360ab6bc
2026-03-25 16:17:30|gpt|web_search|10|QUESTION_SENT||2195|73bf0dee-b7db-4c57-8644-8fb75145e722
2026-03-25 16:17:33|gpt|web_search|13|QUESTION_SENT||2580|808a974d-ace0-48ce-b086-8590360ab6bc
2026-03-25 16:17:52|gpt|web_search|11|JSON_VERIFIED||2409|522f6d22-617b-4cf6-a25f-b051b2daf3ba
2026-03-25 16:17:52|gpt|web_search|11|QUESTION|139|2409|522f6d22-617b-4cf6-a25f-b051b2daf3ba
2026-03-25 16:17:52|gpt|web_search|11|JSON_SAVED||2409|522f6d22-617b-4cf6-a25f-b051b2daf3ba
2026-03-25 16:17:52|gpt|web_search|11|QUESTION_ADVANCE||2410|6c0e84cb-1f40-4d91-b847-0b93643b2487
2026-03-25 16:17:57|gpt|web_search|13|JSON_VERIFIED||2580|808a974d-ace0-48ce-b086-8590360ab6bc
2026-03-25 16:17:57|gpt|web_search|13|QUESTION|111|2580|808a974d-ace0-48ce-b086-8590360ab6bc
2026-03-25 16:17:57|gpt|web_search|13|JSON_SAVED||2580|808a974d-ace0-48ce-b086-8590360ab6bc
2026-03-25 16:17:57|gpt|web_search|13|QUESTION_ADVANCE||2581|78ff8782-f2f4-4dea-bc6d-3168f7dd94ff
2026-03-25 16:18:06|gpt|web_search|10|JSON_VERIFIED||2195|73bf0dee-b7db-4c57-8644-8fb75145e722
2026-03-25 16:18:06|gpt|web_search|10|QUESTION|132|2195|73bf0dee-b7db-4c57-8644-8fb75145e722
2026-03-25 16:18:06|gpt|web_search|10|JSON_SAVED||2195|73bf0dee-b7db-4c57-8644-8fb75145e722
2026-03-25 16:18:06|gpt|web_search|10|QUESTION_ADVANCE||2196|df10cadf-594b-4408-ad0d-d5b49445ad81
2026-03-25 16:18:36|gpt|web_search|11|QUESTION_SENT||2410|6c0e84cb-1f40-4d91-b847-0b93643b2487
2026-03-25 16:18:53|gpt|web_search|10|QUESTION_SENT||2196|df10cadf-594b-4408-ad0d-d5b49445ad81
2026-03-25 16:18:54|gpt|web_search|13|QUESTION_SENT||2581|78ff8782-f2f4-4dea-bc6d-3168f7dd94ff
2026-03-25 16:19:12|gpt|web_search|11|JSON_VERIFIED||2410|6c0e84cb-1f40-4d91-b847-0b93643b2487
2026-03-25 16:19:12|gpt|web_search|11|QUESTION|140|2410|6c0e84cb-1f40-4d91-b847-0b93643b2487
2026-03-25 16:19:12|gpt|web_search|11|JSON_SAVED||2410|6c0e84cb-1f40-4d91-b847-0b93643b2487
2026-03-25 16:19:12|gpt|web_search|11|QUESTION_ADVANCE||2411|aac1f0ce-b92b-4eea-a471-4d302f367aa9
2026-03-25 16:19:31|gpt|web_search|13|JSON_VERIFIED||2581|78ff8782-f2f4-4dea-bc6d-3168f7dd94ff
2026-03-25 16:19:31|gpt|web_search|13|QUESTION|112|2581|78ff8782-f2f4-4dea-bc6d-3168f7dd94ff
2026-03-25 16:19:31|gpt|web_search|13|JSON_SAVED||2581|78ff8782-f2f4-4dea-bc6d-3168f7dd94ff
2026-03-25 16:19:31|gpt|web_search|13|QUESTION_ADVANCE||2582|9747b3c3-832d-409a-9d2f-aac4b9d222ad
2026-03-25 16:19:32|gpt|web_search|10|JSON_VERIFIED||2196|df10cadf-594b-4408-ad0d-d5b49445ad81
2026-03-25 16:19:32|gpt|web_search|10|QUESTION|133|2196|df10cadf-594b-4408-ad0d-d5b49445ad81
2026-03-25 16:19:32|gpt|web_search|10|JSON_SAVED||2196|df10cadf-594b-4408-ad0d-d5b49445ad81
2026-03-25 16:19:32|gpt|web_search|10|QUESTION_ADVANCE||2197|c56ceddf-c22d-4a3a-9226-e86842d0530d
2026-03-25 16:19:54|gpt|web_search|11|QUESTION_SENT||2411|aac1f0ce-b92b-4eea-a471-4d302f367aa9
2026-03-25 16:20:15|gpt|web_search|13|QUESTION_SENT||2582|9747b3c3-832d-409a-9d2f-aac4b9d222ad
2026-03-25 16:20:16|gpt|web_search|10|QUESTION_SENT||2197|c56ceddf-c22d-4a3a-9226-e86842d0530d
2026-03-25 16:20:31|gpt|web_search|11|JSON_VERIFIED||2411|aac1f0ce-b92b-4eea-a471-4d302f367aa9
2026-03-25 16:20:31|gpt|web_search|11|QUESTION|141|2411|aac1f0ce-b92b-4eea-a471-4d302f367aa9
2026-03-25 16:20:31|gpt|web_search|11|JSON_SAVED||2411|aac1f0ce-b92b-4eea-a471-4d302f367aa9
2026-03-25 16:20:31|gpt|web_search|11|QUESTION_ADVANCE||2412|b67adf97-62b0-4ca2-bdb4-a5a16c6b39e0
2026-03-25 16:20:49|gpt|web_search|13|JSON_VERIFIED||2582|9747b3c3-832d-409a-9d2f-aac4b9d222ad
2026-03-25 16:20:49|gpt|web_search|13|QUESTION|113|2582|9747b3c3-832d-409a-9d2f-aac4b9d222ad
2026-03-25 16:20:49|gpt|web_search|13|JSON_SAVED||2582|9747b3c3-832d-409a-9d2f-aac4b9d222ad
2026-03-25 16:20:49|gpt|web_search|13|QUESTION_ADVANCE||2583|c2eadb95-f8ca-4706-812c-457d49c6a667
2026-03-25 16:20:53|gpt|web_search|10|JSON_VERIFIED||2197|c56ceddf-c22d-4a3a-9226-e86842d0530d
2026-03-25 16:20:53|gpt|web_search|10|QUESTION|134|2197|c56ceddf-c22d-4a3a-9226-e86842d0530d
2026-03-25 16:20:53|gpt|web_search|10|JSON_SAVED||2197|c56ceddf-c22d-4a3a-9226-e86842d0530d
2026-03-25 16:20:53|gpt|web_search|10|QUESTION_ADVANCE||2198|11b5f7a7-c952-421d-82a5-c501012fd805
2026-03-25 16:21:12|gpt|web_search|11|QUESTION_SENT||2412|b67adf97-62b0-4ca2-bdb4-a5a16c6b39e0
2026-03-25 16:21:36|gpt|web_search|13|QUESTION_SENT||2583|c2eadb95-f8ca-4706-812c-457d49c6a667
2026-03-25 16:21:39|gpt|web_search|10|QUESTION_SENT||2198|11b5f7a7-c952-421d-82a5-c501012fd805
2026-03-25 16:21:49|gpt|web_search|11|JSON_VERIFIED||2412|b67adf97-62b0-4ca2-bdb4-a5a16c6b39e0
2026-03-25 16:21:49|gpt|web_search|11|QUESTION|142|2412|b67adf97-62b0-4ca2-bdb4-a5a16c6b39e0
2026-03-25 16:21:49|gpt|web_search|11|JSON_SAVED||2412|b67adf97-62b0-4ca2-bdb4-a5a16c6b39e0
2026-03-25 16:21:49|gpt|web_search|11|QUESTION_ADVANCE||2413|c4234d6c-1854-4242-97a4-56432769234d
2026-03-25 16:22:04|gpt|web_search|13|JSON_VERIFY_FAILED||2583|c2eadb95-f8ca-4706-812c-457d49c6a667
2026-03-25 16:22:04|gpt|web_search|13|QUESTION|114|2583|c2eadb95-f8ca-4706-812c-457d49c6a667
2026-03-25 16:22:14|gpt|web_search|13|QUESTION_SENT||2583|c2eadb95-f8ca-4706-812c-457d49c6a667
2026-03-25 16:22:17|gpt|web_search|10|JSON_VERIFIED||2198|11b5f7a7-c952-421d-82a5-c501012fd805
2026-03-25 16:22:17|gpt|web_search|10|QUESTION|135|2198|11b5f7a7-c952-421d-82a5-c501012fd805
2026-03-25 16:22:17|gpt|web_search|10|JSON_SAVED||2198|11b5f7a7-c952-421d-82a5-c501012fd805
2026-03-25 16:22:17|gpt|web_search|10|QUESTION_ADVANCE||2199|2895ddf6-88d3-45c6-a58b-18f9469dc87a
2026-03-25 16:22:30|gpt|web_search|11|QUESTION_SENT||2413|c4234d6c-1854-4242-97a4-56432769234d
2026-03-25 16:22:40|gpt|web_search|13|JSON_VERIFIED||2583|c2eadb95-f8ca-4706-812c-457d49c6a667
2026-03-25 16:22:40|gpt|web_search|13|QUESTION|115|2583|c2eadb95-f8ca-4706-812c-457d49c6a667
2026-03-25 16:22:40|gpt|web_search|13|JSON_SAVED||2583|c2eadb95-f8ca-4706-812c-457d49c6a667
2026-03-25 16:22:40|gpt|web_search|13|QUESTION_ADVANCE||2584|f87fbf01-3510-4d57-8772-e3361f742ab4
2026-03-25 16:23:02|gpt|web_search|10|QUESTION_SENT||2199|2895ddf6-88d3-45c6-a58b-18f9469dc87a
2026-03-25 16:23:10|gpt|web_search|11|JSON_VERIFIED||2413|c4234d6c-1854-4242-97a4-56432769234d
2026-03-25 16:23:10|gpt|web_search|11|QUESTION|143|2413|c4234d6c-1854-4242-97a4-56432769234d
2026-03-25 16:23:10|gpt|web_search|11|JSON_SAVED||2413|c4234d6c-1854-4242-97a4-56432769234d
2026-03-25 16:23:10|gpt|web_search|11|QUESTION_ADVANCE||2414|730fe86a-c6df-4b61-ad74-dae2ced26704
2026-03-25 16:23:35|gpt|web_search|13|QUESTION_SENT||2584|f87fbf01-3510-4d57-8772-e3361f742ab4
2026-03-25 16:23:41|gpt|web_search|10|JSON_VERIFIED||2199|2895ddf6-88d3-45c6-a58b-18f9469dc87a
2026-03-25 16:23:41|gpt|web_search|10|QUESTION|136|2199|2895ddf6-88d3-45c6-a58b-18f9469dc87a
2026-03-25 16:23:41|gpt|web_search|10|JSON_SAVED||2199|2895ddf6-88d3-45c6-a58b-18f9469dc87a
2026-03-25 16:23:41|gpt|web_search|10|QUESTION_ADVANCE||2200|70439f71-8beb-4b8a-9b4e-736a19fefb3b
2026-03-25 16:23:48|gpt|web_search|11|QUESTION_SENT||2414|730fe86a-c6df-4b61-ad74-dae2ced26704
2026-03-25 16:24:13|gpt|web_search|13|JSON_VERIFIED||2584|f87fbf01-3510-4d57-8772-e3361f742ab4
2026-03-25 16:24:13|gpt|web_search|13|QUESTION|116|2584|f87fbf01-3510-4d57-8772-e3361f742ab4
2026-03-25 16:24:13|gpt|web_search|13|JSON_SAVED||2584|f87fbf01-3510-4d57-8772-e3361f742ab4
2026-03-25 16:24:13|gpt|web_search|13|QUESTION_ADVANCE||2585|9d614358-2a47-41d2-9e35-0acc7d17d51b
2026-03-25 16:24:25|gpt|web_search|10|QUESTION_SENT||2200|70439f71-8beb-4b8a-9b4e-736a19fefb3b
2026-03-25 16:24:26|gpt|web_search|11|JSON_VERIFY_FAILED||2414|730fe86a-c6df-4b61-ad74-dae2ced26704
2026-03-25 16:24:26|gpt|web_search|11|QUESTION|144|2414|730fe86a-c6df-4b61-ad74-dae2ced26704
2026-03-25 16:24:36|gpt|web_search|11|QUESTION_SENT||2414|730fe86a-c6df-4b61-ad74-dae2ced26704
2026-03-25 16:24:56|gpt|web_search|13|QUESTION_SENT||2585|9d614358-2a47-41d2-9e35-0acc7d17d51b
2026-03-25 16:24:59|gpt|web_search|11|JSON_VERIFIED||2414|730fe86a-c6df-4b61-ad74-dae2ced26704
2026-03-25 16:24:59|gpt|web_search|11|QUESTION|145|2414|730fe86a-c6df-4b61-ad74-dae2ced26704
2026-03-25 16:24:59|gpt|web_search|11|JSON_SAVED||2414|730fe86a-c6df-4b61-ad74-dae2ced26704
2026-03-25 16:24:59|gpt|web_search|11|QUESTION_ADVANCE||2415|2aed14d6-9951-47d0-ac71-301bf5d040eb
2026-03-25 16:25:07|gpt|web_search|10|JSON_VERIFIED||2200|70439f71-8beb-4b8a-9b4e-736a19fefb3b
2026-03-25 16:25:07|gpt|web_search|10|QUESTION|137|2200|70439f71-8beb-4b8a-9b4e-736a19fefb3b
2026-03-25 16:25:07|gpt|web_search|10|JSON_SAVED||2200|70439f71-8beb-4b8a-9b4e-736a19fefb3b
2026-03-25 16:25:07|gpt|web_search|10|QUESTION_ADVANCE||2201|e290e991-6955-4762-9be9-f2afc8e32c62
2026-03-25 16:25:29|gpt|web_search|13|JSON_VERIFY_FAILED||2585|9d614358-2a47-41d2-9e35-0acc7d17d51b
2026-03-25 16:25:29|gpt|web_search|13|QUESTION|117|2585|9d614358-2a47-41d2-9e35-0acc7d17d51b
2026-03-25 16:25:39|gpt|web_search|13|QUESTION_SENT||2585|9d614358-2a47-41d2-9e35-0acc7d17d51b
2026-03-25 16:25:48|gpt|web_search|10|QUESTION_SENT||2201|e290e991-6955-4762-9be9-f2afc8e32c62
2026-03-25 16:25:54|gpt|web_search|11|QUESTION_SENT||2415|2aed14d6-9951-47d0-ac71-301bf5d040eb
2026-03-25 16:26:00|gpt|web_search|13|JSON_VERIFIED||2585|9d614358-2a47-41d2-9e35-0acc7d17d51b
2026-03-25 16:26:00|gpt|web_search|13|QUESTION|118|2585|9d614358-2a47-41d2-9e35-0acc7d17d51b
2026-03-25 16:26:00|gpt|web_search|13|JSON_SAVED||2585|9d614358-2a47-41d2-9e35-0acc7d17d51b
2026-03-25 16:26:00|gpt|web_search|13|QUESTION_ADVANCE||2586|674ae3a5-6552-4f9d-ad12-902b4a44da40
2026-03-25 16:26:22|gpt|web_search|10|JSON_VERIFIED||2201|e290e991-6955-4762-9be9-f2afc8e32c62
2026-03-25 16:26:22|gpt|web_search|10|QUESTION|138|2201|e290e991-6955-4762-9be9-f2afc8e32c62
2026-03-25 16:26:22|gpt|web_search|10|JSON_SAVED||2201|e290e991-6955-4762-9be9-f2afc8e32c62
2026-03-25 16:26:22|gpt|web_search|10|QUESTION_ADVANCE||2202|eaa1abf3-d48a-473c-9939-47a23d01dc4e
2026-03-25 16:26:42|gpt|web_search|11|JSON_VERIFIED||2415|2aed14d6-9951-47d0-ac71-301bf5d040eb
2026-03-25 16:26:42|gpt|web_search|11|QUESTION|146|2415|2aed14d6-9951-47d0-ac71-301bf5d040eb
2026-03-25 16:26:42|gpt|web_search|11|JSON_SAVED||2415|2aed14d6-9951-47d0-ac71-301bf5d040eb
2026-03-25 16:26:42|gpt|web_search|11|QUESTION_ADVANCE||2416|9cb0b2e7-098b-4334-90ae-0a33be33e072
2026-03-25 16:26:59|gpt|web_search|13|QUESTION_SENT||2586|674ae3a5-6552-4f9d-ad12-902b4a44da40
2026-03-25 16:27:08|gpt|web_search|11|QUESTION_SENT||2416|9cb0b2e7-098b-4334-90ae-0a33be33e072
2026-03-25 16:27:11|gpt|web_search|10|QUESTION_SENT||2202|eaa1abf3-d48a-473c-9939-47a23d01dc4e
2026-03-25 16:27:36|gpt|web_search|13|JSON_VERIFIED||2586|674ae3a5-6552-4f9d-ad12-902b4a44da40
2026-03-25 16:27:36|gpt|web_search|13|QUESTION|119|2586|674ae3a5-6552-4f9d-ad12-902b4a44da40
2026-03-25 16:27:36|gpt|web_search|13|JSON_SAVED||2586|674ae3a5-6552-4f9d-ad12-902b4a44da40
2026-03-25 16:27:36|gpt|web_search|13|QUESTION_ADVANCE||2587|3270f28b-c3c8-48bc-b6a7-1b7ff30ff210
2026-03-25 16:27:48|gpt|web_search|10|JSON_VERIFIED||2202|eaa1abf3-d48a-473c-9939-47a23d01dc4e
2026-03-25 16:27:48|gpt|web_search|10|QUESTION|139|2202|eaa1abf3-d48a-473c-9939-47a23d01dc4e
2026-03-25 16:27:48|gpt|web_search|10|JSON_SAVED||2202|eaa1abf3-d48a-473c-9939-47a23d01dc4e
2026-03-25 16:27:48|gpt|web_search|10|QUESTION_ADVANCE||2203|f4d9ae13-f8c8-4eaf-a097-1b2dd613e5f9
2026-03-25 16:28:00|gpt|web_search|11|JSON_VERIFIED||2416|9cb0b2e7-098b-4334-90ae-0a33be33e072
2026-03-25 16:28:00|gpt|web_search|11|QUESTION|147|2416|9cb0b2e7-098b-4334-90ae-0a33be33e072
2026-03-25 16:28:00|gpt|web_search|11|JSON_SAVED||2416|9cb0b2e7-098b-4334-90ae-0a33be33e072
2026-03-25 16:28:00|gpt|web_search|11|QUESTION_ADVANCE||2417|3138ea13-2cad-4f81-8d24-961037398984
2026-03-25 16:28:21|gpt|web_search|13|QUESTION_SENT||2587|3270f28b-c3c8-48bc-b6a7-1b7ff30ff210
2026-03-25 16:28:26|gpt|web_search|11|QUESTION_SENT||2417|3138ea13-2cad-4f81-8d24-961037398984
2026-03-25 16:28:35|gpt|web_search|10|QUESTION_SENT||2203|f4d9ae13-f8c8-4eaf-a097-1b2dd613e5f9
2026-03-25 16:28:55|gpt|web_search|13|JSON_VERIFY_FAILED||2587|3270f28b-c3c8-48bc-b6a7-1b7ff30ff210
2026-03-25 16:28:55|gpt|web_search|13|QUESTION|120|2587|3270f28b-c3c8-48bc-b6a7-1b7ff30ff210
2026-03-25 16:29:04|gpt|web_search|13|QUESTION_SENT||2587|3270f28b-c3c8-48bc-b6a7-1b7ff30ff210
2026-03-25 16:29:08|gpt|web_search|10|JSON_VERIFIED||2203|f4d9ae13-f8c8-4eaf-a097-1b2dd613e5f9
2026-03-25 16:29:08|gpt|web_search|10|QUESTION|140|2203|f4d9ae13-f8c8-4eaf-a097-1b2dd613e5f9
2026-03-25 16:29:08|gpt|web_search|10|JSON_SAVED||2203|f4d9ae13-f8c8-4eaf-a097-1b2dd613e5f9
2026-03-25 16:29:08|gpt|web_search|10|QUESTION_ADVANCE||2204|4d91e62d-4ac3-4765-9078-027d082709bd
2026-03-25 16:29:30|gpt|web_search|13|JSON_VERIFIED||2587|3270f28b-c3c8-48bc-b6a7-1b7ff30ff210
2026-03-25 16:29:30|gpt|web_search|13|QUESTION|121|2587|3270f28b-c3c8-48bc-b6a7-1b7ff30ff210
2026-03-25 16:29:30|gpt|web_search|13|JSON_SAVED||2587|3270f28b-c3c8-48bc-b6a7-1b7ff30ff210
2026-03-25 16:29:30|gpt|web_search|13|QUESTION_ADVANCE||2588|dccafe7e-f051-48d4-a60d-d4276a330d80
2026-03-25 16:29:33|gpt|web_search|11|JSON_VERIFIED||2417|3138ea13-2cad-4f81-8d24-961037398984
2026-03-25 16:29:33|gpt|web_search|11|QUESTION|148|2417|3138ea13-2cad-4f81-8d24-961037398984
2026-03-25 16:29:33|gpt|web_search|11|JSON_SAVED||2417|3138ea13-2cad-4f81-8d24-961037398984
2026-03-25 16:29:33|gpt|web_search|11|QUESTION_ADVANCE||2418|5b5032b5-c1df-422f-b958-a53754219ce1
2026-03-25 16:29:57|gpt|web_search|10|QUESTION_SENT||2204|4d91e62d-4ac3-4765-9078-027d082709bd
2026-03-25 16:29:59|gpt|web_search|11|QUESTION_SENT||2418|5b5032b5-c1df-422f-b958-a53754219ce1
2026-03-25 16:30:25|gpt|web_search|13|QUESTION_SENT||2588|dccafe7e-f051-48d4-a60d-d4276a330d80
2026-03-25 16:30:30|gpt|web_search|10|JSON_VERIFY_FAILED||2204|4d91e62d-4ac3-4765-9078-027d082709bd
2026-03-25 16:30:30|gpt|web_search|10|QUESTION|141|2204|4d91e62d-4ac3-4765-9078-027d082709bd
2026-03-25 16:30:38|gpt|web_search|11|JSON_VERIFY_FAILED||2418|5b5032b5-c1df-422f-b958-a53754219ce1
2026-03-25 16:30:38|gpt|web_search|11|QUESTION|149|2418|5b5032b5-c1df-422f-b958-a53754219ce1
2026-03-25 16:30:40|gpt|web_search|10|QUESTION_SENT||2204|4d91e62d-4ac3-4765-9078-027d082709bd
2026-03-25 16:30:48|gpt|web_search|11|QUESTION_SENT||2418|5b5032b5-c1df-422f-b958-a53754219ce1
2026-03-25 16:31:01|gpt|web_search|13|JSON_VERIFIED||2588|dccafe7e-f051-48d4-a60d-d4276a330d80
2026-03-25 16:31:01|gpt|web_search|13|QUESTION|122|2588|dccafe7e-f051-48d4-a60d-d4276a330d80
2026-03-25 16:31:01|gpt|web_search|13|JSON_SAVED||2588|dccafe7e-f051-48d4-a60d-d4276a330d80
2026-03-25 16:31:01|gpt|web_search|13|QUESTION_ADVANCE||2589|d8409960-03f5-4467-bcb6-70959fea0326
2026-03-25 16:31:14|gpt|web_search|10|JSON_VERIFIED||2204|4d91e62d-4ac3-4765-9078-027d082709bd
2026-03-25 16:31:14|gpt|web_search|10|QUESTION|142|2204|4d91e62d-4ac3-4765-9078-027d082709bd
2026-03-25 16:31:14|gpt|web_search|10|JSON_SAVED||2204|4d91e62d-4ac3-4765-9078-027d082709bd
2026-03-25 16:31:14|gpt|web_search|10|QUESTION_ADVANCE||2205|f3b29175-8954-492f-82b6-82225d3e0ab9
2026-03-25 16:31:24|gpt|web_search|11|JSON_VERIFIED||2418|5b5032b5-c1df-422f-b958-a53754219ce1
2026-03-25 16:31:24|gpt|web_search|11|QUESTION|150|2418|5b5032b5-c1df-422f-b958-a53754219ce1
2026-03-25 16:31:24|gpt|web_search|11|JSON_SAVED||2418|5b5032b5-c1df-422f-b958-a53754219ce1
2026-03-25 16:31:24|gpt|web_search|11|QUESTION_ADVANCE||2419|571a37ac-248b-42a0-a069-8d3da77e4056
2026-03-25 16:31:46|gpt|web_search|13|QUESTION_SENT||2589|d8409960-03f5-4467-bcb6-70959fea0326
2026-03-25 16:32:03|gpt|web_search|10|QUESTION_SENT||2205|f3b29175-8954-492f-82b6-82225d3e0ab9
2026-03-25 16:32:06|gpt|web_search|11|QUESTION_SENT||2419|571a37ac-248b-42a0-a069-8d3da77e4056
2026-03-25 16:32:20|gpt|web_search|13|JSON_VERIFIED||2589|d8409960-03f5-4467-bcb6-70959fea0326
2026-03-25 16:32:20|gpt|web_search|13|QUESTION|123|2589|d8409960-03f5-4467-bcb6-70959fea0326
2026-03-25 16:32:20|gpt|web_search|13|JSON_SAVED||2589|d8409960-03f5-4467-bcb6-70959fea0326
2026-03-25 16:32:20|gpt|web_search|13|QUESTION_ADVANCE||2590|162b55ea-4344-4b12-9a61-60a3752a70e5
2026-03-25 16:32:38|gpt|web_search|10|JSON_VERIFIED||2205|f3b29175-8954-492f-82b6-82225d3e0ab9
2026-03-25 16:32:38|gpt|web_search|10|QUESTION|143|2205|f3b29175-8954-492f-82b6-82225d3e0ab9
2026-03-25 16:32:38|gpt|web_search|10|JSON_SAVED||2205|f3b29175-8954-492f-82b6-82225d3e0ab9
2026-03-25 16:32:38|gpt|web_search|10|QUESTION_ADVANCE||2206|fad0dfcf-1b64-402c-9f47-19c6e45304b6
2026-03-25 16:32:51|gpt|web_search|11|JSON_VERIFIED||2419|571a37ac-248b-42a0-a069-8d3da77e4056
2026-03-25 16:32:51|gpt|web_search|11|QUESTION|151|2419|571a37ac-248b-42a0-a069-8d3da77e4056
2026-03-25 16:32:51|gpt|web_search|11|JSON_SAVED||2419|571a37ac-248b-42a0-a069-8d3da77e4056
2026-03-25 16:32:51|gpt|web_search|11|QUESTION_ADVANCE||2420|e40cfd19-0ab2-4f14-abbc-dde29518f6c2
2026-03-25 16:33:07|gpt|web_search|13|QUESTION_SENT||2590|162b55ea-4344-4b12-9a61-60a3752a70e5
2026-03-25 16:33:17|gpt|web_search|11|QUESTION_SENT||2420|e40cfd19-0ab2-4f14-abbc-dde29518f6c2
2026-03-25 16:33:26|gpt|web_search|10|QUESTION_SENT||2206|fad0dfcf-1b64-402c-9f47-19c6e45304b6
2026-03-25 16:33:41|gpt|web_search|13|JSON_VERIFY_FAILED||2590|162b55ea-4344-4b12-9a61-60a3752a70e5
2026-03-25 16:33:41|gpt|web_search|13|QUESTION|124|2590|162b55ea-4344-4b12-9a61-60a3752a70e5
2026-03-25 16:33:51|gpt|web_search|13|QUESTION_SENT||2590|162b55ea-4344-4b12-9a61-60a3752a70e5
2026-03-25 16:34:04|gpt|web_search|10|JSON_VERIFIED||2206|fad0dfcf-1b64-402c-9f47-19c6e45304b6
2026-03-25 16:34:04|gpt|web_search|10|QUESTION|144|2206|fad0dfcf-1b64-402c-9f47-19c6e45304b6
2026-03-25 16:34:04|gpt|web_search|10|JSON_SAVED||2206|fad0dfcf-1b64-402c-9f47-19c6e45304b6
2026-03-25 16:34:04|gpt|web_search|10|QUESTION_ADVANCE||2207|286ba73e-5f3e-4f3e-8e53-d6b2ee175e42
2026-03-25 16:34:11|gpt|web_search|11|JSON_VERIFIED||2420|e40cfd19-0ab2-4f14-abbc-dde29518f6c2
2026-03-25 16:34:11|gpt|web_search|11|QUESTION|152|2420|e40cfd19-0ab2-4f14-abbc-dde29518f6c2
2026-03-25 16:34:11|gpt|web_search|11|JSON_SAVED||2420|e40cfd19-0ab2-4f14-abbc-dde29518f6c2
2026-03-25 16:34:11|gpt|web_search|11|QUESTION_ADVANCE||2421|fb9ad60e-1035-4995-b944-a7a5b875db1b
2026-03-25 16:34:12|gpt|web_search|13|JSON_VERIFY_FAILED||2590|162b55ea-4344-4b12-9a61-60a3752a70e5
2026-03-25 16:34:12|gpt|web_search|13|QUESTION|125|2590|162b55ea-4344-4b12-9a61-60a3752a70e5
2026-03-25 16:34:22|gpt|web_search|13|QUESTION_SENT||2590|162b55ea-4344-4b12-9a61-60a3752a70e5
2026-03-25 16:34:37|gpt|web_search|11|QUESTION_SENT||2421|fb9ad60e-1035-4995-b944-a7a5b875db1b
2026-03-25 16:34:45|gpt|web_search|13|JSON_VERIFY_FAILED||2590|162b55ea-4344-4b12-9a61-60a3752a70e5
2026-03-25 16:34:45|gpt|web_search|13|QUESTION|126|2590|162b55ea-4344-4b12-9a61-60a3752a70e5
2026-03-25 16:34:49|gpt|web_search|10|QUESTION_SENT||2207|286ba73e-5f3e-4f3e-8e53-d6b2ee175e42
2026-03-25 16:34:55|gpt|web_search|13|QUESTION_SENT||2590|162b55ea-4344-4b12-9a61-60a3752a70e5
2026-03-25 16:35:25|gpt|web_search|11|JSON_VERIFIED||2421|fb9ad60e-1035-4995-b944-a7a5b875db1b
2026-03-25 16:35:25|gpt|web_search|11|QUESTION|153|2421|fb9ad60e-1035-4995-b944-a7a5b875db1b
2026-03-25 16:35:25|gpt|web_search|11|JSON_SAVED||2421|fb9ad60e-1035-4995-b944-a7a5b875db1b
2026-03-25 16:35:25|gpt|web_search|11|QUESTION_ADVANCE||2422|24d95351-a873-427e-8bb7-029b5dcc1741
2026-03-25 16:35:27|gpt|web_search|10|JSON_VERIFIED||2207|286ba73e-5f3e-4f3e-8e53-d6b2ee175e42
2026-03-25 16:35:27|gpt|web_search|10|QUESTION|145|2207|286ba73e-5f3e-4f3e-8e53-d6b2ee175e42
2026-03-25 16:35:27|gpt|web_search|10|JSON_SAVED||2207|286ba73e-5f3e-4f3e-8e53-d6b2ee175e42
2026-03-25 16:35:27|gpt|web_search|10|QUESTION_ADVANCE||2208|4a1a7c2c-be80-494d-a265-433e4fec4ff3
2026-03-25 16:35:51|gpt|web_search|11|QUESTION_SENT||2422|24d95351-a873-427e-8bb7-029b5dcc1741
2026-03-25 16:36:12|gpt|web_search|10|QUESTION_SENT||2208|4a1a7c2c-be80-494d-a265-433e4fec4ff3
2026-03-25 16:36:16|gpt|web_search|13|QUESTION_SENT||2590|162b55ea-4344-4b12-9a61-60a3752a70e5
2026-03-25 16:36:39|gpt|web_search|11|JSON_VERIFIED||2422|24d95351-a873-427e-8bb7-029b5dcc1741
2026-03-25 16:36:39|gpt|web_search|11|QUESTION|154|2422|24d95351-a873-427e-8bb7-029b5dcc1741
2026-03-25 16:36:39|gpt|web_search|11|JSON_SAVED||2422|24d95351-a873-427e-8bb7-029b5dcc1741
2026-03-25 16:36:39|gpt|web_search|11|QUESTION_ADVANCE||2423|03b1116e-8fcb-46b1-96b0-413dded2ec2b
2026-03-25 16:36:47|gpt|web_search|13|JSON_VERIFIED||2590|162b55ea-4344-4b12-9a61-60a3752a70e5
2026-03-25 16:36:47|gpt|web_search|13|QUESTION|127|2590|162b55ea-4344-4b12-9a61-60a3752a70e5
2026-03-25 16:36:47|gpt|web_search|13|JSON_SAVED||2590|162b55ea-4344-4b12-9a61-60a3752a70e5
2026-03-25 16:36:47|gpt|web_search|13|QUESTION_ADVANCE||2591|fcc6eb5a-2208-4a3d-b2eb-e31945b55e60
2026-03-25 16:36:50|gpt|web_search|10|JSON_VERIFIED||2208|4a1a7c2c-be80-494d-a265-433e4fec4ff3
2026-03-25 16:36:50|gpt|web_search|10|QUESTION|146|2208|4a1a7c2c-be80-494d-a265-433e4fec4ff3
2026-03-25 16:36:50|gpt|web_search|10|JSON_SAVED||2208|4a1a7c2c-be80-494d-a265-433e4fec4ff3
2026-03-25 16:36:50|gpt|web_search|10|QUESTION_ADVANCE||2209|7d4f482b-11c4-469c-b6e1-e58ad7b80891
2026-03-25 16:37:05|gpt|web_search|11|QUESTION_SENT||2423|03b1116e-8fcb-46b1-96b0-413dded2ec2b
2026-03-25 16:37:35|gpt|web_search|10|QUESTION_SENT||2209|7d4f482b-11c4-469c-b6e1-e58ad7b80891
2026-03-25 16:37:37|gpt|web_search|13|QUESTION_SENT||2591|fcc6eb5a-2208-4a3d-b2eb-e31945b55e60
2026-03-25 16:37:53|gpt|web_search|11|JSON_VERIFIED||2423|03b1116e-8fcb-46b1-96b0-413dded2ec2b
2026-03-25 16:37:53|gpt|web_search|11|QUESTION|155|2423|03b1116e-8fcb-46b1-96b0-413dded2ec2b
2026-03-25 16:37:53|gpt|web_search|11|JSON_SAVED||2423|03b1116e-8fcb-46b1-96b0-413dded2ec2b
2026-03-25 16:37:53|gpt|web_search|11|QUESTION_ADVANCE||2424|1c14235a-ca9b-4439-aa32-f456539be519
2026-03-25 16:38:13|gpt|web_search|10|JSON_VERIFIED||2209|7d4f482b-11c4-469c-b6e1-e58ad7b80891
2026-03-25 16:38:13|gpt|web_search|10|QUESTION|147|2209|7d4f482b-11c4-469c-b6e1-e58ad7b80891
2026-03-25 16:38:13|gpt|web_search|10|JSON_SAVED||2209|7d4f482b-11c4-469c-b6e1-e58ad7b80891
2026-03-25 16:38:13|gpt|web_search|10|QUESTION_ADVANCE||2210|67f082d2-b846-415a-b633-b46177377fdb
2026-03-25 16:38:15|gpt|web_search|13|JSON_VERIFIED||2591|fcc6eb5a-2208-4a3d-b2eb-e31945b55e60
2026-03-25 16:38:15|gpt|web_search|13|QUESTION|128|2591|fcc6eb5a-2208-4a3d-b2eb-e31945b55e60
2026-03-25 16:38:15|gpt|web_search|13|JSON_SAVED||2591|fcc6eb5a-2208-4a3d-b2eb-e31945b55e60
2026-03-25 16:38:15|gpt|web_search|13|QUESTION_ADVANCE||2592|a46f1c5a-a8a0-4160-8cbe-936c86c59a94
2026-03-25 16:38:19|gpt|web_search|11|QUESTION_SENT||2424|1c14235a-ca9b-4439-aa32-f456539be519
2026-03-25 16:38:58|gpt|web_search|13|QUESTION_SENT||2592|a46f1c5a-a8a0-4160-8cbe-936c86c59a94
2026-03-25 16:38:58|gpt|web_search|10|QUESTION_SENT||2210|67f082d2-b846-415a-b633-b46177377fdb
2026-03-25 16:39:30|gpt|web_search|11|QUESTION_SENT||2424|1c14235a-ca9b-4439-aa32-f456539be519
2026-03-25 16:39:33|gpt|web_search|13|JSON_VERIFIED||2592|a46f1c5a-a8a0-4160-8cbe-936c86c59a94
2026-03-25 16:39:33|gpt|web_search|13|QUESTION|129|2592|a46f1c5a-a8a0-4160-8cbe-936c86c59a94
2026-03-25 16:39:33|gpt|web_search|13|JSON_SAVED||2592|a46f1c5a-a8a0-4160-8cbe-936c86c59a94
2026-03-25 16:39:33|gpt|web_search|13|QUESTION_ADVANCE||2593|fbf95d16-7949-48e5-afce-087600b1ac98
2026-03-25 16:39:34|gpt|web_search|10|JSON_VERIFIED||2210|67f082d2-b846-415a-b633-b46177377fdb
2026-03-25 16:39:34|gpt|web_search|10|QUESTION|148|2210|67f082d2-b846-415a-b633-b46177377fdb
2026-03-25 16:39:34|gpt|web_search|10|JSON_SAVED||2210|67f082d2-b846-415a-b633-b46177377fdb
2026-03-25 16:39:34|gpt|web_search|10|QUESTION_ADVANCE||2211|7488267f-9191-4c76-9631-bcfb36c48ada
2026-03-25 16:40:19|gpt|web_search|13|QUESTION_SENT||2593|fbf95d16-7949-48e5-afce-087600b1ac98
2026-03-25 16:40:21|gpt|web_search|10|QUESTION_SENT||2211|7488267f-9191-4c76-9631-bcfb36c48ada
2026-03-25 16:40:41|gpt|web_search|11|QUESTION_SENT||2424|1c14235a-ca9b-4439-aa32-f456539be519
2026-03-25 16:40:56|gpt|web_search|13|JSON_VERIFIED||2593|fbf95d16-7949-48e5-afce-087600b1ac98
2026-03-25 16:40:56|gpt|web_search|13|QUESTION|130|2593|fbf95d16-7949-48e5-afce-087600b1ac98
2026-03-25 16:40:56|gpt|web_search|13|JSON_SAVED||2593|fbf95d16-7949-48e5-afce-087600b1ac98
2026-03-25 16:40:56|gpt|web_search|13|QUESTION_ADVANCE||2594|bbcbb2a8-3405-4e40-9efe-b80ee9cd9a82
2026-03-25 16:40:58|gpt|web_search|10|JSON_VERIFIED||2211|7488267f-9191-4c76-9631-bcfb36c48ada
2026-03-25 16:40:58|gpt|web_search|10|QUESTION|149|2211|7488267f-9191-4c76-9631-bcfb36c48ada
2026-03-25 16:40:58|gpt|web_search|10|JSON_SAVED||2211|7488267f-9191-4c76-9631-bcfb36c48ada
2026-03-25 16:40:58|gpt|web_search|10|QUESTION_ADVANCE||2212|80029c08-5dfa-4516-8d20-da5a36cdac69
2026-03-25 16:41:33|gpt|web_search|11|JSON_VERIFIED||2424|1c14235a-ca9b-4439-aa32-f456539be519
2026-03-25 16:41:33|gpt|web_search|11|QUESTION|156|2424|1c14235a-ca9b-4439-aa32-f456539be519
2026-03-25 16:41:33|gpt|web_search|11|JSON_SAVED||2424|1c14235a-ca9b-4439-aa32-f456539be519
2026-03-25 16:41:33|gpt|web_search|11|QUESTION_ADVANCE||2425|caa95821-df0b-4b46-9c05-2c26812a3a11
2026-03-25 16:41:40|gpt|web_search|13|QUESTION_SENT||2594|bbcbb2a8-3405-4e40-9efe-b80ee9cd9a82
2026-03-25 16:41:44|gpt|web_search|10|QUESTION_SENT||2212|80029c08-5dfa-4516-8d20-da5a36cdac69
2026-03-25 16:41:59|gpt|web_search|11|QUESTION_SENT||2425|caa95821-df0b-4b46-9c05-2c26812a3a11
2026-03-25 16:42:20|gpt|web_search|13|JSON_VERIFIED||2594|bbcbb2a8-3405-4e40-9efe-b80ee9cd9a82
2026-03-25 16:42:20|gpt|web_search|13|QUESTION|131|2594|bbcbb2a8-3405-4e40-9efe-b80ee9cd9a82
2026-03-25 16:42:20|gpt|web_search|13|JSON_SAVED||2594|bbcbb2a8-3405-4e40-9efe-b80ee9cd9a82
2026-03-25 16:42:20|gpt|web_search|13|QUESTION_ADVANCE||2595|c16613c1-f38b-48c8-8a0c-52bd6c262b6c
2026-03-25 16:42:25|gpt|web_search|10|JSON_VERIFIED||2212|80029c08-5dfa-4516-8d20-da5a36cdac69
2026-03-25 16:42:25|gpt|web_search|10|QUESTION|150|2212|80029c08-5dfa-4516-8d20-da5a36cdac69
2026-03-25 16:42:25|gpt|web_search|10|JSON_SAVED||2212|80029c08-5dfa-4516-8d20-da5a36cdac69
2026-03-25 16:42:25|gpt|web_search|10|QUESTION_ADVANCE||2213|bd8fc7b7-734d-4c5a-8eb7-f5bbb0b3c1fd
2026-03-25 16:42:52|gpt|web_search|11|JSON_VERIFIED||2425|caa95821-df0b-4b46-9c05-2c26812a3a11
2026-03-25 16:42:52|gpt|web_search|11|QUESTION|157|2425|caa95821-df0b-4b46-9c05-2c26812a3a11
2026-03-25 16:42:52|gpt|web_search|11|JSON_SAVED||2425|caa95821-df0b-4b46-9c05-2c26812a3a11
2026-03-25 16:42:52|gpt|web_search|11|QUESTION_ADVANCE||2426|43a39570-3bc2-4f7c-b442-7a4eda2b20fc
2026-03-25 16:43:01|gpt|web_search|13|QUESTION_SENT||2595|c16613c1-f38b-48c8-8a0c-52bd6c262b6c
2026-03-25 16:43:07|gpt|web_search|10|QUESTION_SENT||2213|bd8fc7b7-734d-4c5a-8eb7-f5bbb0b3c1fd
2026-03-25 16:43:17|gpt|web_search|11|QUESTION_SENT||2426|43a39570-3bc2-4f7c-b442-7a4eda2b20fc
2026-03-25 16:43:38|gpt|web_search|13|JSON_VERIFIED||2595|c16613c1-f38b-48c8-8a0c-52bd6c262b6c
2026-03-25 16:43:38|gpt|web_search|13|QUESTION|132|2595|c16613c1-f38b-48c8-8a0c-52bd6c262b6c
2026-03-25 16:43:38|gpt|web_search|13|JSON_SAVED||2595|c16613c1-f38b-48c8-8a0c-52bd6c262b6c
2026-03-25 16:43:38|gpt|web_search|13|QUESTION_ADVANCE||2596|764fd8f1-027c-41be-97d9-97107d68a0bc
2026-03-25 16:43:44|gpt|web_search|10|JSON_VERIFIED||2213|bd8fc7b7-734d-4c5a-8eb7-f5bbb0b3c1fd
2026-03-25 16:43:44|gpt|web_search|10|QUESTION|151|2213|bd8fc7b7-734d-4c5a-8eb7-f5bbb0b3c1fd
2026-03-25 16:43:44|gpt|web_search|10|JSON_SAVED||2213|bd8fc7b7-734d-4c5a-8eb7-f5bbb0b3c1fd
2026-03-25 16:43:44|gpt|web_search|10|QUESTION_ADVANCE||2214|534dda32-9239-44cd-9c13-fa49bbc50083
2026-03-25 16:43:56|gpt|web_search|11|JSON_VERIFIED||2426|43a39570-3bc2-4f7c-b442-7a4eda2b20fc
2026-03-25 16:43:56|gpt|web_search|11|QUESTION|158|2426|43a39570-3bc2-4f7c-b442-7a4eda2b20fc
2026-03-25 16:43:56|gpt|web_search|11|JSON_SAVED||2426|43a39570-3bc2-4f7c-b442-7a4eda2b20fc
2026-03-25 16:43:56|gpt|web_search|11|QUESTION_ADVANCE||2427|bc4fe1c3-e9cc-497a-b7a0-718648a9dfa5
2026-03-25 16:44:22|gpt|web_search|13|QUESTION_SENT||2596|764fd8f1-027c-41be-97d9-97107d68a0bc
2026-03-25 16:44:30|gpt|web_search|10|QUESTION_SENT||2214|534dda32-9239-44cd-9c13-fa49bbc50083
2026-03-25 16:44:36|gpt|web_search|11|QUESTION_SENT||2427|bc4fe1c3-e9cc-497a-b7a0-718648a9dfa5
2026-03-25 16:44:52|gpt|web_search|13|JSON_VERIFY_FAILED||2596|764fd8f1-027c-41be-97d9-97107d68a0bc
2026-03-25 16:44:52|gpt|web_search|13|QUESTION|133|2596|764fd8f1-027c-41be-97d9-97107d68a0bc
2026-03-25 16:45:02|gpt|web_search|13|QUESTION_SENT||2596|764fd8f1-027c-41be-97d9-97107d68a0bc
2026-03-25 16:45:08|gpt|web_search|10|JSON_VERIFIED||2214|534dda32-9239-44cd-9c13-fa49bbc50083
2026-03-25 16:45:08|gpt|web_search|10|QUESTION|152|2214|534dda32-9239-44cd-9c13-fa49bbc50083
2026-03-25 16:45:08|gpt|web_search|10|JSON_SAVED||2214|534dda32-9239-44cd-9c13-fa49bbc50083
2026-03-25 16:45:08|gpt|web_search|10|QUESTION_ADVANCE||2215|a0f07bf1-8e3f-41fa-9a22-34524cacb70b
2026-03-25 16:45:12|gpt|web_search|11|JSON_VERIFIED||2427|bc4fe1c3-e9cc-497a-b7a0-718648a9dfa5
2026-03-25 16:45:12|gpt|web_search|11|QUESTION|159|2427|bc4fe1c3-e9cc-497a-b7a0-718648a9dfa5
2026-03-25 16:45:12|gpt|web_search|11|JSON_SAVED||2427|bc4fe1c3-e9cc-497a-b7a0-718648a9dfa5
2026-03-25 16:45:12|gpt|web_search|11|QUESTION_ADVANCE||2428|328c78fa-551e-4525-91c1-77d2d569b26a
2026-03-25 16:45:25|gpt|web_search|13|JSON_VERIFIED||2596|764fd8f1-027c-41be-97d9-97107d68a0bc
2026-03-25 16:45:25|gpt|web_search|13|QUESTION|134|2596|764fd8f1-027c-41be-97d9-97107d68a0bc
2026-03-25 16:45:25|gpt|web_search|13|JSON_SAVED||2596|764fd8f1-027c-41be-97d9-97107d68a0bc
2026-03-25 16:45:25|gpt|web_search|13|QUESTION_ADVANCE||2597|b34107b8-fad0-4a13-82d1-5d400914c161
2026-03-25 16:45:53|gpt|web_search|10|QUESTION_SENT||2215|a0f07bf1-8e3f-41fa-9a22-34524cacb70b
2026-03-25 16:45:54|gpt|web_search|11|QUESTION_SENT||2428|328c78fa-551e-4525-91c1-77d2d569b26a
2026-03-25 16:46:22|gpt|web_search|13|QUESTION_SENT||2597|b34107b8-fad0-4a13-82d1-5d400914c161
2026-03-25 16:46:24|gpt|web_search|10|JSON_VERIFY_FAILED||2215|a0f07bf1-8e3f-41fa-9a22-34524cacb70b
2026-03-25 16:46:24|gpt|web_search|10|QUESTION|153|2215|a0f07bf1-8e3f-41fa-9a22-34524cacb70b
2026-03-25 16:46:32|gpt|web_search|11|JSON_VERIFIED||2428|328c78fa-551e-4525-91c1-77d2d569b26a
2026-03-25 16:46:32|gpt|web_search|11|QUESTION|160|2428|328c78fa-551e-4525-91c1-77d2d569b26a
2026-03-25 16:46:32|gpt|web_search|11|JSON_SAVED||2428|328c78fa-551e-4525-91c1-77d2d569b26a
2026-03-25 16:46:32|gpt|web_search|11|QUESTION_ADVANCE||2429|e7ce2cc9-65b6-44c8-b256-7d3219206a39
2026-03-25 16:46:34|gpt|web_search|10|QUESTION_SENT||2215|a0f07bf1-8e3f-41fa-9a22-34524cacb70b
2026-03-25 16:47:00|gpt|web_search|10|JSON_VERIFIED||2215|a0f07bf1-8e3f-41fa-9a22-34524cacb70b
2026-03-25 16:47:00|gpt|web_search|10|QUESTION|154|2215|a0f07bf1-8e3f-41fa-9a22-34524cacb70b
2026-03-25 16:47:00|gpt|web_search|10|JSON_SAVED||2215|a0f07bf1-8e3f-41fa-9a22-34524cacb70b
2026-03-25 16:47:00|gpt|web_search|10|QUESTION_ADVANCE||2216|2216be15-839d-40da-8de5-42c1bc8f1dc3
2026-03-25 16:47:02|gpt|web_search|13|JSON_VERIFIED||2597|b34107b8-fad0-4a13-82d1-5d400914c161
2026-03-25 16:47:02|gpt|web_search|13|QUESTION|135|2597|b34107b8-fad0-4a13-82d1-5d400914c161
2026-03-25 16:47:02|gpt|web_search|13|JSON_SAVED||2597|b34107b8-fad0-4a13-82d1-5d400914c161
2026-03-25 16:47:02|gpt|web_search|13|QUESTION_ADVANCE||2598|b188686c-85a9-4b47-8689-a7710866fdaf
2026-03-25 16:47:12|gpt|web_search|11|QUESTION_SENT||2429|e7ce2cc9-65b6-44c8-b256-7d3219206a39
2026-03-25 16:47:44|gpt|web_search|13|QUESTION_SENT||2598|b188686c-85a9-4b47-8689-a7710866fdaf
2026-03-25 16:47:50|gpt|web_search|11|JSON_VERIFIED||2429|e7ce2cc9-65b6-44c8-b256-7d3219206a39
2026-03-25 16:47:50|gpt|web_search|11|QUESTION|161|2429|e7ce2cc9-65b6-44c8-b256-7d3219206a39
2026-03-25 16:47:50|gpt|web_search|11|JSON_SAVED||2429|e7ce2cc9-65b6-44c8-b256-7d3219206a39
2026-03-25 16:47:50|gpt|web_search|11|QUESTION_ADVANCE||2430|82b5e22d-a5e1-4d03-8b97-1450c7d8b433
2026-03-25 16:47:57|gpt|web_search|10|QUESTION_SENT||2216|2216be15-839d-40da-8de5-42c1bc8f1dc3
2026-03-25 16:48:13|gpt|web_search|13|JSON_VERIFY_FAILED||2598|b188686c-85a9-4b47-8689-a7710866fdaf
2026-03-25 16:48:13|gpt|web_search|13|QUESTION|136|2598|b188686c-85a9-4b47-8689-a7710866fdaf
2026-03-25 16:48:30|gpt|web_search|11|QUESTION_SENT||2430|82b5e22d-a5e1-4d03-8b97-1450c7d8b433
2026-03-25 16:48:31|gpt|web_search|10|JSON_VERIFIED||2216|2216be15-839d-40da-8de5-42c1bc8f1dc3
2026-03-25 16:48:31|gpt|web_search|10|QUESTION|155|2216|2216be15-839d-40da-8de5-42c1bc8f1dc3
2026-03-25 16:48:31|gpt|web_search|10|JSON_SAVED||2216|2216be15-839d-40da-8de5-42c1bc8f1dc3
2026-03-25 16:48:31|gpt|web_search|10|QUESTION_ADVANCE||2217|4efe79eb-d528-4c85-9335-63da102b7260
2026-03-25 16:49:03|gpt|web_search|11|JSON_VERIFY_FAILED||2430|82b5e22d-a5e1-4d03-8b97-1450c7d8b433
2026-03-25 16:49:03|gpt|web_search|11|QUESTION|162|2430|82b5e22d-a5e1-4d03-8b97-1450c7d8b433
2026-03-25 16:49:05|gpt|web_search|13|QUESTION_SENT||2598|b188686c-85a9-4b47-8689-a7710866fdaf
2026-03-25 16:49:12|gpt|web_search|11|QUESTION_SENT||2430|82b5e22d-a5e1-4d03-8b97-1450c7d8b433
2026-03-25 16:49:20|gpt|web_search|10|QUESTION_SENT||2217|4efe79eb-d528-4c85-9335-63da102b7260
2026-03-25 16:49:40|gpt|web_search|11|JSON_VERIFIED||2430|82b5e22d-a5e1-4d03-8b97-1450c7d8b433
2026-03-25 16:49:40|gpt|web_search|11|QUESTION|163|2430|82b5e22d-a5e1-4d03-8b97-1450c7d8b433
2026-03-25 16:49:40|gpt|web_search|11|JSON_SAVED||2430|82b5e22d-a5e1-4d03-8b97-1450c7d8b433
2026-03-25 16:49:40|gpt|web_search|11|QUESTION_ADVANCE||2431|d807dc00-adbc-42ce-a2b6-ecf36eaa015b
2026-03-25 16:49:40|gpt|web_search|13|JSON_VERIFIED||2598|b188686c-85a9-4b47-8689-a7710866fdaf
2026-03-25 16:49:40|gpt|web_search|13|QUESTION|137|2598|b188686c-85a9-4b47-8689-a7710866fdaf
2026-03-25 16:49:40|gpt|web_search|13|JSON_SAVED||2598|b188686c-85a9-4b47-8689-a7710866fdaf
2026-03-25 16:49:40|gpt|web_search|13|QUESTION_ADVANCE||2599|7bd6f154-5b50-4dc0-8246-dc0cae8b5b0b
2026-03-25 16:50:25|gpt|web_search|13|QUESTION_SENT||2599|7bd6f154-5b50-4dc0-8246-dc0cae8b5b0b
2026-03-25 16:50:30|gpt|web_search|11|QUESTION_SENT||2431|d807dc00-adbc-42ce-a2b6-ecf36eaa015b
2026-03-25 16:50:43|gpt|web_search|10|QUESTION_SENT||2217|4efe79eb-d528-4c85-9335-63da102b7260
2026-03-25 16:51:02|gpt|web_search|13|JSON_VERIFIED||2599|7bd6f154-5b50-4dc0-8246-dc0cae8b5b0b
2026-03-25 16:51:02|gpt|web_search|13|QUESTION|138|2599|7bd6f154-5b50-4dc0-8246-dc0cae8b5b0b
2026-03-25 16:51:02|gpt|web_search|13|JSON_SAVED||2599|7bd6f154-5b50-4dc0-8246-dc0cae8b5b0b
2026-03-25 16:51:02|gpt|web_search|13|QUESTION_ADVANCE||2600|812e2230-635a-4b0a-9986-2bd0f57c93c1
2026-03-25 16:51:09|gpt|web_search|11|JSON_VERIFIED||2431|d807dc00-adbc-42ce-a2b6-ecf36eaa015b
2026-03-25 16:51:09|gpt|web_search|11|QUESTION|164|2431|d807dc00-adbc-42ce-a2b6-ecf36eaa015b
2026-03-25 16:51:09|gpt|web_search|11|JSON_SAVED||2431|d807dc00-adbc-42ce-a2b6-ecf36eaa015b
2026-03-25 16:51:09|gpt|web_search|11|QUESTION_ADVANCE||2432|4b015ad7-d144-49a7-b421-c79da442ac4a
2026-03-25 16:51:23|gpt|web_search|10|JSON_VERIFY_FAILED||2217|4efe79eb-d528-4c85-9335-63da102b7260
2026-03-25 16:51:23|gpt|web_search|10|QUESTION|156|2217|4efe79eb-d528-4c85-9335-63da102b7260
2026-03-25 16:51:32|gpt|web_search|10|QUESTION_SENT||2217|4efe79eb-d528-4c85-9335-63da102b7260
2026-03-25 16:51:47|gpt|web_search|13|QUESTION_SENT||2600|812e2230-635a-4b0a-9986-2bd0f57c93c1
2026-03-25 16:51:49|gpt|web_search|11|QUESTION_SENT||2432|4b015ad7-d144-49a7-b421-c79da442ac4a
2026-03-25 16:51:59|gpt|web_search|10|JSON_VERIFIED||2217|4efe79eb-d528-4c85-9335-63da102b7260
2026-03-25 16:51:59|gpt|web_search|10|QUESTION|157|2217|4efe79eb-d528-4c85-9335-63da102b7260
2026-03-25 16:51:59|gpt|web_search|10|JSON_SAVED||2217|4efe79eb-d528-4c85-9335-63da102b7260
2026-03-25 16:51:59|gpt|web_search|10|QUESTION_ADVANCE||2218|26252f64-3cf5-4d46-a1f9-9b0b17082dde
2026-03-25 16:52:25|gpt|web_search|11|JSON_VERIFIED||2432|4b015ad7-d144-49a7-b421-c79da442ac4a
2026-03-25 16:52:25|gpt|web_search|11|QUESTION|165|2432|4b015ad7-d144-49a7-b421-c79da442ac4a
2026-03-25 16:52:25|gpt|web_search|11|JSON_SAVED||2432|4b015ad7-d144-49a7-b421-c79da442ac4a
2026-03-25 16:52:25|gpt|web_search|11|QUESTION_ADVANCE||2433|2ece73ea-0e93-41bd-a6e5-41006f9c856f
2026-03-25 16:52:28|gpt|web_search|13|JSON_VERIFY_FAILED||2600|812e2230-635a-4b0a-9986-2bd0f57c93c1
2026-03-25 16:52:28|gpt|web_search|13|QUESTION|139|2600|812e2230-635a-4b0a-9986-2bd0f57c93c1
2026-03-25 16:52:55|gpt|web_search|10|QUESTION_SENT||2218|26252f64-3cf5-4d46-a1f9-9b0b17082dde
2026-03-25 16:53:07|gpt|web_search|11|QUESTION_SENT||2433|2ece73ea-0e93-41bd-a6e5-41006f9c856f
2026-03-25 16:53:08|gpt|web_search|13|QUESTION_SENT||2600|812e2230-635a-4b0a-9986-2bd0f57c93c1
2026-03-25 16:53:29|gpt|web_search|10|JSON_VERIFIED||2218|26252f64-3cf5-4d46-a1f9-9b0b17082dde
2026-03-25 16:53:29|gpt|web_search|10|QUESTION|158|2218|26252f64-3cf5-4d46-a1f9-9b0b17082dde
2026-03-25 16:53:29|gpt|web_search|10|JSON_SAVED||2218|26252f64-3cf5-4d46-a1f9-9b0b17082dde
2026-03-25 16:53:29|gpt|web_search|10|QUESTION_ADVANCE||2219|2824ac18-8390-4794-b3dd-517665be9abd
2026-03-25 16:53:44|gpt|web_search|13|JSON_VERIFIED||2600|812e2230-635a-4b0a-9986-2bd0f57c93c1
2026-03-25 16:53:44|gpt|web_search|13|QUESTION|140|2600|812e2230-635a-4b0a-9986-2bd0f57c93c1
2026-03-25 16:53:44|gpt|web_search|13|JSON_SAVED||2600|812e2230-635a-4b0a-9986-2bd0f57c93c1
2026-03-25 16:53:44|gpt|web_search|13|QUESTION_ADVANCE||2601|ef2486e1-74a4-4cc4-9f5a-abbe7440c8da
2026-03-25 16:53:49|gpt|web_search|11|JSON_VERIFIED||2433|2ece73ea-0e93-41bd-a6e5-41006f9c856f
2026-03-25 16:53:49|gpt|web_search|11|QUESTION|166|2433|2ece73ea-0e93-41bd-a6e5-41006f9c856f
2026-03-25 16:53:49|gpt|web_search|11|JSON_SAVED||2433|2ece73ea-0e93-41bd-a6e5-41006f9c856f
2026-03-25 16:53:49|gpt|web_search|11|QUESTION_ADVANCE||2434|1b7e8dbb-ff93-4d77-ace3-99eb6c3dfb38
2026-03-25 16:54:15|gpt|web_search|11|QUESTION_SENT||2434|1b7e8dbb-ff93-4d77-ace3-99eb6c3dfb38
2026-03-25 16:54:18|gpt|web_search|10|QUESTION_SENT||2219|2824ac18-8390-4794-b3dd-517665be9abd
2026-03-25 16:54:29|gpt|web_search|13|QUESTION_SENT||2601|ef2486e1-74a4-4cc4-9f5a-abbe7440c8da
2026-03-25 16:54:55|gpt|web_search|10|JSON_VERIFIED||2219|2824ac18-8390-4794-b3dd-517665be9abd
2026-03-25 16:54:55|gpt|web_search|10|QUESTION|159|2219|2824ac18-8390-4794-b3dd-517665be9abd
2026-03-25 16:54:55|gpt|web_search|10|JSON_SAVED||2219|2824ac18-8390-4794-b3dd-517665be9abd
2026-03-25 16:54:55|gpt|web_search|10|QUESTION_ADVANCE||2220|8cb0cd51-1392-4bcd-8f89-d9b3aee238e0
2026-03-25 16:54:56|gpt|web_search|11|JSON_VERIFIED||2434|1b7e8dbb-ff93-4d77-ace3-99eb6c3dfb38
2026-03-25 16:54:56|gpt|web_search|11|QUESTION|167|2434|1b7e8dbb-ff93-4d77-ace3-99eb6c3dfb38
2026-03-25 16:54:56|gpt|web_search|11|JSON_SAVED||2434|1b7e8dbb-ff93-4d77-ace3-99eb6c3dfb38
2026-03-25 16:54:56|gpt|web_search|11|QUESTION_ADVANCE||2435|a94dc1e4-c5a2-4c26-ad0b-6ee6d63053a4
2026-03-25 16:55:04|gpt|web_search|13|JSON_VERIFIED||2601|ef2486e1-74a4-4cc4-9f5a-abbe7440c8da
2026-03-25 16:55:04|gpt|web_search|13|QUESTION|141|2601|ef2486e1-74a4-4cc4-9f5a-abbe7440c8da
2026-03-25 16:55:04|gpt|web_search|13|JSON_SAVED||2601|ef2486e1-74a4-4cc4-9f5a-abbe7440c8da
2026-03-25 16:55:04|gpt|web_search|13|QUESTION_ADVANCE||2602|e84d4ed0-635f-446b-a4e1-ac0bbd411eb3
2026-03-25 16:55:22|gpt|web_search|11|QUESTION_SENT||2435|a94dc1e4-c5a2-4c26-ad0b-6ee6d63053a4
2026-03-25 16:55:41|gpt|web_search|10|QUESTION_SENT||2220|8cb0cd51-1392-4bcd-8f89-d9b3aee238e0
2026-03-25 16:55:50|gpt|web_search|13|QUESTION_SENT||2602|e84d4ed0-635f-446b-a4e1-ac0bbd411eb3
2026-03-25 16:56:00|gpt|web_search|11|JSON_VERIFIED||2435|a94dc1e4-c5a2-4c26-ad0b-6ee6d63053a4
2026-03-25 16:56:00|gpt|web_search|11|QUESTION|168|2435|a94dc1e4-c5a2-4c26-ad0b-6ee6d63053a4
2026-03-25 16:56:00|gpt|web_search|11|JSON_SAVED||2435|a94dc1e4-c5a2-4c26-ad0b-6ee6d63053a4
2026-03-25 16:56:00|gpt|web_search|11|QUESTION_ADVANCE||2436|c0fba03d-23cc-46ac-9cf6-f8ca4106a492
2026-03-25 16:56:18|gpt|web_search|10|JSON_VERIFY_FAILED||2220|8cb0cd51-1392-4bcd-8f89-d9b3aee238e0
2026-03-25 16:56:18|gpt|web_search|10|QUESTION|160|2220|8cb0cd51-1392-4bcd-8f89-d9b3aee238e0
2026-03-25 16:56:25|gpt|web_search|13|JSON_VERIFIED||2602|e84d4ed0-635f-446b-a4e1-ac0bbd411eb3
2026-03-25 16:56:25|gpt|web_search|13|QUESTION|142|2602|e84d4ed0-635f-446b-a4e1-ac0bbd411eb3
2026-03-25 16:56:25|gpt|web_search|13|JSON_SAVED||2602|e84d4ed0-635f-446b-a4e1-ac0bbd411eb3
2026-03-25 16:56:25|gpt|web_search|13|QUESTION_ADVANCE||2603|a2e229a8-552b-4cb0-add9-c92ce02b30ee
2026-03-25 16:56:28|gpt|web_search|10|QUESTION_SENT||2220|8cb0cd51-1392-4bcd-8f89-d9b3aee238e0
2026-03-25 16:56:40|gpt|web_search|11|QUESTION_SENT||2436|c0fba03d-23cc-46ac-9cf6-f8ca4106a492
2026-03-25 16:56:55|gpt|web_search|10|JSON_VERIFIED||2220|8cb0cd51-1392-4bcd-8f89-d9b3aee238e0
2026-03-25 16:56:55|gpt|web_search|10|QUESTION|161|2220|8cb0cd51-1392-4bcd-8f89-d9b3aee238e0
2026-03-25 16:56:55|gpt|web_search|10|JSON_SAVED||2220|8cb0cd51-1392-4bcd-8f89-d9b3aee238e0
2026-03-25 16:56:55|gpt|web_search|10|QUESTION_ADVANCE||2221|8b3ec4cf-153e-41f0-8499-b66626966b04
2026-03-25 16:57:10|gpt|web_search|13|QUESTION_SENT||2603|a2e229a8-552b-4cb0-add9-c92ce02b30ee
2026-03-25 16:57:14|gpt|web_search|11|JSON_VERIFIED||2436|c0fba03d-23cc-46ac-9cf6-f8ca4106a492
2026-03-25 16:57:14|gpt|web_search|11|QUESTION|169|2436|c0fba03d-23cc-46ac-9cf6-f8ca4106a492
2026-03-25 16:57:14|gpt|web_search|11|JSON_SAVED||2436|c0fba03d-23cc-46ac-9cf6-f8ca4106a492
2026-03-25 16:57:14|gpt|web_search|11|QUESTION_ADVANCE||2437|67498e71-0d49-4764-bce7-9ebd2838126c
2026-03-25 16:57:39|gpt|web_search|13|JSON_VERIFY_FAILED||2603|a2e229a8-552b-4cb0-add9-c92ce02b30ee
2026-03-25 16:57:39|gpt|web_search|13|QUESTION|143|2603|a2e229a8-552b-4cb0-add9-c92ce02b30ee
2026-03-25 16:57:49|gpt|web_search|13|QUESTION_SENT||2603|a2e229a8-552b-4cb0-add9-c92ce02b30ee
2026-03-25 16:57:51|gpt|web_search|10|QUESTION_SENT||2221|8b3ec4cf-153e-41f0-8499-b66626966b04
2026-03-25 16:57:58|gpt|web_search|11|QUESTION_SENT||2437|67498e71-0d49-4764-bce7-9ebd2838126c
2026-03-25 16:58:13|gpt|web_search|13|JSON_VERIFIED||2603|a2e229a8-552b-4cb0-add9-c92ce02b30ee
2026-03-25 16:58:13|gpt|web_search|13|QUESTION|144|2603|a2e229a8-552b-4cb0-add9-c92ce02b30ee
2026-03-25 16:58:13|gpt|web_search|13|JSON_SAVED||2603|a2e229a8-552b-4cb0-add9-c92ce02b30ee
2026-03-25 16:58:13|gpt|web_search|13|QUESTION_ADVANCE||2604|e045850e-98ba-4cbb-8b1e-1f904840097b
2026-03-25 16:58:26|gpt|web_search|11|JSON_VERIFIED||2437|67498e71-0d49-4764-bce7-9ebd2838126c
2026-03-25 16:58:26|gpt|web_search|11|QUESTION|170|2437|67498e71-0d49-4764-bce7-9ebd2838126c
2026-03-25 16:58:26|gpt|web_search|11|JSON_SAVED||2437|67498e71-0d49-4764-bce7-9ebd2838126c
2026-03-25 16:58:26|gpt|web_search|11|QUESTION_ADVANCE||2438|2cd1d55c-756c-4366-9c1c-d14d89c20a19
2026-03-25 16:58:28|gpt|web_search|10|JSON_VERIFIED||2221|8b3ec4cf-153e-41f0-8499-b66626966b04
2026-03-25 16:58:28|gpt|web_search|10|QUESTION|162|2221|8b3ec4cf-153e-41f0-8499-b66626966b04
2026-03-25 16:58:28|gpt|web_search|10|JSON_SAVED||2221|8b3ec4cf-153e-41f0-8499-b66626966b04
2026-03-25 16:58:28|gpt|web_search|10|QUESTION_ADVANCE||2222|4c11ab37-8d1f-4463-bece-7bb67559ae40
2026-03-25 16:59:10|gpt|web_search|13|QUESTION_SENT||2604|e045850e-98ba-4cbb-8b1e-1f904840097b
2026-03-25 16:59:14|gpt|web_search|10|QUESTION_SENT||2222|4c11ab37-8d1f-4463-bece-7bb67559ae40
2026-03-25 16:59:16|gpt|web_search|11|QUESTION_SENT||2438|2cd1d55c-756c-4366-9c1c-d14d89c20a19
2026-03-25 16:59:38|gpt|web_search|13|JSON_VERIFY_FAILED||2604|e045850e-98ba-4cbb-8b1e-1f904840097b
2026-03-25 16:59:38|gpt|web_search|13|QUESTION|145|2604|e045850e-98ba-4cbb-8b1e-1f904840097b
2026-03-25 16:59:48|gpt|web_search|13|QUESTION_SENT||2604|e045850e-98ba-4cbb-8b1e-1f904840097b
2026-03-25 16:59:50|gpt|web_search|10|JSON_VERIFY_FAILED||2222|4c11ab37-8d1f-4463-bece-7bb67559ae40
2026-03-25 16:59:50|gpt|web_search|10|QUESTION|163|2222|4c11ab37-8d1f-4463-bece-7bb67559ae40
2026-03-25 16:59:54|gpt|web_search|11|JSON_VERIFIED||2438|2cd1d55c-756c-4366-9c1c-d14d89c20a19
2026-03-25 16:59:54|gpt|web_search|11|QUESTION|171|2438|2cd1d55c-756c-4366-9c1c-d14d89c20a19
2026-03-25 16:59:54|gpt|web_search|11|JSON_SAVED||2438|2cd1d55c-756c-4366-9c1c-d14d89c20a19
2026-03-25 16:59:54|gpt|web_search|11|QUESTION_ADVANCE||2439|a610c2a2-984a-4e71-b574-6b02d7b04bfd
2026-03-25 17:00:05|gpt|web_search|13|JSON_VERIFY_FAILED||2604|e045850e-98ba-4cbb-8b1e-1f904840097b
2026-03-25 17:00:05|gpt|web_search|13|QUESTION|146|2604|e045850e-98ba-4cbb-8b1e-1f904840097b
2026-03-25 17:00:15|gpt|web_search|13|QUESTION_SENT||2604|e045850e-98ba-4cbb-8b1e-1f904840097b
2026-03-25 17:00:32|gpt|web_search|13|JSON_VERIFY_FAILED||2604|e045850e-98ba-4cbb-8b1e-1f904840097b
2026-03-25 17:00:32|gpt|web_search|13|QUESTION|147|2604|e045850e-98ba-4cbb-8b1e-1f904840097b
2026-03-25 17:00:34|gpt|web_search|11|QUESTION_SENT||2439|a610c2a2-984a-4e71-b574-6b02d7b04bfd
2026-03-25 17:00:37|gpt|web_search|10|QUESTION_SENT||2222|4c11ab37-8d1f-4463-bece-7bb67559ae40
2026-03-25 17:00:42|gpt|web_search|13|QUESTION_SENT||2604|e045850e-98ba-4cbb-8b1e-1f904840097b
2026-03-25 17:00:58|gpt|web_search|13|JSON_VERIFY_FAILED||2604|e045850e-98ba-4cbb-8b1e-1f904840097b
2026-03-25 17:00:58|gpt|web_search|13|QUESTION|148|2604|e045850e-98ba-4cbb-8b1e-1f904840097b
2026-03-25 17:01:07|gpt|web_search|13|QUESTION_SENT||2604|e045850e-98ba-4cbb-8b1e-1f904840097b
2026-03-25 17:01:11|gpt|web_search|11|JSON_VERIFIED||2439|a610c2a2-984a-4e71-b574-6b02d7b04bfd
2026-03-25 17:01:11|gpt|web_search|11|QUESTION|172|2439|a610c2a2-984a-4e71-b574-6b02d7b04bfd
2026-03-25 17:01:11|gpt|web_search|11|JSON_SAVED||2439|a610c2a2-984a-4e71-b574-6b02d7b04bfd
2026-03-25 17:01:11|gpt|web_search|11|QUESTION_ADVANCE||2440|0ffc3265-6aaf-45a4-87d3-4289bb7bb92b
2026-03-25 17:01:24|gpt|web_search|13|JSON_VERIFY_FAILED||2604|e045850e-98ba-4cbb-8b1e-1f904840097b
2026-03-25 17:01:24|gpt|web_search|13|QUESTION|149|2604|e045850e-98ba-4cbb-8b1e-1f904840097b
2026-03-25 17:01:34|gpt|web_search|13|QUESTION_SENT||2604|e045850e-98ba-4cbb-8b1e-1f904840097b
2026-03-25 17:01:51|gpt|web_search|13|JSON_VERIFY_FAILED||2604|e045850e-98ba-4cbb-8b1e-1f904840097b
2026-03-25 17:01:51|gpt|web_search|13|QUESTION|150|2604|e045850e-98ba-4cbb-8b1e-1f904840097b
2026-03-25 17:01:53|gpt|web_search|11|QUESTION_SENT||2440|0ffc3265-6aaf-45a4-87d3-4289bb7bb92b
2026-03-25 17:02:01|gpt|web_search|13|QUESTION_SENT||2604|e045850e-98ba-4cbb-8b1e-1f904840097b
2026-03-25 17:02:18|gpt|web_search|13|JSON_VERIFY_FAILED||2604|e045850e-98ba-4cbb-8b1e-1f904840097b
2026-03-25 17:02:18|gpt|web_search|13|QUESTION|151|2604|e045850e-98ba-4cbb-8b1e-1f904840097b
2026-03-25 17:02:28|gpt|web_search|11|JSON_VERIFIED||2440|0ffc3265-6aaf-45a4-87d3-4289bb7bb92b
2026-03-25 17:02:28|gpt|web_search|11|QUESTION|173|2440|0ffc3265-6aaf-45a4-87d3-4289bb7bb92b
2026-03-25 17:02:28|gpt|web_search|11|JSON_SAVED||2440|0ffc3265-6aaf-45a4-87d3-4289bb7bb92b
2026-03-25 17:02:28|gpt|web_search|11|QUESTION_ADVANCE||2441|2ba6249d-79d7-4fa7-ab91-8dc8d18e64c4
2026-03-25 17:02:28|gpt|web_search|13|QUESTION_SENT||2604|e045850e-98ba-4cbb-8b1e-1f904840097b
2026-03-25 17:03:10|gpt|web_search|11|QUESTION_SENT||2441|2ba6249d-79d7-4fa7-ab91-8dc8d18e64c4
2026-03-25 17:03:49|gpt|web_search|13|QUESTION_SENT||2604|e045850e-98ba-4cbb-8b1e-1f904840097b
2026-03-25 17:03:53|gpt|web_search|11|JSON_VERIFIED||2441|2ba6249d-79d7-4fa7-ab91-8dc8d18e64c4
2026-03-25 17:03:53|gpt|web_search|11|QUESTION|174|2441|2ba6249d-79d7-4fa7-ab91-8dc8d18e64c4
2026-03-25 17:03:53|gpt|web_search|11|JSON_SAVED||2441|2ba6249d-79d7-4fa7-ab91-8dc8d18e64c4
2026-03-25 17:03:53|gpt|web_search|11|QUESTION_ADVANCE||2442|9f495442-2411-4496-988f-6d75ceea30c3
2026-03-25 17:04:19|gpt|web_search|11|QUESTION_SENT||2442|9f495442-2411-4496-988f-6d75ceea30c3
2026-03-25 17:04:24|gpt|web_search|13|JSON_VERIFIED||2604|e045850e-98ba-4cbb-8b1e-1f904840097b
2026-03-25 17:04:24|gpt|web_search|13|QUESTION|152|2604|e045850e-98ba-4cbb-8b1e-1f904840097b
2026-03-25 17:04:24|gpt|web_search|13|JSON_SAVED||2604|e045850e-98ba-4cbb-8b1e-1f904840097b
2026-03-25 17:04:24|gpt|web_search|13|QUESTION_ADVANCE||2605|bc01526c-62c4-463c-8e92-d6a9cd5d78a7
2026-03-25 17:05:10|gpt|web_search|13|QUESTION_SENT||2605|bc01526c-62c4-463c-8e92-d6a9cd5d78a7
2026-03-25 17:05:37|gpt|web_search|11|QUESTION_SENT||2442|9f495442-2411-4496-988f-6d75ceea30c3
2026-03-25 17:05:48|gpt|web_search|13|JSON_VERIFIED||2605|bc01526c-62c4-463c-8e92-d6a9cd5d78a7
2026-03-25 17:05:48|gpt|web_search|13|QUESTION|153|2605|bc01526c-62c4-463c-8e92-d6a9cd5d78a7
2026-03-25 17:05:48|gpt|web_search|13|JSON_SAVED||2605|bc01526c-62c4-463c-8e92-d6a9cd5d78a7
2026-03-25 17:05:48|gpt|web_search|13|QUESTION_ADVANCE||2606|8378f972-317b-42d8-88d0-f3009f2e06e1
2026-03-25 17:06:06|gpt|web_search|11|JSON_VERIFY_FAILED||2442|9f495442-2411-4496-988f-6d75ceea30c3
2026-03-25 17:06:06|gpt|web_search|11|QUESTION|175|2442|9f495442-2411-4496-988f-6d75ceea30c3
2026-03-25 17:06:31|gpt|web_search|13|QUESTION_SENT||2606|8378f972-317b-42d8-88d0-f3009f2e06e1
2026-03-25 17:06:55|gpt|web_search|11|QUESTION_SENT||2442|9f495442-2411-4496-988f-6d75ceea30c3
2026-03-25 17:07:20|gpt|web_search|13|JSON_VERIFIED||2606|8378f972-317b-42d8-88d0-f3009f2e06e1
2026-03-25 17:07:20|gpt|web_search|13|QUESTION|154|2606|8378f972-317b-42d8-88d0-f3009f2e06e1
2026-03-25 17:07:20|gpt|web_search|13|JSON_SAVED||2606|8378f972-317b-42d8-88d0-f3009f2e06e1
2026-03-25 17:07:20|gpt|web_search|13|QUESTION_ADVANCE||2607|8d8bd4f0-38fe-4332-bf0d-c5e4ce76fbe1
2026-03-25 17:07:46|gpt|web_search|13|QUESTION_SENT||2607|8d8bd4f0-38fe-4332-bf0d-c5e4ce76fbe1
2026-03-25 17:08:13|gpt|web_search|11|QUESTION_SENT||2442|9f495442-2411-4496-988f-6d75ceea30c3
2026-03-25 17:08:23|gpt|web_search|13|JSON_VERIFIED||2607|8d8bd4f0-38fe-4332-bf0d-c5e4ce76fbe1
2026-03-25 17:08:23|gpt|web_search|13|QUESTION|155|2607|8d8bd4f0-38fe-4332-bf0d-c5e4ce76fbe1
2026-03-25 17:08:23|gpt|web_search|13|JSON_SAVED||2607|8d8bd4f0-38fe-4332-bf0d-c5e4ce76fbe1
2026-03-25 17:08:23|gpt|web_search|13|QUESTION_ADVANCE||2608|306d4a66-b1f9-4e81-8b88-e6ae31e5a089
2026-03-25 17:08:41|gpt|web_search|11|JSON_VERIFY_FAILED||2442|9f495442-2411-4496-988f-6d75ceea30c3
2026-03-25 17:08:41|gpt|web_search|11|QUESTION|176|2442|9f495442-2411-4496-988f-6d75ceea30c3
2026-03-25 17:08:51|gpt|web_search|11|QUESTION_SENT||2442|9f495442-2411-4496-988f-6d75ceea30c3
2026-03-25 17:09:20|gpt|web_search|13|QUESTION_SENT||2608|306d4a66-b1f9-4e81-8b88-e6ae31e5a089
2026-03-25 17:09:21|gpt|web_search|11|JSON_VERIFIED||2442|9f495442-2411-4496-988f-6d75ceea30c3
2026-03-25 17:09:21|gpt|web_search|11|QUESTION|177|2442|9f495442-2411-4496-988f-6d75ceea30c3
2026-03-25 17:09:21|gpt|web_search|11|JSON_SAVED||2442|9f495442-2411-4496-988f-6d75ceea30c3
2026-03-25 17:09:21|gpt|web_search|11|QUESTION_ADVANCE||2443|0360f0f6-41a8-4d42-b116-7a861c99ce68
2026-03-25 17:10:09|gpt|web_search|11|QUESTION_SENT||2443|0360f0f6-41a8-4d42-b116-7a861c99ce68
2026-03-25 17:10:13|gpt|web_search|13|JSON_VERIFY_FAILED||2608|306d4a66-b1f9-4e81-8b88-e6ae31e5a089
2026-03-25 17:10:13|gpt|web_search|13|QUESTION|156|2608|306d4a66-b1f9-4e81-8b88-e6ae31e5a089
2026-03-25 17:10:38|gpt|web_search|13|QUESTION_SENT||2608|306d4a66-b1f9-4e81-8b88-e6ae31e5a089
2026-03-25 17:10:43|gpt|web_search|11|JSON_VERIFIED||2443|0360f0f6-41a8-4d42-b116-7a861c99ce68
2026-03-25 17:10:43|gpt|web_search|11|QUESTION|178|2443|0360f0f6-41a8-4d42-b116-7a861c99ce68
2026-03-25 17:10:43|gpt|web_search|11|JSON_SAVED||2443|0360f0f6-41a8-4d42-b116-7a861c99ce68
2026-03-25 17:10:43|gpt|web_search|11|QUESTION_ADVANCE||2444|95b3e499-3e29-4a2d-99dc-379ee04ed02d
2026-03-25 17:11:12|gpt|web_search|13|JSON_VERIFIED||2608|306d4a66-b1f9-4e81-8b88-e6ae31e5a089
2026-03-25 17:11:12|gpt|web_search|13|QUESTION|157|2608|306d4a66-b1f9-4e81-8b88-e6ae31e5a089
2026-03-25 17:11:12|gpt|web_search|13|JSON_SAVED||2608|306d4a66-b1f9-4e81-8b88-e6ae31e5a089
2026-03-25 17:11:12|gpt|web_search|13|QUESTION_ADVANCE||2609|b5e67a06-ac92-45f1-b603-57a1548e1651
2026-03-25 17:11:27|gpt|web_search|11|QUESTION_SENT||2444|95b3e499-3e29-4a2d-99dc-379ee04ed02d
2026-03-25 17:11:59|gpt|web_search|13|QUESTION_SENT||2609|b5e67a06-ac92-45f1-b603-57a1548e1651
2026-03-25 17:12:03|gpt|web_search|11|JSON_VERIFIED||2444|95b3e499-3e29-4a2d-99dc-379ee04ed02d
2026-03-25 17:12:03|gpt|web_search|11|QUESTION|179|2444|95b3e499-3e29-4a2d-99dc-379ee04ed02d
2026-03-25 17:12:03|gpt|web_search|11|JSON_SAVED||2444|95b3e499-3e29-4a2d-99dc-379ee04ed02d
2026-03-25 17:12:03|gpt|web_search|11|QUESTION_ADVANCE||2445|0fcdd180-357d-4288-a512-31986b7e6e50
2026-03-25 17:12:36|gpt|web_search|13|JSON_VERIFIED||2609|b5e67a06-ac92-45f1-b603-57a1548e1651
2026-03-25 17:12:36|gpt|web_search|13|QUESTION|158|2609|b5e67a06-ac92-45f1-b603-57a1548e1651
2026-03-25 17:12:36|gpt|web_search|13|JSON_SAVED||2609|b5e67a06-ac92-45f1-b603-57a1548e1651
2026-03-25 17:12:36|gpt|web_search|13|QUESTION_ADVANCE||2610|e7987e81-9c5b-4749-9c73-8269cf4cf1b9
2026-03-25 17:12:45|gpt|web_search|11|QUESTION_SENT||2445|0fcdd180-357d-4288-a512-31986b7e6e50
2026-03-25 17:13:20|gpt|web_search|11|JSON_VERIFIED||2445|0fcdd180-357d-4288-a512-31986b7e6e50
2026-03-25 17:13:20|gpt|web_search|11|QUESTION|180|2445|0fcdd180-357d-4288-a512-31986b7e6e50
2026-03-25 17:13:20|gpt|web_search|11|JSON_SAVED||2445|0fcdd180-357d-4288-a512-31986b7e6e50
2026-03-25 17:13:20|gpt|web_search|11|QUESTION_ADVANCE||2446|3cedf909-cfd2-4dd6-9577-5dd7fb424b7f
2026-03-25 17:13:20|gpt|web_search|13|QUESTION_SENT||2610|e7987e81-9c5b-4749-9c73-8269cf4cf1b9
2026-03-25 17:14:03|gpt|web_search|11|QUESTION_SENT||2446|3cedf909-cfd2-4dd6-9577-5dd7fb424b7f
2026-03-25 17:14:30|gpt|web_search|13|JSON_VERIFIED||2610|e7987e81-9c5b-4749-9c73-8269cf4cf1b9
2026-03-25 17:14:30|gpt|web_search|13|QUESTION|159|2610|e7987e81-9c5b-4749-9c73-8269cf4cf1b9
2026-03-25 17:14:30|gpt|web_search|13|JSON_SAVED||2610|e7987e81-9c5b-4749-9c73-8269cf4cf1b9
2026-03-25 17:14:30|gpt|web_search|13|QUESTION_ADVANCE||2611|71811f09-784e-45e2-bdab-738367cdff76
2026-03-25 17:14:56|gpt|web_search|13|QUESTION_SENT||2611|71811f09-784e-45e2-bdab-738367cdff76
2026-03-25 17:15:20|gpt|web_search|11|QUESTION_SENT||2446|3cedf909-cfd2-4dd6-9577-5dd7fb424b7f
2026-03-25 17:15:34|gpt|web_search|13|JSON_VERIFIED||2611|71811f09-784e-45e2-bdab-738367cdff76
2026-03-25 17:15:34|gpt|web_search|13|QUESTION|160|2611|71811f09-784e-45e2-bdab-738367cdff76
2026-03-25 17:15:34|gpt|web_search|13|JSON_SAVED||2611|71811f09-784e-45e2-bdab-738367cdff76
2026-03-25 17:15:34|gpt|web_search|13|QUESTION_ADVANCE||2612|a9c9c2f9-c58b-4532-9bde-2f603294fae1
2026-03-25 17:15:52|gpt|web_search|11|JSON_VERIFIED||2446|3cedf909-cfd2-4dd6-9577-5dd7fb424b7f
2026-03-25 17:15:52|gpt|web_search|11|QUESTION|181|2446|3cedf909-cfd2-4dd6-9577-5dd7fb424b7f
2026-03-25 17:15:52|gpt|web_search|11|JSON_SAVED||2446|3cedf909-cfd2-4dd6-9577-5dd7fb424b7f
2026-03-25 17:15:52|gpt|web_search|11|QUESTION_ADVANCE||2447|c2ba7256-46e5-4b67-932a-26692a3e97bf
2026-03-25 17:16:17|gpt|web_search|13|QUESTION_SENT||2612|a9c9c2f9-c58b-4532-9bde-2f603294fae1
2026-03-25 17:16:38|gpt|web_search|11|QUESTION_SENT||2447|c2ba7256-46e5-4b67-932a-26692a3e97bf
2026-03-25 17:16:54|gpt|web_search|13|JSON_VERIFIED||2612|a9c9c2f9-c58b-4532-9bde-2f603294fae1
2026-03-25 17:16:54|gpt|web_search|13|QUESTION|161|2612|a9c9c2f9-c58b-4532-9bde-2f603294fae1
2026-03-25 17:16:54|gpt|web_search|13|JSON_SAVED||2612|a9c9c2f9-c58b-4532-9bde-2f603294fae1
2026-03-25 17:16:54|gpt|web_search|13|QUESTION_ADVANCE||2613|d3bb09e2-c2a6-47b3-9d70-6ebd9a26ff47
2026-03-25 17:17:20|gpt|web_search|11|JSON_VERIFIED||2447|c2ba7256-46e5-4b67-932a-26692a3e97bf
2026-03-25 17:17:20|gpt|web_search|11|QUESTION|182|2447|c2ba7256-46e5-4b67-932a-26692a3e97bf
2026-03-25 17:17:20|gpt|web_search|11|JSON_SAVED||2447|c2ba7256-46e5-4b67-932a-26692a3e97bf
2026-03-25 17:17:20|gpt|web_search|11|QUESTION_ADVANCE||2448|d5c26acf-9ea8-47d9-b350-fe2dd79cf522
2026-03-25 17:17:38|gpt|web_search|13|QUESTION_SENT||2613|d3bb09e2-c2a6-47b3-9d70-6ebd9a26ff47
2026-03-25 17:17:45|gpt|web_search|11|QUESTION_SENT||2448|d5c26acf-9ea8-47d9-b350-fe2dd79cf522
2026-03-25 17:18:14|gpt|web_search|13|JSON_VERIFIED||2613|d3bb09e2-c2a6-47b3-9d70-6ebd9a26ff47
2026-03-25 17:18:14|gpt|web_search|13|QUESTION|162|2613|d3bb09e2-c2a6-47b3-9d70-6ebd9a26ff47
2026-03-25 17:18:14|gpt|web_search|13|JSON_SAVED||2613|d3bb09e2-c2a6-47b3-9d70-6ebd9a26ff47
2026-03-25 17:18:14|gpt|web_search|13|QUESTION_ADVANCE||2614|3c3a13ee-bbb6-4208-a5db-613408660813
2026-03-25 17:18:19|gpt|web_search|11|JSON_VERIFIED||2448|d5c26acf-9ea8-47d9-b350-fe2dd79cf522
2026-03-25 17:18:19|gpt|web_search|11|QUESTION|183|2448|d5c26acf-9ea8-47d9-b350-fe2dd79cf522
2026-03-25 17:18:19|gpt|web_search|11|JSON_SAVED||2448|d5c26acf-9ea8-47d9-b350-fe2dd79cf522
2026-03-25 17:18:19|gpt|web_search|11|QUESTION_ADVANCE||2449|11138928-130f-4aaf-8481-2ac2e15cd546
2026-03-25 17:18:52|gpt|web_search|10|QUESTION_SENT||2222|4c11ab37-8d1f-4463-bece-7bb67559ae40
2026-03-25 17:18:59|gpt|web_search|13|QUESTION_SENT||2614|3c3a13ee-bbb6-4208-a5db-613408660813
2026-03-25 17:19:03|gpt|web_search|11|QUESTION_SENT||2449|11138928-130f-4aaf-8481-2ac2e15cd546
2026-03-25 17:19:29|gpt|web_search|13|JSON_VERIFIED||2614|3c3a13ee-bbb6-4208-a5db-613408660813
2026-03-25 17:19:29|gpt|web_search|13|QUESTION|163|2614|3c3a13ee-bbb6-4208-a5db-613408660813
2026-03-25 17:19:29|gpt|web_search|13|JSON_SAVED||2614|3c3a13ee-bbb6-4208-a5db-613408660813
2026-03-25 17:19:29|gpt|web_search|13|QUESTION_ADVANCE||2615|d5995b76-6b0a-48e9-aedb-d39355614fa5
2026-03-25 17:19:30|gpt|web_search|10|JSON_VERIFIED||2222|4c11ab37-8d1f-4463-bece-7bb67559ae40
2026-03-25 17:19:30|gpt|web_search|10|QUESTION|164|2222|4c11ab37-8d1f-4463-bece-7bb67559ae40
2026-03-25 17:19:30|gpt|web_search|10|JSON_SAVED||2222|4c11ab37-8d1f-4463-bece-7bb67559ae40
2026-03-25 17:19:30|gpt|web_search|10|QUESTION_ADVANCE||2223|de057e9a-89ab-4d36-abaa-34d107ca618a
2026-03-25 17:19:40|gpt|web_search|11|JSON_VERIFIED||2449|11138928-130f-4aaf-8481-2ac2e15cd546
2026-03-25 17:19:40|gpt|web_search|11|QUESTION|184|2449|11138928-130f-4aaf-8481-2ac2e15cd546
2026-03-25 17:19:40|gpt|web_search|11|JSON_SAVED||2449|11138928-130f-4aaf-8481-2ac2e15cd546
2026-03-25 17:19:40|gpt|web_search|11|QUESTION_ADVANCE||2450|f0c19e7b-2cda-4c8a-8c6b-d39bfd372fe3
2026-03-25 17:20:15|gpt|web_search|10|QUESTION_SENT||2223|de057e9a-89ab-4d36-abaa-34d107ca618a
2026-03-25 17:20:20|gpt|web_search|13|QUESTION_SENT||2615|d5995b76-6b0a-48e9-aedb-d39355614fa5
2026-03-25 17:20:21|gpt|web_search|11|QUESTION_SENT||2450|f0c19e7b-2cda-4c8a-8c6b-d39bfd372fe3
2026-03-25 17:20:49|gpt|web_search|10|JSON_VERIFIED||2223|de057e9a-89ab-4d36-abaa-34d107ca618a
2026-03-25 17:20:49|gpt|web_search|10|QUESTION|165|2223|de057e9a-89ab-4d36-abaa-34d107ca618a
2026-03-25 17:20:49|gpt|web_search|10|JSON_SAVED||2223|de057e9a-89ab-4d36-abaa-34d107ca618a
2026-03-25 17:20:49|gpt|web_search|10|QUESTION_ADVANCE||2224|bb2af2d5-f1a1-4c6d-9920-2bb07ae7409c
2026-03-25 17:20:54|gpt|web_search|13|JSON_VERIFIED||2615|d5995b76-6b0a-48e9-aedb-d39355614fa5
2026-03-25 17:20:54|gpt|web_search|13|QUESTION|164|2615|d5995b76-6b0a-48e9-aedb-d39355614fa5
2026-03-25 17:20:54|gpt|web_search|13|JSON_SAVED||2615|d5995b76-6b0a-48e9-aedb-d39355614fa5
2026-03-25 17:20:54|gpt|web_search|13|QUESTION_ADVANCE||2616|99839b29-3f59-4869-8463-606185801dd2
2026-03-25 17:21:01|gpt|web_search|11|JSON_VERIFIED||2450|f0c19e7b-2cda-4c8a-8c6b-d39bfd372fe3
2026-03-25 17:21:01|gpt|web_search|11|QUESTION|185|2450|f0c19e7b-2cda-4c8a-8c6b-d39bfd372fe3
2026-03-25 17:21:01|gpt|web_search|11|JSON_SAVED||2450|f0c19e7b-2cda-4c8a-8c6b-d39bfd372fe3
2026-03-25 17:21:01|gpt|web_search|11|QUESTION_ADVANCE||2451|be24e0d2-bd25-4ca1-8ecf-cd1c17973f19
2026-03-25 17:21:38|gpt|web_search|10|QUESTION_SENT||2224|bb2af2d5-f1a1-4c6d-9920-2bb07ae7409c
2026-03-25 17:21:39|gpt|web_search|11|QUESTION_SENT||2451|be24e0d2-bd25-4ca1-8ecf-cd1c17973f19
2026-03-25 17:21:41|gpt|web_search|13|QUESTION_SENT||2616|99839b29-3f59-4869-8463-606185801dd2
2026-03-25 17:22:07|gpt|web_search|11|JSON_VERIFY_FAILED||2451|be24e0d2-bd25-4ca1-8ecf-cd1c17973f19
2026-03-25 17:22:07|gpt|web_search|11|QUESTION|186|2451|be24e0d2-bd25-4ca1-8ecf-cd1c17973f19
2026-03-25 17:22:15|gpt|web_search|13|JSON_VERIFIED||2616|99839b29-3f59-4869-8463-606185801dd2
2026-03-25 17:22:15|gpt|web_search|13|QUESTION|165|2616|99839b29-3f59-4869-8463-606185801dd2
2026-03-25 17:22:15|gpt|web_search|13|JSON_SAVED||2616|99839b29-3f59-4869-8463-606185801dd2
2026-03-25 17:22:15|gpt|web_search|13|QUESTION_ADVANCE||2617|9f9c4162-9e1a-4588-85c1-5dfa970f20c2
2026-03-25 17:22:17|gpt|web_search|11|QUESTION_SENT||2451|be24e0d2-bd25-4ca1-8ecf-cd1c17973f19
2026-03-25 17:22:56|gpt|web_search|10|JSON_VERIFIED||2224|bb2af2d5-f1a1-4c6d-9920-2bb07ae7409c
2026-03-25 17:22:56|gpt|web_search|10|QUESTION|166|2224|bb2af2d5-f1a1-4c6d-9920-2bb07ae7409c
2026-03-25 17:22:56|gpt|web_search|10|JSON_SAVED||2224|bb2af2d5-f1a1-4c6d-9920-2bb07ae7409c
2026-03-25 17:22:56|gpt|web_search|10|QUESTION_ADVANCE||2225|75ab8812-ebfe-4502-b59d-fdc493783c0b
2026-03-25 17:22:58|gpt|web_search|11|JSON_VERIFIED||2451|be24e0d2-bd25-4ca1-8ecf-cd1c17973f19
2026-03-25 17:22:58|gpt|web_search|11|QUESTION|187|2451|be24e0d2-bd25-4ca1-8ecf-cd1c17973f19
2026-03-25 17:22:59|gpt|web_search|11|JSON_SAVED||2451|be24e0d2-bd25-4ca1-8ecf-cd1c17973f19
2026-03-25 17:22:59|gpt|web_search|11|QUESTION_ADVANCE||2452|5a80e93c-a678-473e-a0ac-ebcb408beefc
2026-03-25 17:23:02|gpt|web_search|13|QUESTION_SENT||2617|9f9c4162-9e1a-4588-85c1-5dfa970f20c2
2026-03-25 17:23:22|gpt|web_search|10|QUESTION_SENT||2225|75ab8812-ebfe-4502-b59d-fdc493783c0b
2026-03-25 17:23:24|gpt|web_search|11|QUESTION_SENT||2452|5a80e93c-a678-473e-a0ac-ebcb408beefc
2026-03-25 17:23:58|gpt|web_search|11|JSON_VERIFIED||2452|5a80e93c-a678-473e-a0ac-ebcb408beefc
2026-03-25 17:23:58|gpt|web_search|11|QUESTION|188|2452|5a80e93c-a678-473e-a0ac-ebcb408beefc
2026-03-25 17:23:58|gpt|web_search|11|JSON_SAVED||2452|5a80e93c-a678-473e-a0ac-ebcb408beefc
2026-03-25 17:23:58|gpt|web_search|11|QUESTION_ADVANCE||2453|47c5f04e-299d-4fd7-9069-b74ae67c0525
2026-03-25 17:23:58|gpt|web_search|10|JSON_VERIFIED||2225|75ab8812-ebfe-4502-b59d-fdc493783c0b
2026-03-25 17:23:58|gpt|web_search|10|QUESTION|167|2225|75ab8812-ebfe-4502-b59d-fdc493783c0b
2026-03-25 17:23:58|gpt|web_search|10|JSON_SAVED||2225|75ab8812-ebfe-4502-b59d-fdc493783c0b
2026-03-25 17:23:58|gpt|web_search|10|QUESTION_ADVANCE||2226|c2fc4adc-b1e6-4bae-8e6d-c6ed77b7698a
2026-03-25 17:24:23|gpt|web_search|13|QUESTION_SENT||2617|9f9c4162-9e1a-4588-85c1-5dfa970f20c2
2026-03-25 17:24:42|gpt|web_search|11|QUESTION_SENT||2453|47c5f04e-299d-4fd7-9069-b74ae67c0525
2026-03-25 17:24:44|gpt|web_search|10|QUESTION_SENT||2226|c2fc4adc-b1e6-4bae-8e6d-c6ed77b7698a
2026-03-25 17:24:55|gpt|web_search|13|JSON_VERIFY_FAILED||2617|9f9c4162-9e1a-4588-85c1-5dfa970f20c2
2026-03-25 17:24:55|gpt|web_search|13|QUESTION|166|2617|9f9c4162-9e1a-4588-85c1-5dfa970f20c2
2026-03-25 17:25:05|gpt|web_search|13|QUESTION_SENT||2617|9f9c4162-9e1a-4588-85c1-5dfa970f20c2
2026-03-25 17:25:16|gpt|web_search|11|JSON_VERIFIED||2453|47c5f04e-299d-4fd7-9069-b74ae67c0525
2026-03-25 17:25:16|gpt|web_search|11|QUESTION|189|2453|47c5f04e-299d-4fd7-9069-b74ae67c0525
2026-03-25 17:25:16|gpt|web_search|11|JSON_SAVED||2453|47c5f04e-299d-4fd7-9069-b74ae67c0525
2026-03-25 17:25:16|gpt|web_search|11|QUESTION_ADVANCE||2454|b04f3f78-6f94-4150-a27b-bb5e32a7a8a3
2026-03-25 17:25:23|gpt|web_search|10|JSON_VERIFIED||2226|c2fc4adc-b1e6-4bae-8e6d-c6ed77b7698a
2026-03-25 17:25:23|gpt|web_search|10|QUESTION|168|2226|c2fc4adc-b1e6-4bae-8e6d-c6ed77b7698a
2026-03-25 17:25:23|gpt|web_search|10|JSON_SAVED||2226|c2fc4adc-b1e6-4bae-8e6d-c6ed77b7698a
2026-03-25 17:25:23|gpt|web_search|10|QUESTION_ADVANCE||2227|807d60f8-169e-41a3-b61f-0f50cfdaf6b2
2026-03-25 17:25:28|gpt|web_search|13|JSON_VERIFIED||2617|9f9c4162-9e1a-4588-85c1-5dfa970f20c2
2026-03-25 17:25:28|gpt|web_search|13|QUESTION|167|2617|9f9c4162-9e1a-4588-85c1-5dfa970f20c2
2026-03-25 17:25:28|gpt|web_search|13|JSON_SAVED||2617|9f9c4162-9e1a-4588-85c1-5dfa970f20c2
2026-03-25 17:25:28|gpt|web_search|13|QUESTION_ADVANCE||2618|0eb42c37-ef2e-4f5d-b993-edc1bf175d78
2026-03-25 17:26:00|gpt|web_search|11|QUESTION_SENT||2454|b04f3f78-6f94-4150-a27b-bb5e32a7a8a3
2026-03-25 17:26:08|gpt|web_search|10|QUESTION_SENT||2227|807d60f8-169e-41a3-b61f-0f50cfdaf6b2
2026-03-25 17:26:26|gpt|web_search|13|QUESTION_SENT||2618|0eb42c37-ef2e-4f5d-b993-edc1bf175d78
2026-03-25 17:26:43|gpt|web_search|11|JSON_VERIFIED||2454|b04f3f78-6f94-4150-a27b-bb5e32a7a8a3
2026-03-25 17:26:43|gpt|web_search|11|QUESTION|190|2454|b04f3f78-6f94-4150-a27b-bb5e32a7a8a3
2026-03-25 17:26:43|gpt|web_search|11|JSON_SAVED||2454|b04f3f78-6f94-4150-a27b-bb5e32a7a8a3
2026-03-25 17:26:43|gpt|web_search|11|QUESTION_ADVANCE||2455|970d4d87-7f0c-4f3c-a8f1-6aa3eeade1a6
2026-03-25 17:26:46|gpt|web_search|10|JSON_VERIFIED||2227|807d60f8-169e-41a3-b61f-0f50cfdaf6b2
2026-03-25 17:26:46|gpt|web_search|10|QUESTION|169|2227|807d60f8-169e-41a3-b61f-0f50cfdaf6b2
2026-03-25 17:26:46|gpt|web_search|10|JSON_SAVED||2227|807d60f8-169e-41a3-b61f-0f50cfdaf6b2
2026-03-25 17:26:46|gpt|web_search|10|QUESTION_ADVANCE||2228|af00c52c-e9e7-427a-9559-f6f145de4568
2026-03-25 17:27:03|gpt|web_search|13|JSON_VERIFIED||2618|0eb42c37-ef2e-4f5d-b993-edc1bf175d78
2026-03-25 17:27:03|gpt|web_search|13|QUESTION|168|2618|0eb42c37-ef2e-4f5d-b993-edc1bf175d78
2026-03-25 17:27:03|gpt|web_search|13|JSON_SAVED||2618|0eb42c37-ef2e-4f5d-b993-edc1bf175d78
2026-03-25 17:27:03|gpt|web_search|13|QUESTION_ADVANCE||2619|9e64b7ba-52a1-452c-b27a-c44febf1ddb1
2026-03-25 17:27:09|gpt|web_search|11|QUESTION_SENT||2455|970d4d87-7f0c-4f3c-a8f1-6aa3eeade1a6
2026-03-25 17:27:31|gpt|web_search|10|QUESTION_SENT||2228|af00c52c-e9e7-427a-9559-f6f145de4568
2026-03-25 17:27:36|gpt|web_search|11|JSON_VERIFY_FAILED||2455|970d4d87-7f0c-4f3c-a8f1-6aa3eeade1a6
2026-03-25 17:27:36|gpt|web_search|11|QUESTION|191|2455|970d4d87-7f0c-4f3c-a8f1-6aa3eeade1a6
2026-03-25 17:27:45|gpt|web_search|11|QUESTION_SENT||2455|970d4d87-7f0c-4f3c-a8f1-6aa3eeade1a6
2026-03-25 17:27:47|gpt|web_search|13|QUESTION_SENT||2619|9e64b7ba-52a1-452c-b27a-c44febf1ddb1
2026-03-25 17:28:10|gpt|web_search|11|JSON_VERIFIED||2455|970d4d87-7f0c-4f3c-a8f1-6aa3eeade1a6
2026-03-25 17:28:10|gpt|web_search|11|QUESTION|192|2455|970d4d87-7f0c-4f3c-a8f1-6aa3eeade1a6
2026-03-25 17:28:10|gpt|web_search|11|JSON_SAVED||2455|970d4d87-7f0c-4f3c-a8f1-6aa3eeade1a6
2026-03-25 17:28:10|gpt|web_search|11|QUESTION_ADVANCE||2456|47eabc0c-8dfb-4883-baa8-dacdcde75b94
2026-03-25 17:28:12|gpt|web_search|10|JSON_VERIFIED||2228|af00c52c-e9e7-427a-9559-f6f145de4568
2026-03-25 17:28:12|gpt|web_search|10|QUESTION|170|2228|af00c52c-e9e7-427a-9559-f6f145de4568
2026-03-25 17:28:12|gpt|web_search|10|JSON_SAVED||2228|af00c52c-e9e7-427a-9559-f6f145de4568
2026-03-25 17:28:12|gpt|web_search|10|QUESTION_ADVANCE||2229|5da92dc5-c0ae-4ccf-8e7a-3d9d0b623be9
2026-03-25 17:28:21|gpt|web_search|13|JSON_VERIFIED||2619|9e64b7ba-52a1-452c-b27a-c44febf1ddb1
2026-03-25 17:28:21|gpt|web_search|13|QUESTION|169|2619|9e64b7ba-52a1-452c-b27a-c44febf1ddb1
2026-03-25 17:28:21|gpt|web_search|13|JSON_SAVED||2619|9e64b7ba-52a1-452c-b27a-c44febf1ddb1
2026-03-25 17:28:21|gpt|web_search|13|QUESTION_ADVANCE||2620|057f272f-c112-4728-b8e8-b3ffa1259cd2
2026-03-25 17:28:54|gpt|web_search|10|QUESTION_SENT||2229|5da92dc5-c0ae-4ccf-8e7a-3d9d0b623be9
2026-03-25 17:29:04|gpt|web_search|11|QUESTION_SENT||2456|47eabc0c-8dfb-4883-baa8-dacdcde75b94
2026-03-25 17:29:08|gpt|web_search|13|QUESTION_SENT||2620|057f272f-c112-4728-b8e8-b3ffa1259cd2
2026-03-25 17:29:30|gpt|web_search|10|JSON_VERIFIED||2229|5da92dc5-c0ae-4ccf-8e7a-3d9d0b623be9
2026-03-25 17:29:30|gpt|web_search|10|QUESTION|171|2229|5da92dc5-c0ae-4ccf-8e7a-3d9d0b623be9
2026-03-25 17:29:30|gpt|web_search|10|JSON_SAVED||2229|5da92dc5-c0ae-4ccf-8e7a-3d9d0b623be9
2026-03-25 17:29:30|gpt|web_search|10|QUESTION_ADVANCE||2230|979b5e17-e264-4964-9b24-5cce945022cc
2026-03-25 17:29:39|gpt|web_search|11|JSON_VERIFY_FAILED||2456|47eabc0c-8dfb-4883-baa8-dacdcde75b94
2026-03-25 17:29:39|gpt|web_search|11|QUESTION|193|2456|47eabc0c-8dfb-4883-baa8-dacdcde75b94
2026-03-25 17:29:43|gpt|web_search|13|JSON_VERIFIED||2620|057f272f-c112-4728-b8e8-b3ffa1259cd2
2026-03-25 17:29:43|gpt|web_search|13|QUESTION|170|2620|057f272f-c112-4728-b8e8-b3ffa1259cd2
2026-03-25 17:29:43|gpt|web_search|13|JSON_SAVED||2620|057f272f-c112-4728-b8e8-b3ffa1259cd2
2026-03-25 17:29:43|gpt|web_search|13|QUESTION_ADVANCE||2621|634725ab-94ea-4ffe-9dce-977aedf224f8
2026-03-25 17:29:49|gpt|web_search|11|QUESTION_SENT||2456|47eabc0c-8dfb-4883-baa8-dacdcde75b94
2026-03-25 17:30:15|gpt|web_search|11|JSON_VERIFIED||2456|47eabc0c-8dfb-4883-baa8-dacdcde75b94
2026-03-25 17:30:15|gpt|web_search|11|QUESTION|194|2456|47eabc0c-8dfb-4883-baa8-dacdcde75b94
2026-03-25 17:30:15|gpt|web_search|11|JSON_SAVED||2456|47eabc0c-8dfb-4883-baa8-dacdcde75b94
2026-03-25 17:30:15|gpt|web_search|11|QUESTION_ADVANCE||2457|044b436b-857a-4aa2-a360-bde98c8fd7b0
2026-03-25 17:30:16|gpt|web_search|10|QUESTION_SENT||2230|979b5e17-e264-4964-9b24-5cce945022cc
2026-03-25 17:30:29|gpt|web_search|13|QUESTION_SENT||2621|634725ab-94ea-4ffe-9dce-977aedf224f8
2026-03-25 17:30:55|gpt|web_search|10|JSON_VERIFIED||2230|979b5e17-e264-4964-9b24-5cce945022cc
2026-03-25 17:30:55|gpt|web_search|10|QUESTION|172|2230|979b5e17-e264-4964-9b24-5cce945022cc
2026-03-25 17:30:55|gpt|web_search|10|JSON_SAVED||2230|979b5e17-e264-4964-9b24-5cce945022cc
2026-03-25 17:30:55|gpt|web_search|10|QUESTION_ADVANCE||2231|02ae9620-70ae-4539-9e34-d3923519f979
2026-03-25 17:31:04|gpt|web_search|13|JSON_VERIFIED||2621|634725ab-94ea-4ffe-9dce-977aedf224f8
2026-03-25 17:31:04|gpt|web_search|13|QUESTION|171|2621|634725ab-94ea-4ffe-9dce-977aedf224f8
2026-03-25 17:31:04|gpt|web_search|13|JSON_SAVED||2621|634725ab-94ea-4ffe-9dce-977aedf224f8
2026-03-25 17:31:04|gpt|web_search|13|QUESTION_ADVANCE||2622|752f8915-8968-4b06-b8d1-d0dd2e8faa19
2026-03-25 17:31:07|gpt|web_search|11|QUESTION_SENT||2457|044b436b-857a-4aa2-a360-bde98c8fd7b0
2026-03-25 17:31:39|gpt|web_search|10|QUESTION_SENT||2231|02ae9620-70ae-4539-9e34-d3923519f979
2026-03-25 17:31:45|gpt|web_search|11|JSON_VERIFIED||2457|044b436b-857a-4aa2-a360-bde98c8fd7b0
2026-03-25 17:31:45|gpt|web_search|11|QUESTION|195|2457|044b436b-857a-4aa2-a360-bde98c8fd7b0
2026-03-25 17:31:45|gpt|web_search|11|JSON_SAVED||2457|044b436b-857a-4aa2-a360-bde98c8fd7b0
2026-03-25 17:31:45|gpt|web_search|11|QUESTION_ADVANCE||2458|8fcc1ed7-5254-44fe-9f98-ae0869fc702f
2026-03-25 17:31:50|gpt|web_search|13|QUESTION_SENT||2622|752f8915-8968-4b06-b8d1-d0dd2e8faa19
2026-03-25 17:32:15|gpt|web_search|10|JSON_VERIFIED||2231|02ae9620-70ae-4539-9e34-d3923519f979
2026-03-25 17:32:15|gpt|web_search|10|QUESTION|173|2231|02ae9620-70ae-4539-9e34-d3923519f979
2026-03-25 17:32:15|gpt|web_search|10|JSON_SAVED||2231|02ae9620-70ae-4539-9e34-d3923519f979
2026-03-25 17:32:15|gpt|web_search|10|QUESTION_ADVANCE||2232|b77f9bc2-12e0-4ed7-9cc6-f4b6c0a97e26
2026-03-25 17:32:24|gpt|web_search|13|JSON_VERIFIED||2622|752f8915-8968-4b06-b8d1-d0dd2e8faa19
2026-03-25 17:32:24|gpt|web_search|13|QUESTION|172|2622|752f8915-8968-4b06-b8d1-d0dd2e8faa19
2026-03-25 17:32:24|gpt|web_search|13|JSON_SAVED||2622|752f8915-8968-4b06-b8d1-d0dd2e8faa19
2026-03-25 17:32:24|gpt|web_search|13|QUESTION_ADVANCE||2623|4b75a506-a5ce-4c66-a4ad-f5a8894f064c
2026-03-25 17:32:25|gpt|web_search|11|QUESTION_SENT||2458|8fcc1ed7-5254-44fe-9f98-ae0869fc702f
2026-03-25 17:33:02|gpt|web_search|10|QUESTION_SENT||2232|b77f9bc2-12e0-4ed7-9cc6-f4b6c0a97e26
2026-03-25 17:33:06|gpt|web_search|11|JSON_VERIFIED||2458|8fcc1ed7-5254-44fe-9f98-ae0869fc702f
2026-03-25 17:33:06|gpt|web_search|11|QUESTION|196|2458|8fcc1ed7-5254-44fe-9f98-ae0869fc702f
2026-03-25 17:33:06|gpt|web_search|11|JSON_SAVED||2458|8fcc1ed7-5254-44fe-9f98-ae0869fc702f
2026-03-25 17:33:06|gpt|web_search|11|QUESTION_ADVANCE||2459|c3e73543-4264-4e34-bec4-ee2b10c30606
2026-03-25 17:33:10|gpt|web_search|13|QUESTION_SENT||2623|4b75a506-a5ce-4c66-a4ad-f5a8894f064c
2026-03-25 17:33:32|gpt|web_search|11|QUESTION_SENT||2459|c3e73543-4264-4e34-bec4-ee2b10c30606
2026-03-25 17:33:43|gpt|web_search|10|JSON_VERIFIED||2232|b77f9bc2-12e0-4ed7-9cc6-f4b6c0a97e26
2026-03-25 17:33:43|gpt|web_search|10|QUESTION|174|2232|b77f9bc2-12e0-4ed7-9cc6-f4b6c0a97e26
2026-03-25 17:33:43|gpt|web_search|10|JSON_SAVED||2232|b77f9bc2-12e0-4ed7-9cc6-f4b6c0a97e26
2026-03-25 17:33:43|gpt|web_search|10|QUESTION_ADVANCE||2233|a4f2845c-f4ed-4861-9794-a761f843ad2f
2026-03-25 17:33:49|gpt|web_search|13|JSON_VERIFIED||2623|4b75a506-a5ce-4c66-a4ad-f5a8894f064c
2026-03-25 17:33:49|gpt|web_search|13|QUESTION|173|2623|4b75a506-a5ce-4c66-a4ad-f5a8894f064c
2026-03-25 17:33:49|gpt|web_search|13|JSON_SAVED||2623|4b75a506-a5ce-4c66-a4ad-f5a8894f064c
2026-03-25 17:33:49|gpt|web_search|13|QUESTION_ADVANCE||2624|e2d2c856-f910-4602-ba2c-8200a3b20d26
2026-03-25 17:34:09|gpt|web_search|11|JSON_VERIFIED||2459|c3e73543-4264-4e34-bec4-ee2b10c30606
2026-03-25 17:34:09|gpt|web_search|11|QUESTION|197|2459|c3e73543-4264-4e34-bec4-ee2b10c30606
2026-03-25 17:34:09|gpt|web_search|11|JSON_SAVED||2459|c3e73543-4264-4e34-bec4-ee2b10c30606
2026-03-25 17:34:09|gpt|web_search|11|QUESTION_ADVANCE||2460|400edb64-f8cd-45da-8dbd-9d7440fb563d
2026-03-25 17:34:25|gpt|web_search|10|QUESTION_SENT||2233|a4f2845c-f4ed-4861-9794-a761f843ad2f
2026-03-25 17:34:32|gpt|web_search|13|QUESTION_SENT||2624|e2d2c856-f910-4602-ba2c-8200a3b20d26
2026-03-25 17:34:50|gpt|web_search|11|QUESTION_SENT||2460|400edb64-f8cd-45da-8dbd-9d7440fb563d
2026-03-25 17:35:00|gpt|web_search|13|JSON_VERIFY_FAILED||2624|e2d2c856-f910-4602-ba2c-8200a3b20d26
2026-03-25 17:35:00|gpt|web_search|13|QUESTION|174|2624|e2d2c856-f910-4602-ba2c-8200a3b20d26
2026-03-25 17:35:01|gpt|web_search|10|JSON_VERIFY_FAILED||2233|a4f2845c-f4ed-4861-9794-a761f843ad2f
2026-03-25 17:35:01|gpt|web_search|10|QUESTION|175|2233|a4f2845c-f4ed-4861-9794-a761f843ad2f
2026-03-25 17:35:10|gpt|web_search|13|QUESTION_SENT||2624|e2d2c856-f910-4602-ba2c-8200a3b20d26
2026-03-25 17:35:10|gpt|web_search|10|QUESTION_SENT||2233|a4f2845c-f4ed-4861-9794-a761f843ad2f
2026-03-25 17:35:25|gpt|web_search|13|JSON_VERIFIED||2624|e2d2c856-f910-4602-ba2c-8200a3b20d26
2026-03-25 17:35:25|gpt|web_search|13|QUESTION|175|2624|e2d2c856-f910-4602-ba2c-8200a3b20d26
2026-03-25 17:35:25|gpt|web_search|13|JSON_SAVED||2624|e2d2c856-f910-4602-ba2c-8200a3b20d26
2026-03-25 17:35:25|gpt|web_search|13|QUESTION_ADVANCE||2625|42862992-61ff-42dd-bc28-4055ca5c9ab4
2026-03-25 17:35:27|gpt|web_search|11|JSON_VERIFIED||2460|400edb64-f8cd-45da-8dbd-9d7440fb563d
2026-03-25 17:35:27|gpt|web_search|11|QUESTION|198|2460|400edb64-f8cd-45da-8dbd-9d7440fb563d
2026-03-25 17:35:27|gpt|web_search|11|JSON_SAVED||2460|400edb64-f8cd-45da-8dbd-9d7440fb563d
2026-03-25 17:35:27|gpt|web_search|11|QUESTION_ADVANCE||2461|2297a525-527b-4f79-ba15-088c3cad1040
2026-03-25 17:35:38|gpt|web_search|10|JSON_VERIFIED||2233|a4f2845c-f4ed-4861-9794-a761f843ad2f
2026-03-25 17:35:38|gpt|web_search|10|QUESTION|176|2233|a4f2845c-f4ed-4861-9794-a761f843ad2f
2026-03-25 17:35:38|gpt|web_search|10|JSON_SAVED||2233|a4f2845c-f4ed-4861-9794-a761f843ad2f
2026-03-25 17:35:38|gpt|web_search|10|QUESTION_ADVANCE||2234|022b38eb-84e4-4f07-aa4f-030995910131
2026-03-25 17:36:08|gpt|web_search|11|QUESTION_SENT||2461|2297a525-527b-4f79-ba15-088c3cad1040
2026-03-25 17:36:30|gpt|web_search|13|QUESTION_SENT||2625|42862992-61ff-42dd-bc28-4055ca5c9ab4
2026-03-25 17:36:33|gpt|web_search|10|QUESTION_SENT||2234|022b38eb-84e4-4f07-aa4f-030995910131
2026-03-25 17:36:43|gpt|web_search|11|JSON_VERIFIED||2461|2297a525-527b-4f79-ba15-088c3cad1040
2026-03-25 17:36:43|gpt|web_search|11|QUESTION|199|2461|2297a525-527b-4f79-ba15-088c3cad1040
2026-03-25 17:36:43|gpt|web_search|11|JSON_SAVED||2461|2297a525-527b-4f79-ba15-088c3cad1040
2026-03-25 17:36:43|gpt|web_search|11|QUESTION_ADVANCE||2462|5f1d348f-8cc1-46ee-897f-0d9ea20f8cb9
2026-03-25 17:37:13|gpt|web_search|13|JSON_VERIFIED||2625|42862992-61ff-42dd-bc28-4055ca5c9ab4
2026-03-25 17:37:13|gpt|web_search|13|QUESTION|176|2625|42862992-61ff-42dd-bc28-4055ca5c9ab4
2026-03-25 17:37:13|gpt|web_search|13|JSON_SAVED||2625|42862992-61ff-42dd-bc28-4055ca5c9ab4
2026-03-25 17:37:13|gpt|web_search|13|QUESTION_ADVANCE||2626|5a33cd1d-0718-4300-ab5b-dafbe105c3dc
2026-03-25 17:37:17|gpt|web_search|10|JSON_VERIFIED||2234|022b38eb-84e4-4f07-aa4f-030995910131
2026-03-25 17:37:17|gpt|web_search|10|QUESTION|177|2234|022b38eb-84e4-4f07-aa4f-030995910131
2026-03-25 17:37:17|gpt|web_search|10|JSON_SAVED||2234|022b38eb-84e4-4f07-aa4f-030995910131
2026-03-25 17:37:17|gpt|web_search|10|QUESTION_ADVANCE||2235|340f6f8d-a012-450e-81c5-93eb0821c462
2026-03-25 17:37:26|gpt|web_search|11|QUESTION_SENT||2462|5f1d348f-8cc1-46ee-897f-0d9ea20f8cb9
2026-03-25 17:37:51|gpt|web_search|13|QUESTION_SENT||2626|5a33cd1d-0718-4300-ab5b-dafbe105c3dc
2026-03-25 17:37:56|gpt|web_search|10|QUESTION_SENT||2235|340f6f8d-a012-450e-81c5-93eb0821c462
2026-03-25 17:38:01|gpt|web_search|11|JSON_VERIFIED||2462|5f1d348f-8cc1-46ee-897f-0d9ea20f8cb9
2026-03-25 17:38:01|gpt|web_search|11|QUESTION|200|2462|5f1d348f-8cc1-46ee-897f-0d9ea20f8cb9
2026-03-25 17:38:01|gpt|web_search|11|JSON_SAVED||2462|5f1d348f-8cc1-46ee-897f-0d9ea20f8cb9
2026-03-25 17:38:01|gpt|web_search|11|QUESTION_ADVANCE||2463|2cb82c43-77c9-4f78-a929-d0c55ae57a3b
2026-03-25 17:38:28|gpt|web_search|13|JSON_VERIFIED||2626|5a33cd1d-0718-4300-ab5b-dafbe105c3dc
2026-03-25 17:38:28|gpt|web_search|13|QUESTION|177|2626|5a33cd1d-0718-4300-ab5b-dafbe105c3dc
2026-03-25 17:38:28|gpt|web_search|13|JSON_SAVED||2626|5a33cd1d-0718-4300-ab5b-dafbe105c3dc
2026-03-25 17:38:28|gpt|web_search|13|QUESTION_ADVANCE||2627|219bcb85-d38a-4b7a-aa9a-6bf3230b54be
2026-03-25 17:38:40|gpt|web_search|10|JSON_VERIFIED||2235|340f6f8d-a012-450e-81c5-93eb0821c462
2026-03-25 17:38:40|gpt|web_search|10|QUESTION|178|2235|340f6f8d-a012-450e-81c5-93eb0821c462
2026-03-25 17:38:40|gpt|web_search|10|JSON_SAVED||2235|340f6f8d-a012-450e-81c5-93eb0821c462
2026-03-25 17:38:40|gpt|web_search|10|QUESTION_ADVANCE||2236|75a19e11-8aff-460c-993b-bea91e0fbcaa
2026-03-25 17:38:43|gpt|web_search|11|QUESTION_SENT||2463|2cb82c43-77c9-4f78-a929-d0c55ae57a3b
2026-03-25 17:39:12|gpt|web_search|13|QUESTION_SENT||2627|219bcb85-d38a-4b7a-aa9a-6bf3230b54be
2026-03-25 17:39:19|gpt|web_search|11|JSON_VERIFIED||2463|2cb82c43-77c9-4f78-a929-d0c55ae57a3b
2026-03-25 17:39:19|gpt|web_search|11|QUESTION|201|2463|2cb82c43-77c9-4f78-a929-d0c55ae57a3b
2026-03-25 17:39:19|gpt|web_search|11|JSON_SAVED||2463|2cb82c43-77c9-4f78-a929-d0c55ae57a3b
2026-03-25 17:39:19|gpt|web_search|11|QUESTION_ADVANCE||2464|f50bb14f-697f-4c55-a16d-4c3ae1e661a5
2026-03-25 17:39:19|gpt|web_search|10|QUESTION_SENT||2236|75a19e11-8aff-460c-993b-bea91e0fbcaa
2026-03-25 17:39:54|gpt|web_search|13|JSON_VERIFY_FAILED||2627|219bcb85-d38a-4b7a-aa9a-6bf3230b54be
2026-03-25 17:39:54|gpt|web_search|13|QUESTION|178|2627|219bcb85-d38a-4b7a-aa9a-6bf3230b54be
2026-03-25 17:39:57|gpt|web_search|10|JSON_VERIFIED||2236|75a19e11-8aff-460c-993b-bea91e0fbcaa
2026-03-25 17:39:57|gpt|web_search|10|QUESTION|179|2236|75a19e11-8aff-460c-993b-bea91e0fbcaa
2026-03-25 17:39:57|gpt|web_search|10|JSON_SAVED||2236|75a19e11-8aff-460c-993b-bea91e0fbcaa
2026-03-25 17:39:57|gpt|web_search|10|QUESTION_ADVANCE||2237|36c7f7e9-a264-4f1c-b3a1-c1701add7b09
2026-03-25 17:40:01|gpt|web_search|11|QUESTION_SENT||2464|f50bb14f-697f-4c55-a16d-4c3ae1e661a5
2026-03-25 17:40:03|gpt|web_search|13|QUESTION_SENT||2627|219bcb85-d38a-4b7a-aa9a-6bf3230b54be
2026-03-25 17:40:29|gpt|web_search|13|JSON_VERIFIED||2627|219bcb85-d38a-4b7a-aa9a-6bf3230b54be
2026-03-25 17:40:29|gpt|web_search|13|QUESTION|179|2627|219bcb85-d38a-4b7a-aa9a-6bf3230b54be
2026-03-25 17:40:29|gpt|web_search|13|JSON_SAVED||2627|219bcb85-d38a-4b7a-aa9a-6bf3230b54be
2026-03-25 17:40:29|gpt|web_search|13|QUESTION_ADVANCE||2628|4e3e2b7f-b080-42a3-a004-0874b8ba5543
2026-03-25 17:40:38|gpt|web_search|11|JSON_VERIFIED||2464|f50bb14f-697f-4c55-a16d-4c3ae1e661a5
2026-03-25 17:40:38|gpt|web_search|11|QUESTION|202|2464|f50bb14f-697f-4c55-a16d-4c3ae1e661a5
2026-03-25 17:40:38|gpt|web_search|11|JSON_SAVED||2464|f50bb14f-697f-4c55-a16d-4c3ae1e661a5
2026-03-25 17:40:38|gpt|web_search|11|QUESTION_ADVANCE||2465|ec4b50ce-8d6d-4a42-ad8a-31ecae7a9d40
2026-03-25 17:40:42|gpt|web_search|10|QUESTION_SENT||2237|36c7f7e9-a264-4f1c-b3a1-c1701add7b09
2026-03-25 17:41:19|gpt|web_search|10|JSON_VERIFIED||2237|36c7f7e9-a264-4f1c-b3a1-c1701add7b09
2026-03-25 17:41:19|gpt|web_search|10|QUESTION|180|2237|36c7f7e9-a264-4f1c-b3a1-c1701add7b09
2026-03-25 17:41:19|gpt|web_search|10|JSON_SAVED||2237|36c7f7e9-a264-4f1c-b3a1-c1701add7b09
2026-03-25 17:41:19|gpt|web_search|10|QUESTION_ADVANCE||2238|2112705a-94b9-4a65-bbed-d9390aec3acd
2026-03-25 17:41:19|gpt|web_search|11|QUESTION_SENT||2465|ec4b50ce-8d6d-4a42-ad8a-31ecae7a9d40
2026-03-25 17:41:24|gpt|web_search|13|QUESTION_SENT||2628|4e3e2b7f-b080-42a3-a004-0874b8ba5543
2026-03-25 17:41:56|gpt|web_search|11|JSON_VERIFIED||2465|ec4b50ce-8d6d-4a42-ad8a-31ecae7a9d40
2026-03-25 17:41:56|gpt|web_search|11|QUESTION|203|2465|ec4b50ce-8d6d-4a42-ad8a-31ecae7a9d40
2026-03-25 17:41:56|gpt|web_search|11|JSON_SAVED||2465|ec4b50ce-8d6d-4a42-ad8a-31ecae7a9d40
2026-03-25 17:41:56|gpt|web_search|11|QUESTION_ADVANCE||2466|82e12104-97fd-4fac-ab70-6d98a2c8b7e2
2026-03-25 17:42:03|gpt|web_search|13|JSON_VERIFIED||2628|4e3e2b7f-b080-42a3-a004-0874b8ba5543
2026-03-25 17:42:03|gpt|web_search|13|QUESTION|180|2628|4e3e2b7f-b080-42a3-a004-0874b8ba5543
2026-03-25 17:42:03|gpt|web_search|13|JSON_SAVED||2628|4e3e2b7f-b080-42a3-a004-0874b8ba5543
2026-03-25 17:42:03|gpt|web_search|13|QUESTION_ADVANCE||2629|4355cbe0-25a3-43f4-aa60-8cb9631c2dae
2026-03-25 17:42:05|gpt|web_search|10|QUESTION_SENT||2238|2112705a-94b9-4a65-bbed-d9390aec3acd
2026-03-25 17:42:38|gpt|web_search|11|QUESTION_SENT||2466|82e12104-97fd-4fac-ab70-6d98a2c8b7e2
2026-03-25 17:42:45|gpt|web_search|10|JSON_VERIFIED||2238|2112705a-94b9-4a65-bbed-d9390aec3acd
2026-03-25 17:42:45|gpt|web_search|10|QUESTION|181|2238|2112705a-94b9-4a65-bbed-d9390aec3acd
2026-03-25 17:42:45|gpt|web_search|10|JSON_SAVED||2238|2112705a-94b9-4a65-bbed-d9390aec3acd
2026-03-25 17:42:45|gpt|web_search|10|QUESTION_ADVANCE||2239|f47b7ca4-6514-4ca5-ab0e-190b0b4361bc
2026-03-25 17:42:46|gpt|web_search|13|QUESTION_SENT||2629|4355cbe0-25a3-43f4-aa60-8cb9631c2dae
2026-03-25 17:43:23|gpt|web_search|13|JSON_VERIFIED||2629|4355cbe0-25a3-43f4-aa60-8cb9631c2dae
2026-03-25 17:43:23|gpt|web_search|13|QUESTION|181|2629|4355cbe0-25a3-43f4-aa60-8cb9631c2dae
2026-03-25 17:43:23|gpt|web_search|13|JSON_SAVED||2629|4355cbe0-25a3-43f4-aa60-8cb9631c2dae
2026-03-25 17:43:23|gpt|web_search|13|QUESTION_ADVANCE||2630|faf980dd-6e44-478b-b4b0-ae7b2338772d
2026-03-25 17:43:23|gpt|web_search|11|JSON_VERIFIED||2466|82e12104-97fd-4fac-ab70-6d98a2c8b7e2
2026-03-25 17:43:23|gpt|web_search|11|QUESTION|204|2466|82e12104-97fd-4fac-ab70-6d98a2c8b7e2
2026-03-25 17:43:23|gpt|web_search|11|JSON_SAVED||2466|82e12104-97fd-4fac-ab70-6d98a2c8b7e2
2026-03-25 17:43:23|gpt|web_search|11|QUESTION_ADVANCE||2467|124feb3d-c769-4457-b894-16946cafe1ec
2026-03-25 17:43:28|gpt|web_search|10|QUESTION_SENT||2239|f47b7ca4-6514-4ca5-ab0e-190b0b4361bc
2026-03-25 17:43:49|gpt|web_search|11|QUESTION_SENT||2467|124feb3d-c769-4457-b894-16946cafe1ec
2026-03-25 17:44:06|gpt|web_search|13|QUESTION_SENT||2630|faf980dd-6e44-478b-b4b0-ae7b2338772d
2026-03-25 17:44:12|gpt|web_search|10|JSON_VERIFIED||2239|f47b7ca4-6514-4ca5-ab0e-190b0b4361bc
2026-03-25 17:44:12|gpt|web_search|10|QUESTION|182|2239|f47b7ca4-6514-4ca5-ab0e-190b0b4361bc
2026-03-25 17:44:12|gpt|web_search|10|JSON_SAVED||2239|f47b7ca4-6514-4ca5-ab0e-190b0b4361bc
2026-03-25 17:44:12|gpt|web_search|10|QUESTION_ADVANCE||2240|718990ff-af61-4ae1-b17a-376c774e9981
2026-03-25 17:44:42|gpt|web_search|13|JSON_VERIFIED||2630|faf980dd-6e44-478b-b4b0-ae7b2338772d
2026-03-25 17:44:42|gpt|web_search|13|QUESTION|182|2630|faf980dd-6e44-478b-b4b0-ae7b2338772d
2026-03-25 17:44:42|gpt|web_search|13|JSON_SAVED||2630|faf980dd-6e44-478b-b4b0-ae7b2338772d
2026-03-25 17:44:42|gpt|web_search|13|QUESTION_ADVANCE||2631|22a94b3c-797b-4de1-964b-313bb25aaf3a
2026-03-25 17:44:51|gpt|web_search|10|QUESTION_SENT||2240|718990ff-af61-4ae1-b17a-376c774e9981
2026-03-25 17:45:07|gpt|web_search|11|QUESTION_SENT||2467|124feb3d-c769-4457-b894-16946cafe1ec
2026-03-25 17:45:27|gpt|web_search|13|QUESTION_SENT||2631|22a94b3c-797b-4de1-964b-313bb25aaf3a
2026-03-25 17:45:31|gpt|web_search|10|JSON_VERIFIED||2240|718990ff-af61-4ae1-b17a-376c774e9981
2026-03-25 17:45:31|gpt|web_search|10|QUESTION|183|2240|718990ff-af61-4ae1-b17a-376c774e9981
2026-03-25 17:45:31|gpt|web_search|10|JSON_SAVED||2240|718990ff-af61-4ae1-b17a-376c774e9981
2026-03-25 17:45:31|gpt|web_search|10|QUESTION_ADVANCE||2241|88661913-515a-46ca-840a-b57c27c7a1c4
2026-03-25 17:45:42|gpt|web_search|11|JSON_VERIFIED||2467|124feb3d-c769-4457-b894-16946cafe1ec
2026-03-25 17:45:42|gpt|web_search|11|QUESTION|205|2467|124feb3d-c769-4457-b894-16946cafe1ec
2026-03-25 17:45:42|gpt|web_search|11|JSON_SAVED||2467|124feb3d-c769-4457-b894-16946cafe1ec
2026-03-25 17:45:42|gpt|web_search|11|QUESTION_ADVANCE||2468|ea878536-0df2-47bd-be4e-cb23e5966c54
2026-03-25 17:46:05|gpt|web_search|13|JSON_VERIFIED||2631|22a94b3c-797b-4de1-964b-313bb25aaf3a
2026-03-25 17:46:05|gpt|web_search|13|QUESTION|183|2631|22a94b3c-797b-4de1-964b-313bb25aaf3a
2026-03-25 17:46:05|gpt|web_search|13|JSON_SAVED||2631|22a94b3c-797b-4de1-964b-313bb25aaf3a
2026-03-25 17:46:05|gpt|web_search|13|QUESTION_ADVANCE||2632|90cff290-3a8c-4a2c-9a0a-cdc534b63358
2026-03-25 17:46:14|gpt|web_search|10|QUESTION_SENT||2241|88661913-515a-46ca-840a-b57c27c7a1c4
2026-03-25 17:46:25|gpt|web_search|11|QUESTION_SENT||2468|ea878536-0df2-47bd-be4e-cb23e5966c54
2026-03-25 17:46:48|gpt|web_search|13|QUESTION_SENT||2632|90cff290-3a8c-4a2c-9a0a-cdc534b63358
2026-03-25 17:46:56|gpt|web_search|10|JSON_VERIFIED||2241|88661913-515a-46ca-840a-b57c27c7a1c4
2026-03-25 17:46:56|gpt|web_search|10|QUESTION|184|2241|88661913-515a-46ca-840a-b57c27c7a1c4
2026-03-25 17:46:56|gpt|web_search|10|JSON_SAVED||2241|88661913-515a-46ca-840a-b57c27c7a1c4
2026-03-25 17:46:56|gpt|web_search|10|QUESTION_ADVANCE||2242|68209001-28d7-40be-af84-e721c7d1a545
2026-03-25 17:46:57|gpt|web_search|11|JSON_VERIFIED||2468|ea878536-0df2-47bd-be4e-cb23e5966c54
2026-03-25 17:46:57|gpt|web_search|11|QUESTION|206|2468|ea878536-0df2-47bd-be4e-cb23e5966c54
2026-03-25 17:46:57|gpt|web_search|11|JSON_SAVED||2468|ea878536-0df2-47bd-be4e-cb23e5966c54
2026-03-25 17:46:57|gpt|web_search|11|QUESTION_ADVANCE||2469|bda0079b-0f76-4b0c-9009-a2b088fa1f05
2026-03-25 17:47:28|gpt|web_search|13|JSON_VERIFIED||2632|90cff290-3a8c-4a2c-9a0a-cdc534b63358
2026-03-25 17:47:28|gpt|web_search|13|QUESTION|184|2632|90cff290-3a8c-4a2c-9a0a-cdc534b63358
2026-03-25 17:47:28|gpt|web_search|13|JSON_SAVED||2632|90cff290-3a8c-4a2c-9a0a-cdc534b63358
2026-03-25 17:47:28|gpt|web_search|13|QUESTION_ADVANCE||2633|5011834f-39f9-4fda-a933-a04987d49803
2026-03-25 17:47:37|gpt|web_search|10|QUESTION_SENT||2242|68209001-28d7-40be-af84-e721c7d1a545
2026-03-25 17:47:43|gpt|web_search|11|QUESTION_SENT||2469|bda0079b-0f76-4b0c-9009-a2b088fa1f05
2026-03-25 17:48:09|gpt|web_search|13|QUESTION_SENT||2633|5011834f-39f9-4fda-a933-a04987d49803
2026-03-25 17:48:11|gpt|web_search|10|JSON_VERIFIED||2242|68209001-28d7-40be-af84-e721c7d1a545
2026-03-25 17:48:11|gpt|web_search|10|QUESTION|185|2242|68209001-28d7-40be-af84-e721c7d1a545
2026-03-25 17:48:11|gpt|web_search|10|JSON_SAVED||2242|68209001-28d7-40be-af84-e721c7d1a545
2026-03-25 17:48:11|gpt|web_search|10|QUESTION_ADVANCE||2243|25f0103f-8adb-442a-b708-bf9f1a7e79ce
2026-03-25 17:48:34|gpt|web_search|13|JSON_VERIFY_FAILED||2633|5011834f-39f9-4fda-a933-a04987d49803
2026-03-25 17:48:34|gpt|web_search|13|QUESTION|185|2633|5011834f-39f9-4fda-a933-a04987d49803
2026-03-25 17:48:43|gpt|web_search|13|QUESTION_SENT||2633|5011834f-39f9-4fda-a933-a04987d49803
2026-03-25 17:49:00|gpt|web_search|10|QUESTION_SENT||2243|25f0103f-8adb-442a-b708-bf9f1a7e79ce
2026-03-25 17:49:01|gpt|web_search|11|QUESTION_SENT||2469|bda0079b-0f76-4b0c-9009-a2b088fa1f05
2026-03-25 17:49:04|gpt|web_search|13|JSON_VERIFIED||2633|5011834f-39f9-4fda-a933-a04987d49803
2026-03-25 17:49:04|gpt|web_search|13|QUESTION|186|2633|5011834f-39f9-4fda-a933-a04987d49803
2026-03-25 17:49:04|gpt|web_search|13|JSON_SAVED||2633|5011834f-39f9-4fda-a933-a04987d49803
2026-03-25 17:49:04|gpt|web_search|13|QUESTION_ADVANCE||2634|085431a8-80c1-4424-993f-66341a588e2c
2026-03-25 17:49:24|gpt|web_search|11|JSON_VERIFY_FAILED||2469|bda0079b-0f76-4b0c-9009-a2b088fa1f05
2026-03-25 17:49:24|gpt|web_search|11|QUESTION|207|2469|bda0079b-0f76-4b0c-9009-a2b088fa1f05
2026-03-25 17:49:33|gpt|web_search|11|QUESTION_SENT||2469|bda0079b-0f76-4b0c-9009-a2b088fa1f05
2026-03-25 17:49:38|gpt|web_search|10|JSON_VERIFIED||2243|25f0103f-8adb-442a-b708-bf9f1a7e79ce
2026-03-25 17:49:38|gpt|web_search|10|QUESTION|186|2243|25f0103f-8adb-442a-b708-bf9f1a7e79ce
2026-03-25 17:49:38|gpt|web_search|10|JSON_SAVED||2243|25f0103f-8adb-442a-b708-bf9f1a7e79ce
2026-03-25 17:49:38|gpt|web_search|10|QUESTION_ADVANCE||2244|71171e58-6b30-47f9-bd9b-8b34e890a07c
2026-03-25 17:49:55|gpt|web_search|11|JSON_VERIFIED||2469|bda0079b-0f76-4b0c-9009-a2b088fa1f05
2026-03-25 17:49:55|gpt|web_search|11|QUESTION|208|2469|bda0079b-0f76-4b0c-9009-a2b088fa1f05
2026-03-25 17:49:55|gpt|web_search|11|JSON_SAVED||2469|bda0079b-0f76-4b0c-9009-a2b088fa1f05
2026-03-25 17:49:55|gpt|web_search|11|QUESTION_ADVANCE||2470|a11434eb-2125-4e60-8035-4096bc8d8f0a
2026-03-25 17:50:04|gpt|web_search|13|QUESTION_SENT||2634|085431a8-80c1-4424-993f-66341a588e2c
2026-03-25 17:50:23|gpt|web_search|10|QUESTION_SENT||2244|71171e58-6b30-47f9-bd9b-8b34e890a07c
2026-03-25 17:50:37|gpt|web_search|13|JSON_VERIFIED||2634|085431a8-80c1-4424-993f-66341a588e2c
2026-03-25 17:50:37|gpt|web_search|13|QUESTION|187|2634|085431a8-80c1-4424-993f-66341a588e2c
2026-03-25 17:50:37|gpt|web_search|13|JSON_SAVED||2634|085431a8-80c1-4424-993f-66341a588e2c
2026-03-25 17:50:37|gpt|web_search|13|QUESTION_ADVANCE||2635|e7a7b357-2e67-4c8d-8916-90e821e9705f
2026-03-25 17:50:51|gpt|web_search|11|QUESTION_SENT||2470|a11434eb-2125-4e60-8035-4096bc8d8f0a
2026-03-25 17:51:05|gpt|web_search|10|JSON_VERIFIED||2244|71171e58-6b30-47f9-bd9b-8b34e890a07c
2026-03-25 17:51:05|gpt|web_search|10|QUESTION|187|2244|71171e58-6b30-47f9-bd9b-8b34e890a07c
2026-03-25 17:51:05|gpt|web_search|10|JSON_SAVED||2244|71171e58-6b30-47f9-bd9b-8b34e890a07c
2026-03-25 17:51:05|gpt|web_search|10|QUESTION_ADVANCE||2245|9560c07b-5c01-4a77-bb65-1f6587905fc7
2026-03-25 17:51:25|gpt|web_search|13|QUESTION_SENT||2635|e7a7b357-2e67-4c8d-8916-90e821e9705f
2026-03-25 17:51:34|gpt|web_search|11|JSON_VERIFIED||2470|a11434eb-2125-4e60-8035-4096bc8d8f0a
2026-03-25 17:51:34|gpt|web_search|11|QUESTION|209|2470|a11434eb-2125-4e60-8035-4096bc8d8f0a
2026-03-25 17:51:34|gpt|web_search|11|JSON_SAVED||2470|a11434eb-2125-4e60-8035-4096bc8d8f0a
2026-03-25 17:51:34|gpt|web_search|11|QUESTION_ADVANCE||2471|ae61a484-b816-4294-8b7d-f2c52ad4cede
2026-03-25 17:51:46|gpt|web_search|10|QUESTION_SENT||2245|9560c07b-5c01-4a77-bb65-1f6587905fc7
2026-03-25 17:52:00|gpt|web_search|11|QUESTION_SENT||2471|ae61a484-b816-4294-8b7d-f2c52ad4cede
2026-03-25 17:52:09|gpt|web_search|13|JSON_VERIFIED||2635|e7a7b357-2e67-4c8d-8916-90e821e9705f
2026-03-25 17:52:09|gpt|web_search|13|QUESTION|188|2635|e7a7b357-2e67-4c8d-8916-90e821e9705f
2026-03-25 17:52:09|gpt|web_search|13|JSON_SAVED||2635|e7a7b357-2e67-4c8d-8916-90e821e9705f
2026-03-25 17:52:09|gpt|web_search|13|QUESTION_ADVANCE||2636|33aa0227-9e79-4686-9ac6-1ced371b0b61
2026-03-25 17:52:25|gpt|web_search|10|JSON_VERIFIED||2245|9560c07b-5c01-4a77-bb65-1f6587905fc7
2026-03-25 17:52:25|gpt|web_search|10|QUESTION|188|2245|9560c07b-5c01-4a77-bb65-1f6587905fc7
2026-03-25 17:52:25|gpt|web_search|10|JSON_SAVED||2245|9560c07b-5c01-4a77-bb65-1f6587905fc7
2026-03-25 17:52:25|gpt|web_search|10|QUESTION_ADVANCE||2246|2ee02992-5616-4d4f-ac46-e4d0a6089ad6
2026-03-25 17:52:35|gpt|web_search|13|QUESTION_SENT||2636|33aa0227-9e79-4686-9ac6-1ced371b0b61
2026-03-25 17:52:43|gpt|web_search|11|JSON_VERIFIED||2471|ae61a484-b816-4294-8b7d-f2c52ad4cede
2026-03-25 17:52:43|gpt|web_search|11|QUESTION|210|2471|ae61a484-b816-4294-8b7d-f2c52ad4cede
2026-03-25 17:52:43|gpt|web_search|11|JSON_SAVED||2471|ae61a484-b816-4294-8b7d-f2c52ad4cede
2026-03-25 17:52:43|gpt|web_search|11|QUESTION_ADVANCE||2472|6b5722fb-577d-47d6-bc8d-eb76e36d0e22
2026-03-25 17:53:09|gpt|web_search|10|QUESTION_SENT||2246|2ee02992-5616-4d4f-ac46-e4d0a6089ad6
2026-03-25 17:53:09|gpt|web_search|11|QUESTION_SENT||2472|6b5722fb-577d-47d6-bc8d-eb76e36d0e22
2026-03-25 17:53:12|gpt|web_search|13|JSON_VERIFY_FAILED||2636|33aa0227-9e79-4686-9ac6-1ced371b0b61
2026-03-25 17:53:12|gpt|web_search|13|QUESTION|189|2636|33aa0227-9e79-4686-9ac6-1ced371b0b61
2026-03-25 17:53:41|gpt|web_search|10|JSON_VERIFY_FAILED||2246|2ee02992-5616-4d4f-ac46-e4d0a6089ad6
2026-03-25 17:53:41|gpt|web_search|10|QUESTION|189|2246|2ee02992-5616-4d4f-ac46-e4d0a6089ad6
2026-03-25 17:53:46|gpt|web_search|11|JSON_VERIFY_FAILED||2472|6b5722fb-577d-47d6-bc8d-eb76e36d0e22
2026-03-25 17:53:46|gpt|web_search|11|QUESTION|211|2472|6b5722fb-577d-47d6-bc8d-eb76e36d0e22
2026-03-25 17:53:51|gpt|web_search|10|QUESTION_SENT||2246|2ee02992-5616-4d4f-ac46-e4d0a6089ad6
2026-03-25 17:53:56|gpt|web_search|11|QUESTION_SENT||2472|6b5722fb-577d-47d6-bc8d-eb76e36d0e22
2026-03-25 17:53:56|gpt|web_search|13|QUESTION_SENT||2636|33aa0227-9e79-4686-9ac6-1ced371b0b61
2026-03-25 17:54:14|gpt|web_search|10|JSON_VERIFIED||2246|2ee02992-5616-4d4f-ac46-e4d0a6089ad6
2026-03-25 17:54:14|gpt|web_search|10|QUESTION|190|2246|2ee02992-5616-4d4f-ac46-e4d0a6089ad6
2026-03-25 17:54:14|gpt|web_search|10|JSON_SAVED||2246|2ee02992-5616-4d4f-ac46-e4d0a6089ad6
2026-03-25 17:54:14|gpt|web_search|10|QUESTION_ADVANCE||2247|7b7f4c4c-363c-4257-89d6-efc4c64116db
2026-03-25 17:54:19|gpt|web_search|11|JSON_VERIFIED||2472|6b5722fb-577d-47d6-bc8d-eb76e36d0e22
2026-03-25 17:54:19|gpt|web_search|11|QUESTION|212|2472|6b5722fb-577d-47d6-bc8d-eb76e36d0e22
2026-03-25 17:54:19|gpt|web_search|11|JSON_SAVED||2472|6b5722fb-577d-47d6-bc8d-eb76e36d0e22
2026-03-25 17:54:19|gpt|web_search|11|QUESTION_ADVANCE||2473|ed194c51-2418-41ab-8396-6d97144895cd
2026-03-25 17:54:35|gpt|web_search|13|JSON_VERIFIED||2636|33aa0227-9e79-4686-9ac6-1ced371b0b61
2026-03-25 17:54:35|gpt|web_search|13|QUESTION|190|2636|33aa0227-9e79-4686-9ac6-1ced371b0b61
2026-03-25 17:54:35|gpt|web_search|13|JSON_SAVED||2636|33aa0227-9e79-4686-9ac6-1ced371b0b61
2026-03-25 17:54:35|gpt|web_search|13|QUESTION_ADVANCE||2637|0f89631f-a212-46ef-9ddf-f3b4f451853c
2026-03-25 17:55:14|gpt|web_search|11|QUESTION_SENT||2473|ed194c51-2418-41ab-8396-6d97144895cd
2026-03-25 17:55:14|gpt|web_search|10|QUESTION_SENT||2247|7b7f4c4c-363c-4257-89d6-efc4c64116db
2026-03-25 17:55:18|gpt|web_search|13|QUESTION_SENT||2637|0f89631f-a212-46ef-9ddf-f3b4f451853c
2026-03-25 17:55:48|gpt|web_search|11|JSON_VERIFIED||2473|ed194c51-2418-41ab-8396-6d97144895cd
2026-03-25 17:55:48|gpt|web_search|11|QUESTION|213|2473|ed194c51-2418-41ab-8396-6d97144895cd
2026-03-25 17:55:48|gpt|web_search|11|JSON_SAVED||2473|ed194c51-2418-41ab-8396-6d97144895cd
2026-03-25 17:55:48|gpt|web_search|11|QUESTION_ADVANCE||2474|b8f8ca82-5433-4001-80c6-16a87f0c4129
2026-03-25 17:55:54|gpt|web_search|10|JSON_VERIFIED||2247|7b7f4c4c-363c-4257-89d6-efc4c64116db
2026-03-25 17:55:54|gpt|web_search|10|QUESTION|191|2247|7b7f4c4c-363c-4257-89d6-efc4c64116db
2026-03-25 17:55:54|gpt|web_search|10|JSON_SAVED||2247|7b7f4c4c-363c-4257-89d6-efc4c64116db
2026-03-25 17:55:54|gpt|web_search|10|QUESTION_ADVANCE||2248|800ef8ed-20ad-4815-8ee8-b4372ebe4fb7
2026-03-25 17:55:56|gpt|web_search|13|JSON_VERIFIED||2637|0f89631f-a212-46ef-9ddf-f3b4f451853c
2026-03-25 17:55:56|gpt|web_search|13|QUESTION|191|2637|0f89631f-a212-46ef-9ddf-f3b4f451853c
2026-03-25 17:55:56|gpt|web_search|13|JSON_SAVED||2637|0f89631f-a212-46ef-9ddf-f3b4f451853c
2026-03-25 17:55:56|gpt|web_search|13|QUESTION_ADVANCE||2638|f54e8a01-9c65-4835-a94d-128f4418dc70
2026-03-25 17:56:32|gpt|web_search|11|QUESTION_SENT||2474|b8f8ca82-5433-4001-80c6-16a87f0c4129
2026-03-25 17:56:37|gpt|web_search|10|QUESTION_SENT||2248|800ef8ed-20ad-4815-8ee8-b4372ebe4fb7
2026-03-25 17:56:39|gpt|web_search|13|QUESTION_SENT||2638|f54e8a01-9c65-4835-a94d-128f4418dc70
2026-03-25 17:57:07|gpt|web_search|11|JSON_VERIFY_FAILED||2474|b8f8ca82-5433-4001-80c6-16a87f0c4129
2026-03-25 17:57:07|gpt|web_search|11|QUESTION|214|2474|b8f8ca82-5433-4001-80c6-16a87f0c4129
2026-03-25 17:57:07|gpt|web_search|13|JSON_VERIFY_FAILED||2638|f54e8a01-9c65-4835-a94d-128f4418dc70
2026-03-25 17:57:07|gpt|web_search|13|QUESTION|192|2638|f54e8a01-9c65-4835-a94d-128f4418dc70
2026-03-25 17:57:15|gpt|web_search|10|JSON_VERIFIED||2248|800ef8ed-20ad-4815-8ee8-b4372ebe4fb7
2026-03-25 17:57:15|gpt|web_search|10|QUESTION|192|2248|800ef8ed-20ad-4815-8ee8-b4372ebe4fb7
2026-03-25 17:57:15|gpt|web_search|10|JSON_SAVED||2248|800ef8ed-20ad-4815-8ee8-b4372ebe4fb7
2026-03-25 17:57:15|gpt|web_search|10|QUESTION_ADVANCE||2249|723229f6-4f82-4168-bef5-d373d34892af
2026-03-25 17:57:17|gpt|web_search|13|QUESTION_SENT||2638|f54e8a01-9c65-4835-a94d-128f4418dc70
2026-03-25 17:57:44|gpt|web_search|13|JSON_VERIFIED||2638|f54e8a01-9c65-4835-a94d-128f4418dc70
2026-03-25 17:57:44|gpt|web_search|13|QUESTION|193|2638|f54e8a01-9c65-4835-a94d-128f4418dc70
2026-03-25 17:57:44|gpt|web_search|13|JSON_SAVED||2638|f54e8a01-9c65-4835-a94d-128f4418dc70
2026-03-25 17:57:44|gpt|web_search|13|QUESTION_ADVANCE||2639|0a4363d5-f6e5-4bf2-a17c-0bbc03979765
2026-03-25 17:57:49|gpt|web_search|11|QUESTION_SENT||2474|b8f8ca82-5433-4001-80c6-16a87f0c4129
2026-03-25 17:58:00|gpt|web_search|10|QUESTION_SENT||2249|723229f6-4f82-4168-bef5-d373d34892af
2026-03-25 17:58:28|gpt|web_search|11|JSON_VERIFIED||2474|b8f8ca82-5433-4001-80c6-16a87f0c4129
2026-03-25 17:58:28|gpt|web_search|11|QUESTION|215|2474|b8f8ca82-5433-4001-80c6-16a87f0c4129
2026-03-25 17:58:28|gpt|web_search|11|JSON_SAVED||2474|b8f8ca82-5433-4001-80c6-16a87f0c4129
2026-03-25 17:58:28|gpt|web_search|11|QUESTION_ADVANCE||2475|97fb0bc5-ff1c-4029-b353-5e9c2cf762c4
2026-03-25 17:58:38|gpt|web_search|13|QUESTION_SENT||2639|0a4363d5-f6e5-4bf2-a17c-0bbc03979765
2026-03-25 17:58:40|gpt|web_search|10|JSON_VERIFIED||2249|723229f6-4f82-4168-bef5-d373d34892af
2026-03-25 17:58:40|gpt|web_search|10|QUESTION|193|2249|723229f6-4f82-4168-bef5-d373d34892af
2026-03-25 17:58:40|gpt|web_search|10|JSON_SAVED||2249|723229f6-4f82-4168-bef5-d373d34892af
2026-03-25 17:58:40|gpt|web_search|10|QUESTION_ADVANCE||2250|1fb85e19-ceb0-41cd-9e2e-32788400ba85
2026-03-25 17:59:07|gpt|web_search|11|QUESTION_SENT||2475|97fb0bc5-ff1c-4029-b353-5e9c2cf762c4
2026-03-25 17:59:08|gpt|web_search|13|JSON_VERIFY_FAILED||2639|0a4363d5-f6e5-4bf2-a17c-0bbc03979765
2026-03-25 17:59:08|gpt|web_search|13|QUESTION|194|2639|0a4363d5-f6e5-4bf2-a17c-0bbc03979765
2026-03-25 17:59:23|gpt|web_search|10|QUESTION_SENT||2250|1fb85e19-ceb0-41cd-9e2e-32788400ba85
2026-03-25 17:59:40|gpt|web_search|11|JSON_VERIFIED||2475|97fb0bc5-ff1c-4029-b353-5e9c2cf762c4
2026-03-25 17:59:40|gpt|web_search|11|QUESTION|216|2475|97fb0bc5-ff1c-4029-b353-5e9c2cf762c4
2026-03-25 17:59:40|gpt|web_search|11|JSON_SAVED||2475|97fb0bc5-ff1c-4029-b353-5e9c2cf762c4
2026-03-25 17:59:40|gpt|web_search|11|QUESTION_ADVANCE||2476|01ef2f3d-a051-4079-95f1-276be62a433e
2026-03-25 17:59:59|gpt|web_search|13|QUESTION_SENT||2639|0a4363d5-f6e5-4bf2-a17c-0bbc03979765
2026-03-25 18:00:01|gpt|web_search|10|JSON_VERIFIED||2250|1fb85e19-ceb0-41cd-9e2e-32788400ba85
2026-03-25 18:00:01|gpt|web_search|10|QUESTION|194|2250|1fb85e19-ceb0-41cd-9e2e-32788400ba85
2026-03-25 18:00:01|gpt|web_search|10|JSON_SAVED||2250|1fb85e19-ceb0-41cd-9e2e-32788400ba85
2026-03-25 18:00:01|gpt|web_search|10|QUESTION_ADVANCE||2251|74bdff88-cd15-4478-9c55-ff8b6e2fcc8b
2026-03-25 18:00:25|gpt|web_search|11|QUESTION_SENT||2476|01ef2f3d-a051-4079-95f1-276be62a433e
2026-03-25 18:00:39|gpt|web_search|13|JSON_VERIFIED||2639|0a4363d5-f6e5-4bf2-a17c-0bbc03979765
2026-03-25 18:00:39|gpt|web_search|13|QUESTION|195|2639|0a4363d5-f6e5-4bf2-a17c-0bbc03979765
2026-03-25 18:00:39|gpt|web_search|13|JSON_SAVED||2639|0a4363d5-f6e5-4bf2-a17c-0bbc03979765
2026-03-25 18:00:39|gpt|web_search|13|QUESTION_ADVANCE||2640|7fb88d62-5ab4-4dd1-8ba7-8e11a82bd087
2026-03-25 18:00:46|gpt|web_search|10|QUESTION_SENT||2251|74bdff88-cd15-4478-9c55-ff8b6e2fcc8b
2026-03-25 18:01:20|gpt|web_search|13|QUESTION_SENT||2640|7fb88d62-5ab4-4dd1-8ba7-8e11a82bd087
2026-03-25 18:01:25|gpt|web_search|10|JSON_VERIFIED||2251|74bdff88-cd15-4478-9c55-ff8b6e2fcc8b
2026-03-25 18:01:25|gpt|web_search|10|QUESTION|195|2251|74bdff88-cd15-4478-9c55-ff8b6e2fcc8b
2026-03-25 18:01:25|gpt|web_search|10|JSON_SAVED||2251|74bdff88-cd15-4478-9c55-ff8b6e2fcc8b
2026-03-25 18:01:25|gpt|web_search|10|QUESTION_ADVANCE||2252|5ab338f8-8d2f-4194-9079-69f487146f19
2026-03-25 18:01:43|gpt|web_search|11|QUESTION_SENT||2476|01ef2f3d-a051-4079-95f1-276be62a433e
2026-03-25 18:01:54|gpt|web_search|13|JSON_VERIFIED||2640|7fb88d62-5ab4-4dd1-8ba7-8e11a82bd087
2026-03-25 18:01:54|gpt|web_search|13|QUESTION|196|2640|7fb88d62-5ab4-4dd1-8ba7-8e11a82bd087
2026-03-25 18:01:54|gpt|web_search|13|JSON_SAVED||2640|7fb88d62-5ab4-4dd1-8ba7-8e11a82bd087
2026-03-25 18:01:54|gpt|web_search|13|QUESTION_ADVANCE||2641|75c32425-0aa4-4f24-ba99-9764a7008245
2026-03-25 18:02:09|gpt|web_search|10|QUESTION_SENT||2252|5ab338f8-8d2f-4194-9079-69f487146f19
2026-03-25 18:02:20|gpt|web_search|11|JSON_VERIFIED||2476|01ef2f3d-a051-4079-95f1-276be62a433e
2026-03-25 18:02:20|gpt|web_search|11|QUESTION|217|2476|01ef2f3d-a051-4079-95f1-276be62a433e
2026-03-25 18:02:20|gpt|web_search|11|JSON_SAVED||2476|01ef2f3d-a051-4079-95f1-276be62a433e
2026-03-25 18:02:20|gpt|web_search|11|QUESTION_ADVANCE||2477|dac86c18-7edc-4cf0-a1e0-6ed8fe75af75
2026-03-25 18:02:41|gpt|web_search|13|QUESTION_SENT||2641|75c32425-0aa4-4f24-ba99-9764a7008245
2026-03-25 18:02:53|gpt|web_search|10|JSON_VERIFIED||2252|5ab338f8-8d2f-4194-9079-69f487146f19
2026-03-25 18:02:53|gpt|web_search|10|QUESTION|196|2252|5ab338f8-8d2f-4194-9079-69f487146f19
2026-03-25 18:02:53|gpt|web_search|10|JSON_SAVED||2252|5ab338f8-8d2f-4194-9079-69f487146f19
2026-03-25 18:02:53|gpt|web_search|10|QUESTION_ADVANCE||2253|1ed27b0c-5343-4f44-8234-9b124200ed3c
2026-03-25 18:03:01|gpt|web_search|11|QUESTION_SENT||2477|dac86c18-7edc-4cf0-a1e0-6ed8fe75af75
2026-03-25 18:03:15|gpt|web_search|13|JSON_VERIFY_FAILED||2641|75c32425-0aa4-4f24-ba99-9764a7008245
2026-03-25 18:03:15|gpt|web_search|13|QUESTION|197|2641|75c32425-0aa4-4f24-ba99-9764a7008245
2026-03-25 18:03:25|gpt|web_search|13|QUESTION_SENT||2641|75c32425-0aa4-4f24-ba99-9764a7008245
2026-03-25 18:03:32|gpt|web_search|10|QUESTION_SENT||2253|1ed27b0c-5343-4f44-8234-9b124200ed3c
2026-03-25 18:03:36|gpt|web_search|11|JSON_VERIFIED||2477|dac86c18-7edc-4cf0-a1e0-6ed8fe75af75
2026-03-25 18:03:36|gpt|web_search|11|QUESTION|218|2477|dac86c18-7edc-4cf0-a1e0-6ed8fe75af75
2026-03-25 18:03:36|gpt|web_search|11|JSON_SAVED||2477|dac86c18-7edc-4cf0-a1e0-6ed8fe75af75
2026-03-25 18:03:36|gpt|web_search|11|QUESTION_ADVANCE||2478|d79b2edf-72b1-4399-a501-632e5fd57fad
2026-03-25 18:03:46|gpt|web_search|13|JSON_VERIFIED||2641|75c32425-0aa4-4f24-ba99-9764a7008245
2026-03-25 18:03:46|gpt|web_search|13|QUESTION|198|2641|75c32425-0aa4-4f24-ba99-9764a7008245
2026-03-25 18:03:46|gpt|web_search|13|JSON_SAVED||2641|75c32425-0aa4-4f24-ba99-9764a7008245
2026-03-25 18:03:46|gpt|web_search|13|QUESTION_ADVANCE||2642|4815d5b8-92bb-4416-902b-43fe1f09b327
2026-03-25 18:04:12|gpt|web_search|10|JSON_VERIFIED||2253|1ed27b0c-5343-4f44-8234-9b124200ed3c
2026-03-25 18:04:12|gpt|web_search|10|QUESTION|197|2253|1ed27b0c-5343-4f44-8234-9b124200ed3c
2026-03-25 18:04:12|gpt|web_search|10|JSON_SAVED||2253|1ed27b0c-5343-4f44-8234-9b124200ed3c
2026-03-25 18:04:12|gpt|web_search|10|QUESTION_ADVANCE||2254|6506ff2c-afa8-491a-ae6d-36bf38a9c013
2026-03-25 18:04:19|gpt|web_search|11|QUESTION_SENT||2478|d79b2edf-72b1-4399-a501-632e5fd57fad
2026-03-25 18:04:46|gpt|web_search|13|QUESTION_SENT||2642|4815d5b8-92bb-4416-902b-43fe1f09b327
2026-03-25 18:04:55|gpt|web_search|10|QUESTION_SENT||2254|6506ff2c-afa8-491a-ae6d-36bf38a9c013
2026-03-25 18:04:56|gpt|web_search|11|JSON_VERIFIED||2478|d79b2edf-72b1-4399-a501-632e5fd57fad
2026-03-25 18:04:56|gpt|web_search|11|QUESTION|219|2478|d79b2edf-72b1-4399-a501-632e5fd57fad
2026-03-25 18:04:56|gpt|web_search|11|JSON_SAVED||2478|d79b2edf-72b1-4399-a501-632e5fd57fad
2026-03-25 18:04:56|gpt|web_search|11|QUESTION_ADVANCE||2479|1011bdea-b5c3-4c4d-9d74-ddee8459bb5a
2026-03-25 18:05:34|gpt|web_search|10|JSON_VERIFIED||2254|6506ff2c-afa8-491a-ae6d-36bf38a9c013
2026-03-25 18:05:34|gpt|web_search|10|QUESTION|198|2254|6506ff2c-afa8-491a-ae6d-36bf38a9c013
2026-03-25 18:05:34|gpt|web_search|10|JSON_SAVED||2254|6506ff2c-afa8-491a-ae6d-36bf38a9c013
2026-03-25 18:05:34|gpt|web_search|10|QUESTION_ADVANCE||2255|fe5431f6-3f1c-4599-8ae7-96fda538894f
2026-03-25 18:05:37|gpt|web_search|11|QUESTION_SENT||2479|1011bdea-b5c3-4c4d-9d74-ddee8459bb5a
2026-03-25 18:06:07|gpt|web_search|13|QUESTION_SENT||2642|4815d5b8-92bb-4416-902b-43fe1f09b327
2026-03-25 18:06:10|gpt|web_search|11|JSON_VERIFIED||2479|1011bdea-b5c3-4c4d-9d74-ddee8459bb5a
2026-03-25 18:06:10|gpt|web_search|11|QUESTION|220|2479|1011bdea-b5c3-4c4d-9d74-ddee8459bb5a
2026-03-25 18:06:10|gpt|web_search|11|JSON_SAVED||2479|1011bdea-b5c3-4c4d-9d74-ddee8459bb5a
2026-03-25 18:06:10|gpt|web_search|11|QUESTION_ADVANCE||2480|587ab3e3-311e-4af7-91b5-662838608b34
2026-03-25 18:06:18|gpt|web_search|10|QUESTION_SENT||2255|fe5431f6-3f1c-4599-8ae7-96fda538894f
2026-03-25 18:06:48|gpt|web_search|13|JSON_VERIFIED||2642|4815d5b8-92bb-4416-902b-43fe1f09b327
2026-03-25 18:06:48|gpt|web_search|13|QUESTION|199|2642|4815d5b8-92bb-4416-902b-43fe1f09b327
2026-03-25 18:06:48|gpt|web_search|13|JSON_SAVED||2642|4815d5b8-92bb-4416-902b-43fe1f09b327
2026-03-25 18:06:48|gpt|web_search|13|QUESTION_ADVANCE||2643|9400698f-3c2b-49cb-82e6-98f5abd5d8fd
2026-03-25 18:06:55|gpt|web_search|11|QUESTION_SENT||2480|587ab3e3-311e-4af7-91b5-662838608b34
2026-03-25 18:07:01|gpt|web_search|10|JSON_VERIFIED||2255|fe5431f6-3f1c-4599-8ae7-96fda538894f
2026-03-25 18:07:01|gpt|web_search|10|QUESTION|199|2255|fe5431f6-3f1c-4599-8ae7-96fda538894f
2026-03-25 18:07:01|gpt|web_search|10|JSON_SAVED||2255|fe5431f6-3f1c-4599-8ae7-96fda538894f
2026-03-25 18:07:01|gpt|web_search|10|QUESTION_ADVANCE||2256|93550af7-64a8-4a7b-a3f0-460060ab6528
2026-03-25 18:07:28|gpt|web_search|13|QUESTION_SENT||2643|9400698f-3c2b-49cb-82e6-98f5abd5d8fd
2026-03-25 18:07:32|gpt|web_search|11|JSON_VERIFIED||2480|587ab3e3-311e-4af7-91b5-662838608b34
2026-03-25 18:07:32|gpt|web_search|11|QUESTION|221|2480|587ab3e3-311e-4af7-91b5-662838608b34
2026-03-25 18:07:32|gpt|web_search|11|JSON_SAVED||2480|587ab3e3-311e-4af7-91b5-662838608b34
2026-03-25 18:07:32|gpt|web_search|11|QUESTION_ADVANCE||2481|9d5dee1b-d8d9-4538-bbee-e4b151abe3b4
2026-03-25 18:07:41|gpt|web_search|10|QUESTION_SENT||2256|93550af7-64a8-4a7b-a3f0-460060ab6528
2026-03-25 18:08:03|gpt|web_search|13|JSON_VERIFIED||2643|9400698f-3c2b-49cb-82e6-98f5abd5d8fd
2026-03-25 18:08:03|gpt|web_search|13|QUESTION|200|2643|9400698f-3c2b-49cb-82e6-98f5abd5d8fd
2026-03-25 18:08:03|gpt|web_search|13|JSON_SAVED||2643|9400698f-3c2b-49cb-82e6-98f5abd5d8fd
2026-03-25 18:08:03|gpt|web_search|13|QUESTION_ADVANCE||2644|8957398f-6adf-4a8d-9f3e-540ef70cc553
2026-03-25 18:08:13|gpt|web_search|11|QUESTION_SENT||2481|9d5dee1b-d8d9-4538-bbee-e4b151abe3b4
2026-03-25 18:08:17|gpt|web_search|10|JSON_VERIFIED||2256|93550af7-64a8-4a7b-a3f0-460060ab6528
2026-03-25 18:08:17|gpt|web_search|10|QUESTION|200|2256|93550af7-64a8-4a7b-a3f0-460060ab6528
2026-03-25 18:08:17|gpt|web_search|10|JSON_SAVED||2256|93550af7-64a8-4a7b-a3f0-460060ab6528
2026-03-25 18:08:17|gpt|web_search|10|QUESTION_ADVANCE||2257|f677ee2d-309d-4736-a97a-888f81c72e66
2026-03-25 18:08:35|gpt|web_search|11|JSON_VERIFY_FAILED||2481|9d5dee1b-d8d9-4538-bbee-e4b151abe3b4
2026-03-25 18:08:35|gpt|web_search|11|QUESTION|222|2481|9d5dee1b-d8d9-4538-bbee-e4b151abe3b4
2026-03-25 18:08:44|gpt|web_search|11|QUESTION_SENT||2481|9d5dee1b-d8d9-4538-bbee-e4b151abe3b4
2026-03-25 18:08:48|gpt|web_search|13|QUESTION_SENT||2644|8957398f-6adf-4a8d-9f3e-540ef70cc553
2026-03-25 18:09:04|gpt|web_search|10|QUESTION_SENT||2257|f677ee2d-309d-4736-a97a-888f81c72e66
2026-03-25 18:09:07|gpt|web_search|11|JSON_VERIFIED||2481|9d5dee1b-d8d9-4538-bbee-e4b151abe3b4
2026-03-25 18:09:07|gpt|web_search|11|QUESTION|223|2481|9d5dee1b-d8d9-4538-bbee-e4b151abe3b4
2026-03-25 18:09:07|gpt|web_search|11|JSON_SAVED||2481|9d5dee1b-d8d9-4538-bbee-e4b151abe3b4
2026-03-25 18:09:07|gpt|web_search|11|QUESTION_ADVANCE||2482|8ac7a5ff-1acb-40e6-9111-4036fcc46d73
2026-03-25 18:09:24|gpt|web_search|13|JSON_VERIFIED||2644|8957398f-6adf-4a8d-9f3e-540ef70cc553
2026-03-25 18:09:24|gpt|web_search|13|QUESTION|201|2644|8957398f-6adf-4a8d-9f3e-540ef70cc553
2026-03-25 18:09:24|gpt|web_search|13|JSON_SAVED||2644|8957398f-6adf-4a8d-9f3e-540ef70cc553
2026-03-25 18:09:24|gpt|web_search|13|QUESTION_ADVANCE||2645|8e187592-ae79-49c7-aaab-51c3db9f0faf
2026-03-25 18:09:37|gpt|web_search|10|JSON_VERIFY_FAILED||2257|f677ee2d-309d-4736-a97a-888f81c72e66
2026-03-25 18:09:37|gpt|web_search|10|QUESTION|201|2257|f677ee2d-309d-4736-a97a-888f81c72e66
2026-03-25 18:09:46|gpt|web_search|10|QUESTION_SENT||2257|f677ee2d-309d-4736-a97a-888f81c72e66
2026-03-25 18:10:02|gpt|web_search|11|QUESTION_SENT||2482|8ac7a5ff-1acb-40e6-9111-4036fcc46d73
2026-03-25 18:10:09|gpt|web_search|13|QUESTION_SENT||2645|8e187592-ae79-49c7-aaab-51c3db9f0faf
2026-03-25 18:10:11|gpt|web_search|10|JSON_VERIFIED||2257|f677ee2d-309d-4736-a97a-888f81c72e66
2026-03-25 18:10:11|gpt|web_search|10|QUESTION|202|2257|f677ee2d-309d-4736-a97a-888f81c72e66
2026-03-25 18:10:11|gpt|web_search|10|JSON_SAVED||2257|f677ee2d-309d-4736-a97a-888f81c72e66
2026-03-25 18:10:11|gpt|web_search|10|QUESTION_ADVANCE||2258|6d9d3c31-3ea9-4131-8fd8-2fd508b5f4fd
2026-03-25 18:10:31|gpt|web_search|13|JSON_VERIFY_FAILED||2645|8e187592-ae79-49c7-aaab-51c3db9f0faf
2026-03-25 18:10:31|gpt|web_search|13|QUESTION|202|2645|8e187592-ae79-49c7-aaab-51c3db9f0faf
2026-03-25 18:10:39|gpt|web_search|11|JSON_VERIFIED||2482|8ac7a5ff-1acb-40e6-9111-4036fcc46d73
2026-03-25 18:10:39|gpt|web_search|11|QUESTION|224|2482|8ac7a5ff-1acb-40e6-9111-4036fcc46d73
2026-03-25 18:10:39|gpt|web_search|11|JSON_SAVED||2482|8ac7a5ff-1acb-40e6-9111-4036fcc46d73
2026-03-25 18:10:39|gpt|web_search|11|QUESTION_ADVANCE||2483|fb1f671a-932b-4dae-9395-dfa88c775e24
2026-03-25 18:10:40|gpt|web_search|13|QUESTION_SENT||2645|8e187592-ae79-49c7-aaab-51c3db9f0faf
2026-03-25 18:11:02|gpt|web_search|13|JSON_VERIFIED||2645|8e187592-ae79-49c7-aaab-51c3db9f0faf
2026-03-25 18:11:02|gpt|web_search|13|QUESTION|203|2645|8e187592-ae79-49c7-aaab-51c3db9f0faf
2026-03-25 18:11:02|gpt|web_search|13|JSON_SAVED||2645|8e187592-ae79-49c7-aaab-51c3db9f0faf
2026-03-25 18:11:02|gpt|web_search|13|QUESTION_ADVANCE||2646|f01fa2b7-972a-4bf2-bbb2-165efd647b26
2026-03-25 18:11:10|gpt|web_search|10|QUESTION_SENT||2258|6d9d3c31-3ea9-4131-8fd8-2fd508b5f4fd
2026-03-25 18:11:20|gpt|web_search|11|QUESTION_SENT||2483|fb1f671a-932b-4dae-9395-dfa88c775e24
2026-03-25 18:11:55|gpt|web_search|10|JSON_VERIFIED||2258|6d9d3c31-3ea9-4131-8fd8-2fd508b5f4fd
2026-03-25 18:11:55|gpt|web_search|10|QUESTION|203|2258|6d9d3c31-3ea9-4131-8fd8-2fd508b5f4fd
2026-03-25 18:11:55|gpt|web_search|10|JSON_SAVED||2258|6d9d3c31-3ea9-4131-8fd8-2fd508b5f4fd
2026-03-25 18:11:55|gpt|web_search|10|QUESTION_ADVANCE||2259|2ecfeaec-4f9b-41dd-80f0-2d4e5852a088
2026-03-25 18:11:56|gpt|web_search|11|JSON_VERIFIED||2483|fb1f671a-932b-4dae-9395-dfa88c775e24
2026-03-25 18:11:56|gpt|web_search|11|QUESTION|225|2483|fb1f671a-932b-4dae-9395-dfa88c775e24
2026-03-25 18:11:56|gpt|web_search|11|JSON_SAVED||2483|fb1f671a-932b-4dae-9395-dfa88c775e24
2026-03-25 18:11:56|gpt|web_search|11|QUESTION_ADVANCE||2484|2ffd5703-88c6-4bf7-94f3-8f7e7ceacfc2
2026-03-25 18:12:01|gpt|web_search|13|QUESTION_SENT||2646|f01fa2b7-972a-4bf2-bbb2-165efd647b26
2026-03-25 18:12:33|gpt|web_search|10|QUESTION_SENT||2259|2ecfeaec-4f9b-41dd-80f0-2d4e5852a088
2026-03-25 18:12:38|gpt|web_search|13|JSON_VERIFIED||2646|f01fa2b7-972a-4bf2-bbb2-165efd647b26
2026-03-25 18:12:38|gpt|web_search|13|QUESTION|204|2646|f01fa2b7-972a-4bf2-bbb2-165efd647b26
2026-03-25 18:12:38|gpt|web_search|13|JSON_SAVED||2646|f01fa2b7-972a-4bf2-bbb2-165efd647b26
2026-03-25 18:12:38|gpt|web_search|13|QUESTION_ADVANCE||2647|d0dfc83d-af6b-4b85-a122-a26676335a6d
2026-03-25 18:12:38|gpt|web_search|11|QUESTION_SENT||2484|2ffd5703-88c6-4bf7-94f3-8f7e7ceacfc2
2026-03-25 18:13:15|gpt|web_search|11|JSON_VERIFIED||2484|2ffd5703-88c6-4bf7-94f3-8f7e7ceacfc2
2026-03-25 18:13:15|gpt|web_search|11|QUESTION|226|2484|2ffd5703-88c6-4bf7-94f3-8f7e7ceacfc2
2026-03-25 18:13:15|gpt|web_search|11|JSON_SAVED||2484|2ffd5703-88c6-4bf7-94f3-8f7e7ceacfc2
2026-03-25 18:13:15|gpt|web_search|11|QUESTION_ADVANCE||2485|d1ec746f-25f2-4f10-bc29-937cc9053c94
2026-03-25 18:13:23|gpt|web_search|13|QUESTION_SENT||2647|d0dfc83d-af6b-4b85-a122-a26676335a6d
2026-03-25 18:13:28|gpt|web_search|10|JSON_VERIFIED||2259|2ecfeaec-4f9b-41dd-80f0-2d4e5852a088
2026-03-25 18:13:28|gpt|web_search|10|QUESTION|204|2259|2ecfeaec-4f9b-41dd-80f0-2d4e5852a088
2026-03-25 18:13:28|gpt|web_search|10|JSON_SAVED||2259|2ecfeaec-4f9b-41dd-80f0-2d4e5852a088
2026-03-25 18:13:28|gpt|web_search|10|QUESTION_ADVANCE||2260|ee093cd7-f1b2-46b4-a18a-de7e1b34a329
2026-03-25 18:13:54|gpt|web_search|10|QUESTION_SENT||2260|ee093cd7-f1b2-46b4-a18a-de7e1b34a329
2026-03-25 18:13:56|gpt|web_search|11|QUESTION_SENT||2485|d1ec746f-25f2-4f10-bc29-937cc9053c94
2026-03-25 18:14:32|gpt|web_search|11|JSON_VERIFIED||2485|d1ec746f-25f2-4f10-bc29-937cc9053c94
2026-03-25 18:14:32|gpt|web_search|11|QUESTION|227|2485|d1ec746f-25f2-4f10-bc29-937cc9053c94
2026-03-25 18:14:32|gpt|web_search|11|JSON_SAVED||2485|d1ec746f-25f2-4f10-bc29-937cc9053c94
2026-03-25 18:14:32|gpt|web_search|11|QUESTION_ADVANCE||2486|8ffb44a8-d9e6-4177-ad97-155a5a022757
2026-03-25 18:14:44|gpt|web_search|13|QUESTION_SENT||2647|d0dfc83d-af6b-4b85-a122-a26676335a6d
2026-03-25 18:15:14|gpt|web_search|11|QUESTION_SENT||2486|8ffb44a8-d9e6-4177-ad97-155a5a022757
2026-03-25 18:15:19|gpt|web_search|13|JSON_VERIFIED||2647|d0dfc83d-af6b-4b85-a122-a26676335a6d
2026-03-25 18:15:19|gpt|web_search|13|QUESTION|205|2647|d0dfc83d-af6b-4b85-a122-a26676335a6d
2026-03-25 18:15:19|gpt|web_search|13|JSON_SAVED||2647|d0dfc83d-af6b-4b85-a122-a26676335a6d
2026-03-25 18:15:19|gpt|web_search|13|QUESTION_ADVANCE||2648|9627c7cc-39a4-4d43-8774-aa65c383ed91
2026-03-25 18:15:50|gpt|web_search|11|JSON_VERIFIED||2486|8ffb44a8-d9e6-4177-ad97-155a5a022757
2026-03-25 18:15:50|gpt|web_search|11|QUESTION|228|2486|8ffb44a8-d9e6-4177-ad97-155a5a022757
2026-03-25 18:15:50|gpt|web_search|11|JSON_SAVED||2486|8ffb44a8-d9e6-4177-ad97-155a5a022757
2026-03-25 18:15:50|gpt|web_search|11|QUESTION_ADVANCE||2487|cf7200a1-df21-4726-8b18-63bd6ff87466
2026-03-25 18:16:04|gpt|web_search|13|QUESTION_SENT||2648|9627c7cc-39a4-4d43-8774-aa65c383ed91
2026-03-25 18:16:32|gpt|web_search|11|QUESTION_SENT||2487|cf7200a1-df21-4726-8b18-63bd6ff87466
2026-03-25 18:17:04|gpt|web_search|11|JSON_VERIFY_FAILED||2487|cf7200a1-df21-4726-8b18-63bd6ff87466
2026-03-25 18:17:04|gpt|web_search|11|QUESTION|229|2487|cf7200a1-df21-4726-8b18-63bd6ff87466
2026-03-25 18:17:14|gpt|web_search|11|QUESTION_SENT||2487|cf7200a1-df21-4726-8b18-63bd6ff87466
2026-03-25 18:17:25|gpt|web_search|13|QUESTION_SENT||2648|9627c7cc-39a4-4d43-8774-aa65c383ed91
2026-03-25 18:17:37|gpt|web_search|11|JSON_VERIFIED||2487|cf7200a1-df21-4726-8b18-63bd6ff87466
2026-03-25 18:17:37|gpt|web_search|11|QUESTION|230|2487|cf7200a1-df21-4726-8b18-63bd6ff87466
2026-03-25 18:17:37|gpt|web_search|11|JSON_SAVED||2487|cf7200a1-df21-4726-8b18-63bd6ff87466
2026-03-25 18:17:37|gpt|web_search|11|QUESTION_ADVANCE||2488|8329a689-a280-48c3-9772-1d8f3904f259
2026-03-25 18:17:59|gpt|web_search|13|JSON_VERIFIED||2648|9627c7cc-39a4-4d43-8774-aa65c383ed91
2026-03-25 18:17:59|gpt|web_search|13|QUESTION|206|2648|9627c7cc-39a4-4d43-8774-aa65c383ed91
2026-03-25 18:17:59|gpt|web_search|13|JSON_SAVED||2648|9627c7cc-39a4-4d43-8774-aa65c383ed91
2026-03-25 18:17:59|gpt|web_search|13|QUESTION_ADVANCE||2649|5acaacca-a878-41b3-9bd7-b4366f9b0f8f
2026-03-25 18:18:46|gpt|web_search|13|QUESTION_SENT||2649|5acaacca-a878-41b3-9bd7-b4366f9b0f8f
2026-03-25 18:19:22|gpt|web_search|13|JSON_VERIFIED||2649|5acaacca-a878-41b3-9bd7-b4366f9b0f8f
2026-03-25 18:19:22|gpt|web_search|13|QUESTION|207|2649|5acaacca-a878-41b3-9bd7-b4366f9b0f8f
2026-03-25 18:19:22|gpt|web_search|13|JSON_SAVED||2649|5acaacca-a878-41b3-9bd7-b4366f9b0f8f
2026-03-25 18:19:22|gpt|web_search|13|QUESTION_ADVANCE||2650|3730ac58-4ffd-4cbc-a073-14da0ba97ce1
2026-03-25 18:20:07|gpt|web_search|13|QUESTION_SENT||2650|3730ac58-4ffd-4cbc-a073-14da0ba97ce1
2026-03-25 18:20:45|gpt|web_search|13|JSON_VERIFIED||2650|3730ac58-4ffd-4cbc-a073-14da0ba97ce1
2026-03-25 18:20:45|gpt|web_search|13|QUESTION|208|2650|3730ac58-4ffd-4cbc-a073-14da0ba97ce1
2026-03-25 18:20:45|gpt|web_search|13|JSON_SAVED||2650|3730ac58-4ffd-4cbc-a073-14da0ba97ce1
2026-03-25 18:20:45|gpt|web_search|13|QUESTION_ADVANCE||2651|70f994b1-aaf0-4ab9-a5dc-8c32e8148d1f
2026-03-25 18:21:23|gpt|web_search|10|QUESTION_SENT||2260|ee093cd7-f1b2-46b4-a18a-de7e1b34a329
2026-03-25 18:21:28|gpt|web_search|13|QUESTION_SENT||2651|70f994b1-aaf0-4ab9-a5dc-8c32e8148d1f
2026-03-25 18:22:05|gpt|web_search|13|JSON_VERIFIED||2651|70f994b1-aaf0-4ab9-a5dc-8c32e8148d1f
2026-03-25 18:22:05|gpt|web_search|13|QUESTION|209|2651|70f994b1-aaf0-4ab9-a5dc-8c32e8148d1f
2026-03-25 18:22:05|gpt|web_search|13|JSON_SAVED||2651|70f994b1-aaf0-4ab9-a5dc-8c32e8148d1f
2026-03-25 18:22:05|gpt|web_search|13|QUESTION_ADVANCE||2652|d04fc192-d185-4206-aae3-4c08d20e7eb1
2026-03-25 18:22:12|gpt|web_search|10|JSON_VERIFIED||2260|ee093cd7-f1b2-46b4-a18a-de7e1b34a329
2026-03-25 18:22:12|gpt|web_search|10|QUESTION|205|2260|ee093cd7-f1b2-46b4-a18a-de7e1b34a329
2026-03-25 18:22:12|gpt|web_search|10|JSON_SAVED||2260|ee093cd7-f1b2-46b4-a18a-de7e1b34a329
2026-03-25 18:22:12|gpt|web_search|10|QUESTION_ADVANCE||2261|c0d61def-b0b9-4cf8-b190-987e9a10700b
2026-03-25 18:22:37|gpt|web_search|10|QUESTION_SENT||2261|c0d61def-b0b9-4cf8-b190-987e9a10700b
2026-03-25 18:22:49|gpt|web_search|13|QUESTION_SENT||2652|d04fc192-d185-4206-aae3-4c08d20e7eb1
2026-03-25 18:23:23|gpt|web_search|13|JSON_VERIFIED||2652|d04fc192-d185-4206-aae3-4c08d20e7eb1
2026-03-25 18:23:23|gpt|web_search|13|QUESTION|210|2652|d04fc192-d185-4206-aae3-4c08d20e7eb1
2026-03-25 18:23:23|gpt|web_search|13|JSON_SAVED||2652|d04fc192-d185-4206-aae3-4c08d20e7eb1
2026-03-25 18:23:23|gpt|web_search|13|QUESTION_ADVANCE||2653|dc0ea7a9-6815-4689-b975-b7e5b4e2d292
2026-03-25 18:23:27|gpt|web_search|10|JSON_VERIFIED||2261|c0d61def-b0b9-4cf8-b190-987e9a10700b
2026-03-25 18:23:27|gpt|web_search|10|QUESTION|206|2261|c0d61def-b0b9-4cf8-b190-987e9a10700b
2026-03-25 18:23:27|gpt|web_search|10|JSON_SAVED||2261|c0d61def-b0b9-4cf8-b190-987e9a10700b
2026-03-25 18:23:27|gpt|web_search|10|QUESTION_ADVANCE||2262|3812980c-fc27-4002-bf4f-d3e4a9b16312
2026-03-25 18:23:53|gpt|web_search|10|QUESTION_SENT||2262|3812980c-fc27-4002-bf4f-d3e4a9b16312
2026-03-25 18:24:10|gpt|web_search|13|QUESTION_SENT||2653|dc0ea7a9-6815-4689-b975-b7e5b4e2d292
2026-03-25 18:24:50|gpt|web_search|13|JSON_VERIFIED||2653|dc0ea7a9-6815-4689-b975-b7e5b4e2d292
2026-03-25 18:24:50|gpt|web_search|13|QUESTION|211|2653|dc0ea7a9-6815-4689-b975-b7e5b4e2d292
2026-03-25 18:24:50|gpt|web_search|13|JSON_SAVED||2653|dc0ea7a9-6815-4689-b975-b7e5b4e2d292
2026-03-25 18:24:50|gpt|web_search|13|QUESTION_ADVANCE||2654|3794940b-2029-41f6-9754-0f9fcde0390f
2026-03-25 18:25:08|gpt|web_search|10|JSON_VERIFIED||2262|3812980c-fc27-4002-bf4f-d3e4a9b16312
2026-03-25 18:25:08|gpt|web_search|10|QUESTION|207|2262|3812980c-fc27-4002-bf4f-d3e4a9b16312
2026-03-25 18:25:08|gpt|web_search|10|JSON_SAVED||2262|3812980c-fc27-4002-bf4f-d3e4a9b16312
2026-03-25 18:25:08|gpt|web_search|10|QUESTION_ADVANCE||2263|1318444a-9eea-4dfa-928a-b3404570a14e
2026-03-25 18:25:31|gpt|web_search|13|QUESTION_SENT||2654|3794940b-2029-41f6-9754-0f9fcde0390f
2026-03-25 18:25:34|gpt|web_search|10|QUESTION_SENT||2263|1318444a-9eea-4dfa-928a-b3404570a14e
2026-03-25 18:26:05|gpt|web_search|13|JSON_VERIFY_FAILED||2654|3794940b-2029-41f6-9754-0f9fcde0390f
2026-03-25 18:26:05|gpt|web_search|13|QUESTION|212|2654|3794940b-2029-41f6-9754-0f9fcde0390f
2026-03-25 18:26:15|gpt|web_search|13|QUESTION_SENT||2654|3794940b-2029-41f6-9754-0f9fcde0390f
2026-03-25 18:26:35|gpt|web_search|13|JSON_VERIFIED||2654|3794940b-2029-41f6-9754-0f9fcde0390f
2026-03-25 18:26:35|gpt|web_search|13|QUESTION|213|2654|3794940b-2029-41f6-9754-0f9fcde0390f
2026-03-25 18:26:35|gpt|web_search|13|JSON_SAVED||2654|3794940b-2029-41f6-9754-0f9fcde0390f
2026-03-25 18:26:35|gpt|web_search|13|QUESTION_ADVANCE||2655|ec7be2b5-ac68-44fe-be2d-6db6afd9e5c4
2026-03-25 18:26:36|gpt|web_search|10|JSON_VERIFIED||2263|1318444a-9eea-4dfa-928a-b3404570a14e
2026-03-25 18:26:36|gpt|web_search|10|QUESTION|208|2263|1318444a-9eea-4dfa-928a-b3404570a14e
2026-03-25 18:26:36|gpt|web_search|10|JSON_SAVED||2263|1318444a-9eea-4dfa-928a-b3404570a14e
2026-03-25 18:26:36|gpt|web_search|10|QUESTION_ADVANCE||2264|1616dcd1-7b38-43bb-8a27-cc55e3afd387
2026-03-25 18:26:58|gpt|web_search|11|QUESTION_SENT||2488|8329a689-a280-48c3-9772-1d8f3904f259
2026-03-25 18:27:02|gpt|web_search|10|QUESTION_SENT||2264|1616dcd1-7b38-43bb-8a27-cc55e3afd387
2026-03-25 18:27:33|gpt|web_search|11|JSON_VERIFIED||2488|8329a689-a280-48c3-9772-1d8f3904f259
2026-03-25 18:27:33|gpt|web_search|11|QUESTION|231|2488|8329a689-a280-48c3-9772-1d8f3904f259
2026-03-25 18:27:33|gpt|web_search|11|JSON_SAVED||2488|8329a689-a280-48c3-9772-1d8f3904f259
2026-03-25 18:27:33|gpt|web_search|11|QUESTION_ADVANCE||2489|060cad8f-c9fd-4b8d-a48e-d4fbee3d2f4a
2026-03-25 18:27:36|gpt|web_search|13|QUESTION_SENT||2655|ec7be2b5-ac68-44fe-be2d-6db6afd9e5c4
2026-03-25 18:27:56|gpt|web_search|10|JSON_VERIFIED||2264|1616dcd1-7b38-43bb-8a27-cc55e3afd387
2026-03-25 18:27:56|gpt|web_search|10|QUESTION|209|2264|1616dcd1-7b38-43bb-8a27-cc55e3afd387
2026-03-25 18:27:56|gpt|web_search|10|JSON_SAVED||2264|1616dcd1-7b38-43bb-8a27-cc55e3afd387
2026-03-25 18:27:56|gpt|web_search|10|QUESTION_ADVANCE||2265|80fe1a04-9f87-457d-b6fc-b55306e9d9e4
2026-03-25 18:28:08|gpt|web_search|13|JSON_VERIFIED||2655|ec7be2b5-ac68-44fe-be2d-6db6afd9e5c4
2026-03-25 18:28:08|gpt|web_search|13|QUESTION|214|2655|ec7be2b5-ac68-44fe-be2d-6db6afd9e5c4
2026-03-25 18:28:08|gpt|web_search|13|JSON_SAVED||2655|ec7be2b5-ac68-44fe-be2d-6db6afd9e5c4
2026-03-25 18:28:08|gpt|web_search|13|QUESTION_ADVANCE||2656|ed922fa6-37b2-410b-8bc2-85b16ea62811
2026-03-25 18:28:16|gpt|web_search|11|QUESTION_SENT||2489|060cad8f-c9fd-4b8d-a48e-d4fbee3d2f4a
2026-03-25 18:28:22|gpt|web_search|10|QUESTION_SENT||2265|80fe1a04-9f87-457d-b6fc-b55306e9d9e4
2026-03-25 18:28:48|gpt|web_search|11|JSON_VERIFIED||2489|060cad8f-c9fd-4b8d-a48e-d4fbee3d2f4a
2026-03-25 18:28:48|gpt|web_search|11|QUESTION|232|2489|060cad8f-c9fd-4b8d-a48e-d4fbee3d2f4a
2026-03-25 18:28:48|gpt|web_search|11|JSON_SAVED||2489|060cad8f-c9fd-4b8d-a48e-d4fbee3d2f4a
2026-03-25 18:28:48|gpt|web_search|11|QUESTION_ADVANCE||2490|fc55382c-6bd3-48f7-9e71-9dc41d778c10
2026-03-25 18:28:57|gpt|web_search|13|QUESTION_SENT||2656|ed922fa6-37b2-410b-8bc2-85b16ea62811
2026-03-25 18:29:09|gpt|web_search|10|JSON_VERIFIED||2265|80fe1a04-9f87-457d-b6fc-b55306e9d9e4
2026-03-25 18:29:09|gpt|web_search|10|QUESTION|210|2265|80fe1a04-9f87-457d-b6fc-b55306e9d9e4
2026-03-25 18:29:09|gpt|web_search|10|JSON_SAVED||2265|80fe1a04-9f87-457d-b6fc-b55306e9d9e4
2026-03-25 18:29:09|gpt|web_search|10|QUESTION_ADVANCE||2266|b574d147-6744-498d-ac2b-2797985823a2
2026-03-25 18:29:34|gpt|web_search|11|QUESTION_SENT||2490|fc55382c-6bd3-48f7-9e71-9dc41d778c10
2026-03-25 18:29:34|gpt|web_search|13|JSON_VERIFIED||2656|ed922fa6-37b2-410b-8bc2-85b16ea62811
2026-03-25 18:29:34|gpt|web_search|13|QUESTION|215|2656|ed922fa6-37b2-410b-8bc2-85b16ea62811
2026-03-25 18:29:34|gpt|web_search|13|JSON_SAVED||2656|ed922fa6-37b2-410b-8bc2-85b16ea62811
2026-03-25 18:29:34|gpt|web_search|13|QUESTION_ADVANCE||2657|f7923a24-f65c-4e8b-995d-4175355d286e
2026-03-25 18:29:34|gpt|web_search|10|QUESTION_SENT||2266|b574d147-6744-498d-ac2b-2797985823a2
2026-03-25 18:30:08|gpt|web_search|11|JSON_VERIFIED||2490|fc55382c-6bd3-48f7-9e71-9dc41d778c10
2026-03-25 18:30:08|gpt|web_search|11|QUESTION|233|2490|fc55382c-6bd3-48f7-9e71-9dc41d778c10
2026-03-25 18:30:08|gpt|web_search|11|JSON_SAVED||2490|fc55382c-6bd3-48f7-9e71-9dc41d778c10
2026-03-25 18:30:08|gpt|web_search|11|QUESTION_ADVANCE||2491|e4946bbc-742a-46bf-874a-c3be16bd6012
2026-03-25 18:30:18|gpt|web_search|13|QUESTION_SENT||2657|f7923a24-f65c-4e8b-995d-4175355d286e
2026-03-25 18:30:41|gpt|web_search|10|JSON_VERIFIED||2266|b574d147-6744-498d-ac2b-2797985823a2
2026-03-25 18:30:41|gpt|web_search|10|QUESTION|211|2266|b574d147-6744-498d-ac2b-2797985823a2
2026-03-25 18:30:41|gpt|web_search|10|JSON_SAVED||2266|b574d147-6744-498d-ac2b-2797985823a2
2026-03-25 18:30:41|gpt|web_search|10|QUESTION_ADVANCE||2267|dd40eacc-f152-4ae9-bd66-e10bd186c94d
2026-03-25 18:30:51|gpt|web_search|11|QUESTION_SENT||2491|e4946bbc-742a-46bf-874a-c3be16bd6012
2026-03-25 18:30:55|gpt|web_search|13|JSON_VERIFIED||2657|f7923a24-f65c-4e8b-995d-4175355d286e
2026-03-25 18:30:55|gpt|web_search|13|QUESTION|216|2657|f7923a24-f65c-4e8b-995d-4175355d286e
2026-03-25 18:30:55|gpt|web_search|13|JSON_SAVED||2657|f7923a24-f65c-4e8b-995d-4175355d286e
2026-03-25 18:30:55|gpt|web_search|13|QUESTION_ADVANCE||2658|baa2397c-d707-493d-9799-9c10dd8dcf96
2026-03-25 18:31:07|gpt|web_search|10|QUESTION_SENT||2267|dd40eacc-f152-4ae9-bd66-e10bd186c94d
2026-03-25 18:31:38|gpt|web_search|11|JSON_VERIFIED||2491|e4946bbc-742a-46bf-874a-c3be16bd6012
2026-03-25 18:31:38|gpt|web_search|11|QUESTION|234|2491|e4946bbc-742a-46bf-874a-c3be16bd6012
2026-03-25 18:31:38|gpt|web_search|11|JSON_SAVED||2491|e4946bbc-742a-46bf-874a-c3be16bd6012
2026-03-25 18:31:38|gpt|web_search|11|QUESTION_ADVANCE||2492|759437e6-34bf-42f3-8ad1-893b6448ad76
2026-03-25 18:31:39|gpt|web_search|13|QUESTION_SENT||2658|baa2397c-d707-493d-9799-9c10dd8dcf96
2026-03-25 18:32:04|gpt|web_search|11|QUESTION_SENT||2492|759437e6-34bf-42f3-8ad1-893b6448ad76
2026-03-25 18:32:05|gpt|web_search|10|JSON_VERIFY_FAILED||2267|dd40eacc-f152-4ae9-bd66-e10bd186c94d
2026-03-25 18:32:05|gpt|web_search|10|QUESTION|212|2267|dd40eacc-f152-4ae9-bd66-e10bd186c94d
2026-03-25 18:32:15|gpt|web_search|10|QUESTION_SENT||2267|dd40eacc-f152-4ae9-bd66-e10bd186c94d
2026-03-25 18:32:16|gpt|web_search|13|JSON_VERIFY_FAILED||2658|baa2397c-d707-493d-9799-9c10dd8dcf96
2026-03-25 18:32:16|gpt|web_search|13|QUESTION|217|2658|baa2397c-d707-493d-9799-9c10dd8dcf96
2026-03-25 18:32:26|gpt|web_search|13|QUESTION_SENT||2658|baa2397c-d707-493d-9799-9c10dd8dcf96
2026-03-25 18:32:41|gpt|web_search|10|JSON_VERIFIED||2267|dd40eacc-f152-4ae9-bd66-e10bd186c94d
2026-03-25 18:32:41|gpt|web_search|10|QUESTION|213|2267|dd40eacc-f152-4ae9-bd66-e10bd186c94d
2026-03-25 18:32:41|gpt|web_search|10|JSON_SAVED||2267|dd40eacc-f152-4ae9-bd66-e10bd186c94d
2026-03-25 18:32:41|gpt|web_search|10|QUESTION_ADVANCE||2268|b8fe9d4c-c202-4a8d-b03d-b2ea63dfcf81
2026-03-25 18:33:22|gpt|web_search|11|QUESTION_SENT||2492|759437e6-34bf-42f3-8ad1-893b6448ad76
2026-03-25 18:33:38|gpt|web_search|10|QUESTION_SENT||2268|b8fe9d4c-c202-4a8d-b03d-b2ea63dfcf81
2026-03-25 18:33:47|gpt|web_search|13|QUESTION_SENT||2658|baa2397c-d707-493d-9799-9c10dd8dcf96
2026-03-25 18:33:59|gpt|web_search|11|JSON_VERIFIED||2492|759437e6-34bf-42f3-8ad1-893b6448ad76
2026-03-25 18:33:59|gpt|web_search|11|QUESTION|235|2492|759437e6-34bf-42f3-8ad1-893b6448ad76
2026-03-25 18:33:59|gpt|web_search|11|JSON_SAVED||2492|759437e6-34bf-42f3-8ad1-893b6448ad76
2026-03-25 18:33:59|gpt|web_search|11|QUESTION_ADVANCE||2493|fc74b814-15b7-4beb-abd4-eb456937d9c5
2026-03-25 18:34:19|gpt|web_search|13|JSON_VERIFIED||2658|baa2397c-d707-493d-9799-9c10dd8dcf96
2026-03-25 18:34:19|gpt|web_search|13|QUESTION|218|2658|baa2397c-d707-493d-9799-9c10dd8dcf96
2026-03-25 18:34:19|gpt|web_search|13|JSON_SAVED||2658|baa2397c-d707-493d-9799-9c10dd8dcf96
2026-03-25 18:34:19|gpt|web_search|13|QUESTION_ADVANCE||2659|a327b65d-0890-46e1-aa29-84b7928c2548
2026-03-25 18:34:35|gpt|web_search|10|JSON_VERIFIED||2268|b8fe9d4c-c202-4a8d-b03d-b2ea63dfcf81
2026-03-25 18:34:35|gpt|web_search|10|QUESTION|214|2268|b8fe9d4c-c202-4a8d-b03d-b2ea63dfcf81
2026-03-25 18:34:35|gpt|web_search|10|JSON_SAVED||2268|b8fe9d4c-c202-4a8d-b03d-b2ea63dfcf81
2026-03-25 18:34:35|gpt|web_search|10|QUESTION_ADVANCE||2269|d0ce1a86-4939-4cb0-88e7-a8d1933390c4
2026-03-25 18:34:40|gpt|web_search|11|QUESTION_SENT||2493|fc74b814-15b7-4beb-abd4-eb456937d9c5
2026-03-25 18:35:00|gpt|web_search|10|QUESTION_SENT||2269|d0ce1a86-4939-4cb0-88e7-a8d1933390c4
2026-03-25 18:35:08|gpt|web_search|13|QUESTION_SENT||2659|a327b65d-0890-46e1-aa29-84b7928c2548
2026-03-25 18:35:15|gpt|web_search|11|JSON_VERIFIED||2493|fc74b814-15b7-4beb-abd4-eb456937d9c5
2026-03-25 18:35:15|gpt|web_search|11|QUESTION|236|2493|fc74b814-15b7-4beb-abd4-eb456937d9c5
2026-03-25 18:35:15|gpt|web_search|11|JSON_SAVED||2493|fc74b814-15b7-4beb-abd4-eb456937d9c5
2026-03-25 18:35:15|gpt|web_search|11|QUESTION_ADVANCE||2494|71a61bed-5ea3-4dae-8ce2-b830f93fee67
2026-03-25 18:35:37|gpt|web_search|10|JSON_VERIFIED||2269|d0ce1a86-4939-4cb0-88e7-a8d1933390c4
2026-03-25 18:35:37|gpt|web_search|10|QUESTION|215|2269|d0ce1a86-4939-4cb0-88e7-a8d1933390c4
2026-03-25 18:35:37|gpt|web_search|10|JSON_SAVED||2269|d0ce1a86-4939-4cb0-88e7-a8d1933390c4
2026-03-25 18:35:37|gpt|web_search|10|QUESTION_ADVANCE||2270|78b75282-ab9b-4050-ba7b-0b5d290ccf11
2026-03-25 18:35:56|gpt|web_search|13|JSON_VERIFIED||2659|a327b65d-0890-46e1-aa29-84b7928c2548
2026-03-25 18:35:56|gpt|web_search|13|QUESTION|219|2659|a327b65d-0890-46e1-aa29-84b7928c2548
2026-03-25 18:35:56|gpt|web_search|13|JSON_SAVED||2659|a327b65d-0890-46e1-aa29-84b7928c2548
2026-03-25 18:35:56|gpt|web_search|13|QUESTION_ADVANCE||2660|b5e65b1f-3de8-42ae-8e4b-0d01930dd055
2026-03-25 18:35:57|gpt|web_search|11|QUESTION_SENT||2494|71a61bed-5ea3-4dae-8ce2-b830f93fee67
2026-03-25 18:36:22|gpt|web_search|13|QUESTION_SENT||2660|b5e65b1f-3de8-42ae-8e4b-0d01930dd055
2026-03-25 18:36:24|gpt|web_search|10|QUESTION_SENT||2270|78b75282-ab9b-4050-ba7b-0b5d290ccf11
2026-03-25 18:36:31|gpt|web_search|11|JSON_VERIFIED||2494|71a61bed-5ea3-4dae-8ce2-b830f93fee67
2026-03-25 18:36:31|gpt|web_search|11|QUESTION|237|2494|71a61bed-5ea3-4dae-8ce2-b830f93fee67
2026-03-25 18:36:31|gpt|web_search|11|JSON_SAVED||2494|71a61bed-5ea3-4dae-8ce2-b830f93fee67
2026-03-25 18:36:31|gpt|web_search|11|QUESTION_ADVANCE||2495|5b029c67-989f-47fa-800b-a1bd047398f1
2026-03-25 18:36:57|gpt|web_search|13|JSON_VERIFIED||2660|b5e65b1f-3de8-42ae-8e4b-0d01930dd055
2026-03-25 18:36:57|gpt|web_search|13|QUESTION|220|2660|b5e65b1f-3de8-42ae-8e4b-0d01930dd055
2026-03-25 18:36:57|gpt|web_search|13|JSON_SAVED||2660|b5e65b1f-3de8-42ae-8e4b-0d01930dd055
2026-03-25 18:36:57|gpt|web_search|13|QUESTION_ADVANCE||2661|7063280f-8260-449d-a409-25922c3a35d3
2026-03-25 18:37:06|gpt|web_search|10|JSON_VERIFIED||2270|78b75282-ab9b-4050-ba7b-0b5d290ccf11
2026-03-25 18:37:06|gpt|web_search|10|QUESTION|216|2270|78b75282-ab9b-4050-ba7b-0b5d290ccf11
2026-03-25 18:37:06|gpt|web_search|10|JSON_SAVED||2270|78b75282-ab9b-4050-ba7b-0b5d290ccf11
2026-03-25 18:37:06|gpt|web_search|10|QUESTION_ADVANCE||2271|e85bf6dd-d7ba-4081-803e-0400cf85a384
2026-03-25 18:37:15|gpt|web_search|11|QUESTION_SENT||2495|5b029c67-989f-47fa-800b-a1bd047398f1
2026-03-25 18:37:43|gpt|web_search|13|QUESTION_SENT||2661|7063280f-8260-449d-a409-25922c3a35d3
2026-03-25 18:37:47|gpt|web_search|10|QUESTION_SENT||2271|e85bf6dd-d7ba-4081-803e-0400cf85a384
2026-03-25 18:37:52|gpt|web_search|11|JSON_VERIFIED||2495|5b029c67-989f-47fa-800b-a1bd047398f1
2026-03-25 18:37:52|gpt|web_search|11|QUESTION|238|2495|5b029c67-989f-47fa-800b-a1bd047398f1
2026-03-25 18:37:52|gpt|web_search|11|JSON_SAVED||2495|5b029c67-989f-47fa-800b-a1bd047398f1
2026-03-25 18:37:52|gpt|web_search|11|QUESTION_ADVANCE||2496|aa36a990-4ad5-4078-96dd-831d201036a1
2026-03-25 18:38:18|gpt|web_search|13|JSON_VERIFIED||2661|7063280f-8260-449d-a409-25922c3a35d3
2026-03-25 18:38:18|gpt|web_search|13|QUESTION|221|2661|7063280f-8260-449d-a409-25922c3a35d3
2026-03-25 18:38:18|gpt|web_search|13|JSON_SAVED||2661|7063280f-8260-449d-a409-25922c3a35d3
2026-03-25 18:38:18|gpt|web_search|13|QUESTION_ADVANCE||2662|5d9370c8-3c3c-4623-9b96-3aaef75b5f0f
2026-03-25 18:38:22|gpt|web_search|10|JSON_VERIFIED||2271|e85bf6dd-d7ba-4081-803e-0400cf85a384
2026-03-25 18:38:22|gpt|web_search|10|QUESTION|217|2271|e85bf6dd-d7ba-4081-803e-0400cf85a384
2026-03-25 18:38:22|gpt|web_search|10|JSON_SAVED||2271|e85bf6dd-d7ba-4081-803e-0400cf85a384
2026-03-25 18:38:22|gpt|web_search|10|QUESTION_ADVANCE||2272|fef1a25d-fdf6-4716-8f99-69d7bf6720b1
2026-03-25 18:38:33|gpt|web_search|11|QUESTION_SENT||2496|aa36a990-4ad5-4078-96dd-831d201036a1
2026-03-25 18:39:03|gpt|web_search|13|QUESTION_SENT||2662|5d9370c8-3c3c-4623-9b96-3aaef75b5f0f
2026-03-25 18:39:09|gpt|web_search|10|QUESTION_SENT||2272|fef1a25d-fdf6-4716-8f99-69d7bf6720b1
2026-03-25 18:39:19|gpt|web_search|11|JSON_VERIFIED||2496|aa36a990-4ad5-4078-96dd-831d201036a1
2026-03-25 18:39:19|gpt|web_search|11|QUESTION|239|2496|aa36a990-4ad5-4078-96dd-831d201036a1
2026-03-25 18:39:19|gpt|web_search|11|JSON_SAVED||2496|aa36a990-4ad5-4078-96dd-831d201036a1
2026-03-25 18:39:19|gpt|web_search|11|QUESTION_ADVANCE||2497|9b3b2522-9b06-485c-a57a-1496790fd1ca
2026-03-25 18:39:43|gpt|web_search|13|JSON_VERIFIED||2662|5d9370c8-3c3c-4623-9b96-3aaef75b5f0f
2026-03-25 18:39:43|gpt|web_search|13|QUESTION|222|2662|5d9370c8-3c3c-4623-9b96-3aaef75b5f0f
2026-03-25 18:39:43|gpt|web_search|13|JSON_SAVED||2662|5d9370c8-3c3c-4623-9b96-3aaef75b5f0f
2026-03-25 18:39:43|gpt|web_search|13|QUESTION_ADVANCE||2663|0a2235d6-9f68-4810-95c3-cef12065e0cd
2026-03-25 18:39:45|gpt|web_search|11|QUESTION_SENT||2497|9b3b2522-9b06-485c-a57a-1496790fd1ca
2026-03-25 18:39:49|gpt|web_search|10|JSON_VERIFIED||2272|fef1a25d-fdf6-4716-8f99-69d7bf6720b1
2026-03-25 18:39:49|gpt|web_search|10|QUESTION|218|2272|fef1a25d-fdf6-4716-8f99-69d7bf6720b1
2026-03-25 18:39:49|gpt|web_search|10|JSON_SAVED||2272|fef1a25d-fdf6-4716-8f99-69d7bf6720b1
2026-03-25 18:39:49|gpt|web_search|10|QUESTION_ADVANCE||2273|7b26f7e7-e14a-46da-9abc-b160bc9520df
2026-03-25 18:40:20|gpt|web_search|11|JSON_VERIFIED||2497|9b3b2522-9b06-485c-a57a-1496790fd1ca
2026-03-25 18:40:20|gpt|web_search|11|QUESTION|240|2497|9b3b2522-9b06-485c-a57a-1496790fd1ca
2026-03-25 18:40:20|gpt|web_search|11|JSON_SAVED||2497|9b3b2522-9b06-485c-a57a-1496790fd1ca
2026-03-25 18:40:20|gpt|web_search|11|QUESTION_ADVANCE||2498|706bb263-7711-46e6-89eb-1a4cd902b44f
2026-03-25 18:40:24|gpt|web_search|13|QUESTION_SENT||2663|0a2235d6-9f68-4810-95c3-cef12065e0cd
2026-03-25 18:40:32|gpt|web_search|10|QUESTION_SENT||2273|7b26f7e7-e14a-46da-9abc-b160bc9520df
2026-03-25 18:40:58|gpt|web_search|13|JSON_VERIFY_FAILED||2663|0a2235d6-9f68-4810-95c3-cef12065e0cd
2026-03-25 18:40:58|gpt|web_search|13|QUESTION|223|2663|0a2235d6-9f68-4810-95c3-cef12065e0cd
2026-03-25 18:41:02|gpt|web_search|11|QUESTION_SENT||2498|706bb263-7711-46e6-89eb-1a4cd902b44f
2026-03-25 18:41:21|gpt|web_search|10|JSON_VERIFIED||2273|7b26f7e7-e14a-46da-9abc-b160bc9520df
2026-03-25 18:41:21|gpt|web_search|10|QUESTION|219|2273|7b26f7e7-e14a-46da-9abc-b160bc9520df
2026-03-25 18:41:21|gpt|web_search|10|JSON_SAVED||2273|7b26f7e7-e14a-46da-9abc-b160bc9520df
2026-03-25 18:41:21|gpt|web_search|10|QUESTION_ADVANCE||2274|63289555-b62d-4506-80b5-2de77b383928
2026-03-25 18:41:36|gpt|web_search|11|JSON_VERIFIED||2498|706bb263-7711-46e6-89eb-1a4cd902b44f
2026-03-25 18:41:36|gpt|web_search|11|QUESTION|241|2498|706bb263-7711-46e6-89eb-1a4cd902b44f
2026-03-25 18:41:36|gpt|web_search|11|JSON_SAVED||2498|706bb263-7711-46e6-89eb-1a4cd902b44f
2026-03-25 18:41:36|gpt|web_search|11|QUESTION_ADVANCE||2499|92353202-f14f-4375-9197-570fd84de213
2026-03-25 18:41:45|gpt|web_search|13|QUESTION_SENT||2663|0a2235d6-9f68-4810-95c3-cef12065e0cd
2026-03-25 18:41:46|gpt|web_search|10|QUESTION_SENT||2274|63289555-b62d-4506-80b5-2de77b383928
2026-03-25 18:42:20|gpt|web_search|11|QUESTION_SENT||2499|92353202-f14f-4375-9197-570fd84de213
2026-03-25 18:42:21|gpt|web_search|13|JSON_VERIFIED||2663|0a2235d6-9f68-4810-95c3-cef12065e0cd
2026-03-25 18:42:21|gpt|web_search|13|QUESTION|224|2663|0a2235d6-9f68-4810-95c3-cef12065e0cd
2026-03-25 18:42:21|gpt|web_search|13|JSON_SAVED||2663|0a2235d6-9f68-4810-95c3-cef12065e0cd
2026-03-25 18:42:21|gpt|web_search|13|QUESTION_ADVANCE||2664|d098cb0f-90f1-45fa-8979-29c97a4418a0
2026-03-25 18:42:45|gpt|web_search|10|JSON_VERIFIED||2274|63289555-b62d-4506-80b5-2de77b383928
2026-03-25 18:42:45|gpt|web_search|10|QUESTION|220|2274|63289555-b62d-4506-80b5-2de77b383928
2026-03-25 18:42:45|gpt|web_search|10|JSON_SAVED||2274|63289555-b62d-4506-80b5-2de77b383928
2026-03-25 18:42:45|gpt|web_search|10|QUESTION_ADVANCE||2275|1ce58ef9-c6ce-4954-bf41-a729a9a0f0bd
2026-03-25 18:42:51|gpt|web_search|11|JSON_VERIFY_FAILED||2499|92353202-f14f-4375-9197-570fd84de213
2026-03-25 18:42:51|gpt|web_search|11|QUESTION|242|2499|92353202-f14f-4375-9197-570fd84de213
2026-03-25 18:43:01|gpt|web_search|11|QUESTION_SENT||2499|92353202-f14f-4375-9197-570fd84de213
2026-03-25 18:43:06|gpt|web_search|13|QUESTION_SENT||2664|d098cb0f-90f1-45fa-8979-29c97a4418a0
2026-03-25 18:43:10|gpt|web_search|10|QUESTION_SENT||2275|1ce58ef9-c6ce-4954-bf41-a729a9a0f0bd
2026-03-25 18:43:27|gpt|web_search|11|JSON_VERIFIED||2499|92353202-f14f-4375-9197-570fd84de213
2026-03-25 18:43:27|gpt|web_search|11|QUESTION|243|2499|92353202-f14f-4375-9197-570fd84de213
2026-03-25 18:43:27|gpt|web_search|11|JSON_SAVED||2499|92353202-f14f-4375-9197-570fd84de213
2026-03-25 18:43:27|gpt|web_search|11|QUESTION_ADVANCE||2500|d63c0466-56f2-4d28-b5ba-b37f11c6cd4b
2026-03-25 18:43:46|gpt|web_search|13|JSON_VERIFIED||2664|d098cb0f-90f1-45fa-8979-29c97a4418a0
2026-03-25 18:43:46|gpt|web_search|13|QUESTION|225|2664|d098cb0f-90f1-45fa-8979-29c97a4418a0
2026-03-25 18:43:46|gpt|web_search|13|JSON_SAVED||2664|d098cb0f-90f1-45fa-8979-29c97a4418a0
2026-03-25 18:43:46|gpt|web_search|13|QUESTION_ADVANCE||2665|47d2833e-6f46-425e-acd5-ea2879025a81
2026-03-25 18:44:04|gpt|web_search|10|JSON_VERIFIED||2275|1ce58ef9-c6ce-4954-bf41-a729a9a0f0bd
2026-03-25 18:44:04|gpt|web_search|10|QUESTION|221|2275|1ce58ef9-c6ce-4954-bf41-a729a9a0f0bd
2026-03-25 18:44:04|gpt|web_search|10|JSON_SAVED||2275|1ce58ef9-c6ce-4954-bf41-a729a9a0f0bd
2026-03-25 18:44:04|gpt|web_search|10|QUESTION_ADVANCE||2276|262c0b2c-f90a-43d1-89b6-cee1ae603698
2026-03-25 18:44:19|gpt|web_search|11|QUESTION_SENT||2500|d63c0466-56f2-4d28-b5ba-b37f11c6cd4b
2026-03-25 18:44:27|gpt|web_search|13|QUESTION_SENT||2665|47d2833e-6f46-425e-acd5-ea2879025a81
2026-03-25 18:44:50|gpt|web_search|10|QUESTION_SENT||2276|262c0b2c-f90a-43d1-89b6-cee1ae603698
2026-03-25 18:44:55|gpt|web_search|11|JSON_VERIFIED||2500|d63c0466-56f2-4d28-b5ba-b37f11c6cd4b
2026-03-25 18:44:55|gpt|web_search|11|QUESTION|244|2500|d63c0466-56f2-4d28-b5ba-b37f11c6cd4b
2026-03-25 18:44:55|gpt|web_search|11|JSON_SAVED||2500|d63c0466-56f2-4d28-b5ba-b37f11c6cd4b
2026-03-25 18:44:56|gpt|web_search|11|STOP||2501|
2026-03-25 18:45:03|gpt|web_search|13|JSON_VERIFIED||2665|47d2833e-6f46-425e-acd5-ea2879025a81
2026-03-25 18:45:03|gpt|web_search|13|QUESTION|226|2665|47d2833e-6f46-425e-acd5-ea2879025a81
2026-03-25 18:45:03|gpt|web_search|13|JSON_SAVED||2665|47d2833e-6f46-425e-acd5-ea2879025a81
2026-03-25 18:45:03|gpt|web_search|13|QUESTION_ADVANCE||2666|deaa15fd-8f1b-44b7-b88d-898389e8d0a9
2026-03-25 18:45:30|gpt|web_search|10|JSON_VERIFIED||2276|262c0b2c-f90a-43d1-89b6-cee1ae603698
2026-03-25 18:45:30|gpt|web_search|10|QUESTION|222|2276|262c0b2c-f90a-43d1-89b6-cee1ae603698
2026-03-25 18:45:30|gpt|web_search|10|JSON_SAVED||2276|262c0b2c-f90a-43d1-89b6-cee1ae603698
2026-03-25 18:45:30|gpt|web_search|10|QUESTION_ADVANCE||2277|1889173d-93b1-4a9e-b795-3cb6c9e601e6
2026-03-25 18:45:48|gpt|web_search|13|QUESTION_SENT||2666|deaa15fd-8f1b-44b7-b88d-898389e8d0a9
2026-03-25 18:46:13|gpt|web_search|10|QUESTION_SENT||2277|1889173d-93b1-4a9e-b795-3cb6c9e601e6
2026-03-25 18:47:03|gpt|web_search|10|JSON_VERIFIED||2277|1889173d-93b1-4a9e-b795-3cb6c9e601e6
2026-03-25 18:47:03|gpt|web_search|10|QUESTION|223|2277|1889173d-93b1-4a9e-b795-3cb6c9e601e6
2026-03-25 18:47:03|gpt|web_search|10|JSON_SAVED||2277|1889173d-93b1-4a9e-b795-3cb6c9e601e6
2026-03-25 18:47:03|gpt|web_search|10|QUESTION_ADVANCE||2278|0cd7f2c3-7e20-4b94-8b2f-0a5ce15213ef
2026-03-25 18:47:09|gpt|web_search|13|QUESTION_SENT||2666|deaa15fd-8f1b-44b7-b88d-898389e8d0a9
2026-03-25 18:47:29|gpt|web_search|10|QUESTION_SENT||2278|0cd7f2c3-7e20-4b94-8b2f-0a5ce15213ef
2026-03-25 18:47:47|gpt|web_search|13|JSON_VERIFIED||2666|deaa15fd-8f1b-44b7-b88d-898389e8d0a9
2026-03-25 18:47:47|gpt|web_search|13|QUESTION|227|2666|deaa15fd-8f1b-44b7-b88d-898389e8d0a9
2026-03-25 18:47:47|gpt|web_search|13|JSON_SAVED||2666|deaa15fd-8f1b-44b7-b88d-898389e8d0a9
2026-03-25 18:47:47|gpt|web_search|13|QUESTION_ADVANCE||2667|a6ed05f5-2f3e-445c-968b-9f88b6bfe40a
2026-03-25 18:48:30|gpt|web_search|13|QUESTION_SENT||2667|a6ed05f5-2f3e-445c-968b-9f88b6bfe40a
2026-03-25 18:48:52|gpt|web_search|10|QUESTION_SENT||2278|0cd7f2c3-7e20-4b94-8b2f-0a5ce15213ef
2026-03-25 18:49:08|gpt|web_search|13|JSON_VERIFIED||2667|a6ed05f5-2f3e-445c-968b-9f88b6bfe40a
2026-03-25 18:49:08|gpt|web_search|13|QUESTION|228|2667|a6ed05f5-2f3e-445c-968b-9f88b6bfe40a
2026-03-25 18:49:08|gpt|web_search|13|JSON_SAVED||2667|a6ed05f5-2f3e-445c-968b-9f88b6bfe40a
2026-03-25 18:49:08|gpt|web_search|13|QUESTION_ADVANCE||2668|df984ce9-4ce3-401e-91a3-9dc13fcdc604
2026-03-25 18:49:33|gpt|web_search|10|JSON_VERIFIED||2278|0cd7f2c3-7e20-4b94-8b2f-0a5ce15213ef
2026-03-25 18:49:33|gpt|web_search|10|QUESTION|224|2278|0cd7f2c3-7e20-4b94-8b2f-0a5ce15213ef
2026-03-25 18:49:33|gpt|web_search|10|JSON_SAVED||2278|0cd7f2c3-7e20-4b94-8b2f-0a5ce15213ef
2026-03-25 18:49:33|gpt|web_search|10|QUESTION_ADVANCE||2279|a001ea87-033e-408e-b436-802c214951cb
2026-03-25 18:49:51|gpt|web_search|13|QUESTION_SENT||2668|df984ce9-4ce3-401e-91a3-9dc13fcdc604
2026-03-25 18:50:15|gpt|web_search|10|QUESTION_SENT||2279|a001ea87-033e-408e-b436-802c214951cb
2026-03-25 18:50:31|gpt|web_search|13|JSON_VERIFIED||2668|df984ce9-4ce3-401e-91a3-9dc13fcdc604
2026-03-25 18:50:31|gpt|web_search|13|QUESTION|229|2668|df984ce9-4ce3-401e-91a3-9dc13fcdc604
2026-03-25 18:50:31|gpt|web_search|13|JSON_SAVED||2668|df984ce9-4ce3-401e-91a3-9dc13fcdc604
2026-03-25 18:50:31|gpt|web_search|13|QUESTION_ADVANCE||2669|a181562b-1e08-4b51-aacd-721375985b6e
2026-03-25 18:50:53|gpt|web_search|10|JSON_VERIFIED||2279|a001ea87-033e-408e-b436-802c214951cb
2026-03-25 18:50:53|gpt|web_search|10|QUESTION|225|2279|a001ea87-033e-408e-b436-802c214951cb
2026-03-25 18:50:53|gpt|web_search|10|JSON_SAVED||2279|a001ea87-033e-408e-b436-802c214951cb
2026-03-25 18:50:53|gpt|web_search|10|QUESTION_ADVANCE||2280|18710d4c-51e4-4667-9fed-97610151f374
2026-03-25 18:51:12|gpt|web_search|13|QUESTION_SENT||2669|a181562b-1e08-4b51-aacd-721375985b6e
2026-03-25 18:51:38|gpt|web_search|10|QUESTION_SENT||2280|18710d4c-51e4-4667-9fed-97610151f374
2026-03-25 18:51:46|gpt|web_search|13|JSON_VERIFIED||2669|a181562b-1e08-4b51-aacd-721375985b6e
2026-03-25 18:51:46|gpt|web_search|13|QUESTION|230|2669|a181562b-1e08-4b51-aacd-721375985b6e
2026-03-25 18:51:46|gpt|web_search|13|JSON_SAVED||2669|a181562b-1e08-4b51-aacd-721375985b6e
2026-03-25 18:51:46|gpt|web_search|13|QUESTION_ADVANCE||2670|27b5938f-6cff-4b1d-ab1e-4e7ab6e25258
2026-03-25 18:52:15|gpt|web_search|10|JSON_VERIFIED||2280|18710d4c-51e4-4667-9fed-97610151f374
2026-03-25 18:52:15|gpt|web_search|10|QUESTION|226|2280|18710d4c-51e4-4667-9fed-97610151f374
2026-03-25 18:52:15|gpt|web_search|10|JSON_SAVED||2280|18710d4c-51e4-4667-9fed-97610151f374
2026-03-25 18:52:15|gpt|web_search|10|QUESTION_ADVANCE||2281|29cc2191-2027-4c75-9515-270334a6dc88
2026-03-25 18:52:33|gpt|web_search|13|QUESTION_SENT||2670|27b5938f-6cff-4b1d-ab1e-4e7ab6e25258
2026-03-25 18:53:01|gpt|web_search|10|QUESTION_SENT||2281|29cc2191-2027-4c75-9515-270334a6dc88
2026-03-25 18:53:10|gpt|web_search|13|JSON_VERIFIED||2670|27b5938f-6cff-4b1d-ab1e-4e7ab6e25258
2026-03-25 18:53:10|gpt|web_search|13|QUESTION|231|2670|27b5938f-6cff-4b1d-ab1e-4e7ab6e25258
2026-03-25 18:53:10|gpt|web_search|13|JSON_SAVED||2670|27b5938f-6cff-4b1d-ab1e-4e7ab6e25258
2026-03-25 18:53:10|gpt|web_search|13|QUESTION_ADVANCE||2671|d0c20f95-9344-4606-ac66-275374d05196
2026-03-25 18:53:39|gpt|web_search|10|JSON_VERIFIED||2281|29cc2191-2027-4c75-9515-270334a6dc88
2026-03-25 18:53:39|gpt|web_search|10|QUESTION|227|2281|29cc2191-2027-4c75-9515-270334a6dc88
2026-03-25 18:53:39|gpt|web_search|10|JSON_SAVED||2281|29cc2191-2027-4c75-9515-270334a6dc88
2026-03-25 18:53:39|gpt|web_search|10|QUESTION_ADVANCE||2282|7b61d080-9357-40eb-993f-2a9b4b76c48b
2026-03-25 18:53:54|gpt|web_search|13|QUESTION_SENT||2671|d0c20f95-9344-4606-ac66-275374d05196
2026-03-25 18:54:24|gpt|web_search|10|QUESTION_SENT||2282|7b61d080-9357-40eb-993f-2a9b4b76c48b
2026-03-25 18:54:29|gpt|web_search|13|JSON_VERIFIED||2671|d0c20f95-9344-4606-ac66-275374d05196
2026-03-25 18:54:29|gpt|web_search|13|QUESTION|232|2671|d0c20f95-9344-4606-ac66-275374d05196
2026-03-25 18:54:29|gpt|web_search|13|JSON_SAVED||2671|d0c20f95-9344-4606-ac66-275374d05196
2026-03-25 18:54:29|gpt|web_search|13|QUESTION_ADVANCE||2672|31575335-83c2-43a2-9766-e5b673bb0bce
2026-03-25 18:55:15|gpt|web_search|13|QUESTION_SENT||2672|31575335-83c2-43a2-9766-e5b673bb0bce
2026-03-25 18:55:29|gpt|web_search|10|JSON_VERIFY_FAILED||2282|7b61d080-9357-40eb-993f-2a9b4b76c48b
2026-03-25 18:55:29|gpt|web_search|10|QUESTION|228|2282|7b61d080-9357-40eb-993f-2a9b4b76c48b
2026-03-25 18:55:39|gpt|web_search|10|QUESTION_SENT||2282|7b61d080-9357-40eb-993f-2a9b4b76c48b
2026-03-25 18:56:05|gpt|web_search|10|JSON_VERIFIED||2282|7b61d080-9357-40eb-993f-2a9b4b76c48b
2026-03-25 18:56:05|gpt|web_search|10|QUESTION|229|2282|7b61d080-9357-40eb-993f-2a9b4b76c48b
2026-03-25 18:56:05|gpt|web_search|10|JSON_SAVED||2282|7b61d080-9357-40eb-993f-2a9b4b76c48b
2026-03-25 18:56:05|gpt|web_search|10|QUESTION_ADVANCE||2283|c87d3e39-eef9-4194-b6d5-4ad0354263b1
2026-03-25 18:56:35|gpt|web_search|13|QUESTION_SENT||2672|31575335-83c2-43a2-9766-e5b673bb0bce
2026-03-25 18:57:02|gpt|web_search|10|QUESTION_SENT||2283|c87d3e39-eef9-4194-b6d5-4ad0354263b1
2026-03-25 18:57:09|gpt|web_search|13|JSON_VERIFY_FAILED||2672|31575335-83c2-43a2-9766-e5b673bb0bce
2026-03-25 18:57:09|gpt|web_search|13|QUESTION|233|2672|31575335-83c2-43a2-9766-e5b673bb0bce
2026-03-25 18:57:19|gpt|web_search|13|QUESTION_SENT||2672|31575335-83c2-43a2-9766-e5b673bb0bce
2026-03-25 18:57:46|gpt|web_search|13|JSON_VERIFIED||2672|31575335-83c2-43a2-9766-e5b673bb0bce
2026-03-25 18:57:46|gpt|web_search|13|QUESTION|234|2672|31575335-83c2-43a2-9766-e5b673bb0bce
2026-03-25 18:57:46|gpt|web_search|13|JSON_SAVED||2672|31575335-83c2-43a2-9766-e5b673bb0bce
2026-03-25 18:57:46|gpt|web_search|13|QUESTION_ADVANCE||2673|85490dce-b265-4b43-977c-0076eebb7fdd
2026-03-25 18:58:19|gpt|web_search|10|JSON_VERIFIED||2283|c87d3e39-eef9-4194-b6d5-4ad0354263b1
2026-03-25 18:58:19|gpt|web_search|10|QUESTION|230|2283|c87d3e39-eef9-4194-b6d5-4ad0354263b1
2026-03-25 18:58:19|gpt|web_search|10|JSON_SAVED||2283|c87d3e39-eef9-4194-b6d5-4ad0354263b1
2026-03-25 18:58:19|gpt|web_search|10|QUESTION_ADVANCE||2284|15b606bd-6e1a-46c6-933f-52313c437fb1
2026-03-25 18:58:40|gpt|web_search|13|QUESTION_SENT||2673|85490dce-b265-4b43-977c-0076eebb7fdd
2026-03-25 18:58:45|gpt|web_search|10|QUESTION_SENT||2284|15b606bd-6e1a-46c6-933f-52313c437fb1
2026-03-25 18:59:16|gpt|web_search|13|JSON_VERIFIED||2673|85490dce-b265-4b43-977c-0076eebb7fdd
2026-03-25 18:59:16|gpt|web_search|13|QUESTION|235|2673|85490dce-b265-4b43-977c-0076eebb7fdd
2026-03-25 18:59:16|gpt|web_search|13|JSON_SAVED||2673|85490dce-b265-4b43-977c-0076eebb7fdd
2026-03-25 18:59:16|gpt|web_search|13|QUESTION_ADVANCE||2674|8d627ff9-fd20-45b0-9557-0db65d1be16a
2026-03-25 18:59:54|gpt|web_search|10|JSON_VERIFIED||2284|15b606bd-6e1a-46c6-933f-52313c437fb1
2026-03-25 18:59:54|gpt|web_search|10|QUESTION|231|2284|15b606bd-6e1a-46c6-933f-52313c437fb1
2026-03-25 18:59:54|gpt|web_search|10|JSON_SAVED||2284|15b606bd-6e1a-46c6-933f-52313c437fb1
2026-03-25 18:59:54|gpt|web_search|10|QUESTION_ADVANCE||2285|24019d31-689e-482a-bfcb-abc7e0a2e654
2026-03-25 19:00:01|gpt|web_search|13|QUESTION_SENT||2674|8d627ff9-fd20-45b0-9557-0db65d1be16a
2026-03-25 19:00:20|gpt|web_search|10|QUESTION_SENT||2285|24019d31-689e-482a-bfcb-abc7e0a2e654
2026-03-25 19:00:39|gpt|web_search|13|JSON_VERIFIED||2674|8d627ff9-fd20-45b0-9557-0db65d1be16a
2026-03-25 19:00:39|gpt|web_search|13|QUESTION|236|2674|8d627ff9-fd20-45b0-9557-0db65d1be16a
2026-03-25 19:00:39|gpt|web_search|13|JSON_SAVED||2674|8d627ff9-fd20-45b0-9557-0db65d1be16a
2026-03-25 19:00:39|gpt|web_search|13|QUESTION_ADVANCE||2675|03ead298-141c-4c0f-916d-770477a66679
2026-03-25 19:01:22|gpt|web_search|13|QUESTION_SENT||2675|03ead298-141c-4c0f-916d-770477a66679
2026-03-25 19:01:27|gpt|web_search|10|JSON_VERIFY_FAILED||2285|24019d31-689e-482a-bfcb-abc7e0a2e654
2026-03-25 19:01:27|gpt|web_search|10|QUESTION|232|2285|24019d31-689e-482a-bfcb-abc7e0a2e654
2026-03-25 19:01:36|gpt|web_search|10|QUESTION_SENT||2285|24019d31-689e-482a-bfcb-abc7e0a2e654
2026-03-25 19:02:08|gpt|web_search|13|JSON_VERIFY_FAILED||2675|03ead298-141c-4c0f-916d-770477a66679
2026-03-25 19:02:08|gpt|web_search|13|QUESTION|237|2675|03ead298-141c-4c0f-916d-770477a66679
2026-03-25 19:02:17|gpt|web_search|13|QUESTION_SENT||2675|03ead298-141c-4c0f-916d-770477a66679
2026-03-25 19:02:21|gpt|web_search|10|JSON_VERIFIED||2285|24019d31-689e-482a-bfcb-abc7e0a2e654
2026-03-25 19:02:21|gpt|web_search|10|QUESTION|233|2285|24019d31-689e-482a-bfcb-abc7e0a2e654
2026-03-25 19:02:21|gpt|web_search|10|JSON_SAVED||2285|24019d31-689e-482a-bfcb-abc7e0a2e654
2026-03-25 19:02:21|gpt|web_search|10|QUESTION_ADVANCE||2286|3f7888b4-6252-4b43-a939-206f010d5092
2026-03-25 19:02:44|gpt|web_search|13|JSON_VERIFIED||2675|03ead298-141c-4c0f-916d-770477a66679
2026-03-25 19:02:44|gpt|web_search|13|QUESTION|238|2675|03ead298-141c-4c0f-916d-770477a66679
2026-03-25 19:02:44|gpt|web_search|13|JSON_SAVED||2675|03ead298-141c-4c0f-916d-770477a66679
2026-03-25 19:02:44|gpt|web_search|13|QUESTION_ADVANCE||2676|4c7c2003-0eda-4883-a89c-6d5a4252abd6
2026-03-25 19:03:00|gpt|web_search|10|QUESTION_SENT||2286|3f7888b4-6252-4b43-a939-206f010d5092
2026-03-25 19:03:38|gpt|web_search|13|QUESTION_SENT||2676|4c7c2003-0eda-4883-a89c-6d5a4252abd6
2026-03-25 19:03:55|gpt|web_search|10|JSON_VERIFIED||2286|3f7888b4-6252-4b43-a939-206f010d5092
2026-03-25 19:03:55|gpt|web_search|10|QUESTION|234|2286|3f7888b4-6252-4b43-a939-206f010d5092
2026-03-25 19:03:55|gpt|web_search|10|JSON_SAVED||2286|3f7888b4-6252-4b43-a939-206f010d5092
2026-03-25 19:03:55|gpt|web_search|10|QUESTION_ADVANCE||2287|a3f07afc-94c2-42a4-adef-5c9599c9e2a3
2026-03-25 19:04:11|gpt|web_search|13|JSON_VERIFIED||2676|4c7c2003-0eda-4883-a89c-6d5a4252abd6
2026-03-25 19:04:11|gpt|web_search|13|QUESTION|239|2676|4c7c2003-0eda-4883-a89c-6d5a4252abd6
2026-03-25 19:04:11|gpt|web_search|13|JSON_SAVED||2676|4c7c2003-0eda-4883-a89c-6d5a4252abd6
2026-03-25 19:04:11|gpt|web_search|13|QUESTION_ADVANCE||2677|ff60bd30-55a3-4939-85b7-3ac18857b0c8
2026-03-25 19:04:21|gpt|web_search|10|QUESTION_SENT||2287|a3f07afc-94c2-42a4-adef-5c9599c9e2a3
2026-03-25 19:04:59|gpt|web_search|13|QUESTION_SENT||2677|ff60bd30-55a3-4939-85b7-3ac18857b0c8
2026-03-25 19:05:06|gpt|web_search|10|JSON_VERIFIED||2287|a3f07afc-94c2-42a4-adef-5c9599c9e2a3
2026-03-25 19:05:06|gpt|web_search|10|QUESTION|235|2287|a3f07afc-94c2-42a4-adef-5c9599c9e2a3
2026-03-25 19:05:06|gpt|web_search|10|JSON_SAVED||2287|a3f07afc-94c2-42a4-adef-5c9599c9e2a3
2026-03-25 19:05:06|gpt|web_search|10|QUESTION_ADVANCE||2288|0fa05f96-fb4a-43de-a182-d6ce26b22d7c
2026-03-25 19:05:43|gpt|web_search|13|JSON_VERIFY_FAILED||2677|ff60bd30-55a3-4939-85b7-3ac18857b0c8
2026-03-25 19:05:43|gpt|web_search|13|QUESTION|240|2677|ff60bd30-55a3-4939-85b7-3ac18857b0c8
2026-03-25 19:05:44|gpt|web_search|10|QUESTION_SENT||2288|0fa05f96-fb4a-43de-a182-d6ce26b22d7c
2026-03-25 19:05:53|gpt|web_search|13|QUESTION_SENT||2677|ff60bd30-55a3-4939-85b7-3ac18857b0c8
2026-03-25 19:06:14|gpt|web_search|13|JSON_VERIFIED||2677|ff60bd30-55a3-4939-85b7-3ac18857b0c8
2026-03-25 19:06:14|gpt|web_search|13|QUESTION|241|2677|ff60bd30-55a3-4939-85b7-3ac18857b0c8
2026-03-25 19:06:14|gpt|web_search|13|JSON_SAVED||2677|ff60bd30-55a3-4939-85b7-3ac18857b0c8
2026-03-25 19:06:14|gpt|web_search|13|QUESTION_ADVANCE||2678|9b1094d6-6992-436e-a38c-555545ff535a
2026-03-25 19:06:31|gpt|web_search|10|JSON_VERIFIED||2288|0fa05f96-fb4a-43de-a182-d6ce26b22d7c
2026-03-25 19:06:31|gpt|web_search|10|QUESTION|236|2288|0fa05f96-fb4a-43de-a182-d6ce26b22d7c
2026-03-25 19:06:31|gpt|web_search|10|JSON_SAVED||2288|0fa05f96-fb4a-43de-a182-d6ce26b22d7c
2026-03-25 19:06:31|gpt|web_search|10|QUESTION_ADVANCE||2289|a6b0fb66-9abd-426f-a13a-3d9a56fca2f9
2026-03-25 19:06:56|gpt|web_search|10|QUESTION_SENT||2289|a6b0fb66-9abd-426f-a13a-3d9a56fca2f9
2026-03-25 19:07:14|gpt|web_search|13|QUESTION_SENT||2678|9b1094d6-6992-436e-a38c-555545ff535a
2026-03-25 19:07:45|gpt|web_search|13|JSON_VERIFY_FAILED||2678|9b1094d6-6992-436e-a38c-555545ff535a
2026-03-25 19:07:45|gpt|web_search|13|QUESTION|242|2678|9b1094d6-6992-436e-a38c-555545ff535a
2026-03-25 19:07:55|gpt|web_search|13|QUESTION_SENT||2678|9b1094d6-6992-436e-a38c-555545ff535a
2026-03-25 19:08:16|gpt|web_search|13|JSON_VERIFIED||2678|9b1094d6-6992-436e-a38c-555545ff535a
2026-03-25 19:08:16|gpt|web_search|13|QUESTION|243|2678|9b1094d6-6992-436e-a38c-555545ff535a
2026-03-25 19:08:16|gpt|web_search|13|JSON_SAVED||2678|9b1094d6-6992-436e-a38c-555545ff535a
2026-03-25 19:08:16|gpt|web_search|13|QUESTION_ADVANCE||2679|ca46ecc2-d32e-4fc7-893a-83eaf9ab6d57
2026-03-25 19:08:19|gpt|web_search|10|QUESTION_SENT||2289|a6b0fb66-9abd-426f-a13a-3d9a56fca2f9
2026-03-25 19:09:15|gpt|web_search|10|JSON_VERIFIED||2289|a6b0fb66-9abd-426f-a13a-3d9a56fca2f9
2026-03-25 19:09:15|gpt|web_search|10|QUESTION|237|2289|a6b0fb66-9abd-426f-a13a-3d9a56fca2f9
2026-03-25 19:09:15|gpt|web_search|10|JSON_SAVED||2289|a6b0fb66-9abd-426f-a13a-3d9a56fca2f9
2026-03-25 19:09:15|gpt|web_search|10|QUESTION_ADVANCE||2290|6de677ec-217f-4788-9275-5a3961f5752c
2026-03-25 19:09:16|gpt|web_search|13|QUESTION_SENT||2679|ca46ecc2-d32e-4fc7-893a-83eaf9ab6d57
2026-03-25 19:09:40|gpt|web_search|10|QUESTION_SENT||2290|6de677ec-217f-4788-9275-5a3961f5752c
2026-03-25 19:09:51|gpt|web_search|13|JSON_VERIFIED||2679|ca46ecc2-d32e-4fc7-893a-83eaf9ab6d57
2026-03-25 19:09:51|gpt|web_search|13|QUESTION|244|2679|ca46ecc2-d32e-4fc7-893a-83eaf9ab6d57
2026-03-25 19:09:51|gpt|web_search|13|JSON_SAVED||2679|ca46ecc2-d32e-4fc7-893a-83eaf9ab6d57
2026-03-25 19:09:51|gpt|web_search|13|QUESTION_ADVANCE||2680|47f2380d-7cc6-4a1e-a57f-eb01b81bb5fa
2026-03-25 19:10:27|gpt|web_search|10|JSON_VERIFIED||2290|6de677ec-217f-4788-9275-5a3961f5752c
2026-03-25 19:10:27|gpt|web_search|10|QUESTION|238|2290|6de677ec-217f-4788-9275-5a3961f5752c
2026-03-25 19:10:27|gpt|web_search|10|JSON_SAVED||2290|6de677ec-217f-4788-9275-5a3961f5752c
2026-03-25 19:10:28|gpt|web_search|10|STOP||2291|
2026-03-25 19:10:36|gpt|web_search|13|QUESTION_SENT||2680|47f2380d-7cc6-4a1e-a57f-eb01b81bb5fa
2026-03-25 19:11:12|gpt|web_search|13|JSON_VERIFIED||2680|47f2380d-7cc6-4a1e-a57f-eb01b81bb5fa
2026-03-25 19:11:12|gpt|web_search|13|QUESTION|245|2680|47f2380d-7cc6-4a1e-a57f-eb01b81bb5fa
2026-03-25 19:11:12|gpt|web_search|13|JSON_SAVED||2680|47f2380d-7cc6-4a1e-a57f-eb01b81bb5fa
2026-03-25 19:11:12|gpt|web_search|13|QUESTION_ADVANCE||2681|c435c776-a74f-47fe-9301-113409323a66
2026-03-25 19:11:57|gpt|web_search|13|QUESTION_SENT||2681|c435c776-a74f-47fe-9301-113409323a66
2026-03-25 19:12:30|gpt|web_search|13|JSON_VERIFIED||2681|c435c776-a74f-47fe-9301-113409323a66
2026-03-25 19:12:30|gpt|web_search|13|QUESTION|246|2681|c435c776-a74f-47fe-9301-113409323a66
2026-03-25 19:12:30|gpt|web_search|13|JSON_SAVED||2681|c435c776-a74f-47fe-9301-113409323a66
2026-03-25 19:12:30|gpt|web_search|13|QUESTION_ADVANCE||2682|43bb85c6-8b1c-47be-a9a8-4c1e2f1a187c
2026-03-25 19:13:18|gpt|web_search|13|QUESTION_SENT||2682|43bb85c6-8b1c-47be-a9a8-4c1e2f1a187c
2026-03-25 19:13:53|gpt|web_search|13|JSON_VERIFIED||2682|43bb85c6-8b1c-47be-a9a8-4c1e2f1a187c
2026-03-25 19:13:53|gpt|web_search|13|QUESTION|247|2682|43bb85c6-8b1c-47be-a9a8-4c1e2f1a187c
2026-03-25 19:13:53|gpt|web_search|13|JSON_SAVED||2682|43bb85c6-8b1c-47be-a9a8-4c1e2f1a187c
2026-03-25 19:13:53|gpt|web_search|13|QUESTION_ADVANCE||2683|32c2ae3e-91bb-4154-b3d2-593b829463a6
2026-03-25 19:14:39|gpt|web_search|13|QUESTION_SENT||2683|32c2ae3e-91bb-4154-b3d2-593b829463a6
2026-03-25 19:15:13|gpt|web_search|13|JSON_VERIFIED||2683|32c2ae3e-91bb-4154-b3d2-593b829463a6
2026-03-25 19:15:13|gpt|web_search|13|QUESTION|248|2683|32c2ae3e-91bb-4154-b3d2-593b829463a6
2026-03-25 19:15:13|gpt|web_search|13|JSON_SAVED||2683|32c2ae3e-91bb-4154-b3d2-593b829463a6
2026-03-25 19:15:13|gpt|web_search|13|QUESTION_ADVANCE||2684|dfa8421e-b460-4a92-8bc7-14e758382d86
2026-03-25 19:16:00|gpt|web_search|13|QUESTION_SENT||2684|dfa8421e-b460-4a92-8bc7-14e758382d86
2026-03-25 19:16:44|gpt|web_search|13|JSON_VERIFIED||2684|dfa8421e-b460-4a92-8bc7-14e758382d86
2026-03-25 19:16:44|gpt|web_search|13|QUESTION|249|2684|dfa8421e-b460-4a92-8bc7-14e758382d86
2026-03-25 19:16:44|gpt|web_search|13|JSON_SAVED||2684|dfa8421e-b460-4a92-8bc7-14e758382d86
2026-03-25 19:16:44|gpt|web_search|13|QUESTION_ADVANCE||2685|5bdf3b3d-7b84-4b1c-8f0a-d01425698bc1
2026-03-25 19:17:09|gpt|web_search|13|QUESTION_SENT||2685|5bdf3b3d-7b84-4b1c-8f0a-d01425698bc1
2026-03-25 19:17:49|gpt|web_search|13|JSON_VERIFIED||2685|5bdf3b3d-7b84-4b1c-8f0a-d01425698bc1
2026-03-25 19:17:49|gpt|web_search|13|QUESTION|250|2685|5bdf3b3d-7b84-4b1c-8f0a-d01425698bc1
2026-03-25 19:17:49|gpt|web_search|13|JSON_SAVED||2685|5bdf3b3d-7b84-4b1c-8f0a-d01425698bc1
2026-03-25 19:17:49|gpt|web_search|13|QUESTION_ADVANCE||2686|e263b2d1-1dad-494d-9085-1a618d90fea5
2026-03-25 19:17:49|gpt|web_search|13|LIMIT_EXHAUSTED|||
2026-03-25 19:17:50|gpt|web_search|13|STOP||2686|e263b2d1-1dad-494d-9085-1a618d90fea5
