timestamp|site|scenario|bot_id|event_type|attempt_number|global_index|question_uid
2026-04-04 09:16:28|gpt|web_search|10|RESTART||2983|a44f7b9f-7f4c-4774-ab47-8e774391e738
2026-04-04 09:17:08|gpt|web_search|11|RESTART||3133|528f49f4-7a8e-42f7-9504-6b2c75e3b65f
2026-04-04 09:17:59|gpt|web_search|10|QUESTION_SENT||2983|a44f7b9f-7f4c-4774-ab47-8e774391e738
2026-04-04 09:18:05|gpt|web_search|11|QUESTION_SENT||3133|528f49f4-7a8e-42f7-9504-6b2c75e3b65f
2026-04-04 09:18:06|gpt|web_search|12|RESTART||3401|1680b6b9-75c9-433c-8f26-7b63b62b796c
2026-04-04 09:18:34|gpt|web_search|10|JSON_VERIFIED||2983|a44f7b9f-7f4c-4774-ab47-8e774391e738
2026-04-04 09:18:34|gpt|web_search|10|QUESTION|1|2983|a44f7b9f-7f4c-4774-ab47-8e774391e738
2026-04-04 09:18:34|gpt|web_search|10|JSON_SAVED||2983|a44f7b9f-7f4c-4774-ab47-8e774391e738
2026-04-04 09:18:34|gpt|web_search|10|QUESTION_ADVANCE||2984|75330366-c780-44f5-a3be-b1d3e5024d75
2026-04-04 09:18:42|gpt|web_search|11|JSON_VERIFIED||3133|528f49f4-7a8e-42f7-9504-6b2c75e3b65f
2026-04-04 09:18:42|gpt|web_search|11|QUESTION|1|3133|528f49f4-7a8e-42f7-9504-6b2c75e3b65f
2026-04-04 09:18:42|gpt|web_search|11|JSON_SAVED||3133|528f49f4-7a8e-42f7-9504-6b2c75e3b65f
2026-04-04 09:18:42|gpt|web_search|11|QUESTION_ADVANCE||3134|5a2b5685-d4f7-4660-bc4f-84b9f21f8de0
2026-04-04 09:18:49|gpt|web_search|12|QUESTION_SENT||3401|1680b6b9-75c9-433c-8f26-7b63b62b796c
2026-04-04 09:18:53|gpt|web_search|13|RESTART||3286|c71b645b-260e-4a4b-9658-619b2f96912c
2026-04-04 09:21:34|gpt|web_search|10|QUESTION_SENT||2984|75330366-c780-44f5-a3be-b1d3e5024d75
2026-04-04 09:21:42|gpt|web_search|11|QUESTION_SENT||3134|5a2b5685-d4f7-4660-bc4f-84b9f21f8de0
2026-04-04 09:22:09|gpt|web_search|10|JSON_VERIFIED||2984|75330366-c780-44f5-a3be-b1d3e5024d75
2026-04-04 09:22:09|gpt|web_search|10|QUESTION|2|2984|75330366-c780-44f5-a3be-b1d3e5024d75
2026-04-04 09:22:09|gpt|web_search|10|JSON_SAVED||2984|75330366-c780-44f5-a3be-b1d3e5024d75
2026-04-04 09:22:09|gpt|web_search|10|QUESTION_ADVANCE||2985|3dc6e7cf-e121-4aa2-80a3-34976514418d
2026-04-04 09:22:19|gpt|web_search|11|JSON_VERIFIED||3134|5a2b5685-d4f7-4660-bc4f-84b9f21f8de0
2026-04-04 09:22:19|gpt|web_search|11|QUESTION|2|3134|5a2b5685-d4f7-4660-bc4f-84b9f21f8de0
2026-04-04 09:22:19|gpt|web_search|11|JSON_SAVED||3134|5a2b5685-d4f7-4660-bc4f-84b9f21f8de0
2026-04-04 09:22:19|gpt|web_search|11|QUESTION_ADVANCE||3135|7c7e4062-960b-479e-8e26-724fa47b6b4f
2026-04-04 09:22:42|gpt|web_search|12|QUESTION_SENT||3401|1680b6b9-75c9-433c-8f26-7b63b62b796c
2026-04-04 09:22:57|gpt|web_search|13|STOP||3286|c71b645b-260e-4a4b-9658-619b2f96912c
2026-04-04 09:23:07|gpt|web_search|13|RESTART||3286|c71b645b-260e-4a4b-9658-619b2f96912c
2026-04-04 09:23:17|gpt|web_search|12|JSON_VERIFIED||3401|1680b6b9-75c9-433c-8f26-7b63b62b796c
2026-04-04 09:23:17|gpt|web_search|12|QUESTION|1|3401|1680b6b9-75c9-433c-8f26-7b63b62b796c
2026-04-04 09:23:17|gpt|web_search|12|JSON_SAVED||3401|1680b6b9-75c9-433c-8f26-7b63b62b796c
2026-04-04 09:23:17|gpt|web_search|12|QUESTION_ADVANCE||3402|0a090004-f0ee-4c9a-b7e4-875be632e353
2026-04-04 09:23:53|gpt|web_search|13|QUESTION_SENT||3286|c71b645b-260e-4a4b-9658-619b2f96912c
2026-04-04 09:24:31|gpt|web_search|13|JSON_VERIFIED||3286|c71b645b-260e-4a4b-9658-619b2f96912c
2026-04-04 09:24:31|gpt|web_search|13|QUESTION|1|3286|c71b645b-260e-4a4b-9658-619b2f96912c
2026-04-04 09:24:31|gpt|web_search|13|JSON_SAVED||3286|c71b645b-260e-4a4b-9658-619b2f96912c
2026-04-04 09:24:31|gpt|web_search|13|QUESTION_ADVANCE||3287|7040cee2-a9b1-4a6a-8631-c0620ccaf3db
2026-04-04 09:25:09|gpt|web_search|10|QUESTION_SENT||2985|3dc6e7cf-e121-4aa2-80a3-34976514418d
2026-04-04 09:25:19|gpt|web_search|11|QUESTION_SENT||3135|7c7e4062-960b-479e-8e26-724fa47b6b4f
2026-04-04 09:25:43|gpt|web_search|10|JSON_VERIFIED||2985|3dc6e7cf-e121-4aa2-80a3-34976514418d
2026-04-04 09:25:43|gpt|web_search|10|QUESTION|3|2985|3dc6e7cf-e121-4aa2-80a3-34976514418d
2026-04-04 09:25:43|gpt|web_search|10|JSON_SAVED||2985|3dc6e7cf-e121-4aa2-80a3-34976514418d
2026-04-04 09:25:43|gpt|web_search|10|QUESTION_ADVANCE||2986|432f3e3a-7cca-40c1-a072-4ad7be6693a9
2026-04-04 09:25:57|gpt|web_search|11|JSON_VERIFIED||3135|7c7e4062-960b-479e-8e26-724fa47b6b4f
2026-04-04 09:25:57|gpt|web_search|11|QUESTION|3|3135|7c7e4062-960b-479e-8e26-724fa47b6b4f
2026-04-04 09:25:57|gpt|web_search|11|JSON_SAVED||3135|7c7e4062-960b-479e-8e26-724fa47b6b4f
2026-04-04 09:25:57|gpt|web_search|11|QUESTION_ADVANCE||3136|c56d5173-0cff-409c-8d98-682bc1060c03
2026-04-04 09:26:35|gpt|web_search|12|QUESTION_SENT||3402|0a090004-f0ee-4c9a-b7e4-875be632e353
2026-04-04 09:27:10|gpt|web_search|12|JSON_VERIFIED||3402|0a090004-f0ee-4c9a-b7e4-875be632e353
2026-04-04 09:27:10|gpt|web_search|12|QUESTION|2|3402|0a090004-f0ee-4c9a-b7e4-875be632e353
2026-04-04 09:27:10|gpt|web_search|12|JSON_SAVED||3402|0a090004-f0ee-4c9a-b7e4-875be632e353
2026-04-04 09:27:10|gpt|web_search|12|QUESTION_ADVANCE||3403|6e189850-a6fc-441a-995b-97e01a3f685f
2026-04-04 09:27:26|gpt|web_search|13|QUESTION_SENT||3287|7040cee2-a9b1-4a6a-8631-c0620ccaf3db
2026-04-04 09:27:57|gpt|web_search|13|JSON_VERIFIED||3287|7040cee2-a9b1-4a6a-8631-c0620ccaf3db
2026-04-04 09:27:57|gpt|web_search|13|QUESTION|2|3287|7040cee2-a9b1-4a6a-8631-c0620ccaf3db
2026-04-04 09:27:57|gpt|web_search|13|JSON_SAVED||3287|7040cee2-a9b1-4a6a-8631-c0620ccaf3db
2026-04-04 09:27:57|gpt|web_search|13|QUESTION_ADVANCE||3288|1e1ec4bb-793f-45ee-9760-757f5302c2c5
2026-04-04 09:28:56|gpt|web_search|11|QUESTION_SENT||3136|c56d5173-0cff-409c-8d98-682bc1060c03
2026-04-04 09:29:04|gpt|web_search|10|QUESTION_SENT||2986|432f3e3a-7cca-40c1-a072-4ad7be6693a9
2026-04-04 09:29:28|gpt|web_search|11|JSON_VERIFY_FAILED||3136|c56d5173-0cff-409c-8d98-682bc1060c03
2026-04-04 09:29:28|gpt|web_search|11|QUESTION|4|3136|c56d5173-0cff-409c-8d98-682bc1060c03
2026-04-04 09:29:38|gpt|web_search|11|QUESTION_SENT||3136|c56d5173-0cff-409c-8d98-682bc1060c03
2026-04-04 09:29:59|gpt|web_search|11|JSON_VERIFIED||3136|c56d5173-0cff-409c-8d98-682bc1060c03
2026-04-04 09:29:59|gpt|web_search|11|QUESTION|5|3136|c56d5173-0cff-409c-8d98-682bc1060c03
2026-04-04 09:29:59|gpt|web_search|11|JSON_SAVED||3136|c56d5173-0cff-409c-8d98-682bc1060c03
2026-04-04 09:29:59|gpt|web_search|11|QUESTION_ADVANCE||3137|283828ff-10c8-4322-a7fc-921e04f66ad2
2026-04-04 09:30:28|gpt|web_search|12|QUESTION_SENT||3403|6e189850-a6fc-441a-995b-97e01a3f685f
2026-04-04 09:30:59|gpt|web_search|13|QUESTION_SENT||3288|1e1ec4bb-793f-45ee-9760-757f5302c2c5
2026-04-04 09:31:03|gpt|web_search|12|JSON_VERIFIED||3403|6e189850-a6fc-441a-995b-97e01a3f685f
2026-04-04 09:31:03|gpt|web_search|12|QUESTION|3|3403|6e189850-a6fc-441a-995b-97e01a3f685f
2026-04-04 09:31:03|gpt|web_search|12|JSON_SAVED||3403|6e189850-a6fc-441a-995b-97e01a3f685f
2026-04-04 09:31:03|gpt|web_search|12|QUESTION_ADVANCE||3404|398fe9f2-5f8a-4e60-8198-c5ef7520ce49
2026-04-04 09:31:34|gpt|web_search|13|JSON_VERIFIED||3288|1e1ec4bb-793f-45ee-9760-757f5302c2c5
2026-04-04 09:31:34|gpt|web_search|13|QUESTION|3|3288|1e1ec4bb-793f-45ee-9760-757f5302c2c5
2026-04-04 09:31:34|gpt|web_search|13|JSON_SAVED||3288|1e1ec4bb-793f-45ee-9760-757f5302c2c5
2026-04-04 09:31:34|gpt|web_search|13|QUESTION_ADVANCE||3289|8f8ae4fa-5784-402f-b03e-0230bc25daa8
2026-04-04 09:32:39|gpt|web_search|10|QUESTION_SENT||2986|432f3e3a-7cca-40c1-a072-4ad7be6693a9
2026-04-04 09:33:15|gpt|web_search|10|JSON_VERIFIED||2986|432f3e3a-7cca-40c1-a072-4ad7be6693a9
2026-04-04 09:33:15|gpt|web_search|10|QUESTION|4|2986|432f3e3a-7cca-40c1-a072-4ad7be6693a9
2026-04-04 09:33:15|gpt|web_search|10|JSON_SAVED||2986|432f3e3a-7cca-40c1-a072-4ad7be6693a9
2026-04-04 09:33:15|gpt|web_search|10|QUESTION_ADVANCE||2987|8959404b-803a-4467-b33a-e89feff05d0c
2026-04-04 09:33:15|gpt|web_search|11|QUESTION_SENT||3137|283828ff-10c8-4322-a7fc-921e04f66ad2
2026-04-04 09:33:52|gpt|web_search|11|JSON_VERIFIED||3137|283828ff-10c8-4322-a7fc-921e04f66ad2
2026-04-04 09:33:52|gpt|web_search|11|QUESTION|6|3137|283828ff-10c8-4322-a7fc-921e04f66ad2
2026-04-04 09:33:52|gpt|web_search|11|JSON_SAVED||3137|283828ff-10c8-4322-a7fc-921e04f66ad2
2026-04-04 09:33:52|gpt|web_search|11|QUESTION_ADVANCE||3138|7433de3e-7fc0-4768-acb4-c186c8d20fa4
2026-04-04 09:34:21|gpt|web_search|12|QUESTION_SENT||3404|398fe9f2-5f8a-4e60-8198-c5ef7520ce49
2026-04-04 09:34:32|gpt|web_search|13|QUESTION_SENT||3289|8f8ae4fa-5784-402f-b03e-0230bc25daa8
2026-04-04 09:34:56|gpt|web_search|12|JSON_VERIFIED||3404|398fe9f2-5f8a-4e60-8198-c5ef7520ce49
2026-04-04 09:34:56|gpt|web_search|12|QUESTION|4|3404|398fe9f2-5f8a-4e60-8198-c5ef7520ce49
2026-04-04 09:34:56|gpt|web_search|12|JSON_SAVED||3404|398fe9f2-5f8a-4e60-8198-c5ef7520ce49
2026-04-04 09:34:56|gpt|web_search|12|QUESTION_ADVANCE||3405|60ee8ebe-aaf5-4780-888e-6a313b80712f
2026-04-04 09:35:07|gpt|web_search|13|JSON_VERIFIED||3289|8f8ae4fa-5784-402f-b03e-0230bc25daa8
2026-04-04 09:35:07|gpt|web_search|13|QUESTION|4|3289|8f8ae4fa-5784-402f-b03e-0230bc25daa8
2026-04-04 09:35:07|gpt|web_search|13|JSON_SAVED||3289|8f8ae4fa-5784-402f-b03e-0230bc25daa8
2026-04-04 09:35:07|gpt|web_search|13|QUESTION_ADVANCE||3290|9023b345-c738-4010-aa47-702ce0e91d92
2026-04-04 09:36:14|gpt|web_search|10|QUESTION_SENT||2987|8959404b-803a-4467-b33a-e89feff05d0c
2026-04-04 09:36:50|gpt|web_search|10|JSON_VERIFIED||2987|8959404b-803a-4467-b33a-e89feff05d0c
2026-04-04 09:36:50|gpt|web_search|10|QUESTION|5|2987|8959404b-803a-4467-b33a-e89feff05d0c
2026-04-04 09:36:50|gpt|web_search|10|JSON_SAVED||2987|8959404b-803a-4467-b33a-e89feff05d0c
2026-04-04 09:36:50|gpt|web_search|10|QUESTION_ADVANCE||2988|7b2ef021-1efd-4a5b-a872-e31a5b94e7c2
2026-04-04 09:36:52|gpt|web_search|11|QUESTION_SENT||3138|7433de3e-7fc0-4768-acb4-c186c8d20fa4
2026-04-04 09:38:05|gpt|web_search|13|QUESTION_SENT||3290|9023b345-c738-4010-aa47-702ce0e91d92
2026-04-04 09:38:14|gpt|web_search|12|QUESTION_SENT||3405|60ee8ebe-aaf5-4780-888e-6a313b80712f
2026-04-04 09:38:40|gpt|web_search|13|JSON_VERIFIED||3290|9023b345-c738-4010-aa47-702ce0e91d92
2026-04-04 09:38:40|gpt|web_search|13|QUESTION|5|3290|9023b345-c738-4010-aa47-702ce0e91d92
2026-04-04 09:38:40|gpt|web_search|13|JSON_SAVED||3290|9023b345-c738-4010-aa47-702ce0e91d92
2026-04-04 09:38:40|gpt|web_search|13|QUESTION_ADVANCE||3291|342356c2-eb0f-4d2b-bb01-e9d2fb18c245
2026-04-04 09:38:48|gpt|web_search|12|JSON_VERIFIED||3405|60ee8ebe-aaf5-4780-888e-6a313b80712f
2026-04-04 09:38:48|gpt|web_search|12|QUESTION|5|3405|60ee8ebe-aaf5-4780-888e-6a313b80712f
2026-04-04 09:38:48|gpt|web_search|12|JSON_SAVED||3405|60ee8ebe-aaf5-4780-888e-6a313b80712f
2026-04-04 09:38:48|gpt|web_search|12|QUESTION_ADVANCE||3406|820b7a54-64e4-442c-9f44-622257e25fd2
2026-04-04 09:39:49|gpt|web_search|10|QUESTION_SENT||2988|7b2ef021-1efd-4a5b-a872-e31a5b94e7c2
2026-04-04 09:40:23|gpt|web_search|10|JSON_VERIFIED||2988|7b2ef021-1efd-4a5b-a872-e31a5b94e7c2
2026-04-04 09:40:23|gpt|web_search|10|QUESTION|6|2988|7b2ef021-1efd-4a5b-a872-e31a5b94e7c2
2026-04-04 09:40:23|gpt|web_search|10|JSON_SAVED||2988|7b2ef021-1efd-4a5b-a872-e31a5b94e7c2
2026-04-04 09:40:23|gpt|web_search|10|QUESTION_ADVANCE||2989|e2ea2ee9-c0d4-4407-9803-aa667cf5e088
2026-04-04 09:40:29|gpt|web_search|11|QUESTION_SENT||3138|7433de3e-7fc0-4768-acb4-c186c8d20fa4
2026-04-04 09:41:04|gpt|web_search|11|JSON_VERIFIED||3138|7433de3e-7fc0-4768-acb4-c186c8d20fa4
2026-04-04 09:41:04|gpt|web_search|11|QUESTION|7|3138|7433de3e-7fc0-4768-acb4-c186c8d20fa4
2026-04-04 09:41:04|gpt|web_search|11|JSON_SAVED||3138|7433de3e-7fc0-4768-acb4-c186c8d20fa4
2026-04-04 09:41:04|gpt|web_search|11|QUESTION_ADVANCE||3139|717628d2-b996-4c79-bcc2-1bba9ebe0602
2026-04-04 09:41:38|gpt|web_search|13|QUESTION_SENT||3291|342356c2-eb0f-4d2b-bb01-e9d2fb18c245
2026-04-04 09:42:07|gpt|web_search|12|QUESTION_SENT||3406|820b7a54-64e4-442c-9f44-622257e25fd2
2026-04-04 09:42:14|gpt|web_search|13|JSON_VERIFIED||3291|342356c2-eb0f-4d2b-bb01-e9d2fb18c245
2026-04-04 09:42:14|gpt|web_search|13|QUESTION|6|3291|342356c2-eb0f-4d2b-bb01-e9d2fb18c245
2026-04-04 09:42:14|gpt|web_search|13|JSON_SAVED||3291|342356c2-eb0f-4d2b-bb01-e9d2fb18c245
2026-04-04 09:42:14|gpt|web_search|13|QUESTION_ADVANCE||3292|e300d271-8610-4e34-a65d-5063fc6de2cb
2026-04-04 09:42:44|gpt|web_search|12|JSON_VERIFIED||3406|820b7a54-64e4-442c-9f44-622257e25fd2
2026-04-04 09:42:44|gpt|web_search|12|QUESTION|6|3406|820b7a54-64e4-442c-9f44-622257e25fd2
2026-04-04 09:42:44|gpt|web_search|12|JSON_SAVED||3406|820b7a54-64e4-442c-9f44-622257e25fd2
2026-04-04 09:42:44|gpt|web_search|12|QUESTION_ADVANCE||3407|f9cd6b46-e27e-46a1-a789-d0ede3abbf41
2026-04-04 09:43:24|gpt|web_search|10|QUESTION_SENT||2989|e2ea2ee9-c0d4-4407-9803-aa667cf5e088
2026-04-04 09:43:57|gpt|web_search|10|JSON_VERIFY_FAILED||2989|e2ea2ee9-c0d4-4407-9803-aa667cf5e088
2026-04-04 09:43:57|gpt|web_search|10|QUESTION|7|2989|e2ea2ee9-c0d4-4407-9803-aa667cf5e088
2026-04-04 09:44:06|gpt|web_search|11|QUESTION_SENT||3139|717628d2-b996-4c79-bcc2-1bba9ebe0602
2026-04-04 09:44:06|gpt|web_search|10|QUESTION_SENT||2989|e2ea2ee9-c0d4-4407-9803-aa667cf5e088
2026-04-04 09:44:24|gpt|web_search|11|JSON_VERIFY_FAILED||3139|717628d2-b996-4c79-bcc2-1bba9ebe0602
2026-04-04 09:44:24|gpt|web_search|11|QUESTION|8|3139|717628d2-b996-4c79-bcc2-1bba9ebe0602
2026-04-04 09:44:25|gpt|web_search|10|JSON_VERIFY_FAILED||2989|e2ea2ee9-c0d4-4407-9803-aa667cf5e088
2026-04-04 09:44:25|gpt|web_search|10|QUESTION|8|2989|e2ea2ee9-c0d4-4407-9803-aa667cf5e088
2026-04-04 09:44:34|gpt|web_search|11|QUESTION_SENT||3139|717628d2-b996-4c79-bcc2-1bba9ebe0602
2026-04-04 09:44:50|gpt|web_search|11|JSON_VERIFIED||3139|717628d2-b996-4c79-bcc2-1bba9ebe0602
2026-04-04 09:44:50|gpt|web_search|11|QUESTION|9|3139|717628d2-b996-4c79-bcc2-1bba9ebe0602
2026-04-04 09:44:50|gpt|web_search|11|JSON_SAVED||3139|717628d2-b996-4c79-bcc2-1bba9ebe0602
2026-04-04 09:44:50|gpt|web_search|11|QUESTION_ADVANCE||3140|a66e845c-aff6-42a6-a1b3-9f6cc31e3faa
2026-04-04 09:45:10|gpt|web_search|13|QUESTION_SENT||3292|e300d271-8610-4e34-a65d-5063fc6de2cb
2026-04-04 09:45:47|gpt|web_search|13|JSON_VERIFIED||3292|e300d271-8610-4e34-a65d-5063fc6de2cb
2026-04-04 09:45:47|gpt|web_search|13|QUESTION|7|3292|e300d271-8610-4e34-a65d-5063fc6de2cb
2026-04-04 09:45:47|gpt|web_search|13|JSON_SAVED||3292|e300d271-8610-4e34-a65d-5063fc6de2cb
2026-04-04 09:45:47|gpt|web_search|13|QUESTION_ADVANCE||3293|3048e969-7bdc-4bbd-aa21-ba8df5955afa
2026-04-04 09:46:00|gpt|web_search|12|QUESTION_SENT||3407|f9cd6b46-e27e-46a1-a789-d0ede3abbf41
2026-04-04 09:46:35|gpt|web_search|12|JSON_VERIFIED||3407|f9cd6b46-e27e-46a1-a789-d0ede3abbf41
2026-04-04 09:46:35|gpt|web_search|12|QUESTION|7|3407|f9cd6b46-e27e-46a1-a789-d0ede3abbf41
2026-04-04 09:46:35|gpt|web_search|12|JSON_SAVED||3407|f9cd6b46-e27e-46a1-a789-d0ede3abbf41
2026-04-04 09:46:35|gpt|web_search|12|QUESTION_ADVANCE||3408|d037cd83-6708-4dbd-a924-502efc34aa08
2026-04-04 09:47:42|gpt|web_search|10|QUESTION_SENT||2989|e2ea2ee9-c0d4-4407-9803-aa667cf5e088
2026-04-04 09:48:11|gpt|web_search|11|QUESTION_SENT||3140|a66e845c-aff6-42a6-a1b3-9f6cc31e3faa
2026-04-04 09:48:16|gpt|web_search|10|JSON_VERIFIED||2989|e2ea2ee9-c0d4-4407-9803-aa667cf5e088
2026-04-04 09:48:16|gpt|web_search|10|QUESTION|9|2989|e2ea2ee9-c0d4-4407-9803-aa667cf5e088
2026-04-04 09:48:16|gpt|web_search|10|JSON_SAVED||2989|e2ea2ee9-c0d4-4407-9803-aa667cf5e088
2026-04-04 09:48:16|gpt|web_search|10|QUESTION_ADVANCE||2990|b8204593-92f3-4c4a-9594-23b308d85e32
2026-04-04 09:48:42|gpt|web_search|11|JSON_VERIFIED||3140|a66e845c-aff6-42a6-a1b3-9f6cc31e3faa
2026-04-04 09:48:42|gpt|web_search|11|QUESTION|10|3140|a66e845c-aff6-42a6-a1b3-9f6cc31e3faa
2026-04-04 09:48:42|gpt|web_search|11|JSON_SAVED||3140|a66e845c-aff6-42a6-a1b3-9f6cc31e3faa
2026-04-04 09:48:42|gpt|web_search|11|QUESTION_ADVANCE||3141|c7c0f725-a3ad-4277-b42b-ab896840121b
2026-04-04 09:48:43|gpt|web_search|13|QUESTION_SENT||3293|3048e969-7bdc-4bbd-aa21-ba8df5955afa
2026-04-04 09:49:16|gpt|web_search|13|JSON_VERIFIED||3293|3048e969-7bdc-4bbd-aa21-ba8df5955afa
2026-04-04 09:49:16|gpt|web_search|13|QUESTION|8|3293|3048e969-7bdc-4bbd-aa21-ba8df5955afa
2026-04-04 09:49:16|gpt|web_search|13|JSON_SAVED||3293|3048e969-7bdc-4bbd-aa21-ba8df5955afa
2026-04-04 09:49:16|gpt|web_search|13|QUESTION_ADVANCE||3294|58a16a35-4045-474a-a421-a9bd9224b08b
2026-04-04 09:49:53|gpt|web_search|12|QUESTION_SENT||3408|d037cd83-6708-4dbd-a924-502efc34aa08
2026-04-04 09:50:27|gpt|web_search|12|JSON_VERIFIED||3408|d037cd83-6708-4dbd-a924-502efc34aa08
2026-04-04 09:50:27|gpt|web_search|12|QUESTION|8|3408|d037cd83-6708-4dbd-a924-502efc34aa08
2026-04-04 09:50:27|gpt|web_search|12|JSON_SAVED||3408|d037cd83-6708-4dbd-a924-502efc34aa08
2026-04-04 09:50:27|gpt|web_search|12|QUESTION_ADVANCE||3409|2a80cd49-65cd-4ae4-a996-a744477b1666
2026-04-04 09:51:17|gpt|web_search|10|QUESTION_SENT||2990|b8204593-92f3-4c4a-9594-23b308d85e32
2026-04-04 09:51:49|gpt|web_search|10|JSON_VERIFIED||2990|b8204593-92f3-4c4a-9594-23b308d85e32
2026-04-04 09:51:49|gpt|web_search|10|QUESTION|10|2990|b8204593-92f3-4c4a-9594-23b308d85e32
2026-04-04 09:51:49|gpt|web_search|10|JSON_SAVED||2990|b8204593-92f3-4c4a-9594-23b308d85e32
2026-04-04 09:51:49|gpt|web_search|10|QUESTION_ADVANCE||2991|88cd7cd6-746c-4a2b-9b16-9ad35c4d7468
2026-04-04 09:52:00|gpt|web_search|11|QUESTION_SENT||3141|c7c0f725-a3ad-4277-b42b-ab896840121b
2026-04-04 09:52:16|gpt|web_search|13|QUESTION_SENT||3294|58a16a35-4045-474a-a421-a9bd9224b08b
2026-04-04 09:52:52|gpt|web_search|13|JSON_VERIFIED||3294|58a16a35-4045-474a-a421-a9bd9224b08b
2026-04-04 09:52:52|gpt|web_search|13|QUESTION|9|3294|58a16a35-4045-474a-a421-a9bd9224b08b
2026-04-04 09:52:52|gpt|web_search|13|JSON_SAVED||3294|58a16a35-4045-474a-a421-a9bd9224b08b
2026-04-04 09:52:52|gpt|web_search|13|QUESTION_ADVANCE||3295|7e15f9f5-a09f-4265-bd69-1cce3cf76a7a
2026-04-04 09:53:46|gpt|web_search|12|QUESTION_SENT||3409|2a80cd49-65cd-4ae4-a996-a744477b1666
2026-04-04 09:54:20|gpt|web_search|12|JSON_VERIFIED||3409|2a80cd49-65cd-4ae4-a996-a744477b1666
2026-04-04 09:54:20|gpt|web_search|12|QUESTION|9|3409|2a80cd49-65cd-4ae4-a996-a744477b1666
2026-04-04 09:54:20|gpt|web_search|12|JSON_SAVED||3409|2a80cd49-65cd-4ae4-a996-a744477b1666
2026-04-04 09:54:20|gpt|web_search|12|QUESTION_ADVANCE||3410|155ed05e-b7a5-43b8-89f8-669dfc56ddbf
2026-04-04 09:54:52|gpt|web_search|10|QUESTION_SENT||2991|88cd7cd6-746c-4a2b-9b16-9ad35c4d7468
2026-04-04 09:55:38|gpt|web_search|11|QUESTION_SENT||3141|c7c0f725-a3ad-4277-b42b-ab896840121b
2026-04-04 09:55:49|gpt|web_search|13|QUESTION_SENT||3295|7e15f9f5-a09f-4265-bd69-1cce3cf76a7a
2026-04-04 09:56:11|gpt|web_search|11|JSON_VERIFIED||3141|c7c0f725-a3ad-4277-b42b-ab896840121b
2026-04-04 09:56:11|gpt|web_search|11|QUESTION|11|3141|c7c0f725-a3ad-4277-b42b-ab896840121b
2026-04-04 09:56:11|gpt|web_search|11|JSON_SAVED||3141|c7c0f725-a3ad-4277-b42b-ab896840121b
2026-04-04 09:56:11|gpt|web_search|11|QUESTION_ADVANCE||3142|be962973-de80-47b4-b8af-e7f0ab8a9bc7
2026-04-04 09:56:25|gpt|web_search|13|JSON_VERIFIED||3295|7e15f9f5-a09f-4265-bd69-1cce3cf76a7a
2026-04-04 09:56:25|gpt|web_search|13|QUESTION|10|3295|7e15f9f5-a09f-4265-bd69-1cce3cf76a7a
2026-04-04 09:56:25|gpt|web_search|13|JSON_SAVED||3295|7e15f9f5-a09f-4265-bd69-1cce3cf76a7a
2026-04-04 09:56:25|gpt|web_search|13|QUESTION_ADVANCE||3296|86727c4a-5368-47ba-a468-82d0ca87b788
2026-04-04 09:57:39|gpt|web_search|12|QUESTION_SENT||3410|155ed05e-b7a5-43b8-89f8-669dfc56ddbf
2026-04-04 09:58:15|gpt|web_search|12|JSON_VERIFIED||3410|155ed05e-b7a5-43b8-89f8-669dfc56ddbf
2026-04-04 09:58:15|gpt|web_search|12|QUESTION|10|3410|155ed05e-b7a5-43b8-89f8-669dfc56ddbf
2026-04-04 09:58:15|gpt|web_search|12|JSON_SAVED||3410|155ed05e-b7a5-43b8-89f8-669dfc56ddbf
2026-04-04 09:58:15|gpt|web_search|12|QUESTION_ADVANCE||3411|89c37cca-7d9f-4dc3-917d-3a18ffafe34f
2026-04-04 09:58:27|gpt|web_search|10|QUESTION_SENT||2991|88cd7cd6-746c-4a2b-9b16-9ad35c4d7468
2026-04-04 09:59:04|gpt|web_search|10|JSON_VERIFY_FAILED||2991|88cd7cd6-746c-4a2b-9b16-9ad35c4d7468
2026-04-04 09:59:04|gpt|web_search|10|QUESTION|11|2991|88cd7cd6-746c-4a2b-9b16-9ad35c4d7468
2026-04-04 09:59:13|gpt|web_search|10|QUESTION_SENT||2991|88cd7cd6-746c-4a2b-9b16-9ad35c4d7468
2026-04-04 09:59:14|gpt|web_search|11|QUESTION_SENT||3142|be962973-de80-47b4-b8af-e7f0ab8a9bc7
2026-04-04 09:59:22|gpt|web_search|13|QUESTION_SENT||3296|86727c4a-5368-47ba-a468-82d0ca87b788
2026-04-04 09:59:36|gpt|web_search|10|JSON_VERIFIED||2991|88cd7cd6-746c-4a2b-9b16-9ad35c4d7468
2026-04-04 09:59:36|gpt|web_search|10|QUESTION|12|2991|88cd7cd6-746c-4a2b-9b16-9ad35c4d7468
2026-04-04 09:59:36|gpt|web_search|10|JSON_SAVED||2991|88cd7cd6-746c-4a2b-9b16-9ad35c4d7468
2026-04-04 09:59:36|gpt|web_search|10|QUESTION_ADVANCE||2992|82f1551f-6e09-4dce-b1d1-3c4b45f240ee
2026-04-04 09:59:53|gpt|web_search|11|JSON_VERIFIED||3142|be962973-de80-47b4-b8af-e7f0ab8a9bc7
2026-04-04 09:59:53|gpt|web_search|11|QUESTION|12|3142|be962973-de80-47b4-b8af-e7f0ab8a9bc7
2026-04-04 09:59:53|gpt|web_search|11|JSON_SAVED||3142|be962973-de80-47b4-b8af-e7f0ab8a9bc7
2026-04-04 09:59:53|gpt|web_search|11|QUESTION_ADVANCE||3143|c915b456-edd2-4077-88fe-a36570174896
2026-04-04 10:00:00|gpt|web_search|13|JSON_VERIFIED||3296|86727c4a-5368-47ba-a468-82d0ca87b788
2026-04-04 10:00:00|gpt|web_search|13|QUESTION|11|3296|86727c4a-5368-47ba-a468-82d0ca87b788
2026-04-04 10:00:00|gpt|web_search|13|JSON_SAVED||3296|86727c4a-5368-47ba-a468-82d0ca87b788
2026-04-04 10:00:00|gpt|web_search|13|QUESTION_ADVANCE||3297|c4e12593-da38-44f1-9671-3559879b0732
2026-04-04 10:01:32|gpt|web_search|12|QUESTION_SENT||3411|89c37cca-7d9f-4dc3-917d-3a18ffafe34f
2026-04-04 10:02:08|gpt|web_search|12|JSON_VERIFIED||3411|89c37cca-7d9f-4dc3-917d-3a18ffafe34f
2026-04-04 10:02:08|gpt|web_search|12|QUESTION|11|3411|89c37cca-7d9f-4dc3-917d-3a18ffafe34f
2026-04-04 10:02:08|gpt|web_search|12|JSON_SAVED||3411|89c37cca-7d9f-4dc3-917d-3a18ffafe34f
2026-04-04 10:02:08|gpt|web_search|12|QUESTION_ADVANCE||3412|029fbca2-9b6f-45c4-ac9d-f9920c570796
2026-04-04 10:02:48|gpt|web_search|10|QUESTION_SENT||2992|82f1551f-6e09-4dce-b1d1-3c4b45f240ee
2026-04-04 10:02:51|gpt|web_search|11|QUESTION_SENT||3143|c915b456-edd2-4077-88fe-a36570174896
2026-04-04 10:02:55|gpt|web_search|13|QUESTION_SENT||3297|c4e12593-da38-44f1-9671-3559879b0732
2026-04-04 10:03:22|gpt|web_search|10|JSON_VERIFIED||2992|82f1551f-6e09-4dce-b1d1-3c4b45f240ee
2026-04-04 10:03:22|gpt|web_search|10|QUESTION|13|2992|82f1551f-6e09-4dce-b1d1-3c4b45f240ee
2026-04-04 10:03:22|gpt|web_search|10|JSON_SAVED||2992|82f1551f-6e09-4dce-b1d1-3c4b45f240ee
2026-04-04 10:03:22|gpt|web_search|10|QUESTION_ADVANCE||2993|867bd999-541a-4f58-ba76-aaff173d3a98
2026-04-04 10:03:27|gpt|web_search|11|JSON_VERIFIED||3143|c915b456-edd2-4077-88fe-a36570174896
2026-04-04 10:03:27|gpt|web_search|11|QUESTION|13|3143|c915b456-edd2-4077-88fe-a36570174896
2026-04-04 10:03:27|gpt|web_search|11|JSON_SAVED||3143|c915b456-edd2-4077-88fe-a36570174896
2026-04-04 10:03:27|gpt|web_search|11|QUESTION_ADVANCE||3144|487f2dc6-220f-4d75-9243-49112937a0b7
2026-04-04 10:03:29|gpt|web_search|13|JSON_VERIFIED||3297|c4e12593-da38-44f1-9671-3559879b0732
2026-04-04 10:03:29|gpt|web_search|13|QUESTION|12|3297|c4e12593-da38-44f1-9671-3559879b0732
2026-04-04 10:03:29|gpt|web_search|13|JSON_SAVED||3297|c4e12593-da38-44f1-9671-3559879b0732
2026-04-04 10:03:29|gpt|web_search|13|QUESTION_ADVANCE||3298|acabee7a-dc80-4ad7-a8eb-fc4dbdea448c
2026-04-04 10:05:24|gpt|web_search|12|QUESTION_SENT||3412|029fbca2-9b6f-45c4-ac9d-f9920c570796
2026-04-04 10:05:58|gpt|web_search|12|JSON_VERIFIED||3412|029fbca2-9b6f-45c4-ac9d-f9920c570796
2026-04-04 10:05:58|gpt|web_search|12|QUESTION|12|3412|029fbca2-9b6f-45c4-ac9d-f9920c570796
2026-04-04 10:05:58|gpt|web_search|12|JSON_SAVED||3412|029fbca2-9b6f-45c4-ac9d-f9920c570796
2026-04-04 10:05:58|gpt|web_search|12|QUESTION_ADVANCE||3413|62aaa978-38ed-4bba-a096-fef67d8a6149
2026-04-04 10:06:23|gpt|web_search|10|QUESTION_SENT||2993|867bd999-541a-4f58-ba76-aaff173d3a98
2026-04-04 10:06:28|gpt|web_search|11|QUESTION_SENT||3144|487f2dc6-220f-4d75-9243-49112937a0b7
2026-04-04 10:06:28|gpt|web_search|13|QUESTION_SENT||3298|acabee7a-dc80-4ad7-a8eb-fc4dbdea448c
2026-04-04 10:06:42|gpt|web_search|10|JSON_VERIFY_FAILED||2993|867bd999-541a-4f58-ba76-aaff173d3a98
2026-04-04 10:06:42|gpt|web_search|10|QUESTION|14|2993|867bd999-541a-4f58-ba76-aaff173d3a98
2026-04-04 10:06:51|gpt|web_search|10|QUESTION_SENT||2993|867bd999-541a-4f58-ba76-aaff173d3a98
2026-04-04 10:07:05|gpt|web_search|11|JSON_VERIFIED||3144|487f2dc6-220f-4d75-9243-49112937a0b7
2026-04-04 10:07:05|gpt|web_search|11|QUESTION|14|3144|487f2dc6-220f-4d75-9243-49112937a0b7
2026-04-04 10:07:05|gpt|web_search|11|JSON_SAVED||3144|487f2dc6-220f-4d75-9243-49112937a0b7
2026-04-04 10:07:05|gpt|web_search|11|QUESTION_ADVANCE||3145|07889119-ef60-439c-92d7-cd1e713f2c2f
2026-04-04 10:07:05|gpt|web_search|13|JSON_VERIFIED||3298|acabee7a-dc80-4ad7-a8eb-fc4dbdea448c
2026-04-04 10:07:05|gpt|web_search|13|QUESTION|13|3298|acabee7a-dc80-4ad7-a8eb-fc4dbdea448c
2026-04-04 10:07:05|gpt|web_search|13|JSON_SAVED||3298|acabee7a-dc80-4ad7-a8eb-fc4dbdea448c
2026-04-04 10:07:05|gpt|web_search|13|QUESTION_ADVANCE||3299|5f84ead9-e3a0-4be2-9cd3-6c8926c7c759
2026-04-04 10:07:13|gpt|web_search|10|JSON_VERIFIED||2993|867bd999-541a-4f58-ba76-aaff173d3a98
2026-04-04 10:07:13|gpt|web_search|10|QUESTION|15|2993|867bd999-541a-4f58-ba76-aaff173d3a98
2026-04-04 10:07:13|gpt|web_search|10|JSON_SAVED||2993|867bd999-541a-4f58-ba76-aaff173d3a98
2026-04-04 10:07:13|gpt|web_search|10|QUESTION_ADVANCE||2994|b1fb1df1-576c-4e3f-ba8c-d60f0d5c78d8
2026-04-04 10:09:17|gpt|web_search|12|QUESTION_SENT||3413|62aaa978-38ed-4bba-a096-fef67d8a6149
2026-04-04 10:09:53|gpt|web_search|12|JSON_VERIFIED||3413|62aaa978-38ed-4bba-a096-fef67d8a6149
2026-04-04 10:09:53|gpt|web_search|12|QUESTION|13|3413|62aaa978-38ed-4bba-a096-fef67d8a6149
2026-04-04 10:09:53|gpt|web_search|12|JSON_SAVED||3413|62aaa978-38ed-4bba-a096-fef67d8a6149
2026-04-04 10:09:53|gpt|web_search|12|QUESTION_ADVANCE||3414|7a11756e-cc6e-40ba-9c0e-33a7ce55d059
2026-04-04 10:10:01|gpt|web_search|13|QUESTION_SENT||3299|5f84ead9-e3a0-4be2-9cd3-6c8926c7c759
2026-04-04 10:10:05|gpt|web_search|11|QUESTION_SENT||3145|07889119-ef60-439c-92d7-cd1e713f2c2f
2026-04-04 10:10:26|gpt|web_search|10|QUESTION_SENT||2994|b1fb1df1-576c-4e3f-ba8c-d60f0d5c78d8
2026-04-04 10:10:40|gpt|web_search|11|JSON_VERIFIED||3145|07889119-ef60-439c-92d7-cd1e713f2c2f
2026-04-04 10:10:40|gpt|web_search|11|QUESTION|15|3145|07889119-ef60-439c-92d7-cd1e713f2c2f
2026-04-04 10:10:40|gpt|web_search|11|JSON_SAVED||3145|07889119-ef60-439c-92d7-cd1e713f2c2f
2026-04-04 10:10:40|gpt|web_search|11|QUESTION_ADVANCE||3146|c2a13096-caba-4197-9a51-c579e6ef3033
2026-04-04 10:11:05|gpt|web_search|10|JSON_VERIFIED||2994|b1fb1df1-576c-4e3f-ba8c-d60f0d5c78d8
2026-04-04 10:11:05|gpt|web_search|10|QUESTION|16|2994|b1fb1df1-576c-4e3f-ba8c-d60f0d5c78d8
2026-04-04 10:11:05|gpt|web_search|10|JSON_SAVED||2994|b1fb1df1-576c-4e3f-ba8c-d60f0d5c78d8
2026-04-04 10:11:05|gpt|web_search|10|QUESTION_ADVANCE||2995|a17aeb8f-0787-4b5e-bf44-cbbc8185ceea
2026-04-04 10:13:10|gpt|web_search|12|QUESTION_SENT||3414|7a11756e-cc6e-40ba-9c0e-33a7ce55d059
2026-04-04 10:13:34|gpt|web_search|13|QUESTION_SENT||3299|5f84ead9-e3a0-4be2-9cd3-6c8926c7c759
2026-04-04 10:13:42|gpt|web_search|11|QUESTION_SENT||3146|c2a13096-caba-4197-9a51-c579e6ef3033
2026-04-04 10:13:47|gpt|web_search|12|JSON_VERIFIED||3414|7a11756e-cc6e-40ba-9c0e-33a7ce55d059
2026-04-04 10:13:47|gpt|web_search|12|QUESTION|14|3414|7a11756e-cc6e-40ba-9c0e-33a7ce55d059
2026-04-04 10:13:47|gpt|web_search|12|JSON_SAVED||3414|7a11756e-cc6e-40ba-9c0e-33a7ce55d059
2026-04-04 10:13:47|gpt|web_search|12|QUESTION_ADVANCE||3415|06dec0fc-05e4-43e6-8655-b9172705abcd
2026-04-04 10:14:01|gpt|web_search|10|QUESTION_SENT||2995|a17aeb8f-0787-4b5e-bf44-cbbc8185ceea
2026-04-04 10:14:10|gpt|web_search|13|JSON_VERIFIED||3299|5f84ead9-e3a0-4be2-9cd3-6c8926c7c759
2026-04-04 10:14:10|gpt|web_search|13|QUESTION|14|3299|5f84ead9-e3a0-4be2-9cd3-6c8926c7c759
2026-04-04 10:14:10|gpt|web_search|13|JSON_SAVED||3299|5f84ead9-e3a0-4be2-9cd3-6c8926c7c759
2026-04-04 10:14:10|gpt|web_search|13|QUESTION_ADVANCE||3300|508cbbd6-853e-4974-9ed3-cf6eba6930cc
2026-04-04 10:14:20|gpt|web_search|11|JSON_VERIFIED||3146|c2a13096-caba-4197-9a51-c579e6ef3033
2026-04-04 10:14:20|gpt|web_search|11|QUESTION|16|3146|c2a13096-caba-4197-9a51-c579e6ef3033
2026-04-04 10:14:20|gpt|web_search|11|JSON_SAVED||3146|c2a13096-caba-4197-9a51-c579e6ef3033
2026-04-04 10:14:20|gpt|web_search|11|QUESTION_ADVANCE||3147|af6e4ab3-6bac-446f-b99a-e7047ebd235a
2026-04-04 10:14:35|gpt|web_search|10|JSON_VERIFIED||2995|a17aeb8f-0787-4b5e-bf44-cbbc8185ceea
2026-04-04 10:14:35|gpt|web_search|10|QUESTION|17|2995|a17aeb8f-0787-4b5e-bf44-cbbc8185ceea
2026-04-04 10:14:35|gpt|web_search|10|JSON_SAVED||2995|a17aeb8f-0787-4b5e-bf44-cbbc8185ceea
2026-04-04 10:14:35|gpt|web_search|10|QUESTION_ADVANCE||2996|84f61315-98a5-40fd-9911-408d446bcb5a
2026-04-04 10:17:03|gpt|web_search|12|QUESTION_SENT||3415|06dec0fc-05e4-43e6-8655-b9172705abcd
2026-04-04 10:17:07|gpt|web_search|13|QUESTION_SENT||3300|508cbbd6-853e-4974-9ed3-cf6eba6930cc
2026-04-04 10:17:19|gpt|web_search|11|QUESTION_SENT||3147|af6e4ab3-6bac-446f-b99a-e7047ebd235a
2026-04-04 10:17:36|gpt|web_search|10|QUESTION_SENT||2996|84f61315-98a5-40fd-9911-408d446bcb5a
2026-04-04 10:17:40|gpt|web_search|12|JSON_VERIFIED||3415|06dec0fc-05e4-43e6-8655-b9172705abcd
2026-04-04 10:17:40|gpt|web_search|12|QUESTION|15|3415|06dec0fc-05e4-43e6-8655-b9172705abcd
2026-04-04 10:17:40|gpt|web_search|12|JSON_SAVED||3415|06dec0fc-05e4-43e6-8655-b9172705abcd
2026-04-04 10:17:40|gpt|web_search|12|QUESTION_ADVANCE||3416|67b536dc-a67f-474f-a4ec-7068c47473be
2026-04-04 10:17:50|gpt|web_search|11|JSON_VERIFY_FAILED||3147|af6e4ab3-6bac-446f-b99a-e7047ebd235a
2026-04-04 10:17:50|gpt|web_search|11|QUESTION|17|3147|af6e4ab3-6bac-446f-b99a-e7047ebd235a
2026-04-04 10:17:59|gpt|web_search|11|QUESTION_SENT||3147|af6e4ab3-6bac-446f-b99a-e7047ebd235a
2026-04-04 10:18:11|gpt|web_search|10|JSON_VERIFY_FAILED||2996|84f61315-98a5-40fd-9911-408d446bcb5a
2026-04-04 10:18:11|gpt|web_search|10|QUESTION|18|2996|84f61315-98a5-40fd-9911-408d446bcb5a
2026-04-04 10:18:21|gpt|web_search|10|QUESTION_SENT||2996|84f61315-98a5-40fd-9911-408d446bcb5a
2026-04-04 10:18:24|gpt|web_search|11|JSON_VERIFIED||3147|af6e4ab3-6bac-446f-b99a-e7047ebd235a
2026-04-04 10:18:24|gpt|web_search|11|QUESTION|18|3147|af6e4ab3-6bac-446f-b99a-e7047ebd235a
2026-04-04 10:18:24|gpt|web_search|11|JSON_SAVED||3147|af6e4ab3-6bac-446f-b99a-e7047ebd235a
2026-04-04 10:18:24|gpt|web_search|11|QUESTION_ADVANCE||3148|f5d2319a-ee56-4793-ad02-c9550be7143d
2026-04-04 10:18:51|gpt|web_search|10|JSON_VERIFY_FAILED||2996|84f61315-98a5-40fd-9911-408d446bcb5a
2026-04-04 10:18:51|gpt|web_search|10|QUESTION|19|2996|84f61315-98a5-40fd-9911-408d446bcb5a
2026-04-04 10:20:40|gpt|web_search|13|QUESTION_SENT||3300|508cbbd6-853e-4974-9ed3-cf6eba6930cc
2026-04-04 10:20:56|gpt|web_search|12|QUESTION_SENT||3416|67b536dc-a67f-474f-a4ec-7068c47473be
2026-04-04 10:21:17|gpt|web_search|13|JSON_VERIFIED||3300|508cbbd6-853e-4974-9ed3-cf6eba6930cc
2026-04-04 10:21:17|gpt|web_search|13|QUESTION|15|3300|508cbbd6-853e-4974-9ed3-cf6eba6930cc
2026-04-04 10:21:17|gpt|web_search|13|JSON_SAVED||3300|508cbbd6-853e-4974-9ed3-cf6eba6930cc
2026-04-04 10:21:17|gpt|web_search|13|QUESTION_ADVANCE||3301|8efc509a-848c-4a6b-bc4a-55faae8bb3f5
2026-04-04 10:21:19|gpt|web_search|10|QUESTION_SENT||2996|84f61315-98a5-40fd-9911-408d446bcb5a
2026-04-04 10:21:31|gpt|web_search|12|JSON_VERIFY_FAILED||3416|67b536dc-a67f-474f-a4ec-7068c47473be
2026-04-04 10:21:31|gpt|web_search|12|QUESTION|16|3416|67b536dc-a67f-474f-a4ec-7068c47473be
2026-04-04 10:21:36|gpt|web_search|11|QUESTION_SENT||3148|f5d2319a-ee56-4793-ad02-c9550be7143d
2026-04-04 10:21:54|gpt|web_search|10|JSON_VERIFY_FAILED||2996|84f61315-98a5-40fd-9911-408d446bcb5a
2026-04-04 10:21:54|gpt|web_search|10|QUESTION|20|2996|84f61315-98a5-40fd-9911-408d446bcb5a
2026-04-04 10:22:04|gpt|web_search|10|QUESTION_SENT||2996|84f61315-98a5-40fd-9911-408d446bcb5a
2026-04-04 10:22:27|gpt|web_search|10|JSON_VERIFIED||2996|84f61315-98a5-40fd-9911-408d446bcb5a
2026-04-04 10:22:27|gpt|web_search|10|QUESTION|21|2996|84f61315-98a5-40fd-9911-408d446bcb5a
2026-04-04 10:22:27|gpt|web_search|10|JSON_SAVED||2996|84f61315-98a5-40fd-9911-408d446bcb5a
2026-04-04 10:22:27|gpt|web_search|10|QUESTION_ADVANCE||2997|afd9669f-d16f-4b2a-955d-683bb3b536c0
2026-04-04 10:24:13|gpt|web_search|13|QUESTION_SENT||3301|8efc509a-848c-4a6b-bc4a-55faae8bb3f5
2026-04-04 10:24:49|gpt|web_search|12|QUESTION_SENT||3416|67b536dc-a67f-474f-a4ec-7068c47473be
2026-04-04 10:24:50|gpt|web_search|13|JSON_VERIFIED||3301|8efc509a-848c-4a6b-bc4a-55faae8bb3f5
2026-04-04 10:24:50|gpt|web_search|13|QUESTION|16|3301|8efc509a-848c-4a6b-bc4a-55faae8bb3f5
2026-04-04 10:24:50|gpt|web_search|13|JSON_SAVED||3301|8efc509a-848c-4a6b-bc4a-55faae8bb3f5
2026-04-04 10:24:50|gpt|web_search|13|QUESTION_ADVANCE||3302|343abfdc-c287-4dd7-a2a5-632fc6fd10bb
2026-04-04 10:25:13|gpt|web_search|11|QUESTION_SENT||3148|f5d2319a-ee56-4793-ad02-c9550be7143d
2026-04-04 10:25:20|gpt|web_search|12|JSON_VERIFY_FAILED||3416|67b536dc-a67f-474f-a4ec-7068c47473be
2026-04-04 10:25:20|gpt|web_search|12|QUESTION|17|3416|67b536dc-a67f-474f-a4ec-7068c47473be
2026-04-04 10:25:39|gpt|web_search|10|QUESTION_SENT||2997|afd9669f-d16f-4b2a-955d-683bb3b536c0
2026-04-04 10:25:53|gpt|web_search|11|JSON_VERIFIED||3148|f5d2319a-ee56-4793-ad02-c9550be7143d
2026-04-04 10:25:53|gpt|web_search|11|QUESTION|19|3148|f5d2319a-ee56-4793-ad02-c9550be7143d
2026-04-04 10:25:53|gpt|web_search|11|JSON_SAVED||3148|f5d2319a-ee56-4793-ad02-c9550be7143d
2026-04-04 10:25:53|gpt|web_search|11|QUESTION_ADVANCE||3149|751f694d-7dd0-4514-80e6-42f40f44f3b2
2026-04-04 10:26:15|gpt|web_search|10|JSON_VERIFIED||2997|afd9669f-d16f-4b2a-955d-683bb3b536c0
2026-04-04 10:26:15|gpt|web_search|10|QUESTION|22|2997|afd9669f-d16f-4b2a-955d-683bb3b536c0
2026-04-04 10:26:15|gpt|web_search|10|JSON_SAVED||2997|afd9669f-d16f-4b2a-955d-683bb3b536c0
2026-04-04 10:26:15|gpt|web_search|10|QUESTION_ADVANCE||2998|b93471a3-4b48-4b15-a246-540462509f08
2026-04-04 10:27:46|gpt|web_search|13|QUESTION_SENT||3302|343abfdc-c287-4dd7-a2a5-632fc6fd10bb
2026-04-04 10:28:22|gpt|web_search|13|JSON_VERIFIED||3302|343abfdc-c287-4dd7-a2a5-632fc6fd10bb
2026-04-04 10:28:22|gpt|web_search|13|QUESTION|17|3302|343abfdc-c287-4dd7-a2a5-632fc6fd10bb
2026-04-04 10:28:22|gpt|web_search|13|JSON_SAVED||3302|343abfdc-c287-4dd7-a2a5-632fc6fd10bb
2026-04-04 10:28:22|gpt|web_search|13|QUESTION_ADVANCE||3303|d6a2fb6f-68d8-435e-be35-e49731587de7
2026-04-04 10:28:42|gpt|web_search|12|QUESTION_SENT||3416|67b536dc-a67f-474f-a4ec-7068c47473be
2026-04-04 10:28:50|gpt|web_search|11|QUESTION_SENT||3149|751f694d-7dd0-4514-80e6-42f40f44f3b2
2026-04-04 10:29:13|gpt|web_search|10|QUESTION_SENT||2998|b93471a3-4b48-4b15-a246-540462509f08
2026-04-04 10:29:20|gpt|web_search|12|JSON_VERIFIED||3416|67b536dc-a67f-474f-a4ec-7068c47473be
2026-04-04 10:29:20|gpt|web_search|12|QUESTION|18|3416|67b536dc-a67f-474f-a4ec-7068c47473be
2026-04-04 10:29:20|gpt|web_search|12|JSON_SAVED||3416|67b536dc-a67f-474f-a4ec-7068c47473be
2026-04-04 10:29:20|gpt|web_search|12|QUESTION_ADVANCE||3417|be65f8ef-dfe2-4361-8617-57c2fc9fc80c
2026-04-04 10:29:49|gpt|web_search|10|JSON_VERIFIED||2998|b93471a3-4b48-4b15-a246-540462509f08
2026-04-04 10:29:49|gpt|web_search|10|QUESTION|23|2998|b93471a3-4b48-4b15-a246-540462509f08
2026-04-04 10:29:49|gpt|web_search|10|JSON_SAVED||2998|b93471a3-4b48-4b15-a246-540462509f08
2026-04-04 10:29:49|gpt|web_search|10|QUESTION_ADVANCE||2999|4caa83db-03a8-4b57-973d-389491030cb8
2026-04-04 10:31:18|gpt|web_search|13|QUESTION_SENT||3303|d6a2fb6f-68d8-435e-be35-e49731587de7
2026-04-04 10:31:54|gpt|web_search|13|JSON_VERIFIED||3303|d6a2fb6f-68d8-435e-be35-e49731587de7
2026-04-04 10:31:54|gpt|web_search|13|QUESTION|18|3303|d6a2fb6f-68d8-435e-be35-e49731587de7
2026-04-04 10:31:54|gpt|web_search|13|JSON_SAVED||3303|d6a2fb6f-68d8-435e-be35-e49731587de7
2026-04-04 10:31:54|gpt|web_search|13|QUESTION_ADVANCE||3304|dcdbfa36-d37c-4c2c-b709-6e66766ff93b
2026-04-04 10:32:28|gpt|web_search|11|QUESTION_SENT||3149|751f694d-7dd0-4514-80e6-42f40f44f3b2
2026-04-04 10:32:35|gpt|web_search|12|QUESTION_SENT||3417|be65f8ef-dfe2-4361-8617-57c2fc9fc80c
2026-04-04 10:32:48|gpt|web_search|10|QUESTION_SENT||2999|4caa83db-03a8-4b57-973d-389491030cb8
2026-04-04 10:33:00|gpt|web_search|11|JSON_VERIFIED||3149|751f694d-7dd0-4514-80e6-42f40f44f3b2
2026-04-04 10:33:00|gpt|web_search|11|QUESTION|20|3149|751f694d-7dd0-4514-80e6-42f40f44f3b2
2026-04-04 10:33:00|gpt|web_search|11|JSON_SAVED||3149|751f694d-7dd0-4514-80e6-42f40f44f3b2
2026-04-04 10:33:00|gpt|web_search|11|QUESTION_ADVANCE||3150|94e3597c-6732-41a7-ab31-5d89eede4e0a
2026-04-04 10:33:10|gpt|web_search|12|JSON_VERIFIED||3417|be65f8ef-dfe2-4361-8617-57c2fc9fc80c
2026-04-04 10:33:10|gpt|web_search|12|QUESTION|19|3417|be65f8ef-dfe2-4361-8617-57c2fc9fc80c
2026-04-04 10:33:10|gpt|web_search|12|JSON_SAVED||3417|be65f8ef-dfe2-4361-8617-57c2fc9fc80c
2026-04-04 10:33:10|gpt|web_search|12|QUESTION_ADVANCE||3418|f3f896b1-072e-44af-8138-7941c95e8610
2026-04-04 10:33:19|gpt|web_search|10|JSON_VERIFY_FAILED||2999|4caa83db-03a8-4b57-973d-389491030cb8
2026-04-04 10:33:19|gpt|web_search|10|QUESTION|24|2999|4caa83db-03a8-4b57-973d-389491030cb8
2026-04-04 10:33:29|gpt|web_search|10|QUESTION_SENT||2999|4caa83db-03a8-4b57-973d-389491030cb8
2026-04-04 10:33:51|gpt|web_search|10|JSON_VERIFIED||2999|4caa83db-03a8-4b57-973d-389491030cb8
2026-04-04 10:33:51|gpt|web_search|10|QUESTION|25|2999|4caa83db-03a8-4b57-973d-389491030cb8
2026-04-04 10:33:51|gpt|web_search|10|JSON_SAVED||2999|4caa83db-03a8-4b57-973d-389491030cb8
2026-04-04 10:33:51|gpt|web_search|10|QUESTION_ADVANCE||3000|7af5a54c-1f34-4533-b811-c725bb267779
2026-04-04 10:34:51|gpt|web_search|13|QUESTION_SENT||3304|dcdbfa36-d37c-4c2c-b709-6e66766ff93b
2026-04-04 10:35:25|gpt|web_search|13|JSON_VERIFY_FAILED||3304|dcdbfa36-d37c-4c2c-b709-6e66766ff93b
2026-04-04 10:35:25|gpt|web_search|13|QUESTION|19|3304|dcdbfa36-d37c-4c2c-b709-6e66766ff93b
2026-04-04 10:35:35|gpt|web_search|13|QUESTION_SENT||3304|dcdbfa36-d37c-4c2c-b709-6e66766ff93b
2026-04-04 10:35:59|gpt|web_search|13|JSON_VERIFIED||3304|dcdbfa36-d37c-4c2c-b709-6e66766ff93b
2026-04-04 10:35:59|gpt|web_search|13|QUESTION|20|3304|dcdbfa36-d37c-4c2c-b709-6e66766ff93b
2026-04-04 10:35:59|gpt|web_search|13|JSON_SAVED||3304|dcdbfa36-d37c-4c2c-b709-6e66766ff93b
2026-04-04 10:35:59|gpt|web_search|13|QUESTION_ADVANCE||3305|2341675d-c763-4141-ab27-9751d55fbc74
2026-04-04 10:36:05|gpt|web_search|11|QUESTION_SENT||3150|94e3597c-6732-41a7-ab31-5d89eede4e0a
2026-04-04 10:36:28|gpt|web_search|12|QUESTION_SENT||3418|f3f896b1-072e-44af-8138-7941c95e8610
2026-04-04 10:36:41|gpt|web_search|11|JSON_VERIFIED||3150|94e3597c-6732-41a7-ab31-5d89eede4e0a
2026-04-04 10:36:41|gpt|web_search|11|QUESTION|21|3150|94e3597c-6732-41a7-ab31-5d89eede4e0a
2026-04-04 10:36:41|gpt|web_search|11|JSON_SAVED||3150|94e3597c-6732-41a7-ab31-5d89eede4e0a
2026-04-04 10:36:41|gpt|web_search|11|QUESTION_ADVANCE||3151|677df5e0-be45-4ef1-a68b-b8541a891aa9
2026-04-04 10:37:04|gpt|web_search|10|QUESTION_SENT||3000|7af5a54c-1f34-4533-b811-c725bb267779
2026-04-04 10:37:05|gpt|web_search|12|JSON_VERIFIED||3418|f3f896b1-072e-44af-8138-7941c95e8610
2026-04-04 10:37:05|gpt|web_search|12|QUESTION|20|3418|f3f896b1-072e-44af-8138-7941c95e8610
2026-04-04 10:37:05|gpt|web_search|12|JSON_SAVED||3418|f3f896b1-072e-44af-8138-7941c95e8610
2026-04-04 10:37:05|gpt|web_search|12|QUESTION_ADVANCE||3419|17eda86c-8722-4a9e-824a-1d28cc6693c5
2026-04-04 10:37:42|gpt|web_search|10|JSON_VERIFIED||3000|7af5a54c-1f34-4533-b811-c725bb267779
2026-04-04 10:37:42|gpt|web_search|10|QUESTION|26|3000|7af5a54c-1f34-4533-b811-c725bb267779
2026-04-04 10:37:42|gpt|web_search|10|JSON_SAVED||3000|7af5a54c-1f34-4533-b811-c725bb267779
2026-04-04 10:37:42|gpt|web_search|10|QUESTION_ADVANCE||3001|40d45ced-06a4-48da-97ab-8e918780899f
2026-04-04 10:39:08|gpt|web_search|13|QUESTION_SENT||3305|2341675d-c763-4141-ab27-9751d55fbc74
2026-04-04 10:39:41|gpt|web_search|11|QUESTION_SENT||3151|677df5e0-be45-4ef1-a68b-b8541a891aa9
2026-04-04 10:39:45|gpt|web_search|13|JSON_VERIFIED||3305|2341675d-c763-4141-ab27-9751d55fbc74
2026-04-04 10:39:45|gpt|web_search|13|QUESTION|21|3305|2341675d-c763-4141-ab27-9751d55fbc74
2026-04-04 10:39:45|gpt|web_search|13|JSON_SAVED||3305|2341675d-c763-4141-ab27-9751d55fbc74
2026-04-04 10:39:45|gpt|web_search|13|QUESTION_ADVANCE||3306|31823995-a6f6-431e-96aa-0258267ed850
2026-04-04 10:40:13|gpt|web_search|11|JSON_VERIFY_FAILED||3151|677df5e0-be45-4ef1-a68b-b8541a891aa9
2026-04-04 10:40:13|gpt|web_search|11|QUESTION|22|3151|677df5e0-be45-4ef1-a68b-b8541a891aa9
2026-04-04 10:40:21|gpt|web_search|12|QUESTION_SENT||3419|17eda86c-8722-4a9e-824a-1d28cc6693c5
2026-04-04 10:40:22|gpt|web_search|11|QUESTION_SENT||3151|677df5e0-be45-4ef1-a68b-b8541a891aa9
2026-04-04 10:40:39|gpt|web_search|10|QUESTION_SENT||3001|40d45ced-06a4-48da-97ab-8e918780899f
2026-04-04 10:40:49|gpt|web_search|11|JSON_VERIFIED||3151|677df5e0-be45-4ef1-a68b-b8541a891aa9
2026-04-04 10:40:49|gpt|web_search|11|QUESTION|23|3151|677df5e0-be45-4ef1-a68b-b8541a891aa9
2026-04-04 10:40:49|gpt|web_search|11|JSON_SAVED||3151|677df5e0-be45-4ef1-a68b-b8541a891aa9
2026-04-04 10:40:49|gpt|web_search|11|QUESTION_ADVANCE||3152|b6ebb3db-5e02-4069-92b6-2924d089cf2b
2026-04-04 10:40:59|gpt|web_search|12|JSON_VERIFIED||3419|17eda86c-8722-4a9e-824a-1d28cc6693c5
2026-04-04 10:40:59|gpt|web_search|12|QUESTION|21|3419|17eda86c-8722-4a9e-824a-1d28cc6693c5
2026-04-04 10:40:59|gpt|web_search|12|JSON_SAVED||3419|17eda86c-8722-4a9e-824a-1d28cc6693c5
2026-04-04 10:40:59|gpt|web_search|12|QUESTION_ADVANCE||3420|7ae6e7c0-e0a0-41df-ae11-85e3b7b9d3ba
2026-04-04 10:41:13|gpt|web_search|10|JSON_VERIFIED||3001|40d45ced-06a4-48da-97ab-8e918780899f
2026-04-04 10:41:13|gpt|web_search|10|QUESTION|27|3001|40d45ced-06a4-48da-97ab-8e918780899f
2026-04-04 10:41:13|gpt|web_search|10|JSON_SAVED||3001|40d45ced-06a4-48da-97ab-8e918780899f
2026-04-04 10:41:13|gpt|web_search|10|QUESTION_ADVANCE||3002|ef911d19-f910-4657-91f3-b3c9fe712cc1
2026-04-04 10:42:41|gpt|web_search|13|QUESTION_SENT||3306|31823995-a6f6-431e-96aa-0258267ed850
2026-04-04 10:43:19|gpt|web_search|13|JSON_VERIFIED||3306|31823995-a6f6-431e-96aa-0258267ed850
2026-04-04 10:43:19|gpt|web_search|13|QUESTION|22|3306|31823995-a6f6-431e-96aa-0258267ed850
2026-04-04 10:43:19|gpt|web_search|13|JSON_SAVED||3306|31823995-a6f6-431e-96aa-0258267ed850
2026-04-04 10:43:19|gpt|web_search|13|QUESTION_ADVANCE||3307|b9e112e7-1900-456e-aff8-e4b6c25ee468
2026-04-04 10:43:59|gpt|web_search|11|QUESTION_SENT||3152|b6ebb3db-5e02-4069-92b6-2924d089cf2b
2026-04-04 10:44:13|gpt|web_search|12|QUESTION_SENT||3420|7ae6e7c0-e0a0-41df-ae11-85e3b7b9d3ba
2026-04-04 10:44:14|gpt|web_search|10|QUESTION_SENT||3002|ef911d19-f910-4657-91f3-b3c9fe712cc1
2026-04-04 10:44:31|gpt|web_search|11|JSON_VERIFY_FAILED||3152|b6ebb3db-5e02-4069-92b6-2924d089cf2b
2026-04-04 10:44:31|gpt|web_search|11|QUESTION|24|3152|b6ebb3db-5e02-4069-92b6-2924d089cf2b
2026-04-04 10:44:40|gpt|web_search|11|QUESTION_SENT||3152|b6ebb3db-5e02-4069-92b6-2924d089cf2b
2026-04-04 10:44:49|gpt|web_search|12|JSON_VERIFIED||3420|7ae6e7c0-e0a0-41df-ae11-85e3b7b9d3ba
2026-04-04 10:44:49|gpt|web_search|12|QUESTION|22|3420|7ae6e7c0-e0a0-41df-ae11-85e3b7b9d3ba
2026-04-04 10:44:49|gpt|web_search|12|JSON_SAVED||3420|7ae6e7c0-e0a0-41df-ae11-85e3b7b9d3ba
2026-04-04 10:44:49|gpt|web_search|12|QUESTION_ADVANCE||3421|fcd9e36d-b87f-479b-8c3b-20c5dfcf8864
2026-04-04 10:44:51|gpt|web_search|10|JSON_VERIFIED||3002|ef911d19-f910-4657-91f3-b3c9fe712cc1
2026-04-04 10:44:51|gpt|web_search|10|QUESTION|28|3002|ef911d19-f910-4657-91f3-b3c9fe712cc1
2026-04-04 10:44:51|gpt|web_search|10|JSON_SAVED||3002|ef911d19-f910-4657-91f3-b3c9fe712cc1
2026-04-04 10:44:51|gpt|web_search|10|QUESTION_ADVANCE||3003|d6f3c1ae-b849-4538-8cf5-1a7b6a8b946e
2026-04-04 10:45:05|gpt|web_search|11|JSON_VERIFIED||3152|b6ebb3db-5e02-4069-92b6-2924d089cf2b
2026-04-04 10:45:05|gpt|web_search|11|QUESTION|25|3152|b6ebb3db-5e02-4069-92b6-2924d089cf2b
2026-04-04 10:45:05|gpt|web_search|11|JSON_SAVED||3152|b6ebb3db-5e02-4069-92b6-2924d089cf2b
2026-04-04 10:45:05|gpt|web_search|11|QUESTION_ADVANCE||3153|3b6b5056-89e4-46bb-9347-10fde5564115
2026-04-04 10:46:13|gpt|web_search|13|QUESTION_SENT||3307|b9e112e7-1900-456e-aff8-e4b6c25ee468
2026-04-04 10:46:49|gpt|web_search|13|JSON_VERIFIED||3307|b9e112e7-1900-456e-aff8-e4b6c25ee468
2026-04-04 10:46:49|gpt|web_search|13|QUESTION|23|3307|b9e112e7-1900-456e-aff8-e4b6c25ee468
2026-04-04 10:46:49|gpt|web_search|13|JSON_SAVED||3307|b9e112e7-1900-456e-aff8-e4b6c25ee468
2026-04-04 10:46:49|gpt|web_search|13|QUESTION_ADVANCE||3308|f3c46ef8-ae1d-453d-abca-8e67abcdd36c
2026-04-04 10:47:49|gpt|web_search|10|QUESTION_SENT||3003|d6f3c1ae-b849-4538-8cf5-1a7b6a8b946e
2026-04-04 10:48:06|gpt|web_search|12|QUESTION_SENT||3421|fcd9e36d-b87f-479b-8c3b-20c5dfcf8864
2026-04-04 10:48:17|gpt|web_search|11|QUESTION_SENT||3153|3b6b5056-89e4-46bb-9347-10fde5564115
2026-04-04 10:48:24|gpt|web_search|10|JSON_VERIFIED||3003|d6f3c1ae-b849-4538-8cf5-1a7b6a8b946e
2026-04-04 10:48:24|gpt|web_search|10|QUESTION|29|3003|d6f3c1ae-b849-4538-8cf5-1a7b6a8b946e
2026-04-04 10:48:24|gpt|web_search|10|JSON_SAVED||3003|d6f3c1ae-b849-4538-8cf5-1a7b6a8b946e
2026-04-04 10:48:24|gpt|web_search|10|QUESTION_ADVANCE||3004|8167541a-8dcb-4add-9495-df27f9619893
2026-04-04 10:48:44|gpt|web_search|12|JSON_VERIFIED||3421|fcd9e36d-b87f-479b-8c3b-20c5dfcf8864
2026-04-04 10:48:44|gpt|web_search|12|QUESTION|23|3421|fcd9e36d-b87f-479b-8c3b-20c5dfcf8864
2026-04-04 10:48:44|gpt|web_search|12|JSON_SAVED||3421|fcd9e36d-b87f-479b-8c3b-20c5dfcf8864
2026-04-04 10:48:44|gpt|web_search|12|QUESTION_ADVANCE||3422|b0f522e6-9fae-43af-af18-ccb701cc14de
2026-04-04 10:48:54|gpt|web_search|11|JSON_VERIFY_FAILED||3153|3b6b5056-89e4-46bb-9347-10fde5564115
2026-04-04 10:48:54|gpt|web_search|11|QUESTION|26|3153|3b6b5056-89e4-46bb-9347-10fde5564115
2026-04-04 10:49:04|gpt|web_search|11|QUESTION_SENT||3153|3b6b5056-89e4-46bb-9347-10fde5564115
2026-04-04 10:49:28|gpt|web_search|11|JSON_VERIFIED||3153|3b6b5056-89e4-46bb-9347-10fde5564115
2026-04-04 10:49:28|gpt|web_search|11|QUESTION|27|3153|3b6b5056-89e4-46bb-9347-10fde5564115
2026-04-04 10:49:28|gpt|web_search|11|JSON_SAVED||3153|3b6b5056-89e4-46bb-9347-10fde5564115
2026-04-04 10:49:28|gpt|web_search|11|QUESTION_ADVANCE||3154|32b5a2e0-37d6-401f-b383-173fe1a6bc03
2026-04-04 10:49:46|gpt|web_search|13|QUESTION_SENT||3308|f3c46ef8-ae1d-453d-abca-8e67abcdd36c
2026-04-04 10:50:23|gpt|web_search|13|JSON_VERIFIED||3308|f3c46ef8-ae1d-453d-abca-8e67abcdd36c
2026-04-04 10:50:23|gpt|web_search|13|QUESTION|24|3308|f3c46ef8-ae1d-453d-abca-8e67abcdd36c
2026-04-04 10:50:23|gpt|web_search|13|JSON_SAVED||3308|f3c46ef8-ae1d-453d-abca-8e67abcdd36c
2026-04-04 10:50:23|gpt|web_search|13|QUESTION_ADVANCE||3309|7dabf4cc-dbc6-4692-93e4-d4d87104cabf
2026-04-04 10:51:24|gpt|web_search|10|QUESTION_SENT||3004|8167541a-8dcb-4add-9495-df27f9619893
2026-04-04 10:51:59|gpt|web_search|12|QUESTION_SENT||3422|b0f522e6-9fae-43af-af18-ccb701cc14de
2026-04-04 10:52:01|gpt|web_search|10|JSON_VERIFY_FAILED||3004|8167541a-8dcb-4add-9495-df27f9619893
2026-04-04 10:52:01|gpt|web_search|10|QUESTION|30|3004|8167541a-8dcb-4add-9495-df27f9619893
2026-04-04 10:52:34|gpt|web_search|12|JSON_VERIFIED||3422|b0f522e6-9fae-43af-af18-ccb701cc14de
2026-04-04 10:52:34|gpt|web_search|12|QUESTION|24|3422|b0f522e6-9fae-43af-af18-ccb701cc14de
2026-04-04 10:52:34|gpt|web_search|12|JSON_SAVED||3422|b0f522e6-9fae-43af-af18-ccb701cc14de
2026-04-04 10:52:34|gpt|web_search|12|QUESTION_ADVANCE||3423|c7fecebd-29c6-4d27-9cdc-df6ab0334586
2026-04-04 10:52:40|gpt|web_search|11|QUESTION_SENT||3154|32b5a2e0-37d6-401f-b383-173fe1a6bc03
2026-04-04 10:53:16|gpt|web_search|11|JSON_VERIFY_FAILED||3154|32b5a2e0-37d6-401f-b383-173fe1a6bc03
2026-04-04 10:53:16|gpt|web_search|11|QUESTION|28|3154|32b5a2e0-37d6-401f-b383-173fe1a6bc03
2026-04-04 10:53:19|gpt|web_search|13|QUESTION_SENT||3309|7dabf4cc-dbc6-4692-93e4-d4d87104cabf
2026-04-04 10:53:54|gpt|web_search|13|JSON_VERIFIED||3309|7dabf4cc-dbc6-4692-93e4-d4d87104cabf
2026-04-04 10:53:54|gpt|web_search|13|QUESTION|25|3309|7dabf4cc-dbc6-4692-93e4-d4d87104cabf
2026-04-04 10:53:54|gpt|web_search|13|JSON_SAVED||3309|7dabf4cc-dbc6-4692-93e4-d4d87104cabf
2026-04-04 10:53:54|gpt|web_search|13|QUESTION_ADVANCE||3310|6abe0dfe-94ba-4261-989f-1739be235125
2026-04-04 10:54:59|gpt|web_search|10|QUESTION_SENT||3004|8167541a-8dcb-4add-9495-df27f9619893
2026-04-04 10:55:35|gpt|web_search|10|JSON_VERIFIED||3004|8167541a-8dcb-4add-9495-df27f9619893
2026-04-04 10:55:35|gpt|web_search|10|QUESTION|31|3004|8167541a-8dcb-4add-9495-df27f9619893
2026-04-04 10:55:35|gpt|web_search|10|JSON_SAVED||3004|8167541a-8dcb-4add-9495-df27f9619893
2026-04-04 10:55:35|gpt|web_search|10|QUESTION_ADVANCE||3005|a5f465f7-2f7a-4041-8b8d-f208609f6abb
2026-04-04 10:55:52|gpt|web_search|12|QUESTION_SENT||3423|c7fecebd-29c6-4d27-9cdc-df6ab0334586
2026-04-04 10:56:17|gpt|web_search|11|QUESTION_SENT||3154|32b5a2e0-37d6-401f-b383-173fe1a6bc03
2026-04-04 10:56:29|gpt|web_search|12|JSON_VERIFIED||3423|c7fecebd-29c6-4d27-9cdc-df6ab0334586
2026-04-04 10:56:29|gpt|web_search|12|QUESTION|25|3423|c7fecebd-29c6-4d27-9cdc-df6ab0334586
2026-04-04 10:56:29|gpt|web_search|12|JSON_SAVED||3423|c7fecebd-29c6-4d27-9cdc-df6ab0334586
2026-04-04 10:56:29|gpt|web_search|12|QUESTION_ADVANCE||3424|293715f7-286e-409e-8619-e1f647809360
2026-04-04 10:56:52|gpt|web_search|13|QUESTION_SENT||3310|6abe0dfe-94ba-4261-989f-1739be235125
2026-04-04 10:56:54|gpt|web_search|11|JSON_VERIFIED||3154|32b5a2e0-37d6-401f-b383-173fe1a6bc03
2026-04-04 10:56:54|gpt|web_search|11|QUESTION|29|3154|32b5a2e0-37d6-401f-b383-173fe1a6bc03
2026-04-04 10:56:54|gpt|web_search|11|JSON_SAVED||3154|32b5a2e0-37d6-401f-b383-173fe1a6bc03
2026-04-04 10:56:54|gpt|web_search|11|QUESTION_ADVANCE||3155|82e7a008-a5dd-476b-bafa-05e20955b3e5
2026-04-04 10:57:23|gpt|web_search|13|JSON_VERIFY_FAILED||3310|6abe0dfe-94ba-4261-989f-1739be235125
2026-04-04 10:57:23|gpt|web_search|13|QUESTION|26|3310|6abe0dfe-94ba-4261-989f-1739be235125
2026-04-04 10:57:33|gpt|web_search|13|QUESTION_SENT||3310|6abe0dfe-94ba-4261-989f-1739be235125
2026-04-04 10:57:58|gpt|web_search|13|JSON_VERIFIED||3310|6abe0dfe-94ba-4261-989f-1739be235125
2026-04-04 10:57:58|gpt|web_search|13|QUESTION|27|3310|6abe0dfe-94ba-4261-989f-1739be235125
2026-04-04 10:57:58|gpt|web_search|13|JSON_SAVED||3310|6abe0dfe-94ba-4261-989f-1739be235125
2026-04-04 10:57:58|gpt|web_search|13|QUESTION_ADVANCE||3311|8afbc613-f286-47ff-9bab-75a2ce7c7ffe
2026-04-04 10:58:33|gpt|web_search|10|QUESTION_SENT||3005|a5f465f7-2f7a-4041-8b8d-f208609f6abb
2026-04-04 10:59:06|gpt|web_search|10|JSON_VERIFIED||3005|a5f465f7-2f7a-4041-8b8d-f208609f6abb
2026-04-04 10:59:06|gpt|web_search|10|QUESTION|32|3005|a5f465f7-2f7a-4041-8b8d-f208609f6abb
2026-04-04 10:59:06|gpt|web_search|10|JSON_SAVED||3005|a5f465f7-2f7a-4041-8b8d-f208609f6abb
2026-04-04 10:59:06|gpt|web_search|10|QUESTION_ADVANCE||3006|b2c93d85-078d-41ad-959d-8d50fbc1d5f3
2026-04-04 10:59:45|gpt|web_search|12|QUESTION_SENT||3424|293715f7-286e-409e-8619-e1f647809360
2026-04-04 10:59:54|gpt|web_search|11|QUESTION_SENT||3155|82e7a008-a5dd-476b-bafa-05e20955b3e5
2026-04-04 11:00:20|gpt|web_search|12|JSON_VERIFIED||3424|293715f7-286e-409e-8619-e1f647809360
2026-04-04 11:00:20|gpt|web_search|12|QUESTION|26|3424|293715f7-286e-409e-8619-e1f647809360
2026-04-04 11:00:20|gpt|web_search|12|JSON_SAVED||3424|293715f7-286e-409e-8619-e1f647809360
2026-04-04 11:00:20|gpt|web_search|12|QUESTION_ADVANCE||3425|7f02b38b-15c0-4058-ba8e-d86bf582d634
2026-04-04 11:00:30|gpt|web_search|11|JSON_VERIFIED||3155|82e7a008-a5dd-476b-bafa-05e20955b3e5
2026-04-04 11:00:30|gpt|web_search|11|QUESTION|30|3155|82e7a008-a5dd-476b-bafa-05e20955b3e5
2026-04-04 11:00:30|gpt|web_search|11|JSON_SAVED||3155|82e7a008-a5dd-476b-bafa-05e20955b3e5
2026-04-04 11:00:30|gpt|web_search|11|QUESTION_ADVANCE||3156|3e1fe4bc-8863-4b60-9af1-79840a811aaf
2026-04-04 11:01:06|gpt|web_search|13|QUESTION_SENT||3311|8afbc613-f286-47ff-9bab-75a2ce7c7ffe
2026-04-04 11:01:39|gpt|web_search|13|JSON_VERIFIED||3311|8afbc613-f286-47ff-9bab-75a2ce7c7ffe
2026-04-04 11:01:39|gpt|web_search|13|QUESTION|28|3311|8afbc613-f286-47ff-9bab-75a2ce7c7ffe
2026-04-04 11:01:39|gpt|web_search|13|JSON_SAVED||3311|8afbc613-f286-47ff-9bab-75a2ce7c7ffe
2026-04-04 11:01:39|gpt|web_search|13|QUESTION_ADVANCE||3312|e2f968e3-7559-4217-86fa-f5c12718fc2e
2026-04-04 11:02:08|gpt|web_search|10|QUESTION_SENT||3006|b2c93d85-078d-41ad-959d-8d50fbc1d5f3
2026-04-04 11:02:45|gpt|web_search|10|JSON_VERIFIED||3006|b2c93d85-078d-41ad-959d-8d50fbc1d5f3
2026-04-04 11:02:45|gpt|web_search|10|QUESTION|33|3006|b2c93d85-078d-41ad-959d-8d50fbc1d5f3
2026-04-04 11:02:45|gpt|web_search|10|JSON_SAVED||3006|b2c93d85-078d-41ad-959d-8d50fbc1d5f3
2026-04-04 11:02:45|gpt|web_search|10|QUESTION_ADVANCE||3007|ce6c092c-7fa6-4e20-81c9-2f391e842bc4
2026-04-04 11:03:31|gpt|web_search|11|QUESTION_SENT||3156|3e1fe4bc-8863-4b60-9af1-79840a811aaf
2026-04-04 11:03:38|gpt|web_search|12|QUESTION_SENT||3425|7f02b38b-15c0-4058-ba8e-d86bf582d634
2026-04-04 11:04:05|gpt|web_search|11|JSON_VERIFY_FAILED||3156|3e1fe4bc-8863-4b60-9af1-79840a811aaf
2026-04-04 11:04:05|gpt|web_search|11|QUESTION|31|3156|3e1fe4bc-8863-4b60-9af1-79840a811aaf
2026-04-04 11:04:13|gpt|web_search|12|JSON_VERIFIED||3425|7f02b38b-15c0-4058-ba8e-d86bf582d634
2026-04-04 11:04:13|gpt|web_search|12|QUESTION|27|3425|7f02b38b-15c0-4058-ba8e-d86bf582d634
2026-04-04 11:04:13|gpt|web_search|12|JSON_SAVED||3425|7f02b38b-15c0-4058-ba8e-d86bf582d634
2026-04-04 11:04:13|gpt|web_search|12|QUESTION_ADVANCE||3426|15372f70-58de-4e5a-a96b-7388c251c9cd
2026-04-04 11:04:15|gpt|web_search|11|QUESTION_SENT||3156|3e1fe4bc-8863-4b60-9af1-79840a811aaf
2026-04-04 11:04:38|gpt|web_search|13|QUESTION_SENT||3312|e2f968e3-7559-4217-86fa-f5c12718fc2e
2026-04-04 11:04:39|gpt|web_search|11|JSON_VERIFIED||3156|3e1fe4bc-8863-4b60-9af1-79840a811aaf
2026-04-04 11:04:39|gpt|web_search|11|QUESTION|32|3156|3e1fe4bc-8863-4b60-9af1-79840a811aaf
2026-04-04 11:04:39|gpt|web_search|11|JSON_SAVED||3156|3e1fe4bc-8863-4b60-9af1-79840a811aaf
2026-04-04 11:04:39|gpt|web_search|11|QUESTION_ADVANCE||3157|7e9b5e72-fd74-4df8-999f-95926f2c7f7d
2026-04-04 11:05:15|gpt|web_search|13|JSON_VERIFIED||3312|e2f968e3-7559-4217-86fa-f5c12718fc2e
2026-04-04 11:05:15|gpt|web_search|13|QUESTION|29|3312|e2f968e3-7559-4217-86fa-f5c12718fc2e
2026-04-04 11:05:15|gpt|web_search|13|JSON_SAVED||3312|e2f968e3-7559-4217-86fa-f5c12718fc2e
2026-04-04 11:05:15|gpt|web_search|13|QUESTION_ADVANCE||3313|02e4cdcf-d63d-46df-8ada-e6f8e8792f0f
2026-04-04 11:05:43|gpt|web_search|10|QUESTION_SENT||3007|ce6c092c-7fa6-4e20-81c9-2f391e842bc4
2026-04-04 11:06:20|gpt|web_search|10|JSON_VERIFIED||3007|ce6c092c-7fa6-4e20-81c9-2f391e842bc4
2026-04-04 11:06:20|gpt|web_search|10|QUESTION|34|3007|ce6c092c-7fa6-4e20-81c9-2f391e842bc4
2026-04-04 11:06:20|gpt|web_search|10|JSON_SAVED||3007|ce6c092c-7fa6-4e20-81c9-2f391e842bc4
2026-04-04 11:06:20|gpt|web_search|10|QUESTION_ADVANCE||3008|560bb2f6-f6ce-477f-8dc4-bb73d92923b9
2026-04-04 11:07:31|gpt|web_search|12|QUESTION_SENT||3426|15372f70-58de-4e5a-a96b-7388c251c9cd
2026-04-04 11:07:52|gpt|web_search|11|QUESTION_SENT||3157|7e9b5e72-fd74-4df8-999f-95926f2c7f7d
2026-04-04 11:08:06|gpt|web_search|12|JSON_VERIFIED||3426|15372f70-58de-4e5a-a96b-7388c251c9cd
2026-04-04 11:08:06|gpt|web_search|12|QUESTION|28|3426|15372f70-58de-4e5a-a96b-7388c251c9cd
2026-04-04 11:08:06|gpt|web_search|12|JSON_SAVED||3426|15372f70-58de-4e5a-a96b-7388c251c9cd
2026-04-04 11:08:06|gpt|web_search|12|QUESTION_ADVANCE||3427|2905b4fc-8f05-4337-b434-5b7a42c59db1
2026-04-04 11:08:11|gpt|web_search|13|QUESTION_SENT||3313|02e4cdcf-d63d-46df-8ada-e6f8e8792f0f
2026-04-04 11:08:28|gpt|web_search|11|JSON_VERIFIED||3157|7e9b5e72-fd74-4df8-999f-95926f2c7f7d
2026-04-04 11:08:28|gpt|web_search|11|QUESTION|33|3157|7e9b5e72-fd74-4df8-999f-95926f2c7f7d
2026-04-04 11:08:28|gpt|web_search|11|JSON_SAVED||3157|7e9b5e72-fd74-4df8-999f-95926f2c7f7d
2026-04-04 11:08:28|gpt|web_search|11|QUESTION_ADVANCE||3158|b92d0ab0-31d8-41dd-9f87-f9f84441c5e0
2026-04-04 11:08:50|gpt|web_search|13|JSON_VERIFIED||3313|02e4cdcf-d63d-46df-8ada-e6f8e8792f0f
2026-04-04 11:08:50|gpt|web_search|13|QUESTION|30|3313|02e4cdcf-d63d-46df-8ada-e6f8e8792f0f
2026-04-04 11:08:50|gpt|web_search|13|JSON_SAVED||3313|02e4cdcf-d63d-46df-8ada-e6f8e8792f0f
2026-04-04 11:08:50|gpt|web_search|13|QUESTION_ADVANCE||3314|76f9af2e-a23c-44ff-b45d-038818ca3d2d
2026-04-04 11:09:18|gpt|web_search|10|QUESTION_SENT||3008|560bb2f6-f6ce-477f-8dc4-bb73d92923b9
2026-04-04 11:09:56|gpt|web_search|10|JSON_VERIFIED||3008|560bb2f6-f6ce-477f-8dc4-bb73d92923b9
2026-04-04 11:09:56|gpt|web_search|10|QUESTION|35|3008|560bb2f6-f6ce-477f-8dc4-bb73d92923b9
2026-04-04 11:09:56|gpt|web_search|10|JSON_SAVED||3008|560bb2f6-f6ce-477f-8dc4-bb73d92923b9
2026-04-04 11:09:56|gpt|web_search|10|QUESTION_ADVANCE||3009|038f8d80-026c-42a5-acc6-e6298077259a
2026-04-04 11:11:24|gpt|web_search|12|QUESTION_SENT||3427|2905b4fc-8f05-4337-b434-5b7a42c59db1
2026-04-04 11:11:28|gpt|web_search|11|QUESTION_SENT||3158|b92d0ab0-31d8-41dd-9f87-f9f84441c5e0
2026-04-04 11:11:44|gpt|web_search|13|QUESTION_SENT||3314|76f9af2e-a23c-44ff-b45d-038818ca3d2d
2026-04-04 11:11:59|gpt|web_search|12|JSON_VERIFY_FAILED||3427|2905b4fc-8f05-4337-b434-5b7a42c59db1
2026-04-04 11:11:59|gpt|web_search|12|QUESTION|29|3427|2905b4fc-8f05-4337-b434-5b7a42c59db1
2026-04-04 11:12:07|gpt|web_search|11|JSON_VERIFIED||3158|b92d0ab0-31d8-41dd-9f87-f9f84441c5e0
2026-04-04 11:12:07|gpt|web_search|11|QUESTION|34|3158|b92d0ab0-31d8-41dd-9f87-f9f84441c5e0
2026-04-04 11:12:07|gpt|web_search|11|JSON_SAVED||3158|b92d0ab0-31d8-41dd-9f87-f9f84441c5e0
2026-04-04 11:12:07|gpt|web_search|11|QUESTION_ADVANCE||3159|65a9dfc9-6db5-4461-837d-e73830b2b2a8
2026-04-04 11:12:19|gpt|web_search|13|JSON_VERIFIED||3314|76f9af2e-a23c-44ff-b45d-038818ca3d2d
2026-04-04 11:12:19|gpt|web_search|13|QUESTION|31|3314|76f9af2e-a23c-44ff-b45d-038818ca3d2d
2026-04-04 11:12:19|gpt|web_search|13|JSON_SAVED||3314|76f9af2e-a23c-44ff-b45d-038818ca3d2d
2026-04-04 11:12:19|gpt|web_search|13|QUESTION_ADVANCE||3315|98ed00d1-1529-4ed4-bc00-796605f60aa3
2026-04-04 11:12:53|gpt|web_search|10|QUESTION_SENT||3009|038f8d80-026c-42a5-acc6-e6298077259a
2026-04-04 11:13:34|gpt|web_search|10|JSON_VERIFIED||3009|038f8d80-026c-42a5-acc6-e6298077259a
2026-04-04 11:13:34|gpt|web_search|10|QUESTION|36|3009|038f8d80-026c-42a5-acc6-e6298077259a
2026-04-04 11:13:34|gpt|web_search|10|JSON_SAVED||3009|038f8d80-026c-42a5-acc6-e6298077259a
2026-04-04 11:13:34|gpt|web_search|10|QUESTION_ADVANCE||3010|d315d686-089b-47ac-b160-a336a2a0db8b
2026-04-04 11:15:05|gpt|web_search|11|QUESTION_SENT||3159|65a9dfc9-6db5-4461-837d-e73830b2b2a8
2026-04-04 11:15:16|gpt|web_search|12|QUESTION_SENT||3427|2905b4fc-8f05-4337-b434-5b7a42c59db1
2026-04-04 11:15:17|gpt|web_search|13|QUESTION_SENT||3315|98ed00d1-1529-4ed4-bc00-796605f60aa3
2026-04-04 11:15:42|gpt|web_search|11|JSON_VERIFIED||3159|65a9dfc9-6db5-4461-837d-e73830b2b2a8
2026-04-04 11:15:42|gpt|web_search|11|QUESTION|35|3159|65a9dfc9-6db5-4461-837d-e73830b2b2a8
2026-04-04 11:15:42|gpt|web_search|11|JSON_SAVED||3159|65a9dfc9-6db5-4461-837d-e73830b2b2a8
2026-04-04 11:15:42|gpt|web_search|11|QUESTION_ADVANCE||3160|adb04738-e42b-4463-81f9-03062670f2ed
2026-04-04 11:15:51|gpt|web_search|13|JSON_VERIFIED||3315|98ed00d1-1529-4ed4-bc00-796605f60aa3
2026-04-04 11:15:51|gpt|web_search|13|QUESTION|32|3315|98ed00d1-1529-4ed4-bc00-796605f60aa3
2026-04-04 11:15:51|gpt|web_search|13|JSON_SAVED||3315|98ed00d1-1529-4ed4-bc00-796605f60aa3
2026-04-04 11:15:51|gpt|web_search|13|QUESTION_ADVANCE||3316|5d307c18-0ffe-4e0a-b1b6-ef22d7fd8ed0
2026-04-04 11:15:53|gpt|web_search|12|JSON_VERIFIED||3427|2905b4fc-8f05-4337-b434-5b7a42c59db1
2026-04-04 11:15:53|gpt|web_search|12|QUESTION|30|3427|2905b4fc-8f05-4337-b434-5b7a42c59db1
2026-04-04 11:15:53|gpt|web_search|12|JSON_SAVED||3427|2905b4fc-8f05-4337-b434-5b7a42c59db1
2026-04-04 11:15:53|gpt|web_search|12|QUESTION_ADVANCE||3428|bee0badc-55bb-40cd-b0e8-d4235c9427ec
2026-04-04 11:16:28|gpt|web_search|10|QUESTION_SENT||3010|d315d686-089b-47ac-b160-a336a2a0db8b
2026-04-04 11:17:05|gpt|web_search|10|JSON_VERIFIED||3010|d315d686-089b-47ac-b160-a336a2a0db8b
2026-04-04 11:17:05|gpt|web_search|10|QUESTION|37|3010|d315d686-089b-47ac-b160-a336a2a0db8b
2026-04-04 11:17:05|gpt|web_search|10|JSON_SAVED||3010|d315d686-089b-47ac-b160-a336a2a0db8b
2026-04-04 11:17:05|gpt|web_search|10|QUESTION_ADVANCE||3011|ec6e5ff3-1f72-4784-aa31-bfe4b3a7cfde
2026-04-04 11:18:42|gpt|web_search|11|QUESTION_SENT||3160|adb04738-e42b-4463-81f9-03062670f2ed
2026-04-04 11:18:50|gpt|web_search|13|QUESTION_SENT||3316|5d307c18-0ffe-4e0a-b1b6-ef22d7fd8ed0
2026-04-04 11:19:09|gpt|web_search|12|QUESTION_SENT||3428|bee0badc-55bb-40cd-b0e8-d4235c9427ec
2026-04-04 11:19:16|gpt|web_search|11|JSON_VERIFIED||3160|adb04738-e42b-4463-81f9-03062670f2ed
2026-04-04 11:19:16|gpt|web_search|11|QUESTION|36|3160|adb04738-e42b-4463-81f9-03062670f2ed
2026-04-04 11:19:16|gpt|web_search|11|JSON_SAVED||3160|adb04738-e42b-4463-81f9-03062670f2ed
2026-04-04 11:19:16|gpt|web_search|11|QUESTION_ADVANCE||3161|6e8fd414-96f7-4825-b32e-98d23c85a3d7
2026-04-04 11:19:27|gpt|web_search|13|JSON_VERIFY_FAILED||3316|5d307c18-0ffe-4e0a-b1b6-ef22d7fd8ed0
2026-04-04 11:19:27|gpt|web_search|13|QUESTION|33|3316|5d307c18-0ffe-4e0a-b1b6-ef22d7fd8ed0
2026-04-04 11:19:36|gpt|web_search|13|QUESTION_SENT||3316|5d307c18-0ffe-4e0a-b1b6-ef22d7fd8ed0
2026-04-04 11:19:47|gpt|web_search|12|JSON_VERIFIED||3428|bee0badc-55bb-40cd-b0e8-d4235c9427ec
2026-04-04 11:19:47|gpt|web_search|12|QUESTION|31|3428|bee0badc-55bb-40cd-b0e8-d4235c9427ec
2026-04-04 11:19:47|gpt|web_search|12|JSON_SAVED||3428|bee0badc-55bb-40cd-b0e8-d4235c9427ec
2026-04-04 11:19:47|gpt|web_search|12|QUESTION_ADVANCE||3429|723d1444-a19a-44aa-ba25-dfabdcddad0f
2026-04-04 11:20:02|gpt|web_search|13|JSON_VERIFIED||3316|5d307c18-0ffe-4e0a-b1b6-ef22d7fd8ed0
2026-04-04 11:20:02|gpt|web_search|13|QUESTION|34|3316|5d307c18-0ffe-4e0a-b1b6-ef22d7fd8ed0
2026-04-04 11:20:02|gpt|web_search|13|JSON_SAVED||3316|5d307c18-0ffe-4e0a-b1b6-ef22d7fd8ed0
2026-04-04 11:20:02|gpt|web_search|13|QUESTION_ADVANCE||3317|1d38ea95-dac1-41e7-a444-980ab30825a8
2026-04-04 11:20:03|gpt|web_search|10|QUESTION_SENT||3011|ec6e5ff3-1f72-4784-aa31-bfe4b3a7cfde
2026-04-04 11:20:38|gpt|web_search|10|JSON_VERIFIED||3011|ec6e5ff3-1f72-4784-aa31-bfe4b3a7cfde
2026-04-04 11:20:38|gpt|web_search|10|QUESTION|38|3011|ec6e5ff3-1f72-4784-aa31-bfe4b3a7cfde
2026-04-04 11:20:38|gpt|web_search|10|JSON_SAVED||3011|ec6e5ff3-1f72-4784-aa31-bfe4b3a7cfde
2026-04-04 11:20:38|gpt|web_search|10|QUESTION_ADVANCE||3012|812a4b78-5761-47c7-befd-bf788522a505
2026-04-04 11:22:19|gpt|web_search|11|QUESTION_SENT||3161|6e8fd414-96f7-4825-b32e-98d23c85a3d7
2026-04-04 11:22:43|gpt|web_search|11|JSON_VERIFY_FAILED||3161|6e8fd414-96f7-4825-b32e-98d23c85a3d7
2026-04-04 11:22:43|gpt|web_search|11|QUESTION|37|3161|6e8fd414-96f7-4825-b32e-98d23c85a3d7
2026-04-04 11:22:53|gpt|web_search|11|QUESTION_SENT||3161|6e8fd414-96f7-4825-b32e-98d23c85a3d7
2026-04-04 11:23:02|gpt|web_search|12|QUESTION_SENT||3429|723d1444-a19a-44aa-ba25-dfabdcddad0f
2026-04-04 11:23:09|gpt|web_search|13|QUESTION_SENT||3317|1d38ea95-dac1-41e7-a444-980ab30825a8
2026-04-04 11:23:13|gpt|web_search|11|JSON_VERIFY_FAILED||3161|6e8fd414-96f7-4825-b32e-98d23c85a3d7
2026-04-04 11:23:13|gpt|web_search|11|QUESTION|38|3161|6e8fd414-96f7-4825-b32e-98d23c85a3d7
2026-04-04 11:23:37|gpt|web_search|13|JSON_VERIFY_FAILED||3317|1d38ea95-dac1-41e7-a444-980ab30825a8
2026-04-04 11:23:37|gpt|web_search|13|QUESTION|35|3317|1d38ea95-dac1-41e7-a444-980ab30825a8
2026-04-04 11:23:38|gpt|web_search|10|QUESTION_SENT||3012|812a4b78-5761-47c7-befd-bf788522a505
2026-04-04 11:23:39|gpt|web_search|12|JSON_VERIFY_FAILED||3429|723d1444-a19a-44aa-ba25-dfabdcddad0f
2026-04-04 11:23:39|gpt|web_search|12|QUESTION|32|3429|723d1444-a19a-44aa-ba25-dfabdcddad0f
2026-04-04 11:23:47|gpt|web_search|13|QUESTION_SENT||3317|1d38ea95-dac1-41e7-a444-980ab30825a8
2026-04-04 11:23:49|gpt|web_search|12|QUESTION_SENT||3429|723d1444-a19a-44aa-ba25-dfabdcddad0f
2026-04-04 11:24:10|gpt|web_search|13|JSON_VERIFIED||3317|1d38ea95-dac1-41e7-a444-980ab30825a8
2026-04-04 11:24:10|gpt|web_search|13|QUESTION|36|3317|1d38ea95-dac1-41e7-a444-980ab30825a8
2026-04-04 11:24:10|gpt|web_search|13|JSON_SAVED||3317|1d38ea95-dac1-41e7-a444-980ab30825a8
2026-04-04 11:24:10|gpt|web_search|13|QUESTION_ADVANCE||3318|271ddf46-6692-4359-a953-2a55ec73ce7a
2026-04-04 11:24:12|gpt|web_search|12|JSON_VERIFY_FAILED||3429|723d1444-a19a-44aa-ba25-dfabdcddad0f
2026-04-04 11:24:12|gpt|web_search|12|QUESTION|33|3429|723d1444-a19a-44aa-ba25-dfabdcddad0f
2026-04-04 11:24:14|gpt|web_search|10|JSON_VERIFIED||3012|812a4b78-5761-47c7-befd-bf788522a505
2026-04-04 11:24:14|gpt|web_search|10|QUESTION|39|3012|812a4b78-5761-47c7-befd-bf788522a505
2026-04-04 11:24:14|gpt|web_search|10|JSON_SAVED||3012|812a4b78-5761-47c7-befd-bf788522a505
2026-04-04 11:24:14|gpt|web_search|10|QUESTION_ADVANCE||3013|5cb6fad3-e747-4275-ba4c-a45406faa061
2026-04-04 11:25:41|gpt|web_search|11|QUESTION_SENT||3161|6e8fd414-96f7-4825-b32e-98d23c85a3d7
2026-04-04 11:26:20|gpt|web_search|11|JSON_VERIFIED||3161|6e8fd414-96f7-4825-b32e-98d23c85a3d7
2026-04-04 11:26:20|gpt|web_search|11|QUESTION|39|3161|6e8fd414-96f7-4825-b32e-98d23c85a3d7
2026-04-04 11:26:20|gpt|web_search|11|JSON_SAVED||3161|6e8fd414-96f7-4825-b32e-98d23c85a3d7
2026-04-04 11:26:20|gpt|web_search|11|QUESTION_ADVANCE||3162|4d0ff766-5d52-4c56-bf50-6c40b717836d
2026-04-04 11:26:39|gpt|web_search|12|QUESTION_SENT||3429|723d1444-a19a-44aa-ba25-dfabdcddad0f
2026-04-04 11:27:12|gpt|web_search|10|QUESTION_SENT||3013|5cb6fad3-e747-4275-ba4c-a45406faa061
2026-04-04 11:27:15|gpt|web_search|12|JSON_VERIFY_FAILED||3429|723d1444-a19a-44aa-ba25-dfabdcddad0f
2026-04-04 11:27:15|gpt|web_search|12|QUESTION|34|3429|723d1444-a19a-44aa-ba25-dfabdcddad0f
2026-04-04 11:27:20|gpt|web_search|13|QUESTION_SENT||3318|271ddf46-6692-4359-a953-2a55ec73ce7a
2026-04-04 11:27:24|gpt|web_search|12|QUESTION_SENT||3429|723d1444-a19a-44aa-ba25-dfabdcddad0f
2026-04-04 11:27:48|gpt|web_search|10|JSON_VERIFIED||3013|5cb6fad3-e747-4275-ba4c-a45406faa061
2026-04-04 11:27:48|gpt|web_search|10|QUESTION|40|3013|5cb6fad3-e747-4275-ba4c-a45406faa061
2026-04-04 11:27:48|gpt|web_search|10|JSON_SAVED||3013|5cb6fad3-e747-4275-ba4c-a45406faa061
2026-04-04 11:27:48|gpt|web_search|10|QUESTION_ADVANCE||3014|847671f6-b469-4224-8b0f-ea470553f5bc
2026-04-04 11:27:49|gpt|web_search|12|JSON_VERIFIED||3429|723d1444-a19a-44aa-ba25-dfabdcddad0f
2026-04-04 11:27:49|gpt|web_search|12|QUESTION|35|3429|723d1444-a19a-44aa-ba25-dfabdcddad0f
2026-04-04 11:27:49|gpt|web_search|12|JSON_SAVED||3429|723d1444-a19a-44aa-ba25-dfabdcddad0f
2026-04-04 11:27:49|gpt|web_search|12|QUESTION_ADVANCE||3430|b03b6af3-8867-4981-80d0-b7b2f4402f66
2026-04-04 11:27:57|gpt|web_search|13|JSON_VERIFIED||3318|271ddf46-6692-4359-a953-2a55ec73ce7a
2026-04-04 11:27:57|gpt|web_search|13|QUESTION|37|3318|271ddf46-6692-4359-a953-2a55ec73ce7a
2026-04-04 11:27:57|gpt|web_search|13|JSON_SAVED||3318|271ddf46-6692-4359-a953-2a55ec73ce7a
2026-04-04 11:27:57|gpt|web_search|13|QUESTION_ADVANCE||3319|5767b606-2b09-4846-b16b-5eb96c9e14d8
2026-04-04 11:29:18|gpt|web_search|11|QUESTION_SENT||3162|4d0ff766-5d52-4c56-bf50-6c40b717836d
2026-04-04 11:29:56|gpt|web_search|11|JSON_VERIFIED||3162|4d0ff766-5d52-4c56-bf50-6c40b717836d
2026-04-04 11:29:56|gpt|web_search|11|QUESTION|40|3162|4d0ff766-5d52-4c56-bf50-6c40b717836d
2026-04-04 11:29:56|gpt|web_search|11|JSON_SAVED||3162|4d0ff766-5d52-4c56-bf50-6c40b717836d
2026-04-04 11:29:56|gpt|web_search|11|QUESTION_ADVANCE||3163|e84d8b2b-d00a-4ba4-a129-9247b93b6a9f
2026-04-04 11:30:47|gpt|web_search|10|QUESTION_SENT||3014|847671f6-b469-4224-8b0f-ea470553f5bc
2026-04-04 11:30:53|gpt|web_search|13|QUESTION_SENT||3319|5767b606-2b09-4846-b16b-5eb96c9e14d8
2026-04-04 11:31:17|gpt|web_search|12|QUESTION_SENT||3430|b03b6af3-8867-4981-80d0-b7b2f4402f66
2026-04-04 11:31:23|gpt|web_search|10|JSON_VERIFIED||3014|847671f6-b469-4224-8b0f-ea470553f5bc
2026-04-04 11:31:23|gpt|web_search|10|QUESTION|41|3014|847671f6-b469-4224-8b0f-ea470553f5bc
2026-04-04 11:31:23|gpt|web_search|10|JSON_SAVED||3014|847671f6-b469-4224-8b0f-ea470553f5bc
2026-04-04 11:31:23|gpt|web_search|10|QUESTION_ADVANCE||3015|1046bd28-0b44-4c47-80a1-54acca41e520
2026-04-04 11:31:27|gpt|web_search|13|JSON_VERIFIED||3319|5767b606-2b09-4846-b16b-5eb96c9e14d8
2026-04-04 11:31:27|gpt|web_search|13|QUESTION|38|3319|5767b606-2b09-4846-b16b-5eb96c9e14d8
2026-04-04 11:31:27|gpt|web_search|13|JSON_SAVED||3319|5767b606-2b09-4846-b16b-5eb96c9e14d8
2026-04-04 11:31:27|gpt|web_search|13|QUESTION_ADVANCE||3320|4536dd74-6aad-4a29-803e-114e1d53b761
2026-04-04 11:31:53|gpt|web_search|12|JSON_VERIFIED||3430|b03b6af3-8867-4981-80d0-b7b2f4402f66
2026-04-04 11:31:53|gpt|web_search|12|QUESTION|36|3430|b03b6af3-8867-4981-80d0-b7b2f4402f66
2026-04-04 11:31:53|gpt|web_search|12|JSON_SAVED||3430|b03b6af3-8867-4981-80d0-b7b2f4402f66
2026-04-04 11:31:54|gpt|web_search|12|STOP||3431|
2026-04-04 11:32:55|gpt|web_search|11|QUESTION_SENT||3163|e84d8b2b-d00a-4ba4-a129-9247b93b6a9f
2026-04-04 11:33:33|gpt|web_search|11|JSON_VERIFIED||3163|e84d8b2b-d00a-4ba4-a129-9247b93b6a9f
2026-04-04 11:33:33|gpt|web_search|11|QUESTION|41|3163|e84d8b2b-d00a-4ba4-a129-9247b93b6a9f
2026-04-04 11:33:33|gpt|web_search|11|JSON_SAVED||3163|e84d8b2b-d00a-4ba4-a129-9247b93b6a9f
2026-04-04 11:33:33|gpt|web_search|11|QUESTION_ADVANCE||3164|8dfea8da-7ee7-4d03-a4ce-9c41eff5658a
2026-04-04 11:34:22|gpt|web_search|10|QUESTION_SENT||3015|1046bd28-0b44-4c47-80a1-54acca41e520
2026-04-04 11:34:26|gpt|web_search|13|QUESTION_SENT||3320|4536dd74-6aad-4a29-803e-114e1d53b761
2026-04-04 11:36:31|gpt|web_search|11|QUESTION_SENT||3164|8dfea8da-7ee7-4d03-a4ce-9c41eff5658a
2026-04-04 11:37:08|gpt|web_search|11|JSON_VERIFIED||3164|8dfea8da-7ee7-4d03-a4ce-9c41eff5658a
2026-04-04 11:37:08|gpt|web_search|11|QUESTION|42|3164|8dfea8da-7ee7-4d03-a4ce-9c41eff5658a
2026-04-04 11:37:08|gpt|web_search|11|JSON_SAVED||3164|8dfea8da-7ee7-4d03-a4ce-9c41eff5658a
2026-04-04 11:37:08|gpt|web_search|11|QUESTION_ADVANCE||3165|b302397f-10fa-4b02-86b2-1e600e079b00
2026-04-04 11:37:57|gpt|web_search|10|QUESTION_SENT||3015|1046bd28-0b44-4c47-80a1-54acca41e520
2026-04-04 11:37:59|gpt|web_search|13|QUESTION_SENT||3320|4536dd74-6aad-4a29-803e-114e1d53b761
2026-04-04 11:38:32|gpt|web_search|10|JSON_VERIFIED||3015|1046bd28-0b44-4c47-80a1-54acca41e520
2026-04-04 11:38:32|gpt|web_search|10|QUESTION|42|3015|1046bd28-0b44-4c47-80a1-54acca41e520
2026-04-04 11:38:32|gpt|web_search|10|JSON_SAVED||3015|1046bd28-0b44-4c47-80a1-54acca41e520
2026-04-04 11:38:32|gpt|web_search|10|QUESTION_ADVANCE||3016|6a56da2c-475f-4558-87a6-beca9c0116df
2026-04-04 11:38:36|gpt|web_search|13|JSON_VERIFIED||3320|4536dd74-6aad-4a29-803e-114e1d53b761
2026-04-04 11:38:36|gpt|web_search|13|QUESTION|39|3320|4536dd74-6aad-4a29-803e-114e1d53b761
2026-04-04 11:38:36|gpt|web_search|13|JSON_SAVED||3320|4536dd74-6aad-4a29-803e-114e1d53b761
2026-04-04 11:38:36|gpt|web_search|13|QUESTION_ADVANCE||3321|44538aa9-0ae5-4e75-80f3-214e4dbe2e17
2026-04-04 11:40:08|gpt|web_search|11|QUESTION_SENT||3165|b302397f-10fa-4b02-86b2-1e600e079b00
2026-04-04 11:40:48|gpt|web_search|11|JSON_VERIFIED||3165|b302397f-10fa-4b02-86b2-1e600e079b00
2026-04-04 11:40:48|gpt|web_search|11|QUESTION|43|3165|b302397f-10fa-4b02-86b2-1e600e079b00
2026-04-04 11:40:48|gpt|web_search|11|JSON_SAVED||3165|b302397f-10fa-4b02-86b2-1e600e079b00
2026-04-04 11:40:48|gpt|web_search|11|QUESTION_ADVANCE||3166|32c88108-0d91-48d3-8f29-850097dda314
2026-04-04 11:41:32|gpt|web_search|13|QUESTION_SENT||3321|44538aa9-0ae5-4e75-80f3-214e4dbe2e17
2026-04-04 11:41:32|gpt|web_search|10|QUESTION_SENT||3016|6a56da2c-475f-4558-87a6-beca9c0116df
2026-04-04 11:42:06|gpt|web_search|13|JSON_VERIFIED||3321|44538aa9-0ae5-4e75-80f3-214e4dbe2e17
2026-04-04 11:42:06|gpt|web_search|13|QUESTION|40|3321|44538aa9-0ae5-4e75-80f3-214e4dbe2e17
2026-04-04 11:42:06|gpt|web_search|13|JSON_SAVED||3321|44538aa9-0ae5-4e75-80f3-214e4dbe2e17
2026-04-04 11:42:06|gpt|web_search|13|QUESTION_ADVANCE||3322|57125913-5481-4d09-82ee-fb881ce5d23f
2026-04-04 11:42:06|gpt|web_search|10|JSON_VERIFY_FAILED||3016|6a56da2c-475f-4558-87a6-beca9c0116df
2026-04-04 11:42:06|gpt|web_search|10|QUESTION|43|3016|6a56da2c-475f-4558-87a6-beca9c0116df
2026-04-04 11:42:16|gpt|web_search|10|QUESTION_SENT||3016|6a56da2c-475f-4558-87a6-beca9c0116df
2026-04-04 11:42:36|gpt|web_search|10|JSON_VERIFIED||3016|6a56da2c-475f-4558-87a6-beca9c0116df
2026-04-04 11:42:36|gpt|web_search|10|QUESTION|44|3016|6a56da2c-475f-4558-87a6-beca9c0116df
2026-04-04 11:42:36|gpt|web_search|10|JSON_SAVED||3016|6a56da2c-475f-4558-87a6-beca9c0116df
2026-04-04 11:42:36|gpt|web_search|10|QUESTION_ADVANCE||3017|c8c84ea6-32a9-4ae2-b57d-86f27f716078
2026-04-04 11:43:45|gpt|web_search|11|QUESTION_SENT||3166|32c88108-0d91-48d3-8f29-850097dda314
2026-04-04 11:44:22|gpt|web_search|11|JSON_VERIFIED||3166|32c88108-0d91-48d3-8f29-850097dda314
2026-04-04 11:44:22|gpt|web_search|11|QUESTION|44|3166|32c88108-0d91-48d3-8f29-850097dda314
2026-04-04 11:44:22|gpt|web_search|11|JSON_SAVED||3166|32c88108-0d91-48d3-8f29-850097dda314
2026-04-04 11:44:22|gpt|web_search|11|QUESTION_ADVANCE||3167|b49753c1-b52d-4b6b-803a-9bbe60ce4b9b
2026-04-04 11:45:05|gpt|web_search|13|QUESTION_SENT||3322|57125913-5481-4d09-82ee-fb881ce5d23f
2026-04-04 11:45:40|gpt|web_search|13|JSON_VERIFIED||3322|57125913-5481-4d09-82ee-fb881ce5d23f
2026-04-04 11:45:40|gpt|web_search|13|QUESTION|41|3322|57125913-5481-4d09-82ee-fb881ce5d23f
2026-04-04 11:45:40|gpt|web_search|13|JSON_SAVED||3322|57125913-5481-4d09-82ee-fb881ce5d23f
2026-04-04 11:45:40|gpt|web_search|13|QUESTION_ADVANCE||3323|fea5b95d-fbba-4179-934a-a261570bab49
2026-04-04 11:45:51|gpt|web_search|10|QUESTION_SENT||3017|c8c84ea6-32a9-4ae2-b57d-86f27f716078
2026-04-04 11:46:25|gpt|web_search|10|JSON_VERIFIED||3017|c8c84ea6-32a9-4ae2-b57d-86f27f716078
2026-04-04 11:46:25|gpt|web_search|10|QUESTION|45|3017|c8c84ea6-32a9-4ae2-b57d-86f27f716078
2026-04-04 11:46:25|gpt|web_search|10|JSON_SAVED||3017|c8c84ea6-32a9-4ae2-b57d-86f27f716078
2026-04-04 11:46:25|gpt|web_search|10|QUESTION_ADVANCE||3018|2bad63a7-8964-4a9f-b0c3-4f2b4239a99e
2026-04-04 11:47:22|gpt|web_search|11|QUESTION_SENT||3167|b49753c1-b52d-4b6b-803a-9bbe60ce4b9b
2026-04-04 11:48:00|gpt|web_search|11|JSON_VERIFIED||3167|b49753c1-b52d-4b6b-803a-9bbe60ce4b9b
2026-04-04 11:48:00|gpt|web_search|11|QUESTION|45|3167|b49753c1-b52d-4b6b-803a-9bbe60ce4b9b
2026-04-04 11:48:00|gpt|web_search|11|JSON_SAVED||3167|b49753c1-b52d-4b6b-803a-9bbe60ce4b9b
2026-04-04 11:48:00|gpt|web_search|11|QUESTION_ADVANCE||3168|557253c6-db10-45cf-ac16-2299d441b78f
2026-04-04 11:48:38|gpt|web_search|13|QUESTION_SENT||3323|fea5b95d-fbba-4179-934a-a261570bab49
2026-04-04 11:49:10|gpt|web_search|13|JSON_VERIFY_FAILED||3323|fea5b95d-fbba-4179-934a-a261570bab49
2026-04-04 11:49:10|gpt|web_search|13|QUESTION|42|3323|fea5b95d-fbba-4179-934a-a261570bab49
2026-04-04 11:49:20|gpt|web_search|13|QUESTION_SENT||3323|fea5b95d-fbba-4179-934a-a261570bab49
2026-04-04 11:49:26|gpt|web_search|10|QUESTION_SENT||3018|2bad63a7-8964-4a9f-b0c3-4f2b4239a99e
2026-04-04 11:49:42|gpt|web_search|13|JSON_VERIFIED||3323|fea5b95d-fbba-4179-934a-a261570bab49
2026-04-04 11:49:42|gpt|web_search|13|QUESTION|43|3323|fea5b95d-fbba-4179-934a-a261570bab49
2026-04-04 11:49:42|gpt|web_search|13|JSON_SAVED||3323|fea5b95d-fbba-4179-934a-a261570bab49
2026-04-04 11:49:42|gpt|web_search|13|QUESTION_ADVANCE||3324|fe62ebd6-9cf8-47b8-82d4-a8ed109de30f
2026-04-04 11:50:01|gpt|web_search|10|JSON_VERIFIED||3018|2bad63a7-8964-4a9f-b0c3-4f2b4239a99e
2026-04-04 11:50:01|gpt|web_search|10|QUESTION|46|3018|2bad63a7-8964-4a9f-b0c3-4f2b4239a99e
2026-04-04 11:50:01|gpt|web_search|10|JSON_SAVED||3018|2bad63a7-8964-4a9f-b0c3-4f2b4239a99e
2026-04-04 11:50:01|gpt|web_search|10|QUESTION_ADVANCE||3019|072b15fc-9b08-4214-8c0a-51a78babdf8d
2026-04-04 11:50:59|gpt|web_search|11|QUESTION_SENT||3168|557253c6-db10-45cf-ac16-2299d441b78f
2026-04-04 11:51:36|gpt|web_search|11|JSON_VERIFIED||3168|557253c6-db10-45cf-ac16-2299d441b78f
2026-04-04 11:51:36|gpt|web_search|11|QUESTION|46|3168|557253c6-db10-45cf-ac16-2299d441b78f
2026-04-04 11:51:36|gpt|web_search|11|JSON_SAVED||3168|557253c6-db10-45cf-ac16-2299d441b78f
2026-04-04 11:51:36|gpt|web_search|11|QUESTION_ADVANCE||3169|07520ef9-cf8b-4794-b2db-762843c97133
2026-04-04 11:52:53|gpt|web_search|13|QUESTION_SENT||3324|fe62ebd6-9cf8-47b8-82d4-a8ed109de30f
2026-04-04 11:53:01|gpt|web_search|10|QUESTION_SENT||3019|072b15fc-9b08-4214-8c0a-51a78babdf8d
2026-04-04 11:53:28|gpt|web_search|13|JSON_VERIFIED||3324|fe62ebd6-9cf8-47b8-82d4-a8ed109de30f
2026-04-04 11:53:28|gpt|web_search|13|QUESTION|44|3324|fe62ebd6-9cf8-47b8-82d4-a8ed109de30f
2026-04-04 11:53:28|gpt|web_search|13|JSON_SAVED||3324|fe62ebd6-9cf8-47b8-82d4-a8ed109de30f
2026-04-04 11:53:28|gpt|web_search|13|QUESTION_ADVANCE||3325|60d6b993-bcd9-43df-8d9d-917a90a29e9d
2026-04-04 11:53:39|gpt|web_search|10|JSON_VERIFIED||3019|072b15fc-9b08-4214-8c0a-51a78babdf8d
2026-04-04 11:53:39|gpt|web_search|10|QUESTION|47|3019|072b15fc-9b08-4214-8c0a-51a78babdf8d
2026-04-04 11:53:39|gpt|web_search|10|JSON_SAVED||3019|072b15fc-9b08-4214-8c0a-51a78babdf8d
2026-04-04 11:53:39|gpt|web_search|10|QUESTION_ADVANCE||3020|78ded7e9-6f3c-419a-9da8-4fb89a9b92a9
2026-04-04 11:54:36|gpt|web_search|11|QUESTION_SENT||3169|07520ef9-cf8b-4794-b2db-762843c97133
2026-04-04 11:55:17|gpt|web_search|11|JSON_VERIFIED||3169|07520ef9-cf8b-4794-b2db-762843c97133
2026-04-04 11:55:17|gpt|web_search|11|QUESTION|47|3169|07520ef9-cf8b-4794-b2db-762843c97133
2026-04-04 11:55:17|gpt|web_search|11|JSON_SAVED||3169|07520ef9-cf8b-4794-b2db-762843c97133
2026-04-04 11:55:17|gpt|web_search|11|QUESTION_ADVANCE||3170|e015ae84-ff4e-4126-a420-0efaf94e6d4a
2026-04-04 11:56:26|gpt|web_search|13|QUESTION_SENT||3325|60d6b993-bcd9-43df-8d9d-917a90a29e9d
2026-04-04 11:56:35|gpt|web_search|10|QUESTION_SENT||3020|78ded7e9-6f3c-419a-9da8-4fb89a9b92a9
2026-04-04 11:56:57|gpt|web_search|13|JSON_VERIFIED||3325|60d6b993-bcd9-43df-8d9d-917a90a29e9d
2026-04-04 11:56:57|gpt|web_search|13|QUESTION|45|3325|60d6b993-bcd9-43df-8d9d-917a90a29e9d
2026-04-04 11:56:57|gpt|web_search|13|JSON_SAVED||3325|60d6b993-bcd9-43df-8d9d-917a90a29e9d
2026-04-04 11:56:57|gpt|web_search|13|QUESTION_ADVANCE||3326|84c91f98-625f-40fa-a1f8-014c5e25915a
2026-04-04 11:57:11|gpt|web_search|10|JSON_VERIFIED||3020|78ded7e9-6f3c-419a-9da8-4fb89a9b92a9
2026-04-04 11:57:11|gpt|web_search|10|QUESTION|48|3020|78ded7e9-6f3c-419a-9da8-4fb89a9b92a9
2026-04-04 11:57:11|gpt|web_search|10|JSON_SAVED||3020|78ded7e9-6f3c-419a-9da8-4fb89a9b92a9
2026-04-04 11:57:11|gpt|web_search|10|QUESTION_ADVANCE||3021|9969cd14-9de1-4603-8b07-1db05c4574d5
2026-04-04 11:58:13|gpt|web_search|11|QUESTION_SENT||3170|e015ae84-ff4e-4126-a420-0efaf94e6d4a
2026-04-04 11:58:53|gpt|web_search|11|JSON_VERIFIED||3170|e015ae84-ff4e-4126-a420-0efaf94e6d4a
2026-04-04 11:58:53|gpt|web_search|11|QUESTION|48|3170|e015ae84-ff4e-4126-a420-0efaf94e6d4a
2026-04-04 11:58:53|gpt|web_search|11|JSON_SAVED||3170|e015ae84-ff4e-4126-a420-0efaf94e6d4a
2026-04-04 11:58:53|gpt|web_search|11|QUESTION_ADVANCE||3171|b43b5708-e58f-404f-82cf-1f75ce14f84e
2026-04-04 11:59:59|gpt|web_search|13|QUESTION_SENT||3326|84c91f98-625f-40fa-a1f8-014c5e25915a
2026-04-04 12:00:10|gpt|web_search|10|QUESTION_SENT||3021|9969cd14-9de1-4603-8b07-1db05c4574d5
2026-04-04 12:00:36|gpt|web_search|13|JSON_VERIFIED||3326|84c91f98-625f-40fa-a1f8-014c5e25915a
2026-04-04 12:00:36|gpt|web_search|13|QUESTION|46|3326|84c91f98-625f-40fa-a1f8-014c5e25915a
2026-04-04 12:00:36|gpt|web_search|13|JSON_SAVED||3326|84c91f98-625f-40fa-a1f8-014c5e25915a
2026-04-04 12:00:36|gpt|web_search|13|QUESTION_ADVANCE||3327|e3a4e93a-8685-4606-a0ae-5b0d501c8fff
2026-04-04 12:00:46|gpt|web_search|10|JSON_VERIFIED||3021|9969cd14-9de1-4603-8b07-1db05c4574d5
2026-04-04 12:00:46|gpt|web_search|10|QUESTION|49|3021|9969cd14-9de1-4603-8b07-1db05c4574d5
2026-04-04 12:00:46|gpt|web_search|10|JSON_SAVED||3021|9969cd14-9de1-4603-8b07-1db05c4574d5
2026-04-04 12:00:46|gpt|web_search|10|QUESTION_ADVANCE||3022|527c1fad-5f1a-4621-b37f-cdc23be52247
2026-04-04 12:01:50|gpt|web_search|11|QUESTION_SENT||3171|b43b5708-e58f-404f-82cf-1f75ce14f84e
2026-04-04 12:02:30|gpt|web_search|11|JSON_VERIFIED||3171|b43b5708-e58f-404f-82cf-1f75ce14f84e
2026-04-04 12:02:30|gpt|web_search|11|QUESTION|49|3171|b43b5708-e58f-404f-82cf-1f75ce14f84e
2026-04-04 12:02:30|gpt|web_search|11|JSON_SAVED||3171|b43b5708-e58f-404f-82cf-1f75ce14f84e
2026-04-04 12:02:30|gpt|web_search|11|QUESTION_ADVANCE||3172|25e77aae-a391-4e1b-9425-8e79248d857f
2026-04-04 12:03:32|gpt|web_search|13|QUESTION_SENT||3327|e3a4e93a-8685-4606-a0ae-5b0d501c8fff
2026-04-04 12:03:45|gpt|web_search|10|QUESTION_SENT||3022|527c1fad-5f1a-4621-b37f-cdc23be52247
2026-04-04 12:04:07|gpt|web_search|13|JSON_VERIFIED||3327|e3a4e93a-8685-4606-a0ae-5b0d501c8fff
2026-04-04 12:04:07|gpt|web_search|13|QUESTION|47|3327|e3a4e93a-8685-4606-a0ae-5b0d501c8fff
2026-04-04 12:04:07|gpt|web_search|13|JSON_SAVED||3327|e3a4e93a-8685-4606-a0ae-5b0d501c8fff
2026-04-04 12:04:07|gpt|web_search|13|QUESTION_ADVANCE||3328|bec172d6-4d43-4591-94d6-d1dd0eee58e2
2026-04-04 12:04:24|gpt|web_search|10|JSON_VERIFIED||3022|527c1fad-5f1a-4621-b37f-cdc23be52247
2026-04-04 12:04:24|gpt|web_search|10|QUESTION|50|3022|527c1fad-5f1a-4621-b37f-cdc23be52247
2026-04-04 12:04:24|gpt|web_search|10|JSON_SAVED||3022|527c1fad-5f1a-4621-b37f-cdc23be52247
2026-04-04 12:04:24|gpt|web_search|10|QUESTION_ADVANCE||3023|c6469edb-6919-4e67-98d7-46fa9b7d96a1
2026-04-04 12:05:27|gpt|web_search|11|QUESTION_SENT||3172|25e77aae-a391-4e1b-9425-8e79248d857f
2026-04-04 12:06:02|gpt|web_search|11|JSON_VERIFY_FAILED||3172|25e77aae-a391-4e1b-9425-8e79248d857f
2026-04-04 12:06:02|gpt|web_search|11|QUESTION|50|3172|25e77aae-a391-4e1b-9425-8e79248d857f
2026-04-04 12:07:05|gpt|web_search|13|QUESTION_SENT||3328|bec172d6-4d43-4591-94d6-d1dd0eee58e2
2026-04-04 12:07:20|gpt|web_search|10|QUESTION_SENT||3023|c6469edb-6919-4e67-98d7-46fa9b7d96a1
2026-04-04 12:07:42|gpt|web_search|13|JSON_VERIFIED||3328|bec172d6-4d43-4591-94d6-d1dd0eee58e2
2026-04-04 12:07:42|gpt|web_search|13|QUESTION|48|3328|bec172d6-4d43-4591-94d6-d1dd0eee58e2
2026-04-04 12:07:42|gpt|web_search|13|JSON_SAVED||3328|bec172d6-4d43-4591-94d6-d1dd0eee58e2
2026-04-04 12:07:42|gpt|web_search|13|QUESTION_ADVANCE||3329|c103e430-8be8-48d8-86ec-4c396e248537
2026-04-04 12:07:57|gpt|web_search|10|JSON_VERIFIED||3023|c6469edb-6919-4e67-98d7-46fa9b7d96a1
2026-04-04 12:07:57|gpt|web_search|10|QUESTION|51|3023|c6469edb-6919-4e67-98d7-46fa9b7d96a1
2026-04-04 12:07:57|gpt|web_search|10|JSON_SAVED||3023|c6469edb-6919-4e67-98d7-46fa9b7d96a1
2026-04-04 12:07:57|gpt|web_search|10|QUESTION_ADVANCE||3024|8c9796cd-f35e-4089-aa09-dae0c3e0dcfa
2026-04-04 12:09:04|gpt|web_search|11|QUESTION_SENT||3172|25e77aae-a391-4e1b-9425-8e79248d857f
2026-04-04 12:09:36|gpt|web_search|11|JSON_VERIFIED||3172|25e77aae-a391-4e1b-9425-8e79248d857f
2026-04-04 12:09:36|gpt|web_search|11|QUESTION|51|3172|25e77aae-a391-4e1b-9425-8e79248d857f
2026-04-04 12:09:36|gpt|web_search|11|JSON_SAVED||3172|25e77aae-a391-4e1b-9425-8e79248d857f
2026-04-04 12:09:36|gpt|web_search|11|QUESTION_ADVANCE||3173|2c55857a-6e78-4828-9475-fbee0c4ba18d
2026-04-04 12:10:38|gpt|web_search|13|QUESTION_SENT||3329|c103e430-8be8-48d8-86ec-4c396e248537
2026-04-04 12:10:55|gpt|web_search|10|QUESTION_SENT||3024|8c9796cd-f35e-4089-aa09-dae0c3e0dcfa
2026-04-04 12:11:16|gpt|web_search|13|JSON_VERIFIED||3329|c103e430-8be8-48d8-86ec-4c396e248537
2026-04-04 12:11:16|gpt|web_search|13|QUESTION|49|3329|c103e430-8be8-48d8-86ec-4c396e248537
2026-04-04 12:11:16|gpt|web_search|13|JSON_SAVED||3329|c103e430-8be8-48d8-86ec-4c396e248537
2026-04-04 12:11:16|gpt|web_search|13|QUESTION_ADVANCE||3330|08fb1f09-edf7-4016-bf77-7d0c940b3c66
2026-04-04 12:11:32|gpt|web_search|10|JSON_VERIFIED||3024|8c9796cd-f35e-4089-aa09-dae0c3e0dcfa
2026-04-04 12:11:32|gpt|web_search|10|QUESTION|52|3024|8c9796cd-f35e-4089-aa09-dae0c3e0dcfa
2026-04-04 12:11:32|gpt|web_search|10|JSON_SAVED||3024|8c9796cd-f35e-4089-aa09-dae0c3e0dcfa
2026-04-04 12:11:32|gpt|web_search|10|QUESTION_ADVANCE||3025|184dafc9-49e8-40e5-a66e-c632f474f35a
2026-04-04 12:12:41|gpt|web_search|11|QUESTION_SENT||3173|2c55857a-6e78-4828-9475-fbee0c4ba18d
2026-04-04 12:13:16|gpt|web_search|11|JSON_VERIFIED||3173|2c55857a-6e78-4828-9475-fbee0c4ba18d
2026-04-04 12:13:16|gpt|web_search|11|QUESTION|52|3173|2c55857a-6e78-4828-9475-fbee0c4ba18d
2026-04-04 12:13:16|gpt|web_search|11|JSON_SAVED||3173|2c55857a-6e78-4828-9475-fbee0c4ba18d
2026-04-04 12:13:16|gpt|web_search|11|QUESTION_ADVANCE||3174|5836e40c-58e2-4d42-9a05-98fbe4898c11
2026-04-04 12:14:10|gpt|web_search|13|QUESTION_SENT||3330|08fb1f09-edf7-4016-bf77-7d0c940b3c66
2026-04-04 12:14:30|gpt|web_search|10|QUESTION_SENT||3025|184dafc9-49e8-40e5-a66e-c632f474f35a
2026-04-04 12:14:47|gpt|web_search|13|JSON_VERIFIED||3330|08fb1f09-edf7-4016-bf77-7d0c940b3c66
2026-04-04 12:14:47|gpt|web_search|13|QUESTION|50|3330|08fb1f09-edf7-4016-bf77-7d0c940b3c66
2026-04-04 12:14:47|gpt|web_search|13|JSON_SAVED||3330|08fb1f09-edf7-4016-bf77-7d0c940b3c66
2026-04-04 12:14:47|gpt|web_search|13|QUESTION_ADVANCE||3331|f739a978-5e8d-413f-b2a7-3d754f221fbd
2026-04-04 12:15:08|gpt|web_search|10|JSON_VERIFIED||3025|184dafc9-49e8-40e5-a66e-c632f474f35a
2026-04-04 12:15:08|gpt|web_search|10|QUESTION|53|3025|184dafc9-49e8-40e5-a66e-c632f474f35a
2026-04-04 12:15:08|gpt|web_search|10|JSON_SAVED||3025|184dafc9-49e8-40e5-a66e-c632f474f35a
2026-04-04 12:15:08|gpt|web_search|10|QUESTION_ADVANCE||3026|da43136f-ba4a-4382-b92b-cb1bd46b91e2
2026-04-04 12:16:18|gpt|web_search|11|QUESTION_SENT||3174|5836e40c-58e2-4d42-9a05-98fbe4898c11
2026-04-04 12:16:55|gpt|web_search|11|JSON_VERIFIED||3174|5836e40c-58e2-4d42-9a05-98fbe4898c11
2026-04-04 12:16:55|gpt|web_search|11|QUESTION|53|3174|5836e40c-58e2-4d42-9a05-98fbe4898c11
2026-04-04 12:16:55|gpt|web_search|11|JSON_SAVED||3174|5836e40c-58e2-4d42-9a05-98fbe4898c11
2026-04-04 12:16:55|gpt|web_search|11|QUESTION_ADVANCE||3175|26cd328b-2355-4b1a-af35-0825cbcd4bc0
2026-04-04 12:17:43|gpt|web_search|13|QUESTION_SENT||3331|f739a978-5e8d-413f-b2a7-3d754f221fbd
2026-04-04 12:18:05|gpt|web_search|10|QUESTION_SENT||3026|da43136f-ba4a-4382-b92b-cb1bd46b91e2
2026-04-04 12:18:19|gpt|web_search|13|JSON_VERIFIED||3331|f739a978-5e8d-413f-b2a7-3d754f221fbd
2026-04-04 12:18:19|gpt|web_search|13|QUESTION|51|3331|f739a978-5e8d-413f-b2a7-3d754f221fbd
2026-04-04 12:18:19|gpt|web_search|13|JSON_SAVED||3331|f739a978-5e8d-413f-b2a7-3d754f221fbd
2026-04-04 12:18:19|gpt|web_search|13|QUESTION_ADVANCE||3332|790da44b-8dde-44f3-84db-ad9cda28fcd9
2026-04-04 12:18:40|gpt|web_search|10|JSON_VERIFIED||3026|da43136f-ba4a-4382-b92b-cb1bd46b91e2
2026-04-04 12:18:40|gpt|web_search|10|QUESTION|54|3026|da43136f-ba4a-4382-b92b-cb1bd46b91e2
2026-04-04 12:18:40|gpt|web_search|10|JSON_SAVED||3026|da43136f-ba4a-4382-b92b-cb1bd46b91e2
2026-04-04 12:18:40|gpt|web_search|10|QUESTION_ADVANCE||3027|418f16e2-6ad5-4d36-a2cc-675d94213a9f
2026-04-04 12:19:55|gpt|web_search|11|QUESTION_SENT||3175|26cd328b-2355-4b1a-af35-0825cbcd4bc0
2026-04-04 12:20:29|gpt|web_search|11|JSON_VERIFIED||3175|26cd328b-2355-4b1a-af35-0825cbcd4bc0
2026-04-04 12:20:29|gpt|web_search|11|QUESTION|54|3175|26cd328b-2355-4b1a-af35-0825cbcd4bc0
2026-04-04 12:20:29|gpt|web_search|11|JSON_SAVED||3175|26cd328b-2355-4b1a-af35-0825cbcd4bc0
2026-04-04 12:20:29|gpt|web_search|11|QUESTION_ADVANCE||3176|adc0dd02-8741-440c-b484-62ad730d94ff
2026-04-04 12:21:16|gpt|web_search|13|QUESTION_SENT||3332|790da44b-8dde-44f3-84db-ad9cda28fcd9
2026-04-04 12:21:40|gpt|web_search|10|QUESTION_SENT||3027|418f16e2-6ad5-4d36-a2cc-675d94213a9f
2026-04-04 12:21:50|gpt|web_search|13|JSON_VERIFY_FAILED||3332|790da44b-8dde-44f3-84db-ad9cda28fcd9
2026-04-04 12:21:50|gpt|web_search|13|QUESTION|52|3332|790da44b-8dde-44f3-84db-ad9cda28fcd9
2026-04-04 12:22:00|gpt|web_search|13|QUESTION_SENT||3332|790da44b-8dde-44f3-84db-ad9cda28fcd9
2026-04-04 12:22:18|gpt|web_search|10|JSON_VERIFIED||3027|418f16e2-6ad5-4d36-a2cc-675d94213a9f
2026-04-04 12:22:18|gpt|web_search|10|QUESTION|55|3027|418f16e2-6ad5-4d36-a2cc-675d94213a9f
2026-04-04 12:22:18|gpt|web_search|10|JSON_SAVED||3027|418f16e2-6ad5-4d36-a2cc-675d94213a9f
2026-04-04 12:22:18|gpt|web_search|10|QUESTION_ADVANCE||3028|97852a53-df6e-4753-a490-75465b79fd2d
2026-04-04 12:22:27|gpt|web_search|13|JSON_VERIFIED||3332|790da44b-8dde-44f3-84db-ad9cda28fcd9
2026-04-04 12:22:27|gpt|web_search|13|QUESTION|53|3332|790da44b-8dde-44f3-84db-ad9cda28fcd9
2026-04-04 12:22:27|gpt|web_search|13|JSON_SAVED||3332|790da44b-8dde-44f3-84db-ad9cda28fcd9
2026-04-04 12:22:27|gpt|web_search|13|QUESTION_ADVANCE||3333|9b3e9708-4863-407d-936b-d5ab5b42ca6b
2026-04-04 12:23:32|gpt|web_search|11|QUESTION_SENT||3176|adc0dd02-8741-440c-b484-62ad730d94ff
2026-04-04 12:24:10|gpt|web_search|11|JSON_VERIFIED||3176|adc0dd02-8741-440c-b484-62ad730d94ff
2026-04-04 12:24:10|gpt|web_search|11|QUESTION|55|3176|adc0dd02-8741-440c-b484-62ad730d94ff
2026-04-04 12:24:10|gpt|web_search|11|JSON_SAVED||3176|adc0dd02-8741-440c-b484-62ad730d94ff
2026-04-04 12:24:10|gpt|web_search|11|QUESTION_ADVANCE||3177|2adf64d6-dfb3-4a2d-8368-e989b99c4218
2026-04-04 12:25:15|gpt|web_search|10|QUESTION_SENT||3028|97852a53-df6e-4753-a490-75465b79fd2d
2026-04-04 12:25:33|gpt|web_search|13|QUESTION_SENT||3333|9b3e9708-4863-407d-936b-d5ab5b42ca6b
2026-04-04 12:26:06|gpt|web_search|13|JSON_VERIFIED||3333|9b3e9708-4863-407d-936b-d5ab5b42ca6b
2026-04-04 12:26:06|gpt|web_search|13|QUESTION|54|3333|9b3e9708-4863-407d-936b-d5ab5b42ca6b
2026-04-04 12:26:06|gpt|web_search|13|JSON_SAVED||3333|9b3e9708-4863-407d-936b-d5ab5b42ca6b
2026-04-04 12:26:06|gpt|web_search|13|QUESTION_ADVANCE||3334|156996fb-db30-4502-93ac-971d72b78207
2026-04-04 12:27:09|gpt|web_search|11|QUESTION_SENT||3177|2adf64d6-dfb3-4a2d-8368-e989b99c4218
2026-04-04 12:27:50|gpt|web_search|11|JSON_VERIFIED||3177|2adf64d6-dfb3-4a2d-8368-e989b99c4218
2026-04-04 12:27:50|gpt|web_search|11|QUESTION|56|3177|2adf64d6-dfb3-4a2d-8368-e989b99c4218
2026-04-04 12:27:50|gpt|web_search|11|JSON_SAVED||3177|2adf64d6-dfb3-4a2d-8368-e989b99c4218
2026-04-04 12:27:50|gpt|web_search|11|QUESTION_ADVANCE||3178|ffaf9e33-08e2-456c-b86f-8b67bfdac5a4
2026-04-04 12:28:50|gpt|web_search|10|QUESTION_SENT||3028|97852a53-df6e-4753-a490-75465b79fd2d
2026-04-04 12:29:06|gpt|web_search|13|QUESTION_SENT||3334|156996fb-db30-4502-93ac-971d72b78207
2026-04-04 12:29:28|gpt|web_search|10|JSON_VERIFIED||3028|97852a53-df6e-4753-a490-75465b79fd2d
2026-04-04 12:29:28|gpt|web_search|10|QUESTION|56|3028|97852a53-df6e-4753-a490-75465b79fd2d
2026-04-04 12:29:28|gpt|web_search|10|JSON_SAVED||3028|97852a53-df6e-4753-a490-75465b79fd2d
2026-04-04 12:29:28|gpt|web_search|10|QUESTION_ADVANCE||3029|ffb291f1-adb7-44a7-9b46-2cb488a49324
2026-04-04 12:29:43|gpt|web_search|13|JSON_VERIFIED||3334|156996fb-db30-4502-93ac-971d72b78207
2026-04-04 12:29:43|gpt|web_search|13|QUESTION|55|3334|156996fb-db30-4502-93ac-971d72b78207
2026-04-04 12:29:43|gpt|web_search|13|JSON_SAVED||3334|156996fb-db30-4502-93ac-971d72b78207
2026-04-04 12:29:43|gpt|web_search|13|QUESTION_ADVANCE||3335|4e2f903c-28af-4b36-a7a7-73defd3ae489
2026-04-04 12:30:46|gpt|web_search|11|QUESTION_SENT||3178|ffaf9e33-08e2-456c-b86f-8b67bfdac5a4
2026-04-04 12:31:24|gpt|web_search|11|JSON_VERIFIED||3178|ffaf9e33-08e2-456c-b86f-8b67bfdac5a4
2026-04-04 12:31:24|gpt|web_search|11|QUESTION|57|3178|ffaf9e33-08e2-456c-b86f-8b67bfdac5a4
2026-04-04 12:31:24|gpt|web_search|11|JSON_SAVED||3178|ffaf9e33-08e2-456c-b86f-8b67bfdac5a4
2026-04-04 12:31:24|gpt|web_search|11|QUESTION_ADVANCE||3179|424890bb-aa79-42f2-8f00-514d568944f1
2026-04-04 12:32:25|gpt|web_search|10|QUESTION_SENT||3029|ffb291f1-adb7-44a7-9b46-2cb488a49324
2026-04-04 12:32:39|gpt|web_search|13|QUESTION_SENT||3335|4e2f903c-28af-4b36-a7a7-73defd3ae489
2026-04-04 12:33:17|gpt|web_search|13|JSON_VERIFIED||3335|4e2f903c-28af-4b36-a7a7-73defd3ae489
2026-04-04 12:33:17|gpt|web_search|13|QUESTION|56|3335|4e2f903c-28af-4b36-a7a7-73defd3ae489
2026-04-04 12:33:17|gpt|web_search|13|JSON_SAVED||3335|4e2f903c-28af-4b36-a7a7-73defd3ae489
2026-04-04 12:33:17|gpt|web_search|13|QUESTION_ADVANCE||3336|fbcb5d8c-fbe9-4ca9-b2ae-9d4b5e8e52ff
2026-04-04 12:34:23|gpt|web_search|11|QUESTION_SENT||3179|424890bb-aa79-42f2-8f00-514d568944f1
2026-04-04 12:34:59|gpt|web_search|11|JSON_VERIFIED||3179|424890bb-aa79-42f2-8f00-514d568944f1
2026-04-04 12:34:59|gpt|web_search|11|QUESTION|58|3179|424890bb-aa79-42f2-8f00-514d568944f1
2026-04-04 12:34:59|gpt|web_search|11|JSON_SAVED||3179|424890bb-aa79-42f2-8f00-514d568944f1
2026-04-04 12:35:00|gpt|web_search|11|QUESTION_ADVANCE||3180|f9146471-bdfd-4684-8b1e-234deff313ef
2026-04-04 12:36:00|gpt|web_search|10|QUESTION_SENT||3029|ffb291f1-adb7-44a7-9b46-2cb488a49324
2026-04-04 12:36:12|gpt|web_search|13|QUESTION_SENT||3336|fbcb5d8c-fbe9-4ca9-b2ae-9d4b5e8e52ff
2026-04-04 12:36:37|gpt|web_search|10|JSON_VERIFIED||3029|ffb291f1-adb7-44a7-9b46-2cb488a49324
2026-04-04 12:36:37|gpt|web_search|10|QUESTION|57|3029|ffb291f1-adb7-44a7-9b46-2cb488a49324
2026-04-04 12:36:37|gpt|web_search|10|JSON_SAVED||3029|ffb291f1-adb7-44a7-9b46-2cb488a49324
2026-04-04 12:36:37|gpt|web_search|10|QUESTION_ADVANCE||3030|2f29b164-8484-4bf6-9a25-a31e02799ec0
2026-04-04 12:36:39|gpt|web_search|13|JSON_VERIFY_FAILED||3336|fbcb5d8c-fbe9-4ca9-b2ae-9d4b5e8e52ff
2026-04-04 12:36:39|gpt|web_search|13|QUESTION|57|3336|fbcb5d8c-fbe9-4ca9-b2ae-9d4b5e8e52ff
2026-04-04 12:36:49|gpt|web_search|13|QUESTION_SENT||3336|fbcb5d8c-fbe9-4ca9-b2ae-9d4b5e8e52ff
2026-04-04 12:37:04|gpt|web_search|13|JSON_VERIFY_FAILED||3336|fbcb5d8c-fbe9-4ca9-b2ae-9d4b5e8e52ff
2026-04-04 12:37:04|gpt|web_search|13|QUESTION|58|3336|fbcb5d8c-fbe9-4ca9-b2ae-9d4b5e8e52ff
2026-04-04 12:38:00|gpt|web_search|11|QUESTION_SENT||3180|f9146471-bdfd-4684-8b1e-234deff313ef
2026-04-04 12:38:39|gpt|web_search|11|JSON_VERIFIED||3180|f9146471-bdfd-4684-8b1e-234deff313ef
2026-04-04 12:38:39|gpt|web_search|11|QUESTION|59|3180|f9146471-bdfd-4684-8b1e-234deff313ef
2026-04-04 12:38:39|gpt|web_search|11|JSON_SAVED||3180|f9146471-bdfd-4684-8b1e-234deff313ef
2026-04-04 12:38:39|gpt|web_search|11|QUESTION_ADVANCE||3181|d4ceb24f-5d9f-4b1f-888e-bd0ccd08eb40
2026-04-04 12:39:32|gpt|web_search|13|QUESTION_SENT||3336|fbcb5d8c-fbe9-4ca9-b2ae-9d4b5e8e52ff
2026-04-04 12:39:35|gpt|web_search|10|QUESTION_SENT||3030|2f29b164-8484-4bf6-9a25-a31e02799ec0
2026-04-04 12:40:12|gpt|web_search|10|JSON_VERIFIED||3030|2f29b164-8484-4bf6-9a25-a31e02799ec0
2026-04-04 12:40:12|gpt|web_search|10|QUESTION|58|3030|2f29b164-8484-4bf6-9a25-a31e02799ec0
2026-04-04 12:40:12|gpt|web_search|10|JSON_SAVED||3030|2f29b164-8484-4bf6-9a25-a31e02799ec0
2026-04-04 12:40:12|gpt|web_search|10|QUESTION_ADVANCE||3031|dd043749-ba64-47fa-b382-c00ccc43b776
2026-04-04 12:40:30|gpt|web_search|13|JSON_VERIFY_FAILED||3336|fbcb5d8c-fbe9-4ca9-b2ae-9d4b5e8e52ff
2026-04-04 12:40:31|gpt|web_search|13|QUESTION|59|3336|fbcb5d8c-fbe9-4ca9-b2ae-9d4b5e8e52ff
2026-04-04 12:40:40|gpt|web_search|13|QUESTION_SENT||3336|fbcb5d8c-fbe9-4ca9-b2ae-9d4b5e8e52ff
2026-04-04 12:41:06|gpt|web_search|13|JSON_VERIFIED||3336|fbcb5d8c-fbe9-4ca9-b2ae-9d4b5e8e52ff
2026-04-04 12:41:06|gpt|web_search|13|QUESTION|60|3336|fbcb5d8c-fbe9-4ca9-b2ae-9d4b5e8e52ff
2026-04-04 12:41:06|gpt|web_search|13|JSON_SAVED||3336|fbcb5d8c-fbe9-4ca9-b2ae-9d4b5e8e52ff
2026-04-04 12:41:06|gpt|web_search|13|QUESTION_ADVANCE||3337|70924fbe-6ee4-438d-bc00-f8ce3fafe483
2026-04-04 12:41:36|gpt|web_search|11|QUESTION_SENT||3181|d4ceb24f-5d9f-4b1f-888e-bd0ccd08eb40
2026-04-04 12:42:13|gpt|web_search|11|JSON_VERIFIED||3181|d4ceb24f-5d9f-4b1f-888e-bd0ccd08eb40
2026-04-04 12:42:13|gpt|web_search|11|QUESTION|60|3181|d4ceb24f-5d9f-4b1f-888e-bd0ccd08eb40
2026-04-04 12:42:13|gpt|web_search|11|JSON_SAVED||3181|d4ceb24f-5d9f-4b1f-888e-bd0ccd08eb40
2026-04-04 12:42:13|gpt|web_search|11|QUESTION_ADVANCE||3182|1573ba75-25af-4c90-954d-4e9389557573
2026-04-04 12:43:10|gpt|web_search|10|QUESTION_SENT||3031|dd043749-ba64-47fa-b382-c00ccc43b776
2026-04-04 12:43:37|gpt|web_search|10|JSON_VERIFY_FAILED||3031|dd043749-ba64-47fa-b382-c00ccc43b776
2026-04-04 12:43:37|gpt|web_search|10|QUESTION|59|3031|dd043749-ba64-47fa-b382-c00ccc43b776
2026-04-04 12:43:47|gpt|web_search|10|QUESTION_SENT||3031|dd043749-ba64-47fa-b382-c00ccc43b776
2026-04-04 12:44:04|gpt|web_search|10|JSON_VERIFY_FAILED||3031|dd043749-ba64-47fa-b382-c00ccc43b776
2026-04-04 12:44:04|gpt|web_search|10|QUESTION|60|3031|dd043749-ba64-47fa-b382-c00ccc43b776
2026-04-04 12:44:13|gpt|web_search|13|QUESTION_SENT||3337|70924fbe-6ee4-438d-bc00-f8ce3fafe483
2026-04-04 12:45:13|gpt|web_search|11|QUESTION_SENT||3182|1573ba75-25af-4c90-954d-4e9389557573
2026-04-04 12:45:51|gpt|web_search|11|JSON_VERIFIED||3182|1573ba75-25af-4c90-954d-4e9389557573
2026-04-04 12:45:51|gpt|web_search|11|QUESTION|61|3182|1573ba75-25af-4c90-954d-4e9389557573
2026-04-04 12:45:51|gpt|web_search|11|JSON_SAVED||3182|1573ba75-25af-4c90-954d-4e9389557573
2026-04-04 12:45:51|gpt|web_search|11|QUESTION_ADVANCE||3183|08bc91c6-2c0e-4d66-b3c1-dbc6eabed180
2026-04-04 12:46:32|gpt|web_search|10|QUESTION_SENT||3031|dd043749-ba64-47fa-b382-c00ccc43b776
2026-04-04 12:47:11|gpt|web_search|10|JSON_VERIFIED||3031|dd043749-ba64-47fa-b382-c00ccc43b776
2026-04-04 12:47:11|gpt|web_search|10|QUESTION|61|3031|dd043749-ba64-47fa-b382-c00ccc43b776
2026-04-04 12:47:11|gpt|web_search|10|JSON_SAVED||3031|dd043749-ba64-47fa-b382-c00ccc43b776
2026-04-04 12:47:11|gpt|web_search|10|QUESTION_ADVANCE||3032|02edc85d-f763-471b-b64b-6add6cc6701c
2026-04-04 12:47:46|gpt|web_search|13|QUESTION_SENT||3337|70924fbe-6ee4-438d-bc00-f8ce3fafe483
2026-04-04 12:48:24|gpt|web_search|13|JSON_VERIFIED||3337|70924fbe-6ee4-438d-bc00-f8ce3fafe483
2026-04-04 12:48:24|gpt|web_search|13|QUESTION|61|3337|70924fbe-6ee4-438d-bc00-f8ce3fafe483
2026-04-04 12:48:24|gpt|web_search|13|JSON_SAVED||3337|70924fbe-6ee4-438d-bc00-f8ce3fafe483
2026-04-04 12:48:24|gpt|web_search|13|QUESTION_ADVANCE||3338|482e8c42-d4c4-4b20-a087-08db4ad2bd79
2026-04-04 12:48:50|gpt|web_search|11|QUESTION_SENT||3183|08bc91c6-2c0e-4d66-b3c1-dbc6eabed180
2026-04-04 12:50:06|gpt|web_search|10|QUESTION_SENT||3032|02edc85d-f763-471b-b64b-6add6cc6701c
2026-04-04 12:50:43|gpt|web_search|10|JSON_VERIFIED||3032|02edc85d-f763-471b-b64b-6add6cc6701c
2026-04-04 12:50:43|gpt|web_search|10|QUESTION|62|3032|02edc85d-f763-471b-b64b-6add6cc6701c
2026-04-04 12:50:43|gpt|web_search|10|JSON_SAVED||3032|02edc85d-f763-471b-b64b-6add6cc6701c
2026-04-04 12:50:43|gpt|web_search|10|QUESTION_ADVANCE||3033|7b7ccdeb-f69f-4ef6-b91d-053827452bd9
2026-04-04 12:51:19|gpt|web_search|13|QUESTION_SENT||3338|482e8c42-d4c4-4b20-a087-08db4ad2bd79
2026-04-04 12:51:56|gpt|web_search|13|JSON_VERIFIED||3338|482e8c42-d4c4-4b20-a087-08db4ad2bd79
2026-04-04 12:51:56|gpt|web_search|13|QUESTION|62|3338|482e8c42-d4c4-4b20-a087-08db4ad2bd79
2026-04-04 12:51:56|gpt|web_search|13|JSON_SAVED||3338|482e8c42-d4c4-4b20-a087-08db4ad2bd79
2026-04-04 12:51:56|gpt|web_search|13|QUESTION_ADVANCE||3339|3eb8ea98-ce4f-4f54-a1bd-f0950be32c92
2026-04-04 12:52:27|gpt|web_search|11|QUESTION_SENT||3183|08bc91c6-2c0e-4d66-b3c1-dbc6eabed180
2026-04-04 12:53:04|gpt|web_search|11|JSON_VERIFIED||3183|08bc91c6-2c0e-4d66-b3c1-dbc6eabed180
2026-04-04 12:53:04|gpt|web_search|11|QUESTION|62|3183|08bc91c6-2c0e-4d66-b3c1-dbc6eabed180
2026-04-04 12:53:04|gpt|web_search|11|JSON_SAVED||3183|08bc91c6-2c0e-4d66-b3c1-dbc6eabed180
2026-04-04 12:53:04|gpt|web_search|11|QUESTION_ADVANCE||3184|a4482cf1-440d-4523-9605-1c9ec07808ad
2026-04-04 12:53:41|gpt|web_search|10|QUESTION_SENT||3033|7b7ccdeb-f69f-4ef6-b91d-053827452bd9
2026-04-04 12:54:20|gpt|web_search|10|JSON_VERIFIED||3033|7b7ccdeb-f69f-4ef6-b91d-053827452bd9
2026-04-04 12:54:20|gpt|web_search|10|QUESTION|63|3033|7b7ccdeb-f69f-4ef6-b91d-053827452bd9
2026-04-04 12:54:20|gpt|web_search|10|JSON_SAVED||3033|7b7ccdeb-f69f-4ef6-b91d-053827452bd9
2026-04-04 12:54:20|gpt|web_search|10|QUESTION_ADVANCE||3034|a43da1df-704c-43c5-a0db-adad51cc9117
2026-04-04 12:54:52|gpt|web_search|13|QUESTION_SENT||3339|3eb8ea98-ce4f-4f54-a1bd-f0950be32c92
2026-04-04 12:55:25|gpt|web_search|13|JSON_VERIFY_FAILED||3339|3eb8ea98-ce4f-4f54-a1bd-f0950be32c92
2026-04-04 12:55:25|gpt|web_search|13|QUESTION|63|3339|3eb8ea98-ce4f-4f54-a1bd-f0950be32c92
2026-04-04 12:56:04|gpt|web_search|11|QUESTION_SENT||3184|a4482cf1-440d-4523-9605-1c9ec07808ad
2026-04-04 12:56:44|gpt|web_search|11|JSON_VERIFIED||3184|a4482cf1-440d-4523-9605-1c9ec07808ad
2026-04-04 12:56:44|gpt|web_search|11|QUESTION|63|3184|a4482cf1-440d-4523-9605-1c9ec07808ad
2026-04-04 12:56:44|gpt|web_search|11|JSON_SAVED||3184|a4482cf1-440d-4523-9605-1c9ec07808ad
2026-04-04 12:56:44|gpt|web_search|11|QUESTION_ADVANCE||3185|d21fbb1a-926f-4690-9907-a0072f16136c
2026-04-04 12:57:16|gpt|web_search|10|QUESTION_SENT||3034|a43da1df-704c-43c5-a0db-adad51cc9117
2026-04-04 12:57:55|gpt|web_search|10|JSON_VERIFIED||3034|a43da1df-704c-43c5-a0db-adad51cc9117
2026-04-04 12:57:55|gpt|web_search|10|QUESTION|64|3034|a43da1df-704c-43c5-a0db-adad51cc9117
2026-04-04 12:57:55|gpt|web_search|10|JSON_SAVED||3034|a43da1df-704c-43c5-a0db-adad51cc9117
2026-04-04 12:57:55|gpt|web_search|10|QUESTION_ADVANCE||3035|ea129897-43d7-4a4b-bba2-d86bfa5e1505
2026-04-04 12:58:25|gpt|web_search|13|QUESTION_SENT||3339|3eb8ea98-ce4f-4f54-a1bd-f0950be32c92
2026-04-04 12:58:59|gpt|web_search|13|JSON_VERIFY_FAILED||3339|3eb8ea98-ce4f-4f54-a1bd-f0950be32c92
2026-04-04 12:58:59|gpt|web_search|13|QUESTION|64|3339|3eb8ea98-ce4f-4f54-a1bd-f0950be32c92
2026-04-04 12:59:09|gpt|web_search|13|QUESTION_SENT||3339|3eb8ea98-ce4f-4f54-a1bd-f0950be32c92
2026-04-04 12:59:37|gpt|web_search|13|JSON_VERIFIED||3339|3eb8ea98-ce4f-4f54-a1bd-f0950be32c92
2026-04-04 12:59:37|gpt|web_search|13|QUESTION|65|3339|3eb8ea98-ce4f-4f54-a1bd-f0950be32c92
2026-04-04 12:59:37|gpt|web_search|13|JSON_SAVED||3339|3eb8ea98-ce4f-4f54-a1bd-f0950be32c92
2026-04-04 12:59:37|gpt|web_search|13|QUESTION_ADVANCE||3340|a9c88e2b-177b-4c6b-aa7e-60466161623e
2026-04-04 12:59:41|gpt|web_search|11|QUESTION_SENT||3185|d21fbb1a-926f-4690-9907-a0072f16136c
2026-04-04 13:00:15|gpt|web_search|11|JSON_VERIFIED||3185|d21fbb1a-926f-4690-9907-a0072f16136c
2026-04-04 13:00:15|gpt|web_search|11|QUESTION|64|3185|d21fbb1a-926f-4690-9907-a0072f16136c
2026-04-04 13:00:15|gpt|web_search|11|JSON_SAVED||3185|d21fbb1a-926f-4690-9907-a0072f16136c
2026-04-04 13:00:15|gpt|web_search|11|QUESTION_ADVANCE||3186|57788252-b846-4810-bb86-5dc2bbe2bed5
2026-04-04 13:00:51|gpt|web_search|10|QUESTION_SENT||3035|ea129897-43d7-4a4b-bba2-d86bfa5e1505
2026-04-04 13:01:29|gpt|web_search|10|JSON_VERIFIED||3035|ea129897-43d7-4a4b-bba2-d86bfa5e1505
2026-04-04 13:01:29|gpt|web_search|10|QUESTION|65|3035|ea129897-43d7-4a4b-bba2-d86bfa5e1505
2026-04-04 13:01:29|gpt|web_search|10|JSON_SAVED||3035|ea129897-43d7-4a4b-bba2-d86bfa5e1505
2026-04-04 13:01:29|gpt|web_search|10|QUESTION_ADVANCE||3036|a82e51a6-73a5-4980-acd3-57f9bee91698
2026-04-04 13:02:42|gpt|web_search|13|QUESTION_SENT||3340|a9c88e2b-177b-4c6b-aa7e-60466161623e
2026-04-04 13:03:16|gpt|web_search|13|JSON_VERIFIED||3340|a9c88e2b-177b-4c6b-aa7e-60466161623e
2026-04-04 13:03:16|gpt|web_search|13|QUESTION|66|3340|a9c88e2b-177b-4c6b-aa7e-60466161623e
2026-04-04 13:03:16|gpt|web_search|13|JSON_SAVED||3340|a9c88e2b-177b-4c6b-aa7e-60466161623e
2026-04-04 13:03:16|gpt|web_search|13|QUESTION_ADVANCE||3341|2eaf9327-ce16-4215-93ae-8c9be2f9acc0
2026-04-04 13:03:18|gpt|web_search|11|QUESTION_SENT||3186|57788252-b846-4810-bb86-5dc2bbe2bed5
2026-04-04 13:03:55|gpt|web_search|11|JSON_VERIFIED||3186|57788252-b846-4810-bb86-5dc2bbe2bed5
2026-04-04 13:03:55|gpt|web_search|11|QUESTION|65|3186|57788252-b846-4810-bb86-5dc2bbe2bed5
2026-04-04 13:03:55|gpt|web_search|11|JSON_SAVED||3186|57788252-b846-4810-bb86-5dc2bbe2bed5
2026-04-04 13:03:55|gpt|web_search|11|QUESTION_ADVANCE||3187|76f4b7b5-54bc-4b2c-b4a2-042f78d24d00
2026-04-04 13:04:26|gpt|web_search|10|QUESTION_SENT||3036|a82e51a6-73a5-4980-acd3-57f9bee91698
2026-04-04 13:05:03|gpt|web_search|10|JSON_VERIFIED||3036|a82e51a6-73a5-4980-acd3-57f9bee91698
2026-04-04 13:05:03|gpt|web_search|10|QUESTION|66|3036|a82e51a6-73a5-4980-acd3-57f9bee91698
2026-04-04 13:05:03|gpt|web_search|10|JSON_SAVED||3036|a82e51a6-73a5-4980-acd3-57f9bee91698
2026-04-04 13:05:03|gpt|web_search|10|QUESTION_ADVANCE||3037|9a1eca7d-acc2-4160-8671-85b20369f51d
2026-04-04 13:06:15|gpt|web_search|13|QUESTION_SENT||3341|2eaf9327-ce16-4215-93ae-8c9be2f9acc0
2026-04-04 13:06:53|gpt|web_search|13|JSON_VERIFIED||3341|2eaf9327-ce16-4215-93ae-8c9be2f9acc0
2026-04-04 13:06:53|gpt|web_search|13|QUESTION|67|3341|2eaf9327-ce16-4215-93ae-8c9be2f9acc0
2026-04-04 13:06:53|gpt|web_search|13|JSON_SAVED||3341|2eaf9327-ce16-4215-93ae-8c9be2f9acc0
2026-04-04 13:06:53|gpt|web_search|13|QUESTION_ADVANCE||3342|84c013cf-ee89-4adb-a37e-d7aa4dff0bd2
2026-04-04 13:06:55|gpt|web_search|11|QUESTION_SENT||3187|76f4b7b5-54bc-4b2c-b4a2-042f78d24d00
2026-04-04 13:07:30|gpt|web_search|11|JSON_VERIFY_FAILED||3187|76f4b7b5-54bc-4b2c-b4a2-042f78d24d00
2026-04-04 13:07:30|gpt|web_search|11|QUESTION|66|3187|76f4b7b5-54bc-4b2c-b4a2-042f78d24d00
2026-04-04 13:07:40|gpt|web_search|11|QUESTION_SENT||3187|76f4b7b5-54bc-4b2c-b4a2-042f78d24d00
2026-04-04 13:08:01|gpt|web_search|10|QUESTION_SENT||3037|9a1eca7d-acc2-4160-8671-85b20369f51d
2026-04-04 13:08:06|gpt|web_search|11|JSON_VERIFIED||3187|76f4b7b5-54bc-4b2c-b4a2-042f78d24d00
2026-04-04 13:08:06|gpt|web_search|11|QUESTION|67|3187|76f4b7b5-54bc-4b2c-b4a2-042f78d24d00
2026-04-04 13:08:06|gpt|web_search|11|JSON_SAVED||3187|76f4b7b5-54bc-4b2c-b4a2-042f78d24d00
2026-04-04 13:08:06|gpt|web_search|11|QUESTION_ADVANCE||3188|860551a3-6b89-4734-aa34-e550d570ba21
2026-04-04 13:08:39|gpt|web_search|10|JSON_VERIFIED||3037|9a1eca7d-acc2-4160-8671-85b20369f51d
2026-04-04 13:08:39|gpt|web_search|10|QUESTION|67|3037|9a1eca7d-acc2-4160-8671-85b20369f51d
2026-04-04 13:08:39|gpt|web_search|10|JSON_SAVED||3037|9a1eca7d-acc2-4160-8671-85b20369f51d
2026-04-04 13:08:39|gpt|web_search|10|QUESTION_ADVANCE||3038|49cbf912-3c78-4ec3-bc49-37fbadd6c203
2026-04-04 13:09:48|gpt|web_search|13|QUESTION_SENT||3342|84c013cf-ee89-4adb-a37e-d7aa4dff0bd2
2026-04-04 13:10:25|gpt|web_search|13|JSON_VERIFIED||3342|84c013cf-ee89-4adb-a37e-d7aa4dff0bd2
2026-04-04 13:10:25|gpt|web_search|13|QUESTION|68|3342|84c013cf-ee89-4adb-a37e-d7aa4dff0bd2
2026-04-04 13:10:25|gpt|web_search|13|JSON_SAVED||3342|84c013cf-ee89-4adb-a37e-d7aa4dff0bd2
2026-04-04 13:10:25|gpt|web_search|13|QUESTION_ADVANCE||3343|13b27d25-f03c-4c92-a454-9632186664dc
2026-04-04 13:11:17|gpt|web_search|11|QUESTION_SENT||3188|860551a3-6b89-4734-aa34-e550d570ba21
2026-04-04 13:11:36|gpt|web_search|10|QUESTION_SENT||3038|49cbf912-3c78-4ec3-bc49-37fbadd6c203
2026-04-04 13:11:49|gpt|web_search|11|JSON_VERIFY_FAILED||3188|860551a3-6b89-4734-aa34-e550d570ba21
2026-04-04 13:11:49|gpt|web_search|11|QUESTION|68|3188|860551a3-6b89-4734-aa34-e550d570ba21
2026-04-04 13:11:59|gpt|web_search|11|QUESTION_SENT||3188|860551a3-6b89-4734-aa34-e550d570ba21
2026-04-04 13:12:13|gpt|web_search|10|JSON_VERIFIED||3038|49cbf912-3c78-4ec3-bc49-37fbadd6c203
2026-04-04 13:12:13|gpt|web_search|10|QUESTION|68|3038|49cbf912-3c78-4ec3-bc49-37fbadd6c203
2026-04-04 13:12:13|gpt|web_search|10|JSON_SAVED||3038|49cbf912-3c78-4ec3-bc49-37fbadd6c203
2026-04-04 13:12:13|gpt|web_search|10|QUESTION_ADVANCE||3039|7081ca7b-609f-46fd-b4cb-5e3e59d35fb7
2026-04-04 13:12:23|gpt|web_search|11|JSON_VERIFIED||3188|860551a3-6b89-4734-aa34-e550d570ba21
2026-04-04 13:12:23|gpt|web_search|11|QUESTION|69|3188|860551a3-6b89-4734-aa34-e550d570ba21
2026-04-04 13:12:23|gpt|web_search|11|JSON_SAVED||3188|860551a3-6b89-4734-aa34-e550d570ba21
2026-04-04 13:12:23|gpt|web_search|11|QUESTION_ADVANCE||3189|201d474c-460b-424c-9171-8fe831206be0
2026-04-04 13:13:21|gpt|web_search|13|QUESTION_SENT||3343|13b27d25-f03c-4c92-a454-9632186664dc
2026-04-04 13:13:59|gpt|web_search|13|JSON_VERIFIED||3343|13b27d25-f03c-4c92-a454-9632186664dc
2026-04-04 13:13:59|gpt|web_search|13|QUESTION|69|3343|13b27d25-f03c-4c92-a454-9632186664dc
2026-04-04 13:13:59|gpt|web_search|13|JSON_SAVED||3343|13b27d25-f03c-4c92-a454-9632186664dc
2026-04-04 13:13:59|gpt|web_search|13|QUESTION_ADVANCE||3344|8be3b493-4110-45f7-b029-b8dbfca3aed5
2026-04-04 13:15:11|gpt|web_search|10|QUESTION_SENT||3039|7081ca7b-609f-46fd-b4cb-5e3e59d35fb7
2026-04-04 13:15:36|gpt|web_search|11|QUESTION_SENT||3189|201d474c-460b-424c-9171-8fe831206be0
2026-04-04 13:15:48|gpt|web_search|10|JSON_VERIFIED||3039|7081ca7b-609f-46fd-b4cb-5e3e59d35fb7
2026-04-04 13:15:48|gpt|web_search|10|QUESTION|69|3039|7081ca7b-609f-46fd-b4cb-5e3e59d35fb7
2026-04-04 13:15:48|gpt|web_search|10|JSON_SAVED||3039|7081ca7b-609f-46fd-b4cb-5e3e59d35fb7
2026-04-04 13:15:48|gpt|web_search|10|QUESTION_ADVANCE||3040|7c58a1b9-5102-45d3-8b04-bb57567c669f
2026-04-04 13:16:13|gpt|web_search|11|JSON_VERIFIED||3189|201d474c-460b-424c-9171-8fe831206be0
2026-04-04 13:16:13|gpt|web_search|11|QUESTION|70|3189|201d474c-460b-424c-9171-8fe831206be0
2026-04-04 13:16:13|gpt|web_search|11|JSON_SAVED||3189|201d474c-460b-424c-9171-8fe831206be0
2026-04-04 13:16:13|gpt|web_search|11|QUESTION_ADVANCE||3190|50db55b6-a8c0-4f79-abd9-a8137ec700f7
2026-04-04 13:16:54|gpt|web_search|13|QUESTION_SENT||3344|8be3b493-4110-45f7-b029-b8dbfca3aed5
2026-04-04 13:17:34|gpt|web_search|13|JSON_VERIFIED||3344|8be3b493-4110-45f7-b029-b8dbfca3aed5
2026-04-04 13:17:34|gpt|web_search|13|QUESTION|70|3344|8be3b493-4110-45f7-b029-b8dbfca3aed5
2026-04-04 13:17:34|gpt|web_search|13|JSON_SAVED||3344|8be3b493-4110-45f7-b029-b8dbfca3aed5
2026-04-04 13:17:34|gpt|web_search|13|QUESTION_ADVANCE||3345|aa298cfe-9d65-470d-9b8b-77673a420a8e
2026-04-04 13:18:46|gpt|web_search|10|QUESTION_SENT||3040|7c58a1b9-5102-45d3-8b04-bb57567c669f
2026-04-04 13:19:13|gpt|web_search|11|QUESTION_SENT||3190|50db55b6-a8c0-4f79-abd9-a8137ec700f7
2026-04-04 13:19:18|gpt|web_search|10|JSON_VERIFIED||3040|7c58a1b9-5102-45d3-8b04-bb57567c669f
2026-04-04 13:19:18|gpt|web_search|10|QUESTION|70|3040|7c58a1b9-5102-45d3-8b04-bb57567c669f
2026-04-04 13:19:18|gpt|web_search|10|JSON_SAVED||3040|7c58a1b9-5102-45d3-8b04-bb57567c669f
2026-04-04 13:19:18|gpt|web_search|10|QUESTION_ADVANCE||3041|63834bb0-70b3-4249-8962-3207c38ecb39
2026-04-04 13:19:51|gpt|web_search|11|JSON_VERIFIED||3190|50db55b6-a8c0-4f79-abd9-a8137ec700f7
2026-04-04 13:19:51|gpt|web_search|11|QUESTION|71|3190|50db55b6-a8c0-4f79-abd9-a8137ec700f7
2026-04-04 13:19:51|gpt|web_search|11|JSON_SAVED||3190|50db55b6-a8c0-4f79-abd9-a8137ec700f7
2026-04-04 13:19:51|gpt|web_search|11|QUESTION_ADVANCE||3191|463e8336-1966-4389-8f5e-c53a994ee15e
2026-04-04 13:20:27|gpt|web_search|13|QUESTION_SENT||3345|aa298cfe-9d65-470d-9b8b-77673a420a8e
2026-04-04 13:21:02|gpt|web_search|13|JSON_VERIFIED||3345|aa298cfe-9d65-470d-9b8b-77673a420a8e
2026-04-04 13:21:02|gpt|web_search|13|QUESTION|71|3345|aa298cfe-9d65-470d-9b8b-77673a420a8e
2026-04-04 13:21:02|gpt|web_search|13|JSON_SAVED||3345|aa298cfe-9d65-470d-9b8b-77673a420a8e
2026-04-04 13:21:02|gpt|web_search|13|QUESTION_ADVANCE||3346|81ae5531-d550-4408-96fa-dec653cf6297
2026-04-04 13:22:21|gpt|web_search|10|QUESTION_SENT||3041|63834bb0-70b3-4249-8962-3207c38ecb39
2026-04-04 13:22:50|gpt|web_search|11|QUESTION_SENT||3191|463e8336-1966-4389-8f5e-c53a994ee15e
2026-04-04 13:22:56|gpt|web_search|10|JSON_VERIFIED||3041|63834bb0-70b3-4249-8962-3207c38ecb39
2026-04-04 13:22:56|gpt|web_search|10|QUESTION|71|3041|63834bb0-70b3-4249-8962-3207c38ecb39
2026-04-04 13:22:56|gpt|web_search|10|JSON_SAVED||3041|63834bb0-70b3-4249-8962-3207c38ecb39
2026-04-04 13:22:56|gpt|web_search|10|QUESTION_ADVANCE||3042|7547572f-858e-439d-a018-e3f0bea71c7f
2026-04-04 13:23:28|gpt|web_search|11|JSON_VERIFIED||3191|463e8336-1966-4389-8f5e-c53a994ee15e
2026-04-04 13:23:28|gpt|web_search|11|QUESTION|72|3191|463e8336-1966-4389-8f5e-c53a994ee15e
2026-04-04 13:23:28|gpt|web_search|11|JSON_SAVED||3191|463e8336-1966-4389-8f5e-c53a994ee15e
2026-04-04 13:23:28|gpt|web_search|11|QUESTION_ADVANCE||3192|0139c23b-b8e4-4f40-8f26-ff938737da40
2026-04-04 13:24:00|gpt|web_search|13|QUESTION_SENT||3346|81ae5531-d550-4408-96fa-dec653cf6297
2026-04-04 13:24:35|gpt|web_search|13|JSON_VERIFIED||3346|81ae5531-d550-4408-96fa-dec653cf6297
2026-04-04 13:24:35|gpt|web_search|13|QUESTION|72|3346|81ae5531-d550-4408-96fa-dec653cf6297
2026-04-04 13:24:35|gpt|web_search|13|JSON_SAVED||3346|81ae5531-d550-4408-96fa-dec653cf6297
2026-04-04 13:24:35|gpt|web_search|13|QUESTION_ADVANCE||3347|8ea1472b-e8b4-48be-a31e-ee7545d71e5f
2026-04-04 13:25:56|gpt|web_search|10|QUESTION_SENT||3042|7547572f-858e-439d-a018-e3f0bea71c7f
2026-04-04 13:26:27|gpt|web_search|11|QUESTION_SENT||3192|0139c23b-b8e4-4f40-8f26-ff938737da40
2026-04-04 13:26:34|gpt|web_search|10|JSON_VERIFIED||3042|7547572f-858e-439d-a018-e3f0bea71c7f
2026-04-04 13:26:34|gpt|web_search|10|QUESTION|72|3042|7547572f-858e-439d-a018-e3f0bea71c7f
2026-04-04 13:26:34|gpt|web_search|10|JSON_SAVED||3042|7547572f-858e-439d-a018-e3f0bea71c7f
2026-04-04 13:26:34|gpt|web_search|10|QUESTION_ADVANCE||3043|ec938022-1efb-40a2-b60c-63a8f18983ab
2026-04-04 13:27:04|gpt|web_search|11|JSON_VERIFIED||3192|0139c23b-b8e4-4f40-8f26-ff938737da40
2026-04-04 13:27:04|gpt|web_search|11|QUESTION|73|3192|0139c23b-b8e4-4f40-8f26-ff938737da40
2026-04-04 13:27:04|gpt|web_search|11|JSON_SAVED||3192|0139c23b-b8e4-4f40-8f26-ff938737da40
2026-04-04 13:27:04|gpt|web_search|11|QUESTION_ADVANCE||3193|0302c9d4-62ef-4d92-b332-156904d25f4b
2026-04-04 13:27:33|gpt|web_search|13|QUESTION_SENT||3347|8ea1472b-e8b4-48be-a31e-ee7545d71e5f
2026-04-04 13:28:07|gpt|web_search|13|JSON_VERIFIED||3347|8ea1472b-e8b4-48be-a31e-ee7545d71e5f
2026-04-04 13:28:07|gpt|web_search|13|QUESTION|73|3347|8ea1472b-e8b4-48be-a31e-ee7545d71e5f
2026-04-04 13:28:07|gpt|web_search|13|JSON_SAVED||3347|8ea1472b-e8b4-48be-a31e-ee7545d71e5f
2026-04-04 13:28:07|gpt|web_search|13|QUESTION_ADVANCE||3348|d1fe8c36-d101-45a1-8aa1-b234310ed538
2026-04-04 13:29:31|gpt|web_search|10|QUESTION_SENT||3043|ec938022-1efb-40a2-b60c-63a8f18983ab
2026-04-04 13:30:04|gpt|web_search|11|QUESTION_SENT||3193|0302c9d4-62ef-4d92-b332-156904d25f4b
2026-04-04 13:30:06|gpt|web_search|10|JSON_VERIFIED||3043|ec938022-1efb-40a2-b60c-63a8f18983ab
2026-04-04 13:30:06|gpt|web_search|10|QUESTION|73|3043|ec938022-1efb-40a2-b60c-63a8f18983ab
2026-04-04 13:30:06|gpt|web_search|10|JSON_SAVED||3043|ec938022-1efb-40a2-b60c-63a8f18983ab
2026-04-04 13:30:06|gpt|web_search|10|QUESTION_ADVANCE||3044|6e0fa2b0-d119-4cb8-8e52-050d7976e00b
2026-04-04 13:30:38|gpt|web_search|11|JSON_VERIFY_FAILED||3193|0302c9d4-62ef-4d92-b332-156904d25f4b
2026-04-04 13:30:38|gpt|web_search|11|QUESTION|74|3193|0302c9d4-62ef-4d92-b332-156904d25f4b
2026-04-04 13:30:47|gpt|web_search|11|QUESTION_SENT||3193|0302c9d4-62ef-4d92-b332-156904d25f4b
2026-04-04 13:31:06|gpt|web_search|13|QUESTION_SENT||3348|d1fe8c36-d101-45a1-8aa1-b234310ed538
2026-04-04 13:31:10|gpt|web_search|11|JSON_VERIFIED||3193|0302c9d4-62ef-4d92-b332-156904d25f4b
2026-04-04 13:31:10|gpt|web_search|11|QUESTION|75|3193|0302c9d4-62ef-4d92-b332-156904d25f4b
2026-04-04 13:31:10|gpt|web_search|11|JSON_SAVED||3193|0302c9d4-62ef-4d92-b332-156904d25f4b
2026-04-04 13:31:10|gpt|web_search|11|QUESTION_ADVANCE||3194|eb457ca9-9245-40c9-870e-e8d1d4e078ae
2026-04-04 13:31:43|gpt|web_search|13|JSON_VERIFY_FAILED||3348|d1fe8c36-d101-45a1-8aa1-b234310ed538
2026-04-04 13:31:43|gpt|web_search|13|QUESTION|74|3348|d1fe8c36-d101-45a1-8aa1-b234310ed538
2026-04-04 13:31:52|gpt|web_search|13|QUESTION_SENT||3348|d1fe8c36-d101-45a1-8aa1-b234310ed538
2026-04-04 13:32:15|gpt|web_search|13|JSON_VERIFIED||3348|d1fe8c36-d101-45a1-8aa1-b234310ed538
2026-04-04 13:32:15|gpt|web_search|13|QUESTION|75|3348|d1fe8c36-d101-45a1-8aa1-b234310ed538
2026-04-04 13:32:15|gpt|web_search|13|JSON_SAVED||3348|d1fe8c36-d101-45a1-8aa1-b234310ed538
2026-04-04 13:32:15|gpt|web_search|13|QUESTION_ADVANCE||3349|f901d759-d890-45f2-b4f7-e56974fa275c
2026-04-04 13:33:06|gpt|web_search|10|QUESTION_SENT||3044|6e0fa2b0-d119-4cb8-8e52-050d7976e00b
2026-04-04 13:33:41|gpt|web_search|10|JSON_VERIFIED||3044|6e0fa2b0-d119-4cb8-8e52-050d7976e00b
2026-04-04 13:33:41|gpt|web_search|10|QUESTION|74|3044|6e0fa2b0-d119-4cb8-8e52-050d7976e00b
2026-04-04 13:33:41|gpt|web_search|10|JSON_SAVED||3044|6e0fa2b0-d119-4cb8-8e52-050d7976e00b
2026-04-04 13:33:41|gpt|web_search|10|QUESTION_ADVANCE||3045|ca91655a-3d1e-47d9-ad4d-410251e4c756
2026-04-04 13:34:24|gpt|web_search|11|QUESTION_SENT||3194|eb457ca9-9245-40c9-870e-e8d1d4e078ae
2026-04-04 13:34:58|gpt|web_search|11|JSON_VERIFIED||3194|eb457ca9-9245-40c9-870e-e8d1d4e078ae
2026-04-04 13:34:58|gpt|web_search|11|QUESTION|76|3194|eb457ca9-9245-40c9-870e-e8d1d4e078ae
2026-04-04 13:34:58|gpt|web_search|11|JSON_SAVED||3194|eb457ca9-9245-40c9-870e-e8d1d4e078ae
2026-04-04 13:34:58|gpt|web_search|11|QUESTION_ADVANCE||3195|5049ded1-3fc7-4ed3-96a0-ab200dccc7aa
2026-04-04 13:35:26|gpt|web_search|13|QUESTION_SENT||3349|f901d759-d890-45f2-b4f7-e56974fa275c
2026-04-04 13:36:02|gpt|web_search|13|JSON_VERIFIED||3349|f901d759-d890-45f2-b4f7-e56974fa275c
2026-04-04 13:36:02|gpt|web_search|13|QUESTION|76|3349|f901d759-d890-45f2-b4f7-e56974fa275c
2026-04-04 13:36:02|gpt|web_search|13|JSON_SAVED||3349|f901d759-d890-45f2-b4f7-e56974fa275c
2026-04-04 13:36:02|gpt|web_search|13|QUESTION_ADVANCE||3350|cdfeb999-b88a-4d61-8baa-03917f237ba6
2026-04-04 13:36:41|gpt|web_search|10|QUESTION_SENT||3045|ca91655a-3d1e-47d9-ad4d-410251e4c756
2026-04-04 13:37:18|gpt|web_search|10|JSON_VERIFIED||3045|ca91655a-3d1e-47d9-ad4d-410251e4c756
2026-04-04 13:37:18|gpt|web_search|10|QUESTION|75|3045|ca91655a-3d1e-47d9-ad4d-410251e4c756
2026-04-04 13:37:18|gpt|web_search|10|JSON_SAVED||3045|ca91655a-3d1e-47d9-ad4d-410251e4c756
2026-04-04 13:37:18|gpt|web_search|10|QUESTION_ADVANCE||3046|4e4afa36-cc0a-4a3d-9bee-6c7bbb2eddca
2026-04-04 13:38:01|gpt|web_search|11|QUESTION_SENT||3195|5049ded1-3fc7-4ed3-96a0-ab200dccc7aa
2026-04-04 13:38:35|gpt|web_search|11|JSON_VERIFIED||3195|5049ded1-3fc7-4ed3-96a0-ab200dccc7aa
2026-04-04 13:38:35|gpt|web_search|11|QUESTION|77|3195|5049ded1-3fc7-4ed3-96a0-ab200dccc7aa
2026-04-04 13:38:35|gpt|web_search|11|JSON_SAVED||3195|5049ded1-3fc7-4ed3-96a0-ab200dccc7aa
2026-04-04 13:38:35|gpt|web_search|11|QUESTION_ADVANCE||3196|4ac14035-d030-4696-ad68-0845e5cfbb01
2026-04-04 13:38:58|gpt|web_search|13|QUESTION_SENT||3350|cdfeb999-b88a-4d61-8baa-03917f237ba6
2026-04-04 13:39:37|gpt|web_search|13|JSON_VERIFY_FAILED||3350|cdfeb999-b88a-4d61-8baa-03917f237ba6
2026-04-04 13:39:37|gpt|web_search|13|QUESTION|77|3350|cdfeb999-b88a-4d61-8baa-03917f237ba6
2026-04-04 13:39:46|gpt|web_search|13|QUESTION_SENT||3350|cdfeb999-b88a-4d61-8baa-03917f237ba6
2026-04-04 13:40:09|gpt|web_search|13|JSON_VERIFIED||3350|cdfeb999-b88a-4d61-8baa-03917f237ba6
2026-04-04 13:40:09|gpt|web_search|13|QUESTION|78|3350|cdfeb999-b88a-4d61-8baa-03917f237ba6
2026-04-04 13:40:09|gpt|web_search|13|JSON_SAVED||3350|cdfeb999-b88a-4d61-8baa-03917f237ba6
2026-04-04 13:40:09|gpt|web_search|13|QUESTION_ADVANCE||3351|ebb17465-f76f-4601-bce8-8cde06ab9dbc
2026-04-04 13:40:16|gpt|web_search|10|QUESTION_SENT||3046|4e4afa36-cc0a-4a3d-9bee-6c7bbb2eddca
2026-04-04 13:40:51|gpt|web_search|10|JSON_VERIFIED||3046|4e4afa36-cc0a-4a3d-9bee-6c7bbb2eddca
2026-04-04 13:40:51|gpt|web_search|10|QUESTION|76|3046|4e4afa36-cc0a-4a3d-9bee-6c7bbb2eddca
2026-04-04 13:40:51|gpt|web_search|10|JSON_SAVED||3046|4e4afa36-cc0a-4a3d-9bee-6c7bbb2eddca
2026-04-04 13:40:51|gpt|web_search|10|QUESTION_ADVANCE||3047|bb479df2-8140-4e38-a254-f54f32035e72
2026-04-04 13:41:38|gpt|web_search|11|QUESTION_SENT||3196|4ac14035-d030-4696-ad68-0845e5cfbb01
2026-04-04 13:42:15|gpt|web_search|11|JSON_VERIFIED||3196|4ac14035-d030-4696-ad68-0845e5cfbb01
2026-04-04 13:42:15|gpt|web_search|11|QUESTION|78|3196|4ac14035-d030-4696-ad68-0845e5cfbb01
2026-04-04 13:42:15|gpt|web_search|11|JSON_SAVED||3196|4ac14035-d030-4696-ad68-0845e5cfbb01
2026-04-04 13:42:15|gpt|web_search|11|QUESTION_ADVANCE||3197|56506f1c-1b65-423d-b187-1fd690711792
2026-04-04 13:43:19|gpt|web_search|13|QUESTION_SENT||3351|ebb17465-f76f-4601-bce8-8cde06ab9dbc
2026-04-04 13:43:51|gpt|web_search|10|QUESTION_SENT||3047|bb479df2-8140-4e38-a254-f54f32035e72
2026-04-04 13:43:56|gpt|web_search|13|JSON_VERIFIED||3351|ebb17465-f76f-4601-bce8-8cde06ab9dbc
2026-04-04 13:43:56|gpt|web_search|13|QUESTION|79|3351|ebb17465-f76f-4601-bce8-8cde06ab9dbc
2026-04-04 13:43:56|gpt|web_search|13|JSON_SAVED||3351|ebb17465-f76f-4601-bce8-8cde06ab9dbc
2026-04-04 13:43:56|gpt|web_search|13|QUESTION_ADVANCE||3352|cc605803-db8e-447f-870c-804e1708d0ef
2026-04-04 13:44:28|gpt|web_search|10|JSON_VERIFIED||3047|bb479df2-8140-4e38-a254-f54f32035e72
2026-04-04 13:44:28|gpt|web_search|10|QUESTION|77|3047|bb479df2-8140-4e38-a254-f54f32035e72
2026-04-04 13:44:28|gpt|web_search|10|JSON_SAVED||3047|bb479df2-8140-4e38-a254-f54f32035e72
2026-04-04 13:44:28|gpt|web_search|10|QUESTION_ADVANCE||3048|1a428557-8ca4-4b34-bfcc-af7b9d620621
2026-04-04 13:45:15|gpt|web_search|11|QUESTION_SENT||3197|56506f1c-1b65-423d-b187-1fd690711792
2026-04-04 13:45:54|gpt|web_search|11|JSON_VERIFIED||3197|56506f1c-1b65-423d-b187-1fd690711792
2026-04-04 13:45:54|gpt|web_search|11|QUESTION|79|3197|56506f1c-1b65-423d-b187-1fd690711792
2026-04-04 13:45:54|gpt|web_search|11|JSON_SAVED||3197|56506f1c-1b65-423d-b187-1fd690711792
2026-04-04 13:45:54|gpt|web_search|11|QUESTION_ADVANCE||3198|9f75f355-a2c9-4e12-a2b4-1036954a8435
2026-04-04 13:46:52|gpt|web_search|13|QUESTION_SENT||3352|cc605803-db8e-447f-870c-804e1708d0ef
2026-04-04 13:47:24|gpt|web_search|13|JSON_VERIFY_FAILED||3352|cc605803-db8e-447f-870c-804e1708d0ef
2026-04-04 13:47:24|gpt|web_search|13|QUESTION|80|3352|cc605803-db8e-447f-870c-804e1708d0ef
2026-04-04 13:47:26|gpt|web_search|10|QUESTION_SENT||3048|1a428557-8ca4-4b34-bfcc-af7b9d620621
2026-04-04 13:47:33|gpt|web_search|13|QUESTION_SENT||3352|cc605803-db8e-447f-870c-804e1708d0ef
2026-04-04 13:47:59|gpt|web_search|13|JSON_VERIFIED||3352|cc605803-db8e-447f-870c-804e1708d0ef
2026-04-04 13:47:59|gpt|web_search|13|QUESTION|81|3352|cc605803-db8e-447f-870c-804e1708d0ef
2026-04-04 13:47:59|gpt|web_search|13|JSON_SAVED||3352|cc605803-db8e-447f-870c-804e1708d0ef
2026-04-04 13:47:59|gpt|web_search|13|QUESTION_ADVANCE||3353|3ab43356-9138-4d1d-a6aa-5388eb7acb53
2026-04-04 13:48:01|gpt|web_search|10|JSON_VERIFY_FAILED||3048|1a428557-8ca4-4b34-bfcc-af7b9d620621
2026-04-04 13:48:01|gpt|web_search|10|QUESTION|78|3048|1a428557-8ca4-4b34-bfcc-af7b9d620621
2026-04-04 13:48:11|gpt|web_search|10|QUESTION_SENT||3048|1a428557-8ca4-4b34-bfcc-af7b9d620621
2026-04-04 13:48:38|gpt|web_search|10|JSON_VERIFIED||3048|1a428557-8ca4-4b34-bfcc-af7b9d620621
2026-04-04 13:48:38|gpt|web_search|10|QUESTION|79|3048|1a428557-8ca4-4b34-bfcc-af7b9d620621
2026-04-04 13:48:38|gpt|web_search|10|JSON_SAVED||3048|1a428557-8ca4-4b34-bfcc-af7b9d620621
2026-04-04 13:48:38|gpt|web_search|10|QUESTION_ADVANCE||3049|fc0b5fae-0aaa-40ec-b967-1c1ca33f1015
2026-04-04 13:48:52|gpt|web_search|11|QUESTION_SENT||3198|9f75f355-a2c9-4e12-a2b4-1036954a8435
2026-04-04 13:49:26|gpt|web_search|11|JSON_VERIFIED||3198|9f75f355-a2c9-4e12-a2b4-1036954a8435
2026-04-04 13:49:26|gpt|web_search|11|QUESTION|80|3198|9f75f355-a2c9-4e12-a2b4-1036954a8435
2026-04-04 13:49:26|gpt|web_search|11|JSON_SAVED||3198|9f75f355-a2c9-4e12-a2b4-1036954a8435
2026-04-04 13:49:26|gpt|web_search|11|QUESTION_ADVANCE||3199|eee58069-9836-4a1c-89da-8d9f1619ee1a
2026-04-04 13:51:06|gpt|web_search|13|QUESTION_SENT||3353|3ab43356-9138-4d1d-a6aa-5388eb7acb53
2026-04-04 13:51:43|gpt|web_search|13|JSON_VERIFIED||3353|3ab43356-9138-4d1d-a6aa-5388eb7acb53
2026-04-04 13:51:43|gpt|web_search|13|QUESTION|82|3353|3ab43356-9138-4d1d-a6aa-5388eb7acb53
2026-04-04 13:51:43|gpt|web_search|13|JSON_SAVED||3353|3ab43356-9138-4d1d-a6aa-5388eb7acb53
2026-04-04 13:51:43|gpt|web_search|13|QUESTION_ADVANCE||3354|1fe7340f-7be3-4c88-901a-5578c52b7020
2026-04-04 13:51:46|gpt|web_search|10|QUESTION_SENT||3049|fc0b5fae-0aaa-40ec-b967-1c1ca33f1015
2026-04-04 13:52:20|gpt|web_search|10|JSON_VERIFIED||3049|fc0b5fae-0aaa-40ec-b967-1c1ca33f1015
2026-04-04 13:52:20|gpt|web_search|10|QUESTION|80|3049|fc0b5fae-0aaa-40ec-b967-1c1ca33f1015
2026-04-04 13:52:20|gpt|web_search|10|JSON_SAVED||3049|fc0b5fae-0aaa-40ec-b967-1c1ca33f1015
2026-04-04 13:52:20|gpt|web_search|10|QUESTION_ADVANCE||3050|1caf7256-8554-44fe-8795-c1222253203d
2026-04-04 13:52:29|gpt|web_search|11|QUESTION_SENT||3199|eee58069-9836-4a1c-89da-8d9f1619ee1a
2026-04-04 13:53:03|gpt|web_search|11|JSON_VERIFIED||3199|eee58069-9836-4a1c-89da-8d9f1619ee1a
2026-04-04 13:53:03|gpt|web_search|11|QUESTION|81|3199|eee58069-9836-4a1c-89da-8d9f1619ee1a
2026-04-04 13:53:03|gpt|web_search|11|JSON_SAVED||3199|eee58069-9836-4a1c-89da-8d9f1619ee1a
2026-04-04 13:53:03|gpt|web_search|11|QUESTION_ADVANCE||3200|f5c02247-6420-496e-89f8-da6216969578
2026-04-04 13:54:39|gpt|web_search|13|QUESTION_SENT||3354|1fe7340f-7be3-4c88-901a-5578c52b7020
2026-04-04 13:55:16|gpt|web_search|13|JSON_VERIFIED||3354|1fe7340f-7be3-4c88-901a-5578c52b7020
2026-04-04 13:55:16|gpt|web_search|13|QUESTION|83|3354|1fe7340f-7be3-4c88-901a-5578c52b7020
2026-04-04 13:55:16|gpt|web_search|13|JSON_SAVED||3354|1fe7340f-7be3-4c88-901a-5578c52b7020
2026-04-04 13:55:16|gpt|web_search|13|QUESTION_ADVANCE||3355|1bbf06c7-9132-4fd5-affb-28c85836bd29
2026-04-04 13:55:21|gpt|web_search|10|QUESTION_SENT||3050|1caf7256-8554-44fe-8795-c1222253203d
2026-04-04 13:55:56|gpt|web_search|10|JSON_VERIFIED||3050|1caf7256-8554-44fe-8795-c1222253203d
2026-04-04 13:55:56|gpt|web_search|10|QUESTION|81|3050|1caf7256-8554-44fe-8795-c1222253203d
2026-04-04 13:55:56|gpt|web_search|10|JSON_SAVED||3050|1caf7256-8554-44fe-8795-c1222253203d
2026-04-04 13:55:56|gpt|web_search|10|QUESTION_ADVANCE||3051|152ae619-c875-4f5e-8697-7d3b14aca699
2026-04-04 13:56:06|gpt|web_search|11|QUESTION_SENT||3200|f5c02247-6420-496e-89f8-da6216969578
2026-04-04 13:56:43|gpt|web_search|11|JSON_VERIFIED||3200|f5c02247-6420-496e-89f8-da6216969578
2026-04-04 13:56:43|gpt|web_search|11|QUESTION|82|3200|f5c02247-6420-496e-89f8-da6216969578
2026-04-04 13:56:43|gpt|web_search|11|JSON_SAVED||3200|f5c02247-6420-496e-89f8-da6216969578
2026-04-04 13:56:43|gpt|web_search|11|QUESTION_ADVANCE||3201|0d75dcb0-a7e7-4779-8281-c74090ecb12b
2026-04-04 13:58:12|gpt|web_search|13|QUESTION_SENT||3355|1bbf06c7-9132-4fd5-affb-28c85836bd29
2026-04-04 13:58:43|gpt|web_search|13|JSON_VERIFIED||3355|1bbf06c7-9132-4fd5-affb-28c85836bd29
2026-04-04 13:58:43|gpt|web_search|13|QUESTION|84|3355|1bbf06c7-9132-4fd5-affb-28c85836bd29
2026-04-04 13:58:43|gpt|web_search|13|JSON_SAVED||3355|1bbf06c7-9132-4fd5-affb-28c85836bd29
2026-04-04 13:58:43|gpt|web_search|13|QUESTION_ADVANCE||3356|f7985efd-af66-48e0-84c6-63cb480eb80d
2026-04-04 13:58:56|gpt|web_search|10|QUESTION_SENT||3051|152ae619-c875-4f5e-8697-7d3b14aca699
2026-04-04 13:59:31|gpt|web_search|10|JSON_VERIFIED||3051|152ae619-c875-4f5e-8697-7d3b14aca699
2026-04-04 13:59:31|gpt|web_search|10|QUESTION|82|3051|152ae619-c875-4f5e-8697-7d3b14aca699
2026-04-04 13:59:31|gpt|web_search|10|JSON_SAVED||3051|152ae619-c875-4f5e-8697-7d3b14aca699
2026-04-04 13:59:31|gpt|web_search|10|QUESTION_ADVANCE||3052|6d1a4a52-fbb0-4a6b-8a6d-f6d896569d1c
2026-04-04 13:59:43|gpt|web_search|11|QUESTION_SENT||3201|0d75dcb0-a7e7-4779-8281-c74090ecb12b
2026-04-04 14:00:16|gpt|web_search|11|JSON_VERIFIED||3201|0d75dcb0-a7e7-4779-8281-c74090ecb12b
2026-04-04 14:00:16|gpt|web_search|11|QUESTION|83|3201|0d75dcb0-a7e7-4779-8281-c74090ecb12b
2026-04-04 14:00:16|gpt|web_search|11|JSON_SAVED||3201|0d75dcb0-a7e7-4779-8281-c74090ecb12b
2026-04-04 14:00:16|gpt|web_search|11|QUESTION_ADVANCE||3202|1a70bbf7-a639-4a2b-93a0-563b4d9d0b49
2026-04-04 14:01:45|gpt|web_search|13|QUESTION_SENT||3356|f7985efd-af66-48e0-84c6-63cb480eb80d
2026-04-04 14:02:19|gpt|web_search|13|JSON_VERIFIED||3356|f7985efd-af66-48e0-84c6-63cb480eb80d
2026-04-04 14:02:19|gpt|web_search|13|QUESTION|85|3356|f7985efd-af66-48e0-84c6-63cb480eb80d
2026-04-04 14:02:19|gpt|web_search|13|JSON_SAVED||3356|f7985efd-af66-48e0-84c6-63cb480eb80d
2026-04-04 14:02:19|gpt|web_search|13|QUESTION_ADVANCE||3357|cfe5a7cd-073c-4a57-9eec-74964934d941
2026-04-04 14:02:31|gpt|web_search|10|QUESTION_SENT||3052|6d1a4a52-fbb0-4a6b-8a6d-f6d896569d1c
2026-04-04 14:03:08|gpt|web_search|10|JSON_VERIFIED||3052|6d1a4a52-fbb0-4a6b-8a6d-f6d896569d1c
2026-04-04 14:03:08|gpt|web_search|10|QUESTION|83|3052|6d1a4a52-fbb0-4a6b-8a6d-f6d896569d1c
2026-04-04 14:03:08|gpt|web_search|10|JSON_SAVED||3052|6d1a4a52-fbb0-4a6b-8a6d-f6d896569d1c
2026-04-04 14:03:08|gpt|web_search|10|QUESTION_ADVANCE||3053|05dd02e1-977f-44b7-973b-f633389546bb
2026-04-04 14:03:21|gpt|web_search|11|QUESTION_SENT||3202|1a70bbf7-a639-4a2b-93a0-563b4d9d0b49
2026-04-04 14:03:55|gpt|web_search|11|JSON_VERIFIED||3202|1a70bbf7-a639-4a2b-93a0-563b4d9d0b49
2026-04-04 14:03:55|gpt|web_search|11|QUESTION|84|3202|1a70bbf7-a639-4a2b-93a0-563b4d9d0b49
2026-04-04 14:03:55|gpt|web_search|11|JSON_SAVED||3202|1a70bbf7-a639-4a2b-93a0-563b4d9d0b49
2026-04-04 14:03:55|gpt|web_search|11|QUESTION_ADVANCE||3203|d1101d3c-4acd-4059-b23e-6a34a6e5b310
2026-04-04 14:05:18|gpt|web_search|13|QUESTION_SENT||3357|cfe5a7cd-073c-4a57-9eec-74964934d941
2026-04-04 14:05:52|gpt|web_search|13|JSON_VERIFIED||3357|cfe5a7cd-073c-4a57-9eec-74964934d941
2026-04-04 14:05:52|gpt|web_search|13|QUESTION|86|3357|cfe5a7cd-073c-4a57-9eec-74964934d941
2026-04-04 14:05:52|gpt|web_search|13|JSON_SAVED||3357|cfe5a7cd-073c-4a57-9eec-74964934d941
2026-04-04 14:05:52|gpt|web_search|13|QUESTION_ADVANCE||3358|1ce4161b-58d6-4d21-8e2c-ba1fee34996c
2026-04-04 14:06:06|gpt|web_search|10|QUESTION_SENT||3053|05dd02e1-977f-44b7-973b-f633389546bb
2026-04-04 14:06:41|gpt|web_search|10|JSON_VERIFIED||3053|05dd02e1-977f-44b7-973b-f633389546bb
2026-04-04 14:06:41|gpt|web_search|10|QUESTION|84|3053|05dd02e1-977f-44b7-973b-f633389546bb
2026-04-04 14:06:41|gpt|web_search|10|JSON_SAVED||3053|05dd02e1-977f-44b7-973b-f633389546bb
2026-04-04 14:06:41|gpt|web_search|10|QUESTION_ADVANCE||3054|c49e64a0-3bd7-4d17-ad1c-6222f9c59026
2026-04-04 14:06:58|gpt|web_search|11|QUESTION_SENT||3203|d1101d3c-4acd-4059-b23e-6a34a6e5b310
2026-04-04 14:07:32|gpt|web_search|11|JSON_VERIFIED||3203|d1101d3c-4acd-4059-b23e-6a34a6e5b310
2026-04-04 14:07:32|gpt|web_search|11|QUESTION|85|3203|d1101d3c-4acd-4059-b23e-6a34a6e5b310
2026-04-04 14:07:32|gpt|web_search|11|JSON_SAVED||3203|d1101d3c-4acd-4059-b23e-6a34a6e5b310
2026-04-04 14:07:32|gpt|web_search|11|QUESTION_ADVANCE||3204|03e7e99f-3b84-4d29-9e62-06640d41a6fe
2026-04-04 14:08:51|gpt|web_search|13|QUESTION_SENT||3358|1ce4161b-58d6-4d21-8e2c-ba1fee34996c
2026-04-04 14:09:28|gpt|web_search|13|JSON_VERIFIED||3358|1ce4161b-58d6-4d21-8e2c-ba1fee34996c
2026-04-04 14:09:28|gpt|web_search|13|QUESTION|87|3358|1ce4161b-58d6-4d21-8e2c-ba1fee34996c
2026-04-04 14:09:28|gpt|web_search|13|JSON_SAVED||3358|1ce4161b-58d6-4d21-8e2c-ba1fee34996c
2026-04-04 14:09:28|gpt|web_search|13|QUESTION_ADVANCE||3359|f2e56f83-f5c0-4a3c-b1a8-ce62ec3930c5
2026-04-04 14:09:41|gpt|web_search|10|QUESTION_SENT||3054|c49e64a0-3bd7-4d17-ad1c-6222f9c59026
2026-04-04 14:10:15|gpt|web_search|10|JSON_VERIFIED||3054|c49e64a0-3bd7-4d17-ad1c-6222f9c59026
2026-04-04 14:10:15|gpt|web_search|10|QUESTION|85|3054|c49e64a0-3bd7-4d17-ad1c-6222f9c59026
2026-04-04 14:10:15|gpt|web_search|10|JSON_SAVED||3054|c49e64a0-3bd7-4d17-ad1c-6222f9c59026
2026-04-04 14:10:15|gpt|web_search|10|QUESTION_ADVANCE||3055|5c0621bc-d9b5-4337-b2cd-236a0899f5e1
2026-04-04 14:10:35|gpt|web_search|11|QUESTION_SENT||3204|03e7e99f-3b84-4d29-9e62-06640d41a6fe
2026-04-04 14:11:09|gpt|web_search|11|JSON_VERIFIED||3204|03e7e99f-3b84-4d29-9e62-06640d41a6fe
2026-04-04 14:11:09|gpt|web_search|11|QUESTION|86|3204|03e7e99f-3b84-4d29-9e62-06640d41a6fe
2026-04-04 14:11:09|gpt|web_search|11|JSON_SAVED||3204|03e7e99f-3b84-4d29-9e62-06640d41a6fe
2026-04-04 14:11:09|gpt|web_search|11|QUESTION_ADVANCE||3205|23654612-dcd1-4cb3-9364-d799fb1d531a
2026-04-04 14:12:24|gpt|web_search|13|QUESTION_SENT||3359|f2e56f83-f5c0-4a3c-b1a8-ce62ec3930c5
2026-04-04 14:12:58|gpt|web_search|13|JSON_VERIFIED||3359|f2e56f83-f5c0-4a3c-b1a8-ce62ec3930c5
2026-04-04 14:12:58|gpt|web_search|13|QUESTION|88|3359|f2e56f83-f5c0-4a3c-b1a8-ce62ec3930c5
2026-04-04 14:12:58|gpt|web_search|13|JSON_SAVED||3359|f2e56f83-f5c0-4a3c-b1a8-ce62ec3930c5
2026-04-04 14:12:58|gpt|web_search|13|QUESTION_ADVANCE||3360|60972f00-0a40-4d4a-a8c7-1d2f3511589d
2026-04-04 14:13:16|gpt|web_search|10|QUESTION_SENT||3055|5c0621bc-d9b5-4337-b2cd-236a0899f5e1
2026-04-04 14:13:53|gpt|web_search|10|JSON_VERIFIED||3055|5c0621bc-d9b5-4337-b2cd-236a0899f5e1
2026-04-04 14:13:53|gpt|web_search|10|QUESTION|86|3055|5c0621bc-d9b5-4337-b2cd-236a0899f5e1
2026-04-04 14:13:53|gpt|web_search|10|JSON_SAVED||3055|5c0621bc-d9b5-4337-b2cd-236a0899f5e1
2026-04-04 14:13:53|gpt|web_search|10|QUESTION_ADVANCE||3056|9d84cbf3-b603-4f86-9e06-3ac0a2a579aa
2026-04-04 14:14:12|gpt|web_search|11|QUESTION_SENT||3205|23654612-dcd1-4cb3-9364-d799fb1d531a
2026-04-04 14:15:57|gpt|web_search|13|QUESTION_SENT||3360|60972f00-0a40-4d4a-a8c7-1d2f3511589d
2026-04-04 14:16:30|gpt|web_search|13|JSON_VERIFIED||3360|60972f00-0a40-4d4a-a8c7-1d2f3511589d
2026-04-04 14:16:30|gpt|web_search|13|QUESTION|89|3360|60972f00-0a40-4d4a-a8c7-1d2f3511589d
2026-04-04 14:16:30|gpt|web_search|13|JSON_SAVED||3360|60972f00-0a40-4d4a-a8c7-1d2f3511589d
2026-04-04 14:16:30|gpt|web_search|13|QUESTION_ADVANCE||3361|ce3ad36c-578a-4c5f-aa10-c61339036774
2026-04-04 14:16:51|gpt|web_search|10|QUESTION_SENT||3056|9d84cbf3-b603-4f86-9e06-3ac0a2a579aa
2026-04-04 14:17:28|gpt|web_search|10|JSON_VERIFIED||3056|9d84cbf3-b603-4f86-9e06-3ac0a2a579aa
2026-04-04 14:17:28|gpt|web_search|10|QUESTION|87|3056|9d84cbf3-b603-4f86-9e06-3ac0a2a579aa
2026-04-04 14:17:28|gpt|web_search|10|JSON_SAVED||3056|9d84cbf3-b603-4f86-9e06-3ac0a2a579aa
2026-04-04 14:17:28|gpt|web_search|10|QUESTION_ADVANCE||3057|f743ea3b-5826-486f-ae9d-ddc4f584ba82
2026-04-04 14:17:49|gpt|web_search|11|QUESTION_SENT||3205|23654612-dcd1-4cb3-9364-d799fb1d531a
2026-04-04 14:18:29|gpt|web_search|11|JSON_VERIFIED||3205|23654612-dcd1-4cb3-9364-d799fb1d531a
2026-04-04 14:18:29|gpt|web_search|11|QUESTION|87|3205|23654612-dcd1-4cb3-9364-d799fb1d531a
2026-04-04 14:18:29|gpt|web_search|11|JSON_SAVED||3205|23654612-dcd1-4cb3-9364-d799fb1d531a
2026-04-04 14:18:29|gpt|web_search|11|QUESTION_ADVANCE||3206|904b8bc9-b9d7-47dc-b9ab-1a06de0c67fe
2026-04-04 14:19:30|gpt|web_search|13|QUESTION_SENT||3361|ce3ad36c-578a-4c5f-aa10-c61339036774
2026-04-04 14:20:04|gpt|web_search|13|JSON_VERIFIED||3361|ce3ad36c-578a-4c5f-aa10-c61339036774
2026-04-04 14:20:04|gpt|web_search|13|QUESTION|90|3361|ce3ad36c-578a-4c5f-aa10-c61339036774
2026-04-04 14:20:04|gpt|web_search|13|JSON_SAVED||3361|ce3ad36c-578a-4c5f-aa10-c61339036774
2026-04-04 14:20:04|gpt|web_search|13|QUESTION_ADVANCE||3362|245b760e-a900-4e03-aec1-1a9bc40c6e4d
2026-04-04 14:20:26|gpt|web_search|10|QUESTION_SENT||3057|f743ea3b-5826-486f-ae9d-ddc4f584ba82
2026-04-04 14:21:03|gpt|web_search|10|JSON_VERIFIED||3057|f743ea3b-5826-486f-ae9d-ddc4f584ba82
2026-04-04 14:21:03|gpt|web_search|10|QUESTION|88|3057|f743ea3b-5826-486f-ae9d-ddc4f584ba82
2026-04-04 14:21:03|gpt|web_search|10|JSON_SAVED||3057|f743ea3b-5826-486f-ae9d-ddc4f584ba82
2026-04-04 14:21:03|gpt|web_search|10|QUESTION_ADVANCE||3058|d71e9b66-9ba1-464b-8649-a0290032b0a2
2026-04-04 14:21:26|gpt|web_search|11|QUESTION_SENT||3206|904b8bc9-b9d7-47dc-b9ab-1a06de0c67fe
2026-04-04 14:22:00|gpt|web_search|11|JSON_VERIFIED||3206|904b8bc9-b9d7-47dc-b9ab-1a06de0c67fe
2026-04-04 14:22:00|gpt|web_search|11|QUESTION|88|3206|904b8bc9-b9d7-47dc-b9ab-1a06de0c67fe
2026-04-04 14:22:00|gpt|web_search|11|JSON_SAVED||3206|904b8bc9-b9d7-47dc-b9ab-1a06de0c67fe
2026-04-04 14:22:00|gpt|web_search|11|QUESTION_ADVANCE||3207|1dc4e44b-330b-4c43-bb2a-59c3d6b48877
2026-04-04 14:23:03|gpt|web_search|13|QUESTION_SENT||3362|245b760e-a900-4e03-aec1-1a9bc40c6e4d
2026-04-04 14:23:36|gpt|web_search|13|JSON_VERIFIED||3362|245b760e-a900-4e03-aec1-1a9bc40c6e4d
2026-04-04 14:23:36|gpt|web_search|13|QUESTION|91|3362|245b760e-a900-4e03-aec1-1a9bc40c6e4d
2026-04-04 14:23:36|gpt|web_search|13|JSON_SAVED||3362|245b760e-a900-4e03-aec1-1a9bc40c6e4d
2026-04-04 14:23:36|gpt|web_search|13|QUESTION_ADVANCE||3363|e9851dfe-fefa-47a3-839b-67db972ecbd4
2026-04-04 14:24:01|gpt|web_search|10|QUESTION_SENT||3058|d71e9b66-9ba1-464b-8649-a0290032b0a2
2026-04-04 14:24:43|gpt|web_search|10|JSON_VERIFIED||3058|d71e9b66-9ba1-464b-8649-a0290032b0a2
2026-04-04 14:24:43|gpt|web_search|10|QUESTION|89|3058|d71e9b66-9ba1-464b-8649-a0290032b0a2
2026-04-04 14:24:43|gpt|web_search|10|JSON_SAVED||3058|d71e9b66-9ba1-464b-8649-a0290032b0a2
2026-04-04 14:24:43|gpt|web_search|10|QUESTION_ADVANCE||3059|85ea822c-bf07-4d14-b979-b0659f4eab16
2026-04-04 14:25:03|gpt|web_search|11|QUESTION_SENT||3207|1dc4e44b-330b-4c43-bb2a-59c3d6b48877
2026-04-04 14:25:41|gpt|web_search|11|JSON_VERIFY_FAILED||3207|1dc4e44b-330b-4c43-bb2a-59c3d6b48877
2026-04-04 14:25:41|gpt|web_search|11|QUESTION|89|3207|1dc4e44b-330b-4c43-bb2a-59c3d6b48877
2026-04-04 14:26:36|gpt|web_search|13|QUESTION_SENT||3363|e9851dfe-fefa-47a3-839b-67db972ecbd4
2026-04-04 14:27:12|gpt|web_search|13|JSON_VERIFIED||3363|e9851dfe-fefa-47a3-839b-67db972ecbd4
2026-04-04 14:27:12|gpt|web_search|13|QUESTION|92|3363|e9851dfe-fefa-47a3-839b-67db972ecbd4
2026-04-04 14:27:12|gpt|web_search|13|JSON_SAVED||3363|e9851dfe-fefa-47a3-839b-67db972ecbd4
2026-04-04 14:27:12|gpt|web_search|13|QUESTION_ADVANCE||3364|d098da7a-4c24-494d-832f-8a371fab9584
2026-04-04 14:27:36|gpt|web_search|10|QUESTION_SENT||3059|85ea822c-bf07-4d14-b979-b0659f4eab16
2026-04-04 14:28:13|gpt|web_search|10|JSON_VERIFIED||3059|85ea822c-bf07-4d14-b979-b0659f4eab16
2026-04-04 14:28:13|gpt|web_search|10|QUESTION|90|3059|85ea822c-bf07-4d14-b979-b0659f4eab16
2026-04-04 14:28:13|gpt|web_search|10|JSON_SAVED||3059|85ea822c-bf07-4d14-b979-b0659f4eab16
2026-04-04 14:28:13|gpt|web_search|10|QUESTION_ADVANCE||3060|58664d8c-5ad5-4ce6-b968-ba44c1b36ee9
2026-04-04 14:28:40|gpt|web_search|11|QUESTION_SENT||3207|1dc4e44b-330b-4c43-bb2a-59c3d6b48877
2026-04-04 14:29:14|gpt|web_search|11|JSON_VERIFY_FAILED||3207|1dc4e44b-330b-4c43-bb2a-59c3d6b48877
2026-04-04 14:29:14|gpt|web_search|11|QUESTION|90|3207|1dc4e44b-330b-4c43-bb2a-59c3d6b48877
2026-04-04 14:30:09|gpt|web_search|13|QUESTION_SENT||3364|d098da7a-4c24-494d-832f-8a371fab9584
2026-04-04 14:30:46|gpt|web_search|13|JSON_VERIFIED||3364|d098da7a-4c24-494d-832f-8a371fab9584
2026-04-04 14:30:46|gpt|web_search|13|QUESTION|93|3364|d098da7a-4c24-494d-832f-8a371fab9584
2026-04-04 14:30:46|gpt|web_search|13|JSON_SAVED||3364|d098da7a-4c24-494d-832f-8a371fab9584
2026-04-04 14:30:46|gpt|web_search|13|QUESTION_ADVANCE||3365|2db66652-6e82-4eab-a672-beab67699c48
2026-04-04 14:31:11|gpt|web_search|10|QUESTION_SENT||3060|58664d8c-5ad5-4ce6-b968-ba44c1b36ee9
2026-04-04 14:31:48|gpt|web_search|10|JSON_VERIFIED||3060|58664d8c-5ad5-4ce6-b968-ba44c1b36ee9
2026-04-04 14:31:48|gpt|web_search|10|QUESTION|91|3060|58664d8c-5ad5-4ce6-b968-ba44c1b36ee9
2026-04-04 14:31:48|gpt|web_search|10|JSON_SAVED||3060|58664d8c-5ad5-4ce6-b968-ba44c1b36ee9
2026-04-04 14:31:48|gpt|web_search|10|QUESTION_ADVANCE||3061|f7bb56ae-0e7c-4750-a67a-08a42d9fc3a2
2026-04-04 14:32:17|gpt|web_search|11|QUESTION_SENT||3207|1dc4e44b-330b-4c43-bb2a-59c3d6b48877
2026-04-04 14:32:52|gpt|web_search|11|JSON_VERIFIED||3207|1dc4e44b-330b-4c43-bb2a-59c3d6b48877
2026-04-04 14:32:52|gpt|web_search|11|QUESTION|91|3207|1dc4e44b-330b-4c43-bb2a-59c3d6b48877
2026-04-04 14:32:52|gpt|web_search|11|JSON_SAVED||3207|1dc4e44b-330b-4c43-bb2a-59c3d6b48877
2026-04-04 14:32:52|gpt|web_search|11|QUESTION_ADVANCE||3208|b001586b-5ca3-4b99-a929-afa3414d15ce
2026-04-04 14:33:42|gpt|web_search|13|QUESTION_SENT||3365|2db66652-6e82-4eab-a672-beab67699c48
2026-04-04 14:34:13|gpt|web_search|13|JSON_VERIFY_FAILED||3365|2db66652-6e82-4eab-a672-beab67699c48
2026-04-04 14:34:13|gpt|web_search|13|QUESTION|94|3365|2db66652-6e82-4eab-a672-beab67699c48
2026-04-04 14:34:23|gpt|web_search|13|QUESTION_SENT||3365|2db66652-6e82-4eab-a672-beab67699c48
2026-04-04 14:34:42|gpt|web_search|13|JSON_VERIFY_FAILED||3365|2db66652-6e82-4eab-a672-beab67699c48
2026-04-04 14:34:42|gpt|web_search|13|QUESTION|95|3365|2db66652-6e82-4eab-a672-beab67699c48
2026-04-04 14:34:46|gpt|web_search|10|QUESTION_SENT||3061|f7bb56ae-0e7c-4750-a67a-08a42d9fc3a2
2026-04-04 14:35:21|gpt|web_search|10|JSON_VERIFIED||3061|f7bb56ae-0e7c-4750-a67a-08a42d9fc3a2
2026-04-04 14:35:21|gpt|web_search|10|QUESTION|92|3061|f7bb56ae-0e7c-4750-a67a-08a42d9fc3a2
2026-04-04 14:35:21|gpt|web_search|10|JSON_SAVED||3061|f7bb56ae-0e7c-4750-a67a-08a42d9fc3a2
2026-04-04 14:35:21|gpt|web_search|10|QUESTION_ADVANCE||3062|62a70c5c-e829-4a81-b959-327d1aab89d1
2026-04-04 14:35:54|gpt|web_search|11|QUESTION_SENT||3208|b001586b-5ca3-4b99-a929-afa3414d15ce
2026-04-04 14:36:28|gpt|web_search|11|JSON_VERIFIED||3208|b001586b-5ca3-4b99-a929-afa3414d15ce
2026-04-04 14:36:28|gpt|web_search|11|QUESTION|92|3208|b001586b-5ca3-4b99-a929-afa3414d15ce
2026-04-04 14:36:28|gpt|web_search|11|JSON_SAVED||3208|b001586b-5ca3-4b99-a929-afa3414d15ce
2026-04-04 14:36:28|gpt|web_search|11|QUESTION_ADVANCE||3209|6592816d-36bb-446b-ab7c-ff49315877e1
2026-04-04 14:37:56|gpt|web_search|13|QUESTION_SENT||3365|2db66652-6e82-4eab-a672-beab67699c48
2026-04-04 14:38:21|gpt|web_search|10|QUESTION_SENT||3062|62a70c5c-e829-4a81-b959-327d1aab89d1
2026-04-04 14:38:28|gpt|web_search|13|JSON_VERIFIED||3365|2db66652-6e82-4eab-a672-beab67699c48
2026-04-04 14:38:28|gpt|web_search|13|QUESTION|96|3365|2db66652-6e82-4eab-a672-beab67699c48
2026-04-04 14:38:28|gpt|web_search|13|JSON_SAVED||3365|2db66652-6e82-4eab-a672-beab67699c48
2026-04-04 14:38:28|gpt|web_search|13|QUESTION_ADVANCE||3366|234b8cc6-c693-4ac8-a754-2f04f4dbb845
2026-04-04 14:38:57|gpt|web_search|10|JSON_VERIFIED||3062|62a70c5c-e829-4a81-b959-327d1aab89d1
2026-04-04 14:38:57|gpt|web_search|10|QUESTION|93|3062|62a70c5c-e829-4a81-b959-327d1aab89d1
2026-04-04 14:38:57|gpt|web_search|10|JSON_SAVED||3062|62a70c5c-e829-4a81-b959-327d1aab89d1
2026-04-04 14:38:57|gpt|web_search|10|QUESTION_ADVANCE||3063|ff4ba001-62f5-442e-836d-b5fdd9e82d9d
2026-04-04 14:39:31|gpt|web_search|11|QUESTION_SENT||3209|6592816d-36bb-446b-ab7c-ff49315877e1
2026-04-04 14:40:05|gpt|web_search|11|JSON_VERIFIED||3209|6592816d-36bb-446b-ab7c-ff49315877e1
2026-04-04 14:40:05|gpt|web_search|11|QUESTION|93|3209|6592816d-36bb-446b-ab7c-ff49315877e1
2026-04-04 14:40:05|gpt|web_search|11|JSON_SAVED||3209|6592816d-36bb-446b-ab7c-ff49315877e1
2026-04-04 14:40:05|gpt|web_search|11|QUESTION_ADVANCE||3210|514bb3b9-b5b6-4936-8267-8a0e92345813
2026-04-04 14:41:30|gpt|web_search|13|QUESTION_SENT||3366|234b8cc6-c693-4ac8-a754-2f04f4dbb845
2026-04-04 14:41:56|gpt|web_search|10|QUESTION_SENT||3063|ff4ba001-62f5-442e-836d-b5fdd9e82d9d
2026-04-04 14:42:06|gpt|web_search|13|JSON_VERIFIED||3366|234b8cc6-c693-4ac8-a754-2f04f4dbb845
2026-04-04 14:42:06|gpt|web_search|13|QUESTION|97|3366|234b8cc6-c693-4ac8-a754-2f04f4dbb845
2026-04-04 14:42:06|gpt|web_search|13|JSON_SAVED||3366|234b8cc6-c693-4ac8-a754-2f04f4dbb845
2026-04-04 14:42:06|gpt|web_search|13|QUESTION_ADVANCE||3367|851397d0-345d-43a6-83d9-f1d566a48e40
2026-04-04 14:42:31|gpt|web_search|10|JSON_VERIFIED||3063|ff4ba001-62f5-442e-836d-b5fdd9e82d9d
2026-04-04 14:42:31|gpt|web_search|10|QUESTION|94|3063|ff4ba001-62f5-442e-836d-b5fdd9e82d9d
2026-04-04 14:42:31|gpt|web_search|10|JSON_SAVED||3063|ff4ba001-62f5-442e-836d-b5fdd9e82d9d
2026-04-04 14:42:31|gpt|web_search|10|QUESTION_ADVANCE||3064|c2fd3471-d09d-4add-acb2-fade07fd88d7
2026-04-04 14:43:08|gpt|web_search|11|QUESTION_SENT||3210|514bb3b9-b5b6-4936-8267-8a0e92345813
2026-04-04 14:43:44|gpt|web_search|11|JSON_VERIFIED||3210|514bb3b9-b5b6-4936-8267-8a0e92345813
2026-04-04 14:43:44|gpt|web_search|11|QUESTION|94|3210|514bb3b9-b5b6-4936-8267-8a0e92345813
2026-04-04 14:43:44|gpt|web_search|11|JSON_SAVED||3210|514bb3b9-b5b6-4936-8267-8a0e92345813
2026-04-04 14:43:44|gpt|web_search|11|QUESTION_ADVANCE||3211|cfbbe253-d2f1-402f-ac99-00182a9cd2a8
2026-04-04 14:45:03|gpt|web_search|13|QUESTION_SENT||3367|851397d0-345d-43a6-83d9-f1d566a48e40
2026-04-04 14:45:31|gpt|web_search|10|QUESTION_SENT||3064|c2fd3471-d09d-4add-acb2-fade07fd88d7
2026-04-04 14:46:09|gpt|web_search|10|JSON_VERIFIED||3064|c2fd3471-d09d-4add-acb2-fade07fd88d7
2026-04-04 14:46:09|gpt|web_search|10|QUESTION|95|3064|c2fd3471-d09d-4add-acb2-fade07fd88d7
2026-04-04 14:46:09|gpt|web_search|10|JSON_SAVED||3064|c2fd3471-d09d-4add-acb2-fade07fd88d7
2026-04-04 14:46:09|gpt|web_search|10|QUESTION_ADVANCE||3065|a9269aeb-f7f5-4e91-8b3e-291f035acc71
2026-04-04 14:46:45|gpt|web_search|11|QUESTION_SENT||3211|cfbbe253-d2f1-402f-ac99-00182a9cd2a8
2026-04-04 14:47:36|gpt|web_search|11|JSON_VERIFIED||3211|cfbbe253-d2f1-402f-ac99-00182a9cd2a8
2026-04-04 14:47:36|gpt|web_search|11|QUESTION|95|3211|cfbbe253-d2f1-402f-ac99-00182a9cd2a8
2026-04-04 14:47:36|gpt|web_search|11|JSON_SAVED||3211|cfbbe253-d2f1-402f-ac99-00182a9cd2a8
2026-04-04 14:47:36|gpt|web_search|11|QUESTION_ADVANCE||3212|3a958b9d-7f20-4bfa-b06f-0a677a1d2052
2026-04-04 14:48:35|gpt|web_search|13|QUESTION_SENT||3367|851397d0-345d-43a6-83d9-f1d566a48e40
2026-04-04 14:49:05|gpt|web_search|10|QUESTION_SENT||3065|a9269aeb-f7f5-4e91-8b3e-291f035acc71
2026-04-04 14:49:11|gpt|web_search|13|JSON_VERIFIED||3367|851397d0-345d-43a6-83d9-f1d566a48e40
2026-04-04 14:49:11|gpt|web_search|13|QUESTION|98|3367|851397d0-345d-43a6-83d9-f1d566a48e40
2026-04-04 14:49:11|gpt|web_search|13|JSON_SAVED||3367|851397d0-345d-43a6-83d9-f1d566a48e40
2026-04-04 14:49:11|gpt|web_search|13|QUESTION_ADVANCE||3368|05a2a734-72e0-4e07-885f-eb299f7d67d8
2026-04-04 14:49:41|gpt|web_search|10|JSON_VERIFIED||3065|a9269aeb-f7f5-4e91-8b3e-291f035acc71
2026-04-04 14:49:41|gpt|web_search|10|QUESTION|96|3065|a9269aeb-f7f5-4e91-8b3e-291f035acc71
2026-04-04 14:49:41|gpt|web_search|10|JSON_SAVED||3065|a9269aeb-f7f5-4e91-8b3e-291f035acc71
2026-04-04 14:49:41|gpt|web_search|10|QUESTION_ADVANCE||3066|def3990d-96c2-40d1-8909-696860164b86
2026-04-04 14:50:22|gpt|web_search|11|QUESTION_SENT||3212|3a958b9d-7f20-4bfa-b06f-0a677a1d2052
2026-04-04 14:50:58|gpt|web_search|11|JSON_VERIFIED||3212|3a958b9d-7f20-4bfa-b06f-0a677a1d2052
2026-04-04 14:50:58|gpt|web_search|11|QUESTION|96|3212|3a958b9d-7f20-4bfa-b06f-0a677a1d2052
2026-04-04 14:50:58|gpt|web_search|11|JSON_SAVED||3212|3a958b9d-7f20-4bfa-b06f-0a677a1d2052
2026-04-04 14:50:58|gpt|web_search|11|QUESTION_ADVANCE||3213|a6c0edd4-31d8-4938-9e3a-3dd7d8ac2760
2026-04-04 14:52:08|gpt|web_search|13|QUESTION_SENT||3368|05a2a734-72e0-4e07-885f-eb299f7d67d8
2026-04-04 14:52:40|gpt|web_search|10|QUESTION_SENT||3066|def3990d-96c2-40d1-8909-696860164b86
2026-04-04 14:52:41|gpt|web_search|13|JSON_VERIFY_FAILED||3368|05a2a734-72e0-4e07-885f-eb299f7d67d8
2026-04-04 14:52:41|gpt|web_search|13|QUESTION|99|3368|05a2a734-72e0-4e07-885f-eb299f7d67d8
2026-04-04 14:52:51|gpt|web_search|13|QUESTION_SENT||3368|05a2a734-72e0-4e07-885f-eb299f7d67d8
2026-04-04 14:53:14|gpt|web_search|13|JSON_VERIFIED||3368|05a2a734-72e0-4e07-885f-eb299f7d67d8
2026-04-04 14:53:14|gpt|web_search|13|QUESTION|100|3368|05a2a734-72e0-4e07-885f-eb299f7d67d8
2026-04-04 14:53:14|gpt|web_search|13|JSON_SAVED||3368|05a2a734-72e0-4e07-885f-eb299f7d67d8
2026-04-04 14:53:14|gpt|web_search|13|QUESTION_ADVANCE||3369|6c9d2cef-dd99-45f9-8b9f-95807fd80354
2026-04-04 14:53:16|gpt|web_search|10|JSON_VERIFIED||3066|def3990d-96c2-40d1-8909-696860164b86
2026-04-04 14:53:16|gpt|web_search|10|QUESTION|97|3066|def3990d-96c2-40d1-8909-696860164b86
2026-04-04 14:53:16|gpt|web_search|10|JSON_SAVED||3066|def3990d-96c2-40d1-8909-696860164b86
2026-04-04 14:53:16|gpt|web_search|10|QUESTION_ADVANCE||3067|229f6bbc-45aa-44e1-bde7-4956fab908da
2026-04-04 14:53:59|gpt|web_search|11|QUESTION_SENT||3213|a6c0edd4-31d8-4938-9e3a-3dd7d8ac2760
2026-04-04 14:54:32|gpt|web_search|11|JSON_VERIFY_FAILED||3213|a6c0edd4-31d8-4938-9e3a-3dd7d8ac2760
2026-04-04 14:54:32|gpt|web_search|11|QUESTION|97|3213|a6c0edd4-31d8-4938-9e3a-3dd7d8ac2760
2026-04-04 14:54:42|gpt|web_search|11|QUESTION_SENT||3213|a6c0edd4-31d8-4938-9e3a-3dd7d8ac2760
2026-04-04 14:55:03|gpt|web_search|11|JSON_VERIFY_FAILED||3213|a6c0edd4-31d8-4938-9e3a-3dd7d8ac2760
2026-04-04 14:55:03|gpt|web_search|11|QUESTION|98|3213|a6c0edd4-31d8-4938-9e3a-3dd7d8ac2760
2026-04-04 14:56:15|gpt|web_search|10|QUESTION_SENT||3067|229f6bbc-45aa-44e1-bde7-4956fab908da
2026-04-04 14:56:24|gpt|web_search|13|QUESTION_SENT||3369|6c9d2cef-dd99-45f9-8b9f-95807fd80354
2026-04-04 14:56:52|gpt|web_search|10|JSON_VERIFIED||3067|229f6bbc-45aa-44e1-bde7-4956fab908da
2026-04-04 14:56:52|gpt|web_search|10|QUESTION|98|3067|229f6bbc-45aa-44e1-bde7-4956fab908da
2026-04-04 14:56:52|gpt|web_search|10|JSON_SAVED||3067|229f6bbc-45aa-44e1-bde7-4956fab908da
2026-04-04 14:56:52|gpt|web_search|10|QUESTION_ADVANCE||3068|32cbba93-0a92-425b-847c-fd035fca16cd
2026-04-04 14:56:56|gpt|web_search|13|JSON_VERIFIED||3369|6c9d2cef-dd99-45f9-8b9f-95807fd80354
2026-04-04 14:56:56|gpt|web_search|13|QUESTION|101|3369|6c9d2cef-dd99-45f9-8b9f-95807fd80354
2026-04-04 14:56:56|gpt|web_search|13|JSON_SAVED||3369|6c9d2cef-dd99-45f9-8b9f-95807fd80354
2026-04-04 14:56:56|gpt|web_search|13|QUESTION_ADVANCE||3370|6a1709db-2ece-4367-8216-7570602a8c26
2026-04-04 14:57:31|gpt|web_search|11|QUESTION_SENT||3213|a6c0edd4-31d8-4938-9e3a-3dd7d8ac2760
2026-04-04 14:58:05|gpt|web_search|11|JSON_VERIFIED||3213|a6c0edd4-31d8-4938-9e3a-3dd7d8ac2760
2026-04-04 14:58:05|gpt|web_search|11|QUESTION|99|3213|a6c0edd4-31d8-4938-9e3a-3dd7d8ac2760
2026-04-04 14:58:05|gpt|web_search|11|JSON_SAVED||3213|a6c0edd4-31d8-4938-9e3a-3dd7d8ac2760
2026-04-04 14:58:05|gpt|web_search|11|QUESTION_ADVANCE||3214|a0a7b862-7a0f-478f-a193-317da1f559bc
2026-04-04 14:59:50|gpt|web_search|10|QUESTION_SENT||3068|32cbba93-0a92-425b-847c-fd035fca16cd
2026-04-04 14:59:57|gpt|web_search|13|QUESTION_SENT||3370|6a1709db-2ece-4367-8216-7570602a8c26
2026-04-04 15:00:30|gpt|web_search|10|JSON_VERIFIED||3068|32cbba93-0a92-425b-847c-fd035fca16cd
2026-04-04 15:00:30|gpt|web_search|10|QUESTION|99|3068|32cbba93-0a92-425b-847c-fd035fca16cd
2026-04-04 15:00:30|gpt|web_search|10|JSON_SAVED||3068|32cbba93-0a92-425b-847c-fd035fca16cd
2026-04-04 15:00:30|gpt|web_search|10|QUESTION_ADVANCE||3069|8ef67c84-1673-44ad-b795-d33b3ef07ffc
2026-04-04 15:00:34|gpt|web_search|13|JSON_VERIFIED||3370|6a1709db-2ece-4367-8216-7570602a8c26
2026-04-04 15:00:34|gpt|web_search|13|QUESTION|102|3370|6a1709db-2ece-4367-8216-7570602a8c26
2026-04-04 15:00:34|gpt|web_search|13|JSON_SAVED||3370|6a1709db-2ece-4367-8216-7570602a8c26
2026-04-04 15:00:34|gpt|web_search|13|QUESTION_ADVANCE||3371|708f92f0-114d-4170-8e63-4f31fafc678e
2026-04-04 15:01:08|gpt|web_search|11|QUESTION_SENT||3214|a0a7b862-7a0f-478f-a193-317da1f559bc
2026-04-04 15:01:44|gpt|web_search|11|JSON_VERIFIED||3214|a0a7b862-7a0f-478f-a193-317da1f559bc
2026-04-04 15:01:44|gpt|web_search|11|QUESTION|100|3214|a0a7b862-7a0f-478f-a193-317da1f559bc
2026-04-04 15:01:44|gpt|web_search|11|JSON_SAVED||3214|a0a7b862-7a0f-478f-a193-317da1f559bc
2026-04-04 15:01:44|gpt|web_search|11|QUESTION_ADVANCE||3215|129e2d40-383b-4dcd-99a7-682f8eb0e7f8
2026-04-04 15:03:25|gpt|web_search|10|QUESTION_SENT||3069|8ef67c84-1673-44ad-b795-d33b3ef07ffc
2026-04-04 15:03:30|gpt|web_search|13|QUESTION_SENT||3371|708f92f0-114d-4170-8e63-4f31fafc678e
2026-04-04 15:03:55|gpt|web_search|10|JSON_VERIFY_FAILED||3069|8ef67c84-1673-44ad-b795-d33b3ef07ffc
2026-04-04 15:03:55|gpt|web_search|10|QUESTION|100|3069|8ef67c84-1673-44ad-b795-d33b3ef07ffc
2026-04-04 15:04:04|gpt|web_search|10|QUESTION_SENT||3069|8ef67c84-1673-44ad-b795-d33b3ef07ffc
2026-04-04 15:04:05|gpt|web_search|13|JSON_VERIFIED||3371|708f92f0-114d-4170-8e63-4f31fafc678e
2026-04-04 15:04:05|gpt|web_search|13|QUESTION|103|3371|708f92f0-114d-4170-8e63-4f31fafc678e
2026-04-04 15:04:05|gpt|web_search|13|JSON_SAVED||3371|708f92f0-114d-4170-8e63-4f31fafc678e
2026-04-04 15:04:05|gpt|web_search|13|QUESTION_ADVANCE||3372|5719e4c2-d90c-40e0-9836-3508f1be3a8a
2026-04-04 15:04:30|gpt|web_search|10|JSON_VERIFIED||3069|8ef67c84-1673-44ad-b795-d33b3ef07ffc
2026-04-04 15:04:30|gpt|web_search|10|QUESTION|101|3069|8ef67c84-1673-44ad-b795-d33b3ef07ffc
2026-04-04 15:04:30|gpt|web_search|10|JSON_SAVED||3069|8ef67c84-1673-44ad-b795-d33b3ef07ffc
2026-04-04 15:04:30|gpt|web_search|10|QUESTION_ADVANCE||3070|ca3a81f0-e097-48af-958a-f11ce1c912dc
2026-04-04 15:04:45|gpt|web_search|11|QUESTION_SENT||3215|129e2d40-383b-4dcd-99a7-682f8eb0e7f8
2026-04-04 15:05:21|gpt|web_search|11|JSON_VERIFIED||3215|129e2d40-383b-4dcd-99a7-682f8eb0e7f8
2026-04-04 15:05:21|gpt|web_search|11|QUESTION|101|3215|129e2d40-383b-4dcd-99a7-682f8eb0e7f8
2026-04-04 15:05:21|gpt|web_search|11|JSON_SAVED||3215|129e2d40-383b-4dcd-99a7-682f8eb0e7f8
2026-04-04 15:05:21|gpt|web_search|11|QUESTION_ADVANCE||3216|f2e7685f-b7b2-4e7d-a77c-dfb6e823bc19
2026-04-04 15:07:03|gpt|web_search|13|QUESTION_SENT||3372|5719e4c2-d90c-40e0-9836-3508f1be3a8a
2026-04-04 15:07:39|gpt|web_search|10|QUESTION_SENT||3070|ca3a81f0-e097-48af-958a-f11ce1c912dc
2026-04-04 15:07:44|gpt|web_search|13|JSON_VERIFIED||3372|5719e4c2-d90c-40e0-9836-3508f1be3a8a
2026-04-04 15:07:44|gpt|web_search|13|QUESTION|104|3372|5719e4c2-d90c-40e0-9836-3508f1be3a8a
2026-04-04 15:07:44|gpt|web_search|13|JSON_SAVED||3372|5719e4c2-d90c-40e0-9836-3508f1be3a8a
2026-04-04 15:07:44|gpt|web_search|13|QUESTION_ADVANCE||3373|fee2b60d-ba59-46f9-a633-b70a3f5e5737
2026-04-04 15:08:13|gpt|web_search|10|JSON_VERIFIED||3070|ca3a81f0-e097-48af-958a-f11ce1c912dc
2026-04-04 15:08:13|gpt|web_search|10|QUESTION|102|3070|ca3a81f0-e097-48af-958a-f11ce1c912dc
2026-04-04 15:08:13|gpt|web_search|10|JSON_SAVED||3070|ca3a81f0-e097-48af-958a-f11ce1c912dc
2026-04-04 15:08:13|gpt|web_search|10|QUESTION_ADVANCE||3071|9d63a771-d1bc-44f4-ae5d-2427f969dbb1
2026-04-04 15:08:22|gpt|web_search|11|QUESTION_SENT||3216|f2e7685f-b7b2-4e7d-a77c-dfb6e823bc19
2026-04-04 15:08:55|gpt|web_search|11|JSON_VERIFIED||3216|f2e7685f-b7b2-4e7d-a77c-dfb6e823bc19
2026-04-04 15:08:55|gpt|web_search|11|QUESTION|102|3216|f2e7685f-b7b2-4e7d-a77c-dfb6e823bc19
2026-04-04 15:08:55|gpt|web_search|11|JSON_SAVED||3216|f2e7685f-b7b2-4e7d-a77c-dfb6e823bc19
2026-04-04 15:08:55|gpt|web_search|11|QUESTION_ADVANCE||3217|948fb226-0507-447d-af9c-28d80c10d9b3
2026-04-04 15:10:36|gpt|web_search|13|QUESTION_SENT||3373|fee2b60d-ba59-46f9-a633-b70a3f5e5737
2026-04-04 15:11:09|gpt|web_search|13|JSON_VERIFIED||3373|fee2b60d-ba59-46f9-a633-b70a3f5e5737
2026-04-04 15:11:09|gpt|web_search|13|QUESTION|105|3373|fee2b60d-ba59-46f9-a633-b70a3f5e5737
2026-04-04 15:11:09|gpt|web_search|13|JSON_SAVED||3373|fee2b60d-ba59-46f9-a633-b70a3f5e5737
2026-04-04 15:11:09|gpt|web_search|13|QUESTION_ADVANCE||3374|1273a106-ae21-4bd6-86f2-9c263949a626
2026-04-04 15:11:14|gpt|web_search|10|QUESTION_SENT||3071|9d63a771-d1bc-44f4-ae5d-2427f969dbb1
2026-04-04 15:11:51|gpt|web_search|10|JSON_VERIFIED||3071|9d63a771-d1bc-44f4-ae5d-2427f969dbb1
2026-04-04 15:11:51|gpt|web_search|10|QUESTION|103|3071|9d63a771-d1bc-44f4-ae5d-2427f969dbb1
2026-04-04 15:11:51|gpt|web_search|10|JSON_SAVED||3071|9d63a771-d1bc-44f4-ae5d-2427f969dbb1
2026-04-04 15:11:51|gpt|web_search|10|QUESTION_ADVANCE||3072|2f8bcec6-f5fb-4011-b9dd-e1e572cb701a
2026-04-04 15:11:59|gpt|web_search|11|QUESTION_SENT||3217|948fb226-0507-447d-af9c-28d80c10d9b3
2026-04-04 15:12:36|gpt|web_search|11|JSON_VERIFIED||3217|948fb226-0507-447d-af9c-28d80c10d9b3
2026-04-04 15:12:36|gpt|web_search|11|QUESTION|103|3217|948fb226-0507-447d-af9c-28d80c10d9b3
2026-04-04 15:12:36|gpt|web_search|11|JSON_SAVED||3217|948fb226-0507-447d-af9c-28d80c10d9b3
2026-04-04 15:12:36|gpt|web_search|11|QUESTION_ADVANCE||3218|26861ae4-c550-4eef-b20c-a0c9ce7dba75
2026-04-04 15:14:09|gpt|web_search|13|QUESTION_SENT||3374|1273a106-ae21-4bd6-86f2-9c263949a626
2026-04-04 15:14:45|gpt|web_search|13|JSON_VERIFIED||3374|1273a106-ae21-4bd6-86f2-9c263949a626
2026-04-04 15:14:45|gpt|web_search|13|QUESTION|106|3374|1273a106-ae21-4bd6-86f2-9c263949a626
2026-04-04 15:14:45|gpt|web_search|13|JSON_SAVED||3374|1273a106-ae21-4bd6-86f2-9c263949a626
2026-04-04 15:14:45|gpt|web_search|13|QUESTION_ADVANCE||3375|6db65197-0036-4597-8ab9-0427f3b0e39b
2026-04-04 15:14:49|gpt|web_search|10|QUESTION_SENT||3072|2f8bcec6-f5fb-4011-b9dd-e1e572cb701a
2026-04-04 15:15:25|gpt|web_search|10|JSON_VERIFIED||3072|2f8bcec6-f5fb-4011-b9dd-e1e572cb701a
2026-04-04 15:15:25|gpt|web_search|10|QUESTION|104|3072|2f8bcec6-f5fb-4011-b9dd-e1e572cb701a
2026-04-04 15:15:25|gpt|web_search|10|JSON_SAVED||3072|2f8bcec6-f5fb-4011-b9dd-e1e572cb701a
2026-04-04 15:15:25|gpt|web_search|10|QUESTION_ADVANCE||3073|91c8e741-66e2-4ab4-adc3-f5a8069715c1
2026-04-04 15:15:36|gpt|web_search|11|QUESTION_SENT||3218|26861ae4-c550-4eef-b20c-a0c9ce7dba75
2026-04-04 15:16:07|gpt|web_search|11|JSON_VERIFY_FAILED||3218|26861ae4-c550-4eef-b20c-a0c9ce7dba75
2026-04-04 15:16:07|gpt|web_search|11|QUESTION|104|3218|26861ae4-c550-4eef-b20c-a0c9ce7dba75
2026-04-04 15:16:17|gpt|web_search|11|QUESTION_SENT||3218|26861ae4-c550-4eef-b20c-a0c9ce7dba75
2026-04-04 15:16:40|gpt|web_search|11|JSON_VERIFIED||3218|26861ae4-c550-4eef-b20c-a0c9ce7dba75
2026-04-04 15:16:40|gpt|web_search|11|QUESTION|105|3218|26861ae4-c550-4eef-b20c-a0c9ce7dba75
2026-04-04 15:16:40|gpt|web_search|11|JSON_SAVED||3218|26861ae4-c550-4eef-b20c-a0c9ce7dba75
2026-04-04 15:16:40|gpt|web_search|11|QUESTION_ADVANCE||3219|5ee5cd7a-3d91-4e09-a9bc-61a43cc040b3
2026-04-04 15:17:42|gpt|web_search|13|QUESTION_SENT||3375|6db65197-0036-4597-8ab9-0427f3b0e39b
2026-04-04 15:18:19|gpt|web_search|13|JSON_VERIFIED||3375|6db65197-0036-4597-8ab9-0427f3b0e39b
2026-04-04 15:18:19|gpt|web_search|13|QUESTION|107|3375|6db65197-0036-4597-8ab9-0427f3b0e39b
2026-04-04 15:18:19|gpt|web_search|13|JSON_SAVED||3375|6db65197-0036-4597-8ab9-0427f3b0e39b
2026-04-04 15:18:19|gpt|web_search|13|QUESTION_ADVANCE||3376|68224554-937a-4873-a22f-874f7d63b0ad
2026-04-04 15:18:24|gpt|web_search|10|QUESTION_SENT||3073|91c8e741-66e2-4ab4-adc3-f5a8069715c1
2026-04-04 15:18:53|gpt|web_search|10|JSON_VERIFY_FAILED||3073|91c8e741-66e2-4ab4-adc3-f5a8069715c1
2026-04-04 15:18:53|gpt|web_search|10|QUESTION|105|3073|91c8e741-66e2-4ab4-adc3-f5a8069715c1
2026-04-04 15:19:02|gpt|web_search|10|QUESTION_SENT||3073|91c8e741-66e2-4ab4-adc3-f5a8069715c1
2026-04-04 15:19:20|gpt|web_search|10|JSON_VERIFY_FAILED||3073|91c8e741-66e2-4ab4-adc3-f5a8069715c1
2026-04-04 15:19:20|gpt|web_search|10|QUESTION|106|3073|91c8e741-66e2-4ab4-adc3-f5a8069715c1
2026-04-04 15:19:54|gpt|web_search|11|QUESTION_SENT||3219|5ee5cd7a-3d91-4e09-a9bc-61a43cc040b3
2026-04-04 15:20:32|gpt|web_search|11|JSON_VERIFIED||3219|5ee5cd7a-3d91-4e09-a9bc-61a43cc040b3
2026-04-04 15:20:32|gpt|web_search|11|QUESTION|106|3219|5ee5cd7a-3d91-4e09-a9bc-61a43cc040b3
2026-04-04 15:20:32|gpt|web_search|11|JSON_SAVED||3219|5ee5cd7a-3d91-4e09-a9bc-61a43cc040b3
2026-04-04 15:20:32|gpt|web_search|11|QUESTION_ADVANCE||3220|f6844b45-58be-4752-b271-f4c25f36e920
2026-04-04 15:21:15|gpt|web_search|13|QUESTION_SENT||3376|68224554-937a-4873-a22f-874f7d63b0ad
2026-04-04 15:21:47|gpt|web_search|10|QUESTION_SENT||3073|91c8e741-66e2-4ab4-adc3-f5a8069715c1
2026-04-04 15:21:53|gpt|web_search|13|JSON_VERIFIED||3376|68224554-937a-4873-a22f-874f7d63b0ad
2026-04-04 15:21:53|gpt|web_search|13|QUESTION|108|3376|68224554-937a-4873-a22f-874f7d63b0ad
2026-04-04 15:21:53|gpt|web_search|13|JSON_SAVED||3376|68224554-937a-4873-a22f-874f7d63b0ad
2026-04-04 15:21:53|gpt|web_search|13|QUESTION_ADVANCE||3377|b4465ff9-63e3-48a8-ad0c-01682e280714
2026-04-04 15:22:18|gpt|web_search|10|JSON_VERIFY_FAILED||3073|91c8e741-66e2-4ab4-adc3-f5a8069715c1
2026-04-04 15:22:18|gpt|web_search|10|QUESTION|107|3073|91c8e741-66e2-4ab4-adc3-f5a8069715c1
2026-04-04 15:22:28|gpt|web_search|10|QUESTION_SENT||3073|91c8e741-66e2-4ab4-adc3-f5a8069715c1
2026-04-04 15:22:52|gpt|web_search|10|JSON_VERIFIED||3073|91c8e741-66e2-4ab4-adc3-f5a8069715c1
2026-04-04 15:22:52|gpt|web_search|10|QUESTION|108|3073|91c8e741-66e2-4ab4-adc3-f5a8069715c1
2026-04-04 15:22:52|gpt|web_search|10|JSON_SAVED||3073|91c8e741-66e2-4ab4-adc3-f5a8069715c1
2026-04-04 15:22:52|gpt|web_search|10|QUESTION_ADVANCE||3074|7402babe-2c02-4c8f-a2bf-c3d759d92f7c
2026-04-04 15:23:31|gpt|web_search|11|QUESTION_SENT||3220|f6844b45-58be-4752-b271-f4c25f36e920
2026-04-04 15:24:08|gpt|web_search|11|JSON_VERIFIED||3220|f6844b45-58be-4752-b271-f4c25f36e920
2026-04-04 15:24:08|gpt|web_search|11|QUESTION|107|3220|f6844b45-58be-4752-b271-f4c25f36e920
2026-04-04 15:24:08|gpt|web_search|11|JSON_SAVED||3220|f6844b45-58be-4752-b271-f4c25f36e920
2026-04-04 15:24:08|gpt|web_search|11|QUESTION_ADVANCE||3221|ac46dd76-bee8-4841-9ea9-69d164affd6e
2026-04-04 15:24:48|gpt|web_search|13|QUESTION_SENT||3377|b4465ff9-63e3-48a8-ad0c-01682e280714
2026-04-04 15:25:22|gpt|web_search|13|JSON_VERIFIED||3377|b4465ff9-63e3-48a8-ad0c-01682e280714
2026-04-04 15:25:22|gpt|web_search|13|QUESTION|109|3377|b4465ff9-63e3-48a8-ad0c-01682e280714
2026-04-04 15:25:22|gpt|web_search|13|JSON_SAVED||3377|b4465ff9-63e3-48a8-ad0c-01682e280714
2026-04-04 15:25:22|gpt|web_search|13|QUESTION_ADVANCE||3378|2e714ba3-e995-4d47-9f6f-1b1ee54cb8b5
2026-04-04 15:26:03|gpt|web_search|10|QUESTION_SENT||3074|7402babe-2c02-4c8f-a2bf-c3d759d92f7c
2026-04-04 15:26:40|gpt|web_search|10|JSON_VERIFIED||3074|7402babe-2c02-4c8f-a2bf-c3d759d92f7c
2026-04-04 15:26:40|gpt|web_search|10|QUESTION|109|3074|7402babe-2c02-4c8f-a2bf-c3d759d92f7c
2026-04-04 15:26:40|gpt|web_search|10|JSON_SAVED||3074|7402babe-2c02-4c8f-a2bf-c3d759d92f7c
2026-04-04 15:26:40|gpt|web_search|10|QUESTION_ADVANCE||3075|1f380494-d4f9-4332-b855-8485760b091b
2026-04-04 15:27:08|gpt|web_search|11|QUESTION_SENT||3221|ac46dd76-bee8-4841-9ea9-69d164affd6e
2026-04-04 15:27:40|gpt|web_search|11|JSON_VERIFIED||3221|ac46dd76-bee8-4841-9ea9-69d164affd6e
2026-04-04 15:27:40|gpt|web_search|11|QUESTION|108|3221|ac46dd76-bee8-4841-9ea9-69d164affd6e
2026-04-04 15:27:40|gpt|web_search|11|JSON_SAVED||3221|ac46dd76-bee8-4841-9ea9-69d164affd6e
2026-04-04 15:27:40|gpt|web_search|11|QUESTION_ADVANCE||3222|432602a0-8aad-4e82-86e9-fa749b0def2d
2026-04-04 15:28:21|gpt|web_search|13|QUESTION_SENT||3378|2e714ba3-e995-4d47-9f6f-1b1ee54cb8b5
2026-04-04 15:29:05|gpt|web_search|13|JSON_VERIFIED||3378|2e714ba3-e995-4d47-9f6f-1b1ee54cb8b5
2026-04-04 15:29:05|gpt|web_search|13|QUESTION|110|3378|2e714ba3-e995-4d47-9f6f-1b1ee54cb8b5
2026-04-04 15:29:05|gpt|web_search|13|JSON_SAVED||3378|2e714ba3-e995-4d47-9f6f-1b1ee54cb8b5
2026-04-04 15:29:05|gpt|web_search|13|QUESTION_ADVANCE||3379|3d4eaf8c-cda7-48cd-900f-c693b3f3df49
2026-04-04 15:29:38|gpt|web_search|10|QUESTION_SENT||3075|1f380494-d4f9-4332-b855-8485760b091b
2026-04-04 15:30:13|gpt|web_search|10|JSON_VERIFIED||3075|1f380494-d4f9-4332-b855-8485760b091b
2026-04-04 15:30:13|gpt|web_search|10|QUESTION|110|3075|1f380494-d4f9-4332-b855-8485760b091b
2026-04-04 15:30:13|gpt|web_search|10|JSON_SAVED||3075|1f380494-d4f9-4332-b855-8485760b091b
2026-04-04 15:30:13|gpt|web_search|10|QUESTION_ADVANCE||3076|0c7659f9-fda3-4e54-ac73-85b966284fa5
2026-04-04 15:30:45|gpt|web_search|11|QUESTION_SENT||3222|432602a0-8aad-4e82-86e9-fa749b0def2d
2026-04-04 15:31:13|gpt|web_search|11|JSON_VERIFY_FAILED||3222|432602a0-8aad-4e82-86e9-fa749b0def2d
2026-04-04 15:31:13|gpt|web_search|11|QUESTION|109|3222|432602a0-8aad-4e82-86e9-fa749b0def2d
2026-04-04 15:31:23|gpt|web_search|11|QUESTION_SENT||3222|432602a0-8aad-4e82-86e9-fa749b0def2d
2026-04-04 15:31:49|gpt|web_search|11|JSON_VERIFIED||3222|432602a0-8aad-4e82-86e9-fa749b0def2d
2026-04-04 15:31:49|gpt|web_search|11|QUESTION|110|3222|432602a0-8aad-4e82-86e9-fa749b0def2d
2026-04-04 15:31:49|gpt|web_search|11|JSON_SAVED||3222|432602a0-8aad-4e82-86e9-fa749b0def2d
2026-04-04 15:31:49|gpt|web_search|11|QUESTION_ADVANCE||3223|f1e476b4-1eb1-475f-becb-7adc7483779f
2026-04-04 15:31:54|gpt|web_search|13|QUESTION_SENT||3379|3d4eaf8c-cda7-48cd-900f-c693b3f3df49
2026-04-04 15:32:28|gpt|web_search|13|JSON_VERIFIED||3379|3d4eaf8c-cda7-48cd-900f-c693b3f3df49
2026-04-04 15:32:28|gpt|web_search|13|QUESTION|111|3379|3d4eaf8c-cda7-48cd-900f-c693b3f3df49
2026-04-04 15:32:28|gpt|web_search|13|JSON_SAVED||3379|3d4eaf8c-cda7-48cd-900f-c693b3f3df49
2026-04-04 15:32:28|gpt|web_search|13|QUESTION_ADVANCE||3380|a81a11e1-5f62-45d5-af18-ed89c50ba536
2026-04-04 15:33:13|gpt|web_search|10|QUESTION_SENT||3076|0c7659f9-fda3-4e54-ac73-85b966284fa5
2026-04-04 15:33:49|gpt|web_search|10|JSON_VERIFIED||3076|0c7659f9-fda3-4e54-ac73-85b966284fa5
2026-04-04 15:33:49|gpt|web_search|10|QUESTION|111|3076|0c7659f9-fda3-4e54-ac73-85b966284fa5
2026-04-04 15:33:49|gpt|web_search|10|JSON_SAVED||3076|0c7659f9-fda3-4e54-ac73-85b966284fa5
2026-04-04 15:33:49|gpt|web_search|10|QUESTION_ADVANCE||3077|262705de-5656-4575-b11b-9d9cfd3dcfcd
2026-04-04 15:35:00|gpt|web_search|11|QUESTION_SENT||3223|f1e476b4-1eb1-475f-becb-7adc7483779f
2026-04-04 15:35:27|gpt|web_search|13|QUESTION_SENT||3380|a81a11e1-5f62-45d5-af18-ed89c50ba536
2026-04-04 15:35:35|gpt|web_search|11|JSON_VERIFIED||3223|f1e476b4-1eb1-475f-becb-7adc7483779f
2026-04-04 15:35:35|gpt|web_search|11|QUESTION|111|3223|f1e476b4-1eb1-475f-becb-7adc7483779f
2026-04-04 15:35:35|gpt|web_search|11|JSON_SAVED||3223|f1e476b4-1eb1-475f-becb-7adc7483779f
2026-04-04 15:35:35|gpt|web_search|11|QUESTION_ADVANCE||3224|51131658-6d2b-4614-bd44-82d8140080de
2026-04-04 15:36:01|gpt|web_search|13|JSON_VERIFIED||3380|a81a11e1-5f62-45d5-af18-ed89c50ba536
2026-04-04 15:36:01|gpt|web_search|13|QUESTION|112|3380|a81a11e1-5f62-45d5-af18-ed89c50ba536
2026-04-04 15:36:01|gpt|web_search|13|JSON_SAVED||3380|a81a11e1-5f62-45d5-af18-ed89c50ba536
2026-04-04 15:36:01|gpt|web_search|13|QUESTION_ADVANCE||3381|7edb968b-4d0e-4529-a7eb-07abd19dd970
2026-04-04 15:36:48|gpt|web_search|10|QUESTION_SENT||3077|262705de-5656-4575-b11b-9d9cfd3dcfcd
2026-04-04 15:37:24|gpt|web_search|10|JSON_VERIFIED||3077|262705de-5656-4575-b11b-9d9cfd3dcfcd
2026-04-04 15:37:24|gpt|web_search|10|QUESTION|112|3077|262705de-5656-4575-b11b-9d9cfd3dcfcd
2026-04-04 15:37:24|gpt|web_search|10|JSON_SAVED||3077|262705de-5656-4575-b11b-9d9cfd3dcfcd
2026-04-04 15:37:24|gpt|web_search|10|QUESTION_ADVANCE||3078|4efce427-f70e-41a9-ba9c-3a843d6c25da
2026-04-04 15:38:37|gpt|web_search|11|QUESTION_SENT||3224|51131658-6d2b-4614-bd44-82d8140080de
2026-04-04 15:39:00|gpt|web_search|13|QUESTION_SENT||3381|7edb968b-4d0e-4529-a7eb-07abd19dd970
2026-04-04 15:39:11|gpt|web_search|11|JSON_VERIFIED||3224|51131658-6d2b-4614-bd44-82d8140080de
2026-04-04 15:39:11|gpt|web_search|11|QUESTION|112|3224|51131658-6d2b-4614-bd44-82d8140080de
2026-04-04 15:39:11|gpt|web_search|11|JSON_SAVED||3224|51131658-6d2b-4614-bd44-82d8140080de
2026-04-04 15:39:11|gpt|web_search|11|QUESTION_ADVANCE||3225|e4453074-2650-48c3-8147-28a48d6cb17c
2026-04-04 15:39:28|gpt|web_search|13|JSON_VERIFY_FAILED||3381|7edb968b-4d0e-4529-a7eb-07abd19dd970
2026-04-04 15:39:28|gpt|web_search|13|QUESTION|113|3381|7edb968b-4d0e-4529-a7eb-07abd19dd970
2026-04-04 15:39:38|gpt|web_search|13|QUESTION_SENT||3381|7edb968b-4d0e-4529-a7eb-07abd19dd970
2026-04-04 15:40:02|gpt|web_search|13|JSON_VERIFIED||3381|7edb968b-4d0e-4529-a7eb-07abd19dd970
2026-04-04 15:40:02|gpt|web_search|13|QUESTION|114|3381|7edb968b-4d0e-4529-a7eb-07abd19dd970
2026-04-04 15:40:02|gpt|web_search|13|JSON_SAVED||3381|7edb968b-4d0e-4529-a7eb-07abd19dd970
2026-04-04 15:40:02|gpt|web_search|13|QUESTION_ADVANCE||3382|64eeef3b-8414-4376-9bc6-fba3c246d5a7
2026-04-04 15:40:23|gpt|web_search|10|QUESTION_SENT||3078|4efce427-f70e-41a9-ba9c-3a843d6c25da
2026-04-04 15:40:59|gpt|web_search|10|JSON_VERIFIED||3078|4efce427-f70e-41a9-ba9c-3a843d6c25da
2026-04-04 15:40:59|gpt|web_search|10|QUESTION|113|3078|4efce427-f70e-41a9-ba9c-3a843d6c25da
2026-04-04 15:40:59|gpt|web_search|10|JSON_SAVED||3078|4efce427-f70e-41a9-ba9c-3a843d6c25da
2026-04-04 15:40:59|gpt|web_search|10|QUESTION_ADVANCE||3079|81c2bc2c-7c8b-48f2-833d-bdbbc36c38fe
2026-04-04 15:42:14|gpt|web_search|11|QUESTION_SENT||3225|e4453074-2650-48c3-8147-28a48d6cb17c
2026-04-04 15:42:48|gpt|web_search|11|JSON_VERIFIED||3225|e4453074-2650-48c3-8147-28a48d6cb17c
2026-04-04 15:42:48|gpt|web_search|11|QUESTION|113|3225|e4453074-2650-48c3-8147-28a48d6cb17c
2026-04-04 15:42:48|gpt|web_search|11|JSON_SAVED||3225|e4453074-2650-48c3-8147-28a48d6cb17c
2026-04-04 15:42:48|gpt|web_search|11|QUESTION_ADVANCE||3226|07381340-3bd7-40a9-b4e2-381eb48cdf24
2026-04-04 15:43:11|gpt|web_search|13|QUESTION_SENT||3382|64eeef3b-8414-4376-9bc6-fba3c246d5a7
2026-04-04 15:43:58|gpt|web_search|10|QUESTION_SENT||3079|81c2bc2c-7c8b-48f2-833d-bdbbc36c38fe
2026-04-04 15:44:35|gpt|web_search|10|JSON_VERIFIED||3079|81c2bc2c-7c8b-48f2-833d-bdbbc36c38fe
2026-04-04 15:44:35|gpt|web_search|10|QUESTION|114|3079|81c2bc2c-7c8b-48f2-833d-bdbbc36c38fe
2026-04-04 15:44:35|gpt|web_search|10|JSON_SAVED||3079|81c2bc2c-7c8b-48f2-833d-bdbbc36c38fe
2026-04-04 15:44:35|gpt|web_search|10|QUESTION_ADVANCE||3080|b992dad9-f3a5-484f-82b0-45b7534e0ffa
2026-04-04 15:45:51|gpt|web_search|11|QUESTION_SENT||3226|07381340-3bd7-40a9-b4e2-381eb48cdf24
2026-04-04 15:46:28|gpt|web_search|11|JSON_VERIFIED||3226|07381340-3bd7-40a9-b4e2-381eb48cdf24
2026-04-04 15:46:28|gpt|web_search|11|QUESTION|114|3226|07381340-3bd7-40a9-b4e2-381eb48cdf24
2026-04-04 15:46:28|gpt|web_search|11|JSON_SAVED||3226|07381340-3bd7-40a9-b4e2-381eb48cdf24
2026-04-04 15:46:28|gpt|web_search|11|QUESTION_ADVANCE||3227|ee991568-428f-4af2-afe4-cfb7a3971fa5
2026-04-04 15:46:44|gpt|web_search|13|QUESTION_SENT||3382|64eeef3b-8414-4376-9bc6-fba3c246d5a7
2026-04-04 15:47:33|gpt|web_search|10|QUESTION_SENT||3080|b992dad9-f3a5-484f-82b0-45b7534e0ffa
2026-04-04 15:47:48|gpt|web_search|13|JSON_VERIFIED||3382|64eeef3b-8414-4376-9bc6-fba3c246d5a7
2026-04-04 15:47:48|gpt|web_search|13|QUESTION|115|3382|64eeef3b-8414-4376-9bc6-fba3c246d5a7
2026-04-04 15:47:48|gpt|web_search|13|JSON_SAVED||3382|64eeef3b-8414-4376-9bc6-fba3c246d5a7
2026-04-04 15:47:48|gpt|web_search|13|QUESTION_ADVANCE||3383|d60fc3e8-28ad-478c-8019-a3920348ab33
2026-04-04 15:48:13|gpt|web_search|10|JSON_VERIFIED||3080|b992dad9-f3a5-484f-82b0-45b7534e0ffa
2026-04-04 15:48:13|gpt|web_search|10|QUESTION|115|3080|b992dad9-f3a5-484f-82b0-45b7534e0ffa
2026-04-04 15:48:13|gpt|web_search|10|JSON_SAVED||3080|b992dad9-f3a5-484f-82b0-45b7534e0ffa
2026-04-04 15:48:13|gpt|web_search|10|QUESTION_ADVANCE||3081|f1e5e0ab-eb08-4239-8b75-f0bf25d9cbd1
2026-04-04 15:49:28|gpt|web_search|11|QUESTION_SENT||3227|ee991568-428f-4af2-afe4-cfb7a3971fa5
2026-04-04 15:50:03|gpt|web_search|11|JSON_VERIFIED||3227|ee991568-428f-4af2-afe4-cfb7a3971fa5
2026-04-04 15:50:03|gpt|web_search|11|QUESTION|115|3227|ee991568-428f-4af2-afe4-cfb7a3971fa5
2026-04-04 15:50:03|gpt|web_search|11|JSON_SAVED||3227|ee991568-428f-4af2-afe4-cfb7a3971fa5
2026-04-04 15:50:03|gpt|web_search|11|QUESTION_ADVANCE||3228|980f7430-4e24-4611-8fc7-687eb80b8f7e
2026-04-04 15:50:17|gpt|web_search|13|QUESTION_SENT||3383|d60fc3e8-28ad-478c-8019-a3920348ab33
2026-04-04 15:50:52|gpt|web_search|13|JSON_VERIFIED||3383|d60fc3e8-28ad-478c-8019-a3920348ab33
2026-04-04 15:50:52|gpt|web_search|13|QUESTION|116|3383|d60fc3e8-28ad-478c-8019-a3920348ab33
2026-04-04 15:50:52|gpt|web_search|13|JSON_SAVED||3383|d60fc3e8-28ad-478c-8019-a3920348ab33
2026-04-04 15:50:52|gpt|web_search|13|QUESTION_ADVANCE||3384|4bd9b0be-c4e4-4326-92b1-f41b4012ceb6
2026-04-04 15:51:08|gpt|web_search|10|QUESTION_SENT||3081|f1e5e0ab-eb08-4239-8b75-f0bf25d9cbd1
2026-04-04 15:51:45|gpt|web_search|10|JSON_VERIFIED||3081|f1e5e0ab-eb08-4239-8b75-f0bf25d9cbd1
2026-04-04 15:51:45|gpt|web_search|10|QUESTION|116|3081|f1e5e0ab-eb08-4239-8b75-f0bf25d9cbd1
2026-04-04 15:51:45|gpt|web_search|10|JSON_SAVED||3081|f1e5e0ab-eb08-4239-8b75-f0bf25d9cbd1
2026-04-04 15:51:45|gpt|web_search|10|QUESTION_ADVANCE||3082|70525ed5-97a6-4488-9202-1ed534e47b47
2026-04-04 15:53:05|gpt|web_search|11|QUESTION_SENT||3228|980f7430-4e24-4611-8fc7-687eb80b8f7e
2026-04-04 15:53:40|gpt|web_search|11|JSON_VERIFIED||3228|980f7430-4e24-4611-8fc7-687eb80b8f7e
2026-04-04 15:53:40|gpt|web_search|11|QUESTION|116|3228|980f7430-4e24-4611-8fc7-687eb80b8f7e
2026-04-04 15:53:40|gpt|web_search|11|JSON_SAVED||3228|980f7430-4e24-4611-8fc7-687eb80b8f7e
2026-04-04 15:53:40|gpt|web_search|11|QUESTION_ADVANCE||3229|b3814d22-477d-49c5-98f2-49a2d0ac57c4
2026-04-04 15:53:50|gpt|web_search|13|QUESTION_SENT||3384|4bd9b0be-c4e4-4326-92b1-f41b4012ceb6
2026-04-04 15:54:22|gpt|web_search|13|JSON_VERIFIED||3384|4bd9b0be-c4e4-4326-92b1-f41b4012ceb6
2026-04-04 15:54:22|gpt|web_search|13|QUESTION|117|3384|4bd9b0be-c4e4-4326-92b1-f41b4012ceb6
2026-04-04 15:54:22|gpt|web_search|13|JSON_SAVED||3384|4bd9b0be-c4e4-4326-92b1-f41b4012ceb6
2026-04-04 15:54:22|gpt|web_search|13|QUESTION_ADVANCE||3385|443e781e-82b6-47b4-a99b-0dd563f84d7e
2026-04-04 15:54:43|gpt|web_search|10|QUESTION_SENT||3082|70525ed5-97a6-4488-9202-1ed534e47b47
2026-04-04 15:55:20|gpt|web_search|10|JSON_VERIFIED||3082|70525ed5-97a6-4488-9202-1ed534e47b47
2026-04-04 15:55:20|gpt|web_search|10|QUESTION|117|3082|70525ed5-97a6-4488-9202-1ed534e47b47
2026-04-04 15:55:20|gpt|web_search|10|JSON_SAVED||3082|70525ed5-97a6-4488-9202-1ed534e47b47
2026-04-04 15:55:20|gpt|web_search|10|QUESTION_ADVANCE||3083|ef1195c4-6efe-4a9b-9521-1d174aa4dd33
2026-04-04 15:56:42|gpt|web_search|11|QUESTION_SENT||3229|b3814d22-477d-49c5-98f2-49a2d0ac57c4
2026-04-04 15:57:17|gpt|web_search|11|JSON_VERIFIED||3229|b3814d22-477d-49c5-98f2-49a2d0ac57c4
2026-04-04 15:57:17|gpt|web_search|11|QUESTION|117|3229|b3814d22-477d-49c5-98f2-49a2d0ac57c4
2026-04-04 15:57:17|gpt|web_search|11|JSON_SAVED||3229|b3814d22-477d-49c5-98f2-49a2d0ac57c4
2026-04-04 15:57:17|gpt|web_search|11|QUESTION_ADVANCE||3230|f50f2f9f-8c52-4923-95d9-3e0cdf7e22f4
2026-04-04 15:57:23|gpt|web_search|13|QUESTION_SENT||3385|443e781e-82b6-47b4-a99b-0dd563f84d7e
2026-04-04 15:57:55|gpt|web_search|13|JSON_VERIFIED||3385|443e781e-82b6-47b4-a99b-0dd563f84d7e
2026-04-04 15:57:55|gpt|web_search|13|QUESTION|118|3385|443e781e-82b6-47b4-a99b-0dd563f84d7e
2026-04-04 15:57:55|gpt|web_search|13|JSON_SAVED||3385|443e781e-82b6-47b4-a99b-0dd563f84d7e
2026-04-04 15:57:55|gpt|web_search|13|QUESTION_ADVANCE||3386|b364f165-0f90-4d49-938d-0b6aa7c6922b
2026-04-04 15:58:18|gpt|web_search|10|QUESTION_SENT||3083|ef1195c4-6efe-4a9b-9521-1d174aa4dd33
2026-04-04 15:58:59|gpt|web_search|10|JSON_VERIFIED||3083|ef1195c4-6efe-4a9b-9521-1d174aa4dd33
2026-04-04 15:58:59|gpt|web_search|10|QUESTION|118|3083|ef1195c4-6efe-4a9b-9521-1d174aa4dd33
2026-04-04 15:58:59|gpt|web_search|10|JSON_SAVED||3083|ef1195c4-6efe-4a9b-9521-1d174aa4dd33
2026-04-04 15:58:59|gpt|web_search|10|QUESTION_ADVANCE||3084|b248fb10-9a7c-4ed2-b941-96bf4c5a30fa
2026-04-04 16:00:18|gpt|web_search|11|QUESTION_SENT||3230|f50f2f9f-8c52-4923-95d9-3e0cdf7e22f4
2026-04-04 16:00:54|gpt|web_search|11|JSON_VERIFIED||3230|f50f2f9f-8c52-4923-95d9-3e0cdf7e22f4
2026-04-04 16:00:54|gpt|web_search|11|QUESTION|118|3230|f50f2f9f-8c52-4923-95d9-3e0cdf7e22f4
2026-04-04 16:00:54|gpt|web_search|11|JSON_SAVED||3230|f50f2f9f-8c52-4923-95d9-3e0cdf7e22f4
2026-04-04 16:00:54|gpt|web_search|11|QUESTION_ADVANCE||3231|312fddad-6f82-4903-b085-be7e3a21a77f
2026-04-04 16:00:56|gpt|web_search|13|QUESTION_SENT||3386|b364f165-0f90-4d49-938d-0b6aa7c6922b
2026-04-04 16:01:33|gpt|web_search|13|JSON_VERIFIED||3386|b364f165-0f90-4d49-938d-0b6aa7c6922b
2026-04-04 16:01:33|gpt|web_search|13|QUESTION|119|3386|b364f165-0f90-4d49-938d-0b6aa7c6922b
2026-04-04 16:01:33|gpt|web_search|13|JSON_SAVED||3386|b364f165-0f90-4d49-938d-0b6aa7c6922b
2026-04-04 16:01:33|gpt|web_search|13|QUESTION_ADVANCE||3387|840824d2-a87d-43db-bda2-c82ed6e39ff2
2026-04-04 16:01:53|gpt|web_search|10|QUESTION_SENT||3084|b248fb10-9a7c-4ed2-b941-96bf4c5a30fa
2026-04-04 16:02:28|gpt|web_search|10|JSON_VERIFIED||3084|b248fb10-9a7c-4ed2-b941-96bf4c5a30fa
2026-04-04 16:02:28|gpt|web_search|10|QUESTION|119|3084|b248fb10-9a7c-4ed2-b941-96bf4c5a30fa
2026-04-04 16:02:28|gpt|web_search|10|JSON_SAVED||3084|b248fb10-9a7c-4ed2-b941-96bf4c5a30fa
2026-04-04 16:02:28|gpt|web_search|10|QUESTION_ADVANCE||3085|27c481e7-7e6d-4832-88ab-51a52bbd6717
2026-04-04 16:03:55|gpt|web_search|11|QUESTION_SENT||3231|312fddad-6f82-4903-b085-be7e3a21a77f
2026-04-04 16:04:29|gpt|web_search|13|QUESTION_SENT||3387|840824d2-a87d-43db-bda2-c82ed6e39ff2
2026-04-04 16:04:39|gpt|web_search|11|JSON_VERIFIED||3231|312fddad-6f82-4903-b085-be7e3a21a77f
2026-04-04 16:04:39|gpt|web_search|11|QUESTION|119|3231|312fddad-6f82-4903-b085-be7e3a21a77f
2026-04-04 16:04:39|gpt|web_search|11|JSON_SAVED||3231|312fddad-6f82-4903-b085-be7e3a21a77f
2026-04-04 16:04:39|gpt|web_search|11|QUESTION_ADVANCE||3232|8725f131-7251-43c8-a75a-14ea204b18f8
2026-04-04 16:05:04|gpt|web_search|13|JSON_VERIFIED||3387|840824d2-a87d-43db-bda2-c82ed6e39ff2
2026-04-04 16:05:04|gpt|web_search|13|QUESTION|120|3387|840824d2-a87d-43db-bda2-c82ed6e39ff2
2026-04-04 16:05:04|gpt|web_search|13|JSON_SAVED||3387|840824d2-a87d-43db-bda2-c82ed6e39ff2
2026-04-04 16:05:04|gpt|web_search|13|QUESTION_ADVANCE||3388|7af23045-3e82-4268-a4f8-3f38daf22f5c
2026-04-04 16:05:28|gpt|web_search|10|QUESTION_SENT||3085|27c481e7-7e6d-4832-88ab-51a52bbd6717
2026-04-04 16:06:03|gpt|web_search|10|JSON_VERIFIED||3085|27c481e7-7e6d-4832-88ab-51a52bbd6717
2026-04-04 16:06:03|gpt|web_search|10|QUESTION|120|3085|27c481e7-7e6d-4832-88ab-51a52bbd6717
2026-04-04 16:06:03|gpt|web_search|10|JSON_SAVED||3085|27c481e7-7e6d-4832-88ab-51a52bbd6717
2026-04-04 16:06:03|gpt|web_search|10|QUESTION_ADVANCE||3086|325e821d-23e9-4319-83e3-e16a77d74583
2026-04-04 16:07:32|gpt|web_search|11|QUESTION_SENT||3232|8725f131-7251-43c8-a75a-14ea204b18f8
2026-04-04 16:08:02|gpt|web_search|13|QUESTION_SENT||3388|7af23045-3e82-4268-a4f8-3f38daf22f5c
2026-04-04 16:08:09|gpt|web_search|11|JSON_VERIFIED||3232|8725f131-7251-43c8-a75a-14ea204b18f8
2026-04-04 16:08:09|gpt|web_search|11|QUESTION|120|3232|8725f131-7251-43c8-a75a-14ea204b18f8
2026-04-04 16:08:09|gpt|web_search|11|JSON_SAVED||3232|8725f131-7251-43c8-a75a-14ea204b18f8
2026-04-04 16:08:09|gpt|web_search|11|QUESTION_ADVANCE||3233|058bb023-375b-4930-880c-01fb955fc7de
2026-04-04 16:08:33|gpt|web_search|13|JSON_VERIFY_FAILED||3388|7af23045-3e82-4268-a4f8-3f38daf22f5c
2026-04-04 16:08:33|gpt|web_search|13|QUESTION|121|3388|7af23045-3e82-4268-a4f8-3f38daf22f5c
2026-04-04 16:08:43|gpt|web_search|13|QUESTION_SENT||3388|7af23045-3e82-4268-a4f8-3f38daf22f5c
2026-04-04 16:09:03|gpt|web_search|10|QUESTION_SENT||3086|325e821d-23e9-4319-83e3-e16a77d74583
2026-04-04 16:09:07|gpt|web_search|13|JSON_VERIFIED||3388|7af23045-3e82-4268-a4f8-3f38daf22f5c
2026-04-04 16:09:07|gpt|web_search|13|QUESTION|122|3388|7af23045-3e82-4268-a4f8-3f38daf22f5c
2026-04-04 16:09:07|gpt|web_search|13|JSON_SAVED||3388|7af23045-3e82-4268-a4f8-3f38daf22f5c
2026-04-04 16:09:07|gpt|web_search|13|QUESTION_ADVANCE||3389|a023f180-7a6f-4fac-b332-e55aa04d6c9b
2026-04-04 16:09:41|gpt|web_search|10|JSON_VERIFIED||3086|325e821d-23e9-4319-83e3-e16a77d74583
2026-04-04 16:09:41|gpt|web_search|10|QUESTION|121|3086|325e821d-23e9-4319-83e3-e16a77d74583
2026-04-04 16:09:41|gpt|web_search|10|JSON_SAVED||3086|325e821d-23e9-4319-83e3-e16a77d74583
2026-04-04 16:09:41|gpt|web_search|10|QUESTION_ADVANCE||3087|6354dcb7-f4c1-42a0-b399-d8e2c9e04fbb
2026-04-04 16:11:09|gpt|web_search|11|QUESTION_SENT||3233|058bb023-375b-4930-880c-01fb955fc7de
2026-04-04 16:11:45|gpt|web_search|11|JSON_VERIFIED||3233|058bb023-375b-4930-880c-01fb955fc7de
2026-04-04 16:11:45|gpt|web_search|11|QUESTION|121|3233|058bb023-375b-4930-880c-01fb955fc7de
2026-04-04 16:11:45|gpt|web_search|11|JSON_SAVED||3233|058bb023-375b-4930-880c-01fb955fc7de
2026-04-04 16:11:45|gpt|web_search|11|QUESTION_ADVANCE||3234|6ba19055-31da-4895-ba36-089ebbcb98d0
2026-04-04 16:12:15|gpt|web_search|13|QUESTION_SENT||3389|a023f180-7a6f-4fac-b332-e55aa04d6c9b
2026-04-04 16:12:38|gpt|web_search|10|QUESTION_SENT||3087|6354dcb7-f4c1-42a0-b399-d8e2c9e04fbb
2026-04-04 16:12:46|gpt|web_search|13|JSON_VERIFY_FAILED||3389|a023f180-7a6f-4fac-b332-e55aa04d6c9b
2026-04-04 16:12:46|gpt|web_search|13|QUESTION|123|3389|a023f180-7a6f-4fac-b332-e55aa04d6c9b
2026-04-04 16:12:56|gpt|web_search|13|QUESTION_SENT||3389|a023f180-7a6f-4fac-b332-e55aa04d6c9b
2026-04-04 16:13:20|gpt|web_search|10|JSON_VERIFIED||3087|6354dcb7-f4c1-42a0-b399-d8e2c9e04fbb
2026-04-04 16:13:20|gpt|web_search|10|QUESTION|122|3087|6354dcb7-f4c1-42a0-b399-d8e2c9e04fbb
2026-04-04 16:13:20|gpt|web_search|10|JSON_SAVED||3087|6354dcb7-f4c1-42a0-b399-d8e2c9e04fbb
2026-04-04 16:13:20|gpt|web_search|10|QUESTION_ADVANCE||3088|e99ab278-3268-42f4-b743-60630716f279
2026-04-04 16:13:21|gpt|web_search|13|JSON_VERIFIED||3389|a023f180-7a6f-4fac-b332-e55aa04d6c9b
2026-04-04 16:13:21|gpt|web_search|13|QUESTION|124|3389|a023f180-7a6f-4fac-b332-e55aa04d6c9b
2026-04-04 16:13:21|gpt|web_search|13|JSON_SAVED||3389|a023f180-7a6f-4fac-b332-e55aa04d6c9b
2026-04-04 16:13:21|gpt|web_search|13|QUESTION_ADVANCE||3390|ff086b59-a145-4867-93ed-69543f065a24
2026-04-04 16:14:46|gpt|web_search|11|QUESTION_SENT||3234|6ba19055-31da-4895-ba36-089ebbcb98d0
2026-04-04 16:15:26|gpt|web_search|11|JSON_VERIFIED||3234|6ba19055-31da-4895-ba36-089ebbcb98d0
2026-04-04 16:15:26|gpt|web_search|11|QUESTION|122|3234|6ba19055-31da-4895-ba36-089ebbcb98d0
2026-04-04 16:15:26|gpt|web_search|11|JSON_SAVED||3234|6ba19055-31da-4895-ba36-089ebbcb98d0
2026-04-04 16:15:26|gpt|web_search|11|QUESTION_ADVANCE||3235|c319389f-55a7-4e3f-9014-1edbe4e05b37
2026-04-04 16:16:13|gpt|web_search|10|QUESTION_SENT||3088|e99ab278-3268-42f4-b743-60630716f279
2026-04-04 16:16:29|gpt|web_search|13|QUESTION_SENT||3390|ff086b59-a145-4867-93ed-69543f065a24
2026-04-04 16:16:51|gpt|web_search|10|JSON_VERIFIED||3088|e99ab278-3268-42f4-b743-60630716f279
2026-04-04 16:16:51|gpt|web_search|10|QUESTION|123|3088|e99ab278-3268-42f4-b743-60630716f279
2026-04-04 16:16:51|gpt|web_search|10|JSON_SAVED||3088|e99ab278-3268-42f4-b743-60630716f279
2026-04-04 16:16:51|gpt|web_search|10|QUESTION_ADVANCE||3089|9bfa17d3-4ad9-470a-b4c7-f6380534c598
2026-04-04 16:17:04|gpt|web_search|13|JSON_VERIFIED||3390|ff086b59-a145-4867-93ed-69543f065a24
2026-04-04 16:17:04|gpt|web_search|13|QUESTION|125|3390|ff086b59-a145-4867-93ed-69543f065a24
2026-04-04 16:17:04|gpt|web_search|13|JSON_SAVED||3390|ff086b59-a145-4867-93ed-69543f065a24
2026-04-04 16:17:04|gpt|web_search|13|QUESTION_ADVANCE||3391|714432d6-77f2-432a-ab6c-8f4b93f7e446
2026-04-04 16:18:23|gpt|web_search|11|QUESTION_SENT||3235|c319389f-55a7-4e3f-9014-1edbe4e05b37
2026-04-04 16:19:13|gpt|web_search|11|JSON_VERIFY_FAILED||3235|c319389f-55a7-4e3f-9014-1edbe4e05b37
2026-04-04 16:19:13|gpt|web_search|11|QUESTION|123|3235|c319389f-55a7-4e3f-9014-1edbe4e05b37
2026-04-04 16:19:47|gpt|web_search|10|QUESTION_SENT||3089|9bfa17d3-4ad9-470a-b4c7-f6380534c598
2026-04-04 16:20:02|gpt|web_search|13|QUESTION_SENT||3391|714432d6-77f2-432a-ab6c-8f4b93f7e446
2026-04-04 16:20:23|gpt|web_search|10|JSON_VERIFIED||3089|9bfa17d3-4ad9-470a-b4c7-f6380534c598
2026-04-04 16:20:23|gpt|web_search|10|QUESTION|124|3089|9bfa17d3-4ad9-470a-b4c7-f6380534c598
2026-04-04 16:20:23|gpt|web_search|10|JSON_SAVED||3089|9bfa17d3-4ad9-470a-b4c7-f6380534c598
2026-04-04 16:20:23|gpt|web_search|10|QUESTION_ADVANCE||3090|646e868e-9140-4ce8-bc60-890078da7b33
2026-04-04 16:20:37|gpt|web_search|13|JSON_VERIFIED||3391|714432d6-77f2-432a-ab6c-8f4b93f7e446
2026-04-04 16:20:37|gpt|web_search|13|QUESTION|126|3391|714432d6-77f2-432a-ab6c-8f4b93f7e446
2026-04-04 16:20:37|gpt|web_search|13|JSON_SAVED||3391|714432d6-77f2-432a-ab6c-8f4b93f7e446
2026-04-04 16:20:37|gpt|web_search|13|QUESTION_ADVANCE||3392|3d26d477-d640-4c7f-a5cf-62c45ce35d07
2026-04-04 16:22:00|gpt|web_search|11|QUESTION_SENT||3235|c319389f-55a7-4e3f-9014-1edbe4e05b37
2026-04-04 16:22:40|gpt|web_search|11|JSON_VERIFIED||3235|c319389f-55a7-4e3f-9014-1edbe4e05b37
2026-04-04 16:22:40|gpt|web_search|11|QUESTION|124|3235|c319389f-55a7-4e3f-9014-1edbe4e05b37
2026-04-04 16:22:40|gpt|web_search|11|JSON_SAVED||3235|c319389f-55a7-4e3f-9014-1edbe4e05b37
2026-04-04 16:22:40|gpt|web_search|11|QUESTION_ADVANCE||3236|95eead82-c5c6-4034-8750-d7c09f053e72
2026-04-04 16:23:22|gpt|web_search|10|QUESTION_SENT||3090|646e868e-9140-4ce8-bc60-890078da7b33
2026-04-04 16:23:35|gpt|web_search|13|QUESTION_SENT||3392|3d26d477-d640-4c7f-a5cf-62c45ce35d07
2026-04-04 16:23:59|gpt|web_search|10|JSON_VERIFIED||3090|646e868e-9140-4ce8-bc60-890078da7b33
2026-04-04 16:23:59|gpt|web_search|10|QUESTION|125|3090|646e868e-9140-4ce8-bc60-890078da7b33
2026-04-04 16:23:59|gpt|web_search|10|JSON_SAVED||3090|646e868e-9140-4ce8-bc60-890078da7b33
2026-04-04 16:23:59|gpt|web_search|10|QUESTION_ADVANCE||3091|d9a557a2-4d3a-47b0-98e2-a42ce23b5271
2026-04-04 16:24:07|gpt|web_search|13|JSON_VERIFIED||3392|3d26d477-d640-4c7f-a5cf-62c45ce35d07
2026-04-04 16:24:07|gpt|web_search|13|QUESTION|127|3392|3d26d477-d640-4c7f-a5cf-62c45ce35d07
2026-04-04 16:24:07|gpt|web_search|13|JSON_SAVED||3392|3d26d477-d640-4c7f-a5cf-62c45ce35d07
2026-04-04 16:24:07|gpt|web_search|13|QUESTION_ADVANCE||3393|e2681b8b-403c-4881-a79e-a62ed79224c5
2026-04-04 16:25:38|gpt|web_search|11|QUESTION_SENT||3236|95eead82-c5c6-4034-8750-d7c09f053e72
2026-04-04 16:26:12|gpt|web_search|11|JSON_VERIFIED||3236|95eead82-c5c6-4034-8750-d7c09f053e72
2026-04-04 16:26:12|gpt|web_search|11|QUESTION|125|3236|95eead82-c5c6-4034-8750-d7c09f053e72
2026-04-04 16:26:12|gpt|web_search|11|JSON_SAVED||3236|95eead82-c5c6-4034-8750-d7c09f053e72
2026-04-04 16:26:12|gpt|web_search|11|QUESTION_ADVANCE||3237|5458e393-30a1-4954-90a1-a0bda18367a6
2026-04-04 16:26:57|gpt|web_search|10|QUESTION_SENT||3091|d9a557a2-4d3a-47b0-98e2-a42ce23b5271
2026-04-04 16:27:08|gpt|web_search|13|QUESTION_SENT||3393|e2681b8b-403c-4881-a79e-a62ed79224c5
2026-04-04 16:27:34|gpt|web_search|10|JSON_VERIFIED||3091|d9a557a2-4d3a-47b0-98e2-a42ce23b5271
2026-04-04 16:27:34|gpt|web_search|10|QUESTION|126|3091|d9a557a2-4d3a-47b0-98e2-a42ce23b5271
2026-04-04 16:27:34|gpt|web_search|10|JSON_SAVED||3091|d9a557a2-4d3a-47b0-98e2-a42ce23b5271
2026-04-04 16:27:34|gpt|web_search|10|QUESTION_ADVANCE||3092|fc0d12dc-1c11-47a3-923b-c2ce0688ab8c
2026-04-04 16:27:45|gpt|web_search|13|JSON_VERIFIED||3393|e2681b8b-403c-4881-a79e-a62ed79224c5
2026-04-04 16:27:45|gpt|web_search|13|QUESTION|128|3393|e2681b8b-403c-4881-a79e-a62ed79224c5
2026-04-04 16:27:45|gpt|web_search|13|JSON_SAVED||3393|e2681b8b-403c-4881-a79e-a62ed79224c5
2026-04-04 16:27:45|gpt|web_search|13|QUESTION_ADVANCE||3394|3414ec01-e2c5-4af9-9b2f-88c78d8ee5e6
2026-04-04 16:29:15|gpt|web_search|11|QUESTION_SENT||3237|5458e393-30a1-4954-90a1-a0bda18367a6
2026-04-04 16:29:51|gpt|web_search|11|JSON_VERIFIED||3237|5458e393-30a1-4954-90a1-a0bda18367a6
2026-04-04 16:29:51|gpt|web_search|11|QUESTION|126|3237|5458e393-30a1-4954-90a1-a0bda18367a6
2026-04-04 16:29:51|gpt|web_search|11|JSON_SAVED||3237|5458e393-30a1-4954-90a1-a0bda18367a6
2026-04-04 16:29:51|gpt|web_search|11|QUESTION_ADVANCE||3238|9c86ecb5-6606-4670-88a2-d6dcee0f32b6
2026-04-04 16:30:32|gpt|web_search|10|QUESTION_SENT||3092|fc0d12dc-1c11-47a3-923b-c2ce0688ab8c
2026-04-04 16:30:41|gpt|web_search|13|QUESTION_SENT||3394|3414ec01-e2c5-4af9-9b2f-88c78d8ee5e6
2026-04-04 16:31:16|gpt|web_search|13|JSON_VERIFIED||3394|3414ec01-e2c5-4af9-9b2f-88c78d8ee5e6
2026-04-04 16:31:16|gpt|web_search|13|QUESTION|129|3394|3414ec01-e2c5-4af9-9b2f-88c78d8ee5e6
2026-04-04 16:31:16|gpt|web_search|13|JSON_SAVED||3394|3414ec01-e2c5-4af9-9b2f-88c78d8ee5e6
2026-04-04 16:31:16|gpt|web_search|13|QUESTION_ADVANCE||3395|c4707029-2d16-4b8a-a1e6-eb053a31f9fc
2026-04-04 16:32:51|gpt|web_search|11|QUESTION_SENT||3238|9c86ecb5-6606-4670-88a2-d6dcee0f32b6
2026-04-04 16:33:25|gpt|web_search|11|JSON_VERIFIED||3238|9c86ecb5-6606-4670-88a2-d6dcee0f32b6
2026-04-04 16:33:25|gpt|web_search|11|QUESTION|127|3238|9c86ecb5-6606-4670-88a2-d6dcee0f32b6
2026-04-04 16:33:25|gpt|web_search|11|JSON_SAVED||3238|9c86ecb5-6606-4670-88a2-d6dcee0f32b6
2026-04-04 16:33:25|gpt|web_search|11|QUESTION_ADVANCE||3239|6209a24c-2910-48a8-b62c-6856fcada33c
2026-04-04 16:34:07|gpt|web_search|10|QUESTION_SENT||3092|fc0d12dc-1c11-47a3-923b-c2ce0688ab8c
2026-04-04 16:34:14|gpt|web_search|13|QUESTION_SENT||3395|c4707029-2d16-4b8a-a1e6-eb053a31f9fc
2026-04-04 16:34:45|gpt|web_search|10|JSON_VERIFIED||3092|fc0d12dc-1c11-47a3-923b-c2ce0688ab8c
2026-04-04 16:34:45|gpt|web_search|10|QUESTION|127|3092|fc0d12dc-1c11-47a3-923b-c2ce0688ab8c
2026-04-04 16:34:45|gpt|web_search|10|JSON_SAVED||3092|fc0d12dc-1c11-47a3-923b-c2ce0688ab8c
2026-04-04 16:34:45|gpt|web_search|10|QUESTION_ADVANCE||3093|c433f1a6-9244-4e75-a037-fe4aa94fd808
2026-04-04 16:36:28|gpt|web_search|11|QUESTION_SENT||3239|6209a24c-2910-48a8-b62c-6856fcada33c
2026-04-04 16:37:04|gpt|web_search|11|JSON_VERIFIED||3239|6209a24c-2910-48a8-b62c-6856fcada33c
2026-04-04 16:37:04|gpt|web_search|11|QUESTION|128|3239|6209a24c-2910-48a8-b62c-6856fcada33c
2026-04-04 16:37:04|gpt|web_search|11|JSON_SAVED||3239|6209a24c-2910-48a8-b62c-6856fcada33c
2026-04-04 16:37:04|gpt|web_search|11|QUESTION_ADVANCE||3240|d2bee7c2-7eaf-4958-88f0-4d73ca9204c9
2026-04-04 16:37:42|gpt|web_search|10|QUESTION_SENT||3093|c433f1a6-9244-4e75-a037-fe4aa94fd808
2026-04-04 16:37:47|gpt|web_search|13|QUESTION_SENT||3395|c4707029-2d16-4b8a-a1e6-eb053a31f9fc
2026-04-04 16:38:14|gpt|web_search|13|JSON_VERIFY_FAILED||3395|c4707029-2d16-4b8a-a1e6-eb053a31f9fc
2026-04-04 16:38:14|gpt|web_search|13|QUESTION|130|3395|c4707029-2d16-4b8a-a1e6-eb053a31f9fc
2026-04-04 16:38:21|gpt|web_search|10|JSON_VERIFIED||3093|c433f1a6-9244-4e75-a037-fe4aa94fd808
2026-04-04 16:38:21|gpt|web_search|10|QUESTION|128|3093|c433f1a6-9244-4e75-a037-fe4aa94fd808
2026-04-04 16:38:21|gpt|web_search|10|JSON_SAVED||3093|c433f1a6-9244-4e75-a037-fe4aa94fd808
2026-04-04 16:38:21|gpt|web_search|10|QUESTION_ADVANCE||3094|c4935973-1924-465f-9b7a-ac04516990a8
2026-04-04 16:40:05|gpt|web_search|11|QUESTION_SENT||3240|d2bee7c2-7eaf-4958-88f0-4d73ca9204c9
2026-04-04 16:40:42|gpt|web_search|11|JSON_VERIFIED||3240|d2bee7c2-7eaf-4958-88f0-4d73ca9204c9
2026-04-04 16:40:42|gpt|web_search|11|QUESTION|129|3240|d2bee7c2-7eaf-4958-88f0-4d73ca9204c9
2026-04-04 16:40:42|gpt|web_search|11|JSON_SAVED||3240|d2bee7c2-7eaf-4958-88f0-4d73ca9204c9
2026-04-04 16:40:42|gpt|web_search|11|QUESTION_ADVANCE||3241|1057579a-f947-47a2-97d5-2036d5379049
2026-04-04 16:41:17|gpt|web_search|10|QUESTION_SENT||3094|c4935973-1924-465f-9b7a-ac04516990a8
2026-04-04 16:41:20|gpt|web_search|13|QUESTION_SENT||3395|c4707029-2d16-4b8a-a1e6-eb053a31f9fc
2026-04-04 16:41:54|gpt|web_search|10|JSON_VERIFIED||3094|c4935973-1924-465f-9b7a-ac04516990a8
2026-04-04 16:41:54|gpt|web_search|10|QUESTION|129|3094|c4935973-1924-465f-9b7a-ac04516990a8
2026-04-04 16:41:54|gpt|web_search|10|JSON_SAVED||3094|c4935973-1924-465f-9b7a-ac04516990a8
2026-04-04 16:41:54|gpt|web_search|10|QUESTION_ADVANCE||3095|502aa599-d028-4b89-a4d8-f0fdee64a40f
2026-04-04 16:41:55|gpt|web_search|13|JSON_VERIFIED||3395|c4707029-2d16-4b8a-a1e6-eb053a31f9fc
2026-04-04 16:41:55|gpt|web_search|13|QUESTION|131|3395|c4707029-2d16-4b8a-a1e6-eb053a31f9fc
2026-04-04 16:41:55|gpt|web_search|13|JSON_SAVED||3395|c4707029-2d16-4b8a-a1e6-eb053a31f9fc
2026-04-04 16:41:55|gpt|web_search|13|QUESTION_ADVANCE||3396|a6596655-791c-48e0-9e90-75c9b3043d01
2026-04-04 16:43:42|gpt|web_search|11|QUESTION_SENT||3241|1057579a-f947-47a2-97d5-2036d5379049
2026-04-04 16:44:16|gpt|web_search|11|JSON_VERIFIED||3241|1057579a-f947-47a2-97d5-2036d5379049
2026-04-04 16:44:16|gpt|web_search|11|QUESTION|130|3241|1057579a-f947-47a2-97d5-2036d5379049
2026-04-04 16:44:16|gpt|web_search|11|JSON_SAVED||3241|1057579a-f947-47a2-97d5-2036d5379049
2026-04-04 16:44:16|gpt|web_search|11|QUESTION_ADVANCE||3242|f52bc6c2-e361-4924-a9d1-aa7a0abb5ee1
2026-04-04 16:44:52|gpt|web_search|10|QUESTION_SENT||3095|502aa599-d028-4b89-a4d8-f0fdee64a40f
2026-04-04 16:44:53|gpt|web_search|13|QUESTION_SENT||3396|a6596655-791c-48e0-9e90-75c9b3043d01
2026-04-04 16:45:29|gpt|web_search|13|JSON_VERIFIED||3396|a6596655-791c-48e0-9e90-75c9b3043d01
2026-04-04 16:45:29|gpt|web_search|13|QUESTION|132|3396|a6596655-791c-48e0-9e90-75c9b3043d01
2026-04-04 16:45:29|gpt|web_search|13|JSON_SAVED||3396|a6596655-791c-48e0-9e90-75c9b3043d01
2026-04-04 16:45:29|gpt|web_search|13|QUESTION_ADVANCE||3397|bfb952de-6213-4c15-9e0f-eb28207be4c4
2026-04-04 16:45:31|gpt|web_search|10|JSON_VERIFIED||3095|502aa599-d028-4b89-a4d8-f0fdee64a40f
2026-04-04 16:45:31|gpt|web_search|10|QUESTION|130|3095|502aa599-d028-4b89-a4d8-f0fdee64a40f
2026-04-04 16:45:31|gpt|web_search|10|JSON_SAVED||3095|502aa599-d028-4b89-a4d8-f0fdee64a40f
2026-04-04 16:45:31|gpt|web_search|10|QUESTION_ADVANCE||3096|cab85e82-2f24-435c-aa2d-3e827e01cb7b
2026-04-04 16:47:19|gpt|web_search|11|QUESTION_SENT||3242|f52bc6c2-e361-4924-a9d1-aa7a0abb5ee1
2026-04-04 16:47:56|gpt|web_search|11|JSON_VERIFIED||3242|f52bc6c2-e361-4924-a9d1-aa7a0abb5ee1
2026-04-04 16:47:56|gpt|web_search|11|QUESTION|131|3242|f52bc6c2-e361-4924-a9d1-aa7a0abb5ee1
2026-04-04 16:47:56|gpt|web_search|11|JSON_SAVED||3242|f52bc6c2-e361-4924-a9d1-aa7a0abb5ee1
2026-04-04 16:47:56|gpt|web_search|11|QUESTION_ADVANCE||3243|53a665a5-ff6e-4844-857b-30a6a541bafd
2026-04-04 16:48:25|gpt|web_search|13|QUESTION_SENT||3397|bfb952de-6213-4c15-9e0f-eb28207be4c4
2026-04-04 16:48:27|gpt|web_search|10|QUESTION_SENT||3096|cab85e82-2f24-435c-aa2d-3e827e01cb7b
2026-04-04 16:48:58|gpt|web_search|13|JSON_VERIFY_FAILED||3397|bfb952de-6213-4c15-9e0f-eb28207be4c4
2026-04-04 16:48:58|gpt|web_search|13|QUESTION|133|3397|bfb952de-6213-4c15-9e0f-eb28207be4c4
2026-04-04 16:49:04|gpt|web_search|10|JSON_VERIFIED||3096|cab85e82-2f24-435c-aa2d-3e827e01cb7b
2026-04-04 16:49:04|gpt|web_search|10|QUESTION|131|3096|cab85e82-2f24-435c-aa2d-3e827e01cb7b
2026-04-04 16:49:04|gpt|web_search|10|JSON_SAVED||3096|cab85e82-2f24-435c-aa2d-3e827e01cb7b
2026-04-04 16:49:04|gpt|web_search|10|QUESTION_ADVANCE||3097|fbca45ca-db17-4610-acdf-d2566a5f46e5
2026-04-04 16:49:08|gpt|web_search|13|QUESTION_SENT||3397|bfb952de-6213-4c15-9e0f-eb28207be4c4
2026-04-04 16:49:31|gpt|web_search|13|JSON_VERIFIED||3397|bfb952de-6213-4c15-9e0f-eb28207be4c4
2026-04-04 16:49:31|gpt|web_search|13|QUESTION|134|3397|bfb952de-6213-4c15-9e0f-eb28207be4c4
2026-04-04 16:49:31|gpt|web_search|13|JSON_SAVED||3397|bfb952de-6213-4c15-9e0f-eb28207be4c4
2026-04-04 16:49:31|gpt|web_search|13|QUESTION_ADVANCE||3398|552b81e6-5816-43bd-af5c-d3482ea42fa9
2026-04-04 16:50:56|gpt|web_search|11|QUESTION_SENT||3243|53a665a5-ff6e-4844-857b-30a6a541bafd
2026-04-04 16:51:30|gpt|web_search|11|JSON_VERIFIED||3243|53a665a5-ff6e-4844-857b-30a6a541bafd
2026-04-04 16:51:30|gpt|web_search|11|QUESTION|132|3243|53a665a5-ff6e-4844-857b-30a6a541bafd
2026-04-04 16:51:30|gpt|web_search|11|JSON_SAVED||3243|53a665a5-ff6e-4844-857b-30a6a541bafd
2026-04-04 16:51:30|gpt|web_search|11|QUESTION_ADVANCE||3244|1dc3791c-4fcb-457e-9162-22940e3c3491
2026-04-04 16:52:02|gpt|web_search|10|QUESTION_SENT||3097|fbca45ca-db17-4610-acdf-d2566a5f46e5
2026-04-04 16:52:38|gpt|web_search|10|JSON_VERIFIED||3097|fbca45ca-db17-4610-acdf-d2566a5f46e5
2026-04-04 16:52:38|gpt|web_search|10|QUESTION|132|3097|fbca45ca-db17-4610-acdf-d2566a5f46e5
2026-04-04 16:52:38|gpt|web_search|10|JSON_SAVED||3097|fbca45ca-db17-4610-acdf-d2566a5f46e5
2026-04-04 16:52:38|gpt|web_search|10|QUESTION_ADVANCE||3098|d98f733e-e191-42cc-ab51-9bd6e030099b
2026-04-04 16:52:41|gpt|web_search|13|QUESTION_SENT||3398|552b81e6-5816-43bd-af5c-d3482ea42fa9
2026-04-04 16:53:27|gpt|web_search|13|JSON_VERIFIED||3398|552b81e6-5816-43bd-af5c-d3482ea42fa9
2026-04-04 16:53:27|gpt|web_search|13|QUESTION|135|3398|552b81e6-5816-43bd-af5c-d3482ea42fa9
2026-04-04 16:53:27|gpt|web_search|13|JSON_SAVED||3398|552b81e6-5816-43bd-af5c-d3482ea42fa9
2026-04-04 16:53:27|gpt|web_search|13|QUESTION_ADVANCE||3399|4e33abfd-62d5-44dd-8f2d-fb4d9dd99937
2026-04-04 16:54:33|gpt|web_search|11|QUESTION_SENT||3244|1dc3791c-4fcb-457e-9162-22940e3c3491
2026-04-04 16:55:09|gpt|web_search|11|JSON_VERIFIED||3244|1dc3791c-4fcb-457e-9162-22940e3c3491
2026-04-04 16:55:09|gpt|web_search|11|QUESTION|133|3244|1dc3791c-4fcb-457e-9162-22940e3c3491
2026-04-04 16:55:09|gpt|web_search|11|JSON_SAVED||3244|1dc3791c-4fcb-457e-9162-22940e3c3491
2026-04-04 16:55:09|gpt|web_search|11|QUESTION_ADVANCE||3245|e081447d-f537-4277-8255-cc07a0789a3b
2026-04-04 16:55:36|gpt|web_search|10|QUESTION_SENT||3098|d98f733e-e191-42cc-ab51-9bd6e030099b
2026-04-04 16:56:12|gpt|web_search|10|JSON_VERIFIED||3098|d98f733e-e191-42cc-ab51-9bd6e030099b
2026-04-04 16:56:12|gpt|web_search|10|QUESTION|133|3098|d98f733e-e191-42cc-ab51-9bd6e030099b
2026-04-04 16:56:12|gpt|web_search|10|JSON_SAVED||3098|d98f733e-e191-42cc-ab51-9bd6e030099b
2026-04-04 16:56:12|gpt|web_search|10|QUESTION_ADVANCE||3099|af859bc3-d139-4cca-978e-0aeb5b347315
2026-04-04 16:56:14|gpt|web_search|13|QUESTION_SENT||3399|4e33abfd-62d5-44dd-8f2d-fb4d9dd99937
2026-04-04 16:56:49|gpt|web_search|13|JSON_VERIFIED||3399|4e33abfd-62d5-44dd-8f2d-fb4d9dd99937
2026-04-04 16:56:49|gpt|web_search|13|QUESTION|136|3399|4e33abfd-62d5-44dd-8f2d-fb4d9dd99937
2026-04-04 16:56:49|gpt|web_search|13|JSON_SAVED||3399|4e33abfd-62d5-44dd-8f2d-fb4d9dd99937
2026-04-04 16:56:49|gpt|web_search|13|QUESTION_ADVANCE||3400|c70f9b05-f0ec-47cd-9839-97debe8f7ba7
2026-04-04 16:58:10|gpt|web_search|11|QUESTION_SENT||3245|e081447d-f537-4277-8255-cc07a0789a3b
2026-04-04 16:58:40|gpt|web_search|11|JSON_VERIFY_FAILED||3245|e081447d-f537-4277-8255-cc07a0789a3b
2026-04-04 16:58:40|gpt|web_search|11|QUESTION|134|3245|e081447d-f537-4277-8255-cc07a0789a3b
2026-04-04 16:58:50|gpt|web_search|11|QUESTION_SENT||3245|e081447d-f537-4277-8255-cc07a0789a3b
2026-04-04 16:59:11|gpt|web_search|10|QUESTION_SENT||3099|af859bc3-d139-4cca-978e-0aeb5b347315
2026-04-04 16:59:14|gpt|web_search|11|JSON_VERIFY_FAILED||3245|e081447d-f537-4277-8255-cc07a0789a3b
2026-04-04 16:59:14|gpt|web_search|11|QUESTION|135|3245|e081447d-f537-4277-8255-cc07a0789a3b
2026-04-04 16:59:46|gpt|web_search|13|QUESTION_SENT||3400|c70f9b05-f0ec-47cd-9839-97debe8f7ba7
2026-04-04 16:59:52|gpt|web_search|10|JSON_VERIFIED||3099|af859bc3-d139-4cca-978e-0aeb5b347315
2026-04-04 16:59:52|gpt|web_search|10|QUESTION|134|3099|af859bc3-d139-4cca-978e-0aeb5b347315
2026-04-04 16:59:52|gpt|web_search|10|JSON_SAVED||3099|af859bc3-d139-4cca-978e-0aeb5b347315
2026-04-04 16:59:52|gpt|web_search|10|QUESTION_ADVANCE||3100|0a0d762a-f62f-4479-8ed7-078003efbb7f
2026-04-04 17:00:25|gpt|web_search|13|JSON_VERIFIED||3400|c70f9b05-f0ec-47cd-9839-97debe8f7ba7
2026-04-04 17:00:25|gpt|web_search|13|QUESTION|137|3400|c70f9b05-f0ec-47cd-9839-97debe8f7ba7
2026-04-04 17:00:25|gpt|web_search|13|JSON_SAVED||3400|c70f9b05-f0ec-47cd-9839-97debe8f7ba7
2026-04-04 17:00:26|gpt|web_search|13|STOP||3401|
2026-04-04 17:01:42|gpt|web_search|11|QUESTION_SENT||3245|e081447d-f537-4277-8255-cc07a0789a3b
2026-04-04 17:02:13|gpt|web_search|11|JSON_VERIFY_FAILED||3245|e081447d-f537-4277-8255-cc07a0789a3b
2026-04-04 17:02:13|gpt|web_search|11|QUESTION|136|3245|e081447d-f537-4277-8255-cc07a0789a3b
2026-04-04 17:02:47|gpt|web_search|10|QUESTION_SENT||3100|0a0d762a-f62f-4479-8ed7-078003efbb7f
2026-04-04 17:03:23|gpt|web_search|10|JSON_VERIFIED||3100|0a0d762a-f62f-4479-8ed7-078003efbb7f
2026-04-04 17:03:23|gpt|web_search|10|QUESTION|135|3100|0a0d762a-f62f-4479-8ed7-078003efbb7f
2026-04-04 17:03:23|gpt|web_search|10|JSON_SAVED||3100|0a0d762a-f62f-4479-8ed7-078003efbb7f
2026-04-04 17:03:24|gpt|web_search|10|STOP||3101|
2026-04-04 17:05:39|gpt|web_search|11|QUESTION_SENT||3245|e081447d-f537-4277-8255-cc07a0789a3b
2026-04-04 17:06:13|gpt|web_search|11|JSON_VERIFY_FAILED||3245|e081447d-f537-4277-8255-cc07a0789a3b
2026-04-04 17:06:13|gpt|web_search|11|QUESTION|137|3245|e081447d-f537-4277-8255-cc07a0789a3b
2026-04-04 17:06:23|gpt|web_search|11|QUESTION_SENT||3245|e081447d-f537-4277-8255-cc07a0789a3b
2026-04-04 17:06:44|gpt|web_search|11|JSON_VERIFIED||3245|e081447d-f537-4277-8255-cc07a0789a3b
2026-04-04 17:06:44|gpt|web_search|11|QUESTION|138|3245|e081447d-f537-4277-8255-cc07a0789a3b
2026-04-04 17:06:44|gpt|web_search|11|JSON_SAVED||3245|e081447d-f537-4277-8255-cc07a0789a3b
2026-04-04 17:06:44|gpt|web_search|11|QUESTION_ADVANCE||3246|55e768f9-0880-449d-ac5d-93e09145057d
2026-04-04 17:10:00|gpt|web_search|11|QUESTION_SENT||3246|55e768f9-0880-449d-ac5d-93e09145057d
2026-04-04 17:10:34|gpt|web_search|11|JSON_VERIFIED||3246|55e768f9-0880-449d-ac5d-93e09145057d
2026-04-04 17:10:34|gpt|web_search|11|QUESTION|139|3246|55e768f9-0880-449d-ac5d-93e09145057d
2026-04-04 17:10:34|gpt|web_search|11|JSON_SAVED||3246|55e768f9-0880-449d-ac5d-93e09145057d
2026-04-04 17:10:34|gpt|web_search|11|QUESTION_ADVANCE||3247|f8408e47-0483-4a60-ab2c-2c43d6781695
2026-04-04 17:13:37|gpt|web_search|11|QUESTION_SENT||3247|f8408e47-0483-4a60-ab2c-2c43d6781695
2026-04-04 17:14:12|gpt|web_search|11|JSON_VERIFIED||3247|f8408e47-0483-4a60-ab2c-2c43d6781695
2026-04-04 17:14:12|gpt|web_search|11|QUESTION|140|3247|f8408e47-0483-4a60-ab2c-2c43d6781695
2026-04-04 17:14:12|gpt|web_search|11|JSON_SAVED||3247|f8408e47-0483-4a60-ab2c-2c43d6781695
2026-04-04 17:14:12|gpt|web_search|11|QUESTION_ADVANCE||3248|332fba41-fac3-45a7-98a0-27382828272d
2026-04-04 17:17:14|gpt|web_search|11|QUESTION_SENT||3248|332fba41-fac3-45a7-98a0-27382828272d
2026-04-04 17:17:48|gpt|web_search|11|JSON_VERIFY_FAILED||3248|332fba41-fac3-45a7-98a0-27382828272d
2026-04-04 17:17:48|gpt|web_search|11|QUESTION|141|3248|332fba41-fac3-45a7-98a0-27382828272d
2026-04-04 17:17:58|gpt|web_search|11|QUESTION_SENT||3248|332fba41-fac3-45a7-98a0-27382828272d
2026-04-04 17:21:35|gpt|web_search|11|QUESTION_SENT||3248|332fba41-fac3-45a7-98a0-27382828272d
2026-04-04 17:22:09|gpt|web_search|11|JSON_VERIFY_FAILED||3248|332fba41-fac3-45a7-98a0-27382828272d
2026-04-04 17:22:09|gpt|web_search|11|QUESTION|142|3248|332fba41-fac3-45a7-98a0-27382828272d
2026-04-04 17:22:18|gpt|web_search|11|QUESTION_SENT||3248|332fba41-fac3-45a7-98a0-27382828272d
2026-04-04 17:22:43|gpt|web_search|11|JSON_VERIFIED||3248|332fba41-fac3-45a7-98a0-27382828272d
2026-04-04 17:22:43|gpt|web_search|11|QUESTION|143|3248|332fba41-fac3-45a7-98a0-27382828272d
2026-04-04 17:22:43|gpt|web_search|11|JSON_SAVED||3248|332fba41-fac3-45a7-98a0-27382828272d
2026-04-04 17:22:43|gpt|web_search|11|QUESTION_ADVANCE||3249|1e32d629-07e3-44a1-8138-36c2a6410505
2026-04-04 17:25:55|gpt|web_search|11|QUESTION_SENT||3249|1e32d629-07e3-44a1-8138-36c2a6410505
2026-04-04 17:26:31|gpt|web_search|11|JSON_VERIFIED||3249|1e32d629-07e3-44a1-8138-36c2a6410505
2026-04-04 17:26:31|gpt|web_search|11|QUESTION|144|3249|1e32d629-07e3-44a1-8138-36c2a6410505
2026-04-04 17:26:31|gpt|web_search|11|JSON_SAVED||3249|1e32d629-07e3-44a1-8138-36c2a6410505
2026-04-04 17:26:31|gpt|web_search|11|QUESTION_ADVANCE||3250|32debbf1-3f88-4f9d-81b4-bc94e01c65f1
2026-04-04 17:27:58|gpt|web_search|11|STOP||3250|32debbf1-3f88-4f9d-81b4-bc94e01c65f1
2026-04-04 17:29:17|gpt|web_search|12|RESTART||3250|32debbf1-3f88-4f9d-81b4-bc94e01c65f1
2026-04-04 17:29:47|gpt|web_search|12|STOP||3250|32debbf1-3f88-4f9d-81b4-bc94e01c65f1
2026-04-04 17:29:59|gpt|web_search|12|RESTART||3250|32debbf1-3f88-4f9d-81b4-bc94e01c65f1
2026-04-04 17:30:36|gpt|web_search|12|QUESTION_SENT||3250|32debbf1-3f88-4f9d-81b4-bc94e01c65f1
2026-04-04 17:31:13|gpt|web_search|12|JSON_VERIFIED||3250|32debbf1-3f88-4f9d-81b4-bc94e01c65f1
2026-04-04 17:31:13|gpt|web_search|12|QUESTION|1|3250|32debbf1-3f88-4f9d-81b4-bc94e01c65f1
2026-04-04 17:31:13|gpt|web_search|12|JSON_SAVED||3250|32debbf1-3f88-4f9d-81b4-bc94e01c65f1
2026-04-04 17:31:14|gpt|web_search|12|STOP||3251|
