timestamp|site|scenario|bot_id|event_type|attempt_number|global_index|question_uid
2026-04-01 10:43:43|gpt|web_search|10|RESTART||2001|16b46c17-ddb4-4be2-a284-140438cd85a8
2026-04-01 10:43:54|gpt|web_search|11|RESTART||2151|ccad63c2-3890-4481-8afc-d1cbf73d00d7
2026-04-01 10:44:00|gpt|web_search|12|RESTART||1971|6b99b3b4-d338-4e70-83e4-aee4356e6a99
2026-04-01 10:44:04|gpt|web_search|13|RESTART||2301|519efdd7-fb18-4123-aafe-1d1b10b53aba
2026-04-01 10:44:54|gpt|web_search|10|QUESTION_SENT||2001|16b46c17-ddb4-4be2-a284-140438cd85a8
2026-04-01 10:45:28|gpt|web_search|11|QUESTION_SENT||2151|ccad63c2-3890-4481-8afc-d1cbf73d00d7
2026-04-01 10:45:51|gpt|web_search|12|QUESTION_SENT||1971|6b99b3b4-d338-4e70-83e4-aee4356e6a99
2026-04-01 10:46:11|gpt|web_search|10|JSON_VERIFIED||2001|16b46c17-ddb4-4be2-a284-140438cd85a8
2026-04-01 10:46:11|gpt|web_search|10|QUESTION|1|2001|16b46c17-ddb4-4be2-a284-140438cd85a8
2026-04-01 10:46:11|gpt|web_search|10|JSON_SAVED||2001|16b46c17-ddb4-4be2-a284-140438cd85a8
2026-04-01 10:46:11|gpt|web_search|10|QUESTION_ADVANCE||2002|b442a675-8f4e-4214-8726-18bf35a9de85
2026-04-01 10:46:33|gpt|web_search|11|JSON_VERIFIED||2151|ccad63c2-3890-4481-8afc-d1cbf73d00d7
2026-04-01 10:46:33|gpt|web_search|11|QUESTION|1|2151|ccad63c2-3890-4481-8afc-d1cbf73d00d7
2026-04-01 10:46:33|gpt|web_search|11|JSON_SAVED||2151|ccad63c2-3890-4481-8afc-d1cbf73d00d7
2026-04-01 10:46:33|gpt|web_search|11|QUESTION_ADVANCE||2152|10aa6b92-cdb0-4937-befa-a4560341b058
2026-04-01 10:46:36|gpt|web_search|12|JSON_VERIFIED||1971|6b99b3b4-d338-4e70-83e4-aee4356e6a99
2026-04-01 10:46:36|gpt|web_search|12|QUESTION|1|1971|6b99b3b4-d338-4e70-83e4-aee4356e6a99
2026-04-01 10:46:36|gpt|web_search|12|JSON_SAVED||1971|6b99b3b4-d338-4e70-83e4-aee4356e6a99
2026-04-01 10:46:36|gpt|web_search|12|QUESTION_ADVANCE||1972|4ae36b6d-3a4e-46c9-90a6-6a2815b63662
2026-04-01 10:46:45|gpt|web_search|13|QUESTION_SENT||2301|519efdd7-fb18-4123-aafe-1d1b10b53aba
2026-04-01 10:48:29|gpt|web_search|10|QUESTION_SENT||2002|b442a675-8f4e-4214-8726-18bf35a9de85
2026-04-01 10:49:05|gpt|web_search|11|QUESTION_SENT||2152|10aa6b92-cdb0-4937-befa-a4560341b058
2026-04-01 10:49:14|gpt|web_search|10|JSON_VERIFIED||2002|b442a675-8f4e-4214-8726-18bf35a9de85
2026-04-01 10:49:14|gpt|web_search|10|QUESTION|2|2002|b442a675-8f4e-4214-8726-18bf35a9de85
2026-04-01 10:49:14|gpt|web_search|10|JSON_SAVED||2002|b442a675-8f4e-4214-8726-18bf35a9de85
2026-04-01 10:49:14|gpt|web_search|10|QUESTION_ADVANCE||2003|51db2df1-b94e-45a4-9dd5-c8ad9989ac6d
2026-04-01 10:49:44|gpt|web_search|12|QUESTION_SENT||1972|4ae36b6d-3a4e-46c9-90a6-6a2815b63662
2026-04-01 10:49:59|gpt|web_search|11|JSON_VERIFIED||2152|10aa6b92-cdb0-4937-befa-a4560341b058
2026-04-01 10:49:59|gpt|web_search|11|QUESTION|2|2152|10aa6b92-cdb0-4937-befa-a4560341b058
2026-04-01 10:49:59|gpt|web_search|11|JSON_SAVED||2152|10aa6b92-cdb0-4937-befa-a4560341b058
2026-04-01 10:49:59|gpt|web_search|11|QUESTION_ADVANCE||2153|87f29578-ff2d-42ee-a21e-3cda25af50da
2026-04-01 10:50:18|gpt|web_search|13|QUESTION_SENT||2301|519efdd7-fb18-4123-aafe-1d1b10b53aba
2026-04-01 10:50:32|gpt|web_search|12|JSON_VERIFIED||1972|4ae36b6d-3a4e-46c9-90a6-6a2815b63662
2026-04-01 10:50:32|gpt|web_search|12|QUESTION|2|1972|4ae36b6d-3a4e-46c9-90a6-6a2815b63662
2026-04-01 10:50:32|gpt|web_search|12|JSON_SAVED||1972|4ae36b6d-3a4e-46c9-90a6-6a2815b63662
2026-04-01 10:50:32|gpt|web_search|12|QUESTION_ADVANCE||1973|c5c78916-524e-4eaa-9aa8-172a6358bfa2
2026-04-01 10:51:03|gpt|web_search|13|JSON_VERIFIED||2301|519efdd7-fb18-4123-aafe-1d1b10b53aba
2026-04-01 10:51:03|gpt|web_search|13|QUESTION|1|2301|519efdd7-fb18-4123-aafe-1d1b10b53aba
2026-04-01 10:51:03|gpt|web_search|13|JSON_SAVED||2301|519efdd7-fb18-4123-aafe-1d1b10b53aba
2026-04-01 10:51:03|gpt|web_search|13|QUESTION_ADVANCE||2302|c70ec7ba-5336-486d-a291-b3ef4917a544
2026-04-01 10:52:04|gpt|web_search|10|QUESTION_SENT||2003|51db2df1-b94e-45a4-9dd5-c8ad9989ac6d
2026-04-01 10:52:42|gpt|web_search|11|QUESTION_SENT||2153|87f29578-ff2d-42ee-a21e-3cda25af50da
2026-04-01 10:53:02|gpt|web_search|10|JSON_VERIFIED||2003|51db2df1-b94e-45a4-9dd5-c8ad9989ac6d
2026-04-01 10:53:02|gpt|web_search|10|QUESTION|3|2003|51db2df1-b94e-45a4-9dd5-c8ad9989ac6d
2026-04-01 10:53:02|gpt|web_search|10|JSON_SAVED||2003|51db2df1-b94e-45a4-9dd5-c8ad9989ac6d
2026-04-01 10:53:02|gpt|web_search|10|QUESTION_ADVANCE||2004|ea4503c5-4869-4ad8-a614-bba4e02423ff
2026-04-01 10:53:29|gpt|web_search|11|JSON_VERIFIED||2153|87f29578-ff2d-42ee-a21e-3cda25af50da
2026-04-01 10:53:29|gpt|web_search|11|QUESTION|3|2153|87f29578-ff2d-42ee-a21e-3cda25af50da
2026-04-01 10:53:29|gpt|web_search|11|JSON_SAVED||2153|87f29578-ff2d-42ee-a21e-3cda25af50da
2026-04-01 10:53:29|gpt|web_search|11|QUESTION_ADVANCE||2154|cff57b2d-a1d2-41e5-b1db-457bfbb5f9c2
2026-04-01 10:53:37|gpt|web_search|12|QUESTION_SENT||1973|c5c78916-524e-4eaa-9aa8-172a6358bfa2
2026-04-01 10:53:51|gpt|web_search|13|QUESTION_SENT||2302|c70ec7ba-5336-486d-a291-b3ef4917a544
2026-04-01 10:54:25|gpt|web_search|12|JSON_VERIFIED||1973|c5c78916-524e-4eaa-9aa8-172a6358bfa2
2026-04-01 10:54:25|gpt|web_search|12|QUESTION|3|1973|c5c78916-524e-4eaa-9aa8-172a6358bfa2
2026-04-01 10:54:25|gpt|web_search|12|JSON_SAVED||1973|c5c78916-524e-4eaa-9aa8-172a6358bfa2
2026-04-01 10:54:25|gpt|web_search|12|QUESTION_ADVANCE||1974|8bc71520-53dd-47cf-9cb8-c778d1b817cc
2026-04-01 10:54:37|gpt|web_search|13|JSON_VERIFIED||2302|c70ec7ba-5336-486d-a291-b3ef4917a544
2026-04-01 10:54:37|gpt|web_search|13|QUESTION|2|2302|c70ec7ba-5336-486d-a291-b3ef4917a544
2026-04-01 10:54:37|gpt|web_search|13|JSON_SAVED||2302|c70ec7ba-5336-486d-a291-b3ef4917a544
2026-04-01 10:54:37|gpt|web_search|13|QUESTION_ADVANCE||2303|e29e3611-0546-4adc-a310-8beca2f023f3
2026-04-01 10:55:39|gpt|web_search|10|QUESTION_SENT||2004|ea4503c5-4869-4ad8-a614-bba4e02423ff
2026-04-01 10:56:19|gpt|web_search|11|QUESTION_SENT||2154|cff57b2d-a1d2-41e5-b1db-457bfbb5f9c2
2026-04-01 10:56:30|gpt|web_search|10|JSON_VERIFIED||2004|ea4503c5-4869-4ad8-a614-bba4e02423ff
2026-04-01 10:56:30|gpt|web_search|10|QUESTION|4|2004|ea4503c5-4869-4ad8-a614-bba4e02423ff
2026-04-01 10:56:30|gpt|web_search|10|JSON_SAVED||2004|ea4503c5-4869-4ad8-a614-bba4e02423ff
2026-04-01 10:56:30|gpt|web_search|10|QUESTION_ADVANCE||2005|bc32f03b-fa97-4387-8e33-e41de0c83bb0
2026-04-01 10:57:07|gpt|web_search|11|JSON_VERIFIED||2154|cff57b2d-a1d2-41e5-b1db-457bfbb5f9c2
2026-04-01 10:57:07|gpt|web_search|11|QUESTION|4|2154|cff57b2d-a1d2-41e5-b1db-457bfbb5f9c2
2026-04-01 10:57:07|gpt|web_search|11|JSON_SAVED||2154|cff57b2d-a1d2-41e5-b1db-457bfbb5f9c2
2026-04-01 10:57:07|gpt|web_search|11|QUESTION_ADVANCE||2155|7320dd30-8c86-4a67-928e-39b2d7a89886
2026-04-01 10:57:23|gpt|web_search|13|QUESTION_SENT||2303|e29e3611-0546-4adc-a310-8beca2f023f3
2026-04-01 10:57:30|gpt|web_search|12|QUESTION_SENT||1974|8bc71520-53dd-47cf-9cb8-c778d1b817cc
2026-04-01 10:58:10|gpt|web_search|13|JSON_VERIFIED||2303|e29e3611-0546-4adc-a310-8beca2f023f3
2026-04-01 10:58:10|gpt|web_search|13|QUESTION|3|2303|e29e3611-0546-4adc-a310-8beca2f023f3
2026-04-01 10:58:10|gpt|web_search|13|JSON_SAVED||2303|e29e3611-0546-4adc-a310-8beca2f023f3
2026-04-01 10:58:10|gpt|web_search|13|QUESTION_ADVANCE||2304|09317f17-f304-4e1a-b5ed-310ab44680a5
2026-04-01 10:58:17|gpt|web_search|12|JSON_VERIFIED||1974|8bc71520-53dd-47cf-9cb8-c778d1b817cc
2026-04-01 10:58:17|gpt|web_search|12|QUESTION|4|1974|8bc71520-53dd-47cf-9cb8-c778d1b817cc
2026-04-01 10:58:17|gpt|web_search|12|JSON_SAVED||1974|8bc71520-53dd-47cf-9cb8-c778d1b817cc
2026-04-01 10:58:17|gpt|web_search|12|QUESTION_ADVANCE||1975|99a9f919-ed54-4d24-aed1-e28fc7b13e74
2026-04-01 10:59:14|gpt|web_search|10|QUESTION_SENT||2005|bc32f03b-fa97-4387-8e33-e41de0c83bb0
2026-04-01 10:59:56|gpt|web_search|11|QUESTION_SENT||2155|7320dd30-8c86-4a67-928e-39b2d7a89886
2026-04-01 11:00:29|gpt|web_search|10|JSON_VERIFIED||2005|bc32f03b-fa97-4387-8e33-e41de0c83bb0
2026-04-01 11:00:29|gpt|web_search|10|QUESTION|5|2005|bc32f03b-fa97-4387-8e33-e41de0c83bb0
2026-04-01 11:00:29|gpt|web_search|10|JSON_SAVED||2005|bc32f03b-fa97-4387-8e33-e41de0c83bb0
2026-04-01 11:00:29|gpt|web_search|10|QUESTION_ADVANCE||2006|f95d13ca-f610-4f6c-b97a-bfa64fd534cb
2026-04-01 11:00:40|gpt|web_search|11|JSON_VERIFIED||2155|7320dd30-8c86-4a67-928e-39b2d7a89886
2026-04-01 11:00:40|gpt|web_search|11|QUESTION|5|2155|7320dd30-8c86-4a67-928e-39b2d7a89886
2026-04-01 11:00:40|gpt|web_search|11|JSON_SAVED||2155|7320dd30-8c86-4a67-928e-39b2d7a89886
2026-04-01 11:00:40|gpt|web_search|11|QUESTION_ADVANCE||2156|bf2181ff-95a0-41dc-8b16-54740ac95ed0
2026-04-01 11:00:56|gpt|web_search|13|QUESTION_SENT||2304|09317f17-f304-4e1a-b5ed-310ab44680a5
2026-04-01 11:01:23|gpt|web_search|12|QUESTION_SENT||1975|99a9f919-ed54-4d24-aed1-e28fc7b13e74
2026-04-01 11:01:41|gpt|web_search|13|JSON_VERIFIED||2304|09317f17-f304-4e1a-b5ed-310ab44680a5
2026-04-01 11:01:41|gpt|web_search|13|QUESTION|4|2304|09317f17-f304-4e1a-b5ed-310ab44680a5
2026-04-01 11:01:41|gpt|web_search|13|JSON_SAVED||2304|09317f17-f304-4e1a-b5ed-310ab44680a5
2026-04-01 11:01:41|gpt|web_search|13|QUESTION_ADVANCE||2305|511103ee-297d-4ab8-a254-967e36abf18b
2026-04-01 11:02:13|gpt|web_search|12|JSON_VERIFIED||1975|99a9f919-ed54-4d24-aed1-e28fc7b13e74
2026-04-01 11:02:13|gpt|web_search|12|QUESTION|5|1975|99a9f919-ed54-4d24-aed1-e28fc7b13e74
2026-04-01 11:02:13|gpt|web_search|12|JSON_SAVED||1975|99a9f919-ed54-4d24-aed1-e28fc7b13e74
2026-04-01 11:02:13|gpt|web_search|12|QUESTION_ADVANCE||1976|4effaf09-afae-4327-a0a6-8a4e6d7f698f
2026-04-01 11:02:49|gpt|web_search|10|QUESTION_SENT||2006|f95d13ca-f610-4f6c-b97a-bfa64fd534cb
2026-04-01 11:03:33|gpt|web_search|11|QUESTION_SENT||2156|bf2181ff-95a0-41dc-8b16-54740ac95ed0
2026-04-01 11:03:39|gpt|web_search|10|JSON_VERIFIED||2006|f95d13ca-f610-4f6c-b97a-bfa64fd534cb
2026-04-01 11:03:39|gpt|web_search|10|QUESTION|6|2006|f95d13ca-f610-4f6c-b97a-bfa64fd534cb
2026-04-01 11:03:39|gpt|web_search|10|JSON_SAVED||2006|f95d13ca-f610-4f6c-b97a-bfa64fd534cb
2026-04-01 11:03:39|gpt|web_search|10|QUESTION_ADVANCE||2007|a901efbe-2558-4c6f-8742-5fe37cbaf5de
2026-04-01 11:04:18|gpt|web_search|11|JSON_VERIFIED||2156|bf2181ff-95a0-41dc-8b16-54740ac95ed0
2026-04-01 11:04:18|gpt|web_search|11|QUESTION|6|2156|bf2181ff-95a0-41dc-8b16-54740ac95ed0
2026-04-01 11:04:18|gpt|web_search|11|JSON_SAVED||2156|bf2181ff-95a0-41dc-8b16-54740ac95ed0
2026-04-01 11:04:18|gpt|web_search|11|QUESTION_ADVANCE||2157|b2b76eb6-7a28-48e4-83fe-a961396b43de
2026-04-01 11:04:29|gpt|web_search|13|QUESTION_SENT||2305|511103ee-297d-4ab8-a254-967e36abf18b
2026-04-01 11:05:10|gpt|web_search|13|JSON_VERIFIED||2305|511103ee-297d-4ab8-a254-967e36abf18b
2026-04-01 11:05:10|gpt|web_search|13|QUESTION|5|2305|511103ee-297d-4ab8-a254-967e36abf18b
2026-04-01 11:05:10|gpt|web_search|13|JSON_SAVED||2305|511103ee-297d-4ab8-a254-967e36abf18b
2026-04-01 11:05:10|gpt|web_search|13|QUESTION_ADVANCE||2306|8ca08924-a538-48d6-9da4-a50c595572b9
2026-04-01 11:05:16|gpt|web_search|12|QUESTION_SENT||1976|4effaf09-afae-4327-a0a6-8a4e6d7f698f
2026-04-01 11:06:07|gpt|web_search|12|JSON_VERIFY_FAILED||1976|4effaf09-afae-4327-a0a6-8a4e6d7f698f
2026-04-01 11:06:07|gpt|web_search|12|QUESTION|6|1976|4effaf09-afae-4327-a0a6-8a4e6d7f698f
2026-04-01 11:06:17|gpt|web_search|12|QUESTION_SENT||1976|4effaf09-afae-4327-a0a6-8a4e6d7f698f
2026-04-01 11:06:24|gpt|web_search|10|QUESTION_SENT||2007|a901efbe-2558-4c6f-8742-5fe37cbaf5de
2026-04-01 11:06:57|gpt|web_search|12|JSON_VERIFIED||1976|4effaf09-afae-4327-a0a6-8a4e6d7f698f
2026-04-01 11:06:57|gpt|web_search|12|QUESTION|7|1976|4effaf09-afae-4327-a0a6-8a4e6d7f698f
2026-04-01 11:06:57|gpt|web_search|12|JSON_SAVED||1976|4effaf09-afae-4327-a0a6-8a4e6d7f698f
2026-04-01 11:06:57|gpt|web_search|12|QUESTION_ADVANCE||1977|32413b65-6493-407e-a124-1085fc7ddeea
2026-04-01 11:07:08|gpt|web_search|10|JSON_VERIFIED||2007|a901efbe-2558-4c6f-8742-5fe37cbaf5de
2026-04-01 11:07:08|gpt|web_search|10|QUESTION|7|2007|a901efbe-2558-4c6f-8742-5fe37cbaf5de
2026-04-01 11:07:08|gpt|web_search|10|JSON_SAVED||2007|a901efbe-2558-4c6f-8742-5fe37cbaf5de
2026-04-01 11:07:08|gpt|web_search|10|QUESTION_ADVANCE||2008|b9c80ded-ab9d-45af-900d-aff2625d0ffa
2026-04-01 11:07:10|gpt|web_search|11|QUESTION_SENT||2157|b2b76eb6-7a28-48e4-83fe-a961396b43de
2026-04-01 11:08:01|gpt|web_search|11|JSON_VERIFIED||2157|b2b76eb6-7a28-48e4-83fe-a961396b43de
2026-04-01 11:08:01|gpt|web_search|11|QUESTION|7|2157|b2b76eb6-7a28-48e4-83fe-a961396b43de
2026-04-01 11:08:01|gpt|web_search|11|JSON_SAVED||2157|b2b76eb6-7a28-48e4-83fe-a961396b43de
2026-04-01 11:08:01|gpt|web_search|11|QUESTION_ADVANCE||2158|ce65340e-ebc4-4bf8-90fa-a476f40731d7
2026-04-01 11:08:02|gpt|web_search|13|QUESTION_SENT||2306|8ca08924-a538-48d6-9da4-a50c595572b9
2026-04-01 11:08:50|gpt|web_search|13|JSON_VERIFIED||2306|8ca08924-a538-48d6-9da4-a50c595572b9
2026-04-01 11:08:50|gpt|web_search|13|QUESTION|6|2306|8ca08924-a538-48d6-9da4-a50c595572b9
2026-04-01 11:08:50|gpt|web_search|13|JSON_SAVED||2306|8ca08924-a538-48d6-9da4-a50c595572b9
2026-04-01 11:08:50|gpt|web_search|13|QUESTION_ADVANCE||2307|a99397bb-e561-460c-9fef-59f01972242b
2026-04-01 11:09:59|gpt|web_search|10|QUESTION_SENT||2008|b9c80ded-ab9d-45af-900d-aff2625d0ffa
2026-04-01 11:10:10|gpt|web_search|12|QUESTION_SENT||1977|32413b65-6493-407e-a124-1085fc7ddeea
2026-04-01 11:10:47|gpt|web_search|11|QUESTION_SENT||2158|ce65340e-ebc4-4bf8-90fa-a476f40731d7
2026-04-01 11:11:00|gpt|web_search|10|JSON_VERIFIED||2008|b9c80ded-ab9d-45af-900d-aff2625d0ffa
2026-04-01 11:11:00|gpt|web_search|10|QUESTION|8|2008|b9c80ded-ab9d-45af-900d-aff2625d0ffa
2026-04-01 11:11:00|gpt|web_search|10|JSON_SAVED||2008|b9c80ded-ab9d-45af-900d-aff2625d0ffa
2026-04-01 11:11:00|gpt|web_search|10|QUESTION_ADVANCE||2009|a5cb01e5-1068-414e-8d64-ba46a80b5607
2026-04-01 11:11:35|gpt|web_search|11|JSON_VERIFIED||2158|ce65340e-ebc4-4bf8-90fa-a476f40731d7
2026-04-01 11:11:35|gpt|web_search|11|QUESTION|8|2158|ce65340e-ebc4-4bf8-90fa-a476f40731d7
2026-04-01 11:11:35|gpt|web_search|11|JSON_SAVED||2158|ce65340e-ebc4-4bf8-90fa-a476f40731d7
2026-04-01 11:11:35|gpt|web_search|11|QUESTION_ADVANCE||2159|304c164e-f86e-45d5-8924-7abd3958ec6f
2026-04-01 11:11:35|gpt|web_search|13|QUESTION_SENT||2307|a99397bb-e561-460c-9fef-59f01972242b
2026-04-01 11:12:23|gpt|web_search|13|JSON_VERIFIED||2307|a99397bb-e561-460c-9fef-59f01972242b
2026-04-01 11:12:23|gpt|web_search|13|QUESTION|7|2307|a99397bb-e561-460c-9fef-59f01972242b
2026-04-01 11:12:23|gpt|web_search|13|JSON_SAVED||2307|a99397bb-e561-460c-9fef-59f01972242b
2026-04-01 11:12:23|gpt|web_search|13|QUESTION_ADVANCE||2308|e9618ae0-986a-4c40-91cd-fb638831945d
2026-04-01 11:13:34|gpt|web_search|10|QUESTION_SENT||2009|a5cb01e5-1068-414e-8d64-ba46a80b5607
2026-04-01 11:14:03|gpt|web_search|12|QUESTION_SENT||1977|32413b65-6493-407e-a124-1085fc7ddeea
2026-04-01 11:14:22|gpt|web_search|10|JSON_VERIFIED||2009|a5cb01e5-1068-414e-8d64-ba46a80b5607
2026-04-01 11:14:22|gpt|web_search|10|QUESTION|9|2009|a5cb01e5-1068-414e-8d64-ba46a80b5607
2026-04-01 11:14:22|gpt|web_search|10|JSON_SAVED||2009|a5cb01e5-1068-414e-8d64-ba46a80b5607
2026-04-01 11:14:22|gpt|web_search|10|QUESTION_ADVANCE||2010|e11368bc-46f4-4bcd-bbbd-3fa72e20811e
2026-04-01 11:14:24|gpt|web_search|11|QUESTION_SENT||2159|304c164e-f86e-45d5-8924-7abd3958ec6f
2026-04-01 11:14:47|gpt|web_search|12|JSON_VERIFIED||1977|32413b65-6493-407e-a124-1085fc7ddeea
2026-04-01 11:14:47|gpt|web_search|12|QUESTION|8|1977|32413b65-6493-407e-a124-1085fc7ddeea
2026-04-01 11:14:47|gpt|web_search|12|JSON_SAVED||1977|32413b65-6493-407e-a124-1085fc7ddeea
2026-04-01 11:14:47|gpt|web_search|12|QUESTION_ADVANCE||1978|346095a2-7394-4062-aff4-09a843f25283
2026-04-01 11:15:08|gpt|web_search|13|QUESTION_SENT||2308|e9618ae0-986a-4c40-91cd-fb638831945d
2026-04-01 11:15:12|gpt|web_search|11|JSON_VERIFIED||2159|304c164e-f86e-45d5-8924-7abd3958ec6f
2026-04-01 11:15:12|gpt|web_search|11|QUESTION|9|2159|304c164e-f86e-45d5-8924-7abd3958ec6f
2026-04-01 11:15:12|gpt|web_search|11|JSON_SAVED||2159|304c164e-f86e-45d5-8924-7abd3958ec6f
2026-04-01 11:15:12|gpt|web_search|11|QUESTION_ADVANCE||2160|a0f514a9-7bf0-4f01-99ec-470e6bb2d095
2026-04-01 11:15:58|gpt|web_search|13|JSON_VERIFIED||2308|e9618ae0-986a-4c40-91cd-fb638831945d
2026-04-01 11:15:58|gpt|web_search|13|QUESTION|8|2308|e9618ae0-986a-4c40-91cd-fb638831945d
2026-04-01 11:15:58|gpt|web_search|13|JSON_SAVED||2308|e9618ae0-986a-4c40-91cd-fb638831945d
2026-04-01 11:15:58|gpt|web_search|13|QUESTION_ADVANCE||2309|470ddde4-0c3b-4ab7-93fd-48a9c88804c7
2026-04-01 11:17:09|gpt|web_search|10|QUESTION_SENT||2010|e11368bc-46f4-4bcd-bbbd-3fa72e20811e
2026-04-01 11:17:56|gpt|web_search|12|QUESTION_SENT||1978|346095a2-7394-4062-aff4-09a843f25283
2026-04-01 11:17:56|gpt|web_search|10|JSON_VERIFIED||2010|e11368bc-46f4-4bcd-bbbd-3fa72e20811e
2026-04-01 11:17:56|gpt|web_search|10|QUESTION|10|2010|e11368bc-46f4-4bcd-bbbd-3fa72e20811e
2026-04-01 11:17:56|gpt|web_search|10|JSON_SAVED||2010|e11368bc-46f4-4bcd-bbbd-3fa72e20811e
2026-04-01 11:17:56|gpt|web_search|10|QUESTION_ADVANCE||2011|205203dd-6447-4330-bb5e-0452d99fe811
2026-04-01 11:18:01|gpt|web_search|11|QUESTION_SENT||2160|a0f514a9-7bf0-4f01-99ec-470e6bb2d095
2026-04-01 11:18:41|gpt|web_search|13|QUESTION_SENT||2309|470ddde4-0c3b-4ab7-93fd-48a9c88804c7
2026-04-01 11:18:43|gpt|web_search|12|JSON_VERIFIED||1978|346095a2-7394-4062-aff4-09a843f25283
2026-04-01 11:18:43|gpt|web_search|12|QUESTION|9|1978|346095a2-7394-4062-aff4-09a843f25283
2026-04-01 11:18:43|gpt|web_search|12|JSON_SAVED||1978|346095a2-7394-4062-aff4-09a843f25283
2026-04-01 11:18:43|gpt|web_search|12|QUESTION_ADVANCE||1979|47778e58-55c6-4999-b21f-8547824eea07
2026-04-01 11:18:46|gpt|web_search|11|JSON_VERIFIED||2160|a0f514a9-7bf0-4f01-99ec-470e6bb2d095
2026-04-01 11:18:46|gpt|web_search|11|QUESTION|10|2160|a0f514a9-7bf0-4f01-99ec-470e6bb2d095
2026-04-01 11:18:46|gpt|web_search|11|JSON_SAVED||2160|a0f514a9-7bf0-4f01-99ec-470e6bb2d095
2026-04-01 11:18:46|gpt|web_search|11|QUESTION_ADVANCE||2161|8c67cc77-c47a-4906-85cc-2be416d07712
2026-04-01 11:19:18|gpt|web_search|13|JSON_VERIFY_FAILED||2309|470ddde4-0c3b-4ab7-93fd-48a9c88804c7
2026-04-01 11:19:18|gpt|web_search|13|QUESTION|9|2309|470ddde4-0c3b-4ab7-93fd-48a9c88804c7
2026-04-01 11:19:28|gpt|web_search|13|QUESTION_SENT||2309|470ddde4-0c3b-4ab7-93fd-48a9c88804c7
2026-04-01 11:20:01|gpt|web_search|13|JSON_VERIFIED||2309|470ddde4-0c3b-4ab7-93fd-48a9c88804c7
2026-04-01 11:20:01|gpt|web_search|13|QUESTION|10|2309|470ddde4-0c3b-4ab7-93fd-48a9c88804c7
2026-04-01 11:20:01|gpt|web_search|13|JSON_SAVED||2309|470ddde4-0c3b-4ab7-93fd-48a9c88804c7
2026-04-01 11:20:01|gpt|web_search|13|QUESTION_ADVANCE||2310|94f2c837-0d81-4202-b552-0a70f76db4ca
2026-04-01 11:20:44|gpt|web_search|10|QUESTION_SENT||2011|205203dd-6447-4330-bb5e-0452d99fe811
2026-04-01 11:21:38|gpt|web_search|11|QUESTION_SENT||2161|8c67cc77-c47a-4906-85cc-2be416d07712
2026-04-01 11:21:49|gpt|web_search|12|QUESTION_SENT||1979|47778e58-55c6-4999-b21f-8547824eea07
2026-04-01 11:22:22|gpt|web_search|11|JSON_VERIFIED||2161|8c67cc77-c47a-4906-85cc-2be416d07712
2026-04-01 11:22:22|gpt|web_search|11|QUESTION|11|2161|8c67cc77-c47a-4906-85cc-2be416d07712
2026-04-01 11:22:22|gpt|web_search|11|JSON_SAVED||2161|8c67cc77-c47a-4906-85cc-2be416d07712
2026-04-01 11:22:22|gpt|web_search|11|QUESTION_ADVANCE||2162|6574adef-27c5-457e-9336-c6dccddfd4c2
2026-04-01 11:22:36|gpt|web_search|12|JSON_VERIFIED||1979|47778e58-55c6-4999-b21f-8547824eea07
2026-04-01 11:22:36|gpt|web_search|12|QUESTION|10|1979|47778e58-55c6-4999-b21f-8547824eea07
2026-04-01 11:22:36|gpt|web_search|12|JSON_SAVED||1979|47778e58-55c6-4999-b21f-8547824eea07
2026-04-01 11:22:36|gpt|web_search|12|QUESTION_ADVANCE||1980|8d1eb663-4a25-4a39-a9f7-fa0d586d6b0e
2026-04-01 11:23:01|gpt|web_search|13|QUESTION_SENT||2310|94f2c837-0d81-4202-b552-0a70f76db4ca
2026-04-01 11:24:19|gpt|web_search|10|QUESTION_SENT||2011|205203dd-6447-4330-bb5e-0452d99fe811
2026-04-01 11:25:07|gpt|web_search|10|JSON_VERIFIED||2011|205203dd-6447-4330-bb5e-0452d99fe811
2026-04-01 11:25:07|gpt|web_search|10|QUESTION|11|2011|205203dd-6447-4330-bb5e-0452d99fe811
2026-04-01 11:25:07|gpt|web_search|10|JSON_SAVED||2011|205203dd-6447-4330-bb5e-0452d99fe811
2026-04-01 11:25:07|gpt|web_search|10|QUESTION_ADVANCE||2012|a99d8056-9838-4694-b356-b05b84e9d480
2026-04-01 11:25:15|gpt|web_search|11|QUESTION_SENT||2162|6574adef-27c5-457e-9336-c6dccddfd4c2
2026-04-01 11:25:42|gpt|web_search|12|QUESTION_SENT||1980|8d1eb663-4a25-4a39-a9f7-fa0d586d6b0e
2026-04-01 11:26:04|gpt|web_search|11|JSON_VERIFIED||2162|6574adef-27c5-457e-9336-c6dccddfd4c2
2026-04-01 11:26:04|gpt|web_search|11|QUESTION|12|2162|6574adef-27c5-457e-9336-c6dccddfd4c2
2026-04-01 11:26:04|gpt|web_search|11|JSON_SAVED||2162|6574adef-27c5-457e-9336-c6dccddfd4c2
2026-04-01 11:26:04|gpt|web_search|11|QUESTION_ADVANCE||2163|706d9165-927c-4fbe-8fce-6b90331ba67a
2026-04-01 11:26:34|gpt|web_search|13|QUESTION_SENT||2310|94f2c837-0d81-4202-b552-0a70f76db4ca
2026-04-01 11:27:20|gpt|web_search|13|JSON_VERIFIED||2310|94f2c837-0d81-4202-b552-0a70f76db4ca
2026-04-01 11:27:20|gpt|web_search|13|QUESTION|11|2310|94f2c837-0d81-4202-b552-0a70f76db4ca
2026-04-01 11:27:20|gpt|web_search|13|JSON_SAVED||2310|94f2c837-0d81-4202-b552-0a70f76db4ca
2026-04-01 11:27:20|gpt|web_search|13|QUESTION_ADVANCE||2311|10302dac-9dcb-4f98-ba94-8c1f0da537ea
2026-04-01 11:27:54|gpt|web_search|10|QUESTION_SENT||2012|a99d8056-9838-4694-b356-b05b84e9d480
2026-04-01 11:28:52|gpt|web_search|11|QUESTION_SENT||2163|706d9165-927c-4fbe-8fce-6b90331ba67a
2026-04-01 11:29:09|gpt|web_search|10|JSON_VERIFIED||2012|a99d8056-9838-4694-b356-b05b84e9d480
2026-04-01 11:29:09|gpt|web_search|10|QUESTION|12|2012|a99d8056-9838-4694-b356-b05b84e9d480
2026-04-01 11:29:09|gpt|web_search|10|JSON_SAVED||2012|a99d8056-9838-4694-b356-b05b84e9d480
2026-04-01 11:29:09|gpt|web_search|10|QUESTION_ADVANCE||2013|f5851763-8e31-42e9-9324-c2c94c049a4f
2026-04-01 11:29:34|gpt|web_search|12|QUESTION_SENT||1980|8d1eb663-4a25-4a39-a9f7-fa0d586d6b0e
2026-04-01 11:29:47|gpt|web_search|11|JSON_VERIFIED||2163|706d9165-927c-4fbe-8fce-6b90331ba67a
2026-04-01 11:29:47|gpt|web_search|11|QUESTION|13|2163|706d9165-927c-4fbe-8fce-6b90331ba67a
2026-04-01 11:29:47|gpt|web_search|11|JSON_SAVED||2163|706d9165-927c-4fbe-8fce-6b90331ba67a
2026-04-01 11:29:47|gpt|web_search|11|QUESTION_ADVANCE||2164|ea8cfbdd-0218-4729-b74a-1742491ca463
2026-04-01 11:30:06|gpt|web_search|13|QUESTION_SENT||2311|10302dac-9dcb-4f98-ba94-8c1f0da537ea
2026-04-01 11:30:25|gpt|web_search|12|JSON_VERIFIED||1980|8d1eb663-4a25-4a39-a9f7-fa0d586d6b0e
2026-04-01 11:30:25|gpt|web_search|12|QUESTION|11|1980|8d1eb663-4a25-4a39-a9f7-fa0d586d6b0e
2026-04-01 11:30:25|gpt|web_search|12|JSON_SAVED||1980|8d1eb663-4a25-4a39-a9f7-fa0d586d6b0e
2026-04-01 11:30:25|gpt|web_search|12|QUESTION_ADVANCE||1981|8705bc59-2257-433e-87ab-50ee1a0e2a12
2026-04-01 11:30:55|gpt|web_search|13|JSON_VERIFIED||2311|10302dac-9dcb-4f98-ba94-8c1f0da537ea
2026-04-01 11:30:55|gpt|web_search|13|QUESTION|12|2311|10302dac-9dcb-4f98-ba94-8c1f0da537ea
2026-04-01 11:30:55|gpt|web_search|13|JSON_SAVED||2311|10302dac-9dcb-4f98-ba94-8c1f0da537ea
2026-04-01 11:30:55|gpt|web_search|13|QUESTION_ADVANCE||2312|99a8a800-2b56-464f-81da-d7fe8ace6293
2026-04-01 11:31:29|gpt|web_search|10|QUESTION_SENT||2013|f5851763-8e31-42e9-9324-c2c94c049a4f
2026-04-01 11:32:28|gpt|web_search|11|QUESTION_SENT||2164|ea8cfbdd-0218-4729-b74a-1742491ca463
2026-04-01 11:32:59|gpt|web_search|10|JSON_VERIFIED||2013|f5851763-8e31-42e9-9324-c2c94c049a4f
2026-04-01 11:32:59|gpt|web_search|10|QUESTION|13|2013|f5851763-8e31-42e9-9324-c2c94c049a4f
2026-04-01 11:32:59|gpt|web_search|10|JSON_SAVED||2013|f5851763-8e31-42e9-9324-c2c94c049a4f
2026-04-01 11:32:59|gpt|web_search|10|QUESTION_ADVANCE||2014|95f58130-ed37-42b5-a9ce-9e29985fb4d4
2026-04-01 11:33:21|gpt|web_search|11|JSON_VERIFY_FAILED||2164|ea8cfbdd-0218-4729-b74a-1742491ca463
2026-04-01 11:33:21|gpt|web_search|11|QUESTION|14|2164|ea8cfbdd-0218-4729-b74a-1742491ca463
2026-04-01 11:33:27|gpt|web_search|12|QUESTION_SENT||1981|8705bc59-2257-433e-87ab-50ee1a0e2a12
2026-04-01 11:33:31|gpt|web_search|11|QUESTION_SENT||2164|ea8cfbdd-0218-4729-b74a-1742491ca463
2026-04-01 11:33:40|gpt|web_search|13|QUESTION_SENT||2312|99a8a800-2b56-464f-81da-d7fe8ace6293
2026-04-01 11:34:08|gpt|web_search|11|JSON_VERIFIED||2164|ea8cfbdd-0218-4729-b74a-1742491ca463
2026-04-01 11:34:08|gpt|web_search|11|QUESTION|15|2164|ea8cfbdd-0218-4729-b74a-1742491ca463
2026-04-01 11:34:08|gpt|web_search|11|JSON_SAVED||2164|ea8cfbdd-0218-4729-b74a-1742491ca463
2026-04-01 11:34:08|gpt|web_search|11|QUESTION_ADVANCE||2165|abdcd3c7-4ad2-40e7-b526-eee0a25922d3
2026-04-01 11:34:13|gpt|web_search|12|JSON_VERIFIED||1981|8705bc59-2257-433e-87ab-50ee1a0e2a12
2026-04-01 11:34:13|gpt|web_search|12|QUESTION|12|1981|8705bc59-2257-433e-87ab-50ee1a0e2a12
2026-04-01 11:34:13|gpt|web_search|12|JSON_SAVED||1981|8705bc59-2257-433e-87ab-50ee1a0e2a12
2026-04-01 11:34:13|gpt|web_search|12|QUESTION_ADVANCE||1982|c0397319-9213-40a8-b08f-ce412b38d80f
2026-04-01 11:34:26|gpt|web_search|13|JSON_VERIFIED||2312|99a8a800-2b56-464f-81da-d7fe8ace6293
2026-04-01 11:34:26|gpt|web_search|13|QUESTION|13|2312|99a8a800-2b56-464f-81da-d7fe8ace6293
2026-04-01 11:34:26|gpt|web_search|13|JSON_SAVED||2312|99a8a800-2b56-464f-81da-d7fe8ace6293
2026-04-01 11:34:26|gpt|web_search|13|QUESTION_ADVANCE||2313|304649f9-5bb2-480d-8c17-d3c96dcd1476
2026-04-01 11:35:04|gpt|web_search|10|QUESTION_SENT||2014|95f58130-ed37-42b5-a9ce-9e29985fb4d4
2026-04-01 11:35:55|gpt|web_search|10|JSON_VERIFIED||2014|95f58130-ed37-42b5-a9ce-9e29985fb4d4
2026-04-01 11:35:55|gpt|web_search|10|QUESTION|14|2014|95f58130-ed37-42b5-a9ce-9e29985fb4d4
2026-04-01 11:35:55|gpt|web_search|10|JSON_SAVED||2014|95f58130-ed37-42b5-a9ce-9e29985fb4d4
2026-04-01 11:35:55|gpt|web_search|10|QUESTION_ADVANCE||2015|500914ec-ca27-43b5-8dd0-f110c1ec716c
2026-04-01 11:37:08|gpt|web_search|11|QUESTION_SENT||2165|abdcd3c7-4ad2-40e7-b526-eee0a25922d3
2026-04-01 11:37:12|gpt|web_search|13|QUESTION_SENT||2313|304649f9-5bb2-480d-8c17-d3c96dcd1476
2026-04-01 11:37:20|gpt|web_search|12|QUESTION_SENT||1982|c0397319-9213-40a8-b08f-ce412b38d80f
2026-04-01 11:37:58|gpt|web_search|13|JSON_VERIFIED||2313|304649f9-5bb2-480d-8c17-d3c96dcd1476
2026-04-01 11:37:58|gpt|web_search|13|QUESTION|14|2313|304649f9-5bb2-480d-8c17-d3c96dcd1476
2026-04-01 11:37:58|gpt|web_search|13|JSON_SAVED||2313|304649f9-5bb2-480d-8c17-d3c96dcd1476
2026-04-01 11:37:58|gpt|web_search|13|QUESTION_ADVANCE||2314|982aad71-9aa4-40e0-8e5b-e76bbd7a474a
2026-04-01 11:38:10|gpt|web_search|12|JSON_VERIFY_FAILED||1982|c0397319-9213-40a8-b08f-ce412b38d80f
2026-04-01 11:38:10|gpt|web_search|12|QUESTION|13|1982|c0397319-9213-40a8-b08f-ce412b38d80f
2026-04-01 11:38:16|gpt|web_search|11|JSON_VERIFIED||2165|abdcd3c7-4ad2-40e7-b526-eee0a25922d3
2026-04-01 11:38:16|gpt|web_search|11|QUESTION|16|2165|abdcd3c7-4ad2-40e7-b526-eee0a25922d3
2026-04-01 11:38:16|gpt|web_search|11|JSON_SAVED||2165|abdcd3c7-4ad2-40e7-b526-eee0a25922d3
2026-04-01 11:38:16|gpt|web_search|11|QUESTION_ADVANCE||2166|83e71225-b3a1-4a21-887f-7491ab9606a6
2026-04-01 11:38:20|gpt|web_search|12|QUESTION_SENT||1982|c0397319-9213-40a8-b08f-ce412b38d80f
2026-04-01 11:38:39|gpt|web_search|10|QUESTION_SENT||2015|500914ec-ca27-43b5-8dd0-f110c1ec716c
2026-04-01 11:38:55|gpt|web_search|12|JSON_VERIFIED||1982|c0397319-9213-40a8-b08f-ce412b38d80f
2026-04-01 11:38:55|gpt|web_search|12|QUESTION|14|1982|c0397319-9213-40a8-b08f-ce412b38d80f
2026-04-01 11:38:55|gpt|web_search|12|JSON_SAVED||1982|c0397319-9213-40a8-b08f-ce412b38d80f
2026-04-01 11:38:55|gpt|web_search|12|QUESTION_ADVANCE||1983|e5add05e-5209-41bf-9a9b-3812808fdbf6
2026-04-01 11:39:29|gpt|web_search|10|JSON_VERIFIED||2015|500914ec-ca27-43b5-8dd0-f110c1ec716c
2026-04-01 11:39:29|gpt|web_search|10|QUESTION|15|2015|500914ec-ca27-43b5-8dd0-f110c1ec716c
2026-04-01 11:39:29|gpt|web_search|10|JSON_SAVED||2015|500914ec-ca27-43b5-8dd0-f110c1ec716c
2026-04-01 11:39:29|gpt|web_search|10|QUESTION_ADVANCE||2016|6824543c-4e9f-46ca-9227-23f49ffa3193
2026-04-01 11:40:45|gpt|web_search|11|QUESTION_SENT||2166|83e71225-b3a1-4a21-887f-7491ab9606a6
2026-04-01 11:40:45|gpt|web_search|13|QUESTION_SENT||2314|982aad71-9aa4-40e0-8e5b-e76bbd7a474a
2026-04-01 11:41:23|gpt|web_search|11|JSON_VERIFY_FAILED||2166|83e71225-b3a1-4a21-887f-7491ab9606a6
2026-04-01 11:41:23|gpt|web_search|11|QUESTION|17|2166|83e71225-b3a1-4a21-887f-7491ab9606a6
2026-04-01 11:41:23|gpt|web_search|13|JSON_VERIFY_FAILED||2314|982aad71-9aa4-40e0-8e5b-e76bbd7a474a
2026-04-01 11:41:23|gpt|web_search|13|QUESTION|15|2314|982aad71-9aa4-40e0-8e5b-e76bbd7a474a
2026-04-01 11:41:33|gpt|web_search|11|QUESTION_SENT||2166|83e71225-b3a1-4a21-887f-7491ab9606a6
2026-04-01 11:41:33|gpt|web_search|13|QUESTION_SENT||2314|982aad71-9aa4-40e0-8e5b-e76bbd7a474a
2026-04-01 11:42:05|gpt|web_search|13|JSON_VERIFIED||2314|982aad71-9aa4-40e0-8e5b-e76bbd7a474a
2026-04-01 11:42:05|gpt|web_search|13|QUESTION|16|2314|982aad71-9aa4-40e0-8e5b-e76bbd7a474a
2026-04-01 11:42:05|gpt|web_search|13|JSON_SAVED||2314|982aad71-9aa4-40e0-8e5b-e76bbd7a474a
2026-04-01 11:42:05|gpt|web_search|13|QUESTION_ADVANCE||2315|63cce0be-652d-4afb-b4b8-ff447885b27f
2026-04-01 11:42:06|gpt|web_search|11|JSON_VERIFIED||2166|83e71225-b3a1-4a21-887f-7491ab9606a6
2026-04-01 11:42:06|gpt|web_search|11|QUESTION|18|2166|83e71225-b3a1-4a21-887f-7491ab9606a6
2026-04-01 11:42:06|gpt|web_search|11|JSON_SAVED||2166|83e71225-b3a1-4a21-887f-7491ab9606a6
2026-04-01 11:42:06|gpt|web_search|11|QUESTION_ADVANCE||2167|ca1594ec-67f2-4fbc-8e30-9bf47269b5e7
2026-04-01 11:42:13|gpt|web_search|12|QUESTION_SENT||1983|e5add05e-5209-41bf-9a9b-3812808fdbf6
2026-04-01 11:42:14|gpt|web_search|10|QUESTION_SENT||2016|6824543c-4e9f-46ca-9227-23f49ffa3193
2026-04-01 11:43:35|gpt|web_search|10|JSON_VERIFIED||2016|6824543c-4e9f-46ca-9227-23f49ffa3193
2026-04-01 11:43:35|gpt|web_search|10|QUESTION|16|2016|6824543c-4e9f-46ca-9227-23f49ffa3193
2026-04-01 11:43:35|gpt|web_search|10|JSON_SAVED||2016|6824543c-4e9f-46ca-9227-23f49ffa3193
2026-04-01 11:43:35|gpt|web_search|10|QUESTION_ADVANCE||2017|0b28e6b1-7e8a-4d2f-8467-6ebe21307d9f
2026-04-01 11:45:06|gpt|web_search|13|QUESTION_SENT||2315|63cce0be-652d-4afb-b4b8-ff447885b27f
2026-04-01 11:45:10|gpt|web_search|11|QUESTION_SENT||2167|ca1594ec-67f2-4fbc-8e30-9bf47269b5e7
2026-04-01 11:45:49|gpt|web_search|10|QUESTION_SENT||2017|0b28e6b1-7e8a-4d2f-8467-6ebe21307d9f
2026-04-01 11:45:51|gpt|web_search|13|JSON_VERIFIED||2315|63cce0be-652d-4afb-b4b8-ff447885b27f
2026-04-01 11:45:51|gpt|web_search|13|QUESTION|17|2315|63cce0be-652d-4afb-b4b8-ff447885b27f
2026-04-01 11:45:51|gpt|web_search|13|JSON_SAVED||2315|63cce0be-652d-4afb-b4b8-ff447885b27f
2026-04-01 11:45:51|gpt|web_search|13|QUESTION_ADVANCE||2316|2dfba091-90cd-449c-b0c3-86952d7f0c1e
2026-04-01 11:45:55|gpt|web_search|11|JSON_VERIFIED||2167|ca1594ec-67f2-4fbc-8e30-9bf47269b5e7
2026-04-01 11:45:55|gpt|web_search|11|QUESTION|19|2167|ca1594ec-67f2-4fbc-8e30-9bf47269b5e7
2026-04-01 11:45:55|gpt|web_search|11|JSON_SAVED||2167|ca1594ec-67f2-4fbc-8e30-9bf47269b5e7
2026-04-01 11:45:55|gpt|web_search|11|QUESTION_ADVANCE||2168|ba5a42b0-ef75-4d46-96e2-b16896a7268f
2026-04-01 11:46:06|gpt|web_search|12|QUESTION_SENT||1983|e5add05e-5209-41bf-9a9b-3812808fdbf6
2026-04-01 11:46:31|gpt|web_search|10|JSON_VERIFY_FAILED||2017|0b28e6b1-7e8a-4d2f-8467-6ebe21307d9f
2026-04-01 11:46:31|gpt|web_search|10|QUESTION|17|2017|0b28e6b1-7e8a-4d2f-8467-6ebe21307d9f
2026-04-01 11:46:41|gpt|web_search|10|QUESTION_SENT||2017|0b28e6b1-7e8a-4d2f-8467-6ebe21307d9f
2026-04-01 11:46:52|gpt|web_search|12|JSON_VERIFIED||1983|e5add05e-5209-41bf-9a9b-3812808fdbf6
2026-04-01 11:46:52|gpt|web_search|12|QUESTION|15|1983|e5add05e-5209-41bf-9a9b-3812808fdbf6
2026-04-01 11:46:52|gpt|web_search|12|JSON_SAVED||1983|e5add05e-5209-41bf-9a9b-3812808fdbf6
2026-04-01 11:46:52|gpt|web_search|12|QUESTION_ADVANCE||1984|951c8b78-0705-4803-b74b-8c6715e44e9c
2026-04-01 11:47:15|gpt|web_search|10|JSON_VERIFIED||2017|0b28e6b1-7e8a-4d2f-8467-6ebe21307d9f
2026-04-01 11:47:15|gpt|web_search|10|QUESTION|18|2017|0b28e6b1-7e8a-4d2f-8467-6ebe21307d9f
2026-04-01 11:47:15|gpt|web_search|10|JSON_SAVED||2017|0b28e6b1-7e8a-4d2f-8467-6ebe21307d9f
2026-04-01 11:47:15|gpt|web_search|10|QUESTION_ADVANCE||2018|0ab65e73-6017-4819-9c30-22e14a4403a7
2026-04-01 11:48:39|gpt|web_search|13|QUESTION_SENT||2316|2dfba091-90cd-449c-b0c3-86952d7f0c1e
2026-04-01 11:48:47|gpt|web_search|11|QUESTION_SENT||2168|ba5a42b0-ef75-4d46-96e2-b16896a7268f
2026-04-01 11:49:24|gpt|web_search|13|JSON_VERIFIED||2316|2dfba091-90cd-449c-b0c3-86952d7f0c1e
2026-04-01 11:49:24|gpt|web_search|13|QUESTION|18|2316|2dfba091-90cd-449c-b0c3-86952d7f0c1e
2026-04-01 11:49:24|gpt|web_search|13|JSON_SAVED||2316|2dfba091-90cd-449c-b0c3-86952d7f0c1e
2026-04-01 11:49:24|gpt|web_search|13|QUESTION_ADVANCE||2317|a3e4321a-666d-4cb1-9a07-48c4b6a76f02
2026-04-01 11:49:49|gpt|web_search|11|JSON_VERIFIED||2168|ba5a42b0-ef75-4d46-96e2-b16896a7268f
2026-04-01 11:49:49|gpt|web_search|11|QUESTION|20|2168|ba5a42b0-ef75-4d46-96e2-b16896a7268f
2026-04-01 11:49:49|gpt|web_search|11|JSON_SAVED||2168|ba5a42b0-ef75-4d46-96e2-b16896a7268f
2026-04-01 11:49:49|gpt|web_search|11|QUESTION_ADVANCE||2169|7c9dc6d0-a0dd-4be9-9ea7-de66439a106c
2026-04-01 11:49:58|gpt|web_search|12|QUESTION_SENT||1984|951c8b78-0705-4803-b74b-8c6715e44e9c
2026-04-01 11:50:16|gpt|web_search|10|QUESTION_SENT||2018|0ab65e73-6017-4819-9c30-22e14a4403a7
2026-04-01 11:51:04|gpt|web_search|10|JSON_VERIFIED||2018|0ab65e73-6017-4819-9c30-22e14a4403a7
2026-04-01 11:51:04|gpt|web_search|10|QUESTION|19|2018|0ab65e73-6017-4819-9c30-22e14a4403a7
2026-04-01 11:51:04|gpt|web_search|10|JSON_SAVED||2018|0ab65e73-6017-4819-9c30-22e14a4403a7
2026-04-01 11:51:04|gpt|web_search|10|QUESTION_ADVANCE||2019|e7f61073-e56e-4ef3-8309-1f7e54d386c6
2026-04-01 11:52:12|gpt|web_search|13|QUESTION_SENT||2317|a3e4321a-666d-4cb1-9a07-48c4b6a76f02
2026-04-01 11:52:23|gpt|web_search|11|QUESTION_SENT||2169|7c9dc6d0-a0dd-4be9-9ea7-de66439a106c
2026-04-01 11:52:56|gpt|web_search|13|JSON_VERIFIED||2317|a3e4321a-666d-4cb1-9a07-48c4b6a76f02
2026-04-01 11:52:56|gpt|web_search|13|QUESTION|19|2317|a3e4321a-666d-4cb1-9a07-48c4b6a76f02
2026-04-01 11:52:56|gpt|web_search|13|JSON_SAVED||2317|a3e4321a-666d-4cb1-9a07-48c4b6a76f02
2026-04-01 11:52:56|gpt|web_search|13|QUESTION_ADVANCE||2318|b6672da4-d1e0-406c-8c20-f3d6ddfe8de8
2026-04-01 11:53:07|gpt|web_search|11|JSON_VERIFIED||2169|7c9dc6d0-a0dd-4be9-9ea7-de66439a106c
2026-04-01 11:53:07|gpt|web_search|11|QUESTION|21|2169|7c9dc6d0-a0dd-4be9-9ea7-de66439a106c
2026-04-01 11:53:07|gpt|web_search|11|JSON_SAVED||2169|7c9dc6d0-a0dd-4be9-9ea7-de66439a106c
2026-04-01 11:53:07|gpt|web_search|11|QUESTION_ADVANCE||2170|e18d6afb-e2c8-43d6-b950-be51adbd7e64
2026-04-01 11:53:51|gpt|web_search|10|QUESTION_SENT||2019|e7f61073-e56e-4ef3-8309-1f7e54d386c6
2026-04-01 11:53:51|gpt|web_search|12|QUESTION_SENT||1984|951c8b78-0705-4803-b74b-8c6715e44e9c
2026-04-01 11:54:20|gpt|web_search|12|JSON_VERIFY_FAILED||1984|951c8b78-0705-4803-b74b-8c6715e44e9c
2026-04-01 11:54:20|gpt|web_search|12|QUESTION|16|1984|951c8b78-0705-4803-b74b-8c6715e44e9c
2026-04-01 11:54:22|gpt|web_search|10|JSON_VERIFY_FAILED||2019|e7f61073-e56e-4ef3-8309-1f7e54d386c6
2026-04-01 11:54:22|gpt|web_search|10|QUESTION|20|2019|e7f61073-e56e-4ef3-8309-1f7e54d386c6
2026-04-01 11:54:29|gpt|web_search|12|QUESTION_SENT||1984|951c8b78-0705-4803-b74b-8c6715e44e9c
2026-04-01 11:54:32|gpt|web_search|10|QUESTION_SENT||2019|e7f61073-e56e-4ef3-8309-1f7e54d386c6
2026-04-01 11:55:03|gpt|web_search|12|JSON_VERIFY_FAILED||1984|951c8b78-0705-4803-b74b-8c6715e44e9c
2026-04-01 11:55:03|gpt|web_search|12|QUESTION|17|1984|951c8b78-0705-4803-b74b-8c6715e44e9c
2026-04-01 11:55:06|gpt|web_search|10|JSON_VERIFIED||2019|e7f61073-e56e-4ef3-8309-1f7e54d386c6
2026-04-01 11:55:06|gpt|web_search|10|QUESTION|21|2019|e7f61073-e56e-4ef3-8309-1f7e54d386c6
2026-04-01 11:55:06|gpt|web_search|10|JSON_SAVED||2019|e7f61073-e56e-4ef3-8309-1f7e54d386c6
2026-04-01 11:55:06|gpt|web_search|10|QUESTION_ADVANCE||2020|abf1a7a4-8037-48cb-a285-3739f8bc3c13
2026-04-01 11:55:45|gpt|web_search|13|QUESTION_SENT||2318|b6672da4-d1e0-406c-8c20-f3d6ddfe8de8
2026-04-01 11:56:00|gpt|web_search|11|QUESTION_SENT||2170|e18d6afb-e2c8-43d6-b950-be51adbd7e64
2026-04-01 11:56:31|gpt|web_search|13|JSON_VERIFIED||2318|b6672da4-d1e0-406c-8c20-f3d6ddfe8de8
2026-04-01 11:56:31|gpt|web_search|13|QUESTION|20|2318|b6672da4-d1e0-406c-8c20-f3d6ddfe8de8
2026-04-01 11:56:31|gpt|web_search|13|JSON_SAVED||2318|b6672da4-d1e0-406c-8c20-f3d6ddfe8de8
2026-04-01 11:56:31|gpt|web_search|13|QUESTION_ADVANCE||2319|40438878-2062-4823-9356-1067bb913ebf
2026-04-01 11:56:53|gpt|web_search|11|JSON_VERIFIED||2170|e18d6afb-e2c8-43d6-b950-be51adbd7e64
2026-04-01 11:56:53|gpt|web_search|11|QUESTION|22|2170|e18d6afb-e2c8-43d6-b950-be51adbd7e64
2026-04-01 11:56:53|gpt|web_search|11|JSON_SAVED||2170|e18d6afb-e2c8-43d6-b950-be51adbd7e64
2026-04-01 11:56:53|gpt|web_search|11|QUESTION_ADVANCE||2171|e87b2e51-e899-425d-9c0b-e71a72b0af1a
2026-04-01 11:57:31|gpt|web_search|12|QUESTION_SENT||1984|951c8b78-0705-4803-b74b-8c6715e44e9c
2026-04-01 11:58:07|gpt|web_search|10|QUESTION_SENT||2020|abf1a7a4-8037-48cb-a285-3739f8bc3c13
2026-04-01 11:58:19|gpt|web_search|12|JSON_VERIFIED||1984|951c8b78-0705-4803-b74b-8c6715e44e9c
2026-04-01 11:58:19|gpt|web_search|12|QUESTION|18|1984|951c8b78-0705-4803-b74b-8c6715e44e9c
2026-04-01 11:58:19|gpt|web_search|12|JSON_SAVED||1984|951c8b78-0705-4803-b74b-8c6715e44e9c
2026-04-01 11:58:19|gpt|web_search|12|QUESTION_ADVANCE||1985|e0c38a54-dda6-4edc-9c55-6eb398918507
2026-04-01 11:58:55|gpt|web_search|10|JSON_VERIFIED||2020|abf1a7a4-8037-48cb-a285-3739f8bc3c13
2026-04-01 11:58:55|gpt|web_search|10|QUESTION|22|2020|abf1a7a4-8037-48cb-a285-3739f8bc3c13
2026-04-01 11:58:55|gpt|web_search|10|JSON_SAVED||2020|abf1a7a4-8037-48cb-a285-3739f8bc3c13
2026-04-01 11:58:55|gpt|web_search|10|QUESTION_ADVANCE||2021|2e7ad6ba-af42-4906-8165-0588bb2ca905
2026-04-01 11:59:17|gpt|web_search|13|QUESTION_SENT||2319|40438878-2062-4823-9356-1067bb913ebf
2026-04-01 11:59:37|gpt|web_search|11|QUESTION_SENT||2171|e87b2e51-e899-425d-9c0b-e71a72b0af1a
2026-04-01 12:00:06|gpt|web_search|13|JSON_VERIFIED||2319|40438878-2062-4823-9356-1067bb913ebf
2026-04-01 12:00:06|gpt|web_search|13|QUESTION|21|2319|40438878-2062-4823-9356-1067bb913ebf
2026-04-01 12:00:06|gpt|web_search|13|JSON_SAVED||2319|40438878-2062-4823-9356-1067bb913ebf
2026-04-01 12:00:06|gpt|web_search|13|QUESTION_ADVANCE||2320|dba7f78b-1b79-47aa-8e4c-3a4b23873fbd
2026-04-01 12:00:47|gpt|web_search|11|JSON_VERIFIED||2171|e87b2e51-e899-425d-9c0b-e71a72b0af1a
2026-04-01 12:00:47|gpt|web_search|11|QUESTION|23|2171|e87b2e51-e899-425d-9c0b-e71a72b0af1a
2026-04-01 12:00:47|gpt|web_search|11|JSON_SAVED||2171|e87b2e51-e899-425d-9c0b-e71a72b0af1a
2026-04-01 12:00:47|gpt|web_search|11|QUESTION_ADVANCE||2172|fe5a7fc8-ce37-4d5a-adf0-6996c002ec76
2026-04-01 12:01:24|gpt|web_search|12|QUESTION_SENT||1985|e0c38a54-dda6-4edc-9c55-6eb398918507
2026-04-01 12:01:42|gpt|web_search|10|QUESTION_SENT||2021|2e7ad6ba-af42-4906-8165-0588bb2ca905
2026-04-01 12:02:12|gpt|web_search|12|JSON_VERIFIED||1985|e0c38a54-dda6-4edc-9c55-6eb398918507
2026-04-01 12:02:12|gpt|web_search|12|QUESTION|19|1985|e0c38a54-dda6-4edc-9c55-6eb398918507
2026-04-01 12:02:12|gpt|web_search|12|JSON_SAVED||1985|e0c38a54-dda6-4edc-9c55-6eb398918507
2026-04-01 12:02:12|gpt|web_search|12|QUESTION_ADVANCE||1986|06fc19aa-c2f8-4673-8b71-862c1b964db3
2026-04-01 12:02:51|gpt|web_search|13|QUESTION_SENT||2320|dba7f78b-1b79-47aa-8e4c-3a4b23873fbd
2026-04-01 12:03:14|gpt|web_search|11|QUESTION_SENT||2172|fe5a7fc8-ce37-4d5a-adf0-6996c002ec76
2026-04-01 12:03:40|gpt|web_search|13|JSON_VERIFIED||2320|dba7f78b-1b79-47aa-8e4c-3a4b23873fbd
2026-04-01 12:03:40|gpt|web_search|13|QUESTION|22|2320|dba7f78b-1b79-47aa-8e4c-3a4b23873fbd
2026-04-01 12:03:40|gpt|web_search|13|JSON_SAVED||2320|dba7f78b-1b79-47aa-8e4c-3a4b23873fbd
2026-04-01 12:03:40|gpt|web_search|13|QUESTION_ADVANCE||2321|fb8ec9ce-d897-4646-81ba-8dcb4c911d72
2026-04-01 12:04:00|gpt|web_search|11|JSON_VERIFIED||2172|fe5a7fc8-ce37-4d5a-adf0-6996c002ec76
2026-04-01 12:04:00|gpt|web_search|11|QUESTION|24|2172|fe5a7fc8-ce37-4d5a-adf0-6996c002ec76
2026-04-01 12:04:00|gpt|web_search|11|JSON_SAVED||2172|fe5a7fc8-ce37-4d5a-adf0-6996c002ec76
2026-04-01 12:04:00|gpt|web_search|11|QUESTION_ADVANCE||2173|a3b9649e-37ad-43ab-892c-0650970f7449
2026-04-01 12:05:17|gpt|web_search|12|QUESTION_SENT||1986|06fc19aa-c2f8-4673-8b71-862c1b964db3
2026-04-01 12:06:06|gpt|web_search|12|JSON_VERIFY_FAILED||1986|06fc19aa-c2f8-4673-8b71-862c1b964db3
2026-04-01 12:06:06|gpt|web_search|12|QUESTION|20|1986|06fc19aa-c2f8-4673-8b71-862c1b964db3
2026-04-01 12:06:15|gpt|web_search|12|QUESTION_SENT||1986|06fc19aa-c2f8-4673-8b71-862c1b964db3
2026-04-01 12:06:24|gpt|web_search|13|QUESTION_SENT||2321|fb8ec9ce-d897-4646-81ba-8dcb4c911d72
2026-04-01 12:06:40|gpt|web_search|10|JSON_VERIFY_FAILED||2021|2e7ad6ba-af42-4906-8165-0588bb2ca905
2026-04-01 12:06:40|gpt|web_search|10|QUESTION|23|2021|2e7ad6ba-af42-4906-8165-0588bb2ca905
2026-04-01 12:06:48|gpt|web_search|12|JSON_VERIFIED||1986|06fc19aa-c2f8-4673-8b71-862c1b964db3
2026-04-01 12:06:48|gpt|web_search|12|QUESTION|21|1986|06fc19aa-c2f8-4673-8b71-862c1b964db3
2026-04-01 12:06:48|gpt|web_search|12|JSON_SAVED||1986|06fc19aa-c2f8-4673-8b71-862c1b964db3
2026-04-01 12:06:48|gpt|web_search|12|QUESTION_ADVANCE||1987|9398d0d3-99b3-400e-afa5-de40c7cca511
2026-04-01 12:06:50|gpt|web_search|10|QUESTION_SENT||2021|2e7ad6ba-af42-4906-8165-0588bb2ca905
2026-04-01 12:06:51|gpt|web_search|11|QUESTION_SENT||2173|a3b9649e-37ad-43ab-892c-0650970f7449
2026-04-01 12:07:08|gpt|web_search|13|JSON_VERIFIED||2321|fb8ec9ce-d897-4646-81ba-8dcb4c911d72
2026-04-01 12:07:08|gpt|web_search|13|QUESTION|23|2321|fb8ec9ce-d897-4646-81ba-8dcb4c911d72
2026-04-01 12:07:08|gpt|web_search|13|JSON_SAVED||2321|fb8ec9ce-d897-4646-81ba-8dcb4c911d72
2026-04-01 12:07:08|gpt|web_search|13|QUESTION_ADVANCE||2322|5294def4-2411-48fe-9cdf-0dcbcd060b4f
2026-04-01 12:07:28|gpt|web_search|10|JSON_VERIFIED||2021|2e7ad6ba-af42-4906-8165-0588bb2ca905
2026-04-01 12:07:28|gpt|web_search|10|QUESTION|24|2021|2e7ad6ba-af42-4906-8165-0588bb2ca905
2026-04-01 12:07:28|gpt|web_search|10|JSON_SAVED||2021|2e7ad6ba-af42-4906-8165-0588bb2ca905
2026-04-01 12:07:28|gpt|web_search|10|QUESTION_ADVANCE||2022|a33426f2-4c99-4c46-a632-2ffa3745074d
2026-04-01 12:07:45|gpt|web_search|11|JSON_VERIFIED||2173|a3b9649e-37ad-43ab-892c-0650970f7449
2026-04-01 12:07:45|gpt|web_search|11|QUESTION|25|2173|a3b9649e-37ad-43ab-892c-0650970f7449
2026-04-01 12:07:45|gpt|web_search|11|JSON_SAVED||2173|a3b9649e-37ad-43ab-892c-0650970f7449
2026-04-01 12:07:45|gpt|web_search|11|QUESTION_ADVANCE||2174|4b741062-ef48-4773-9f54-c977b5b56cc9
2026-04-01 12:09:57|gpt|web_search|13|QUESTION_SENT||2322|5294def4-2411-48fe-9cdf-0dcbcd060b4f
2026-04-01 12:10:08|gpt|web_search|12|QUESTION_SENT||1987|9398d0d3-99b3-400e-afa5-de40c7cca511
2026-04-01 12:10:25|gpt|web_search|10|QUESTION_SENT||2022|a33426f2-4c99-4c46-a632-2ffa3745074d
2026-04-01 12:10:28|gpt|web_search|11|QUESTION_SENT||2174|4b741062-ef48-4773-9f54-c977b5b56cc9
2026-04-01 12:10:45|gpt|web_search|13|JSON_VERIFIED||2322|5294def4-2411-48fe-9cdf-0dcbcd060b4f
2026-04-01 12:10:45|gpt|web_search|13|QUESTION|24|2322|5294def4-2411-48fe-9cdf-0dcbcd060b4f
2026-04-01 12:10:45|gpt|web_search|13|JSON_SAVED||2322|5294def4-2411-48fe-9cdf-0dcbcd060b4f
2026-04-01 12:10:45|gpt|web_search|13|QUESTION_ADVANCE||2323|c3b87416-0429-4a20-bf66-726f4e52e315
2026-04-01 12:11:01|gpt|web_search|12|JSON_VERIFIED||1987|9398d0d3-99b3-400e-afa5-de40c7cca511
2026-04-01 12:11:01|gpt|web_search|12|QUESTION|22|1987|9398d0d3-99b3-400e-afa5-de40c7cca511
2026-04-01 12:11:01|gpt|web_search|12|JSON_SAVED||1987|9398d0d3-99b3-400e-afa5-de40c7cca511
2026-04-01 12:11:01|gpt|web_search|12|QUESTION_ADVANCE||1988|de653806-6df3-464c-996e-2034e1f21fcf
2026-04-01 12:11:16|gpt|web_search|10|JSON_VERIFIED||2022|a33426f2-4c99-4c46-a632-2ffa3745074d
2026-04-01 12:11:16|gpt|web_search|10|QUESTION|25|2022|a33426f2-4c99-4c46-a632-2ffa3745074d
2026-04-01 12:11:16|gpt|web_search|10|JSON_SAVED||2022|a33426f2-4c99-4c46-a632-2ffa3745074d
2026-04-01 12:11:16|gpt|web_search|10|QUESTION_ADVANCE||2023|bb0d6b9d-c6c2-4a6f-94cb-fe7bc9df567a
2026-04-01 12:11:16|gpt|web_search|11|JSON_VERIFIED||2174|4b741062-ef48-4773-9f54-c977b5b56cc9
2026-04-01 12:11:16|gpt|web_search|11|QUESTION|26|2174|4b741062-ef48-4773-9f54-c977b5b56cc9
2026-04-01 12:11:16|gpt|web_search|11|JSON_SAVED||2174|4b741062-ef48-4773-9f54-c977b5b56cc9
2026-04-01 12:11:16|gpt|web_search|11|QUESTION_ADVANCE||2175|62d90964-5dd5-46ef-8eaa-498e88b8dd88
2026-04-01 12:13:30|gpt|web_search|13|QUESTION_SENT||2323|c3b87416-0429-4a20-bf66-726f4e52e315
2026-04-01 12:14:00|gpt|web_search|10|QUESTION_SENT||2023|bb0d6b9d-c6c2-4a6f-94cb-fe7bc9df567a
2026-04-01 12:14:01|gpt|web_search|12|QUESTION_SENT||1988|de653806-6df3-464c-996e-2034e1f21fcf
2026-04-01 12:14:05|gpt|web_search|11|QUESTION_SENT||2175|62d90964-5dd5-46ef-8eaa-498e88b8dd88
2026-04-01 12:14:18|gpt|web_search|13|JSON_VERIFIED||2323|c3b87416-0429-4a20-bf66-726f4e52e315
2026-04-01 12:14:18|gpt|web_search|13|QUESTION|25|2323|c3b87416-0429-4a20-bf66-726f4e52e315
2026-04-01 12:14:18|gpt|web_search|13|JSON_SAVED||2323|c3b87416-0429-4a20-bf66-726f4e52e315
2026-04-01 12:14:18|gpt|web_search|13|QUESTION_ADVANCE||2324|e94d4e17-b9b7-4f47-bfb9-dcf942c977bf
2026-04-01 12:14:45|gpt|web_search|10|JSON_VERIFIED||2023|bb0d6b9d-c6c2-4a6f-94cb-fe7bc9df567a
2026-04-01 12:14:45|gpt|web_search|10|QUESTION|26|2023|bb0d6b9d-c6c2-4a6f-94cb-fe7bc9df567a
2026-04-01 12:14:45|gpt|web_search|10|JSON_SAVED||2023|bb0d6b9d-c6c2-4a6f-94cb-fe7bc9df567a
2026-04-01 12:14:45|gpt|web_search|10|QUESTION_ADVANCE||2024|05998392-784a-464b-8a9e-fe771247e946
2026-04-01 12:14:49|gpt|web_search|11|JSON_VERIFY_FAILED||2175|62d90964-5dd5-46ef-8eaa-498e88b8dd88
2026-04-01 12:14:49|gpt|web_search|11|QUESTION|27|2175|62d90964-5dd5-46ef-8eaa-498e88b8dd88
2026-04-01 12:14:52|gpt|web_search|12|JSON_VERIFIED||1988|de653806-6df3-464c-996e-2034e1f21fcf
2026-04-01 12:14:52|gpt|web_search|12|QUESTION|23|1988|de653806-6df3-464c-996e-2034e1f21fcf
2026-04-01 12:14:52|gpt|web_search|12|JSON_SAVED||1988|de653806-6df3-464c-996e-2034e1f21fcf
2026-04-01 12:14:52|gpt|web_search|12|QUESTION_ADVANCE||1989|30b6197c-3d62-47d3-be8c-9f2e047952c6
2026-04-01 12:14:59|gpt|web_search|11|QUESTION_SENT||2175|62d90964-5dd5-46ef-8eaa-498e88b8dd88
2026-04-01 12:15:36|gpt|web_search|11|JSON_VERIFIED||2175|62d90964-5dd5-46ef-8eaa-498e88b8dd88
2026-04-01 12:15:36|gpt|web_search|11|QUESTION|28|2175|62d90964-5dd5-46ef-8eaa-498e88b8dd88
2026-04-01 12:15:36|gpt|web_search|11|JSON_SAVED||2175|62d90964-5dd5-46ef-8eaa-498e88b8dd88
2026-04-01 12:15:36|gpt|web_search|11|QUESTION_ADVANCE||2176|35058572-afe3-4c1c-ab2e-49ab2b1e92d8
2026-04-01 12:17:03|gpt|web_search|13|QUESTION_SENT||2324|e94d4e17-b9b7-4f47-bfb9-dcf942c977bf
2026-04-01 12:17:35|gpt|web_search|10|QUESTION_SENT||2024|05998392-784a-464b-8a9e-fe771247e946
2026-04-01 12:17:55|gpt|web_search|13|JSON_VERIFIED||2324|e94d4e17-b9b7-4f47-bfb9-dcf942c977bf
2026-04-01 12:17:55|gpt|web_search|13|QUESTION|26|2324|e94d4e17-b9b7-4f47-bfb9-dcf942c977bf
2026-04-01 12:17:55|gpt|web_search|13|JSON_SAVED||2324|e94d4e17-b9b7-4f47-bfb9-dcf942c977bf
2026-04-01 12:17:55|gpt|web_search|13|QUESTION_ADVANCE||2325|905f347d-8fe9-4a18-96f6-3d5aa295c9af
2026-04-01 12:18:07|gpt|web_search|12|QUESTION_SENT||1989|30b6197c-3d62-47d3-be8c-9f2e047952c6
2026-04-01 12:18:36|gpt|web_search|11|QUESTION_SENT||2176|35058572-afe3-4c1c-ab2e-49ab2b1e92d8
2026-04-01 12:18:58|gpt|web_search|12|JSON_VERIFIED||1989|30b6197c-3d62-47d3-be8c-9f2e047952c6
2026-04-01 12:18:58|gpt|web_search|12|QUESTION|24|1989|30b6197c-3d62-47d3-be8c-9f2e047952c6
2026-04-01 12:18:58|gpt|web_search|12|JSON_SAVED||1989|30b6197c-3d62-47d3-be8c-9f2e047952c6
2026-04-01 12:18:58|gpt|web_search|12|QUESTION_ADVANCE||1990|9e10682a-2b1f-4109-b98f-42f171876bc0
2026-04-01 12:19:35|gpt|web_search|11|JSON_VERIFIED||2176|35058572-afe3-4c1c-ab2e-49ab2b1e92d8
2026-04-01 12:19:35|gpt|web_search|11|QUESTION|29|2176|35058572-afe3-4c1c-ab2e-49ab2b1e92d8
2026-04-01 12:19:35|gpt|web_search|11|JSON_SAVED||2176|35058572-afe3-4c1c-ab2e-49ab2b1e92d8
2026-04-01 12:19:35|gpt|web_search|11|QUESTION_ADVANCE||2177|66e07922-87b0-425d-986d-f7d92247a1ce
2026-04-01 12:20:36|gpt|web_search|13|QUESTION_SENT||2325|905f347d-8fe9-4a18-96f6-3d5aa295c9af
2026-04-01 12:21:10|gpt|web_search|10|QUESTION_SENT||2024|05998392-784a-464b-8a9e-fe771247e946
2026-04-01 12:21:25|gpt|web_search|13|JSON_VERIFIED||2325|905f347d-8fe9-4a18-96f6-3d5aa295c9af
2026-04-01 12:21:25|gpt|web_search|13|QUESTION|27|2325|905f347d-8fe9-4a18-96f6-3d5aa295c9af
2026-04-01 12:21:25|gpt|web_search|13|JSON_SAVED||2325|905f347d-8fe9-4a18-96f6-3d5aa295c9af
2026-04-01 12:21:25|gpt|web_search|13|QUESTION_ADVANCE||2326|a05e1a73-4c59-4014-bb10-d3b8773ab990
2026-04-01 12:21:38|gpt|web_search|10|JSON_VERIFY_FAILED||2024|05998392-784a-464b-8a9e-fe771247e946
2026-04-01 12:21:38|gpt|web_search|10|QUESTION|27|2024|05998392-784a-464b-8a9e-fe771247e946
2026-04-01 12:22:00|gpt|web_search|12|QUESTION_SENT||1990|9e10682a-2b1f-4109-b98f-42f171876bc0
2026-04-01 12:22:13|gpt|web_search|11|QUESTION_SENT||2177|66e07922-87b0-425d-986d-f7d92247a1ce
2026-04-01 12:22:46|gpt|web_search|12|JSON_VERIFIED||1990|9e10682a-2b1f-4109-b98f-42f171876bc0
2026-04-01 12:22:46|gpt|web_search|12|QUESTION|25|1990|9e10682a-2b1f-4109-b98f-42f171876bc0
2026-04-01 12:22:46|gpt|web_search|12|JSON_SAVED||1990|9e10682a-2b1f-4109-b98f-42f171876bc0
2026-04-01 12:22:46|gpt|web_search|12|QUESTION_ADVANCE||1991|d3c36196-793b-4e7f-ac9c-be1c9aca011a
2026-04-01 12:23:00|gpt|web_search|11|JSON_VERIFIED||2177|66e07922-87b0-425d-986d-f7d92247a1ce
2026-04-01 12:23:00|gpt|web_search|11|QUESTION|30|2177|66e07922-87b0-425d-986d-f7d92247a1ce
2026-04-01 12:23:00|gpt|web_search|11|JSON_SAVED||2177|66e07922-87b0-425d-986d-f7d92247a1ce
2026-04-01 12:23:00|gpt|web_search|11|QUESTION_ADVANCE||2178|135c5ec3-d66f-48a5-b7dc-7b6a8a26aa4e
2026-04-01 12:24:09|gpt|web_search|13|QUESTION_SENT||2326|a05e1a73-4c59-4014-bb10-d3b8773ab990
2026-04-01 12:24:45|gpt|web_search|10|QUESTION_SENT||2024|05998392-784a-464b-8a9e-fe771247e946
2026-04-01 12:24:54|gpt|web_search|13|JSON_VERIFIED||2326|a05e1a73-4c59-4014-bb10-d3b8773ab990
2026-04-01 12:24:54|gpt|web_search|13|QUESTION|28|2326|a05e1a73-4c59-4014-bb10-d3b8773ab990
2026-04-01 12:24:54|gpt|web_search|13|JSON_SAVED||2326|a05e1a73-4c59-4014-bb10-d3b8773ab990
2026-04-01 12:24:54|gpt|web_search|13|QUESTION_ADVANCE||2327|0686e9e8-3f4e-4a67-a648-55b56419454c
2026-04-01 12:25:30|gpt|web_search|10|JSON_VERIFIED||2024|05998392-784a-464b-8a9e-fe771247e946
2026-04-01 12:25:30|gpt|web_search|10|QUESTION|28|2024|05998392-784a-464b-8a9e-fe771247e946
2026-04-01 12:25:30|gpt|web_search|10|JSON_SAVED||2024|05998392-784a-464b-8a9e-fe771247e946
2026-04-01 12:25:30|gpt|web_search|10|QUESTION_ADVANCE||2025|2bf4932f-8e99-4d89-b177-7ccaa63328d6
2026-04-01 12:25:50|gpt|web_search|11|QUESTION_SENT||2178|135c5ec3-d66f-48a5-b7dc-7b6a8a26aa4e
2026-04-01 12:25:52|gpt|web_search|12|QUESTION_SENT||1991|d3c36196-793b-4e7f-ac9c-be1c9aca011a
2026-04-01 12:26:38|gpt|web_search|11|JSON_VERIFIED||2178|135c5ec3-d66f-48a5-b7dc-7b6a8a26aa4e
2026-04-01 12:26:38|gpt|web_search|11|QUESTION|31|2178|135c5ec3-d66f-48a5-b7dc-7b6a8a26aa4e
2026-04-01 12:26:38|gpt|web_search|11|JSON_SAVED||2178|135c5ec3-d66f-48a5-b7dc-7b6a8a26aa4e
2026-04-01 12:26:38|gpt|web_search|11|QUESTION_ADVANCE||2179|2eef6154-3afa-411e-9826-be978dc27d27
2026-04-01 12:26:41|gpt|web_search|12|JSON_VERIFIED||1991|d3c36196-793b-4e7f-ac9c-be1c9aca011a
2026-04-01 12:26:41|gpt|web_search|12|QUESTION|26|1991|d3c36196-793b-4e7f-ac9c-be1c9aca011a
2026-04-01 12:26:41|gpt|web_search|12|JSON_SAVED||1991|d3c36196-793b-4e7f-ac9c-be1c9aca011a
2026-04-01 12:26:41|gpt|web_search|12|QUESTION_ADVANCE||1992|ca777280-df26-48f8-b51e-2d6b44628ec8
2026-04-01 12:27:42|gpt|web_search|13|QUESTION_SENT||2327|0686e9e8-3f4e-4a67-a648-55b56419454c
2026-04-01 12:28:19|gpt|web_search|10|QUESTION_SENT||2025|2bf4932f-8e99-4d89-b177-7ccaa63328d6
2026-04-01 12:28:31|gpt|web_search|13|JSON_VERIFIED||2327|0686e9e8-3f4e-4a67-a648-55b56419454c
2026-04-01 12:28:31|gpt|web_search|13|QUESTION|29|2327|0686e9e8-3f4e-4a67-a648-55b56419454c
2026-04-01 12:28:31|gpt|web_search|13|JSON_SAVED||2327|0686e9e8-3f4e-4a67-a648-55b56419454c
2026-04-01 12:28:31|gpt|web_search|13|QUESTION_ADVANCE||2328|5af5a0dd-ce3c-42bd-83dd-4f263ddfd7fa
2026-04-01 12:29:06|gpt|web_search|10|JSON_VERIFIED||2025|2bf4932f-8e99-4d89-b177-7ccaa63328d6
2026-04-01 12:29:06|gpt|web_search|10|QUESTION|29|2025|2bf4932f-8e99-4d89-b177-7ccaa63328d6
2026-04-01 12:29:06|gpt|web_search|10|JSON_SAVED||2025|2bf4932f-8e99-4d89-b177-7ccaa63328d6
2026-04-01 12:29:06|gpt|web_search|10|QUESTION_ADVANCE||2026|94cb08b9-1491-44c9-b4c1-5f4ed70b9d53
2026-04-01 12:29:27|gpt|web_search|11|QUESTION_SENT||2179|2eef6154-3afa-411e-9826-be978dc27d27
2026-04-01 12:29:46|gpt|web_search|12|QUESTION_SENT||1992|ca777280-df26-48f8-b51e-2d6b44628ec8
2026-04-01 12:30:11|gpt|web_search|11|JSON_VERIFIED||2179|2eef6154-3afa-411e-9826-be978dc27d27
2026-04-01 12:30:11|gpt|web_search|11|QUESTION|32|2179|2eef6154-3afa-411e-9826-be978dc27d27
2026-04-01 12:30:11|gpt|web_search|11|JSON_SAVED||2179|2eef6154-3afa-411e-9826-be978dc27d27
2026-04-01 12:30:11|gpt|web_search|11|QUESTION_ADVANCE||2180|57c56284-cfa9-4ae7-850e-b7d0d146910e
2026-04-01 12:30:31|gpt|web_search|12|JSON_VERIFIED||1992|ca777280-df26-48f8-b51e-2d6b44628ec8
2026-04-01 12:30:31|gpt|web_search|12|QUESTION|27|1992|ca777280-df26-48f8-b51e-2d6b44628ec8
2026-04-01 12:30:31|gpt|web_search|12|JSON_SAVED||1992|ca777280-df26-48f8-b51e-2d6b44628ec8
2026-04-01 12:30:31|gpt|web_search|12|QUESTION_ADVANCE||1993|d5be5042-1865-4412-904c-1fddf1fcb23b
2026-04-01 12:31:15|gpt|web_search|13|QUESTION_SENT||2328|5af5a0dd-ce3c-42bd-83dd-4f263ddfd7fa
2026-04-01 12:31:54|gpt|web_search|10|QUESTION_SENT||2026|94cb08b9-1491-44c9-b4c1-5f4ed70b9d53
2026-04-01 12:32:01|gpt|web_search|13|JSON_VERIFIED||2328|5af5a0dd-ce3c-42bd-83dd-4f263ddfd7fa
2026-04-01 12:32:01|gpt|web_search|13|QUESTION|30|2328|5af5a0dd-ce3c-42bd-83dd-4f263ddfd7fa
2026-04-01 12:32:01|gpt|web_search|13|JSON_SAVED||2328|5af5a0dd-ce3c-42bd-83dd-4f263ddfd7fa
2026-04-01 12:32:01|gpt|web_search|13|QUESTION_ADVANCE||2329|864b30c4-c4d1-4170-b235-0cd7f0f9464f
2026-04-01 12:32:41|gpt|web_search|10|JSON_VERIFIED||2026|94cb08b9-1491-44c9-b4c1-5f4ed70b9d53
2026-04-01 12:32:41|gpt|web_search|10|QUESTION|30|2026|94cb08b9-1491-44c9-b4c1-5f4ed70b9d53
2026-04-01 12:32:41|gpt|web_search|10|JSON_SAVED||2026|94cb08b9-1491-44c9-b4c1-5f4ed70b9d53
2026-04-01 12:32:41|gpt|web_search|10|QUESTION_ADVANCE||2027|1328a22d-1050-4a3f-988a-da3b05e937c8
2026-04-01 12:33:04|gpt|web_search|11|QUESTION_SENT||2180|57c56284-cfa9-4ae7-850e-b7d0d146910e
2026-04-01 12:33:38|gpt|web_search|12|QUESTION_SENT||1993|d5be5042-1865-4412-904c-1fddf1fcb23b
2026-04-01 12:33:50|gpt|web_search|11|JSON_VERIFIED||2180|57c56284-cfa9-4ae7-850e-b7d0d146910e
2026-04-01 12:33:50|gpt|web_search|11|QUESTION|33|2180|57c56284-cfa9-4ae7-850e-b7d0d146910e
2026-04-01 12:33:50|gpt|web_search|11|JSON_SAVED||2180|57c56284-cfa9-4ae7-850e-b7d0d146910e
2026-04-01 12:33:50|gpt|web_search|11|QUESTION_ADVANCE||2181|a56e77df-3f83-428f-b708-c359227a4695
2026-04-01 12:34:31|gpt|web_search|12|JSON_VERIFIED||1993|d5be5042-1865-4412-904c-1fddf1fcb23b
2026-04-01 12:34:31|gpt|web_search|12|QUESTION|28|1993|d5be5042-1865-4412-904c-1fddf1fcb23b
2026-04-01 12:34:31|gpt|web_search|12|JSON_SAVED||1993|d5be5042-1865-4412-904c-1fddf1fcb23b
2026-04-01 12:34:31|gpt|web_search|12|QUESTION_ADVANCE||1994|48267dca-f5a4-44c4-8b40-93ecd70b8def
2026-04-01 12:34:47|gpt|web_search|13|QUESTION_SENT||2329|864b30c4-c4d1-4170-b235-0cd7f0f9464f
2026-04-01 12:35:29|gpt|web_search|10|QUESTION_SENT||2027|1328a22d-1050-4a3f-988a-da3b05e937c8
2026-04-01 12:35:37|gpt|web_search|13|JSON_VERIFIED||2329|864b30c4-c4d1-4170-b235-0cd7f0f9464f
2026-04-01 12:35:37|gpt|web_search|13|QUESTION|31|2329|864b30c4-c4d1-4170-b235-0cd7f0f9464f
2026-04-01 12:35:37|gpt|web_search|13|JSON_SAVED||2329|864b30c4-c4d1-4170-b235-0cd7f0f9464f
2026-04-01 12:35:37|gpt|web_search|13|QUESTION_ADVANCE||2330|3ef41544-489d-4cc5-bb50-23e9e192cba8
2026-04-01 12:36:23|gpt|web_search|10|JSON_VERIFY_FAILED||2027|1328a22d-1050-4a3f-988a-da3b05e937c8
2026-04-01 12:36:23|gpt|web_search|10|QUESTION|31|2027|1328a22d-1050-4a3f-988a-da3b05e937c8
2026-04-01 12:36:32|gpt|web_search|10|QUESTION_SENT||2027|1328a22d-1050-4a3f-988a-da3b05e937c8
2026-04-01 12:36:40|gpt|web_search|11|QUESTION_SENT||2181|a56e77df-3f83-428f-b708-c359227a4695
2026-04-01 12:37:10|gpt|web_search|10|JSON_VERIFIED||2027|1328a22d-1050-4a3f-988a-da3b05e937c8
2026-04-01 12:37:10|gpt|web_search|10|QUESTION|32|2027|1328a22d-1050-4a3f-988a-da3b05e937c8
2026-04-01 12:37:10|gpt|web_search|10|JSON_SAVED||2027|1328a22d-1050-4a3f-988a-da3b05e937c8
2026-04-01 12:37:10|gpt|web_search|10|QUESTION_ADVANCE||2028|88852857-92cf-4db6-8035-34f9516a548b
2026-04-01 12:37:29|gpt|web_search|11|JSON_VERIFIED||2181|a56e77df-3f83-428f-b708-c359227a4695
2026-04-01 12:37:29|gpt|web_search|11|QUESTION|34|2181|a56e77df-3f83-428f-b708-c359227a4695
2026-04-01 12:37:29|gpt|web_search|11|JSON_SAVED||2181|a56e77df-3f83-428f-b708-c359227a4695
2026-04-01 12:37:29|gpt|web_search|11|QUESTION_ADVANCE||2182|8db21551-9f7a-44f5-ab3d-8644b8cfab4e
2026-04-01 12:37:31|gpt|web_search|12|QUESTION_SENT||1994|48267dca-f5a4-44c4-8b40-93ecd70b8def
2026-04-01 12:38:21|gpt|web_search|13|QUESTION_SENT||2330|3ef41544-489d-4cc5-bb50-23e9e192cba8
2026-04-01 12:38:21|gpt|web_search|12|JSON_VERIFIED||1994|48267dca-f5a4-44c4-8b40-93ecd70b8def
2026-04-01 12:38:21|gpt|web_search|12|QUESTION|29|1994|48267dca-f5a4-44c4-8b40-93ecd70b8def
2026-04-01 12:38:21|gpt|web_search|12|JSON_SAVED||1994|48267dca-f5a4-44c4-8b40-93ecd70b8def
2026-04-01 12:38:21|gpt|web_search|12|QUESTION_ADVANCE||1995|dc188b73-8aeb-4ea4-94fd-da4be8b2a5ec
2026-04-01 12:39:10|gpt|web_search|13|JSON_VERIFIED||2330|3ef41544-489d-4cc5-bb50-23e9e192cba8
2026-04-01 12:39:10|gpt|web_search|13|QUESTION|32|2330|3ef41544-489d-4cc5-bb50-23e9e192cba8
2026-04-01 12:39:10|gpt|web_search|13|JSON_SAVED||2330|3ef41544-489d-4cc5-bb50-23e9e192cba8
2026-04-01 12:39:10|gpt|web_search|13|QUESTION_ADVANCE||2331|fdb0bd7a-9e5b-48ff-a376-067f1ea25783
2026-04-01 12:40:08|gpt|web_search|10|QUESTION_SENT||2028|88852857-92cf-4db6-8035-34f9516a548b
2026-04-01 12:40:18|gpt|web_search|11|QUESTION_SENT||2182|8db21551-9f7a-44f5-ab3d-8644b8cfab4e
2026-04-01 12:40:57|gpt|web_search|10|JSON_VERIFIED||2028|88852857-92cf-4db6-8035-34f9516a548b
2026-04-01 12:40:57|gpt|web_search|10|QUESTION|33|2028|88852857-92cf-4db6-8035-34f9516a548b
2026-04-01 12:40:57|gpt|web_search|10|JSON_SAVED||2028|88852857-92cf-4db6-8035-34f9516a548b
2026-04-01 12:40:57|gpt|web_search|10|QUESTION_ADVANCE||2029|b23aec22-8528-4879-b301-e76053c1d175
2026-04-01 12:41:03|gpt|web_search|11|JSON_VERIFIED||2182|8db21551-9f7a-44f5-ab3d-8644b8cfab4e
2026-04-01 12:41:03|gpt|web_search|11|QUESTION|35|2182|8db21551-9f7a-44f5-ab3d-8644b8cfab4e
2026-04-01 12:41:03|gpt|web_search|11|JSON_SAVED||2182|8db21551-9f7a-44f5-ab3d-8644b8cfab4e
2026-04-01 12:41:03|gpt|web_search|11|QUESTION_ADVANCE||2183|b0f43907-b59e-4142-b04a-0df1379d0d1e
2026-04-01 12:41:25|gpt|web_search|12|QUESTION_SENT||1995|dc188b73-8aeb-4ea4-94fd-da4be8b2a5ec
2026-04-01 12:41:54|gpt|web_search|13|QUESTION_SENT||2331|fdb0bd7a-9e5b-48ff-a376-067f1ea25783
2026-04-01 12:42:42|gpt|web_search|13|JSON_VERIFIED||2331|fdb0bd7a-9e5b-48ff-a376-067f1ea25783
2026-04-01 12:42:42|gpt|web_search|13|QUESTION|33|2331|fdb0bd7a-9e5b-48ff-a376-067f1ea25783
2026-04-01 12:42:42|gpt|web_search|13|JSON_SAVED||2331|fdb0bd7a-9e5b-48ff-a376-067f1ea25783
2026-04-01 12:42:42|gpt|web_search|13|QUESTION_ADVANCE||2332|0bcc85bb-e30d-43dd-ada4-dfd8bd871b56
2026-04-01 12:43:43|gpt|web_search|10|QUESTION_SENT||2029|b23aec22-8528-4879-b301-e76053c1d175
2026-04-01 12:43:54|gpt|web_search|11|QUESTION_SENT||2183|b0f43907-b59e-4142-b04a-0df1379d0d1e
2026-04-01 12:44:29|gpt|web_search|10|JSON_VERIFIED||2029|b23aec22-8528-4879-b301-e76053c1d175
2026-04-01 12:44:29|gpt|web_search|10|QUESTION|34|2029|b23aec22-8528-4879-b301-e76053c1d175
2026-04-01 12:44:29|gpt|web_search|10|JSON_SAVED||2029|b23aec22-8528-4879-b301-e76053c1d175
2026-04-01 12:44:29|gpt|web_search|10|QUESTION_ADVANCE||2030|3228d6a5-1c7a-4772-95ad-15263446a216
2026-04-01 12:44:33|gpt|web_search|11|JSON_VERIFY_FAILED||2183|b0f43907-b59e-4142-b04a-0df1379d0d1e
2026-04-01 12:44:33|gpt|web_search|11|QUESTION|36|2183|b0f43907-b59e-4142-b04a-0df1379d0d1e
2026-04-01 12:44:43|gpt|web_search|11|QUESTION_SENT||2183|b0f43907-b59e-4142-b04a-0df1379d0d1e
2026-04-01 12:45:15|gpt|web_search|11|JSON_VERIFIED||2183|b0f43907-b59e-4142-b04a-0df1379d0d1e
2026-04-01 12:45:15|gpt|web_search|11|QUESTION|37|2183|b0f43907-b59e-4142-b04a-0df1379d0d1e
2026-04-01 12:45:15|gpt|web_search|11|JSON_SAVED||2183|b0f43907-b59e-4142-b04a-0df1379d0d1e
2026-04-01 12:45:15|gpt|web_search|11|QUESTION_ADVANCE||2184|e8fb0a0b-a85d-43d7-b165-3cdc6fc0b9e5
2026-04-01 12:45:17|gpt|web_search|12|QUESTION_SENT||1995|dc188b73-8aeb-4ea4-94fd-da4be8b2a5ec
2026-04-01 12:45:27|gpt|web_search|13|QUESTION_SENT||2332|0bcc85bb-e30d-43dd-ada4-dfd8bd871b56
2026-04-01 12:46:08|gpt|web_search|13|JSON_VERIFIED||2332|0bcc85bb-e30d-43dd-ada4-dfd8bd871b56
2026-04-01 12:46:08|gpt|web_search|13|QUESTION|34|2332|0bcc85bb-e30d-43dd-ada4-dfd8bd871b56
2026-04-01 12:46:08|gpt|web_search|13|JSON_SAVED||2332|0bcc85bb-e30d-43dd-ada4-dfd8bd871b56
2026-04-01 12:46:08|gpt|web_search|13|QUESTION_ADVANCE||2333|eb1ff9ba-297d-40f7-9bbb-7fbe1a95da79
2026-04-01 12:47:17|gpt|web_search|10|QUESTION_SENT||2030|3228d6a5-1c7a-4772-95ad-15263446a216
2026-04-01 12:48:06|gpt|web_search|10|JSON_VERIFIED||2030|3228d6a5-1c7a-4772-95ad-15263446a216
2026-04-01 12:48:06|gpt|web_search|10|QUESTION|35|2030|3228d6a5-1c7a-4772-95ad-15263446a216
2026-04-01 12:48:06|gpt|web_search|10|JSON_SAVED||2030|3228d6a5-1c7a-4772-95ad-15263446a216
2026-04-01 12:48:06|gpt|web_search|10|QUESTION_ADVANCE||2031|60718103-8c21-4928-b0ba-634f533aeeae
2026-04-01 12:48:19|gpt|web_search|11|QUESTION_SENT||2184|e8fb0a0b-a85d-43d7-b165-3cdc6fc0b9e5
2026-04-01 12:49:00|gpt|web_search|13|QUESTION_SENT||2333|eb1ff9ba-297d-40f7-9bbb-7fbe1a95da79
2026-04-01 12:49:05|gpt|web_search|11|JSON_VERIFIED||2184|e8fb0a0b-a85d-43d7-b165-3cdc6fc0b9e5
2026-04-01 12:49:05|gpt|web_search|11|QUESTION|38|2184|e8fb0a0b-a85d-43d7-b165-3cdc6fc0b9e5
2026-04-01 12:49:05|gpt|web_search|11|JSON_SAVED||2184|e8fb0a0b-a85d-43d7-b165-3cdc6fc0b9e5
2026-04-01 12:49:05|gpt|web_search|11|QUESTION_ADVANCE||2185|35bc0cf7-bd7d-4a29-ab56-6eb595f8ac30
2026-04-01 12:49:11|gpt|web_search|12|QUESTION_SENT||1995|dc188b73-8aeb-4ea4-94fd-da4be8b2a5ec
2026-04-01 12:49:47|gpt|web_search|13|JSON_VERIFIED||2333|eb1ff9ba-297d-40f7-9bbb-7fbe1a95da79
2026-04-01 12:49:47|gpt|web_search|13|QUESTION|35|2333|eb1ff9ba-297d-40f7-9bbb-7fbe1a95da79
2026-04-01 12:49:47|gpt|web_search|13|JSON_SAVED||2333|eb1ff9ba-297d-40f7-9bbb-7fbe1a95da79
2026-04-01 12:49:47|gpt|web_search|13|QUESTION_ADVANCE||2334|c24a7a62-96b1-4f9c-9741-ff9dae6d867e
2026-04-01 12:49:57|gpt|web_search|12|JSON_VERIFIED||1995|dc188b73-8aeb-4ea4-94fd-da4be8b2a5ec
2026-04-01 12:49:57|gpt|web_search|12|QUESTION|30|1995|dc188b73-8aeb-4ea4-94fd-da4be8b2a5ec
2026-04-01 12:49:57|gpt|web_search|12|JSON_SAVED||1995|dc188b73-8aeb-4ea4-94fd-da4be8b2a5ec
2026-04-01 12:49:57|gpt|web_search|12|QUESTION_ADVANCE||1996|2f4f440a-ceac-4c2a-ae82-74447c11712f
2026-04-01 12:50:53|gpt|web_search|10|QUESTION_SENT||2031|60718103-8c21-4928-b0ba-634f533aeeae
2026-04-01 12:51:56|gpt|web_search|11|QUESTION_SENT||2185|35bc0cf7-bd7d-4a29-ab56-6eb595f8ac30
2026-04-01 12:52:33|gpt|web_search|13|QUESTION_SENT||2334|c24a7a62-96b1-4f9c-9741-ff9dae6d867e
2026-04-01 12:52:42|gpt|web_search|11|JSON_VERIFIED||2185|35bc0cf7-bd7d-4a29-ab56-6eb595f8ac30
2026-04-01 12:52:42|gpt|web_search|11|QUESTION|39|2185|35bc0cf7-bd7d-4a29-ab56-6eb595f8ac30
2026-04-01 12:52:42|gpt|web_search|11|JSON_SAVED||2185|35bc0cf7-bd7d-4a29-ab56-6eb595f8ac30
2026-04-01 12:52:42|gpt|web_search|11|QUESTION_ADVANCE||2186|93c0621c-a8bc-4b3d-b91f-2e4d86d11a31
2026-04-01 12:53:03|gpt|web_search|12|QUESTION_SENT||1996|2f4f440a-ceac-4c2a-ae82-74447c11712f
2026-04-01 12:53:17|gpt|web_search|13|JSON_VERIFIED||2334|c24a7a62-96b1-4f9c-9741-ff9dae6d867e
2026-04-01 12:53:17|gpt|web_search|13|QUESTION|36|2334|c24a7a62-96b1-4f9c-9741-ff9dae6d867e
2026-04-01 12:53:17|gpt|web_search|13|JSON_SAVED||2334|c24a7a62-96b1-4f9c-9741-ff9dae6d867e
2026-04-01 12:53:17|gpt|web_search|13|QUESTION_ADVANCE||2335|f672bf26-62fc-41ab-8bf3-e844e2a93750
2026-04-01 12:53:57|gpt|web_search|12|JSON_VERIFIED||1996|2f4f440a-ceac-4c2a-ae82-74447c11712f
2026-04-01 12:53:57|gpt|web_search|12|QUESTION|31|1996|2f4f440a-ceac-4c2a-ae82-74447c11712f
2026-04-01 12:53:57|gpt|web_search|12|JSON_SAVED||1996|2f4f440a-ceac-4c2a-ae82-74447c11712f
2026-04-01 12:53:57|gpt|web_search|12|QUESTION_ADVANCE||1997|90e4a8e9-f56a-4342-bda1-927b47c6a58d
2026-04-01 12:54:28|gpt|web_search|10|QUESTION_SENT||2031|60718103-8c21-4928-b0ba-634f533aeeae
2026-04-01 12:55:10|gpt|web_search|10|JSON_VERIFIED||2031|60718103-8c21-4928-b0ba-634f533aeeae
2026-04-01 12:55:10|gpt|web_search|10|QUESTION|36|2031|60718103-8c21-4928-b0ba-634f533aeeae
2026-04-01 12:55:10|gpt|web_search|10|JSON_SAVED||2031|60718103-8c21-4928-b0ba-634f533aeeae
2026-04-01 12:55:10|gpt|web_search|10|QUESTION_ADVANCE||2032|e0029aa2-c1dd-4778-be78-7beeabffb572
2026-04-01 12:55:33|gpt|web_search|11|QUESTION_SENT||2186|93c0621c-a8bc-4b3d-b91f-2e4d86d11a31
2026-04-01 12:56:06|gpt|web_search|13|QUESTION_SENT||2335|f672bf26-62fc-41ab-8bf3-e844e2a93750
2026-04-01 12:56:23|gpt|web_search|11|JSON_VERIFIED||2186|93c0621c-a8bc-4b3d-b91f-2e4d86d11a31
2026-04-01 12:56:23|gpt|web_search|11|QUESTION|40|2186|93c0621c-a8bc-4b3d-b91f-2e4d86d11a31
2026-04-01 12:56:23|gpt|web_search|11|JSON_SAVED||2186|93c0621c-a8bc-4b3d-b91f-2e4d86d11a31
2026-04-01 12:56:23|gpt|web_search|11|QUESTION_ADVANCE||2187|308382ba-c1f8-4f5d-a1f9-279b17f53cca
2026-04-01 12:56:51|gpt|web_search|13|JSON_VERIFIED||2335|f672bf26-62fc-41ab-8bf3-e844e2a93750
2026-04-01 12:56:51|gpt|web_search|13|QUESTION|37|2335|f672bf26-62fc-41ab-8bf3-e844e2a93750
2026-04-01 12:56:51|gpt|web_search|13|JSON_SAVED||2335|f672bf26-62fc-41ab-8bf3-e844e2a93750
2026-04-01 12:56:51|gpt|web_search|13|QUESTION_ADVANCE||2336|fde6b209-6175-4faf-96a6-51965c111155
2026-04-01 12:56:56|gpt|web_search|12|QUESTION_SENT||1997|90e4a8e9-f56a-4342-bda1-927b47c6a58d
2026-04-01 12:57:44|gpt|web_search|12|JSON_VERIFIED||1997|90e4a8e9-f56a-4342-bda1-927b47c6a58d
2026-04-01 12:57:44|gpt|web_search|12|QUESTION|32|1997|90e4a8e9-f56a-4342-bda1-927b47c6a58d
2026-04-01 12:57:44|gpt|web_search|12|JSON_SAVED||1997|90e4a8e9-f56a-4342-bda1-927b47c6a58d
2026-04-01 12:57:44|gpt|web_search|12|QUESTION_ADVANCE||1998|873f8568-c86c-41fc-a9a4-81dd589205c3
2026-04-01 12:58:03|gpt|web_search|10|QUESTION_SENT||2032|e0029aa2-c1dd-4778-be78-7beeabffb572
2026-04-01 12:58:48|gpt|web_search|10|JSON_VERIFIED||2032|e0029aa2-c1dd-4778-be78-7beeabffb572
2026-04-01 12:58:48|gpt|web_search|10|QUESTION|37|2032|e0029aa2-c1dd-4778-be78-7beeabffb572
2026-04-01 12:58:48|gpt|web_search|10|JSON_SAVED||2032|e0029aa2-c1dd-4778-be78-7beeabffb572
2026-04-01 12:58:48|gpt|web_search|10|QUESTION_ADVANCE||2033|15bc3e39-54a3-4f4d-8463-9ce366d405c0
2026-04-01 12:59:10|gpt|web_search|11|QUESTION_SENT||2187|308382ba-c1f8-4f5d-a1f9-279b17f53cca
2026-04-01 12:59:38|gpt|web_search|13|QUESTION_SENT||2336|fde6b209-6175-4faf-96a6-51965c111155
2026-04-01 12:59:57|gpt|web_search|11|JSON_VERIFIED||2187|308382ba-c1f8-4f5d-a1f9-279b17f53cca
2026-04-01 12:59:57|gpt|web_search|11|QUESTION|41|2187|308382ba-c1f8-4f5d-a1f9-279b17f53cca
2026-04-01 12:59:57|gpt|web_search|11|JSON_SAVED||2187|308382ba-c1f8-4f5d-a1f9-279b17f53cca
2026-04-01 12:59:57|gpt|web_search|11|QUESTION_ADVANCE||2188|68b55488-3cc4-480a-a13b-8ad58cd034b2
2026-04-01 13:00:27|gpt|web_search|13|JSON_VERIFIED||2336|fde6b209-6175-4faf-96a6-51965c111155
2026-04-01 13:00:27|gpt|web_search|13|QUESTION|38|2336|fde6b209-6175-4faf-96a6-51965c111155
2026-04-01 13:00:27|gpt|web_search|13|JSON_SAVED||2336|fde6b209-6175-4faf-96a6-51965c111155
2026-04-01 13:00:27|gpt|web_search|13|QUESTION_ADVANCE||2337|67cf3655-53ac-4d52-909d-4f2190b80db6
2026-04-01 13:00:49|gpt|web_search|12|QUESTION_SENT||1998|873f8568-c86c-41fc-a9a4-81dd589205c3
2026-04-01 13:01:36|gpt|web_search|12|JSON_VERIFIED||1998|873f8568-c86c-41fc-a9a4-81dd589205c3
2026-04-01 13:01:36|gpt|web_search|12|QUESTION|33|1998|873f8568-c86c-41fc-a9a4-81dd589205c3
2026-04-01 13:01:36|gpt|web_search|12|JSON_SAVED||1998|873f8568-c86c-41fc-a9a4-81dd589205c3
2026-04-01 13:01:36|gpt|web_search|12|QUESTION_ADVANCE||1999|13eb5ce4-33da-406e-bf49-71a1172a78f4
2026-04-01 13:01:38|gpt|web_search|10|QUESTION_SENT||2033|15bc3e39-54a3-4f4d-8463-9ce366d405c0
2026-04-01 13:02:27|gpt|web_search|10|JSON_VERIFIED||2033|15bc3e39-54a3-4f4d-8463-9ce366d405c0
2026-04-01 13:02:27|gpt|web_search|10|QUESTION|38|2033|15bc3e39-54a3-4f4d-8463-9ce366d405c0
2026-04-01 13:02:27|gpt|web_search|10|JSON_SAVED||2033|15bc3e39-54a3-4f4d-8463-9ce366d405c0
2026-04-01 13:02:27|gpt|web_search|10|QUESTION_ADVANCE||2034|91eea66d-6ecc-4414-8077-921b8bc58a7d
2026-04-01 13:02:47|gpt|web_search|11|QUESTION_SENT||2188|68b55488-3cc4-480a-a13b-8ad58cd034b2
2026-04-01 13:03:11|gpt|web_search|13|QUESTION_SENT||2337|67cf3655-53ac-4d52-909d-4f2190b80db6
2026-04-01 13:03:38|gpt|web_search|11|JSON_VERIFIED||2188|68b55488-3cc4-480a-a13b-8ad58cd034b2
2026-04-01 13:03:38|gpt|web_search|11|QUESTION|42|2188|68b55488-3cc4-480a-a13b-8ad58cd034b2
2026-04-01 13:03:38|gpt|web_search|11|JSON_SAVED||2188|68b55488-3cc4-480a-a13b-8ad58cd034b2
2026-04-01 13:03:38|gpt|web_search|11|QUESTION_ADVANCE||2189|f39c56c4-0e1e-4ded-82a6-4ee340885abf
2026-04-01 13:03:54|gpt|web_search|13|JSON_VERIFIED||2337|67cf3655-53ac-4d52-909d-4f2190b80db6
2026-04-01 13:03:54|gpt|web_search|13|QUESTION|39|2337|67cf3655-53ac-4d52-909d-4f2190b80db6
2026-04-01 13:03:54|gpt|web_search|13|JSON_SAVED||2337|67cf3655-53ac-4d52-909d-4f2190b80db6
2026-04-01 13:03:54|gpt|web_search|13|QUESTION_ADVANCE||2338|c580bc1c-f167-4af4-bb6c-dd66b4868f92
2026-04-01 13:04:42|gpt|web_search|12|QUESTION_SENT||1999|13eb5ce4-33da-406e-bf49-71a1172a78f4
2026-04-01 13:05:13|gpt|web_search|10|QUESTION_SENT||2034|91eea66d-6ecc-4414-8077-921b8bc58a7d
2026-04-01 13:05:29|gpt|web_search|12|JSON_VERIFIED||1999|13eb5ce4-33da-406e-bf49-71a1172a78f4
2026-04-01 13:05:29|gpt|web_search|12|QUESTION|34|1999|13eb5ce4-33da-406e-bf49-71a1172a78f4
2026-04-01 13:05:29|gpt|web_search|12|JSON_SAVED||1999|13eb5ce4-33da-406e-bf49-71a1172a78f4
2026-04-01 13:05:29|gpt|web_search|12|QUESTION_ADVANCE||2000|8d528486-e6b5-4f3a-8e26-2de1156540b7
2026-04-01 13:05:59|gpt|web_search|10|JSON_VERIFIED||2034|91eea66d-6ecc-4414-8077-921b8bc58a7d
2026-04-01 13:05:59|gpt|web_search|10|QUESTION|39|2034|91eea66d-6ecc-4414-8077-921b8bc58a7d
2026-04-01 13:05:59|gpt|web_search|10|JSON_SAVED||2034|91eea66d-6ecc-4414-8077-921b8bc58a7d
2026-04-01 13:05:59|gpt|web_search|10|QUESTION_ADVANCE||2035|ff2bb273-125f-409a-9144-ff9d80f1aea5
2026-04-01 13:06:24|gpt|web_search|11|QUESTION_SENT||2189|f39c56c4-0e1e-4ded-82a6-4ee340885abf
2026-04-01 13:06:45|gpt|web_search|13|QUESTION_SENT||2338|c580bc1c-f167-4af4-bb6c-dd66b4868f92
2026-04-01 13:07:11|gpt|web_search|11|JSON_VERIFIED||2189|f39c56c4-0e1e-4ded-82a6-4ee340885abf
2026-04-01 13:07:11|gpt|web_search|11|QUESTION|43|2189|f39c56c4-0e1e-4ded-82a6-4ee340885abf
2026-04-01 13:07:11|gpt|web_search|11|JSON_SAVED||2189|f39c56c4-0e1e-4ded-82a6-4ee340885abf
2026-04-01 13:07:11|gpt|web_search|11|QUESTION_ADVANCE||2190|d5845047-143e-4170-99e6-ba937cf28de8
2026-04-01 13:07:27|gpt|web_search|13|JSON_VERIFIED||2338|c580bc1c-f167-4af4-bb6c-dd66b4868f92
2026-04-01 13:07:27|gpt|web_search|13|QUESTION|40|2338|c580bc1c-f167-4af4-bb6c-dd66b4868f92
2026-04-01 13:07:27|gpt|web_search|13|JSON_SAVED||2338|c580bc1c-f167-4af4-bb6c-dd66b4868f92
2026-04-01 13:07:27|gpt|web_search|13|QUESTION_ADVANCE||2339|de6f28ce-55b5-4ae9-b74a-f350ce0729cb
2026-04-01 13:08:35|gpt|web_search|12|QUESTION_SENT||2000|8d528486-e6b5-4f3a-8e26-2de1156540b7
2026-04-01 13:08:47|gpt|web_search|10|QUESTION_SENT||2035|ff2bb273-125f-409a-9144-ff9d80f1aea5
2026-04-01 13:09:16|gpt|web_search|12|JSON_VERIFIED||2000|8d528486-e6b5-4f3a-8e26-2de1156540b7
2026-04-01 13:09:16|gpt|web_search|12|QUESTION|35|2000|8d528486-e6b5-4f3a-8e26-2de1156540b7
2026-04-01 13:09:16|gpt|web_search|12|JSON_SAVED||2000|8d528486-e6b5-4f3a-8e26-2de1156540b7
2026-04-01 13:09:17|gpt|web_search|12|STOP||2001|
2026-04-01 13:09:36|gpt|web_search|10|JSON_VERIFIED||2035|ff2bb273-125f-409a-9144-ff9d80f1aea5
2026-04-01 13:09:36|gpt|web_search|10|QUESTION|40|2035|ff2bb273-125f-409a-9144-ff9d80f1aea5
2026-04-01 13:09:36|gpt|web_search|10|JSON_SAVED||2035|ff2bb273-125f-409a-9144-ff9d80f1aea5
2026-04-01 13:09:36|gpt|web_search|10|QUESTION_ADVANCE||2036|991b8baf-98ab-4d99-8da5-98daacb2cf5a
2026-04-01 13:10:01|gpt|web_search|11|QUESTION_SENT||2190|d5845047-143e-4170-99e6-ba937cf28de8
2026-04-01 13:10:18|gpt|web_search|13|QUESTION_SENT||2339|de6f28ce-55b5-4ae9-b74a-f350ce0729cb
2026-04-01 13:10:43|gpt|web_search|11|JSON_VERIFIED||2190|d5845047-143e-4170-99e6-ba937cf28de8
2026-04-01 13:10:43|gpt|web_search|11|QUESTION|44|2190|d5845047-143e-4170-99e6-ba937cf28de8
2026-04-01 13:10:43|gpt|web_search|11|JSON_SAVED||2190|d5845047-143e-4170-99e6-ba937cf28de8
2026-04-01 13:10:43|gpt|web_search|11|QUESTION_ADVANCE||2191|4f6fea1f-3453-4f5b-a08e-183c62b79440
2026-04-01 13:11:04|gpt|web_search|13|JSON_VERIFIED||2339|de6f28ce-55b5-4ae9-b74a-f350ce0729cb
2026-04-01 13:11:04|gpt|web_search|13|QUESTION|41|2339|de6f28ce-55b5-4ae9-b74a-f350ce0729cb
2026-04-01 13:11:04|gpt|web_search|13|JSON_SAVED||2339|de6f28ce-55b5-4ae9-b74a-f350ce0729cb
2026-04-01 13:11:04|gpt|web_search|13|QUESTION_ADVANCE||2340|e14bbfe0-47a0-4a58-93f7-478d93c608dd
2026-04-01 13:12:23|gpt|web_search|10|QUESTION_SENT||2036|991b8baf-98ab-4d99-8da5-98daacb2cf5a
2026-04-01 13:13:04|gpt|web_search|10|JSON_VERIFIED||2036|991b8baf-98ab-4d99-8da5-98daacb2cf5a
2026-04-01 13:13:04|gpt|web_search|10|QUESTION|41|2036|991b8baf-98ab-4d99-8da5-98daacb2cf5a
2026-04-01 13:13:04|gpt|web_search|10|JSON_SAVED||2036|991b8baf-98ab-4d99-8da5-98daacb2cf5a
2026-04-01 13:13:04|gpt|web_search|10|QUESTION_ADVANCE||2037|f33c34af-9948-415f-8e09-b8e4bacc18e6
2026-04-01 13:13:38|gpt|web_search|11|QUESTION_SENT||2191|4f6fea1f-3453-4f5b-a08e-183c62b79440
2026-04-01 13:13:50|gpt|web_search|13|QUESTION_SENT||2340|e14bbfe0-47a0-4a58-93f7-478d93c608dd
2026-04-01 13:14:36|gpt|web_search|13|JSON_VERIFIED||2340|e14bbfe0-47a0-4a58-93f7-478d93c608dd
2026-04-01 13:14:36|gpt|web_search|13|QUESTION|42|2340|e14bbfe0-47a0-4a58-93f7-478d93c608dd
2026-04-01 13:14:36|gpt|web_search|13|JSON_SAVED||2340|e14bbfe0-47a0-4a58-93f7-478d93c608dd
2026-04-01 13:14:36|gpt|web_search|13|QUESTION_ADVANCE||2341|043ddfee-b2f9-4433-8a29-436ebd398f5f
2026-04-01 13:15:58|gpt|web_search|10|QUESTION_SENT||2037|f33c34af-9948-415f-8e09-b8e4bacc18e6
2026-04-01 13:17:15|gpt|web_search|11|QUESTION_SENT||2191|4f6fea1f-3453-4f5b-a08e-183c62b79440
2026-04-01 13:17:23|gpt|web_search|13|QUESTION_SENT||2341|043ddfee-b2f9-4433-8a29-436ebd398f5f
2026-04-01 13:18:07|gpt|web_search|11|JSON_VERIFIED||2191|4f6fea1f-3453-4f5b-a08e-183c62b79440
2026-04-01 13:18:07|gpt|web_search|11|QUESTION|45|2191|4f6fea1f-3453-4f5b-a08e-183c62b79440
2026-04-01 13:18:07|gpt|web_search|11|JSON_SAVED||2191|4f6fea1f-3453-4f5b-a08e-183c62b79440
2026-04-01 13:18:07|gpt|web_search|11|QUESTION_ADVANCE||2192|232b80d3-76be-4e00-ae84-08369241f52e
2026-04-01 13:18:10|gpt|web_search|13|JSON_VERIFIED||2341|043ddfee-b2f9-4433-8a29-436ebd398f5f
2026-04-01 13:18:10|gpt|web_search|13|QUESTION|43|2341|043ddfee-b2f9-4433-8a29-436ebd398f5f
2026-04-01 13:18:10|gpt|web_search|13|JSON_SAVED||2341|043ddfee-b2f9-4433-8a29-436ebd398f5f
2026-04-01 13:18:10|gpt|web_search|13|QUESTION_ADVANCE||2342|27bebf20-c806-4730-9f5f-da3528bcdb47
2026-04-01 13:19:33|gpt|web_search|10|QUESTION_SENT||2037|f33c34af-9948-415f-8e09-b8e4bacc18e6
2026-04-01 13:20:20|gpt|web_search|10|JSON_VERIFIED||2037|f33c34af-9948-415f-8e09-b8e4bacc18e6
2026-04-01 13:20:20|gpt|web_search|10|QUESTION|42|2037|f33c34af-9948-415f-8e09-b8e4bacc18e6
2026-04-01 13:20:20|gpt|web_search|10|JSON_SAVED||2037|f33c34af-9948-415f-8e09-b8e4bacc18e6
2026-04-01 13:20:20|gpt|web_search|10|QUESTION_ADVANCE||2038|6e7a9f23-c025-4ef1-a68e-52609912a546
2026-04-01 13:20:52|gpt|web_search|11|QUESTION_SENT||2192|232b80d3-76be-4e00-ae84-08369241f52e
2026-04-01 13:20:56|gpt|web_search|13|QUESTION_SENT||2342|27bebf20-c806-4730-9f5f-da3528bcdb47
2026-04-01 13:21:37|gpt|web_search|11|JSON_VERIFIED||2192|232b80d3-76be-4e00-ae84-08369241f52e
2026-04-01 13:21:37|gpt|web_search|11|QUESTION|46|2192|232b80d3-76be-4e00-ae84-08369241f52e
2026-04-01 13:21:37|gpt|web_search|11|JSON_SAVED||2192|232b80d3-76be-4e00-ae84-08369241f52e
2026-04-01 13:21:37|gpt|web_search|11|QUESTION_ADVANCE||2193|2b0b781f-3555-4650-9010-5fff50702d11
2026-04-01 13:21:41|gpt|web_search|13|JSON_VERIFIED||2342|27bebf20-c806-4730-9f5f-da3528bcdb47
2026-04-01 13:21:41|gpt|web_search|13|QUESTION|44|2342|27bebf20-c806-4730-9f5f-da3528bcdb47
2026-04-01 13:21:41|gpt|web_search|13|JSON_SAVED||2342|27bebf20-c806-4730-9f5f-da3528bcdb47
2026-04-01 13:21:41|gpt|web_search|13|QUESTION_ADVANCE||2343|a1857f23-7a7c-4912-8756-e20693ca55c1
2026-04-01 13:23:08|gpt|web_search|10|QUESTION_SENT||2038|6e7a9f23-c025-4ef1-a68e-52609912a546
2026-04-01 13:23:52|gpt|web_search|10|JSON_VERIFIED||2038|6e7a9f23-c025-4ef1-a68e-52609912a546
2026-04-01 13:23:52|gpt|web_search|10|QUESTION|43|2038|6e7a9f23-c025-4ef1-a68e-52609912a546
2026-04-01 13:23:52|gpt|web_search|10|JSON_SAVED||2038|6e7a9f23-c025-4ef1-a68e-52609912a546
2026-04-01 13:23:52|gpt|web_search|10|QUESTION_ADVANCE||2039|3b387efd-f990-42f4-9ad4-b83f9ac920a2
2026-04-01 13:24:28|gpt|web_search|11|QUESTION_SENT||2193|2b0b781f-3555-4650-9010-5fff50702d11
2026-04-01 13:24:29|gpt|web_search|13|QUESTION_SENT||2343|a1857f23-7a7c-4912-8756-e20693ca55c1
2026-04-01 13:25:17|gpt|web_search|11|JSON_VERIFIED||2193|2b0b781f-3555-4650-9010-5fff50702d11
2026-04-01 13:25:17|gpt|web_search|11|QUESTION|47|2193|2b0b781f-3555-4650-9010-5fff50702d11
2026-04-01 13:25:17|gpt|web_search|11|JSON_SAVED||2193|2b0b781f-3555-4650-9010-5fff50702d11
2026-04-01 13:25:17|gpt|web_search|11|QUESTION_ADVANCE||2194|a608fc77-68f8-4105-92e0-e05a1e20b15d
2026-04-01 13:25:17|gpt|web_search|13|JSON_VERIFIED||2343|a1857f23-7a7c-4912-8756-e20693ca55c1
2026-04-01 13:25:17|gpt|web_search|13|QUESTION|45|2343|a1857f23-7a7c-4912-8756-e20693ca55c1
2026-04-01 13:25:17|gpt|web_search|13|JSON_SAVED||2343|a1857f23-7a7c-4912-8756-e20693ca55c1
2026-04-01 13:25:17|gpt|web_search|13|QUESTION_ADVANCE||2344|44e13b89-a58f-4a91-b517-cca4b0872bab
2026-04-01 13:26:43|gpt|web_search|10|QUESTION_SENT||2039|3b387efd-f990-42f4-9ad4-b83f9ac920a2
2026-04-01 13:27:29|gpt|web_search|10|JSON_VERIFIED||2039|3b387efd-f990-42f4-9ad4-b83f9ac920a2
2026-04-01 13:27:29|gpt|web_search|10|QUESTION|44|2039|3b387efd-f990-42f4-9ad4-b83f9ac920a2
2026-04-01 13:27:29|gpt|web_search|10|JSON_SAVED||2039|3b387efd-f990-42f4-9ad4-b83f9ac920a2
2026-04-01 13:27:29|gpt|web_search|10|QUESTION_ADVANCE||2040|12dc2ee2-3978-4823-b08c-74bcee30eeac
2026-04-01 13:28:02|gpt|web_search|13|QUESTION_SENT||2344|44e13b89-a58f-4a91-b517-cca4b0872bab
2026-04-01 13:28:05|gpt|web_search|11|QUESTION_SENT||2194|a608fc77-68f8-4105-92e0-e05a1e20b15d
2026-04-01 13:28:49|gpt|web_search|13|JSON_VERIFIED||2344|44e13b89-a58f-4a91-b517-cca4b0872bab
2026-04-01 13:28:49|gpt|web_search|13|QUESTION|46|2344|44e13b89-a58f-4a91-b517-cca4b0872bab
2026-04-01 13:28:49|gpt|web_search|13|JSON_SAVED||2344|44e13b89-a58f-4a91-b517-cca4b0872bab
2026-04-01 13:28:49|gpt|web_search|13|QUESTION_ADVANCE||2345|be6819c8-8a51-4ade-b846-77d361b2bf4b
2026-04-01 13:28:56|gpt|web_search|11|JSON_VERIFIED||2194|a608fc77-68f8-4105-92e0-e05a1e20b15d
2026-04-01 13:28:56|gpt|web_search|11|QUESTION|48|2194|a608fc77-68f8-4105-92e0-e05a1e20b15d
2026-04-01 13:28:56|gpt|web_search|11|JSON_SAVED||2194|a608fc77-68f8-4105-92e0-e05a1e20b15d
2026-04-01 13:28:56|gpt|web_search|11|QUESTION_ADVANCE||2195|67281c11-8d78-44cf-8fdd-eb0e4cf2641e
2026-04-01 13:30:17|gpt|web_search|10|QUESTION_SENT||2040|12dc2ee2-3978-4823-b08c-74bcee30eeac
2026-04-01 13:31:01|gpt|web_search|10|JSON_VERIFIED||2040|12dc2ee2-3978-4823-b08c-74bcee30eeac
2026-04-01 13:31:01|gpt|web_search|10|QUESTION|45|2040|12dc2ee2-3978-4823-b08c-74bcee30eeac
2026-04-01 13:31:01|gpt|web_search|10|JSON_SAVED||2040|12dc2ee2-3978-4823-b08c-74bcee30eeac
2026-04-01 13:31:01|gpt|web_search|10|QUESTION_ADVANCE||2041|5dd3f0b4-a314-421f-9b38-4efd37c4a0fe
2026-04-01 13:31:35|gpt|web_search|13|QUESTION_SENT||2345|be6819c8-8a51-4ade-b846-77d361b2bf4b
2026-04-01 13:31:42|gpt|web_search|11|QUESTION_SENT||2195|67281c11-8d78-44cf-8fdd-eb0e4cf2641e
2026-04-01 13:32:26|gpt|web_search|13|JSON_VERIFIED||2345|be6819c8-8a51-4ade-b846-77d361b2bf4b
2026-04-01 13:32:26|gpt|web_search|13|QUESTION|47|2345|be6819c8-8a51-4ade-b846-77d361b2bf4b
2026-04-01 13:32:26|gpt|web_search|13|JSON_SAVED||2345|be6819c8-8a51-4ade-b846-77d361b2bf4b
2026-04-01 13:32:26|gpt|web_search|13|QUESTION_ADVANCE||2346|0d93d63b-8f54-45f7-830a-808a283705e0
2026-04-01 13:33:52|gpt|web_search|10|QUESTION_SENT||2041|5dd3f0b4-a314-421f-9b38-4efd37c4a0fe
2026-04-01 13:34:38|gpt|web_search|10|JSON_VERIFIED||2041|5dd3f0b4-a314-421f-9b38-4efd37c4a0fe
2026-04-01 13:34:38|gpt|web_search|10|QUESTION|46|2041|5dd3f0b4-a314-421f-9b38-4efd37c4a0fe
2026-04-01 13:34:38|gpt|web_search|10|JSON_SAVED||2041|5dd3f0b4-a314-421f-9b38-4efd37c4a0fe
2026-04-01 13:34:38|gpt|web_search|10|QUESTION_ADVANCE||2042|fecc7e81-58d8-4e7e-b0ee-69d920138deb
2026-04-01 13:35:08|gpt|web_search|13|QUESTION_SENT||2346|0d93d63b-8f54-45f7-830a-808a283705e0
2026-04-01 13:35:19|gpt|web_search|11|QUESTION_SENT||2195|67281c11-8d78-44cf-8fdd-eb0e4cf2641e
2026-04-01 13:36:07|gpt|web_search|11|JSON_VERIFIED||2195|67281c11-8d78-44cf-8fdd-eb0e4cf2641e
2026-04-01 13:36:07|gpt|web_search|11|QUESTION|49|2195|67281c11-8d78-44cf-8fdd-eb0e4cf2641e
2026-04-01 13:36:07|gpt|web_search|11|JSON_SAVED||2195|67281c11-8d78-44cf-8fdd-eb0e4cf2641e
2026-04-01 13:36:07|gpt|web_search|11|QUESTION_ADVANCE||2196|015b7c0d-a568-4cf2-8063-166e59e47305
2026-04-01 13:37:27|gpt|web_search|10|QUESTION_SENT||2042|fecc7e81-58d8-4e7e-b0ee-69d920138deb
2026-04-01 13:38:11|gpt|web_search|10|JSON_VERIFIED||2042|fecc7e81-58d8-4e7e-b0ee-69d920138deb
2026-04-01 13:38:11|gpt|web_search|10|QUESTION|47|2042|fecc7e81-58d8-4e7e-b0ee-69d920138deb
2026-04-01 13:38:11|gpt|web_search|10|JSON_SAVED||2042|fecc7e81-58d8-4e7e-b0ee-69d920138deb
2026-04-01 13:38:11|gpt|web_search|10|QUESTION_ADVANCE||2043|74a65339-8b94-4674-80bf-226652c2432f
2026-04-01 13:38:41|gpt|web_search|13|QUESTION_SENT||2346|0d93d63b-8f54-45f7-830a-808a283705e0
2026-04-01 13:38:56|gpt|web_search|11|QUESTION_SENT||2196|015b7c0d-a568-4cf2-8063-166e59e47305
2026-04-01 13:39:30|gpt|web_search|13|JSON_VERIFIED||2346|0d93d63b-8f54-45f7-830a-808a283705e0
2026-04-01 13:39:30|gpt|web_search|13|QUESTION|48|2346|0d93d63b-8f54-45f7-830a-808a283705e0
2026-04-01 13:39:30|gpt|web_search|13|JSON_SAVED||2346|0d93d63b-8f54-45f7-830a-808a283705e0
2026-04-01 13:39:30|gpt|web_search|13|QUESTION_ADVANCE||2347|45151318-1227-4a55-b3aa-167c0bb83b34
2026-04-01 13:39:43|gpt|web_search|11|JSON_VERIFIED||2196|015b7c0d-a568-4cf2-8063-166e59e47305
2026-04-01 13:39:43|gpt|web_search|11|QUESTION|50|2196|015b7c0d-a568-4cf2-8063-166e59e47305
2026-04-01 13:39:43|gpt|web_search|11|JSON_SAVED||2196|015b7c0d-a568-4cf2-8063-166e59e47305
2026-04-01 13:39:43|gpt|web_search|11|QUESTION_ADVANCE||2197|7a96726f-7ee0-460c-ab85-7006ae25baa1
2026-04-01 13:41:02|gpt|web_search|10|QUESTION_SENT||2043|74a65339-8b94-4674-80bf-226652c2432f
2026-04-01 13:41:53|gpt|web_search|10|JSON_VERIFIED||2043|74a65339-8b94-4674-80bf-226652c2432f
2026-04-01 13:41:53|gpt|web_search|10|QUESTION|48|2043|74a65339-8b94-4674-80bf-226652c2432f
2026-04-01 13:41:53|gpt|web_search|10|JSON_SAVED||2043|74a65339-8b94-4674-80bf-226652c2432f
2026-04-01 13:41:53|gpt|web_search|10|QUESTION_ADVANCE||2044|bcdee51b-34ac-45f0-aa3d-ed7edb92d671
2026-04-01 13:42:14|gpt|web_search|13|QUESTION_SENT||2347|45151318-1227-4a55-b3aa-167c0bb83b34
2026-04-01 13:42:33|gpt|web_search|11|QUESTION_SENT||2197|7a96726f-7ee0-460c-ab85-7006ae25baa1
2026-04-01 13:42:59|gpt|web_search|13|JSON_VERIFIED||2347|45151318-1227-4a55-b3aa-167c0bb83b34
2026-04-01 13:42:59|gpt|web_search|13|QUESTION|49|2347|45151318-1227-4a55-b3aa-167c0bb83b34
2026-04-01 13:42:59|gpt|web_search|13|JSON_SAVED||2347|45151318-1227-4a55-b3aa-167c0bb83b34
2026-04-01 13:42:59|gpt|web_search|13|QUESTION_ADVANCE||2348|1bd763ee-6c8b-4099-ac1b-0766d112c42b
2026-04-01 13:43:20|gpt|web_search|11|JSON_VERIFIED||2197|7a96726f-7ee0-460c-ab85-7006ae25baa1
2026-04-01 13:43:20|gpt|web_search|11|QUESTION|51|2197|7a96726f-7ee0-460c-ab85-7006ae25baa1
2026-04-01 13:43:20|gpt|web_search|11|JSON_SAVED||2197|7a96726f-7ee0-460c-ab85-7006ae25baa1
2026-04-01 13:43:20|gpt|web_search|11|QUESTION_ADVANCE||2198|9a42d8ae-4531-4475-bd6b-51fc2b63e63f
2026-04-01 13:44:37|gpt|web_search|10|QUESTION_SENT||2044|bcdee51b-34ac-45f0-aa3d-ed7edb92d671
2026-04-01 13:45:28|gpt|web_search|10|JSON_VERIFIED||2044|bcdee51b-34ac-45f0-aa3d-ed7edb92d671
2026-04-01 13:45:28|gpt|web_search|10|QUESTION|49|2044|bcdee51b-34ac-45f0-aa3d-ed7edb92d671
2026-04-01 13:45:28|gpt|web_search|10|JSON_SAVED||2044|bcdee51b-34ac-45f0-aa3d-ed7edb92d671
2026-04-01 13:45:28|gpt|web_search|10|QUESTION_ADVANCE||2045|ae86cdd5-abc9-4740-a3db-e78e4943068b
2026-04-01 13:45:47|gpt|web_search|13|QUESTION_SENT||2348|1bd763ee-6c8b-4099-ac1b-0766d112c42b
2026-04-01 13:46:10|gpt|web_search|11|QUESTION_SENT||2198|9a42d8ae-4531-4475-bd6b-51fc2b63e63f
2026-04-01 13:46:35|gpt|web_search|13|JSON_VERIFIED||2348|1bd763ee-6c8b-4099-ac1b-0766d112c42b
2026-04-01 13:46:35|gpt|web_search|13|QUESTION|50|2348|1bd763ee-6c8b-4099-ac1b-0766d112c42b
2026-04-01 13:46:35|gpt|web_search|13|JSON_SAVED||2348|1bd763ee-6c8b-4099-ac1b-0766d112c42b
2026-04-01 13:46:35|gpt|web_search|13|QUESTION_ADVANCE||2349|f37915bd-09d9-40b5-932f-c6cb432fd9a6
2026-04-01 13:46:58|gpt|web_search|11|JSON_VERIFIED||2198|9a42d8ae-4531-4475-bd6b-51fc2b63e63f
2026-04-01 13:46:58|gpt|web_search|11|QUESTION|52|2198|9a42d8ae-4531-4475-bd6b-51fc2b63e63f
2026-04-01 13:46:58|gpt|web_search|11|JSON_SAVED||2198|9a42d8ae-4531-4475-bd6b-51fc2b63e63f
2026-04-01 13:46:58|gpt|web_search|11|QUESTION_ADVANCE||2199|4e71a399-34e6-449c-9833-21ba19402088
2026-04-01 13:48:12|gpt|web_search|10|QUESTION_SENT||2045|ae86cdd5-abc9-4740-a3db-e78e4943068b
2026-04-01 13:48:55|gpt|web_search|10|JSON_VERIFIED||2045|ae86cdd5-abc9-4740-a3db-e78e4943068b
2026-04-01 13:48:55|gpt|web_search|10|QUESTION|50|2045|ae86cdd5-abc9-4740-a3db-e78e4943068b
2026-04-01 13:48:55|gpt|web_search|10|JSON_SAVED||2045|ae86cdd5-abc9-4740-a3db-e78e4943068b
2026-04-01 13:48:55|gpt|web_search|10|QUESTION_ADVANCE||2046|e63a864e-2f40-4336-80c8-82af474a95c5
2026-04-01 13:49:20|gpt|web_search|13|QUESTION_SENT||2349|f37915bd-09d9-40b5-932f-c6cb432fd9a6
2026-04-01 13:49:47|gpt|web_search|11|QUESTION_SENT||2199|4e71a399-34e6-449c-9833-21ba19402088
2026-04-01 13:50:05|gpt|web_search|13|JSON_VERIFIED||2349|f37915bd-09d9-40b5-932f-c6cb432fd9a6
2026-04-01 13:50:05|gpt|web_search|13|QUESTION|51|2349|f37915bd-09d9-40b5-932f-c6cb432fd9a6
2026-04-01 13:50:05|gpt|web_search|13|JSON_SAVED||2349|f37915bd-09d9-40b5-932f-c6cb432fd9a6
2026-04-01 13:50:05|gpt|web_search|13|QUESTION_ADVANCE||2350|ce7a5777-939c-40e2-9933-967543562e7e
2026-04-01 13:50:41|gpt|web_search|11|JSON_VERIFIED||2199|4e71a399-34e6-449c-9833-21ba19402088
2026-04-01 13:50:41|gpt|web_search|11|QUESTION|53|2199|4e71a399-34e6-449c-9833-21ba19402088
2026-04-01 13:50:41|gpt|web_search|11|JSON_SAVED||2199|4e71a399-34e6-449c-9833-21ba19402088
2026-04-01 13:50:41|gpt|web_search|11|QUESTION_ADVANCE||2200|9db0db06-7415-46ce-be13-c5f22cd582e5
2026-04-01 13:51:47|gpt|web_search|10|QUESTION_SENT||2046|e63a864e-2f40-4336-80c8-82af474a95c5
2026-04-01 13:52:37|gpt|web_search|10|JSON_VERIFIED||2046|e63a864e-2f40-4336-80c8-82af474a95c5
2026-04-01 13:52:37|gpt|web_search|10|QUESTION|51|2046|e63a864e-2f40-4336-80c8-82af474a95c5
2026-04-01 13:52:37|gpt|web_search|10|JSON_SAVED||2046|e63a864e-2f40-4336-80c8-82af474a95c5
2026-04-01 13:52:37|gpt|web_search|10|QUESTION_ADVANCE||2047|7551811c-664d-44a4-a95a-4f2de0e5fb26
2026-04-01 13:52:53|gpt|web_search|13|QUESTION_SENT||2350|ce7a5777-939c-40e2-9933-967543562e7e
2026-04-01 13:53:24|gpt|web_search|11|QUESTION_SENT||2200|9db0db06-7415-46ce-be13-c5f22cd582e5
2026-04-01 13:53:41|gpt|web_search|13|JSON_VERIFIED||2350|ce7a5777-939c-40e2-9933-967543562e7e
2026-04-01 13:53:41|gpt|web_search|13|QUESTION|52|2350|ce7a5777-939c-40e2-9933-967543562e7e
2026-04-01 13:53:41|gpt|web_search|13|JSON_SAVED||2350|ce7a5777-939c-40e2-9933-967543562e7e
2026-04-01 13:53:41|gpt|web_search|13|QUESTION_ADVANCE||2351|6c99e5db-ee52-461d-b65a-9233e328cfe8
2026-04-01 13:54:15|gpt|web_search|11|JSON_VERIFIED||2200|9db0db06-7415-46ce-be13-c5f22cd582e5
2026-04-01 13:54:15|gpt|web_search|11|QUESTION|54|2200|9db0db06-7415-46ce-be13-c5f22cd582e5
2026-04-01 13:54:15|gpt|web_search|11|JSON_SAVED||2200|9db0db06-7415-46ce-be13-c5f22cd582e5
2026-04-01 13:54:15|gpt|web_search|11|QUESTION_ADVANCE||2201|d99fd629-a639-4546-b74e-7224c5248f11
2026-04-01 13:55:23|gpt|web_search|10|QUESTION_SENT||2047|7551811c-664d-44a4-a95a-4f2de0e5fb26
2026-04-01 13:56:12|gpt|web_search|10|JSON_VERIFIED||2047|7551811c-664d-44a4-a95a-4f2de0e5fb26
2026-04-01 13:56:12|gpt|web_search|10|QUESTION|52|2047|7551811c-664d-44a4-a95a-4f2de0e5fb26
2026-04-01 13:56:12|gpt|web_search|10|JSON_SAVED||2047|7551811c-664d-44a4-a95a-4f2de0e5fb26
2026-04-01 13:56:12|gpt|web_search|10|QUESTION_ADVANCE||2048|13c7d852-acd3-47a0-ac10-7cee18deca87
2026-04-01 13:56:26|gpt|web_search|13|QUESTION_SENT||2351|6c99e5db-ee52-461d-b65a-9233e328cfe8
2026-04-01 13:57:01|gpt|web_search|11|QUESTION_SENT||2201|d99fd629-a639-4546-b74e-7224c5248f11
2026-04-01 13:57:11|gpt|web_search|13|JSON_VERIFIED||2351|6c99e5db-ee52-461d-b65a-9233e328cfe8
2026-04-01 13:57:11|gpt|web_search|13|QUESTION|53|2351|6c99e5db-ee52-461d-b65a-9233e328cfe8
2026-04-01 13:57:11|gpt|web_search|13|JSON_SAVED||2351|6c99e5db-ee52-461d-b65a-9233e328cfe8
2026-04-01 13:57:11|gpt|web_search|13|QUESTION_ADVANCE||2352|949c5f2d-32a4-4ee5-b587-e13c194ad3dc
2026-04-01 13:57:44|gpt|web_search|11|JSON_VERIFIED||2201|d99fd629-a639-4546-b74e-7224c5248f11
2026-04-01 13:57:44|gpt|web_search|11|QUESTION|55|2201|d99fd629-a639-4546-b74e-7224c5248f11
2026-04-01 13:57:44|gpt|web_search|11|JSON_SAVED||2201|d99fd629-a639-4546-b74e-7224c5248f11
2026-04-01 13:57:44|gpt|web_search|11|QUESTION_ADVANCE||2202|26473ddf-cf8a-4d73-aee0-d69a86ed0a26
2026-04-01 13:58:58|gpt|web_search|10|QUESTION_SENT||2048|13c7d852-acd3-47a0-ac10-7cee18deca87
2026-04-01 13:59:50|gpt|web_search|10|JSON_VERIFIED||2048|13c7d852-acd3-47a0-ac10-7cee18deca87
2026-04-01 13:59:50|gpt|web_search|10|QUESTION|53|2048|13c7d852-acd3-47a0-ac10-7cee18deca87
2026-04-01 13:59:50|gpt|web_search|10|JSON_SAVED||2048|13c7d852-acd3-47a0-ac10-7cee18deca87
2026-04-01 13:59:50|gpt|web_search|10|QUESTION_ADVANCE||2049|db69d06b-1be0-4b0e-82d1-7128aef3ec21
2026-04-01 13:59:59|gpt|web_search|13|QUESTION_SENT||2352|949c5f2d-32a4-4ee5-b587-e13c194ad3dc
2026-04-01 14:00:38|gpt|web_search|11|QUESTION_SENT||2202|26473ddf-cf8a-4d73-aee0-d69a86ed0a26
2026-04-01 14:00:47|gpt|web_search|13|JSON_VERIFIED||2352|949c5f2d-32a4-4ee5-b587-e13c194ad3dc
2026-04-01 14:00:47|gpt|web_search|13|QUESTION|54|2352|949c5f2d-32a4-4ee5-b587-e13c194ad3dc
2026-04-01 14:00:47|gpt|web_search|13|JSON_SAVED||2352|949c5f2d-32a4-4ee5-b587-e13c194ad3dc
2026-04-01 14:00:47|gpt|web_search|13|QUESTION_ADVANCE||2353|f3ddc868-2eff-4db7-83c5-501a32fde361
2026-04-01 14:01:25|gpt|web_search|11|JSON_VERIFIED||2202|26473ddf-cf8a-4d73-aee0-d69a86ed0a26
2026-04-01 14:01:25|gpt|web_search|11|QUESTION|56|2202|26473ddf-cf8a-4d73-aee0-d69a86ed0a26
2026-04-01 14:01:25|gpt|web_search|11|JSON_SAVED||2202|26473ddf-cf8a-4d73-aee0-d69a86ed0a26
2026-04-01 14:01:25|gpt|web_search|11|QUESTION_ADVANCE||2203|0ef0811d-6ab5-4460-8d37-7f5ca2d70908
2026-04-01 14:02:33|gpt|web_search|10|QUESTION_SENT||2049|db69d06b-1be0-4b0e-82d1-7128aef3ec21
2026-04-01 14:03:27|gpt|web_search|10|JSON_VERIFIED||2049|db69d06b-1be0-4b0e-82d1-7128aef3ec21
2026-04-01 14:03:27|gpt|web_search|10|QUESTION|54|2049|db69d06b-1be0-4b0e-82d1-7128aef3ec21
2026-04-01 14:03:27|gpt|web_search|10|JSON_SAVED||2049|db69d06b-1be0-4b0e-82d1-7128aef3ec21
2026-04-01 14:03:27|gpt|web_search|10|QUESTION_ADVANCE||2050|010f33a5-a0ed-43c2-aa8d-d9b6b9d0d69d
2026-04-01 14:03:31|gpt|web_search|13|QUESTION_SENT||2353|f3ddc868-2eff-4db7-83c5-501a32fde361
2026-04-01 14:04:15|gpt|web_search|11|QUESTION_SENT||2203|0ef0811d-6ab5-4460-8d37-7f5ca2d70908
2026-04-01 14:04:21|gpt|web_search|13|JSON_VERIFIED||2353|f3ddc868-2eff-4db7-83c5-501a32fde361
2026-04-01 14:04:21|gpt|web_search|13|QUESTION|55|2353|f3ddc868-2eff-4db7-83c5-501a32fde361
2026-04-01 14:04:21|gpt|web_search|13|JSON_SAVED||2353|f3ddc868-2eff-4db7-83c5-501a32fde361
2026-04-01 14:04:21|gpt|web_search|13|QUESTION_ADVANCE||2354|27e37985-fb7d-4d49-a54d-a66e72c67719
2026-04-01 14:04:59|gpt|web_search|11|JSON_VERIFIED||2203|0ef0811d-6ab5-4460-8d37-7f5ca2d70908
2026-04-01 14:04:59|gpt|web_search|11|QUESTION|57|2203|0ef0811d-6ab5-4460-8d37-7f5ca2d70908
2026-04-01 14:04:59|gpt|web_search|11|JSON_SAVED||2203|0ef0811d-6ab5-4460-8d37-7f5ca2d70908
2026-04-01 14:04:59|gpt|web_search|11|QUESTION_ADVANCE||2204|89d4ee99-2fe1-4919-a0f3-bf43102ec122
2026-04-01 14:06:08|gpt|web_search|10|QUESTION_SENT||2050|010f33a5-a0ed-43c2-aa8d-d9b6b9d0d69d
2026-04-01 14:06:54|gpt|web_search|10|JSON_VERIFIED||2050|010f33a5-a0ed-43c2-aa8d-d9b6b9d0d69d
2026-04-01 14:06:54|gpt|web_search|10|QUESTION|55|2050|010f33a5-a0ed-43c2-aa8d-d9b6b9d0d69d
2026-04-01 14:06:54|gpt|web_search|10|JSON_SAVED||2050|010f33a5-a0ed-43c2-aa8d-d9b6b9d0d69d
2026-04-01 14:06:54|gpt|web_search|10|QUESTION_ADVANCE||2051|0ee2e2a3-b836-4c2c-b258-296841f5a759
2026-04-01 14:07:04|gpt|web_search|13|QUESTION_SENT||2354|27e37985-fb7d-4d49-a54d-a66e72c67719
2026-04-01 14:07:52|gpt|web_search|11|QUESTION_SENT||2204|89d4ee99-2fe1-4919-a0f3-bf43102ec122
2026-04-01 14:07:54|gpt|web_search|13|JSON_VERIFIED||2354|27e37985-fb7d-4d49-a54d-a66e72c67719
2026-04-01 14:07:54|gpt|web_search|13|QUESTION|56|2354|27e37985-fb7d-4d49-a54d-a66e72c67719
2026-04-01 14:07:54|gpt|web_search|13|JSON_SAVED||2354|27e37985-fb7d-4d49-a54d-a66e72c67719
2026-04-01 14:07:54|gpt|web_search|13|QUESTION_ADVANCE||2355|dab51832-1035-43aa-a1ca-c6a2803666b9
2026-04-01 14:08:33|gpt|web_search|11|JSON_VERIFY_FAILED||2204|89d4ee99-2fe1-4919-a0f3-bf43102ec122
2026-04-01 14:08:33|gpt|web_search|11|QUESTION|58|2204|89d4ee99-2fe1-4919-a0f3-bf43102ec122
2026-04-01 14:08:43|gpt|web_search|11|QUESTION_SENT||2204|89d4ee99-2fe1-4919-a0f3-bf43102ec122
2026-04-01 14:09:19|gpt|web_search|11|JSON_VERIFIED||2204|89d4ee99-2fe1-4919-a0f3-bf43102ec122
2026-04-01 14:09:19|gpt|web_search|11|QUESTION|59|2204|89d4ee99-2fe1-4919-a0f3-bf43102ec122
2026-04-01 14:09:19|gpt|web_search|11|JSON_SAVED||2204|89d4ee99-2fe1-4919-a0f3-bf43102ec122
2026-04-01 14:09:19|gpt|web_search|11|QUESTION_ADVANCE||2205|8327ab05-56e3-4a9d-937b-069f6c417851
2026-04-01 14:09:42|gpt|web_search|10|QUESTION_SENT||2051|0ee2e2a3-b836-4c2c-b258-296841f5a759
2026-04-01 14:10:28|gpt|web_search|10|JSON_VERIFIED||2051|0ee2e2a3-b836-4c2c-b258-296841f5a759
2026-04-01 14:10:28|gpt|web_search|10|QUESTION|56|2051|0ee2e2a3-b836-4c2c-b258-296841f5a759
2026-04-01 14:10:28|gpt|web_search|10|JSON_SAVED||2051|0ee2e2a3-b836-4c2c-b258-296841f5a759
2026-04-01 14:10:28|gpt|web_search|10|QUESTION_ADVANCE||2052|10c4b163-a442-4159-8923-cdb0911b81f4
2026-04-01 14:10:37|gpt|web_search|13|QUESTION_SENT||2355|dab51832-1035-43aa-a1ca-c6a2803666b9
2026-04-01 14:11:33|gpt|web_search|13|JSON_VERIFIED||2355|dab51832-1035-43aa-a1ca-c6a2803666b9
2026-04-01 14:11:33|gpt|web_search|13|QUESTION|57|2355|dab51832-1035-43aa-a1ca-c6a2803666b9
2026-04-01 14:11:33|gpt|web_search|13|JSON_SAVED||2355|dab51832-1035-43aa-a1ca-c6a2803666b9
2026-04-01 14:11:33|gpt|web_search|13|QUESTION_ADVANCE||2356|5dea2293-10bd-4880-9d19-968423b07878
2026-04-01 14:12:20|gpt|web_search|11|QUESTION_SENT||2205|8327ab05-56e3-4a9d-937b-069f6c417851
2026-04-01 14:13:15|gpt|web_search|11|JSON_VERIFIED||2205|8327ab05-56e3-4a9d-937b-069f6c417851
2026-04-01 14:13:15|gpt|web_search|11|QUESTION|60|2205|8327ab05-56e3-4a9d-937b-069f6c417851
2026-04-01 14:13:15|gpt|web_search|11|JSON_SAVED||2205|8327ab05-56e3-4a9d-937b-069f6c417851
2026-04-01 14:13:15|gpt|web_search|11|QUESTION_ADVANCE||2206|507349f2-27b3-43a8-b24c-c2fb5e3ef6ff
2026-04-01 14:13:17|gpt|web_search|10|QUESTION_SENT||2052|10c4b163-a442-4159-8923-cdb0911b81f4
2026-04-01 14:14:07|gpt|web_search|10|JSON_VERIFIED||2052|10c4b163-a442-4159-8923-cdb0911b81f4
2026-04-01 14:14:07|gpt|web_search|10|QUESTION|57|2052|10c4b163-a442-4159-8923-cdb0911b81f4
2026-04-01 14:14:07|gpt|web_search|10|JSON_SAVED||2052|10c4b163-a442-4159-8923-cdb0911b81f4
2026-04-01 14:14:07|gpt|web_search|10|QUESTION_ADVANCE||2053|bd631f8b-2547-4193-8d2f-a674b66cd6e1
2026-04-01 14:14:10|gpt|web_search|13|QUESTION_SENT||2356|5dea2293-10bd-4880-9d19-968423b07878
2026-04-01 14:15:01|gpt|web_search|13|JSON_VERIFIED||2356|5dea2293-10bd-4880-9d19-968423b07878
2026-04-01 14:15:01|gpt|web_search|13|QUESTION|58|2356|5dea2293-10bd-4880-9d19-968423b07878
2026-04-01 14:15:01|gpt|web_search|13|JSON_SAVED||2356|5dea2293-10bd-4880-9d19-968423b07878
2026-04-01 14:15:01|gpt|web_search|13|QUESTION_ADVANCE||2357|481a33f5-6c24-4575-8c12-0a965ec9fb6e
2026-04-01 14:15:57|gpt|web_search|11|QUESTION_SENT||2206|507349f2-27b3-43a8-b24c-c2fb5e3ef6ff
2026-04-01 14:16:52|gpt|web_search|10|QUESTION_SENT||2053|bd631f8b-2547-4193-8d2f-a674b66cd6e1
2026-04-01 14:16:58|gpt|web_search|11|JSON_VERIFIED||2206|507349f2-27b3-43a8-b24c-c2fb5e3ef6ff
2026-04-01 14:16:58|gpt|web_search|11|QUESTION|61|2206|507349f2-27b3-43a8-b24c-c2fb5e3ef6ff
2026-04-01 14:16:58|gpt|web_search|11|JSON_SAVED||2206|507349f2-27b3-43a8-b24c-c2fb5e3ef6ff
2026-04-01 14:16:58|gpt|web_search|11|QUESTION_ADVANCE||2207|29f81362-f3ae-4a6a-8ba5-c02dcc2bda28
2026-04-01 14:17:38|gpt|web_search|10|JSON_VERIFIED||2053|bd631f8b-2547-4193-8d2f-a674b66cd6e1
2026-04-01 14:17:38|gpt|web_search|10|QUESTION|58|2053|bd631f8b-2547-4193-8d2f-a674b66cd6e1
2026-04-01 14:17:38|gpt|web_search|10|JSON_SAVED||2053|bd631f8b-2547-4193-8d2f-a674b66cd6e1
2026-04-01 14:17:38|gpt|web_search|10|QUESTION_ADVANCE||2054|bd14813b-617f-471c-9b65-cd9324ebc593
2026-04-01 14:17:43|gpt|web_search|13|QUESTION_SENT||2357|481a33f5-6c24-4575-8c12-0a965ec9fb6e
2026-04-01 14:18:40|gpt|web_search|13|JSON_VERIFIED||2357|481a33f5-6c24-4575-8c12-0a965ec9fb6e
2026-04-01 14:18:40|gpt|web_search|13|QUESTION|59|2357|481a33f5-6c24-4575-8c12-0a965ec9fb6e
2026-04-01 14:18:40|gpt|web_search|13|JSON_SAVED||2357|481a33f5-6c24-4575-8c12-0a965ec9fb6e
2026-04-01 14:18:40|gpt|web_search|13|QUESTION_ADVANCE||2358|97408ecc-3036-4f23-8871-c8b10dcf2f01
2026-04-01 14:19:34|gpt|web_search|11|QUESTION_SENT||2207|29f81362-f3ae-4a6a-8ba5-c02dcc2bda28
2026-04-01 14:20:25|gpt|web_search|11|JSON_VERIFIED||2207|29f81362-f3ae-4a6a-8ba5-c02dcc2bda28
2026-04-01 14:20:25|gpt|web_search|11|QUESTION|62|2207|29f81362-f3ae-4a6a-8ba5-c02dcc2bda28
2026-04-01 14:20:25|gpt|web_search|11|JSON_SAVED||2207|29f81362-f3ae-4a6a-8ba5-c02dcc2bda28
2026-04-01 14:20:25|gpt|web_search|11|QUESTION_ADVANCE||2208|aeff6c80-5804-42f2-80f2-f7a8413ba12b
2026-04-01 14:20:27|gpt|web_search|10|QUESTION_SENT||2054|bd14813b-617f-471c-9b65-cd9324ebc593
2026-04-01 14:21:17|gpt|web_search|13|QUESTION_SENT||2358|97408ecc-3036-4f23-8871-c8b10dcf2f01
2026-04-01 14:21:22|gpt|web_search|10|JSON_VERIFIED||2054|bd14813b-617f-471c-9b65-cd9324ebc593
2026-04-01 14:21:22|gpt|web_search|10|QUESTION|59|2054|bd14813b-617f-471c-9b65-cd9324ebc593
2026-04-01 14:21:22|gpt|web_search|10|JSON_SAVED||2054|bd14813b-617f-471c-9b65-cd9324ebc593
2026-04-01 14:21:22|gpt|web_search|10|QUESTION_ADVANCE||2055|621fe207-c351-4a56-823c-47f4b32a2df1
2026-04-01 14:22:02|gpt|web_search|13|JSON_VERIFIED||2358|97408ecc-3036-4f23-8871-c8b10dcf2f01
2026-04-01 14:22:02|gpt|web_search|13|QUESTION|60|2358|97408ecc-3036-4f23-8871-c8b10dcf2f01
2026-04-01 14:22:02|gpt|web_search|13|JSON_SAVED||2358|97408ecc-3036-4f23-8871-c8b10dcf2f01
2026-04-01 14:22:02|gpt|web_search|13|QUESTION_ADVANCE||2359|7b1363ab-6d1b-4c1e-81f2-6d34b94f8929
2026-04-01 14:23:11|gpt|web_search|11|QUESTION_SENT||2208|aeff6c80-5804-42f2-80f2-f7a8413ba12b
2026-04-01 14:24:02|gpt|web_search|11|JSON_VERIFIED||2208|aeff6c80-5804-42f2-80f2-f7a8413ba12b
2026-04-01 14:24:02|gpt|web_search|11|QUESTION|63|2208|aeff6c80-5804-42f2-80f2-f7a8413ba12b
2026-04-01 14:24:02|gpt|web_search|11|JSON_SAVED||2208|aeff6c80-5804-42f2-80f2-f7a8413ba12b
2026-04-01 14:24:02|gpt|web_search|11|QUESTION_ADVANCE||2209|8bd602fe-97fd-4f4d-974e-63453dbb4e3f
2026-04-01 14:24:02|gpt|web_search|10|QUESTION_SENT||2055|621fe207-c351-4a56-823c-47f4b32a2df1
2026-04-01 14:24:47|gpt|web_search|10|JSON_VERIFIED||2055|621fe207-c351-4a56-823c-47f4b32a2df1
2026-04-01 14:24:47|gpt|web_search|10|QUESTION|60|2055|621fe207-c351-4a56-823c-47f4b32a2df1
2026-04-01 14:24:47|gpt|web_search|10|JSON_SAVED||2055|621fe207-c351-4a56-823c-47f4b32a2df1
2026-04-01 14:24:47|gpt|web_search|10|QUESTION_ADVANCE||2056|12805786-d425-47fd-a9c8-9dbb2a168ed9
2026-04-01 14:24:49|gpt|web_search|13|QUESTION_SENT||2359|7b1363ab-6d1b-4c1e-81f2-6d34b94f8929
2026-04-01 14:25:49|gpt|web_search|13|JSON_VERIFIED||2359|7b1363ab-6d1b-4c1e-81f2-6d34b94f8929
2026-04-01 14:25:49|gpt|web_search|13|QUESTION|61|2359|7b1363ab-6d1b-4c1e-81f2-6d34b94f8929
2026-04-01 14:25:49|gpt|web_search|13|JSON_SAVED||2359|7b1363ab-6d1b-4c1e-81f2-6d34b94f8929
2026-04-01 14:25:49|gpt|web_search|13|QUESTION_ADVANCE||2360|ec595b0e-cee5-44f6-ac0b-cd2c26b9baf2
2026-04-01 14:27:00|gpt|web_search|11|QUESTION_SENT||2209|8bd602fe-97fd-4f4d-974e-63453dbb4e3f
2026-04-01 14:27:37|gpt|web_search|10|QUESTION_SENT||2056|12805786-d425-47fd-a9c8-9dbb2a168ed9
2026-04-01 14:27:47|gpt|web_search|11|JSON_VERIFIED||2209|8bd602fe-97fd-4f4d-974e-63453dbb4e3f
2026-04-01 14:27:47|gpt|web_search|11|QUESTION|64|2209|8bd602fe-97fd-4f4d-974e-63453dbb4e3f
2026-04-01 14:27:47|gpt|web_search|11|JSON_SAVED||2209|8bd602fe-97fd-4f4d-974e-63453dbb4e3f
2026-04-01 14:27:47|gpt|web_search|11|QUESTION_ADVANCE||2210|184f733b-44e8-438e-af23-4cb2538c24cd
2026-04-01 14:28:22|gpt|web_search|13|QUESTION_SENT||2360|ec595b0e-cee5-44f6-ac0b-cd2c26b9baf2
2026-04-01 14:28:26|gpt|web_search|10|JSON_VERIFIED||2056|12805786-d425-47fd-a9c8-9dbb2a168ed9
2026-04-01 14:28:26|gpt|web_search|10|QUESTION|61|2056|12805786-d425-47fd-a9c8-9dbb2a168ed9
2026-04-01 14:28:26|gpt|web_search|10|JSON_SAVED||2056|12805786-d425-47fd-a9c8-9dbb2a168ed9
2026-04-01 14:28:26|gpt|web_search|10|QUESTION_ADVANCE||2057|e04923b9-471c-4089-85fc-97714d33975e
2026-04-01 14:29:12|gpt|web_search|13|JSON_VERIFIED||2360|ec595b0e-cee5-44f6-ac0b-cd2c26b9baf2
2026-04-01 14:29:12|gpt|web_search|13|QUESTION|62|2360|ec595b0e-cee5-44f6-ac0b-cd2c26b9baf2
2026-04-01 14:29:12|gpt|web_search|13|JSON_SAVED||2360|ec595b0e-cee5-44f6-ac0b-cd2c26b9baf2
2026-04-01 14:29:12|gpt|web_search|13|QUESTION_ADVANCE||2361|daa0d47e-f5ca-49b3-9fe1-426040191212
2026-04-01 14:30:37|gpt|web_search|11|QUESTION_SENT||2210|184f733b-44e8-438e-af23-4cb2538c24cd
2026-04-01 14:31:12|gpt|web_search|10|QUESTION_SENT||2057|e04923b9-471c-4089-85fc-97714d33975e
2026-04-01 14:31:32|gpt|web_search|11|JSON_VERIFIED||2210|184f733b-44e8-438e-af23-4cb2538c24cd
2026-04-01 14:31:32|gpt|web_search|11|QUESTION|65|2210|184f733b-44e8-438e-af23-4cb2538c24cd
2026-04-01 14:31:32|gpt|web_search|11|JSON_SAVED||2210|184f733b-44e8-438e-af23-4cb2538c24cd
2026-04-01 14:31:32|gpt|web_search|11|QUESTION_ADVANCE||2211|53251326-6243-47f8-8c8a-f2bb23cca58e
2026-04-01 14:31:56|gpt|web_search|13|QUESTION_SENT||2361|daa0d47e-f5ca-49b3-9fe1-426040191212
2026-04-01 14:31:56|gpt|web_search|10|JSON_VERIFIED||2057|e04923b9-471c-4089-85fc-97714d33975e
2026-04-01 14:31:56|gpt|web_search|10|QUESTION|62|2057|e04923b9-471c-4089-85fc-97714d33975e
2026-04-01 14:31:56|gpt|web_search|10|JSON_SAVED||2057|e04923b9-471c-4089-85fc-97714d33975e
2026-04-01 14:31:56|gpt|web_search|10|QUESTION_ADVANCE||2058|fa35ca6e-5db2-49f4-8803-a3a3834b7c7b
2026-04-01 14:32:31|gpt|web_search|13|JSON_VERIFY_FAILED||2361|daa0d47e-f5ca-49b3-9fe1-426040191212
2026-04-01 14:32:31|gpt|web_search|13|QUESTION|63|2361|daa0d47e-f5ca-49b3-9fe1-426040191212
2026-04-01 14:32:41|gpt|web_search|13|QUESTION_SENT||2361|daa0d47e-f5ca-49b3-9fe1-426040191212
2026-04-01 14:33:12|gpt|web_search|13|JSON_VERIFIED||2361|daa0d47e-f5ca-49b3-9fe1-426040191212
2026-04-01 14:33:12|gpt|web_search|13|QUESTION|64|2361|daa0d47e-f5ca-49b3-9fe1-426040191212
2026-04-01 14:33:12|gpt|web_search|13|JSON_SAVED||2361|daa0d47e-f5ca-49b3-9fe1-426040191212
2026-04-01 14:33:12|gpt|web_search|13|QUESTION_ADVANCE||2362|7c73e20c-abbe-4cf9-a77a-7a68bd5261a0
2026-04-01 14:34:14|gpt|web_search|11|QUESTION_SENT||2211|53251326-6243-47f8-8c8a-f2bb23cca58e
2026-04-01 14:34:47|gpt|web_search|10|QUESTION_SENT||2058|fa35ca6e-5db2-49f4-8803-a3a3834b7c7b
2026-04-01 14:35:06|gpt|web_search|11|JSON_VERIFIED||2211|53251326-6243-47f8-8c8a-f2bb23cca58e
2026-04-01 14:35:06|gpt|web_search|11|QUESTION|66|2211|53251326-6243-47f8-8c8a-f2bb23cca58e
2026-04-01 14:35:06|gpt|web_search|11|JSON_SAVED||2211|53251326-6243-47f8-8c8a-f2bb23cca58e
2026-04-01 14:35:06|gpt|web_search|11|QUESTION_ADVANCE||2212|5a2f4ee3-6537-44ef-b735-31acef6209af
2026-04-01 14:35:35|gpt|web_search|10|JSON_VERIFIED||2058|fa35ca6e-5db2-49f4-8803-a3a3834b7c7b
2026-04-01 14:35:35|gpt|web_search|10|QUESTION|63|2058|fa35ca6e-5db2-49f4-8803-a3a3834b7c7b
2026-04-01 14:35:35|gpt|web_search|10|JSON_SAVED||2058|fa35ca6e-5db2-49f4-8803-a3a3834b7c7b
2026-04-01 14:35:35|gpt|web_search|10|QUESTION_ADVANCE||2059|d7a88601-c070-4156-9560-e169eb3f2482
2026-04-01 14:36:14|gpt|web_search|13|QUESTION_SENT||2362|7c73e20c-abbe-4cf9-a77a-7a68bd5261a0
2026-04-01 14:37:02|gpt|web_search|13|JSON_VERIFIED||2362|7c73e20c-abbe-4cf9-a77a-7a68bd5261a0
2026-04-01 14:37:02|gpt|web_search|13|QUESTION|65|2362|7c73e20c-abbe-4cf9-a77a-7a68bd5261a0
2026-04-01 14:37:02|gpt|web_search|13|JSON_SAVED||2362|7c73e20c-abbe-4cf9-a77a-7a68bd5261a0
2026-04-01 14:37:02|gpt|web_search|13|QUESTION_ADVANCE||2363|11efba91-2a91-4dda-a7c1-c6e1268264e2
2026-04-01 14:37:51|gpt|web_search|11|QUESTION_SENT||2212|5a2f4ee3-6537-44ef-b735-31acef6209af
2026-04-01 14:38:22|gpt|web_search|10|QUESTION_SENT||2059|d7a88601-c070-4156-9560-e169eb3f2482
2026-04-01 14:38:45|gpt|web_search|11|JSON_VERIFIED||2212|5a2f4ee3-6537-44ef-b735-31acef6209af
2026-04-01 14:38:45|gpt|web_search|11|QUESTION|67|2212|5a2f4ee3-6537-44ef-b735-31acef6209af
2026-04-01 14:38:45|gpt|web_search|11|JSON_SAVED||2212|5a2f4ee3-6537-44ef-b735-31acef6209af
2026-04-01 14:38:45|gpt|web_search|11|QUESTION_ADVANCE||2213|303b99e9-5991-4445-8d1d-d657cb3d9a1d
2026-04-01 14:39:24|gpt|web_search|10|JSON_VERIFIED||2059|d7a88601-c070-4156-9560-e169eb3f2482
2026-04-01 14:39:24|gpt|web_search|10|QUESTION|64|2059|d7a88601-c070-4156-9560-e169eb3f2482
2026-04-01 14:39:24|gpt|web_search|10|JSON_SAVED||2059|d7a88601-c070-4156-9560-e169eb3f2482
2026-04-01 14:39:24|gpt|web_search|10|QUESTION_ADVANCE||2060|6ab02d02-9c77-43e1-8943-d6f5c7be535c
2026-04-01 14:39:47|gpt|web_search|13|QUESTION_SENT||2363|11efba91-2a91-4dda-a7c1-c6e1268264e2
2026-04-01 14:40:32|gpt|web_search|13|JSON_VERIFIED||2363|11efba91-2a91-4dda-a7c1-c6e1268264e2
2026-04-01 14:40:32|gpt|web_search|13|QUESTION|66|2363|11efba91-2a91-4dda-a7c1-c6e1268264e2
2026-04-01 14:40:32|gpt|web_search|13|JSON_SAVED||2363|11efba91-2a91-4dda-a7c1-c6e1268264e2
2026-04-01 14:40:32|gpt|web_search|13|QUESTION_ADVANCE||2364|410d0def-d7ec-470e-8200-31e943d3266b
2026-04-01 14:41:28|gpt|web_search|11|QUESTION_SENT||2213|303b99e9-5991-4445-8d1d-d657cb3d9a1d
2026-04-01 14:41:57|gpt|web_search|10|QUESTION_SENT||2060|6ab02d02-9c77-43e1-8943-d6f5c7be535c
2026-04-01 14:42:14|gpt|web_search|11|JSON_VERIFIED||2213|303b99e9-5991-4445-8d1d-d657cb3d9a1d
2026-04-01 14:42:14|gpt|web_search|11|QUESTION|68|2213|303b99e9-5991-4445-8d1d-d657cb3d9a1d
2026-04-01 14:42:14|gpt|web_search|11|JSON_SAVED||2213|303b99e9-5991-4445-8d1d-d657cb3d9a1d
2026-04-01 14:42:14|gpt|web_search|11|QUESTION_ADVANCE||2214|a8cb488b-d890-4516-be04-b8670fae5d79
2026-04-01 14:42:55|gpt|web_search|10|JSON_VERIFIED||2060|6ab02d02-9c77-43e1-8943-d6f5c7be535c
2026-04-01 14:42:55|gpt|web_search|10|QUESTION|65|2060|6ab02d02-9c77-43e1-8943-d6f5c7be535c
2026-04-01 14:42:55|gpt|web_search|10|JSON_SAVED||2060|6ab02d02-9c77-43e1-8943-d6f5c7be535c
2026-04-01 14:42:55|gpt|web_search|10|QUESTION_ADVANCE||2061|8d5bd05e-5f00-44cc-818c-1648d329b878
2026-04-01 14:43:20|gpt|web_search|13|QUESTION_SENT||2364|410d0def-d7ec-470e-8200-31e943d3266b
2026-04-01 14:44:08|gpt|web_search|13|JSON_VERIFIED||2364|410d0def-d7ec-470e-8200-31e943d3266b
2026-04-01 14:44:08|gpt|web_search|13|QUESTION|67|2364|410d0def-d7ec-470e-8200-31e943d3266b
2026-04-01 14:44:08|gpt|web_search|13|JSON_SAVED||2364|410d0def-d7ec-470e-8200-31e943d3266b
2026-04-01 14:44:08|gpt|web_search|13|QUESTION_ADVANCE||2365|ce896a2d-f7ab-474f-85ca-ffbcefc75a5b
2026-04-01 14:45:04|gpt|web_search|11|QUESTION_SENT||2214|a8cb488b-d890-4516-be04-b8670fae5d79
2026-04-01 14:45:32|gpt|web_search|10|QUESTION_SENT||2061|8d5bd05e-5f00-44cc-818c-1648d329b878
2026-04-01 14:45:57|gpt|web_search|11|JSON_VERIFIED||2214|a8cb488b-d890-4516-be04-b8670fae5d79
2026-04-01 14:45:57|gpt|web_search|11|QUESTION|69|2214|a8cb488b-d890-4516-be04-b8670fae5d79
2026-04-01 14:45:57|gpt|web_search|11|JSON_SAVED||2214|a8cb488b-d890-4516-be04-b8670fae5d79
2026-04-01 14:45:57|gpt|web_search|11|QUESTION_ADVANCE||2215|27eb4f08-4d3d-47a7-b7f6-46869e5ab2b7
2026-04-01 14:46:22|gpt|web_search|10|JSON_VERIFIED||2061|8d5bd05e-5f00-44cc-818c-1648d329b878
2026-04-01 14:46:22|gpt|web_search|10|QUESTION|66|2061|8d5bd05e-5f00-44cc-818c-1648d329b878
2026-04-01 14:46:22|gpt|web_search|10|JSON_SAVED||2061|8d5bd05e-5f00-44cc-818c-1648d329b878
2026-04-01 14:46:22|gpt|web_search|10|QUESTION_ADVANCE||2062|1ecde591-65ee-43b6-8515-201a74011e44
2026-04-01 14:46:53|gpt|web_search|13|QUESTION_SENT||2365|ce896a2d-f7ab-474f-85ca-ffbcefc75a5b
2026-04-01 14:47:38|gpt|web_search|13|JSON_VERIFIED||2365|ce896a2d-f7ab-474f-85ca-ffbcefc75a5b
2026-04-01 14:47:38|gpt|web_search|13|QUESTION|68|2365|ce896a2d-f7ab-474f-85ca-ffbcefc75a5b
2026-04-01 14:47:38|gpt|web_search|13|JSON_SAVED||2365|ce896a2d-f7ab-474f-85ca-ffbcefc75a5b
2026-04-01 14:47:38|gpt|web_search|13|QUESTION_ADVANCE||2366|1561669a-a481-40a9-bf07-e616a387e568
2026-04-01 14:48:41|gpt|web_search|11|QUESTION_SENT||2215|27eb4f08-4d3d-47a7-b7f6-46869e5ab2b7
2026-04-01 14:49:07|gpt|web_search|10|QUESTION_SENT||2062|1ecde591-65ee-43b6-8515-201a74011e44
2026-04-01 14:49:31|gpt|web_search|11|JSON_VERIFIED||2215|27eb4f08-4d3d-47a7-b7f6-46869e5ab2b7
2026-04-01 14:49:31|gpt|web_search|11|QUESTION|70|2215|27eb4f08-4d3d-47a7-b7f6-46869e5ab2b7
2026-04-01 14:49:31|gpt|web_search|11|JSON_SAVED||2215|27eb4f08-4d3d-47a7-b7f6-46869e5ab2b7
2026-04-01 14:49:31|gpt|web_search|11|QUESTION_ADVANCE||2216|632a264d-867f-4fea-a155-3dca89c6d8b3
2026-04-01 14:49:58|gpt|web_search|10|JSON_VERIFIED||2062|1ecde591-65ee-43b6-8515-201a74011e44
2026-04-01 14:49:58|gpt|web_search|10|QUESTION|67|2062|1ecde591-65ee-43b6-8515-201a74011e44
2026-04-01 14:49:58|gpt|web_search|10|JSON_SAVED||2062|1ecde591-65ee-43b6-8515-201a74011e44
2026-04-01 14:49:58|gpt|web_search|10|QUESTION_ADVANCE||2063|473d4112-9034-430e-bdc2-553d0b232ec8
2026-04-01 14:50:26|gpt|web_search|13|QUESTION_SENT||2366|1561669a-a481-40a9-bf07-e616a387e568
2026-04-01 14:51:10|gpt|web_search|13|JSON_VERIFIED||2366|1561669a-a481-40a9-bf07-e616a387e568
2026-04-01 14:51:10|gpt|web_search|13|QUESTION|69|2366|1561669a-a481-40a9-bf07-e616a387e568
2026-04-01 14:51:10|gpt|web_search|13|JSON_SAVED||2366|1561669a-a481-40a9-bf07-e616a387e568
2026-04-01 14:51:10|gpt|web_search|13|QUESTION_ADVANCE||2367|abbc927a-aec8-4d09-997f-ec523efa5636
2026-04-01 14:52:18|gpt|web_search|11|QUESTION_SENT||2216|632a264d-867f-4fea-a155-3dca89c6d8b3
2026-04-01 14:52:42|gpt|web_search|10|QUESTION_SENT||2063|473d4112-9034-430e-bdc2-553d0b232ec8
2026-04-01 14:53:05|gpt|web_search|11|JSON_VERIFIED||2216|632a264d-867f-4fea-a155-3dca89c6d8b3
2026-04-01 14:53:05|gpt|web_search|11|QUESTION|71|2216|632a264d-867f-4fea-a155-3dca89c6d8b3
2026-04-01 14:53:05|gpt|web_search|11|JSON_SAVED||2216|632a264d-867f-4fea-a155-3dca89c6d8b3
2026-04-01 14:53:05|gpt|web_search|11|QUESTION_ADVANCE||2217|65a8ecb8-b206-4251-b224-88b91d2e2001
2026-04-01 14:53:28|gpt|web_search|10|JSON_VERIFIED||2063|473d4112-9034-430e-bdc2-553d0b232ec8
2026-04-01 14:53:28|gpt|web_search|10|QUESTION|68|2063|473d4112-9034-430e-bdc2-553d0b232ec8
2026-04-01 14:53:28|gpt|web_search|10|JSON_SAVED||2063|473d4112-9034-430e-bdc2-553d0b232ec8
2026-04-01 14:53:28|gpt|web_search|10|QUESTION_ADVANCE||2064|97c229e5-8cb0-447a-a6f6-3a4c2cfc05a3
2026-04-01 14:53:59|gpt|web_search|13|QUESTION_SENT||2367|abbc927a-aec8-4d09-997f-ec523efa5636
2026-04-01 14:54:50|gpt|web_search|13|JSON_VERIFIED||2367|abbc927a-aec8-4d09-997f-ec523efa5636
2026-04-01 14:54:50|gpt|web_search|13|QUESTION|70|2367|abbc927a-aec8-4d09-997f-ec523efa5636
2026-04-01 14:54:50|gpt|web_search|13|JSON_SAVED||2367|abbc927a-aec8-4d09-997f-ec523efa5636
2026-04-01 14:54:50|gpt|web_search|13|QUESTION_ADVANCE||2368|4fb44124-df1e-4f6b-a3a8-406bf642c35c
2026-04-01 14:55:55|gpt|web_search|11|QUESTION_SENT||2217|65a8ecb8-b206-4251-b224-88b91d2e2001
2026-04-01 14:56:17|gpt|web_search|10|QUESTION_SENT||2064|97c229e5-8cb0-447a-a6f6-3a4c2cfc05a3
2026-04-01 14:56:42|gpt|web_search|11|JSON_VERIFIED||2217|65a8ecb8-b206-4251-b224-88b91d2e2001
2026-04-01 14:56:42|gpt|web_search|11|QUESTION|72|2217|65a8ecb8-b206-4251-b224-88b91d2e2001
2026-04-01 14:56:42|gpt|web_search|11|JSON_SAVED||2217|65a8ecb8-b206-4251-b224-88b91d2e2001
2026-04-01 14:56:42|gpt|web_search|11|QUESTION_ADVANCE||2218|9d39c7de-4538-438c-abde-b42e8fb633c9
2026-04-01 14:57:02|gpt|web_search|10|JSON_VERIFIED||2064|97c229e5-8cb0-447a-a6f6-3a4c2cfc05a3
2026-04-01 14:57:02|gpt|web_search|10|QUESTION|69|2064|97c229e5-8cb0-447a-a6f6-3a4c2cfc05a3
2026-04-01 14:57:02|gpt|web_search|10|JSON_SAVED||2064|97c229e5-8cb0-447a-a6f6-3a4c2cfc05a3
2026-04-01 14:57:02|gpt|web_search|10|QUESTION_ADVANCE||2065|e2e12f8a-aefd-41cf-95de-959fb208c431
2026-04-01 14:57:32|gpt|web_search|13|QUESTION_SENT||2368|4fb44124-df1e-4f6b-a3a8-406bf642c35c
2026-04-01 14:58:18|gpt|web_search|13|JSON_VERIFIED||2368|4fb44124-df1e-4f6b-a3a8-406bf642c35c
2026-04-01 14:58:18|gpt|web_search|13|QUESTION|71|2368|4fb44124-df1e-4f6b-a3a8-406bf642c35c
2026-04-01 14:58:18|gpt|web_search|13|JSON_SAVED||2368|4fb44124-df1e-4f6b-a3a8-406bf642c35c
2026-04-01 14:58:18|gpt|web_search|13|QUESTION_ADVANCE||2369|55a85088-6f37-4d90-bb75-ff354c1db8e7
2026-04-01 14:59:32|gpt|web_search|11|QUESTION_SENT||2218|9d39c7de-4538-438c-abde-b42e8fb633c9
2026-04-01 14:59:52|gpt|web_search|10|QUESTION_SENT||2065|e2e12f8a-aefd-41cf-95de-959fb208c431
2026-04-01 15:00:20|gpt|web_search|11|JSON_VERIFIED||2218|9d39c7de-4538-438c-abde-b42e8fb633c9
2026-04-01 15:00:20|gpt|web_search|11|QUESTION|73|2218|9d39c7de-4538-438c-abde-b42e8fb633c9
2026-04-01 15:00:20|gpt|web_search|11|JSON_SAVED||2218|9d39c7de-4538-438c-abde-b42e8fb633c9
2026-04-01 15:00:20|gpt|web_search|11|QUESTION_ADVANCE||2219|c3be3635-7543-4c13-b530-9fcfe9fa630d
2026-04-01 15:00:39|gpt|web_search|10|JSON_VERIFIED||2065|e2e12f8a-aefd-41cf-95de-959fb208c431
2026-04-01 15:00:39|gpt|web_search|10|QUESTION|70|2065|e2e12f8a-aefd-41cf-95de-959fb208c431
2026-04-01 15:00:39|gpt|web_search|10|JSON_SAVED||2065|e2e12f8a-aefd-41cf-95de-959fb208c431
2026-04-01 15:00:39|gpt|web_search|10|QUESTION_ADVANCE||2066|ba2bc07b-9f3d-477c-bb80-9d4f90673c7f
2026-04-01 15:01:04|gpt|web_search|13|QUESTION_SENT||2369|55a85088-6f37-4d90-bb75-ff354c1db8e7
2026-04-01 15:01:55|gpt|web_search|13|JSON_VERIFIED||2369|55a85088-6f37-4d90-bb75-ff354c1db8e7
2026-04-01 15:01:55|gpt|web_search|13|QUESTION|72|2369|55a85088-6f37-4d90-bb75-ff354c1db8e7
2026-04-01 15:01:55|gpt|web_search|13|JSON_SAVED||2369|55a85088-6f37-4d90-bb75-ff354c1db8e7
2026-04-01 15:01:55|gpt|web_search|13|QUESTION_ADVANCE||2370|ba4db927-323e-4f61-8e13-4fc0c5baf379
2026-04-01 15:03:09|gpt|web_search|11|QUESTION_SENT||2219|c3be3635-7543-4c13-b530-9fcfe9fa630d
2026-04-01 15:03:27|gpt|web_search|10|QUESTION_SENT||2066|ba2bc07b-9f3d-477c-bb80-9d4f90673c7f
2026-04-01 15:03:57|gpt|web_search|11|JSON_VERIFIED||2219|c3be3635-7543-4c13-b530-9fcfe9fa630d
2026-04-01 15:03:57|gpt|web_search|11|QUESTION|74|2219|c3be3635-7543-4c13-b530-9fcfe9fa630d
2026-04-01 15:03:57|gpt|web_search|11|JSON_SAVED||2219|c3be3635-7543-4c13-b530-9fcfe9fa630d
2026-04-01 15:03:57|gpt|web_search|11|QUESTION_ADVANCE||2220|ac7f83c4-8205-4e7e-b06b-93b60b2ad575
2026-04-01 15:04:15|gpt|web_search|10|JSON_VERIFIED||2066|ba2bc07b-9f3d-477c-bb80-9d4f90673c7f
2026-04-01 15:04:15|gpt|web_search|10|QUESTION|71|2066|ba2bc07b-9f3d-477c-bb80-9d4f90673c7f
2026-04-01 15:04:15|gpt|web_search|10|JSON_SAVED||2066|ba2bc07b-9f3d-477c-bb80-9d4f90673c7f
2026-04-01 15:04:15|gpt|web_search|10|QUESTION_ADVANCE||2067|92a67963-db3a-4e0f-bc52-c9c0effa57ac
2026-04-01 15:04:37|gpt|web_search|13|QUESTION_SENT||2370|ba4db927-323e-4f61-8e13-4fc0c5baf379
2026-04-01 15:05:31|gpt|web_search|13|JSON_VERIFIED||2370|ba4db927-323e-4f61-8e13-4fc0c5baf379
2026-04-01 15:05:31|gpt|web_search|13|QUESTION|73|2370|ba4db927-323e-4f61-8e13-4fc0c5baf379
2026-04-01 15:05:31|gpt|web_search|13|JSON_SAVED||2370|ba4db927-323e-4f61-8e13-4fc0c5baf379
2026-04-01 15:05:31|gpt|web_search|13|QUESTION_ADVANCE||2371|2f5f1244-eb2d-400e-bc44-f45fbb025242
2026-04-01 15:06:46|gpt|web_search|11|QUESTION_SENT||2220|ac7f83c4-8205-4e7e-b06b-93b60b2ad575
2026-04-01 15:07:02|gpt|web_search|10|QUESTION_SENT||2067|92a67963-db3a-4e0f-bc52-c9c0effa57ac
2026-04-01 15:07:33|gpt|web_search|11|JSON_VERIFIED||2220|ac7f83c4-8205-4e7e-b06b-93b60b2ad575
2026-04-01 15:07:33|gpt|web_search|11|QUESTION|75|2220|ac7f83c4-8205-4e7e-b06b-93b60b2ad575
2026-04-01 15:07:33|gpt|web_search|11|JSON_SAVED||2220|ac7f83c4-8205-4e7e-b06b-93b60b2ad575
2026-04-01 15:07:33|gpt|web_search|11|QUESTION_ADVANCE||2221|728a88cc-2078-4eb2-9318-063584854511
2026-04-01 15:07:56|gpt|web_search|10|JSON_VERIFIED||2067|92a67963-db3a-4e0f-bc52-c9c0effa57ac
2026-04-01 15:07:56|gpt|web_search|10|QUESTION|72|2067|92a67963-db3a-4e0f-bc52-c9c0effa57ac
2026-04-01 15:07:56|gpt|web_search|10|JSON_SAVED||2067|92a67963-db3a-4e0f-bc52-c9c0effa57ac
2026-04-01 15:07:56|gpt|web_search|10|QUESTION_ADVANCE||2068|d25e64e9-5f26-401f-892c-bb702631f672
2026-04-01 15:08:10|gpt|web_search|13|QUESTION_SENT||2371|2f5f1244-eb2d-400e-bc44-f45fbb025242
2026-04-01 15:09:01|gpt|web_search|13|JSON_VERIFIED||2371|2f5f1244-eb2d-400e-bc44-f45fbb025242
2026-04-01 15:09:01|gpt|web_search|13|QUESTION|74|2371|2f5f1244-eb2d-400e-bc44-f45fbb025242
2026-04-01 15:09:01|gpt|web_search|13|JSON_SAVED||2371|2f5f1244-eb2d-400e-bc44-f45fbb025242
2026-04-01 15:09:01|gpt|web_search|13|QUESTION_ADVANCE||2372|c0f611fc-a068-42cb-84dc-514690d4f7b0
2026-04-01 15:10:23|gpt|web_search|11|QUESTION_SENT||2221|728a88cc-2078-4eb2-9318-063584854511
2026-04-01 15:10:37|gpt|web_search|10|QUESTION_SENT||2068|d25e64e9-5f26-401f-892c-bb702631f672
2026-04-01 15:11:11|gpt|web_search|11|JSON_VERIFIED||2221|728a88cc-2078-4eb2-9318-063584854511
2026-04-01 15:11:11|gpt|web_search|11|QUESTION|76|2221|728a88cc-2078-4eb2-9318-063584854511
2026-04-01 15:11:11|gpt|web_search|11|JSON_SAVED||2221|728a88cc-2078-4eb2-9318-063584854511
2026-04-01 15:11:11|gpt|web_search|11|QUESTION_ADVANCE||2222|e62bad75-57dd-4e3f-a491-6b0f2967138d
2026-04-01 15:11:43|gpt|web_search|13|QUESTION_SENT||2372|c0f611fc-a068-42cb-84dc-514690d4f7b0
2026-04-01 15:12:31|gpt|web_search|13|JSON_VERIFIED||2372|c0f611fc-a068-42cb-84dc-514690d4f7b0
2026-04-01 15:12:31|gpt|web_search|13|QUESTION|75|2372|c0f611fc-a068-42cb-84dc-514690d4f7b0
2026-04-01 15:12:31|gpt|web_search|13|JSON_SAVED||2372|c0f611fc-a068-42cb-84dc-514690d4f7b0
2026-04-01 15:12:31|gpt|web_search|13|QUESTION_ADVANCE||2373|d75bfb00-e593-4bc4-abd2-fa750ed1391e
2026-04-01 15:14:00|gpt|web_search|11|QUESTION_SENT||2222|e62bad75-57dd-4e3f-a491-6b0f2967138d
2026-04-01 15:14:12|gpt|web_search|10|QUESTION_SENT||2068|d25e64e9-5f26-401f-892c-bb702631f672
2026-04-01 15:14:44|gpt|web_search|11|JSON_VERIFIED||2222|e62bad75-57dd-4e3f-a491-6b0f2967138d
2026-04-01 15:14:44|gpt|web_search|11|QUESTION|77|2222|e62bad75-57dd-4e3f-a491-6b0f2967138d
2026-04-01 15:14:44|gpt|web_search|11|JSON_SAVED||2222|e62bad75-57dd-4e3f-a491-6b0f2967138d
2026-04-01 15:14:44|gpt|web_search|11|QUESTION_ADVANCE||2223|52fb7d0a-3f3d-41c2-ab35-30ed34f1457f
2026-04-01 15:14:58|gpt|web_search|10|JSON_VERIFIED||2068|d25e64e9-5f26-401f-892c-bb702631f672
2026-04-01 15:14:58|gpt|web_search|10|QUESTION|73|2068|d25e64e9-5f26-401f-892c-bb702631f672
2026-04-01 15:14:58|gpt|web_search|10|JSON_SAVED||2068|d25e64e9-5f26-401f-892c-bb702631f672
2026-04-01 15:14:58|gpt|web_search|10|QUESTION_ADVANCE||2069|d0f7ec24-a4fa-41e5-813b-e79bafaac847
2026-04-01 15:15:16|gpt|web_search|13|QUESTION_SENT||2373|d75bfb00-e593-4bc4-abd2-fa750ed1391e
2026-04-01 15:16:07|gpt|web_search|13|JSON_VERIFIED||2373|d75bfb00-e593-4bc4-abd2-fa750ed1391e
2026-04-01 15:16:07|gpt|web_search|13|QUESTION|76|2373|d75bfb00-e593-4bc4-abd2-fa750ed1391e
2026-04-01 15:16:07|gpt|web_search|13|JSON_SAVED||2373|d75bfb00-e593-4bc4-abd2-fa750ed1391e
2026-04-01 15:16:07|gpt|web_search|13|QUESTION_ADVANCE||2374|c9bf5e8a-0b06-4b06-b401-0e5d196431ea
2026-04-01 15:17:37|gpt|web_search|11|QUESTION_SENT||2223|52fb7d0a-3f3d-41c2-ab35-30ed34f1457f
2026-04-01 15:17:46|gpt|web_search|10|QUESTION_SENT||2069|d0f7ec24-a4fa-41e5-813b-e79bafaac847
2026-04-01 15:18:28|gpt|web_search|11|JSON_VERIFIED||2223|52fb7d0a-3f3d-41c2-ab35-30ed34f1457f
2026-04-01 15:18:28|gpt|web_search|11|QUESTION|78|2223|52fb7d0a-3f3d-41c2-ab35-30ed34f1457f
2026-04-01 15:18:28|gpt|web_search|11|JSON_SAVED||2223|52fb7d0a-3f3d-41c2-ab35-30ed34f1457f
2026-04-01 15:18:28|gpt|web_search|11|QUESTION_ADVANCE||2224|d3d167fc-b618-47bf-aa22-2165ade75fd3
2026-04-01 15:18:49|gpt|web_search|13|QUESTION_SENT||2374|c9bf5e8a-0b06-4b06-b401-0e5d196431ea
2026-04-01 15:19:48|gpt|web_search|13|JSON_VERIFIED||2374|c9bf5e8a-0b06-4b06-b401-0e5d196431ea
2026-04-01 15:19:48|gpt|web_search|13|QUESTION|77|2374|c9bf5e8a-0b06-4b06-b401-0e5d196431ea
2026-04-01 15:19:48|gpt|web_search|13|JSON_SAVED||2374|c9bf5e8a-0b06-4b06-b401-0e5d196431ea
2026-04-01 15:19:48|gpt|web_search|13|QUESTION_ADVANCE||2375|76f870a2-f90e-4c06-8067-663288eddf48
2026-04-01 15:21:14|gpt|web_search|11|QUESTION_SENT||2224|d3d167fc-b618-47bf-aa22-2165ade75fd3
2026-04-01 15:21:21|gpt|web_search|10|QUESTION_SENT||2069|d0f7ec24-a4fa-41e5-813b-e79bafaac847
2026-04-01 15:22:02|gpt|web_search|11|JSON_VERIFIED||2224|d3d167fc-b618-47bf-aa22-2165ade75fd3
2026-04-01 15:22:02|gpt|web_search|11|QUESTION|79|2224|d3d167fc-b618-47bf-aa22-2165ade75fd3
2026-04-01 15:22:02|gpt|web_search|11|JSON_SAVED||2224|d3d167fc-b618-47bf-aa22-2165ade75fd3
2026-04-01 15:22:02|gpt|web_search|11|QUESTION_ADVANCE||2225|5c1072c8-24b0-438f-a0df-fec5d943c960
2026-04-01 15:22:09|gpt|web_search|10|JSON_VERIFIED||2069|d0f7ec24-a4fa-41e5-813b-e79bafaac847
2026-04-01 15:22:09|gpt|web_search|10|QUESTION|74|2069|d0f7ec24-a4fa-41e5-813b-e79bafaac847
2026-04-01 15:22:09|gpt|web_search|10|JSON_SAVED||2069|d0f7ec24-a4fa-41e5-813b-e79bafaac847
2026-04-01 15:22:09|gpt|web_search|10|QUESTION_ADVANCE||2070|f0566c9c-ff6a-45b2-ba7d-d2698636e6c9
2026-04-01 15:22:23|gpt|web_search|13|QUESTION_SENT||2375|76f870a2-f90e-4c06-8067-663288eddf48
2026-04-01 15:23:12|gpt|web_search|13|JSON_VERIFIED||2375|76f870a2-f90e-4c06-8067-663288eddf48
2026-04-01 15:23:12|gpt|web_search|13|QUESTION|78|2375|76f870a2-f90e-4c06-8067-663288eddf48
2026-04-01 15:23:12|gpt|web_search|13|JSON_SAVED||2375|76f870a2-f90e-4c06-8067-663288eddf48
2026-04-01 15:23:12|gpt|web_search|13|QUESTION_ADVANCE||2376|f9a77fea-5f75-4e29-9121-c8d99c42ef5d
2026-04-01 15:24:51|gpt|web_search|11|QUESTION_SENT||2225|5c1072c8-24b0-438f-a0df-fec5d943c960
2026-04-01 15:24:56|gpt|web_search|10|QUESTION_SENT||2070|f0566c9c-ff6a-45b2-ba7d-d2698636e6c9
2026-04-01 15:25:38|gpt|web_search|11|JSON_VERIFIED||2225|5c1072c8-24b0-438f-a0df-fec5d943c960
2026-04-01 15:25:38|gpt|web_search|11|QUESTION|80|2225|5c1072c8-24b0-438f-a0df-fec5d943c960
2026-04-01 15:25:38|gpt|web_search|11|JSON_SAVED||2225|5c1072c8-24b0-438f-a0df-fec5d943c960
2026-04-01 15:25:38|gpt|web_search|11|QUESTION_ADVANCE||2226|ffe9b2df-4acf-46c8-9440-157a0b3742f4
2026-04-01 15:25:56|gpt|web_search|13|QUESTION_SENT||2376|f9a77fea-5f75-4e29-9121-c8d99c42ef5d
2026-04-01 15:26:47|gpt|web_search|13|JSON_VERIFIED||2376|f9a77fea-5f75-4e29-9121-c8d99c42ef5d
2026-04-01 15:26:47|gpt|web_search|13|QUESTION|79|2376|f9a77fea-5f75-4e29-9121-c8d99c42ef5d
2026-04-01 15:26:47|gpt|web_search|13|JSON_SAVED||2376|f9a77fea-5f75-4e29-9121-c8d99c42ef5d
2026-04-01 15:26:47|gpt|web_search|13|QUESTION_ADVANCE||2377|ecb740f0-cbad-4748-bcda-dd8ddd9b55e1
2026-04-01 15:28:28|gpt|web_search|11|QUESTION_SENT||2226|ffe9b2df-4acf-46c8-9440-157a0b3742f4
2026-04-01 15:28:31|gpt|web_search|10|QUESTION_SENT||2070|f0566c9c-ff6a-45b2-ba7d-d2698636e6c9
2026-04-01 15:29:19|gpt|web_search|11|JSON_VERIFIED||2226|ffe9b2df-4acf-46c8-9440-157a0b3742f4
2026-04-01 15:29:19|gpt|web_search|11|QUESTION|81|2226|ffe9b2df-4acf-46c8-9440-157a0b3742f4
2026-04-01 15:29:19|gpt|web_search|11|JSON_SAVED||2226|ffe9b2df-4acf-46c8-9440-157a0b3742f4
2026-04-01 15:29:19|gpt|web_search|11|QUESTION_ADVANCE||2227|f84b466c-505a-4ce3-8719-e30a3362a283
2026-04-01 15:29:21|gpt|web_search|10|JSON_VERIFIED||2070|f0566c9c-ff6a-45b2-ba7d-d2698636e6c9
2026-04-01 15:29:21|gpt|web_search|10|QUESTION|75|2070|f0566c9c-ff6a-45b2-ba7d-d2698636e6c9
2026-04-01 15:29:21|gpt|web_search|10|JSON_SAVED||2070|f0566c9c-ff6a-45b2-ba7d-d2698636e6c9
2026-04-01 15:29:21|gpt|web_search|10|QUESTION_ADVANCE||2071|64ea12bc-eb3a-4425-bed6-a3f9775ec61f
2026-04-01 15:29:29|gpt|web_search|13|QUESTION_SENT||2377|ecb740f0-cbad-4748-bcda-dd8ddd9b55e1
2026-04-01 15:30:20|gpt|web_search|13|JSON_VERIFIED||2377|ecb740f0-cbad-4748-bcda-dd8ddd9b55e1
2026-04-01 15:30:20|gpt|web_search|13|QUESTION|80|2377|ecb740f0-cbad-4748-bcda-dd8ddd9b55e1
2026-04-01 15:30:20|gpt|web_search|13|JSON_SAVED||2377|ecb740f0-cbad-4748-bcda-dd8ddd9b55e1
2026-04-01 15:30:20|gpt|web_search|13|QUESTION_ADVANCE||2378|fe67e1e0-f228-401d-a3f3-c242ad98de39
2026-04-01 15:32:05|gpt|web_search|11|QUESTION_SENT||2227|f84b466c-505a-4ce3-8719-e30a3362a283
2026-04-01 15:32:07|gpt|web_search|10|QUESTION_SENT||2071|64ea12bc-eb3a-4425-bed6-a3f9775ec61f
2026-04-01 15:32:53|gpt|web_search|11|JSON_VERIFY_FAILED||2227|f84b466c-505a-4ce3-8719-e30a3362a283
2026-04-01 15:32:53|gpt|web_search|11|QUESTION|82|2227|f84b466c-505a-4ce3-8719-e30a3362a283
2026-04-01 15:33:02|gpt|web_search|13|QUESTION_SENT||2378|fe67e1e0-f228-401d-a3f3-c242ad98de39
2026-04-01 15:33:03|gpt|web_search|11|QUESTION_SENT||2227|f84b466c-505a-4ce3-8719-e30a3362a283
2026-04-01 15:33:37|gpt|web_search|11|JSON_VERIFIED||2227|f84b466c-505a-4ce3-8719-e30a3362a283
2026-04-01 15:33:37|gpt|web_search|11|QUESTION|83|2227|f84b466c-505a-4ce3-8719-e30a3362a283
2026-04-01 15:33:37|gpt|web_search|11|JSON_SAVED||2227|f84b466c-505a-4ce3-8719-e30a3362a283
2026-04-01 15:33:37|gpt|web_search|11|QUESTION_ADVANCE||2228|285b84e6-1501-4594-91fe-e1be65580ada
2026-04-01 15:33:50|gpt|web_search|13|JSON_VERIFIED||2378|fe67e1e0-f228-401d-a3f3-c242ad98de39
2026-04-01 15:33:50|gpt|web_search|13|QUESTION|81|2378|fe67e1e0-f228-401d-a3f3-c242ad98de39
2026-04-01 15:33:50|gpt|web_search|13|JSON_SAVED||2378|fe67e1e0-f228-401d-a3f3-c242ad98de39
2026-04-01 15:33:50|gpt|web_search|13|QUESTION_ADVANCE||2379|caba1e1b-1aff-45b4-802e-65d1ee38442c
2026-04-01 15:35:41|gpt|web_search|10|QUESTION_SENT||2071|64ea12bc-eb3a-4425-bed6-a3f9775ec61f
2026-04-01 15:36:28|gpt|web_search|10|JSON_VERIFIED||2071|64ea12bc-eb3a-4425-bed6-a3f9775ec61f
2026-04-01 15:36:28|gpt|web_search|10|QUESTION|76|2071|64ea12bc-eb3a-4425-bed6-a3f9775ec61f
2026-04-01 15:36:28|gpt|web_search|10|JSON_SAVED||2071|64ea12bc-eb3a-4425-bed6-a3f9775ec61f
2026-04-01 15:36:28|gpt|web_search|10|QUESTION_ADVANCE||2072|e428df90-6e42-4849-9f52-edd70b231fd8
2026-04-01 15:36:35|gpt|web_search|13|QUESTION_SENT||2379|caba1e1b-1aff-45b4-802e-65d1ee38442c
2026-04-01 15:36:40|gpt|web_search|11|QUESTION_SENT||2228|285b84e6-1501-4594-91fe-e1be65580ada
2026-04-01 15:37:17|gpt|web_search|13|JSON_VERIFIED||2379|caba1e1b-1aff-45b4-802e-65d1ee38442c
2026-04-01 15:37:17|gpt|web_search|13|QUESTION|82|2379|caba1e1b-1aff-45b4-802e-65d1ee38442c
2026-04-01 15:37:17|gpt|web_search|13|JSON_SAVED||2379|caba1e1b-1aff-45b4-802e-65d1ee38442c
2026-04-01 15:37:17|gpt|web_search|13|QUESTION_ADVANCE||2380|2170950b-3f7e-438f-9ece-d53412f19a9b
2026-04-01 15:37:36|gpt|web_search|11|JSON_VERIFIED||2228|285b84e6-1501-4594-91fe-e1be65580ada
2026-04-01 15:37:36|gpt|web_search|11|QUESTION|84|2228|285b84e6-1501-4594-91fe-e1be65580ada
2026-04-01 15:37:36|gpt|web_search|11|JSON_SAVED||2228|285b84e6-1501-4594-91fe-e1be65580ada
2026-04-01 15:37:36|gpt|web_search|11|QUESTION_ADVANCE||2229|1e2e0381-b642-42ea-bfcb-dc8fdbd51bf4
2026-04-01 15:39:16|gpt|web_search|10|QUESTION_SENT||2072|e428df90-6e42-4849-9f52-edd70b231fd8
2026-04-01 15:40:08|gpt|web_search|13|QUESTION_SENT||2380|2170950b-3f7e-438f-9ece-d53412f19a9b
2026-04-01 15:40:16|gpt|web_search|11|QUESTION_SENT||2229|1e2e0381-b642-42ea-bfcb-dc8fdbd51bf4
2026-04-01 15:40:57|gpt|web_search|13|JSON_VERIFIED||2380|2170950b-3f7e-438f-9ece-d53412f19a9b
2026-04-01 15:40:57|gpt|web_search|13|QUESTION|83|2380|2170950b-3f7e-438f-9ece-d53412f19a9b
2026-04-01 15:40:57|gpt|web_search|13|JSON_SAVED||2380|2170950b-3f7e-438f-9ece-d53412f19a9b
2026-04-01 15:40:57|gpt|web_search|13|QUESTION_ADVANCE||2381|e71fff52-6965-4365-8879-5c4000cf2a8a
2026-04-01 15:42:51|gpt|web_search|10|QUESTION_SENT||2072|e428df90-6e42-4849-9f52-edd70b231fd8
2026-04-01 15:43:41|gpt|web_search|13|QUESTION_SENT||2381|e71fff52-6965-4365-8879-5c4000cf2a8a
2026-04-01 15:43:42|gpt|web_search|10|JSON_VERIFY_FAILED||2072|e428df90-6e42-4849-9f52-edd70b231fd8
2026-04-01 15:43:42|gpt|web_search|10|QUESTION|77|2072|e428df90-6e42-4849-9f52-edd70b231fd8
2026-04-01 15:43:52|gpt|web_search|10|QUESTION_SENT||2072|e428df90-6e42-4849-9f52-edd70b231fd8
2026-04-01 15:43:53|gpt|web_search|11|QUESTION_SENT||2229|1e2e0381-b642-42ea-bfcb-dc8fdbd51bf4
2026-04-01 15:44:28|gpt|web_search|10|JSON_VERIFIED||2072|e428df90-6e42-4849-9f52-edd70b231fd8
2026-04-01 15:44:28|gpt|web_search|10|QUESTION|78|2072|e428df90-6e42-4849-9f52-edd70b231fd8
2026-04-01 15:44:28|gpt|web_search|10|JSON_SAVED||2072|e428df90-6e42-4849-9f52-edd70b231fd8
2026-04-01 15:44:28|gpt|web_search|10|QUESTION_ADVANCE||2073|80e25935-5b51-4d0b-a02e-7867aabe071e
2026-04-01 15:44:31|gpt|web_search|13|JSON_VERIFIED||2381|e71fff52-6965-4365-8879-5c4000cf2a8a
2026-04-01 15:44:31|gpt|web_search|13|QUESTION|84|2381|e71fff52-6965-4365-8879-5c4000cf2a8a
2026-04-01 15:44:31|gpt|web_search|13|JSON_SAVED||2381|e71fff52-6965-4365-8879-5c4000cf2a8a
2026-04-01 15:44:31|gpt|web_search|13|QUESTION_ADVANCE||2382|09b5eb9a-128f-4da4-9750-bf646f1e2334
2026-04-01 15:44:43|gpt|web_search|11|JSON_VERIFIED||2229|1e2e0381-b642-42ea-bfcb-dc8fdbd51bf4
2026-04-01 15:44:43|gpt|web_search|11|QUESTION|85|2229|1e2e0381-b642-42ea-bfcb-dc8fdbd51bf4
2026-04-01 15:44:43|gpt|web_search|11|JSON_SAVED||2229|1e2e0381-b642-42ea-bfcb-dc8fdbd51bf4
2026-04-01 15:44:43|gpt|web_search|11|QUESTION_ADVANCE||2230|ba432072-16b4-429f-a892-c866293afabc
2026-04-01 15:47:14|gpt|web_search|13|QUESTION_SENT||2382|09b5eb9a-128f-4da4-9750-bf646f1e2334
2026-04-01 15:47:27|gpt|web_search|10|QUESTION_SENT||2073|80e25935-5b51-4d0b-a02e-7867aabe071e
2026-04-01 15:47:30|gpt|web_search|11|QUESTION_SENT||2230|ba432072-16b4-429f-a892-c866293afabc
2026-04-01 15:48:04|gpt|web_search|13|JSON_VERIFIED||2382|09b5eb9a-128f-4da4-9750-bf646f1e2334
2026-04-01 15:48:04|gpt|web_search|13|QUESTION|85|2382|09b5eb9a-128f-4da4-9750-bf646f1e2334
2026-04-01 15:48:04|gpt|web_search|13|JSON_SAVED||2382|09b5eb9a-128f-4da4-9750-bf646f1e2334
2026-04-01 15:48:04|gpt|web_search|13|QUESTION_ADVANCE||2383|12a14342-fe8a-4529-b1e7-a0a2c8b2295b
2026-04-01 15:48:19|gpt|web_search|11|JSON_VERIFIED||2230|ba432072-16b4-429f-a892-c866293afabc
2026-04-01 15:48:19|gpt|web_search|11|QUESTION|86|2230|ba432072-16b4-429f-a892-c866293afabc
2026-04-01 15:48:19|gpt|web_search|11|JSON_SAVED||2230|ba432072-16b4-429f-a892-c866293afabc
2026-04-01 15:48:19|gpt|web_search|11|QUESTION_ADVANCE||2231|d27d5a44-b195-425b-8474-932544e8b92e
2026-04-01 15:48:24|gpt|web_search|10|JSON_VERIFIED||2073|80e25935-5b51-4d0b-a02e-7867aabe071e
2026-04-01 15:48:24|gpt|web_search|10|QUESTION|79|2073|80e25935-5b51-4d0b-a02e-7867aabe071e
2026-04-01 15:48:24|gpt|web_search|10|JSON_SAVED||2073|80e25935-5b51-4d0b-a02e-7867aabe071e
2026-04-01 15:48:24|gpt|web_search|10|QUESTION_ADVANCE||2074|1d1b9580-273e-4a59-9b35-ba9995a9b2a8
2026-04-01 15:50:47|gpt|web_search|13|QUESTION_SENT||2383|12a14342-fe8a-4529-b1e7-a0a2c8b2295b
2026-04-01 15:51:02|gpt|web_search|10|QUESTION_SENT||2074|1d1b9580-273e-4a59-9b35-ba9995a9b2a8
2026-04-01 15:51:08|gpt|web_search|11|QUESTION_SENT||2231|d27d5a44-b195-425b-8474-932544e8b92e
2026-04-01 15:51:34|gpt|web_search|13|JSON_VERIFIED||2383|12a14342-fe8a-4529-b1e7-a0a2c8b2295b
2026-04-01 15:51:34|gpt|web_search|13|QUESTION|86|2383|12a14342-fe8a-4529-b1e7-a0a2c8b2295b
2026-04-01 15:51:34|gpt|web_search|13|JSON_SAVED||2383|12a14342-fe8a-4529-b1e7-a0a2c8b2295b
2026-04-01 15:51:34|gpt|web_search|13|QUESTION_ADVANCE||2384|b243afb6-a321-467c-bd0f-477bfd899889
2026-04-01 15:51:55|gpt|web_search|10|JSON_VERIFIED||2074|1d1b9580-273e-4a59-9b35-ba9995a9b2a8
2026-04-01 15:51:55|gpt|web_search|10|QUESTION|80|2074|1d1b9580-273e-4a59-9b35-ba9995a9b2a8
2026-04-01 15:51:55|gpt|web_search|10|JSON_SAVED||2074|1d1b9580-273e-4a59-9b35-ba9995a9b2a8
2026-04-01 15:51:55|gpt|web_search|10|QUESTION_ADVANCE||2075|de1c7397-443b-44b3-bcae-62852283731b
2026-04-01 15:51:57|gpt|web_search|11|JSON_VERIFIED||2231|d27d5a44-b195-425b-8474-932544e8b92e
2026-04-01 15:51:57|gpt|web_search|11|QUESTION|87|2231|d27d5a44-b195-425b-8474-932544e8b92e
2026-04-01 15:51:57|gpt|web_search|11|JSON_SAVED||2231|d27d5a44-b195-425b-8474-932544e8b92e
2026-04-01 15:51:57|gpt|web_search|11|QUESTION_ADVANCE||2232|25d22188-4389-4770-a943-26106fa311a3
2026-04-01 15:54:20|gpt|web_search|13|QUESTION_SENT||2384|b243afb6-a321-467c-bd0f-477bfd899889
2026-04-01 15:54:37|gpt|web_search|10|QUESTION_SENT||2075|de1c7397-443b-44b3-bcae-62852283731b
2026-04-01 15:54:45|gpt|web_search|11|QUESTION_SENT||2232|25d22188-4389-4770-a943-26106fa311a3
2026-04-01 15:55:12|gpt|web_search|13|JSON_VERIFIED||2384|b243afb6-a321-467c-bd0f-477bfd899889
2026-04-01 15:55:12|gpt|web_search|13|QUESTION|87|2384|b243afb6-a321-467c-bd0f-477bfd899889
2026-04-01 15:55:12|gpt|web_search|13|JSON_SAVED||2384|b243afb6-a321-467c-bd0f-477bfd899889
2026-04-01 15:55:12|gpt|web_search|13|QUESTION_ADVANCE||2385|738b3ea9-e585-4eb3-adfa-d296adfda7ba
2026-04-01 15:55:37|gpt|web_search|11|JSON_VERIFIED||2232|25d22188-4389-4770-a943-26106fa311a3
2026-04-01 15:55:37|gpt|web_search|11|QUESTION|88|2232|25d22188-4389-4770-a943-26106fa311a3
2026-04-01 15:55:37|gpt|web_search|11|JSON_SAVED||2232|25d22188-4389-4770-a943-26106fa311a3
2026-04-01 15:55:37|gpt|web_search|11|QUESTION_ADVANCE||2233|880fd42e-047b-412c-b2d5-39af71ba5c4a
2026-04-01 15:57:53|gpt|web_search|13|QUESTION_SENT||2385|738b3ea9-e585-4eb3-adfa-d296adfda7ba
2026-04-01 15:58:13|gpt|web_search|10|QUESTION_SENT||2075|de1c7397-443b-44b3-bcae-62852283731b
2026-04-01 15:58:22|gpt|web_search|11|QUESTION_SENT||2233|880fd42e-047b-412c-b2d5-39af71ba5c4a
2026-04-01 15:58:47|gpt|web_search|13|JSON_VERIFIED||2385|738b3ea9-e585-4eb3-adfa-d296adfda7ba
2026-04-01 15:58:47|gpt|web_search|13|QUESTION|88|2385|738b3ea9-e585-4eb3-adfa-d296adfda7ba
2026-04-01 15:58:47|gpt|web_search|13|JSON_SAVED||2385|738b3ea9-e585-4eb3-adfa-d296adfda7ba
2026-04-01 15:58:47|gpt|web_search|13|QUESTION_ADVANCE||2386|6bd52196-58e6-4f7d-9a57-80779d4706d8
2026-04-01 15:59:06|gpt|web_search|10|JSON_VERIFIED||2075|de1c7397-443b-44b3-bcae-62852283731b
2026-04-01 15:59:06|gpt|web_search|10|QUESTION|81|2075|de1c7397-443b-44b3-bcae-62852283731b
2026-04-01 15:59:06|gpt|web_search|10|JSON_SAVED||2075|de1c7397-443b-44b3-bcae-62852283731b
2026-04-01 15:59:06|gpt|web_search|10|QUESTION_ADVANCE||2076|e8f6196f-5375-4bc8-9f8c-1b64b9bd93eb
2026-04-01 15:59:18|gpt|web_search|11|JSON_VERIFIED||2233|880fd42e-047b-412c-b2d5-39af71ba5c4a
2026-04-01 15:59:18|gpt|web_search|11|QUESTION|89|2233|880fd42e-047b-412c-b2d5-39af71ba5c4a
2026-04-01 15:59:18|gpt|web_search|11|JSON_SAVED||2233|880fd42e-047b-412c-b2d5-39af71ba5c4a
2026-04-01 15:59:18|gpt|web_search|11|QUESTION_ADVANCE||2234|c1a8fb12-45e8-485d-a65c-0064a59ebc92
2026-04-01 16:01:26|gpt|web_search|13|QUESTION_SENT||2386|6bd52196-58e6-4f7d-9a57-80779d4706d8
2026-04-01 16:01:48|gpt|web_search|10|QUESTION_SENT||2076|e8f6196f-5375-4bc8-9f8c-1b64b9bd93eb
2026-04-01 16:01:58|gpt|web_search|11|QUESTION_SENT||2234|c1a8fb12-45e8-485d-a65c-0064a59ebc92
2026-04-01 16:02:17|gpt|web_search|13|JSON_VERIFIED||2386|6bd52196-58e6-4f7d-9a57-80779d4706d8
2026-04-01 16:02:17|gpt|web_search|13|QUESTION|89|2386|6bd52196-58e6-4f7d-9a57-80779d4706d8
2026-04-01 16:02:17|gpt|web_search|13|JSON_SAVED||2386|6bd52196-58e6-4f7d-9a57-80779d4706d8
2026-04-01 16:02:17|gpt|web_search|13|QUESTION_ADVANCE||2387|3ea4b391-5b32-4933-a347-058207d9dee1
2026-04-01 16:02:34|gpt|web_search|10|JSON_VERIFIED||2076|e8f6196f-5375-4bc8-9f8c-1b64b9bd93eb
2026-04-01 16:02:34|gpt|web_search|10|QUESTION|82|2076|e8f6196f-5375-4bc8-9f8c-1b64b9bd93eb
2026-04-01 16:02:34|gpt|web_search|10|JSON_SAVED||2076|e8f6196f-5375-4bc8-9f8c-1b64b9bd93eb
2026-04-01 16:02:34|gpt|web_search|10|QUESTION_ADVANCE||2077|45f17a21-e00b-4eae-b32a-0211f4c14d67
2026-04-01 16:02:49|gpt|web_search|11|JSON_VERIFIED||2234|c1a8fb12-45e8-485d-a65c-0064a59ebc92
2026-04-01 16:02:49|gpt|web_search|11|QUESTION|90|2234|c1a8fb12-45e8-485d-a65c-0064a59ebc92
2026-04-01 16:02:49|gpt|web_search|11|JSON_SAVED||2234|c1a8fb12-45e8-485d-a65c-0064a59ebc92
2026-04-01 16:02:49|gpt|web_search|11|QUESTION_ADVANCE||2235|77456d6c-b972-4ffd-94f9-89543c77355a
2026-04-01 16:04:59|gpt|web_search|13|QUESTION_SENT||2387|3ea4b391-5b32-4933-a347-058207d9dee1
2026-04-01 16:05:22|gpt|web_search|10|QUESTION_SENT||2077|45f17a21-e00b-4eae-b32a-0211f4c14d67
2026-04-01 16:05:35|gpt|web_search|11|QUESTION_SENT||2235|77456d6c-b972-4ffd-94f9-89543c77355a
2026-04-01 16:06:29|gpt|web_search|11|JSON_VERIFIED||2235|77456d6c-b972-4ffd-94f9-89543c77355a
2026-04-01 16:06:29|gpt|web_search|11|QUESTION|91|2235|77456d6c-b972-4ffd-94f9-89543c77355a
2026-04-01 16:06:29|gpt|web_search|11|JSON_SAVED||2235|77456d6c-b972-4ffd-94f9-89543c77355a
2026-04-01 16:06:29|gpt|web_search|11|QUESTION_ADVANCE||2236|46020a50-f60b-4120-b7ca-1c2e99910550
2026-04-01 16:08:52|gpt|web_search|13|QUESTION_SENT||2387|3ea4b391-5b32-4933-a347-058207d9dee1
2026-04-01 16:08:57|gpt|web_search|10|QUESTION_SENT||2077|45f17a21-e00b-4eae-b32a-0211f4c14d67
2026-04-01 16:09:12|gpt|web_search|11|QUESTION_SENT||2236|46020a50-f60b-4120-b7ca-1c2e99910550
2026-04-01 16:09:40|gpt|web_search|13|JSON_VERIFIED||2387|3ea4b391-5b32-4933-a347-058207d9dee1
2026-04-01 16:09:40|gpt|web_search|13|QUESTION|90|2387|3ea4b391-5b32-4933-a347-058207d9dee1
2026-04-01 16:09:40|gpt|web_search|13|JSON_SAVED||2387|3ea4b391-5b32-4933-a347-058207d9dee1
2026-04-01 16:09:40|gpt|web_search|13|QUESTION_ADVANCE||2388|9745b2e2-2fd8-4333-9fde-b61a3335177d
2026-04-01 16:09:45|gpt|web_search|10|JSON_VERIFIED||2077|45f17a21-e00b-4eae-b32a-0211f4c14d67
2026-04-01 16:09:45|gpt|web_search|10|QUESTION|83|2077|45f17a21-e00b-4eae-b32a-0211f4c14d67
2026-04-01 16:09:45|gpt|web_search|10|JSON_SAVED||2077|45f17a21-e00b-4eae-b32a-0211f4c14d67
2026-04-01 16:09:45|gpt|web_search|10|QUESTION_ADVANCE||2078|451a4163-0018-443e-a1e6-713261cfc74a
2026-04-01 16:12:25|gpt|web_search|13|QUESTION_SENT||2388|9745b2e2-2fd8-4333-9fde-b61a3335177d
2026-04-01 16:12:32|gpt|web_search|10|QUESTION_SENT||2078|451a4163-0018-443e-a1e6-713261cfc74a
2026-04-01 16:12:49|gpt|web_search|11|QUESTION_SENT||2236|46020a50-f60b-4120-b7ca-1c2e99910550
2026-04-01 16:13:15|gpt|web_search|13|JSON_VERIFIED||2388|9745b2e2-2fd8-4333-9fde-b61a3335177d
2026-04-01 16:13:15|gpt|web_search|13|QUESTION|91|2388|9745b2e2-2fd8-4333-9fde-b61a3335177d
2026-04-01 16:13:15|gpt|web_search|13|JSON_SAVED||2388|9745b2e2-2fd8-4333-9fde-b61a3335177d
2026-04-01 16:13:15|gpt|web_search|13|QUESTION_ADVANCE||2389|5a37d552-74a2-4f7f-82dc-2417bf214769
2026-04-01 16:13:20|gpt|web_search|10|JSON_VERIFIED||2078|451a4163-0018-443e-a1e6-713261cfc74a
2026-04-01 16:13:20|gpt|web_search|10|QUESTION|84|2078|451a4163-0018-443e-a1e6-713261cfc74a
2026-04-01 16:13:20|gpt|web_search|10|JSON_SAVED||2078|451a4163-0018-443e-a1e6-713261cfc74a
2026-04-01 16:13:20|gpt|web_search|10|QUESTION_ADVANCE||2079|25b1177e-3e4c-4e6c-8cbd-efd517bd622f
2026-04-01 16:13:36|gpt|web_search|11|JSON_VERIFIED||2236|46020a50-f60b-4120-b7ca-1c2e99910550
2026-04-01 16:13:36|gpt|web_search|11|QUESTION|92|2236|46020a50-f60b-4120-b7ca-1c2e99910550
2026-04-01 16:13:36|gpt|web_search|11|JSON_SAVED||2236|46020a50-f60b-4120-b7ca-1c2e99910550
2026-04-01 16:13:36|gpt|web_search|11|QUESTION_ADVANCE||2237|c48ab85a-ad0b-49b2-87da-bffa2eb9e132
2026-04-01 16:15:58|gpt|web_search|13|QUESTION_SENT||2389|5a37d552-74a2-4f7f-82dc-2417bf214769
2026-04-01 16:16:07|gpt|web_search|10|QUESTION_SENT||2079|25b1177e-3e4c-4e6c-8cbd-efd517bd622f
2026-04-01 16:16:26|gpt|web_search|11|QUESTION_SENT||2237|c48ab85a-ad0b-49b2-87da-bffa2eb9e132
2026-04-01 16:16:47|gpt|web_search|13|JSON_VERIFIED||2389|5a37d552-74a2-4f7f-82dc-2417bf214769
2026-04-01 16:16:47|gpt|web_search|13|QUESTION|92|2389|5a37d552-74a2-4f7f-82dc-2417bf214769
2026-04-01 16:16:47|gpt|web_search|13|JSON_SAVED||2389|5a37d552-74a2-4f7f-82dc-2417bf214769
2026-04-01 16:16:47|gpt|web_search|13|QUESTION_ADVANCE||2390|8e43b5b8-dc06-40a0-a2b8-2ccf39520964
2026-04-01 16:16:58|gpt|web_search|10|JSON_VERIFIED||2079|25b1177e-3e4c-4e6c-8cbd-efd517bd622f
2026-04-01 16:16:58|gpt|web_search|10|QUESTION|85|2079|25b1177e-3e4c-4e6c-8cbd-efd517bd622f
2026-04-01 16:16:58|gpt|web_search|10|JSON_SAVED||2079|25b1177e-3e4c-4e6c-8cbd-efd517bd622f
2026-04-01 16:16:58|gpt|web_search|10|QUESTION_ADVANCE||2080|c1bec20a-f6f4-4184-a1f3-f12cba6fd3b4
2026-04-01 16:17:17|gpt|web_search|11|JSON_VERIFIED||2237|c48ab85a-ad0b-49b2-87da-bffa2eb9e132
2026-04-01 16:17:17|gpt|web_search|11|QUESTION|93|2237|c48ab85a-ad0b-49b2-87da-bffa2eb9e132
2026-04-01 16:17:17|gpt|web_search|11|JSON_SAVED||2237|c48ab85a-ad0b-49b2-87da-bffa2eb9e132
2026-04-01 16:17:17|gpt|web_search|11|QUESTION_ADVANCE||2238|d7a9fe46-66e4-41e6-9f5a-74fe7fb66dd7
2026-04-01 16:19:32|gpt|web_search|13|QUESTION_SENT||2390|8e43b5b8-dc06-40a0-a2b8-2ccf39520964
2026-04-01 16:19:42|gpt|web_search|10|QUESTION_SENT||2080|c1bec20a-f6f4-4184-a1f3-f12cba6fd3b4
2026-04-01 16:20:03|gpt|web_search|11|QUESTION_SENT||2238|d7a9fe46-66e4-41e6-9f5a-74fe7fb66dd7
2026-04-01 16:20:21|gpt|web_search|13|JSON_VERIFIED||2390|8e43b5b8-dc06-40a0-a2b8-2ccf39520964
2026-04-01 16:20:21|gpt|web_search|13|QUESTION|93|2390|8e43b5b8-dc06-40a0-a2b8-2ccf39520964
2026-04-01 16:20:21|gpt|web_search|13|JSON_SAVED||2390|8e43b5b8-dc06-40a0-a2b8-2ccf39520964
2026-04-01 16:20:21|gpt|web_search|13|QUESTION_ADVANCE||2391|f3276d38-690e-464f-a912-e581ca0df841
2026-04-01 16:20:52|gpt|web_search|11|JSON_VERIFIED||2238|d7a9fe46-66e4-41e6-9f5a-74fe7fb66dd7
2026-04-01 16:20:52|gpt|web_search|11|QUESTION|94|2238|d7a9fe46-66e4-41e6-9f5a-74fe7fb66dd7
2026-04-01 16:20:52|gpt|web_search|11|JSON_SAVED||2238|d7a9fe46-66e4-41e6-9f5a-74fe7fb66dd7
2026-04-01 16:20:52|gpt|web_search|11|QUESTION_ADVANCE||2239|b65f0879-8574-4a07-8a02-48de4f2bfbed
2026-04-01 16:23:05|gpt|web_search|13|QUESTION_SENT||2391|f3276d38-690e-464f-a912-e581ca0df841
2026-04-01 16:23:17|gpt|web_search|10|QUESTION_SENT||2080|c1bec20a-f6f4-4184-a1f3-f12cba6fd3b4
2026-04-01 16:23:40|gpt|web_search|11|QUESTION_SENT||2239|b65f0879-8574-4a07-8a02-48de4f2bfbed
2026-04-01 16:23:54|gpt|web_search|13|JSON_VERIFIED||2391|f3276d38-690e-464f-a912-e581ca0df841
2026-04-01 16:23:54|gpt|web_search|13|QUESTION|94|2391|f3276d38-690e-464f-a912-e581ca0df841
2026-04-01 16:23:54|gpt|web_search|13|JSON_SAVED||2391|f3276d38-690e-464f-a912-e581ca0df841
2026-04-01 16:23:54|gpt|web_search|13|QUESTION_ADVANCE||2392|db01b54a-4833-4ffa-add9-8b1ea00dccdb
2026-04-01 16:24:15|gpt|web_search|10|JSON_VERIFIED||2080|c1bec20a-f6f4-4184-a1f3-f12cba6fd3b4
2026-04-01 16:24:15|gpt|web_search|10|QUESTION|86|2080|c1bec20a-f6f4-4184-a1f3-f12cba6fd3b4
2026-04-01 16:24:15|gpt|web_search|10|JSON_SAVED||2080|c1bec20a-f6f4-4184-a1f3-f12cba6fd3b4
2026-04-01 16:24:15|gpt|web_search|10|QUESTION_ADVANCE||2081|ef3f8b98-99d8-4b3b-9a8a-e9752f2f4350
2026-04-01 16:24:31|gpt|web_search|11|JSON_VERIFIED||2239|b65f0879-8574-4a07-8a02-48de4f2bfbed
2026-04-01 16:24:31|gpt|web_search|11|QUESTION|95|2239|b65f0879-8574-4a07-8a02-48de4f2bfbed
2026-04-01 16:24:31|gpt|web_search|11|JSON_SAVED||2239|b65f0879-8574-4a07-8a02-48de4f2bfbed
2026-04-01 16:24:31|gpt|web_search|11|QUESTION_ADVANCE||2240|9f3a0937-fb31-4fe0-9f04-6890d8e8e45d
2026-04-01 16:26:38|gpt|web_search|13|QUESTION_SENT||2392|db01b54a-4833-4ffa-add9-8b1ea00dccdb
2026-04-01 16:26:52|gpt|web_search|10|QUESTION_SENT||2081|ef3f8b98-99d8-4b3b-9a8a-e9752f2f4350
2026-04-01 16:27:17|gpt|web_search|11|QUESTION_SENT||2240|9f3a0937-fb31-4fe0-9f04-6890d8e8e45d
2026-04-01 16:27:37|gpt|web_search|13|JSON_VERIFIED||2392|db01b54a-4833-4ffa-add9-8b1ea00dccdb
2026-04-01 16:27:37|gpt|web_search|13|QUESTION|95|2392|db01b54a-4833-4ffa-add9-8b1ea00dccdb
2026-04-01 16:27:37|gpt|web_search|13|JSON_SAVED||2392|db01b54a-4833-4ffa-add9-8b1ea00dccdb
2026-04-01 16:27:37|gpt|web_search|13|QUESTION_ADVANCE||2393|5f3004e0-acde-4f93-927a-6e1647f6726f
2026-04-01 16:27:46|gpt|web_search|10|JSON_VERIFIED||2081|ef3f8b98-99d8-4b3b-9a8a-e9752f2f4350
2026-04-01 16:27:46|gpt|web_search|10|QUESTION|87|2081|ef3f8b98-99d8-4b3b-9a8a-e9752f2f4350
2026-04-01 16:27:46|gpt|web_search|10|JSON_SAVED||2081|ef3f8b98-99d8-4b3b-9a8a-e9752f2f4350
2026-04-01 16:27:46|gpt|web_search|10|QUESTION_ADVANCE||2082|87af1be6-2f33-4143-ae7d-8acd5d09dc9d
2026-04-01 16:28:07|gpt|web_search|11|JSON_VERIFIED||2240|9f3a0937-fb31-4fe0-9f04-6890d8e8e45d
2026-04-01 16:28:07|gpt|web_search|11|QUESTION|96|2240|9f3a0937-fb31-4fe0-9f04-6890d8e8e45d
2026-04-01 16:28:07|gpt|web_search|11|JSON_SAVED||2240|9f3a0937-fb31-4fe0-9f04-6890d8e8e45d
2026-04-01 16:28:07|gpt|web_search|11|QUESTION_ADVANCE||2241|42060e72-396f-48c0-a903-a324b4bd41ec
2026-04-01 16:30:11|gpt|web_search|13|QUESTION_SENT||2393|5f3004e0-acde-4f93-927a-6e1647f6726f
2026-04-01 16:30:27|gpt|web_search|10|QUESTION_SENT||2082|87af1be6-2f33-4143-ae7d-8acd5d09dc9d
2026-04-01 16:30:54|gpt|web_search|11|QUESTION_SENT||2241|42060e72-396f-48c0-a903-a324b4bd41ec
2026-04-01 16:31:05|gpt|web_search|13|JSON_VERIFIED||2393|5f3004e0-acde-4f93-927a-6e1647f6726f
2026-04-01 16:31:05|gpt|web_search|13|QUESTION|96|2393|5f3004e0-acde-4f93-927a-6e1647f6726f
2026-04-01 16:31:05|gpt|web_search|13|JSON_SAVED||2393|5f3004e0-acde-4f93-927a-6e1647f6726f
2026-04-01 16:31:05|gpt|web_search|13|QUESTION_ADVANCE||2394|76de3cfa-6d1c-4916-a1fa-152392d1a1a7
2026-04-01 16:31:14|gpt|web_search|10|JSON_VERIFIED||2082|87af1be6-2f33-4143-ae7d-8acd5d09dc9d
2026-04-01 16:31:14|gpt|web_search|10|QUESTION|88|2082|87af1be6-2f33-4143-ae7d-8acd5d09dc9d
2026-04-01 16:31:14|gpt|web_search|10|JSON_SAVED||2082|87af1be6-2f33-4143-ae7d-8acd5d09dc9d
2026-04-01 16:31:14|gpt|web_search|10|QUESTION_ADVANCE||2083|d8aafa97-447b-44fc-ab71-4026aa69ee6e
2026-04-01 16:31:49|gpt|web_search|11|JSON_VERIFIED||2241|42060e72-396f-48c0-a903-a324b4bd41ec
2026-04-01 16:31:49|gpt|web_search|11|QUESTION|97|2241|42060e72-396f-48c0-a903-a324b4bd41ec
2026-04-01 16:31:49|gpt|web_search|11|JSON_SAVED||2241|42060e72-396f-48c0-a903-a324b4bd41ec
2026-04-01 16:31:49|gpt|web_search|11|QUESTION_ADVANCE||2242|215d6b40-66f4-4d5b-adfe-9aea9b35ad2c
2026-04-01 16:33:44|gpt|web_search|13|QUESTION_SENT||2394|76de3cfa-6d1c-4916-a1fa-152392d1a1a7
2026-04-01 16:34:02|gpt|web_search|10|QUESTION_SENT||2083|d8aafa97-447b-44fc-ab71-4026aa69ee6e
2026-04-01 16:34:31|gpt|web_search|11|QUESTION_SENT||2242|215d6b40-66f4-4d5b-adfe-9aea9b35ad2c
2026-04-01 16:34:36|gpt|web_search|13|JSON_VERIFIED||2394|76de3cfa-6d1c-4916-a1fa-152392d1a1a7
2026-04-01 16:34:36|gpt|web_search|13|QUESTION|97|2394|76de3cfa-6d1c-4916-a1fa-152392d1a1a7
2026-04-01 16:34:36|gpt|web_search|13|JSON_SAVED||2394|76de3cfa-6d1c-4916-a1fa-152392d1a1a7
2026-04-01 16:34:36|gpt|web_search|13|QUESTION_ADVANCE||2395|6c2032a3-8f28-4d83-9c1e-d7f0363328f6
2026-04-01 16:35:00|gpt|web_search|10|JSON_VERIFIED||2083|d8aafa97-447b-44fc-ab71-4026aa69ee6e
2026-04-01 16:35:00|gpt|web_search|10|QUESTION|89|2083|d8aafa97-447b-44fc-ab71-4026aa69ee6e
2026-04-01 16:35:00|gpt|web_search|10|JSON_SAVED||2083|d8aafa97-447b-44fc-ab71-4026aa69ee6e
2026-04-01 16:35:00|gpt|web_search|10|QUESTION_ADVANCE||2084|ae4c48a2-3a4f-428f-add6-123e234373c9
2026-04-01 16:35:25|gpt|web_search|11|JSON_VERIFIED||2242|215d6b40-66f4-4d5b-adfe-9aea9b35ad2c
2026-04-01 16:35:25|gpt|web_search|11|QUESTION|98|2242|215d6b40-66f4-4d5b-adfe-9aea9b35ad2c
2026-04-01 16:35:25|gpt|web_search|11|JSON_SAVED||2242|215d6b40-66f4-4d5b-adfe-9aea9b35ad2c
2026-04-01 16:35:25|gpt|web_search|11|QUESTION_ADVANCE||2243|d109c56c-fd5a-40d6-807a-97d8cde204a8
2026-04-01 16:37:17|gpt|web_search|13|QUESTION_SENT||2395|6c2032a3-8f28-4d83-9c1e-d7f0363328f6
2026-04-01 16:37:37|gpt|web_search|10|QUESTION_SENT||2084|ae4c48a2-3a4f-428f-add6-123e234373c9
2026-04-01 16:38:05|gpt|web_search|13|JSON_VERIFIED||2395|6c2032a3-8f28-4d83-9c1e-d7f0363328f6
2026-04-01 16:38:05|gpt|web_search|13|QUESTION|98|2395|6c2032a3-8f28-4d83-9c1e-d7f0363328f6
2026-04-01 16:38:05|gpt|web_search|13|JSON_SAVED||2395|6c2032a3-8f28-4d83-9c1e-d7f0363328f6
2026-04-01 16:38:05|gpt|web_search|13|QUESTION_ADVANCE||2396|c250310a-970d-4c84-8dc5-3ce61eb9448d
2026-04-01 16:38:08|gpt|web_search|11|QUESTION_SENT||2243|d109c56c-fd5a-40d6-807a-97d8cde204a8
2026-04-01 16:38:25|gpt|web_search|10|JSON_VERIFIED||2084|ae4c48a2-3a4f-428f-add6-123e234373c9
2026-04-01 16:38:25|gpt|web_search|10|QUESTION|90|2084|ae4c48a2-3a4f-428f-add6-123e234373c9
2026-04-01 16:38:25|gpt|web_search|10|JSON_SAVED||2084|ae4c48a2-3a4f-428f-add6-123e234373c9
2026-04-01 16:38:25|gpt|web_search|10|QUESTION_ADVANCE||2085|ffb2df99-f83a-40d8-acbb-a96da317b12e
2026-04-01 16:38:56|gpt|web_search|11|JSON_VERIFIED||2243|d109c56c-fd5a-40d6-807a-97d8cde204a8
2026-04-01 16:38:56|gpt|web_search|11|QUESTION|99|2243|d109c56c-fd5a-40d6-807a-97d8cde204a8
2026-04-01 16:38:56|gpt|web_search|11|JSON_SAVED||2243|d109c56c-fd5a-40d6-807a-97d8cde204a8
2026-04-01 16:38:56|gpt|web_search|11|QUESTION_ADVANCE||2244|d09a4126-81c8-4bd5-aca0-1b8c581df11e
2026-04-01 16:40:50|gpt|web_search|13|QUESTION_SENT||2396|c250310a-970d-4c84-8dc5-3ce61eb9448d
2026-04-01 16:41:12|gpt|web_search|10|QUESTION_SENT||2085|ffb2df99-f83a-40d8-acbb-a96da317b12e
2026-04-01 16:41:39|gpt|web_search|13|JSON_VERIFIED||2396|c250310a-970d-4c84-8dc5-3ce61eb9448d
2026-04-01 16:41:39|gpt|web_search|13|QUESTION|99|2396|c250310a-970d-4c84-8dc5-3ce61eb9448d
2026-04-01 16:41:39|gpt|web_search|13|JSON_SAVED||2396|c250310a-970d-4c84-8dc5-3ce61eb9448d
2026-04-01 16:41:39|gpt|web_search|13|QUESTION_ADVANCE||2397|66116b4a-43a9-4895-9086-81b660fef1b1
2026-04-01 16:41:45|gpt|web_search|11|QUESTION_SENT||2244|d09a4126-81c8-4bd5-aca0-1b8c581df11e
2026-04-01 16:42:34|gpt|web_search|11|JSON_VERIFIED||2244|d09a4126-81c8-4bd5-aca0-1b8c581df11e
2026-04-01 16:42:34|gpt|web_search|11|QUESTION|100|2244|d09a4126-81c8-4bd5-aca0-1b8c581df11e
2026-04-01 16:42:34|gpt|web_search|11|JSON_SAVED||2244|d09a4126-81c8-4bd5-aca0-1b8c581df11e
2026-04-01 16:42:34|gpt|web_search|11|QUESTION_ADVANCE||2245|547122b3-0076-450e-8dfb-2f9c9a371f90
2026-04-01 16:44:23|gpt|web_search|13|QUESTION_SENT||2397|66116b4a-43a9-4895-9086-81b660fef1b1
2026-04-01 16:44:47|gpt|web_search|10|QUESTION_SENT||2085|ffb2df99-f83a-40d8-acbb-a96da317b12e
2026-04-01 16:45:10|gpt|web_search|13|JSON_VERIFIED||2397|66116b4a-43a9-4895-9086-81b660fef1b1
2026-04-01 16:45:10|gpt|web_search|13|QUESTION|100|2397|66116b4a-43a9-4895-9086-81b660fef1b1
2026-04-01 16:45:10|gpt|web_search|13|JSON_SAVED||2397|66116b4a-43a9-4895-9086-81b660fef1b1
2026-04-01 16:45:10|gpt|web_search|13|QUESTION_ADVANCE||2398|219dd1f0-8d4f-4362-8edb-c9aa08b2f1bb
2026-04-01 16:45:22|gpt|web_search|11|QUESTION_SENT||2245|547122b3-0076-450e-8dfb-2f9c9a371f90
2026-04-01 16:45:41|gpt|web_search|10|JSON_VERIFIED||2085|ffb2df99-f83a-40d8-acbb-a96da317b12e
2026-04-01 16:45:41|gpt|web_search|10|QUESTION|91|2085|ffb2df99-f83a-40d8-acbb-a96da317b12e
2026-04-01 16:45:41|gpt|web_search|10|JSON_SAVED||2085|ffb2df99-f83a-40d8-acbb-a96da317b12e
2026-04-01 16:45:41|gpt|web_search|10|QUESTION_ADVANCE||2086|07561173-1c24-497a-bbc5-6572c668e9b6
2026-04-01 16:46:24|gpt|web_search|11|JSON_VERIFIED||2245|547122b3-0076-450e-8dfb-2f9c9a371f90
2026-04-01 16:46:24|gpt|web_search|11|QUESTION|101|2245|547122b3-0076-450e-8dfb-2f9c9a371f90
2026-04-01 16:46:24|gpt|web_search|11|JSON_SAVED||2245|547122b3-0076-450e-8dfb-2f9c9a371f90
2026-04-01 16:46:24|gpt|web_search|11|QUESTION_ADVANCE||2246|ea86d1ad-42c7-45cd-af07-8a14368b0be9
2026-04-01 16:47:56|gpt|web_search|13|QUESTION_SENT||2398|219dd1f0-8d4f-4362-8edb-c9aa08b2f1bb
2026-04-01 16:48:22|gpt|web_search|10|QUESTION_SENT||2086|07561173-1c24-497a-bbc5-6572c668e9b6
2026-04-01 16:48:50|gpt|web_search|13|JSON_VERIFIED||2398|219dd1f0-8d4f-4362-8edb-c9aa08b2f1bb
2026-04-01 16:48:50|gpt|web_search|13|QUESTION|101|2398|219dd1f0-8d4f-4362-8edb-c9aa08b2f1bb
2026-04-01 16:48:50|gpt|web_search|13|JSON_SAVED||2398|219dd1f0-8d4f-4362-8edb-c9aa08b2f1bb
2026-04-01 16:48:50|gpt|web_search|13|QUESTION_ADVANCE||2399|5f55bf0d-8cd0-463d-afcc-ace84325757e
2026-04-01 16:48:59|gpt|web_search|11|QUESTION_SENT||2246|ea86d1ad-42c7-45cd-af07-8a14368b0be9
2026-04-01 16:49:12|gpt|web_search|10|JSON_VERIFIED||2086|07561173-1c24-497a-bbc5-6572c668e9b6
2026-04-01 16:49:12|gpt|web_search|10|QUESTION|92|2086|07561173-1c24-497a-bbc5-6572c668e9b6
2026-04-01 16:49:12|gpt|web_search|10|JSON_SAVED||2086|07561173-1c24-497a-bbc5-6572c668e9b6
2026-04-01 16:49:12|gpt|web_search|10|QUESTION_ADVANCE||2087|454b7606-f4ca-436f-8a74-99891ea5568d
2026-04-01 16:49:47|gpt|web_search|11|JSON_VERIFIED||2246|ea86d1ad-42c7-45cd-af07-8a14368b0be9
2026-04-01 16:49:47|gpt|web_search|11|QUESTION|102|2246|ea86d1ad-42c7-45cd-af07-8a14368b0be9
2026-04-01 16:49:47|gpt|web_search|11|JSON_SAVED||2246|ea86d1ad-42c7-45cd-af07-8a14368b0be9
2026-04-01 16:49:47|gpt|web_search|11|QUESTION_ADVANCE||2247|492570a9-57de-43b0-9642-1cdde9b806a0
2026-04-01 16:51:29|gpt|web_search|13|QUESTION_SENT||2399|5f55bf0d-8cd0-463d-afcc-ace84325757e
2026-04-01 16:51:57|gpt|web_search|10|QUESTION_SENT||2087|454b7606-f4ca-436f-8a74-99891ea5568d
2026-04-01 16:52:20|gpt|web_search|13|JSON_VERIFIED||2399|5f55bf0d-8cd0-463d-afcc-ace84325757e
2026-04-01 16:52:20|gpt|web_search|13|QUESTION|102|2399|5f55bf0d-8cd0-463d-afcc-ace84325757e
2026-04-01 16:52:20|gpt|web_search|13|JSON_SAVED||2399|5f55bf0d-8cd0-463d-afcc-ace84325757e
2026-04-01 16:52:20|gpt|web_search|13|QUESTION_ADVANCE||2400|820a1290-1baf-4f1e-8828-6fc3a8e526ef
2026-04-01 16:52:36|gpt|web_search|11|QUESTION_SENT||2247|492570a9-57de-43b0-9642-1cdde9b806a0
2026-04-01 16:53:01|gpt|web_search|10|JSON_VERIFIED||2087|454b7606-f4ca-436f-8a74-99891ea5568d
2026-04-01 16:53:01|gpt|web_search|10|QUESTION|93|2087|454b7606-f4ca-436f-8a74-99891ea5568d
2026-04-01 16:53:01|gpt|web_search|10|JSON_SAVED||2087|454b7606-f4ca-436f-8a74-99891ea5568d
2026-04-01 16:53:01|gpt|web_search|10|QUESTION_ADVANCE||2088|4c64fae7-61bd-482a-b0bc-185d0361089b
2026-04-01 16:53:23|gpt|web_search|11|JSON_VERIFIED||2247|492570a9-57de-43b0-9642-1cdde9b806a0
2026-04-01 16:53:23|gpt|web_search|11|QUESTION|103|2247|492570a9-57de-43b0-9642-1cdde9b806a0
2026-04-01 16:53:23|gpt|web_search|11|JSON_SAVED||2247|492570a9-57de-43b0-9642-1cdde9b806a0
2026-04-01 16:53:23|gpt|web_search|11|QUESTION_ADVANCE||2248|5cc269ed-9ebe-4ca5-91ef-d3453c22b52f
2026-04-01 16:55:02|gpt|web_search|13|QUESTION_SENT||2400|820a1290-1baf-4f1e-8828-6fc3a8e526ef
2026-04-01 16:55:32|gpt|web_search|10|QUESTION_SENT||2088|4c64fae7-61bd-482a-b0bc-185d0361089b
2026-04-01 16:55:47|gpt|web_search|13|JSON_VERIFIED||2400|820a1290-1baf-4f1e-8828-6fc3a8e526ef
2026-04-01 16:55:47|gpt|web_search|13|QUESTION|103|2400|820a1290-1baf-4f1e-8828-6fc3a8e526ef
2026-04-01 16:55:47|gpt|web_search|13|JSON_SAVED||2400|820a1290-1baf-4f1e-8828-6fc3a8e526ef
2026-04-01 16:55:47|gpt|web_search|13|QUESTION_ADVANCE||2401|5c199ad9-fd19-45ac-b3ea-4bcae14e6f67
2026-04-01 16:56:13|gpt|web_search|11|QUESTION_SENT||2248|5cc269ed-9ebe-4ca5-91ef-d3453c22b52f
2026-04-01 16:56:14|gpt|web_search|10|JSON_VERIFIED||2088|4c64fae7-61bd-482a-b0bc-185d0361089b
2026-04-01 16:56:14|gpt|web_search|10|QUESTION|94|2088|4c64fae7-61bd-482a-b0bc-185d0361089b
2026-04-01 16:56:14|gpt|web_search|10|JSON_SAVED||2088|4c64fae7-61bd-482a-b0bc-185d0361089b
2026-04-01 16:56:14|gpt|web_search|10|QUESTION_ADVANCE||2089|048e04b2-b07c-46e7-b72d-cd02cab34b97
2026-04-01 16:57:02|gpt|web_search|11|JSON_VERIFIED||2248|5cc269ed-9ebe-4ca5-91ef-d3453c22b52f
2026-04-01 16:57:02|gpt|web_search|11|QUESTION|104|2248|5cc269ed-9ebe-4ca5-91ef-d3453c22b52f
2026-04-01 16:57:02|gpt|web_search|11|JSON_SAVED||2248|5cc269ed-9ebe-4ca5-91ef-d3453c22b52f
2026-04-01 16:57:02|gpt|web_search|11|QUESTION_ADVANCE||2249|02e9469b-bdc8-4024-ab9e-717e16000262
2026-04-01 16:58:34|gpt|web_search|13|QUESTION_SENT||2401|5c199ad9-fd19-45ac-b3ea-4bcae14e6f67
2026-04-01 16:59:07|gpt|web_search|10|QUESTION_SENT||2089|048e04b2-b07c-46e7-b72d-cd02cab34b97
2026-04-01 16:59:20|gpt|web_search|13|JSON_VERIFIED||2401|5c199ad9-fd19-45ac-b3ea-4bcae14e6f67
2026-04-01 16:59:20|gpt|web_search|13|QUESTION|104|2401|5c199ad9-fd19-45ac-b3ea-4bcae14e6f67
2026-04-01 16:59:20|gpt|web_search|13|JSON_SAVED||2401|5c199ad9-fd19-45ac-b3ea-4bcae14e6f67
2026-04-01 16:59:20|gpt|web_search|13|QUESTION_ADVANCE||2402|dc3d5598-954a-4e7e-a126-5d262b447ac0
2026-04-01 16:59:50|gpt|web_search|11|QUESTION_SENT||2249|02e9469b-bdc8-4024-ab9e-717e16000262
2026-04-01 16:59:59|gpt|web_search|10|JSON_VERIFIED||2089|048e04b2-b07c-46e7-b72d-cd02cab34b97
2026-04-01 16:59:59|gpt|web_search|10|QUESTION|95|2089|048e04b2-b07c-46e7-b72d-cd02cab34b97
2026-04-01 16:59:59|gpt|web_search|10|JSON_SAVED||2089|048e04b2-b07c-46e7-b72d-cd02cab34b97
2026-04-01 16:59:59|gpt|web_search|10|QUESTION_ADVANCE||2090|55a3845e-d96d-444c-a352-7fde4e325aae
2026-04-01 17:00:51|gpt|web_search|11|JSON_VERIFIED||2249|02e9469b-bdc8-4024-ab9e-717e16000262
2026-04-01 17:00:51|gpt|web_search|11|QUESTION|105|2249|02e9469b-bdc8-4024-ab9e-717e16000262
2026-04-01 17:00:51|gpt|web_search|11|JSON_SAVED||2249|02e9469b-bdc8-4024-ab9e-717e16000262
2026-04-01 17:00:51|gpt|web_search|11|QUESTION_ADVANCE||2250|389d574d-a86c-45c3-bdda-650e14096b90
2026-04-01 17:02:07|gpt|web_search|13|QUESTION_SENT||2402|dc3d5598-954a-4e7e-a126-5d262b447ac0
2026-04-01 17:02:42|gpt|web_search|10|QUESTION_SENT||2090|55a3845e-d96d-444c-a352-7fde4e325aae
2026-04-01 17:02:54|gpt|web_search|13|JSON_VERIFIED||2402|dc3d5598-954a-4e7e-a126-5d262b447ac0
2026-04-01 17:02:54|gpt|web_search|13|QUESTION|105|2402|dc3d5598-954a-4e7e-a126-5d262b447ac0
2026-04-01 17:02:54|gpt|web_search|13|JSON_SAVED||2402|dc3d5598-954a-4e7e-a126-5d262b447ac0
2026-04-01 17:02:54|gpt|web_search|13|QUESTION_ADVANCE||2403|c8d82df7-c99f-445b-8842-6fa1e1e33617
2026-04-01 17:03:27|gpt|web_search|11|QUESTION_SENT||2250|389d574d-a86c-45c3-bdda-650e14096b90
2026-04-01 17:03:34|gpt|web_search|10|JSON_VERIFIED||2090|55a3845e-d96d-444c-a352-7fde4e325aae
2026-04-01 17:03:34|gpt|web_search|10|QUESTION|96|2090|55a3845e-d96d-444c-a352-7fde4e325aae
2026-04-01 17:03:34|gpt|web_search|10|JSON_SAVED||2090|55a3845e-d96d-444c-a352-7fde4e325aae
2026-04-01 17:03:34|gpt|web_search|10|QUESTION_ADVANCE||2091|08df2355-f64e-404f-a2a3-d9134758b299
2026-04-01 17:04:21|gpt|web_search|11|JSON_VERIFIED||2250|389d574d-a86c-45c3-bdda-650e14096b90
2026-04-01 17:04:21|gpt|web_search|11|QUESTION|106|2250|389d574d-a86c-45c3-bdda-650e14096b90
2026-04-01 17:04:21|gpt|web_search|11|JSON_SAVED||2250|389d574d-a86c-45c3-bdda-650e14096b90
2026-04-01 17:04:21|gpt|web_search|11|QUESTION_ADVANCE||2251|34b5321b-03b0-409f-9074-4f284cd2d51d
2026-04-01 17:05:40|gpt|web_search|13|QUESTION_SENT||2403|c8d82df7-c99f-445b-8842-6fa1e1e33617
2026-04-01 17:06:17|gpt|web_search|10|QUESTION_SENT||2091|08df2355-f64e-404f-a2a3-d9134758b299
2026-04-01 17:06:28|gpt|web_search|13|JSON_VERIFIED||2403|c8d82df7-c99f-445b-8842-6fa1e1e33617
2026-04-01 17:06:28|gpt|web_search|13|QUESTION|106|2403|c8d82df7-c99f-445b-8842-6fa1e1e33617
2026-04-01 17:06:28|gpt|web_search|13|JSON_SAVED||2403|c8d82df7-c99f-445b-8842-6fa1e1e33617
2026-04-01 17:06:28|gpt|web_search|13|QUESTION_ADVANCE||2404|53239a69-cf12-4395-b5cc-48530db4ae46
2026-04-01 17:07:04|gpt|web_search|11|QUESTION_SENT||2251|34b5321b-03b0-409f-9074-4f284cd2d51d
2026-04-01 17:07:12|gpt|web_search|10|JSON_VERIFIED||2091|08df2355-f64e-404f-a2a3-d9134758b299
2026-04-01 17:07:12|gpt|web_search|10|QUESTION|97|2091|08df2355-f64e-404f-a2a3-d9134758b299
2026-04-01 17:07:12|gpt|web_search|10|JSON_SAVED||2091|08df2355-f64e-404f-a2a3-d9134758b299
2026-04-01 17:07:12|gpt|web_search|10|QUESTION_ADVANCE||2092|998b2dd8-11bf-44cb-ba41-09d465d6d51b
2026-04-01 17:07:50|gpt|web_search|11|JSON_VERIFIED||2251|34b5321b-03b0-409f-9074-4f284cd2d51d
2026-04-01 17:07:50|gpt|web_search|11|QUESTION|107|2251|34b5321b-03b0-409f-9074-4f284cd2d51d
2026-04-01 17:07:50|gpt|web_search|11|JSON_SAVED||2251|34b5321b-03b0-409f-9074-4f284cd2d51d
2026-04-01 17:07:50|gpt|web_search|11|QUESTION_ADVANCE||2252|d926928a-d818-4aab-979c-d4482ead0583
2026-04-01 17:09:13|gpt|web_search|13|QUESTION_SENT||2404|53239a69-cf12-4395-b5cc-48530db4ae46
2026-04-01 17:09:51|gpt|web_search|10|QUESTION_SENT||2092|998b2dd8-11bf-44cb-ba41-09d465d6d51b
2026-04-01 17:10:01|gpt|web_search|13|JSON_VERIFIED||2404|53239a69-cf12-4395-b5cc-48530db4ae46
2026-04-01 17:10:01|gpt|web_search|13|QUESTION|107|2404|53239a69-cf12-4395-b5cc-48530db4ae46
2026-04-01 17:10:01|gpt|web_search|13|JSON_SAVED||2404|53239a69-cf12-4395-b5cc-48530db4ae46
2026-04-01 17:10:01|gpt|web_search|13|QUESTION_ADVANCE||2405|59c6a519-92c4-4820-b34e-59246fa55b20
2026-04-01 17:10:40|gpt|web_search|11|QUESTION_SENT||2252|d926928a-d818-4aab-979c-d4482ead0583
2026-04-01 17:10:41|gpt|web_search|10|JSON_VERIFIED||2092|998b2dd8-11bf-44cb-ba41-09d465d6d51b
2026-04-01 17:10:41|gpt|web_search|10|QUESTION|98|2092|998b2dd8-11bf-44cb-ba41-09d465d6d51b
2026-04-01 17:10:41|gpt|web_search|10|JSON_SAVED||2092|998b2dd8-11bf-44cb-ba41-09d465d6d51b
2026-04-01 17:10:41|gpt|web_search|10|QUESTION_ADVANCE||2093|34478591-3b7c-4532-8b27-c13235135f91
2026-04-01 17:11:41|gpt|web_search|11|JSON_VERIFIED||2252|d926928a-d818-4aab-979c-d4482ead0583
2026-04-01 17:11:41|gpt|web_search|11|QUESTION|108|2252|d926928a-d818-4aab-979c-d4482ead0583
2026-04-01 17:11:41|gpt|web_search|11|JSON_SAVED||2252|d926928a-d818-4aab-979c-d4482ead0583
2026-04-01 17:11:41|gpt|web_search|11|QUESTION_ADVANCE||2253|3c687c0a-a51b-42b7-a95d-e6ee9e558d2e
2026-04-01 17:12:46|gpt|web_search|13|QUESTION_SENT||2405|59c6a519-92c4-4820-b34e-59246fa55b20
2026-04-01 17:13:26|gpt|web_search|10|QUESTION_SENT||2093|34478591-3b7c-4532-8b27-c13235135f91
2026-04-01 17:13:35|gpt|web_search|13|JSON_VERIFIED||2405|59c6a519-92c4-4820-b34e-59246fa55b20
2026-04-01 17:13:35|gpt|web_search|13|QUESTION|108|2405|59c6a519-92c4-4820-b34e-59246fa55b20
2026-04-01 17:13:35|gpt|web_search|13|JSON_SAVED||2405|59c6a519-92c4-4820-b34e-59246fa55b20
2026-04-01 17:13:35|gpt|web_search|13|QUESTION_ADVANCE||2406|8e65481f-c6a3-4925-bd1f-41d8922ce19d
2026-04-01 17:14:17|gpt|web_search|11|QUESTION_SENT||2253|3c687c0a-a51b-42b7-a95d-e6ee9e558d2e
2026-04-01 17:14:25|gpt|web_search|10|JSON_VERIFIED||2093|34478591-3b7c-4532-8b27-c13235135f91
2026-04-01 17:14:25|gpt|web_search|10|QUESTION|99|2093|34478591-3b7c-4532-8b27-c13235135f91
2026-04-01 17:14:25|gpt|web_search|10|JSON_SAVED||2093|34478591-3b7c-4532-8b27-c13235135f91
2026-04-01 17:14:25|gpt|web_search|10|QUESTION_ADVANCE||2094|dac40444-9350-4423-b63d-2e2bd04b2341
2026-04-01 17:15:01|gpt|web_search|11|JSON_VERIFIED||2253|3c687c0a-a51b-42b7-a95d-e6ee9e558d2e
2026-04-01 17:15:01|gpt|web_search|11|QUESTION|109|2253|3c687c0a-a51b-42b7-a95d-e6ee9e558d2e
2026-04-01 17:15:01|gpt|web_search|11|JSON_SAVED||2253|3c687c0a-a51b-42b7-a95d-e6ee9e558d2e
2026-04-01 17:15:01|gpt|web_search|11|QUESTION_ADVANCE||2254|78ab76cf-8e97-4c90-a0b4-47550e1cd989
2026-04-01 17:16:20|gpt|web_search|13|QUESTION_SENT||2406|8e65481f-c6a3-4925-bd1f-41d8922ce19d
2026-04-01 17:17:02|gpt|web_search|10|QUESTION_SENT||2094|dac40444-9350-4423-b63d-2e2bd04b2341
2026-04-01 17:17:15|gpt|web_search|13|JSON_VERIFIED||2406|8e65481f-c6a3-4925-bd1f-41d8922ce19d
2026-04-01 17:17:15|gpt|web_search|13|QUESTION|109|2406|8e65481f-c6a3-4925-bd1f-41d8922ce19d
2026-04-01 17:17:15|gpt|web_search|13|JSON_SAVED||2406|8e65481f-c6a3-4925-bd1f-41d8922ce19d
2026-04-01 17:17:15|gpt|web_search|13|QUESTION_ADVANCE||2407|e90e298c-f3a8-45da-ba68-f53047f0dd58
2026-04-01 17:17:51|gpt|web_search|10|JSON_VERIFIED||2094|dac40444-9350-4423-b63d-2e2bd04b2341
2026-04-01 17:17:51|gpt|web_search|10|QUESTION|100|2094|dac40444-9350-4423-b63d-2e2bd04b2341
2026-04-01 17:17:51|gpt|web_search|10|JSON_SAVED||2094|dac40444-9350-4423-b63d-2e2bd04b2341
2026-04-01 17:17:51|gpt|web_search|10|QUESTION_ADVANCE||2095|b38c1b10-0310-434e-9783-2e2a291d61bd
2026-04-01 17:17:54|gpt|web_search|11|QUESTION_SENT||2254|78ab76cf-8e97-4c90-a0b4-47550e1cd989
2026-04-01 17:18:54|gpt|web_search|11|JSON_VERIFIED||2254|78ab76cf-8e97-4c90-a0b4-47550e1cd989
2026-04-01 17:18:54|gpt|web_search|11|QUESTION|110|2254|78ab76cf-8e97-4c90-a0b4-47550e1cd989
2026-04-01 17:18:54|gpt|web_search|11|JSON_SAVED||2254|78ab76cf-8e97-4c90-a0b4-47550e1cd989
2026-04-01 17:18:54|gpt|web_search|11|QUESTION_ADVANCE||2255|0cf0ec22-f1ac-445a-a449-7a3d49b0ae64
2026-04-01 17:19:52|gpt|web_search|13|QUESTION_SENT||2407|e90e298c-f3a8-45da-ba68-f53047f0dd58
2026-04-01 17:20:37|gpt|web_search|10|QUESTION_SENT||2095|b38c1b10-0310-434e-9783-2e2a291d61bd
2026-04-01 17:20:38|gpt|web_search|13|JSON_VERIFIED||2407|e90e298c-f3a8-45da-ba68-f53047f0dd58
2026-04-01 17:20:38|gpt|web_search|13|QUESTION|110|2407|e90e298c-f3a8-45da-ba68-f53047f0dd58
2026-04-01 17:20:38|gpt|web_search|13|JSON_SAVED||2407|e90e298c-f3a8-45da-ba68-f53047f0dd58
2026-04-01 17:20:38|gpt|web_search|13|QUESTION_ADVANCE||2408|978fb855-2bb2-4f7a-8576-d9ce884b66e0
2026-04-01 17:21:31|gpt|web_search|10|JSON_VERIFIED||2095|b38c1b10-0310-434e-9783-2e2a291d61bd
2026-04-01 17:21:31|gpt|web_search|10|QUESTION|101|2095|b38c1b10-0310-434e-9783-2e2a291d61bd
2026-04-01 17:21:31|gpt|web_search|10|JSON_SAVED||2095|b38c1b10-0310-434e-9783-2e2a291d61bd
2026-04-01 17:21:31|gpt|web_search|10|QUESTION_ADVANCE||2096|0f6c9d7b-632b-4221-bfc7-fdee5578370b
2026-04-01 17:21:31|gpt|web_search|11|QUESTION_SENT||2255|0cf0ec22-f1ac-445a-a449-7a3d49b0ae64
2026-04-01 17:22:38|gpt|web_search|11|JSON_VERIFIED||2255|0cf0ec22-f1ac-445a-a449-7a3d49b0ae64
2026-04-01 17:22:38|gpt|web_search|11|QUESTION|111|2255|0cf0ec22-f1ac-445a-a449-7a3d49b0ae64
2026-04-01 17:22:38|gpt|web_search|11|JSON_SAVED||2255|0cf0ec22-f1ac-445a-a449-7a3d49b0ae64
2026-04-01 17:22:38|gpt|web_search|11|QUESTION_ADVANCE||2256|5caf2283-a95a-4b9f-a258-8e60877d4694
2026-04-01 17:23:25|gpt|web_search|13|QUESTION_SENT||2408|978fb855-2bb2-4f7a-8576-d9ce884b66e0
2026-04-01 17:24:12|gpt|web_search|10|QUESTION_SENT||2096|0f6c9d7b-632b-4221-bfc7-fdee5578370b
2026-04-01 17:24:13|gpt|web_search|13|JSON_VERIFIED||2408|978fb855-2bb2-4f7a-8576-d9ce884b66e0
2026-04-01 17:24:13|gpt|web_search|13|QUESTION|111|2408|978fb855-2bb2-4f7a-8576-d9ce884b66e0
2026-04-01 17:24:13|gpt|web_search|13|JSON_SAVED||2408|978fb855-2bb2-4f7a-8576-d9ce884b66e0
2026-04-01 17:24:13|gpt|web_search|13|QUESTION_ADVANCE||2409|1d468694-d099-4c61-8735-00a8e72fc125
2026-04-01 17:24:51|gpt|web_search|10|JSON_VERIFY_FAILED||2096|0f6c9d7b-632b-4221-bfc7-fdee5578370b
2026-04-01 17:24:51|gpt|web_search|10|QUESTION|102|2096|0f6c9d7b-632b-4221-bfc7-fdee5578370b
2026-04-01 17:25:01|gpt|web_search|10|QUESTION_SENT||2096|0f6c9d7b-632b-4221-bfc7-fdee5578370b
2026-04-01 17:25:08|gpt|web_search|11|QUESTION_SENT||2256|5caf2283-a95a-4b9f-a258-8e60877d4694
2026-04-01 17:25:37|gpt|web_search|10|JSON_VERIFIED||2096|0f6c9d7b-632b-4221-bfc7-fdee5578370b
2026-04-01 17:25:37|gpt|web_search|10|QUESTION|103|2096|0f6c9d7b-632b-4221-bfc7-fdee5578370b
2026-04-01 17:25:37|gpt|web_search|10|JSON_SAVED||2096|0f6c9d7b-632b-4221-bfc7-fdee5578370b
2026-04-01 17:25:37|gpt|web_search|10|QUESTION_ADVANCE||2097|9565959a-3df8-4d37-a511-b70babe014f0
2026-04-01 17:26:02|gpt|web_search|11|JSON_VERIFIED||2256|5caf2283-a95a-4b9f-a258-8e60877d4694
2026-04-01 17:26:02|gpt|web_search|11|QUESTION|112|2256|5caf2283-a95a-4b9f-a258-8e60877d4694
2026-04-01 17:26:02|gpt|web_search|11|JSON_SAVED||2256|5caf2283-a95a-4b9f-a258-8e60877d4694
2026-04-01 17:26:02|gpt|web_search|11|QUESTION_ADVANCE||2257|6bcb185c-70cb-4566-b37d-eed87887b89b
2026-04-01 17:26:58|gpt|web_search|13|QUESTION_SENT||2409|1d468694-d099-4c61-8735-00a8e72fc125
2026-04-01 17:27:35|gpt|web_search|13|JSON_VERIFY_FAILED||2409|1d468694-d099-4c61-8735-00a8e72fc125
2026-04-01 17:27:35|gpt|web_search|13|QUESTION|112|2409|1d468694-d099-4c61-8735-00a8e72fc125
2026-04-01 17:27:45|gpt|web_search|13|QUESTION_SENT||2409|1d468694-d099-4c61-8735-00a8e72fc125
2026-04-01 17:28:22|gpt|web_search|13|JSON_VERIFIED||2409|1d468694-d099-4c61-8735-00a8e72fc125
2026-04-01 17:28:22|gpt|web_search|13|QUESTION|113|2409|1d468694-d099-4c61-8735-00a8e72fc125
2026-04-01 17:28:22|gpt|web_search|13|JSON_SAVED||2409|1d468694-d099-4c61-8735-00a8e72fc125
2026-04-01 17:28:22|gpt|web_search|13|QUESTION_ADVANCE||2410|67b2a718-4aa1-44f5-8484-07214b958449
2026-04-01 17:28:36|gpt|web_search|10|QUESTION_SENT||2097|9565959a-3df8-4d37-a511-b70babe014f0
2026-04-01 17:28:45|gpt|web_search|11|QUESTION_SENT||2257|6bcb185c-70cb-4566-b37d-eed87887b89b
2026-04-01 17:29:27|gpt|web_search|10|JSON_VERIFIED||2097|9565959a-3df8-4d37-a511-b70babe014f0
2026-04-01 17:29:27|gpt|web_search|10|QUESTION|104|2097|9565959a-3df8-4d37-a511-b70babe014f0
2026-04-01 17:29:27|gpt|web_search|10|JSON_SAVED||2097|9565959a-3df8-4d37-a511-b70babe014f0
2026-04-01 17:29:27|gpt|web_search|10|QUESTION_ADVANCE||2098|7f7747d0-3831-428c-969a-9560ffc1db25
2026-04-01 17:29:49|gpt|web_search|11|JSON_VERIFIED||2257|6bcb185c-70cb-4566-b37d-eed87887b89b
2026-04-01 17:29:49|gpt|web_search|11|QUESTION|113|2257|6bcb185c-70cb-4566-b37d-eed87887b89b
2026-04-01 17:29:49|gpt|web_search|11|JSON_SAVED||2257|6bcb185c-70cb-4566-b37d-eed87887b89b
2026-04-01 17:29:49|gpt|web_search|11|QUESTION_ADVANCE||2258|2833b78d-2b99-4382-be9d-cba3a7e1eec7
2026-04-01 17:31:18|gpt|web_search|13|QUESTION_SENT||2410|67b2a718-4aa1-44f5-8484-07214b958449
2026-04-01 17:32:09|gpt|web_search|13|JSON_VERIFIED||2410|67b2a718-4aa1-44f5-8484-07214b958449
2026-04-01 17:32:09|gpt|web_search|13|QUESTION|114|2410|67b2a718-4aa1-44f5-8484-07214b958449
2026-04-01 17:32:09|gpt|web_search|13|JSON_SAVED||2410|67b2a718-4aa1-44f5-8484-07214b958449
2026-04-01 17:32:09|gpt|web_search|13|QUESTION_ADVANCE||2411|1e5d9ecd-6404-492a-a610-d985001e94d1
2026-04-01 17:32:11|gpt|web_search|10|QUESTION_SENT||2098|7f7747d0-3831-428c-969a-9560ffc1db25
2026-04-01 17:32:22|gpt|web_search|11|QUESTION_SENT||2258|2833b78d-2b99-4382-be9d-cba3a7e1eec7
2026-04-01 17:33:09|gpt|web_search|11|JSON_VERIFIED||2258|2833b78d-2b99-4382-be9d-cba3a7e1eec7
2026-04-01 17:33:09|gpt|web_search|11|QUESTION|114|2258|2833b78d-2b99-4382-be9d-cba3a7e1eec7
2026-04-01 17:33:09|gpt|web_search|11|JSON_SAVED||2258|2833b78d-2b99-4382-be9d-cba3a7e1eec7
2026-04-01 17:33:09|gpt|web_search|11|QUESTION_ADVANCE||2259|9435dd10-f008-4f94-bb68-d4876b373b95
2026-04-01 17:33:11|gpt|web_search|10|JSON_VERIFIED||2098|7f7747d0-3831-428c-969a-9560ffc1db25
2026-04-01 17:33:11|gpt|web_search|10|QUESTION|105|2098|7f7747d0-3831-428c-969a-9560ffc1db25
2026-04-01 17:33:11|gpt|web_search|10|JSON_SAVED||2098|7f7747d0-3831-428c-969a-9560ffc1db25
2026-04-01 17:33:11|gpt|web_search|10|QUESTION_ADVANCE||2099|e5e9793a-c5e4-42a2-9752-a46d6ab822eb
2026-04-01 17:34:51|gpt|web_search|13|QUESTION_SENT||2411|1e5d9ecd-6404-492a-a610-d985001e94d1
2026-04-01 17:35:35|gpt|web_search|13|JSON_VERIFIED||2411|1e5d9ecd-6404-492a-a610-d985001e94d1
2026-04-01 17:35:35|gpt|web_search|13|QUESTION|115|2411|1e5d9ecd-6404-492a-a610-d985001e94d1
2026-04-01 17:35:35|gpt|web_search|13|JSON_SAVED||2411|1e5d9ecd-6404-492a-a610-d985001e94d1
2026-04-01 17:35:35|gpt|web_search|13|QUESTION_ADVANCE||2412|a759a5d8-82be-4526-b396-a52d3e9e8aad
2026-04-01 17:35:46|gpt|web_search|10|QUESTION_SENT||2099|e5e9793a-c5e4-42a2-9752-a46d6ab822eb
2026-04-01 17:35:59|gpt|web_search|11|QUESTION_SENT||2259|9435dd10-f008-4f94-bb68-d4876b373b95
2026-04-01 17:36:30|gpt|web_search|10|JSON_VERIFIED||2099|e5e9793a-c5e4-42a2-9752-a46d6ab822eb
2026-04-01 17:36:30|gpt|web_search|10|QUESTION|106|2099|e5e9793a-c5e4-42a2-9752-a46d6ab822eb
2026-04-01 17:36:30|gpt|web_search|10|JSON_SAVED||2099|e5e9793a-c5e4-42a2-9752-a46d6ab822eb
2026-04-01 17:36:30|gpt|web_search|10|QUESTION_ADVANCE||2100|5fcb544b-f3f7-4dce-9d55-b6ad19a6ef93
2026-04-01 17:36:53|gpt|web_search|11|JSON_VERIFIED||2259|9435dd10-f008-4f94-bb68-d4876b373b95
2026-04-01 17:36:53|gpt|web_search|11|QUESTION|115|2259|9435dd10-f008-4f94-bb68-d4876b373b95
2026-04-01 17:36:53|gpt|web_search|11|JSON_SAVED||2259|9435dd10-f008-4f94-bb68-d4876b373b95
2026-04-01 17:36:53|gpt|web_search|11|QUESTION_ADVANCE||2260|f2cb9cce-49ae-43fe-a99e-34981b2ede00
2026-04-01 17:38:24|gpt|web_search|13|QUESTION_SENT||2412|a759a5d8-82be-4526-b396-a52d3e9e8aad
2026-04-01 17:39:12|gpt|web_search|13|JSON_VERIFIED||2412|a759a5d8-82be-4526-b396-a52d3e9e8aad
2026-04-01 17:39:12|gpt|web_search|13|QUESTION|116|2412|a759a5d8-82be-4526-b396-a52d3e9e8aad
2026-04-01 17:39:12|gpt|web_search|13|JSON_SAVED||2412|a759a5d8-82be-4526-b396-a52d3e9e8aad
2026-04-01 17:39:12|gpt|web_search|13|QUESTION_ADVANCE||2413|51e62d30-a7ce-4589-8ef6-abbe6cd70a37
2026-04-01 17:39:21|gpt|web_search|10|QUESTION_SENT||2100|5fcb544b-f3f7-4dce-9d55-b6ad19a6ef93
2026-04-01 17:39:36|gpt|web_search|11|QUESTION_SENT||2260|f2cb9cce-49ae-43fe-a99e-34981b2ede00
2026-04-01 17:40:18|gpt|web_search|10|JSON_VERIFIED||2100|5fcb544b-f3f7-4dce-9d55-b6ad19a6ef93
2026-04-01 17:40:18|gpt|web_search|10|QUESTION|107|2100|5fcb544b-f3f7-4dce-9d55-b6ad19a6ef93
2026-04-01 17:40:18|gpt|web_search|10|JSON_SAVED||2100|5fcb544b-f3f7-4dce-9d55-b6ad19a6ef93
2026-04-01 17:40:18|gpt|web_search|10|QUESTION_ADVANCE||2101|299733dd-b968-4a7b-9572-c462f0207762
2026-04-01 17:40:22|gpt|web_search|11|JSON_VERIFIED||2260|f2cb9cce-49ae-43fe-a99e-34981b2ede00
2026-04-01 17:40:22|gpt|web_search|11|QUESTION|116|2260|f2cb9cce-49ae-43fe-a99e-34981b2ede00
2026-04-01 17:40:22|gpt|web_search|11|JSON_SAVED||2260|f2cb9cce-49ae-43fe-a99e-34981b2ede00
2026-04-01 17:40:22|gpt|web_search|11|QUESTION_ADVANCE||2261|4403b386-cde0-4c60-b1f9-21ba32bb94f7
2026-04-01 17:41:57|gpt|web_search|13|QUESTION_SENT||2413|51e62d30-a7ce-4589-8ef6-abbe6cd70a37
2026-04-01 17:42:45|gpt|web_search|13|JSON_VERIFIED||2413|51e62d30-a7ce-4589-8ef6-abbe6cd70a37
2026-04-01 17:42:45|gpt|web_search|13|QUESTION|117|2413|51e62d30-a7ce-4589-8ef6-abbe6cd70a37
2026-04-01 17:42:45|gpt|web_search|13|JSON_SAVED||2413|51e62d30-a7ce-4589-8ef6-abbe6cd70a37
2026-04-01 17:42:45|gpt|web_search|13|QUESTION_ADVANCE||2414|95fe7868-2dcd-464d-91db-e461f8151812
2026-04-01 17:42:56|gpt|web_search|10|QUESTION_SENT||2101|299733dd-b968-4a7b-9572-c462f0207762
2026-04-01 17:43:12|gpt|web_search|11|QUESTION_SENT||2261|4403b386-cde0-4c60-b1f9-21ba32bb94f7
2026-04-01 17:43:52|gpt|web_search|10|JSON_VERIFIED||2101|299733dd-b968-4a7b-9572-c462f0207762
2026-04-01 17:43:52|gpt|web_search|10|QUESTION|108|2101|299733dd-b968-4a7b-9572-c462f0207762
2026-04-01 17:43:52|gpt|web_search|10|JSON_SAVED||2101|299733dd-b968-4a7b-9572-c462f0207762
2026-04-01 17:43:52|gpt|web_search|10|QUESTION_ADVANCE||2102|26e23295-a180-47c2-a7dd-6629b361b8e7
2026-04-01 17:44:06|gpt|web_search|11|JSON_VERIFIED||2261|4403b386-cde0-4c60-b1f9-21ba32bb94f7
2026-04-01 17:44:06|gpt|web_search|11|QUESTION|117|2261|4403b386-cde0-4c60-b1f9-21ba32bb94f7
2026-04-01 17:44:06|gpt|web_search|11|JSON_SAVED||2261|4403b386-cde0-4c60-b1f9-21ba32bb94f7
2026-04-01 17:44:06|gpt|web_search|11|QUESTION_ADVANCE||2262|20b125cd-6617-4aed-bc51-3da9ed303fa4
2026-04-01 17:45:30|gpt|web_search|13|QUESTION_SENT||2414|95fe7868-2dcd-464d-91db-e461f8151812
2026-04-01 17:46:23|gpt|web_search|13|JSON_VERIFY_FAILED||2414|95fe7868-2dcd-464d-91db-e461f8151812
2026-04-01 17:46:23|gpt|web_search|13|QUESTION|118|2414|95fe7868-2dcd-464d-91db-e461f8151812
2026-04-01 17:46:31|gpt|web_search|10|QUESTION_SENT||2102|26e23295-a180-47c2-a7dd-6629b361b8e7
2026-04-01 17:46:33|gpt|web_search|13|QUESTION_SENT||2414|95fe7868-2dcd-464d-91db-e461f8151812
2026-04-01 17:46:49|gpt|web_search|11|QUESTION_SENT||2262|20b125cd-6617-4aed-bc51-3da9ed303fa4
2026-04-01 17:47:04|gpt|web_search|13|JSON_VERIFIED||2414|95fe7868-2dcd-464d-91db-e461f8151812
2026-04-01 17:47:04|gpt|web_search|13|QUESTION|119|2414|95fe7868-2dcd-464d-91db-e461f8151812
2026-04-01 17:47:04|gpt|web_search|13|JSON_SAVED||2414|95fe7868-2dcd-464d-91db-e461f8151812
2026-04-01 17:47:04|gpt|web_search|13|QUESTION_ADVANCE||2415|9039f801-6d7e-4d99-8e54-d467da6b91a4
2026-04-01 17:47:28|gpt|web_search|10|JSON_VERIFIED||2102|26e23295-a180-47c2-a7dd-6629b361b8e7
2026-04-01 17:47:28|gpt|web_search|10|QUESTION|109|2102|26e23295-a180-47c2-a7dd-6629b361b8e7
2026-04-01 17:47:28|gpt|web_search|10|JSON_SAVED||2102|26e23295-a180-47c2-a7dd-6629b361b8e7
2026-04-01 17:47:28|gpt|web_search|10|QUESTION_ADVANCE||2103|516f716a-0418-45e7-995e-12093bfa6c4f
2026-04-01 17:47:40|gpt|web_search|11|JSON_VERIFIED||2262|20b125cd-6617-4aed-bc51-3da9ed303fa4
2026-04-01 17:47:40|gpt|web_search|11|QUESTION|118|2262|20b125cd-6617-4aed-bc51-3da9ed303fa4
2026-04-01 17:47:40|gpt|web_search|11|JSON_SAVED||2262|20b125cd-6617-4aed-bc51-3da9ed303fa4
2026-04-01 17:47:40|gpt|web_search|11|QUESTION_ADVANCE||2263|3897823b-7383-4589-b5a1-295826ae0b19
2026-04-01 17:50:05|gpt|web_search|13|QUESTION_SENT||2415|9039f801-6d7e-4d99-8e54-d467da6b91a4
2026-04-01 17:50:06|gpt|web_search|10|QUESTION_SENT||2103|516f716a-0418-45e7-995e-12093bfa6c4f
2026-04-01 17:50:26|gpt|web_search|11|QUESTION_SENT||2263|3897823b-7383-4589-b5a1-295826ae0b19
2026-04-01 17:50:54|gpt|web_search|10|JSON_VERIFIED||2103|516f716a-0418-45e7-995e-12093bfa6c4f
2026-04-01 17:50:54|gpt|web_search|10|QUESTION|110|2103|516f716a-0418-45e7-995e-12093bfa6c4f
2026-04-01 17:50:54|gpt|web_search|10|JSON_SAVED||2103|516f716a-0418-45e7-995e-12093bfa6c4f
2026-04-01 17:50:54|gpt|web_search|10|QUESTION_ADVANCE||2104|bef055b9-3a47-46a8-bb98-a74a2eb4b087
2026-04-01 17:51:16|gpt|web_search|11|JSON_VERIFIED||2263|3897823b-7383-4589-b5a1-295826ae0b19
2026-04-01 17:51:16|gpt|web_search|11|QUESTION|119|2263|3897823b-7383-4589-b5a1-295826ae0b19
2026-04-01 17:51:16|gpt|web_search|11|JSON_SAVED||2263|3897823b-7383-4589-b5a1-295826ae0b19
2026-04-01 17:51:16|gpt|web_search|11|QUESTION_ADVANCE||2264|a2fd9a78-0f39-4333-a889-e77aca85d489
2026-04-01 17:53:38|gpt|web_search|13|QUESTION_SENT||2415|9039f801-6d7e-4d99-8e54-d467da6b91a4
2026-04-01 17:53:41|gpt|web_search|10|QUESTION_SENT||2104|bef055b9-3a47-46a8-bb98-a74a2eb4b087
2026-04-01 17:54:03|gpt|web_search|11|QUESTION_SENT||2264|a2fd9a78-0f39-4333-a889-e77aca85d489
2026-04-01 17:54:35|gpt|web_search|13|JSON_VERIFIED||2415|9039f801-6d7e-4d99-8e54-d467da6b91a4
2026-04-01 17:54:35|gpt|web_search|13|QUESTION|120|2415|9039f801-6d7e-4d99-8e54-d467da6b91a4
2026-04-01 17:54:35|gpt|web_search|13|JSON_SAVED||2415|9039f801-6d7e-4d99-8e54-d467da6b91a4
2026-04-01 17:54:35|gpt|web_search|13|QUESTION_ADVANCE||2416|d3dec7b7-3aaa-4fde-806b-5cf81b8e9f2d
2026-04-01 17:54:39|gpt|web_search|10|JSON_VERIFIED||2104|bef055b9-3a47-46a8-bb98-a74a2eb4b087
2026-04-01 17:54:39|gpt|web_search|10|QUESTION|111|2104|bef055b9-3a47-46a8-bb98-a74a2eb4b087
2026-04-01 17:54:39|gpt|web_search|10|JSON_SAVED||2104|bef055b9-3a47-46a8-bb98-a74a2eb4b087
2026-04-01 17:54:39|gpt|web_search|10|QUESTION_ADVANCE||2105|3cc4a24a-bd5d-4232-8b7b-42a286140caf
2026-04-01 17:55:00|gpt|web_search|11|JSON_VERIFIED||2264|a2fd9a78-0f39-4333-a889-e77aca85d489
2026-04-01 17:55:00|gpt|web_search|11|QUESTION|120|2264|a2fd9a78-0f39-4333-a889-e77aca85d489
2026-04-01 17:55:00|gpt|web_search|11|JSON_SAVED||2264|a2fd9a78-0f39-4333-a889-e77aca85d489
2026-04-01 17:55:00|gpt|web_search|11|QUESTION_ADVANCE||2265|7024446b-28bb-41d1-a6b9-3ab2559120df
2026-04-01 17:57:12|gpt|web_search|13|QUESTION_SENT||2416|d3dec7b7-3aaa-4fde-806b-5cf81b8e9f2d
2026-04-01 17:57:16|gpt|web_search|10|QUESTION_SENT||2105|3cc4a24a-bd5d-4232-8b7b-42a286140caf
2026-04-01 17:57:40|gpt|web_search|11|QUESTION_SENT||2265|7024446b-28bb-41d1-a6b9-3ab2559120df
2026-04-01 17:58:10|gpt|web_search|10|JSON_VERIFIED||2105|3cc4a24a-bd5d-4232-8b7b-42a286140caf
2026-04-01 17:58:10|gpt|web_search|10|QUESTION|112|2105|3cc4a24a-bd5d-4232-8b7b-42a286140caf
2026-04-01 17:58:10|gpt|web_search|10|JSON_SAVED||2105|3cc4a24a-bd5d-4232-8b7b-42a286140caf
2026-04-01 17:58:10|gpt|web_search|10|QUESTION_ADVANCE||2106|1a7f8391-78c2-4acf-951f-32c32a004898
2026-04-01 17:58:11|gpt|web_search|13|JSON_VERIFIED||2416|d3dec7b7-3aaa-4fde-806b-5cf81b8e9f2d
2026-04-01 17:58:11|gpt|web_search|13|QUESTION|121|2416|d3dec7b7-3aaa-4fde-806b-5cf81b8e9f2d
2026-04-01 17:58:11|gpt|web_search|13|JSON_SAVED||2416|d3dec7b7-3aaa-4fde-806b-5cf81b8e9f2d
2026-04-01 17:58:11|gpt|web_search|13|QUESTION_ADVANCE||2417|fa1300a2-776d-409d-9b4a-6281aced3405
2026-04-01 17:58:29|gpt|web_search|11|JSON_VERIFIED||2265|7024446b-28bb-41d1-a6b9-3ab2559120df
2026-04-01 17:58:29|gpt|web_search|11|QUESTION|121|2265|7024446b-28bb-41d1-a6b9-3ab2559120df
2026-04-01 17:58:29|gpt|web_search|11|JSON_SAVED||2265|7024446b-28bb-41d1-a6b9-3ab2559120df
2026-04-01 17:58:29|gpt|web_search|11|QUESTION_ADVANCE||2266|001ceedb-8577-4f82-bfb6-1834f9a828fd
2026-04-01 18:00:45|gpt|web_search|13|QUESTION_SENT||2417|fa1300a2-776d-409d-9b4a-6281aced3405
2026-04-01 18:00:51|gpt|web_search|10|QUESTION_SENT||2106|1a7f8391-78c2-4acf-951f-32c32a004898
2026-04-01 18:01:18|gpt|web_search|11|QUESTION_SENT||2266|001ceedb-8577-4f82-bfb6-1834f9a828fd
2026-04-01 18:01:29|gpt|web_search|13|JSON_VERIFIED||2417|fa1300a2-776d-409d-9b4a-6281aced3405
2026-04-01 18:01:29|gpt|web_search|13|QUESTION|122|2417|fa1300a2-776d-409d-9b4a-6281aced3405
2026-04-01 18:01:29|gpt|web_search|13|JSON_SAVED||2417|fa1300a2-776d-409d-9b4a-6281aced3405
2026-04-01 18:01:29|gpt|web_search|13|QUESTION_ADVANCE||2418|f725cfdf-b8f2-47f1-8c4e-b2f3200cee5b
2026-04-01 18:02:05|gpt|web_search|10|JSON_VERIFIED||2106|1a7f8391-78c2-4acf-951f-32c32a004898
2026-04-01 18:02:05|gpt|web_search|10|QUESTION|113|2106|1a7f8391-78c2-4acf-951f-32c32a004898
2026-04-01 18:02:05|gpt|web_search|10|JSON_SAVED||2106|1a7f8391-78c2-4acf-951f-32c32a004898
2026-04-01 18:02:05|gpt|web_search|10|QUESTION_ADVANCE||2107|c119c6b8-7778-4fb5-b786-517f363b2422
2026-04-01 18:02:06|gpt|web_search|11|JSON_VERIFIED||2266|001ceedb-8577-4f82-bfb6-1834f9a828fd
2026-04-01 18:02:06|gpt|web_search|11|QUESTION|122|2266|001ceedb-8577-4f82-bfb6-1834f9a828fd
2026-04-01 18:02:06|gpt|web_search|11|JSON_SAVED||2266|001ceedb-8577-4f82-bfb6-1834f9a828fd
2026-04-01 18:02:06|gpt|web_search|11|QUESTION_ADVANCE||2267|d156ff32-17ac-4f52-aa23-c8530da35bf4
2026-04-01 18:04:18|gpt|web_search|13|QUESTION_SENT||2418|f725cfdf-b8f2-47f1-8c4e-b2f3200cee5b
2026-04-01 18:04:26|gpt|web_search|10|QUESTION_SENT||2107|c119c6b8-7778-4fb5-b786-517f363b2422
2026-04-01 18:04:55|gpt|web_search|11|QUESTION_SENT||2267|d156ff32-17ac-4f52-aa23-c8530da35bf4
2026-04-01 18:05:11|gpt|web_search|13|JSON_VERIFIED||2418|f725cfdf-b8f2-47f1-8c4e-b2f3200cee5b
2026-04-01 18:05:11|gpt|web_search|13|QUESTION|123|2418|f725cfdf-b8f2-47f1-8c4e-b2f3200cee5b
2026-04-01 18:05:11|gpt|web_search|13|JSON_SAVED||2418|f725cfdf-b8f2-47f1-8c4e-b2f3200cee5b
2026-04-01 18:05:11|gpt|web_search|13|QUESTION_ADVANCE||2419|222695b1-3cf6-4f0c-b949-669331f0ad12
2026-04-01 18:05:17|gpt|web_search|10|JSON_VERIFIED||2107|c119c6b8-7778-4fb5-b786-517f363b2422
2026-04-01 18:05:17|gpt|web_search|10|QUESTION|114|2107|c119c6b8-7778-4fb5-b786-517f363b2422
2026-04-01 18:05:17|gpt|web_search|10|JSON_SAVED||2107|c119c6b8-7778-4fb5-b786-517f363b2422
2026-04-01 18:05:17|gpt|web_search|10|QUESTION_ADVANCE||2108|72c0f808-c3fb-48b4-9fc4-3ee73bc044f6
2026-04-01 18:05:44|gpt|web_search|11|JSON_VERIFIED||2267|d156ff32-17ac-4f52-aa23-c8530da35bf4
2026-04-01 18:05:44|gpt|web_search|11|QUESTION|123|2267|d156ff32-17ac-4f52-aa23-c8530da35bf4
2026-04-01 18:05:44|gpt|web_search|11|JSON_SAVED||2267|d156ff32-17ac-4f52-aa23-c8530da35bf4
2026-04-01 18:05:44|gpt|web_search|11|QUESTION_ADVANCE||2268|5cd7d347-998d-4a1f-a983-8841b97f7dd9
2026-04-01 18:07:50|gpt|web_search|13|QUESTION_SENT||2419|222695b1-3cf6-4f0c-b949-669331f0ad12
2026-04-01 18:08:01|gpt|web_search|10|QUESTION_SENT||2108|72c0f808-c3fb-48b4-9fc4-3ee73bc044f6
2026-04-01 18:08:32|gpt|web_search|11|QUESTION_SENT||2268|5cd7d347-998d-4a1f-a983-8841b97f7dd9
2026-04-01 18:08:44|gpt|web_search|13|JSON_VERIFIED||2419|222695b1-3cf6-4f0c-b949-669331f0ad12
2026-04-01 18:08:44|gpt|web_search|13|QUESTION|124|2419|222695b1-3cf6-4f0c-b949-669331f0ad12
2026-04-01 18:08:44|gpt|web_search|13|JSON_SAVED||2419|222695b1-3cf6-4f0c-b949-669331f0ad12
2026-04-01 18:08:44|gpt|web_search|13|QUESTION_ADVANCE||2420|200a1b65-c455-41b2-a134-6570f9f4fb2c
2026-04-01 18:09:02|gpt|web_search|10|JSON_VERIFIED||2108|72c0f808-c3fb-48b4-9fc4-3ee73bc044f6
2026-04-01 18:09:02|gpt|web_search|10|QUESTION|115|2108|72c0f808-c3fb-48b4-9fc4-3ee73bc044f6
2026-04-01 18:09:02|gpt|web_search|10|JSON_SAVED||2108|72c0f808-c3fb-48b4-9fc4-3ee73bc044f6
2026-04-01 18:09:02|gpt|web_search|10|QUESTION_ADVANCE||2109|be10422d-1a7b-4d10-bc5e-c0874ba0d095
2026-04-01 18:09:09|gpt|web_search|11|JSON_VERIFIED||2268|5cd7d347-998d-4a1f-a983-8841b97f7dd9
2026-04-01 18:09:09|gpt|web_search|11|QUESTION|124|2268|5cd7d347-998d-4a1f-a983-8841b97f7dd9
2026-04-01 18:09:09|gpt|web_search|11|JSON_SAVED||2268|5cd7d347-998d-4a1f-a983-8841b97f7dd9
2026-04-01 18:09:09|gpt|web_search|11|QUESTION_ADVANCE||2269|e8bdb42b-ab8d-4fa2-aada-cb1fec7e93f9
2026-04-01 18:11:23|gpt|web_search|13|QUESTION_SENT||2420|200a1b65-c455-41b2-a134-6570f9f4fb2c
2026-04-01 18:11:36|gpt|web_search|10|QUESTION_SENT||2109|be10422d-1a7b-4d10-bc5e-c0874ba0d095
2026-04-01 18:12:09|gpt|web_search|11|QUESTION_SENT||2269|e8bdb42b-ab8d-4fa2-aada-cb1fec7e93f9
2026-04-01 18:12:13|gpt|web_search|13|JSON_VERIFIED||2420|200a1b65-c455-41b2-a134-6570f9f4fb2c
2026-04-01 18:12:13|gpt|web_search|13|QUESTION|125|2420|200a1b65-c455-41b2-a134-6570f9f4fb2c
2026-04-01 18:12:13|gpt|web_search|13|JSON_SAVED||2420|200a1b65-c455-41b2-a134-6570f9f4fb2c
2026-04-01 18:12:13|gpt|web_search|13|QUESTION_ADVANCE||2421|3a65227c-f6ff-45a1-a682-b56f9c57b9db
2026-04-01 18:12:29|gpt|web_search|10|JSON_VERIFIED||2109|be10422d-1a7b-4d10-bc5e-c0874ba0d095
2026-04-01 18:12:29|gpt|web_search|10|QUESTION|116|2109|be10422d-1a7b-4d10-bc5e-c0874ba0d095
2026-04-01 18:12:29|gpt|web_search|10|JSON_SAVED||2109|be10422d-1a7b-4d10-bc5e-c0874ba0d095
2026-04-01 18:12:29|gpt|web_search|10|QUESTION_ADVANCE||2110|a76ecfee-6909-46c8-b430-b3d8bee29e5d
2026-04-01 18:12:47|gpt|web_search|11|JSON_VERIFY_FAILED||2269|e8bdb42b-ab8d-4fa2-aada-cb1fec7e93f9
2026-04-01 18:12:47|gpt|web_search|11|QUESTION|125|2269|e8bdb42b-ab8d-4fa2-aada-cb1fec7e93f9
2026-04-01 18:12:57|gpt|web_search|11|QUESTION_SENT||2269|e8bdb42b-ab8d-4fa2-aada-cb1fec7e93f9
2026-04-01 18:13:22|gpt|web_search|11|JSON_VERIFIED||2269|e8bdb42b-ab8d-4fa2-aada-cb1fec7e93f9
2026-04-01 18:13:22|gpt|web_search|11|QUESTION|126|2269|e8bdb42b-ab8d-4fa2-aada-cb1fec7e93f9
2026-04-01 18:13:22|gpt|web_search|11|JSON_SAVED||2269|e8bdb42b-ab8d-4fa2-aada-cb1fec7e93f9
2026-04-01 18:13:22|gpt|web_search|11|QUESTION_ADVANCE||2270|2a3fe344-f76e-4a2d-b43b-0169e6fd961b
2026-04-01 18:14:56|gpt|web_search|13|QUESTION_SENT||2421|3a65227c-f6ff-45a1-a682-b56f9c57b9db
2026-04-01 18:15:11|gpt|web_search|10|QUESTION_SENT||2110|a76ecfee-6909-46c8-b430-b3d8bee29e5d
2026-04-01 18:15:42|gpt|web_search|13|JSON_VERIFIED||2421|3a65227c-f6ff-45a1-a682-b56f9c57b9db
2026-04-01 18:15:42|gpt|web_search|13|QUESTION|126|2421|3a65227c-f6ff-45a1-a682-b56f9c57b9db
2026-04-01 18:15:42|gpt|web_search|13|JSON_SAVED||2421|3a65227c-f6ff-45a1-a682-b56f9c57b9db
2026-04-01 18:15:42|gpt|web_search|13|QUESTION_ADVANCE||2422|795ea4a7-c293-4004-97f1-d5358f59159f
2026-04-01 18:16:02|gpt|web_search|10|JSON_VERIFIED||2110|a76ecfee-6909-46c8-b430-b3d8bee29e5d
2026-04-01 18:16:02|gpt|web_search|10|QUESTION|117|2110|a76ecfee-6909-46c8-b430-b3d8bee29e5d
2026-04-01 18:16:02|gpt|web_search|10|JSON_SAVED||2110|a76ecfee-6909-46c8-b430-b3d8bee29e5d
2026-04-01 18:16:02|gpt|web_search|10|QUESTION_ADVANCE||2111|6fe1ca02-fac0-4180-bb64-c8361b5a5178
2026-04-01 18:16:34|gpt|web_search|11|QUESTION_SENT||2270|2a3fe344-f76e-4a2d-b43b-0169e6fd961b
2026-04-01 18:17:06|gpt|web_search|11|JSON_VERIFIED||2270|2a3fe344-f76e-4a2d-b43b-0169e6fd961b
2026-04-01 18:17:06|gpt|web_search|11|QUESTION|127|2270|2a3fe344-f76e-4a2d-b43b-0169e6fd961b
2026-04-01 18:17:06|gpt|web_search|11|JSON_SAVED||2270|2a3fe344-f76e-4a2d-b43b-0169e6fd961b
2026-04-01 18:17:06|gpt|web_search|11|QUESTION_ADVANCE||2271|09242a07-f9f8-471e-a48e-44ce376c58e0
2026-04-01 18:18:29|gpt|web_search|13|QUESTION_SENT||2422|795ea4a7-c293-4004-97f1-d5358f59159f
2026-04-01 18:18:46|gpt|web_search|10|QUESTION_SENT||2111|6fe1ca02-fac0-4180-bb64-c8361b5a5178
2026-04-01 18:19:06|gpt|web_search|13|JSON_VERIFIED||2422|795ea4a7-c293-4004-97f1-d5358f59159f
2026-04-01 18:19:06|gpt|web_search|13|QUESTION|127|2422|795ea4a7-c293-4004-97f1-d5358f59159f
2026-04-01 18:19:06|gpt|web_search|13|JSON_SAVED||2422|795ea4a7-c293-4004-97f1-d5358f59159f
2026-04-01 18:19:06|gpt|web_search|13|QUESTION_ADVANCE||2423|0c13ea9b-8936-4ab5-9472-2505b9b860a6
2026-04-01 18:19:40|gpt|web_search|10|JSON_VERIFIED||2111|6fe1ca02-fac0-4180-bb64-c8361b5a5178
2026-04-01 18:19:40|gpt|web_search|10|QUESTION|118|2111|6fe1ca02-fac0-4180-bb64-c8361b5a5178
2026-04-01 18:19:40|gpt|web_search|10|JSON_SAVED||2111|6fe1ca02-fac0-4180-bb64-c8361b5a5178
2026-04-01 18:19:40|gpt|web_search|10|QUESTION_ADVANCE||2112|21954431-5748-44c4-879a-281011e41991
2026-04-01 18:20:11|gpt|web_search|11|QUESTION_SENT||2271|09242a07-f9f8-471e-a48e-44ce376c58e0
2026-04-01 18:20:50|gpt|web_search|11|JSON_VERIFIED||2271|09242a07-f9f8-471e-a48e-44ce376c58e0
2026-04-01 18:20:50|gpt|web_search|11|QUESTION|128|2271|09242a07-f9f8-471e-a48e-44ce376c58e0
2026-04-01 18:20:50|gpt|web_search|11|JSON_SAVED||2271|09242a07-f9f8-471e-a48e-44ce376c58e0
2026-04-01 18:20:50|gpt|web_search|11|QUESTION_ADVANCE||2272|4d79a1e0-0964-4549-9a6a-fdbab971b129
2026-04-01 18:22:02|gpt|web_search|13|QUESTION_SENT||2423|0c13ea9b-8936-4ab5-9472-2505b9b860a6
2026-04-01 18:22:21|gpt|web_search|10|QUESTION_SENT||2112|21954431-5748-44c4-879a-281011e41991
2026-04-01 18:22:40|gpt|web_search|13|JSON_VERIFIED||2423|0c13ea9b-8936-4ab5-9472-2505b9b860a6
2026-04-01 18:22:40|gpt|web_search|13|QUESTION|128|2423|0c13ea9b-8936-4ab5-9472-2505b9b860a6
2026-04-01 18:22:40|gpt|web_search|13|JSON_SAVED||2423|0c13ea9b-8936-4ab5-9472-2505b9b860a6
2026-04-01 18:22:40|gpt|web_search|13|QUESTION_ADVANCE||2424|212fcd84-240d-4d19-888f-ebc04a5282ab
2026-04-01 18:23:18|gpt|web_search|10|JSON_VERIFIED||2112|21954431-5748-44c4-879a-281011e41991
2026-04-01 18:23:18|gpt|web_search|10|QUESTION|119|2112|21954431-5748-44c4-879a-281011e41991
2026-04-01 18:23:18|gpt|web_search|10|JSON_SAVED||2112|21954431-5748-44c4-879a-281011e41991
2026-04-01 18:23:18|gpt|web_search|10|QUESTION_ADVANCE||2113|2b0b6082-7b60-4b55-9b06-37178e6b1080
2026-04-01 18:23:48|gpt|web_search|11|QUESTION_SENT||2272|4d79a1e0-0964-4549-9a6a-fdbab971b129
2026-04-01 18:24:23|gpt|web_search|11|JSON_VERIFIED||2272|4d79a1e0-0964-4549-9a6a-fdbab971b129
2026-04-01 18:24:23|gpt|web_search|11|QUESTION|129|2272|4d79a1e0-0964-4549-9a6a-fdbab971b129
2026-04-01 18:24:23|gpt|web_search|11|JSON_SAVED||2272|4d79a1e0-0964-4549-9a6a-fdbab971b129
2026-04-01 18:24:23|gpt|web_search|11|QUESTION_ADVANCE||2273|0b218579-b092-4614-b543-29f42a7badac
2026-04-01 18:25:35|gpt|web_search|13|QUESTION_SENT||2424|212fcd84-240d-4d19-888f-ebc04a5282ab
2026-04-01 18:25:56|gpt|web_search|10|QUESTION_SENT||2113|2b0b6082-7b60-4b55-9b06-37178e6b1080
2026-04-01 18:26:10|gpt|web_search|13|JSON_VERIFIED||2424|212fcd84-240d-4d19-888f-ebc04a5282ab
2026-04-01 18:26:10|gpt|web_search|13|QUESTION|129|2424|212fcd84-240d-4d19-888f-ebc04a5282ab
2026-04-01 18:26:10|gpt|web_search|13|JSON_SAVED||2424|212fcd84-240d-4d19-888f-ebc04a5282ab
2026-04-01 18:26:10|gpt|web_search|13|QUESTION_ADVANCE||2425|867d2b2c-84bb-418a-a4b4-afcbd9800317
2026-04-01 18:26:53|gpt|web_search|10|JSON_VERIFIED||2113|2b0b6082-7b60-4b55-9b06-37178e6b1080
2026-04-01 18:26:53|gpt|web_search|10|QUESTION|120|2113|2b0b6082-7b60-4b55-9b06-37178e6b1080
2026-04-01 18:26:53|gpt|web_search|10|JSON_SAVED||2113|2b0b6082-7b60-4b55-9b06-37178e6b1080
2026-04-01 18:26:53|gpt|web_search|10|QUESTION_ADVANCE||2114|b8ad56b7-3ef3-403f-8b94-0d381fdafc65
2026-04-01 18:27:25|gpt|web_search|11|QUESTION_SENT||2273|0b218579-b092-4614-b543-29f42a7badac
2026-04-01 18:27:59|gpt|web_search|11|JSON_VERIFIED||2273|0b218579-b092-4614-b543-29f42a7badac
2026-04-01 18:27:59|gpt|web_search|11|QUESTION|130|2273|0b218579-b092-4614-b543-29f42a7badac
2026-04-01 18:27:59|gpt|web_search|11|JSON_SAVED||2273|0b218579-b092-4614-b543-29f42a7badac
2026-04-01 18:27:59|gpt|web_search|11|QUESTION_ADVANCE||2274|a94a72a2-6b6f-4089-ab65-45e9344c6f24
2026-04-01 18:29:08|gpt|web_search|13|QUESTION_SENT||2425|867d2b2c-84bb-418a-a4b4-afcbd9800317
2026-04-01 18:29:31|gpt|web_search|10|QUESTION_SENT||2114|b8ad56b7-3ef3-403f-8b94-0d381fdafc65
2026-04-01 18:29:43|gpt|web_search|13|JSON_VERIFY_FAILED||2425|867d2b2c-84bb-418a-a4b4-afcbd9800317
2026-04-01 18:29:43|gpt|web_search|13|QUESTION|130|2425|867d2b2c-84bb-418a-a4b4-afcbd9800317
2026-04-01 18:29:53|gpt|web_search|13|QUESTION_SENT||2425|867d2b2c-84bb-418a-a4b4-afcbd9800317
2026-04-01 18:30:14|gpt|web_search|13|JSON_VERIFIED||2425|867d2b2c-84bb-418a-a4b4-afcbd9800317
2026-04-01 18:30:14|gpt|web_search|13|QUESTION|131|2425|867d2b2c-84bb-418a-a4b4-afcbd9800317
2026-04-01 18:30:14|gpt|web_search|13|JSON_SAVED||2425|867d2b2c-84bb-418a-a4b4-afcbd9800317
2026-04-01 18:30:14|gpt|web_search|13|QUESTION_ADVANCE||2426|e8d61259-d976-41b5-85a4-3e89373ea396
2026-04-01 18:30:30|gpt|web_search|10|JSON_VERIFIED||2114|b8ad56b7-3ef3-403f-8b94-0d381fdafc65
2026-04-01 18:30:30|gpt|web_search|10|QUESTION|121|2114|b8ad56b7-3ef3-403f-8b94-0d381fdafc65
2026-04-01 18:30:30|gpt|web_search|10|JSON_SAVED||2114|b8ad56b7-3ef3-403f-8b94-0d381fdafc65
2026-04-01 18:30:30|gpt|web_search|10|QUESTION_ADVANCE||2115|58b96514-2bae-41c9-8cc8-5ba79692d59f
2026-04-01 18:31:02|gpt|web_search|11|QUESTION_SENT||2274|a94a72a2-6b6f-4089-ab65-45e9344c6f24
2026-04-01 18:31:40|gpt|web_search|11|JSON_VERIFIED||2274|a94a72a2-6b6f-4089-ab65-45e9344c6f24
2026-04-01 18:31:40|gpt|web_search|11|QUESTION|131|2274|a94a72a2-6b6f-4089-ab65-45e9344c6f24
2026-04-01 18:31:40|gpt|web_search|11|JSON_SAVED||2274|a94a72a2-6b6f-4089-ab65-45e9344c6f24
2026-04-01 18:31:40|gpt|web_search|11|QUESTION_ADVANCE||2275|10ce4c9a-8f6f-4160-a0cf-1b04a49a87c0
2026-04-01 18:33:07|gpt|web_search|10|QUESTION_SENT||2115|58b96514-2bae-41c9-8cc8-5ba79692d59f
2026-04-01 18:33:26|gpt|web_search|13|QUESTION_SENT||2426|e8d61259-d976-41b5-85a4-3e89373ea396
2026-04-01 18:33:53|gpt|web_search|10|JSON_VERIFIED||2115|58b96514-2bae-41c9-8cc8-5ba79692d59f
2026-04-01 18:33:53|gpt|web_search|10|QUESTION|122|2115|58b96514-2bae-41c9-8cc8-5ba79692d59f
2026-04-01 18:33:53|gpt|web_search|10|JSON_SAVED||2115|58b96514-2bae-41c9-8cc8-5ba79692d59f
2026-04-01 18:33:53|gpt|web_search|10|QUESTION_ADVANCE||2116|c99a9e4f-04d9-4ab9-8efe-ebf46adacc3d
2026-04-01 18:34:01|gpt|web_search|13|JSON_VERIFIED||2426|e8d61259-d976-41b5-85a4-3e89373ea396
2026-04-01 18:34:01|gpt|web_search|13|QUESTION|132|2426|e8d61259-d976-41b5-85a4-3e89373ea396
2026-04-01 18:34:01|gpt|web_search|13|JSON_SAVED||2426|e8d61259-d976-41b5-85a4-3e89373ea396
2026-04-01 18:34:01|gpt|web_search|13|QUESTION_ADVANCE||2427|0f2bc9a3-7b28-4ac4-9bdf-b8569886baad
2026-04-01 18:34:38|gpt|web_search|11|QUESTION_SENT||2275|10ce4c9a-8f6f-4160-a0cf-1b04a49a87c0
2026-04-01 18:35:15|gpt|web_search|11|JSON_VERIFIED||2275|10ce4c9a-8f6f-4160-a0cf-1b04a49a87c0
2026-04-01 18:35:15|gpt|web_search|11|QUESTION|132|2275|10ce4c9a-8f6f-4160-a0cf-1b04a49a87c0
2026-04-01 18:35:15|gpt|web_search|11|JSON_SAVED||2275|10ce4c9a-8f6f-4160-a0cf-1b04a49a87c0
2026-04-01 18:35:15|gpt|web_search|11|QUESTION_ADVANCE||2276|ed6c842d-e7cc-4cfd-be20-8a30ea3e47a6
2026-04-01 18:36:41|gpt|web_search|10|QUESTION_SENT||2116|c99a9e4f-04d9-4ab9-8efe-ebf46adacc3d
2026-04-01 18:36:59|gpt|web_search|13|QUESTION_SENT||2427|0f2bc9a3-7b28-4ac4-9bdf-b8569886baad
2026-04-01 18:37:43|gpt|web_search|13|JSON_VERIFIED||2427|0f2bc9a3-7b28-4ac4-9bdf-b8569886baad
2026-04-01 18:37:43|gpt|web_search|13|QUESTION|133|2427|0f2bc9a3-7b28-4ac4-9bdf-b8569886baad
2026-04-01 18:37:43|gpt|web_search|13|JSON_SAVED||2427|0f2bc9a3-7b28-4ac4-9bdf-b8569886baad
2026-04-01 18:37:43|gpt|web_search|13|QUESTION_ADVANCE||2428|0745190c-8cb5-4b80-a793-0f591ae6ac18
2026-04-01 18:37:44|gpt|web_search|10|JSON_VERIFIED||2116|c99a9e4f-04d9-4ab9-8efe-ebf46adacc3d
2026-04-01 18:37:44|gpt|web_search|10|QUESTION|123|2116|c99a9e4f-04d9-4ab9-8efe-ebf46adacc3d
2026-04-01 18:37:44|gpt|web_search|10|JSON_SAVED||2116|c99a9e4f-04d9-4ab9-8efe-ebf46adacc3d
2026-04-01 18:37:44|gpt|web_search|10|QUESTION_ADVANCE||2117|e3f1c544-2b83-4239-a4b5-b1da43ada99a
2026-04-01 18:38:15|gpt|web_search|11|QUESTION_SENT||2276|ed6c842d-e7cc-4cfd-be20-8a30ea3e47a6
2026-04-01 18:38:52|gpt|web_search|11|JSON_VERIFIED||2276|ed6c842d-e7cc-4cfd-be20-8a30ea3e47a6
2026-04-01 18:38:52|gpt|web_search|11|QUESTION|133|2276|ed6c842d-e7cc-4cfd-be20-8a30ea3e47a6
2026-04-01 18:38:52|gpt|web_search|11|JSON_SAVED||2276|ed6c842d-e7cc-4cfd-be20-8a30ea3e47a6
2026-04-01 18:38:52|gpt|web_search|11|QUESTION_ADVANCE||2277|39f6f385-8e5d-4b13-a7fd-d97337541226
2026-04-01 18:40:16|gpt|web_search|10|QUESTION_SENT||2117|e3f1c544-2b83-4239-a4b5-b1da43ada99a
2026-04-01 18:40:32|gpt|web_search|13|QUESTION_SENT||2428|0745190c-8cb5-4b80-a793-0f591ae6ac18
2026-04-01 18:41:04|gpt|web_search|10|JSON_VERIFIED||2117|e3f1c544-2b83-4239-a4b5-b1da43ada99a
2026-04-01 18:41:04|gpt|web_search|10|QUESTION|124|2117|e3f1c544-2b83-4239-a4b5-b1da43ada99a
2026-04-01 18:41:04|gpt|web_search|10|JSON_SAVED||2117|e3f1c544-2b83-4239-a4b5-b1da43ada99a
2026-04-01 18:41:04|gpt|web_search|10|QUESTION_ADVANCE||2118|9182b74c-d8f2-4f73-8a5d-b24607d8c081
2026-04-01 18:41:08|gpt|web_search|13|JSON_VERIFIED||2428|0745190c-8cb5-4b80-a793-0f591ae6ac18
2026-04-01 18:41:08|gpt|web_search|13|QUESTION|134|2428|0745190c-8cb5-4b80-a793-0f591ae6ac18
2026-04-01 18:41:08|gpt|web_search|13|JSON_SAVED||2428|0745190c-8cb5-4b80-a793-0f591ae6ac18
2026-04-01 18:41:08|gpt|web_search|13|QUESTION_ADVANCE||2429|c31f0aa4-defc-4a65-ba80-c68afd2ebd45
2026-04-01 18:41:52|gpt|web_search|11|QUESTION_SENT||2277|39f6f385-8e5d-4b13-a7fd-d97337541226
2026-04-01 18:42:30|gpt|web_search|11|JSON_VERIFIED||2277|39f6f385-8e5d-4b13-a7fd-d97337541226
2026-04-01 18:42:30|gpt|web_search|11|QUESTION|134|2277|39f6f385-8e5d-4b13-a7fd-d97337541226
2026-04-01 18:42:30|gpt|web_search|11|JSON_SAVED||2277|39f6f385-8e5d-4b13-a7fd-d97337541226
2026-04-01 18:42:30|gpt|web_search|11|QUESTION_ADVANCE||2278|6057d3dd-ce9c-42e1-b9d5-c71345b839c0
2026-04-01 18:43:51|gpt|web_search|10|QUESTION_SENT||2118|9182b74c-d8f2-4f73-8a5d-b24607d8c081
2026-04-01 18:44:04|gpt|web_search|13|QUESTION_SENT||2429|c31f0aa4-defc-4a65-ba80-c68afd2ebd45
2026-04-01 18:44:44|gpt|web_search|13|JSON_VERIFIED||2429|c31f0aa4-defc-4a65-ba80-c68afd2ebd45
2026-04-01 18:44:44|gpt|web_search|13|QUESTION|135|2429|c31f0aa4-defc-4a65-ba80-c68afd2ebd45
2026-04-01 18:44:44|gpt|web_search|13|JSON_SAVED||2429|c31f0aa4-defc-4a65-ba80-c68afd2ebd45
2026-04-01 18:44:44|gpt|web_search|13|QUESTION_ADVANCE||2430|90920486-c76e-4b04-97b7-738dc5058924
2026-04-01 18:44:52|gpt|web_search|10|JSON_VERIFIED||2118|9182b74c-d8f2-4f73-8a5d-b24607d8c081
2026-04-01 18:44:52|gpt|web_search|10|QUESTION|125|2118|9182b74c-d8f2-4f73-8a5d-b24607d8c081
2026-04-01 18:44:52|gpt|web_search|10|JSON_SAVED||2118|9182b74c-d8f2-4f73-8a5d-b24607d8c081
2026-04-01 18:44:52|gpt|web_search|10|QUESTION_ADVANCE||2119|bfe8a0a4-c07e-4650-ac18-b87c67bd2876
2026-04-01 18:45:29|gpt|web_search|11|QUESTION_SENT||2278|6057d3dd-ce9c-42e1-b9d5-c71345b839c0
2026-04-01 18:46:07|gpt|web_search|11|JSON_VERIFIED||2278|6057d3dd-ce9c-42e1-b9d5-c71345b839c0
2026-04-01 18:46:07|gpt|web_search|11|QUESTION|135|2278|6057d3dd-ce9c-42e1-b9d5-c71345b839c0
2026-04-01 18:46:07|gpt|web_search|11|JSON_SAVED||2278|6057d3dd-ce9c-42e1-b9d5-c71345b839c0
2026-04-01 18:46:07|gpt|web_search|11|QUESTION_ADVANCE||2279|82b671c2-c7c4-4d54-b1f9-d5524d6ad317
2026-04-01 18:47:26|gpt|web_search|10|QUESTION_SENT||2119|bfe8a0a4-c07e-4650-ac18-b87c67bd2876
2026-04-01 18:47:38|gpt|web_search|13|QUESTION_SENT||2430|90920486-c76e-4b04-97b7-738dc5058924
2026-04-01 18:48:02|gpt|web_search|10|JSON_VERIFIED||2119|bfe8a0a4-c07e-4650-ac18-b87c67bd2876
2026-04-01 18:48:02|gpt|web_search|10|QUESTION|126|2119|bfe8a0a4-c07e-4650-ac18-b87c67bd2876
2026-04-01 18:48:02|gpt|web_search|10|JSON_SAVED||2119|bfe8a0a4-c07e-4650-ac18-b87c67bd2876
2026-04-01 18:48:02|gpt|web_search|10|QUESTION_ADVANCE||2120|cd208718-5a83-4562-9ae1-2fc29c0b5b84
2026-04-01 18:48:13|gpt|web_search|13|JSON_VERIFIED||2430|90920486-c76e-4b04-97b7-738dc5058924
2026-04-01 18:48:13|gpt|web_search|13|QUESTION|136|2430|90920486-c76e-4b04-97b7-738dc5058924
2026-04-01 18:48:13|gpt|web_search|13|JSON_SAVED||2430|90920486-c76e-4b04-97b7-738dc5058924
2026-04-01 18:48:13|gpt|web_search|13|QUESTION_ADVANCE||2431|e4dfd17d-6f76-4f92-b3a0-8c1ef6400ba9
2026-04-01 18:49:06|gpt|web_search|11|QUESTION_SENT||2279|82b671c2-c7c4-4d54-b1f9-d5524d6ad317
2026-04-01 18:49:43|gpt|web_search|11|JSON_VERIFIED||2279|82b671c2-c7c4-4d54-b1f9-d5524d6ad317
2026-04-01 18:49:43|gpt|web_search|11|QUESTION|136|2279|82b671c2-c7c4-4d54-b1f9-d5524d6ad317
2026-04-01 18:49:43|gpt|web_search|11|JSON_SAVED||2279|82b671c2-c7c4-4d54-b1f9-d5524d6ad317
2026-04-01 18:49:43|gpt|web_search|11|QUESTION_ADVANCE||2280|20cc26c2-ed84-41f7-aa3d-cb34cd0b163c
2026-04-01 18:51:01|gpt|web_search|10|QUESTION_SENT||2120|cd208718-5a83-4562-9ae1-2fc29c0b5b84
2026-04-01 18:51:10|gpt|web_search|13|QUESTION_SENT||2431|e4dfd17d-6f76-4f92-b3a0-8c1ef6400ba9
2026-04-01 18:51:41|gpt|web_search|10|JSON_VERIFIED||2120|cd208718-5a83-4562-9ae1-2fc29c0b5b84
2026-04-01 18:51:41|gpt|web_search|10|QUESTION|127|2120|cd208718-5a83-4562-9ae1-2fc29c0b5b84
2026-04-01 18:51:41|gpt|web_search|10|JSON_SAVED||2120|cd208718-5a83-4562-9ae1-2fc29c0b5b84
2026-04-01 18:51:41|gpt|web_search|10|QUESTION_ADVANCE||2121|38a047d5-3d88-4725-b65d-99adea9ced3e
2026-04-01 18:51:43|gpt|web_search|13|JSON_VERIFY_FAILED||2431|e4dfd17d-6f76-4f92-b3a0-8c1ef6400ba9
2026-04-01 18:51:43|gpt|web_search|13|QUESTION|137|2431|e4dfd17d-6f76-4f92-b3a0-8c1ef6400ba9
2026-04-01 18:51:53|gpt|web_search|13|QUESTION_SENT||2431|e4dfd17d-6f76-4f92-b3a0-8c1ef6400ba9
2026-04-01 18:52:20|gpt|web_search|13|JSON_VERIFIED||2431|e4dfd17d-6f76-4f92-b3a0-8c1ef6400ba9
2026-04-01 18:52:20|gpt|web_search|13|QUESTION|138|2431|e4dfd17d-6f76-4f92-b3a0-8c1ef6400ba9
2026-04-01 18:52:20|gpt|web_search|13|JSON_SAVED||2431|e4dfd17d-6f76-4f92-b3a0-8c1ef6400ba9
2026-04-01 18:52:20|gpt|web_search|13|QUESTION_ADVANCE||2432|90a68068-c5b9-497b-bc83-72d660969e57
2026-04-01 18:52:43|gpt|web_search|11|QUESTION_SENT||2280|20cc26c2-ed84-41f7-aa3d-cb34cd0b163c
2026-04-01 18:53:19|gpt|web_search|11|JSON_VERIFIED||2280|20cc26c2-ed84-41f7-aa3d-cb34cd0b163c
2026-04-01 18:53:19|gpt|web_search|11|QUESTION|137|2280|20cc26c2-ed84-41f7-aa3d-cb34cd0b163c
2026-04-01 18:53:19|gpt|web_search|11|JSON_SAVED||2280|20cc26c2-ed84-41f7-aa3d-cb34cd0b163c
2026-04-01 18:53:19|gpt|web_search|11|QUESTION_ADVANCE||2281|977a8a0f-6a23-43f0-a800-2607c824c0d0
2026-04-01 18:54:36|gpt|web_search|10|QUESTION_SENT||2121|38a047d5-3d88-4725-b65d-99adea9ced3e
2026-04-01 18:55:19|gpt|web_search|10|JSON_VERIFIED||2121|38a047d5-3d88-4725-b65d-99adea9ced3e
2026-04-01 18:55:19|gpt|web_search|10|QUESTION|128|2121|38a047d5-3d88-4725-b65d-99adea9ced3e
2026-04-01 18:55:19|gpt|web_search|10|JSON_SAVED||2121|38a047d5-3d88-4725-b65d-99adea9ced3e
2026-04-01 18:55:19|gpt|web_search|10|QUESTION_ADVANCE||2122|bd102586-ba7f-4bfa-98f9-9b71349c6cac
2026-04-01 18:55:26|gpt|web_search|13|QUESTION_SENT||2432|90a68068-c5b9-497b-bc83-72d660969e57
2026-04-01 18:56:03|gpt|web_search|13|JSON_VERIFIED||2432|90a68068-c5b9-497b-bc83-72d660969e57
2026-04-01 18:56:03|gpt|web_search|13|QUESTION|139|2432|90a68068-c5b9-497b-bc83-72d660969e57
2026-04-01 18:56:03|gpt|web_search|13|JSON_SAVED||2432|90a68068-c5b9-497b-bc83-72d660969e57
2026-04-01 18:56:03|gpt|web_search|13|QUESTION_ADVANCE||2433|d26db6ba-d75b-48fe-8f4b-6357d3c3492e
2026-04-01 18:56:19|gpt|web_search|11|QUESTION_SENT||2281|977a8a0f-6a23-43f0-a800-2607c824c0d0
2026-04-01 18:56:55|gpt|web_search|11|JSON_VERIFIED||2281|977a8a0f-6a23-43f0-a800-2607c824c0d0
2026-04-01 18:56:55|gpt|web_search|11|QUESTION|138|2281|977a8a0f-6a23-43f0-a800-2607c824c0d0
2026-04-01 18:56:55|gpt|web_search|11|JSON_SAVED||2281|977a8a0f-6a23-43f0-a800-2607c824c0d0
2026-04-01 18:56:55|gpt|web_search|11|QUESTION_ADVANCE||2282|d40a403a-bcdb-4d39-89fc-44482bbabe86
2026-04-01 18:58:11|gpt|web_search|10|QUESTION_SENT||2122|bd102586-ba7f-4bfa-98f9-9b71349c6cac
2026-04-01 18:58:48|gpt|web_search|10|JSON_VERIFIED||2122|bd102586-ba7f-4bfa-98f9-9b71349c6cac
2026-04-01 18:58:48|gpt|web_search|10|QUESTION|129|2122|bd102586-ba7f-4bfa-98f9-9b71349c6cac
2026-04-01 18:58:48|gpt|web_search|10|JSON_SAVED||2122|bd102586-ba7f-4bfa-98f9-9b71349c6cac
2026-04-01 18:58:48|gpt|web_search|10|QUESTION_ADVANCE||2123|72fd0c96-f1c6-45d4-8e0c-c44cf064a90b
2026-04-01 18:58:59|gpt|web_search|13|QUESTION_SENT||2433|d26db6ba-d75b-48fe-8f4b-6357d3c3492e
2026-04-01 18:59:56|gpt|web_search|11|QUESTION_SENT||2282|d40a403a-bcdb-4d39-89fc-44482bbabe86
2026-04-01 19:00:29|gpt|web_search|11|JSON_VERIFY_FAILED||2282|d40a403a-bcdb-4d39-89fc-44482bbabe86
2026-04-01 19:00:29|gpt|web_search|11|QUESTION|139|2282|d40a403a-bcdb-4d39-89fc-44482bbabe86
2026-04-01 19:00:39|gpt|web_search|11|QUESTION_SENT||2282|d40a403a-bcdb-4d39-89fc-44482bbabe86
2026-04-01 19:01:00|gpt|web_search|11|JSON_VERIFIED||2282|d40a403a-bcdb-4d39-89fc-44482bbabe86
2026-04-01 19:01:00|gpt|web_search|11|QUESTION|140|2282|d40a403a-bcdb-4d39-89fc-44482bbabe86
2026-04-01 19:01:00|gpt|web_search|11|JSON_SAVED||2282|d40a403a-bcdb-4d39-89fc-44482bbabe86
2026-04-01 19:01:00|gpt|web_search|11|QUESTION_ADVANCE||2283|d916f32e-0aee-4743-8e03-a94d16ad33a3
2026-04-01 19:01:46|gpt|web_search|10|QUESTION_SENT||2123|72fd0c96-f1c6-45d4-8e0c-c44cf064a90b
2026-04-01 19:02:26|gpt|web_search|10|JSON_VERIFIED||2123|72fd0c96-f1c6-45d4-8e0c-c44cf064a90b
2026-04-01 19:02:26|gpt|web_search|10|QUESTION|130|2123|72fd0c96-f1c6-45d4-8e0c-c44cf064a90b
2026-04-01 19:02:26|gpt|web_search|10|JSON_SAVED||2123|72fd0c96-f1c6-45d4-8e0c-c44cf064a90b
2026-04-01 19:02:26|gpt|web_search|10|QUESTION_ADVANCE||2124|23176013-d210-4b19-b9f8-d5a33355e77c
2026-04-01 19:02:32|gpt|web_search|13|QUESTION_SENT||2433|d26db6ba-d75b-48fe-8f4b-6357d3c3492e
2026-04-01 19:04:16|gpt|web_search|11|QUESTION_SENT||2283|d916f32e-0aee-4743-8e03-a94d16ad33a3
2026-04-01 19:05:21|gpt|web_search|10|QUESTION_SENT||2124|23176013-d210-4b19-b9f8-d5a33355e77c
2026-04-01 19:05:58|gpt|web_search|10|JSON_VERIFIED||2124|23176013-d210-4b19-b9f8-d5a33355e77c
2026-04-01 19:05:58|gpt|web_search|10|QUESTION|131|2124|23176013-d210-4b19-b9f8-d5a33355e77c
2026-04-01 19:05:58|gpt|web_search|10|JSON_SAVED||2124|23176013-d210-4b19-b9f8-d5a33355e77c
2026-04-01 19:05:58|gpt|web_search|10|QUESTION_ADVANCE||2125|01213b57-71eb-4971-835c-2396d541edd1
2026-04-01 19:06:04|gpt|web_search|13|QUESTION_SENT||2433|d26db6ba-d75b-48fe-8f4b-6357d3c3492e
2026-04-01 19:07:53|gpt|web_search|11|QUESTION_SENT||2283|d916f32e-0aee-4743-8e03-a94d16ad33a3
2026-04-01 19:08:30|gpt|web_search|11|JSON_VERIFIED||2283|d916f32e-0aee-4743-8e03-a94d16ad33a3
2026-04-01 19:08:30|gpt|web_search|11|QUESTION|141|2283|d916f32e-0aee-4743-8e03-a94d16ad33a3
2026-04-01 19:08:30|gpt|web_search|11|JSON_SAVED||2283|d916f32e-0aee-4743-8e03-a94d16ad33a3
2026-04-01 19:08:30|gpt|web_search|11|QUESTION_ADVANCE||2284|46c7cb15-d535-43e3-b006-61130f58bce1
2026-04-01 19:08:56|gpt|web_search|10|QUESTION_SENT||2125|01213b57-71eb-4971-835c-2396d541edd1
2026-04-01 19:09:33|gpt|web_search|10|JSON_VERIFIED||2125|01213b57-71eb-4971-835c-2396d541edd1
2026-04-01 19:09:33|gpt|web_search|10|QUESTION|132|2125|01213b57-71eb-4971-835c-2396d541edd1
2026-04-01 19:09:33|gpt|web_search|10|JSON_SAVED||2125|01213b57-71eb-4971-835c-2396d541edd1
2026-04-01 19:09:33|gpt|web_search|10|QUESTION_ADVANCE||2126|1747de66-2934-4d55-8fa2-bd6229bc8d4b
2026-04-01 19:09:37|gpt|web_search|13|QUESTION_SENT||2433|d26db6ba-d75b-48fe-8f4b-6357d3c3492e
2026-04-01 19:11:30|gpt|web_search|11|QUESTION_SENT||2284|46c7cb15-d535-43e3-b006-61130f58bce1
2026-04-01 19:12:05|gpt|web_search|11|JSON_VERIFIED||2284|46c7cb15-d535-43e3-b006-61130f58bce1
2026-04-01 19:12:05|gpt|web_search|11|QUESTION|142|2284|46c7cb15-d535-43e3-b006-61130f58bce1
2026-04-01 19:12:05|gpt|web_search|11|JSON_SAVED||2284|46c7cb15-d535-43e3-b006-61130f58bce1
2026-04-01 19:12:05|gpt|web_search|11|QUESTION_ADVANCE||2285|651caca0-8745-41c3-b270-a99ea8743607
2026-04-01 19:12:31|gpt|web_search|10|QUESTION_SENT||2126|1747de66-2934-4d55-8fa2-bd6229bc8d4b
2026-04-01 19:13:09|gpt|web_search|10|JSON_VERIFIED||2126|1747de66-2934-4d55-8fa2-bd6229bc8d4b
2026-04-01 19:13:09|gpt|web_search|10|QUESTION|133|2126|1747de66-2934-4d55-8fa2-bd6229bc8d4b
2026-04-01 19:13:09|gpt|web_search|10|JSON_SAVED||2126|1747de66-2934-4d55-8fa2-bd6229bc8d4b
2026-04-01 19:13:09|gpt|web_search|10|QUESTION_ADVANCE||2127|ab87c4ac-99da-47b4-aa84-8728cef8b49c
2026-04-01 19:13:10|gpt|web_search|13|QUESTION_SENT||2433|d26db6ba-d75b-48fe-8f4b-6357d3c3492e
2026-04-01 19:15:07|gpt|web_search|11|QUESTION_SENT||2285|651caca0-8745-41c3-b270-a99ea8743607
2026-04-01 19:15:42|gpt|web_search|11|JSON_VERIFIED||2285|651caca0-8745-41c3-b270-a99ea8743607
2026-04-01 19:15:42|gpt|web_search|11|QUESTION|143|2285|651caca0-8745-41c3-b270-a99ea8743607
2026-04-01 19:15:42|gpt|web_search|11|JSON_SAVED||2285|651caca0-8745-41c3-b270-a99ea8743607
2026-04-01 19:15:42|gpt|web_search|11|QUESTION_ADVANCE||2286|8cf5f20c-f3eb-4e24-b19d-aa1ac0d985f6
2026-04-01 19:16:06|gpt|web_search|10|QUESTION_SENT||2127|ab87c4ac-99da-47b4-aa84-8728cef8b49c
2026-04-01 19:16:43|gpt|web_search|13|QUESTION_SENT||2433|d26db6ba-d75b-48fe-8f4b-6357d3c3492e
2026-04-01 19:16:46|gpt|web_search|10|JSON_VERIFY_FAILED||2127|ab87c4ac-99da-47b4-aa84-8728cef8b49c
2026-04-01 19:16:46|gpt|web_search|10|QUESTION|134|2127|ab87c4ac-99da-47b4-aa84-8728cef8b49c
2026-04-01 19:16:55|gpt|web_search|10|QUESTION_SENT||2127|ab87c4ac-99da-47b4-aa84-8728cef8b49c
2026-04-01 19:17:22|gpt|web_search|10|JSON_VERIFIED||2127|ab87c4ac-99da-47b4-aa84-8728cef8b49c
2026-04-01 19:17:22|gpt|web_search|10|QUESTION|135|2127|ab87c4ac-99da-47b4-aa84-8728cef8b49c
2026-04-01 19:17:22|gpt|web_search|10|JSON_SAVED||2127|ab87c4ac-99da-47b4-aa84-8728cef8b49c
2026-04-01 19:17:22|gpt|web_search|10|QUESTION_ADVANCE||2128|09aef20d-c463-460a-a99b-d917790ca403
2026-04-01 19:18:43|gpt|web_search|11|QUESTION_SENT||2286|8cf5f20c-f3eb-4e24-b19d-aa1ac0d985f6
2026-04-01 19:19:25|gpt|web_search|11|JSON_VERIFIED||2286|8cf5f20c-f3eb-4e24-b19d-aa1ac0d985f6
2026-04-01 19:19:25|gpt|web_search|11|QUESTION|144|2286|8cf5f20c-f3eb-4e24-b19d-aa1ac0d985f6
2026-04-01 19:19:25|gpt|web_search|11|JSON_SAVED||2286|8cf5f20c-f3eb-4e24-b19d-aa1ac0d985f6
2026-04-01 19:19:25|gpt|web_search|11|QUESTION_ADVANCE||2287|c154764f-97d5-4e95-86cf-24c06e0b688d
2026-04-01 19:20:16|gpt|web_search|13|QUESTION_SENT||2433|d26db6ba-d75b-48fe-8f4b-6357d3c3492e
2026-04-01 19:20:30|gpt|web_search|10|QUESTION_SENT||2128|09aef20d-c463-460a-a99b-d917790ca403
2026-04-01 19:21:09|gpt|web_search|10|JSON_VERIFIED||2128|09aef20d-c463-460a-a99b-d917790ca403
2026-04-01 19:21:09|gpt|web_search|10|QUESTION|136|2128|09aef20d-c463-460a-a99b-d917790ca403
2026-04-01 19:21:09|gpt|web_search|10|JSON_SAVED||2128|09aef20d-c463-460a-a99b-d917790ca403
2026-04-01 19:21:09|gpt|web_search|10|QUESTION_ADVANCE||2129|91b72541-1000-438d-a000-81b4985c04e6
2026-04-01 19:22:21|gpt|web_search|11|QUESTION_SENT||2287|c154764f-97d5-4e95-86cf-24c06e0b688d
2026-04-01 19:22:56|gpt|web_search|11|JSON_VERIFIED||2287|c154764f-97d5-4e95-86cf-24c06e0b688d
2026-04-01 19:22:56|gpt|web_search|11|QUESTION|145|2287|c154764f-97d5-4e95-86cf-24c06e0b688d
2026-04-01 19:22:56|gpt|web_search|11|JSON_SAVED||2287|c154764f-97d5-4e95-86cf-24c06e0b688d
2026-04-01 19:22:56|gpt|web_search|11|QUESTION_ADVANCE||2288|9f9d6fb6-af96-4a79-af4f-0b822fec735b
2026-04-01 19:23:49|gpt|web_search|13|QUESTION_SENT||2433|d26db6ba-d75b-48fe-8f4b-6357d3c3492e
2026-04-01 19:24:05|gpt|web_search|10|QUESTION_SENT||2129|91b72541-1000-438d-a000-81b4985c04e6
2026-04-01 19:25:57|gpt|web_search|11|QUESTION_SENT||2288|9f9d6fb6-af96-4a79-af4f-0b822fec735b
2026-04-01 19:27:22|gpt|web_search|13|QUESTION_SENT||2433|d26db6ba-d75b-48fe-8f4b-6357d3c3492e
2026-04-01 19:27:40|gpt|web_search|10|QUESTION_SENT||2129|91b72541-1000-438d-a000-81b4985c04e6
2026-04-01 19:29:34|gpt|web_search|11|QUESTION_SENT||2288|9f9d6fb6-af96-4a79-af4f-0b822fec735b
2026-04-01 19:30:55|gpt|web_search|13|QUESTION_SENT||2433|d26db6ba-d75b-48fe-8f4b-6357d3c3492e
2026-04-01 19:31:15|gpt|web_search|10|QUESTION_SENT||2129|91b72541-1000-438d-a000-81b4985c04e6
2026-04-01 19:33:12|gpt|web_search|11|QUESTION_SENT||2288|9f9d6fb6-af96-4a79-af4f-0b822fec735b
2026-04-01 19:33:51|gpt|web_search|11|JSON_VERIFIED||2288|9f9d6fb6-af96-4a79-af4f-0b822fec735b
2026-04-01 19:33:51|gpt|web_search|11|QUESTION|146|2288|9f9d6fb6-af96-4a79-af4f-0b822fec735b
2026-04-01 19:33:51|gpt|web_search|11|JSON_SAVED||2288|9f9d6fb6-af96-4a79-af4f-0b822fec735b
2026-04-01 19:33:51|gpt|web_search|11|QUESTION_ADVANCE||2289|d0d29b8b-ac8b-47bc-8000-af3dcf6be7a1
2026-04-01 19:34:28|gpt|web_search|13|QUESTION_SENT||2433|d26db6ba-d75b-48fe-8f4b-6357d3c3492e
2026-04-01 19:34:50|gpt|web_search|10|QUESTION_SENT||2129|91b72541-1000-438d-a000-81b4985c04e6
2026-04-01 19:36:29|gpt|web_search|10|STOP||2129|91b72541-1000-438d-a000-81b4985c04e6
2026-04-01 19:36:37|gpt|web_search|13|STOP||2433|d26db6ba-d75b-48fe-8f4b-6357d3c3492e
2026-04-01 19:36:49|gpt|web_search|11|QUESTION_SENT||2289|d0d29b8b-ac8b-47bc-8000-af3dcf6be7a1
2026-04-01 19:39:39|gpt|web_search|11|STOP||2289|d0d29b8b-ac8b-47bc-8000-af3dcf6be7a1
