timestamp|site|scenario|bot_id|event_type|attempt_number|global_index|question_uid
2026-03-30 06:47:49|gpt|web_search|12|RESTART||1131|e6fe9b8f-bf62-411a-b15d-6709f3d02e4d
2026-03-30 06:50:18|gpt|web_search|12|STOP||1131|e6fe9b8f-bf62-411a-b15d-6709f3d02e4d
2026-03-30 09:00:09|gpt|web_search|12|RESTART||747|3a5cc4dc-7d1f-4d50-8f9b-c180bc9db2aa
2026-03-30 09:01:12|gpt|web_search|12|QUESTION_SENT||747|3a5cc4dc-7d1f-4d50-8f9b-c180bc9db2aa
2026-03-30 09:01:47|gpt|web_search|13|RESTART||1131|e6fe9b8f-bf62-411a-b15d-6709f3d02e4d
2026-03-30 09:01:48|gpt|web_search|13|STOP||1131|e6fe9b8f-bf62-411a-b15d-6709f3d02e4d
2026-03-30 09:01:52|gpt|web_search|12|JSON_VERIFIED||747|3a5cc4dc-7d1f-4d50-8f9b-c180bc9db2aa
2026-03-30 09:01:52|gpt|web_search|12|QUESTION|1|747|3a5cc4dc-7d1f-4d50-8f9b-c180bc9db2aa
2026-03-30 09:01:52|gpt|web_search|12|JSON_SAVED||747|3a5cc4dc-7d1f-4d50-8f9b-c180bc9db2aa
2026-03-30 09:01:52|gpt|web_search|12|QUESTION_ADVANCE||748|be0bfeca-5002-49b9-843d-ca4d8238d216
2026-03-30 09:02:27|gpt|web_search|10|RESTART||1131|e6fe9b8f-bf62-411a-b15d-6709f3d02e4d
2026-03-30 09:02:59|gpt|web_search|10|QUESTION_SENT||1131|e6fe9b8f-bf62-411a-b15d-6709f3d02e4d
2026-03-30 09:03:48|gpt|web_search|10|JSON_VERIFIED||1131|e6fe9b8f-bf62-411a-b15d-6709f3d02e4d
2026-03-30 09:03:48|gpt|web_search|10|QUESTION|1|1131|e6fe9b8f-bf62-411a-b15d-6709f3d02e4d
2026-03-30 09:03:48|gpt|web_search|10|JSON_SAVED||1131|e6fe9b8f-bf62-411a-b15d-6709f3d02e4d
2026-03-30 09:03:48|gpt|web_search|10|QUESTION_ADVANCE||1132|89bf37e9-b895-4f4b-af5c-ff58ab1ae183
2026-03-30 09:04:45|gpt|web_search|12|QUESTION_SENT||748|be0bfeca-5002-49b9-843d-ca4d8238d216
2026-03-30 09:05:27|gpt|web_search|12|JSON_VERIFIED||748|be0bfeca-5002-49b9-843d-ca4d8238d216
2026-03-30 09:05:27|gpt|web_search|12|QUESTION|2|748|be0bfeca-5002-49b9-843d-ca4d8238d216
2026-03-30 09:05:27|gpt|web_search|12|JSON_SAVED||748|be0bfeca-5002-49b9-843d-ca4d8238d216
2026-03-30 09:05:27|gpt|web_search|12|QUESTION_ADVANCE||749|8d587cd1-db32-4092-bbbe-bc995126c7c5
2026-03-30 09:06:33|gpt|web_search|10|QUESTION_SENT||1132|89bf37e9-b895-4f4b-af5c-ff58ab1ae183
2026-03-30 09:07:20|gpt|web_search|10|JSON_VERIFIED||1132|89bf37e9-b895-4f4b-af5c-ff58ab1ae183
2026-03-30 09:07:20|gpt|web_search|10|QUESTION|2|1132|89bf37e9-b895-4f4b-af5c-ff58ab1ae183
2026-03-30 09:07:20|gpt|web_search|10|JSON_SAVED||1132|89bf37e9-b895-4f4b-af5c-ff58ab1ae183
2026-03-30 09:07:20|gpt|web_search|10|QUESTION_ADVANCE||1133|e33f8c82-8209-4094-b3f2-91b5d1815a5b
2026-03-30 09:08:18|gpt|web_search|12|QUESTION_SENT||749|8d587cd1-db32-4092-bbbe-bc995126c7c5
2026-03-30 09:08:56|gpt|web_search|12|JSON_VERIFIED||749|8d587cd1-db32-4092-bbbe-bc995126c7c5
2026-03-30 09:08:56|gpt|web_search|12|QUESTION|3|749|8d587cd1-db32-4092-bbbe-bc995126c7c5
2026-03-30 09:08:56|gpt|web_search|12|JSON_SAVED||749|8d587cd1-db32-4092-bbbe-bc995126c7c5
2026-03-30 09:08:56|gpt|web_search|12|QUESTION_ADVANCE||750|fbff9a19-9613-4721-ae81-a1fae32d82cb
2026-03-30 09:10:06|gpt|web_search|10|QUESTION_SENT||1133|e33f8c82-8209-4094-b3f2-91b5d1815a5b
2026-03-30 09:10:58|gpt|web_search|10|JSON_VERIFIED||1133|e33f8c82-8209-4094-b3f2-91b5d1815a5b
2026-03-30 09:10:58|gpt|web_search|10|QUESTION|3|1133|e33f8c82-8209-4094-b3f2-91b5d1815a5b
2026-03-30 09:10:58|gpt|web_search|10|JSON_SAVED||1133|e33f8c82-8209-4094-b3f2-91b5d1815a5b
2026-03-30 09:10:58|gpt|web_search|10|QUESTION_ADVANCE||1134|030f468d-a8b9-4146-990c-1254837b0869
2026-03-30 09:11:51|gpt|web_search|12|QUESTION_SENT||750|fbff9a19-9613-4721-ae81-a1fae32d82cb
2026-03-30 09:12:30|gpt|web_search|12|JSON_VERIFIED||750|fbff9a19-9613-4721-ae81-a1fae32d82cb
2026-03-30 09:12:30|gpt|web_search|12|QUESTION|4|750|fbff9a19-9613-4721-ae81-a1fae32d82cb
2026-03-30 09:12:30|gpt|web_search|12|JSON_SAVED||750|fbff9a19-9613-4721-ae81-a1fae32d82cb
2026-03-30 09:12:31|gpt|web_search|12|STOP||751|
2026-03-30 09:13:39|gpt|web_search|10|QUESTION_SENT||1134|030f468d-a8b9-4146-990c-1254837b0869
2026-03-30 09:14:24|gpt|web_search|10|JSON_VERIFIED||1134|030f468d-a8b9-4146-990c-1254837b0869
2026-03-30 09:14:24|gpt|web_search|10|QUESTION|4|1134|030f468d-a8b9-4146-990c-1254837b0869
2026-03-30 09:14:24|gpt|web_search|10|JSON_SAVED||1134|030f468d-a8b9-4146-990c-1254837b0869
2026-03-30 09:14:24|gpt|web_search|10|QUESTION_ADVANCE||1135|37851eec-55d0-4bce-8cb4-3ced406e429a
2026-03-30 09:16:07|gpt|web_search|12|RESTART||799|25305862-055b-4169-9338-43d2dfa6ae70
2026-03-30 09:17:10|gpt|web_search|12|QUESTION_SENT||799|25305862-055b-4169-9338-43d2dfa6ae70
2026-03-30 09:17:13|gpt|web_search|10|QUESTION_SENT||1135|37851eec-55d0-4bce-8cb4-3ced406e429a
2026-03-30 09:17:42|gpt|web_search|10|STOP||1135|37851eec-55d0-4bce-8cb4-3ced406e429a
2026-03-30 09:17:43|gpt|web_search|10|STOP||809|6a92aa8e-025c-414f-9cfa-ecb3b6f9f8d3
2026-03-30 09:17:46|gpt|web_search|12|JSON_VERIFY_FAILED||799|25305862-055b-4169-9338-43d2dfa6ae70
2026-03-30 09:17:46|gpt|web_search|12|QUESTION|1|799|25305862-055b-4169-9338-43d2dfa6ae70
2026-03-30 09:17:56|gpt|web_search|12|QUESTION_SENT||799|25305862-055b-4169-9338-43d2dfa6ae70
2026-03-30 09:18:16|gpt|web_search|12|JSON_VERIFY_FAILED||799|25305862-055b-4169-9338-43d2dfa6ae70
2026-03-30 09:18:16|gpt|web_search|12|QUESTION|2|799|25305862-055b-4169-9338-43d2dfa6ae70
2026-03-30 09:19:27|gpt|web_search|10|RESTART||1135|37851eec-55d0-4bce-8cb4-3ced406e429a
2026-03-30 09:19:58|gpt|web_search|10|QUESTION_SENT||1135|37851eec-55d0-4bce-8cb4-3ced406e429a
2026-03-30 09:20:26|gpt|web_search|11|RESTART||809|6a92aa8e-025c-414f-9cfa-ecb3b6f9f8d3
2026-03-30 09:20:44|gpt|web_search|12|QUESTION_SENT||799|25305862-055b-4169-9338-43d2dfa6ae70
2026-03-30 09:20:49|gpt|web_search|10|JSON_VERIFIED||1135|37851eec-55d0-4bce-8cb4-3ced406e429a
2026-03-30 09:20:49|gpt|web_search|10|QUESTION|1|1135|37851eec-55d0-4bce-8cb4-3ced406e429a
2026-03-30 09:20:49|gpt|web_search|10|JSON_SAVED||1135|37851eec-55d0-4bce-8cb4-3ced406e429a
2026-03-30 09:20:49|gpt|web_search|10|QUESTION_ADVANCE||1136|57bf26fb-c346-47a5-8e64-945efe9df7fb
2026-03-30 09:20:59|gpt|web_search|11|QUESTION_SENT||809|6a92aa8e-025c-414f-9cfa-ecb3b6f9f8d3
2026-03-30 09:21:20|gpt|web_search|12|JSON_VERIFIED||799|25305862-055b-4169-9338-43d2dfa6ae70
2026-03-30 09:21:20|gpt|web_search|12|QUESTION|3|799|25305862-055b-4169-9338-43d2dfa6ae70
2026-03-30 09:21:20|gpt|web_search|12|JSON_SAVED||799|25305862-055b-4169-9338-43d2dfa6ae70
2026-03-30 09:21:20|gpt|web_search|12|QUESTION_ADVANCE||800|2bb12998-72d9-4ef7-a412-324f4f57b013
2026-03-30 09:21:38|gpt|web_search|11|JSON_VERIFIED||809|6a92aa8e-025c-414f-9cfa-ecb3b6f9f8d3
2026-03-30 09:21:38|gpt|web_search|11|QUESTION|1|809|6a92aa8e-025c-414f-9cfa-ecb3b6f9f8d3
2026-03-30 09:21:38|gpt|web_search|11|JSON_SAVED||809|6a92aa8e-025c-414f-9cfa-ecb3b6f9f8d3
2026-03-30 09:21:38|gpt|web_search|11|QUESTION_ADVANCE||810|a7c4cc89-0727-4d89-bb2e-c30270bbece5
2026-03-30 09:23:31|gpt|web_search|10|QUESTION_SENT||1136|57bf26fb-c346-47a5-8e64-945efe9df7fb
2026-03-30 09:24:17|gpt|web_search|10|JSON_VERIFIED||1136|57bf26fb-c346-47a5-8e64-945efe9df7fb
2026-03-30 09:24:17|gpt|web_search|10|QUESTION|2|1136|57bf26fb-c346-47a5-8e64-945efe9df7fb
2026-03-30 09:24:17|gpt|web_search|10|JSON_SAVED||1136|57bf26fb-c346-47a5-8e64-945efe9df7fb
2026-03-30 09:24:17|gpt|web_search|10|QUESTION_ADVANCE||1137|90f3f0fb-8436-4e96-8e0b-250e4a02722c
2026-03-30 09:24:18|gpt|web_search|12|QUESTION_SENT||800|2bb12998-72d9-4ef7-a412-324f4f57b013
2026-03-30 09:24:32|gpt|web_search|11|QUESTION_SENT||810|a7c4cc89-0727-4d89-bb2e-c30270bbece5
2026-03-30 09:25:00|gpt|web_search|12|JSON_VERIFIED||800|2bb12998-72d9-4ef7-a412-324f4f57b013
2026-03-30 09:25:00|gpt|web_search|12|QUESTION|4|800|2bb12998-72d9-4ef7-a412-324f4f57b013
2026-03-30 09:25:00|gpt|web_search|12|JSON_SAVED||800|2bb12998-72d9-4ef7-a412-324f4f57b013
2026-03-30 09:25:00|gpt|web_search|12|QUESTION_ADVANCE||801|ab4bc968-091f-42d4-8d9f-e342cf1921be
2026-03-30 09:25:08|gpt|web_search|11|JSON_VERIFIED||810|a7c4cc89-0727-4d89-bb2e-c30270bbece5
2026-03-30 09:25:08|gpt|web_search|11|QUESTION|2|810|a7c4cc89-0727-4d89-bb2e-c30270bbece5
2026-03-30 09:25:08|gpt|web_search|11|JSON_SAVED||810|a7c4cc89-0727-4d89-bb2e-c30270bbece5
2026-03-30 09:25:08|gpt|web_search|11|QUESTION_ADVANCE||811|20219800-1f04-484b-b6dc-773ac435fb8a
2026-03-30 09:27:04|gpt|web_search|10|QUESTION_SENT||1137|90f3f0fb-8436-4e96-8e0b-250e4a02722c
2026-03-30 09:27:50|gpt|web_search|10|JSON_VERIFIED||1137|90f3f0fb-8436-4e96-8e0b-250e4a02722c
2026-03-30 09:27:50|gpt|web_search|10|QUESTION|3|1137|90f3f0fb-8436-4e96-8e0b-250e4a02722c
2026-03-30 09:27:50|gpt|web_search|10|JSON_SAVED||1137|90f3f0fb-8436-4e96-8e0b-250e4a02722c
2026-03-30 09:27:50|gpt|web_search|10|QUESTION_ADVANCE||1138|915eb73f-ab52-4a95-aa4f-d6fde62a1e7c
2026-03-30 09:27:51|gpt|web_search|12|QUESTION_SENT||801|ab4bc968-091f-42d4-8d9f-e342cf1921be
2026-03-30 09:28:05|gpt|web_search|11|QUESTION_SENT||811|20219800-1f04-484b-b6dc-773ac435fb8a
2026-03-30 09:28:26|gpt|web_search|12|JSON_VERIFIED||801|ab4bc968-091f-42d4-8d9f-e342cf1921be
2026-03-30 09:28:26|gpt|web_search|12|QUESTION|5|801|ab4bc968-091f-42d4-8d9f-e342cf1921be
2026-03-30 09:28:26|gpt|web_search|12|JSON_SAVED||801|ab4bc968-091f-42d4-8d9f-e342cf1921be
2026-03-30 09:28:26|gpt|web_search|12|QUESTION_ADVANCE||802|3561c926-4ace-4196-b514-3796552733d1
2026-03-30 09:28:34|gpt|web_search|11|JSON_VERIFY_FAILED||811|20219800-1f04-484b-b6dc-773ac435fb8a
2026-03-30 09:28:34|gpt|web_search|11|QUESTION|3|811|20219800-1f04-484b-b6dc-773ac435fb8a
2026-03-30 09:28:44|gpt|web_search|11|QUESTION_SENT||811|20219800-1f04-484b-b6dc-773ac435fb8a
2026-03-30 09:29:10|gpt|web_search|11|JSON_VERIFIED||811|20219800-1f04-484b-b6dc-773ac435fb8a
2026-03-30 09:29:10|gpt|web_search|11|QUESTION|4|811|20219800-1f04-484b-b6dc-773ac435fb8a
2026-03-30 09:29:10|gpt|web_search|11|JSON_SAVED||811|20219800-1f04-484b-b6dc-773ac435fb8a
2026-03-30 09:29:10|gpt|web_search|11|QUESTION_ADVANCE||812|87aa44ef-c4d4-4b83-a804-fcd228ea4b6f
2026-03-30 09:30:37|gpt|web_search|10|QUESTION_SENT||1138|915eb73f-ab52-4a95-aa4f-d6fde62a1e7c
2026-03-30 09:31:24|gpt|web_search|12|QUESTION_SENT||802|3561c926-4ace-4196-b514-3796552733d1
2026-03-30 09:31:27|gpt|web_search|10|JSON_VERIFIED||1138|915eb73f-ab52-4a95-aa4f-d6fde62a1e7c
2026-03-30 09:31:27|gpt|web_search|10|QUESTION|4|1138|915eb73f-ab52-4a95-aa4f-d6fde62a1e7c
2026-03-30 09:31:27|gpt|web_search|10|JSON_SAVED||1138|915eb73f-ab52-4a95-aa4f-d6fde62a1e7c
2026-03-30 09:31:27|gpt|web_search|10|QUESTION_ADVANCE||1139|8127975b-bd45-4a2e-ab0a-ce559a3dbab9
2026-03-30 09:32:05|gpt|web_search|12|JSON_VERIFY_FAILED||802|3561c926-4ace-4196-b514-3796552733d1
2026-03-30 09:32:05|gpt|web_search|12|QUESTION|6|802|3561c926-4ace-4196-b514-3796552733d1
2026-03-30 09:32:15|gpt|web_search|12|QUESTION_SENT||802|3561c926-4ace-4196-b514-3796552733d1
2026-03-30 09:32:17|gpt|web_search|11|QUESTION_SENT||812|87aa44ef-c4d4-4b83-a804-fcd228ea4b6f
2026-03-30 09:33:00|gpt|web_search|12|JSON_VERIFIED||802|3561c926-4ace-4196-b514-3796552733d1
2026-03-30 09:33:00|gpt|web_search|12|QUESTION|7|802|3561c926-4ace-4196-b514-3796552733d1
2026-03-30 09:33:00|gpt|web_search|12|JSON_SAVED||802|3561c926-4ace-4196-b514-3796552733d1
2026-03-30 09:33:00|gpt|web_search|12|QUESTION_ADVANCE||803|75c0277a-d24b-4414-8aa4-2f5f0f04118c
2026-03-30 09:34:10|gpt|web_search|10|QUESTION_SENT||1139|8127975b-bd45-4a2e-ab0a-ce559a3dbab9
2026-03-30 09:34:56|gpt|web_search|10|JSON_VERIFIED||1139|8127975b-bd45-4a2e-ab0a-ce559a3dbab9
2026-03-30 09:34:56|gpt|web_search|10|QUESTION|5|1139|8127975b-bd45-4a2e-ab0a-ce559a3dbab9
2026-03-30 09:34:56|gpt|web_search|10|JSON_SAVED||1139|8127975b-bd45-4a2e-ab0a-ce559a3dbab9
2026-03-30 09:34:56|gpt|web_search|10|QUESTION_ADVANCE||1140|7085eed1-8c09-4fda-b285-fa0a17879b72
2026-03-30 09:35:48|gpt|web_search|12|QUESTION_SENT||803|75c0277a-d24b-4414-8aa4-2f5f0f04118c
2026-03-30 09:35:50|gpt|web_search|11|QUESTION_SENT||812|87aa44ef-c4d4-4b83-a804-fcd228ea4b6f
2026-03-30 09:36:21|gpt|web_search|12|JSON_VERIFIED||803|75c0277a-d24b-4414-8aa4-2f5f0f04118c
2026-03-30 09:36:21|gpt|web_search|12|QUESTION|8|803|75c0277a-d24b-4414-8aa4-2f5f0f04118c
2026-03-30 09:36:21|gpt|web_search|12|JSON_SAVED||803|75c0277a-d24b-4414-8aa4-2f5f0f04118c
2026-03-30 09:36:21|gpt|web_search|12|QUESTION_ADVANCE||804|98017ee8-ca78-476b-a284-fa3b30274c00
2026-03-30 09:36:29|gpt|web_search|11|JSON_VERIFIED||812|87aa44ef-c4d4-4b83-a804-fcd228ea4b6f
2026-03-30 09:36:29|gpt|web_search|11|QUESTION|5|812|87aa44ef-c4d4-4b83-a804-fcd228ea4b6f
2026-03-30 09:36:29|gpt|web_search|11|JSON_SAVED||812|87aa44ef-c4d4-4b83-a804-fcd228ea4b6f
2026-03-30 09:36:29|gpt|web_search|11|QUESTION_ADVANCE||813|d7409902-4fec-4eb3-a5ed-073cde52bc6f
2026-03-30 09:37:43|gpt|web_search|10|QUESTION_SENT||1140|7085eed1-8c09-4fda-b285-fa0a17879b72
2026-03-30 09:38:29|gpt|web_search|10|JSON_VERIFIED||1140|7085eed1-8c09-4fda-b285-fa0a17879b72
2026-03-30 09:38:29|gpt|web_search|10|QUESTION|6|1140|7085eed1-8c09-4fda-b285-fa0a17879b72
2026-03-30 09:38:29|gpt|web_search|10|JSON_SAVED||1140|7085eed1-8c09-4fda-b285-fa0a17879b72
2026-03-30 09:38:29|gpt|web_search|10|QUESTION_ADVANCE||1141|98e2fafd-8f09-46e7-b15b-86873bc418bb
2026-03-30 09:39:23|gpt|web_search|11|QUESTION_SENT||813|d7409902-4fec-4eb3-a5ed-073cde52bc6f
2026-03-30 09:39:34|gpt|web_search|12|QUESTION_SENT||804|98017ee8-ca78-476b-a284-fa3b30274c00
2026-03-30 09:40:14|gpt|web_search|12|JSON_VERIFIED||804|98017ee8-ca78-476b-a284-fa3b30274c00
2026-03-30 09:40:14|gpt|web_search|12|QUESTION|9|804|98017ee8-ca78-476b-a284-fa3b30274c00
2026-03-30 09:40:14|gpt|web_search|12|JSON_SAVED||804|98017ee8-ca78-476b-a284-fa3b30274c00
2026-03-30 09:40:14|gpt|web_search|12|QUESTION_ADVANCE||805|565b9ff3-b296-4508-a431-a6b6d52d7c1b
2026-03-30 09:41:16|gpt|web_search|10|QUESTION_SENT||1141|98e2fafd-8f09-46e7-b15b-86873bc418bb
2026-03-30 09:42:02|gpt|web_search|10|JSON_VERIFIED||1141|98e2fafd-8f09-46e7-b15b-86873bc418bb
2026-03-30 09:42:02|gpt|web_search|10|QUESTION|7|1141|98e2fafd-8f09-46e7-b15b-86873bc418bb
2026-03-30 09:42:02|gpt|web_search|10|JSON_SAVED||1141|98e2fafd-8f09-46e7-b15b-86873bc418bb
2026-03-30 09:42:02|gpt|web_search|10|QUESTION_ADVANCE||1142|5db8079c-9bd4-4636-942c-b9f6cc477b3a
2026-03-30 09:42:57|gpt|web_search|11|QUESTION_SENT||813|d7409902-4fec-4eb3-a5ed-073cde52bc6f
2026-03-30 09:43:07|gpt|web_search|12|QUESTION_SENT||805|565b9ff3-b296-4508-a431-a6b6d52d7c1b
2026-03-30 09:43:33|gpt|web_search|11|JSON_VERIFIED||813|d7409902-4fec-4eb3-a5ed-073cde52bc6f
2026-03-30 09:43:33|gpt|web_search|11|QUESTION|6|813|d7409902-4fec-4eb3-a5ed-073cde52bc6f
2026-03-30 09:43:33|gpt|web_search|11|JSON_SAVED||813|d7409902-4fec-4eb3-a5ed-073cde52bc6f
2026-03-30 09:43:33|gpt|web_search|11|QUESTION_ADVANCE||814|352781dd-dfa0-4fbb-9f5b-6394a68e9182
2026-03-30 09:43:42|gpt|web_search|12|JSON_VERIFY_FAILED||805|565b9ff3-b296-4508-a431-a6b6d52d7c1b
2026-03-30 09:43:42|gpt|web_search|12|QUESTION|10|805|565b9ff3-b296-4508-a431-a6b6d52d7c1b
2026-03-30 09:43:52|gpt|web_search|12|QUESTION_SENT||805|565b9ff3-b296-4508-a431-a6b6d52d7c1b
2026-03-30 09:44:13|gpt|web_search|12|JSON_VERIFY_FAILED||805|565b9ff3-b296-4508-a431-a6b6d52d7c1b
2026-03-30 09:44:13|gpt|web_search|12|QUESTION|11|805|565b9ff3-b296-4508-a431-a6b6d52d7c1b
2026-03-30 09:44:50|gpt|web_search|10|QUESTION_SENT||1142|5db8079c-9bd4-4636-942c-b9f6cc477b3a
2026-03-30 09:45:37|gpt|web_search|10|JSON_VERIFIED||1142|5db8079c-9bd4-4636-942c-b9f6cc477b3a
2026-03-30 09:45:37|gpt|web_search|10|QUESTION|8|1142|5db8079c-9bd4-4636-942c-b9f6cc477b3a
2026-03-30 09:45:37|gpt|web_search|10|JSON_SAVED||1142|5db8079c-9bd4-4636-942c-b9f6cc477b3a
2026-03-30 09:45:37|gpt|web_search|10|QUESTION_ADVANCE||1143|6e58b96e-ad79-475e-ace4-4f3754875942
2026-03-30 09:46:29|gpt|web_search|11|QUESTION_SENT||814|352781dd-dfa0-4fbb-9f5b-6394a68e9182
2026-03-30 09:46:41|gpt|web_search|12|QUESTION_SENT||805|565b9ff3-b296-4508-a431-a6b6d52d7c1b
2026-03-30 09:47:09|gpt|web_search|11|JSON_VERIFIED||814|352781dd-dfa0-4fbb-9f5b-6394a68e9182
2026-03-30 09:47:09|gpt|web_search|11|QUESTION|7|814|352781dd-dfa0-4fbb-9f5b-6394a68e9182
2026-03-30 09:47:09|gpt|web_search|11|JSON_SAVED||814|352781dd-dfa0-4fbb-9f5b-6394a68e9182
2026-03-30 09:47:09|gpt|web_search|11|QUESTION_ADVANCE||815|69c4dad6-93c2-470b-a815-cec8b766d453
2026-03-30 09:47:19|gpt|web_search|12|JSON_VERIFIED||805|565b9ff3-b296-4508-a431-a6b6d52d7c1b
2026-03-30 09:47:19|gpt|web_search|12|QUESTION|12|805|565b9ff3-b296-4508-a431-a6b6d52d7c1b
2026-03-30 09:47:19|gpt|web_search|12|JSON_SAVED||805|565b9ff3-b296-4508-a431-a6b6d52d7c1b
2026-03-30 09:47:19|gpt|web_search|12|QUESTION_ADVANCE||806|96ecdab9-b0b8-4ff1-a367-cac4ec1ac049
2026-03-30 09:48:23|gpt|web_search|10|QUESTION_SENT||1143|6e58b96e-ad79-475e-ace4-4f3754875942
2026-03-30 09:49:05|gpt|web_search|10|JSON_VERIFIED||1143|6e58b96e-ad79-475e-ace4-4f3754875942
2026-03-30 09:49:05|gpt|web_search|10|QUESTION|9|1143|6e58b96e-ad79-475e-ace4-4f3754875942
2026-03-30 09:49:05|gpt|web_search|10|JSON_SAVED||1143|6e58b96e-ad79-475e-ace4-4f3754875942
2026-03-30 09:49:05|gpt|web_search|10|QUESTION_ADVANCE||1144|17dc7156-1cb6-45ae-a5a8-372b8f4f4594
2026-03-30 09:50:03|gpt|web_search|11|QUESTION_SENT||815|69c4dad6-93c2-470b-a815-cec8b766d453
2026-03-30 09:50:14|gpt|web_search|12|QUESTION_SENT||806|96ecdab9-b0b8-4ff1-a367-cac4ec1ac049
2026-03-30 09:50:40|gpt|web_search|11|JSON_VERIFIED||815|69c4dad6-93c2-470b-a815-cec8b766d453
2026-03-30 09:50:40|gpt|web_search|11|QUESTION|8|815|69c4dad6-93c2-470b-a815-cec8b766d453
2026-03-30 09:50:40|gpt|web_search|11|JSON_SAVED||815|69c4dad6-93c2-470b-a815-cec8b766d453
2026-03-30 09:50:41|gpt|web_search|11|STOP||816|
2026-03-30 09:50:48|gpt|web_search|12|JSON_VERIFIED||806|96ecdab9-b0b8-4ff1-a367-cac4ec1ac049
2026-03-30 09:50:48|gpt|web_search|12|QUESTION|13|806|96ecdab9-b0b8-4ff1-a367-cac4ec1ac049
2026-03-30 09:50:48|gpt|web_search|12|JSON_SAVED||806|96ecdab9-b0b8-4ff1-a367-cac4ec1ac049
2026-03-30 09:50:48|gpt|web_search|12|QUESTION_ADVANCE||807|23c50966-3bfc-4d5e-9020-a64817025a40
2026-03-30 09:51:56|gpt|web_search|10|QUESTION_SENT||1144|17dc7156-1cb6-45ae-a5a8-372b8f4f4594
2026-03-30 09:52:43|gpt|web_search|10|JSON_VERIFIED||1144|17dc7156-1cb6-45ae-a5a8-372b8f4f4594
2026-03-30 09:52:43|gpt|web_search|10|QUESTION|10|1144|17dc7156-1cb6-45ae-a5a8-372b8f4f4594
2026-03-30 09:52:43|gpt|web_search|10|JSON_SAVED||1144|17dc7156-1cb6-45ae-a5a8-372b8f4f4594
2026-03-30 09:52:43|gpt|web_search|10|QUESTION_ADVANCE||1145|2d3b44aa-26bb-43f9-85a6-5f0da7af68dc
2026-03-30 09:53:47|gpt|web_search|12|QUESTION_SENT||807|23c50966-3bfc-4d5e-9020-a64817025a40
2026-03-30 09:54:21|gpt|web_search|12|JSON_VERIFIED||807|23c50966-3bfc-4d5e-9020-a64817025a40
2026-03-30 09:54:21|gpt|web_search|12|QUESTION|14|807|23c50966-3bfc-4d5e-9020-a64817025a40
2026-03-30 09:54:21|gpt|web_search|12|JSON_SAVED||807|23c50966-3bfc-4d5e-9020-a64817025a40
2026-03-30 09:54:21|gpt|web_search|12|QUESTION_ADVANCE||808|6650c214-1082-47ef-a9b8-c2bd9d785d77
2026-03-30 09:55:29|gpt|web_search|10|QUESTION_SENT||1145|2d3b44aa-26bb-43f9-85a6-5f0da7af68dc
2026-03-30 09:56:11|gpt|web_search|10|JSON_VERIFIED||1145|2d3b44aa-26bb-43f9-85a6-5f0da7af68dc
2026-03-30 09:56:11|gpt|web_search|10|QUESTION|11|1145|2d3b44aa-26bb-43f9-85a6-5f0da7af68dc
2026-03-30 09:56:11|gpt|web_search|10|JSON_SAVED||1145|2d3b44aa-26bb-43f9-85a6-5f0da7af68dc
2026-03-30 09:56:11|gpt|web_search|10|QUESTION_ADVANCE||1146|077f7aeb-70af-4348-85f2-7fff035b8f8b
2026-03-30 09:57:20|gpt|web_search|12|QUESTION_SENT||808|6650c214-1082-47ef-a9b8-c2bd9d785d77
2026-03-30 09:58:00|gpt|web_search|12|JSON_VERIFIED||808|6650c214-1082-47ef-a9b8-c2bd9d785d77
2026-03-30 09:58:00|gpt|web_search|12|QUESTION|15|808|6650c214-1082-47ef-a9b8-c2bd9d785d77
2026-03-30 09:58:00|gpt|web_search|12|JSON_SAVED||808|6650c214-1082-47ef-a9b8-c2bd9d785d77
2026-03-30 09:58:01|gpt|web_search|12|STOP||809|
2026-03-30 09:59:02|gpt|web_search|10|QUESTION_SENT||1146|077f7aeb-70af-4348-85f2-7fff035b8f8b
2026-03-30 09:59:49|gpt|web_search|10|JSON_VERIFIED||1146|077f7aeb-70af-4348-85f2-7fff035b8f8b
2026-03-30 09:59:49|gpt|web_search|10|QUESTION|12|1146|077f7aeb-70af-4348-85f2-7fff035b8f8b
2026-03-30 09:59:49|gpt|web_search|10|JSON_SAVED||1146|077f7aeb-70af-4348-85f2-7fff035b8f8b
2026-03-30 09:59:49|gpt|web_search|10|QUESTION_ADVANCE||1147|f4bd0b97-19b0-412e-b8f7-73feafc45c3e
2026-03-30 10:02:35|gpt|web_search|10|QUESTION_SENT||1147|f4bd0b97-19b0-412e-b8f7-73feafc45c3e
2026-03-30 10:03:23|gpt|web_search|10|JSON_VERIFIED||1147|f4bd0b97-19b0-412e-b8f7-73feafc45c3e
2026-03-30 10:03:23|gpt|web_search|10|QUESTION|13|1147|f4bd0b97-19b0-412e-b8f7-73feafc45c3e
2026-03-30 10:03:23|gpt|web_search|10|JSON_SAVED||1147|f4bd0b97-19b0-412e-b8f7-73feafc45c3e
2026-03-30 10:03:23|gpt|web_search|10|QUESTION_ADVANCE||1148|df56c6a3-39ba-4c06-83ba-c98b84e997e7
2026-03-30 10:06:08|gpt|web_search|10|QUESTION_SENT||1148|df56c6a3-39ba-4c06-83ba-c98b84e997e7
2026-03-30 10:06:57|gpt|web_search|10|JSON_VERIFIED||1148|df56c6a3-39ba-4c06-83ba-c98b84e997e7
2026-03-30 10:06:57|gpt|web_search|10|QUESTION|14|1148|df56c6a3-39ba-4c06-83ba-c98b84e997e7
2026-03-30 10:06:57|gpt|web_search|10|JSON_SAVED||1148|df56c6a3-39ba-4c06-83ba-c98b84e997e7
2026-03-30 10:06:57|gpt|web_search|10|QUESTION_ADVANCE||1149|e71ce0f8-6383-4f02-b071-c705482030ce
2026-03-30 10:09:41|gpt|web_search|10|QUESTION_SENT||1149|e71ce0f8-6383-4f02-b071-c705482030ce
2026-03-30 10:10:31|gpt|web_search|10|JSON_VERIFIED||1149|e71ce0f8-6383-4f02-b071-c705482030ce
2026-03-30 10:10:31|gpt|web_search|10|QUESTION|15|1149|e71ce0f8-6383-4f02-b071-c705482030ce
2026-03-30 10:10:31|gpt|web_search|10|JSON_SAVED||1149|e71ce0f8-6383-4f02-b071-c705482030ce
2026-03-30 10:10:31|gpt|web_search|10|QUESTION_ADVANCE||1150|0b000a31-3f1e-4b7d-ab9d-cd332976b548
2026-03-30 10:13:14|gpt|web_search|10|QUESTION_SENT||1150|0b000a31-3f1e-4b7d-ab9d-cd332976b548
2026-03-30 10:13:57|gpt|web_search|10|JSON_VERIFIED||1150|0b000a31-3f1e-4b7d-ab9d-cd332976b548
2026-03-30 10:13:57|gpt|web_search|10|QUESTION|16|1150|0b000a31-3f1e-4b7d-ab9d-cd332976b548
2026-03-30 10:13:57|gpt|web_search|10|JSON_SAVED||1150|0b000a31-3f1e-4b7d-ab9d-cd332976b548
2026-03-30 10:13:58|gpt|web_search|10|STOP||1151|
2026-03-30 13:55:24|gpt|web_search|10|RESTART||1151|ccffa560-1296-4a17-a2fb-7d71251fc628
2026-03-30 13:55:47|gpt|web_search|11|RESTART||1271|9c772be1-02e8-4faf-be59-4d15eae80e0a
2026-03-30 13:55:56|gpt|web_search|10|QUESTION_SENT||1151|ccffa560-1296-4a17-a2fb-7d71251fc628
2026-03-30 13:56:43|gpt|web_search|11|QUESTION_SENT||1271|9c772be1-02e8-4faf-be59-4d15eae80e0a
2026-03-30 13:56:47|gpt|web_search|12|RESTART||1511|69f25336-b0a8-47b5-939b-71058c065ae6
2026-03-30 13:57:19|gpt|web_search|11|JSON_VERIFIED||1271|9c772be1-02e8-4faf-be59-4d15eae80e0a
2026-03-30 13:57:19|gpt|web_search|11|QUESTION|1|1271|9c772be1-02e8-4faf-be59-4d15eae80e0a
2026-03-30 13:57:19|gpt|web_search|11|JSON_SAVED||1271|9c772be1-02e8-4faf-be59-4d15eae80e0a
2026-03-30 13:57:19|gpt|web_search|11|QUESTION_ADVANCE||1272|5b5ff3f6-4e8d-4330-9c86-19fbe0c2a82f
2026-03-30 13:57:49|gpt|web_search|12|QUESTION_SENT||1511|69f25336-b0a8-47b5-939b-71058c065ae6
2026-03-30 13:57:56|gpt|web_search|13|RESTART||1391|3fba8d63-d3d9-4f51-851e-4fc64dee026c
2026-03-30 13:58:29|gpt|web_search|12|JSON_VERIFIED||1511|69f25336-b0a8-47b5-939b-71058c065ae6
2026-03-30 13:58:29|gpt|web_search|12|QUESTION|1|1511|69f25336-b0a8-47b5-939b-71058c065ae6
2026-03-30 13:58:29|gpt|web_search|12|JSON_SAVED||1511|69f25336-b0a8-47b5-939b-71058c065ae6
2026-03-30 13:58:29|gpt|web_search|12|QUESTION_ADVANCE||1512|4f23dc84-66ab-42bf-b500-ffb064a00871
2026-03-30 13:58:30|gpt|web_search|13|QUESTION_SENT||1391|3fba8d63-d3d9-4f51-851e-4fc64dee026c
2026-03-30 13:59:14|gpt|web_search|13|JSON_VERIFIED||1391|3fba8d63-d3d9-4f51-851e-4fc64dee026c
2026-03-30 13:59:14|gpt|web_search|13|QUESTION|1|1391|3fba8d63-d3d9-4f51-851e-4fc64dee026c
2026-03-30 13:59:14|gpt|web_search|13|JSON_SAVED||1391|3fba8d63-d3d9-4f51-851e-4fc64dee026c
2026-03-30 13:59:14|gpt|web_search|13|QUESTION_ADVANCE||1392|db3e272d-d839-4888-973d-ca050512c6cc
2026-03-30 13:59:31|gpt|web_search|10|QUESTION_SENT||1151|ccffa560-1296-4a17-a2fb-7d71251fc628
2026-03-30 14:00:08|gpt|web_search|10|JSON_VERIFIED||1151|ccffa560-1296-4a17-a2fb-7d71251fc628
2026-03-30 14:00:08|gpt|web_search|10|QUESTION|1|1151|ccffa560-1296-4a17-a2fb-7d71251fc628
2026-03-30 14:00:08|gpt|web_search|10|JSON_SAVED||1151|ccffa560-1296-4a17-a2fb-7d71251fc628
2026-03-30 14:00:08|gpt|web_search|10|QUESTION_ADVANCE||1152|95d5ea1b-9ff3-4aa0-a1b9-6eb795132a72
2026-03-30 14:00:21|gpt|web_search|11|QUESTION_SENT||1272|5b5ff3f6-4e8d-4330-9c86-19fbe0c2a82f
2026-03-30 14:00:59|gpt|web_search|11|JSON_VERIFY_FAILED||1272|5b5ff3f6-4e8d-4330-9c86-19fbe0c2a82f
2026-03-30 14:00:59|gpt|web_search|11|QUESTION|2|1272|5b5ff3f6-4e8d-4330-9c86-19fbe0c2a82f
2026-03-30 14:01:42|gpt|web_search|12|QUESTION_SENT||1512|4f23dc84-66ab-42bf-b500-ffb064a00871
2026-03-30 14:02:03|gpt|web_search|13|QUESTION_SENT||1392|db3e272d-d839-4888-973d-ca050512c6cc
2026-03-30 14:02:19|gpt|web_search|12|JSON_VERIFIED||1512|4f23dc84-66ab-42bf-b500-ffb064a00871
2026-03-30 14:02:19|gpt|web_search|12|QUESTION|2|1512|4f23dc84-66ab-42bf-b500-ffb064a00871
2026-03-30 14:02:19|gpt|web_search|12|JSON_SAVED||1512|4f23dc84-66ab-42bf-b500-ffb064a00871
2026-03-30 14:02:19|gpt|web_search|12|QUESTION_ADVANCE||1513|1e44efd5-f445-4dc3-a138-bda6d871b55a
2026-03-30 14:02:41|gpt|web_search|13|JSON_VERIFIED||1392|db3e272d-d839-4888-973d-ca050512c6cc
2026-03-30 14:02:41|gpt|web_search|13|QUESTION|2|1392|db3e272d-d839-4888-973d-ca050512c6cc
2026-03-30 14:02:41|gpt|web_search|13|JSON_SAVED||1392|db3e272d-d839-4888-973d-ca050512c6cc
2026-03-30 14:02:41|gpt|web_search|13|QUESTION_ADVANCE||1393|7b72d8c3-d8d2-42c3-87cd-baa07c3e4511
2026-03-30 14:03:07|gpt|web_search|10|QUESTION_SENT||1152|95d5ea1b-9ff3-4aa0-a1b9-6eb795132a72
2026-03-30 14:03:51|gpt|web_search|10|JSON_VERIFIED||1152|95d5ea1b-9ff3-4aa0-a1b9-6eb795132a72
2026-03-30 14:03:51|gpt|web_search|10|QUESTION|2|1152|95d5ea1b-9ff3-4aa0-a1b9-6eb795132a72
2026-03-30 14:03:51|gpt|web_search|10|JSON_SAVED||1152|95d5ea1b-9ff3-4aa0-a1b9-6eb795132a72
2026-03-30 14:03:51|gpt|web_search|10|QUESTION_ADVANCE||1153|b086e5e7-6447-42ed-bb7a-7b0e33b38173
2026-03-30 14:03:57|gpt|web_search|11|QUESTION_SENT||1272|5b5ff3f6-4e8d-4330-9c86-19fbe0c2a82f
2026-03-30 14:04:33|gpt|web_search|11|JSON_VERIFIED||1272|5b5ff3f6-4e8d-4330-9c86-19fbe0c2a82f
2026-03-30 14:04:33|gpt|web_search|11|QUESTION|3|1272|5b5ff3f6-4e8d-4330-9c86-19fbe0c2a82f
2026-03-30 14:04:33|gpt|web_search|11|JSON_SAVED||1272|5b5ff3f6-4e8d-4330-9c86-19fbe0c2a82f
2026-03-30 14:04:33|gpt|web_search|11|QUESTION_ADVANCE||1273|22af7f49-1113-4d7d-a96b-9e687ac99583
2026-03-30 14:05:35|gpt|web_search|12|QUESTION_SENT||1513|1e44efd5-f445-4dc3-a138-bda6d871b55a
2026-03-30 14:05:36|gpt|web_search|13|QUESTION_SENT||1393|7b72d8c3-d8d2-42c3-87cd-baa07c3e4511
2026-03-30 14:06:13|gpt|web_search|12|JSON_VERIFIED||1513|1e44efd5-f445-4dc3-a138-bda6d871b55a
2026-03-30 14:06:13|gpt|web_search|12|QUESTION|3|1513|1e44efd5-f445-4dc3-a138-bda6d871b55a
2026-03-30 14:06:13|gpt|web_search|12|JSON_SAVED||1513|1e44efd5-f445-4dc3-a138-bda6d871b55a
2026-03-30 14:06:13|gpt|web_search|12|QUESTION_ADVANCE||1514|244156f7-c835-44c7-aa55-a8254ff14293
2026-03-30 14:06:15|gpt|web_search|13|JSON_VERIFIED||1393|7b72d8c3-d8d2-42c3-87cd-baa07c3e4511
2026-03-30 14:06:15|gpt|web_search|13|QUESTION|3|1393|7b72d8c3-d8d2-42c3-87cd-baa07c3e4511
2026-03-30 14:06:15|gpt|web_search|13|JSON_SAVED||1393|7b72d8c3-d8d2-42c3-87cd-baa07c3e4511
2026-03-30 14:06:15|gpt|web_search|13|QUESTION_ADVANCE||1394|fac8129b-2cae-4554-9d8a-2eef79debcb6
2026-03-30 14:06:42|gpt|web_search|10|QUESTION_SENT||1153|b086e5e7-6447-42ed-bb7a-7b0e33b38173
2026-03-30 14:07:22|gpt|web_search|10|JSON_VERIFIED||1153|b086e5e7-6447-42ed-bb7a-7b0e33b38173
2026-03-30 14:07:22|gpt|web_search|10|QUESTION|3|1153|b086e5e7-6447-42ed-bb7a-7b0e33b38173
2026-03-30 14:07:22|gpt|web_search|10|JSON_SAVED||1153|b086e5e7-6447-42ed-bb7a-7b0e33b38173
2026-03-30 14:07:22|gpt|web_search|10|QUESTION_ADVANCE||1154|144718d4-e52c-4549-8b30-87bbfeee8f83
2026-03-30 14:07:34|gpt|web_search|11|QUESTION_SENT||1273|22af7f49-1113-4d7d-a96b-9e687ac99583
2026-03-30 14:08:13|gpt|web_search|11|JSON_VERIFY_FAILED||1273|22af7f49-1113-4d7d-a96b-9e687ac99583
2026-03-30 14:08:13|gpt|web_search|11|QUESTION|4|1273|22af7f49-1113-4d7d-a96b-9e687ac99583
2026-03-30 14:08:22|gpt|web_search|11|QUESTION_SENT||1273|22af7f49-1113-4d7d-a96b-9e687ac99583
2026-03-30 14:08:50|gpt|web_search|11|JSON_VERIFIED||1273|22af7f49-1113-4d7d-a96b-9e687ac99583
2026-03-30 14:08:50|gpt|web_search|11|QUESTION|5|1273|22af7f49-1113-4d7d-a96b-9e687ac99583
2026-03-30 14:08:50|gpt|web_search|11|JSON_SAVED||1273|22af7f49-1113-4d7d-a96b-9e687ac99583
2026-03-30 14:08:50|gpt|web_search|11|QUESTION_ADVANCE||1274|744cf2cb-6df5-4200-be89-b75f39bfb46f
2026-03-30 14:09:09|gpt|web_search|13|QUESTION_SENT||1394|fac8129b-2cae-4554-9d8a-2eef79debcb6
2026-03-30 14:09:41|gpt|web_search|12|QUESTION_SENT||1514|244156f7-c835-44c7-aa55-a8254ff14293
2026-03-30 14:09:48|gpt|web_search|13|JSON_VERIFIED||1394|fac8129b-2cae-4554-9d8a-2eef79debcb6
2026-03-30 14:09:48|gpt|web_search|13|QUESTION|4|1394|fac8129b-2cae-4554-9d8a-2eef79debcb6
2026-03-30 14:09:48|gpt|web_search|13|JSON_SAVED||1394|fac8129b-2cae-4554-9d8a-2eef79debcb6
2026-03-30 14:09:48|gpt|web_search|13|QUESTION_ADVANCE||1395|5fda1faf-b01b-4e72-b93b-a69102e7dc1f
2026-03-30 14:10:17|gpt|web_search|10|QUESTION_SENT||1154|144718d4-e52c-4549-8b30-87bbfeee8f83
2026-03-30 14:10:19|gpt|web_search|12|JSON_VERIFIED||1514|244156f7-c835-44c7-aa55-a8254ff14293
2026-03-30 14:10:19|gpt|web_search|12|QUESTION|4|1514|244156f7-c835-44c7-aa55-a8254ff14293
2026-03-30 14:10:19|gpt|web_search|12|JSON_SAVED||1514|244156f7-c835-44c7-aa55-a8254ff14293
2026-03-30 14:10:19|gpt|web_search|12|QUESTION_ADVANCE||1515|904fc979-ce2e-4702-ac32-45ced9f7624c
2026-03-30 14:10:55|gpt|web_search|10|JSON_VERIFY_FAILED||1154|144718d4-e52c-4549-8b30-87bbfeee8f83
2026-03-30 14:10:55|gpt|web_search|10|QUESTION|4|1154|144718d4-e52c-4549-8b30-87bbfeee8f83
2026-03-30 14:11:05|gpt|web_search|10|QUESTION_SENT||1154|144718d4-e52c-4549-8b30-87bbfeee8f83
2026-03-30 14:11:34|gpt|web_search|10|JSON_VERIFIED||1154|144718d4-e52c-4549-8b30-87bbfeee8f83
2026-03-30 14:11:34|gpt|web_search|10|QUESTION|5|1154|144718d4-e52c-4549-8b30-87bbfeee8f83
2026-03-30 14:11:34|gpt|web_search|10|JSON_SAVED||1154|144718d4-e52c-4549-8b30-87bbfeee8f83
2026-03-30 14:11:34|gpt|web_search|10|QUESTION_ADVANCE||1155|4827a105-0130-4a03-9d1c-1fc4fb2787ef
2026-03-30 14:12:00|gpt|web_search|11|QUESTION_SENT||1274|744cf2cb-6df5-4200-be89-b75f39bfb46f
2026-03-30 14:12:37|gpt|web_search|11|JSON_VERIFIED||1274|744cf2cb-6df5-4200-be89-b75f39bfb46f
2026-03-30 14:12:37|gpt|web_search|11|QUESTION|6|1274|744cf2cb-6df5-4200-be89-b75f39bfb46f
2026-03-30 14:12:37|gpt|web_search|11|JSON_SAVED||1274|744cf2cb-6df5-4200-be89-b75f39bfb46f
2026-03-30 14:12:37|gpt|web_search|11|QUESTION_ADVANCE||1275|f07c1d97-5c6b-4254-bf4b-150abcfb2a55
2026-03-30 14:12:43|gpt|web_search|13|QUESTION_SENT||1395|5fda1faf-b01b-4e72-b93b-a69102e7dc1f
2026-03-30 14:13:20|gpt|web_search|13|JSON_VERIFIED||1395|5fda1faf-b01b-4e72-b93b-a69102e7dc1f
2026-03-30 14:13:20|gpt|web_search|13|QUESTION|5|1395|5fda1faf-b01b-4e72-b93b-a69102e7dc1f
2026-03-30 14:13:20|gpt|web_search|13|JSON_SAVED||1395|5fda1faf-b01b-4e72-b93b-a69102e7dc1f
2026-03-30 14:13:20|gpt|web_search|13|QUESTION_ADVANCE||1396|e618d213-f9b5-4252-a9bf-f65c532c4a33
2026-03-30 14:13:34|gpt|web_search|12|QUESTION_SENT||1515|904fc979-ce2e-4702-ac32-45ced9f7624c
2026-03-30 14:14:21|gpt|web_search|12|JSON_VERIFIED||1515|904fc979-ce2e-4702-ac32-45ced9f7624c
2026-03-30 14:14:21|gpt|web_search|12|QUESTION|5|1515|904fc979-ce2e-4702-ac32-45ced9f7624c
2026-03-30 14:14:21|gpt|web_search|12|JSON_SAVED||1515|904fc979-ce2e-4702-ac32-45ced9f7624c
2026-03-30 14:14:21|gpt|web_search|12|QUESTION_ADVANCE||1516|48c455b1-38c2-40cc-bc3f-5cbf1ecbfb4d
2026-03-30 14:14:40|gpt|web_search|10|QUESTION_SENT||1155|4827a105-0130-4a03-9d1c-1fc4fb2787ef
2026-03-30 14:15:20|gpt|web_search|10|JSON_VERIFIED||1155|4827a105-0130-4a03-9d1c-1fc4fb2787ef
2026-03-30 14:15:20|gpt|web_search|10|QUESTION|6|1155|4827a105-0130-4a03-9d1c-1fc4fb2787ef
2026-03-30 14:15:20|gpt|web_search|10|JSON_SAVED||1155|4827a105-0130-4a03-9d1c-1fc4fb2787ef
2026-03-30 14:15:20|gpt|web_search|10|QUESTION_ADVANCE||1156|8d0e88d8-c468-498d-ac90-5a6beba08cc6
2026-03-30 14:15:37|gpt|web_search|11|QUESTION_SENT||1275|f07c1d97-5c6b-4254-bf4b-150abcfb2a55
2026-03-30 14:16:15|gpt|web_search|11|JSON_VERIFIED||1275|f07c1d97-5c6b-4254-bf4b-150abcfb2a55
2026-03-30 14:16:15|gpt|web_search|11|QUESTION|7|1275|f07c1d97-5c6b-4254-bf4b-150abcfb2a55
2026-03-30 14:16:15|gpt|web_search|11|JSON_SAVED||1275|f07c1d97-5c6b-4254-bf4b-150abcfb2a55
2026-03-30 14:16:15|gpt|web_search|11|QUESTION_ADVANCE||1276|d4f6e1c3-142f-40ea-a50a-71aa8d06ef14
2026-03-30 14:16:16|gpt|web_search|13|QUESTION_SENT||1396|e618d213-f9b5-4252-a9bf-f65c532c4a33
2026-03-30 14:16:53|gpt|web_search|13|JSON_VERIFIED||1396|e618d213-f9b5-4252-a9bf-f65c532c4a33
2026-03-30 14:16:53|gpt|web_search|13|QUESTION|6|1396|e618d213-f9b5-4252-a9bf-f65c532c4a33
2026-03-30 14:16:53|gpt|web_search|13|JSON_SAVED||1396|e618d213-f9b5-4252-a9bf-f65c532c4a33
2026-03-30 14:16:53|gpt|web_search|13|QUESTION_ADVANCE||1397|212766f7-52da-45e4-9fdc-7f78a4877315
2026-03-30 14:17:27|gpt|web_search|12|QUESTION_SENT||1516|48c455b1-38c2-40cc-bc3f-5cbf1ecbfb4d
2026-03-30 14:18:05|gpt|web_search|12|JSON_VERIFIED||1516|48c455b1-38c2-40cc-bc3f-5cbf1ecbfb4d
2026-03-30 14:18:05|gpt|web_search|12|QUESTION|6|1516|48c455b1-38c2-40cc-bc3f-5cbf1ecbfb4d
2026-03-30 14:18:05|gpt|web_search|12|JSON_SAVED||1516|48c455b1-38c2-40cc-bc3f-5cbf1ecbfb4d
2026-03-30 14:18:05|gpt|web_search|12|QUESTION_ADVANCE||1517|47543a2d-8bac-4e07-8aeb-511dd5705f97
2026-03-30 14:18:16|gpt|web_search|10|QUESTION_SENT||1156|8d0e88d8-c468-498d-ac90-5a6beba08cc6
2026-03-30 14:19:01|gpt|web_search|10|JSON_VERIFIED||1156|8d0e88d8-c468-498d-ac90-5a6beba08cc6
2026-03-30 14:19:01|gpt|web_search|10|QUESTION|7|1156|8d0e88d8-c468-498d-ac90-5a6beba08cc6
2026-03-30 14:19:01|gpt|web_search|10|JSON_SAVED||1156|8d0e88d8-c468-498d-ac90-5a6beba08cc6
2026-03-30 14:19:01|gpt|web_search|10|QUESTION_ADVANCE||1157|cd06cb79-2e13-4dc0-90aa-ba3d6a9e1db4
2026-03-30 14:19:14|gpt|web_search|11|QUESTION_SENT||1276|d4f6e1c3-142f-40ea-a50a-71aa8d06ef14
2026-03-30 14:19:49|gpt|web_search|13|QUESTION_SENT||1397|212766f7-52da-45e4-9fdc-7f78a4877315
2026-03-30 14:21:20|gpt|web_search|12|QUESTION_SENT||1517|47543a2d-8bac-4e07-8aeb-511dd5705f97
2026-03-30 14:21:50|gpt|web_search|10|QUESTION_SENT||1157|cd06cb79-2e13-4dc0-90aa-ba3d6a9e1db4
2026-03-30 14:22:03|gpt|web_search|12|JSON_VERIFIED||1517|47543a2d-8bac-4e07-8aeb-511dd5705f97
2026-03-30 14:22:03|gpt|web_search|12|QUESTION|7|1517|47543a2d-8bac-4e07-8aeb-511dd5705f97
2026-03-30 14:22:03|gpt|web_search|12|JSON_SAVED||1517|47543a2d-8bac-4e07-8aeb-511dd5705f97
2026-03-30 14:22:03|gpt|web_search|12|QUESTION_ADVANCE||1518|ced5b472-89eb-488f-a03a-0d5ea37d58f0
2026-03-30 14:22:33|gpt|web_search|10|JSON_VERIFIED||1157|cd06cb79-2e13-4dc0-90aa-ba3d6a9e1db4
2026-03-30 14:22:33|gpt|web_search|10|QUESTION|8|1157|cd06cb79-2e13-4dc0-90aa-ba3d6a9e1db4
2026-03-30 14:22:33|gpt|web_search|10|JSON_SAVED||1157|cd06cb79-2e13-4dc0-90aa-ba3d6a9e1db4
2026-03-30 14:22:33|gpt|web_search|10|QUESTION_ADVANCE||1158|940825e7-d281-4a6f-9b65-3ae96ec717d7
2026-03-30 14:22:51|gpt|web_search|11|QUESTION_SENT||1276|d4f6e1c3-142f-40ea-a50a-71aa8d06ef14
2026-03-30 14:23:22|gpt|web_search|13|QUESTION_SENT||1397|212766f7-52da-45e4-9fdc-7f78a4877315
2026-03-30 14:23:27|gpt|web_search|11|JSON_VERIFIED||1276|d4f6e1c3-142f-40ea-a50a-71aa8d06ef14
2026-03-30 14:23:27|gpt|web_search|11|QUESTION|8|1276|d4f6e1c3-142f-40ea-a50a-71aa8d06ef14
2026-03-30 14:23:27|gpt|web_search|11|JSON_SAVED||1276|d4f6e1c3-142f-40ea-a50a-71aa8d06ef14
2026-03-30 14:23:27|gpt|web_search|11|QUESTION_ADVANCE||1277|2af721c5-8123-4a85-8ee0-c58a15243148
2026-03-30 14:23:58|gpt|web_search|13|JSON_VERIFIED||1397|212766f7-52da-45e4-9fdc-7f78a4877315
2026-03-30 14:23:58|gpt|web_search|13|QUESTION|7|1397|212766f7-52da-45e4-9fdc-7f78a4877315
2026-03-30 14:23:58|gpt|web_search|13|JSON_SAVED||1397|212766f7-52da-45e4-9fdc-7f78a4877315
2026-03-30 14:23:58|gpt|web_search|13|QUESTION_ADVANCE||1398|6f3c5b52-3489-49c3-9003-c4806d1e2ae1
2026-03-30 14:25:13|gpt|web_search|12|QUESTION_SENT||1518|ced5b472-89eb-488f-a03a-0d5ea37d58f0
2026-03-30 14:25:25|gpt|web_search|10|QUESTION_SENT||1158|940825e7-d281-4a6f-9b65-3ae96ec717d7
2026-03-30 14:25:50|gpt|web_search|12|JSON_VERIFIED||1518|ced5b472-89eb-488f-a03a-0d5ea37d58f0
2026-03-30 14:25:50|gpt|web_search|12|QUESTION|8|1518|ced5b472-89eb-488f-a03a-0d5ea37d58f0
2026-03-30 14:25:50|gpt|web_search|12|JSON_SAVED||1518|ced5b472-89eb-488f-a03a-0d5ea37d58f0
2026-03-30 14:25:50|gpt|web_search|12|QUESTION_ADVANCE||1519|dcf8407b-a1d9-48da-8735-8e5e6f57e3fa
2026-03-30 14:26:05|gpt|web_search|10|JSON_VERIFIED||1158|940825e7-d281-4a6f-9b65-3ae96ec717d7
2026-03-30 14:26:05|gpt|web_search|10|QUESTION|9|1158|940825e7-d281-4a6f-9b65-3ae96ec717d7
2026-03-30 14:26:05|gpt|web_search|10|JSON_SAVED||1158|940825e7-d281-4a6f-9b65-3ae96ec717d7
2026-03-30 14:26:05|gpt|web_search|10|QUESTION_ADVANCE||1159|1f638794-34ee-45d3-8ddf-0920f6ff48ef
2026-03-30 14:26:28|gpt|web_search|11|QUESTION_SENT||1277|2af721c5-8123-4a85-8ee0-c58a15243148
2026-03-30 14:26:55|gpt|web_search|13|QUESTION_SENT||1398|6f3c5b52-3489-49c3-9003-c4806d1e2ae1
2026-03-30 14:27:04|gpt|web_search|11|JSON_VERIFIED||1277|2af721c5-8123-4a85-8ee0-c58a15243148
2026-03-30 14:27:04|gpt|web_search|11|QUESTION|9|1277|2af721c5-8123-4a85-8ee0-c58a15243148
2026-03-30 14:27:04|gpt|web_search|11|JSON_SAVED||1277|2af721c5-8123-4a85-8ee0-c58a15243148
2026-03-30 14:27:04|gpt|web_search|11|QUESTION_ADVANCE||1278|2219773b-1d27-4d12-b3f4-3bf443b790dd
2026-03-30 14:29:01|gpt|web_search|10|QUESTION_SENT||1159|1f638794-34ee-45d3-8ddf-0920f6ff48ef
2026-03-30 14:29:06|gpt|web_search|12|QUESTION_SENT||1519|dcf8407b-a1d9-48da-8735-8e5e6f57e3fa
2026-03-30 14:29:41|gpt|web_search|10|JSON_VERIFIED||1159|1f638794-34ee-45d3-8ddf-0920f6ff48ef
2026-03-30 14:29:41|gpt|web_search|10|QUESTION|10|1159|1f638794-34ee-45d3-8ddf-0920f6ff48ef
2026-03-30 14:29:41|gpt|web_search|10|JSON_SAVED||1159|1f638794-34ee-45d3-8ddf-0920f6ff48ef
2026-03-30 14:29:41|gpt|web_search|10|QUESTION_ADVANCE||1160|288a8ba3-6cb8-4cd6-ba24-7a2e925fafa6
2026-03-30 14:29:45|gpt|web_search|12|JSON_VERIFIED||1519|dcf8407b-a1d9-48da-8735-8e5e6f57e3fa
2026-03-30 14:29:45|gpt|web_search|12|QUESTION|9|1519|dcf8407b-a1d9-48da-8735-8e5e6f57e3fa
2026-03-30 14:29:45|gpt|web_search|12|JSON_SAVED||1519|dcf8407b-a1d9-48da-8735-8e5e6f57e3fa
2026-03-30 14:29:45|gpt|web_search|12|QUESTION_ADVANCE||1520|a8067b17-9067-4ece-bcd8-a2953599d261
2026-03-30 14:30:06|gpt|web_search|11|QUESTION_SENT||1278|2219773b-1d27-4d12-b3f4-3bf443b790dd
2026-03-30 14:30:28|gpt|web_search|13|QUESTION_SENT||1398|6f3c5b52-3489-49c3-9003-c4806d1e2ae1
2026-03-30 14:30:47|gpt|web_search|11|JSON_VERIFIED||1278|2219773b-1d27-4d12-b3f4-3bf443b790dd
2026-03-30 14:30:47|gpt|web_search|11|QUESTION|10|1278|2219773b-1d27-4d12-b3f4-3bf443b790dd
2026-03-30 14:30:47|gpt|web_search|11|JSON_SAVED||1278|2219773b-1d27-4d12-b3f4-3bf443b790dd
2026-03-30 14:30:47|gpt|web_search|11|QUESTION_ADVANCE||1279|3137a5ae-87aa-4a70-873a-ca0dae9c8732
2026-03-30 14:31:05|gpt|web_search|13|JSON_VERIFIED||1398|6f3c5b52-3489-49c3-9003-c4806d1e2ae1
2026-03-30 14:31:05|gpt|web_search|13|QUESTION|8|1398|6f3c5b52-3489-49c3-9003-c4806d1e2ae1
2026-03-30 14:31:05|gpt|web_search|13|JSON_SAVED||1398|6f3c5b52-3489-49c3-9003-c4806d1e2ae1
2026-03-30 14:31:05|gpt|web_search|13|QUESTION_ADVANCE||1399|cf3a3d33-68e5-4991-b453-5292fc59fdcd
2026-03-30 14:32:48|gpt|web_search|10|QUESTION_SENT||1160|288a8ba3-6cb8-4cd6-ba24-7a2e925fafa6
2026-03-30 14:33:00|gpt|web_search|12|QUESTION_SENT||1520|a8067b17-9067-4ece-bcd8-a2953599d261
2026-03-30 14:33:43|gpt|web_search|11|QUESTION_SENT||1279|3137a5ae-87aa-4a70-873a-ca0dae9c8732
2026-03-30 14:34:01|gpt|web_search|13|QUESTION_SENT||1399|cf3a3d33-68e5-4991-b453-5292fc59fdcd
2026-03-30 14:34:21|gpt|web_search|11|JSON_VERIFIED||1279|3137a5ae-87aa-4a70-873a-ca0dae9c8732
2026-03-30 14:34:21|gpt|web_search|11|QUESTION|11|1279|3137a5ae-87aa-4a70-873a-ca0dae9c8732
2026-03-30 14:34:21|gpt|web_search|11|JSON_SAVED||1279|3137a5ae-87aa-4a70-873a-ca0dae9c8732
2026-03-30 14:34:21|gpt|web_search|11|QUESTION_ADVANCE||1280|353a06b2-1dcd-4260-9110-1ee1b1a97853
2026-03-30 14:36:23|gpt|web_search|10|QUESTION_SENT||1160|288a8ba3-6cb8-4cd6-ba24-7a2e925fafa6
2026-03-30 14:36:53|gpt|web_search|12|QUESTION_SENT||1520|a8067b17-9067-4ece-bcd8-a2953599d261
2026-03-30 14:36:59|gpt|web_search|10|JSON_VERIFIED||1160|288a8ba3-6cb8-4cd6-ba24-7a2e925fafa6
2026-03-30 14:36:59|gpt|web_search|10|QUESTION|11|1160|288a8ba3-6cb8-4cd6-ba24-7a2e925fafa6
2026-03-30 14:36:59|gpt|web_search|10|JSON_SAVED||1160|288a8ba3-6cb8-4cd6-ba24-7a2e925fafa6
2026-03-30 14:36:59|gpt|web_search|10|QUESTION_ADVANCE||1161|620413aa-da80-4c92-899e-b3b68fcb6729
2026-03-30 14:37:20|gpt|web_search|11|QUESTION_SENT||1280|353a06b2-1dcd-4260-9110-1ee1b1a97853
2026-03-30 14:37:29|gpt|web_search|12|JSON_VERIFIED||1520|a8067b17-9067-4ece-bcd8-a2953599d261
2026-03-30 14:37:29|gpt|web_search|12|QUESTION|10|1520|a8067b17-9067-4ece-bcd8-a2953599d261
2026-03-30 14:37:29|gpt|web_search|12|JSON_SAVED||1520|a8067b17-9067-4ece-bcd8-a2953599d261
2026-03-30 14:37:29|gpt|web_search|12|QUESTION_ADVANCE||1521|4fa8832d-e9d8-4485-8c56-df48a59afc2f
2026-03-30 14:37:35|gpt|web_search|13|QUESTION_SENT||1399|cf3a3d33-68e5-4991-b453-5292fc59fdcd
2026-03-30 14:38:09|gpt|web_search|13|JSON_VERIFIED||1399|cf3a3d33-68e5-4991-b453-5292fc59fdcd
2026-03-30 14:38:09|gpt|web_search|13|QUESTION|9|1399|cf3a3d33-68e5-4991-b453-5292fc59fdcd
2026-03-30 14:38:09|gpt|web_search|13|JSON_SAVED||1399|cf3a3d33-68e5-4991-b453-5292fc59fdcd
2026-03-30 14:38:09|gpt|web_search|13|QUESTION_ADVANCE||1400|e2c864c2-9363-401e-9716-e9dda8643f36
2026-03-30 14:38:14|gpt|web_search|11|JSON_VERIFIED||1280|353a06b2-1dcd-4260-9110-1ee1b1a97853
2026-03-30 14:38:14|gpt|web_search|11|QUESTION|12|1280|353a06b2-1dcd-4260-9110-1ee1b1a97853
2026-03-30 14:38:14|gpt|web_search|11|JSON_SAVED||1280|353a06b2-1dcd-4260-9110-1ee1b1a97853
2026-03-30 14:38:14|gpt|web_search|11|QUESTION_ADVANCE||1281|29705ef7-79f2-47c6-9d38-a5f6e79eac79
2026-03-30 14:39:58|gpt|web_search|10|QUESTION_SENT||1161|620413aa-da80-4c92-899e-b3b68fcb6729
2026-03-30 14:40:40|gpt|web_search|10|JSON_VERIFIED||1161|620413aa-da80-4c92-899e-b3b68fcb6729
2026-03-30 14:40:40|gpt|web_search|10|QUESTION|12|1161|620413aa-da80-4c92-899e-b3b68fcb6729
2026-03-30 14:40:40|gpt|web_search|10|JSON_SAVED||1161|620413aa-da80-4c92-899e-b3b68fcb6729
2026-03-30 14:40:40|gpt|web_search|10|QUESTION_ADVANCE||1162|c06a266a-dc0c-4792-8c75-e43ce731f17e
2026-03-30 14:40:46|gpt|web_search|12|QUESTION_SENT||1521|4fa8832d-e9d8-4485-8c56-df48a59afc2f
2026-03-30 14:40:57|gpt|web_search|11|QUESTION_SENT||1281|29705ef7-79f2-47c6-9d38-a5f6e79eac79
2026-03-30 14:41:07|gpt|web_search|13|QUESTION_SENT||1400|e2c864c2-9363-401e-9716-e9dda8643f36
2026-03-30 14:41:27|gpt|web_search|12|JSON_VERIFIED||1521|4fa8832d-e9d8-4485-8c56-df48a59afc2f
2026-03-30 14:41:27|gpt|web_search|12|QUESTION|11|1521|4fa8832d-e9d8-4485-8c56-df48a59afc2f
2026-03-30 14:41:27|gpt|web_search|12|JSON_SAVED||1521|4fa8832d-e9d8-4485-8c56-df48a59afc2f
2026-03-30 14:41:27|gpt|web_search|12|QUESTION_ADVANCE||1522|281e0497-749d-49aa-8c39-42399f6ae6e9
2026-03-30 14:41:38|gpt|web_search|11|JSON_VERIFIED||1281|29705ef7-79f2-47c6-9d38-a5f6e79eac79
2026-03-30 14:41:38|gpt|web_search|11|QUESTION|13|1281|29705ef7-79f2-47c6-9d38-a5f6e79eac79
2026-03-30 14:41:39|gpt|web_search|11|JSON_SAVED||1281|29705ef7-79f2-47c6-9d38-a5f6e79eac79
2026-03-30 14:41:39|gpt|web_search|11|QUESTION_ADVANCE||1282|778cf61c-058b-453f-800f-f9578afb45cb
2026-03-30 14:41:50|gpt|web_search|13|JSON_VERIFIED||1400|e2c864c2-9363-401e-9716-e9dda8643f36
2026-03-30 14:41:50|gpt|web_search|13|QUESTION|10|1400|e2c864c2-9363-401e-9716-e9dda8643f36
2026-03-30 14:41:50|gpt|web_search|13|JSON_SAVED||1400|e2c864c2-9363-401e-9716-e9dda8643f36
2026-03-30 14:41:50|gpt|web_search|13|QUESTION_ADVANCE||1401|350bfe91-9c82-4805-8aec-3bb183332b3a
2026-03-30 14:43:33|gpt|web_search|10|QUESTION_SENT||1162|c06a266a-dc0c-4792-8c75-e43ce731f17e
2026-03-30 14:44:34|gpt|web_search|11|QUESTION_SENT||1282|778cf61c-058b-453f-800f-f9578afb45cb
2026-03-30 14:44:39|gpt|web_search|12|QUESTION_SENT||1522|281e0497-749d-49aa-8c39-42399f6ae6e9
2026-03-30 14:44:40|gpt|web_search|13|QUESTION_SENT||1401|350bfe91-9c82-4805-8aec-3bb183332b3a
2026-03-30 14:44:59|gpt|web_search|11|JSON_VERIFY_FAILED||1282|778cf61c-058b-453f-800f-f9578afb45cb
2026-03-30 14:44:59|gpt|web_search|11|QUESTION|14|1282|778cf61c-058b-453f-800f-f9578afb45cb
2026-03-30 14:45:09|gpt|web_search|11|QUESTION_SENT||1282|778cf61c-058b-453f-800f-f9578afb45cb
2026-03-30 14:45:18|gpt|web_search|12|JSON_VERIFIED||1522|281e0497-749d-49aa-8c39-42399f6ae6e9
2026-03-30 14:45:18|gpt|web_search|12|QUESTION|12|1522|281e0497-749d-49aa-8c39-42399f6ae6e9
2026-03-30 14:45:18|gpt|web_search|12|JSON_SAVED||1522|281e0497-749d-49aa-8c39-42399f6ae6e9
2026-03-30 14:45:18|gpt|web_search|12|QUESTION_ADVANCE||1523|e0686063-bc67-4d8c-9a48-417b02cbae0c
2026-03-30 14:45:19|gpt|web_search|13|JSON_VERIFIED||1401|350bfe91-9c82-4805-8aec-3bb183332b3a
2026-03-30 14:45:19|gpt|web_search|13|QUESTION|11|1401|350bfe91-9c82-4805-8aec-3bb183332b3a
2026-03-30 14:45:19|gpt|web_search|13|JSON_SAVED||1401|350bfe91-9c82-4805-8aec-3bb183332b3a
2026-03-30 14:45:19|gpt|web_search|13|QUESTION_ADVANCE||1402|11912a33-3b12-4fd7-9b37-0bfe2b450e53
2026-03-30 14:45:45|gpt|web_search|11|JSON_VERIFIED||1282|778cf61c-058b-453f-800f-f9578afb45cb
2026-03-30 14:45:45|gpt|web_search|11|QUESTION|15|1282|778cf61c-058b-453f-800f-f9578afb45cb
2026-03-30 14:45:45|gpt|web_search|11|JSON_SAVED||1282|778cf61c-058b-453f-800f-f9578afb45cb
2026-03-30 14:45:45|gpt|web_search|11|QUESTION_ADVANCE||1283|94e4e320-a941-4819-be36-a03735ac6033
2026-03-30 14:47:08|gpt|web_search|10|QUESTION_SENT||1162|c06a266a-dc0c-4792-8c75-e43ce731f17e
2026-03-30 14:47:47|gpt|web_search|10|JSON_VERIFIED||1162|c06a266a-dc0c-4792-8c75-e43ce731f17e
2026-03-30 14:47:47|gpt|web_search|10|QUESTION|13|1162|c06a266a-dc0c-4792-8c75-e43ce731f17e
2026-03-30 14:47:47|gpt|web_search|10|JSON_SAVED||1162|c06a266a-dc0c-4792-8c75-e43ce731f17e
2026-03-30 14:47:47|gpt|web_search|10|QUESTION_ADVANCE||1163|480873fa-3e40-4c4b-af78-c46ee0c1cb56
2026-03-30 14:48:14|gpt|web_search|13|QUESTION_SENT||1402|11912a33-3b12-4fd7-9b37-0bfe2b450e53
2026-03-30 14:48:33|gpt|web_search|12|QUESTION_SENT||1523|e0686063-bc67-4d8c-9a48-417b02cbae0c
2026-03-30 14:48:42|gpt|web_search|13|JSON_VERIFY_FAILED||1402|11912a33-3b12-4fd7-9b37-0bfe2b450e53
2026-03-30 14:48:42|gpt|web_search|13|QUESTION|12|1402|11912a33-3b12-4fd7-9b37-0bfe2b450e53
2026-03-30 14:48:46|gpt|web_search|11|QUESTION_SENT||1283|94e4e320-a941-4819-be36-a03735ac6033
2026-03-30 14:48:52|gpt|web_search|13|QUESTION_SENT||1402|11912a33-3b12-4fd7-9b37-0bfe2b450e53
2026-03-30 14:48:58|gpt|web_search|12|JSON_VERIFY_FAILED||1523|e0686063-bc67-4d8c-9a48-417b02cbae0c
2026-03-30 14:48:58|gpt|web_search|12|QUESTION|13|1523|e0686063-bc67-4d8c-9a48-417b02cbae0c
2026-03-30 14:49:08|gpt|web_search|12|QUESTION_SENT||1523|e0686063-bc67-4d8c-9a48-417b02cbae0c
2026-03-30 14:49:23|gpt|web_search|11|JSON_VERIFIED||1283|94e4e320-a941-4819-be36-a03735ac6033
2026-03-30 14:49:23|gpt|web_search|11|QUESTION|16|1283|94e4e320-a941-4819-be36-a03735ac6033
2026-03-30 14:49:23|gpt|web_search|11|JSON_SAVED||1283|94e4e320-a941-4819-be36-a03735ac6033
2026-03-30 14:49:23|gpt|web_search|11|QUESTION_ADVANCE||1284|f9b70ba2-f6a7-4892-bfdd-a8e16dbd227a
2026-03-30 14:49:31|gpt|web_search|12|JSON_VERIFIED||1523|e0686063-bc67-4d8c-9a48-417b02cbae0c
2026-03-30 14:49:31|gpt|web_search|12|QUESTION|14|1523|e0686063-bc67-4d8c-9a48-417b02cbae0c
2026-03-30 14:49:31|gpt|web_search|12|JSON_SAVED||1523|e0686063-bc67-4d8c-9a48-417b02cbae0c
2026-03-30 14:49:31|gpt|web_search|12|QUESTION_ADVANCE||1524|14a381bc-097a-4689-843c-52d077962194
2026-03-30 14:49:34|gpt|web_search|13|JSON_VERIFIED||1402|11912a33-3b12-4fd7-9b37-0bfe2b450e53
2026-03-30 14:49:34|gpt|web_search|13|QUESTION|13|1402|11912a33-3b12-4fd7-9b37-0bfe2b450e53
2026-03-30 14:49:34|gpt|web_search|13|JSON_SAVED||1402|11912a33-3b12-4fd7-9b37-0bfe2b450e53
2026-03-30 14:49:34|gpt|web_search|13|QUESTION_ADVANCE||1403|581ee49f-d3a8-48b6-abc1-aa2bdfe0079e
2026-03-30 14:50:44|gpt|web_search|10|QUESTION_SENT||1163|480873fa-3e40-4c4b-af78-c46ee0c1cb56
2026-03-30 14:51:25|gpt|web_search|10|JSON_VERIFIED||1163|480873fa-3e40-4c4b-af78-c46ee0c1cb56
2026-03-30 14:51:25|gpt|web_search|10|QUESTION|14|1163|480873fa-3e40-4c4b-af78-c46ee0c1cb56
2026-03-30 14:51:25|gpt|web_search|10|JSON_SAVED||1163|480873fa-3e40-4c4b-af78-c46ee0c1cb56
2026-03-30 14:51:25|gpt|web_search|10|QUESTION_ADVANCE||1164|a1a4d147-7e08-402c-a04f-2acfd9c21acb
2026-03-30 14:52:23|gpt|web_search|11|QUESTION_SENT||1284|f9b70ba2-f6a7-4892-bfdd-a8e16dbd227a
2026-03-30 14:52:25|gpt|web_search|13|QUESTION_SENT||1403|581ee49f-d3a8-48b6-abc1-aa2bdfe0079e
2026-03-30 14:52:59|gpt|web_search|13|JSON_VERIFY_FAILED||1403|581ee49f-d3a8-48b6-abc1-aa2bdfe0079e
2026-03-30 14:52:59|gpt|web_search|13|QUESTION|14|1403|581ee49f-d3a8-48b6-abc1-aa2bdfe0079e
2026-03-30 14:53:01|gpt|web_search|12|QUESTION_SENT||1524|14a381bc-097a-4689-843c-52d077962194
2026-03-30 14:53:09|gpt|web_search|13|QUESTION_SENT||1403|581ee49f-d3a8-48b6-abc1-aa2bdfe0079e
2026-03-30 14:53:34|gpt|web_search|13|JSON_VERIFIED||1403|581ee49f-d3a8-48b6-abc1-aa2bdfe0079e
2026-03-30 14:53:34|gpt|web_search|13|QUESTION|15|1403|581ee49f-d3a8-48b6-abc1-aa2bdfe0079e
2026-03-30 14:53:34|gpt|web_search|13|JSON_SAVED||1403|581ee49f-d3a8-48b6-abc1-aa2bdfe0079e
2026-03-30 14:53:34|gpt|web_search|13|QUESTION_ADVANCE||1404|5fb730da-de36-4b1f-ad9b-5854d0963309
2026-03-30 14:53:40|gpt|web_search|12|JSON_VERIFIED||1524|14a381bc-097a-4689-843c-52d077962194
2026-03-30 14:53:40|gpt|web_search|12|QUESTION|15|1524|14a381bc-097a-4689-843c-52d077962194
2026-03-30 14:53:40|gpt|web_search|12|JSON_SAVED||1524|14a381bc-097a-4689-843c-52d077962194
2026-03-30 14:53:40|gpt|web_search|12|QUESTION_ADVANCE||1525|b72ed637-9a4f-4011-8bf0-0637c7cb2d12
2026-03-30 14:54:19|gpt|web_search|10|QUESTION_SENT||1164|a1a4d147-7e08-402c-a04f-2acfd9c21acb
2026-03-30 14:55:02|gpt|web_search|10|JSON_VERIFIED||1164|a1a4d147-7e08-402c-a04f-2acfd9c21acb
2026-03-30 14:55:02|gpt|web_search|10|QUESTION|15|1164|a1a4d147-7e08-402c-a04f-2acfd9c21acb
2026-03-30 14:55:02|gpt|web_search|10|JSON_SAVED||1164|a1a4d147-7e08-402c-a04f-2acfd9c21acb
2026-03-30 14:55:02|gpt|web_search|10|QUESTION_ADVANCE||1165|9c939a9f-f843-4bf8-8f10-fb2c42148a1f
2026-03-30 14:56:00|gpt|web_search|11|QUESTION_SENT||1284|f9b70ba2-f6a7-4892-bfdd-a8e16dbd227a
2026-03-30 14:56:36|gpt|web_search|11|JSON_VERIFIED||1284|f9b70ba2-f6a7-4892-bfdd-a8e16dbd227a
2026-03-30 14:56:36|gpt|web_search|11|QUESTION|17|1284|f9b70ba2-f6a7-4892-bfdd-a8e16dbd227a
2026-03-30 14:56:36|gpt|web_search|11|JSON_SAVED||1284|f9b70ba2-f6a7-4892-bfdd-a8e16dbd227a
2026-03-30 14:56:36|gpt|web_search|11|QUESTION_ADVANCE||1285|3b34012b-e266-4a84-a301-ccee6ab3401b
2026-03-30 14:56:42|gpt|web_search|13|QUESTION_SENT||1404|5fb730da-de36-4b1f-ad9b-5854d0963309
2026-03-30 14:56:55|gpt|web_search|12|QUESTION_SENT||1525|b72ed637-9a4f-4011-8bf0-0637c7cb2d12
2026-03-30 14:57:32|gpt|web_search|12|JSON_VERIFY_FAILED||1525|b72ed637-9a4f-4011-8bf0-0637c7cb2d12
2026-03-30 14:57:32|gpt|web_search|12|QUESTION|16|1525|b72ed637-9a4f-4011-8bf0-0637c7cb2d12
2026-03-30 14:57:42|gpt|web_search|12|QUESTION_SENT||1525|b72ed637-9a4f-4011-8bf0-0637c7cb2d12
2026-03-30 14:57:54|gpt|web_search|10|QUESTION_SENT||1165|9c939a9f-f843-4bf8-8f10-fb2c42148a1f
2026-03-30 14:58:03|gpt|web_search|12|JSON_VERIFIED||1525|b72ed637-9a4f-4011-8bf0-0637c7cb2d12
2026-03-30 14:58:03|gpt|web_search|12|QUESTION|17|1525|b72ed637-9a4f-4011-8bf0-0637c7cb2d12
2026-03-30 14:58:03|gpt|web_search|12|JSON_SAVED||1525|b72ed637-9a4f-4011-8bf0-0637c7cb2d12
2026-03-30 14:58:03|gpt|web_search|12|QUESTION_ADVANCE||1526|cecd6c17-3d07-45ba-9946-56aa8894fde2
2026-03-30 14:58:33|gpt|web_search|10|JSON_VERIFIED||1165|9c939a9f-f843-4bf8-8f10-fb2c42148a1f
2026-03-30 14:58:33|gpt|web_search|10|QUESTION|16|1165|9c939a9f-f843-4bf8-8f10-fb2c42148a1f
2026-03-30 14:58:33|gpt|web_search|10|JSON_SAVED||1165|9c939a9f-f843-4bf8-8f10-fb2c42148a1f
2026-03-30 14:58:33|gpt|web_search|10|QUESTION_ADVANCE||1166|345cdf3a-13c1-4468-b044-0beb68957c14
2026-03-30 14:59:37|gpt|web_search|11|QUESTION_SENT||1285|3b34012b-e266-4a84-a301-ccee6ab3401b
2026-03-30 15:00:11|gpt|web_search|11|JSON_VERIFY_FAILED||1285|3b34012b-e266-4a84-a301-ccee6ab3401b
2026-03-30 15:00:11|gpt|web_search|11|QUESTION|18|1285|3b34012b-e266-4a84-a301-ccee6ab3401b
2026-03-30 15:00:15|gpt|web_search|13|QUESTION_SENT||1404|5fb730da-de36-4b1f-ad9b-5854d0963309
2026-03-30 15:00:21|gpt|web_search|11|QUESTION_SENT||1285|3b34012b-e266-4a84-a301-ccee6ab3401b
2026-03-30 15:00:44|gpt|web_search|11|JSON_VERIFIED||1285|3b34012b-e266-4a84-a301-ccee6ab3401b
2026-03-30 15:00:44|gpt|web_search|11|QUESTION|19|1285|3b34012b-e266-4a84-a301-ccee6ab3401b
2026-03-30 15:00:44|gpt|web_search|11|JSON_SAVED||1285|3b34012b-e266-4a84-a301-ccee6ab3401b
2026-03-30 15:00:44|gpt|web_search|11|QUESTION_ADVANCE||1286|074bca88-ad2c-4988-8e2f-23a895534416
2026-03-30 15:00:49|gpt|web_search|13|JSON_VERIFY_FAILED||1404|5fb730da-de36-4b1f-ad9b-5854d0963309
2026-03-30 15:00:49|gpt|web_search|13|QUESTION|16|1404|5fb730da-de36-4b1f-ad9b-5854d0963309
2026-03-30 15:00:59|gpt|web_search|13|QUESTION_SENT||1404|5fb730da-de36-4b1f-ad9b-5854d0963309
2026-03-30 15:01:29|gpt|web_search|10|QUESTION_SENT||1166|345cdf3a-13c1-4468-b044-0beb68957c14
2026-03-30 15:01:35|gpt|web_search|12|QUESTION_SENT||1526|cecd6c17-3d07-45ba-9946-56aa8894fde2
2026-03-30 15:02:06|gpt|web_search|10|JSON_VERIFIED||1166|345cdf3a-13c1-4468-b044-0beb68957c14
2026-03-30 15:02:06|gpt|web_search|10|QUESTION|17|1166|345cdf3a-13c1-4468-b044-0beb68957c14
2026-03-30 15:02:06|gpt|web_search|10|JSON_SAVED||1166|345cdf3a-13c1-4468-b044-0beb68957c14
2026-03-30 15:02:06|gpt|web_search|10|QUESTION_ADVANCE||1167|06dff9ff-9a34-4c88-8884-9494be43668c
2026-03-30 15:02:13|gpt|web_search|12|JSON_VERIFIED||1526|cecd6c17-3d07-45ba-9946-56aa8894fde2
2026-03-30 15:02:13|gpt|web_search|12|QUESTION|18|1526|cecd6c17-3d07-45ba-9946-56aa8894fde2
2026-03-30 15:02:13|gpt|web_search|12|JSON_SAVED||1526|cecd6c17-3d07-45ba-9946-56aa8894fde2
2026-03-30 15:02:13|gpt|web_search|12|QUESTION_ADVANCE||1527|6445534c-3516-4aa1-b38f-5c288b6463ca
2026-03-30 15:03:58|gpt|web_search|11|QUESTION_SENT||1286|074bca88-ad2c-4988-8e2f-23a895534416
2026-03-30 15:04:32|gpt|web_search|13|QUESTION_SENT||1404|5fb730da-de36-4b1f-ad9b-5854d0963309
2026-03-30 15:04:37|gpt|web_search|11|JSON_VERIFIED||1286|074bca88-ad2c-4988-8e2f-23a895534416
2026-03-30 15:04:37|gpt|web_search|11|QUESTION|20|1286|074bca88-ad2c-4988-8e2f-23a895534416
2026-03-30 15:04:37|gpt|web_search|11|JSON_SAVED||1286|074bca88-ad2c-4988-8e2f-23a895534416
2026-03-30 15:04:37|gpt|web_search|11|QUESTION_ADVANCE||1287|61886f12-051c-46ec-ae81-0770fe82614f
2026-03-30 15:05:04|gpt|web_search|10|QUESTION_SENT||1167|06dff9ff-9a34-4c88-8884-9494be43668c
2026-03-30 15:05:28|gpt|web_search|12|QUESTION_SENT||1527|6445534c-3516-4aa1-b38f-5c288b6463ca
2026-03-30 15:05:50|gpt|web_search|10|JSON_VERIFIED||1167|06dff9ff-9a34-4c88-8884-9494be43668c
2026-03-30 15:05:50|gpt|web_search|10|QUESTION|18|1167|06dff9ff-9a34-4c88-8884-9494be43668c
2026-03-30 15:05:50|gpt|web_search|10|JSON_SAVED||1167|06dff9ff-9a34-4c88-8884-9494be43668c
2026-03-30 15:05:50|gpt|web_search|10|QUESTION_ADVANCE||1168|0d734898-cf54-4090-8edf-71364f9c66e5
2026-03-30 15:06:08|gpt|web_search|12|JSON_VERIFIED||1527|6445534c-3516-4aa1-b38f-5c288b6463ca
2026-03-30 15:06:08|gpt|web_search|12|QUESTION|19|1527|6445534c-3516-4aa1-b38f-5c288b6463ca
2026-03-30 15:06:08|gpt|web_search|12|JSON_SAVED||1527|6445534c-3516-4aa1-b38f-5c288b6463ca
2026-03-30 15:06:08|gpt|web_search|12|QUESTION_ADVANCE||1528|3f50b1b3-8dc1-4796-80f6-e2535c00463d
2026-03-30 15:07:36|gpt|web_search|11|QUESTION_SENT||1287|61886f12-051c-46ec-ae81-0770fe82614f
2026-03-30 15:08:05|gpt|web_search|13|QUESTION_SENT||1404|5fb730da-de36-4b1f-ad9b-5854d0963309
2026-03-30 15:08:11|gpt|web_search|11|JSON_VERIFIED||1287|61886f12-051c-46ec-ae81-0770fe82614f
2026-03-30 15:08:11|gpt|web_search|11|QUESTION|21|1287|61886f12-051c-46ec-ae81-0770fe82614f
2026-03-30 15:08:11|gpt|web_search|11|JSON_SAVED||1287|61886f12-051c-46ec-ae81-0770fe82614f
2026-03-30 15:08:11|gpt|web_search|11|QUESTION_ADVANCE||1288|671afc47-910c-412b-8765-bc96cca9cd59
2026-03-30 15:08:39|gpt|web_search|10|QUESTION_SENT||1168|0d734898-cf54-4090-8edf-71364f9c66e5
2026-03-30 15:08:42|gpt|web_search|13|JSON_VERIFIED||1404|5fb730da-de36-4b1f-ad9b-5854d0963309
2026-03-30 15:08:42|gpt|web_search|13|QUESTION|17|1404|5fb730da-de36-4b1f-ad9b-5854d0963309
2026-03-30 15:08:42|gpt|web_search|13|JSON_SAVED||1404|5fb730da-de36-4b1f-ad9b-5854d0963309
2026-03-30 15:08:42|gpt|web_search|13|QUESTION_ADVANCE||1405|c3bbb71d-40c6-4069-88af-89e32d1702fc
2026-03-30 15:09:12|gpt|web_search|10|JSON_VERIFY_FAILED||1168|0d734898-cf54-4090-8edf-71364f9c66e5
2026-03-30 15:09:12|gpt|web_search|10|QUESTION|19|1168|0d734898-cf54-4090-8edf-71364f9c66e5
2026-03-30 15:09:21|gpt|web_search|12|QUESTION_SENT||1528|3f50b1b3-8dc1-4796-80f6-e2535c00463d
2026-03-30 15:09:22|gpt|web_search|10|QUESTION_SENT||1168|0d734898-cf54-4090-8edf-71364f9c66e5
2026-03-30 15:09:52|gpt|web_search|10|JSON_VERIFIED||1168|0d734898-cf54-4090-8edf-71364f9c66e5
2026-03-30 15:09:52|gpt|web_search|10|QUESTION|20|1168|0d734898-cf54-4090-8edf-71364f9c66e5
2026-03-30 15:09:52|gpt|web_search|10|JSON_SAVED||1168|0d734898-cf54-4090-8edf-71364f9c66e5
2026-03-30 15:09:52|gpt|web_search|10|QUESTION_ADVANCE||1169|f9f40d54-a3d9-47a8-923c-6611a09e51c3
2026-03-30 15:09:58|gpt|web_search|12|JSON_VERIFY_FAILED||1528|3f50b1b3-8dc1-4796-80f6-e2535c00463d
2026-03-30 15:09:58|gpt|web_search|12|QUESTION|20|1528|3f50b1b3-8dc1-4796-80f6-e2535c00463d
2026-03-30 15:10:08|gpt|web_search|12|QUESTION_SENT||1528|3f50b1b3-8dc1-4796-80f6-e2535c00463d
2026-03-30 15:10:36|gpt|web_search|12|JSON_VERIFIED||1528|3f50b1b3-8dc1-4796-80f6-e2535c00463d
2026-03-30 15:10:36|gpt|web_search|12|QUESTION|21|1528|3f50b1b3-8dc1-4796-80f6-e2535c00463d
2026-03-30 15:10:36|gpt|web_search|12|JSON_SAVED||1528|3f50b1b3-8dc1-4796-80f6-e2535c00463d
2026-03-30 15:10:36|gpt|web_search|12|QUESTION_ADVANCE||1529|41f96430-6e69-4805-b52c-3c39d21f4cac
2026-03-30 15:11:13|gpt|web_search|11|QUESTION_SENT||1288|671afc47-910c-412b-8765-bc96cca9cd59
2026-03-30 15:11:39|gpt|web_search|13|QUESTION_SENT||1405|c3bbb71d-40c6-4069-88af-89e32d1702fc
2026-03-30 15:11:47|gpt|web_search|11|JSON_VERIFIED||1288|671afc47-910c-412b-8765-bc96cca9cd59
2026-03-30 15:11:47|gpt|web_search|11|QUESTION|22|1288|671afc47-910c-412b-8765-bc96cca9cd59
2026-03-30 15:11:47|gpt|web_search|11|JSON_SAVED||1288|671afc47-910c-412b-8765-bc96cca9cd59
2026-03-30 15:11:47|gpt|web_search|11|QUESTION_ADVANCE||1289|a3f4bad6-0848-4070-aedd-37a25719b553
2026-03-30 15:12:14|gpt|web_search|13|JSON_VERIFIED||1405|c3bbb71d-40c6-4069-88af-89e32d1702fc
2026-03-30 15:12:14|gpt|web_search|13|QUESTION|18|1405|c3bbb71d-40c6-4069-88af-89e32d1702fc
2026-03-30 15:12:14|gpt|web_search|13|JSON_SAVED||1405|c3bbb71d-40c6-4069-88af-89e32d1702fc
2026-03-30 15:12:14|gpt|web_search|13|QUESTION_ADVANCE||1406|ca6da68c-c96c-4055-8401-1a6c98851df9
2026-03-30 15:13:10|gpt|web_search|10|QUESTION_SENT||1169|f9f40d54-a3d9-47a8-923c-6611a09e51c3
2026-03-30 15:14:02|gpt|web_search|12|QUESTION_SENT||1529|41f96430-6e69-4805-b52c-3c39d21f4cac
2026-03-30 15:14:42|gpt|web_search|12|JSON_VERIFIED||1529|41f96430-6e69-4805-b52c-3c39d21f4cac
2026-03-30 15:14:42|gpt|web_search|12|QUESTION|22|1529|41f96430-6e69-4805-b52c-3c39d21f4cac
2026-03-30 15:14:42|gpt|web_search|12|JSON_SAVED||1529|41f96430-6e69-4805-b52c-3c39d21f4cac
2026-03-30 15:14:42|gpt|web_search|12|QUESTION_ADVANCE||1530|a5ceb05d-14b9-47a5-87d6-b168d45d03bb
2026-03-30 15:14:50|gpt|web_search|11|QUESTION_SENT||1289|a3f4bad6-0848-4070-aedd-37a25719b553
2026-03-30 15:15:12|gpt|web_search|13|QUESTION_SENT||1406|ca6da68c-c96c-4055-8401-1a6c98851df9
2026-03-30 15:15:26|gpt|web_search|11|JSON_VERIFIED||1289|a3f4bad6-0848-4070-aedd-37a25719b553
2026-03-30 15:15:26|gpt|web_search|11|QUESTION|23|1289|a3f4bad6-0848-4070-aedd-37a25719b553
2026-03-30 15:15:26|gpt|web_search|11|JSON_SAVED||1289|a3f4bad6-0848-4070-aedd-37a25719b553
2026-03-30 15:15:26|gpt|web_search|11|QUESTION_ADVANCE||1290|4e276f17-dd02-432f-94af-66547f298871
2026-03-30 15:15:46|gpt|web_search|13|JSON_VERIFY_FAILED||1406|ca6da68c-c96c-4055-8401-1a6c98851df9
2026-03-30 15:15:46|gpt|web_search|13|QUESTION|19|1406|ca6da68c-c96c-4055-8401-1a6c98851df9
2026-03-30 15:15:56|gpt|web_search|13|QUESTION_SENT||1406|ca6da68c-c96c-4055-8401-1a6c98851df9
2026-03-30 15:16:27|gpt|web_search|13|JSON_VERIFIED||1406|ca6da68c-c96c-4055-8401-1a6c98851df9
2026-03-30 15:16:27|gpt|web_search|13|QUESTION|20|1406|ca6da68c-c96c-4055-8401-1a6c98851df9
2026-03-30 15:16:27|gpt|web_search|13|JSON_SAVED||1406|ca6da68c-c96c-4055-8401-1a6c98851df9
2026-03-30 15:16:27|gpt|web_search|13|QUESTION_ADVANCE||1407|80d75ff4-744a-4f5a-a2fd-7f478846edc4
2026-03-30 15:16:45|gpt|web_search|10|QUESTION_SENT||1169|f9f40d54-a3d9-47a8-923c-6611a09e51c3
2026-03-30 15:17:23|gpt|web_search|10|JSON_VERIFIED||1169|f9f40d54-a3d9-47a8-923c-6611a09e51c3
2026-03-30 15:17:23|gpt|web_search|10|QUESTION|21|1169|f9f40d54-a3d9-47a8-923c-6611a09e51c3
2026-03-30 15:17:23|gpt|web_search|10|JSON_SAVED||1169|f9f40d54-a3d9-47a8-923c-6611a09e51c3
2026-03-30 15:17:23|gpt|web_search|10|QUESTION_ADVANCE||1170|b46f10ad-e4e3-4008-a24e-99df233eab66
2026-03-30 15:17:55|gpt|web_search|12|QUESTION_SENT||1530|a5ceb05d-14b9-47a5-87d6-b168d45d03bb
2026-03-30 15:18:27|gpt|web_search|11|QUESTION_SENT||1290|4e276f17-dd02-432f-94af-66547f298871
2026-03-30 15:18:36|gpt|web_search|12|JSON_VERIFIED||1530|a5ceb05d-14b9-47a5-87d6-b168d45d03bb
2026-03-30 15:18:36|gpt|web_search|12|QUESTION|23|1530|a5ceb05d-14b9-47a5-87d6-b168d45d03bb
2026-03-30 15:18:36|gpt|web_search|12|JSON_SAVED||1530|a5ceb05d-14b9-47a5-87d6-b168d45d03bb
2026-03-30 15:18:36|gpt|web_search|12|QUESTION_ADVANCE||1531|7b8891e1-9b9a-45ba-8a72-b84e44b4686b
2026-03-30 15:19:01|gpt|web_search|11|JSON_VERIFIED||1290|4e276f17-dd02-432f-94af-66547f298871
2026-03-30 15:19:01|gpt|web_search|11|QUESTION|24|1290|4e276f17-dd02-432f-94af-66547f298871
2026-03-30 15:19:01|gpt|web_search|11|JSON_SAVED||1290|4e276f17-dd02-432f-94af-66547f298871
2026-03-30 15:19:01|gpt|web_search|11|QUESTION_ADVANCE||1291|4243cffe-87eb-4b0d-ab39-461b68fdd77e
2026-03-30 15:19:29|gpt|web_search|13|QUESTION_SENT||1407|80d75ff4-744a-4f5a-a2fd-7f478846edc4
2026-03-30 15:20:10|gpt|web_search|13|JSON_VERIFIED||1407|80d75ff4-744a-4f5a-a2fd-7f478846edc4
2026-03-30 15:20:10|gpt|web_search|13|QUESTION|21|1407|80d75ff4-744a-4f5a-a2fd-7f478846edc4
2026-03-30 15:20:10|gpt|web_search|13|JSON_SAVED||1407|80d75ff4-744a-4f5a-a2fd-7f478846edc4
2026-03-30 15:20:10|gpt|web_search|13|QUESTION_ADVANCE||1408|4a37fc2b-abd7-40a3-ae05-2408403d8fd9
2026-03-30 15:20:20|gpt|web_search|10|QUESTION_SENT||1170|b46f10ad-e4e3-4008-a24e-99df233eab66
2026-03-30 15:20:58|gpt|web_search|10|JSON_VERIFIED||1170|b46f10ad-e4e3-4008-a24e-99df233eab66
2026-03-30 15:20:58|gpt|web_search|10|QUESTION|22|1170|b46f10ad-e4e3-4008-a24e-99df233eab66
2026-03-30 15:20:58|gpt|web_search|10|JSON_SAVED||1170|b46f10ad-e4e3-4008-a24e-99df233eab66
2026-03-30 15:20:58|gpt|web_search|10|QUESTION_ADVANCE||1171|ba7a7e39-04c2-4256-b2b4-7d3c33d83452
2026-03-30 15:21:48|gpt|web_search|12|QUESTION_SENT||1531|7b8891e1-9b9a-45ba-8a72-b84e44b4686b
2026-03-30 15:22:04|gpt|web_search|11|QUESTION_SENT||1291|4243cffe-87eb-4b0d-ab39-461b68fdd77e
2026-03-30 15:22:28|gpt|web_search|12|JSON_VERIFIED||1531|7b8891e1-9b9a-45ba-8a72-b84e44b4686b
2026-03-30 15:22:28|gpt|web_search|12|QUESTION|24|1531|7b8891e1-9b9a-45ba-8a72-b84e44b4686b
2026-03-30 15:22:28|gpt|web_search|12|JSON_SAVED||1531|7b8891e1-9b9a-45ba-8a72-b84e44b4686b
2026-03-30 15:22:28|gpt|web_search|12|QUESTION_ADVANCE||1532|f4523d85-87e5-4aa4-bac5-2f9d813b902a
2026-03-30 15:22:40|gpt|web_search|11|JSON_VERIFIED||1291|4243cffe-87eb-4b0d-ab39-461b68fdd77e
2026-03-30 15:22:40|gpt|web_search|11|QUESTION|25|1291|4243cffe-87eb-4b0d-ab39-461b68fdd77e
2026-03-30 15:22:40|gpt|web_search|11|JSON_SAVED||1291|4243cffe-87eb-4b0d-ab39-461b68fdd77e
2026-03-30 15:22:40|gpt|web_search|11|QUESTION_ADVANCE||1292|3700e895-fecd-433b-ab8a-46b31c5e67ea
2026-03-30 15:23:02|gpt|web_search|13|QUESTION_SENT||1408|4a37fc2b-abd7-40a3-ae05-2408403d8fd9
2026-03-30 15:23:38|gpt|web_search|13|JSON_VERIFIED||1408|4a37fc2b-abd7-40a3-ae05-2408403d8fd9
2026-03-30 15:23:38|gpt|web_search|13|QUESTION|22|1408|4a37fc2b-abd7-40a3-ae05-2408403d8fd9
2026-03-30 15:23:38|gpt|web_search|13|JSON_SAVED||1408|4a37fc2b-abd7-40a3-ae05-2408403d8fd9
2026-03-30 15:23:38|gpt|web_search|13|QUESTION_ADVANCE||1409|7e3205f1-3e0c-47f0-ae8a-718c984e7a51
2026-03-30 15:23:55|gpt|web_search|10|QUESTION_SENT||1171|ba7a7e39-04c2-4256-b2b4-7d3c33d83452
2026-03-30 15:24:35|gpt|web_search|10|JSON_VERIFIED||1171|ba7a7e39-04c2-4256-b2b4-7d3c33d83452
2026-03-30 15:24:35|gpt|web_search|10|QUESTION|23|1171|ba7a7e39-04c2-4256-b2b4-7d3c33d83452
2026-03-30 15:24:35|gpt|web_search|10|JSON_SAVED||1171|ba7a7e39-04c2-4256-b2b4-7d3c33d83452
2026-03-30 15:24:35|gpt|web_search|10|QUESTION_ADVANCE||1172|be492153-92c7-4eb6-8693-8f9a0385377b
2026-03-30 15:25:41|gpt|web_search|11|QUESTION_SENT||1292|3700e895-fecd-433b-ab8a-46b31c5e67ea
2026-03-30 15:25:41|gpt|web_search|12|QUESTION_SENT||1532|f4523d85-87e5-4aa4-bac5-2f9d813b902a
2026-03-30 15:26:12|gpt|web_search|11|JSON_VERIFIED||1292|3700e895-fecd-433b-ab8a-46b31c5e67ea
2026-03-30 15:26:12|gpt|web_search|11|QUESTION|26|1292|3700e895-fecd-433b-ab8a-46b31c5e67ea
2026-03-30 15:26:12|gpt|web_search|11|JSON_SAVED||1292|3700e895-fecd-433b-ab8a-46b31c5e67ea
2026-03-30 15:26:12|gpt|web_search|11|QUESTION_ADVANCE||1293|a6a5a502-efe5-4f28-9ba0-9189a6aa9f78
2026-03-30 15:26:20|gpt|web_search|12|JSON_VERIFIED||1532|f4523d85-87e5-4aa4-bac5-2f9d813b902a
2026-03-30 15:26:20|gpt|web_search|12|QUESTION|25|1532|f4523d85-87e5-4aa4-bac5-2f9d813b902a
2026-03-30 15:26:20|gpt|web_search|12|JSON_SAVED||1532|f4523d85-87e5-4aa4-bac5-2f9d813b902a
2026-03-30 15:26:20|gpt|web_search|12|QUESTION_ADVANCE||1533|07c8d058-0327-4b01-810e-558c46432043
2026-03-30 15:26:35|gpt|web_search|13|QUESTION_SENT||1409|7e3205f1-3e0c-47f0-ae8a-718c984e7a51
2026-03-30 15:27:16|gpt|web_search|13|JSON_VERIFIED||1409|7e3205f1-3e0c-47f0-ae8a-718c984e7a51
2026-03-30 15:27:16|gpt|web_search|13|QUESTION|23|1409|7e3205f1-3e0c-47f0-ae8a-718c984e7a51
2026-03-30 15:27:16|gpt|web_search|13|JSON_SAVED||1409|7e3205f1-3e0c-47f0-ae8a-718c984e7a51
2026-03-30 15:27:16|gpt|web_search|13|QUESTION_ADVANCE||1410|dbea592c-237f-4070-911f-07b447553069
2026-03-30 15:27:30|gpt|web_search|10|QUESTION_SENT||1172|be492153-92c7-4eb6-8693-8f9a0385377b
2026-03-30 15:28:06|gpt|web_search|10|JSON_VERIFIED||1172|be492153-92c7-4eb6-8693-8f9a0385377b
2026-03-30 15:28:06|gpt|web_search|10|QUESTION|24|1172|be492153-92c7-4eb6-8693-8f9a0385377b
2026-03-30 15:28:06|gpt|web_search|10|JSON_SAVED||1172|be492153-92c7-4eb6-8693-8f9a0385377b
2026-03-30 15:28:06|gpt|web_search|10|QUESTION_ADVANCE||1173|576336cd-c6dc-4ecf-889b-c257a968b745
2026-03-30 15:29:18|gpt|web_search|11|QUESTION_SENT||1293|a6a5a502-efe5-4f28-9ba0-9189a6aa9f78
2026-03-30 15:29:34|gpt|web_search|12|QUESTION_SENT||1533|07c8d058-0327-4b01-810e-558c46432043
2026-03-30 15:29:54|gpt|web_search|11|JSON_VERIFIED||1293|a6a5a502-efe5-4f28-9ba0-9189a6aa9f78
2026-03-30 15:29:54|gpt|web_search|11|QUESTION|27|1293|a6a5a502-efe5-4f28-9ba0-9189a6aa9f78
2026-03-30 15:29:54|gpt|web_search|11|JSON_SAVED||1293|a6a5a502-efe5-4f28-9ba0-9189a6aa9f78
2026-03-30 15:29:54|gpt|web_search|11|QUESTION_ADVANCE||1294|c3c481eb-63fc-44b0-b051-be2ffdb4c491
2026-03-30 15:30:08|gpt|web_search|13|QUESTION_SENT||1410|dbea592c-237f-4070-911f-07b447553069
2026-03-30 15:30:42|gpt|web_search|13|JSON_VERIFIED||1410|dbea592c-237f-4070-911f-07b447553069
2026-03-30 15:30:42|gpt|web_search|13|QUESTION|24|1410|dbea592c-237f-4070-911f-07b447553069
2026-03-30 15:30:42|gpt|web_search|13|JSON_SAVED||1410|dbea592c-237f-4070-911f-07b447553069
2026-03-30 15:30:42|gpt|web_search|13|QUESTION_ADVANCE||1411|ce308ee2-7044-4da2-b67b-0721c71c6acf
2026-03-30 15:31:05|gpt|web_search|10|QUESTION_SENT||1173|576336cd-c6dc-4ecf-889b-c257a968b745
2026-03-30 15:31:45|gpt|web_search|10|JSON_VERIFIED||1173|576336cd-c6dc-4ecf-889b-c257a968b745
2026-03-30 15:31:45|gpt|web_search|10|QUESTION|25|1173|576336cd-c6dc-4ecf-889b-c257a968b745
2026-03-30 15:31:45|gpt|web_search|10|JSON_SAVED||1173|576336cd-c6dc-4ecf-889b-c257a968b745
2026-03-30 15:31:45|gpt|web_search|10|QUESTION_ADVANCE||1174|4b4d99c2-3685-40f0-b6d3-03d9230e47d3
2026-03-30 15:32:55|gpt|web_search|11|QUESTION_SENT||1294|c3c481eb-63fc-44b0-b051-be2ffdb4c491
2026-03-30 15:33:29|gpt|web_search|11|JSON_VERIFIED||1294|c3c481eb-63fc-44b0-b051-be2ffdb4c491
2026-03-30 15:33:29|gpt|web_search|11|QUESTION|28|1294|c3c481eb-63fc-44b0-b051-be2ffdb4c491
2026-03-30 15:33:29|gpt|web_search|11|JSON_SAVED||1294|c3c481eb-63fc-44b0-b051-be2ffdb4c491
2026-03-30 15:33:29|gpt|web_search|11|QUESTION_ADVANCE||1295|3a5312ee-dbdb-44b9-a2fd-9f68abc16aaa
2026-03-30 15:33:41|gpt|web_search|13|QUESTION_SENT||1411|ce308ee2-7044-4da2-b67b-0721c71c6acf
2026-03-30 15:34:18|gpt|web_search|13|JSON_VERIFIED||1411|ce308ee2-7044-4da2-b67b-0721c71c6acf
2026-03-30 15:34:18|gpt|web_search|13|QUESTION|25|1411|ce308ee2-7044-4da2-b67b-0721c71c6acf
2026-03-30 15:34:18|gpt|web_search|13|JSON_SAVED||1411|ce308ee2-7044-4da2-b67b-0721c71c6acf
2026-03-30 15:34:18|gpt|web_search|13|QUESTION_ADVANCE||1412|7ce90b64-dcca-4a75-8da8-e5d734af050a
2026-03-30 15:34:38|gpt|web_search|12|QUESTION_SENT||1533|07c8d058-0327-4b01-810e-558c46432043
2026-03-30 15:34:40|gpt|web_search|10|QUESTION_SENT||1174|4b4d99c2-3685-40f0-b6d3-03d9230e47d3
2026-03-30 15:35:09|gpt|web_search|10|JSON_VERIFY_FAILED||1174|4b4d99c2-3685-40f0-b6d3-03d9230e47d3
2026-03-30 15:35:09|gpt|web_search|10|QUESTION|26|1174|4b4d99c2-3685-40f0-b6d3-03d9230e47d3
2026-03-30 15:35:15|gpt|web_search|12|JSON_VERIFIED||1533|07c8d058-0327-4b01-810e-558c46432043
2026-03-30 15:35:15|gpt|web_search|12|QUESTION|26|1533|07c8d058-0327-4b01-810e-558c46432043
2026-03-30 15:35:15|gpt|web_search|12|JSON_SAVED||1533|07c8d058-0327-4b01-810e-558c46432043
2026-03-30 15:35:15|gpt|web_search|12|QUESTION_ADVANCE||1534|914104a5-6a2c-4313-9552-66ea141d1b90
2026-03-30 15:35:33|gpt|web_search|10|QUESTION_SENT||1174|4b4d99c2-3685-40f0-b6d3-03d9230e47d3
2026-03-30 15:36:00|gpt|web_search|10|JSON_VERIFIED||1174|4b4d99c2-3685-40f0-b6d3-03d9230e47d3
2026-03-30 15:36:00|gpt|web_search|10|QUESTION|27|1174|4b4d99c2-3685-40f0-b6d3-03d9230e47d3
2026-03-30 15:36:00|gpt|web_search|10|JSON_SAVED||1174|4b4d99c2-3685-40f0-b6d3-03d9230e47d3
2026-03-30 15:36:00|gpt|web_search|10|QUESTION_ADVANCE||1175|874f11d8-de99-4f65-83d6-9f854969352b
2026-03-30 15:36:32|gpt|web_search|11|QUESTION_SENT||1295|3a5312ee-dbdb-44b9-a2fd-9f68abc16aaa
2026-03-30 15:37:08|gpt|web_search|11|JSON_VERIFIED||1295|3a5312ee-dbdb-44b9-a2fd-9f68abc16aaa
2026-03-30 15:37:08|gpt|web_search|11|QUESTION|29|1295|3a5312ee-dbdb-44b9-a2fd-9f68abc16aaa
2026-03-30 15:37:08|gpt|web_search|11|JSON_SAVED||1295|3a5312ee-dbdb-44b9-a2fd-9f68abc16aaa
2026-03-30 15:37:08|gpt|web_search|11|QUESTION_ADVANCE||1296|717b005f-f8dd-44c5-ba9f-3d786f43a7cc
2026-03-30 15:37:14|gpt|web_search|13|QUESTION_SENT||1412|7ce90b64-dcca-4a75-8da8-e5d734af050a
2026-03-30 15:37:54|gpt|web_search|13|JSON_VERIFIED||1412|7ce90b64-dcca-4a75-8da8-e5d734af050a
2026-03-30 15:37:54|gpt|web_search|13|QUESTION|26|1412|7ce90b64-dcca-4a75-8da8-e5d734af050a
2026-03-30 15:37:54|gpt|web_search|13|JSON_SAVED||1412|7ce90b64-dcca-4a75-8da8-e5d734af050a
2026-03-30 15:37:54|gpt|web_search|13|QUESTION_ADVANCE||1413|7bc00ce6-38d3-4a9e-a2a8-d8827a9bf93f
2026-03-30 15:38:32|gpt|web_search|12|QUESTION_SENT||1534|914104a5-6a2c-4313-9552-66ea141d1b90
2026-03-30 15:39:08|gpt|web_search|10|QUESTION_SENT||1175|874f11d8-de99-4f65-83d6-9f854969352b
2026-03-30 15:39:10|gpt|web_search|12|JSON_VERIFIED||1534|914104a5-6a2c-4313-9552-66ea141d1b90
2026-03-30 15:39:10|gpt|web_search|12|QUESTION|27|1534|914104a5-6a2c-4313-9552-66ea141d1b90
2026-03-30 15:39:10|gpt|web_search|12|JSON_SAVED||1534|914104a5-6a2c-4313-9552-66ea141d1b90
2026-03-30 15:39:10|gpt|web_search|12|QUESTION_ADVANCE||1535|590a932c-15c8-4f1b-a5f6-184b4dd26b28
2026-03-30 15:40:09|gpt|web_search|11|QUESTION_SENT||1296|717b005f-f8dd-44c5-ba9f-3d786f43a7cc
2026-03-30 15:40:28|gpt|web_search|10|JSON_VERIFY_FAILED||1175|874f11d8-de99-4f65-83d6-9f854969352b
2026-03-30 15:40:28|gpt|web_search|10|QUESTION|28|1175|874f11d8-de99-4f65-83d6-9f854969352b
2026-03-30 15:40:38|gpt|web_search|10|QUESTION_SENT||1175|874f11d8-de99-4f65-83d6-9f854969352b
2026-03-30 15:40:45|gpt|web_search|11|JSON_VERIFIED||1296|717b005f-f8dd-44c5-ba9f-3d786f43a7cc
2026-03-30 15:40:45|gpt|web_search|11|QUESTION|30|1296|717b005f-f8dd-44c5-ba9f-3d786f43a7cc
2026-03-30 15:40:45|gpt|web_search|11|JSON_SAVED||1296|717b005f-f8dd-44c5-ba9f-3d786f43a7cc
2026-03-30 15:40:45|gpt|web_search|11|QUESTION_ADVANCE||1297|2f831e2f-d43c-44aa-8ff4-c4a59a9d2317
2026-03-30 15:40:47|gpt|web_search|13|QUESTION_SENT||1413|7bc00ce6-38d3-4a9e-a2a8-d8827a9bf93f
2026-03-30 15:41:04|gpt|web_search|10|JSON_VERIFIED||1175|874f11d8-de99-4f65-83d6-9f854969352b
2026-03-30 15:41:04|gpt|web_search|10|QUESTION|29|1175|874f11d8-de99-4f65-83d6-9f854969352b
2026-03-30 15:41:04|gpt|web_search|10|JSON_SAVED||1175|874f11d8-de99-4f65-83d6-9f854969352b
2026-03-30 15:41:04|gpt|web_search|10|QUESTION_ADVANCE||1176|a6c689b1-8c74-4d3f-9408-e734f7bd8098
2026-03-30 15:41:27|gpt|web_search|13|JSON_VERIFIED||1413|7bc00ce6-38d3-4a9e-a2a8-d8827a9bf93f
2026-03-30 15:41:27|gpt|web_search|13|QUESTION|27|1413|7bc00ce6-38d3-4a9e-a2a8-d8827a9bf93f
2026-03-30 15:41:27|gpt|web_search|13|JSON_SAVED||1413|7bc00ce6-38d3-4a9e-a2a8-d8827a9bf93f
2026-03-30 15:41:27|gpt|web_search|13|QUESTION_ADVANCE||1414|51bb72cc-dbf8-4fc5-89c2-7b62b5925b53
2026-03-30 15:42:25|gpt|web_search|12|QUESTION_SENT||1535|590a932c-15c8-4f1b-a5f6-184b4dd26b28
2026-03-30 15:43:09|gpt|web_search|12|JSON_VERIFIED||1535|590a932c-15c8-4f1b-a5f6-184b4dd26b28
2026-03-30 15:43:09|gpt|web_search|12|QUESTION|28|1535|590a932c-15c8-4f1b-a5f6-184b4dd26b28
2026-03-30 15:43:09|gpt|web_search|12|JSON_SAVED||1535|590a932c-15c8-4f1b-a5f6-184b4dd26b28
2026-03-30 15:43:09|gpt|web_search|12|QUESTION_ADVANCE||1536|eccd836e-674b-4e47-a174-0efc8c883d95
2026-03-30 15:43:46|gpt|web_search|11|QUESTION_SENT||1297|2f831e2f-d43c-44aa-8ff4-c4a59a9d2317
2026-03-30 15:44:13|gpt|web_search|10|QUESTION_SENT||1176|a6c689b1-8c74-4d3f-9408-e734f7bd8098
2026-03-30 15:44:21|gpt|web_search|13|QUESTION_SENT||1414|51bb72cc-dbf8-4fc5-89c2-7b62b5925b53
2026-03-30 15:44:23|gpt|web_search|11|JSON_VERIFIED||1297|2f831e2f-d43c-44aa-8ff4-c4a59a9d2317
2026-03-30 15:44:23|gpt|web_search|11|QUESTION|31|1297|2f831e2f-d43c-44aa-8ff4-c4a59a9d2317
2026-03-30 15:44:23|gpt|web_search|11|JSON_SAVED||1297|2f831e2f-d43c-44aa-8ff4-c4a59a9d2317
2026-03-30 15:44:23|gpt|web_search|11|QUESTION_ADVANCE||1298|820eb274-4c47-4d3d-851a-b73c1b9c48f1
2026-03-30 15:44:49|gpt|web_search|10|JSON_VERIFIED||1176|a6c689b1-8c74-4d3f-9408-e734f7bd8098
2026-03-30 15:44:49|gpt|web_search|10|QUESTION|30|1176|a6c689b1-8c74-4d3f-9408-e734f7bd8098
2026-03-30 15:44:49|gpt|web_search|10|JSON_SAVED||1176|a6c689b1-8c74-4d3f-9408-e734f7bd8098
2026-03-30 15:44:49|gpt|web_search|10|QUESTION_ADVANCE||1177|eb356559-f1b4-4b0e-8148-3d25e61b9fb8
2026-03-30 15:44:56|gpt|web_search|13|JSON_VERIFY_FAILED||1414|51bb72cc-dbf8-4fc5-89c2-7b62b5925b53
2026-03-30 15:44:56|gpt|web_search|13|QUESTION|28|1414|51bb72cc-dbf8-4fc5-89c2-7b62b5925b53
2026-03-30 15:45:06|gpt|web_search|13|QUESTION_SENT||1414|51bb72cc-dbf8-4fc5-89c2-7b62b5925b53
2026-03-30 15:45:31|gpt|web_search|13|JSON_VERIFIED||1414|51bb72cc-dbf8-4fc5-89c2-7b62b5925b53
2026-03-30 15:45:31|gpt|web_search|13|QUESTION|29|1414|51bb72cc-dbf8-4fc5-89c2-7b62b5925b53
2026-03-30 15:45:31|gpt|web_search|13|JSON_SAVED||1414|51bb72cc-dbf8-4fc5-89c2-7b62b5925b53
2026-03-30 15:45:31|gpt|web_search|13|QUESTION_ADVANCE||1415|2e9c57d5-ca04-4bc1-89a8-9fcaab3e61ff
2026-03-30 15:46:18|gpt|web_search|12|QUESTION_SENT||1536|eccd836e-674b-4e47-a174-0efc8c883d95
2026-03-30 15:46:57|gpt|web_search|12|JSON_VERIFIED||1536|eccd836e-674b-4e47-a174-0efc8c883d95
2026-03-30 15:46:57|gpt|web_search|12|QUESTION|29|1536|eccd836e-674b-4e47-a174-0efc8c883d95
2026-03-30 15:46:57|gpt|web_search|12|JSON_SAVED||1536|eccd836e-674b-4e47-a174-0efc8c883d95
2026-03-30 15:46:57|gpt|web_search|12|QUESTION_ADVANCE||1537|7a1df386-3500-4c25-a20b-1e635ec360c9
2026-03-30 15:47:23|gpt|web_search|11|QUESTION_SENT||1298|820eb274-4c47-4d3d-851a-b73c1b9c48f1
2026-03-30 15:47:48|gpt|web_search|10|QUESTION_SENT||1177|eb356559-f1b4-4b0e-8148-3d25e61b9fb8
2026-03-30 15:47:57|gpt|web_search|11|JSON_VERIFIED||1298|820eb274-4c47-4d3d-851a-b73c1b9c48f1
2026-03-30 15:47:57|gpt|web_search|11|QUESTION|32|1298|820eb274-4c47-4d3d-851a-b73c1b9c48f1
2026-03-30 15:47:57|gpt|web_search|11|JSON_SAVED||1298|820eb274-4c47-4d3d-851a-b73c1b9c48f1
2026-03-30 15:47:57|gpt|web_search|11|QUESTION_ADVANCE||1299|eb18bb2f-4c34-489d-afd3-8cf083405f35
2026-03-30 15:48:31|gpt|web_search|10|JSON_VERIFIED||1177|eb356559-f1b4-4b0e-8148-3d25e61b9fb8
2026-03-30 15:48:31|gpt|web_search|10|QUESTION|31|1177|eb356559-f1b4-4b0e-8148-3d25e61b9fb8
2026-03-30 15:48:31|gpt|web_search|10|JSON_SAVED||1177|eb356559-f1b4-4b0e-8148-3d25e61b9fb8
2026-03-30 15:48:31|gpt|web_search|10|QUESTION_ADVANCE||1178|6c90322f-1832-4316-9f23-f2c190951efc
2026-03-30 15:48:39|gpt|web_search|13|QUESTION_SENT||1415|2e9c57d5-ca04-4bc1-89a8-9fcaab3e61ff
2026-03-30 15:49:04|gpt|web_search|13|JSON_VERIFY_FAILED||1415|2e9c57d5-ca04-4bc1-89a8-9fcaab3e61ff
2026-03-30 15:49:04|gpt|web_search|13|QUESTION|30|1415|2e9c57d5-ca04-4bc1-89a8-9fcaab3e61ff
2026-03-30 15:49:14|gpt|web_search|13|QUESTION_SENT||1415|2e9c57d5-ca04-4bc1-89a8-9fcaab3e61ff
2026-03-30 15:49:37|gpt|web_search|13|JSON_VERIFIED||1415|2e9c57d5-ca04-4bc1-89a8-9fcaab3e61ff
2026-03-30 15:49:37|gpt|web_search|13|QUESTION|31|1415|2e9c57d5-ca04-4bc1-89a8-9fcaab3e61ff
2026-03-30 15:49:37|gpt|web_search|13|JSON_SAVED||1415|2e9c57d5-ca04-4bc1-89a8-9fcaab3e61ff
2026-03-30 15:49:37|gpt|web_search|13|QUESTION_ADVANCE||1416|3df794da-f901-470b-a35c-f63f7d35d370
2026-03-30 15:50:11|gpt|web_search|12|QUESTION_SENT||1537|7a1df386-3500-4c25-a20b-1e635ec360c9
2026-03-30 15:50:51|gpt|web_search|12|JSON_VERIFIED||1537|7a1df386-3500-4c25-a20b-1e635ec360c9
2026-03-30 15:50:51|gpt|web_search|12|QUESTION|30|1537|7a1df386-3500-4c25-a20b-1e635ec360c9
2026-03-30 15:50:51|gpt|web_search|12|JSON_SAVED||1537|7a1df386-3500-4c25-a20b-1e635ec360c9
2026-03-30 15:50:51|gpt|web_search|12|QUESTION_ADVANCE||1538|4c9c4023-28a3-421b-b36b-9d4ba32abefc
2026-03-30 15:51:00|gpt|web_search|11|QUESTION_SENT||1299|eb18bb2f-4c34-489d-afd3-8cf083405f35
2026-03-30 15:51:23|gpt|web_search|10|QUESTION_SENT||1178|6c90322f-1832-4316-9f23-f2c190951efc
2026-03-30 15:51:37|gpt|web_search|11|JSON_VERIFIED||1299|eb18bb2f-4c34-489d-afd3-8cf083405f35
2026-03-30 15:51:37|gpt|web_search|11|QUESTION|33|1299|eb18bb2f-4c34-489d-afd3-8cf083405f35
2026-03-30 15:51:37|gpt|web_search|11|JSON_SAVED||1299|eb18bb2f-4c34-489d-afd3-8cf083405f35
2026-03-30 15:51:37|gpt|web_search|11|QUESTION_ADVANCE||1300|72f381cb-f2bc-4465-a735-b9ad6883d788
2026-03-30 15:52:02|gpt|web_search|10|JSON_VERIFIED||1178|6c90322f-1832-4316-9f23-f2c190951efc
2026-03-30 15:52:02|gpt|web_search|10|QUESTION|32|1178|6c90322f-1832-4316-9f23-f2c190951efc
2026-03-30 15:52:02|gpt|web_search|10|JSON_SAVED||1178|6c90322f-1832-4316-9f23-f2c190951efc
2026-03-30 15:52:02|gpt|web_search|10|QUESTION_ADVANCE||1179|92e7f04d-c9b3-4bd5-babb-a22b36df96e7
2026-03-30 15:52:47|gpt|web_search|13|QUESTION_SENT||1416|3df794da-f901-470b-a35c-f63f7d35d370
2026-03-30 15:53:18|gpt|web_search|13|JSON_VERIFY_FAILED||1416|3df794da-f901-470b-a35c-f63f7d35d370
2026-03-30 15:53:18|gpt|web_search|13|QUESTION|32|1416|3df794da-f901-470b-a35c-f63f7d35d370
2026-03-30 15:53:28|gpt|web_search|13|QUESTION_SENT||1416|3df794da-f901-470b-a35c-f63f7d35d370
2026-03-30 15:53:54|gpt|web_search|13|JSON_VERIFIED||1416|3df794da-f901-470b-a35c-f63f7d35d370
2026-03-30 15:53:54|gpt|web_search|13|QUESTION|33|1416|3df794da-f901-470b-a35c-f63f7d35d370
2026-03-30 15:53:54|gpt|web_search|13|JSON_SAVED||1416|3df794da-f901-470b-a35c-f63f7d35d370
2026-03-30 15:53:54|gpt|web_search|13|QUESTION_ADVANCE||1417|76ee5dc2-3834-44a7-bcf7-27e35b71257a
2026-03-30 15:54:05|gpt|web_search|12|QUESTION_SENT||1538|4c9c4023-28a3-421b-b36b-9d4ba32abefc
2026-03-30 15:54:37|gpt|web_search|11|QUESTION_SENT||1300|72f381cb-f2bc-4465-a735-b9ad6883d788
2026-03-30 15:54:43|gpt|web_search|12|JSON_VERIFIED||1538|4c9c4023-28a3-421b-b36b-9d4ba32abefc
2026-03-30 15:54:43|gpt|web_search|12|QUESTION|31|1538|4c9c4023-28a3-421b-b36b-9d4ba32abefc
2026-03-30 15:54:43|gpt|web_search|12|JSON_SAVED||1538|4c9c4023-28a3-421b-b36b-9d4ba32abefc
2026-03-30 15:54:43|gpt|web_search|12|QUESTION_ADVANCE||1539|b12465e8-99d2-4121-94b0-deb334c7ef5a
2026-03-30 15:54:58|gpt|web_search|10|QUESTION_SENT||1179|92e7f04d-c9b3-4bd5-babb-a22b36df96e7
2026-03-30 15:55:15|gpt|web_search|11|JSON_VERIFY_FAILED||1300|72f381cb-f2bc-4465-a735-b9ad6883d788
2026-03-30 15:55:15|gpt|web_search|11|QUESTION|34|1300|72f381cb-f2bc-4465-a735-b9ad6883d788
2026-03-30 15:55:38|gpt|web_search|10|JSON_VERIFIED||1179|92e7f04d-c9b3-4bd5-babb-a22b36df96e7
2026-03-30 15:55:38|gpt|web_search|10|QUESTION|33|1179|92e7f04d-c9b3-4bd5-babb-a22b36df96e7
2026-03-30 15:55:38|gpt|web_search|10|JSON_SAVED||1179|92e7f04d-c9b3-4bd5-babb-a22b36df96e7
2026-03-30 15:55:38|gpt|web_search|10|QUESTION_ADVANCE||1180|65765fae-cabe-4a22-b9b7-d5ad47247f47
2026-03-30 15:57:01|gpt|web_search|13|QUESTION_SENT||1417|76ee5dc2-3834-44a7-bcf7-27e35b71257a
2026-03-30 15:57:42|gpt|web_search|13|JSON_VERIFIED||1417|76ee5dc2-3834-44a7-bcf7-27e35b71257a
2026-03-30 15:57:42|gpt|web_search|13|QUESTION|34|1417|76ee5dc2-3834-44a7-bcf7-27e35b71257a
2026-03-30 15:57:42|gpt|web_search|13|JSON_SAVED||1417|76ee5dc2-3834-44a7-bcf7-27e35b71257a
2026-03-30 15:57:42|gpt|web_search|13|QUESTION_ADVANCE||1418|a8a6f2a7-0116-4fcb-b789-41c8b4f546a7
2026-03-30 15:57:58|gpt|web_search|12|QUESTION_SENT||1539|b12465e8-99d2-4121-94b0-deb334c7ef5a
2026-03-30 15:58:14|gpt|web_search|11|QUESTION_SENT||1300|72f381cb-f2bc-4465-a735-b9ad6883d788
2026-03-30 15:58:34|gpt|web_search|10|QUESTION_SENT||1180|65765fae-cabe-4a22-b9b7-d5ad47247f47
2026-03-30 15:58:39|gpt|web_search|12|JSON_VERIFIED||1539|b12465e8-99d2-4121-94b0-deb334c7ef5a
2026-03-30 15:58:39|gpt|web_search|12|QUESTION|32|1539|b12465e8-99d2-4121-94b0-deb334c7ef5a
2026-03-30 15:58:39|gpt|web_search|12|JSON_SAVED||1539|b12465e8-99d2-4121-94b0-deb334c7ef5a
2026-03-30 15:58:39|gpt|web_search|12|QUESTION_ADVANCE||1540|f1d92368-253d-4b91-b332-97e49d469374
2026-03-30 15:58:51|gpt|web_search|11|JSON_VERIFIED||1300|72f381cb-f2bc-4465-a735-b9ad6883d788
2026-03-30 15:58:51|gpt|web_search|11|QUESTION|35|1300|72f381cb-f2bc-4465-a735-b9ad6883d788
2026-03-30 15:58:51|gpt|web_search|11|JSON_SAVED||1300|72f381cb-f2bc-4465-a735-b9ad6883d788
2026-03-30 15:58:51|gpt|web_search|11|QUESTION_ADVANCE||1301|305b1172-d1cf-43f0-ae19-7f52d94536d1
2026-03-30 15:59:12|gpt|web_search|10|JSON_VERIFIED||1180|65765fae-cabe-4a22-b9b7-d5ad47247f47
2026-03-30 15:59:12|gpt|web_search|10|QUESTION|34|1180|65765fae-cabe-4a22-b9b7-d5ad47247f47
2026-03-30 15:59:12|gpt|web_search|10|JSON_SAVED||1180|65765fae-cabe-4a22-b9b7-d5ad47247f47
2026-03-30 15:59:12|gpt|web_search|10|QUESTION_ADVANCE||1181|c7cd1c26-a278-4932-bdb5-2c37d6bccf4a
2026-03-30 16:00:35|gpt|web_search|13|QUESTION_SENT||1418|a8a6f2a7-0116-4fcb-b789-41c8b4f546a7
2026-03-30 16:01:12|gpt|web_search|13|JSON_VERIFIED||1418|a8a6f2a7-0116-4fcb-b789-41c8b4f546a7
2026-03-30 16:01:12|gpt|web_search|13|QUESTION|35|1418|a8a6f2a7-0116-4fcb-b789-41c8b4f546a7
2026-03-30 16:01:12|gpt|web_search|13|JSON_SAVED||1418|a8a6f2a7-0116-4fcb-b789-41c8b4f546a7
2026-03-30 16:01:12|gpt|web_search|13|QUESTION_ADVANCE||1419|238e75ac-4519-4153-8061-960dcc57d071
2026-03-30 16:01:51|gpt|web_search|12|QUESTION_SENT||1540|f1d92368-253d-4b91-b332-97e49d469374
2026-03-30 16:01:52|gpt|web_search|11|QUESTION_SENT||1301|305b1172-d1cf-43f0-ae19-7f52d94536d1
2026-03-30 16:02:09|gpt|web_search|10|QUESTION_SENT||1181|c7cd1c26-a278-4932-bdb5-2c37d6bccf4a
2026-03-30 16:02:28|gpt|web_search|12|JSON_VERIFIED||1540|f1d92368-253d-4b91-b332-97e49d469374
2026-03-30 16:02:28|gpt|web_search|12|QUESTION|33|1540|f1d92368-253d-4b91-b332-97e49d469374
2026-03-30 16:02:28|gpt|web_search|12|JSON_SAVED||1540|f1d92368-253d-4b91-b332-97e49d469374
2026-03-30 16:02:28|gpt|web_search|12|QUESTION_ADVANCE||1541|f4dd6d97-efd6-492f-9448-8b3b8116f020
2026-03-30 16:02:30|gpt|web_search|11|JSON_VERIFIED||1301|305b1172-d1cf-43f0-ae19-7f52d94536d1
2026-03-30 16:02:30|gpt|web_search|11|QUESTION|36|1301|305b1172-d1cf-43f0-ae19-7f52d94536d1
2026-03-30 16:02:30|gpt|web_search|11|JSON_SAVED||1301|305b1172-d1cf-43f0-ae19-7f52d94536d1
2026-03-30 16:02:30|gpt|web_search|11|QUESTION_ADVANCE||1302|e5e047f4-1d99-45b5-a6af-0f55d0b2a19f
2026-03-30 16:02:50|gpt|web_search|10|JSON_VERIFIED||1181|c7cd1c26-a278-4932-bdb5-2c37d6bccf4a
2026-03-30 16:02:50|gpt|web_search|10|QUESTION|35|1181|c7cd1c26-a278-4932-bdb5-2c37d6bccf4a
2026-03-30 16:02:50|gpt|web_search|10|JSON_SAVED||1181|c7cd1c26-a278-4932-bdb5-2c37d6bccf4a
2026-03-30 16:02:50|gpt|web_search|10|QUESTION_ADVANCE||1182|df4d22c5-c23a-48c8-84d4-bcf6ec88aff5
2026-03-30 16:04:08|gpt|web_search|13|QUESTION_SENT||1419|238e75ac-4519-4153-8061-960dcc57d071
2026-03-30 16:04:45|gpt|web_search|13|JSON_VERIFIED||1419|238e75ac-4519-4153-8061-960dcc57d071
2026-03-30 16:04:45|gpt|web_search|13|QUESTION|36|1419|238e75ac-4519-4153-8061-960dcc57d071
2026-03-30 16:04:45|gpt|web_search|13|JSON_SAVED||1419|238e75ac-4519-4153-8061-960dcc57d071
2026-03-30 16:04:45|gpt|web_search|13|QUESTION_ADVANCE||1420|294d21ce-b0cc-4470-91fc-368869d2822b
2026-03-30 16:05:29|gpt|web_search|11|QUESTION_SENT||1302|e5e047f4-1d99-45b5-a6af-0f55d0b2a19f
2026-03-30 16:05:44|gpt|web_search|10|QUESTION_SENT||1182|df4d22c5-c23a-48c8-84d4-bcf6ec88aff5
2026-03-30 16:05:44|gpt|web_search|12|QUESTION_SENT||1541|f4dd6d97-efd6-492f-9448-8b3b8116f020
2026-03-30 16:06:06|gpt|web_search|11|JSON_VERIFIED||1302|e5e047f4-1d99-45b5-a6af-0f55d0b2a19f
2026-03-30 16:06:06|gpt|web_search|11|QUESTION|37|1302|e5e047f4-1d99-45b5-a6af-0f55d0b2a19f
2026-03-30 16:06:06|gpt|web_search|11|JSON_SAVED||1302|e5e047f4-1d99-45b5-a6af-0f55d0b2a19f
2026-03-30 16:06:06|gpt|web_search|11|QUESTION_ADVANCE||1303|45afa2b2-4f5b-4cff-8d89-55176256ec7c
2026-03-30 16:06:26|gpt|web_search|12|JSON_VERIFIED||1541|f4dd6d97-efd6-492f-9448-8b3b8116f020
2026-03-30 16:06:26|gpt|web_search|12|QUESTION|34|1541|f4dd6d97-efd6-492f-9448-8b3b8116f020
2026-03-30 16:06:26|gpt|web_search|12|JSON_SAVED||1541|f4dd6d97-efd6-492f-9448-8b3b8116f020
2026-03-30 16:06:26|gpt|web_search|12|QUESTION_ADVANCE||1542|52c59b01-96a6-4d2a-8fa1-1998257c06be
2026-03-30 16:06:26|gpt|web_search|10|JSON_VERIFIED||1182|df4d22c5-c23a-48c8-84d4-bcf6ec88aff5
2026-03-30 16:06:26|gpt|web_search|10|QUESTION|36|1182|df4d22c5-c23a-48c8-84d4-bcf6ec88aff5
2026-03-30 16:06:26|gpt|web_search|10|JSON_SAVED||1182|df4d22c5-c23a-48c8-84d4-bcf6ec88aff5
2026-03-30 16:06:26|gpt|web_search|10|QUESTION_ADVANCE||1183|868e0810-8db3-48fb-b938-3ea4af41a2b6
2026-03-30 16:07:41|gpt|web_search|13|QUESTION_SENT||1420|294d21ce-b0cc-4470-91fc-368869d2822b
2026-03-30 16:08:16|gpt|web_search|13|JSON_VERIFY_FAILED||1420|294d21ce-b0cc-4470-91fc-368869d2822b
2026-03-30 16:08:16|gpt|web_search|13|QUESTION|37|1420|294d21ce-b0cc-4470-91fc-368869d2822b
2026-03-30 16:09:06|gpt|web_search|11|QUESTION_SENT||1303|45afa2b2-4f5b-4cff-8d89-55176256ec7c
2026-03-30 16:09:19|gpt|web_search|10|QUESTION_SENT||1183|868e0810-8db3-48fb-b938-3ea4af41a2b6
2026-03-30 16:09:37|gpt|web_search|12|QUESTION_SENT||1542|52c59b01-96a6-4d2a-8fa1-1998257c06be
2026-03-30 16:09:58|gpt|web_search|10|JSON_VERIFIED||1183|868e0810-8db3-48fb-b938-3ea4af41a2b6
2026-03-30 16:09:58|gpt|web_search|10|QUESTION|37|1183|868e0810-8db3-48fb-b938-3ea4af41a2b6
2026-03-30 16:09:58|gpt|web_search|10|JSON_SAVED||1183|868e0810-8db3-48fb-b938-3ea4af41a2b6
2026-03-30 16:09:58|gpt|web_search|10|QUESTION_ADVANCE||1184|5177f1e6-1ba6-48bc-a18b-afd26bf66aa0
2026-03-30 16:10:16|gpt|web_search|12|JSON_VERIFY_FAILED||1542|52c59b01-96a6-4d2a-8fa1-1998257c06be
2026-03-30 16:10:16|gpt|web_search|12|QUESTION|35|1542|52c59b01-96a6-4d2a-8fa1-1998257c06be
2026-03-30 16:10:20|gpt|web_search|11|JSON_VERIFIED||1303|45afa2b2-4f5b-4cff-8d89-55176256ec7c
2026-03-30 16:10:20|gpt|web_search|11|QUESTION|38|1303|45afa2b2-4f5b-4cff-8d89-55176256ec7c
2026-03-30 16:10:20|gpt|web_search|11|JSON_SAVED||1303|45afa2b2-4f5b-4cff-8d89-55176256ec7c
2026-03-30 16:10:20|gpt|web_search|11|QUESTION_ADVANCE||1304|527f2c54-590f-49dd-a479-d59add452c13
2026-03-30 16:10:26|gpt|web_search|12|QUESTION_SENT||1542|52c59b01-96a6-4d2a-8fa1-1998257c06be
2026-03-30 16:10:47|gpt|web_search|12|JSON_VERIFY_FAILED||1542|52c59b01-96a6-4d2a-8fa1-1998257c06be
2026-03-30 16:10:47|gpt|web_search|12|QUESTION|36|1542|52c59b01-96a6-4d2a-8fa1-1998257c06be
2026-03-30 16:11:15|gpt|web_search|13|QUESTION_SENT||1420|294d21ce-b0cc-4470-91fc-368869d2822b
2026-03-30 16:11:52|gpt|web_search|13|JSON_VERIFY_FAILED||1420|294d21ce-b0cc-4470-91fc-368869d2822b
2026-03-30 16:11:52|gpt|web_search|13|QUESTION|38|1420|294d21ce-b0cc-4470-91fc-368869d2822b
2026-03-30 16:12:01|gpt|web_search|13|QUESTION_SENT||1420|294d21ce-b0cc-4470-91fc-368869d2822b
2026-03-30 16:12:27|gpt|web_search|13|JSON_VERIFIED||1420|294d21ce-b0cc-4470-91fc-368869d2822b
2026-03-30 16:12:27|gpt|web_search|13|QUESTION|39|1420|294d21ce-b0cc-4470-91fc-368869d2822b
2026-03-30 16:12:27|gpt|web_search|13|JSON_SAVED||1420|294d21ce-b0cc-4470-91fc-368869d2822b
2026-03-30 16:12:27|gpt|web_search|13|QUESTION_ADVANCE||1421|1a7cd153-3ed9-430d-9752-0b0cda7151d7
2026-03-30 16:12:43|gpt|web_search|11|QUESTION_SENT||1304|527f2c54-590f-49dd-a479-d59add452c13
2026-03-30 16:12:54|gpt|web_search|10|QUESTION_SENT||1184|5177f1e6-1ba6-48bc-a18b-afd26bf66aa0
2026-03-30 16:13:15|gpt|web_search|12|QUESTION_SENT||1542|52c59b01-96a6-4d2a-8fa1-1998257c06be
2026-03-30 16:13:22|gpt|web_search|11|JSON_VERIFIED||1304|527f2c54-590f-49dd-a479-d59add452c13
2026-03-30 16:13:22|gpt|web_search|11|QUESTION|39|1304|527f2c54-590f-49dd-a479-d59add452c13
2026-03-30 16:13:22|gpt|web_search|11|JSON_SAVED||1304|527f2c54-590f-49dd-a479-d59add452c13
2026-03-30 16:13:22|gpt|web_search|11|QUESTION_ADVANCE||1305|a71deab4-ac21-40a7-93f7-53272a140ae8
2026-03-30 16:13:33|gpt|web_search|10|JSON_VERIFIED||1184|5177f1e6-1ba6-48bc-a18b-afd26bf66aa0
2026-03-30 16:13:33|gpt|web_search|10|QUESTION|38|1184|5177f1e6-1ba6-48bc-a18b-afd26bf66aa0
2026-03-30 16:13:33|gpt|web_search|10|JSON_SAVED||1184|5177f1e6-1ba6-48bc-a18b-afd26bf66aa0
2026-03-30 16:13:33|gpt|web_search|10|QUESTION_ADVANCE||1185|be1fc273-7971-42b5-9d71-f5e25fe0426d
2026-03-30 16:13:53|gpt|web_search|12|JSON_VERIFIED||1542|52c59b01-96a6-4d2a-8fa1-1998257c06be
2026-03-30 16:13:53|gpt|web_search|12|QUESTION|37|1542|52c59b01-96a6-4d2a-8fa1-1998257c06be
2026-03-30 16:13:53|gpt|web_search|12|JSON_SAVED||1542|52c59b01-96a6-4d2a-8fa1-1998257c06be
2026-03-30 16:13:53|gpt|web_search|12|QUESTION_ADVANCE||1543|a30afb5b-c9d2-4579-9fac-1dab01572d71
2026-03-30 16:15:34|gpt|web_search|13|QUESTION_SENT||1421|1a7cd153-3ed9-430d-9752-0b0cda7151d7
2026-03-30 16:16:09|gpt|web_search|13|JSON_VERIFIED||1421|1a7cd153-3ed9-430d-9752-0b0cda7151d7
2026-03-30 16:16:09|gpt|web_search|13|QUESTION|40|1421|1a7cd153-3ed9-430d-9752-0b0cda7151d7
2026-03-30 16:16:09|gpt|web_search|13|JSON_SAVED||1421|1a7cd153-3ed9-430d-9752-0b0cda7151d7
2026-03-30 16:16:09|gpt|web_search|13|QUESTION_ADVANCE||1422|efc7e4c2-7b59-4941-9259-81d9f4d52e16
2026-03-30 16:16:20|gpt|web_search|11|QUESTION_SENT||1305|a71deab4-ac21-40a7-93f7-53272a140ae8
2026-03-30 16:16:29|gpt|web_search|10|QUESTION_SENT||1185|be1fc273-7971-42b5-9d71-f5e25fe0426d
2026-03-30 16:16:56|gpt|web_search|11|JSON_VERIFY_FAILED||1305|a71deab4-ac21-40a7-93f7-53272a140ae8
2026-03-30 16:16:56|gpt|web_search|11|QUESTION|40|1305|a71deab4-ac21-40a7-93f7-53272a140ae8
2026-03-30 16:17:06|gpt|web_search|11|QUESTION_SENT||1305|a71deab4-ac21-40a7-93f7-53272a140ae8
2026-03-30 16:17:08|gpt|web_search|12|QUESTION_SENT||1543|a30afb5b-c9d2-4579-9fac-1dab01572d71
2026-03-30 16:17:13|gpt|web_search|10|JSON_VERIFIED||1185|be1fc273-7971-42b5-9d71-f5e25fe0426d
2026-03-30 16:17:13|gpt|web_search|10|QUESTION|39|1185|be1fc273-7971-42b5-9d71-f5e25fe0426d
2026-03-30 16:17:13|gpt|web_search|10|JSON_SAVED||1185|be1fc273-7971-42b5-9d71-f5e25fe0426d
2026-03-30 16:17:13|gpt|web_search|10|QUESTION_ADVANCE||1186|81fbab71-926e-41db-95aa-43a7f785685a
2026-03-30 16:17:51|gpt|web_search|12|JSON_VERIFIED||1543|a30afb5b-c9d2-4579-9fac-1dab01572d71
2026-03-30 16:17:51|gpt|web_search|12|QUESTION|38|1543|a30afb5b-c9d2-4579-9fac-1dab01572d71
2026-03-30 16:17:51|gpt|web_search|12|JSON_SAVED||1543|a30afb5b-c9d2-4579-9fac-1dab01572d71
2026-03-30 16:17:51|gpt|web_search|12|QUESTION_ADVANCE||1544|c1a4b986-ec5e-496e-b2eb-d9e89bf37f6a
2026-03-30 16:19:07|gpt|web_search|13|QUESTION_SENT||1422|efc7e4c2-7b59-4941-9259-81d9f4d52e16
2026-03-30 16:20:05|gpt|web_search|10|QUESTION_SENT||1186|81fbab71-926e-41db-95aa-43a7f785685a
2026-03-30 16:20:43|gpt|web_search|11|QUESTION_SENT||1305|a71deab4-ac21-40a7-93f7-53272a140ae8
2026-03-30 16:20:45|gpt|web_search|10|JSON_VERIFY_FAILED||1186|81fbab71-926e-41db-95aa-43a7f785685a
2026-03-30 16:20:45|gpt|web_search|10|QUESTION|40|1186|81fbab71-926e-41db-95aa-43a7f785685a
2026-03-30 16:20:55|gpt|web_search|10|QUESTION_SENT||1186|81fbab71-926e-41db-95aa-43a7f785685a
2026-03-30 16:21:01|gpt|web_search|12|QUESTION_SENT||1544|c1a4b986-ec5e-496e-b2eb-d9e89bf37f6a
2026-03-30 16:21:19|gpt|web_search|11|JSON_VERIFIED||1305|a71deab4-ac21-40a7-93f7-53272a140ae8
2026-03-30 16:21:19|gpt|web_search|11|QUESTION|41|1305|a71deab4-ac21-40a7-93f7-53272a140ae8
2026-03-30 16:21:19|gpt|web_search|11|JSON_SAVED||1305|a71deab4-ac21-40a7-93f7-53272a140ae8
2026-03-30 16:21:19|gpt|web_search|11|QUESTION_ADVANCE||1306|108c8561-9c21-4451-bd3d-7f4425437088
2026-03-30 16:21:20|gpt|web_search|10|JSON_VERIFIED||1186|81fbab71-926e-41db-95aa-43a7f785685a
2026-03-30 16:21:20|gpt|web_search|10|QUESTION|41|1186|81fbab71-926e-41db-95aa-43a7f785685a
2026-03-30 16:21:20|gpt|web_search|10|JSON_SAVED||1186|81fbab71-926e-41db-95aa-43a7f785685a
2026-03-30 16:21:20|gpt|web_search|10|QUESTION_ADVANCE||1187|103f2342-8de3-4d53-9f95-7b86c20b8704
2026-03-30 16:21:46|gpt|web_search|12|JSON_VERIFIED||1544|c1a4b986-ec5e-496e-b2eb-d9e89bf37f6a
2026-03-30 16:21:46|gpt|web_search|12|QUESTION|39|1544|c1a4b986-ec5e-496e-b2eb-d9e89bf37f6a
2026-03-30 16:21:46|gpt|web_search|12|JSON_SAVED||1544|c1a4b986-ec5e-496e-b2eb-d9e89bf37f6a
2026-03-30 16:21:46|gpt|web_search|12|QUESTION_ADVANCE||1545|2f99631c-dd04-43b1-95c8-bd5f40a1f1bd
2026-03-30 16:22:41|gpt|web_search|13|QUESTION_SENT||1422|efc7e4c2-7b59-4941-9259-81d9f4d52e16
2026-03-30 16:23:19|gpt|web_search|13|JSON_VERIFIED||1422|efc7e4c2-7b59-4941-9259-81d9f4d52e16
2026-03-30 16:23:19|gpt|web_search|13|QUESTION|41|1422|efc7e4c2-7b59-4941-9259-81d9f4d52e16
2026-03-30 16:23:19|gpt|web_search|13|JSON_SAVED||1422|efc7e4c2-7b59-4941-9259-81d9f4d52e16
2026-03-30 16:23:19|gpt|web_search|13|QUESTION_ADVANCE||1423|d710ac1e-6cae-4a3c-a854-e3cc77304b77
2026-03-30 16:24:21|gpt|web_search|11|QUESTION_SENT||1306|108c8561-9c21-4451-bd3d-7f4425437088
2026-03-30 16:24:30|gpt|web_search|10|QUESTION_SENT||1187|103f2342-8de3-4d53-9f95-7b86c20b8704
2026-03-30 16:24:54|gpt|web_search|12|QUESTION_SENT||1545|2f99631c-dd04-43b1-95c8-bd5f40a1f1bd
2026-03-30 16:24:58|gpt|web_search|11|JSON_VERIFIED||1306|108c8561-9c21-4451-bd3d-7f4425437088
2026-03-30 16:24:58|gpt|web_search|11|QUESTION|42|1306|108c8561-9c21-4451-bd3d-7f4425437088
2026-03-30 16:24:58|gpt|web_search|11|JSON_SAVED||1306|108c8561-9c21-4451-bd3d-7f4425437088
2026-03-30 16:24:58|gpt|web_search|11|QUESTION_ADVANCE||1307|c11732a4-6835-4c52-becc-f4cc412ac173
2026-03-30 16:25:34|gpt|web_search|12|JSON_VERIFIED||1545|2f99631c-dd04-43b1-95c8-bd5f40a1f1bd
2026-03-30 16:25:34|gpt|web_search|12|QUESTION|40|1545|2f99631c-dd04-43b1-95c8-bd5f40a1f1bd
2026-03-30 16:25:34|gpt|web_search|12|JSON_SAVED||1545|2f99631c-dd04-43b1-95c8-bd5f40a1f1bd
2026-03-30 16:25:34|gpt|web_search|12|QUESTION_ADVANCE||1546|e5e2a13e-5eb3-45b3-aa1f-f5056c113515
2026-03-30 16:26:14|gpt|web_search|13|QUESTION_SENT||1423|d710ac1e-6cae-4a3c-a854-e3cc77304b77
2026-03-30 16:26:54|gpt|web_search|13|JSON_VERIFIED||1423|d710ac1e-6cae-4a3c-a854-e3cc77304b77
2026-03-30 16:26:54|gpt|web_search|13|QUESTION|42|1423|d710ac1e-6cae-4a3c-a854-e3cc77304b77
2026-03-30 16:26:54|gpt|web_search|13|JSON_SAVED||1423|d710ac1e-6cae-4a3c-a854-e3cc77304b77
2026-03-30 16:26:54|gpt|web_search|13|QUESTION_ADVANCE||1424|df05a3eb-a907-4ffd-b3e9-237907b5e6cf
2026-03-30 16:27:58|gpt|web_search|11|QUESTION_SENT||1307|c11732a4-6835-4c52-becc-f4cc412ac173
2026-03-30 16:28:05|gpt|web_search|10|QUESTION_SENT||1187|103f2342-8de3-4d53-9f95-7b86c20b8704
2026-03-30 16:28:35|gpt|web_search|11|JSON_VERIFIED||1307|c11732a4-6835-4c52-becc-f4cc412ac173
2026-03-30 16:28:35|gpt|web_search|11|QUESTION|43|1307|c11732a4-6835-4c52-becc-f4cc412ac173
2026-03-30 16:28:35|gpt|web_search|11|JSON_SAVED||1307|c11732a4-6835-4c52-becc-f4cc412ac173
2026-03-30 16:28:35|gpt|web_search|11|QUESTION_ADVANCE||1308|5b78bbeb-872a-4722-b4f4-77871e762984
2026-03-30 16:28:48|gpt|web_search|12|QUESTION_SENT||1546|e5e2a13e-5eb3-45b3-aa1f-f5056c113515
2026-03-30 16:28:54|gpt|web_search|10|JSON_VERIFIED||1187|103f2342-8de3-4d53-9f95-7b86c20b8704
2026-03-30 16:28:54|gpt|web_search|10|QUESTION|42|1187|103f2342-8de3-4d53-9f95-7b86c20b8704
2026-03-30 16:28:54|gpt|web_search|10|JSON_SAVED||1187|103f2342-8de3-4d53-9f95-7b86c20b8704
2026-03-30 16:28:54|gpt|web_search|10|QUESTION_ADVANCE||1188|3e53f301-2d2f-4618-af80-09e70eb2019b
2026-03-30 16:29:28|gpt|web_search|12|JSON_VERIFIED||1546|e5e2a13e-5eb3-45b3-aa1f-f5056c113515
2026-03-30 16:29:28|gpt|web_search|12|QUESTION|41|1546|e5e2a13e-5eb3-45b3-aa1f-f5056c113515
2026-03-30 16:29:28|gpt|web_search|12|JSON_SAVED||1546|e5e2a13e-5eb3-45b3-aa1f-f5056c113515
2026-03-30 16:29:28|gpt|web_search|12|QUESTION_ADVANCE||1547|9c5588fa-ba72-4c44-a407-40fd43d984b4
2026-03-30 16:29:47|gpt|web_search|13|QUESTION_SENT||1424|df05a3eb-a907-4ffd-b3e9-237907b5e6cf
2026-03-30 16:30:21|gpt|web_search|13|JSON_VERIFIED||1424|df05a3eb-a907-4ffd-b3e9-237907b5e6cf
2026-03-30 16:30:21|gpt|web_search|13|QUESTION|43|1424|df05a3eb-a907-4ffd-b3e9-237907b5e6cf
2026-03-30 16:30:21|gpt|web_search|13|JSON_SAVED||1424|df05a3eb-a907-4ffd-b3e9-237907b5e6cf
2026-03-30 16:30:21|gpt|web_search|13|QUESTION_ADVANCE||1425|ac07f205-2bae-4af7-a241-e7bbf1d02a6e
2026-03-30 16:31:35|gpt|web_search|11|QUESTION_SENT||1308|5b78bbeb-872a-4722-b4f4-77871e762984
2026-03-30 16:31:40|gpt|web_search|10|QUESTION_SENT||1188|3e53f301-2d2f-4618-af80-09e70eb2019b
2026-03-30 16:32:10|gpt|web_search|11|JSON_VERIFY_FAILED||1308|5b78bbeb-872a-4722-b4f4-77871e762984
2026-03-30 16:32:10|gpt|web_search|11|QUESTION|44|1308|5b78bbeb-872a-4722-b4f4-77871e762984
2026-03-30 16:32:19|gpt|web_search|10|JSON_VERIFIED||1188|3e53f301-2d2f-4618-af80-09e70eb2019b
2026-03-30 16:32:19|gpt|web_search|10|QUESTION|43|1188|3e53f301-2d2f-4618-af80-09e70eb2019b
2026-03-30 16:32:19|gpt|web_search|10|JSON_SAVED||1188|3e53f301-2d2f-4618-af80-09e70eb2019b
2026-03-30 16:32:19|gpt|web_search|10|QUESTION_ADVANCE||1189|f805ade0-2815-4394-97cd-cc44d9f22344
2026-03-30 16:32:20|gpt|web_search|11|QUESTION_SENT||1308|5b78bbeb-872a-4722-b4f4-77871e762984
2026-03-30 16:32:41|gpt|web_search|12|QUESTION_SENT||1547|9c5588fa-ba72-4c44-a407-40fd43d984b4
2026-03-30 16:32:42|gpt|web_search|11|JSON_VERIFIED||1308|5b78bbeb-872a-4722-b4f4-77871e762984
2026-03-30 16:32:42|gpt|web_search|11|QUESTION|45|1308|5b78bbeb-872a-4722-b4f4-77871e762984
2026-03-30 16:32:42|gpt|web_search|11|JSON_SAVED||1308|5b78bbeb-872a-4722-b4f4-77871e762984
2026-03-30 16:32:42|gpt|web_search|11|QUESTION_ADVANCE||1309|15cabcd4-b2b8-439e-b878-ebb8758cc0b1
2026-03-30 16:33:19|gpt|web_search|12|JSON_VERIFIED||1547|9c5588fa-ba72-4c44-a407-40fd43d984b4
2026-03-30 16:33:19|gpt|web_search|12|QUESTION|42|1547|9c5588fa-ba72-4c44-a407-40fd43d984b4
2026-03-30 16:33:19|gpt|web_search|12|JSON_SAVED||1547|9c5588fa-ba72-4c44-a407-40fd43d984b4
2026-03-30 16:33:19|gpt|web_search|12|QUESTION_ADVANCE||1548|0b115611-d67d-40ad-95b9-436d74f0148c
2026-03-30 16:33:20|gpt|web_search|13|QUESTION_SENT||1425|ac07f205-2bae-4af7-a241-e7bbf1d02a6e
2026-03-30 16:33:55|gpt|web_search|13|JSON_VERIFIED||1425|ac07f205-2bae-4af7-a241-e7bbf1d02a6e
2026-03-30 16:33:55|gpt|web_search|13|QUESTION|44|1425|ac07f205-2bae-4af7-a241-e7bbf1d02a6e
2026-03-30 16:33:55|gpt|web_search|13|JSON_SAVED||1425|ac07f205-2bae-4af7-a241-e7bbf1d02a6e
2026-03-30 16:33:55|gpt|web_search|13|QUESTION_ADVANCE||1426|d453b3cc-27e7-4199-b54d-c079bcc05463
2026-03-30 16:35:16|gpt|web_search|10|QUESTION_SENT||1189|f805ade0-2815-4394-97cd-cc44d9f22344
2026-03-30 16:35:57|gpt|web_search|11|QUESTION_SENT||1309|15cabcd4-b2b8-439e-b878-ebb8758cc0b1
2026-03-30 16:35:57|gpt|web_search|10|JSON_VERIFIED||1189|f805ade0-2815-4394-97cd-cc44d9f22344
2026-03-30 16:35:57|gpt|web_search|10|QUESTION|44|1189|f805ade0-2815-4394-97cd-cc44d9f22344
2026-03-30 16:35:57|gpt|web_search|10|JSON_SAVED||1189|f805ade0-2815-4394-97cd-cc44d9f22344
2026-03-30 16:35:57|gpt|web_search|10|QUESTION_ADVANCE||1190|2c2eba52-b3b8-4093-92a7-c51f7b0073ff
2026-03-30 16:36:34|gpt|web_search|12|QUESTION_SENT||1548|0b115611-d67d-40ad-95b9-436d74f0148c
2026-03-30 16:36:39|gpt|web_search|11|JSON_VERIFIED||1309|15cabcd4-b2b8-439e-b878-ebb8758cc0b1
2026-03-30 16:36:39|gpt|web_search|11|QUESTION|46|1309|15cabcd4-b2b8-439e-b878-ebb8758cc0b1
2026-03-30 16:36:39|gpt|web_search|11|JSON_SAVED||1309|15cabcd4-b2b8-439e-b878-ebb8758cc0b1
2026-03-30 16:36:39|gpt|web_search|11|QUESTION_ADVANCE||1310|b5a93a20-5ff3-4ad1-8510-2206888ebaee
2026-03-30 16:36:53|gpt|web_search|13|QUESTION_SENT||1426|d453b3cc-27e7-4199-b54d-c079bcc05463
2026-03-30 16:37:17|gpt|web_search|12|JSON_VERIFIED||1548|0b115611-d67d-40ad-95b9-436d74f0148c
2026-03-30 16:37:17|gpt|web_search|12|QUESTION|43|1548|0b115611-d67d-40ad-95b9-436d74f0148c
2026-03-30 16:37:17|gpt|web_search|12|JSON_SAVED||1548|0b115611-d67d-40ad-95b9-436d74f0148c
2026-03-30 16:37:17|gpt|web_search|12|QUESTION_ADVANCE||1549|df25ecf5-27f1-46aa-a4ce-c85a78e0770b
2026-03-30 16:37:29|gpt|web_search|13|JSON_VERIFIED||1426|d453b3cc-27e7-4199-b54d-c079bcc05463
2026-03-30 16:37:29|gpt|web_search|13|QUESTION|45|1426|d453b3cc-27e7-4199-b54d-c079bcc05463
2026-03-30 16:37:29|gpt|web_search|13|JSON_SAVED||1426|d453b3cc-27e7-4199-b54d-c079bcc05463
2026-03-30 16:37:29|gpt|web_search|13|QUESTION_ADVANCE||1427|591eef60-4027-44ae-91b5-c977c6e92ead
2026-03-30 16:38:51|gpt|web_search|10|QUESTION_SENT||1190|2c2eba52-b3b8-4093-92a7-c51f7b0073ff
2026-03-30 16:39:31|gpt|web_search|10|JSON_VERIFIED||1190|2c2eba52-b3b8-4093-92a7-c51f7b0073ff
2026-03-30 16:39:31|gpt|web_search|10|QUESTION|45|1190|2c2eba52-b3b8-4093-92a7-c51f7b0073ff
2026-03-30 16:39:31|gpt|web_search|10|JSON_SAVED||1190|2c2eba52-b3b8-4093-92a7-c51f7b0073ff
2026-03-30 16:39:31|gpt|web_search|10|QUESTION_ADVANCE||1191|b0fc0931-aa4f-4d7b-b68a-3bb90f53cc18
2026-03-30 16:39:34|gpt|web_search|11|QUESTION_SENT||1310|b5a93a20-5ff3-4ad1-8510-2206888ebaee
2026-03-30 16:40:26|gpt|web_search|13|QUESTION_SENT||1427|591eef60-4027-44ae-91b5-c977c6e92ead
2026-03-30 16:40:27|gpt|web_search|12|QUESTION_SENT||1549|df25ecf5-27f1-46aa-a4ce-c85a78e0770b
2026-03-30 16:40:34|gpt|web_search|11|JSON_VERIFY_FAILED||1310|b5a93a20-5ff3-4ad1-8510-2206888ebaee
2026-03-30 16:40:34|gpt|web_search|11|QUESTION|47|1310|b5a93a20-5ff3-4ad1-8510-2206888ebaee
2026-03-30 16:40:44|gpt|web_search|11|QUESTION_SENT||1310|b5a93a20-5ff3-4ad1-8510-2206888ebaee
2026-03-30 16:41:03|gpt|web_search|13|JSON_VERIFIED||1427|591eef60-4027-44ae-91b5-c977c6e92ead
2026-03-30 16:41:03|gpt|web_search|13|QUESTION|46|1427|591eef60-4027-44ae-91b5-c977c6e92ead
2026-03-30 16:41:03|gpt|web_search|13|JSON_SAVED||1427|591eef60-4027-44ae-91b5-c977c6e92ead
2026-03-30 16:41:03|gpt|web_search|13|QUESTION_ADVANCE||1428|101a5ee5-1301-499e-9802-808699494e7c
2026-03-30 16:41:04|gpt|web_search|12|JSON_VERIFIED||1549|df25ecf5-27f1-46aa-a4ce-c85a78e0770b
2026-03-30 16:41:04|gpt|web_search|12|QUESTION|44|1549|df25ecf5-27f1-46aa-a4ce-c85a78e0770b
2026-03-30 16:41:04|gpt|web_search|12|JSON_SAVED||1549|df25ecf5-27f1-46aa-a4ce-c85a78e0770b
2026-03-30 16:41:04|gpt|web_search|12|QUESTION_ADVANCE||1550|b3cdf418-b3d1-4a70-8c64-82ea68270a50
2026-03-30 16:42:08|gpt|web_search|11|JSON_VERIFIED||1310|b5a93a20-5ff3-4ad1-8510-2206888ebaee
2026-03-30 16:42:08|gpt|web_search|11|QUESTION|48|1310|b5a93a20-5ff3-4ad1-8510-2206888ebaee
2026-03-30 16:42:08|gpt|web_search|11|JSON_SAVED||1310|b5a93a20-5ff3-4ad1-8510-2206888ebaee
2026-03-30 16:42:08|gpt|web_search|11|QUESTION_ADVANCE||1311|a3c2c1de-0c0f-406c-94a5-467a098ef04e
2026-03-30 16:42:26|gpt|web_search|10|QUESTION_SENT||1191|b0fc0931-aa4f-4d7b-b68a-3bb90f53cc18
2026-03-30 16:43:07|gpt|web_search|10|JSON_VERIFIED||1191|b0fc0931-aa4f-4d7b-b68a-3bb90f53cc18
2026-03-30 16:43:07|gpt|web_search|10|QUESTION|46|1191|b0fc0931-aa4f-4d7b-b68a-3bb90f53cc18
2026-03-30 16:43:07|gpt|web_search|10|JSON_SAVED||1191|b0fc0931-aa4f-4d7b-b68a-3bb90f53cc18
2026-03-30 16:43:07|gpt|web_search|10|QUESTION_ADVANCE||1192|8c9720a8-6fe8-422e-8766-4cbdeab5db81
2026-03-30 16:43:59|gpt|web_search|13|QUESTION_SENT||1428|101a5ee5-1301-499e-9802-808699494e7c
2026-03-30 16:44:20|gpt|web_search|12|QUESTION_SENT||1550|b3cdf418-b3d1-4a70-8c64-82ea68270a50
2026-03-30 16:44:21|gpt|web_search|11|QUESTION_SENT||1311|a3c2c1de-0c0f-406c-94a5-467a098ef04e
2026-03-30 16:44:39|gpt|web_search|13|JSON_VERIFIED||1428|101a5ee5-1301-499e-9802-808699494e7c
2026-03-30 16:44:39|gpt|web_search|13|QUESTION|47|1428|101a5ee5-1301-499e-9802-808699494e7c
2026-03-30 16:44:39|gpt|web_search|13|JSON_SAVED||1428|101a5ee5-1301-499e-9802-808699494e7c
2026-03-30 16:44:39|gpt|web_search|13|QUESTION_ADVANCE||1429|53c81c50-8de7-441e-95ad-9e0d4b4b56d9
2026-03-30 16:44:54|gpt|web_search|11|JSON_VERIFY_FAILED||1311|a3c2c1de-0c0f-406c-94a5-467a098ef04e
2026-03-30 16:44:54|gpt|web_search|11|QUESTION|49|1311|a3c2c1de-0c0f-406c-94a5-467a098ef04e
2026-03-30 16:44:56|gpt|web_search|12|JSON_VERIFY_FAILED||1550|b3cdf418-b3d1-4a70-8c64-82ea68270a50
2026-03-30 16:44:56|gpt|web_search|12|QUESTION|45|1550|b3cdf418-b3d1-4a70-8c64-82ea68270a50
2026-03-30 16:45:04|gpt|web_search|11|QUESTION_SENT||1311|a3c2c1de-0c0f-406c-94a5-467a098ef04e
2026-03-30 16:45:06|gpt|web_search|12|QUESTION_SENT||1550|b3cdf418-b3d1-4a70-8c64-82ea68270a50
2026-03-30 16:45:27|gpt|web_search|11|JSON_VERIFIED||1311|a3c2c1de-0c0f-406c-94a5-467a098ef04e
2026-03-30 16:45:27|gpt|web_search|11|QUESTION|50|1311|a3c2c1de-0c0f-406c-94a5-467a098ef04e
2026-03-30 16:45:27|gpt|web_search|11|JSON_SAVED||1311|a3c2c1de-0c0f-406c-94a5-467a098ef04e
2026-03-30 16:45:27|gpt|web_search|11|QUESTION_ADVANCE||1312|db057555-fbf2-414e-b4f7-40ff7665269c
2026-03-30 16:45:43|gpt|web_search|12|JSON_VERIFIED||1550|b3cdf418-b3d1-4a70-8c64-82ea68270a50
2026-03-30 16:45:43|gpt|web_search|12|QUESTION|46|1550|b3cdf418-b3d1-4a70-8c64-82ea68270a50
2026-03-30 16:45:43|gpt|web_search|12|JSON_SAVED||1550|b3cdf418-b3d1-4a70-8c64-82ea68270a50
2026-03-30 16:45:44|gpt|web_search|12|STOP||1551|
2026-03-30 16:46:01|gpt|web_search|10|QUESTION_SENT||1192|8c9720a8-6fe8-422e-8766-4cbdeab5db81
2026-03-30 16:46:44|gpt|web_search|10|JSON_VERIFIED||1192|8c9720a8-6fe8-422e-8766-4cbdeab5db81
2026-03-30 16:46:44|gpt|web_search|10|QUESTION|47|1192|8c9720a8-6fe8-422e-8766-4cbdeab5db81
2026-03-30 16:46:44|gpt|web_search|10|JSON_SAVED||1192|8c9720a8-6fe8-422e-8766-4cbdeab5db81
2026-03-30 16:46:44|gpt|web_search|10|QUESTION_ADVANCE||1193|3ea0981f-ffa3-44e8-a451-02116a27a11f
2026-03-30 16:47:33|gpt|web_search|13|QUESTION_SENT||1429|53c81c50-8de7-441e-95ad-9e0d4b4b56d9
2026-03-30 16:48:14|gpt|web_search|13|JSON_VERIFIED||1429|53c81c50-8de7-441e-95ad-9e0d4b4b56d9
2026-03-30 16:48:14|gpt|web_search|13|QUESTION|48|1429|53c81c50-8de7-441e-95ad-9e0d4b4b56d9
2026-03-30 16:48:14|gpt|web_search|13|JSON_SAVED||1429|53c81c50-8de7-441e-95ad-9e0d4b4b56d9
2026-03-30 16:48:14|gpt|web_search|13|QUESTION_ADVANCE||1430|9f65aef1-fdfe-49d3-94c6-4dbc66763aa4
2026-03-30 16:48:41|gpt|web_search|11|QUESTION_SENT||1312|db057555-fbf2-414e-b4f7-40ff7665269c
2026-03-30 16:49:18|gpt|web_search|11|JSON_VERIFIED||1312|db057555-fbf2-414e-b4f7-40ff7665269c
2026-03-30 16:49:18|gpt|web_search|11|QUESTION|51|1312|db057555-fbf2-414e-b4f7-40ff7665269c
2026-03-30 16:49:18|gpt|web_search|11|JSON_SAVED||1312|db057555-fbf2-414e-b4f7-40ff7665269c
2026-03-30 16:49:18|gpt|web_search|11|QUESTION_ADVANCE||1313|420c2db2-a3d8-407a-bf3a-d7c56c7b9c67
2026-03-30 16:49:36|gpt|web_search|10|QUESTION_SENT||1193|3ea0981f-ffa3-44e8-a451-02116a27a11f
2026-03-30 16:50:17|gpt|web_search|10|JSON_VERIFIED||1193|3ea0981f-ffa3-44e8-a451-02116a27a11f
2026-03-30 16:50:17|gpt|web_search|10|QUESTION|48|1193|3ea0981f-ffa3-44e8-a451-02116a27a11f
2026-03-30 16:50:17|gpt|web_search|10|JSON_SAVED||1193|3ea0981f-ffa3-44e8-a451-02116a27a11f
2026-03-30 16:50:17|gpt|web_search|10|QUESTION_ADVANCE||1194|c8d7cacc-02f0-4b4d-9527-64e037c06217
2026-03-30 16:51:05|gpt|web_search|13|QUESTION_SENT||1430|9f65aef1-fdfe-49d3-94c6-4dbc66763aa4
2026-03-30 16:51:42|gpt|web_search|13|JSON_VERIFIED||1430|9f65aef1-fdfe-49d3-94c6-4dbc66763aa4
2026-03-30 16:51:42|gpt|web_search|13|QUESTION|49|1430|9f65aef1-fdfe-49d3-94c6-4dbc66763aa4
2026-03-30 16:51:42|gpt|web_search|13|JSON_SAVED||1430|9f65aef1-fdfe-49d3-94c6-4dbc66763aa4
2026-03-30 16:51:42|gpt|web_search|13|QUESTION_ADVANCE||1431|d79638ed-2302-4fbf-a897-ee82a1cd7249
2026-03-30 16:52:18|gpt|web_search|11|QUESTION_SENT||1313|420c2db2-a3d8-407a-bf3a-d7c56c7b9c67
2026-03-30 16:52:54|gpt|web_search|11|JSON_VERIFY_FAILED||1313|420c2db2-a3d8-407a-bf3a-d7c56c7b9c67
2026-03-30 16:52:54|gpt|web_search|11|QUESTION|52|1313|420c2db2-a3d8-407a-bf3a-d7c56c7b9c67
2026-03-30 16:53:04|gpt|web_search|11|QUESTION_SENT||1313|420c2db2-a3d8-407a-bf3a-d7c56c7b9c67
2026-03-30 16:53:11|gpt|web_search|10|QUESTION_SENT||1194|c8d7cacc-02f0-4b4d-9527-64e037c06217
2026-03-30 16:53:30|gpt|web_search|11|JSON_VERIFIED||1313|420c2db2-a3d8-407a-bf3a-d7c56c7b9c67
2026-03-30 16:53:30|gpt|web_search|11|QUESTION|53|1313|420c2db2-a3d8-407a-bf3a-d7c56c7b9c67
2026-03-30 16:53:30|gpt|web_search|11|JSON_SAVED||1313|420c2db2-a3d8-407a-bf3a-d7c56c7b9c67
2026-03-30 16:53:30|gpt|web_search|11|QUESTION_ADVANCE||1314|216d6347-68e9-4560-b5c5-f492e22384ce
2026-03-30 16:53:52|gpt|web_search|10|JSON_VERIFIED||1194|c8d7cacc-02f0-4b4d-9527-64e037c06217
2026-03-30 16:53:52|gpt|web_search|10|QUESTION|49|1194|c8d7cacc-02f0-4b4d-9527-64e037c06217
2026-03-30 16:53:52|gpt|web_search|10|JSON_SAVED||1194|c8d7cacc-02f0-4b4d-9527-64e037c06217
2026-03-30 16:53:52|gpt|web_search|10|QUESTION_ADVANCE||1195|446122f4-a079-440d-a907-afbfd03a35f9
2026-03-30 16:54:39|gpt|web_search|13|QUESTION_SENT||1431|d79638ed-2302-4fbf-a897-ee82a1cd7249
2026-03-30 16:55:20|gpt|web_search|13|JSON_VERIFIED||1431|d79638ed-2302-4fbf-a897-ee82a1cd7249
2026-03-30 16:55:20|gpt|web_search|13|QUESTION|50|1431|d79638ed-2302-4fbf-a897-ee82a1cd7249
2026-03-30 16:55:20|gpt|web_search|13|JSON_SAVED||1431|d79638ed-2302-4fbf-a897-ee82a1cd7249
2026-03-30 16:55:20|gpt|web_search|13|QUESTION_ADVANCE||1432|028d310c-96e0-4752-80f1-960c14a7e86b
2026-03-30 16:56:41|gpt|web_search|11|QUESTION_SENT||1314|216d6347-68e9-4560-b5c5-f492e22384ce
2026-03-30 16:56:46|gpt|web_search|10|QUESTION_SENT||1195|446122f4-a079-440d-a907-afbfd03a35f9
2026-03-30 16:57:33|gpt|web_search|10|JSON_VERIFIED||1195|446122f4-a079-440d-a907-afbfd03a35f9
2026-03-30 16:57:33|gpt|web_search|10|QUESTION|50|1195|446122f4-a079-440d-a907-afbfd03a35f9
2026-03-30 16:57:33|gpt|web_search|10|JSON_SAVED||1195|446122f4-a079-440d-a907-afbfd03a35f9
2026-03-30 16:57:33|gpt|web_search|10|QUESTION_ADVANCE||1196|856c98f1-7677-4d5a-ada2-28d012871cc9
2026-03-30 16:58:12|gpt|web_search|13|QUESTION_SENT||1432|028d310c-96e0-4752-80f1-960c14a7e86b
2026-03-30 16:58:49|gpt|web_search|13|JSON_VERIFIED||1432|028d310c-96e0-4752-80f1-960c14a7e86b
2026-03-30 16:58:49|gpt|web_search|13|QUESTION|51|1432|028d310c-96e0-4752-80f1-960c14a7e86b
2026-03-30 16:58:49|gpt|web_search|13|JSON_SAVED||1432|028d310c-96e0-4752-80f1-960c14a7e86b
2026-03-30 16:58:49|gpt|web_search|13|QUESTION_ADVANCE||1433|2d8d3ea6-ac8f-44ac-bce1-37bc09157901
2026-03-30 17:00:18|gpt|web_search|11|QUESTION_SENT||1314|216d6347-68e9-4560-b5c5-f492e22384ce
2026-03-30 17:00:21|gpt|web_search|10|QUESTION_SENT||1196|856c98f1-7677-4d5a-ada2-28d012871cc9
2026-03-30 17:00:55|gpt|web_search|11|JSON_VERIFIED||1314|216d6347-68e9-4560-b5c5-f492e22384ce
2026-03-30 17:00:55|gpt|web_search|11|QUESTION|54|1314|216d6347-68e9-4560-b5c5-f492e22384ce
2026-03-30 17:00:55|gpt|web_search|11|JSON_SAVED||1314|216d6347-68e9-4560-b5c5-f492e22384ce
2026-03-30 17:00:55|gpt|web_search|11|QUESTION_ADVANCE||1315|004dedf1-e680-42ee-a0fd-b7625edea4af
2026-03-30 17:01:45|gpt|web_search|13|QUESTION_SENT||1433|2d8d3ea6-ac8f-44ac-bce1-37bc09157901
2026-03-30 17:02:22|gpt|web_search|13|JSON_VERIFIED||1433|2d8d3ea6-ac8f-44ac-bce1-37bc09157901
2026-03-30 17:02:22|gpt|web_search|13|QUESTION|52|1433|2d8d3ea6-ac8f-44ac-bce1-37bc09157901
2026-03-30 17:02:22|gpt|web_search|13|JSON_SAVED||1433|2d8d3ea6-ac8f-44ac-bce1-37bc09157901
2026-03-30 17:02:22|gpt|web_search|13|QUESTION_ADVANCE||1434|fd7a20c7-ad4a-478c-89a3-5afa310c2f10
2026-03-30 17:03:55|gpt|web_search|11|QUESTION_SENT||1315|004dedf1-e680-42ee-a0fd-b7625edea4af
2026-03-30 17:03:57|gpt|web_search|10|QUESTION_SENT||1196|856c98f1-7677-4d5a-ada2-28d012871cc9
2026-03-30 17:04:29|gpt|web_search|11|JSON_VERIFIED||1315|004dedf1-e680-42ee-a0fd-b7625edea4af
2026-03-30 17:04:29|gpt|web_search|11|QUESTION|55|1315|004dedf1-e680-42ee-a0fd-b7625edea4af
2026-03-30 17:04:29|gpt|web_search|11|JSON_SAVED||1315|004dedf1-e680-42ee-a0fd-b7625edea4af
2026-03-30 17:04:29|gpt|web_search|11|QUESTION_ADVANCE||1316|a6eb7861-2d89-4c08-b5e6-f11126edbee2
2026-03-30 17:04:36|gpt|web_search|10|JSON_VERIFIED||1196|856c98f1-7677-4d5a-ada2-28d012871cc9
2026-03-30 17:04:36|gpt|web_search|10|QUESTION|51|1196|856c98f1-7677-4d5a-ada2-28d012871cc9
2026-03-30 17:04:36|gpt|web_search|10|JSON_SAVED||1196|856c98f1-7677-4d5a-ada2-28d012871cc9
2026-03-30 17:04:36|gpt|web_search|10|QUESTION_ADVANCE||1197|4035e2d4-56ba-419a-baad-8fc05007491b
2026-03-30 17:05:19|gpt|web_search|13|QUESTION_SENT||1434|fd7a20c7-ad4a-478c-89a3-5afa310c2f10
2026-03-30 17:05:54|gpt|web_search|13|JSON_VERIFIED||1434|fd7a20c7-ad4a-478c-89a3-5afa310c2f10
2026-03-30 17:05:54|gpt|web_search|13|QUESTION|53|1434|fd7a20c7-ad4a-478c-89a3-5afa310c2f10
2026-03-30 17:05:54|gpt|web_search|13|JSON_SAVED||1434|fd7a20c7-ad4a-478c-89a3-5afa310c2f10
2026-03-30 17:05:54|gpt|web_search|13|QUESTION_ADVANCE||1435|0a0d5a82-1593-4727-93ae-e05e89bd8242
2026-03-30 17:07:32|gpt|web_search|10|QUESTION_SENT||1197|4035e2d4-56ba-419a-baad-8fc05007491b
2026-03-30 17:07:32|gpt|web_search|11|QUESTION_SENT||1316|a6eb7861-2d89-4c08-b5e6-f11126edbee2
2026-03-30 17:08:09|gpt|web_search|10|JSON_VERIFIED||1197|4035e2d4-56ba-419a-baad-8fc05007491b
2026-03-30 17:08:09|gpt|web_search|10|QUESTION|52|1197|4035e2d4-56ba-419a-baad-8fc05007491b
2026-03-30 17:08:09|gpt|web_search|10|JSON_SAVED||1197|4035e2d4-56ba-419a-baad-8fc05007491b
2026-03-30 17:08:09|gpt|web_search|10|QUESTION_ADVANCE||1198|680a64be-854e-49d3-a071-912e76c2b363
2026-03-30 17:08:09|gpt|web_search|11|JSON_VERIFIED||1316|a6eb7861-2d89-4c08-b5e6-f11126edbee2
2026-03-30 17:08:09|gpt|web_search|11|QUESTION|56|1316|a6eb7861-2d89-4c08-b5e6-f11126edbee2
2026-03-30 17:08:09|gpt|web_search|11|JSON_SAVED||1316|a6eb7861-2d89-4c08-b5e6-f11126edbee2
2026-03-30 17:08:09|gpt|web_search|11|QUESTION_ADVANCE||1317|830d93f7-9e66-4682-b77e-35b202893907
2026-03-30 17:08:52|gpt|web_search|13|QUESTION_SENT||1435|0a0d5a82-1593-4727-93ae-e05e89bd8242
2026-03-30 17:09:29|gpt|web_search|13|JSON_VERIFIED||1435|0a0d5a82-1593-4727-93ae-e05e89bd8242
2026-03-30 17:09:29|gpt|web_search|13|QUESTION|54|1435|0a0d5a82-1593-4727-93ae-e05e89bd8242
2026-03-30 17:09:29|gpt|web_search|13|JSON_SAVED||1435|0a0d5a82-1593-4727-93ae-e05e89bd8242
2026-03-30 17:09:29|gpt|web_search|13|QUESTION_ADVANCE||1436|0c8b0463-ce9e-4183-971c-ddfaff7a7827
2026-03-30 17:11:07|gpt|web_search|10|QUESTION_SENT||1198|680a64be-854e-49d3-a071-912e76c2b363
2026-03-30 17:11:09|gpt|web_search|11|QUESTION_SENT||1317|830d93f7-9e66-4682-b77e-35b202893907
2026-03-30 17:11:46|gpt|web_search|11|JSON_VERIFIED||1317|830d93f7-9e66-4682-b77e-35b202893907
2026-03-30 17:11:46|gpt|web_search|11|QUESTION|57|1317|830d93f7-9e66-4682-b77e-35b202893907
2026-03-30 17:11:46|gpt|web_search|11|JSON_SAVED||1317|830d93f7-9e66-4682-b77e-35b202893907
2026-03-30 17:11:46|gpt|web_search|11|QUESTION_ADVANCE||1318|13e1df20-82f9-4423-8388-c7fd7ae35920
2026-03-30 17:11:47|gpt|web_search|10|JSON_VERIFIED||1198|680a64be-854e-49d3-a071-912e76c2b363
2026-03-30 17:11:47|gpt|web_search|10|QUESTION|53|1198|680a64be-854e-49d3-a071-912e76c2b363
2026-03-30 17:11:47|gpt|web_search|10|JSON_SAVED||1198|680a64be-854e-49d3-a071-912e76c2b363
2026-03-30 17:11:47|gpt|web_search|10|QUESTION_ADVANCE||1199|3d0e1cfe-eb3d-4ad1-9b1e-2fd8f6d32f15
2026-03-30 17:12:25|gpt|web_search|13|QUESTION_SENT||1436|0c8b0463-ce9e-4183-971c-ddfaff7a7827
2026-03-30 17:13:05|gpt|web_search|13|JSON_VERIFIED||1436|0c8b0463-ce9e-4183-971c-ddfaff7a7827
2026-03-30 17:13:05|gpt|web_search|13|QUESTION|55|1436|0c8b0463-ce9e-4183-971c-ddfaff7a7827
2026-03-30 17:13:05|gpt|web_search|13|JSON_SAVED||1436|0c8b0463-ce9e-4183-971c-ddfaff7a7827
2026-03-30 17:13:05|gpt|web_search|13|QUESTION_ADVANCE||1437|d1cddae4-56bc-49aa-b55c-608f439faa02
2026-03-30 17:14:42|gpt|web_search|10|QUESTION_SENT||1199|3d0e1cfe-eb3d-4ad1-9b1e-2fd8f6d32f15
2026-03-30 17:14:47|gpt|web_search|11|QUESTION_SENT||1318|13e1df20-82f9-4423-8388-c7fd7ae35920
2026-03-30 17:15:23|gpt|web_search|10|JSON_VERIFIED||1199|3d0e1cfe-eb3d-4ad1-9b1e-2fd8f6d32f15
2026-03-30 17:15:23|gpt|web_search|10|QUESTION|54|1199|3d0e1cfe-eb3d-4ad1-9b1e-2fd8f6d32f15
2026-03-30 17:15:23|gpt|web_search|10|JSON_SAVED||1199|3d0e1cfe-eb3d-4ad1-9b1e-2fd8f6d32f15
2026-03-30 17:15:23|gpt|web_search|10|QUESTION_ADVANCE||1200|f35cd434-773a-4b3c-af8f-d74ae3831730
2026-03-30 17:15:25|gpt|web_search|11|JSON_VERIFIED||1318|13e1df20-82f9-4423-8388-c7fd7ae35920
2026-03-30 17:15:25|gpt|web_search|11|QUESTION|58|1318|13e1df20-82f9-4423-8388-c7fd7ae35920
2026-03-30 17:15:25|gpt|web_search|11|JSON_SAVED||1318|13e1df20-82f9-4423-8388-c7fd7ae35920
2026-03-30 17:15:25|gpt|web_search|11|QUESTION_ADVANCE||1319|9dfddc11-8979-4204-a38c-1d6506263a55
2026-03-30 17:15:58|gpt|web_search|13|QUESTION_SENT||1437|d1cddae4-56bc-49aa-b55c-608f439faa02
2026-03-30 17:16:47|gpt|web_search|13|JSON_VERIFIED||1437|d1cddae4-56bc-49aa-b55c-608f439faa02
2026-03-30 17:16:47|gpt|web_search|13|QUESTION|56|1437|d1cddae4-56bc-49aa-b55c-608f439faa02
2026-03-30 17:16:47|gpt|web_search|13|JSON_SAVED||1437|d1cddae4-56bc-49aa-b55c-608f439faa02
2026-03-30 17:16:47|gpt|web_search|13|QUESTION_ADVANCE||1438|a6b7794a-ab4c-4235-aebe-47c77af01cf6
2026-03-30 17:18:17|gpt|web_search|10|QUESTION_SENT||1200|f35cd434-773a-4b3c-af8f-d74ae3831730
2026-03-30 17:18:24|gpt|web_search|11|QUESTION_SENT||1319|9dfddc11-8979-4204-a38c-1d6506263a55
2026-03-30 17:18:53|gpt|web_search|10|JSON_VERIFIED||1200|f35cd434-773a-4b3c-af8f-d74ae3831730
2026-03-30 17:18:53|gpt|web_search|10|QUESTION|55|1200|f35cd434-773a-4b3c-af8f-d74ae3831730
2026-03-30 17:18:53|gpt|web_search|10|JSON_SAVED||1200|f35cd434-773a-4b3c-af8f-d74ae3831730
2026-03-30 17:18:53|gpt|web_search|10|QUESTION_ADVANCE||1201|2fa7a3ad-62ab-4b97-b2c0-35845322cce7
2026-03-30 17:19:02|gpt|web_search|11|JSON_VERIFIED||1319|9dfddc11-8979-4204-a38c-1d6506263a55
2026-03-30 17:19:02|gpt|web_search|11|QUESTION|59|1319|9dfddc11-8979-4204-a38c-1d6506263a55
2026-03-30 17:19:02|gpt|web_search|11|JSON_SAVED||1319|9dfddc11-8979-4204-a38c-1d6506263a55
2026-03-30 17:19:02|gpt|web_search|11|QUESTION_ADVANCE||1320|75eeb1da-904d-4b3f-8a9e-5ba5f11e5cc2
2026-03-30 17:19:32|gpt|web_search|13|QUESTION_SENT||1438|a6b7794a-ab4c-4235-aebe-47c77af01cf6
2026-03-30 17:20:09|gpt|web_search|13|JSON_VERIFY_FAILED||1438|a6b7794a-ab4c-4235-aebe-47c77af01cf6
2026-03-30 17:20:09|gpt|web_search|13|QUESTION|57|1438|a6b7794a-ab4c-4235-aebe-47c77af01cf6
2026-03-30 17:20:18|gpt|web_search|13|QUESTION_SENT||1438|a6b7794a-ab4c-4235-aebe-47c77af01cf6
2026-03-30 17:20:46|gpt|web_search|13|JSON_VERIFIED||1438|a6b7794a-ab4c-4235-aebe-47c77af01cf6
2026-03-30 17:20:46|gpt|web_search|13|QUESTION|58|1438|a6b7794a-ab4c-4235-aebe-47c77af01cf6
2026-03-30 17:20:46|gpt|web_search|13|JSON_SAVED||1438|a6b7794a-ab4c-4235-aebe-47c77af01cf6
2026-03-30 17:20:46|gpt|web_search|13|QUESTION_ADVANCE||1439|eca12d70-c439-4199-8ceb-91abf49acb36
2026-03-30 17:21:53|gpt|web_search|10|QUESTION_SENT||1201|2fa7a3ad-62ab-4b97-b2c0-35845322cce7
2026-03-30 17:22:01|gpt|web_search|11|QUESTION_SENT||1320|75eeb1da-904d-4b3f-8a9e-5ba5f11e5cc2
2026-03-30 17:22:34|gpt|web_search|10|JSON_VERIFIED||1201|2fa7a3ad-62ab-4b97-b2c0-35845322cce7
2026-03-30 17:22:34|gpt|web_search|10|QUESTION|56|1201|2fa7a3ad-62ab-4b97-b2c0-35845322cce7
2026-03-30 17:22:34|gpt|web_search|10|JSON_SAVED||1201|2fa7a3ad-62ab-4b97-b2c0-35845322cce7
2026-03-30 17:22:34|gpt|web_search|10|QUESTION_ADVANCE||1202|e4e60d4b-1915-4f42-b3f3-9525bfa03091
2026-03-30 17:22:35|gpt|web_search|11|JSON_VERIFIED||1320|75eeb1da-904d-4b3f-8a9e-5ba5f11e5cc2
2026-03-30 17:22:35|gpt|web_search|11|QUESTION|60|1320|75eeb1da-904d-4b3f-8a9e-5ba5f11e5cc2
2026-03-30 17:22:35|gpt|web_search|11|JSON_SAVED||1320|75eeb1da-904d-4b3f-8a9e-5ba5f11e5cc2
2026-03-30 17:22:35|gpt|web_search|11|QUESTION_ADVANCE||1321|5e989f79-61b2-45e3-9781-a2c9c2c9b06f
2026-03-30 17:23:51|gpt|web_search|13|QUESTION_SENT||1439|eca12d70-c439-4199-8ceb-91abf49acb36
2026-03-30 17:24:27|gpt|web_search|13|JSON_VERIFIED||1439|eca12d70-c439-4199-8ceb-91abf49acb36
2026-03-30 17:24:27|gpt|web_search|13|QUESTION|59|1439|eca12d70-c439-4199-8ceb-91abf49acb36
2026-03-30 17:24:27|gpt|web_search|13|JSON_SAVED||1439|eca12d70-c439-4199-8ceb-91abf49acb36
2026-03-30 17:24:27|gpt|web_search|13|QUESTION_ADVANCE||1440|856b78d8-fbed-47fa-8e19-00919b23752d
2026-03-30 17:25:28|gpt|web_search|10|QUESTION_SENT||1202|e4e60d4b-1915-4f42-b3f3-9525bfa03091
2026-03-30 17:25:38|gpt|web_search|11|QUESTION_SENT||1321|5e989f79-61b2-45e3-9781-a2c9c2c9b06f
2026-03-30 17:26:09|gpt|web_search|10|JSON_VERIFIED||1202|e4e60d4b-1915-4f42-b3f3-9525bfa03091
2026-03-30 17:26:09|gpt|web_search|10|QUESTION|57|1202|e4e60d4b-1915-4f42-b3f3-9525bfa03091
2026-03-30 17:26:09|gpt|web_search|10|JSON_SAVED||1202|e4e60d4b-1915-4f42-b3f3-9525bfa03091
2026-03-30 17:26:09|gpt|web_search|10|QUESTION_ADVANCE||1203|7933ad2c-4c66-4a36-a309-687b744a0142
2026-03-30 17:26:15|gpt|web_search|11|JSON_VERIFIED||1321|5e989f79-61b2-45e3-9781-a2c9c2c9b06f
2026-03-30 17:26:15|gpt|web_search|11|QUESTION|61|1321|5e989f79-61b2-45e3-9781-a2c9c2c9b06f
2026-03-30 17:26:15|gpt|web_search|11|JSON_SAVED||1321|5e989f79-61b2-45e3-9781-a2c9c2c9b06f
2026-03-30 17:26:15|gpt|web_search|11|QUESTION_ADVANCE||1322|b36092fa-ab89-461c-888b-58d0645a7618
2026-03-30 17:27:24|gpt|web_search|13|QUESTION_SENT||1440|856b78d8-fbed-47fa-8e19-00919b23752d
2026-03-30 17:27:59|gpt|web_search|13|JSON_VERIFIED||1440|856b78d8-fbed-47fa-8e19-00919b23752d
2026-03-30 17:27:59|gpt|web_search|13|QUESTION|60|1440|856b78d8-fbed-47fa-8e19-00919b23752d
2026-03-30 17:27:59|gpt|web_search|13|JSON_SAVED||1440|856b78d8-fbed-47fa-8e19-00919b23752d
2026-03-30 17:27:59|gpt|web_search|13|QUESTION_ADVANCE||1441|a42a8a83-f7dc-4e73-821c-4a0bcc3b2d5e
2026-03-30 17:29:03|gpt|web_search|10|QUESTION_SENT||1203|7933ad2c-4c66-4a36-a309-687b744a0142
2026-03-30 17:29:15|gpt|web_search|11|QUESTION_SENT||1322|b36092fa-ab89-461c-888b-58d0645a7618
2026-03-30 17:29:51|gpt|web_search|11|JSON_VERIFIED||1322|b36092fa-ab89-461c-888b-58d0645a7618
2026-03-30 17:29:51|gpt|web_search|11|QUESTION|62|1322|b36092fa-ab89-461c-888b-58d0645a7618
2026-03-30 17:29:51|gpt|web_search|11|JSON_SAVED||1322|b36092fa-ab89-461c-888b-58d0645a7618
2026-03-30 17:29:51|gpt|web_search|11|QUESTION_ADVANCE||1323|fa914194-90d3-4e8c-bdbc-8abd0f3e0e8c
2026-03-30 17:30:57|gpt|web_search|13|QUESTION_SENT||1441|a42a8a83-f7dc-4e73-821c-4a0bcc3b2d5e
2026-03-30 17:31:40|gpt|web_search|13|JSON_VERIFIED||1441|a42a8a83-f7dc-4e73-821c-4a0bcc3b2d5e
2026-03-30 17:31:40|gpt|web_search|13|QUESTION|61|1441|a42a8a83-f7dc-4e73-821c-4a0bcc3b2d5e
2026-03-30 17:31:40|gpt|web_search|13|JSON_SAVED||1441|a42a8a83-f7dc-4e73-821c-4a0bcc3b2d5e
2026-03-30 17:31:40|gpt|web_search|13|QUESTION_ADVANCE||1442|d6ec6cab-783c-4263-af6a-5d1075d69b64
2026-03-30 17:32:38|gpt|web_search|10|QUESTION_SENT||1203|7933ad2c-4c66-4a36-a309-687b744a0142
2026-03-30 17:32:53|gpt|web_search|11|QUESTION_SENT||1323|fa914194-90d3-4e8c-bdbc-8abd0f3e0e8c
2026-03-30 17:33:27|gpt|web_search|11|JSON_VERIFIED||1323|fa914194-90d3-4e8c-bdbc-8abd0f3e0e8c
2026-03-30 17:33:27|gpt|web_search|11|QUESTION|63|1323|fa914194-90d3-4e8c-bdbc-8abd0f3e0e8c
2026-03-30 17:33:27|gpt|web_search|11|JSON_SAVED||1323|fa914194-90d3-4e8c-bdbc-8abd0f3e0e8c
2026-03-30 17:33:27|gpt|web_search|11|QUESTION_ADVANCE||1324|39445c3a-ac73-4f22-918b-f1260f474dce
2026-03-30 17:34:31|gpt|web_search|13|QUESTION_SENT||1442|d6ec6cab-783c-4263-af6a-5d1075d69b64
2026-03-30 17:35:06|gpt|web_search|13|JSON_VERIFIED||1442|d6ec6cab-783c-4263-af6a-5d1075d69b64
2026-03-30 17:35:06|gpt|web_search|13|QUESTION|62|1442|d6ec6cab-783c-4263-af6a-5d1075d69b64
2026-03-30 17:35:06|gpt|web_search|13|JSON_SAVED||1442|d6ec6cab-783c-4263-af6a-5d1075d69b64
2026-03-30 17:35:06|gpt|web_search|13|QUESTION_ADVANCE||1443|23d797d7-70bd-42c0-b07e-25b1c157a1a3
2026-03-30 17:36:13|gpt|web_search|10|QUESTION_SENT||1203|7933ad2c-4c66-4a36-a309-687b744a0142
2026-03-30 17:36:30|gpt|web_search|11|QUESTION_SENT||1324|39445c3a-ac73-4f22-918b-f1260f474dce
2026-03-30 17:36:52|gpt|web_search|10|JSON_VERIFIED||1203|7933ad2c-4c66-4a36-a309-687b744a0142
2026-03-30 17:36:52|gpt|web_search|10|QUESTION|58|1203|7933ad2c-4c66-4a36-a309-687b744a0142
2026-03-30 17:36:52|gpt|web_search|10|JSON_SAVED||1203|7933ad2c-4c66-4a36-a309-687b744a0142
2026-03-30 17:36:52|gpt|web_search|10|QUESTION_ADVANCE||1204|b3455748-7321-4431-bbfe-0f394f55cfda
2026-03-30 17:37:05|gpt|web_search|11|JSON_VERIFIED||1324|39445c3a-ac73-4f22-918b-f1260f474dce
2026-03-30 17:37:05|gpt|web_search|11|QUESTION|64|1324|39445c3a-ac73-4f22-918b-f1260f474dce
2026-03-30 17:37:05|gpt|web_search|11|JSON_SAVED||1324|39445c3a-ac73-4f22-918b-f1260f474dce
2026-03-30 17:37:05|gpt|web_search|11|QUESTION_ADVANCE||1325|95b9fa40-e1ef-4f46-9285-63db92c2754c
2026-03-30 17:38:04|gpt|web_search|13|QUESTION_SENT||1443|23d797d7-70bd-42c0-b07e-25b1c157a1a3
2026-03-30 17:38:32|gpt|web_search|13|JSON_VERIFY_FAILED||1443|23d797d7-70bd-42c0-b07e-25b1c157a1a3
2026-03-30 17:38:32|gpt|web_search|13|QUESTION|63|1443|23d797d7-70bd-42c0-b07e-25b1c157a1a3
2026-03-30 17:38:42|gpt|web_search|13|QUESTION_SENT||1443|23d797d7-70bd-42c0-b07e-25b1c157a1a3
2026-03-30 17:39:08|gpt|web_search|13|JSON_VERIFIED||1443|23d797d7-70bd-42c0-b07e-25b1c157a1a3
2026-03-30 17:39:08|gpt|web_search|13|QUESTION|64|1443|23d797d7-70bd-42c0-b07e-25b1c157a1a3
2026-03-30 17:39:08|gpt|web_search|13|JSON_SAVED||1443|23d797d7-70bd-42c0-b07e-25b1c157a1a3
2026-03-30 17:39:08|gpt|web_search|13|QUESTION_ADVANCE||1444|a9d86039-3a03-40d0-aa94-57b522bc0a81
2026-03-30 17:39:48|gpt|web_search|10|QUESTION_SENT||1204|b3455748-7321-4431-bbfe-0f394f55cfda
2026-03-30 17:40:07|gpt|web_search|11|QUESTION_SENT||1325|95b9fa40-e1ef-4f46-9285-63db92c2754c
2026-03-30 17:40:34|gpt|web_search|10|JSON_VERIFIED||1204|b3455748-7321-4431-bbfe-0f394f55cfda
2026-03-30 17:40:34|gpt|web_search|10|QUESTION|59|1204|b3455748-7321-4431-bbfe-0f394f55cfda
2026-03-30 17:40:34|gpt|web_search|10|JSON_SAVED||1204|b3455748-7321-4431-bbfe-0f394f55cfda
2026-03-30 17:40:34|gpt|web_search|10|QUESTION_ADVANCE||1205|50eab0f0-8b62-418e-8f78-c6c05f1cd873
2026-03-30 17:40:44|gpt|web_search|11|JSON_VERIFIED||1325|95b9fa40-e1ef-4f46-9285-63db92c2754c
2026-03-30 17:40:44|gpt|web_search|11|QUESTION|65|1325|95b9fa40-e1ef-4f46-9285-63db92c2754c
2026-03-30 17:40:44|gpt|web_search|11|JSON_SAVED||1325|95b9fa40-e1ef-4f46-9285-63db92c2754c
2026-03-30 17:40:44|gpt|web_search|11|QUESTION_ADVANCE||1326|abbe1906-7d30-4c66-bc3c-388066528cc1
2026-03-30 17:42:15|gpt|web_search|13|QUESTION_SENT||1444|a9d86039-3a03-40d0-aa94-57b522bc0a81
2026-03-30 17:42:57|gpt|web_search|13|JSON_VERIFIED||1444|a9d86039-3a03-40d0-aa94-57b522bc0a81
2026-03-30 17:42:57|gpt|web_search|13|QUESTION|65|1444|a9d86039-3a03-40d0-aa94-57b522bc0a81
2026-03-30 17:42:57|gpt|web_search|13|JSON_SAVED||1444|a9d86039-3a03-40d0-aa94-57b522bc0a81
2026-03-30 17:42:57|gpt|web_search|13|QUESTION_ADVANCE||1445|21cc7a3f-bad0-4e23-96ed-36dcd01adfa7
2026-03-30 17:43:24|gpt|web_search|10|QUESTION_SENT||1205|50eab0f0-8b62-418e-8f78-c6c05f1cd873
2026-03-30 17:43:44|gpt|web_search|11|QUESTION_SENT||1326|abbe1906-7d30-4c66-bc3c-388066528cc1
2026-03-30 17:44:21|gpt|web_search|11|JSON_VERIFIED||1326|abbe1906-7d30-4c66-bc3c-388066528cc1
2026-03-30 17:44:21|gpt|web_search|11|QUESTION|66|1326|abbe1906-7d30-4c66-bc3c-388066528cc1
2026-03-30 17:44:21|gpt|web_search|11|JSON_SAVED||1326|abbe1906-7d30-4c66-bc3c-388066528cc1
2026-03-30 17:44:21|gpt|web_search|11|QUESTION_ADVANCE||1327|2f5100cd-ccd1-469f-8b07-e4f9faeaaa2a
2026-03-30 17:45:48|gpt|web_search|13|QUESTION_SENT||1445|21cc7a3f-bad0-4e23-96ed-36dcd01adfa7
2026-03-30 17:46:00|gpt|web_search|10|JSON_VERIFIED||1205|50eab0f0-8b62-418e-8f78-c6c05f1cd873
2026-03-30 17:46:00|gpt|web_search|10|QUESTION|60|1205|50eab0f0-8b62-418e-8f78-c6c05f1cd873
2026-03-30 17:46:00|gpt|web_search|10|JSON_SAVED||1205|50eab0f0-8b62-418e-8f78-c6c05f1cd873
2026-03-30 17:46:00|gpt|web_search|10|QUESTION_ADVANCE||1206|66e6a454-8ac9-4b80-b0dd-fa799d9885e1
2026-03-30 17:46:24|gpt|web_search|13|JSON_VERIFY_FAILED||1445|21cc7a3f-bad0-4e23-96ed-36dcd01adfa7
2026-03-30 17:46:24|gpt|web_search|13|QUESTION|66|1445|21cc7a3f-bad0-4e23-96ed-36dcd01adfa7
2026-03-30 17:46:59|gpt|web_search|10|QUESTION_SENT||1206|66e6a454-8ac9-4b80-b0dd-fa799d9885e1
2026-03-30 17:47:22|gpt|web_search|11|QUESTION_SENT||1327|2f5100cd-ccd1-469f-8b07-e4f9faeaaa2a
2026-03-30 17:47:39|gpt|web_search|10|JSON_VERIFY_FAILED||1206|66e6a454-8ac9-4b80-b0dd-fa799d9885e1
2026-03-30 17:47:39|gpt|web_search|10|QUESTION|61|1206|66e6a454-8ac9-4b80-b0dd-fa799d9885e1
2026-03-30 17:47:49|gpt|web_search|10|QUESTION_SENT||1206|66e6a454-8ac9-4b80-b0dd-fa799d9885e1
2026-03-30 17:47:59|gpt|web_search|11|JSON_VERIFIED||1327|2f5100cd-ccd1-469f-8b07-e4f9faeaaa2a
2026-03-30 17:47:59|gpt|web_search|11|QUESTION|67|1327|2f5100cd-ccd1-469f-8b07-e4f9faeaaa2a
2026-03-30 17:47:59|gpt|web_search|11|JSON_SAVED||1327|2f5100cd-ccd1-469f-8b07-e4f9faeaaa2a
2026-03-30 17:47:59|gpt|web_search|11|QUESTION_ADVANCE||1328|4165f4a9-2b2f-4f88-aa87-d3e57015fd73
2026-03-30 17:48:25|gpt|web_search|10|JSON_VERIFIED||1206|66e6a454-8ac9-4b80-b0dd-fa799d9885e1
2026-03-30 17:48:25|gpt|web_search|10|QUESTION|62|1206|66e6a454-8ac9-4b80-b0dd-fa799d9885e1
2026-03-30 17:48:25|gpt|web_search|10|JSON_SAVED||1206|66e6a454-8ac9-4b80-b0dd-fa799d9885e1
2026-03-30 17:48:25|gpt|web_search|10|QUESTION_ADVANCE||1207|ec1f1aa6-bd0b-4189-b5ca-5babe00a7c60
2026-03-30 17:49:21|gpt|web_search|13|QUESTION_SENT||1445|21cc7a3f-bad0-4e23-96ed-36dcd01adfa7
2026-03-30 17:49:51|gpt|web_search|13|JSON_VERIFY_FAILED||1445|21cc7a3f-bad0-4e23-96ed-36dcd01adfa7
2026-03-30 17:49:51|gpt|web_search|13|QUESTION|67|1445|21cc7a3f-bad0-4e23-96ed-36dcd01adfa7
2026-03-30 17:50:01|gpt|web_search|13|QUESTION_SENT||1445|21cc7a3f-bad0-4e23-96ed-36dcd01adfa7
2026-03-30 17:50:20|gpt|web_search|13|JSON_VERIFY_FAILED||1445|21cc7a3f-bad0-4e23-96ed-36dcd01adfa7
2026-03-30 17:50:20|gpt|web_search|13|QUESTION|68|1445|21cc7a3f-bad0-4e23-96ed-36dcd01adfa7
2026-03-30 17:50:59|gpt|web_search|11|QUESTION_SENT||1328|4165f4a9-2b2f-4f88-aa87-d3e57015fd73
2026-03-30 17:51:24|gpt|web_search|10|QUESTION_SENT||1207|ec1f1aa6-bd0b-4189-b5ca-5babe00a7c60
2026-03-30 17:51:37|gpt|web_search|11|JSON_VERIFIED||1328|4165f4a9-2b2f-4f88-aa87-d3e57015fd73
2026-03-30 17:51:37|gpt|web_search|11|QUESTION|68|1328|4165f4a9-2b2f-4f88-aa87-d3e57015fd73
2026-03-30 17:51:38|gpt|web_search|11|JSON_SAVED||1328|4165f4a9-2b2f-4f88-aa87-d3e57015fd73
2026-03-30 17:51:38|gpt|web_search|11|QUESTION_ADVANCE||1329|84367a34-5c10-4f14-81b6-51a9e89005e8
2026-03-30 17:52:02|gpt|web_search|10|JSON_VERIFIED||1207|ec1f1aa6-bd0b-4189-b5ca-5babe00a7c60
2026-03-30 17:52:02|gpt|web_search|10|QUESTION|63|1207|ec1f1aa6-bd0b-4189-b5ca-5babe00a7c60
2026-03-30 17:52:02|gpt|web_search|10|JSON_SAVED||1207|ec1f1aa6-bd0b-4189-b5ca-5babe00a7c60
2026-03-30 17:52:02|gpt|web_search|10|QUESTION_ADVANCE||1208|b85e962c-c9ee-47e8-924c-e6bd37c71b1d
2026-03-30 17:52:48|gpt|web_search|13|QUESTION_SENT||1445|21cc7a3f-bad0-4e23-96ed-36dcd01adfa7
2026-03-30 17:53:31|gpt|web_search|13|JSON_VERIFY_FAILED||1445|21cc7a3f-bad0-4e23-96ed-36dcd01adfa7
2026-03-30 17:53:31|gpt|web_search|13|QUESTION|69|1445|21cc7a3f-bad0-4e23-96ed-36dcd01adfa7
2026-03-30 17:53:41|gpt|web_search|13|QUESTION_SENT||1445|21cc7a3f-bad0-4e23-96ed-36dcd01adfa7
2026-03-30 17:54:11|gpt|web_search|13|JSON_VERIFIED||1445|21cc7a3f-bad0-4e23-96ed-36dcd01adfa7
2026-03-30 17:54:11|gpt|web_search|13|QUESTION|70|1445|21cc7a3f-bad0-4e23-96ed-36dcd01adfa7
2026-03-30 17:54:11|gpt|web_search|13|JSON_SAVED||1445|21cc7a3f-bad0-4e23-96ed-36dcd01adfa7
2026-03-30 17:54:11|gpt|web_search|13|QUESTION_ADVANCE||1446|e89ee287-6324-43c6-8fe6-9f73459fd135
2026-03-30 17:54:36|gpt|web_search|11|QUESTION_SENT||1329|84367a34-5c10-4f14-81b6-51a9e89005e8
2026-03-30 17:54:59|gpt|web_search|10|QUESTION_SENT||1208|b85e962c-c9ee-47e8-924c-e6bd37c71b1d
2026-03-30 17:55:12|gpt|web_search|11|JSON_VERIFIED||1329|84367a34-5c10-4f14-81b6-51a9e89005e8
2026-03-30 17:55:12|gpt|web_search|11|QUESTION|69|1329|84367a34-5c10-4f14-81b6-51a9e89005e8
2026-03-30 17:55:12|gpt|web_search|11|JSON_SAVED||1329|84367a34-5c10-4f14-81b6-51a9e89005e8
2026-03-30 17:55:12|gpt|web_search|11|QUESTION_ADVANCE||1330|03f0008c-9e24-4ea6-bfab-d9c74d395a27
2026-03-30 17:55:42|gpt|web_search|10|JSON_VERIFIED||1208|b85e962c-c9ee-47e8-924c-e6bd37c71b1d
2026-03-30 17:55:42|gpt|web_search|10|QUESTION|64|1208|b85e962c-c9ee-47e8-924c-e6bd37c71b1d
2026-03-30 17:55:42|gpt|web_search|10|JSON_SAVED||1208|b85e962c-c9ee-47e8-924c-e6bd37c71b1d
2026-03-30 17:55:42|gpt|web_search|10|QUESTION_ADVANCE||1209|f6ea93e8-1116-47f6-8e69-b2c130bd1ac8
2026-03-30 17:57:14|gpt|web_search|13|QUESTION_SENT||1446|e89ee287-6324-43c6-8fe6-9f73459fd135
2026-03-30 17:57:49|gpt|web_search|13|JSON_VERIFIED||1446|e89ee287-6324-43c6-8fe6-9f73459fd135
2026-03-30 17:57:49|gpt|web_search|13|QUESTION|71|1446|e89ee287-6324-43c6-8fe6-9f73459fd135
2026-03-30 17:57:49|gpt|web_search|13|JSON_SAVED||1446|e89ee287-6324-43c6-8fe6-9f73459fd135
2026-03-30 17:57:49|gpt|web_search|13|QUESTION_ADVANCE||1447|0b616ea7-ffad-4be1-9cd5-6ad84ef07fde
2026-03-30 17:58:13|gpt|web_search|11|QUESTION_SENT||1330|03f0008c-9e24-4ea6-bfab-d9c74d395a27
2026-03-30 17:58:34|gpt|web_search|10|QUESTION_SENT||1209|f6ea93e8-1116-47f6-8e69-b2c130bd1ac8
2026-03-30 17:58:59|gpt|web_search|11|JSON_VERIFIED||1330|03f0008c-9e24-4ea6-bfab-d9c74d395a27
2026-03-30 17:58:59|gpt|web_search|11|QUESTION|70|1330|03f0008c-9e24-4ea6-bfab-d9c74d395a27
2026-03-30 17:58:59|gpt|web_search|11|JSON_SAVED||1330|03f0008c-9e24-4ea6-bfab-d9c74d395a27
2026-03-30 17:58:59|gpt|web_search|11|QUESTION_ADVANCE||1331|a25b6547-98fb-4ceb-b56d-64490b09764a
2026-03-30 17:59:15|gpt|web_search|10|JSON_VERIFIED||1209|f6ea93e8-1116-47f6-8e69-b2c130bd1ac8
2026-03-30 17:59:15|gpt|web_search|10|QUESTION|65|1209|f6ea93e8-1116-47f6-8e69-b2c130bd1ac8
2026-03-30 17:59:15|gpt|web_search|10|JSON_SAVED||1209|f6ea93e8-1116-47f6-8e69-b2c130bd1ac8
2026-03-30 17:59:15|gpt|web_search|10|QUESTION_ADVANCE||1210|826f63e9-50ad-480f-8224-ed85e1ba805c
2026-03-30 18:00:47|gpt|web_search|13|QUESTION_SENT||1447|0b616ea7-ffad-4be1-9cd5-6ad84ef07fde
2026-03-30 18:01:25|gpt|web_search|13|JSON_VERIFIED||1447|0b616ea7-ffad-4be1-9cd5-6ad84ef07fde
2026-03-30 18:01:25|gpt|web_search|13|QUESTION|72|1447|0b616ea7-ffad-4be1-9cd5-6ad84ef07fde
2026-03-30 18:01:25|gpt|web_search|13|JSON_SAVED||1447|0b616ea7-ffad-4be1-9cd5-6ad84ef07fde
2026-03-30 18:01:25|gpt|web_search|13|QUESTION_ADVANCE||1448|3c23399c-4f40-4858-8576-39b265a54690
2026-03-30 18:01:51|gpt|web_search|11|QUESTION_SENT||1331|a25b6547-98fb-4ceb-b56d-64490b09764a
2026-03-30 18:02:09|gpt|web_search|10|QUESTION_SENT||1210|826f63e9-50ad-480f-8224-ed85e1ba805c
2026-03-30 18:02:28|gpt|web_search|11|JSON_VERIFIED||1331|a25b6547-98fb-4ceb-b56d-64490b09764a
2026-03-30 18:02:28|gpt|web_search|11|QUESTION|71|1331|a25b6547-98fb-4ceb-b56d-64490b09764a
2026-03-30 18:02:28|gpt|web_search|11|JSON_SAVED||1331|a25b6547-98fb-4ceb-b56d-64490b09764a
2026-03-30 18:02:28|gpt|web_search|11|QUESTION_ADVANCE||1332|a25e2b2a-58f1-45b2-ad86-8ee2ecaa8f8f
2026-03-30 18:02:49|gpt|web_search|10|JSON_VERIFIED||1210|826f63e9-50ad-480f-8224-ed85e1ba805c
2026-03-30 18:02:49|gpt|web_search|10|QUESTION|66|1210|826f63e9-50ad-480f-8224-ed85e1ba805c
2026-03-30 18:02:49|gpt|web_search|10|JSON_SAVED||1210|826f63e9-50ad-480f-8224-ed85e1ba805c
2026-03-30 18:02:49|gpt|web_search|10|QUESTION_ADVANCE||1211|ef06c576-097f-4b75-934c-f217131a1109
2026-03-30 18:04:20|gpt|web_search|13|QUESTION_SENT||1448|3c23399c-4f40-4858-8576-39b265a54690
2026-03-30 18:04:56|gpt|web_search|13|JSON_VERIFIED||1448|3c23399c-4f40-4858-8576-39b265a54690
2026-03-30 18:04:56|gpt|web_search|13|QUESTION|73|1448|3c23399c-4f40-4858-8576-39b265a54690
2026-03-30 18:04:56|gpt|web_search|13|JSON_SAVED||1448|3c23399c-4f40-4858-8576-39b265a54690
2026-03-30 18:04:56|gpt|web_search|13|QUESTION_ADVANCE||1449|ea1ea4ec-c6a8-4d9f-a359-a14b8311881a
2026-03-30 18:05:28|gpt|web_search|11|QUESTION_SENT||1332|a25e2b2a-58f1-45b2-ad86-8ee2ecaa8f8f
2026-03-30 18:05:44|gpt|web_search|10|QUESTION_SENT||1211|ef06c576-097f-4b75-934c-f217131a1109
2026-03-30 18:06:02|gpt|web_search|11|JSON_VERIFIED||1332|a25e2b2a-58f1-45b2-ad86-8ee2ecaa8f8f
2026-03-30 18:06:02|gpt|web_search|11|QUESTION|72|1332|a25e2b2a-58f1-45b2-ad86-8ee2ecaa8f8f
2026-03-30 18:06:02|gpt|web_search|11|JSON_SAVED||1332|a25e2b2a-58f1-45b2-ad86-8ee2ecaa8f8f
2026-03-30 18:06:02|gpt|web_search|11|QUESTION_ADVANCE||1333|ce661596-20d1-42c2-8b93-1c1079c4e05f
2026-03-30 18:06:23|gpt|web_search|10|JSON_VERIFIED||1211|ef06c576-097f-4b75-934c-f217131a1109
2026-03-30 18:06:23|gpt|web_search|10|QUESTION|67|1211|ef06c576-097f-4b75-934c-f217131a1109
2026-03-30 18:06:23|gpt|web_search|10|JSON_SAVED||1211|ef06c576-097f-4b75-934c-f217131a1109
2026-03-30 18:06:23|gpt|web_search|10|QUESTION_ADVANCE||1212|573982d0-0c3f-44cc-bd94-956c7eb6d3c7
2026-03-30 18:07:53|gpt|web_search|13|QUESTION_SENT||1449|ea1ea4ec-c6a8-4d9f-a359-a14b8311881a
2026-03-30 18:08:30|gpt|web_search|13|JSON_VERIFIED||1449|ea1ea4ec-c6a8-4d9f-a359-a14b8311881a
2026-03-30 18:08:30|gpt|web_search|13|QUESTION|74|1449|ea1ea4ec-c6a8-4d9f-a359-a14b8311881a
2026-03-30 18:08:30|gpt|web_search|13|JSON_SAVED||1449|ea1ea4ec-c6a8-4d9f-a359-a14b8311881a
2026-03-30 18:08:30|gpt|web_search|13|QUESTION_ADVANCE||1450|692046b0-6457-410d-aec6-3679e4e0d0e5
2026-03-30 18:08:56|gpt|web_search|11|STOP||1333|ce661596-20d1-42c2-8b93-1c1079c4e05f
2026-03-30 18:09:01|gpt|web_search|13|STOP||1450|692046b0-6457-410d-aec6-3679e4e0d0e5
2026-03-30 18:09:04|gpt|web_search|10|STOP||1212|573982d0-0c3f-44cc-bd94-956c7eb6d3c7
