timestamp|site|scenario|bot_id|event_type|attempt_number|global_index|question_uid
2026-04-10 10:48:09|qwen|web_search_no_think|0|RESTART||1451|adfa1192-668b-4634-9aaf-cb33e42e897b
2026-04-10 10:48:16|qwen|web_search_no_think|1|RESTART||1501|0ff69455-4e5a-41c2-9980-772dcbb15d05
2026-04-10 10:48:23|qwen|web_search_no_think|2|RESTART||1551|2041fdf5-4278-4c2f-b48a-d07d42af7cda
2026-04-10 10:48:28|qwen|web_search_no_think|0|QUESTION_SENT||1451|adfa1192-668b-4634-9aaf-cb33e42e897b
2026-04-10 10:48:33|qwen|web_search_no_think|1|QUESTION_SENT||1501|0ff69455-4e5a-41c2-9980-772dcbb15d05
2026-04-10 10:48:34|qwen|web_search_no_think|0|QUESTION|1|1451|adfa1192-668b-4634-9aaf-cb33e42e897b
2026-04-10 10:48:36|qwen|web_search_no_think|3|RESTART||1601|298856ff-0d18-49e1-8814-a09ed07b9440
2026-04-10 10:48:38|qwen|web_search_no_think|1|QUESTION|1|1501|0ff69455-4e5a-41c2-9980-772dcbb15d05
2026-04-10 10:48:41|qwen|web_search_no_think|2|QUESTION_SENT||1551|2041fdf5-4278-4c2f-b48a-d07d42af7cda
2026-04-10 10:48:46|qwen|web_search_no_think|2|QUESTION|1|1551|2041fdf5-4278-4c2f-b48a-d07d42af7cda
2026-04-10 10:48:50|qwen|web_search_no_think|4|RESTART||1651|62082215-81d9-4723-bfef-db4089317134
2026-04-10 10:48:53|qwen|web_search_no_think|3|QUESTION_SENT||1601|298856ff-0d18-49e1-8814-a09ed07b9440
2026-04-10 10:48:58|qwen|web_search_no_think|5|RESTART||1701|0ed0dd81-e2a5-4a79-bd44-54e6c36b3e40
2026-04-10 10:48:59|qwen|web_search_no_think|3|QUESTION|1|1601|298856ff-0d18-49e1-8814-a09ed07b9440
2026-04-10 10:49:16|qwen|web_search_no_think|5|QUESTION_SENT||1701|0ed0dd81-e2a5-4a79-bd44-54e6c36b3e40
2026-04-10 10:49:21|qwen|web_search_no_think|5|QUESTION|1|1701|0ed0dd81-e2a5-4a79-bd44-54e6c36b3e40
2026-04-10 10:49:43|qwen|web_search_no_think|4|QUESTION_SENT||1651|62082215-81d9-4723-bfef-db4089317134
2026-04-10 10:49:48|qwen|web_search_no_think|4|QUESTION|1|1651|62082215-81d9-4723-bfef-db4089317134
2026-04-10 10:50:44|qwen|web_search_no_think|2|JSON_VERIFIED||1551|2041fdf5-4278-4c2f-b48a-d07d42af7cda
2026-04-10 10:50:44|qwen|web_search_no_think|2|JSON_SAVED||1551|2041fdf5-4278-4c2f-b48a-d07d42af7cda
2026-04-10 10:50:44|qwen|web_search_no_think|2|QUESTION_ADVANCE||1552|14f18aa4-28e2-4c03-a9ad-1b8e46307618
2026-04-10 10:51:11|qwen|web_search_no_think|2|QUESTION_SENT||1552|14f18aa4-28e2-4c03-a9ad-1b8e46307618
2026-04-10 10:51:16|qwen|web_search_no_think|2|QUESTION|2|1552|14f18aa4-28e2-4c03-a9ad-1b8e46307618
2026-04-10 10:51:17|qwen|web_search_no_think|0|JSON_VERIFIED||1451|adfa1192-668b-4634-9aaf-cb33e42e897b
2026-04-10 10:51:17|qwen|web_search_no_think|0|JSON_SAVED||1451|adfa1192-668b-4634-9aaf-cb33e42e897b
2026-04-10 10:51:17|qwen|web_search_no_think|0|QUESTION_ADVANCE||1452|633b8d06-c3e7-4cc6-b755-634fe15b44be
2026-04-10 10:51:19|qwen|web_search_no_think|4|JSON_VERIFIED||1651|62082215-81d9-4723-bfef-db4089317134
2026-04-10 10:51:19|qwen|web_search_no_think|4|JSON_SAVED||1651|62082215-81d9-4723-bfef-db4089317134
2026-04-10 10:51:19|qwen|web_search_no_think|4|QUESTION_ADVANCE||1652|6b3fa5ff-e695-440e-b6d4-38565f2bfd86
2026-04-10 10:51:28|qwen|web_search_no_think|3|JSON_VERIFIED||1601|298856ff-0d18-49e1-8814-a09ed07b9440
2026-04-10 10:51:28|qwen|web_search_no_think|3|JSON_SAVED||1601|298856ff-0d18-49e1-8814-a09ed07b9440
2026-04-10 10:51:28|qwen|web_search_no_think|3|QUESTION_ADVANCE||1602|ad89a217-e4d2-4887-81ad-5c4066318ed8
2026-04-10 10:51:31|qwen|web_search_no_think|5|JSON_VERIFIED||1701|0ed0dd81-e2a5-4a79-bd44-54e6c36b3e40
2026-04-10 10:51:31|qwen|web_search_no_think|5|JSON_SAVED||1701|0ed0dd81-e2a5-4a79-bd44-54e6c36b3e40
2026-04-10 10:51:31|qwen|web_search_no_think|5|QUESTION_ADVANCE||1702|d4fcab70-be34-4412-b8af-d8c31aa5cb7f
2026-04-10 10:51:44|qwen|web_search_no_think|0|QUESTION_SENT||1452|633b8d06-c3e7-4cc6-b755-634fe15b44be
2026-04-10 10:51:46|qwen|web_search_no_think|4|QUESTION_SENT||1652|6b3fa5ff-e695-440e-b6d4-38565f2bfd86
2026-04-10 10:51:49|qwen|web_search_no_think|0|QUESTION|2|1452|633b8d06-c3e7-4cc6-b755-634fe15b44be
2026-04-10 10:51:51|qwen|web_search_no_think|4|QUESTION|2|1652|6b3fa5ff-e695-440e-b6d4-38565f2bfd86
2026-04-10 10:51:55|qwen|web_search_no_think|3|QUESTION_SENT||1602|ad89a217-e4d2-4887-81ad-5c4066318ed8
2026-04-10 10:51:58|qwen|web_search_no_think|5|QUESTION_SENT||1702|d4fcab70-be34-4412-b8af-d8c31aa5cb7f
2026-04-10 10:52:00|qwen|web_search_no_think|3|QUESTION|2|1602|ad89a217-e4d2-4887-81ad-5c4066318ed8
2026-04-10 10:52:04|qwen|web_search_no_think|5|QUESTION|2|1702|d4fcab70-be34-4412-b8af-d8c31aa5cb7f
2026-04-10 10:52:11|qwen|web_search_no_think|1|JSON_VERIFIED||1501|0ff69455-4e5a-41c2-9980-772dcbb15d05
2026-04-10 10:52:11|qwen|web_search_no_think|1|JSON_SAVED||1501|0ff69455-4e5a-41c2-9980-772dcbb15d05
2026-04-10 10:52:11|qwen|web_search_no_think|1|QUESTION_ADVANCE||1502|5a550365-a11f-485a-a197-e963dac3434d
2026-04-10 10:52:38|qwen|web_search_no_think|1|QUESTION_SENT||1502|5a550365-a11f-485a-a197-e963dac3434d
2026-04-10 10:52:43|qwen|web_search_no_think|1|QUESTION|2|1502|5a550365-a11f-485a-a197-e963dac3434d
2026-04-10 10:52:56|qwen|web_search_no_think|0|JSON_VERIFIED||1452|633b8d06-c3e7-4cc6-b755-634fe15b44be
2026-04-10 10:52:56|qwen|web_search_no_think|0|JSON_SAVED||1452|633b8d06-c3e7-4cc6-b755-634fe15b44be
2026-04-10 10:52:56|qwen|web_search_no_think|0|QUESTION_ADVANCE||1453|3d2f1511-ebb3-49d7-bafb-b7b246958b68
2026-04-10 10:53:23|qwen|web_search_no_think|0|QUESTION_SENT||1453|3d2f1511-ebb3-49d7-bafb-b7b246958b68
2026-04-10 10:53:28|qwen|web_search_no_think|0|QUESTION|3|1453|3d2f1511-ebb3-49d7-bafb-b7b246958b68
2026-04-10 10:53:38|qwen|web_search_no_think|4|JSON_VERIFIED||1652|6b3fa5ff-e695-440e-b6d4-38565f2bfd86
2026-04-10 10:53:38|qwen|web_search_no_think|4|JSON_SAVED||1652|6b3fa5ff-e695-440e-b6d4-38565f2bfd86
2026-04-10 10:53:38|qwen|web_search_no_think|4|QUESTION_ADVANCE||1653|d626bfc0-e249-4748-aa1a-ccb8dd69dfb5
2026-04-10 10:54:05|qwen|web_search_no_think|4|QUESTION_SENT||1653|d626bfc0-e249-4748-aa1a-ccb8dd69dfb5
2026-04-10 10:54:06|qwen|web_search_no_think|2|JSON_VERIFIED||1552|14f18aa4-28e2-4c03-a9ad-1b8e46307618
2026-04-10 10:54:06|qwen|web_search_no_think|2|JSON_SAVED||1552|14f18aa4-28e2-4c03-a9ad-1b8e46307618
2026-04-10 10:54:06|qwen|web_search_no_think|2|QUESTION_ADVANCE||1553|5a9e649a-82e2-4d5a-adfc-e152d8a510c3
2026-04-10 10:54:09|qwen|web_search_no_think|3|JSON_VERIFIED||1602|ad89a217-e4d2-4887-81ad-5c4066318ed8
2026-04-10 10:54:09|qwen|web_search_no_think|3|JSON_SAVED||1602|ad89a217-e4d2-4887-81ad-5c4066318ed8
2026-04-10 10:54:09|qwen|web_search_no_think|3|QUESTION_ADVANCE||1603|f337d363-67f8-4b64-bbbc-c1cf5b564a8b
2026-04-10 10:54:10|qwen|web_search_no_think|4|QUESTION|3|1653|d626bfc0-e249-4748-aa1a-ccb8dd69dfb5
2026-04-10 10:54:33|qwen|web_search_no_think|2|QUESTION_SENT||1553|5a9e649a-82e2-4d5a-adfc-e152d8a510c3
2026-04-10 10:54:36|qwen|web_search_no_think|3|QUESTION_SENT||1603|f337d363-67f8-4b64-bbbc-c1cf5b564a8b
2026-04-10 10:54:39|qwen|web_search_no_think|2|QUESTION|3|1553|5a9e649a-82e2-4d5a-adfc-e152d8a510c3
2026-04-10 10:54:40|qwen|web_search_no_think|1|JSON_VERIFIED||1502|5a550365-a11f-485a-a197-e963dac3434d
2026-04-10 10:54:40|qwen|web_search_no_think|1|JSON_SAVED||1502|5a550365-a11f-485a-a197-e963dac3434d
2026-04-10 10:54:40|qwen|web_search_no_think|1|QUESTION_ADVANCE||1503|fe7847c5-d5ad-4afe-bb8b-d57c62160320
2026-04-10 10:54:41|qwen|web_search_no_think|3|QUESTION|3|1603|f337d363-67f8-4b64-bbbc-c1cf5b564a8b
2026-04-10 10:54:52|qwen|web_search_no_think|4|JSON_VERIFY_FAILED||1653|d626bfc0-e249-4748-aa1a-ccb8dd69dfb5
2026-04-10 10:55:07|qwen|web_search_no_think|1|QUESTION_SENT||1503|fe7847c5-d5ad-4afe-bb8b-d57c62160320
2026-04-10 10:55:13|qwen|web_search_no_think|1|QUESTION|3|1503|fe7847c5-d5ad-4afe-bb8b-d57c62160320
2026-04-10 10:55:19|qwen|web_search_no_think|4|QUESTION_SENT||1653|d626bfc0-e249-4748-aa1a-ccb8dd69dfb5
2026-04-10 10:55:24|qwen|web_search_no_think|4|QUESTION|4|1653|d626bfc0-e249-4748-aa1a-ccb8dd69dfb5
2026-04-10 10:55:25|qwen|web_search_no_think|5|JSON_VERIFIED||1702|d4fcab70-be34-4412-b8af-d8c31aa5cb7f
2026-04-10 10:55:25|qwen|web_search_no_think|5|JSON_SAVED||1702|d4fcab70-be34-4412-b8af-d8c31aa5cb7f
2026-04-10 10:55:25|qwen|web_search_no_think|5|QUESTION_ADVANCE||1703|d1594222-8bd4-42eb-b35c-31aa44407777
2026-04-10 10:55:52|qwen|web_search_no_think|5|QUESTION_SENT||1703|d1594222-8bd4-42eb-b35c-31aa44407777
2026-04-10 10:55:57|qwen|web_search_no_think|5|QUESTION|3|1703|d1594222-8bd4-42eb-b35c-31aa44407777
2026-04-10 10:56:29|qwen|web_search_no_think|0|JSON_VERIFIED||1453|3d2f1511-ebb3-49d7-bafb-b7b246958b68
2026-04-10 10:56:29|qwen|web_search_no_think|0|JSON_SAVED||1453|3d2f1511-ebb3-49d7-bafb-b7b246958b68
2026-04-10 10:56:29|qwen|web_search_no_think|0|QUESTION_ADVANCE||1454|cecaa441-7c46-435e-aafd-ee344707e665
2026-04-10 10:56:36|qwen|web_search_no_think|4|JSON_VERIFIED||1653|d626bfc0-e249-4748-aa1a-ccb8dd69dfb5
2026-04-10 10:56:36|qwen|web_search_no_think|4|JSON_SAVED||1653|d626bfc0-e249-4748-aa1a-ccb8dd69dfb5
2026-04-10 10:56:36|qwen|web_search_no_think|4|QUESTION_ADVANCE||1654|2c58c22d-7bbe-43cb-b56a-184b645fae93
2026-04-10 10:56:41|qwen|web_search_no_think|2|JSON_VERIFIED||1553|5a9e649a-82e2-4d5a-adfc-e152d8a510c3
2026-04-10 10:56:41|qwen|web_search_no_think|2|JSON_SAVED||1553|5a9e649a-82e2-4d5a-adfc-e152d8a510c3
2026-04-10 10:56:41|qwen|web_search_no_think|2|QUESTION_ADVANCE||1554|90ac5481-8b34-4e05-90a5-c4038d11bdee
2026-04-10 10:56:56|qwen|web_search_no_think|0|QUESTION_SENT||1454|cecaa441-7c46-435e-aafd-ee344707e665
2026-04-10 10:57:02|qwen|web_search_no_think|0|QUESTION|4|1454|cecaa441-7c46-435e-aafd-ee344707e665
2026-04-10 10:57:03|qwen|web_search_no_think|4|QUESTION_SENT||1654|2c58c22d-7bbe-43cb-b56a-184b645fae93
2026-04-10 10:57:06|qwen|web_search_no_think|5|JSON_VERIFIED||1703|d1594222-8bd4-42eb-b35c-31aa44407777
2026-04-10 10:57:06|qwen|web_search_no_think|5|JSON_SAVED||1703|d1594222-8bd4-42eb-b35c-31aa44407777
2026-04-10 10:57:06|qwen|web_search_no_think|5|QUESTION_ADVANCE||1704|3e261551-3dd1-4974-a3ea-087c8b0bca43
2026-04-10 10:57:07|qwen|web_search_no_think|2|QUESTION_SENT||1554|90ac5481-8b34-4e05-90a5-c4038d11bdee
2026-04-10 10:57:08|qwen|web_search_no_think|4|QUESTION|5|1654|2c58c22d-7bbe-43cb-b56a-184b645fae93
2026-04-10 10:57:09|qwen|web_search_no_think|1|JSON_VERIFY_FAILED||1503|fe7847c5-d5ad-4afe-bb8b-d57c62160320
2026-04-10 10:57:13|qwen|web_search_no_think|2|QUESTION|4|1554|90ac5481-8b34-4e05-90a5-c4038d11bdee
2026-04-10 10:57:33|qwen|web_search_no_think|5|QUESTION_SENT||1704|3e261551-3dd1-4974-a3ea-087c8b0bca43
2026-04-10 10:57:36|qwen|web_search_no_think|1|QUESTION_SENT||1503|fe7847c5-d5ad-4afe-bb8b-d57c62160320
2026-04-10 10:57:38|qwen|web_search_no_think|5|QUESTION|4|1704|3e261551-3dd1-4974-a3ea-087c8b0bca43
2026-04-10 10:57:41|qwen|web_search_no_think|1|QUESTION|4|1503|fe7847c5-d5ad-4afe-bb8b-d57c62160320
2026-04-10 10:58:03|qwen|web_search_no_think|3|JSON_VERIFIED||1603|f337d363-67f8-4b64-bbbc-c1cf5b564a8b
2026-04-10 10:58:03|qwen|web_search_no_think|3|JSON_SAVED||1603|f337d363-67f8-4b64-bbbc-c1cf5b564a8b
2026-04-10 10:58:03|qwen|web_search_no_think|3|QUESTION_ADVANCE||1604|c4796f12-af15-4bc2-90cc-d7adc264c78f
2026-04-10 10:58:23|qwen|web_search_no_think|2|JSON_VERIFIED||1554|90ac5481-8b34-4e05-90a5-c4038d11bdee
2026-04-10 10:58:23|qwen|web_search_no_think|2|JSON_SAVED||1554|90ac5481-8b34-4e05-90a5-c4038d11bdee
2026-04-10 10:58:23|qwen|web_search_no_think|2|QUESTION_ADVANCE||1555|8afac941-35a8-4818-9cc4-b82eb85ae9c6
2026-04-10 10:58:30|qwen|web_search_no_think|3|QUESTION_SENT||1604|c4796f12-af15-4bc2-90cc-d7adc264c78f
2026-04-10 10:58:35|qwen|web_search_no_think|3|QUESTION|4|1604|c4796f12-af15-4bc2-90cc-d7adc264c78f
2026-04-10 10:58:37|qwen|web_search_no_think|0|JSON_VERIFIED||1454|cecaa441-7c46-435e-aafd-ee344707e665
2026-04-10 10:58:37|qwen|web_search_no_think|0|JSON_SAVED||1454|cecaa441-7c46-435e-aafd-ee344707e665
2026-04-10 10:58:37|qwen|web_search_no_think|0|QUESTION_ADVANCE||1455|0fa00f7d-1adf-41cf-91c4-bd7a2f51046f
2026-04-10 10:58:49|qwen|web_search_no_think|2|QUESTION_SENT||1555|8afac941-35a8-4818-9cc4-b82eb85ae9c6
2026-04-10 10:58:52|qwen|web_search_no_think|5|JSON_VERIFIED||1704|3e261551-3dd1-4974-a3ea-087c8b0bca43
2026-04-10 10:58:52|qwen|web_search_no_think|5|JSON_SAVED||1704|3e261551-3dd1-4974-a3ea-087c8b0bca43
2026-04-10 10:58:52|qwen|web_search_no_think|5|QUESTION_ADVANCE||1705|436196d2-78ef-4633-9356-76068d02a4c5
2026-04-10 10:58:55|qwen|web_search_no_think|2|QUESTION|5|1555|8afac941-35a8-4818-9cc4-b82eb85ae9c6
2026-04-10 10:59:03|qwen|web_search_no_think|0|QUESTION_SENT||1455|0fa00f7d-1adf-41cf-91c4-bd7a2f51046f
2026-04-10 10:59:09|qwen|web_search_no_think|0|QUESTION|5|1455|0fa00f7d-1adf-41cf-91c4-bd7a2f51046f
2026-04-10 10:59:19|qwen|web_search_no_think|5|QUESTION_SENT||1705|436196d2-78ef-4633-9356-76068d02a4c5
2026-04-10 10:59:24|qwen|web_search_no_think|5|QUESTION|5|1705|436196d2-78ef-4633-9356-76068d02a4c5
2026-04-10 10:59:46|qwen|web_search_no_think|4|JSON_VERIFIED||1654|2c58c22d-7bbe-43cb-b56a-184b645fae93
2026-04-10 10:59:46|qwen|web_search_no_think|4|JSON_SAVED||1654|2c58c22d-7bbe-43cb-b56a-184b645fae93
2026-04-10 10:59:46|qwen|web_search_no_think|4|QUESTION_ADVANCE||1655|cf32e9fb-3dc1-4235-9c34-12893f1c8281
2026-04-10 11:00:01|qwen|web_search_no_think|2|JSON_VERIFY_FAILED||1555|8afac941-35a8-4818-9cc4-b82eb85ae9c6
2026-04-10 11:00:13|qwen|web_search_no_think|4|QUESTION_SENT||1655|cf32e9fb-3dc1-4235-9c34-12893f1c8281
2026-04-10 11:00:18|qwen|web_search_no_think|4|QUESTION|6|1655|cf32e9fb-3dc1-4235-9c34-12893f1c8281
2026-04-10 11:00:26|qwen|web_search_no_think|3|JSON_VERIFIED||1604|c4796f12-af15-4bc2-90cc-d7adc264c78f
2026-04-10 11:00:26|qwen|web_search_no_think|3|JSON_SAVED||1604|c4796f12-af15-4bc2-90cc-d7adc264c78f
2026-04-10 11:00:26|qwen|web_search_no_think|3|QUESTION_ADVANCE||1605|a183b65f-1513-44d3-bf3c-8ec97cddd91a
2026-04-10 11:00:28|qwen|web_search_no_think|2|QUESTION_SENT||1555|8afac941-35a8-4818-9cc4-b82eb85ae9c6
2026-04-10 11:00:34|qwen|web_search_no_think|2|QUESTION|6|1555|8afac941-35a8-4818-9cc4-b82eb85ae9c6
2026-04-10 11:00:34|qwen|web_search_no_think|1|JSON_VERIFIED||1503|fe7847c5-d5ad-4afe-bb8b-d57c62160320
2026-04-10 11:00:34|qwen|web_search_no_think|1|JSON_SAVED||1503|fe7847c5-d5ad-4afe-bb8b-d57c62160320
2026-04-10 11:00:34|qwen|web_search_no_think|1|QUESTION_ADVANCE||1504|48687e50-91ae-4e8a-ad56-a0678e77cfc4
2026-04-10 11:00:52|qwen|web_search_no_think|3|QUESTION_SENT||1605|a183b65f-1513-44d3-bf3c-8ec97cddd91a
2026-04-10 11:00:58|qwen|web_search_no_think|3|QUESTION|5|1605|a183b65f-1513-44d3-bf3c-8ec97cddd91a
2026-04-10 11:01:01|qwen|web_search_no_think|1|QUESTION_SENT||1504|48687e50-91ae-4e8a-ad56-a0678e77cfc4
2026-04-10 11:01:01|qwen|web_search_no_think|0|JSON_VERIFIED||1455|0fa00f7d-1adf-41cf-91c4-bd7a2f51046f
2026-04-10 11:01:01|qwen|web_search_no_think|0|JSON_SAVED||1455|0fa00f7d-1adf-41cf-91c4-bd7a2f51046f
2026-04-10 11:01:01|qwen|web_search_no_think|0|QUESTION_ADVANCE||1456|275eb937-0699-4e1a-afb1-a16eef0c2d1c
2026-04-10 11:01:06|qwen|web_search_no_think|1|QUESTION|5|1504|48687e50-91ae-4e8a-ad56-a0678e77cfc4
2026-04-10 11:01:11|qwen|web_search_no_think|5|JSON_VERIFIED||1705|436196d2-78ef-4633-9356-76068d02a4c5
2026-04-10 11:01:11|qwen|web_search_no_think|5|JSON_SAVED||1705|436196d2-78ef-4633-9356-76068d02a4c5
2026-04-10 11:01:11|qwen|web_search_no_think|5|QUESTION_ADVANCE||1706|80bd3c42-001f-4cec-b7b3-7033e6ce81d2
2026-04-10 11:01:28|qwen|web_search_no_think|0|QUESTION_SENT||1456|275eb937-0699-4e1a-afb1-a16eef0c2d1c
2026-04-10 11:01:32|qwen|web_search_no_think|1|JSON_VERIFY_FAILED||1504|48687e50-91ae-4e8a-ad56-a0678e77cfc4
2026-04-10 11:01:34|qwen|web_search_no_think|0|QUESTION|6|1456|275eb937-0699-4e1a-afb1-a16eef0c2d1c
2026-04-10 11:01:38|qwen|web_search_no_think|5|QUESTION_SENT||1706|80bd3c42-001f-4cec-b7b3-7033e6ce81d2
2026-04-10 11:01:43|qwen|web_search_no_think|5|QUESTION|6|1706|80bd3c42-001f-4cec-b7b3-7033e6ce81d2
2026-04-10 11:01:46|qwen|web_search_no_think|2|JSON_VERIFIED||1555|8afac941-35a8-4818-9cc4-b82eb85ae9c6
2026-04-10 11:01:46|qwen|web_search_no_think|2|JSON_SAVED||1555|8afac941-35a8-4818-9cc4-b82eb85ae9c6
2026-04-10 11:01:46|qwen|web_search_no_think|2|QUESTION_ADVANCE||1556|e21bcd1c-cf8b-462d-8fc2-7f6a8cd06bac
2026-04-10 11:01:59|qwen|web_search_no_think|1|QUESTION_SENT||1504|48687e50-91ae-4e8a-ad56-a0678e77cfc4
2026-04-10 11:02:04|qwen|web_search_no_think|1|QUESTION|6|1504|48687e50-91ae-4e8a-ad56-a0678e77cfc4
2026-04-10 11:02:13|qwen|web_search_no_think|2|QUESTION_SENT||1556|e21bcd1c-cf8b-462d-8fc2-7f6a8cd06bac
2026-04-10 11:02:14|qwen|web_search_no_think|0|JSON_VERIFY_FAILED||1456|275eb937-0699-4e1a-afb1-a16eef0c2d1c
2026-04-10 11:02:18|qwen|web_search_no_think|2|QUESTION|7|1556|e21bcd1c-cf8b-462d-8fc2-7f6a8cd06bac
2026-04-10 11:02:40|qwen|web_search_no_think|0|QUESTION_SENT||1456|275eb937-0699-4e1a-afb1-a16eef0c2d1c
2026-04-10 11:02:46|qwen|web_search_no_think|0|QUESTION|7|1456|275eb937-0699-4e1a-afb1-a16eef0c2d1c
2026-04-10 11:03:20|qwen|web_search_no_think|3|JSON_VERIFIED||1605|a183b65f-1513-44d3-bf3c-8ec97cddd91a
2026-04-10 11:03:20|qwen|web_search_no_think|3|JSON_SAVED||1605|a183b65f-1513-44d3-bf3c-8ec97cddd91a
2026-04-10 11:03:20|qwen|web_search_no_think|3|QUESTION_ADVANCE||1606|b7b8f8c7-bb01-431b-b2df-e017ad0c22c3
2026-04-10 11:03:47|qwen|web_search_no_think|3|QUESTION_SENT||1606|b7b8f8c7-bb01-431b-b2df-e017ad0c22c3
2026-04-10 11:03:52|qwen|web_search_no_think|3|QUESTION|6|1606|b7b8f8c7-bb01-431b-b2df-e017ad0c22c3
2026-04-10 11:03:59|qwen|web_search_no_think|4|JSON_VERIFIED||1655|cf32e9fb-3dc1-4235-9c34-12893f1c8281
2026-04-10 11:03:59|qwen|web_search_no_think|4|JSON_SAVED||1655|cf32e9fb-3dc1-4235-9c34-12893f1c8281
2026-04-10 11:03:59|qwen|web_search_no_think|4|QUESTION_ADVANCE||1656|8ef88062-8353-4de8-962b-82f3cda59d35
2026-04-10 11:03:59|qwen|web_search_no_think|2|JSON_VERIFIED||1556|e21bcd1c-cf8b-462d-8fc2-7f6a8cd06bac
2026-04-10 11:03:59|qwen|web_search_no_think|2|JSON_SAVED||1556|e21bcd1c-cf8b-462d-8fc2-7f6a8cd06bac
2026-04-10 11:03:59|qwen|web_search_no_think|2|QUESTION_ADVANCE||1557|eb74c500-307d-439f-967a-cb0a79e54a4d
2026-04-10 11:04:00|qwen|web_search_no_think|5|JSON_VERIFIED||1706|80bd3c42-001f-4cec-b7b3-7033e6ce81d2
2026-04-10 11:04:00|qwen|web_search_no_think|5|JSON_SAVED||1706|80bd3c42-001f-4cec-b7b3-7033e6ce81d2
2026-04-10 11:04:00|qwen|web_search_no_think|5|QUESTION_ADVANCE||1707|cdb1d721-196a-4658-bd59-7011651fc5f6
2026-04-10 11:04:25|qwen|web_search_no_think|4|QUESTION_SENT||1656|8ef88062-8353-4de8-962b-82f3cda59d35
2026-04-10 11:04:26|qwen|web_search_no_think|2|QUESTION_SENT||1557|eb74c500-307d-439f-967a-cb0a79e54a4d
2026-04-10 11:04:26|qwen|web_search_no_think|5|QUESTION_SENT||1707|cdb1d721-196a-4658-bd59-7011651fc5f6
2026-04-10 11:04:31|qwen|web_search_no_think|4|QUESTION|7|1656|8ef88062-8353-4de8-962b-82f3cda59d35
2026-04-10 11:04:31|qwen|web_search_no_think|2|QUESTION|8|1557|eb74c500-307d-439f-967a-cb0a79e54a4d
2026-04-10 11:04:32|qwen|web_search_no_think|5|QUESTION|7|1707|cdb1d721-196a-4658-bd59-7011651fc5f6
2026-04-10 11:05:12|qwen|web_search_no_think|1|JSON_VERIFIED||1504|48687e50-91ae-4e8a-ad56-a0678e77cfc4
2026-04-10 11:05:12|qwen|web_search_no_think|1|JSON_SAVED||1504|48687e50-91ae-4e8a-ad56-a0678e77cfc4
2026-04-10 11:05:12|qwen|web_search_no_think|1|QUESTION_ADVANCE||1505|45f4de9c-2818-43a6-886d-b5f91c11d621
2026-04-10 11:05:38|qwen|web_search_no_think|0|JSON_VERIFIED||1456|275eb937-0699-4e1a-afb1-a16eef0c2d1c
2026-04-10 11:05:38|qwen|web_search_no_think|0|JSON_SAVED||1456|275eb937-0699-4e1a-afb1-a16eef0c2d1c
2026-04-10 11:05:38|qwen|web_search_no_think|0|QUESTION_ADVANCE||1457|ed3d8695-06cc-41ae-a178-5fb5d88dc32a
2026-04-10 11:05:39|qwen|web_search_no_think|1|QUESTION_SENT||1505|45f4de9c-2818-43a6-886d-b5f91c11d621
2026-04-10 11:05:44|qwen|web_search_no_think|1|QUESTION|7|1505|45f4de9c-2818-43a6-886d-b5f91c11d621
2026-04-10 11:06:05|qwen|web_search_no_think|0|QUESTION_SENT||1457|ed3d8695-06cc-41ae-a178-5fb5d88dc32a
2026-04-10 11:06:10|qwen|web_search_no_think|0|QUESTION|8|1457|ed3d8695-06cc-41ae-a178-5fb5d88dc32a
2026-04-10 11:06:46|qwen|web_search_no_think|2|JSON_VERIFIED||1557|eb74c500-307d-439f-967a-cb0a79e54a4d
2026-04-10 11:06:46|qwen|web_search_no_think|2|JSON_SAVED||1557|eb74c500-307d-439f-967a-cb0a79e54a4d
2026-04-10 11:06:46|qwen|web_search_no_think|2|QUESTION_ADVANCE||1558|ea614e26-5188-4d2e-adad-ccd71a7df014
2026-04-10 11:06:49|qwen|web_search_no_think|3|JSON_VERIFIED||1606|b7b8f8c7-bb01-431b-b2df-e017ad0c22c3
2026-04-10 11:06:49|qwen|web_search_no_think|3|JSON_SAVED||1606|b7b8f8c7-bb01-431b-b2df-e017ad0c22c3
2026-04-10 11:06:49|qwen|web_search_no_think|3|QUESTION_ADVANCE||1607|498fbf9e-d16b-47ab-8907-a12e4f760b45
2026-04-10 11:07:13|qwen|web_search_no_think|2|QUESTION_SENT||1558|ea614e26-5188-4d2e-adad-ccd71a7df014
2026-04-10 11:07:15|qwen|web_search_no_think|3|QUESTION_SENT||1607|498fbf9e-d16b-47ab-8907-a12e4f760b45
2026-04-10 11:07:18|qwen|web_search_no_think|2|QUESTION|9|1558|ea614e26-5188-4d2e-adad-ccd71a7df014
2026-04-10 11:07:21|qwen|web_search_no_think|3|QUESTION|7|1607|498fbf9e-d16b-47ab-8907-a12e4f760b45
2026-04-10 11:07:48|qwen|web_search_no_think|4|JSON_VERIFIED||1656|8ef88062-8353-4de8-962b-82f3cda59d35
2026-04-10 11:07:48|qwen|web_search_no_think|4|JSON_SAVED||1656|8ef88062-8353-4de8-962b-82f3cda59d35
2026-04-10 11:07:48|qwen|web_search_no_think|4|QUESTION_ADVANCE||1657|b41d73b3-bc12-4b3d-aae0-3b34db50ef3c
2026-04-10 11:08:11|qwen|web_search_no_think|0|JSON_VERIFIED||1457|ed3d8695-06cc-41ae-a178-5fb5d88dc32a
2026-04-10 11:08:11|qwen|web_search_no_think|0|JSON_SAVED||1457|ed3d8695-06cc-41ae-a178-5fb5d88dc32a
2026-04-10 11:08:11|qwen|web_search_no_think|0|QUESTION_ADVANCE||1458|81e2859c-088f-4169-8b5c-4b0d6f64b479
2026-04-10 11:08:15|qwen|web_search_no_think|4|QUESTION_SENT||1657|b41d73b3-bc12-4b3d-aae0-3b34db50ef3c
2026-04-10 11:08:20|qwen|web_search_no_think|4|QUESTION|8|1657|b41d73b3-bc12-4b3d-aae0-3b34db50ef3c
2026-04-10 11:08:38|qwen|web_search_no_think|0|QUESTION_SENT||1458|81e2859c-088f-4169-8b5c-4b0d6f64b479
2026-04-10 11:08:42|qwen|web_search_no_think|2|JSON_VERIFIED||1558|ea614e26-5188-4d2e-adad-ccd71a7df014
2026-04-10 11:08:42|qwen|web_search_no_think|2|JSON_SAVED||1558|ea614e26-5188-4d2e-adad-ccd71a7df014
2026-04-10 11:08:42|qwen|web_search_no_think|2|QUESTION_ADVANCE||1559|f8d5cdfb-c4f6-4b9e-a993-8f6f052bc53a
2026-04-10 11:08:43|qwen|web_search_no_think|0|QUESTION|9|1458|81e2859c-088f-4169-8b5c-4b0d6f64b479
2026-04-10 11:09:08|qwen|web_search_no_think|2|QUESTION_SENT||1559|f8d5cdfb-c4f6-4b9e-a993-8f6f052bc53a
2026-04-10 11:09:14|qwen|web_search_no_think|2|QUESTION|10|1559|f8d5cdfb-c4f6-4b9e-a993-8f6f052bc53a
2026-04-10 11:09:26|qwen|web_search_no_think|1|JSON_VERIFIED||1505|45f4de9c-2818-43a6-886d-b5f91c11d621
2026-04-10 11:09:26|qwen|web_search_no_think|1|JSON_SAVED||1505|45f4de9c-2818-43a6-886d-b5f91c11d621
2026-04-10 11:09:26|qwen|web_search_no_think|1|QUESTION_ADVANCE||1506|142621d1-4760-4769-84c7-93b8fa03dde1
2026-04-10 11:09:36|qwen|web_search_no_think|3|JSON_VERIFIED||1607|498fbf9e-d16b-47ab-8907-a12e4f760b45
2026-04-10 11:09:36|qwen|web_search_no_think|3|JSON_SAVED||1607|498fbf9e-d16b-47ab-8907-a12e4f760b45
2026-04-10 11:09:36|qwen|web_search_no_think|3|QUESTION_ADVANCE||1608|6a801eae-9314-4635-b5ac-504a85b8bc96
2026-04-10 11:09:53|qwen|web_search_no_think|1|QUESTION_SENT||1506|142621d1-4760-4769-84c7-93b8fa03dde1
2026-04-10 11:09:58|qwen|web_search_no_think|1|QUESTION|8|1506|142621d1-4760-4769-84c7-93b8fa03dde1
2026-04-10 11:10:03|qwen|web_search_no_think|3|QUESTION_SENT||1608|6a801eae-9314-4635-b5ac-504a85b8bc96
2026-04-10 11:10:08|qwen|web_search_no_think|3|QUESTION|8|1608|6a801eae-9314-4635-b5ac-504a85b8bc96
2026-04-10 11:10:20|qwen|web_search_no_think|4|JSON_VERIFIED||1657|b41d73b3-bc12-4b3d-aae0-3b34db50ef3c
2026-04-10 11:10:20|qwen|web_search_no_think|4|JSON_SAVED||1657|b41d73b3-bc12-4b3d-aae0-3b34db50ef3c
2026-04-10 11:10:20|qwen|web_search_no_think|4|QUESTION_ADVANCE||1658|69500f64-bf8f-459c-a4ad-42eba076bbbe
2026-04-10 11:10:47|qwen|web_search_no_think|4|QUESTION_SENT||1658|69500f64-bf8f-459c-a4ad-42eba076bbbe
2026-04-10 11:10:52|qwen|web_search_no_think|4|QUESTION|9|1658|69500f64-bf8f-459c-a4ad-42eba076bbbe
2026-04-10 11:10:58|qwen|web_search_no_think|5|QUESTION_SENT||1707|cdb1d721-196a-4658-bd59-7011651fc5f6
2026-04-10 11:11:03|qwen|web_search_no_think|5|QUESTION|8|1707|cdb1d721-196a-4658-bd59-7011651fc5f6
2026-04-10 11:11:13|qwen|web_search_no_think|3|JSON_VERIFIED||1608|6a801eae-9314-4635-b5ac-504a85b8bc96
2026-04-10 11:11:13|qwen|web_search_no_think|3|JSON_SAVED||1608|6a801eae-9314-4635-b5ac-504a85b8bc96
2026-04-10 11:11:13|qwen|web_search_no_think|3|QUESTION_ADVANCE||1609|16d9dab8-fd7a-4d9a-9e07-43d748762b17
2026-04-10 11:11:39|qwen|web_search_no_think|3|QUESTION_SENT||1609|16d9dab8-fd7a-4d9a-9e07-43d748762b17
2026-04-10 11:11:45|qwen|web_search_no_think|3|QUESTION|9|1609|16d9dab8-fd7a-4d9a-9e07-43d748762b17
2026-04-10 11:12:09|qwen|web_search_no_think|2|JSON_VERIFIED||1559|f8d5cdfb-c4f6-4b9e-a993-8f6f052bc53a
2026-04-10 11:12:09|qwen|web_search_no_think|2|JSON_SAVED||1559|f8d5cdfb-c4f6-4b9e-a993-8f6f052bc53a
2026-04-10 11:12:09|qwen|web_search_no_think|2|QUESTION_ADVANCE||1560|35bab748-f4b7-4e56-9650-d65f7aba437a
2026-04-10 11:12:12|qwen|web_search_no_think|1|JSON_VERIFIED||1506|142621d1-4760-4769-84c7-93b8fa03dde1
2026-04-10 11:12:12|qwen|web_search_no_think|1|JSON_SAVED||1506|142621d1-4760-4769-84c7-93b8fa03dde1
2026-04-10 11:12:12|qwen|web_search_no_think|1|QUESTION_ADVANCE||1507|1eb65e46-7e9c-4659-bd44-887783955f13
2026-04-10 11:12:35|qwen|web_search_no_think|2|QUESTION_SENT||1560|35bab748-f4b7-4e56-9650-d65f7aba437a
2026-04-10 11:12:39|qwen|web_search_no_think|1|QUESTION_SENT||1507|1eb65e46-7e9c-4659-bd44-887783955f13
2026-04-10 11:12:41|qwen|web_search_no_think|2|QUESTION|11|1560|35bab748-f4b7-4e56-9650-d65f7aba437a
2026-04-10 11:12:44|qwen|web_search_no_think|1|QUESTION|9|1507|1eb65e46-7e9c-4659-bd44-887783955f13
2026-04-10 11:13:45|qwen|web_search_no_think|5|JSON_VERIFIED||1707|cdb1d721-196a-4658-bd59-7011651fc5f6
2026-04-10 11:13:45|qwen|web_search_no_think|5|JSON_SAVED||1707|cdb1d721-196a-4658-bd59-7011651fc5f6
2026-04-10 11:13:45|qwen|web_search_no_think|5|QUESTION_ADVANCE||1708|e3702b8c-ff81-40e8-9820-530073998882
2026-04-10 11:14:11|qwen|web_search_no_think|5|QUESTION_SENT||1708|e3702b8c-ff81-40e8-9820-530073998882
2026-04-10 11:14:17|qwen|web_search_no_think|5|QUESTION|9|1708|e3702b8c-ff81-40e8-9820-530073998882
2026-04-10 11:14:22|qwen|web_search_no_think|3|JSON_VERIFIED||1609|16d9dab8-fd7a-4d9a-9e07-43d748762b17
2026-04-10 11:14:22|qwen|web_search_no_think|3|JSON_SAVED||1609|16d9dab8-fd7a-4d9a-9e07-43d748762b17
2026-04-10 11:14:22|qwen|web_search_no_think|3|QUESTION_ADVANCE||1610|ff5577ae-5de1-40c9-b337-c3815db98cfe
2026-04-10 11:14:49|qwen|web_search_no_think|3|QUESTION_SENT||1610|ff5577ae-5de1-40c9-b337-c3815db98cfe
2026-04-10 11:14:54|qwen|web_search_no_think|3|QUESTION|10|1610|ff5577ae-5de1-40c9-b337-c3815db98cfe
2026-04-10 11:15:13|qwen|web_search_no_think|0|QUESTION_SENT||1458|81e2859c-088f-4169-8b5c-4b0d6f64b479
2026-04-10 11:15:18|qwen|web_search_no_think|0|QUESTION|10|1458|81e2859c-088f-4169-8b5c-4b0d6f64b479
2026-04-10 11:15:19|qwen|web_search_no_think|1|JSON_VERIFIED||1507|1eb65e46-7e9c-4659-bd44-887783955f13
2026-04-10 11:15:19|qwen|web_search_no_think|1|JSON_SAVED||1507|1eb65e46-7e9c-4659-bd44-887783955f13
2026-04-10 11:15:19|qwen|web_search_no_think|1|QUESTION_ADVANCE||1508|d1edc3a1-542c-47b6-986c-5140aca585c1
2026-04-10 11:15:27|qwen|web_search_no_think|4|JSON_VERIFIED||1658|69500f64-bf8f-459c-a4ad-42eba076bbbe
2026-04-10 11:15:27|qwen|web_search_no_think|4|JSON_SAVED||1658|69500f64-bf8f-459c-a4ad-42eba076bbbe
2026-04-10 11:15:27|qwen|web_search_no_think|4|QUESTION_ADVANCE||1659|2948ca22-8fc6-4a61-b4d7-f4245af382d4
2026-04-10 11:15:45|qwen|web_search_no_think|1|QUESTION_SENT||1508|d1edc3a1-542c-47b6-986c-5140aca585c1
2026-04-10 11:15:51|qwen|web_search_no_think|1|QUESTION|10|1508|d1edc3a1-542c-47b6-986c-5140aca585c1
2026-04-10 11:15:54|qwen|web_search_no_think|4|QUESTION_SENT||1659|2948ca22-8fc6-4a61-b4d7-f4245af382d4
2026-04-10 11:15:59|qwen|web_search_no_think|4|QUESTION|10|1659|2948ca22-8fc6-4a61-b4d7-f4245af382d4
2026-04-10 11:16:12|qwen|web_search_no_think|2|JSON_VERIFIED||1560|35bab748-f4b7-4e56-9650-d65f7aba437a
2026-04-10 11:16:12|qwen|web_search_no_think|2|JSON_SAVED||1560|35bab748-f4b7-4e56-9650-d65f7aba437a
2026-04-10 11:16:12|qwen|web_search_no_think|2|QUESTION_ADVANCE||1561|723deb36-fb04-4e82-98eb-2dfaef2d5c79
2026-04-10 11:16:31|qwen|web_search_no_think|5|JSON_VERIFIED||1708|e3702b8c-ff81-40e8-9820-530073998882
2026-04-10 11:16:31|qwen|web_search_no_think|5|JSON_SAVED||1708|e3702b8c-ff81-40e8-9820-530073998882
2026-04-10 11:16:31|qwen|web_search_no_think|5|QUESTION_ADVANCE||1709|0fe773d5-6fb4-47fa-83f8-95c608ac9bff
2026-04-10 11:16:39|qwen|web_search_no_think|2|QUESTION_SENT||1561|723deb36-fb04-4e82-98eb-2dfaef2d5c79
2026-04-10 11:16:44|qwen|web_search_no_think|2|QUESTION|12|1561|723deb36-fb04-4e82-98eb-2dfaef2d5c79
2026-04-10 11:16:53|qwen|web_search_no_think|3|JSON_VERIFIED||1610|ff5577ae-5de1-40c9-b337-c3815db98cfe
2026-04-10 11:16:53|qwen|web_search_no_think|3|JSON_SAVED||1610|ff5577ae-5de1-40c9-b337-c3815db98cfe
2026-04-10 11:16:53|qwen|web_search_no_think|3|QUESTION_ADVANCE||1611|75120260-d87a-42a8-b69e-358fdc64d695
2026-04-10 11:17:20|qwen|web_search_no_think|3|QUESTION_SENT||1611|75120260-d87a-42a8-b69e-358fdc64d695
2026-04-10 11:17:25|qwen|web_search_no_think|3|QUESTION|11|1611|75120260-d87a-42a8-b69e-358fdc64d695
2026-04-10 11:17:33|qwen|web_search_no_think|0|JSON_VERIFIED||1458|81e2859c-088f-4169-8b5c-4b0d6f64b479
2026-04-10 11:17:33|qwen|web_search_no_think|0|JSON_SAVED||1458|81e2859c-088f-4169-8b5c-4b0d6f64b479
2026-04-10 11:17:33|qwen|web_search_no_think|0|QUESTION_ADVANCE||1459|0c0d066c-44fb-4b09-ad41-154a90f6c7a1
2026-04-10 11:17:53|qwen|web_search_no_think|4|JSON_VERIFIED||1659|2948ca22-8fc6-4a61-b4d7-f4245af382d4
2026-04-10 11:17:53|qwen|web_search_no_think|4|JSON_SAVED||1659|2948ca22-8fc6-4a61-b4d7-f4245af382d4
2026-04-10 11:17:53|qwen|web_search_no_think|4|QUESTION_ADVANCE||1660|3e9c0ed0-36c1-43e2-9029-00c4385490e7
2026-04-10 11:18:00|qwen|web_search_no_think|0|QUESTION_SENT||1459|0c0d066c-44fb-4b09-ad41-154a90f6c7a1
2026-04-10 11:18:05|qwen|web_search_no_think|0|QUESTION|11|1459|0c0d066c-44fb-4b09-ad41-154a90f6c7a1
2026-04-10 11:18:20|qwen|web_search_no_think|4|QUESTION_SENT||1660|3e9c0ed0-36c1-43e2-9029-00c4385490e7
2026-04-10 11:18:25|qwen|web_search_no_think|4|QUESTION|11|1660|3e9c0ed0-36c1-43e2-9029-00c4385490e7
2026-04-10 11:18:29|qwen|web_search_no_think|1|JSON_VERIFIED||1508|d1edc3a1-542c-47b6-986c-5140aca585c1
2026-04-10 11:18:29|qwen|web_search_no_think|1|JSON_SAVED||1508|d1edc3a1-542c-47b6-986c-5140aca585c1
2026-04-10 11:18:29|qwen|web_search_no_think|1|QUESTION_ADVANCE||1509|f21e374e-328d-4ea5-bb6a-ed8d5f1a34ac
2026-04-10 11:18:56|qwen|web_search_no_think|1|QUESTION_SENT||1509|f21e374e-328d-4ea5-bb6a-ed8d5f1a34ac
2026-04-10 11:19:01|qwen|web_search_no_think|1|QUESTION|11|1509|f21e374e-328d-4ea5-bb6a-ed8d5f1a34ac
2026-04-10 11:19:11|qwen|web_search_no_think|2|JSON_VERIFIED||1561|723deb36-fb04-4e82-98eb-2dfaef2d5c79
2026-04-10 11:19:11|qwen|web_search_no_think|2|JSON_SAVED||1561|723deb36-fb04-4e82-98eb-2dfaef2d5c79
2026-04-10 11:19:11|qwen|web_search_no_think|2|QUESTION_ADVANCE||1562|1e9772a8-a3b0-4705-881f-445866d8b149
2026-04-10 11:19:15|qwen|web_search_no_think|5|QUESTION_SENT||1709|0fe773d5-6fb4-47fa-83f8-95c608ac9bff
2026-04-10 11:19:20|qwen|web_search_no_think|5|QUESTION|10|1709|0fe773d5-6fb4-47fa-83f8-95c608ac9bff
2026-04-10 11:19:38|qwen|web_search_no_think|2|QUESTION_SENT||1562|1e9772a8-a3b0-4705-881f-445866d8b149
2026-04-10 11:19:43|qwen|web_search_no_think|2|QUESTION|13|1562|1e9772a8-a3b0-4705-881f-445866d8b149
2026-04-10 11:19:49|qwen|web_search_no_think|3|JSON_VERIFIED||1611|75120260-d87a-42a8-b69e-358fdc64d695
2026-04-10 11:19:49|qwen|web_search_no_think|3|JSON_SAVED||1611|75120260-d87a-42a8-b69e-358fdc64d695
2026-04-10 11:19:49|qwen|web_search_no_think|3|QUESTION_ADVANCE||1612|2f85a2e9-b36c-4544-85d0-c1c0d9baedd5
2026-04-10 11:20:05|qwen|web_search_no_think|1|JSON_VERIFIED||1509|f21e374e-328d-4ea5-bb6a-ed8d5f1a34ac
2026-04-10 11:20:05|qwen|web_search_no_think|1|JSON_SAVED||1509|f21e374e-328d-4ea5-bb6a-ed8d5f1a34ac
2026-04-10 11:20:05|qwen|web_search_no_think|1|QUESTION_ADVANCE||1510|cb703c81-e07e-424e-8240-7aee4c6cb4fb
2026-04-10 11:20:16|qwen|web_search_no_think|3|QUESTION_SENT||1612|2f85a2e9-b36c-4544-85d0-c1c0d9baedd5
2026-04-10 11:20:22|qwen|web_search_no_think|3|QUESTION|12|1612|2f85a2e9-b36c-4544-85d0-c1c0d9baedd5
2026-04-10 11:20:32|qwen|web_search_no_think|1|QUESTION_SENT||1510|cb703c81-e07e-424e-8240-7aee4c6cb4fb
2026-04-10 11:20:37|qwen|web_search_no_think|1|QUESTION|12|1510|cb703c81-e07e-424e-8240-7aee4c6cb4fb
2026-04-10 11:20:54|qwen|web_search_no_think|0|JSON_VERIFIED||1459|0c0d066c-44fb-4b09-ad41-154a90f6c7a1
2026-04-10 11:20:54|qwen|web_search_no_think|0|JSON_SAVED||1459|0c0d066c-44fb-4b09-ad41-154a90f6c7a1
2026-04-10 11:20:54|qwen|web_search_no_think|0|QUESTION_ADVANCE||1460|db1db7e2-ad32-4782-876b-17cd3f6911e0
2026-04-10 11:20:56|qwen|web_search_no_think|5|JSON_VERIFIED||1709|0fe773d5-6fb4-47fa-83f8-95c608ac9bff
2026-04-10 11:20:56|qwen|web_search_no_think|5|JSON_SAVED||1709|0fe773d5-6fb4-47fa-83f8-95c608ac9bff
2026-04-10 11:20:56|qwen|web_search_no_think|5|QUESTION_ADVANCE||1710|6d539a41-2d40-4e40-a2e1-c55e2773915c
2026-04-10 11:21:07|qwen|web_search_no_think|4|JSON_VERIFIED||1660|3e9c0ed0-36c1-43e2-9029-00c4385490e7
2026-04-10 11:21:07|qwen|web_search_no_think|4|JSON_SAVED||1660|3e9c0ed0-36c1-43e2-9029-00c4385490e7
2026-04-10 11:21:07|qwen|web_search_no_think|4|QUESTION_ADVANCE||1661|595483a9-f990-4c9d-ae20-fd8e37d25e35
2026-04-10 11:21:21|qwen|web_search_no_think|0|QUESTION_SENT||1460|db1db7e2-ad32-4782-876b-17cd3f6911e0
2026-04-10 11:21:23|qwen|web_search_no_think|5|QUESTION_SENT||1710|6d539a41-2d40-4e40-a2e1-c55e2773915c
2026-04-10 11:21:27|qwen|web_search_no_think|0|QUESTION|12|1460|db1db7e2-ad32-4782-876b-17cd3f6911e0
2026-04-10 11:21:28|qwen|web_search_no_think|5|QUESTION|11|1710|6d539a41-2d40-4e40-a2e1-c55e2773915c
2026-04-10 11:21:34|qwen|web_search_no_think|4|QUESTION_SENT||1661|595483a9-f990-4c9d-ae20-fd8e37d25e35
2026-04-10 11:21:39|qwen|web_search_no_think|4|QUESTION|12|1661|595483a9-f990-4c9d-ae20-fd8e37d25e35
2026-04-10 11:21:43|qwen|web_search_no_think|3|JSON_VERIFIED||1612|2f85a2e9-b36c-4544-85d0-c1c0d9baedd5
2026-04-10 11:21:43|qwen|web_search_no_think|3|JSON_SAVED||1612|2f85a2e9-b36c-4544-85d0-c1c0d9baedd5
2026-04-10 11:21:43|qwen|web_search_no_think|3|QUESTION_ADVANCE||1613|be30f8f7-8f8c-4bd1-9080-4861f6ba9f6f
2026-04-10 11:22:02|qwen|web_search_no_think|2|JSON_VERIFIED||1562|1e9772a8-a3b0-4705-881f-445866d8b149
2026-04-10 11:22:02|qwen|web_search_no_think|2|JSON_SAVED||1562|1e9772a8-a3b0-4705-881f-445866d8b149
2026-04-10 11:22:02|qwen|web_search_no_think|2|QUESTION_ADVANCE||1563|a6e775bf-11d0-43ad-a370-18424fbf9515
2026-04-10 11:22:10|qwen|web_search_no_think|3|QUESTION_SENT||1613|be30f8f7-8f8c-4bd1-9080-4861f6ba9f6f
2026-04-10 11:22:15|qwen|web_search_no_think|3|QUESTION|13|1613|be30f8f7-8f8c-4bd1-9080-4861f6ba9f6f
2026-04-10 11:22:29|qwen|web_search_no_think|2|QUESTION_SENT||1563|a6e775bf-11d0-43ad-a370-18424fbf9515
2026-04-10 11:22:35|qwen|web_search_no_think|2|QUESTION|14|1563|a6e775bf-11d0-43ad-a370-18424fbf9515
2026-04-10 11:22:43|qwen|web_search_no_think|5|JSON_VERIFIED||1710|6d539a41-2d40-4e40-a2e1-c55e2773915c
2026-04-10 11:22:43|qwen|web_search_no_think|5|JSON_SAVED||1710|6d539a41-2d40-4e40-a2e1-c55e2773915c
2026-04-10 11:22:43|qwen|web_search_no_think|5|QUESTION_ADVANCE||1711|511699f9-220e-4240-94cb-1c667a51aac5
2026-04-10 11:22:45|qwen|web_search_no_think|4|JSON_VERIFIED||1661|595483a9-f990-4c9d-ae20-fd8e37d25e35
2026-04-10 11:22:45|qwen|web_search_no_think|4|JSON_SAVED||1661|595483a9-f990-4c9d-ae20-fd8e37d25e35
2026-04-10 11:22:45|qwen|web_search_no_think|4|QUESTION_ADVANCE||1662|64a0f4cf-4829-4c28-8771-bb2b6dde6d16
2026-04-10 11:23:10|qwen|web_search_no_think|5|QUESTION_SENT||1711|511699f9-220e-4240-94cb-1c667a51aac5
2026-04-10 11:23:13|qwen|web_search_no_think|4|QUESTION_SENT||1662|64a0f4cf-4829-4c28-8771-bb2b6dde6d16
2026-04-10 11:23:16|qwen|web_search_no_think|5|QUESTION|12|1711|511699f9-220e-4240-94cb-1c667a51aac5
2026-04-10 11:23:18|qwen|web_search_no_think|4|QUESTION|13|1662|64a0f4cf-4829-4c28-8771-bb2b6dde6d16
2026-04-10 11:23:54|qwen|web_search_no_think|0|JSON_VERIFIED||1460|db1db7e2-ad32-4782-876b-17cd3f6911e0
2026-04-10 11:23:54|qwen|web_search_no_think|0|JSON_SAVED||1460|db1db7e2-ad32-4782-876b-17cd3f6911e0
2026-04-10 11:23:54|qwen|web_search_no_think|0|QUESTION_ADVANCE||1461|bc061285-e613-48a1-be71-e955e9a4a153
2026-04-10 11:24:22|qwen|web_search_no_think|0|QUESTION_SENT||1461|bc061285-e613-48a1-be71-e955e9a4a153
2026-04-10 11:24:27|qwen|web_search_no_think|0|QUESTION|13|1461|bc061285-e613-48a1-be71-e955e9a4a153
2026-04-10 11:24:39|qwen|web_search_no_think|2|JSON_VERIFIED||1563|a6e775bf-11d0-43ad-a370-18424fbf9515
2026-04-10 11:24:39|qwen|web_search_no_think|2|JSON_SAVED||1563|a6e775bf-11d0-43ad-a370-18424fbf9515
2026-04-10 11:24:39|qwen|web_search_no_think|2|QUESTION_ADVANCE||1564|5a1c01f1-c16d-4450-a55f-99074373433d
2026-04-10 11:24:44|qwen|web_search_no_think|3|JSON_VERIFIED||1613|be30f8f7-8f8c-4bd1-9080-4861f6ba9f6f
2026-04-10 11:24:44|qwen|web_search_no_think|3|JSON_SAVED||1613|be30f8f7-8f8c-4bd1-9080-4861f6ba9f6f
2026-04-10 11:24:44|qwen|web_search_no_think|3|QUESTION_ADVANCE||1614|da8a46ce-3ec6-408b-a83d-76923bf78399
2026-04-10 11:25:07|qwen|web_search_no_think|2|QUESTION_SENT||1564|5a1c01f1-c16d-4450-a55f-99074373433d
2026-04-10 11:25:10|qwen|web_search_no_think|1|QUESTION_SENT||1510|cb703c81-e07e-424e-8240-7aee4c6cb4fb
2026-04-10 11:25:11|qwen|web_search_no_think|3|QUESTION_SENT||1614|da8a46ce-3ec6-408b-a83d-76923bf78399
2026-04-10 11:25:12|qwen|web_search_no_think|2|QUESTION|15|1564|5a1c01f1-c16d-4450-a55f-99074373433d
2026-04-10 11:25:16|qwen|web_search_no_think|1|QUESTION|13|1510|cb703c81-e07e-424e-8240-7aee4c6cb4fb
2026-04-10 11:25:17|qwen|web_search_no_think|3|QUESTION|14|1614|da8a46ce-3ec6-408b-a83d-76923bf78399
2026-04-10 11:26:12|qwen|web_search_no_think|5|JSON_VERIFIED||1711|511699f9-220e-4240-94cb-1c667a51aac5
2026-04-10 11:26:12|qwen|web_search_no_think|5|JSON_SAVED||1711|511699f9-220e-4240-94cb-1c667a51aac5
2026-04-10 11:26:12|qwen|web_search_no_think|5|QUESTION_ADVANCE||1712|7a0ee315-978e-4839-bc4e-5d3cf6de0c13
2026-04-10 11:26:28|qwen|web_search_no_think|2|JSON_VERIFIED||1564|5a1c01f1-c16d-4450-a55f-99074373433d
2026-04-10 11:26:28|qwen|web_search_no_think|2|JSON_SAVED||1564|5a1c01f1-c16d-4450-a55f-99074373433d
2026-04-10 11:26:28|qwen|web_search_no_think|2|QUESTION_ADVANCE||1565|095f139f-35c1-4f3d-975c-e6a4223e4dfd
2026-04-10 11:26:34|qwen|web_search_no_think|0|JSON_VERIFIED||1461|bc061285-e613-48a1-be71-e955e9a4a153
2026-04-10 11:26:34|qwen|web_search_no_think|0|JSON_SAVED||1461|bc061285-e613-48a1-be71-e955e9a4a153
2026-04-10 11:26:34|qwen|web_search_no_think|0|QUESTION_ADVANCE||1462|007b832e-5ca4-4142-acc4-62648f7a8521
2026-04-10 11:26:40|qwen|web_search_no_think|4|JSON_VERIFIED||1662|64a0f4cf-4829-4c28-8771-bb2b6dde6d16
2026-04-10 11:26:40|qwen|web_search_no_think|4|JSON_SAVED||1662|64a0f4cf-4829-4c28-8771-bb2b6dde6d16
2026-04-10 11:26:40|qwen|web_search_no_think|4|QUESTION_ADVANCE||1663|dc96019a-1a1f-4a8e-a025-d6ef91724fb1
2026-04-10 11:26:40|qwen|web_search_no_think|5|QUESTION_SENT||1712|7a0ee315-978e-4839-bc4e-5d3cf6de0c13
2026-04-10 11:26:45|qwen|web_search_no_think|5|QUESTION|13|1712|7a0ee315-978e-4839-bc4e-5d3cf6de0c13
2026-04-10 11:26:56|qwen|web_search_no_think|2|QUESTION_SENT||1565|095f139f-35c1-4f3d-975c-e6a4223e4dfd
2026-04-10 11:27:01|qwen|web_search_no_think|2|QUESTION|16|1565|095f139f-35c1-4f3d-975c-e6a4223e4dfd
2026-04-10 11:27:02|qwen|web_search_no_think|0|QUESTION_SENT||1462|007b832e-5ca4-4142-acc4-62648f7a8521
2026-04-10 11:27:08|qwen|web_search_no_think|0|QUESTION|14|1462|007b832e-5ca4-4142-acc4-62648f7a8521
2026-04-10 11:27:08|qwen|web_search_no_think|4|QUESTION_SENT||1663|dc96019a-1a1f-4a8e-a025-d6ef91724fb1
2026-04-10 11:27:13|qwen|web_search_no_think|4|QUESTION|14|1663|dc96019a-1a1f-4a8e-a025-d6ef91724fb1
2026-04-10 11:27:13|qwen|web_search_no_think|1|JSON_VERIFIED||1510|cb703c81-e07e-424e-8240-7aee4c6cb4fb
2026-04-10 11:27:13|qwen|web_search_no_think|1|JSON_SAVED||1510|cb703c81-e07e-424e-8240-7aee4c6cb4fb
2026-04-10 11:27:13|qwen|web_search_no_think|1|QUESTION_ADVANCE||1511|69f25336-b0a8-47b5-939b-71058c065ae6
2026-04-10 11:27:41|qwen|web_search_no_think|1|QUESTION_SENT||1511|69f25336-b0a8-47b5-939b-71058c065ae6
2026-04-10 11:27:46|qwen|web_search_no_think|1|QUESTION|14|1511|69f25336-b0a8-47b5-939b-71058c065ae6
2026-04-10 11:27:50|qwen|web_search_no_think|5|JSON_VERIFIED||1712|7a0ee315-978e-4839-bc4e-5d3cf6de0c13
2026-04-10 11:27:50|qwen|web_search_no_think|5|JSON_SAVED||1712|7a0ee315-978e-4839-bc4e-5d3cf6de0c13
2026-04-10 11:27:50|qwen|web_search_no_think|5|QUESTION_ADVANCE||1713|021debee-84b5-4547-8ca9-a38bb736db8e
2026-04-10 11:28:15|qwen|web_search_no_think|2|JSON_VERIFIED||1565|095f139f-35c1-4f3d-975c-e6a4223e4dfd
2026-04-10 11:28:15|qwen|web_search_no_think|2|JSON_SAVED||1565|095f139f-35c1-4f3d-975c-e6a4223e4dfd
2026-04-10 11:28:15|qwen|web_search_no_think|2|QUESTION_ADVANCE||1566|e4560b24-77f7-475f-b70b-5b6c6b923d8b
2026-04-10 11:28:17|qwen|web_search_no_think|5|QUESTION_SENT||1713|021debee-84b5-4547-8ca9-a38bb736db8e
2026-04-10 11:28:22|qwen|web_search_no_think|5|QUESTION|14|1713|021debee-84b5-4547-8ca9-a38bb736db8e
2026-04-10 11:28:42|qwen|web_search_no_think|2|QUESTION_SENT||1566|e4560b24-77f7-475f-b70b-5b6c6b923d8b
2026-04-10 11:28:47|qwen|web_search_no_think|2|QUESTION|17|1566|e4560b24-77f7-475f-b70b-5b6c6b923d8b
2026-04-10 11:28:57|qwen|web_search_no_think|5|JSON_VERIFY_FAILED||1713|021debee-84b5-4547-8ca9-a38bb736db8e
2026-04-10 11:28:57|qwen|web_search_no_think|0|JSON_VERIFIED||1462|007b832e-5ca4-4142-acc4-62648f7a8521
2026-04-10 11:28:57|qwen|web_search_no_think|0|JSON_SAVED||1462|007b832e-5ca4-4142-acc4-62648f7a8521
2026-04-10 11:28:57|qwen|web_search_no_think|0|QUESTION_ADVANCE||1463|ab5980be-0fdf-47cc-a112-ec18f2521f75
2026-04-10 11:29:09|qwen|web_search_no_think|1|JSON_VERIFIED||1511|69f25336-b0a8-47b5-939b-71058c065ae6
2026-04-10 11:29:09|qwen|web_search_no_think|1|JSON_SAVED||1511|69f25336-b0a8-47b5-939b-71058c065ae6
2026-04-10 11:29:09|qwen|web_search_no_think|1|QUESTION_ADVANCE||1512|4f23dc84-66ab-42bf-b500-ffb064a00871
2026-04-10 11:29:24|qwen|web_search_no_think|5|QUESTION_SENT||1713|021debee-84b5-4547-8ca9-a38bb736db8e
2026-04-10 11:29:24|qwen|web_search_no_think|0|QUESTION_SENT||1463|ab5980be-0fdf-47cc-a112-ec18f2521f75
2026-04-10 11:29:29|qwen|web_search_no_think|5|QUESTION|15|1713|021debee-84b5-4547-8ca9-a38bb736db8e
2026-04-10 11:29:29|qwen|web_search_no_think|0|QUESTION|15|1463|ab5980be-0fdf-47cc-a112-ec18f2521f75
2026-04-10 11:29:30|qwen|web_search_no_think|3|JSON_VERIFIED||1614|da8a46ce-3ec6-408b-a83d-76923bf78399
2026-04-10 11:29:30|qwen|web_search_no_think|3|JSON_SAVED||1614|da8a46ce-3ec6-408b-a83d-76923bf78399
2026-04-10 11:29:30|qwen|web_search_no_think|3|QUESTION_ADVANCE||1615|92366eab-ed6e-4922-be27-68347066981a
2026-04-10 11:29:37|qwen|web_search_no_think|1|QUESTION_SENT||1512|4f23dc84-66ab-42bf-b500-ffb064a00871
2026-04-10 11:29:42|qwen|web_search_no_think|1|QUESTION|15|1512|4f23dc84-66ab-42bf-b500-ffb064a00871
2026-04-10 11:29:45|qwen|web_search_no_think|4|JSON_VERIFIED||1663|dc96019a-1a1f-4a8e-a025-d6ef91724fb1
2026-04-10 11:29:45|qwen|web_search_no_think|4|JSON_SAVED||1663|dc96019a-1a1f-4a8e-a025-d6ef91724fb1
2026-04-10 11:29:45|qwen|web_search_no_think|4|QUESTION_ADVANCE||1664|1371c2ee-d4b3-4657-9d0b-42852aba2696
2026-04-10 11:29:58|qwen|web_search_no_think|3|QUESTION_SENT||1615|92366eab-ed6e-4922-be27-68347066981a
2026-04-10 11:30:03|qwen|web_search_no_think|3|QUESTION|15|1615|92366eab-ed6e-4922-be27-68347066981a
2026-04-10 11:30:12|qwen|web_search_no_think|4|QUESTION_SENT||1664|1371c2ee-d4b3-4657-9d0b-42852aba2696
2026-04-10 11:30:17|qwen|web_search_no_think|4|QUESTION|15|1664|1371c2ee-d4b3-4657-9d0b-42852aba2696
2026-04-10 11:30:43|qwen|web_search_no_think|4|QUESTION_SENT||1664|1371c2ee-d4b3-4657-9d0b-42852aba2696
2026-04-10 11:30:48|qwen|web_search_no_think|4|QUESTION|16|1664|1371c2ee-d4b3-4657-9d0b-42852aba2696
2026-04-10 11:31:03|qwen|web_search_no_think|1|JSON_VERIFIED||1512|4f23dc84-66ab-42bf-b500-ffb064a00871
2026-04-10 11:31:03|qwen|web_search_no_think|1|JSON_SAVED||1512|4f23dc84-66ab-42bf-b500-ffb064a00871
2026-04-10 11:31:03|qwen|web_search_no_think|1|QUESTION_ADVANCE||1513|1e44efd5-f445-4dc3-a138-bda6d871b55a
2026-04-10 11:31:25|qwen|web_search_no_think|3|JSON_VERIFIED||1615|92366eab-ed6e-4922-be27-68347066981a
2026-04-10 11:31:25|qwen|web_search_no_think|3|JSON_SAVED||1615|92366eab-ed6e-4922-be27-68347066981a
2026-04-10 11:31:25|qwen|web_search_no_think|3|QUESTION_ADVANCE||1616|b3adcef4-cc14-4ce1-8257-0d28f4f8185c
2026-04-10 11:31:31|qwen|web_search_no_think|1|QUESTION_SENT||1513|1e44efd5-f445-4dc3-a138-bda6d871b55a
2026-04-10 11:31:36|qwen|web_search_no_think|1|QUESTION|16|1513|1e44efd5-f445-4dc3-a138-bda6d871b55a
2026-04-10 11:31:40|qwen|web_search_no_think|5|JSON_VERIFIED||1713|021debee-84b5-4547-8ca9-a38bb736db8e
2026-04-10 11:31:40|qwen|web_search_no_think|5|JSON_SAVED||1713|021debee-84b5-4547-8ca9-a38bb736db8e
2026-04-10 11:31:40|qwen|web_search_no_think|5|QUESTION_ADVANCE||1714|55159f5b-c863-4168-85ab-571bd9a59b22
2026-04-10 11:31:52|qwen|web_search_no_think|3|QUESTION_SENT||1616|b3adcef4-cc14-4ce1-8257-0d28f4f8185c
2026-04-10 11:31:58|qwen|web_search_no_think|3|QUESTION|16|1616|b3adcef4-cc14-4ce1-8257-0d28f4f8185c
2026-04-10 11:32:07|qwen|web_search_no_think|5|QUESTION_SENT||1714|55159f5b-c863-4168-85ab-571bd9a59b22
2026-04-10 11:32:13|qwen|web_search_no_think|5|QUESTION|16|1714|55159f5b-c863-4168-85ab-571bd9a59b22
2026-04-10 11:32:50|qwen|web_search_no_think|0|JSON_VERIFIED||1463|ab5980be-0fdf-47cc-a112-ec18f2521f75
2026-04-10 11:32:50|qwen|web_search_no_think|0|JSON_SAVED||1463|ab5980be-0fdf-47cc-a112-ec18f2521f75
2026-04-10 11:32:50|qwen|web_search_no_think|0|QUESTION_ADVANCE||1464|c6f15b7d-5f8b-4dc9-ad46-8317226e65bc
2026-04-10 11:33:17|qwen|web_search_no_think|0|QUESTION_SENT||1464|c6f15b7d-5f8b-4dc9-ad46-8317226e65bc
2026-04-10 11:33:23|qwen|web_search_no_think|0|QUESTION|16|1464|c6f15b7d-5f8b-4dc9-ad46-8317226e65bc
2026-04-10 11:33:49|qwen|web_search_no_think|4|JSON_VERIFIED||1664|1371c2ee-d4b3-4657-9d0b-42852aba2696
2026-04-10 11:33:49|qwen|web_search_no_think|4|JSON_SAVED||1664|1371c2ee-d4b3-4657-9d0b-42852aba2696
2026-04-10 11:33:49|qwen|web_search_no_think|4|QUESTION_ADVANCE||1665|89f2d20e-82d7-4e57-ae7b-ceecb65931e1
2026-04-10 11:33:58|qwen|web_search_no_think|3|JSON_VERIFIED||1616|b3adcef4-cc14-4ce1-8257-0d28f4f8185c
2026-04-10 11:33:58|qwen|web_search_no_think|3|JSON_SAVED||1616|b3adcef4-cc14-4ce1-8257-0d28f4f8185c
2026-04-10 11:33:58|qwen|web_search_no_think|3|QUESTION_ADVANCE||1617|02627d91-c756-419e-88e7-666be8a78320
2026-04-10 11:34:03|qwen|web_search_no_think|1|JSON_VERIFIED||1513|1e44efd5-f445-4dc3-a138-bda6d871b55a
2026-04-10 11:34:03|qwen|web_search_no_think|1|JSON_SAVED||1513|1e44efd5-f445-4dc3-a138-bda6d871b55a
2026-04-10 11:34:03|qwen|web_search_no_think|1|QUESTION_ADVANCE||1514|244156f7-c835-44c7-aa55-a8254ff14293
2026-04-10 11:34:16|qwen|web_search_no_think|4|QUESTION_SENT||1665|89f2d20e-82d7-4e57-ae7b-ceecb65931e1
2026-04-10 11:34:21|qwen|web_search_no_think|4|QUESTION|17|1665|89f2d20e-82d7-4e57-ae7b-ceecb65931e1
2026-04-10 11:34:25|qwen|web_search_no_think|3|QUESTION_SENT||1617|02627d91-c756-419e-88e7-666be8a78320
2026-04-10 11:34:30|qwen|web_search_no_think|1|QUESTION_SENT||1514|244156f7-c835-44c7-aa55-a8254ff14293
2026-04-10 11:34:30|qwen|web_search_no_think|3|QUESTION|17|1617|02627d91-c756-419e-88e7-666be8a78320
2026-04-10 11:34:35|qwen|web_search_no_think|1|QUESTION|17|1514|244156f7-c835-44c7-aa55-a8254ff14293
2026-04-10 11:34:53|qwen|web_search_no_think|0|QUESTION_SENT||1464|c6f15b7d-5f8b-4dc9-ad46-8317226e65bc
2026-04-10 11:34:58|qwen|web_search_no_think|0|QUESTION|17|1464|c6f15b7d-5f8b-4dc9-ad46-8317226e65bc
2026-04-10 11:35:19|qwen|web_search_no_think|2|QUESTION_SENT||1566|e4560b24-77f7-475f-b70b-5b6c6b923d8b
2026-04-10 11:35:24|qwen|web_search_no_think|2|QUESTION|18|1566|e4560b24-77f7-475f-b70b-5b6c6b923d8b
2026-04-10 11:35:58|qwen|web_search_no_think|5|JSON_VERIFIED||1714|55159f5b-c863-4168-85ab-571bd9a59b22
2026-04-10 11:35:58|qwen|web_search_no_think|5|JSON_SAVED||1714|55159f5b-c863-4168-85ab-571bd9a59b22
2026-04-10 11:35:58|qwen|web_search_no_think|5|QUESTION_ADVANCE||1715|341e240c-6a98-4e31-bb46-eafea35440c4
2026-04-10 11:36:25|qwen|web_search_no_think|5|QUESTION_SENT||1715|341e240c-6a98-4e31-bb46-eafea35440c4
2026-04-10 11:36:31|qwen|web_search_no_think|5|QUESTION|17|1715|341e240c-6a98-4e31-bb46-eafea35440c4
2026-04-10 11:36:42|qwen|web_search_no_think|3|JSON_VERIFIED||1617|02627d91-c756-419e-88e7-666be8a78320
2026-04-10 11:36:42|qwen|web_search_no_think|3|JSON_SAVED||1617|02627d91-c756-419e-88e7-666be8a78320
2026-04-10 11:36:42|qwen|web_search_no_think|3|QUESTION_ADVANCE||1618|ec5d3648-d21a-4649-80de-8b9fedf76a8d
2026-04-10 11:37:06|qwen|web_search_no_think|4|JSON_VERIFIED||1665|89f2d20e-82d7-4e57-ae7b-ceecb65931e1
2026-04-10 11:37:06|qwen|web_search_no_think|4|JSON_SAVED||1665|89f2d20e-82d7-4e57-ae7b-ceecb65931e1
2026-04-10 11:37:06|qwen|web_search_no_think|4|QUESTION_ADVANCE||1666|37530acf-2c5f-4b06-bf79-a9755c188662
2026-04-10 11:37:10|qwen|web_search_no_think|3|QUESTION_SENT||1618|ec5d3648-d21a-4649-80de-8b9fedf76a8d
2026-04-10 11:37:15|qwen|web_search_no_think|3|QUESTION|18|1618|ec5d3648-d21a-4649-80de-8b9fedf76a8d
2026-04-10 11:37:30|qwen|web_search_no_think|0|JSON_VERIFIED||1464|c6f15b7d-5f8b-4dc9-ad46-8317226e65bc
2026-04-10 11:37:30|qwen|web_search_no_think|0|JSON_SAVED||1464|c6f15b7d-5f8b-4dc9-ad46-8317226e65bc
2026-04-10 11:37:30|qwen|web_search_no_think|0|QUESTION_ADVANCE||1465|567d3aa2-79bd-42cb-8896-56fc932067b6
2026-04-10 11:37:34|qwen|web_search_no_think|4|QUESTION_SENT||1666|37530acf-2c5f-4b06-bf79-a9755c188662
2026-04-10 11:37:39|qwen|web_search_no_think|4|QUESTION|18|1666|37530acf-2c5f-4b06-bf79-a9755c188662
2026-04-10 11:37:58|qwen|web_search_no_think|0|QUESTION_SENT||1465|567d3aa2-79bd-42cb-8896-56fc932067b6
2026-04-10 11:38:03|qwen|web_search_no_think|0|QUESTION|18|1465|567d3aa2-79bd-42cb-8896-56fc932067b6
2026-04-10 11:38:29|qwen|web_search_no_think|0|QUESTION_SENT||1465|567d3aa2-79bd-42cb-8896-56fc932067b6
2026-04-10 11:38:33|qwen|web_search_no_think|5|JSON_VERIFIED||1715|341e240c-6a98-4e31-bb46-eafea35440c4
2026-04-10 11:38:33|qwen|web_search_no_think|5|JSON_SAVED||1715|341e240c-6a98-4e31-bb46-eafea35440c4
2026-04-10 11:38:33|qwen|web_search_no_think|5|QUESTION_ADVANCE||1716|c95777fa-f787-48c6-abd2-f846fd1a796e
2026-04-10 11:38:34|qwen|web_search_no_think|0|QUESTION|19|1465|567d3aa2-79bd-42cb-8896-56fc932067b6
2026-04-10 11:39:01|qwen|web_search_no_think|5|QUESTION_SENT||1716|c95777fa-f787-48c6-abd2-f846fd1a796e
2026-04-10 11:39:04|qwen|web_search_no_think|1|JSON_VERIFIED||1514|244156f7-c835-44c7-aa55-a8254ff14293
2026-04-10 11:39:04|qwen|web_search_no_think|1|JSON_SAVED||1514|244156f7-c835-44c7-aa55-a8254ff14293
2026-04-10 11:39:04|qwen|web_search_no_think|1|QUESTION_ADVANCE||1515|904fc979-ce2e-4702-ac32-45ced9f7624c
2026-04-10 11:39:06|qwen|web_search_no_think|5|QUESTION|18|1716|c95777fa-f787-48c6-abd2-f846fd1a796e
2026-04-10 11:39:32|qwen|web_search_no_think|1|QUESTION_SENT||1515|904fc979-ce2e-4702-ac32-45ced9f7624c
2026-04-10 11:39:37|qwen|web_search_no_think|1|QUESTION|18|1515|904fc979-ce2e-4702-ac32-45ced9f7624c
2026-04-10 11:39:43|qwen|web_search_no_think|2|JSON_VERIFIED||1566|e4560b24-77f7-475f-b70b-5b6c6b923d8b
2026-04-10 11:39:43|qwen|web_search_no_think|2|JSON_SAVED||1566|e4560b24-77f7-475f-b70b-5b6c6b923d8b
2026-04-10 11:39:43|qwen|web_search_no_think|2|QUESTION_ADVANCE||1567|5d5b0e94-5906-49c0-a7b2-9e7a47a8c864
2026-04-10 11:39:54|qwen|web_search_no_think|3|JSON_VERIFIED||1618|ec5d3648-d21a-4649-80de-8b9fedf76a8d
2026-04-10 11:39:54|qwen|web_search_no_think|3|JSON_SAVED||1618|ec5d3648-d21a-4649-80de-8b9fedf76a8d
2026-04-10 11:39:54|qwen|web_search_no_think|3|QUESTION_ADVANCE||1619|f243d378-919b-450d-a18a-9e10fe79b24c
2026-04-10 11:39:59|qwen|web_search_no_think|0|JSON_VERIFIED||1465|567d3aa2-79bd-42cb-8896-56fc932067b6
2026-04-10 11:39:59|qwen|web_search_no_think|0|JSON_SAVED||1465|567d3aa2-79bd-42cb-8896-56fc932067b6
2026-04-10 11:39:59|qwen|web_search_no_think|0|QUESTION_ADVANCE||1466|bf234ab5-3dce-4a2a-8684-e8bcb4c49c61
2026-04-10 11:40:10|qwen|web_search_no_think|2|QUESTION_SENT||1567|5d5b0e94-5906-49c0-a7b2-9e7a47a8c864
2026-04-10 11:40:15|qwen|web_search_no_think|2|QUESTION|19|1567|5d5b0e94-5906-49c0-a7b2-9e7a47a8c864
2026-04-10 11:40:21|qwen|web_search_no_think|3|QUESTION_SENT||1619|f243d378-919b-450d-a18a-9e10fe79b24c
2026-04-10 11:40:26|qwen|web_search_no_think|0|QUESTION_SENT||1466|bf234ab5-3dce-4a2a-8684-e8bcb4c49c61
2026-04-10 11:40:26|qwen|web_search_no_think|3|QUESTION|19|1619|f243d378-919b-450d-a18a-9e10fe79b24c
2026-04-10 11:40:31|qwen|web_search_no_think|0|QUESTION|20|1466|bf234ab5-3dce-4a2a-8684-e8bcb4c49c61
2026-04-10 11:41:20|qwen|web_search_no_think|4|JSON_VERIFIED||1666|37530acf-2c5f-4b06-bf79-a9755c188662
2026-04-10 11:41:20|qwen|web_search_no_think|4|JSON_SAVED||1666|37530acf-2c5f-4b06-bf79-a9755c188662
2026-04-10 11:41:20|qwen|web_search_no_think|4|QUESTION_ADVANCE||1667|08eed6f0-7b9f-4a26-94d7-0d6d3a3266ff
2026-04-10 11:41:49|qwen|web_search_no_think|4|QUESTION_SENT||1667|08eed6f0-7b9f-4a26-94d7-0d6d3a3266ff
2026-04-10 11:41:50|qwen|web_search_no_think|2|JSON_VERIFIED||1567|5d5b0e94-5906-49c0-a7b2-9e7a47a8c864
2026-04-10 11:41:50|qwen|web_search_no_think|2|JSON_SAVED||1567|5d5b0e94-5906-49c0-a7b2-9e7a47a8c864
2026-04-10 11:41:50|qwen|web_search_no_think|2|QUESTION_ADVANCE||1568|c5b81337-4b7a-47ce-b457-60a336a88763
2026-04-10 11:41:55|qwen|web_search_no_think|4|QUESTION|19|1667|08eed6f0-7b9f-4a26-94d7-0d6d3a3266ff
2026-04-10 11:42:19|qwen|web_search_no_think|1|JSON_VERIFIED||1515|904fc979-ce2e-4702-ac32-45ced9f7624c
2026-04-10 11:42:19|qwen|web_search_no_think|1|JSON_SAVED||1515|904fc979-ce2e-4702-ac32-45ced9f7624c
2026-04-10 11:42:19|qwen|web_search_no_think|1|QUESTION_ADVANCE||1516|48c455b1-38c2-40cc-bc3f-5cbf1ecbfb4d
2026-04-10 11:42:24|qwen|web_search_no_think|4|QUESTION_SENT||1667|08eed6f0-7b9f-4a26-94d7-0d6d3a3266ff
2026-04-10 11:42:26|qwen|web_search_no_think|5|JSON_VERIFIED||1716|c95777fa-f787-48c6-abd2-f846fd1a796e
2026-04-10 11:42:26|qwen|web_search_no_think|5|JSON_SAVED||1716|c95777fa-f787-48c6-abd2-f846fd1a796e
2026-04-10 11:42:26|qwen|web_search_no_think|5|QUESTION_ADVANCE||1717|1bab8d26-6483-415b-803e-6724a62df583
2026-04-10 11:42:29|qwen|web_search_no_think|4|QUESTION|20|1667|08eed6f0-7b9f-4a26-94d7-0d6d3a3266ff
2026-04-10 11:42:33|qwen|web_search_no_think|2|QUESTION_SENT||1568|c5b81337-4b7a-47ce-b457-60a336a88763
2026-04-10 11:42:38|qwen|web_search_no_think|2|QUESTION|20|1568|c5b81337-4b7a-47ce-b457-60a336a88763
2026-04-10 11:42:40|qwen|web_search_no_think|3|JSON_VERIFIED||1619|f243d378-919b-450d-a18a-9e10fe79b24c
2026-04-10 11:42:40|qwen|web_search_no_think|3|JSON_SAVED||1619|f243d378-919b-450d-a18a-9e10fe79b24c
2026-04-10 11:42:40|qwen|web_search_no_think|3|QUESTION_ADVANCE||1620|0574f0d7-e1b3-4b28-806c-6acb8eccc840
2026-04-10 11:42:46|qwen|web_search_no_think|1|QUESTION_SENT||1516|48c455b1-38c2-40cc-bc3f-5cbf1ecbfb4d
2026-04-10 11:42:51|qwen|web_search_no_think|1|QUESTION|19|1516|48c455b1-38c2-40cc-bc3f-5cbf1ecbfb4d
2026-04-10 11:42:54|qwen|web_search_no_think|5|QUESTION_SENT||1717|1bab8d26-6483-415b-803e-6724a62df583
2026-04-10 11:42:59|qwen|web_search_no_think|5|QUESTION|19|1717|1bab8d26-6483-415b-803e-6724a62df583
2026-04-10 11:43:03|qwen|web_search_no_think|4|JSON_VERIFY_FAILED||1667|08eed6f0-7b9f-4a26-94d7-0d6d3a3266ff
2026-04-10 11:43:08|qwen|web_search_no_think|3|QUESTION_SENT||1620|0574f0d7-e1b3-4b28-806c-6acb8eccc840
2026-04-10 11:43:13|qwen|web_search_no_think|3|QUESTION|20|1620|0574f0d7-e1b3-4b28-806c-6acb8eccc840
2026-04-10 11:43:28|qwen|web_search_no_think|0|JSON_VERIFIED||1466|bf234ab5-3dce-4a2a-8684-e8bcb4c49c61
2026-04-10 11:43:28|qwen|web_search_no_think|0|JSON_SAVED||1466|bf234ab5-3dce-4a2a-8684-e8bcb4c49c61
2026-04-10 11:43:28|qwen|web_search_no_think|0|QUESTION_ADVANCE||1467|abd7acd3-f8d1-424b-a40b-114a671d709e
2026-04-10 11:43:30|qwen|web_search_no_think|4|QUESTION_SENT||1667|08eed6f0-7b9f-4a26-94d7-0d6d3a3266ff
2026-04-10 11:43:36|qwen|web_search_no_think|4|QUESTION|21|1667|08eed6f0-7b9f-4a26-94d7-0d6d3a3266ff
2026-04-10 11:43:54|qwen|web_search_no_think|0|QUESTION_SENT||1467|abd7acd3-f8d1-424b-a40b-114a671d709e
2026-04-10 11:44:00|qwen|web_search_no_think|0|QUESTION|21|1467|abd7acd3-f8d1-424b-a40b-114a671d709e
2026-04-10 11:44:12|qwen|web_search_no_think|1|JSON_VERIFIED||1516|48c455b1-38c2-40cc-bc3f-5cbf1ecbfb4d
2026-04-10 11:44:12|qwen|web_search_no_think|1|JSON_SAVED||1516|48c455b1-38c2-40cc-bc3f-5cbf1ecbfb4d
2026-04-10 11:44:12|qwen|web_search_no_think|1|QUESTION_ADVANCE||1517|47543a2d-8bac-4e07-8aeb-511dd5705f97
2026-04-10 11:44:40|qwen|web_search_no_think|1|QUESTION_SENT||1517|47543a2d-8bac-4e07-8aeb-511dd5705f97
2026-04-10 11:44:45|qwen|web_search_no_think|1|QUESTION|20|1517|47543a2d-8bac-4e07-8aeb-511dd5705f97
2026-04-10 11:44:56|qwen|web_search_no_think|2|JSON_VERIFIED||1568|c5b81337-4b7a-47ce-b457-60a336a88763
2026-04-10 11:44:56|qwen|web_search_no_think|2|JSON_SAVED||1568|c5b81337-4b7a-47ce-b457-60a336a88763
2026-04-10 11:44:56|qwen|web_search_no_think|2|QUESTION_ADVANCE||1569|7bf7c8a7-b519-458d-9236-89b98ddc32a1
2026-04-10 11:45:23|qwen|web_search_no_think|2|QUESTION_SENT||1569|7bf7c8a7-b519-458d-9236-89b98ddc32a1
2026-04-10 11:45:28|qwen|web_search_no_think|2|QUESTION|21|1569|7bf7c8a7-b519-458d-9236-89b98ddc32a1
2026-04-10 11:45:57|qwen|web_search_no_think|3|JSON_VERIFIED||1620|0574f0d7-e1b3-4b28-806c-6acb8eccc840
2026-04-10 11:45:57|qwen|web_search_no_think|3|JSON_SAVED||1620|0574f0d7-e1b3-4b28-806c-6acb8eccc840
2026-04-10 11:45:57|qwen|web_search_no_think|3|QUESTION_ADVANCE||1621|49faf71a-50ea-428a-b34d-ba2b5a1dc6e1
2026-04-10 11:46:24|qwen|web_search_no_think|3|QUESTION_SENT||1621|49faf71a-50ea-428a-b34d-ba2b5a1dc6e1
2026-04-10 11:46:28|qwen|web_search_no_think|4|JSON_VERIFIED||1667|08eed6f0-7b9f-4a26-94d7-0d6d3a3266ff
2026-04-10 11:46:28|qwen|web_search_no_think|4|JSON_SAVED||1667|08eed6f0-7b9f-4a26-94d7-0d6d3a3266ff
2026-04-10 11:46:28|qwen|web_search_no_think|4|QUESTION_ADVANCE||1668|fd965bd8-cdc7-4b30-aeba-29232944e17b
2026-04-10 11:46:29|qwen|web_search_no_think|3|QUESTION|21|1621|49faf71a-50ea-428a-b34d-ba2b5a1dc6e1
2026-04-10 11:46:55|qwen|web_search_no_think|4|QUESTION_SENT||1668|fd965bd8-cdc7-4b30-aeba-29232944e17b
2026-04-10 11:47:00|qwen|web_search_no_think|4|QUESTION|22|1668|fd965bd8-cdc7-4b30-aeba-29232944e17b
2026-04-10 11:47:38|qwen|web_search_no_think|2|JSON_VERIFIED||1569|7bf7c8a7-b519-458d-9236-89b98ddc32a1
2026-04-10 11:47:38|qwen|web_search_no_think|2|JSON_SAVED||1569|7bf7c8a7-b519-458d-9236-89b98ddc32a1
2026-04-10 11:47:38|qwen|web_search_no_think|2|QUESTION_ADVANCE||1570|d09626b5-2e56-405e-995c-10630b98ea65
2026-04-10 11:47:58|qwen|web_search_no_think|0|JSON_VERIFIED||1467|abd7acd3-f8d1-424b-a40b-114a671d709e
2026-04-10 11:47:58|qwen|web_search_no_think|0|JSON_SAVED||1467|abd7acd3-f8d1-424b-a40b-114a671d709e
2026-04-10 11:47:58|qwen|web_search_no_think|0|QUESTION_ADVANCE||1468|f664b649-8ee7-4355-81d7-0aebe76e79e7
2026-04-10 11:48:00|qwen|web_search_no_think|1|JSON_VERIFIED||1517|47543a2d-8bac-4e07-8aeb-511dd5705f97
2026-04-10 11:48:00|qwen|web_search_no_think|1|JSON_SAVED||1517|47543a2d-8bac-4e07-8aeb-511dd5705f97
2026-04-10 11:48:00|qwen|web_search_no_think|1|QUESTION_ADVANCE||1518|ced5b472-89eb-488f-a03a-0d5ea37d58f0
2026-04-10 11:48:06|qwen|web_search_no_think|2|QUESTION_SENT||1570|d09626b5-2e56-405e-995c-10630b98ea65
2026-04-10 11:48:10|qwen|web_search_no_think|4|JSON_VERIFIED||1668|fd965bd8-cdc7-4b30-aeba-29232944e17b
2026-04-10 11:48:10|qwen|web_search_no_think|4|JSON_SAVED||1668|fd965bd8-cdc7-4b30-aeba-29232944e17b
2026-04-10 11:48:10|qwen|web_search_no_think|4|QUESTION_ADVANCE||1669|d3c02f26-455d-473b-9a63-b60a71c740c2
2026-04-10 11:48:11|qwen|web_search_no_think|2|QUESTION|22|1570|d09626b5-2e56-405e-995c-10630b98ea65
2026-04-10 11:48:23|qwen|web_search_no_think|3|JSON_VERIFIED||1621|49faf71a-50ea-428a-b34d-ba2b5a1dc6e1
2026-04-10 11:48:23|qwen|web_search_no_think|3|JSON_SAVED||1621|49faf71a-50ea-428a-b34d-ba2b5a1dc6e1
2026-04-10 11:48:23|qwen|web_search_no_think|3|QUESTION_ADVANCE||1622|e0284f49-3faa-42c9-86ae-32f302118010
2026-04-10 11:48:25|qwen|web_search_no_think|0|QUESTION_SENT||1468|f664b649-8ee7-4355-81d7-0aebe76e79e7
2026-04-10 11:48:28|qwen|web_search_no_think|1|QUESTION_SENT||1518|ced5b472-89eb-488f-a03a-0d5ea37d58f0
2026-04-10 11:48:31|qwen|web_search_no_think|0|QUESTION|22|1468|f664b649-8ee7-4355-81d7-0aebe76e79e7
2026-04-10 11:48:33|qwen|web_search_no_think|1|QUESTION|21|1518|ced5b472-89eb-488f-a03a-0d5ea37d58f0
2026-04-10 11:48:38|qwen|web_search_no_think|4|QUESTION_SENT||1669|d3c02f26-455d-473b-9a63-b60a71c740c2
2026-04-10 11:48:43|qwen|web_search_no_think|4|QUESTION|23|1669|d3c02f26-455d-473b-9a63-b60a71c740c2
2026-04-10 11:48:50|qwen|web_search_no_think|3|QUESTION_SENT||1622|e0284f49-3faa-42c9-86ae-32f302118010
2026-04-10 11:48:56|qwen|web_search_no_think|3|QUESTION|22|1622|e0284f49-3faa-42c9-86ae-32f302118010
2026-04-10 11:49:33|qwen|web_search_no_think|5|QUESTION_SENT||1717|1bab8d26-6483-415b-803e-6724a62df583
2026-04-10 11:49:38|qwen|web_search_no_think|5|QUESTION|20|1717|1bab8d26-6483-415b-803e-6724a62df583
2026-04-10 11:49:43|qwen|web_search_no_think|2|JSON_VERIFIED||1570|d09626b5-2e56-405e-995c-10630b98ea65
2026-04-10 11:49:43|qwen|web_search_no_think|2|JSON_SAVED||1570|d09626b5-2e56-405e-995c-10630b98ea65
2026-04-10 11:49:43|qwen|web_search_no_think|2|QUESTION_ADVANCE||1571|7c3bf9eb-a714-4897-be17-e4aca2677164
2026-04-10 11:49:50|qwen|web_search_no_think|1|JSON_VERIFIED||1518|ced5b472-89eb-488f-a03a-0d5ea37d58f0
2026-04-10 11:49:50|qwen|web_search_no_think|1|JSON_SAVED||1518|ced5b472-89eb-488f-a03a-0d5ea37d58f0
2026-04-10 11:49:50|qwen|web_search_no_think|1|QUESTION_ADVANCE||1519|dcf8407b-a1d9-48da-8735-8e5e6f57e3fa
2026-04-10 11:50:11|qwen|web_search_no_think|2|QUESTION_SENT||1571|7c3bf9eb-a714-4897-be17-e4aca2677164
2026-04-10 11:50:11|qwen|web_search_no_think|0|JSON_VERIFIED||1468|f664b649-8ee7-4355-81d7-0aebe76e79e7
2026-04-10 11:50:11|qwen|web_search_no_think|0|JSON_SAVED||1468|f664b649-8ee7-4355-81d7-0aebe76e79e7
2026-04-10 11:50:11|qwen|web_search_no_think|0|QUESTION_ADVANCE||1469|ef089736-63bc-4b31-b871-030ade6d21d7
2026-04-10 11:50:16|qwen|web_search_no_think|2|QUESTION|23|1571|7c3bf9eb-a714-4897-be17-e4aca2677164
2026-04-10 11:50:17|qwen|web_search_no_think|1|QUESTION_SENT||1519|dcf8407b-a1d9-48da-8735-8e5e6f57e3fa
2026-04-10 11:50:23|qwen|web_search_no_think|1|QUESTION|22|1519|dcf8407b-a1d9-48da-8735-8e5e6f57e3fa
2026-04-10 11:50:23|qwen|web_search_no_think|4|JSON_VERIFIED||1669|d3c02f26-455d-473b-9a63-b60a71c740c2
2026-04-10 11:50:23|qwen|web_search_no_think|4|JSON_SAVED||1669|d3c02f26-455d-473b-9a63-b60a71c740c2
2026-04-10 11:50:23|qwen|web_search_no_think|4|QUESTION_ADVANCE||1670|131c5a10-f540-4a55-baad-b69f8a2543d1
2026-04-10 11:50:39|qwen|web_search_no_think|0|QUESTION_SENT||1469|ef089736-63bc-4b31-b871-030ade6d21d7
2026-04-10 11:50:44|qwen|web_search_no_think|0|QUESTION|23|1469|ef089736-63bc-4b31-b871-030ade6d21d7
2026-04-10 11:50:51|qwen|web_search_no_think|4|QUESTION_SENT||1670|131c5a10-f540-4a55-baad-b69f8a2543d1
2026-04-10 11:50:56|qwen|web_search_no_think|4|QUESTION|24|1670|131c5a10-f540-4a55-baad-b69f8a2543d1
2026-04-10 11:52:36|qwen|web_search_no_think|1|JSON_VERIFIED||1519|dcf8407b-a1d9-48da-8735-8e5e6f57e3fa
2026-04-10 11:52:36|qwen|web_search_no_think|1|JSON_SAVED||1519|dcf8407b-a1d9-48da-8735-8e5e6f57e3fa
2026-04-10 11:52:36|qwen|web_search_no_think|1|QUESTION_ADVANCE||1520|a8067b17-9067-4ece-bcd8-a2953599d261
2026-04-10 11:52:41|qwen|web_search_no_think|2|JSON_VERIFIED||1571|7c3bf9eb-a714-4897-be17-e4aca2677164
2026-04-10 11:52:41|qwen|web_search_no_think|2|JSON_SAVED||1571|7c3bf9eb-a714-4897-be17-e4aca2677164
2026-04-10 11:52:41|qwen|web_search_no_think|2|QUESTION_ADVANCE||1572|63d2a172-245a-4e20-b7b2-672890f949a9
2026-04-10 11:53:04|qwen|web_search_no_think|1|QUESTION_SENT||1520|a8067b17-9067-4ece-bcd8-a2953599d261
2026-04-10 11:53:09|qwen|web_search_no_think|2|QUESTION_SENT||1572|63d2a172-245a-4e20-b7b2-672890f949a9
2026-04-10 11:53:10|qwen|web_search_no_think|1|QUESTION|23|1520|a8067b17-9067-4ece-bcd8-a2953599d261
2026-04-10 11:53:12|qwen|web_search_no_think|5|JSON_VERIFIED||1717|1bab8d26-6483-415b-803e-6724a62df583
2026-04-10 11:53:12|qwen|web_search_no_think|5|JSON_SAVED||1717|1bab8d26-6483-415b-803e-6724a62df583
2026-04-10 11:53:12|qwen|web_search_no_think|5|QUESTION_ADVANCE||1718|afb41be7-5738-442e-8c19-36539854d150
2026-04-10 11:53:15|qwen|web_search_no_think|2|QUESTION|24|1572|63d2a172-245a-4e20-b7b2-672890f949a9
2026-04-10 11:53:39|qwen|web_search_no_think|5|QUESTION_SENT||1718|afb41be7-5738-442e-8c19-36539854d150
2026-04-10 11:53:45|qwen|web_search_no_think|5|QUESTION|21|1718|afb41be7-5738-442e-8c19-36539854d150
2026-04-10 11:53:59|qwen|web_search_no_think|4|JSON_VERIFIED||1670|131c5a10-f540-4a55-baad-b69f8a2543d1
2026-04-10 11:53:59|qwen|web_search_no_think|4|JSON_SAVED||1670|131c5a10-f540-4a55-baad-b69f8a2543d1
2026-04-10 11:53:59|qwen|web_search_no_think|4|QUESTION_ADVANCE||1671|ee70d998-8471-4df6-a9ee-caee8410fa74
2026-04-10 11:54:02|qwen|web_search_no_think|3|JSON_VERIFIED||1622|e0284f49-3faa-42c9-86ae-32f302118010
2026-04-10 11:54:02|qwen|web_search_no_think|3|JSON_SAVED||1622|e0284f49-3faa-42c9-86ae-32f302118010
2026-04-10 11:54:02|qwen|web_search_no_think|3|QUESTION_ADVANCE||1623|065b9908-c1ad-4a57-9065-131fec74360d
2026-04-10 11:54:05|qwen|web_search_no_think|2|JSON_VERIFY_FAILED||1572|63d2a172-245a-4e20-b7b2-672890f949a9
2026-04-10 11:54:27|qwen|web_search_no_think|4|QUESTION_SENT||1671|ee70d998-8471-4df6-a9ee-caee8410fa74
2026-04-10 11:54:30|qwen|web_search_no_think|3|QUESTION_SENT||1623|065b9908-c1ad-4a57-9065-131fec74360d
2026-04-10 11:54:32|qwen|web_search_no_think|4|QUESTION|25|1671|ee70d998-8471-4df6-a9ee-caee8410fa74
2026-04-10 11:54:33|qwen|web_search_no_think|2|QUESTION_SENT||1572|63d2a172-245a-4e20-b7b2-672890f949a9
2026-04-10 11:54:35|qwen|web_search_no_think|0|JSON_VERIFIED||1469|ef089736-63bc-4b31-b871-030ade6d21d7
2026-04-10 11:54:35|qwen|web_search_no_think|0|JSON_SAVED||1469|ef089736-63bc-4b31-b871-030ade6d21d7
2026-04-10 11:54:35|qwen|web_search_no_think|0|QUESTION_ADVANCE||1470|372b7612-a095-4dd0-89cb-28c8a2edc97b
2026-04-10 11:54:35|qwen|web_search_no_think|3|QUESTION|23|1623|065b9908-c1ad-4a57-9065-131fec74360d
2026-04-10 11:54:38|qwen|web_search_no_think|2|QUESTION|25|1572|63d2a172-245a-4e20-b7b2-672890f949a9
2026-04-10 11:54:58|qwen|web_search_no_think|1|JSON_VERIFIED||1520|a8067b17-9067-4ece-bcd8-a2953599d261
2026-04-10 11:54:58|qwen|web_search_no_think|1|JSON_SAVED||1520|a8067b17-9067-4ece-bcd8-a2953599d261
2026-04-10 11:54:58|qwen|web_search_no_think|1|QUESTION_ADVANCE||1521|4fa8832d-e9d8-4485-8c56-df48a59afc2f
2026-04-10 11:55:02|qwen|web_search_no_think|0|QUESTION_SENT||1470|372b7612-a095-4dd0-89cb-28c8a2edc97b
2026-04-10 11:55:03|qwen|web_search_no_think|2|JSON_VERIFY_FAILED||1572|63d2a172-245a-4e20-b7b2-672890f949a9
2026-04-10 11:55:07|qwen|web_search_no_think|0|QUESTION|24|1470|372b7612-a095-4dd0-89cb-28c8a2edc97b
2026-04-10 11:55:25|qwen|web_search_no_think|1|QUESTION_SENT||1521|4fa8832d-e9d8-4485-8c56-df48a59afc2f
2026-04-10 11:55:30|qwen|web_search_no_think|1|QUESTION|24|1521|4fa8832d-e9d8-4485-8c56-df48a59afc2f
2026-04-10 11:55:30|qwen|web_search_no_think|2|QUESTION_SENT||1572|63d2a172-245a-4e20-b7b2-672890f949a9
2026-04-10 11:55:36|qwen|web_search_no_think|2|QUESTION|26|1572|63d2a172-245a-4e20-b7b2-672890f949a9
2026-04-10 11:56:32|qwen|web_search_no_think|5|JSON_VERIFIED||1718|afb41be7-5738-442e-8c19-36539854d150
2026-04-10 11:56:32|qwen|web_search_no_think|5|JSON_SAVED||1718|afb41be7-5738-442e-8c19-36539854d150
2026-04-10 11:56:32|qwen|web_search_no_think|5|QUESTION_ADVANCE||1719|ce5abb8f-3940-4fcc-8891-a70386dcb74f
2026-04-10 11:56:33|qwen|web_search_no_think|2|JSON_VERIFIED||1572|63d2a172-245a-4e20-b7b2-672890f949a9
2026-04-10 11:56:33|qwen|web_search_no_think|2|JSON_SAVED||1572|63d2a172-245a-4e20-b7b2-672890f949a9
2026-04-10 11:56:33|qwen|web_search_no_think|2|QUESTION_ADVANCE||1573|a33b7b38-b37e-457c-822b-2b05cae9478f
2026-04-10 11:57:05|qwen|web_search_no_think|5|QUESTION_SENT||1719|ce5abb8f-3940-4fcc-8891-a70386dcb74f
2026-04-10 11:57:05|qwen|web_search_no_think|2|QUESTION_SENT||1573|a33b7b38-b37e-457c-822b-2b05cae9478f
2026-04-10 11:57:10|qwen|web_search_no_think|5|QUESTION|22|1719|ce5abb8f-3940-4fcc-8891-a70386dcb74f
2026-04-10 11:57:11|qwen|web_search_no_think|2|QUESTION|27|1573|a33b7b38-b37e-457c-822b-2b05cae9478f
2026-04-10 11:57:11|qwen|web_search_no_think|4|JSON_VERIFIED||1671|ee70d998-8471-4df6-a9ee-caee8410fa74
2026-04-10 11:57:11|qwen|web_search_no_think|4|JSON_SAVED||1671|ee70d998-8471-4df6-a9ee-caee8410fa74
2026-04-10 11:57:11|qwen|web_search_no_think|4|QUESTION_ADVANCE||1672|257b2591-fcdc-4b38-b6c6-49c8d58183c0
2026-04-10 11:57:22|qwen|web_search_no_think|3|JSON_VERIFIED||1623|065b9908-c1ad-4a57-9065-131fec74360d
2026-04-10 11:57:22|qwen|web_search_no_think|3|JSON_SAVED||1623|065b9908-c1ad-4a57-9065-131fec74360d
2026-04-10 11:57:22|qwen|web_search_no_think|3|QUESTION_ADVANCE||1624|5d3a6534-6ff5-4043-9c3c-e2ec76bdea8c
2026-04-10 11:57:36|qwen|web_search_no_think|2|QUESTION_SENT||1573|a33b7b38-b37e-457c-822b-2b05cae9478f
2026-04-10 11:57:38|qwen|web_search_no_think|4|QUESTION_SENT||1672|257b2591-fcdc-4b38-b6c6-49c8d58183c0
2026-04-10 11:57:41|qwen|web_search_no_think|2|QUESTION|28|1573|a33b7b38-b37e-457c-822b-2b05cae9478f
2026-04-10 11:57:44|qwen|web_search_no_think|4|QUESTION|26|1672|257b2591-fcdc-4b38-b6c6-49c8d58183c0
2026-04-10 11:57:49|qwen|web_search_no_think|3|QUESTION_SENT||1624|5d3a6534-6ff5-4043-9c3c-e2ec76bdea8c
2026-04-10 11:57:49|qwen|web_search_no_think|0|JSON_VERIFIED||1470|372b7612-a095-4dd0-89cb-28c8a2edc97b
2026-04-10 11:57:49|qwen|web_search_no_think|0|JSON_SAVED||1470|372b7612-a095-4dd0-89cb-28c8a2edc97b
2026-04-10 11:57:49|qwen|web_search_no_think|0|QUESTION_ADVANCE||1471|6e18e25f-7634-4fc1-8d0e-3186ab1b1625
2026-04-10 11:57:54|qwen|web_search_no_think|3|QUESTION|24|1624|5d3a6534-6ff5-4043-9c3c-e2ec76bdea8c
2026-04-10 11:58:07|qwen|web_search_no_think|1|JSON_VERIFIED||1521|4fa8832d-e9d8-4485-8c56-df48a59afc2f
2026-04-10 11:58:07|qwen|web_search_no_think|1|JSON_SAVED||1521|4fa8832d-e9d8-4485-8c56-df48a59afc2f
2026-04-10 11:58:07|qwen|web_search_no_think|1|QUESTION_ADVANCE||1522|281e0497-749d-49aa-8c39-42399f6ae6e9
2026-04-10 11:58:17|qwen|web_search_no_think|0|QUESTION_SENT||1471|6e18e25f-7634-4fc1-8d0e-3186ab1b1625
2026-04-10 11:58:22|qwen|web_search_no_think|0|QUESTION|25|1471|6e18e25f-7634-4fc1-8d0e-3186ab1b1625
2026-04-10 11:58:33|qwen|web_search_no_think|1|QUESTION_SENT||1522|281e0497-749d-49aa-8c39-42399f6ae6e9
2026-04-10 11:58:39|qwen|web_search_no_think|1|QUESTION|25|1522|281e0497-749d-49aa-8c39-42399f6ae6e9
2026-04-10 11:58:48|qwen|web_search_no_think|4|JSON_VERIFIED||1672|257b2591-fcdc-4b38-b6c6-49c8d58183c0
2026-04-10 11:58:48|qwen|web_search_no_think|4|JSON_SAVED||1672|257b2591-fcdc-4b38-b6c6-49c8d58183c0
2026-04-10 11:58:48|qwen|web_search_no_think|4|QUESTION_ADVANCE||1673|1f74edda-67c5-438a-8331-be4b894fff7b
2026-04-10 11:59:15|qwen|web_search_no_think|4|QUESTION_SENT||1673|1f74edda-67c5-438a-8331-be4b894fff7b
2026-04-10 11:59:20|qwen|web_search_no_think|4|QUESTION|27|1673|1f74edda-67c5-438a-8331-be4b894fff7b
2026-04-10 11:59:26|qwen|web_search_no_think|0|JSON_VERIFIED||1471|6e18e25f-7634-4fc1-8d0e-3186ab1b1625
2026-04-10 11:59:26|qwen|web_search_no_think|0|JSON_SAVED||1471|6e18e25f-7634-4fc1-8d0e-3186ab1b1625
2026-04-10 11:59:26|qwen|web_search_no_think|0|QUESTION_ADVANCE||1472|b41456bb-682c-457b-a746-69bd12387cde
2026-04-10 11:59:42|qwen|web_search_no_think|3|JSON_VERIFIED||1624|5d3a6534-6ff5-4043-9c3c-e2ec76bdea8c
2026-04-10 11:59:42|qwen|web_search_no_think|3|JSON_SAVED||1624|5d3a6534-6ff5-4043-9c3c-e2ec76bdea8c
2026-04-10 11:59:42|qwen|web_search_no_think|3|QUESTION_ADVANCE||1625|05c76e28-a0b6-4ad1-9268-13b0dc4c936e
2026-04-10 11:59:54|qwen|web_search_no_think|0|QUESTION_SENT||1472|b41456bb-682c-457b-a746-69bd12387cde
2026-04-10 11:59:59|qwen|web_search_no_think|0|QUESTION|26|1472|b41456bb-682c-457b-a746-69bd12387cde
2026-04-10 12:00:11|qwen|web_search_no_think|3|QUESTION_SENT||1625|05c76e28-a0b6-4ad1-9268-13b0dc4c936e
2026-04-10 12:00:16|qwen|web_search_no_think|3|QUESTION|25|1625|05c76e28-a0b6-4ad1-9268-13b0dc4c936e
2026-04-10 12:00:21|qwen|web_search_no_think|2|JSON_VERIFIED||1573|a33b7b38-b37e-457c-822b-2b05cae9478f
2026-04-10 12:00:21|qwen|web_search_no_think|2|JSON_SAVED||1573|a33b7b38-b37e-457c-822b-2b05cae9478f
2026-04-10 12:00:21|qwen|web_search_no_think|2|QUESTION_ADVANCE||1574|399964d4-8ff1-4d2a-9200-ce01abb48cb8
2026-04-10 12:00:42|qwen|web_search_no_think|3|QUESTION_SENT||1625|05c76e28-a0b6-4ad1-9268-13b0dc4c936e
2026-04-10 12:00:46|qwen|web_search_no_think|4|JSON_VERIFIED||1673|1f74edda-67c5-438a-8331-be4b894fff7b
2026-04-10 12:00:46|qwen|web_search_no_think|4|JSON_SAVED||1673|1f74edda-67c5-438a-8331-be4b894fff7b
2026-04-10 12:00:46|qwen|web_search_no_think|4|QUESTION_ADVANCE||1674|0687903d-0d72-4181-9a0b-4b1d89be8d60
2026-04-10 12:00:47|qwen|web_search_no_think|3|QUESTION|26|1625|05c76e28-a0b6-4ad1-9268-13b0dc4c936e
2026-04-10 12:00:49|qwen|web_search_no_think|2|QUESTION_SENT||1574|399964d4-8ff1-4d2a-9200-ce01abb48cb8
2026-04-10 12:00:55|qwen|web_search_no_think|2|QUESTION|29|1574|399964d4-8ff1-4d2a-9200-ce01abb48cb8
2026-04-10 12:01:11|qwen|web_search_no_think|0|JSON_VERIFIED||1472|b41456bb-682c-457b-a746-69bd12387cde
2026-04-10 12:01:11|qwen|web_search_no_think|0|JSON_SAVED||1472|b41456bb-682c-457b-a746-69bd12387cde
2026-04-10 12:01:11|qwen|web_search_no_think|0|QUESTION_ADVANCE||1473|662daa8f-b893-48ac-9849-d44ccfccaac8
2026-04-10 12:01:13|qwen|web_search_no_think|4|QUESTION_SENT||1674|0687903d-0d72-4181-9a0b-4b1d89be8d60
2026-04-10 12:01:18|qwen|web_search_no_think|4|QUESTION|28|1674|0687903d-0d72-4181-9a0b-4b1d89be8d60
2026-04-10 12:01:38|qwen|web_search_no_think|1|JSON_VERIFIED||1522|281e0497-749d-49aa-8c39-42399f6ae6e9
2026-04-10 12:01:38|qwen|web_search_no_think|1|JSON_SAVED||1522|281e0497-749d-49aa-8c39-42399f6ae6e9
2026-04-10 12:01:38|qwen|web_search_no_think|1|QUESTION_ADVANCE||1523|e0686063-bc67-4d8c-9a48-417b02cbae0c
2026-04-10 12:01:38|qwen|web_search_no_think|0|QUESTION_SENT||1473|662daa8f-b893-48ac-9849-d44ccfccaac8
2026-04-10 12:01:43|qwen|web_search_no_think|0|QUESTION|27|1473|662daa8f-b893-48ac-9849-d44ccfccaac8
2026-04-10 12:02:05|qwen|web_search_no_think|1|QUESTION_SENT||1523|e0686063-bc67-4d8c-9a48-417b02cbae0c
2026-04-10 12:02:10|qwen|web_search_no_think|1|QUESTION|26|1523|e0686063-bc67-4d8c-9a48-417b02cbae0c
2026-04-10 12:02:40|qwen|web_search_no_think|3|JSON_VERIFY_FAILED||1625|05c76e28-a0b6-4ad1-9268-13b0dc4c936e
2026-04-10 12:03:07|qwen|web_search_no_think|3|QUESTION_SENT||1625|05c76e28-a0b6-4ad1-9268-13b0dc4c936e
2026-04-10 12:03:12|qwen|web_search_no_think|3|QUESTION|27|1625|05c76e28-a0b6-4ad1-9268-13b0dc4c936e
2026-04-10 12:03:14|qwen|web_search_no_think|5|QUESTION_SENT||1719|ce5abb8f-3940-4fcc-8891-a70386dcb74f
2026-04-10 12:03:19|qwen|web_search_no_think|5|QUESTION|23|1719|ce5abb8f-3940-4fcc-8891-a70386dcb74f
2026-04-10 12:03:48|qwen|web_search_no_think|2|JSON_VERIFIED||1574|399964d4-8ff1-4d2a-9200-ce01abb48cb8
2026-04-10 12:03:48|qwen|web_search_no_think|2|JSON_SAVED||1574|399964d4-8ff1-4d2a-9200-ce01abb48cb8
2026-04-10 12:03:48|qwen|web_search_no_think|2|QUESTION_ADVANCE||1575|d95387c4-7334-4c73-b8ed-8f56dd47f5af
2026-04-10 12:04:15|qwen|web_search_no_think|2|QUESTION_SENT||1575|d95387c4-7334-4c73-b8ed-8f56dd47f5af
2026-04-10 12:04:20|qwen|web_search_no_think|2|QUESTION|30|1575|d95387c4-7334-4c73-b8ed-8f56dd47f5af
2026-04-10 12:05:26|qwen|web_search_no_think|0|JSON_VERIFIED||1473|662daa8f-b893-48ac-9849-d44ccfccaac8
2026-04-10 12:05:26|qwen|web_search_no_think|0|JSON_SAVED||1473|662daa8f-b893-48ac-9849-d44ccfccaac8
2026-04-10 12:05:26|qwen|web_search_no_think|0|QUESTION_ADVANCE||1474|f8d6c74b-39d8-4b8d-bf40-f86268340961
2026-04-10 12:05:53|qwen|web_search_no_think|0|QUESTION_SENT||1474|f8d6c74b-39d8-4b8d-bf40-f86268340961
2026-04-10 12:05:57|qwen|web_search_no_think|1|JSON_VERIFIED||1523|e0686063-bc67-4d8c-9a48-417b02cbae0c
2026-04-10 12:05:57|qwen|web_search_no_think|1|JSON_SAVED||1523|e0686063-bc67-4d8c-9a48-417b02cbae0c
2026-04-10 12:05:57|qwen|web_search_no_think|1|QUESTION_ADVANCE||1524|14a381bc-097a-4689-843c-52d077962194
2026-04-10 12:05:58|qwen|web_search_no_think|0|QUESTION|28|1474|f8d6c74b-39d8-4b8d-bf40-f86268340961
2026-04-10 12:06:14|qwen|web_search_no_think|4|JSON_VERIFIED||1674|0687903d-0d72-4181-9a0b-4b1d89be8d60
2026-04-10 12:06:14|qwen|web_search_no_think|4|JSON_SAVED||1674|0687903d-0d72-4181-9a0b-4b1d89be8d60
2026-04-10 12:06:14|qwen|web_search_no_think|4|QUESTION_ADVANCE||1675|fbc806c9-ac7b-45cf-acc0-82d583972067
2026-04-10 12:06:15|qwen|web_search_no_think|5|JSON_VERIFIED||1719|ce5abb8f-3940-4fcc-8891-a70386dcb74f
2026-04-10 12:06:15|qwen|web_search_no_think|5|JSON_SAVED||1719|ce5abb8f-3940-4fcc-8891-a70386dcb74f
2026-04-10 12:06:15|qwen|web_search_no_think|5|QUESTION_ADVANCE||1720|20ca6018-789a-4148-89ba-760780589185
2026-04-10 12:06:25|qwen|web_search_no_think|1|QUESTION_SENT||1524|14a381bc-097a-4689-843c-52d077962194
2026-04-10 12:06:30|qwen|web_search_no_think|1|QUESTION|27|1524|14a381bc-097a-4689-843c-52d077962194
2026-04-10 12:06:36|qwen|web_search_no_think|2|JSON_VERIFIED||1575|d95387c4-7334-4c73-b8ed-8f56dd47f5af
2026-04-10 12:06:36|qwen|web_search_no_think|2|JSON_SAVED||1575|d95387c4-7334-4c73-b8ed-8f56dd47f5af
2026-04-10 12:06:36|qwen|web_search_no_think|2|QUESTION_ADVANCE||1576|4d6a0ddc-ab71-40a0-b048-b55bfd08c5b7
2026-04-10 12:06:41|qwen|web_search_no_think|4|QUESTION_SENT||1675|fbc806c9-ac7b-45cf-acc0-82d583972067
2026-04-10 12:06:42|qwen|web_search_no_think|5|QUESTION_SENT||1720|20ca6018-789a-4148-89ba-760780589185
2026-04-10 12:06:46|qwen|web_search_no_think|4|QUESTION|29|1675|fbc806c9-ac7b-45cf-acc0-82d583972067
2026-04-10 12:06:47|qwen|web_search_no_think|5|QUESTION|24|1720|20ca6018-789a-4148-89ba-760780589185
2026-04-10 12:07:03|qwen|web_search_no_think|2|QUESTION_SENT||1576|4d6a0ddc-ab71-40a0-b048-b55bfd08c5b7
2026-04-10 12:07:08|qwen|web_search_no_think|2|QUESTION|31|1576|4d6a0ddc-ab71-40a0-b048-b55bfd08c5b7
2026-04-10 12:07:35|qwen|web_search_no_think|3|JSON_VERIFIED||1625|05c76e28-a0b6-4ad1-9268-13b0dc4c936e
2026-04-10 12:07:35|qwen|web_search_no_think|3|JSON_SAVED||1625|05c76e28-a0b6-4ad1-9268-13b0dc4c936e
2026-04-10 12:07:35|qwen|web_search_no_think|3|QUESTION_ADVANCE||1626|535f3421-a6a0-42de-a3ea-a4affba40f11
2026-04-10 12:07:53|qwen|web_search_no_think|0|JSON_VERIFIED||1474|f8d6c74b-39d8-4b8d-bf40-f86268340961
2026-04-10 12:07:53|qwen|web_search_no_think|0|JSON_SAVED||1474|f8d6c74b-39d8-4b8d-bf40-f86268340961
2026-04-10 12:07:53|qwen|web_search_no_think|0|QUESTION_ADVANCE||1475|570d0769-8d0b-40a6-ac10-2007e1122be4
2026-04-10 12:08:01|qwen|web_search_no_think|5|JSON_VERIFIED||1720|20ca6018-789a-4148-89ba-760780589185
2026-04-10 12:08:01|qwen|web_search_no_think|5|JSON_SAVED||1720|20ca6018-789a-4148-89ba-760780589185
2026-04-10 12:08:01|qwen|web_search_no_think|5|QUESTION_ADVANCE||1721|436d302e-9830-4eaa-bf64-2cf39531df9b
2026-04-10 12:08:08|qwen|web_search_no_think|3|QUESTION_SENT||1626|535f3421-a6a0-42de-a3ea-a4affba40f11
2026-04-10 12:08:13|qwen|web_search_no_think|4|JSON_VERIFIED||1675|fbc806c9-ac7b-45cf-acc0-82d583972067
2026-04-10 12:08:13|qwen|web_search_no_think|4|JSON_SAVED||1675|fbc806c9-ac7b-45cf-acc0-82d583972067
2026-04-10 12:08:13|qwen|web_search_no_think|4|QUESTION_ADVANCE||1676|bb552561-13c5-4ab2-bf4e-d86e82132ff4
2026-04-10 12:08:14|qwen|web_search_no_think|3|QUESTION|28|1626|535f3421-a6a0-42de-a3ea-a4affba40f11
2026-04-10 12:08:22|qwen|web_search_no_think|0|QUESTION_SENT||1475|570d0769-8d0b-40a6-ac10-2007e1122be4
2026-04-10 12:08:27|qwen|web_search_no_think|0|QUESTION|29|1475|570d0769-8d0b-40a6-ac10-2007e1122be4
2026-04-10 12:08:29|qwen|web_search_no_think|5|QUESTION_SENT||1721|436d302e-9830-4eaa-bf64-2cf39531df9b
2026-04-10 12:08:34|qwen|web_search_no_think|5|QUESTION|25|1721|436d302e-9830-4eaa-bf64-2cf39531df9b
2026-04-10 12:08:41|qwen|web_search_no_think|4|QUESTION_SENT||1676|bb552561-13c5-4ab2-bf4e-d86e82132ff4
2026-04-10 12:08:47|qwen|web_search_no_think|4|QUESTION|30|1676|bb552561-13c5-4ab2-bf4e-d86e82132ff4
2026-04-10 12:09:43|qwen|web_search_no_think|1|JSON_VERIFIED||1524|14a381bc-097a-4689-843c-52d077962194
2026-04-10 12:09:43|qwen|web_search_no_think|1|JSON_SAVED||1524|14a381bc-097a-4689-843c-52d077962194
2026-04-10 12:09:43|qwen|web_search_no_think|1|QUESTION_ADVANCE||1525|b72ed637-9a4f-4011-8bf0-0637c7cb2d12
2026-04-10 12:10:11|qwen|web_search_no_think|2|JSON_VERIFIED||1576|4d6a0ddc-ab71-40a0-b048-b55bfd08c5b7
2026-04-10 12:10:11|qwen|web_search_no_think|2|JSON_SAVED||1576|4d6a0ddc-ab71-40a0-b048-b55bfd08c5b7
2026-04-10 12:10:11|qwen|web_search_no_think|2|QUESTION_ADVANCE||1577|bfdd0d64-45ce-411d-a7ff-b0748398fb7c
2026-04-10 12:10:11|qwen|web_search_no_think|1|QUESTION_SENT||1525|b72ed637-9a4f-4011-8bf0-0637c7cb2d12
2026-04-10 12:10:16|qwen|web_search_no_think|1|QUESTION|28|1525|b72ed637-9a4f-4011-8bf0-0637c7cb2d12
2026-04-10 12:10:17|qwen|web_search_no_think|3|JSON_VERIFIED||1626|535f3421-a6a0-42de-a3ea-a4affba40f11
2026-04-10 12:10:17|qwen|web_search_no_think|3|JSON_SAVED||1626|535f3421-a6a0-42de-a3ea-a4affba40f11
2026-04-10 12:10:17|qwen|web_search_no_think|3|QUESTION_ADVANCE||1627|f4ad64a0-d014-435a-98db-5e3625af71c0
2026-04-10 12:10:30|qwen|web_search_no_think|5|JSON_VERIFIED||1721|436d302e-9830-4eaa-bf64-2cf39531df9b
2026-04-10 12:10:30|qwen|web_search_no_think|5|JSON_SAVED||1721|436d302e-9830-4eaa-bf64-2cf39531df9b
2026-04-10 12:10:30|qwen|web_search_no_think|5|QUESTION_ADVANCE||1722|49360700-d55d-4b40-932e-e9d5181f4a59
2026-04-10 12:10:38|qwen|web_search_no_think|2|QUESTION_SENT||1577|bfdd0d64-45ce-411d-a7ff-b0748398fb7c
2026-04-10 12:10:43|qwen|web_search_no_think|2|QUESTION|32|1577|bfdd0d64-45ce-411d-a7ff-b0748398fb7c
2026-04-10 12:10:44|qwen|web_search_no_think|3|QUESTION_SENT||1627|f4ad64a0-d014-435a-98db-5e3625af71c0
2026-04-10 12:10:48|qwen|web_search_no_think|0|JSON_VERIFIED||1475|570d0769-8d0b-40a6-ac10-2007e1122be4
2026-04-10 12:10:48|qwen|web_search_no_think|0|JSON_SAVED||1475|570d0769-8d0b-40a6-ac10-2007e1122be4
2026-04-10 12:10:48|qwen|web_search_no_think|0|QUESTION_ADVANCE||1476|285950a8-7fe1-4d9d-a6d7-65c7dd4e7503
2026-04-10 12:10:49|qwen|web_search_no_think|3|QUESTION|29|1627|f4ad64a0-d014-435a-98db-5e3625af71c0
2026-04-10 12:10:57|qwen|web_search_no_think|5|QUESTION_SENT||1722|49360700-d55d-4b40-932e-e9d5181f4a59
2026-04-10 12:11:02|qwen|web_search_no_think|5|QUESTION|26|1722|49360700-d55d-4b40-932e-e9d5181f4a59
2026-04-10 12:11:15|qwen|web_search_no_think|0|QUESTION_SENT||1476|285950a8-7fe1-4d9d-a6d7-65c7dd4e7503
2026-04-10 12:11:15|qwen|web_search_no_think|3|JSON_VERIFY_FAILED||1627|f4ad64a0-d014-435a-98db-5e3625af71c0
2026-04-10 12:11:20|qwen|web_search_no_think|0|QUESTION|30|1476|285950a8-7fe1-4d9d-a6d7-65c7dd4e7503
2026-04-10 12:11:27|qwen|web_search_no_think|4|JSON_VERIFIED||1676|bb552561-13c5-4ab2-bf4e-d86e82132ff4
2026-04-10 12:11:27|qwen|web_search_no_think|4|JSON_SAVED||1676|bb552561-13c5-4ab2-bf4e-d86e82132ff4
2026-04-10 12:11:27|qwen|web_search_no_think|4|QUESTION_ADVANCE||1677|e32e4bb4-f3b3-4102-b8e0-e97cb0e3ace6
2026-04-10 12:11:42|qwen|web_search_no_think|3|QUESTION_SENT||1627|f4ad64a0-d014-435a-98db-5e3625af71c0
2026-04-10 12:11:47|qwen|web_search_no_think|3|QUESTION|30|1627|f4ad64a0-d014-435a-98db-5e3625af71c0
2026-04-10 12:11:55|qwen|web_search_no_think|4|QUESTION_SENT||1677|e32e4bb4-f3b3-4102-b8e0-e97cb0e3ace6
2026-04-10 12:12:00|qwen|web_search_no_think|4|QUESTION|31|1677|e32e4bb4-f3b3-4102-b8e0-e97cb0e3ace6
2026-04-10 12:13:09|qwen|web_search_no_think|5|JSON_VERIFIED||1722|49360700-d55d-4b40-932e-e9d5181f4a59
2026-04-10 12:13:09|qwen|web_search_no_think|5|JSON_SAVED||1722|49360700-d55d-4b40-932e-e9d5181f4a59
2026-04-10 12:13:09|qwen|web_search_no_think|5|QUESTION_ADVANCE||1723|65715a12-11c9-4487-961a-f4f007ff61ae
2026-04-10 12:13:36|qwen|web_search_no_think|5|QUESTION_SENT||1723|65715a12-11c9-4487-961a-f4f007ff61ae
2026-04-10 12:13:42|qwen|web_search_no_think|5|QUESTION|27|1723|65715a12-11c9-4487-961a-f4f007ff61ae
2026-04-10 12:13:46|qwen|web_search_no_think|1|JSON_VERIFIED||1525|b72ed637-9a4f-4011-8bf0-0637c7cb2d12
2026-04-10 12:13:46|qwen|web_search_no_think|1|JSON_SAVED||1525|b72ed637-9a4f-4011-8bf0-0637c7cb2d12
2026-04-10 12:13:46|qwen|web_search_no_think|1|QUESTION_ADVANCE||1526|cecd6c17-3d07-45ba-9946-56aa8894fde2
2026-04-10 12:13:53|qwen|web_search_no_think|3|JSON_VERIFIED||1627|f4ad64a0-d014-435a-98db-5e3625af71c0
2026-04-10 12:13:53|qwen|web_search_no_think|3|JSON_SAVED||1627|f4ad64a0-d014-435a-98db-5e3625af71c0
2026-04-10 12:13:53|qwen|web_search_no_think|3|QUESTION_ADVANCE||1628|09fffffe-8a76-4c40-907e-116ad75b2738
2026-04-10 12:14:13|qwen|web_search_no_think|1|QUESTION_SENT||1526|cecd6c17-3d07-45ba-9946-56aa8894fde2
2026-04-10 12:14:18|qwen|web_search_no_think|1|QUESTION|29|1526|cecd6c17-3d07-45ba-9946-56aa8894fde2
2026-04-10 12:14:19|qwen|web_search_no_think|0|JSON_VERIFIED||1476|285950a8-7fe1-4d9d-a6d7-65c7dd4e7503
2026-04-10 12:14:19|qwen|web_search_no_think|0|JSON_SAVED||1476|285950a8-7fe1-4d9d-a6d7-65c7dd4e7503
2026-04-10 12:14:19|qwen|web_search_no_think|0|QUESTION_ADVANCE||1477|20b6994e-00c4-4215-ac23-ce0d38dfe588
2026-04-10 12:14:20|qwen|web_search_no_think|3|QUESTION_SENT||1628|09fffffe-8a76-4c40-907e-116ad75b2738
2026-04-10 12:14:25|qwen|web_search_no_think|4|JSON_VERIFIED||1677|e32e4bb4-f3b3-4102-b8e0-e97cb0e3ace6
2026-04-10 12:14:25|qwen|web_search_no_think|4|JSON_SAVED||1677|e32e4bb4-f3b3-4102-b8e0-e97cb0e3ace6
2026-04-10 12:14:25|qwen|web_search_no_think|4|QUESTION_ADVANCE||1678|e677b43f-27cc-4cc2-903f-2c887c03f38c
2026-04-10 12:14:26|qwen|web_search_no_think|3|QUESTION|31|1628|09fffffe-8a76-4c40-907e-116ad75b2738
2026-04-10 12:14:46|qwen|web_search_no_think|0|QUESTION_SENT||1477|20b6994e-00c4-4215-ac23-ce0d38dfe588
2026-04-10 12:14:46|qwen|web_search_no_think|5|JSON_VERIFIED||1723|65715a12-11c9-4487-961a-f4f007ff61ae
2026-04-10 12:14:46|qwen|web_search_no_think|5|JSON_SAVED||1723|65715a12-11c9-4487-961a-f4f007ff61ae
2026-04-10 12:14:46|qwen|web_search_no_think|5|QUESTION_ADVANCE||1724|58d42d76-8418-4523-84bf-c4ec29ff1ec0
2026-04-10 12:14:51|qwen|web_search_no_think|0|QUESTION|31|1477|20b6994e-00c4-4215-ac23-ce0d38dfe588
2026-04-10 12:14:52|qwen|web_search_no_think|4|QUESTION_SENT||1678|e677b43f-27cc-4cc2-903f-2c887c03f38c
2026-04-10 12:14:57|qwen|web_search_no_think|4|QUESTION|32|1678|e677b43f-27cc-4cc2-903f-2c887c03f38c
2026-04-10 12:15:13|qwen|web_search_no_think|5|QUESTION_SENT||1724|58d42d76-8418-4523-84bf-c4ec29ff1ec0
2026-04-10 12:15:18|qwen|web_search_no_think|5|QUESTION|28|1724|58d42d76-8418-4523-84bf-c4ec29ff1ec0
2026-04-10 12:15:48|qwen|web_search_no_think|2|JSON_VERIFIED||1577|bfdd0d64-45ce-411d-a7ff-b0748398fb7c
2026-04-10 12:15:48|qwen|web_search_no_think|2|JSON_SAVED||1577|bfdd0d64-45ce-411d-a7ff-b0748398fb7c
2026-04-10 12:15:48|qwen|web_search_no_think|2|QUESTION_ADVANCE||1578|8ba62bfd-a6db-4ef5-a4e3-4efdaa358814
2026-04-10 12:16:17|qwen|web_search_no_think|2|QUESTION_SENT||1578|8ba62bfd-a6db-4ef5-a4e3-4efdaa358814
2026-04-10 12:16:18|qwen|web_search_no_think|0|JSON_VERIFIED||1477|20b6994e-00c4-4215-ac23-ce0d38dfe588
2026-04-10 12:16:18|qwen|web_search_no_think|0|JSON_SAVED||1477|20b6994e-00c4-4215-ac23-ce0d38dfe588
2026-04-10 12:16:18|qwen|web_search_no_think|0|QUESTION_ADVANCE||1478|971e478a-9851-43b7-b276-1f1c43b98681
2026-04-10 12:16:21|qwen|web_search_no_think|1|JSON_VERIFIED||1526|cecd6c17-3d07-45ba-9946-56aa8894fde2
2026-04-10 12:16:21|qwen|web_search_no_think|1|JSON_SAVED||1526|cecd6c17-3d07-45ba-9946-56aa8894fde2
2026-04-10 12:16:21|qwen|web_search_no_think|1|QUESTION_ADVANCE||1527|6445534c-3516-4aa1-b38f-5c288b6463ca
2026-04-10 12:16:22|qwen|web_search_no_think|2|QUESTION|33|1578|8ba62bfd-a6db-4ef5-a4e3-4efdaa358814
2026-04-10 12:16:31|qwen|web_search_no_think|5|JSON_VERIFIED||1724|58d42d76-8418-4523-84bf-c4ec29ff1ec0
2026-04-10 12:16:31|qwen|web_search_no_think|5|JSON_SAVED||1724|58d42d76-8418-4523-84bf-c4ec29ff1ec0
2026-04-10 12:16:31|qwen|web_search_no_think|5|QUESTION_ADVANCE||1725|cb53bf24-59c0-416b-803d-0943bd034b94
2026-04-10 12:16:45|qwen|web_search_no_think|0|QUESTION_SENT||1478|971e478a-9851-43b7-b276-1f1c43b98681
2026-04-10 12:16:48|qwen|web_search_no_think|1|QUESTION_SENT||1527|6445534c-3516-4aa1-b38f-5c288b6463ca
2026-04-10 12:16:51|qwen|web_search_no_think|0|QUESTION|32|1478|971e478a-9851-43b7-b276-1f1c43b98681
2026-04-10 12:16:53|qwen|web_search_no_think|1|QUESTION|30|1527|6445534c-3516-4aa1-b38f-5c288b6463ca
2026-04-10 12:16:58|qwen|web_search_no_think|5|QUESTION_SENT||1725|cb53bf24-59c0-416b-803d-0943bd034b94
2026-04-10 12:17:03|qwen|web_search_no_think|5|QUESTION|29|1725|cb53bf24-59c0-416b-803d-0943bd034b94
2026-04-10 12:17:21|qwen|web_search_no_think|2|JSON_VERIFY_FAILED||1578|8ba62bfd-a6db-4ef5-a4e3-4efdaa358814
2026-04-10 12:17:28|qwen|web_search_no_think|3|JSON_VERIFIED||1628|09fffffe-8a76-4c40-907e-116ad75b2738
2026-04-10 12:17:28|qwen|web_search_no_think|3|JSON_SAVED||1628|09fffffe-8a76-4c40-907e-116ad75b2738
2026-04-10 12:17:28|qwen|web_search_no_think|3|QUESTION_ADVANCE||1629|f3532bb2-8d66-4cf0-81bb-d8d06c7e6bbf
2026-04-10 12:17:48|qwen|web_search_no_think|2|QUESTION_SENT||1578|8ba62bfd-a6db-4ef5-a4e3-4efdaa358814
2026-04-10 12:17:53|qwen|web_search_no_think|2|QUESTION|34|1578|8ba62bfd-a6db-4ef5-a4e3-4efdaa358814
2026-04-10 12:17:55|qwen|web_search_no_think|3|QUESTION_SENT||1629|f3532bb2-8d66-4cf0-81bb-d8d06c7e6bbf
2026-04-10 12:18:01|qwen|web_search_no_think|3|QUESTION|32|1629|f3532bb2-8d66-4cf0-81bb-d8d06c7e6bbf
2026-04-10 12:18:24|qwen|web_search_no_think|4|JSON_VERIFIED||1678|e677b43f-27cc-4cc2-903f-2c887c03f38c
2026-04-10 12:18:24|qwen|web_search_no_think|4|JSON_SAVED||1678|e677b43f-27cc-4cc2-903f-2c887c03f38c
2026-04-10 12:18:24|qwen|web_search_no_think|4|QUESTION_ADVANCE||1679|4bd7361d-ac61-4bb9-9360-8a021f0bfbc8
2026-04-10 12:18:51|qwen|web_search_no_think|4|QUESTION_SENT||1679|4bd7361d-ac61-4bb9-9360-8a021f0bfbc8
2026-04-10 12:18:56|qwen|web_search_no_think|4|QUESTION|33|1679|4bd7361d-ac61-4bb9-9360-8a021f0bfbc8
2026-04-10 12:18:59|qwen|web_search_no_think|5|JSON_VERIFIED||1725|cb53bf24-59c0-416b-803d-0943bd034b94
2026-04-10 12:18:59|qwen|web_search_no_think|5|JSON_SAVED||1725|cb53bf24-59c0-416b-803d-0943bd034b94
2026-04-10 12:18:59|qwen|web_search_no_think|5|QUESTION_ADVANCE||1726|428e9a7b-2678-486c-a278-b913cbfeca3f
2026-04-10 12:19:10|qwen|web_search_no_think|1|JSON_VERIFIED||1527|6445534c-3516-4aa1-b38f-5c288b6463ca
2026-04-10 12:19:10|qwen|web_search_no_think|1|JSON_SAVED||1527|6445534c-3516-4aa1-b38f-5c288b6463ca
2026-04-10 12:19:10|qwen|web_search_no_think|1|QUESTION_ADVANCE||1528|3f50b1b3-8dc1-4796-80f6-e2535c00463d
2026-04-10 12:19:27|qwen|web_search_no_think|5|QUESTION_SENT||1726|428e9a7b-2678-486c-a278-b913cbfeca3f
2026-04-10 12:19:32|qwen|web_search_no_think|5|QUESTION|30|1726|428e9a7b-2678-486c-a278-b913cbfeca3f
2026-04-10 12:19:38|qwen|web_search_no_think|1|QUESTION_SENT||1528|3f50b1b3-8dc1-4796-80f6-e2535c00463d
2026-04-10 12:19:40|qwen|web_search_no_think|0|JSON_VERIFIED||1478|971e478a-9851-43b7-b276-1f1c43b98681
2026-04-10 12:19:40|qwen|web_search_no_think|0|JSON_SAVED||1478|971e478a-9851-43b7-b276-1f1c43b98681
2026-04-10 12:19:40|qwen|web_search_no_think|0|QUESTION_ADVANCE||1479|5abedecb-2a2c-448b-9d33-a103afc50fdc
2026-04-10 12:19:44|qwen|web_search_no_think|1|QUESTION|31|1528|3f50b1b3-8dc1-4796-80f6-e2535c00463d
2026-04-10 12:20:08|qwen|web_search_no_think|0|QUESTION_SENT||1479|5abedecb-2a2c-448b-9d33-a103afc50fdc
2026-04-10 12:20:12|qwen|web_search_no_think|3|JSON_VERIFIED||1629|f3532bb2-8d66-4cf0-81bb-d8d06c7e6bbf
2026-04-10 12:20:12|qwen|web_search_no_think|3|JSON_SAVED||1629|f3532bb2-8d66-4cf0-81bb-d8d06c7e6bbf
2026-04-10 12:20:12|qwen|web_search_no_think|3|QUESTION_ADVANCE||1630|56b0fbe8-a9e4-465b-b6ac-0f8ca32114eb
2026-04-10 12:20:13|qwen|web_search_no_think|0|QUESTION|33|1479|5abedecb-2a2c-448b-9d33-a103afc50fdc
2026-04-10 12:20:39|qwen|web_search_no_think|0|QUESTION_SENT||1479|5abedecb-2a2c-448b-9d33-a103afc50fdc
2026-04-10 12:20:40|qwen|web_search_no_think|3|QUESTION_SENT||1630|56b0fbe8-a9e4-465b-b6ac-0f8ca32114eb
2026-04-10 12:20:44|qwen|web_search_no_think|0|QUESTION|34|1479|5abedecb-2a2c-448b-9d33-a103afc50fdc
2026-04-10 12:20:45|qwen|web_search_no_think|3|QUESTION|33|1630|56b0fbe8-a9e4-465b-b6ac-0f8ca32114eb
2026-04-10 12:21:05|qwen|web_search_no_think|1|JSON_VERIFY_FAILED||1528|3f50b1b3-8dc1-4796-80f6-e2535c00463d
2026-04-10 12:21:07|qwen|web_search_no_think|2|JSON_VERIFIED||1578|8ba62bfd-a6db-4ef5-a4e3-4efdaa358814
2026-04-10 12:21:07|qwen|web_search_no_think|2|JSON_SAVED||1578|8ba62bfd-a6db-4ef5-a4e3-4efdaa358814
2026-04-10 12:21:07|qwen|web_search_no_think|2|QUESTION_ADVANCE||1579|414cd370-8205-4753-a629-a1fa09ce524d
2026-04-10 12:21:19|qwen|web_search_no_think|4|JSON_VERIFIED||1679|4bd7361d-ac61-4bb9-9360-8a021f0bfbc8
2026-04-10 12:21:19|qwen|web_search_no_think|4|JSON_SAVED||1679|4bd7361d-ac61-4bb9-9360-8a021f0bfbc8
2026-04-10 12:21:19|qwen|web_search_no_think|4|QUESTION_ADVANCE||1680|1c126705-b6d3-49bc-9c35-3b265618f103
2026-04-10 12:22:05|qwen|web_search_no_think|2|QUESTION_SENT||1579|414cd370-8205-4753-a629-a1fa09ce524d
2026-04-10 12:22:09|qwen|web_search_no_think|1|QUESTION_SENT||1528|3f50b1b3-8dc1-4796-80f6-e2535c00463d
2026-04-10 12:22:10|qwen|web_search_no_think|2|QUESTION|35|1579|414cd370-8205-4753-a629-a1fa09ce524d
2026-04-10 12:22:11|qwen|web_search_no_think|4|QUESTION_SENT||1680|1c126705-b6d3-49bc-9c35-3b265618f103
2026-04-10 12:22:15|qwen|web_search_no_think|1|QUESTION|32|1528|3f50b1b3-8dc1-4796-80f6-e2535c00463d
2026-04-10 12:22:16|qwen|web_search_no_think|4|QUESTION|34|1680|1c126705-b6d3-49bc-9c35-3b265618f103
2026-04-10 12:22:58|qwen|web_search_no_think|0|JSON_VERIFIED||1479|5abedecb-2a2c-448b-9d33-a103afc50fdc
2026-04-10 12:22:58|qwen|web_search_no_think|0|JSON_SAVED||1479|5abedecb-2a2c-448b-9d33-a103afc50fdc
2026-04-10 12:22:58|qwen|web_search_no_think|0|QUESTION_ADVANCE||1480|3784fdd4-4447-4efb-aa4a-361c5fbe5e42
2026-04-10 12:23:02|qwen|web_search_no_think|3|JSON_VERIFIED||1630|56b0fbe8-a9e4-465b-b6ac-0f8ca32114eb
2026-04-10 12:23:02|qwen|web_search_no_think|3|JSON_SAVED||1630|56b0fbe8-a9e4-465b-b6ac-0f8ca32114eb
2026-04-10 12:23:02|qwen|web_search_no_think|3|QUESTION_ADVANCE||1631|b026d6ea-669f-4448-8dd5-ee1a5089eea2
2026-04-10 12:23:20|qwen|web_search_no_think|5|JSON_VERIFIED||1726|428e9a7b-2678-486c-a278-b913cbfeca3f
2026-04-10 12:23:20|qwen|web_search_no_think|5|JSON_SAVED||1726|428e9a7b-2678-486c-a278-b913cbfeca3f
2026-04-10 12:23:20|qwen|web_search_no_think|5|QUESTION_ADVANCE||1727|e2424ce3-c06b-4da4-bd83-9d66410e19e3
2026-04-10 12:23:26|qwen|web_search_no_think|0|QUESTION_SENT||1480|3784fdd4-4447-4efb-aa4a-361c5fbe5e42
2026-04-10 12:23:30|qwen|web_search_no_think|3|QUESTION_SENT||1631|b026d6ea-669f-4448-8dd5-ee1a5089eea2
2026-04-10 12:23:31|qwen|web_search_no_think|0|QUESTION|35|1480|3784fdd4-4447-4efb-aa4a-361c5fbe5e42
2026-04-10 12:23:35|qwen|web_search_no_think|3|QUESTION|34|1631|b026d6ea-669f-4448-8dd5-ee1a5089eea2
2026-04-10 12:23:48|qwen|web_search_no_think|5|QUESTION_SENT||1727|e2424ce3-c06b-4da4-bd83-9d66410e19e3
2026-04-10 12:23:53|qwen|web_search_no_think|5|QUESTION|31|1727|e2424ce3-c06b-4da4-bd83-9d66410e19e3
2026-04-10 12:24:31|qwen|web_search_no_think|4|JSON_VERIFIED||1680|1c126705-b6d3-49bc-9c35-3b265618f103
2026-04-10 12:24:31|qwen|web_search_no_think|4|JSON_SAVED||1680|1c126705-b6d3-49bc-9c35-3b265618f103
2026-04-10 12:24:31|qwen|web_search_no_think|4|QUESTION_ADVANCE||1681|043ce11f-aac4-41c5-bec5-dbecfa7339d4
2026-04-10 12:24:37|qwen|web_search_no_think|2|JSON_VERIFIED||1579|414cd370-8205-4753-a629-a1fa09ce524d
2026-04-10 12:24:37|qwen|web_search_no_think|2|JSON_SAVED||1579|414cd370-8205-4753-a629-a1fa09ce524d
2026-04-10 12:24:37|qwen|web_search_no_think|2|QUESTION_ADVANCE||1580|b2d8d640-73aa-42c8-8523-9f8b028284a0
2026-04-10 12:24:53|qwen|web_search_no_think|1|JSON_VERIFIED||1528|3f50b1b3-8dc1-4796-80f6-e2535c00463d
2026-04-10 12:24:53|qwen|web_search_no_think|1|JSON_SAVED||1528|3f50b1b3-8dc1-4796-80f6-e2535c00463d
2026-04-10 12:24:53|qwen|web_search_no_think|1|QUESTION_ADVANCE||1529|41f96430-6e69-4805-b52c-3c39d21f4cac
2026-04-10 12:24:56|qwen|web_search_no_think|3|JSON_VERIFIED||1631|b026d6ea-669f-4448-8dd5-ee1a5089eea2
2026-04-10 12:24:56|qwen|web_search_no_think|3|JSON_SAVED||1631|b026d6ea-669f-4448-8dd5-ee1a5089eea2
2026-04-10 12:24:56|qwen|web_search_no_think|3|QUESTION_ADVANCE||1632|ce16f184-337c-495c-86e4-e7b22bf4993c
2026-04-10 12:24:59|qwen|web_search_no_think|4|QUESTION_SENT||1681|043ce11f-aac4-41c5-bec5-dbecfa7339d4
2026-04-10 12:25:04|qwen|web_search_no_think|4|QUESTION|35|1681|043ce11f-aac4-41c5-bec5-dbecfa7339d4
2026-04-10 12:25:04|qwen|web_search_no_think|2|QUESTION_SENT||1580|b2d8d640-73aa-42c8-8523-9f8b028284a0
2026-04-10 12:25:09|qwen|web_search_no_think|2|QUESTION|36|1580|b2d8d640-73aa-42c8-8523-9f8b028284a0
2026-04-10 12:25:16|qwen|web_search_no_think|5|JSON_VERIFIED||1727|e2424ce3-c06b-4da4-bd83-9d66410e19e3
2026-04-10 12:25:16|qwen|web_search_no_think|5|JSON_SAVED||1727|e2424ce3-c06b-4da4-bd83-9d66410e19e3
2026-04-10 12:25:16|qwen|web_search_no_think|5|QUESTION_ADVANCE||1728|a6bd76b1-8d58-42dd-b407-3fc0dc94c105
2026-04-10 12:25:20|qwen|web_search_no_think|1|QUESTION_SENT||1529|41f96430-6e69-4805-b52c-3c39d21f4cac
2026-04-10 12:25:23|qwen|web_search_no_think|3|QUESTION_SENT||1632|ce16f184-337c-495c-86e4-e7b22bf4993c
2026-04-10 12:25:25|qwen|web_search_no_think|1|QUESTION|33|1529|41f96430-6e69-4805-b52c-3c39d21f4cac
2026-04-10 12:25:28|qwen|web_search_no_think|3|QUESTION|35|1632|ce16f184-337c-495c-86e4-e7b22bf4993c
2026-04-10 12:25:42|qwen|web_search_no_think|5|QUESTION_SENT||1728|a6bd76b1-8d58-42dd-b407-3fc0dc94c105
2026-04-10 12:25:47|qwen|web_search_no_think|5|QUESTION|32|1728|a6bd76b1-8d58-42dd-b407-3fc0dc94c105
2026-04-10 12:26:44|qwen|web_search_no_think|2|JSON_VERIFIED||1580|b2d8d640-73aa-42c8-8523-9f8b028284a0
2026-04-10 12:26:44|qwen|web_search_no_think|2|JSON_SAVED||1580|b2d8d640-73aa-42c8-8523-9f8b028284a0
2026-04-10 12:26:44|qwen|web_search_no_think|2|QUESTION_ADVANCE||1581|68247a5c-3b96-40d2-a805-c6d8e989de7a
2026-04-10 12:26:47|qwen|web_search_no_think|0|JSON_VERIFIED||1480|3784fdd4-4447-4efb-aa4a-361c5fbe5e42
2026-04-10 12:26:47|qwen|web_search_no_think|0|JSON_SAVED||1480|3784fdd4-4447-4efb-aa4a-361c5fbe5e42
2026-04-10 12:26:47|qwen|web_search_no_think|0|QUESTION_ADVANCE||1481|bef87ebe-6e39-467f-90e4-4d4f8e4e73b1
2026-04-10 12:26:50|qwen|web_search_no_think|4|JSON_VERIFIED||1681|043ce11f-aac4-41c5-bec5-dbecfa7339d4
2026-04-10 12:26:50|qwen|web_search_no_think|4|JSON_SAVED||1681|043ce11f-aac4-41c5-bec5-dbecfa7339d4
2026-04-10 12:26:50|qwen|web_search_no_think|4|QUESTION_ADVANCE||1682|8e1fe635-0427-442a-9280-b346253003ac
2026-04-10 12:27:12|qwen|web_search_no_think|2|QUESTION_SENT||1581|68247a5c-3b96-40d2-a805-c6d8e989de7a
2026-04-10 12:27:15|qwen|web_search_no_think|0|QUESTION_SENT||1481|bef87ebe-6e39-467f-90e4-4d4f8e4e73b1
2026-04-10 12:27:17|qwen|web_search_no_think|2|QUESTION|37|1581|68247a5c-3b96-40d2-a805-c6d8e989de7a
2026-04-10 12:27:20|qwen|web_search_no_think|0|QUESTION|36|1481|bef87ebe-6e39-467f-90e4-4d4f8e4e73b1
2026-04-10 12:27:20|qwen|web_search_no_think|4|QUESTION_SENT||1682|8e1fe635-0427-442a-9280-b346253003ac
2026-04-10 12:27:25|qwen|web_search_no_think|4|QUESTION|36|1682|8e1fe635-0427-442a-9280-b346253003ac
2026-04-10 12:27:40|qwen|web_search_no_think|1|JSON_VERIFIED||1529|41f96430-6e69-4805-b52c-3c39d21f4cac
2026-04-10 12:27:40|qwen|web_search_no_think|1|JSON_SAVED||1529|41f96430-6e69-4805-b52c-3c39d21f4cac
2026-04-10 12:27:40|qwen|web_search_no_think|1|QUESTION_ADVANCE||1530|a5ceb05d-14b9-47a5-87d6-b168d45d03bb
2026-04-10 12:28:12|qwen|web_search_no_think|1|QUESTION_SENT||1530|a5ceb05d-14b9-47a5-87d6-b168d45d03bb
2026-04-10 12:28:18|qwen|web_search_no_think|1|QUESTION|34|1530|a5ceb05d-14b9-47a5-87d6-b168d45d03bb
2026-04-10 12:28:40|qwen|web_search_no_think|2|JSON_VERIFIED||1581|68247a5c-3b96-40d2-a805-c6d8e989de7a
2026-04-10 12:28:40|qwen|web_search_no_think|2|JSON_SAVED||1581|68247a5c-3b96-40d2-a805-c6d8e989de7a
2026-04-10 12:28:40|qwen|web_search_no_think|2|QUESTION_ADVANCE||1582|fcca6b57-88e1-4db3-aa3e-bfed8bf04a2c
2026-04-10 12:28:41|qwen|web_search_no_think|4|JSON_VERIFIED||1682|8e1fe635-0427-442a-9280-b346253003ac
2026-04-10 12:28:41|qwen|web_search_no_think|4|JSON_SAVED||1682|8e1fe635-0427-442a-9280-b346253003ac
2026-04-10 12:28:41|qwen|web_search_no_think|4|QUESTION_ADVANCE||1683|adfab21b-f893-4427-a5e1-92893d0c1510
2026-04-10 12:28:43|qwen|web_search_no_think|0|JSON_VERIFIED||1481|bef87ebe-6e39-467f-90e4-4d4f8e4e73b1
2026-04-10 12:28:43|qwen|web_search_no_think|0|JSON_SAVED||1481|bef87ebe-6e39-467f-90e4-4d4f8e4e73b1
2026-04-10 12:28:43|qwen|web_search_no_think|0|QUESTION_ADVANCE||1482|66fba9db-e938-4591-b1e0-7b776e2ffbeb
2026-04-10 12:28:50|qwen|web_search_no_think|5|JSON_VERIFIED||1728|a6bd76b1-8d58-42dd-b407-3fc0dc94c105
2026-04-10 12:28:50|qwen|web_search_no_think|5|JSON_SAVED||1728|a6bd76b1-8d58-42dd-b407-3fc0dc94c105
2026-04-10 12:28:50|qwen|web_search_no_think|5|QUESTION_ADVANCE||1729|9553c5cb-aa03-422b-ad4d-92c5e37fa4ab
2026-04-10 12:28:56|qwen|web_search_no_think|3|JSON_VERIFIED||1632|ce16f184-337c-495c-86e4-e7b22bf4993c
2026-04-10 12:28:56|qwen|web_search_no_think|3|JSON_SAVED||1632|ce16f184-337c-495c-86e4-e7b22bf4993c
2026-04-10 12:28:56|qwen|web_search_no_think|3|QUESTION_ADVANCE||1633|60a723ac-795c-4f39-bf91-5cba24470530
2026-04-10 12:29:07|qwen|web_search_no_think|2|QUESTION_SENT||1582|fcca6b57-88e1-4db3-aa3e-bfed8bf04a2c
2026-04-10 12:29:08|qwen|web_search_no_think|4|QUESTION_SENT||1683|adfab21b-f893-4427-a5e1-92893d0c1510
2026-04-10 12:29:09|qwen|web_search_no_think|0|QUESTION_SENT||1482|66fba9db-e938-4591-b1e0-7b776e2ffbeb
2026-04-10 12:29:12|qwen|web_search_no_think|2|QUESTION|38|1582|fcca6b57-88e1-4db3-aa3e-bfed8bf04a2c
2026-04-10 12:29:13|qwen|web_search_no_think|4|QUESTION|37|1683|adfab21b-f893-4427-a5e1-92893d0c1510
2026-04-10 12:29:14|qwen|web_search_no_think|0|QUESTION|37|1482|66fba9db-e938-4591-b1e0-7b776e2ffbeb
2026-04-10 12:29:17|qwen|web_search_no_think|5|QUESTION_SENT||1729|9553c5cb-aa03-422b-ad4d-92c5e37fa4ab
2026-04-10 12:29:22|qwen|web_search_no_think|5|QUESTION|33|1729|9553c5cb-aa03-422b-ad4d-92c5e37fa4ab
2026-04-10 12:29:22|qwen|web_search_no_think|3|QUESTION_SENT||1633|60a723ac-795c-4f39-bf91-5cba24470530
2026-04-10 12:29:28|qwen|web_search_no_think|3|QUESTION|36|1633|60a723ac-795c-4f39-bf91-5cba24470530
2026-04-10 12:30:19|qwen|web_search_no_think|4|JSON_VERIFIED||1683|adfab21b-f893-4427-a5e1-92893d0c1510
2026-04-10 12:30:19|qwen|web_search_no_think|4|JSON_SAVED||1683|adfab21b-f893-4427-a5e1-92893d0c1510
2026-04-10 12:30:19|qwen|web_search_no_think|4|QUESTION_ADVANCE||1684|64502813-887c-426a-809a-e06b68b73487
2026-04-10 12:30:19|qwen|web_search_no_think|2|JSON_VERIFIED||1582|fcca6b57-88e1-4db3-aa3e-bfed8bf04a2c
2026-04-10 12:30:19|qwen|web_search_no_think|2|JSON_SAVED||1582|fcca6b57-88e1-4db3-aa3e-bfed8bf04a2c
2026-04-10 12:30:19|qwen|web_search_no_think|2|QUESTION_ADVANCE||1583|3d79a19e-a357-4e1c-8b1c-34ed0d3ac696
2026-04-10 12:30:28|qwen|web_search_no_think|5|JSON_VERIFIED||1729|9553c5cb-aa03-422b-ad4d-92c5e37fa4ab
2026-04-10 12:30:28|qwen|web_search_no_think|5|JSON_SAVED||1729|9553c5cb-aa03-422b-ad4d-92c5e37fa4ab
2026-04-10 12:30:28|qwen|web_search_no_think|5|QUESTION_ADVANCE||1730|d096b69e-1093-4e08-a96f-6159c363cc35
2026-04-10 12:30:47|qwen|web_search_no_think|4|QUESTION_SENT||1684|64502813-887c-426a-809a-e06b68b73487
2026-04-10 12:30:47|qwen|web_search_no_think|2|QUESTION_SENT||1583|3d79a19e-a357-4e1c-8b1c-34ed0d3ac696
2026-04-10 12:30:52|qwen|web_search_no_think|4|QUESTION|38|1684|64502813-887c-426a-809a-e06b68b73487
2026-04-10 12:30:52|qwen|web_search_no_think|2|QUESTION|39|1583|3d79a19e-a357-4e1c-8b1c-34ed0d3ac696
2026-04-10 12:30:55|qwen|web_search_no_think|5|QUESTION_SENT||1730|d096b69e-1093-4e08-a96f-6159c363cc35
2026-04-10 12:31:01|qwen|web_search_no_think|5|QUESTION|34|1730|d096b69e-1093-4e08-a96f-6159c363cc35
2026-04-10 12:31:04|qwen|web_search_no_think|1|JSON_VERIFIED||1530|a5ceb05d-14b9-47a5-87d6-b168d45d03bb
2026-04-10 12:31:04|qwen|web_search_no_think|1|JSON_SAVED||1530|a5ceb05d-14b9-47a5-87d6-b168d45d03bb
2026-04-10 12:31:04|qwen|web_search_no_think|1|QUESTION_ADVANCE||1531|7b8891e1-9b9a-45ba-8a72-b84e44b4686b
2026-04-10 12:31:30|qwen|web_search_no_think|0|JSON_VERIFIED||1482|66fba9db-e938-4591-b1e0-7b776e2ffbeb
2026-04-10 12:31:30|qwen|web_search_no_think|0|JSON_SAVED||1482|66fba9db-e938-4591-b1e0-7b776e2ffbeb
2026-04-10 12:31:30|qwen|web_search_no_think|0|QUESTION_ADVANCE||1483|0c3f7954-38d0-4297-ae56-86a4a3c016bf
2026-04-10 12:31:33|qwen|web_search_no_think|1|QUESTION_SENT||1531|7b8891e1-9b9a-45ba-8a72-b84e44b4686b
2026-04-10 12:31:38|qwen|web_search_no_think|1|QUESTION|35|1531|7b8891e1-9b9a-45ba-8a72-b84e44b4686b
2026-04-10 12:32:00|qwen|web_search_no_think|0|QUESTION_SENT||1483|0c3f7954-38d0-4297-ae56-86a4a3c016bf
2026-04-10 12:32:05|qwen|web_search_no_think|0|QUESTION|38|1483|0c3f7954-38d0-4297-ae56-86a4a3c016bf
2026-04-10 12:32:27|qwen|web_search_no_think|3|JSON_VERIFIED||1633|60a723ac-795c-4f39-bf91-5cba24470530
2026-04-10 12:32:27|qwen|web_search_no_think|3|JSON_SAVED||1633|60a723ac-795c-4f39-bf91-5cba24470530
2026-04-10 12:32:27|qwen|web_search_no_think|3|QUESTION_ADVANCE||1634|22c75811-20a4-4732-b0bc-d0dd321c5dd9
2026-04-10 12:32:32|qwen|web_search_no_think|0|QUESTION_SENT||1483|0c3f7954-38d0-4297-ae56-86a4a3c016bf
2026-04-10 12:32:38|qwen|web_search_no_think|0|QUESTION|39|1483|0c3f7954-38d0-4297-ae56-86a4a3c016bf
2026-04-10 12:32:47|qwen|web_search_no_think|2|JSON_VERIFIED||1583|3d79a19e-a357-4e1c-8b1c-34ed0d3ac696
2026-04-10 12:32:47|qwen|web_search_no_think|2|JSON_SAVED||1583|3d79a19e-a357-4e1c-8b1c-34ed0d3ac696
2026-04-10 12:32:47|qwen|web_search_no_think|2|QUESTION_ADVANCE||1584|cd906e70-e98a-483c-8925-01f6f1914609
2026-04-10 12:32:54|qwen|web_search_no_think|3|QUESTION_SENT||1634|22c75811-20a4-4732-b0bc-d0dd321c5dd9
2026-04-10 12:32:59|qwen|web_search_no_think|3|QUESTION|37|1634|22c75811-20a4-4732-b0bc-d0dd321c5dd9
2026-04-10 12:33:14|qwen|web_search_no_think|2|QUESTION_SENT||1584|cd906e70-e98a-483c-8925-01f6f1914609
2026-04-10 12:33:17|qwen|web_search_no_think|4|JSON_VERIFIED||1684|64502813-887c-426a-809a-e06b68b73487
2026-04-10 12:33:17|qwen|web_search_no_think|4|JSON_SAVED||1684|64502813-887c-426a-809a-e06b68b73487
2026-04-10 12:33:17|qwen|web_search_no_think|4|QUESTION_ADVANCE||1685|e0ac2964-7957-4f7a-a4bd-1e1a1963f4a3
2026-04-10 12:33:19|qwen|web_search_no_think|2|QUESTION|40|1584|cd906e70-e98a-483c-8925-01f6f1914609
2026-04-10 12:33:49|qwen|web_search_no_think|4|QUESTION_SENT||1685|e0ac2964-7957-4f7a-a4bd-1e1a1963f4a3
2026-04-10 12:33:54|qwen|web_search_no_think|4|QUESTION|39|1685|e0ac2964-7957-4f7a-a4bd-1e1a1963f4a3
2026-04-10 12:33:57|qwen|web_search_no_think|5|JSON_VERIFIED||1730|d096b69e-1093-4e08-a96f-6159c363cc35
2026-04-10 12:33:57|qwen|web_search_no_think|5|JSON_SAVED||1730|d096b69e-1093-4e08-a96f-6159c363cc35
2026-04-10 12:33:57|qwen|web_search_no_think|5|QUESTION_ADVANCE||1731|587bc3a3-7cca-4257-93a6-b64fa6c701c6
2026-04-10 12:34:05|qwen|web_search_no_think|1|JSON_VERIFIED||1531|7b8891e1-9b9a-45ba-8a72-b84e44b4686b
2026-04-10 12:34:05|qwen|web_search_no_think|1|JSON_SAVED||1531|7b8891e1-9b9a-45ba-8a72-b84e44b4686b
2026-04-10 12:34:05|qwen|web_search_no_think|1|QUESTION_ADVANCE||1532|f4523d85-87e5-4aa4-bac5-2f9d813b902a
2026-04-10 12:34:25|qwen|web_search_no_think|5|QUESTION_SENT||1731|587bc3a3-7cca-4257-93a6-b64fa6c701c6
2026-04-10 12:34:27|qwen|web_search_no_think|2|JSON_VERIFIED||1584|cd906e70-e98a-483c-8925-01f6f1914609
2026-04-10 12:34:27|qwen|web_search_no_think|2|JSON_SAVED||1584|cd906e70-e98a-483c-8925-01f6f1914609
2026-04-10 12:34:27|qwen|web_search_no_think|2|QUESTION_ADVANCE||1585|02278a5f-f39b-4e0c-ac80-6b3694c4827e
2026-04-10 12:34:30|qwen|web_search_no_think|5|QUESTION|35|1731|587bc3a3-7cca-4257-93a6-b64fa6c701c6
2026-04-10 12:34:33|qwen|web_search_no_think|1|QUESTION_SENT||1532|f4523d85-87e5-4aa4-bac5-2f9d813b902a
2026-04-10 12:34:35|qwen|web_search_no_think|0|JSON_VERIFIED||1483|0c3f7954-38d0-4297-ae56-86a4a3c016bf
2026-04-10 12:34:35|qwen|web_search_no_think|0|JSON_SAVED||1483|0c3f7954-38d0-4297-ae56-86a4a3c016bf
2026-04-10 12:34:35|qwen|web_search_no_think|0|QUESTION_ADVANCE||1484|199dbf3d-072f-4eda-8d2e-2c144508c07b
2026-04-10 12:34:38|qwen|web_search_no_think|1|QUESTION|36|1532|f4523d85-87e5-4aa4-bac5-2f9d813b902a
2026-04-10 12:34:55|qwen|web_search_no_think|2|QUESTION_SENT||1585|02278a5f-f39b-4e0c-ac80-6b3694c4827e
2026-04-10 12:35:00|qwen|web_search_no_think|5|JSON_VERIFY_FAILED||1731|587bc3a3-7cca-4257-93a6-b64fa6c701c6
2026-04-10 12:35:00|qwen|web_search_no_think|2|QUESTION|41|1585|02278a5f-f39b-4e0c-ac80-6b3694c4827e
2026-04-10 12:35:03|qwen|web_search_no_think|0|QUESTION_SENT||1484|199dbf3d-072f-4eda-8d2e-2c144508c07b
2026-04-10 12:35:05|qwen|web_search_no_think|1|JSON_VERIFY_FAILED||1532|f4523d85-87e5-4aa4-bac5-2f9d813b902a
2026-04-10 12:35:08|qwen|web_search_no_think|0|QUESTION|40|1484|199dbf3d-072f-4eda-8d2e-2c144508c07b
2026-04-10 12:35:15|qwen|web_search_no_think|3|JSON_VERIFIED||1634|22c75811-20a4-4732-b0bc-d0dd321c5dd9
2026-04-10 12:35:15|qwen|web_search_no_think|3|JSON_SAVED||1634|22c75811-20a4-4732-b0bc-d0dd321c5dd9
2026-04-10 12:35:15|qwen|web_search_no_think|3|QUESTION_ADVANCE||1635|c9a231f1-fef4-4ac3-8740-7718b07f009f
2026-04-10 12:35:30|qwen|web_search_no_think|5|QUESTION_SENT||1731|587bc3a3-7cca-4257-93a6-b64fa6c701c6
2026-04-10 12:35:34|qwen|web_search_no_think|0|QUESTION_SENT||1484|199dbf3d-072f-4eda-8d2e-2c144508c07b
2026-04-10 12:35:35|qwen|web_search_no_think|1|QUESTION_SENT||1532|f4523d85-87e5-4aa4-bac5-2f9d813b902a
2026-04-10 12:35:36|qwen|web_search_no_think|5|QUESTION|36|1731|587bc3a3-7cca-4257-93a6-b64fa6c701c6
2026-04-10 12:35:39|qwen|web_search_no_think|0|QUESTION|41|1484|199dbf3d-072f-4eda-8d2e-2c144508c07b
2026-04-10 12:35:40|qwen|web_search_no_think|1|QUESTION|37|1532|f4523d85-87e5-4aa4-bac5-2f9d813b902a
2026-04-10 12:35:42|qwen|web_search_no_think|3|QUESTION_SENT||1635|c9a231f1-fef4-4ac3-8740-7718b07f009f
2026-04-10 12:35:48|qwen|web_search_no_think|3|QUESTION|38|1635|c9a231f1-fef4-4ac3-8740-7718b07f009f
2026-04-10 12:35:50|qwen|web_search_no_think|4|JSON_VERIFIED||1685|e0ac2964-7957-4f7a-a4bd-1e1a1963f4a3
2026-04-10 12:35:50|qwen|web_search_no_think|4|JSON_SAVED||1685|e0ac2964-7957-4f7a-a4bd-1e1a1963f4a3
2026-04-10 12:35:50|qwen|web_search_no_think|4|QUESTION_ADVANCE||1686|9f067917-f779-457e-8d84-12a609d653d2
2026-04-10 12:36:17|qwen|web_search_no_think|4|QUESTION_SENT||1686|9f067917-f779-457e-8d84-12a609d653d2
2026-04-10 12:36:23|qwen|web_search_no_think|4|QUESTION|40|1686|9f067917-f779-457e-8d84-12a609d653d2
2026-04-10 12:36:47|qwen|web_search_no_think|5|JSON_VERIFIED||1731|587bc3a3-7cca-4257-93a6-b64fa6c701c6
2026-04-10 12:36:47|qwen|web_search_no_think|5|JSON_SAVED||1731|587bc3a3-7cca-4257-93a6-b64fa6c701c6
2026-04-10 12:36:47|qwen|web_search_no_think|5|QUESTION_ADVANCE||1732|54a13ac4-77f6-410d-ad5e-5a745552de39
2026-04-10 12:36:56|qwen|web_search_no_think|3|JSON_VERIFIED||1635|c9a231f1-fef4-4ac3-8740-7718b07f009f
2026-04-10 12:36:56|qwen|web_search_no_think|3|JSON_SAVED||1635|c9a231f1-fef4-4ac3-8740-7718b07f009f
2026-04-10 12:36:56|qwen|web_search_no_think|3|QUESTION_ADVANCE||1636|96ec1b39-341a-4c9e-ba6f-394b17a209f0
2026-04-10 12:37:14|qwen|web_search_no_think|2|JSON_VERIFIED||1585|02278a5f-f39b-4e0c-ac80-6b3694c4827e
2026-04-10 12:37:14|qwen|web_search_no_think|2|JSON_SAVED||1585|02278a5f-f39b-4e0c-ac80-6b3694c4827e
2026-04-10 12:37:14|qwen|web_search_no_think|2|QUESTION_ADVANCE||1586|1ff48f12-6e90-48df-b62c-b32269c6e85b
2026-04-10 12:37:15|qwen|web_search_no_think|5|QUESTION_SENT||1732|54a13ac4-77f6-410d-ad5e-5a745552de39
2026-04-10 12:37:20|qwen|web_search_no_think|5|QUESTION|37|1732|54a13ac4-77f6-410d-ad5e-5a745552de39
2026-04-10 12:37:24|qwen|web_search_no_think|3|QUESTION_SENT||1636|96ec1b39-341a-4c9e-ba6f-394b17a209f0
2026-04-10 12:37:29|qwen|web_search_no_think|3|QUESTION|39|1636|96ec1b39-341a-4c9e-ba6f-394b17a209f0
2026-04-10 12:37:41|qwen|web_search_no_think|2|QUESTION_SENT||1586|1ff48f12-6e90-48df-b62c-b32269c6e85b
2026-04-10 12:37:45|qwen|web_search_no_think|1|JSON_VERIFIED||1532|f4523d85-87e5-4aa4-bac5-2f9d813b902a
2026-04-10 12:37:45|qwen|web_search_no_think|1|JSON_SAVED||1532|f4523d85-87e5-4aa4-bac5-2f9d813b902a
2026-04-10 12:37:45|qwen|web_search_no_think|1|QUESTION_ADVANCE||1533|07c8d058-0327-4b01-810e-558c46432043
2026-04-10 12:37:46|qwen|web_search_no_think|2|QUESTION|42|1586|1ff48f12-6e90-48df-b62c-b32269c6e85b
2026-04-10 12:38:13|qwen|web_search_no_think|1|QUESTION_SENT||1533|07c8d058-0327-4b01-810e-558c46432043
2026-04-10 12:38:18|qwen|web_search_no_think|1|QUESTION|38|1533|07c8d058-0327-4b01-810e-558c46432043
2026-04-10 12:38:41|qwen|web_search_no_think|0|JSON_VERIFIED||1484|199dbf3d-072f-4eda-8d2e-2c144508c07b
2026-04-10 12:38:41|qwen|web_search_no_think|0|JSON_SAVED||1484|199dbf3d-072f-4eda-8d2e-2c144508c07b
2026-04-10 12:38:41|qwen|web_search_no_think|0|QUESTION_ADVANCE||1485|f5ffbf56-4bf3-4d42-a622-151505f6a056
2026-04-10 12:39:12|qwen|web_search_no_think|0|QUESTION_SENT||1485|f5ffbf56-4bf3-4d42-a622-151505f6a056
2026-04-10 12:39:13|qwen|web_search_no_think|2|JSON_VERIFIED||1586|1ff48f12-6e90-48df-b62c-b32269c6e85b
2026-04-10 12:39:13|qwen|web_search_no_think|2|JSON_SAVED||1586|1ff48f12-6e90-48df-b62c-b32269c6e85b
2026-04-10 12:39:13|qwen|web_search_no_think|2|QUESTION_ADVANCE||1587|0847824e-83a3-4d6f-a98a-c83270b71d46
2026-04-10 12:39:14|qwen|web_search_no_think|5|JSON_VERIFIED||1732|54a13ac4-77f6-410d-ad5e-5a745552de39
2026-04-10 12:39:14|qwen|web_search_no_think|5|JSON_SAVED||1732|54a13ac4-77f6-410d-ad5e-5a745552de39
2026-04-10 12:39:14|qwen|web_search_no_think|5|QUESTION_ADVANCE||1733|486a4777-3228-45f6-ab78-cdfa4477afce
2026-04-10 12:39:16|qwen|web_search_no_think|4|JSON_VERIFIED||1686|9f067917-f779-457e-8d84-12a609d653d2
2026-04-10 12:39:16|qwen|web_search_no_think|4|JSON_SAVED||1686|9f067917-f779-457e-8d84-12a609d653d2
2026-04-10 12:39:16|qwen|web_search_no_think|4|QUESTION_ADVANCE||1687|66f4deba-bded-46f7-a4e1-c74b72bafa00
2026-04-10 12:39:17|qwen|web_search_no_think|0|QUESTION|42|1485|f5ffbf56-4bf3-4d42-a622-151505f6a056
2026-04-10 12:39:20|qwen|web_search_no_think|1|JSON_VERIFIED||1533|07c8d058-0327-4b01-810e-558c46432043
2026-04-10 12:39:20|qwen|web_search_no_think|1|JSON_SAVED||1533|07c8d058-0327-4b01-810e-558c46432043
2026-04-10 12:39:20|qwen|web_search_no_think|1|QUESTION_ADVANCE||1534|914104a5-6a2c-4313-9552-66ea141d1b90
2026-04-10 12:39:40|qwen|web_search_no_think|2|QUESTION_SENT||1587|0847824e-83a3-4d6f-a98a-c83270b71d46
2026-04-10 12:39:41|qwen|web_search_no_think|5|QUESTION_SENT||1733|486a4777-3228-45f6-ab78-cdfa4477afce
2026-04-10 12:39:43|qwen|web_search_no_think|4|QUESTION_SENT||1687|66f4deba-bded-46f7-a4e1-c74b72bafa00
2026-04-10 12:39:45|qwen|web_search_no_think|2|QUESTION|43|1587|0847824e-83a3-4d6f-a98a-c83270b71d46
2026-04-10 12:39:46|qwen|web_search_no_think|5|QUESTION|38|1733|486a4777-3228-45f6-ab78-cdfa4477afce
2026-04-10 12:39:48|qwen|web_search_no_think|1|QUESTION_SENT||1534|914104a5-6a2c-4313-9552-66ea141d1b90
2026-04-10 12:39:48|qwen|web_search_no_think|4|QUESTION|41|1687|66f4deba-bded-46f7-a4e1-c74b72bafa00
2026-04-10 12:39:53|qwen|web_search_no_think|1|QUESTION|39|1534|914104a5-6a2c-4313-9552-66ea141d1b90
2026-04-10 12:40:43|qwen|web_search_no_think|3|JSON_VERIFIED||1636|96ec1b39-341a-4c9e-ba6f-394b17a209f0
2026-04-10 12:40:43|qwen|web_search_no_think|3|JSON_SAVED||1636|96ec1b39-341a-4c9e-ba6f-394b17a209f0
2026-04-10 12:40:43|qwen|web_search_no_think|3|QUESTION_ADVANCE||1637|f587ff03-9400-4998-bf7a-844acb563cc8
2026-04-10 12:41:07|qwen|web_search_no_think|2|JSON_VERIFIED||1587|0847824e-83a3-4d6f-a98a-c83270b71d46
2026-04-10 12:41:07|qwen|web_search_no_think|2|JSON_SAVED||1587|0847824e-83a3-4d6f-a98a-c83270b71d46
2026-04-10 12:41:07|qwen|web_search_no_think|2|QUESTION_ADVANCE||1588|e467b402-93e6-4c65-8bc9-05f11dfc62f4
2026-04-10 12:41:10|qwen|web_search_no_think|3|QUESTION_SENT||1637|f587ff03-9400-4998-bf7a-844acb563cc8
2026-04-10 12:41:15|qwen|web_search_no_think|0|JSON_VERIFIED||1485|f5ffbf56-4bf3-4d42-a622-151505f6a056
2026-04-10 12:41:15|qwen|web_search_no_think|0|JSON_SAVED||1485|f5ffbf56-4bf3-4d42-a622-151505f6a056
2026-04-10 12:41:15|qwen|web_search_no_think|0|QUESTION_ADVANCE||1486|4f1c43a4-e2c5-463a-a8d7-b76eb6acc374
2026-04-10 12:41:15|qwen|web_search_no_think|3|QUESTION|40|1637|f587ff03-9400-4998-bf7a-844acb563cc8
2026-04-10 12:41:35|qwen|web_search_no_think|2|QUESTION_SENT||1588|e467b402-93e6-4c65-8bc9-05f11dfc62f4
2026-04-10 12:41:40|qwen|web_search_no_think|2|QUESTION|44|1588|e467b402-93e6-4c65-8bc9-05f11dfc62f4
2026-04-10 12:41:43|qwen|web_search_no_think|0|QUESTION_SENT||1486|4f1c43a4-e2c5-463a-a8d7-b76eb6acc374
2026-04-10 12:41:46|qwen|web_search_no_think|4|JSON_VERIFIED||1687|66f4deba-bded-46f7-a4e1-c74b72bafa00
2026-04-10 12:41:46|qwen|web_search_no_think|4|JSON_SAVED||1687|66f4deba-bded-46f7-a4e1-c74b72bafa00
2026-04-10 12:41:46|qwen|web_search_no_think|4|QUESTION_ADVANCE||1688|7b7a8677-e3fe-4874-8afd-9cebe3a45bd3
2026-04-10 12:41:48|qwen|web_search_no_think|0|QUESTION|43|1486|4f1c43a4-e2c5-463a-a8d7-b76eb6acc374
2026-04-10 12:42:13|qwen|web_search_no_think|4|QUESTION_SENT||1688|7b7a8677-e3fe-4874-8afd-9cebe3a45bd3
2026-04-10 12:42:18|qwen|web_search_no_think|4|QUESTION|42|1688|7b7a8677-e3fe-4874-8afd-9cebe3a45bd3
2026-04-10 12:42:19|qwen|web_search_no_think|1|JSON_VERIFIED||1534|914104a5-6a2c-4313-9552-66ea141d1b90
2026-04-10 12:42:19|qwen|web_search_no_think|1|JSON_SAVED||1534|914104a5-6a2c-4313-9552-66ea141d1b90
2026-04-10 12:42:19|qwen|web_search_no_think|1|QUESTION_ADVANCE||1535|590a932c-15c8-4f1b-a5f6-184b4dd26b28
2026-04-10 12:42:36|qwen|web_search_no_think|5|JSON_VERIFIED||1733|486a4777-3228-45f6-ab78-cdfa4477afce
2026-04-10 12:42:36|qwen|web_search_no_think|5|JSON_SAVED||1733|486a4777-3228-45f6-ab78-cdfa4477afce
2026-04-10 12:42:36|qwen|web_search_no_think|5|QUESTION_ADVANCE||1734|3ce786a5-66e6-47dc-9da1-494162bed688
2026-04-10 12:42:46|qwen|web_search_no_think|1|QUESTION_SENT||1535|590a932c-15c8-4f1b-a5f6-184b4dd26b28
2026-04-10 12:42:47|qwen|web_search_no_think|0|JSON_VERIFY_FAILED||1486|4f1c43a4-e2c5-463a-a8d7-b76eb6acc374
2026-04-10 12:42:51|qwen|web_search_no_think|1|QUESTION|40|1535|590a932c-15c8-4f1b-a5f6-184b4dd26b28
2026-04-10 12:43:03|qwen|web_search_no_think|5|QUESTION_SENT||1734|3ce786a5-66e6-47dc-9da1-494162bed688
2026-04-10 12:43:08|qwen|web_search_no_think|5|QUESTION|39|1734|3ce786a5-66e6-47dc-9da1-494162bed688
2026-04-10 12:43:14|qwen|web_search_no_think|0|QUESTION_SENT||1486|4f1c43a4-e2c5-463a-a8d7-b76eb6acc374
2026-04-10 12:43:20|qwen|web_search_no_think|0|QUESTION|44|1486|4f1c43a4-e2c5-463a-a8d7-b76eb6acc374
2026-04-10 12:44:13|qwen|web_search_no_think|5|JSON_VERIFIED||1734|3ce786a5-66e6-47dc-9da1-494162bed688
2026-04-10 12:44:13|qwen|web_search_no_think|5|JSON_SAVED||1734|3ce786a5-66e6-47dc-9da1-494162bed688
2026-04-10 12:44:13|qwen|web_search_no_think|5|QUESTION_ADVANCE||1735|8977e378-a110-4a70-a7e3-48dce6fdbb06
2026-04-10 12:44:41|qwen|web_search_no_think|5|QUESTION_SENT||1735|8977e378-a110-4a70-a7e3-48dce6fdbb06
2026-04-10 12:44:41|qwen|web_search_no_think|3|JSON_VERIFIED||1637|f587ff03-9400-4998-bf7a-844acb563cc8
2026-04-10 12:44:41|qwen|web_search_no_think|3|JSON_SAVED||1637|f587ff03-9400-4998-bf7a-844acb563cc8
2026-04-10 12:44:41|qwen|web_search_no_think|3|QUESTION_ADVANCE||1638|8ce55f6e-21f6-4604-bd36-fa2926b2d044
2026-04-10 12:44:46|qwen|web_search_no_think|5|QUESTION|40|1735|8977e378-a110-4a70-a7e3-48dce6fdbb06
2026-04-10 12:44:46|qwen|web_search_no_think|2|JSON_VERIFIED||1588|e467b402-93e6-4c65-8bc9-05f11dfc62f4
2026-04-10 12:44:46|qwen|web_search_no_think|2|JSON_SAVED||1588|e467b402-93e6-4c65-8bc9-05f11dfc62f4
2026-04-10 12:44:46|qwen|web_search_no_think|2|QUESTION_ADVANCE||1589|66a98ee1-e60f-4804-b8f2-1651e872eb61
2026-04-10 12:44:59|qwen|web_search_no_think|0|JSON_VERIFIED||1486|4f1c43a4-e2c5-463a-a8d7-b76eb6acc374
2026-04-10 12:44:59|qwen|web_search_no_think|0|JSON_SAVED||1486|4f1c43a4-e2c5-463a-a8d7-b76eb6acc374
2026-04-10 12:44:59|qwen|web_search_no_think|0|QUESTION_ADVANCE||1487|cf31fc63-3144-4cbf-9cd8-94d5a811430f
2026-04-10 12:45:03|qwen|web_search_no_think|4|JSON_VERIFIED||1688|7b7a8677-e3fe-4874-8afd-9cebe3a45bd3
2026-04-10 12:45:03|qwen|web_search_no_think|4|JSON_SAVED||1688|7b7a8677-e3fe-4874-8afd-9cebe3a45bd3
2026-04-10 12:45:03|qwen|web_search_no_think|4|QUESTION_ADVANCE||1689|89ee5150-db50-447e-babd-c158cd5bdb3f
2026-04-10 12:45:08|qwen|web_search_no_think|3|QUESTION_SENT||1638|8ce55f6e-21f6-4604-bd36-fa2926b2d044
2026-04-10 12:45:14|qwen|web_search_no_think|3|QUESTION|41|1638|8ce55f6e-21f6-4604-bd36-fa2926b2d044
2026-04-10 12:45:14|qwen|web_search_no_think|2|QUESTION_SENT||1589|66a98ee1-e60f-4804-b8f2-1651e872eb61
2026-04-10 12:45:19|qwen|web_search_no_think|2|QUESTION|45|1589|66a98ee1-e60f-4804-b8f2-1651e872eb61
2026-04-10 12:45:28|qwen|web_search_no_think|0|QUESTION_SENT||1487|cf31fc63-3144-4cbf-9cd8-94d5a811430f
2026-04-10 12:45:33|qwen|web_search_no_think|4|QUESTION_SENT||1689|89ee5150-db50-447e-babd-c158cd5bdb3f
2026-04-10 12:45:33|qwen|web_search_no_think|0|QUESTION|45|1487|cf31fc63-3144-4cbf-9cd8-94d5a811430f
2026-04-10 12:45:38|qwen|web_search_no_think|4|QUESTION|43|1689|89ee5150-db50-447e-babd-c158cd5bdb3f
2026-04-10 12:45:41|qwen|web_search_no_think|3|QUESTION_SENT||1638|8ce55f6e-21f6-4604-bd36-fa2926b2d044
2026-04-10 12:45:45|qwen|web_search_no_think|2|QUESTION_SENT||1589|66a98ee1-e60f-4804-b8f2-1651e872eb61
2026-04-10 12:45:46|qwen|web_search_no_think|1|JSON_VERIFIED||1535|590a932c-15c8-4f1b-a5f6-184b4dd26b28
2026-04-10 12:45:46|qwen|web_search_no_think|1|JSON_SAVED||1535|590a932c-15c8-4f1b-a5f6-184b4dd26b28
2026-04-10 12:45:46|qwen|web_search_no_think|3|QUESTION|42|1638|8ce55f6e-21f6-4604-bd36-fa2926b2d044
2026-04-10 12:45:46|qwen|web_search_no_think|1|QUESTION_ADVANCE||1536|eccd836e-674b-4e47-a174-0efc8c883d95
2026-04-10 12:45:50|qwen|web_search_no_think|2|QUESTION|46|1589|66a98ee1-e60f-4804-b8f2-1651e872eb61
2026-04-10 12:46:14|qwen|web_search_no_think|1|QUESTION_SENT||1536|eccd836e-674b-4e47-a174-0efc8c883d95
2026-04-10 12:46:17|qwen|web_search_no_think|5|JSON_VERIFIED||1735|8977e378-a110-4a70-a7e3-48dce6fdbb06
2026-04-10 12:46:17|qwen|web_search_no_think|5|JSON_SAVED||1735|8977e378-a110-4a70-a7e3-48dce6fdbb06
2026-04-10 12:46:17|qwen|web_search_no_think|5|QUESTION_ADVANCE||1736|830f5c6d-4f27-4575-b9e8-f474ae41c9ff
2026-04-10 12:46:19|qwen|web_search_no_think|1|QUESTION|41|1536|eccd836e-674b-4e47-a174-0efc8c883d95
2026-04-10 12:46:38|qwen|web_search_no_think|0|JSON_VERIFIED||1487|cf31fc63-3144-4cbf-9cd8-94d5a811430f
2026-04-10 12:46:38|qwen|web_search_no_think|0|JSON_SAVED||1487|cf31fc63-3144-4cbf-9cd8-94d5a811430f
2026-04-10 12:46:38|qwen|web_search_no_think|0|QUESTION_ADVANCE||1488|29af6a45-e3ca-48bf-8917-00ce82ad427f
2026-04-10 12:46:44|qwen|web_search_no_think|5|QUESTION_SENT||1736|830f5c6d-4f27-4575-b9e8-f474ae41c9ff
2026-04-10 12:46:50|qwen|web_search_no_think|5|QUESTION|41|1736|830f5c6d-4f27-4575-b9e8-f474ae41c9ff
2026-04-10 12:46:58|qwen|web_search_no_think|1|JSON_VERIFY_FAILED||1536|eccd836e-674b-4e47-a174-0efc8c883d95
2026-04-10 12:47:06|qwen|web_search_no_think|0|QUESTION_SENT||1488|29af6a45-e3ca-48bf-8917-00ce82ad427f
2026-04-10 12:47:11|qwen|web_search_no_think|0|QUESTION|46|1488|29af6a45-e3ca-48bf-8917-00ce82ad427f
2026-04-10 12:47:26|qwen|web_search_no_think|1|QUESTION_SENT||1536|eccd836e-674b-4e47-a174-0efc8c883d95
2026-04-10 12:47:31|qwen|web_search_no_think|1|QUESTION|42|1536|eccd836e-674b-4e47-a174-0efc8c883d95
2026-04-10 12:47:44|qwen|web_search_no_think|3|JSON_VERIFIED||1638|8ce55f6e-21f6-4604-bd36-fa2926b2d044
2026-04-10 12:47:44|qwen|web_search_no_think|3|JSON_SAVED||1638|8ce55f6e-21f6-4604-bd36-fa2926b2d044
2026-04-10 12:47:44|qwen|web_search_no_think|3|QUESTION_ADVANCE||1639|38e2e4b8-6157-4201-a521-8b1402356c05
2026-04-10 12:47:49|qwen|web_search_no_think|4|JSON_VERIFIED||1689|89ee5150-db50-447e-babd-c158cd5bdb3f
2026-04-10 12:47:49|qwen|web_search_no_think|4|JSON_SAVED||1689|89ee5150-db50-447e-babd-c158cd5bdb3f
2026-04-10 12:47:49|qwen|web_search_no_think|4|QUESTION_ADVANCE||1690|b17895ec-dc01-45c3-9582-188ef4daa216
2026-04-10 12:48:11|qwen|web_search_no_think|3|QUESTION_SENT||1639|38e2e4b8-6157-4201-a521-8b1402356c05
2026-04-10 12:48:16|qwen|web_search_no_think|3|QUESTION|43|1639|38e2e4b8-6157-4201-a521-8b1402356c05
2026-04-10 12:48:17|qwen|web_search_no_think|4|QUESTION_SENT||1690|b17895ec-dc01-45c3-9582-188ef4daa216
2026-04-10 12:48:22|qwen|web_search_no_think|4|QUESTION|44|1690|b17895ec-dc01-45c3-9582-188ef4daa216
2026-04-10 12:49:12|qwen|web_search_no_think|2|JSON_VERIFIED||1589|66a98ee1-e60f-4804-b8f2-1651e872eb61
2026-04-10 12:49:12|qwen|web_search_no_think|2|JSON_SAVED||1589|66a98ee1-e60f-4804-b8f2-1651e872eb61
2026-04-10 12:49:12|qwen|web_search_no_think|2|QUESTION_ADVANCE||1590|1531e657-def8-46fa-95dd-6945e8562c40
2026-04-10 12:49:40|qwen|web_search_no_think|2|QUESTION_SENT||1590|1531e657-def8-46fa-95dd-6945e8562c40
2026-04-10 12:49:41|qwen|web_search_no_think|5|JSON_VERIFIED||1736|830f5c6d-4f27-4575-b9e8-f474ae41c9ff
2026-04-10 12:49:41|qwen|web_search_no_think|5|JSON_SAVED||1736|830f5c6d-4f27-4575-b9e8-f474ae41c9ff
2026-04-10 12:49:41|qwen|web_search_no_think|5|QUESTION_ADVANCE||1737|26eda7f5-1080-4912-bc34-61f4cf4daa3d
2026-04-10 12:49:45|qwen|web_search_no_think|2|QUESTION|47|1590|1531e657-def8-46fa-95dd-6945e8562c40
2026-04-10 12:50:00|qwen|web_search_no_think|0|JSON_VERIFIED||1488|29af6a45-e3ca-48bf-8917-00ce82ad427f
2026-04-10 12:50:00|qwen|web_search_no_think|0|JSON_SAVED||1488|29af6a45-e3ca-48bf-8917-00ce82ad427f
2026-04-10 12:50:00|qwen|web_search_no_think|0|QUESTION_ADVANCE||1489|6f28976d-799e-48eb-9164-5ac7c6ff9616
2026-04-10 12:50:08|qwen|web_search_no_think|5|QUESTION_SENT||1737|26eda7f5-1080-4912-bc34-61f4cf4daa3d
2026-04-10 12:50:14|qwen|web_search_no_think|5|QUESTION|42|1737|26eda7f5-1080-4912-bc34-61f4cf4daa3d
2026-04-10 12:50:27|qwen|web_search_no_think|0|QUESTION_SENT||1489|6f28976d-799e-48eb-9164-5ac7c6ff9616
2026-04-10 12:50:32|qwen|web_search_no_think|0|QUESTION|47|1489|6f28976d-799e-48eb-9164-5ac7c6ff9616
2026-04-10 12:51:15|qwen|web_search_no_think|2|JSON_VERIFY_FAILED||1590|1531e657-def8-46fa-95dd-6945e8562c40
2026-04-10 12:51:20|qwen|web_search_no_think|4|JSON_VERIFIED||1690|b17895ec-dc01-45c3-9582-188ef4daa216
2026-04-10 12:51:20|qwen|web_search_no_think|4|JSON_SAVED||1690|b17895ec-dc01-45c3-9582-188ef4daa216
2026-04-10 12:51:20|qwen|web_search_no_think|4|QUESTION_ADVANCE||1691|8b1a2b73-3f2a-4124-a20c-0be770ce1f62
2026-04-10 12:51:43|qwen|web_search_no_think|2|QUESTION_SENT||1590|1531e657-def8-46fa-95dd-6945e8562c40
2026-04-10 12:51:48|qwen|web_search_no_think|2|QUESTION|48|1590|1531e657-def8-46fa-95dd-6945e8562c40
2026-04-10 12:51:48|qwen|web_search_no_think|4|QUESTION_SENT||1691|8b1a2b73-3f2a-4124-a20c-0be770ce1f62
2026-04-10 12:51:54|qwen|web_search_no_think|4|QUESTION|45|1691|8b1a2b73-3f2a-4124-a20c-0be770ce1f62
2026-04-10 12:52:19|qwen|web_search_no_think|3|JSON_VERIFIED||1639|38e2e4b8-6157-4201-a521-8b1402356c05
2026-04-10 12:52:19|qwen|web_search_no_think|3|JSON_SAVED||1639|38e2e4b8-6157-4201-a521-8b1402356c05
2026-04-10 12:52:19|qwen|web_search_no_think|3|QUESTION_ADVANCE||1640|13bc9224-39b7-4df1-8f03-13ffe185a818
2026-04-10 12:52:47|qwen|web_search_no_think|3|QUESTION_SENT||1640|13bc9224-39b7-4df1-8f03-13ffe185a818
2026-04-10 12:52:52|qwen|web_search_no_think|3|QUESTION|44|1640|13bc9224-39b7-4df1-8f03-13ffe185a818
2026-04-10 12:52:52|qwen|web_search_no_think|0|JSON_VERIFIED||1489|6f28976d-799e-48eb-9164-5ac7c6ff9616
2026-04-10 12:52:52|qwen|web_search_no_think|0|JSON_SAVED||1489|6f28976d-799e-48eb-9164-5ac7c6ff9616
2026-04-10 12:52:52|qwen|web_search_no_think|0|QUESTION_ADVANCE||1490|b4db8d93-88ea-49d7-bd31-8aea15c71ff8
2026-04-10 12:53:07|qwen|web_search_no_think|5|JSON_VERIFIED||1737|26eda7f5-1080-4912-bc34-61f4cf4daa3d
2026-04-10 12:53:07|qwen|web_search_no_think|5|JSON_SAVED||1737|26eda7f5-1080-4912-bc34-61f4cf4daa3d
2026-04-10 12:53:07|qwen|web_search_no_think|5|QUESTION_ADVANCE||1738|53edee08-eb45-4712-ae57-8f28dda111bc
2026-04-10 12:53:19|qwen|web_search_no_think|0|QUESTION_SENT||1490|b4db8d93-88ea-49d7-bd31-8aea15c71ff8
2026-04-10 12:53:24|qwen|web_search_no_think|0|QUESTION|48|1490|b4db8d93-88ea-49d7-bd31-8aea15c71ff8
2026-04-10 12:53:34|qwen|web_search_no_think|5|QUESTION_SENT||1738|53edee08-eb45-4712-ae57-8f28dda111bc
2026-04-10 12:53:40|qwen|web_search_no_think|5|QUESTION|43|1738|53edee08-eb45-4712-ae57-8f28dda111bc
2026-04-10 12:54:02|qwen|web_search_no_think|1|QUESTION_SENT||1536|eccd836e-674b-4e47-a174-0efc8c883d95
2026-04-10 12:54:08|qwen|web_search_no_think|1|QUESTION|43|1536|eccd836e-674b-4e47-a174-0efc8c883d95
2026-04-10 12:54:53|qwen|web_search_no_think|2|JSON_VERIFIED||1590|1531e657-def8-46fa-95dd-6945e8562c40
2026-04-10 12:54:53|qwen|web_search_no_think|2|JSON_SAVED||1590|1531e657-def8-46fa-95dd-6945e8562c40
2026-04-10 12:54:53|qwen|web_search_no_think|2|QUESTION_ADVANCE||1591|0c0830df-bcbb-4956-96f4-017bc7166f46
2026-04-10 12:55:21|qwen|web_search_no_think|2|QUESTION_SENT||1591|0c0830df-bcbb-4956-96f4-017bc7166f46
2026-04-10 12:55:26|qwen|web_search_no_think|2|QUESTION|49|1591|0c0830df-bcbb-4956-96f4-017bc7166f46
2026-04-10 12:55:35|qwen|web_search_no_think|3|JSON_VERIFIED||1640|13bc9224-39b7-4df1-8f03-13ffe185a818
2026-04-10 12:55:35|qwen|web_search_no_think|3|JSON_SAVED||1640|13bc9224-39b7-4df1-8f03-13ffe185a818
2026-04-10 12:55:35|qwen|web_search_no_think|3|QUESTION_ADVANCE||1641|e6f5afc5-92bf-4068-bcc4-bfc106a5de40
2026-04-10 12:55:50|qwen|web_search_no_think|0|JSON_VERIFIED||1490|b4db8d93-88ea-49d7-bd31-8aea15c71ff8
2026-04-10 12:55:50|qwen|web_search_no_think|0|JSON_SAVED||1490|b4db8d93-88ea-49d7-bd31-8aea15c71ff8
2026-04-10 12:55:50|qwen|web_search_no_think|0|QUESTION_ADVANCE||1491|9704eea4-3b25-44f8-863f-a671a9e5fac5
2026-04-10 12:56:04|qwen|web_search_no_think|3|QUESTION_SENT||1641|e6f5afc5-92bf-4068-bcc4-bfc106a5de40
2026-04-10 12:56:09|qwen|web_search_no_think|3|QUESTION|45|1641|e6f5afc5-92bf-4068-bcc4-bfc106a5de40
2026-04-10 12:56:18|qwen|web_search_no_think|0|QUESTION_SENT||1491|9704eea4-3b25-44f8-863f-a671a9e5fac5
2026-04-10 12:56:19|qwen|web_search_no_think|4|JSON_VERIFY_FAILED||1691|8b1a2b73-3f2a-4124-a20c-0be770ce1f62
2026-04-10 12:56:23|qwen|web_search_no_think|0|QUESTION|49|1491|9704eea4-3b25-44f8-863f-a671a9e5fac5
2026-04-10 12:56:25|qwen|web_search_no_think|4|QUESTION_SENT||1691|8b1a2b73-3f2a-4124-a20c-0be770ce1f62
2026-04-10 12:56:28|qwen|web_search_no_think|4|QUESTION|46|1691|8b1a2b73-3f2a-4124-a20c-0be770ce1f62
2026-04-10 12:56:34|qwen|web_search_no_think|5|JSON_VERIFIED||1738|53edee08-eb45-4712-ae57-8f28dda111bc
2026-04-10 12:56:34|qwen|web_search_no_think|5|JSON_SAVED||1738|53edee08-eb45-4712-ae57-8f28dda111bc
2026-04-10 12:56:34|qwen|web_search_no_think|5|QUESTION_ADVANCE||1739|497ff419-f7bf-493d-8406-2570d8501397
2026-04-10 12:56:36|qwen|web_search_no_think|2|JSON_VERIFIED||1591|0c0830df-bcbb-4956-96f4-017bc7166f46
2026-04-10 12:56:36|qwen|web_search_no_think|2|JSON_SAVED||1591|0c0830df-bcbb-4956-96f4-017bc7166f46
2026-04-10 12:56:36|qwen|web_search_no_think|2|QUESTION_ADVANCE||1592|a2ca7bc9-c313-4de5-8f3d-c670f19b868c
2026-04-10 12:57:01|qwen|web_search_no_think|5|QUESTION_SENT||1739|497ff419-f7bf-493d-8406-2570d8501397
2026-04-10 12:57:03|qwen|web_search_no_think|2|QUESTION_SENT||1592|a2ca7bc9-c313-4de5-8f3d-c670f19b868c
2026-04-10 12:57:06|qwen|web_search_no_think|5|QUESTION|44|1739|497ff419-f7bf-493d-8406-2570d8501397
2026-04-10 12:57:08|qwen|web_search_no_think|2|QUESTION|50|1592|a2ca7bc9-c313-4de5-8f3d-c670f19b868c
2026-04-10 12:57:59|qwen|web_search_no_think|1|JSON_VERIFIED||1536|eccd836e-674b-4e47-a174-0efc8c883d95
2026-04-10 12:57:59|qwen|web_search_no_think|1|JSON_SAVED||1536|eccd836e-674b-4e47-a174-0efc8c883d95
2026-04-10 12:57:59|qwen|web_search_no_think|1|QUESTION_ADVANCE||1537|7a1df386-3500-4c25-a20b-1e635ec360c9
2026-04-10 12:58:16|qwen|web_search_no_think|2|JSON_VERIFIED||1592|a2ca7bc9-c313-4de5-8f3d-c670f19b868c
2026-04-10 12:58:16|qwen|web_search_no_think|2|JSON_SAVED||1592|a2ca7bc9-c313-4de5-8f3d-c670f19b868c
2026-04-10 12:58:16|qwen|web_search_no_think|2|QUESTION_ADVANCE||1593|671c28d9-d6ac-441c-8c4f-0b4fbc2936c3
2026-04-10 12:58:26|qwen|web_search_no_think|1|QUESTION_SENT||1537|7a1df386-3500-4c25-a20b-1e635ec360c9
2026-04-10 12:58:31|qwen|web_search_no_think|1|QUESTION|44|1537|7a1df386-3500-4c25-a20b-1e635ec360c9
2026-04-10 12:58:44|qwen|web_search_no_think|2|QUESTION_SENT||1593|671c28d9-d6ac-441c-8c4f-0b4fbc2936c3
2026-04-10 12:58:49|qwen|web_search_no_think|2|QUESTION|51|1593|671c28d9-d6ac-441c-8c4f-0b4fbc2936c3
2026-04-10 12:58:50|qwen|web_search_no_think|3|JSON_VERIFIED||1641|e6f5afc5-92bf-4068-bcc4-bfc106a5de40
2026-04-10 12:58:50|qwen|web_search_no_think|3|JSON_SAVED||1641|e6f5afc5-92bf-4068-bcc4-bfc106a5de40
2026-04-10 12:58:50|qwen|web_search_no_think|3|QUESTION_ADVANCE||1642|3d5bc449-98b4-4142-8362-a7938757a02a
2026-04-10 12:59:17|qwen|web_search_no_think|3|QUESTION_SENT||1642|3d5bc449-98b4-4142-8362-a7938757a02a
2026-04-10 12:59:21|qwen|web_search_no_think|0|JSON_VERIFIED||1491|9704eea4-3b25-44f8-863f-a671a9e5fac5
2026-04-10 12:59:21|qwen|web_search_no_think|0|JSON_SAVED||1491|9704eea4-3b25-44f8-863f-a671a9e5fac5
2026-04-10 12:59:21|qwen|web_search_no_think|0|QUESTION_ADVANCE||1492|02bc85eb-91cb-40c0-be80-c9fbd8c4a2a2
2026-04-10 12:59:22|qwen|web_search_no_think|3|QUESTION|46|1642|3d5bc449-98b4-4142-8362-a7938757a02a
2026-04-10 12:59:49|qwen|web_search_no_think|0|QUESTION_SENT||1492|02bc85eb-91cb-40c0-be80-c9fbd8c4a2a2
2026-04-10 12:59:55|qwen|web_search_no_think|0|QUESTION|50|1492|02bc85eb-91cb-40c0-be80-c9fbd8c4a2a2
2026-04-10 13:00:19|qwen|web_search_no_think|5|JSON_VERIFIED||1739|497ff419-f7bf-493d-8406-2570d8501397
2026-04-10 13:00:19|qwen|web_search_no_think|5|JSON_SAVED||1739|497ff419-f7bf-493d-8406-2570d8501397
2026-04-10 13:00:19|qwen|web_search_no_think|5|QUESTION_ADVANCE||1740|18598ce0-a00c-4516-b141-3fcf201902df
2026-04-10 13:00:39|qwen|web_search_no_think|2|JSON_VERIFIED||1593|671c28d9-d6ac-441c-8c4f-0b4fbc2936c3
2026-04-10 13:00:39|qwen|web_search_no_think|2|JSON_SAVED||1593|671c28d9-d6ac-441c-8c4f-0b4fbc2936c3
2026-04-10 13:00:39|qwen|web_search_no_think|2|QUESTION_ADVANCE||1594|a1584324-7f86-44dd-9ba9-9852189484a0
2026-04-10 13:00:44|qwen|web_search_no_think|1|JSON_VERIFIED||1537|7a1df386-3500-4c25-a20b-1e635ec360c9
2026-04-10 13:00:44|qwen|web_search_no_think|1|JSON_SAVED||1537|7a1df386-3500-4c25-a20b-1e635ec360c9
2026-04-10 13:00:44|qwen|web_search_no_think|1|QUESTION_ADVANCE||1538|4c9c4023-28a3-421b-b36b-9d4ba32abefc
2026-04-10 13:00:46|qwen|web_search_no_think|5|QUESTION_SENT||1740|18598ce0-a00c-4516-b141-3fcf201902df
2026-04-10 13:00:52|qwen|web_search_no_think|5|QUESTION|45|1740|18598ce0-a00c-4516-b141-3fcf201902df
2026-04-10 13:01:01|qwen|web_search_no_think|0|JSON_VERIFIED||1492|02bc85eb-91cb-40c0-be80-c9fbd8c4a2a2
2026-04-10 13:01:01|qwen|web_search_no_think|0|JSON_SAVED||1492|02bc85eb-91cb-40c0-be80-c9fbd8c4a2a2
2026-04-10 13:01:01|qwen|web_search_no_think|0|QUESTION_ADVANCE||1493|9270f2c8-f86e-49b8-b7ed-354a9755de98
2026-04-10 13:01:06|qwen|web_search_no_think|2|QUESTION_SENT||1594|a1584324-7f86-44dd-9ba9-9852189484a0
2026-04-10 13:01:11|qwen|web_search_no_think|2|QUESTION|52|1594|a1584324-7f86-44dd-9ba9-9852189484a0
2026-04-10 13:01:11|qwen|web_search_no_think|1|QUESTION_SENT||1538|4c9c4023-28a3-421b-b36b-9d4ba32abefc
2026-04-10 13:01:16|qwen|web_search_no_think|1|QUESTION|45|1538|4c9c4023-28a3-421b-b36b-9d4ba32abefc
2026-04-10 13:01:29|qwen|web_search_no_think|0|QUESTION_SENT||1493|9270f2c8-f86e-49b8-b7ed-354a9755de98
2026-04-10 13:01:34|qwen|web_search_no_think|0|QUESTION|51|1493|9270f2c8-f86e-49b8-b7ed-354a9755de98
2026-04-10 13:01:35|qwen|web_search_no_think|4|QUESTION_SENT||1691|8b1a2b73-3f2a-4124-a20c-0be770ce1f62
2026-04-10 13:01:40|qwen|web_search_no_think|4|QUESTION|47|1691|8b1a2b73-3f2a-4124-a20c-0be770ce1f62
2026-04-10 13:02:00|qwen|web_search_no_think|0|JSON_VERIFY_FAILED||1493|9270f2c8-f86e-49b8-b7ed-354a9755de98
2026-04-10 13:02:25|qwen|web_search_no_think|5|JSON_VERIFIED||1740|18598ce0-a00c-4516-b141-3fcf201902df
2026-04-10 13:02:25|qwen|web_search_no_think|5|JSON_SAVED||1740|18598ce0-a00c-4516-b141-3fcf201902df
2026-04-10 13:02:25|qwen|web_search_no_think|5|QUESTION_ADVANCE||1741|f62488f8-2309-4456-9cfc-f2fe9d393fc2
2026-04-10 13:02:28|qwen|web_search_no_think|0|QUESTION_SENT||1493|9270f2c8-f86e-49b8-b7ed-354a9755de98
2026-04-10 13:02:33|qwen|web_search_no_think|0|QUESTION|52|1493|9270f2c8-f86e-49b8-b7ed-354a9755de98
2026-04-10 13:02:51|qwen|web_search_no_think|3|JSON_VERIFIED||1642|3d5bc449-98b4-4142-8362-a7938757a02a
2026-04-10 13:02:51|qwen|web_search_no_think|3|JSON_SAVED||1642|3d5bc449-98b4-4142-8362-a7938757a02a
2026-04-10 13:02:51|qwen|web_search_no_think|3|QUESTION_ADVANCE||1643|96a1004f-9836-4b52-9641-578afa7055bc
2026-04-10 13:02:55|qwen|web_search_no_think|5|QUESTION_SENT||1741|f62488f8-2309-4456-9cfc-f2fe9d393fc2
2026-04-10 13:02:58|qwen|web_search_no_think|0|QUESTION_SENT||1493|9270f2c8-f86e-49b8-b7ed-354a9755de98
2026-04-10 13:03:00|qwen|web_search_no_think|5|QUESTION|46|1741|f62488f8-2309-4456-9cfc-f2fe9d393fc2
2026-04-10 13:03:04|qwen|web_search_no_think|0|QUESTION|53|1493|9270f2c8-f86e-49b8-b7ed-354a9755de98
2026-04-10 13:03:16|qwen|web_search_no_think|2|JSON_VERIFIED||1594|a1584324-7f86-44dd-9ba9-9852189484a0
2026-04-10 13:03:16|qwen|web_search_no_think|2|JSON_SAVED||1594|a1584324-7f86-44dd-9ba9-9852189484a0
2026-04-10 13:03:16|qwen|web_search_no_think|2|QUESTION_ADVANCE||1595|50f52a56-8203-43ca-b577-20745efec5a1
2026-04-10 13:03:19|qwen|web_search_no_think|3|QUESTION_SENT||1643|96a1004f-9836-4b52-9641-578afa7055bc
2026-04-10 13:03:25|qwen|web_search_no_think|3|QUESTION|47|1643|96a1004f-9836-4b52-9641-578afa7055bc
2026-04-10 13:03:46|qwen|web_search_no_think|2|QUESTION_SENT||1595|50f52a56-8203-43ca-b577-20745efec5a1
2026-04-10 13:03:50|qwen|web_search_no_think|3|QUESTION_SENT||1643|96a1004f-9836-4b52-9641-578afa7055bc
2026-04-10 13:03:51|qwen|web_search_no_think|2|QUESTION|53|1595|50f52a56-8203-43ca-b577-20745efec5a1
2026-04-10 13:03:55|qwen|web_search_no_think|3|QUESTION|48|1643|96a1004f-9836-4b52-9641-578afa7055bc
2026-04-10 13:04:43|qwen|web_search_no_think|5|JSON_VERIFIED||1741|f62488f8-2309-4456-9cfc-f2fe9d393fc2
2026-04-10 13:04:43|qwen|web_search_no_think|5|JSON_SAVED||1741|f62488f8-2309-4456-9cfc-f2fe9d393fc2
2026-04-10 13:04:44|qwen|web_search_no_think|5|QUESTION_ADVANCE||1742|25135499-a63f-423d-ad48-a467098feb30
2026-04-10 13:05:12|qwen|web_search_no_think|5|QUESTION_SENT||1742|25135499-a63f-423d-ad48-a467098feb30
2026-04-10 13:05:12|qwen|web_search_no_think|1|JSON_VERIFY_FAILED||1538|4c9c4023-28a3-421b-b36b-9d4ba32abefc
2026-04-10 13:05:17|qwen|web_search_no_think|5|QUESTION|47|1742|25135499-a63f-423d-ad48-a467098feb30
2026-04-10 13:05:18|qwen|web_search_no_think|1|QUESTION_SENT||1538|4c9c4023-28a3-421b-b36b-9d4ba32abefc
2026-04-10 13:05:21|qwen|web_search_no_think|1|QUESTION|46|1538|4c9c4023-28a3-421b-b36b-9d4ba32abefc
2026-04-10 13:05:43|qwen|web_search_no_think|5|QUESTION_SENT||1742|25135499-a63f-423d-ad48-a467098feb30
2026-04-10 13:05:46|qwen|web_search_no_think|2|JSON_VERIFIED||1595|50f52a56-8203-43ca-b577-20745efec5a1
2026-04-10 13:05:46|qwen|web_search_no_think|2|JSON_SAVED||1595|50f52a56-8203-43ca-b577-20745efec5a1
2026-04-10 13:05:46|qwen|web_search_no_think|2|QUESTION_ADVANCE||1596|e5697e3e-6225-4ea9-b936-db440628d6a5
2026-04-10 13:05:47|qwen|web_search_no_think|0|JSON_VERIFIED||1493|9270f2c8-f86e-49b8-b7ed-354a9755de98
2026-04-10 13:05:47|qwen|web_search_no_think|0|JSON_SAVED||1493|9270f2c8-f86e-49b8-b7ed-354a9755de98
2026-04-10 13:05:47|qwen|web_search_no_think|0|QUESTION_ADVANCE||1494|7e7f666f-b3f1-41ea-b3b7-ec01ddbfe0a6
2026-04-10 13:05:48|qwen|web_search_no_think|5|QUESTION|48|1742|25135499-a63f-423d-ad48-a467098feb30
2026-04-10 13:05:59|qwen|web_search_no_think|1|QUESTION_SENT||1538|4c9c4023-28a3-421b-b36b-9d4ba32abefc
2026-04-10 13:06:04|qwen|web_search_no_think|1|QUESTION|47|1538|4c9c4023-28a3-421b-b36b-9d4ba32abefc
2026-04-10 13:06:04|qwen|web_search_no_think|4|JSON_VERIFIED||1691|8b1a2b73-3f2a-4124-a20c-0be770ce1f62
2026-04-10 13:06:04|qwen|web_search_no_think|4|JSON_SAVED||1691|8b1a2b73-3f2a-4124-a20c-0be770ce1f62
2026-04-10 13:06:04|qwen|web_search_no_think|4|QUESTION_ADVANCE||1692|c2dd52be-1033-4672-81d8-633b1b7cd6ba
2026-04-10 13:06:15|qwen|web_search_no_think|2|QUESTION_SENT||1596|e5697e3e-6225-4ea9-b936-db440628d6a5
2026-04-10 13:06:20|qwen|web_search_no_think|2|QUESTION|54|1596|e5697e3e-6225-4ea9-b936-db440628d6a5
2026-04-10 13:06:25|qwen|web_search_no_think|3|JSON_VERIFIED||1643|96a1004f-9836-4b52-9641-578afa7055bc
2026-04-10 13:06:25|qwen|web_search_no_think|3|JSON_SAVED||1643|96a1004f-9836-4b52-9641-578afa7055bc
2026-04-10 13:06:25|qwen|web_search_no_think|3|QUESTION_ADVANCE||1644|a23e3e60-de97-4d37-81bb-7fab199c5adf
2026-04-10 13:06:30|qwen|web_search_no_think|1|QUESTION_SENT||1538|4c9c4023-28a3-421b-b36b-9d4ba32abefc
2026-04-10 13:06:32|qwen|web_search_no_think|0|QUESTION_SENT||1494|7e7f666f-b3f1-41ea-b3b7-ec01ddbfe0a6
2026-04-10 13:06:32|qwen|web_search_no_think|4|QUESTION_SENT||1692|c2dd52be-1033-4672-81d8-633b1b7cd6ba
2026-04-10 13:06:35|qwen|web_search_no_think|1|QUESTION|48|1538|4c9c4023-28a3-421b-b36b-9d4ba32abefc
2026-04-10 13:06:37|qwen|web_search_no_think|0|QUESTION|54|1494|7e7f666f-b3f1-41ea-b3b7-ec01ddbfe0a6
2026-04-10 13:06:37|qwen|web_search_no_think|4|QUESTION|48|1692|c2dd52be-1033-4672-81d8-633b1b7cd6ba
2026-04-10 13:06:53|qwen|web_search_no_think|3|QUESTION_SENT||1644|a23e3e60-de97-4d37-81bb-7fab199c5adf
2026-04-10 13:06:58|qwen|web_search_no_think|3|QUESTION|49|1644|a23e3e60-de97-4d37-81bb-7fab199c5adf
2026-04-10 13:07:56|qwen|web_search_no_think|5|JSON_VERIFIED||1742|25135499-a63f-423d-ad48-a467098feb30
2026-04-10 13:07:56|qwen|web_search_no_think|5|JSON_SAVED||1742|25135499-a63f-423d-ad48-a467098feb30
2026-04-10 13:07:56|qwen|web_search_no_think|5|QUESTION_ADVANCE||1743|95087453-4c3d-4631-bd0c-8ecb3ea8708c
2026-04-10 13:07:59|qwen|web_search_no_think|0|JSON_VERIFIED||1494|7e7f666f-b3f1-41ea-b3b7-ec01ddbfe0a6
2026-04-10 13:07:59|qwen|web_search_no_think|0|JSON_SAVED||1494|7e7f666f-b3f1-41ea-b3b7-ec01ddbfe0a6
2026-04-10 13:07:59|qwen|web_search_no_think|0|QUESTION_ADVANCE||1495|92e35124-b48a-48ea-b755-9c0b452e18ea
2026-04-10 13:08:24|qwen|web_search_no_think|5|QUESTION_SENT||1743|95087453-4c3d-4631-bd0c-8ecb3ea8708c
2026-04-10 13:08:27|qwen|web_search_no_think|0|QUESTION_SENT||1495|92e35124-b48a-48ea-b755-9c0b452e18ea
2026-04-10 13:08:29|qwen|web_search_no_think|5|QUESTION|49|1743|95087453-4c3d-4631-bd0c-8ecb3ea8708c
2026-04-10 13:08:32|qwen|web_search_no_think|0|QUESTION|55|1495|92e35124-b48a-48ea-b755-9c0b452e18ea
2026-04-10 13:08:40|qwen|web_search_no_think|4|JSON_VERIFIED||1692|c2dd52be-1033-4672-81d8-633b1b7cd6ba
2026-04-10 13:08:40|qwen|web_search_no_think|4|JSON_SAVED||1692|c2dd52be-1033-4672-81d8-633b1b7cd6ba
2026-04-10 13:08:40|qwen|web_search_no_think|4|QUESTION_ADVANCE||1693|e5a9c4bf-cae9-4353-903e-c64c8b977ba3
2026-04-10 13:08:55|qwen|web_search_no_think|5|QUESTION_SENT||1743|95087453-4c3d-4631-bd0c-8ecb3ea8708c
2026-04-10 13:08:58|qwen|web_search_no_think|0|QUESTION_SENT||1495|92e35124-b48a-48ea-b755-9c0b452e18ea
2026-04-10 13:08:58|qwen|web_search_no_think|1|JSON_VERIFIED||1538|4c9c4023-28a3-421b-b36b-9d4ba32abefc
2026-04-10 13:08:58|qwen|web_search_no_think|1|JSON_SAVED||1538|4c9c4023-28a3-421b-b36b-9d4ba32abefc
2026-04-10 13:08:58|qwen|web_search_no_think|1|QUESTION_ADVANCE||1539|b12465e8-99d2-4121-94b0-deb334c7ef5a
2026-04-10 13:09:01|qwen|web_search_no_think|5|QUESTION|50|1743|95087453-4c3d-4631-bd0c-8ecb3ea8708c
2026-04-10 13:09:03|qwen|web_search_no_think|0|QUESTION|56|1495|92e35124-b48a-48ea-b755-9c0b452e18ea
2026-04-10 13:09:07|qwen|web_search_no_think|2|JSON_VERIFIED||1596|e5697e3e-6225-4ea9-b936-db440628d6a5
2026-04-10 13:09:07|qwen|web_search_no_think|2|JSON_SAVED||1596|e5697e3e-6225-4ea9-b936-db440628d6a5
2026-04-10 13:09:07|qwen|web_search_no_think|2|QUESTION_ADVANCE||1597|a60d32de-7a87-4bca-a0e2-c3f3fef6d056
2026-04-10 13:09:08|qwen|web_search_no_think|4|QUESTION_SENT||1693|e5a9c4bf-cae9-4353-903e-c64c8b977ba3
2026-04-10 13:09:13|qwen|web_search_no_think|4|QUESTION|49|1693|e5a9c4bf-cae9-4353-903e-c64c8b977ba3
2026-04-10 13:09:25|qwen|web_search_no_think|1|QUESTION_SENT||1539|b12465e8-99d2-4121-94b0-deb334c7ef5a
2026-04-10 13:09:31|qwen|web_search_no_think|1|QUESTION|49|1539|b12465e8-99d2-4121-94b0-deb334c7ef5a
2026-04-10 13:09:31|qwen|web_search_no_think|5|JSON_VERIFY_FAILED||1743|95087453-4c3d-4631-bd0c-8ecb3ea8708c
2026-04-10 13:09:34|qwen|web_search_no_think|2|QUESTION_SENT||1597|a60d32de-7a87-4bca-a0e2-c3f3fef6d056
2026-04-10 13:09:39|qwen|web_search_no_think|2|QUESTION|55|1597|a60d32de-7a87-4bca-a0e2-c3f3fef6d056
2026-04-10 13:09:59|qwen|web_search_no_think|5|QUESTION_SENT||1743|95087453-4c3d-4631-bd0c-8ecb3ea8708c
2026-04-10 13:10:04|qwen|web_search_no_think|5|QUESTION|51|1743|95087453-4c3d-4631-bd0c-8ecb3ea8708c
2026-04-10 13:10:29|qwen|web_search_no_think|4|JSON_VERIFIED||1693|e5a9c4bf-cae9-4353-903e-c64c8b977ba3
2026-04-10 13:10:29|qwen|web_search_no_think|4|JSON_SAVED||1693|e5a9c4bf-cae9-4353-903e-c64c8b977ba3
2026-04-10 13:10:29|qwen|web_search_no_think|4|QUESTION_ADVANCE||1694|4af4fc0d-e6b0-47d5-b80e-9ecf7eff6357
2026-04-10 13:10:30|qwen|web_search_no_think|5|QUESTION_SENT||1743|95087453-4c3d-4631-bd0c-8ecb3ea8708c
2026-04-10 13:10:36|qwen|web_search_no_think|5|QUESTION|52|1743|95087453-4c3d-4631-bd0c-8ecb3ea8708c
2026-04-10 13:10:36|qwen|web_search_no_think|3|JSON_VERIFIED||1644|a23e3e60-de97-4d37-81bb-7fab199c5adf
2026-04-10 13:10:36|qwen|web_search_no_think|3|JSON_SAVED||1644|a23e3e60-de97-4d37-81bb-7fab199c5adf
2026-04-10 13:10:36|qwen|web_search_no_think|3|QUESTION_ADVANCE||1645|88ce6737-2b24-40c6-8972-f1547301c932
2026-04-10 13:10:59|qwen|web_search_no_think|4|QUESTION_SENT||1694|4af4fc0d-e6b0-47d5-b80e-9ecf7eff6357
2026-04-10 13:11:02|qwen|web_search_no_think|5|QUESTION_SENT||1743|95087453-4c3d-4631-bd0c-8ecb3ea8708c
2026-04-10 13:11:04|qwen|web_search_no_think|4|QUESTION|50|1694|4af4fc0d-e6b0-47d5-b80e-9ecf7eff6357
2026-04-10 13:11:05|qwen|web_search_no_think|3|QUESTION_SENT||1645|88ce6737-2b24-40c6-8972-f1547301c932
2026-04-10 13:11:07|qwen|web_search_no_think|5|QUESTION|53|1743|95087453-4c3d-4631-bd0c-8ecb3ea8708c
2026-04-10 13:11:09|qwen|web_search_no_think|0|JSON_VERIFIED||1495|92e35124-b48a-48ea-b755-9c0b452e18ea
2026-04-10 13:11:09|qwen|web_search_no_think|0|JSON_SAVED||1495|92e35124-b48a-48ea-b755-9c0b452e18ea
2026-04-10 13:11:10|qwen|web_search_no_think|0|QUESTION_ADVANCE||1496|9c292764-810d-4e53-9131-196192a766f0
2026-04-10 13:11:10|qwen|web_search_no_think|3|QUESTION|50|1645|88ce6737-2b24-40c6-8972-f1547301c932
2026-04-10 13:11:36|qwen|web_search_no_think|3|QUESTION_SENT||1645|88ce6737-2b24-40c6-8972-f1547301c932
2026-04-10 13:11:37|qwen|web_search_no_think|0|QUESTION_SENT||1496|9c292764-810d-4e53-9131-196192a766f0
2026-04-10 13:11:41|qwen|web_search_no_think|3|QUESTION|51|1645|88ce6737-2b24-40c6-8972-f1547301c932
2026-04-10 13:11:43|qwen|web_search_no_think|0|QUESTION|57|1496|9c292764-810d-4e53-9131-196192a766f0
2026-04-10 13:12:23|qwen|web_search_no_think|5|JSON_VERIFIED||1743|95087453-4c3d-4631-bd0c-8ecb3ea8708c
2026-04-10 13:12:23|qwen|web_search_no_think|5|JSON_SAVED||1743|95087453-4c3d-4631-bd0c-8ecb3ea8708c
2026-04-10 13:12:23|qwen|web_search_no_think|5|QUESTION_ADVANCE||1744|dcbedac3-d066-4413-a572-adec1426d406
2026-04-10 13:12:24|qwen|web_search_no_think|1|JSON_VERIFIED||1539|b12465e8-99d2-4121-94b0-deb334c7ef5a
2026-04-10 13:12:24|qwen|web_search_no_think|1|JSON_SAVED||1539|b12465e8-99d2-4121-94b0-deb334c7ef5a
2026-04-10 13:12:24|qwen|web_search_no_think|1|QUESTION_ADVANCE||1540|f1d92368-253d-4b91-b332-97e49d469374
2026-04-10 13:12:29|qwen|web_search_no_think|2|JSON_VERIFIED||1597|a60d32de-7a87-4bca-a0e2-c3f3fef6d056
2026-04-10 13:12:29|qwen|web_search_no_think|2|JSON_SAVED||1597|a60d32de-7a87-4bca-a0e2-c3f3fef6d056
2026-04-10 13:12:29|qwen|web_search_no_think|2|QUESTION_ADVANCE||1598|c9a09870-9db0-443d-bdda-2e3f54a4feb6
2026-04-10 13:12:50|qwen|web_search_no_think|5|QUESTION_SENT||1744|dcbedac3-d066-4413-a572-adec1426d406
2026-04-10 13:12:51|qwen|web_search_no_think|1|QUESTION_SENT||1540|f1d92368-253d-4b91-b332-97e49d469374
2026-04-10 13:12:55|qwen|web_search_no_think|5|QUESTION|54|1744|dcbedac3-d066-4413-a572-adec1426d406
2026-04-10 13:12:57|qwen|web_search_no_think|2|QUESTION_SENT||1598|c9a09870-9db0-443d-bdda-2e3f54a4feb6
2026-04-10 13:12:57|qwen|web_search_no_think|1|QUESTION|50|1540|f1d92368-253d-4b91-b332-97e49d469374
2026-04-10 13:13:02|qwen|web_search_no_think|2|QUESTION|56|1598|c9a09870-9db0-443d-bdda-2e3f54a4feb6
2026-04-10 13:13:09|qwen|web_search_no_think|3|JSON_VERIFIED||1645|88ce6737-2b24-40c6-8972-f1547301c932
2026-04-10 13:13:09|qwen|web_search_no_think|3|JSON_SAVED||1645|88ce6737-2b24-40c6-8972-f1547301c932
2026-04-10 13:13:09|qwen|web_search_no_think|3|QUESTION_ADVANCE||1646|4046daaa-0e04-4361-9c0e-0a8241fa5b82
2026-04-10 13:13:36|qwen|web_search_no_think|3|QUESTION_SENT||1646|4046daaa-0e04-4361-9c0e-0a8241fa5b82
2026-04-10 13:13:41|qwen|web_search_no_think|3|QUESTION|52|1646|4046daaa-0e04-4361-9c0e-0a8241fa5b82
2026-04-10 13:14:22|qwen|web_search_no_think|5|JSON_VERIFIED||1744|dcbedac3-d066-4413-a572-adec1426d406
2026-04-10 13:14:22|qwen|web_search_no_think|5|JSON_SAVED||1744|dcbedac3-d066-4413-a572-adec1426d406
2026-04-10 13:14:22|qwen|web_search_no_think|5|QUESTION_ADVANCE||1745|f5c14c9b-f871-4b69-a0a4-5901b4de7e4b
2026-04-10 13:14:34|qwen|web_search_no_think|4|JSON_VERIFIED||1694|4af4fc0d-e6b0-47d5-b80e-9ecf7eff6357
2026-04-10 13:14:34|qwen|web_search_no_think|4|JSON_SAVED||1694|4af4fc0d-e6b0-47d5-b80e-9ecf7eff6357
2026-04-10 13:14:34|qwen|web_search_no_think|4|QUESTION_ADVANCE||1695|db690cfa-0019-43f9-b528-0f954754b9fb
2026-04-10 13:14:50|qwen|web_search_no_think|5|QUESTION_SENT||1745|f5c14c9b-f871-4b69-a0a4-5901b4de7e4b
2026-04-10 13:14:55|qwen|web_search_no_think|5|QUESTION|55|1745|f5c14c9b-f871-4b69-a0a4-5901b4de7e4b
2026-04-10 13:14:57|qwen|web_search_no_think|0|JSON_VERIFIED||1496|9c292764-810d-4e53-9131-196192a766f0
2026-04-10 13:14:57|qwen|web_search_no_think|0|JSON_SAVED||1496|9c292764-810d-4e53-9131-196192a766f0
2026-04-10 13:14:57|qwen|web_search_no_think|0|QUESTION_ADVANCE||1497|c816d354-e8d4-417d-9bb3-84bb6c1a1b55
2026-04-10 13:15:02|qwen|web_search_no_think|4|QUESTION_SENT||1695|db690cfa-0019-43f9-b528-0f954754b9fb
2026-04-10 13:15:07|qwen|web_search_no_think|4|QUESTION|51|1695|db690cfa-0019-43f9-b528-0f954754b9fb
2026-04-10 13:15:24|qwen|web_search_no_think|0|QUESTION_SENT||1497|c816d354-e8d4-417d-9bb3-84bb6c1a1b55
2026-04-10 13:15:30|qwen|web_search_no_think|0|QUESTION|58|1497|c816d354-e8d4-417d-9bb3-84bb6c1a1b55
2026-04-10 13:15:51|qwen|web_search_no_think|1|JSON_VERIFIED||1540|f1d92368-253d-4b91-b332-97e49d469374
2026-04-10 13:15:51|qwen|web_search_no_think|1|JSON_SAVED||1540|f1d92368-253d-4b91-b332-97e49d469374
2026-04-10 13:15:51|qwen|web_search_no_think|1|QUESTION_ADVANCE||1541|f4dd6d97-efd6-492f-9448-8b3b8116f020
2026-04-10 13:15:59|qwen|web_search_no_think|2|JSON_VERIFIED||1598|c9a09870-9db0-443d-bdda-2e3f54a4feb6
2026-04-10 13:15:59|qwen|web_search_no_think|2|JSON_SAVED||1598|c9a09870-9db0-443d-bdda-2e3f54a4feb6
2026-04-10 13:15:59|qwen|web_search_no_think|2|QUESTION_ADVANCE||1599|47e6957d-3ad3-4885-8796-34859e3e7d90
2026-04-10 13:16:18|qwen|web_search_no_think|1|QUESTION_SENT||1541|f4dd6d97-efd6-492f-9448-8b3b8116f020
2026-04-10 13:16:23|qwen|web_search_no_think|1|QUESTION|51|1541|f4dd6d97-efd6-492f-9448-8b3b8116f020
2026-04-10 13:16:25|qwen|web_search_no_think|2|QUESTION_SENT||1599|47e6957d-3ad3-4885-8796-34859e3e7d90
2026-04-10 13:16:31|qwen|web_search_no_think|2|QUESTION|57|1599|47e6957d-3ad3-4885-8796-34859e3e7d90
2026-04-10 13:17:12|qwen|web_search_no_think|4|JSON_VERIFIED||1695|db690cfa-0019-43f9-b528-0f954754b9fb
2026-04-10 13:17:12|qwen|web_search_no_think|4|JSON_SAVED||1695|db690cfa-0019-43f9-b528-0f954754b9fb
2026-04-10 13:17:12|qwen|web_search_no_think|4|QUESTION_ADVANCE||1696|082b9aa5-7334-4ee6-8a56-26edc332a1bd
2026-04-10 13:17:39|qwen|web_search_no_think|4|QUESTION_SENT||1696|082b9aa5-7334-4ee6-8a56-26edc332a1bd
2026-04-10 13:17:45|qwen|web_search_no_think|4|QUESTION|52|1696|082b9aa5-7334-4ee6-8a56-26edc332a1bd
2026-04-10 13:18:32|qwen|web_search_no_think|1|JSON_VERIFIED||1541|f4dd6d97-efd6-492f-9448-8b3b8116f020
2026-04-10 13:18:32|qwen|web_search_no_think|1|JSON_SAVED||1541|f4dd6d97-efd6-492f-9448-8b3b8116f020
2026-04-10 13:18:32|qwen|web_search_no_think|1|QUESTION_ADVANCE||1542|52c59b01-96a6-4d2a-8fa1-1998257c06be
2026-04-10 13:18:48|qwen|web_search_no_think|0|JSON_VERIFIED||1497|c816d354-e8d4-417d-9bb3-84bb6c1a1b55
2026-04-10 13:18:48|qwen|web_search_no_think|0|JSON_SAVED||1497|c816d354-e8d4-417d-9bb3-84bb6c1a1b55
2026-04-10 13:18:48|qwen|web_search_no_think|0|QUESTION_ADVANCE||1498|4a6ff1df-8340-434e-9516-9d8a8c424137
2026-04-10 13:19:00|qwen|web_search_no_think|1|QUESTION_SENT||1542|52c59b01-96a6-4d2a-8fa1-1998257c06be
2026-04-10 13:19:06|qwen|web_search_no_think|1|QUESTION|52|1542|52c59b01-96a6-4d2a-8fa1-1998257c06be
2026-04-10 13:19:12|qwen|web_search_no_think|2|JSON_VERIFIED||1599|47e6957d-3ad3-4885-8796-34859e3e7d90
2026-04-10 13:19:12|qwen|web_search_no_think|2|JSON_SAVED||1599|47e6957d-3ad3-4885-8796-34859e3e7d90
2026-04-10 13:19:12|qwen|web_search_no_think|2|QUESTION_ADVANCE||1600|717eb98f-ac2b-406d-8a29-b4625ea55c7a
2026-04-10 13:19:15|qwen|web_search_no_think|0|QUESTION_SENT||1498|4a6ff1df-8340-434e-9516-9d8a8c424137
2026-04-10 13:19:21|qwen|web_search_no_think|0|QUESTION|59|1498|4a6ff1df-8340-434e-9516-9d8a8c424137
2026-04-10 13:19:39|qwen|web_search_no_think|2|QUESTION_SENT||1600|717eb98f-ac2b-406d-8a29-b4625ea55c7a
2026-04-10 13:19:44|qwen|web_search_no_think|2|QUESTION|58|1600|717eb98f-ac2b-406d-8a29-b4625ea55c7a
2026-04-10 13:19:56|qwen|web_search_no_think|4|JSON_VERIFIED||1696|082b9aa5-7334-4ee6-8a56-26edc332a1bd
2026-04-10 13:19:56|qwen|web_search_no_think|4|JSON_SAVED||1696|082b9aa5-7334-4ee6-8a56-26edc332a1bd
2026-04-10 13:19:56|qwen|web_search_no_think|4|QUESTION_ADVANCE||1697|acc07af8-bb04-41b3-b51d-77249ed14532
2026-04-10 13:20:23|qwen|web_search_no_think|4|QUESTION_SENT||1697|acc07af8-bb04-41b3-b51d-77249ed14532
2026-04-10 13:20:28|qwen|web_search_no_think|4|QUESTION|53|1697|acc07af8-bb04-41b3-b51d-77249ed14532
2026-04-10 13:21:27|qwen|web_search_no_think|1|JSON_VERIFIED||1542|52c59b01-96a6-4d2a-8fa1-1998257c06be
2026-04-10 13:21:27|qwen|web_search_no_think|1|JSON_SAVED||1542|52c59b01-96a6-4d2a-8fa1-1998257c06be
2026-04-10 13:21:27|qwen|web_search_no_think|5|QUESTION_SENT||1745|f5c14c9b-f871-4b69-a0a4-5901b4de7e4b
2026-04-10 13:21:27|qwen|web_search_no_think|1|QUESTION_ADVANCE||1543|a30afb5b-c9d2-4579-9fac-1dab01572d71
2026-04-10 13:21:32|qwen|web_search_no_think|5|QUESTION|56|1745|f5c14c9b-f871-4b69-a0a4-5901b4de7e4b
2026-04-10 13:21:33|qwen|web_search_no_think|0|JSON_VERIFIED||1498|4a6ff1df-8340-434e-9516-9d8a8c424137
2026-04-10 13:21:33|qwen|web_search_no_think|0|JSON_SAVED||1498|4a6ff1df-8340-434e-9516-9d8a8c424137
2026-04-10 13:21:33|qwen|web_search_no_think|0|QUESTION_ADVANCE||1499|e30cdbda-ebc8-4514-8789-46a90db936b0
2026-04-10 13:21:46|qwen|web_search_no_think|2|JSON_VERIFIED||1600|717eb98f-ac2b-406d-8a29-b4625ea55c7a
2026-04-10 13:21:46|qwen|web_search_no_think|2|JSON_SAVED||1600|717eb98f-ac2b-406d-8a29-b4625ea55c7a
2026-04-10 13:21:47|qwen|web_search_no_think|2|STOP||1601|
2026-04-10 13:21:54|qwen|web_search_no_think|1|QUESTION_SENT||1543|a30afb5b-c9d2-4579-9fac-1dab01572d71
2026-04-10 13:22:00|qwen|web_search_no_think|1|QUESTION|53|1543|a30afb5b-c9d2-4579-9fac-1dab01572d71
2026-04-10 13:22:00|qwen|web_search_no_think|0|QUESTION_SENT||1499|e30cdbda-ebc8-4514-8789-46a90db936b0
2026-04-10 13:22:05|qwen|web_search_no_think|0|QUESTION|60|1499|e30cdbda-ebc8-4514-8789-46a90db936b0
2026-04-10 13:23:17|qwen|web_search_no_think|4|JSON_VERIFIED||1697|acc07af8-bb04-41b3-b51d-77249ed14532
2026-04-10 13:23:17|qwen|web_search_no_think|4|JSON_SAVED||1697|acc07af8-bb04-41b3-b51d-77249ed14532
2026-04-10 13:23:17|qwen|web_search_no_think|4|QUESTION_ADVANCE||1698|03c7ada7-4f6d-4d4a-84c1-aaa412ed98c9
2026-04-10 13:23:42|qwen|web_search_no_think|0|JSON_VERIFIED||1499|e30cdbda-ebc8-4514-8789-46a90db936b0
2026-04-10 13:23:42|qwen|web_search_no_think|0|JSON_SAVED||1499|e30cdbda-ebc8-4514-8789-46a90db936b0
2026-04-10 13:23:42|qwen|web_search_no_think|0|QUESTION_ADVANCE||1500|600a4aec-33ff-4335-997f-6917d89e3e7a
2026-04-10 13:23:44|qwen|web_search_no_think|4|QUESTION_SENT||1698|03c7ada7-4f6d-4d4a-84c1-aaa412ed98c9
2026-04-10 13:23:49|qwen|web_search_no_think|4|QUESTION|54|1698|03c7ada7-4f6d-4d4a-84c1-aaa412ed98c9
2026-04-10 13:24:09|qwen|web_search_no_think|0|QUESTION_SENT||1500|600a4aec-33ff-4335-997f-6917d89e3e7a
2026-04-10 13:24:14|qwen|web_search_no_think|0|QUESTION|61|1500|600a4aec-33ff-4335-997f-6917d89e3e7a
2026-04-10 13:24:29|qwen|web_search_no_think|5|JSON_VERIFIED||1745|f5c14c9b-f871-4b69-a0a4-5901b4de7e4b
2026-04-10 13:24:29|qwen|web_search_no_think|5|JSON_SAVED||1745|f5c14c9b-f871-4b69-a0a4-5901b4de7e4b
2026-04-10 13:24:29|qwen|web_search_no_think|5|QUESTION_ADVANCE||1746|5edc5cbb-fcaf-4070-82b1-40f65032fcf3
2026-04-10 13:24:37|qwen|web_search_no_think|1|JSON_VERIFIED||1543|a30afb5b-c9d2-4579-9fac-1dab01572d71
2026-04-10 13:24:37|qwen|web_search_no_think|1|JSON_SAVED||1543|a30afb5b-c9d2-4579-9fac-1dab01572d71
2026-04-10 13:24:37|qwen|web_search_no_think|1|QUESTION_ADVANCE||1544|c1a4b986-ec5e-496e-b2eb-d9e89bf37f6a
2026-04-10 13:24:56|qwen|web_search_no_think|5|QUESTION_SENT||1746|5edc5cbb-fcaf-4070-82b1-40f65032fcf3
2026-04-10 13:25:01|qwen|web_search_no_think|5|QUESTION|57|1746|5edc5cbb-fcaf-4070-82b1-40f65032fcf3
2026-04-10 13:25:04|qwen|web_search_no_think|1|QUESTION_SENT||1544|c1a4b986-ec5e-496e-b2eb-d9e89bf37f6a
2026-04-10 13:25:09|qwen|web_search_no_think|1|QUESTION|54|1544|c1a4b986-ec5e-496e-b2eb-d9e89bf37f6a
2026-04-10 13:25:33|qwen|web_search_no_think|0|JSON_VERIFIED||1500|600a4aec-33ff-4335-997f-6917d89e3e7a
2026-04-10 13:25:33|qwen|web_search_no_think|0|JSON_SAVED||1500|600a4aec-33ff-4335-997f-6917d89e3e7a
2026-04-10 13:25:34|qwen|web_search_no_think|0|STOP||1501|
2026-04-10 13:26:41|qwen|web_search_no_think|4|JSON_VERIFIED||1698|03c7ada7-4f6d-4d4a-84c1-aaa412ed98c9
2026-04-10 13:26:41|qwen|web_search_no_think|4|JSON_SAVED||1698|03c7ada7-4f6d-4d4a-84c1-aaa412ed98c9
2026-04-10 13:26:41|qwen|web_search_no_think|4|QUESTION_ADVANCE||1699|07bd8d48-468f-4c12-960a-f2105daf91e9
2026-04-10 13:27:07|qwen|web_search_no_think|4|QUESTION_SENT||1699|07bd8d48-468f-4c12-960a-f2105daf91e9
2026-04-10 13:27:13|qwen|web_search_no_think|4|QUESTION|55|1699|07bd8d48-468f-4c12-960a-f2105daf91e9
2026-04-10 13:27:26|qwen|web_search_no_think|5|JSON_VERIFIED||1746|5edc5cbb-fcaf-4070-82b1-40f65032fcf3
2026-04-10 13:27:26|qwen|web_search_no_think|5|JSON_SAVED||1746|5edc5cbb-fcaf-4070-82b1-40f65032fcf3
2026-04-10 13:27:26|qwen|web_search_no_think|5|QUESTION_ADVANCE||1747|ca7a51e9-a44f-4c2c-bab3-052393a1cb9f
2026-04-10 13:27:52|qwen|web_search_no_think|3|QUESTION_SENT||1646|4046daaa-0e04-4361-9c0e-0a8241fa5b82
2026-04-10 13:27:53|qwen|web_search_no_think|5|QUESTION_SENT||1747|ca7a51e9-a44f-4c2c-bab3-052393a1cb9f
2026-04-10 13:27:57|qwen|web_search_no_think|3|QUESTION|53|1646|4046daaa-0e04-4361-9c0e-0a8241fa5b82
2026-04-10 13:27:58|qwen|web_search_no_think|5|QUESTION|58|1747|ca7a51e9-a44f-4c2c-bab3-052393a1cb9f
2026-04-10 13:28:22|qwen|web_search_no_think|1|JSON_VERIFIED||1544|c1a4b986-ec5e-496e-b2eb-d9e89bf37f6a
2026-04-10 13:28:22|qwen|web_search_no_think|1|JSON_SAVED||1544|c1a4b986-ec5e-496e-b2eb-d9e89bf37f6a
2026-04-10 13:28:22|qwen|web_search_no_think|1|QUESTION_ADVANCE||1545|2f99631c-dd04-43b1-95c8-bd5f40a1f1bd
2026-04-10 13:28:48|qwen|web_search_no_think|1|QUESTION_SENT||1545|2f99631c-dd04-43b1-95c8-bd5f40a1f1bd
2026-04-10 13:28:54|qwen|web_search_no_think|1|QUESTION|55|1545|2f99631c-dd04-43b1-95c8-bd5f40a1f1bd
2026-04-10 13:29:37|qwen|web_search_no_think|5|JSON_VERIFIED||1747|ca7a51e9-a44f-4c2c-bab3-052393a1cb9f
2026-04-10 13:29:37|qwen|web_search_no_think|5|JSON_SAVED||1747|ca7a51e9-a44f-4c2c-bab3-052393a1cb9f
2026-04-10 13:29:37|qwen|web_search_no_think|5|QUESTION_ADVANCE||1748|1a0b73b4-5f5f-4b24-9918-e9e3a0ea495c
2026-04-10 13:29:47|qwen|web_search_no_think|4|JSON_VERIFIED||1699|07bd8d48-468f-4c12-960a-f2105daf91e9
2026-04-10 13:29:47|qwen|web_search_no_think|4|JSON_SAVED||1699|07bd8d48-468f-4c12-960a-f2105daf91e9
2026-04-10 13:29:47|qwen|web_search_no_think|4|QUESTION_ADVANCE||1700|5a549086-afc0-4aba-bc75-a1a66e9a6bc0
2026-04-10 13:30:04|qwen|web_search_no_think|5|QUESTION_SENT||1748|1a0b73b4-5f5f-4b24-9918-e9e3a0ea495c
2026-04-10 13:30:09|qwen|web_search_no_think|5|QUESTION|59|1748|1a0b73b4-5f5f-4b24-9918-e9e3a0ea495c
2026-04-10 13:30:14|qwen|web_search_no_think|4|QUESTION_SENT||1700|5a549086-afc0-4aba-bc75-a1a66e9a6bc0
2026-04-10 13:30:15|qwen|web_search_no_think|3|JSON_VERIFIED||1646|4046daaa-0e04-4361-9c0e-0a8241fa5b82
2026-04-10 13:30:15|qwen|web_search_no_think|3|JSON_SAVED||1646|4046daaa-0e04-4361-9c0e-0a8241fa5b82
2026-04-10 13:30:15|qwen|web_search_no_think|3|QUESTION_ADVANCE||1647|2350349d-164a-49b7-94c3-6ce1fc9ab490
2026-04-10 13:30:19|qwen|web_search_no_think|4|QUESTION|56|1700|5a549086-afc0-4aba-bc75-a1a66e9a6bc0
2026-04-10 13:30:42|qwen|web_search_no_think|3|QUESTION_SENT||1647|2350349d-164a-49b7-94c3-6ce1fc9ab490
2026-04-10 13:30:47|qwen|web_search_no_think|3|QUESTION|54|1647|2350349d-164a-49b7-94c3-6ce1fc9ab490
2026-04-10 13:31:27|qwen|web_search_no_think|1|JSON_VERIFIED||1545|2f99631c-dd04-43b1-95c8-bd5f40a1f1bd
2026-04-10 13:31:27|qwen|web_search_no_think|1|JSON_SAVED||1545|2f99631c-dd04-43b1-95c8-bd5f40a1f1bd
2026-04-10 13:31:27|qwen|web_search_no_think|1|QUESTION_ADVANCE||1546|e5e2a13e-5eb3-45b3-aa1f-f5056c113515
2026-04-10 13:31:37|qwen|web_search_no_think|4|JSON_VERIFIED||1700|5a549086-afc0-4aba-bc75-a1a66e9a6bc0
2026-04-10 13:31:37|qwen|web_search_no_think|4|JSON_SAVED||1700|5a549086-afc0-4aba-bc75-a1a66e9a6bc0
2026-04-10 13:31:38|qwen|web_search_no_think|4|STOP||1701|
2026-04-10 13:31:54|qwen|web_search_no_think|1|QUESTION_SENT||1546|e5e2a13e-5eb3-45b3-aa1f-f5056c113515
2026-04-10 13:31:59|qwen|web_search_no_think|1|QUESTION|56|1546|e5e2a13e-5eb3-45b3-aa1f-f5056c113515
2026-04-10 13:33:10|qwen|web_search_no_think|5|JSON_VERIFIED||1748|1a0b73b4-5f5f-4b24-9918-e9e3a0ea495c
2026-04-10 13:33:10|qwen|web_search_no_think|5|JSON_SAVED||1748|1a0b73b4-5f5f-4b24-9918-e9e3a0ea495c
2026-04-10 13:33:10|qwen|web_search_no_think|5|QUESTION_ADVANCE||1749|699c3f27-9e09-4f1c-a9ce-2733c7903e9e
2026-04-10 13:33:22|qwen|web_search_no_think|3|JSON_VERIFIED||1647|2350349d-164a-49b7-94c3-6ce1fc9ab490
2026-04-10 13:33:22|qwen|web_search_no_think|3|JSON_SAVED||1647|2350349d-164a-49b7-94c3-6ce1fc9ab490
2026-04-10 13:33:22|qwen|web_search_no_think|3|QUESTION_ADVANCE||1648|b9b5ce81-f11b-4a20-9e2b-8ac6aab197fa
2026-04-10 13:33:36|qwen|web_search_no_think|5|QUESTION_SENT||1749|699c3f27-9e09-4f1c-a9ce-2733c7903e9e
2026-04-10 13:33:41|qwen|web_search_no_think|5|QUESTION|60|1749|699c3f27-9e09-4f1c-a9ce-2733c7903e9e
2026-04-10 13:33:49|qwen|web_search_no_think|3|QUESTION_SENT||1648|b9b5ce81-f11b-4a20-9e2b-8ac6aab197fa
2026-04-10 13:33:54|qwen|web_search_no_think|3|QUESTION|55|1648|b9b5ce81-f11b-4a20-9e2b-8ac6aab197fa
2026-04-10 13:34:11|qwen|web_search_no_think|1|JSON_VERIFIED||1546|e5e2a13e-5eb3-45b3-aa1f-f5056c113515
2026-04-10 13:34:11|qwen|web_search_no_think|1|JSON_SAVED||1546|e5e2a13e-5eb3-45b3-aa1f-f5056c113515
2026-04-10 13:34:11|qwen|web_search_no_think|1|QUESTION_ADVANCE||1547|9c5588fa-ba72-4c44-a407-40fd43d984b4
2026-04-10 13:34:38|qwen|web_search_no_think|1|QUESTION_SENT||1547|9c5588fa-ba72-4c44-a407-40fd43d984b4
2026-04-10 13:34:43|qwen|web_search_no_think|1|QUESTION|57|1547|9c5588fa-ba72-4c44-a407-40fd43d984b4
2026-04-10 13:35:15|qwen|web_search_no_think|5|JSON_VERIFIED||1749|699c3f27-9e09-4f1c-a9ce-2733c7903e9e
2026-04-10 13:35:15|qwen|web_search_no_think|5|JSON_SAVED||1749|699c3f27-9e09-4f1c-a9ce-2733c7903e9e
2026-04-10 13:35:15|qwen|web_search_no_think|5|QUESTION_ADVANCE||1750|64f66ac3-4694-41a2-b6cc-3cf809fe023b
2026-04-10 13:35:42|qwen|web_search_no_think|5|QUESTION_SENT||1750|64f66ac3-4694-41a2-b6cc-3cf809fe023b
2026-04-10 13:35:47|qwen|web_search_no_think|5|QUESTION|61|1750|64f66ac3-4694-41a2-b6cc-3cf809fe023b
2026-04-10 13:36:17|qwen|web_search_no_think|3|JSON_VERIFIED||1648|b9b5ce81-f11b-4a20-9e2b-8ac6aab197fa
2026-04-10 13:36:17|qwen|web_search_no_think|3|JSON_SAVED||1648|b9b5ce81-f11b-4a20-9e2b-8ac6aab197fa
2026-04-10 13:36:17|qwen|web_search_no_think|3|QUESTION_ADVANCE||1649|2d0b6595-9c26-44ca-8302-977cb93a0384
2026-04-10 13:36:44|qwen|web_search_no_think|3|QUESTION_SENT||1649|2d0b6595-9c26-44ca-8302-977cb93a0384
2026-04-10 13:36:49|qwen|web_search_no_think|3|QUESTION|56|1649|2d0b6595-9c26-44ca-8302-977cb93a0384
2026-04-10 13:37:09|qwen|web_search_no_think|1|JSON_VERIFIED||1547|9c5588fa-ba72-4c44-a407-40fd43d984b4
2026-04-10 13:37:09|qwen|web_search_no_think|1|JSON_SAVED||1547|9c5588fa-ba72-4c44-a407-40fd43d984b4
2026-04-10 13:37:09|qwen|web_search_no_think|1|QUESTION_ADVANCE||1548|0b115611-d67d-40ad-95b9-436d74f0148c
2026-04-10 13:37:36|qwen|web_search_no_think|1|QUESTION_SENT||1548|0b115611-d67d-40ad-95b9-436d74f0148c
2026-04-10 13:37:41|qwen|web_search_no_think|1|QUESTION|58|1548|0b115611-d67d-40ad-95b9-436d74f0148c
2026-04-10 13:38:44|qwen|web_search_no_think|3|JSON_VERIFIED||1649|2d0b6595-9c26-44ca-8302-977cb93a0384
2026-04-10 13:38:44|qwen|web_search_no_think|3|JSON_SAVED||1649|2d0b6595-9c26-44ca-8302-977cb93a0384
2026-04-10 13:38:44|qwen|web_search_no_think|3|QUESTION_ADVANCE||1650|caab1324-a8b8-42df-8588-dfdd78fc4867
2026-04-10 13:38:56|qwen|web_search_no_think|1|JSON_VERIFIED||1548|0b115611-d67d-40ad-95b9-436d74f0148c
2026-04-10 13:38:56|qwen|web_search_no_think|1|JSON_SAVED||1548|0b115611-d67d-40ad-95b9-436d74f0148c
2026-04-10 13:38:56|qwen|web_search_no_think|1|QUESTION_ADVANCE||1549|df25ecf5-27f1-46aa-a4ce-c85a78e0770b
2026-04-10 13:39:11|qwen|web_search_no_think|3|QUESTION_SENT||1650|caab1324-a8b8-42df-8588-dfdd78fc4867
2026-04-10 13:39:16|qwen|web_search_no_think|3|QUESTION|57|1650|caab1324-a8b8-42df-8588-dfdd78fc4867
2026-04-10 13:39:23|qwen|web_search_no_think|1|QUESTION_SENT||1549|df25ecf5-27f1-46aa-a4ce-c85a78e0770b
2026-04-10 13:39:28|qwen|web_search_no_think|1|QUESTION|59|1549|df25ecf5-27f1-46aa-a4ce-c85a78e0770b
2026-04-10 13:39:49|qwen|web_search_no_think|5|JSON_VERIFIED||1750|64f66ac3-4694-41a2-b6cc-3cf809fe023b
2026-04-10 13:39:49|qwen|web_search_no_think|5|JSON_SAVED||1750|64f66ac3-4694-41a2-b6cc-3cf809fe023b
2026-04-10 13:39:50|qwen|web_search_no_think|5|STOP||1751|
2026-04-10 13:41:22|qwen|web_search_no_think|1|JSON_VERIFIED||1549|df25ecf5-27f1-46aa-a4ce-c85a78e0770b
2026-04-10 13:41:22|qwen|web_search_no_think|1|JSON_SAVED||1549|df25ecf5-27f1-46aa-a4ce-c85a78e0770b
2026-04-10 13:41:22|qwen|web_search_no_think|1|QUESTION_ADVANCE||1550|b3cdf418-b3d1-4a70-8c64-82ea68270a50
2026-04-10 13:41:24|qwen|web_search_no_think|3|JSON_VERIFIED||1650|caab1324-a8b8-42df-8588-dfdd78fc4867
2026-04-10 13:41:24|qwen|web_search_no_think|3|JSON_SAVED||1650|caab1324-a8b8-42df-8588-dfdd78fc4867
2026-04-10 13:41:25|qwen|web_search_no_think|3|STOP||1651|
2026-04-10 13:41:49|qwen|web_search_no_think|1|QUESTION_SENT||1550|b3cdf418-b3d1-4a70-8c64-82ea68270a50
2026-04-10 13:41:54|qwen|web_search_no_think|1|QUESTION|60|1550|b3cdf418-b3d1-4a70-8c64-82ea68270a50
2026-04-10 13:44:25|qwen|web_search_no_think|1|JSON_VERIFIED||1550|b3cdf418-b3d1-4a70-8c64-82ea68270a50
2026-04-10 13:44:25|qwen|web_search_no_think|1|JSON_SAVED||1550|b3cdf418-b3d1-4a70-8c64-82ea68270a50
2026-04-10 13:44:26|qwen|web_search_no_think|1|STOP||1551|
