timestamp|site|scenario|bot_id|event_type|attempt_number|global_index|question_uid
2026-03-29 15:28:19|qwen|web_search_no_think|0|RESTART||1021|5f237744-e99d-4242-b66e-4a252cf0e902
2026-03-29 15:28:51|qwen|web_search_no_think|0|QUESTION_SENT||1021|5f237744-e99d-4242-b66e-4a252cf0e902
2026-03-29 15:29:08|qwen|web_search_no_think|1|RESTART||1043|c84e8f7a-bf18-4e95-98fc-980fda67c241
2026-03-29 15:29:12|qwen|web_search_no_think|2|RESTART||1065|7a24df82-d238-4645-bffe-121587c5cee2
2026-03-29 15:29:17|qwen|web_search_no_think|3|RESTART||1087|89084e13-8cd4-484b-917e-a4f89a35cc89
2026-03-29 15:29:22|qwen|web_search_no_think|4|RESTART||1109|098436b8-d97c-46f0-b157-6534efc3ca8b
2026-03-29 15:29:26|qwen|web_search_no_think|1|QUESTION_SENT||1043|c84e8f7a-bf18-4e95-98fc-980fda67c241
2026-03-29 15:29:27|qwen|web_search_no_think|5|RESTART||1131|e6fe9b8f-bf62-411a-b15d-6709f3d02e4d
2026-03-29 15:29:31|qwen|web_search_no_think|2|QUESTION_SENT||1065|7a24df82-d238-4645-bffe-121587c5cee2
2026-03-29 15:29:40|qwen|web_search_no_think|3|QUESTION_SENT||1087|89084e13-8cd4-484b-917e-a4f89a35cc89
2026-03-29 15:29:46|qwen|web_search_no_think|5|QUESTION_SENT||1131|e6fe9b8f-bf62-411a-b15d-6709f3d02e4d
2026-03-29 15:29:56|qwen|web_search_no_think|1|QUESTION_SENT||1043|c84e8f7a-bf18-4e95-98fc-980fda67c241
2026-03-29 15:30:01|qwen|web_search_no_think|2|QUESTION_SENT||1065|7a24df82-d238-4645-bffe-121587c5cee2
2026-03-29 15:30:11|qwen|web_search_no_think|0|JSON_VERIFIED||1021|5f237744-e99d-4242-b66e-4a252cf0e902
2026-03-29 15:30:11|qwen|web_search_no_think|0|QUESTION|1|1021|5f237744-e99d-4242-b66e-4a252cf0e902
2026-03-29 15:30:11|qwen|web_search_no_think|0|JSON_SAVED||1021|5f237744-e99d-4242-b66e-4a252cf0e902
2026-03-29 15:30:11|qwen|web_search_no_think|0|QUESTION_ADVANCE||1022|f64325c1-a56d-444a-9ed0-e5cdcd46a95e
2026-03-29 15:30:15|qwen|web_search_no_think|5|QUESTION_SENT||1131|e6fe9b8f-bf62-411a-b15d-6709f3d02e4d
2026-03-29 15:30:23|qwen|web_search_no_think|3|QUESTION_SENT||1087|89084e13-8cd4-484b-917e-a4f89a35cc89
2026-03-29 15:30:31|qwen|web_search_no_think|4|QUESTION_SENT||1109|098436b8-d97c-46f0-b157-6534efc3ca8b
2026-03-29 15:30:37|qwen|web_search_no_think|0|QUESTION_SENT||1022|f64325c1-a56d-444a-9ed0-e5cdcd46a95e
2026-03-29 15:31:38|qwen|web_search_no_think|1|JSON_VERIFIED||1043|c84e8f7a-bf18-4e95-98fc-980fda67c241
2026-03-29 15:31:38|qwen|web_search_no_think|1|QUESTION|1|1043|c84e8f7a-bf18-4e95-98fc-980fda67c241
2026-03-29 15:31:38|qwen|web_search_no_think|1|JSON_SAVED||1043|c84e8f7a-bf18-4e95-98fc-980fda67c241
2026-03-29 15:31:38|qwen|web_search_no_think|1|QUESTION_ADVANCE||1044|ad119311-8700-4699-bbef-7d4855239fd7
2026-03-29 15:31:39|qwen|web_search_no_think|2|QUESTION_SENT||1065|7a24df82-d238-4645-bffe-121587c5cee2
2026-03-29 15:31:50|qwen|web_search_no_think|4|JSON_VERIFIED||1109|098436b8-d97c-46f0-b157-6534efc3ca8b
2026-03-29 15:31:50|qwen|web_search_no_think|4|QUESTION|1|1109|098436b8-d97c-46f0-b157-6534efc3ca8b
2026-03-29 15:31:50|qwen|web_search_no_think|4|JSON_SAVED||1109|098436b8-d97c-46f0-b157-6534efc3ca8b
2026-03-29 15:31:50|qwen|web_search_no_think|4|QUESTION_ADVANCE||1110|b8f11afa-8bd0-4957-b3de-f06f0d311438
2026-03-29 15:32:02|qwen|web_search_no_think|3|JSON_VERIFIED||1087|89084e13-8cd4-484b-917e-a4f89a35cc89
2026-03-29 15:32:02|qwen|web_search_no_think|3|QUESTION|1|1087|89084e13-8cd4-484b-917e-a4f89a35cc89
2026-03-29 15:32:02|qwen|web_search_no_think|3|JSON_SAVED||1087|89084e13-8cd4-484b-917e-a4f89a35cc89
2026-03-29 15:32:02|qwen|web_search_no_think|3|QUESTION_ADVANCE||1088|bab6f162-4d87-4672-9b71-71b9e290f486
2026-03-29 15:32:04|qwen|web_search_no_think|1|QUESTION_SENT||1044|ad119311-8700-4699-bbef-7d4855239fd7
2026-03-29 15:32:07|qwen|web_search_no_think|0|QUESTION_SENT||1022|f64325c1-a56d-444a-9ed0-e5cdcd46a95e
2026-03-29 15:32:16|qwen|web_search_no_think|4|QUESTION_SENT||1110|b8f11afa-8bd0-4957-b3de-f06f0d311438
2026-03-29 15:32:28|qwen|web_search_no_think|3|QUESTION_SENT||1088|bab6f162-4d87-4672-9b71-71b9e290f486
2026-03-29 15:33:07|qwen|web_search_no_think|1|JSON_VERIFIED||1044|ad119311-8700-4699-bbef-7d4855239fd7
2026-03-29 15:33:07|qwen|web_search_no_think|1|QUESTION|2|1044|ad119311-8700-4699-bbef-7d4855239fd7
2026-03-29 15:33:07|qwen|web_search_no_think|1|JSON_SAVED||1044|ad119311-8700-4699-bbef-7d4855239fd7
2026-03-29 15:33:07|qwen|web_search_no_think|1|QUESTION_ADVANCE||1045|4907869b-b7c4-49ea-9282-99b0870cc95c
2026-03-29 15:33:09|qwen|web_search_no_think|2|QUESTION_SENT||1065|7a24df82-d238-4645-bffe-121587c5cee2
2026-03-29 15:33:13|qwen|web_search_no_think|4|JSON_VERIFIED||1110|b8f11afa-8bd0-4957-b3de-f06f0d311438
2026-03-29 15:33:13|qwen|web_search_no_think|4|QUESTION|2|1110|b8f11afa-8bd0-4957-b3de-f06f0d311438
2026-03-29 15:33:13|qwen|web_search_no_think|4|JSON_SAVED||1110|b8f11afa-8bd0-4957-b3de-f06f0d311438
2026-03-29 15:33:13|qwen|web_search_no_think|4|QUESTION_ADVANCE||1111|fd0686b6-efcd-4690-9a7f-e8c1f97420cf
2026-03-29 15:33:24|qwen|web_search_no_think|0|JSON_VERIFIED||1022|f64325c1-a56d-444a-9ed0-e5cdcd46a95e
2026-03-29 15:33:24|qwen|web_search_no_think|0|QUESTION|2|1022|f64325c1-a56d-444a-9ed0-e5cdcd46a95e
2026-03-29 15:33:24|qwen|web_search_no_think|0|JSON_SAVED||1022|f64325c1-a56d-444a-9ed0-e5cdcd46a95e
2026-03-29 15:33:24|qwen|web_search_no_think|0|QUESTION_ADVANCE||1023|bf6f3bdd-b798-4c2f-9d69-2a764ed4ef16
2026-03-29 15:33:33|qwen|web_search_no_think|1|QUESTION_SENT||1045|4907869b-b7c4-49ea-9282-99b0870cc95c
2026-03-29 15:33:39|qwen|web_search_no_think|4|QUESTION_SENT||1111|fd0686b6-efcd-4690-9a7f-e8c1f97420cf
2026-03-29 15:33:50|qwen|web_search_no_think|0|QUESTION_SENT||1023|bf6f3bdd-b798-4c2f-9d69-2a764ed4ef16
2026-03-29 15:33:50|qwen|web_search_no_think|3|JSON_VERIFIED||1088|bab6f162-4d87-4672-9b71-71b9e290f486
2026-03-29 15:33:50|qwen|web_search_no_think|3|QUESTION|2|1088|bab6f162-4d87-4672-9b71-71b9e290f486
2026-03-29 15:33:50|qwen|web_search_no_think|3|JSON_SAVED||1088|bab6f162-4d87-4672-9b71-71b9e290f486
2026-03-29 15:33:50|qwen|web_search_no_think|3|QUESTION_ADVANCE||1089|6a0aea55-289c-4b96-9af8-0dc8cb344b5e
2026-03-29 15:34:17|qwen|web_search_no_think|3|QUESTION_SENT||1089|6a0aea55-289c-4b96-9af8-0dc8cb344b5e
2026-03-29 15:34:23|qwen|web_search_no_think|2|JSON_VERIFIED||1065|7a24df82-d238-4645-bffe-121587c5cee2
2026-03-29 15:34:23|qwen|web_search_no_think|2|QUESTION|1|1065|7a24df82-d238-4645-bffe-121587c5cee2
2026-03-29 15:34:23|qwen|web_search_no_think|2|JSON_SAVED||1065|7a24df82-d238-4645-bffe-121587c5cee2
2026-03-29 15:34:23|qwen|web_search_no_think|2|QUESTION_ADVANCE||1066|994fff28-7bec-40b3-a419-ee6bad2072d1
2026-03-29 15:34:50|qwen|web_search_no_think|2|QUESTION_SENT||1066|994fff28-7bec-40b3-a419-ee6bad2072d1
2026-03-29 15:34:58|qwen|web_search_no_think|4|QUESTION_SENT||1111|fd0686b6-efcd-4690-9a7f-e8c1f97420cf
2026-03-29 15:35:19|qwen|web_search_no_think|0|JSON_VERIFIED||1023|bf6f3bdd-b798-4c2f-9d69-2a764ed4ef16
2026-03-29 15:35:19|qwen|web_search_no_think|0|QUESTION|3|1023|bf6f3bdd-b798-4c2f-9d69-2a764ed4ef16
2026-03-29 15:35:19|qwen|web_search_no_think|0|JSON_SAVED||1023|bf6f3bdd-b798-4c2f-9d69-2a764ed4ef16
2026-03-29 15:35:19|qwen|web_search_no_think|0|QUESTION_ADVANCE||1024|008aac2d-134e-437e-9989-cca028477fdb
2026-03-29 15:35:35|qwen|web_search_no_think|3|JSON_VERIFIED||1089|6a0aea55-289c-4b96-9af8-0dc8cb344b5e
2026-03-29 15:35:35|qwen|web_search_no_think|3|QUESTION|3|1089|6a0aea55-289c-4b96-9af8-0dc8cb344b5e
2026-03-29 15:35:35|qwen|web_search_no_think|3|JSON_SAVED||1089|6a0aea55-289c-4b96-9af8-0dc8cb344b5e
2026-03-29 15:35:35|qwen|web_search_no_think|3|QUESTION_ADVANCE||1090|a6b62fdd-7ba3-4ca8-bddb-63e72355bb69
2026-03-29 15:35:46|qwen|web_search_no_think|0|QUESTION_SENT||1024|008aac2d-134e-437e-9989-cca028477fdb
2026-03-29 15:35:48|qwen|web_search_no_think|2|JSON_VERIFIED||1066|994fff28-7bec-40b3-a419-ee6bad2072d1
2026-03-29 15:35:48|qwen|web_search_no_think|2|QUESTION|2|1066|994fff28-7bec-40b3-a419-ee6bad2072d1
2026-03-29 15:35:48|qwen|web_search_no_think|2|JSON_SAVED||1066|994fff28-7bec-40b3-a419-ee6bad2072d1
2026-03-29 15:35:48|qwen|web_search_no_think|2|QUESTION_ADVANCE||1067|3a77ea4c-8e5b-4853-afc5-a2a229141230
2026-03-29 15:35:50|qwen|web_search_no_think|4|JSON_VERIFIED||1111|fd0686b6-efcd-4690-9a7f-e8c1f97420cf
2026-03-29 15:35:50|qwen|web_search_no_think|4|QUESTION|3|1111|fd0686b6-efcd-4690-9a7f-e8c1f97420cf
2026-03-29 15:35:50|qwen|web_search_no_think|4|JSON_SAVED||1111|fd0686b6-efcd-4690-9a7f-e8c1f97420cf
2026-03-29 15:35:50|qwen|web_search_no_think|4|QUESTION_ADVANCE||1112|54d80b4a-fcde-4d92-83c2-7d35839abf73
2026-03-29 15:36:01|qwen|web_search_no_think|3|QUESTION_SENT||1090|a6b62fdd-7ba3-4ca8-bddb-63e72355bb69
2026-03-29 15:36:14|qwen|web_search_no_think|2|QUESTION_SENT||1067|3a77ea4c-8e5b-4853-afc5-a2a229141230
2026-03-29 15:36:17|qwen|web_search_no_think|4|QUESTION_SENT||1112|54d80b4a-fcde-4d92-83c2-7d35839abf73
2026-03-29 15:36:47|qwen|web_search_no_think|0|JSON_VERIFY_FAILED||1024|008aac2d-134e-437e-9989-cca028477fdb
2026-03-29 15:36:47|qwen|web_search_no_think|0|QUESTION|4|1024|008aac2d-134e-437e-9989-cca028477fdb
2026-03-29 15:37:06|qwen|web_search_no_think|2|QUESTION_SENT||1067|3a77ea4c-8e5b-4853-afc5-a2a229141230
2026-03-29 15:37:12|qwen|web_search_no_think|3|JSON_VERIFIED||1090|a6b62fdd-7ba3-4ca8-bddb-63e72355bb69
2026-03-29 15:37:12|qwen|web_search_no_think|3|QUESTION|4|1090|a6b62fdd-7ba3-4ca8-bddb-63e72355bb69
2026-03-29 15:37:12|qwen|web_search_no_think|3|JSON_SAVED||1090|a6b62fdd-7ba3-4ca8-bddb-63e72355bb69
2026-03-29 15:37:12|qwen|web_search_no_think|3|QUESTION_ADVANCE||1091|b80dbb3d-3eae-4379-9a9e-071eb1cba62c
2026-03-29 15:37:13|qwen|web_search_no_think|0|QUESTION_SENT||1024|008aac2d-134e-437e-9989-cca028477fdb
2026-03-29 15:37:39|qwen|web_search_no_think|3|QUESTION_SENT||1091|b80dbb3d-3eae-4379-9a9e-071eb1cba62c
2026-03-29 15:37:52|qwen|web_search_no_think|4|JSON_VERIFIED||1112|54d80b4a-fcde-4d92-83c2-7d35839abf73
2026-03-29 15:37:52|qwen|web_search_no_think|4|QUESTION|4|1112|54d80b4a-fcde-4d92-83c2-7d35839abf73
2026-03-29 15:37:52|qwen|web_search_no_think|4|JSON_SAVED||1112|54d80b4a-fcde-4d92-83c2-7d35839abf73
2026-03-29 15:37:52|qwen|web_search_no_think|4|QUESTION_ADVANCE||1113|867046f5-43b3-416e-b2f4-9e89deb80a21
2026-03-29 15:38:15|qwen|web_search_no_think|0|JSON_VERIFIED||1024|008aac2d-134e-437e-9989-cca028477fdb
2026-03-29 15:38:15|qwen|web_search_no_think|0|QUESTION|5|1024|008aac2d-134e-437e-9989-cca028477fdb
2026-03-29 15:38:15|qwen|web_search_no_think|0|JSON_SAVED||1024|008aac2d-134e-437e-9989-cca028477fdb
2026-03-29 15:38:15|qwen|web_search_no_think|0|QUESTION_ADVANCE||1025|f1e6a4ce-b293-49fa-8261-4619847c3c54
2026-03-29 15:38:18|qwen|web_search_no_think|4|QUESTION_SENT||1113|867046f5-43b3-416e-b2f4-9e89deb80a21
2026-03-29 15:38:41|qwen|web_search_no_think|0|QUESTION_SENT||1025|f1e6a4ce-b293-49fa-8261-4619847c3c54
2026-03-29 15:38:48|qwen|web_search_no_think|3|JSON_VERIFIED||1091|b80dbb3d-3eae-4379-9a9e-071eb1cba62c
2026-03-29 15:38:48|qwen|web_search_no_think|3|QUESTION|5|1091|b80dbb3d-3eae-4379-9a9e-071eb1cba62c
2026-03-29 15:38:48|qwen|web_search_no_think|3|JSON_SAVED||1091|b80dbb3d-3eae-4379-9a9e-071eb1cba62c
2026-03-29 15:38:48|qwen|web_search_no_think|3|QUESTION_ADVANCE||1092|5200a7b9-2191-4546-af86-3c2f53f7a4d6
2026-03-29 15:38:50|qwen|web_search_no_think|5|QUESTION_SENT||1131|e6fe9b8f-bf62-411a-b15d-6709f3d02e4d
2026-03-29 15:38:50|qwen|web_search_no_think|2|JSON_VERIFIED||1067|3a77ea4c-8e5b-4853-afc5-a2a229141230
2026-03-29 15:38:50|qwen|web_search_no_think|2|QUESTION|3|1067|3a77ea4c-8e5b-4853-afc5-a2a229141230
2026-03-29 15:38:50|qwen|web_search_no_think|2|JSON_SAVED||1067|3a77ea4c-8e5b-4853-afc5-a2a229141230
2026-03-29 15:38:50|qwen|web_search_no_think|2|QUESTION_ADVANCE||1068|590c5db0-71c9-4bfa-91c3-bc7fbb9ef63c
2026-03-29 15:39:15|qwen|web_search_no_think|3|QUESTION_SENT||1092|5200a7b9-2191-4546-af86-3c2f53f7a4d6
2026-03-29 15:39:16|qwen|web_search_no_think|2|QUESTION_SENT||1068|590c5db0-71c9-4bfa-91c3-bc7fbb9ef63c
2026-03-29 15:39:19|qwen|web_search_no_think|1|QUESTION_SENT||1045|4907869b-b7c4-49ea-9282-99b0870cc95c
2026-03-29 15:39:47|qwen|web_search_no_think|4|QUESTION_SENT||1113|867046f5-43b3-416e-b2f4-9e89deb80a21
2026-03-29 15:39:56|qwen|web_search_no_think|0|JSON_VERIFIED||1025|f1e6a4ce-b293-49fa-8261-4619847c3c54
2026-03-29 15:39:56|qwen|web_search_no_think|0|QUESTION|6|1025|f1e6a4ce-b293-49fa-8261-4619847c3c54
2026-03-29 15:39:56|qwen|web_search_no_think|0|JSON_SAVED||1025|f1e6a4ce-b293-49fa-8261-4619847c3c54
2026-03-29 15:39:56|qwen|web_search_no_think|0|QUESTION_ADVANCE||1026|8d5a07b3-0e2d-4d9e-a7a8-affdc2df9891
2026-03-29 15:40:15|qwen|web_search_no_think|5|JSON_VERIFIED||1131|e6fe9b8f-bf62-411a-b15d-6709f3d02e4d
2026-03-29 15:40:15|qwen|web_search_no_think|5|QUESTION|1|1131|e6fe9b8f-bf62-411a-b15d-6709f3d02e4d
2026-03-29 15:40:15|qwen|web_search_no_think|5|JSON_SAVED||1131|e6fe9b8f-bf62-411a-b15d-6709f3d02e4d
2026-03-29 15:40:15|qwen|web_search_no_think|5|QUESTION_ADVANCE||1132|89bf37e9-b895-4f4b-af5c-ff58ab1ae183
2026-03-29 15:40:17|qwen|web_search_no_think|3|JSON_VERIFIED||1092|5200a7b9-2191-4546-af86-3c2f53f7a4d6
2026-03-29 15:40:17|qwen|web_search_no_think|3|QUESTION|6|1092|5200a7b9-2191-4546-af86-3c2f53f7a4d6
2026-03-29 15:40:17|qwen|web_search_no_think|3|JSON_SAVED||1092|5200a7b9-2191-4546-af86-3c2f53f7a4d6
2026-03-29 15:40:17|qwen|web_search_no_think|3|QUESTION_ADVANCE||1093|16f23f4c-88c3-4294-ba48-f17bca6d0b92
2026-03-29 15:40:23|qwen|web_search_no_think|0|QUESTION_SENT||1026|8d5a07b3-0e2d-4d9e-a7a8-affdc2df9891
2026-03-29 15:40:23|qwen|web_search_no_think|2|JSON_VERIFIED||1068|590c5db0-71c9-4bfa-91c3-bc7fbb9ef63c
2026-03-29 15:40:23|qwen|web_search_no_think|2|QUESTION|4|1068|590c5db0-71c9-4bfa-91c3-bc7fbb9ef63c
2026-03-29 15:40:23|qwen|web_search_no_think|2|JSON_SAVED||1068|590c5db0-71c9-4bfa-91c3-bc7fbb9ef63c
2026-03-29 15:40:23|qwen|web_search_no_think|2|QUESTION_ADVANCE||1069|42d4b909-28ee-4f7e-a288-485842d8d434
2026-03-29 15:40:41|qwen|web_search_no_think|5|QUESTION_SENT||1132|89bf37e9-b895-4f4b-af5c-ff58ab1ae183
2026-03-29 15:40:44|qwen|web_search_no_think|3|QUESTION_SENT||1093|16f23f4c-88c3-4294-ba48-f17bca6d0b92
2026-03-29 15:40:49|qwen|web_search_no_think|2|QUESTION_SENT||1069|42d4b909-28ee-4f7e-a288-485842d8d434
2026-03-29 15:40:55|qwen|web_search_no_think|1|JSON_VERIFIED||1045|4907869b-b7c4-49ea-9282-99b0870cc95c
2026-03-29 15:40:55|qwen|web_search_no_think|1|QUESTION|3|1045|4907869b-b7c4-49ea-9282-99b0870cc95c
2026-03-29 15:40:55|qwen|web_search_no_think|1|JSON_SAVED||1045|4907869b-b7c4-49ea-9282-99b0870cc95c
2026-03-29 15:40:55|qwen|web_search_no_think|1|QUESTION_ADVANCE||1046|521dbe08-4065-4ea3-bb3f-dfc8057424e2
2026-03-29 15:41:07|qwen|web_search_no_think|4|JSON_VERIFIED||1113|867046f5-43b3-416e-b2f4-9e89deb80a21
2026-03-29 15:41:07|qwen|web_search_no_think|4|QUESTION|5|1113|867046f5-43b3-416e-b2f4-9e89deb80a21
2026-03-29 15:41:07|qwen|web_search_no_think|4|JSON_SAVED||1113|867046f5-43b3-416e-b2f4-9e89deb80a21
2026-03-29 15:41:07|qwen|web_search_no_think|4|QUESTION_ADVANCE||1114|57ca1199-c96b-4237-8f74-db730a12e7df
2026-03-29 15:41:22|qwen|web_search_no_think|1|QUESTION_SENT||1046|521dbe08-4065-4ea3-bb3f-dfc8057424e2
2026-03-29 15:41:33|qwen|web_search_no_think|4|QUESTION_SENT||1114|57ca1199-c96b-4237-8f74-db730a12e7df
2026-03-29 15:41:39|qwen|web_search_no_think|0|JSON_VERIFIED||1026|8d5a07b3-0e2d-4d9e-a7a8-affdc2df9891
2026-03-29 15:41:39|qwen|web_search_no_think|0|QUESTION|7|1026|8d5a07b3-0e2d-4d9e-a7a8-affdc2df9891
2026-03-29 15:41:39|qwen|web_search_no_think|0|JSON_SAVED||1026|8d5a07b3-0e2d-4d9e-a7a8-affdc2df9891
2026-03-29 15:41:39|qwen|web_search_no_think|0|QUESTION_ADVANCE||1027|8c4077db-7689-41b8-96c4-1967b281a105
2026-03-29 15:42:06|qwen|web_search_no_think|0|QUESTION_SENT||1027|8c4077db-7689-41b8-96c4-1967b281a105
2026-03-29 15:42:09|qwen|web_search_no_think|5|JSON_VERIFIED||1132|89bf37e9-b895-4f4b-af5c-ff58ab1ae183
2026-03-29 15:42:09|qwen|web_search_no_think|5|QUESTION|2|1132|89bf37e9-b895-4f4b-af5c-ff58ab1ae183
2026-03-29 15:42:09|qwen|web_search_no_think|5|JSON_SAVED||1132|89bf37e9-b895-4f4b-af5c-ff58ab1ae183
2026-03-29 15:42:09|qwen|web_search_no_think|5|QUESTION_ADVANCE||1133|e33f8c82-8209-4094-b3f2-91b5d1815a5b
2026-03-29 15:42:12|qwen|web_search_no_think|3|JSON_VERIFIED||1093|16f23f4c-88c3-4294-ba48-f17bca6d0b92
2026-03-29 15:42:12|qwen|web_search_no_think|3|QUESTION|7|1093|16f23f4c-88c3-4294-ba48-f17bca6d0b92
2026-03-29 15:42:12|qwen|web_search_no_think|3|JSON_SAVED||1093|16f23f4c-88c3-4294-ba48-f17bca6d0b92
2026-03-29 15:42:12|qwen|web_search_no_think|3|QUESTION_ADVANCE||1094|19d07cd6-3875-4c03-9034-35133a3a0916
2026-03-29 15:42:16|qwen|web_search_no_think|2|JSON_VERIFIED||1069|42d4b909-28ee-4f7e-a288-485842d8d434
2026-03-29 15:42:16|qwen|web_search_no_think|2|QUESTION|5|1069|42d4b909-28ee-4f7e-a288-485842d8d434
2026-03-29 15:42:16|qwen|web_search_no_think|2|JSON_SAVED||1069|42d4b909-28ee-4f7e-a288-485842d8d434
2026-03-29 15:42:16|qwen|web_search_no_think|2|QUESTION_ADVANCE||1070|a72b4423-5636-41dc-b7f4-b75e2ba2acc1
2026-03-29 15:42:33|qwen|web_search_no_think|4|JSON_VERIFIED||1114|57ca1199-c96b-4237-8f74-db730a12e7df
2026-03-29 15:42:33|qwen|web_search_no_think|4|QUESTION|6|1114|57ca1199-c96b-4237-8f74-db730a12e7df
2026-03-29 15:42:33|qwen|web_search_no_think|4|JSON_SAVED||1114|57ca1199-c96b-4237-8f74-db730a12e7df
2026-03-29 15:42:33|qwen|web_search_no_think|4|QUESTION_ADVANCE||1115|df80c03a-2d49-451f-9ff1-c9fe31e253ca
2026-03-29 15:42:36|qwen|web_search_no_think|5|QUESTION_SENT||1133|e33f8c82-8209-4094-b3f2-91b5d1815a5b
2026-03-29 15:42:38|qwen|web_search_no_think|3|QUESTION_SENT||1094|19d07cd6-3875-4c03-9034-35133a3a0916
2026-03-29 15:42:42|qwen|web_search_no_think|2|QUESTION_SENT||1070|a72b4423-5636-41dc-b7f4-b75e2ba2acc1
2026-03-29 15:42:58|qwen|web_search_no_think|1|JSON_VERIFIED||1046|521dbe08-4065-4ea3-bb3f-dfc8057424e2
2026-03-29 15:42:58|qwen|web_search_no_think|1|QUESTION|4|1046|521dbe08-4065-4ea3-bb3f-dfc8057424e2
2026-03-29 15:42:58|qwen|web_search_no_think|1|JSON_SAVED||1046|521dbe08-4065-4ea3-bb3f-dfc8057424e2
2026-03-29 15:42:58|qwen|web_search_no_think|1|QUESTION_ADVANCE||1047|9397bfea-685e-4010-8907-ec83894a706f
2026-03-29 15:42:59|qwen|web_search_no_think|4|QUESTION_SENT||1115|df80c03a-2d49-451f-9ff1-c9fe31e253ca
2026-03-29 15:43:20|qwen|web_search_no_think|0|JSON_VERIFIED||1027|8c4077db-7689-41b8-96c4-1967b281a105
2026-03-29 15:43:20|qwen|web_search_no_think|0|QUESTION|8|1027|8c4077db-7689-41b8-96c4-1967b281a105
2026-03-29 15:43:20|qwen|web_search_no_think|0|JSON_SAVED||1027|8c4077db-7689-41b8-96c4-1967b281a105
2026-03-29 15:43:20|qwen|web_search_no_think|0|QUESTION_ADVANCE||1028|c04326fa-8b8e-434c-82d7-4aa5bed6f7b5
2026-03-29 15:43:25|qwen|web_search_no_think|1|QUESTION_SENT||1047|9397bfea-685e-4010-8907-ec83894a706f
2026-03-29 15:43:34|qwen|web_search_no_think|5|JSON_VERIFIED||1133|e33f8c82-8209-4094-b3f2-91b5d1815a5b
2026-03-29 15:43:34|qwen|web_search_no_think|5|QUESTION|3|1133|e33f8c82-8209-4094-b3f2-91b5d1815a5b
2026-03-29 15:43:34|qwen|web_search_no_think|5|JSON_SAVED||1133|e33f8c82-8209-4094-b3f2-91b5d1815a5b
2026-03-29 15:43:34|qwen|web_search_no_think|5|QUESTION_ADVANCE||1134|030f468d-a8b9-4146-990c-1254837b0869
2026-03-29 15:43:46|qwen|web_search_no_think|0|QUESTION_SENT||1028|c04326fa-8b8e-434c-82d7-4aa5bed6f7b5
2026-03-29 15:44:00|qwen|web_search_no_think|5|QUESTION_SENT||1134|030f468d-a8b9-4146-990c-1254837b0869
2026-03-29 15:44:01|qwen|web_search_no_think|3|JSON_VERIFIED||1094|19d07cd6-3875-4c03-9034-35133a3a0916
2026-03-29 15:44:01|qwen|web_search_no_think|3|QUESTION|8|1094|19d07cd6-3875-4c03-9034-35133a3a0916
2026-03-29 15:44:01|qwen|web_search_no_think|3|JSON_SAVED||1094|19d07cd6-3875-4c03-9034-35133a3a0916
2026-03-29 15:44:01|qwen|web_search_no_think|3|QUESTION_ADVANCE||1095|fb38fde0-cf75-4bee-8b08-08e67d433207
2026-03-29 15:44:06|qwen|web_search_no_think|2|JSON_VERIFIED||1070|a72b4423-5636-41dc-b7f4-b75e2ba2acc1
2026-03-29 15:44:06|qwen|web_search_no_think|2|QUESTION|6|1070|a72b4423-5636-41dc-b7f4-b75e2ba2acc1
2026-03-29 15:44:06|qwen|web_search_no_think|2|JSON_SAVED||1070|a72b4423-5636-41dc-b7f4-b75e2ba2acc1
2026-03-29 15:44:06|qwen|web_search_no_think|2|QUESTION_ADVANCE||1071|edc530bf-5291-4145-97dc-bf45f950caf9
2026-03-29 15:44:27|qwen|web_search_no_think|3|QUESTION_SENT||1095|fb38fde0-cf75-4bee-8b08-08e67d433207
2026-03-29 15:44:28|qwen|web_search_no_think|4|JSON_VERIFIED||1115|df80c03a-2d49-451f-9ff1-c9fe31e253ca
2026-03-29 15:44:28|qwen|web_search_no_think|4|QUESTION|7|1115|df80c03a-2d49-451f-9ff1-c9fe31e253ca
2026-03-29 15:44:28|qwen|web_search_no_think|4|JSON_SAVED||1115|df80c03a-2d49-451f-9ff1-c9fe31e253ca
2026-03-29 15:44:28|qwen|web_search_no_think|4|QUESTION_ADVANCE||1116|98693c49-ff2c-448c-b9d0-42d48d681598
2026-03-29 15:44:33|qwen|web_search_no_think|2|QUESTION_SENT||1071|edc530bf-5291-4145-97dc-bf45f950caf9
2026-03-29 15:44:39|qwen|web_search_no_think|0|JSON_VERIFIED||1028|c04326fa-8b8e-434c-82d7-4aa5bed6f7b5
2026-03-29 15:44:39|qwen|web_search_no_think|0|QUESTION|9|1028|c04326fa-8b8e-434c-82d7-4aa5bed6f7b5
2026-03-29 15:44:39|qwen|web_search_no_think|0|JSON_SAVED||1028|c04326fa-8b8e-434c-82d7-4aa5bed6f7b5
2026-03-29 15:44:39|qwen|web_search_no_think|0|QUESTION_ADVANCE||1029|23ca4675-84a9-4fe6-975f-8340cb401074
2026-03-29 15:44:51|qwen|web_search_no_think|1|JSON_VERIFIED||1047|9397bfea-685e-4010-8907-ec83894a706f
2026-03-29 15:44:51|qwen|web_search_no_think|1|QUESTION|5|1047|9397bfea-685e-4010-8907-ec83894a706f
2026-03-29 15:44:51|qwen|web_search_no_think|1|JSON_SAVED||1047|9397bfea-685e-4010-8907-ec83894a706f
2026-03-29 15:44:51|qwen|web_search_no_think|1|QUESTION_ADVANCE||1048|1fe8d670-03e3-4e91-9970-eceade21f5d6
2026-03-29 15:44:55|qwen|web_search_no_think|4|QUESTION_SENT||1116|98693c49-ff2c-448c-b9d0-42d48d681598
2026-03-29 15:45:00|qwen|web_search_no_think|2|JSON_VERIFY_FAILED||1071|edc530bf-5291-4145-97dc-bf45f950caf9
2026-03-29 15:45:00|qwen|web_search_no_think|2|QUESTION|7|1071|edc530bf-5291-4145-97dc-bf45f950caf9
2026-03-29 15:45:05|qwen|web_search_no_think|0|QUESTION_SENT||1029|23ca4675-84a9-4fe6-975f-8340cb401074
2026-03-29 15:45:18|qwen|web_search_no_think|1|QUESTION_SENT||1048|1fe8d670-03e3-4e91-9970-eceade21f5d6
2026-03-29 15:45:19|qwen|web_search_no_think|5|JSON_VERIFIED||1134|030f468d-a8b9-4146-990c-1254837b0869
2026-03-29 15:45:19|qwen|web_search_no_think|5|QUESTION|4|1134|030f468d-a8b9-4146-990c-1254837b0869
2026-03-29 15:45:19|qwen|web_search_no_think|5|JSON_SAVED||1134|030f468d-a8b9-4146-990c-1254837b0869
2026-03-29 15:45:19|qwen|web_search_no_think|5|QUESTION_ADVANCE||1135|37851eec-55d0-4bce-8cb4-3ced406e429a
2026-03-29 15:45:26|qwen|web_search_no_think|2|QUESTION_SENT||1071|edc530bf-5291-4145-97dc-bf45f950caf9
2026-03-29 15:45:27|qwen|web_search_no_think|3|JSON_VERIFIED||1095|fb38fde0-cf75-4bee-8b08-08e67d433207
2026-03-29 15:45:27|qwen|web_search_no_think|3|QUESTION|9|1095|fb38fde0-cf75-4bee-8b08-08e67d433207
2026-03-29 15:45:27|qwen|web_search_no_think|3|JSON_SAVED||1095|fb38fde0-cf75-4bee-8b08-08e67d433207
2026-03-29 15:45:27|qwen|web_search_no_think|3|QUESTION_ADVANCE||1096|0b391ee1-0615-41c9-8f0e-0dfa3d1e2614
2026-03-29 15:45:45|qwen|web_search_no_think|5|QUESTION_SENT||1135|37851eec-55d0-4bce-8cb4-3ced406e429a
2026-03-29 15:46:00|qwen|web_search_no_think|0|JSON_VERIFIED||1029|23ca4675-84a9-4fe6-975f-8340cb401074
2026-03-29 15:46:00|qwen|web_search_no_think|0|QUESTION|10|1029|23ca4675-84a9-4fe6-975f-8340cb401074
2026-03-29 15:46:00|qwen|web_search_no_think|0|JSON_SAVED||1029|23ca4675-84a9-4fe6-975f-8340cb401074
2026-03-29 15:46:00|qwen|web_search_no_think|0|QUESTION_ADVANCE||1030|eb3ccac0-3a93-45ef-a2ca-4144d3759732
2026-03-29 15:46:10|qwen|web_search_no_think|3|QUESTION_SENT||1096|0b391ee1-0615-41c9-8f0e-0dfa3d1e2614
2026-03-29 15:46:14|qwen|web_search_no_think|4|JSON_VERIFIED||1116|98693c49-ff2c-448c-b9d0-42d48d681598
2026-03-29 15:46:14|qwen|web_search_no_think|4|QUESTION|8|1116|98693c49-ff2c-448c-b9d0-42d48d681598
2026-03-29 15:46:14|qwen|web_search_no_think|4|JSON_SAVED||1116|98693c49-ff2c-448c-b9d0-42d48d681598
2026-03-29 15:46:14|qwen|web_search_no_think|4|QUESTION_ADVANCE||1117|11ba27da-dace-4cc4-84dc-7cd5bb461e84
2026-03-29 15:46:27|qwen|web_search_no_think|0|QUESTION_SENT||1030|eb3ccac0-3a93-45ef-a2ca-4144d3759732
2026-03-29 15:46:27|qwen|web_search_no_think|1|JSON_VERIFIED||1048|1fe8d670-03e3-4e91-9970-eceade21f5d6
2026-03-29 15:46:27|qwen|web_search_no_think|1|QUESTION|6|1048|1fe8d670-03e3-4e91-9970-eceade21f5d6
2026-03-29 15:46:27|qwen|web_search_no_think|1|JSON_SAVED||1048|1fe8d670-03e3-4e91-9970-eceade21f5d6
2026-03-29 15:46:27|qwen|web_search_no_think|1|QUESTION_ADVANCE||1049|1ada6718-d81d-4dd8-9eb6-05ef8b0c7612
2026-03-29 15:46:39|qwen|web_search_no_think|2|JSON_VERIFIED||1071|edc530bf-5291-4145-97dc-bf45f950caf9
2026-03-29 15:46:39|qwen|web_search_no_think|2|QUESTION|8|1071|edc530bf-5291-4145-97dc-bf45f950caf9
2026-03-29 15:46:39|qwen|web_search_no_think|2|JSON_SAVED||1071|edc530bf-5291-4145-97dc-bf45f950caf9
2026-03-29 15:46:39|qwen|web_search_no_think|2|QUESTION_ADVANCE||1072|12b64ba3-1404-4c53-999e-4c41f3cf1cb0
2026-03-29 15:46:41|qwen|web_search_no_think|4|QUESTION_SENT||1117|11ba27da-dace-4cc4-84dc-7cd5bb461e84
2026-03-29 15:46:54|qwen|web_search_no_think|1|QUESTION_SENT||1049|1ada6718-d81d-4dd8-9eb6-05ef8b0c7612
2026-03-29 15:47:05|qwen|web_search_no_think|2|QUESTION_SENT||1072|12b64ba3-1404-4c53-999e-4c41f3cf1cb0
2026-03-29 15:47:06|qwen|web_search_no_think|5|JSON_VERIFIED||1135|37851eec-55d0-4bce-8cb4-3ced406e429a
2026-03-29 15:47:06|qwen|web_search_no_think|5|QUESTION|5|1135|37851eec-55d0-4bce-8cb4-3ced406e429a
2026-03-29 15:47:06|qwen|web_search_no_think|5|JSON_SAVED||1135|37851eec-55d0-4bce-8cb4-3ced406e429a
2026-03-29 15:47:06|qwen|web_search_no_think|5|QUESTION_ADVANCE||1136|57bf26fb-c346-47a5-8e64-945efe9df7fb
2026-03-29 15:47:19|qwen|web_search_no_think|3|JSON_VERIFIED||1096|0b391ee1-0615-41c9-8f0e-0dfa3d1e2614
2026-03-29 15:47:19|qwen|web_search_no_think|3|QUESTION|10|1096|0b391ee1-0615-41c9-8f0e-0dfa3d1e2614
2026-03-29 15:47:19|qwen|web_search_no_think|3|JSON_SAVED||1096|0b391ee1-0615-41c9-8f0e-0dfa3d1e2614
2026-03-29 15:47:19|qwen|web_search_no_think|3|QUESTION_ADVANCE||1097|6aa5b3a2-29e9-4688-95e8-65354e39f9e6
2026-03-29 15:47:32|qwen|web_search_no_think|5|QUESTION_SENT||1136|57bf26fb-c346-47a5-8e64-945efe9df7fb
2026-03-29 15:47:46|qwen|web_search_no_think|3|QUESTION_SENT||1097|6aa5b3a2-29e9-4688-95e8-65354e39f9e6
2026-03-29 15:47:49|qwen|web_search_no_think|0|JSON_VERIFIED||1030|eb3ccac0-3a93-45ef-a2ca-4144d3759732
2026-03-29 15:47:49|qwen|web_search_no_think|0|QUESTION|11|1030|eb3ccac0-3a93-45ef-a2ca-4144d3759732
2026-03-29 15:47:49|qwen|web_search_no_think|0|JSON_SAVED||1030|eb3ccac0-3a93-45ef-a2ca-4144d3759732
2026-03-29 15:47:49|qwen|web_search_no_think|0|QUESTION_ADVANCE||1031|a1ba985d-0c0e-4d34-bafb-2c7ef1467b77
2026-03-29 15:47:52|qwen|web_search_no_think|1|JSON_VERIFIED||1049|1ada6718-d81d-4dd8-9eb6-05ef8b0c7612
2026-03-29 15:47:52|qwen|web_search_no_think|1|QUESTION|7|1049|1ada6718-d81d-4dd8-9eb6-05ef8b0c7612
2026-03-29 15:47:52|qwen|web_search_no_think|1|JSON_SAVED||1049|1ada6718-d81d-4dd8-9eb6-05ef8b0c7612
2026-03-29 15:47:52|qwen|web_search_no_think|1|QUESTION_ADVANCE||1050|88d655cf-8842-4680-8bbb-127285b2b329
2026-03-29 15:47:52|qwen|web_search_no_think|4|QUESTION_SENT||1117|11ba27da-dace-4cc4-84dc-7cd5bb461e84
2026-03-29 15:48:16|qwen|web_search_no_think|0|QUESTION_SENT||1031|a1ba985d-0c0e-4d34-bafb-2c7ef1467b77
2026-03-29 15:48:18|qwen|web_search_no_think|2|JSON_VERIFIED||1072|12b64ba3-1404-4c53-999e-4c41f3cf1cb0
2026-03-29 15:48:18|qwen|web_search_no_think|2|QUESTION|9|1072|12b64ba3-1404-4c53-999e-4c41f3cf1cb0
2026-03-29 15:48:18|qwen|web_search_no_think|2|JSON_SAVED||1072|12b64ba3-1404-4c53-999e-4c41f3cf1cb0
2026-03-29 15:48:18|qwen|web_search_no_think|2|QUESTION_ADVANCE||1073|68dcfecd-e029-4751-9740-371c65524e00
2026-03-29 15:48:18|qwen|web_search_no_think|1|QUESTION_SENT||1050|88d655cf-8842-4680-8bbb-127285b2b329
2026-03-29 15:48:42|qwen|web_search_no_think|4|JSON_VERIFIED||1117|11ba27da-dace-4cc4-84dc-7cd5bb461e84
2026-03-29 15:48:42|qwen|web_search_no_think|4|QUESTION|9|1117|11ba27da-dace-4cc4-84dc-7cd5bb461e84
2026-03-29 15:48:42|qwen|web_search_no_think|4|JSON_SAVED||1117|11ba27da-dace-4cc4-84dc-7cd5bb461e84
2026-03-29 15:48:42|qwen|web_search_no_think|4|QUESTION_ADVANCE||1118|b2c2d94e-1282-463b-aef5-65d88d730f8a
2026-03-29 15:48:44|qwen|web_search_no_think|2|QUESTION_SENT||1073|68dcfecd-e029-4751-9740-371c65524e00
2026-03-29 15:48:45|qwen|web_search_no_think|5|JSON_VERIFIED||1136|57bf26fb-c346-47a5-8e64-945efe9df7fb
2026-03-29 15:48:45|qwen|web_search_no_think|5|QUESTION|6|1136|57bf26fb-c346-47a5-8e64-945efe9df7fb
2026-03-29 15:48:45|qwen|web_search_no_think|5|JSON_SAVED||1136|57bf26fb-c346-47a5-8e64-945efe9df7fb
2026-03-29 15:48:45|qwen|web_search_no_think|5|QUESTION_ADVANCE||1137|90f3f0fb-8436-4e96-8e0b-250e4a02722c
2026-03-29 15:49:09|qwen|web_search_no_think|4|QUESTION_SENT||1118|b2c2d94e-1282-463b-aef5-65d88d730f8a
2026-03-29 15:49:11|qwen|web_search_no_think|5|QUESTION_SENT||1137|90f3f0fb-8436-4e96-8e0b-250e4a02722c
2026-03-29 15:49:20|qwen|web_search_no_think|3|JSON_VERIFIED||1097|6aa5b3a2-29e9-4688-95e8-65354e39f9e6
2026-03-29 15:49:20|qwen|web_search_no_think|3|QUESTION|11|1097|6aa5b3a2-29e9-4688-95e8-65354e39f9e6
2026-03-29 15:49:20|qwen|web_search_no_think|3|JSON_SAVED||1097|6aa5b3a2-29e9-4688-95e8-65354e39f9e6
2026-03-29 15:49:20|qwen|web_search_no_think|3|QUESTION_ADVANCE||1098|c60e813b-438f-49e1-8d61-03eee574a13b
2026-03-29 15:49:38|qwen|web_search_no_think|0|JSON_VERIFIED||1031|a1ba985d-0c0e-4d34-bafb-2c7ef1467b77
2026-03-29 15:49:38|qwen|web_search_no_think|0|QUESTION|12|1031|a1ba985d-0c0e-4d34-bafb-2c7ef1467b77
2026-03-29 15:49:38|qwen|web_search_no_think|0|JSON_SAVED||1031|a1ba985d-0c0e-4d34-bafb-2c7ef1467b77
2026-03-29 15:49:38|qwen|web_search_no_think|0|QUESTION_ADVANCE||1032|fbacf5fd-a52b-404f-9c6c-988a253185ed
2026-03-29 15:49:42|qwen|web_search_no_think|1|JSON_VERIFIED||1050|88d655cf-8842-4680-8bbb-127285b2b329
2026-03-29 15:49:42|qwen|web_search_no_think|1|QUESTION|8|1050|88d655cf-8842-4680-8bbb-127285b2b329
2026-03-29 15:49:42|qwen|web_search_no_think|1|JSON_SAVED||1050|88d655cf-8842-4680-8bbb-127285b2b329
2026-03-29 15:49:42|qwen|web_search_no_think|1|QUESTION_ADVANCE||1051|ac930a42-da89-400f-ba56-212d31fedf16
2026-03-29 15:49:46|qwen|web_search_no_think|3|QUESTION_SENT||1098|c60e813b-438f-49e1-8d61-03eee574a13b
2026-03-29 15:50:03|qwen|web_search_no_think|2|QUESTION_SENT||1073|68dcfecd-e029-4751-9740-371c65524e00
2026-03-29 15:50:04|qwen|web_search_no_think|0|QUESTION_SENT||1032|fbacf5fd-a52b-404f-9c6c-988a253185ed
2026-03-29 15:50:08|qwen|web_search_no_think|1|QUESTION_SENT||1051|ac930a42-da89-400f-ba56-212d31fedf16
2026-03-29 15:50:35|qwen|web_search_no_think|4|JSON_VERIFIED||1118|b2c2d94e-1282-463b-aef5-65d88d730f8a
2026-03-29 15:50:35|qwen|web_search_no_think|4|QUESTION|10|1118|b2c2d94e-1282-463b-aef5-65d88d730f8a
2026-03-29 15:50:35|qwen|web_search_no_think|4|JSON_SAVED||1118|b2c2d94e-1282-463b-aef5-65d88d730f8a
2026-03-29 15:50:35|qwen|web_search_no_think|4|QUESTION_ADVANCE||1119|fddced34-45c8-43b0-b5d6-fcd989f5bca9
2026-03-29 15:50:44|qwen|web_search_no_think|5|JSON_VERIFIED||1137|90f3f0fb-8436-4e96-8e0b-250e4a02722c
2026-03-29 15:50:44|qwen|web_search_no_think|5|QUESTION|7|1137|90f3f0fb-8436-4e96-8e0b-250e4a02722c
2026-03-29 15:50:44|qwen|web_search_no_think|5|JSON_SAVED||1137|90f3f0fb-8436-4e96-8e0b-250e4a02722c
2026-03-29 15:50:44|qwen|web_search_no_think|5|QUESTION_ADVANCE||1138|915eb73f-ab52-4a95-aa4f-d6fde62a1e7c
2026-03-29 15:51:02|qwen|web_search_no_think|4|QUESTION_SENT||1119|fddced34-45c8-43b0-b5d6-fcd989f5bca9
2026-03-29 15:51:04|qwen|web_search_no_think|3|JSON_VERIFIED||1098|c60e813b-438f-49e1-8d61-03eee574a13b
2026-03-29 15:51:04|qwen|web_search_no_think|3|QUESTION|12|1098|c60e813b-438f-49e1-8d61-03eee574a13b
2026-03-29 15:51:04|qwen|web_search_no_think|3|JSON_SAVED||1098|c60e813b-438f-49e1-8d61-03eee574a13b
2026-03-29 15:51:04|qwen|web_search_no_think|3|QUESTION_ADVANCE||1099|97569169-ad83-4902-a6b3-c53384b9e62b
2026-03-29 15:51:06|qwen|web_search_no_think|0|JSON_VERIFY_FAILED||1032|fbacf5fd-a52b-404f-9c6c-988a253185ed
2026-03-29 15:51:06|qwen|web_search_no_think|0|QUESTION|13|1032|fbacf5fd-a52b-404f-9c6c-988a253185ed
2026-03-29 15:51:10|qwen|web_search_no_think|5|QUESTION_SENT||1138|915eb73f-ab52-4a95-aa4f-d6fde62a1e7c
2026-03-29 15:51:30|qwen|web_search_no_think|3|QUESTION_SENT||1099|97569169-ad83-4902-a6b3-c53384b9e62b
2026-03-29 15:51:32|qwen|web_search_no_think|0|QUESTION_SENT||1032|fbacf5fd-a52b-404f-9c6c-988a253185ed
2026-03-29 15:51:35|qwen|web_search_no_think|2|JSON_VERIFIED||1073|68dcfecd-e029-4751-9740-371c65524e00
2026-03-29 15:51:35|qwen|web_search_no_think|2|QUESTION|10|1073|68dcfecd-e029-4751-9740-371c65524e00
2026-03-29 15:51:35|qwen|web_search_no_think|2|JSON_SAVED||1073|68dcfecd-e029-4751-9740-371c65524e00
2026-03-29 15:51:35|qwen|web_search_no_think|2|QUESTION_ADVANCE||1074|0dc76fff-e3e3-48a9-826a-61b66016d30c
2026-03-29 15:51:44|qwen|web_search_no_think|1|JSON_VERIFIED||1051|ac930a42-da89-400f-ba56-212d31fedf16
2026-03-29 15:51:44|qwen|web_search_no_think|1|QUESTION|9|1051|ac930a42-da89-400f-ba56-212d31fedf16
2026-03-29 15:51:44|qwen|web_search_no_think|1|JSON_SAVED||1051|ac930a42-da89-400f-ba56-212d31fedf16
2026-03-29 15:51:44|qwen|web_search_no_think|1|QUESTION_ADVANCE||1052|a0729982-bb6c-43a9-983e-0f69ac8b1b76
2026-03-29 15:52:01|qwen|web_search_no_think|2|QUESTION_SENT||1074|0dc76fff-e3e3-48a9-826a-61b66016d30c
2026-03-29 15:52:10|qwen|web_search_no_think|1|QUESTION_SENT||1052|a0729982-bb6c-43a9-983e-0f69ac8b1b76
2026-03-29 15:52:19|qwen|web_search_no_think|4|JSON_VERIFY_FAILED||1119|fddced34-45c8-43b0-b5d6-fcd989f5bca9
2026-03-29 15:52:19|qwen|web_search_no_think|4|QUESTION|11|1119|fddced34-45c8-43b0-b5d6-fcd989f5bca9
2026-03-29 15:52:24|qwen|web_search_no_think|4|QUESTION_SENT||1119|fddced34-45c8-43b0-b5d6-fcd989f5bca9
2026-03-29 15:52:29|qwen|web_search_no_think|3|JSON_VERIFIED||1099|97569169-ad83-4902-a6b3-c53384b9e62b
2026-03-29 15:52:29|qwen|web_search_no_think|3|QUESTION|13|1099|97569169-ad83-4902-a6b3-c53384b9e62b
2026-03-29 15:52:29|qwen|web_search_no_think|3|JSON_SAVED||1099|97569169-ad83-4902-a6b3-c53384b9e62b
2026-03-29 15:52:29|qwen|web_search_no_think|3|QUESTION_ADVANCE||1100|9ff8b7dd-ad16-4fb7-a6ee-5a59638197ff
2026-03-29 15:52:39|qwen|web_search_no_think|0|JSON_VERIFIED||1032|fbacf5fd-a52b-404f-9c6c-988a253185ed
2026-03-29 15:52:39|qwen|web_search_no_think|0|QUESTION|14|1032|fbacf5fd-a52b-404f-9c6c-988a253185ed
2026-03-29 15:52:39|qwen|web_search_no_think|0|JSON_SAVED||1032|fbacf5fd-a52b-404f-9c6c-988a253185ed
2026-03-29 15:52:39|qwen|web_search_no_think|0|QUESTION_ADVANCE||1033|f8d4d100-8ea2-49a3-994b-da3b85ad7476
2026-03-29 15:52:44|qwen|web_search_no_think|5|JSON_VERIFIED||1138|915eb73f-ab52-4a95-aa4f-d6fde62a1e7c
2026-03-29 15:52:44|qwen|web_search_no_think|5|QUESTION|8|1138|915eb73f-ab52-4a95-aa4f-d6fde62a1e7c
2026-03-29 15:52:44|qwen|web_search_no_think|5|JSON_SAVED||1138|915eb73f-ab52-4a95-aa4f-d6fde62a1e7c
2026-03-29 15:52:44|qwen|web_search_no_think|5|QUESTION_ADVANCE||1139|8127975b-bd45-4a2e-ab0a-ce559a3dbab9
2026-03-29 15:52:55|qwen|web_search_no_think|3|QUESTION_SENT||1100|9ff8b7dd-ad16-4fb7-a6ee-5a59638197ff
2026-03-29 15:53:05|qwen|web_search_no_think|0|QUESTION_SENT||1033|f8d4d100-8ea2-49a3-994b-da3b85ad7476
2026-03-29 15:53:10|qwen|web_search_no_think|5|QUESTION_SENT||1139|8127975b-bd45-4a2e-ab0a-ce559a3dbab9
2026-03-29 15:53:14|qwen|web_search_no_think|2|JSON_VERIFIED||1074|0dc76fff-e3e3-48a9-826a-61b66016d30c
2026-03-29 15:53:14|qwen|web_search_no_think|2|QUESTION|11|1074|0dc76fff-e3e3-48a9-826a-61b66016d30c
2026-03-29 15:53:14|qwen|web_search_no_think|2|JSON_SAVED||1074|0dc76fff-e3e3-48a9-826a-61b66016d30c
2026-03-29 15:53:14|qwen|web_search_no_think|2|QUESTION_ADVANCE||1075|23e70203-ea13-473b-8842-ccb0260eb8ed
2026-03-29 15:53:21|qwen|web_search_no_think|1|JSON_VERIFIED||1052|a0729982-bb6c-43a9-983e-0f69ac8b1b76
2026-03-29 15:53:21|qwen|web_search_no_think|1|QUESTION|10|1052|a0729982-bb6c-43a9-983e-0f69ac8b1b76
2026-03-29 15:53:21|qwen|web_search_no_think|1|JSON_SAVED||1052|a0729982-bb6c-43a9-983e-0f69ac8b1b76
2026-03-29 15:53:21|qwen|web_search_no_think|1|QUESTION_ADVANCE||1053|bb033917-143d-4c12-9ff6-263531fd47d0
2026-03-29 15:53:26|qwen|web_search_no_think|4|QUESTION_SENT||1119|fddced34-45c8-43b0-b5d6-fcd989f5bca9
2026-03-29 15:53:40|qwen|web_search_no_think|2|QUESTION_SENT||1075|23e70203-ea13-473b-8842-ccb0260eb8ed
2026-03-29 15:53:47|qwen|web_search_no_think|1|QUESTION_SENT||1053|bb033917-143d-4c12-9ff6-263531fd47d0
2026-03-29 15:54:27|qwen|web_search_no_think|4|JSON_VERIFIED||1119|fddced34-45c8-43b0-b5d6-fcd989f5bca9
2026-03-29 15:54:27|qwen|web_search_no_think|4|QUESTION|12|1119|fddced34-45c8-43b0-b5d6-fcd989f5bca9
2026-03-29 15:54:27|qwen|web_search_no_think|4|JSON_SAVED||1119|fddced34-45c8-43b0-b5d6-fcd989f5bca9
2026-03-29 15:54:27|qwen|web_search_no_think|4|QUESTION_ADVANCE||1120|c2a0241b-51fc-4481-9f0f-ef340e50c332
2026-03-29 15:54:31|qwen|web_search_no_think|5|JSON_VERIFIED||1139|8127975b-bd45-4a2e-ab0a-ce559a3dbab9
2026-03-29 15:54:31|qwen|web_search_no_think|5|QUESTION|9|1139|8127975b-bd45-4a2e-ab0a-ce559a3dbab9
2026-03-29 15:54:31|qwen|web_search_no_think|5|JSON_SAVED||1139|8127975b-bd45-4a2e-ab0a-ce559a3dbab9
2026-03-29 15:54:31|qwen|web_search_no_think|5|QUESTION_ADVANCE||1140|7085eed1-8c09-4fda-b285-fa0a17879b72
2026-03-29 15:54:39|qwen|web_search_no_think|0|JSON_VERIFIED||1033|f8d4d100-8ea2-49a3-994b-da3b85ad7476
2026-03-29 15:54:39|qwen|web_search_no_think|0|QUESTION|15|1033|f8d4d100-8ea2-49a3-994b-da3b85ad7476
2026-03-29 15:54:39|qwen|web_search_no_think|0|JSON_SAVED||1033|f8d4d100-8ea2-49a3-994b-da3b85ad7476
2026-03-29 15:54:39|qwen|web_search_no_think|0|QUESTION_ADVANCE||1034|3662c8c1-bcab-46c1-915b-6693b502d859
2026-03-29 15:54:42|qwen|web_search_no_think|3|JSON_VERIFIED||1100|9ff8b7dd-ad16-4fb7-a6ee-5a59638197ff
2026-03-29 15:54:42|qwen|web_search_no_think|3|QUESTION|14|1100|9ff8b7dd-ad16-4fb7-a6ee-5a59638197ff
2026-03-29 15:54:42|qwen|web_search_no_think|3|JSON_SAVED||1100|9ff8b7dd-ad16-4fb7-a6ee-5a59638197ff
2026-03-29 15:54:42|qwen|web_search_no_think|3|QUESTION_ADVANCE||1101|11a290d0-d185-422e-951b-a07a23c98690
2026-03-29 15:54:48|qwen|web_search_no_think|2|JSON_VERIFIED||1075|23e70203-ea13-473b-8842-ccb0260eb8ed
2026-03-29 15:54:48|qwen|web_search_no_think|2|QUESTION|12|1075|23e70203-ea13-473b-8842-ccb0260eb8ed
2026-03-29 15:54:48|qwen|web_search_no_think|2|JSON_SAVED||1075|23e70203-ea13-473b-8842-ccb0260eb8ed
2026-03-29 15:54:48|qwen|web_search_no_think|2|QUESTION_ADVANCE||1076|cb02a969-713e-483e-b085-364fc6e5d9ed
2026-03-29 15:54:53|qwen|web_search_no_think|4|QUESTION_SENT||1120|c2a0241b-51fc-4481-9f0f-ef340e50c332
2026-03-29 15:54:58|qwen|web_search_no_think|5|QUESTION_SENT||1140|7085eed1-8c09-4fda-b285-fa0a17879b72
2026-03-29 15:55:05|qwen|web_search_no_think|0|QUESTION_SENT||1034|3662c8c1-bcab-46c1-915b-6693b502d859
2026-03-29 15:55:08|qwen|web_search_no_think|3|QUESTION_SENT||1101|11a290d0-d185-422e-951b-a07a23c98690
2026-03-29 15:55:15|qwen|web_search_no_think|2|QUESTION_SENT||1076|cb02a969-713e-483e-b085-364fc6e5d9ed
2026-03-29 15:55:24|qwen|web_search_no_think|1|JSON_VERIFIED||1053|bb033917-143d-4c12-9ff6-263531fd47d0
2026-03-29 15:55:24|qwen|web_search_no_think|1|QUESTION|11|1053|bb033917-143d-4c12-9ff6-263531fd47d0
2026-03-29 15:55:24|qwen|web_search_no_think|1|JSON_SAVED||1053|bb033917-143d-4c12-9ff6-263531fd47d0
2026-03-29 15:55:24|qwen|web_search_no_think|1|QUESTION_ADVANCE||1054|152abfe6-d62b-4d35-bf59-7ace24bbf558
2026-03-29 15:55:50|qwen|web_search_no_think|1|QUESTION_SENT||1054|152abfe6-d62b-4d35-bf59-7ace24bbf558
2026-03-29 15:56:05|qwen|web_search_no_think|3|JSON_VERIFIED||1101|11a290d0-d185-422e-951b-a07a23c98690
2026-03-29 15:56:05|qwen|web_search_no_think|3|QUESTION|15|1101|11a290d0-d185-422e-951b-a07a23c98690
2026-03-29 15:56:05|qwen|web_search_no_think|3|JSON_SAVED||1101|11a290d0-d185-422e-951b-a07a23c98690
2026-03-29 15:56:05|qwen|web_search_no_think|3|QUESTION_ADVANCE||1102|c7ed1f7a-0b9d-461f-a26b-aece7f0234de
2026-03-29 15:56:06|qwen|web_search_no_think|5|JSON_VERIFIED||1140|7085eed1-8c09-4fda-b285-fa0a17879b72
2026-03-29 15:56:06|qwen|web_search_no_think|5|QUESTION|10|1140|7085eed1-8c09-4fda-b285-fa0a17879b72
2026-03-29 15:56:06|qwen|web_search_no_think|5|JSON_SAVED||1140|7085eed1-8c09-4fda-b285-fa0a17879b72
2026-03-29 15:56:06|qwen|web_search_no_think|5|QUESTION_ADVANCE||1141|98e2fafd-8f09-46e7-b15b-86873bc418bb
2026-03-29 15:56:22|qwen|web_search_no_think|1|JSON_VERIFY_FAILED||1054|152abfe6-d62b-4d35-bf59-7ace24bbf558
2026-03-29 15:56:22|qwen|web_search_no_think|1|QUESTION|12|1054|152abfe6-d62b-4d35-bf59-7ace24bbf558
2026-03-29 15:56:24|qwen|web_search_no_think|4|JSON_VERIFIED||1120|c2a0241b-51fc-4481-9f0f-ef340e50c332
2026-03-29 15:56:24|qwen|web_search_no_think|4|QUESTION|13|1120|c2a0241b-51fc-4481-9f0f-ef340e50c332
2026-03-29 15:56:24|qwen|web_search_no_think|4|JSON_SAVED||1120|c2a0241b-51fc-4481-9f0f-ef340e50c332
2026-03-29 15:56:24|qwen|web_search_no_think|4|QUESTION_ADVANCE||1121|89bc43ee-06b3-4cc0-8a6e-2319a1af6ef9
2026-03-29 15:56:31|qwen|web_search_no_think|3|QUESTION_SENT||1102|c7ed1f7a-0b9d-461f-a26b-aece7f0234de
2026-03-29 15:56:32|qwen|web_search_no_think|5|QUESTION_SENT||1141|98e2fafd-8f09-46e7-b15b-86873bc418bb
2026-03-29 15:56:33|qwen|web_search_no_think|0|JSON_VERIFIED||1034|3662c8c1-bcab-46c1-915b-6693b502d859
2026-03-29 15:56:33|qwen|web_search_no_think|0|QUESTION|16|1034|3662c8c1-bcab-46c1-915b-6693b502d859
2026-03-29 15:56:33|qwen|web_search_no_think|0|JSON_SAVED||1034|3662c8c1-bcab-46c1-915b-6693b502d859
2026-03-29 15:56:33|qwen|web_search_no_think|0|QUESTION_ADVANCE||1035|84189f45-d546-4d8e-8f10-ce70daf1db65
2026-03-29 15:56:44|qwen|web_search_no_think|2|JSON_VERIFIED||1076|cb02a969-713e-483e-b085-364fc6e5d9ed
2026-03-29 15:56:44|qwen|web_search_no_think|2|QUESTION|13|1076|cb02a969-713e-483e-b085-364fc6e5d9ed
2026-03-29 15:56:44|qwen|web_search_no_think|2|JSON_SAVED||1076|cb02a969-713e-483e-b085-364fc6e5d9ed
2026-03-29 15:56:44|qwen|web_search_no_think|2|QUESTION_ADVANCE||1077|1a94fe0c-136c-4347-8bd3-a33ac7a2dbe1
2026-03-29 15:56:48|qwen|web_search_no_think|1|QUESTION_SENT||1054|152abfe6-d62b-4d35-bf59-7ace24bbf558
2026-03-29 15:56:51|qwen|web_search_no_think|4|QUESTION_SENT||1121|89bc43ee-06b3-4cc0-8a6e-2319a1af6ef9
2026-03-29 15:56:58|qwen|web_search_no_think|3|JSON_VERIFY_FAILED||1102|c7ed1f7a-0b9d-461f-a26b-aece7f0234de
2026-03-29 15:56:58|qwen|web_search_no_think|3|QUESTION|16|1102|c7ed1f7a-0b9d-461f-a26b-aece7f0234de
2026-03-29 15:57:00|qwen|web_search_no_think|0|QUESTION_SENT||1035|84189f45-d546-4d8e-8f10-ce70daf1db65
2026-03-29 15:57:11|qwen|web_search_no_think|2|QUESTION_SENT||1077|1a94fe0c-136c-4347-8bd3-a33ac7a2dbe1
2026-03-29 15:57:22|qwen|web_search_no_think|5|JSON_VERIFY_FAILED||1141|98e2fafd-8f09-46e7-b15b-86873bc418bb
2026-03-29 15:57:22|qwen|web_search_no_think|5|QUESTION|11|1141|98e2fafd-8f09-46e7-b15b-86873bc418bb
2026-03-29 15:57:25|qwen|web_search_no_think|3|QUESTION_SENT||1102|c7ed1f7a-0b9d-461f-a26b-aece7f0234de
2026-03-29 15:57:48|qwen|web_search_no_think|5|QUESTION_SENT||1141|98e2fafd-8f09-46e7-b15b-86873bc418bb
2026-03-29 15:57:51|qwen|web_search_no_think|0|JSON_VERIFY_FAILED||1035|84189f45-d546-4d8e-8f10-ce70daf1db65
2026-03-29 15:57:51|qwen|web_search_no_think|0|QUESTION|17|1035|84189f45-d546-4d8e-8f10-ce70daf1db65
2026-03-29 15:57:59|qwen|web_search_no_think|2|JSON_VERIFIED||1077|1a94fe0c-136c-4347-8bd3-a33ac7a2dbe1
2026-03-29 15:57:59|qwen|web_search_no_think|2|QUESTION|14|1077|1a94fe0c-136c-4347-8bd3-a33ac7a2dbe1
2026-03-29 15:57:59|qwen|web_search_no_think|2|JSON_SAVED||1077|1a94fe0c-136c-4347-8bd3-a33ac7a2dbe1
2026-03-29 15:57:59|qwen|web_search_no_think|2|QUESTION_ADVANCE||1078|d3ac5d23-fe3c-487f-a432-eddc0fbf79f2
2026-03-29 15:58:17|qwen|web_search_no_think|0|QUESTION_SENT||1035|84189f45-d546-4d8e-8f10-ce70daf1db65
2026-03-29 15:58:22|qwen|web_search_no_think|1|JSON_VERIFIED||1054|152abfe6-d62b-4d35-bf59-7ace24bbf558
2026-03-29 15:58:22|qwen|web_search_no_think|1|QUESTION|13|1054|152abfe6-d62b-4d35-bf59-7ace24bbf558
2026-03-29 15:58:22|qwen|web_search_no_think|1|JSON_SAVED||1054|152abfe6-d62b-4d35-bf59-7ace24bbf558
2026-03-29 15:58:22|qwen|web_search_no_think|1|QUESTION_ADVANCE||1055|1a960fd1-9f5e-4cf8-99f4-901e7c521bf2
2026-03-29 15:58:23|qwen|web_search_no_think|3|JSON_VERIFIED||1102|c7ed1f7a-0b9d-461f-a26b-aece7f0234de
2026-03-29 15:58:23|qwen|web_search_no_think|3|QUESTION|17|1102|c7ed1f7a-0b9d-461f-a26b-aece7f0234de
2026-03-29 15:58:23|qwen|web_search_no_think|3|JSON_SAVED||1102|c7ed1f7a-0b9d-461f-a26b-aece7f0234de
2026-03-29 15:58:23|qwen|web_search_no_think|3|QUESTION_ADVANCE||1103|a8ee394c-1665-4b98-9933-971e304e9f01
2026-03-29 15:58:25|qwen|web_search_no_think|2|QUESTION_SENT||1078|d3ac5d23-fe3c-487f-a432-eddc0fbf79f2
2026-03-29 15:58:27|qwen|web_search_no_think|4|JSON_VERIFIED||1121|89bc43ee-06b3-4cc0-8a6e-2319a1af6ef9
2026-03-29 15:58:27|qwen|web_search_no_think|4|QUESTION|14|1121|89bc43ee-06b3-4cc0-8a6e-2319a1af6ef9
2026-03-29 15:58:27|qwen|web_search_no_think|4|JSON_SAVED||1121|89bc43ee-06b3-4cc0-8a6e-2319a1af6ef9
2026-03-29 15:58:27|qwen|web_search_no_think|4|QUESTION_ADVANCE||1122|14e8cf5c-0b14-4582-b6e5-af9598dea5cd
2026-03-29 15:58:40|qwen|web_search_no_think|5|JSON_VERIFY_FAILED||1141|98e2fafd-8f09-46e7-b15b-86873bc418bb
2026-03-29 15:58:40|qwen|web_search_no_think|5|QUESTION|12|1141|98e2fafd-8f09-46e7-b15b-86873bc418bb
2026-03-29 15:58:48|qwen|web_search_no_think|1|QUESTION_SENT||1055|1a960fd1-9f5e-4cf8-99f4-901e7c521bf2
2026-03-29 15:58:49|qwen|web_search_no_think|3|QUESTION_SENT||1103|a8ee394c-1665-4b98-9933-971e304e9f01
2026-03-29 15:58:54|qwen|web_search_no_think|4|QUESTION_SENT||1122|14e8cf5c-0b14-4582-b6e5-af9598dea5cd
2026-03-29 15:59:06|qwen|web_search_no_think|5|QUESTION_SENT||1141|98e2fafd-8f09-46e7-b15b-86873bc418bb
2026-03-29 15:59:16|qwen|web_search_no_think|2|QUESTION_SENT||1078|d3ac5d23-fe3c-487f-a432-eddc0fbf79f2
2026-03-29 15:59:54|qwen|web_search_no_think|0|QUESTION_SENT||1035|84189f45-d546-4d8e-8f10-ce70daf1db65
2026-03-29 16:00:19|qwen|web_search_no_think|3|QUESTION_SENT||1103|a8ee394c-1665-4b98-9933-971e304e9f01
2026-03-29 16:00:44|qwen|web_search_no_think|1|QUESTION_SENT||1055|1a960fd1-9f5e-4cf8-99f4-901e7c521bf2
2026-03-29 16:00:47|qwen|web_search_no_think|5|QUESTION_SENT||1141|98e2fafd-8f09-46e7-b15b-86873bc418bb
2026-03-29 16:00:48|qwen|web_search_no_think|4|QUESTION_SENT||1122|14e8cf5c-0b14-4582-b6e5-af9598dea5cd
2026-03-29 16:01:28|qwen|web_search_no_think|2|QUESTION_SENT||1078|d3ac5d23-fe3c-487f-a432-eddc0fbf79f2
2026-03-29 16:01:40|qwen|web_search_no_think|0|QUESTION_SENT||1035|84189f45-d546-4d8e-8f10-ce70daf1db65
2026-03-29 16:02:04|qwen|web_search_no_think|3|QUESTION_SENT||1103|a8ee394c-1665-4b98-9933-971e304e9f01
2026-03-29 16:02:23|qwen|web_search_no_think|4|QUESTION_SENT||1122|14e8cf5c-0b14-4582-b6e5-af9598dea5cd
2026-03-29 16:02:37|qwen|web_search_no_think|0|JSON_VERIFIED||1035|84189f45-d546-4d8e-8f10-ce70daf1db65
2026-03-29 16:02:37|qwen|web_search_no_think|0|QUESTION|18|1035|84189f45-d546-4d8e-8f10-ce70daf1db65
2026-03-29 16:02:37|qwen|web_search_no_think|0|JSON_SAVED||1035|84189f45-d546-4d8e-8f10-ce70daf1db65
2026-03-29 16:02:37|qwen|web_search_no_think|0|QUESTION_ADVANCE||1036|2510dd7b-6f98-4334-a636-0843f7fc68e3
2026-03-29 16:02:37|qwen|web_search_no_think|5|QUESTION_SENT||1141|98e2fafd-8f09-46e7-b15b-86873bc418bb
2026-03-29 16:02:38|qwen|web_search_no_think|2|JSON_VERIFIED||1078|d3ac5d23-fe3c-487f-a432-eddc0fbf79f2
2026-03-29 16:02:38|qwen|web_search_no_think|2|QUESTION|15|1078|d3ac5d23-fe3c-487f-a432-eddc0fbf79f2
2026-03-29 16:02:38|qwen|web_search_no_think|2|JSON_SAVED||1078|d3ac5d23-fe3c-487f-a432-eddc0fbf79f2
2026-03-29 16:02:38|qwen|web_search_no_think|2|QUESTION_ADVANCE||1079|75e2a43e-6a89-47fa-ac14-3b98385d74ff
2026-03-29 16:02:45|qwen|web_search_no_think|1|QUESTION_SENT||1055|1a960fd1-9f5e-4cf8-99f4-901e7c521bf2
2026-03-29 16:02:53|qwen|web_search_no_think|3|JSON_VERIFY_FAILED||1103|a8ee394c-1665-4b98-9933-971e304e9f01
2026-03-29 16:02:53|qwen|web_search_no_think|3|QUESTION|18|1103|a8ee394c-1665-4b98-9933-971e304e9f01
2026-03-29 16:03:03|qwen|web_search_no_think|0|QUESTION_SENT||1036|2510dd7b-6f98-4334-a636-0843f7fc68e3
2026-03-29 16:03:04|qwen|web_search_no_think|2|QUESTION_SENT||1079|75e2a43e-6a89-47fa-ac14-3b98385d74ff
2026-03-29 16:03:20|qwen|web_search_no_think|3|QUESTION_SENT||1103|a8ee394c-1665-4b98-9933-971e304e9f01
2026-03-29 16:04:06|qwen|web_search_no_think|4|JSON_VERIFY_FAILED||1122|14e8cf5c-0b14-4582-b6e5-af9598dea5cd
2026-03-29 16:04:06|qwen|web_search_no_think|4|QUESTION|15|1122|14e8cf5c-0b14-4582-b6e5-af9598dea5cd
2026-03-29 16:04:06|qwen|web_search_no_think|5|QUESTION_SENT||1141|98e2fafd-8f09-46e7-b15b-86873bc418bb
2026-03-29 16:04:08|qwen|web_search_no_think|1|JSON_VERIFY_FAILED||1055|1a960fd1-9f5e-4cf8-99f4-901e7c521bf2
2026-03-29 16:04:08|qwen|web_search_no_think|1|QUESTION|14|1055|1a960fd1-9f5e-4cf8-99f4-901e7c521bf2
2026-03-29 16:04:11|qwen|web_search_no_think|4|QUESTION_SENT||1122|14e8cf5c-0b14-4582-b6e5-af9598dea5cd
2026-03-29 16:04:17|qwen|web_search_no_think|2|JSON_VERIFIED||1079|75e2a43e-6a89-47fa-ac14-3b98385d74ff
2026-03-29 16:04:17|qwen|web_search_no_think|2|QUESTION|16|1079|75e2a43e-6a89-47fa-ac14-3b98385d74ff
2026-03-29 16:04:17|qwen|web_search_no_think|2|JSON_SAVED||1079|75e2a43e-6a89-47fa-ac14-3b98385d74ff
2026-03-29 16:04:17|qwen|web_search_no_think|2|QUESTION_ADVANCE||1080|4fab725b-4b75-4719-b1e1-98e4df131bdd
2026-03-29 16:04:31|qwen|web_search_no_think|0|JSON_VERIFIED||1036|2510dd7b-6f98-4334-a636-0843f7fc68e3
2026-03-29 16:04:31|qwen|web_search_no_think|0|QUESTION|19|1036|2510dd7b-6f98-4334-a636-0843f7fc68e3
2026-03-29 16:04:31|qwen|web_search_no_think|0|JSON_SAVED||1036|2510dd7b-6f98-4334-a636-0843f7fc68e3
2026-03-29 16:04:31|qwen|web_search_no_think|0|QUESTION_ADVANCE||1037|fcf7bd6f-c27c-4034-909f-3d74ec25143f
2026-03-29 16:04:34|qwen|web_search_no_think|1|QUESTION_SENT||1055|1a960fd1-9f5e-4cf8-99f4-901e7c521bf2
2026-03-29 16:04:43|qwen|web_search_no_think|2|QUESTION_SENT||1080|4fab725b-4b75-4719-b1e1-98e4df131bdd
2026-03-29 16:04:58|qwen|web_search_no_think|0|QUESTION_SENT||1037|fcf7bd6f-c27c-4034-909f-3d74ec25143f
2026-03-29 16:05:11|qwen|web_search_no_think|3|JSON_VERIFIED||1103|a8ee394c-1665-4b98-9933-971e304e9f01
2026-03-29 16:05:11|qwen|web_search_no_think|3|QUESTION|19|1103|a8ee394c-1665-4b98-9933-971e304e9f01
2026-03-29 16:05:11|qwen|web_search_no_think|3|JSON_SAVED||1103|a8ee394c-1665-4b98-9933-971e304e9f01
2026-03-29 16:05:11|qwen|web_search_no_think|3|QUESTION_ADVANCE||1104|38041307-5c94-4f60-bb0c-d2881a5005b3
2026-03-29 16:05:16|qwen|web_search_no_think|5|JSON_VERIFIED||1141|98e2fafd-8f09-46e7-b15b-86873bc418bb
2026-03-29 16:05:16|qwen|web_search_no_think|5|QUESTION|13|1141|98e2fafd-8f09-46e7-b15b-86873bc418bb
2026-03-29 16:05:16|qwen|web_search_no_think|5|JSON_SAVED||1141|98e2fafd-8f09-46e7-b15b-86873bc418bb
2026-03-29 16:05:16|qwen|web_search_no_think|5|QUESTION_ADVANCE||1142|5db8079c-9bd4-4636-942c-b9f6cc477b3a
2026-03-29 16:05:34|qwen|web_search_no_think|1|JSON_VERIFIED||1055|1a960fd1-9f5e-4cf8-99f4-901e7c521bf2
2026-03-29 16:05:34|qwen|web_search_no_think|1|QUESTION|15|1055|1a960fd1-9f5e-4cf8-99f4-901e7c521bf2
2026-03-29 16:05:34|qwen|web_search_no_think|1|JSON_SAVED||1055|1a960fd1-9f5e-4cf8-99f4-901e7c521bf2
2026-03-29 16:05:34|qwen|web_search_no_think|1|QUESTION_ADVANCE||1056|feb2ccc3-8bb0-46ae-a360-17881dc79db3
2026-03-29 16:05:37|qwen|web_search_no_think|3|QUESTION_SENT||1104|38041307-5c94-4f60-bb0c-d2881a5005b3
2026-03-29 16:05:41|qwen|web_search_no_think|4|QUESTION_SENT||1122|14e8cf5c-0b14-4582-b6e5-af9598dea5cd
2026-03-29 16:05:42|qwen|web_search_no_think|5|QUESTION_SENT||1142|5db8079c-9bd4-4636-942c-b9f6cc477b3a
2026-03-29 16:06:00|qwen|web_search_no_think|1|QUESTION_SENT||1056|feb2ccc3-8bb0-46ae-a360-17881dc79db3
2026-03-29 16:06:00|qwen|web_search_no_think|2|JSON_VERIFIED||1080|4fab725b-4b75-4719-b1e1-98e4df131bdd
2026-03-29 16:06:00|qwen|web_search_no_think|2|QUESTION|17|1080|4fab725b-4b75-4719-b1e1-98e4df131bdd
2026-03-29 16:06:00|qwen|web_search_no_think|2|JSON_SAVED||1080|4fab725b-4b75-4719-b1e1-98e4df131bdd
2026-03-29 16:06:00|qwen|web_search_no_think|2|QUESTION_ADVANCE||1081|0efdbc05-c757-4205-b49a-d2004030ce9b
2026-03-29 16:06:15|qwen|web_search_no_think|0|JSON_VERIFIED||1037|fcf7bd6f-c27c-4034-909f-3d74ec25143f
2026-03-29 16:06:15|qwen|web_search_no_think|0|QUESTION|20|1037|fcf7bd6f-c27c-4034-909f-3d74ec25143f
2026-03-29 16:06:15|qwen|web_search_no_think|0|JSON_SAVED||1037|fcf7bd6f-c27c-4034-909f-3d74ec25143f
2026-03-29 16:06:15|qwen|web_search_no_think|0|QUESTION_ADVANCE||1038|6580a4b5-bd52-4672-9d2a-7ec721c41c95
2026-03-29 16:06:26|qwen|web_search_no_think|2|QUESTION_SENT||1081|0efdbc05-c757-4205-b49a-d2004030ce9b
2026-03-29 16:06:41|qwen|web_search_no_think|0|QUESTION_SENT||1038|6580a4b5-bd52-4672-9d2a-7ec721c41c95
2026-03-29 16:06:42|qwen|web_search_no_think|3|JSON_VERIFY_FAILED||1104|38041307-5c94-4f60-bb0c-d2881a5005b3
2026-03-29 16:06:42|qwen|web_search_no_think|3|QUESTION|20|1104|38041307-5c94-4f60-bb0c-d2881a5005b3
2026-03-29 16:06:54|qwen|web_search_no_think|1|JSON_VERIFIED||1056|feb2ccc3-8bb0-46ae-a360-17881dc79db3
2026-03-29 16:06:54|qwen|web_search_no_think|1|QUESTION|16|1056|feb2ccc3-8bb0-46ae-a360-17881dc79db3
2026-03-29 16:06:54|qwen|web_search_no_think|1|JSON_SAVED||1056|feb2ccc3-8bb0-46ae-a360-17881dc79db3
2026-03-29 16:06:54|qwen|web_search_no_think|1|QUESTION_ADVANCE||1057|2a62262c-0d3c-4fbf-85c4-e624583a041e
2026-03-29 16:07:09|qwen|web_search_no_think|5|JSON_VERIFIED||1142|5db8079c-9bd4-4636-942c-b9f6cc477b3a
2026-03-29 16:07:09|qwen|web_search_no_think|5|QUESTION|14|1142|5db8079c-9bd4-4636-942c-b9f6cc477b3a
2026-03-29 16:07:09|qwen|web_search_no_think|5|JSON_SAVED||1142|5db8079c-9bd4-4636-942c-b9f6cc477b3a
2026-03-29 16:07:09|qwen|web_search_no_think|5|QUESTION_ADVANCE||1143|6e58b96e-ad79-475e-ace4-4f3754875942
2026-03-29 16:07:09|qwen|web_search_no_think|3|QUESTION_SENT||1104|38041307-5c94-4f60-bb0c-d2881a5005b3
2026-03-29 16:07:20|qwen|web_search_no_think|1|QUESTION_SENT||1057|2a62262c-0d3c-4fbf-85c4-e624583a041e
2026-03-29 16:07:32|qwen|web_search_no_think|4|JSON_VERIFIED||1122|14e8cf5c-0b14-4582-b6e5-af9598dea5cd
2026-03-29 16:07:32|qwen|web_search_no_think|4|QUESTION|16|1122|14e8cf5c-0b14-4582-b6e5-af9598dea5cd
2026-03-29 16:07:32|qwen|web_search_no_think|4|JSON_SAVED||1122|14e8cf5c-0b14-4582-b6e5-af9598dea5cd
2026-03-29 16:07:32|qwen|web_search_no_think|4|QUESTION_ADVANCE||1123|b54f8147-1521-4a6f-84c5-50b947f4439b
2026-03-29 16:07:35|qwen|web_search_no_think|5|QUESTION_SENT||1143|6e58b96e-ad79-475e-ace4-4f3754875942
2026-03-29 16:07:59|qwen|web_search_no_think|4|QUESTION_SENT||1123|b54f8147-1521-4a6f-84c5-50b947f4439b
2026-03-29 16:08:02|qwen|web_search_no_think|0|JSON_VERIFIED||1038|6580a4b5-bd52-4672-9d2a-7ec721c41c95
2026-03-29 16:08:02|qwen|web_search_no_think|0|QUESTION|21|1038|6580a4b5-bd52-4672-9d2a-7ec721c41c95
2026-03-29 16:08:02|qwen|web_search_no_think|0|JSON_SAVED||1038|6580a4b5-bd52-4672-9d2a-7ec721c41c95
2026-03-29 16:08:02|qwen|web_search_no_think|0|QUESTION_ADVANCE||1039|60b800d2-8542-4f2d-a81a-471bfcde24fc
2026-03-29 16:08:14|qwen|web_search_no_think|3|JSON_VERIFIED||1104|38041307-5c94-4f60-bb0c-d2881a5005b3
2026-03-29 16:08:14|qwen|web_search_no_think|3|QUESTION|21|1104|38041307-5c94-4f60-bb0c-d2881a5005b3
2026-03-29 16:08:14|qwen|web_search_no_think|3|JSON_SAVED||1104|38041307-5c94-4f60-bb0c-d2881a5005b3
2026-03-29 16:08:14|qwen|web_search_no_think|3|QUESTION_ADVANCE||1105|f8c5123e-9574-45ed-813e-63f652d8d2b1
2026-03-29 16:08:21|qwen|web_search_no_think|1|JSON_VERIFIED||1057|2a62262c-0d3c-4fbf-85c4-e624583a041e
2026-03-29 16:08:21|qwen|web_search_no_think|1|QUESTION|17|1057|2a62262c-0d3c-4fbf-85c4-e624583a041e
2026-03-29 16:08:21|qwen|web_search_no_think|1|JSON_SAVED||1057|2a62262c-0d3c-4fbf-85c4-e624583a041e
2026-03-29 16:08:21|qwen|web_search_no_think|1|QUESTION_ADVANCE||1058|b3b0a842-1f5d-4e1d-882c-b4fd6ba2d9d4
2026-03-29 16:08:26|qwen|web_search_no_think|2|JSON_VERIFIED||1081|0efdbc05-c757-4205-b49a-d2004030ce9b
2026-03-29 16:08:26|qwen|web_search_no_think|2|QUESTION|18|1081|0efdbc05-c757-4205-b49a-d2004030ce9b
2026-03-29 16:08:26|qwen|web_search_no_think|2|JSON_SAVED||1081|0efdbc05-c757-4205-b49a-d2004030ce9b
2026-03-29 16:08:26|qwen|web_search_no_think|2|QUESTION_ADVANCE||1082|9745da8b-654e-405e-abd8-cdfa5817eaab
2026-03-29 16:08:28|qwen|web_search_no_think|0|QUESTION_SENT||1039|60b800d2-8542-4f2d-a81a-471bfcde24fc
2026-03-29 16:08:41|qwen|web_search_no_think|3|QUESTION_SENT||1105|f8c5123e-9574-45ed-813e-63f652d8d2b1
2026-03-29 16:08:48|qwen|web_search_no_think|1|QUESTION_SENT||1058|b3b0a842-1f5d-4e1d-882c-b4fd6ba2d9d4
2026-03-29 16:08:52|qwen|web_search_no_think|2|QUESTION_SENT||1082|9745da8b-654e-405e-abd8-cdfa5817eaab
2026-03-29 16:09:25|qwen|web_search_no_think|0|JSON_VERIFIED||1039|60b800d2-8542-4f2d-a81a-471bfcde24fc
2026-03-29 16:09:25|qwen|web_search_no_think|0|QUESTION|22|1039|60b800d2-8542-4f2d-a81a-471bfcde24fc
2026-03-29 16:09:25|qwen|web_search_no_think|0|JSON_SAVED||1039|60b800d2-8542-4f2d-a81a-471bfcde24fc
2026-03-29 16:09:25|qwen|web_search_no_think|0|QUESTION_ADVANCE||1040|1de375ec-b0b7-4bea-8498-81e44fea26aa
2026-03-29 16:09:26|qwen|web_search_no_think|4|QUESTION_SENT||1123|b54f8147-1521-4a6f-84c5-50b947f4439b
2026-03-29 16:09:46|qwen|web_search_no_think|3|JSON_VERIFIED||1105|f8c5123e-9574-45ed-813e-63f652d8d2b1
2026-03-29 16:09:46|qwen|web_search_no_think|3|QUESTION|22|1105|f8c5123e-9574-45ed-813e-63f652d8d2b1
2026-03-29 16:09:46|qwen|web_search_no_think|3|JSON_SAVED||1105|f8c5123e-9574-45ed-813e-63f652d8d2b1
2026-03-29 16:09:46|qwen|web_search_no_think|3|QUESTION_ADVANCE||1106|044ffadd-3d4b-47bd-b207-03e7bd57fafe
2026-03-29 16:09:51|qwen|web_search_no_think|0|QUESTION_SENT||1040|1de375ec-b0b7-4bea-8498-81e44fea26aa
2026-03-29 16:10:00|qwen|web_search_no_think|1|JSON_VERIFIED||1058|b3b0a842-1f5d-4e1d-882c-b4fd6ba2d9d4
2026-03-29 16:10:00|qwen|web_search_no_think|1|QUESTION|18|1058|b3b0a842-1f5d-4e1d-882c-b4fd6ba2d9d4
2026-03-29 16:10:00|qwen|web_search_no_think|1|JSON_SAVED||1058|b3b0a842-1f5d-4e1d-882c-b4fd6ba2d9d4
2026-03-29 16:10:00|qwen|web_search_no_think|1|QUESTION_ADVANCE||1059|d8814d76-2102-453c-b612-94c659f848ad
2026-03-29 16:10:12|qwen|web_search_no_think|3|QUESTION_SENT||1106|044ffadd-3d4b-47bd-b207-03e7bd57fafe
2026-03-29 16:10:13|qwen|web_search_no_think|2|JSON_VERIFIED||1082|9745da8b-654e-405e-abd8-cdfa5817eaab
2026-03-29 16:10:13|qwen|web_search_no_think|2|QUESTION|19|1082|9745da8b-654e-405e-abd8-cdfa5817eaab
2026-03-29 16:10:13|qwen|web_search_no_think|2|JSON_SAVED||1082|9745da8b-654e-405e-abd8-cdfa5817eaab
2026-03-29 16:10:13|qwen|web_search_no_think|2|QUESTION_ADVANCE||1083|4fd43156-7dbe-4c2a-ba6e-65a5562b6849
2026-03-29 16:10:27|qwen|web_search_no_think|1|QUESTION_SENT||1059|d8814d76-2102-453c-b612-94c659f848ad
2026-03-29 16:10:39|qwen|web_search_no_think|2|QUESTION_SENT||1083|4fd43156-7dbe-4c2a-ba6e-65a5562b6849
2026-03-29 16:10:45|qwen|web_search_no_think|4|JSON_VERIFIED||1123|b54f8147-1521-4a6f-84c5-50b947f4439b
2026-03-29 16:10:45|qwen|web_search_no_think|4|QUESTION|17|1123|b54f8147-1521-4a6f-84c5-50b947f4439b
2026-03-29 16:10:45|qwen|web_search_no_think|4|JSON_SAVED||1123|b54f8147-1521-4a6f-84c5-50b947f4439b
2026-03-29 16:10:45|qwen|web_search_no_think|4|QUESTION_ADVANCE||1124|2d9ee690-4817-4ab5-8469-cb5fa4be8916
2026-03-29 16:11:12|qwen|web_search_no_think|4|QUESTION_SENT||1124|2d9ee690-4817-4ab5-8469-cb5fa4be8916
2026-03-29 16:11:24|qwen|web_search_no_think|0|JSON_VERIFIED||1040|1de375ec-b0b7-4bea-8498-81e44fea26aa
2026-03-29 16:11:24|qwen|web_search_no_think|0|QUESTION|23|1040|1de375ec-b0b7-4bea-8498-81e44fea26aa
2026-03-29 16:11:24|qwen|web_search_no_think|0|JSON_SAVED||1040|1de375ec-b0b7-4bea-8498-81e44fea26aa
2026-03-29 16:11:24|qwen|web_search_no_think|0|QUESTION_ADVANCE||1041|11b3ef3a-efc8-46ac-9448-1ec6bf9438e5
2026-03-29 16:11:26|qwen|web_search_no_think|1|JSON_VERIFIED||1059|d8814d76-2102-453c-b612-94c659f848ad
2026-03-29 16:11:26|qwen|web_search_no_think|1|QUESTION|19|1059|d8814d76-2102-453c-b612-94c659f848ad
2026-03-29 16:11:26|qwen|web_search_no_think|1|JSON_SAVED||1059|d8814d76-2102-453c-b612-94c659f848ad
2026-03-29 16:11:26|qwen|web_search_no_think|1|QUESTION_ADVANCE||1060|737c2c3a-32e2-4848-b262-be6b2a28546e
2026-03-29 16:11:43|qwen|web_search_no_think|3|JSON_VERIFIED||1106|044ffadd-3d4b-47bd-b207-03e7bd57fafe
2026-03-29 16:11:43|qwen|web_search_no_think|3|QUESTION|23|1106|044ffadd-3d4b-47bd-b207-03e7bd57fafe
2026-03-29 16:11:43|qwen|web_search_no_think|3|JSON_SAVED||1106|044ffadd-3d4b-47bd-b207-03e7bd57fafe
2026-03-29 16:11:43|qwen|web_search_no_think|3|QUESTION_ADVANCE||1107|99e12b95-c8cd-41d2-a91b-9daeefea3aef
2026-03-29 16:11:50|qwen|web_search_no_think|0|QUESTION_SENT||1041|11b3ef3a-efc8-46ac-9448-1ec6bf9438e5
2026-03-29 16:11:52|qwen|web_search_no_think|2|JSON_VERIFIED||1083|4fd43156-7dbe-4c2a-ba6e-65a5562b6849
2026-03-29 16:11:52|qwen|web_search_no_think|2|QUESTION|20|1083|4fd43156-7dbe-4c2a-ba6e-65a5562b6849
2026-03-29 16:11:52|qwen|web_search_no_think|2|JSON_SAVED||1083|4fd43156-7dbe-4c2a-ba6e-65a5562b6849
2026-03-29 16:11:52|qwen|web_search_no_think|2|QUESTION_ADVANCE||1084|5b6f3727-04f2-41a6-b91c-45ef09f1a5ec
2026-03-29 16:11:53|qwen|web_search_no_think|1|QUESTION_SENT||1060|737c2c3a-32e2-4848-b262-be6b2a28546e
2026-03-29 16:12:10|qwen|web_search_no_think|3|QUESTION_SENT||1107|99e12b95-c8cd-41d2-a91b-9daeefea3aef
2026-03-29 16:12:17|qwen|web_search_no_think|0|JSON_VERIFY_FAILED||1041|11b3ef3a-efc8-46ac-9448-1ec6bf9438e5
2026-03-29 16:12:17|qwen|web_search_no_think|0|QUESTION|24|1041|11b3ef3a-efc8-46ac-9448-1ec6bf9438e5
2026-03-29 16:12:18|qwen|web_search_no_think|2|QUESTION_SENT||1084|5b6f3727-04f2-41a6-b91c-45ef09f1a5ec
2026-03-29 16:12:37|qwen|web_search_no_think|4|JSON_VERIFIED||1124|2d9ee690-4817-4ab5-8469-cb5fa4be8916
2026-03-29 16:12:37|qwen|web_search_no_think|4|QUESTION|18|1124|2d9ee690-4817-4ab5-8469-cb5fa4be8916
2026-03-29 16:12:37|qwen|web_search_no_think|4|JSON_SAVED||1124|2d9ee690-4817-4ab5-8469-cb5fa4be8916
2026-03-29 16:12:37|qwen|web_search_no_think|4|QUESTION_ADVANCE||1125|180877fd-19dd-4fb9-96ff-8f3c739e219f
2026-03-29 16:12:44|qwen|web_search_no_think|0|QUESTION_SENT||1041|11b3ef3a-efc8-46ac-9448-1ec6bf9438e5
2026-03-29 16:12:58|qwen|web_search_no_think|1|JSON_VERIFIED||1060|737c2c3a-32e2-4848-b262-be6b2a28546e
2026-03-29 16:12:58|qwen|web_search_no_think|1|QUESTION|20|1060|737c2c3a-32e2-4848-b262-be6b2a28546e
2026-03-29 16:12:58|qwen|web_search_no_think|1|JSON_SAVED||1060|737c2c3a-32e2-4848-b262-be6b2a28546e
2026-03-29 16:12:58|qwen|web_search_no_think|1|QUESTION_ADVANCE||1061|3b9b18d7-0e48-4c3a-bf49-67d8b9dd5455
2026-03-29 16:13:03|qwen|web_search_no_think|4|QUESTION_SENT||1125|180877fd-19dd-4fb9-96ff-8f3c739e219f
2026-03-29 16:13:24|qwen|web_search_no_think|1|QUESTION_SENT||1061|3b9b18d7-0e48-4c3a-bf49-67d8b9dd5455
2026-03-29 16:13:32|qwen|web_search_no_think|2|JSON_VERIFIED||1084|5b6f3727-04f2-41a6-b91c-45ef09f1a5ec
2026-03-29 16:13:32|qwen|web_search_no_think|2|QUESTION|21|1084|5b6f3727-04f2-41a6-b91c-45ef09f1a5ec
2026-03-29 16:13:32|qwen|web_search_no_think|2|JSON_SAVED||1084|5b6f3727-04f2-41a6-b91c-45ef09f1a5ec
2026-03-29 16:13:32|qwen|web_search_no_think|2|QUESTION_ADVANCE||1085|b4c76f3d-977f-481c-8048-0d9cb8d74565
2026-03-29 16:13:33|qwen|web_search_no_think|3|JSON_VERIFIED||1107|99e12b95-c8cd-41d2-a91b-9daeefea3aef
2026-03-29 16:13:33|qwen|web_search_no_think|3|QUESTION|24|1107|99e12b95-c8cd-41d2-a91b-9daeefea3aef
2026-03-29 16:13:33|qwen|web_search_no_think|3|JSON_SAVED||1107|99e12b95-c8cd-41d2-a91b-9daeefea3aef
2026-03-29 16:13:33|qwen|web_search_no_think|3|QUESTION_ADVANCE||1108|8410a392-456a-4676-ae7d-4fdf5fdca33b
2026-03-29 16:13:43|qwen|web_search_no_think|0|JSON_VERIFIED||1041|11b3ef3a-efc8-46ac-9448-1ec6bf9438e5
2026-03-29 16:13:43|qwen|web_search_no_think|0|QUESTION|25|1041|11b3ef3a-efc8-46ac-9448-1ec6bf9438e5
2026-03-29 16:13:43|qwen|web_search_no_think|0|JSON_SAVED||1041|11b3ef3a-efc8-46ac-9448-1ec6bf9438e5
2026-03-29 16:13:43|qwen|web_search_no_think|0|QUESTION_ADVANCE||1042|7c3b28e2-9eba-4f66-b555-f25b8d156cf6
2026-03-29 16:13:59|qwen|web_search_no_think|2|QUESTION_SENT||1085|b4c76f3d-977f-481c-8048-0d9cb8d74565
2026-03-29 16:14:00|qwen|web_search_no_think|3|QUESTION_SENT||1108|8410a392-456a-4676-ae7d-4fdf5fdca33b
2026-03-29 16:14:04|qwen|web_search_no_think|4|JSON_VERIFIED||1125|180877fd-19dd-4fb9-96ff-8f3c739e219f
2026-03-29 16:14:04|qwen|web_search_no_think|4|QUESTION|19|1125|180877fd-19dd-4fb9-96ff-8f3c739e219f
2026-03-29 16:14:04|qwen|web_search_no_think|4|JSON_SAVED||1125|180877fd-19dd-4fb9-96ff-8f3c739e219f
2026-03-29 16:14:04|qwen|web_search_no_think|4|QUESTION_ADVANCE||1126|975ae741-4e85-4422-842c-553bfbe10a14
2026-03-29 16:14:10|qwen|web_search_no_think|0|QUESTION_SENT||1042|7c3b28e2-9eba-4f66-b555-f25b8d156cf6
2026-03-29 16:14:17|qwen|web_search_no_think|1|JSON_VERIFIED||1061|3b9b18d7-0e48-4c3a-bf49-67d8b9dd5455
2026-03-29 16:14:17|qwen|web_search_no_think|1|QUESTION|21|1061|3b9b18d7-0e48-4c3a-bf49-67d8b9dd5455
2026-03-29 16:14:17|qwen|web_search_no_think|1|JSON_SAVED||1061|3b9b18d7-0e48-4c3a-bf49-67d8b9dd5455
2026-03-29 16:14:17|qwen|web_search_no_think|1|QUESTION_ADVANCE||1062|02c0276c-ecf8-4003-a2c7-dae83cadd573
2026-03-29 16:14:31|qwen|web_search_no_think|4|QUESTION_SENT||1126|975ae741-4e85-4422-842c-553bfbe10a14
2026-03-29 16:14:43|qwen|web_search_no_think|1|QUESTION_SENT||1062|02c0276c-ecf8-4003-a2c7-dae83cadd573
2026-03-29 16:14:57|qwen|web_search_no_think|2|JSON_VERIFIED||1085|b4c76f3d-977f-481c-8048-0d9cb8d74565
2026-03-29 16:14:57|qwen|web_search_no_think|2|QUESTION|22|1085|b4c76f3d-977f-481c-8048-0d9cb8d74565
2026-03-29 16:14:57|qwen|web_search_no_think|2|JSON_SAVED||1085|b4c76f3d-977f-481c-8048-0d9cb8d74565
2026-03-29 16:14:57|qwen|web_search_no_think|2|QUESTION_ADVANCE||1086|d8b683a8-f24a-4e14-badd-cda04e17e9e0
2026-03-29 16:15:10|qwen|web_search_no_think|0|QUESTION_SENT||1042|7c3b28e2-9eba-4f66-b555-f25b8d156cf6
2026-03-29 16:15:17|qwen|web_search_no_think|3|JSON_VERIFIED||1108|8410a392-456a-4676-ae7d-4fdf5fdca33b
2026-03-29 16:15:17|qwen|web_search_no_think|3|QUESTION|25|1108|8410a392-456a-4676-ae7d-4fdf5fdca33b
2026-03-29 16:15:17|qwen|web_search_no_think|3|JSON_SAVED||1108|8410a392-456a-4676-ae7d-4fdf5fdca33b
2026-03-29 16:15:18|qwen|web_search_no_think|3|STOP||1109|
2026-03-29 16:15:23|qwen|web_search_no_think|2|QUESTION_SENT||1086|d8b683a8-f24a-4e14-badd-cda04e17e9e0
2026-03-29 16:15:44|qwen|web_search_no_think|5|QUESTION_SENT||1143|6e58b96e-ad79-475e-ace4-4f3754875942
2026-03-29 16:15:50|qwen|web_search_no_think|1|JSON_VERIFIED||1062|02c0276c-ecf8-4003-a2c7-dae83cadd573
2026-03-29 16:15:50|qwen|web_search_no_think|1|QUESTION|22|1062|02c0276c-ecf8-4003-a2c7-dae83cadd573
2026-03-29 16:15:50|qwen|web_search_no_think|1|JSON_SAVED||1062|02c0276c-ecf8-4003-a2c7-dae83cadd573
2026-03-29 16:15:50|qwen|web_search_no_think|1|QUESTION_ADVANCE||1063|4134884d-7d34-4b7d-bb54-d5f6c5d5aad4
2026-03-29 16:15:58|qwen|web_search_no_think|4|QUESTION_SENT||1126|975ae741-4e85-4422-842c-553bfbe10a14
2026-03-29 16:16:10|qwen|web_search_no_think|0|JSON_VERIFIED||1042|7c3b28e2-9eba-4f66-b555-f25b8d156cf6
2026-03-29 16:16:10|qwen|web_search_no_think|0|QUESTION|26|1042|7c3b28e2-9eba-4f66-b555-f25b8d156cf6
2026-03-29 16:16:10|qwen|web_search_no_think|0|JSON_SAVED||1042|7c3b28e2-9eba-4f66-b555-f25b8d156cf6
2026-03-29 16:16:11|qwen|web_search_no_think|0|STOP||1043|
2026-03-29 16:16:17|qwen|web_search_no_think|1|QUESTION_SENT||1063|4134884d-7d34-4b7d-bb54-d5f6c5d5aad4
2026-03-29 16:16:23|qwen|web_search_no_think|2|JSON_VERIFIED||1086|d8b683a8-f24a-4e14-badd-cda04e17e9e0
2026-03-29 16:16:23|qwen|web_search_no_think|2|QUESTION|23|1086|d8b683a8-f24a-4e14-badd-cda04e17e9e0
2026-03-29 16:16:23|qwen|web_search_no_think|2|JSON_SAVED||1086|d8b683a8-f24a-4e14-badd-cda04e17e9e0
2026-03-29 16:16:24|qwen|web_search_no_think|2|STOP||1087|
2026-03-29 16:16:56|qwen|web_search_no_think|5|JSON_VERIFIED||1143|6e58b96e-ad79-475e-ace4-4f3754875942
2026-03-29 16:16:56|qwen|web_search_no_think|5|QUESTION|15|1143|6e58b96e-ad79-475e-ace4-4f3754875942
2026-03-29 16:16:56|qwen|web_search_no_think|5|JSON_SAVED||1143|6e58b96e-ad79-475e-ace4-4f3754875942
2026-03-29 16:16:56|qwen|web_search_no_think|5|QUESTION_ADVANCE||1144|17dc7156-1cb6-45ae-a5a8-372b8f4f4594
2026-03-29 16:17:22|qwen|web_search_no_think|4|JSON_VERIFIED||1126|975ae741-4e85-4422-842c-553bfbe10a14
2026-03-29 16:17:22|qwen|web_search_no_think|4|QUESTION|20|1126|975ae741-4e85-4422-842c-553bfbe10a14
2026-03-29 16:17:22|qwen|web_search_no_think|4|JSON_SAVED||1126|975ae741-4e85-4422-842c-553bfbe10a14
2026-03-29 16:17:22|qwen|web_search_no_think|4|QUESTION_ADVANCE||1127|ee6bd909-b63b-4b8e-82ad-0b6a6a474a53
2026-03-29 16:17:22|qwen|web_search_no_think|5|QUESTION_SENT||1144|17dc7156-1cb6-45ae-a5a8-372b8f4f4594
2026-03-29 16:17:48|qwen|web_search_no_think|1|QUESTION_SENT||1063|4134884d-7d34-4b7d-bb54-d5f6c5d5aad4
2026-03-29 16:17:48|qwen|web_search_no_think|4|QUESTION_SENT||1127|ee6bd909-b63b-4b8e-82ad-0b6a6a474a53
2026-03-29 16:18:18|qwen|web_search_no_think|5|JSON_VERIFIED||1144|17dc7156-1cb6-45ae-a5a8-372b8f4f4594
2026-03-29 16:18:18|qwen|web_search_no_think|5|QUESTION|16|1144|17dc7156-1cb6-45ae-a5a8-372b8f4f4594
2026-03-29 16:18:18|qwen|web_search_no_think|5|JSON_SAVED||1144|17dc7156-1cb6-45ae-a5a8-372b8f4f4594
2026-03-29 16:18:18|qwen|web_search_no_think|5|QUESTION_ADVANCE||1145|2d3b44aa-26bb-43f9-85a6-5f0da7af68dc
2026-03-29 16:18:37|qwen|web_search_no_think|4|JSON_VERIFY_FAILED||1127|ee6bd909-b63b-4b8e-82ad-0b6a6a474a53
2026-03-29 16:18:37|qwen|web_search_no_think|4|QUESTION|21|1127|ee6bd909-b63b-4b8e-82ad-0b6a6a474a53
2026-03-29 16:18:44|qwen|web_search_no_think|5|QUESTION_SENT||1145|2d3b44aa-26bb-43f9-85a6-5f0da7af68dc
2026-03-29 16:19:03|qwen|web_search_no_think|4|QUESTION_SENT||1127|ee6bd909-b63b-4b8e-82ad-0b6a6a474a53
2026-03-29 16:19:16|qwen|web_search_no_think|1|JSON_VERIFIED||1063|4134884d-7d34-4b7d-bb54-d5f6c5d5aad4
2026-03-29 16:19:16|qwen|web_search_no_think|1|QUESTION|23|1063|4134884d-7d34-4b7d-bb54-d5f6c5d5aad4
2026-03-29 16:19:16|qwen|web_search_no_think|1|JSON_SAVED||1063|4134884d-7d34-4b7d-bb54-d5f6c5d5aad4
2026-03-29 16:19:16|qwen|web_search_no_think|1|QUESTION_ADVANCE||1064|1a8056a7-0ab6-446f-8943-87fe0feef796
2026-03-29 16:19:42|qwen|web_search_no_think|1|QUESTION_SENT||1064|1a8056a7-0ab6-446f-8943-87fe0feef796
2026-03-29 16:19:48|qwen|web_search_no_think|5|JSON_VERIFIED||1145|2d3b44aa-26bb-43f9-85a6-5f0da7af68dc
2026-03-29 16:19:48|qwen|web_search_no_think|5|QUESTION|17|1145|2d3b44aa-26bb-43f9-85a6-5f0da7af68dc
2026-03-29 16:19:48|qwen|web_search_no_think|5|JSON_SAVED||1145|2d3b44aa-26bb-43f9-85a6-5f0da7af68dc
2026-03-29 16:19:48|qwen|web_search_no_think|5|QUESTION_ADVANCE||1146|077f7aeb-70af-4348-85f2-7fff035b8f8b
2026-03-29 16:20:15|qwen|web_search_no_think|5|QUESTION_SENT||1146|077f7aeb-70af-4348-85f2-7fff035b8f8b
2026-03-29 16:20:27|qwen|web_search_no_think|4|JSON_VERIFIED||1127|ee6bd909-b63b-4b8e-82ad-0b6a6a474a53
2026-03-29 16:20:27|qwen|web_search_no_think|4|QUESTION|22|1127|ee6bd909-b63b-4b8e-82ad-0b6a6a474a53
2026-03-29 16:20:27|qwen|web_search_no_think|4|JSON_SAVED||1127|ee6bd909-b63b-4b8e-82ad-0b6a6a474a53
2026-03-29 16:20:27|qwen|web_search_no_think|4|QUESTION_ADVANCE||1128|b71ed79d-fbb4-41b7-829e-b3c60bb3cf53
2026-03-29 16:20:53|qwen|web_search_no_think|4|QUESTION_SENT||1128|b71ed79d-fbb4-41b7-829e-b3c60bb3cf53
2026-03-29 16:21:06|qwen|web_search_no_think|1|JSON_VERIFIED||1064|1a8056a7-0ab6-446f-8943-87fe0feef796
2026-03-29 16:21:06|qwen|web_search_no_think|1|QUESTION|24|1064|1a8056a7-0ab6-446f-8943-87fe0feef796
2026-03-29 16:21:06|qwen|web_search_no_think|1|JSON_SAVED||1064|1a8056a7-0ab6-446f-8943-87fe0feef796
2026-03-29 16:21:07|qwen|web_search_no_think|1|STOP||1065|
2026-03-29 16:21:40|qwen|web_search_no_think|5|JSON_VERIFIED||1146|077f7aeb-70af-4348-85f2-7fff035b8f8b
2026-03-29 16:21:40|qwen|web_search_no_think|5|QUESTION|18|1146|077f7aeb-70af-4348-85f2-7fff035b8f8b
2026-03-29 16:21:40|qwen|web_search_no_think|5|JSON_SAVED||1146|077f7aeb-70af-4348-85f2-7fff035b8f8b
2026-03-29 16:21:40|qwen|web_search_no_think|5|QUESTION_ADVANCE||1147|f4bd0b97-19b0-412e-b8f7-73feafc45c3e
2026-03-29 16:22:00|qwen|web_search_no_think|4|JSON_VERIFIED||1128|b71ed79d-fbb4-41b7-829e-b3c60bb3cf53
2026-03-29 16:22:00|qwen|web_search_no_think|4|QUESTION|23|1128|b71ed79d-fbb4-41b7-829e-b3c60bb3cf53
2026-03-29 16:22:00|qwen|web_search_no_think|4|JSON_SAVED||1128|b71ed79d-fbb4-41b7-829e-b3c60bb3cf53
2026-03-29 16:22:00|qwen|web_search_no_think|4|QUESTION_ADVANCE||1129|b168d5f6-3b70-479a-953c-9de1e887aa70
2026-03-29 16:22:06|qwen|web_search_no_think|5|QUESTION_SENT||1147|f4bd0b97-19b0-412e-b8f7-73feafc45c3e
2026-03-29 16:22:26|qwen|web_search_no_think|4|QUESTION_SENT||1129|b168d5f6-3b70-479a-953c-9de1e887aa70
2026-03-29 16:23:24|qwen|web_search_no_think|5|JSON_VERIFIED||1147|f4bd0b97-19b0-412e-b8f7-73feafc45c3e
2026-03-29 16:23:24|qwen|web_search_no_think|5|QUESTION|19|1147|f4bd0b97-19b0-412e-b8f7-73feafc45c3e
2026-03-29 16:23:24|qwen|web_search_no_think|5|JSON_SAVED||1147|f4bd0b97-19b0-412e-b8f7-73feafc45c3e
2026-03-29 16:23:24|qwen|web_search_no_think|5|QUESTION_ADVANCE||1148|df56c6a3-39ba-4c06-83ba-c98b84e997e7
2026-03-29 16:23:32|qwen|web_search_no_think|4|JSON_VERIFIED||1129|b168d5f6-3b70-479a-953c-9de1e887aa70
2026-03-29 16:23:32|qwen|web_search_no_think|4|QUESTION|24|1129|b168d5f6-3b70-479a-953c-9de1e887aa70
2026-03-29 16:23:32|qwen|web_search_no_think|4|JSON_SAVED||1129|b168d5f6-3b70-479a-953c-9de1e887aa70
2026-03-29 16:23:32|qwen|web_search_no_think|4|QUESTION_ADVANCE||1130|32f9ba76-567d-443a-b58a-85979bc37365
2026-03-29 16:23:51|qwen|web_search_no_think|5|QUESTION_SENT||1148|df56c6a3-39ba-4c06-83ba-c98b84e997e7
2026-03-29 16:23:58|qwen|web_search_no_think|4|QUESTION_SENT||1130|32f9ba76-567d-443a-b58a-85979bc37365
2026-03-29 16:24:56|qwen|web_search_no_think|5|JSON_VERIFIED||1148|df56c6a3-39ba-4c06-83ba-c98b84e997e7
2026-03-29 16:24:56|qwen|web_search_no_think|5|QUESTION|20|1148|df56c6a3-39ba-4c06-83ba-c98b84e997e7
2026-03-29 16:24:56|qwen|web_search_no_think|5|JSON_SAVED||1148|df56c6a3-39ba-4c06-83ba-c98b84e997e7
2026-03-29 16:24:56|qwen|web_search_no_think|5|QUESTION_ADVANCE||1149|e71ce0f8-6383-4f02-b071-c705482030ce
2026-03-29 16:25:23|qwen|web_search_no_think|5|QUESTION_SENT||1149|e71ce0f8-6383-4f02-b071-c705482030ce
2026-03-29 16:25:28|qwen|web_search_no_think|4|JSON_VERIFIED||1130|32f9ba76-567d-443a-b58a-85979bc37365
2026-03-29 16:25:28|qwen|web_search_no_think|4|QUESTION|25|1130|32f9ba76-567d-443a-b58a-85979bc37365
2026-03-29 16:25:28|qwen|web_search_no_think|4|JSON_SAVED||1130|32f9ba76-567d-443a-b58a-85979bc37365
2026-03-29 16:25:29|qwen|web_search_no_think|4|STOP||1131|
2026-03-29 16:26:34|qwen|web_search_no_think|5|JSON_VERIFIED||1149|e71ce0f8-6383-4f02-b071-c705482030ce
2026-03-29 16:26:34|qwen|web_search_no_think|5|QUESTION|21|1149|e71ce0f8-6383-4f02-b071-c705482030ce
2026-03-29 16:26:34|qwen|web_search_no_think|5|JSON_SAVED||1149|e71ce0f8-6383-4f02-b071-c705482030ce
2026-03-29 16:26:34|qwen|web_search_no_think|5|QUESTION_ADVANCE||1150|0b000a31-3f1e-4b7d-ab9d-cd332976b548
2026-03-29 16:27:00|qwen|web_search_no_think|5|QUESTION_SENT||1150|0b000a31-3f1e-4b7d-ab9d-cd332976b548
2026-03-29 16:28:09|qwen|web_search_no_think|5|QUESTION_SENT||1150|0b000a31-3f1e-4b7d-ab9d-cd332976b548
2026-03-29 16:29:43|qwen|web_search_no_think|5|QUESTION_SENT||1150|0b000a31-3f1e-4b7d-ab9d-cd332976b548
2026-03-29 16:31:15|qwen|web_search_no_think|5|QUESTION_SENT||1150|0b000a31-3f1e-4b7d-ab9d-cd332976b548
2026-03-29 16:34:22|qwen|web_search_no_think|5|JSON_VERIFIED||1150|0b000a31-3f1e-4b7d-ab9d-cd332976b548
2026-03-29 16:34:22|qwen|web_search_no_think|5|QUESTION|22|1150|0b000a31-3f1e-4b7d-ab9d-cd332976b548
2026-03-29 16:34:22|qwen|web_search_no_think|5|JSON_SAVED||1150|0b000a31-3f1e-4b7d-ab9d-cd332976b548
2026-03-29 16:34:23|qwen|web_search_no_think|5|STOP||1151|
2026-03-29 17:05:28|qwen|web_search_no_think|0|RESTART||551|dad835b2-9f03-4f26-a0d9-d55271292cf2
2026-03-29 17:05:32|qwen|web_search_no_think|1|RESTART||601|ef2486e1-74a4-4cc4-9f5a-abbe7440c8da
2026-03-29 17:05:35|qwen|web_search_no_think|2|RESTART||651|70f994b1-aaf0-4ab9-a5dc-8c32e8148d1f
2026-03-29 17:05:37|qwen|web_search_no_think|3|RESTART||701|764d034f-535d-455f-8d28-34c062bbc2de
2026-03-29 17:05:40|qwen|web_search_no_think|4|RESTART||751|530170df-7af8-4021-96db-e7b0185fa368
2026-03-29 17:05:42|qwen|web_search_no_think|5|RESTART||801|ab4bc968-091f-42d4-8d9f-e342cf1921be
2026-03-29 17:05:53|qwen|web_search_no_think|0|QUESTION_SENT||551|dad835b2-9f03-4f26-a0d9-d55271292cf2
2026-03-29 17:05:55|qwen|web_search_no_think|1|QUESTION_SENT||601|ef2486e1-74a4-4cc4-9f5a-abbe7440c8da
2026-03-29 17:06:11|qwen|web_search_no_think|3|QUESTION_SENT||701|764d034f-535d-455f-8d28-34c062bbc2de
2026-03-29 17:06:12|qwen|web_search_no_think|2|QUESTION_SENT||651|70f994b1-aaf0-4ab9-a5dc-8c32e8148d1f
2026-03-29 17:06:12|qwen|web_search_no_think|5|QUESTION_SENT||801|ab4bc968-091f-42d4-8d9f-e342cf1921be
2026-03-29 17:06:34|qwen|web_search_no_think|4|QUESTION_SENT||751|530170df-7af8-4021-96db-e7b0185fa368
2026-03-29 17:07:19|qwen|web_search_no_think|1|JSON_VERIFIED||601|ef2486e1-74a4-4cc4-9f5a-abbe7440c8da
2026-03-29 17:07:19|qwen|web_search_no_think|1|QUESTION|1|601|ef2486e1-74a4-4cc4-9f5a-abbe7440c8da
2026-03-29 17:07:19|qwen|web_search_no_think|1|JSON_SAVED||601|ef2486e1-74a4-4cc4-9f5a-abbe7440c8da
2026-03-29 17:07:19|qwen|web_search_no_think|1|QUESTION_ADVANCE||602|e84d4ed0-635f-446b-a4e1-ac0bbd411eb3
2026-03-29 17:07:35|qwen|web_search_no_think|2|JSON_VERIFIED||651|70f994b1-aaf0-4ab9-a5dc-8c32e8148d1f
2026-03-29 17:07:35|qwen|web_search_no_think|2|QUESTION|1|651|70f994b1-aaf0-4ab9-a5dc-8c32e8148d1f
2026-03-29 17:07:35|qwen|web_search_no_think|2|JSON_SAVED||651|70f994b1-aaf0-4ab9-a5dc-8c32e8148d1f
2026-03-29 17:07:35|qwen|web_search_no_think|2|QUESTION_ADVANCE||652|d04fc192-d185-4206-aae3-4c08d20e7eb1
2026-03-29 17:07:45|qwen|web_search_no_think|1|QUESTION_SENT||602|e84d4ed0-635f-446b-a4e1-ac0bbd411eb3
2026-03-29 17:07:53|qwen|web_search_no_think|5|JSON_VERIFIED||801|ab4bc968-091f-42d4-8d9f-e342cf1921be
2026-03-29 17:07:53|qwen|web_search_no_think|5|QUESTION|1|801|ab4bc968-091f-42d4-8d9f-e342cf1921be
2026-03-29 17:07:53|qwen|web_search_no_think|5|JSON_SAVED||801|ab4bc968-091f-42d4-8d9f-e342cf1921be
2026-03-29 17:07:53|qwen|web_search_no_think|5|QUESTION_ADVANCE||802|3561c926-4ace-4196-b514-3796552733d1
2026-03-29 17:08:02|qwen|web_search_no_think|2|QUESTION_SENT||652|d04fc192-d185-4206-aae3-4c08d20e7eb1
2026-03-29 17:08:04|qwen|web_search_no_think|3|JSON_VERIFY_FAILED||701|764d034f-535d-455f-8d28-34c062bbc2de
2026-03-29 17:08:04|qwen|web_search_no_think|3|QUESTION|1|701|764d034f-535d-455f-8d28-34c062bbc2de
2026-03-29 17:08:17|qwen|web_search_no_think|0|JSON_VERIFIED||551|dad835b2-9f03-4f26-a0d9-d55271292cf2
2026-03-29 17:08:17|qwen|web_search_no_think|0|QUESTION|1|551|dad835b2-9f03-4f26-a0d9-d55271292cf2
2026-03-29 17:08:17|qwen|web_search_no_think|0|JSON_SAVED||551|dad835b2-9f03-4f26-a0d9-d55271292cf2
2026-03-29 17:08:17|qwen|web_search_no_think|0|QUESTION_ADVANCE||552|f9c13189-7d81-4c7e-b5b9-a6dafccb6538
2026-03-29 17:08:19|qwen|web_search_no_think|5|QUESTION_SENT||802|3561c926-4ace-4196-b514-3796552733d1
2026-03-29 17:08:30|qwen|web_search_no_think|3|QUESTION_SENT||701|764d034f-535d-455f-8d28-34c062bbc2de
2026-03-29 17:08:43|qwen|web_search_no_think|0|QUESTION_SENT||552|f9c13189-7d81-4c7e-b5b9-a6dafccb6538
2026-03-29 17:08:45|qwen|web_search_no_think|4|JSON_VERIFIED||751|530170df-7af8-4021-96db-e7b0185fa368
2026-03-29 17:08:45|qwen|web_search_no_think|4|QUESTION|1|751|530170df-7af8-4021-96db-e7b0185fa368
2026-03-29 17:08:45|qwen|web_search_no_think|4|JSON_SAVED||751|530170df-7af8-4021-96db-e7b0185fa368
2026-03-29 17:08:45|qwen|web_search_no_think|4|QUESTION_ADVANCE||752|b01e9166-4371-4a76-acff-09fb7006f365
2026-03-29 17:09:11|qwen|web_search_no_think|4|QUESTION_SENT||752|b01e9166-4371-4a76-acff-09fb7006f365
2026-03-29 17:09:37|qwen|web_search_no_think|1|JSON_VERIFIED||602|e84d4ed0-635f-446b-a4e1-ac0bbd411eb3
2026-03-29 17:09:37|qwen|web_search_no_think|1|QUESTION|2|602|e84d4ed0-635f-446b-a4e1-ac0bbd411eb3
2026-03-29 17:09:37|qwen|web_search_no_think|1|JSON_SAVED||602|e84d4ed0-635f-446b-a4e1-ac0bbd411eb3
2026-03-29 17:09:37|qwen|web_search_no_think|1|QUESTION_ADVANCE||603|a2e229a8-552b-4cb0-add9-c92ce02b30ee
2026-03-29 17:09:51|qwen|web_search_no_think|4|JSON_VERIFY_FAILED||752|b01e9166-4371-4a76-acff-09fb7006f365
2026-03-29 17:09:51|qwen|web_search_no_think|4|QUESTION|2|752|b01e9166-4371-4a76-acff-09fb7006f365
2026-03-29 17:09:55|qwen|web_search_no_think|0|JSON_VERIFY_FAILED||552|f9c13189-7d81-4c7e-b5b9-a6dafccb6538
2026-03-29 17:09:55|qwen|web_search_no_think|0|QUESTION|2|552|f9c13189-7d81-4c7e-b5b9-a6dafccb6538
2026-03-29 17:10:03|qwen|web_search_no_think|1|QUESTION_SENT||603|a2e229a8-552b-4cb0-add9-c92ce02b30ee
2026-03-29 17:10:05|qwen|web_search_no_think|2|JSON_VERIFIED||652|d04fc192-d185-4206-aae3-4c08d20e7eb1
2026-03-29 17:10:05|qwen|web_search_no_think|2|QUESTION|2|652|d04fc192-d185-4206-aae3-4c08d20e7eb1
2026-03-29 17:10:05|qwen|web_search_no_think|2|JSON_SAVED||652|d04fc192-d185-4206-aae3-4c08d20e7eb1
2026-03-29 17:10:05|qwen|web_search_no_think|2|QUESTION_ADVANCE||653|dc0ea7a9-6815-4689-b975-b7e5b4e2d292
2026-03-29 17:10:16|qwen|web_search_no_think|5|JSON_VERIFIED||802|3561c926-4ace-4196-b514-3796552733d1
2026-03-29 17:10:16|qwen|web_search_no_think|5|QUESTION|2|802|3561c926-4ace-4196-b514-3796552733d1
2026-03-29 17:10:16|qwen|web_search_no_think|5|JSON_SAVED||802|3561c926-4ace-4196-b514-3796552733d1
2026-03-29 17:10:16|qwen|web_search_no_think|5|QUESTION_ADVANCE||803|75c0277a-d24b-4414-8aa4-2f5f0f04118c
2026-03-29 17:10:17|qwen|web_search_no_think|4|QUESTION_SENT||752|b01e9166-4371-4a76-acff-09fb7006f365
2026-03-29 17:10:19|qwen|web_search_no_think|3|JSON_VERIFY_FAILED||701|764d034f-535d-455f-8d28-34c062bbc2de
2026-03-29 17:10:19|qwen|web_search_no_think|3|QUESTION|2|701|764d034f-535d-455f-8d28-34c062bbc2de
2026-03-29 17:10:22|qwen|web_search_no_think|0|QUESTION_SENT||552|f9c13189-7d81-4c7e-b5b9-a6dafccb6538
2026-03-29 17:10:32|qwen|web_search_no_think|2|QUESTION_SENT||653|dc0ea7a9-6815-4689-b975-b7e5b4e2d292
2026-03-29 17:10:42|qwen|web_search_no_think|5|QUESTION_SENT||803|75c0277a-d24b-4414-8aa4-2f5f0f04118c
2026-03-29 17:10:46|qwen|web_search_no_think|3|QUESTION_SENT||701|764d034f-535d-455f-8d28-34c062bbc2de
2026-03-29 17:11:19|qwen|web_search_no_think|1|JSON_VERIFY_FAILED||603|a2e229a8-552b-4cb0-add9-c92ce02b30ee
2026-03-29 17:11:19|qwen|web_search_no_think|1|QUESTION|3|603|a2e229a8-552b-4cb0-add9-c92ce02b30ee
2026-03-29 17:11:45|qwen|web_search_no_think|1|QUESTION_SENT||603|a2e229a8-552b-4cb0-add9-c92ce02b30ee
2026-03-29 17:11:47|qwen|web_search_no_think|4|JSON_VERIFY_FAILED||752|b01e9166-4371-4a76-acff-09fb7006f365
2026-03-29 17:11:47|qwen|web_search_no_think|4|QUESTION|3|752|b01e9166-4371-4a76-acff-09fb7006f365
2026-03-29 17:11:52|qwen|web_search_no_think|4|QUESTION_SENT||752|b01e9166-4371-4a76-acff-09fb7006f365
2026-03-29 17:11:54|qwen|web_search_no_think|2|JSON_VERIFIED||653|dc0ea7a9-6815-4689-b975-b7e5b4e2d292
2026-03-29 17:11:54|qwen|web_search_no_think|2|QUESTION|3|653|dc0ea7a9-6815-4689-b975-b7e5b4e2d292
2026-03-29 17:11:54|qwen|web_search_no_think|2|JSON_SAVED||653|dc0ea7a9-6815-4689-b975-b7e5b4e2d292
2026-03-29 17:11:54|qwen|web_search_no_think|2|QUESTION_ADVANCE||654|3794940b-2029-41f6-9754-0f9fcde0390f
2026-03-29 17:12:07|qwen|web_search_no_think|3|JSON_VERIFIED||701|764d034f-535d-455f-8d28-34c062bbc2de
2026-03-29 17:12:07|qwen|web_search_no_think|3|QUESTION|3|701|764d034f-535d-455f-8d28-34c062bbc2de
2026-03-29 17:12:07|qwen|web_search_no_think|3|JSON_SAVED||701|764d034f-535d-455f-8d28-34c062bbc2de
2026-03-29 17:12:07|qwen|web_search_no_think|3|QUESTION_ADVANCE||702|72e441d2-4359-4ff4-92f4-07b1e968d974
2026-03-29 17:12:07|qwen|web_search_no_think|0|JSON_VERIFIED||552|f9c13189-7d81-4c7e-b5b9-a6dafccb6538
2026-03-29 17:12:07|qwen|web_search_no_think|0|QUESTION|3|552|f9c13189-7d81-4c7e-b5b9-a6dafccb6538
2026-03-29 17:12:07|qwen|web_search_no_think|0|JSON_SAVED||552|f9c13189-7d81-4c7e-b5b9-a6dafccb6538
2026-03-29 17:12:07|qwen|web_search_no_think|0|QUESTION_ADVANCE||553|330d2b31-3b7c-4731-bec8-ff2086bc6671
2026-03-29 17:12:20|qwen|web_search_no_think|2|QUESTION_SENT||654|3794940b-2029-41f6-9754-0f9fcde0390f
2026-03-29 17:12:33|qwen|web_search_no_think|5|JSON_VERIFIED||803|75c0277a-d24b-4414-8aa4-2f5f0f04118c
2026-03-29 17:12:33|qwen|web_search_no_think|5|QUESTION|3|803|75c0277a-d24b-4414-8aa4-2f5f0f04118c
2026-03-29 17:12:33|qwen|web_search_no_think|5|JSON_SAVED||803|75c0277a-d24b-4414-8aa4-2f5f0f04118c
2026-03-29 17:12:33|qwen|web_search_no_think|5|QUESTION_ADVANCE||804|98017ee8-ca78-476b-a284-fa3b30274c00
2026-03-29 17:12:33|qwen|web_search_no_think|3|QUESTION_SENT||702|72e441d2-4359-4ff4-92f4-07b1e968d974
2026-03-29 17:12:33|qwen|web_search_no_think|0|QUESTION_SENT||553|330d2b31-3b7c-4731-bec8-ff2086bc6671
2026-03-29 17:12:59|qwen|web_search_no_think|5|QUESTION_SENT||804|98017ee8-ca78-476b-a284-fa3b30274c00
2026-03-29 17:13:30|qwen|web_search_no_think|1|JSON_VERIFIED||603|a2e229a8-552b-4cb0-add9-c92ce02b30ee
2026-03-29 17:13:30|qwen|web_search_no_think|1|QUESTION|4|603|a2e229a8-552b-4cb0-add9-c92ce02b30ee
2026-03-29 17:13:30|qwen|web_search_no_think|1|JSON_SAVED||603|a2e229a8-552b-4cb0-add9-c92ce02b30ee
2026-03-29 17:13:30|qwen|web_search_no_think|1|QUESTION_ADVANCE||604|e045850e-98ba-4cbb-8b1e-1f904840097b
2026-03-29 17:13:41|qwen|web_search_no_think|2|JSON_VERIFIED||654|3794940b-2029-41f6-9754-0f9fcde0390f
2026-03-29 17:13:41|qwen|web_search_no_think|2|QUESTION|4|654|3794940b-2029-41f6-9754-0f9fcde0390f
2026-03-29 17:13:41|qwen|web_search_no_think|2|JSON_SAVED||654|3794940b-2029-41f6-9754-0f9fcde0390f
2026-03-29 17:13:41|qwen|web_search_no_think|2|QUESTION_ADVANCE||655|ec7be2b5-ac68-44fe-be2d-6db6afd9e5c4
2026-03-29 17:13:56|qwen|web_search_no_think|1|QUESTION_SENT||604|e045850e-98ba-4cbb-8b1e-1f904840097b
2026-03-29 17:13:57|qwen|web_search_no_think|3|JSON_VERIFIED||702|72e441d2-4359-4ff4-92f4-07b1e968d974
2026-03-29 17:13:57|qwen|web_search_no_think|3|QUESTION|4|702|72e441d2-4359-4ff4-92f4-07b1e968d974
2026-03-29 17:13:57|qwen|web_search_no_think|3|JSON_SAVED||702|72e441d2-4359-4ff4-92f4-07b1e968d974
2026-03-29 17:13:57|qwen|web_search_no_think|3|QUESTION_ADVANCE||703|7739932a-3dda-4e7e-a51d-b06927b68932
2026-03-29 17:14:07|qwen|web_search_no_think|2|QUESTION_SENT||655|ec7be2b5-ac68-44fe-be2d-6db6afd9e5c4
2026-03-29 17:14:23|qwen|web_search_no_think|3|QUESTION_SENT||703|7739932a-3dda-4e7e-a51d-b06927b68932
2026-03-29 17:14:49|qwen|web_search_no_think|5|JSON_VERIFIED||804|98017ee8-ca78-476b-a284-fa3b30274c00
2026-03-29 17:14:49|qwen|web_search_no_think|5|QUESTION|4|804|98017ee8-ca78-476b-a284-fa3b30274c00
2026-03-29 17:14:49|qwen|web_search_no_think|5|JSON_SAVED||804|98017ee8-ca78-476b-a284-fa3b30274c00
2026-03-29 17:14:49|qwen|web_search_no_think|5|QUESTION_ADVANCE||805|565b9ff3-b296-4508-a431-a6b6d52d7c1b
2026-03-29 17:15:15|qwen|web_search_no_think|5|QUESTION_SENT||805|565b9ff3-b296-4508-a431-a6b6d52d7c1b
2026-03-29 17:15:21|qwen|web_search_no_think|2|JSON_VERIFIED||655|ec7be2b5-ac68-44fe-be2d-6db6afd9e5c4
2026-03-29 17:15:21|qwen|web_search_no_think|2|QUESTION|5|655|ec7be2b5-ac68-44fe-be2d-6db6afd9e5c4
2026-03-29 17:15:21|qwen|web_search_no_think|2|JSON_SAVED||655|ec7be2b5-ac68-44fe-be2d-6db6afd9e5c4
2026-03-29 17:15:21|qwen|web_search_no_think|2|QUESTION_ADVANCE||656|ed922fa6-37b2-410b-8bc2-85b16ea62811
2026-03-29 17:15:34|qwen|web_search_no_think|1|JSON_VERIFIED||604|e045850e-98ba-4cbb-8b1e-1f904840097b
2026-03-29 17:15:34|qwen|web_search_no_think|1|QUESTION|5|604|e045850e-98ba-4cbb-8b1e-1f904840097b
2026-03-29 17:15:34|qwen|web_search_no_think|1|JSON_SAVED||604|e045850e-98ba-4cbb-8b1e-1f904840097b
2026-03-29 17:15:34|qwen|web_search_no_think|1|QUESTION_ADVANCE||605|bc01526c-62c4-463c-8e92-d6a9cd5d78a7
2026-03-29 17:15:48|qwen|web_search_no_think|2|QUESTION_SENT||656|ed922fa6-37b2-410b-8bc2-85b16ea62811
2026-03-29 17:16:01|qwen|web_search_no_think|1|QUESTION_SENT||605|bc01526c-62c4-463c-8e92-d6a9cd5d78a7
2026-03-29 17:16:20|qwen|web_search_no_think|0|JSON_VERIFIED||553|330d2b31-3b7c-4731-bec8-ff2086bc6671
2026-03-29 17:16:20|qwen|web_search_no_think|0|QUESTION|4|553|330d2b31-3b7c-4731-bec8-ff2086bc6671
2026-03-29 17:16:20|qwen|web_search_no_think|0|JSON_SAVED||553|330d2b31-3b7c-4731-bec8-ff2086bc6671
2026-03-29 17:16:20|qwen|web_search_no_think|0|QUESTION_ADVANCE||554|c7f2ef54-11f9-495c-8e2f-ca6c517d69b4
2026-03-29 17:16:46|qwen|web_search_no_think|0|QUESTION_SENT||554|c7f2ef54-11f9-495c-8e2f-ca6c517d69b4
2026-03-29 17:17:14|qwen|web_search_no_think|2|JSON_VERIFIED||656|ed922fa6-37b2-410b-8bc2-85b16ea62811
2026-03-29 17:17:14|qwen|web_search_no_think|2|QUESTION|6|656|ed922fa6-37b2-410b-8bc2-85b16ea62811
2026-03-29 17:17:14|qwen|web_search_no_think|2|JSON_SAVED||656|ed922fa6-37b2-410b-8bc2-85b16ea62811
2026-03-29 17:17:14|qwen|web_search_no_think|2|QUESTION_ADVANCE||657|f7923a24-f65c-4e8b-995d-4175355d286e
2026-03-29 17:17:30|qwen|web_search_no_think|5|JSON_VERIFIED||805|565b9ff3-b296-4508-a431-a6b6d52d7c1b
2026-03-29 17:17:30|qwen|web_search_no_think|5|QUESTION|5|805|565b9ff3-b296-4508-a431-a6b6d52d7c1b
2026-03-29 17:17:30|qwen|web_search_no_think|5|JSON_SAVED||805|565b9ff3-b296-4508-a431-a6b6d52d7c1b
2026-03-29 17:17:30|qwen|web_search_no_think|5|QUESTION_ADVANCE||806|96ecdab9-b0b8-4ff1-a367-cac4ec1ac049
2026-03-29 17:17:39|qwen|web_search_no_think|1|JSON_VERIFIED||605|bc01526c-62c4-463c-8e92-d6a9cd5d78a7
2026-03-29 17:17:39|qwen|web_search_no_think|1|QUESTION|6|605|bc01526c-62c4-463c-8e92-d6a9cd5d78a7
2026-03-29 17:17:39|qwen|web_search_no_think|1|JSON_SAVED||605|bc01526c-62c4-463c-8e92-d6a9cd5d78a7
2026-03-29 17:17:39|qwen|web_search_no_think|1|QUESTION_ADVANCE||606|8378f972-317b-42d8-88d0-f3009f2e06e1
2026-03-29 17:17:40|qwen|web_search_no_think|2|QUESTION_SENT||657|f7923a24-f65c-4e8b-995d-4175355d286e
2026-03-29 17:17:56|qwen|web_search_no_think|5|QUESTION_SENT||806|96ecdab9-b0b8-4ff1-a367-cac4ec1ac049
2026-03-29 17:18:05|qwen|web_search_no_think|1|QUESTION_SENT||606|8378f972-317b-42d8-88d0-f3009f2e06e1
2026-03-29 17:18:09|qwen|web_search_no_think|0|JSON_VERIFIED||554|c7f2ef54-11f9-495c-8e2f-ca6c517d69b4
2026-03-29 17:18:09|qwen|web_search_no_think|0|QUESTION|5|554|c7f2ef54-11f9-495c-8e2f-ca6c517d69b4
2026-03-29 17:18:09|qwen|web_search_no_think|0|JSON_SAVED||554|c7f2ef54-11f9-495c-8e2f-ca6c517d69b4
2026-03-29 17:18:09|qwen|web_search_no_think|0|QUESTION_ADVANCE||555|edf04812-7922-4ed2-ba06-550d6b9eb2fb
2026-03-29 17:18:35|qwen|web_search_no_think|0|QUESTION_SENT||555|edf04812-7922-4ed2-ba06-550d6b9eb2fb
2026-03-29 17:18:49|qwen|web_search_no_think|1|JSON_VERIFY_FAILED||606|8378f972-317b-42d8-88d0-f3009f2e06e1
2026-03-29 17:18:49|qwen|web_search_no_think|1|QUESTION|7|606|8378f972-317b-42d8-88d0-f3009f2e06e1
2026-03-29 17:18:54|qwen|web_search_no_think|2|JSON_VERIFIED||657|f7923a24-f65c-4e8b-995d-4175355d286e
2026-03-29 17:18:54|qwen|web_search_no_think|2|QUESTION|7|657|f7923a24-f65c-4e8b-995d-4175355d286e
2026-03-29 17:18:54|qwen|web_search_no_think|2|JSON_SAVED||657|f7923a24-f65c-4e8b-995d-4175355d286e
2026-03-29 17:18:54|qwen|web_search_no_think|2|QUESTION_ADVANCE||658|baa2397c-d707-493d-9799-9c10dd8dcf96
2026-03-29 17:19:15|qwen|web_search_no_think|1|QUESTION_SENT||606|8378f972-317b-42d8-88d0-f3009f2e06e1
2026-03-29 17:19:20|qwen|web_search_no_think|2|QUESTION_SENT||658|baa2397c-d707-493d-9799-9c10dd8dcf96
2026-03-29 17:20:03|qwen|web_search_no_think|0|JSON_VERIFIED||555|edf04812-7922-4ed2-ba06-550d6b9eb2fb
2026-03-29 17:20:03|qwen|web_search_no_think|0|QUESTION|6|555|edf04812-7922-4ed2-ba06-550d6b9eb2fb
2026-03-29 17:20:03|qwen|web_search_no_think|0|JSON_SAVED||555|edf04812-7922-4ed2-ba06-550d6b9eb2fb
2026-03-29 17:20:03|qwen|web_search_no_think|0|QUESTION_ADVANCE||556|8f1215ce-1f36-4ba9-83af-b153c4cc010c
2026-03-29 17:20:29|qwen|web_search_no_think|0|QUESTION_SENT||556|8f1215ce-1f36-4ba9-83af-b153c4cc010c
2026-03-29 17:20:49|qwen|web_search_no_think|2|JSON_VERIFIED||658|baa2397c-d707-493d-9799-9c10dd8dcf96
2026-03-29 17:20:49|qwen|web_search_no_think|2|QUESTION|8|658|baa2397c-d707-493d-9799-9c10dd8dcf96
2026-03-29 17:20:49|qwen|web_search_no_think|2|JSON_SAVED||658|baa2397c-d707-493d-9799-9c10dd8dcf96
2026-03-29 17:20:49|qwen|web_search_no_think|2|QUESTION_ADVANCE||659|a327b65d-0890-46e1-aa29-84b7928c2548
2026-03-29 17:21:15|qwen|web_search_no_think|2|QUESTION_SENT||659|a327b65d-0890-46e1-aa29-84b7928c2548
2026-03-29 17:21:40|qwen|web_search_no_think|1|JSON_VERIFIED||606|8378f972-317b-42d8-88d0-f3009f2e06e1
2026-03-29 17:21:40|qwen|web_search_no_think|1|QUESTION|8|606|8378f972-317b-42d8-88d0-f3009f2e06e1
2026-03-29 17:21:40|qwen|web_search_no_think|1|JSON_SAVED||606|8378f972-317b-42d8-88d0-f3009f2e06e1
2026-03-29 17:21:40|qwen|web_search_no_think|1|QUESTION_ADVANCE||607|8d8bd4f0-38fe-4332-bf0d-c5e4ce76fbe1
2026-03-29 17:22:06|qwen|web_search_no_think|1|QUESTION_SENT||607|8d8bd4f0-38fe-4332-bf0d-c5e4ce76fbe1
2026-03-29 17:22:43|qwen|web_search_no_think|2|JSON_VERIFIED||659|a327b65d-0890-46e1-aa29-84b7928c2548
2026-03-29 17:22:43|qwen|web_search_no_think|2|QUESTION|9|659|a327b65d-0890-46e1-aa29-84b7928c2548
2026-03-29 17:22:43|qwen|web_search_no_think|2|JSON_SAVED||659|a327b65d-0890-46e1-aa29-84b7928c2548
2026-03-29 17:22:43|qwen|web_search_no_think|2|QUESTION_ADVANCE||660|b5e65b1f-3de8-42ae-8e4b-0d01930dd055
2026-03-29 17:23:09|qwen|web_search_no_think|2|QUESTION_SENT||660|b5e65b1f-3de8-42ae-8e4b-0d01930dd055
2026-03-29 17:23:20|qwen|web_search_no_think|1|JSON_VERIFIED||607|8d8bd4f0-38fe-4332-bf0d-c5e4ce76fbe1
2026-03-29 17:23:20|qwen|web_search_no_think|1|QUESTION|9|607|8d8bd4f0-38fe-4332-bf0d-c5e4ce76fbe1
2026-03-29 17:23:20|qwen|web_search_no_think|1|JSON_SAVED||607|8d8bd4f0-38fe-4332-bf0d-c5e4ce76fbe1
2026-03-29 17:23:20|qwen|web_search_no_think|1|QUESTION_ADVANCE||608|306d4a66-b1f9-4e81-8b88-e6ae31e5a089
2026-03-29 17:23:28|qwen|web_search_no_think|0|JSON_VERIFIED||556|8f1215ce-1f36-4ba9-83af-b153c4cc010c
2026-03-29 17:23:28|qwen|web_search_no_think|0|QUESTION|7|556|8f1215ce-1f36-4ba9-83af-b153c4cc010c
2026-03-29 17:23:28|qwen|web_search_no_think|0|JSON_SAVED||556|8f1215ce-1f36-4ba9-83af-b153c4cc010c
2026-03-29 17:23:28|qwen|web_search_no_think|0|QUESTION_ADVANCE||557|5e30f229-09df-43ca-a2e8-75b66110f071
2026-03-29 17:23:47|qwen|web_search_no_think|1|QUESTION_SENT||608|306d4a66-b1f9-4e81-8b88-e6ae31e5a089
2026-03-29 17:23:54|qwen|web_search_no_think|0|QUESTION_SENT||557|5e30f229-09df-43ca-a2e8-75b66110f071
2026-03-29 17:24:27|qwen|web_search_no_think|2|JSON_VERIFIED||660|b5e65b1f-3de8-42ae-8e4b-0d01930dd055
2026-03-29 17:24:27|qwen|web_search_no_think|2|QUESTION|10|660|b5e65b1f-3de8-42ae-8e4b-0d01930dd055
2026-03-29 17:24:27|qwen|web_search_no_think|2|JSON_SAVED||660|b5e65b1f-3de8-42ae-8e4b-0d01930dd055
2026-03-29 17:24:27|qwen|web_search_no_think|2|QUESTION_ADVANCE||661|7063280f-8260-449d-a409-25922c3a35d3
2026-03-29 17:24:54|qwen|web_search_no_think|2|QUESTION_SENT||661|7063280f-8260-449d-a409-25922c3a35d3
2026-03-29 17:25:03|qwen|web_search_no_think|1|JSON_VERIFIED||608|306d4a66-b1f9-4e81-8b88-e6ae31e5a089
2026-03-29 17:25:03|qwen|web_search_no_think|1|QUESTION|10|608|306d4a66-b1f9-4e81-8b88-e6ae31e5a089
2026-03-29 17:25:03|qwen|web_search_no_think|1|JSON_SAVED||608|306d4a66-b1f9-4e81-8b88-e6ae31e5a089
2026-03-29 17:25:03|qwen|web_search_no_think|1|QUESTION_ADVANCE||609|b5e67a06-ac92-45f1-b603-57a1548e1651
2026-03-29 17:25:30|qwen|web_search_no_think|1|QUESTION_SENT||609|b5e67a06-ac92-45f1-b603-57a1548e1651
2026-03-29 17:25:35|qwen|web_search_no_think|0|JSON_VERIFIED||557|5e30f229-09df-43ca-a2e8-75b66110f071
2026-03-29 17:25:35|qwen|web_search_no_think|0|QUESTION|8|557|5e30f229-09df-43ca-a2e8-75b66110f071
2026-03-29 17:25:35|qwen|web_search_no_think|0|JSON_SAVED||557|5e30f229-09df-43ca-a2e8-75b66110f071
2026-03-29 17:25:35|qwen|web_search_no_think|0|QUESTION_ADVANCE||558|b93c4634-f40b-4c86-a631-1112dd6e9afb
2026-03-29 17:26:01|qwen|web_search_no_think|0|QUESTION_SENT||558|b93c4634-f40b-4c86-a631-1112dd6e9afb
2026-03-29 17:27:17|qwen|web_search_no_think|2|JSON_VERIFIED||661|7063280f-8260-449d-a409-25922c3a35d3
2026-03-29 17:27:17|qwen|web_search_no_think|2|QUESTION|11|661|7063280f-8260-449d-a409-25922c3a35d3
2026-03-29 17:27:17|qwen|web_search_no_think|2|JSON_SAVED||661|7063280f-8260-449d-a409-25922c3a35d3
2026-03-29 17:27:17|qwen|web_search_no_think|2|QUESTION_ADVANCE||662|5d9370c8-3c3c-4623-9b96-3aaef75b5f0f
2026-03-29 17:27:32|qwen|web_search_no_think|1|JSON_VERIFIED||609|b5e67a06-ac92-45f1-b603-57a1548e1651
2026-03-29 17:27:32|qwen|web_search_no_think|1|QUESTION|11|609|b5e67a06-ac92-45f1-b603-57a1548e1651
2026-03-29 17:27:32|qwen|web_search_no_think|1|JSON_SAVED||609|b5e67a06-ac92-45f1-b603-57a1548e1651
2026-03-29 17:27:32|qwen|web_search_no_think|1|QUESTION_ADVANCE||610|e7987e81-9c5b-4749-9c73-8269cf4cf1b9
2026-03-29 17:27:32|qwen|web_search_no_think|0|JSON_VERIFIED||558|b93c4634-f40b-4c86-a631-1112dd6e9afb
2026-03-29 17:27:32|qwen|web_search_no_think|0|QUESTION|9|558|b93c4634-f40b-4c86-a631-1112dd6e9afb
2026-03-29 17:27:32|qwen|web_search_no_think|0|JSON_SAVED||558|b93c4634-f40b-4c86-a631-1112dd6e9afb
2026-03-29 17:27:32|qwen|web_search_no_think|0|QUESTION_ADVANCE||559|ead38f6e-7044-42c8-8173-f0abce73f176
2026-03-29 17:27:43|qwen|web_search_no_think|2|QUESTION_SENT||662|5d9370c8-3c3c-4623-9b96-3aaef75b5f0f
2026-03-29 17:27:58|qwen|web_search_no_think|1|QUESTION_SENT||610|e7987e81-9c5b-4749-9c73-8269cf4cf1b9
2026-03-29 17:27:58|qwen|web_search_no_think|0|QUESTION_SENT||559|ead38f6e-7044-42c8-8173-f0abce73f176
2026-03-29 17:29:22|qwen|web_search_no_think|2|JSON_VERIFIED||662|5d9370c8-3c3c-4623-9b96-3aaef75b5f0f
2026-03-29 17:29:22|qwen|web_search_no_think|2|QUESTION|12|662|5d9370c8-3c3c-4623-9b96-3aaef75b5f0f
2026-03-29 17:29:22|qwen|web_search_no_think|2|JSON_SAVED||662|5d9370c8-3c3c-4623-9b96-3aaef75b5f0f
2026-03-29 17:29:22|qwen|web_search_no_think|2|QUESTION_ADVANCE||663|0a2235d6-9f68-4810-95c3-cef12065e0cd
2026-03-29 17:29:28|qwen|web_search_no_think|0|JSON_VERIFIED||559|ead38f6e-7044-42c8-8173-f0abce73f176
2026-03-29 17:29:28|qwen|web_search_no_think|0|QUESTION|10|559|ead38f6e-7044-42c8-8173-f0abce73f176
2026-03-29 17:29:28|qwen|web_search_no_think|0|JSON_SAVED||559|ead38f6e-7044-42c8-8173-f0abce73f176
2026-03-29 17:29:28|qwen|web_search_no_think|0|QUESTION_ADVANCE||560|acf4e526-f460-4bdd-9547-9544a6e81f9b
2026-03-29 17:29:49|qwen|web_search_no_think|2|QUESTION_SENT||663|0a2235d6-9f68-4810-95c3-cef12065e0cd
2026-03-29 17:29:54|qwen|web_search_no_think|0|QUESTION_SENT||560|acf4e526-f460-4bdd-9547-9544a6e81f9b
2026-03-29 17:31:12|qwen|web_search_no_think|0|JSON_VERIFIED||560|acf4e526-f460-4bdd-9547-9544a6e81f9b
2026-03-29 17:31:12|qwen|web_search_no_think|0|QUESTION|11|560|acf4e526-f460-4bdd-9547-9544a6e81f9b
2026-03-29 17:31:12|qwen|web_search_no_think|0|JSON_SAVED||560|acf4e526-f460-4bdd-9547-9544a6e81f9b
2026-03-29 17:31:12|qwen|web_search_no_think|0|QUESTION_ADVANCE||561|47871582-191a-4d78-9374-9b60d955b480
2026-03-29 17:31:39|qwen|web_search_no_think|0|QUESTION_SENT||561|47871582-191a-4d78-9374-9b60d955b480
2026-03-29 17:31:40|qwen|web_search_no_think|2|JSON_VERIFY_FAILED||663|0a2235d6-9f68-4810-95c3-cef12065e0cd
2026-03-29 17:31:40|qwen|web_search_no_think|2|QUESTION|13|663|0a2235d6-9f68-4810-95c3-cef12065e0cd
2026-03-29 17:32:06|qwen|web_search_no_think|2|QUESTION_SENT||663|0a2235d6-9f68-4810-95c3-cef12065e0cd
2026-03-29 17:32:30|qwen|web_search_no_think|1|JSON_VERIFIED||610|e7987e81-9c5b-4749-9c73-8269cf4cf1b9
2026-03-29 17:32:30|qwen|web_search_no_think|1|QUESTION|12|610|e7987e81-9c5b-4749-9c73-8269cf4cf1b9
2026-03-29 17:32:30|qwen|web_search_no_think|1|JSON_SAVED||610|e7987e81-9c5b-4749-9c73-8269cf4cf1b9
2026-03-29 17:32:30|qwen|web_search_no_think|1|QUESTION_ADVANCE||611|71811f09-784e-45e2-bdab-738367cdff76
2026-03-29 17:32:56|qwen|web_search_no_think|1|QUESTION_SENT||611|71811f09-784e-45e2-bdab-738367cdff76
2026-03-29 17:33:31|qwen|web_search_no_think|2|JSON_VERIFIED||663|0a2235d6-9f68-4810-95c3-cef12065e0cd
2026-03-29 17:33:31|qwen|web_search_no_think|2|QUESTION|14|663|0a2235d6-9f68-4810-95c3-cef12065e0cd
2026-03-29 17:33:31|qwen|web_search_no_think|2|JSON_SAVED||663|0a2235d6-9f68-4810-95c3-cef12065e0cd
2026-03-29 17:33:31|qwen|web_search_no_think|2|QUESTION_ADVANCE||664|d098cb0f-90f1-45fa-8979-29c97a4418a0
2026-03-29 17:33:57|qwen|web_search_no_think|2|QUESTION_SENT||664|d098cb0f-90f1-45fa-8979-29c97a4418a0
2026-03-29 17:34:24|qwen|web_search_no_think|1|JSON_VERIFIED||611|71811f09-784e-45e2-bdab-738367cdff76
2026-03-29 17:34:24|qwen|web_search_no_think|1|QUESTION|13|611|71811f09-784e-45e2-bdab-738367cdff76
2026-03-29 17:34:24|qwen|web_search_no_think|1|JSON_SAVED||611|71811f09-784e-45e2-bdab-738367cdff76
2026-03-29 17:34:24|qwen|web_search_no_think|1|QUESTION_ADVANCE||612|a9c9c2f9-c58b-4532-9bde-2f603294fae1
2026-03-29 17:34:51|qwen|web_search_no_think|1|QUESTION_SENT||612|a9c9c2f9-c58b-4532-9bde-2f603294fae1
2026-03-29 17:35:13|qwen|web_search_no_think|0|JSON_VERIFIED||561|47871582-191a-4d78-9374-9b60d955b480
2026-03-29 17:35:13|qwen|web_search_no_think|0|QUESTION|12|561|47871582-191a-4d78-9374-9b60d955b480
2026-03-29 17:35:13|qwen|web_search_no_think|0|JSON_SAVED||561|47871582-191a-4d78-9374-9b60d955b480
2026-03-29 17:35:13|qwen|web_search_no_think|0|QUESTION_ADVANCE||562|18467b4a-a9aa-4f11-8775-503d1df83b08
2026-03-29 17:35:24|qwen|web_search_no_think|2|JSON_VERIFIED||664|d098cb0f-90f1-45fa-8979-29c97a4418a0
2026-03-29 17:35:24|qwen|web_search_no_think|2|QUESTION|15|664|d098cb0f-90f1-45fa-8979-29c97a4418a0
2026-03-29 17:35:24|qwen|web_search_no_think|2|JSON_SAVED||664|d098cb0f-90f1-45fa-8979-29c97a4418a0
2026-03-29 17:35:24|qwen|web_search_no_think|2|QUESTION_ADVANCE||665|47d2833e-6f46-425e-acd5-ea2879025a81
2026-03-29 17:35:39|qwen|web_search_no_think|0|QUESTION_SENT||562|18467b4a-a9aa-4f11-8775-503d1df83b08
2026-03-29 17:35:50|qwen|web_search_no_think|2|QUESTION_SENT||665|47d2833e-6f46-425e-acd5-ea2879025a81
2026-03-29 17:36:29|qwen|web_search_no_think|1|JSON_VERIFIED||612|a9c9c2f9-c58b-4532-9bde-2f603294fae1
2026-03-29 17:36:29|qwen|web_search_no_think|1|QUESTION|14|612|a9c9c2f9-c58b-4532-9bde-2f603294fae1
2026-03-29 17:36:29|qwen|web_search_no_think|1|JSON_SAVED||612|a9c9c2f9-c58b-4532-9bde-2f603294fae1
2026-03-29 17:36:29|qwen|web_search_no_think|1|QUESTION_ADVANCE||613|d3bb09e2-c2a6-47b3-9d70-6ebd9a26ff47
2026-03-29 17:36:55|qwen|web_search_no_think|1|QUESTION_SENT||613|d3bb09e2-c2a6-47b3-9d70-6ebd9a26ff47
2026-03-29 17:37:06|qwen|web_search_no_think|0|JSON_VERIFIED||562|18467b4a-a9aa-4f11-8775-503d1df83b08
2026-03-29 17:37:06|qwen|web_search_no_think|0|QUESTION|13|562|18467b4a-a9aa-4f11-8775-503d1df83b08
2026-03-29 17:37:06|qwen|web_search_no_think|0|JSON_SAVED||562|18467b4a-a9aa-4f11-8775-503d1df83b08
2026-03-29 17:37:06|qwen|web_search_no_think|0|QUESTION_ADVANCE||563|01180904-35b9-4955-8005-7b01bddef7ce
2026-03-29 17:37:13|qwen|web_search_no_think|2|JSON_VERIFIED||665|47d2833e-6f46-425e-acd5-ea2879025a81
2026-03-29 17:37:13|qwen|web_search_no_think|2|QUESTION|16|665|47d2833e-6f46-425e-acd5-ea2879025a81
2026-03-29 17:37:13|qwen|web_search_no_think|2|JSON_SAVED||665|47d2833e-6f46-425e-acd5-ea2879025a81
2026-03-29 17:37:13|qwen|web_search_no_think|2|QUESTION_ADVANCE||666|deaa15fd-8f1b-44b7-b88d-898389e8d0a9
2026-03-29 17:37:32|qwen|web_search_no_think|0|QUESTION_SENT||563|01180904-35b9-4955-8005-7b01bddef7ce
2026-03-29 17:37:39|qwen|web_search_no_think|2|QUESTION_SENT||666|deaa15fd-8f1b-44b7-b88d-898389e8d0a9
2026-03-29 17:38:44|qwen|web_search_no_think|1|JSON_VERIFIED||613|d3bb09e2-c2a6-47b3-9d70-6ebd9a26ff47
2026-03-29 17:38:44|qwen|web_search_no_think|1|QUESTION|15|613|d3bb09e2-c2a6-47b3-9d70-6ebd9a26ff47
2026-03-29 17:38:44|qwen|web_search_no_think|1|JSON_SAVED||613|d3bb09e2-c2a6-47b3-9d70-6ebd9a26ff47
2026-03-29 17:38:44|qwen|web_search_no_think|1|QUESTION_ADVANCE||614|3c3a13ee-bbb6-4208-a5db-613408660813
2026-03-29 17:39:00|qwen|web_search_no_think|0|JSON_VERIFIED||563|01180904-35b9-4955-8005-7b01bddef7ce
2026-03-29 17:39:00|qwen|web_search_no_think|0|QUESTION|14|563|01180904-35b9-4955-8005-7b01bddef7ce
2026-03-29 17:39:00|qwen|web_search_no_think|0|JSON_SAVED||563|01180904-35b9-4955-8005-7b01bddef7ce
2026-03-29 17:39:00|qwen|web_search_no_think|0|QUESTION_ADVANCE||564|f85ec4e0-b5a6-4428-95bb-4b3dda054786
2026-03-29 17:39:11|qwen|web_search_no_think|1|QUESTION_SENT||614|3c3a13ee-bbb6-4208-a5db-613408660813
2026-03-29 17:39:26|qwen|web_search_no_think|0|QUESTION_SENT||564|f85ec4e0-b5a6-4428-95bb-4b3dda054786
2026-03-29 17:39:44|qwen|web_search_no_think|2|JSON_VERIFIED||666|deaa15fd-8f1b-44b7-b88d-898389e8d0a9
2026-03-29 17:39:44|qwen|web_search_no_think|2|QUESTION|17|666|deaa15fd-8f1b-44b7-b88d-898389e8d0a9
2026-03-29 17:39:44|qwen|web_search_no_think|2|JSON_SAVED||666|deaa15fd-8f1b-44b7-b88d-898389e8d0a9
2026-03-29 17:39:44|qwen|web_search_no_think|2|QUESTION_ADVANCE||667|a6ed05f5-2f3e-445c-968b-9f88b6bfe40a
2026-03-29 17:40:10|qwen|web_search_no_think|2|QUESTION_SENT||667|a6ed05f5-2f3e-445c-968b-9f88b6bfe40a
2026-03-29 17:40:23|qwen|web_search_no_think|1|JSON_VERIFIED||614|3c3a13ee-bbb6-4208-a5db-613408660813
2026-03-29 17:40:23|qwen|web_search_no_think|1|QUESTION|16|614|3c3a13ee-bbb6-4208-a5db-613408660813
2026-03-29 17:40:23|qwen|web_search_no_think|1|JSON_SAVED||614|3c3a13ee-bbb6-4208-a5db-613408660813
2026-03-29 17:40:23|qwen|web_search_no_think|1|QUESTION_ADVANCE||615|d5995b76-6b0a-48e9-aedb-d39355614fa5
2026-03-29 17:40:49|qwen|web_search_no_think|0|JSON_VERIFIED||564|f85ec4e0-b5a6-4428-95bb-4b3dda054786
2026-03-29 17:40:49|qwen|web_search_no_think|0|QUESTION|15|564|f85ec4e0-b5a6-4428-95bb-4b3dda054786
2026-03-29 17:40:49|qwen|web_search_no_think|0|JSON_SAVED||564|f85ec4e0-b5a6-4428-95bb-4b3dda054786
2026-03-29 17:40:49|qwen|web_search_no_think|0|QUESTION_ADVANCE||565|09e0a9de-a285-4463-9f0d-755a65661c3e
2026-03-29 17:40:49|qwen|web_search_no_think|1|QUESTION_SENT||615|d5995b76-6b0a-48e9-aedb-d39355614fa5
2026-03-29 17:41:15|qwen|web_search_no_think|0|QUESTION_SENT||565|09e0a9de-a285-4463-9f0d-755a65661c3e
2026-03-29 17:41:28|qwen|web_search_no_think|1|JSON_VERIFY_FAILED||615|d5995b76-6b0a-48e9-aedb-d39355614fa5
2026-03-29 17:41:28|qwen|web_search_no_think|1|QUESTION|17|615|d5995b76-6b0a-48e9-aedb-d39355614fa5
2026-03-29 17:41:54|qwen|web_search_no_think|1|QUESTION_SENT||615|d5995b76-6b0a-48e9-aedb-d39355614fa5
2026-03-29 17:41:58|qwen|web_search_no_think|2|JSON_VERIFIED||667|a6ed05f5-2f3e-445c-968b-9f88b6bfe40a
2026-03-29 17:41:58|qwen|web_search_no_think|2|QUESTION|18|667|a6ed05f5-2f3e-445c-968b-9f88b6bfe40a
2026-03-29 17:41:58|qwen|web_search_no_think|2|JSON_SAVED||667|a6ed05f5-2f3e-445c-968b-9f88b6bfe40a
2026-03-29 17:41:58|qwen|web_search_no_think|2|QUESTION_ADVANCE||668|df984ce9-4ce3-401e-91a3-9dc13fcdc604
2026-03-29 17:42:24|qwen|web_search_no_think|2|QUESTION_SENT||668|df984ce9-4ce3-401e-91a3-9dc13fcdc604
2026-03-29 17:43:02|qwen|web_search_no_think|0|JSON_VERIFIED||565|09e0a9de-a285-4463-9f0d-755a65661c3e
2026-03-29 17:43:02|qwen|web_search_no_think|0|QUESTION|16|565|09e0a9de-a285-4463-9f0d-755a65661c3e
2026-03-29 17:43:02|qwen|web_search_no_think|0|JSON_SAVED||565|09e0a9de-a285-4463-9f0d-755a65661c3e
2026-03-29 17:43:02|qwen|web_search_no_think|0|QUESTION_ADVANCE||566|e484c1c5-011e-48b4-9618-ac5fc28e81aa
2026-03-29 17:43:28|qwen|web_search_no_think|0|QUESTION_SENT||566|e484c1c5-011e-48b4-9618-ac5fc28e81aa
2026-03-29 17:43:57|qwen|web_search_no_think|1|JSON_VERIFIED||615|d5995b76-6b0a-48e9-aedb-d39355614fa5
2026-03-29 17:43:57|qwen|web_search_no_think|1|QUESTION|18|615|d5995b76-6b0a-48e9-aedb-d39355614fa5
2026-03-29 17:43:57|qwen|web_search_no_think|1|JSON_SAVED||615|d5995b76-6b0a-48e9-aedb-d39355614fa5
2026-03-29 17:43:57|qwen|web_search_no_think|1|QUESTION_ADVANCE||616|99839b29-3f59-4869-8463-606185801dd2
2026-03-29 17:44:08|qwen|web_search_no_think|2|JSON_VERIFIED||668|df984ce9-4ce3-401e-91a3-9dc13fcdc604
2026-03-29 17:44:08|qwen|web_search_no_think|2|QUESTION|19|668|df984ce9-4ce3-401e-91a3-9dc13fcdc604
2026-03-29 17:44:08|qwen|web_search_no_think|2|JSON_SAVED||668|df984ce9-4ce3-401e-91a3-9dc13fcdc604
2026-03-29 17:44:08|qwen|web_search_no_think|2|QUESTION_ADVANCE||669|a181562b-1e08-4b51-aacd-721375985b6e
2026-03-29 17:44:24|qwen|web_search_no_think|1|QUESTION_SENT||616|99839b29-3f59-4869-8463-606185801dd2
2026-03-29 17:44:34|qwen|web_search_no_think|2|QUESTION_SENT||669|a181562b-1e08-4b51-aacd-721375985b6e
2026-03-29 17:45:10|qwen|web_search_no_think|0|JSON_VERIFIED||566|e484c1c5-011e-48b4-9618-ac5fc28e81aa
2026-03-29 17:45:10|qwen|web_search_no_think|0|QUESTION|17|566|e484c1c5-011e-48b4-9618-ac5fc28e81aa
2026-03-29 17:45:10|qwen|web_search_no_think|0|JSON_SAVED||566|e484c1c5-011e-48b4-9618-ac5fc28e81aa
2026-03-29 17:45:10|qwen|web_search_no_think|0|QUESTION_ADVANCE||567|dd540e23-d5b0-4ba7-9a64-afe5102c8f15
2026-03-29 17:45:16|qwen|web_search_no_think|1|JSON_VERIFY_FAILED||616|99839b29-3f59-4869-8463-606185801dd2
2026-03-29 17:45:16|qwen|web_search_no_think|1|QUESTION|19|616|99839b29-3f59-4869-8463-606185801dd2
2026-03-29 17:45:36|qwen|web_search_no_think|0|QUESTION_SENT||567|dd540e23-d5b0-4ba7-9a64-afe5102c8f15
2026-03-29 17:45:43|qwen|web_search_no_think|1|QUESTION_SENT||616|99839b29-3f59-4869-8463-606185801dd2
2026-03-29 17:46:57|qwen|web_search_no_think|0|JSON_VERIFIED||567|dd540e23-d5b0-4ba7-9a64-afe5102c8f15
2026-03-29 17:46:57|qwen|web_search_no_think|0|QUESTION|18|567|dd540e23-d5b0-4ba7-9a64-afe5102c8f15
2026-03-29 17:46:57|qwen|web_search_no_think|0|JSON_SAVED||567|dd540e23-d5b0-4ba7-9a64-afe5102c8f15
2026-03-29 17:46:57|qwen|web_search_no_think|0|QUESTION_ADVANCE||568|bee630ad-33a5-45e5-a2e1-30ca560f8750
2026-03-29 17:47:06|qwen|web_search_no_think|1|JSON_VERIFIED||616|99839b29-3f59-4869-8463-606185801dd2
2026-03-29 17:47:06|qwen|web_search_no_think|1|QUESTION|20|616|99839b29-3f59-4869-8463-606185801dd2
2026-03-29 17:47:06|qwen|web_search_no_think|1|JSON_SAVED||616|99839b29-3f59-4869-8463-606185801dd2
2026-03-29 17:47:06|qwen|web_search_no_think|1|QUESTION_ADVANCE||617|9f9c4162-9e1a-4588-85c1-5dfa970f20c2
2026-03-29 17:47:10|qwen|web_search_no_think|2|JSON_VERIFIED||669|a181562b-1e08-4b51-aacd-721375985b6e
2026-03-29 17:47:10|qwen|web_search_no_think|2|QUESTION|20|669|a181562b-1e08-4b51-aacd-721375985b6e
2026-03-29 17:47:10|qwen|web_search_no_think|2|JSON_SAVED||669|a181562b-1e08-4b51-aacd-721375985b6e
2026-03-29 17:47:10|qwen|web_search_no_think|2|QUESTION_ADVANCE||670|27b5938f-6cff-4b1d-ab1e-4e7ab6e25258
2026-03-29 17:47:24|qwen|web_search_no_think|0|QUESTION_SENT||568|bee630ad-33a5-45e5-a2e1-30ca560f8750
2026-03-29 17:47:33|qwen|web_search_no_think|1|QUESTION_SENT||617|9f9c4162-9e1a-4588-85c1-5dfa970f20c2
2026-03-29 17:47:37|qwen|web_search_no_think|2|QUESTION_SENT||670|27b5938f-6cff-4b1d-ab1e-4e7ab6e25258
2026-03-29 17:48:56|qwen|web_search_no_think|0|JSON_VERIFIED||568|bee630ad-33a5-45e5-a2e1-30ca560f8750
2026-03-29 17:48:56|qwen|web_search_no_think|0|QUESTION|19|568|bee630ad-33a5-45e5-a2e1-30ca560f8750
2026-03-29 17:48:56|qwen|web_search_no_think|0|JSON_SAVED||568|bee630ad-33a5-45e5-a2e1-30ca560f8750
2026-03-29 17:48:56|qwen|web_search_no_think|0|QUESTION_ADVANCE||569|c4f17bee-8cd1-4566-be81-bc0d10c5fd75
2026-03-29 17:49:13|qwen|web_search_no_think|2|JSON_VERIFIED||670|27b5938f-6cff-4b1d-ab1e-4e7ab6e25258
2026-03-29 17:49:13|qwen|web_search_no_think|2|QUESTION|21|670|27b5938f-6cff-4b1d-ab1e-4e7ab6e25258
2026-03-29 17:49:13|qwen|web_search_no_think|2|JSON_SAVED||670|27b5938f-6cff-4b1d-ab1e-4e7ab6e25258
2026-03-29 17:49:13|qwen|web_search_no_think|2|QUESTION_ADVANCE||671|d0c20f95-9344-4606-ac66-275374d05196
2026-03-29 17:49:22|qwen|web_search_no_think|0|QUESTION_SENT||569|c4f17bee-8cd1-4566-be81-bc0d10c5fd75
2026-03-29 17:49:40|qwen|web_search_no_think|2|QUESTION_SENT||671|d0c20f95-9344-4606-ac66-275374d05196
2026-03-29 17:49:40|qwen|web_search_no_think|1|JSON_VERIFY_FAILED||617|9f9c4162-9e1a-4588-85c1-5dfa970f20c2
2026-03-29 17:49:40|qwen|web_search_no_think|1|QUESTION|21|617|9f9c4162-9e1a-4588-85c1-5dfa970f20c2
2026-03-29 17:49:46|qwen|web_search_no_think|1|QUESTION_SENT||617|9f9c4162-9e1a-4588-85c1-5dfa970f20c2
2026-03-29 17:50:52|qwen|web_search_no_think|0|JSON_VERIFIED||569|c4f17bee-8cd1-4566-be81-bc0d10c5fd75
2026-03-29 17:50:52|qwen|web_search_no_think|0|QUESTION|20|569|c4f17bee-8cd1-4566-be81-bc0d10c5fd75
2026-03-29 17:50:52|qwen|web_search_no_think|0|JSON_SAVED||569|c4f17bee-8cd1-4566-be81-bc0d10c5fd75
2026-03-29 17:50:52|qwen|web_search_no_think|0|QUESTION_ADVANCE||570|491c22b4-6a2d-42fd-abef-41dbf37a993d
2026-03-29 17:51:07|qwen|web_search_no_think|2|JSON_VERIFIED||671|d0c20f95-9344-4606-ac66-275374d05196
2026-03-29 17:51:07|qwen|web_search_no_think|2|QUESTION|22|671|d0c20f95-9344-4606-ac66-275374d05196
2026-03-29 17:51:07|qwen|web_search_no_think|2|JSON_SAVED||671|d0c20f95-9344-4606-ac66-275374d05196
2026-03-29 17:51:07|qwen|web_search_no_think|2|QUESTION_ADVANCE||672|31575335-83c2-43a2-9766-e5b673bb0bce
2026-03-29 17:51:18|qwen|web_search_no_think|0|QUESTION_SENT||570|491c22b4-6a2d-42fd-abef-41dbf37a993d
2026-03-29 17:51:34|qwen|web_search_no_think|2|QUESTION_SENT||672|31575335-83c2-43a2-9766-e5b673bb0bce
2026-03-29 17:52:50|qwen|web_search_no_think|0|JSON_VERIFIED||570|491c22b4-6a2d-42fd-abef-41dbf37a993d
2026-03-29 17:52:50|qwen|web_search_no_think|0|QUESTION|21|570|491c22b4-6a2d-42fd-abef-41dbf37a993d
2026-03-29 17:52:50|qwen|web_search_no_think|0|JSON_SAVED||570|491c22b4-6a2d-42fd-abef-41dbf37a993d
2026-03-29 17:52:50|qwen|web_search_no_think|0|QUESTION_ADVANCE||571|f765a82c-5e71-44cf-ab08-526711e89c22
2026-03-29 17:52:54|qwen|web_search_no_think|5|QUESTION_SENT||806|96ecdab9-b0b8-4ff1-a367-cac4ec1ac049
2026-03-29 17:53:05|qwen|web_search_no_think|3|QUESTION_SENT||703|7739932a-3dda-4e7e-a51d-b06927b68932
2026-03-29 17:53:17|qwen|web_search_no_think|0|QUESTION_SENT||571|f765a82c-5e71-44cf-ab08-526711e89c22
2026-03-29 17:53:22|qwen|web_search_no_think|2|JSON_VERIFIED||672|31575335-83c2-43a2-9766-e5b673bb0bce
2026-03-29 17:53:22|qwen|web_search_no_think|2|QUESTION|23|672|31575335-83c2-43a2-9766-e5b673bb0bce
2026-03-29 17:53:22|qwen|web_search_no_think|2|JSON_SAVED||672|31575335-83c2-43a2-9766-e5b673bb0bce
2026-03-29 17:53:22|qwen|web_search_no_think|2|QUESTION_ADVANCE||673|85490dce-b265-4b43-977c-0076eebb7fdd
2026-03-29 17:53:24|qwen|web_search_no_think|4|QUESTION_SENT||752|b01e9166-4371-4a76-acff-09fb7006f365
2026-03-29 17:53:48|qwen|web_search_no_think|2|QUESTION_SENT||673|85490dce-b265-4b43-977c-0076eebb7fdd
2026-03-29 17:53:59|qwen|web_search_no_think|5|JSON_VERIFIED||806|96ecdab9-b0b8-4ff1-a367-cac4ec1ac049
2026-03-29 17:53:59|qwen|web_search_no_think|5|QUESTION|6|806|96ecdab9-b0b8-4ff1-a367-cac4ec1ac049
2026-03-29 17:53:59|qwen|web_search_no_think|5|JSON_SAVED||806|96ecdab9-b0b8-4ff1-a367-cac4ec1ac049
2026-03-29 17:53:59|qwen|web_search_no_think|5|QUESTION_ADVANCE||807|23c50966-3bfc-4d5e-9020-a64817025a40
2026-03-29 17:54:25|qwen|web_search_no_think|5|QUESTION_SENT||807|23c50966-3bfc-4d5e-9020-a64817025a40
2026-03-29 17:54:43|qwen|web_search_no_think|0|JSON_VERIFIED||571|f765a82c-5e71-44cf-ab08-526711e89c22
2026-03-29 17:54:43|qwen|web_search_no_think|0|QUESTION|22|571|f765a82c-5e71-44cf-ab08-526711e89c22
2026-03-29 17:54:43|qwen|web_search_no_think|0|JSON_SAVED||571|f765a82c-5e71-44cf-ab08-526711e89c22
2026-03-29 17:54:43|qwen|web_search_no_think|0|QUESTION_ADVANCE||572|fdb44880-1b09-4c6e-ac9e-cd4357d7993c
2026-03-29 17:54:49|qwen|web_search_no_think|4|JSON_VERIFIED||752|b01e9166-4371-4a76-acff-09fb7006f365
2026-03-29 17:54:49|qwen|web_search_no_think|4|QUESTION|4|752|b01e9166-4371-4a76-acff-09fb7006f365
2026-03-29 17:54:49|qwen|web_search_no_think|4|JSON_SAVED||752|b01e9166-4371-4a76-acff-09fb7006f365
2026-03-29 17:54:49|qwen|web_search_no_think|4|QUESTION_ADVANCE||753|ef7eab9a-0f7f-46f4-ba5a-545fe8c46877
2026-03-29 17:54:52|qwen|web_search_no_think|3|JSON_VERIFIED||703|7739932a-3dda-4e7e-a51d-b06927b68932
2026-03-29 17:54:52|qwen|web_search_no_think|3|QUESTION|5|703|7739932a-3dda-4e7e-a51d-b06927b68932
2026-03-29 17:54:52|qwen|web_search_no_think|3|JSON_SAVED||703|7739932a-3dda-4e7e-a51d-b06927b68932
2026-03-29 17:54:52|qwen|web_search_no_think|3|QUESTION_ADVANCE||704|c6a1d503-88b7-4b08-97e5-309b32575846
2026-03-29 17:55:06|qwen|web_search_no_think|2|JSON_VERIFY_FAILED||673|85490dce-b265-4b43-977c-0076eebb7fdd
2026-03-29 17:55:06|qwen|web_search_no_think|2|QUESTION|24|673|85490dce-b265-4b43-977c-0076eebb7fdd
2026-03-29 17:55:10|qwen|web_search_no_think|0|QUESTION_SENT||572|fdb44880-1b09-4c6e-ac9e-cd4357d7993c
2026-03-29 17:55:15|qwen|web_search_no_think|4|QUESTION_SENT||753|ef7eab9a-0f7f-46f4-ba5a-545fe8c46877
2026-03-29 17:55:18|qwen|web_search_no_think|3|QUESTION_SENT||704|c6a1d503-88b7-4b08-97e5-309b32575846
2026-03-29 17:55:32|qwen|web_search_no_think|2|QUESTION_SENT||673|85490dce-b265-4b43-977c-0076eebb7fdd
2026-03-29 17:55:58|qwen|web_search_no_think|5|JSON_VERIFIED||807|23c50966-3bfc-4d5e-9020-a64817025a40
2026-03-29 17:55:58|qwen|web_search_no_think|5|QUESTION|7|807|23c50966-3bfc-4d5e-9020-a64817025a40
2026-03-29 17:55:58|qwen|web_search_no_think|5|JSON_SAVED||807|23c50966-3bfc-4d5e-9020-a64817025a40
2026-03-29 17:55:58|qwen|web_search_no_think|5|QUESTION_ADVANCE||808|6650c214-1082-47ef-a9b8-c2bd9d785d77
2026-03-29 17:56:24|qwen|web_search_no_think|5|QUESTION_SENT||808|6650c214-1082-47ef-a9b8-c2bd9d785d77
2026-03-29 17:56:55|qwen|web_search_no_think|2|JSON_VERIFIED||673|85490dce-b265-4b43-977c-0076eebb7fdd
2026-03-29 17:56:55|qwen|web_search_no_think|2|QUESTION|25|673|85490dce-b265-4b43-977c-0076eebb7fdd
2026-03-29 17:56:55|qwen|web_search_no_think|2|JSON_SAVED||673|85490dce-b265-4b43-977c-0076eebb7fdd
2026-03-29 17:56:55|qwen|web_search_no_think|2|QUESTION_ADVANCE||674|8d627ff9-fd20-45b0-9557-0db65d1be16a
2026-03-29 17:57:19|qwen|web_search_no_think|3|JSON_VERIFIED||704|c6a1d503-88b7-4b08-97e5-309b32575846
2026-03-29 17:57:19|qwen|web_search_no_think|3|QUESTION|6|704|c6a1d503-88b7-4b08-97e5-309b32575846
2026-03-29 17:57:19|qwen|web_search_no_think|3|JSON_SAVED||704|c6a1d503-88b7-4b08-97e5-309b32575846
2026-03-29 17:57:19|qwen|web_search_no_think|3|QUESTION_ADVANCE||705|b0d80145-0874-40c5-b9ed-fc246e833431
2026-03-29 17:57:21|qwen|web_search_no_think|2|QUESTION_SENT||674|8d627ff9-fd20-45b0-9557-0db65d1be16a
2026-03-29 17:57:23|qwen|web_search_no_think|4|JSON_VERIFIED||753|ef7eab9a-0f7f-46f4-ba5a-545fe8c46877
2026-03-29 17:57:23|qwen|web_search_no_think|4|QUESTION|5|753|ef7eab9a-0f7f-46f4-ba5a-545fe8c46877
2026-03-29 17:57:23|qwen|web_search_no_think|4|JSON_SAVED||753|ef7eab9a-0f7f-46f4-ba5a-545fe8c46877
2026-03-29 17:57:23|qwen|web_search_no_think|4|QUESTION_ADVANCE||754|e61cc658-5736-467f-af1f-b23a870baca4
2026-03-29 17:57:26|qwen|web_search_no_think|0|JSON_VERIFIED||572|fdb44880-1b09-4c6e-ac9e-cd4357d7993c
2026-03-29 17:57:26|qwen|web_search_no_think|0|QUESTION|23|572|fdb44880-1b09-4c6e-ac9e-cd4357d7993c
2026-03-29 17:57:26|qwen|web_search_no_think|0|JSON_SAVED||572|fdb44880-1b09-4c6e-ac9e-cd4357d7993c
2026-03-29 17:57:26|qwen|web_search_no_think|0|QUESTION_ADVANCE||573|9fe0f1fb-e198-43b2-8770-d2150b6f44f6
2026-03-29 17:57:45|qwen|web_search_no_think|3|QUESTION_SENT||705|b0d80145-0874-40c5-b9ed-fc246e833431
2026-03-29 17:57:49|qwen|web_search_no_think|4|QUESTION_SENT||754|e61cc658-5736-467f-af1f-b23a870baca4
2026-03-29 17:57:52|qwen|web_search_no_think|0|QUESTION_SENT||573|9fe0f1fb-e198-43b2-8770-d2150b6f44f6
2026-03-29 17:58:01|qwen|web_search_no_think|2|JSON_VERIFY_FAILED||674|8d627ff9-fd20-45b0-9557-0db65d1be16a
2026-03-29 17:58:01|qwen|web_search_no_think|2|QUESTION|26|674|8d627ff9-fd20-45b0-9557-0db65d1be16a
2026-03-29 17:58:19|qwen|web_search_no_think|5|JSON_VERIFIED||808|6650c214-1082-47ef-a9b8-c2bd9d785d77
2026-03-29 17:58:19|qwen|web_search_no_think|5|QUESTION|8|808|6650c214-1082-47ef-a9b8-c2bd9d785d77
2026-03-29 17:58:19|qwen|web_search_no_think|5|JSON_SAVED||808|6650c214-1082-47ef-a9b8-c2bd9d785d77
2026-03-29 17:58:19|qwen|web_search_no_think|5|QUESTION_ADVANCE||809|6a92aa8e-025c-414f-9cfa-ecb3b6f9f8d3
2026-03-29 17:58:27|qwen|web_search_no_think|2|QUESTION_SENT||674|8d627ff9-fd20-45b0-9557-0db65d1be16a
2026-03-29 17:58:45|qwen|web_search_no_think|5|QUESTION_SENT||809|6a92aa8e-025c-414f-9cfa-ecb3b6f9f8d3
2026-03-29 17:58:55|qwen|web_search_no_think|0|JSON_VERIFIED||573|9fe0f1fb-e198-43b2-8770-d2150b6f44f6
2026-03-29 17:58:55|qwen|web_search_no_think|0|QUESTION|24|573|9fe0f1fb-e198-43b2-8770-d2150b6f44f6
2026-03-29 17:58:55|qwen|web_search_no_think|0|JSON_SAVED||573|9fe0f1fb-e198-43b2-8770-d2150b6f44f6
2026-03-29 17:58:55|qwen|web_search_no_think|0|QUESTION_ADVANCE||574|84e177d6-1229-4464-b6a0-e1ab51719b9d
2026-03-29 17:59:21|qwen|web_search_no_think|0|QUESTION_SENT||574|84e177d6-1229-4464-b6a0-e1ab51719b9d
2026-03-29 17:59:37|qwen|web_search_no_think|3|JSON_VERIFIED||705|b0d80145-0874-40c5-b9ed-fc246e833431
2026-03-29 17:59:37|qwen|web_search_no_think|3|QUESTION|7|705|b0d80145-0874-40c5-b9ed-fc246e833431
2026-03-29 17:59:37|qwen|web_search_no_think|3|JSON_SAVED||705|b0d80145-0874-40c5-b9ed-fc246e833431
2026-03-29 17:59:37|qwen|web_search_no_think|3|QUESTION_ADVANCE||706|423ed475-ffdb-46fd-b4aa-1f3e37fc9ced
2026-03-29 17:59:38|qwen|web_search_no_think|4|JSON_VERIFIED||754|e61cc658-5736-467f-af1f-b23a870baca4
2026-03-29 17:59:38|qwen|web_search_no_think|4|QUESTION|6|754|e61cc658-5736-467f-af1f-b23a870baca4
2026-03-29 17:59:38|qwen|web_search_no_think|4|JSON_SAVED||754|e61cc658-5736-467f-af1f-b23a870baca4
2026-03-29 17:59:38|qwen|web_search_no_think|4|QUESTION_ADVANCE||755|576ce684-d16f-4aa1-8630-de4741157437
2026-03-29 17:59:46|qwen|web_search_no_think|1|QUESTION_SENT||617|9f9c4162-9e1a-4588-85c1-5dfa970f20c2
2026-03-29 18:00:04|qwen|web_search_no_think|3|QUESTION_SENT||706|423ed475-ffdb-46fd-b4aa-1f3e37fc9ced
2026-03-29 18:00:05|qwen|web_search_no_think|4|QUESTION_SENT||755|576ce684-d16f-4aa1-8630-de4741157437
2026-03-29 18:00:36|qwen|web_search_no_think|5|JSON_VERIFIED||809|6a92aa8e-025c-414f-9cfa-ecb3b6f9f8d3
2026-03-29 18:00:36|qwen|web_search_no_think|5|QUESTION|9|809|6a92aa8e-025c-414f-9cfa-ecb3b6f9f8d3
2026-03-29 18:00:36|qwen|web_search_no_think|5|JSON_SAVED||809|6a92aa8e-025c-414f-9cfa-ecb3b6f9f8d3
2026-03-29 18:00:36|qwen|web_search_no_think|5|QUESTION_ADVANCE||810|a7c4cc89-0727-4d89-bb2e-c30270bbece5
2026-03-29 18:00:46|qwen|web_search_no_think|2|JSON_VERIFIED||674|8d627ff9-fd20-45b0-9557-0db65d1be16a
2026-03-29 18:00:46|qwen|web_search_no_think|2|QUESTION|27|674|8d627ff9-fd20-45b0-9557-0db65d1be16a
2026-03-29 18:00:46|qwen|web_search_no_think|2|JSON_SAVED||674|8d627ff9-fd20-45b0-9557-0db65d1be16a
2026-03-29 18:00:46|qwen|web_search_no_think|2|QUESTION_ADVANCE||675|03ead298-141c-4c0f-916d-770477a66679
2026-03-29 18:01:02|qwen|web_search_no_think|5|QUESTION_SENT||810|a7c4cc89-0727-4d89-bb2e-c30270bbece5
2026-03-29 18:01:13|qwen|web_search_no_think|2|QUESTION_SENT||675|03ead298-141c-4c0f-916d-770477a66679
2026-03-29 18:01:13|qwen|web_search_no_think|0|JSON_VERIFIED||574|84e177d6-1229-4464-b6a0-e1ab51719b9d
2026-03-29 18:01:13|qwen|web_search_no_think|0|QUESTION|25|574|84e177d6-1229-4464-b6a0-e1ab51719b9d
2026-03-29 18:01:13|qwen|web_search_no_think|0|JSON_SAVED||574|84e177d6-1229-4464-b6a0-e1ab51719b9d
2026-03-29 18:01:13|qwen|web_search_no_think|0|QUESTION_ADVANCE||575|08adb476-15b2-4958-af6a-cfc3966082e9
2026-03-29 18:01:39|qwen|web_search_no_think|0|QUESTION_SENT||575|08adb476-15b2-4958-af6a-cfc3966082e9
2026-03-29 18:01:41|qwen|web_search_no_think|1|JSON_VERIFIED||617|9f9c4162-9e1a-4588-85c1-5dfa970f20c2
2026-03-29 18:01:41|qwen|web_search_no_think|1|QUESTION|22|617|9f9c4162-9e1a-4588-85c1-5dfa970f20c2
2026-03-29 18:01:41|qwen|web_search_no_think|1|JSON_SAVED||617|9f9c4162-9e1a-4588-85c1-5dfa970f20c2
2026-03-29 18:01:41|qwen|web_search_no_think|1|QUESTION_ADVANCE||618|0eb42c37-ef2e-4f5d-b993-edc1bf175d78
2026-03-29 18:01:49|qwen|web_search_no_think|3|JSON_VERIFIED||706|423ed475-ffdb-46fd-b4aa-1f3e37fc9ced
2026-03-29 18:01:49|qwen|web_search_no_think|3|QUESTION|8|706|423ed475-ffdb-46fd-b4aa-1f3e37fc9ced
2026-03-29 18:01:49|qwen|web_search_no_think|3|JSON_SAVED||706|423ed475-ffdb-46fd-b4aa-1f3e37fc9ced
2026-03-29 18:01:49|qwen|web_search_no_think|3|QUESTION_ADVANCE||707|87570d42-b3cb-4bb3-ba64-5d3f8d0c04c4
2026-03-29 18:02:00|qwen|web_search_no_think|4|JSON_VERIFIED||755|576ce684-d16f-4aa1-8630-de4741157437
2026-03-29 18:02:00|qwen|web_search_no_think|4|QUESTION|7|755|576ce684-d16f-4aa1-8630-de4741157437
2026-03-29 18:02:00|qwen|web_search_no_think|4|JSON_SAVED||755|576ce684-d16f-4aa1-8630-de4741157437
2026-03-29 18:02:00|qwen|web_search_no_think|4|QUESTION_ADVANCE||756|7d619db6-dd14-4db9-b55e-290fc22075f8
2026-03-29 18:02:08|qwen|web_search_no_think|1|QUESTION_SENT||618|0eb42c37-ef2e-4f5d-b993-edc1bf175d78
2026-03-29 18:02:15|qwen|web_search_no_think|3|QUESTION_SENT||707|87570d42-b3cb-4bb3-ba64-5d3f8d0c04c4
2026-03-29 18:02:16|qwen|web_search_no_think|5|JSON_VERIFIED||810|a7c4cc89-0727-4d89-bb2e-c30270bbece5
2026-03-29 18:02:16|qwen|web_search_no_think|5|QUESTION|10|810|a7c4cc89-0727-4d89-bb2e-c30270bbece5
2026-03-29 18:02:16|qwen|web_search_no_think|5|JSON_SAVED||810|a7c4cc89-0727-4d89-bb2e-c30270bbece5
2026-03-29 18:02:16|qwen|web_search_no_think|5|QUESTION_ADVANCE||811|20219800-1f04-484b-b6dc-773ac435fb8a
2026-03-29 18:02:26|qwen|web_search_no_think|4|QUESTION_SENT||756|7d619db6-dd14-4db9-b55e-290fc22075f8
2026-03-29 18:02:42|qwen|web_search_no_think|2|JSON_VERIFIED||675|03ead298-141c-4c0f-916d-770477a66679
2026-03-29 18:02:42|qwen|web_search_no_think|2|QUESTION|28|675|03ead298-141c-4c0f-916d-770477a66679
2026-03-29 18:02:42|qwen|web_search_no_think|2|JSON_SAVED||675|03ead298-141c-4c0f-916d-770477a66679
2026-03-29 18:02:42|qwen|web_search_no_think|2|QUESTION_ADVANCE||676|4c7c2003-0eda-4883-a89c-6d5a4252abd6
2026-03-29 18:02:42|qwen|web_search_no_think|5|QUESTION_SENT||811|20219800-1f04-484b-b6dc-773ac435fb8a
2026-03-29 18:02:43|qwen|web_search_no_think|0|JSON_VERIFY_FAILED||575|08adb476-15b2-4958-af6a-cfc3966082e9
2026-03-29 18:02:43|qwen|web_search_no_think|0|QUESTION|26|575|08adb476-15b2-4958-af6a-cfc3966082e9
2026-03-29 18:03:08|qwen|web_search_no_think|2|QUESTION_SENT||676|4c7c2003-0eda-4883-a89c-6d5a4252abd6
2026-03-29 18:03:10|qwen|web_search_no_think|0|QUESTION_SENT||575|08adb476-15b2-4958-af6a-cfc3966082e9
2026-03-29 18:03:19|qwen|web_search_no_think|5|JSON_VERIFY_FAILED||811|20219800-1f04-484b-b6dc-773ac435fb8a
2026-03-29 18:03:19|qwen|web_search_no_think|5|QUESTION|11|811|20219800-1f04-484b-b6dc-773ac435fb8a
2026-03-29 18:03:23|qwen|web_search_no_think|3|JSON_VERIFY_FAILED||707|87570d42-b3cb-4bb3-ba64-5d3f8d0c04c4
2026-03-29 18:03:23|qwen|web_search_no_think|3|QUESTION|9|707|87570d42-b3cb-4bb3-ba64-5d3f8d0c04c4
2026-03-29 18:03:30|qwen|web_search_no_think|1|JSON_VERIFIED||618|0eb42c37-ef2e-4f5d-b993-edc1bf175d78
2026-03-29 18:03:30|qwen|web_search_no_think|1|QUESTION|23|618|0eb42c37-ef2e-4f5d-b993-edc1bf175d78
2026-03-29 18:03:30|qwen|web_search_no_think|1|JSON_SAVED||618|0eb42c37-ef2e-4f5d-b993-edc1bf175d78
2026-03-29 18:03:30|qwen|web_search_no_think|1|QUESTION_ADVANCE||619|9e64b7ba-52a1-452c-b27a-c44febf1ddb1
2026-03-29 18:03:46|qwen|web_search_no_think|5|QUESTION_SENT||811|20219800-1f04-484b-b6dc-773ac435fb8a
2026-03-29 18:03:49|qwen|web_search_no_think|4|JSON_VERIFIED||756|7d619db6-dd14-4db9-b55e-290fc22075f8
2026-03-29 18:03:49|qwen|web_search_no_think|4|QUESTION|8|756|7d619db6-dd14-4db9-b55e-290fc22075f8
2026-03-29 18:03:49|qwen|web_search_no_think|4|JSON_SAVED||756|7d619db6-dd14-4db9-b55e-290fc22075f8
2026-03-29 18:03:49|qwen|web_search_no_think|4|QUESTION_ADVANCE||757|7306ef88-7bec-4a21-b9a8-cf2e7f45e0ae
2026-03-29 18:03:49|qwen|web_search_no_think|3|QUESTION_SENT||707|87570d42-b3cb-4bb3-ba64-5d3f8d0c04c4
2026-03-29 18:03:56|qwen|web_search_no_think|1|QUESTION_SENT||619|9e64b7ba-52a1-452c-b27a-c44febf1ddb1
2026-03-29 18:04:15|qwen|web_search_no_think|4|QUESTION_SENT||757|7306ef88-7bec-4a21-b9a8-cf2e7f45e0ae
2026-03-29 18:04:53|qwen|web_search_no_think|0|JSON_VERIFIED||575|08adb476-15b2-4958-af6a-cfc3966082e9
2026-03-29 18:04:53|qwen|web_search_no_think|0|QUESTION|27|575|08adb476-15b2-4958-af6a-cfc3966082e9
2026-03-29 18:04:53|qwen|web_search_no_think|0|JSON_SAVED||575|08adb476-15b2-4958-af6a-cfc3966082e9
2026-03-29 18:04:53|qwen|web_search_no_think|0|QUESTION_ADVANCE||576|312ef66f-a7e0-4c55-9737-ff26188093fe
2026-03-29 18:05:09|qwen|web_search_no_think|2|JSON_VERIFIED||676|4c7c2003-0eda-4883-a89c-6d5a4252abd6
2026-03-29 18:05:09|qwen|web_search_no_think|2|QUESTION|29|676|4c7c2003-0eda-4883-a89c-6d5a4252abd6
2026-03-29 18:05:09|qwen|web_search_no_think|2|JSON_SAVED||676|4c7c2003-0eda-4883-a89c-6d5a4252abd6
2026-03-29 18:05:09|qwen|web_search_no_think|2|QUESTION_ADVANCE||677|ff60bd30-55a3-4939-85b7-3ac18857b0c8
2026-03-29 18:05:20|qwen|web_search_no_think|0|QUESTION_SENT||576|312ef66f-a7e0-4c55-9737-ff26188093fe
2026-03-29 18:05:20|qwen|web_search_no_think|1|JSON_VERIFY_FAILED||619|9e64b7ba-52a1-452c-b27a-c44febf1ddb1
2026-03-29 18:05:20|qwen|web_search_no_think|1|QUESTION|24|619|9e64b7ba-52a1-452c-b27a-c44febf1ddb1
2026-03-29 18:05:25|qwen|web_search_no_think|5|JSON_VERIFIED||811|20219800-1f04-484b-b6dc-773ac435fb8a
2026-03-29 18:05:25|qwen|web_search_no_think|5|QUESTION|12|811|20219800-1f04-484b-b6dc-773ac435fb8a
2026-03-29 18:05:25|qwen|web_search_no_think|5|JSON_SAVED||811|20219800-1f04-484b-b6dc-773ac435fb8a
2026-03-29 18:05:25|qwen|web_search_no_think|5|QUESTION_ADVANCE||812|87aa44ef-c4d4-4b83-a804-fcd228ea4b6f
2026-03-29 18:05:35|qwen|web_search_no_think|2|QUESTION_SENT||677|ff60bd30-55a3-4939-85b7-3ac18857b0c8
2026-03-29 18:05:47|qwen|web_search_no_think|1|QUESTION_SENT||619|9e64b7ba-52a1-452c-b27a-c44febf1ddb1
2026-03-29 18:05:51|qwen|web_search_no_think|5|QUESTION_SENT||812|87aa44ef-c4d4-4b83-a804-fcd228ea4b6f
2026-03-29 18:05:59|qwen|web_search_no_think|3|JSON_VERIFIED||707|87570d42-b3cb-4bb3-ba64-5d3f8d0c04c4
2026-03-29 18:05:59|qwen|web_search_no_think|3|QUESTION|10|707|87570d42-b3cb-4bb3-ba64-5d3f8d0c04c4
2026-03-29 18:05:59|qwen|web_search_no_think|3|JSON_SAVED||707|87570d42-b3cb-4bb3-ba64-5d3f8d0c04c4
2026-03-29 18:05:59|qwen|web_search_no_think|3|QUESTION_ADVANCE||708|27641403-b0ba-4542-97a9-5e35b677b8a2
2026-03-29 18:06:00|qwen|web_search_no_think|4|JSON_VERIFIED||757|7306ef88-7bec-4a21-b9a8-cf2e7f45e0ae
2026-03-29 18:06:00|qwen|web_search_no_think|4|QUESTION|9|757|7306ef88-7bec-4a21-b9a8-cf2e7f45e0ae
2026-03-29 18:06:00|qwen|web_search_no_think|4|JSON_SAVED||757|7306ef88-7bec-4a21-b9a8-cf2e7f45e0ae
2026-03-29 18:06:00|qwen|web_search_no_think|4|QUESTION_ADVANCE||758|7bd2152a-6f8e-4d8c-841e-7e324c423195
2026-03-29 18:06:25|qwen|web_search_no_think|3|QUESTION_SENT||708|27641403-b0ba-4542-97a9-5e35b677b8a2
2026-03-29 18:06:27|qwen|web_search_no_think|4|QUESTION_SENT||758|7bd2152a-6f8e-4d8c-841e-7e324c423195
2026-03-29 18:06:55|qwen|web_search_no_think|2|JSON_VERIFIED||677|ff60bd30-55a3-4939-85b7-3ac18857b0c8
2026-03-29 18:06:55|qwen|web_search_no_think|2|QUESTION|30|677|ff60bd30-55a3-4939-85b7-3ac18857b0c8
2026-03-29 18:06:55|qwen|web_search_no_think|2|JSON_SAVED||677|ff60bd30-55a3-4939-85b7-3ac18857b0c8
2026-03-29 18:06:55|qwen|web_search_no_think|2|QUESTION_ADVANCE||678|9b1094d6-6992-436e-a38c-555545ff535a
2026-03-29 18:07:09|qwen|web_search_no_think|0|JSON_VERIFIED||576|312ef66f-a7e0-4c55-9737-ff26188093fe
2026-03-29 18:07:09|qwen|web_search_no_think|0|QUESTION|28|576|312ef66f-a7e0-4c55-9737-ff26188093fe
2026-03-29 18:07:09|qwen|web_search_no_think|0|JSON_SAVED||576|312ef66f-a7e0-4c55-9737-ff26188093fe
2026-03-29 18:07:09|qwen|web_search_no_think|0|QUESTION_ADVANCE||577|a91bbc57-48c0-4ea2-b7f6-4c2683bce28c
2026-03-29 18:07:12|qwen|web_search_no_think|1|JSON_VERIFIED||619|9e64b7ba-52a1-452c-b27a-c44febf1ddb1
2026-03-29 18:07:12|qwen|web_search_no_think|1|QUESTION|25|619|9e64b7ba-52a1-452c-b27a-c44febf1ddb1
2026-03-29 18:07:12|qwen|web_search_no_think|1|JSON_SAVED||619|9e64b7ba-52a1-452c-b27a-c44febf1ddb1
2026-03-29 18:07:12|qwen|web_search_no_think|1|QUESTION_ADVANCE||620|057f272f-c112-4728-b8e8-b3ffa1259cd2
2026-03-29 18:07:21|qwen|web_search_no_think|2|QUESTION_SENT||678|9b1094d6-6992-436e-a38c-555545ff535a
2026-03-29 18:07:35|qwen|web_search_no_think|0|QUESTION_SENT||577|a91bbc57-48c0-4ea2-b7f6-4c2683bce28c
2026-03-29 18:07:38|qwen|web_search_no_think|1|QUESTION_SENT||620|057f272f-c112-4728-b8e8-b3ffa1259cd2
2026-03-29 18:07:52|qwen|web_search_no_think|3|JSON_VERIFIED||708|27641403-b0ba-4542-97a9-5e35b677b8a2
2026-03-29 18:07:52|qwen|web_search_no_think|3|QUESTION|11|708|27641403-b0ba-4542-97a9-5e35b677b8a2
2026-03-29 18:07:52|qwen|web_search_no_think|3|JSON_SAVED||708|27641403-b0ba-4542-97a9-5e35b677b8a2
2026-03-29 18:07:52|qwen|web_search_no_think|3|QUESTION_ADVANCE||709|f49e5c1b-b558-42c2-82c4-8775593a777e
2026-03-29 18:08:04|qwen|web_search_no_think|4|JSON_VERIFIED||758|7bd2152a-6f8e-4d8c-841e-7e324c423195
2026-03-29 18:08:04|qwen|web_search_no_think|4|QUESTION|10|758|7bd2152a-6f8e-4d8c-841e-7e324c423195
2026-03-29 18:08:04|qwen|web_search_no_think|4|JSON_SAVED||758|7bd2152a-6f8e-4d8c-841e-7e324c423195
2026-03-29 18:08:04|qwen|web_search_no_think|4|QUESTION_ADVANCE||759|df905a9f-fb3a-4bfd-93d3-01f26fae1fff
2026-03-29 18:08:18|qwen|web_search_no_think|3|QUESTION_SENT||709|f49e5c1b-b558-42c2-82c4-8775593a777e
2026-03-29 18:08:31|qwen|web_search_no_think|2|JSON_VERIFIED||678|9b1094d6-6992-436e-a38c-555545ff535a
2026-03-29 18:08:31|qwen|web_search_no_think|2|QUESTION|31|678|9b1094d6-6992-436e-a38c-555545ff535a
2026-03-29 18:08:31|qwen|web_search_no_think|2|JSON_SAVED||678|9b1094d6-6992-436e-a38c-555545ff535a
2026-03-29 18:08:31|qwen|web_search_no_think|2|QUESTION_ADVANCE||679|ca46ecc2-d32e-4fc7-893a-83eaf9ab6d57
2026-03-29 18:08:31|qwen|web_search_no_think|4|QUESTION_SENT||759|df905a9f-fb3a-4bfd-93d3-01f26fae1fff
2026-03-29 18:08:57|qwen|web_search_no_think|2|QUESTION_SENT||679|ca46ecc2-d32e-4fc7-893a-83eaf9ab6d57
2026-03-29 18:09:06|qwen|web_search_no_think|1|JSON_VERIFIED||620|057f272f-c112-4728-b8e8-b3ffa1259cd2
2026-03-29 18:09:06|qwen|web_search_no_think|1|QUESTION|26|620|057f272f-c112-4728-b8e8-b3ffa1259cd2
2026-03-29 18:09:06|qwen|web_search_no_think|1|JSON_SAVED||620|057f272f-c112-4728-b8e8-b3ffa1259cd2
2026-03-29 18:09:06|qwen|web_search_no_think|1|QUESTION_ADVANCE||621|634725ab-94ea-4ffe-9dce-977aedf224f8
2026-03-29 18:09:12|qwen|web_search_no_think|0|JSON_VERIFIED||577|a91bbc57-48c0-4ea2-b7f6-4c2683bce28c
2026-03-29 18:09:12|qwen|web_search_no_think|0|QUESTION|29|577|a91bbc57-48c0-4ea2-b7f6-4c2683bce28c
2026-03-29 18:09:12|qwen|web_search_no_think|0|JSON_SAVED||577|a91bbc57-48c0-4ea2-b7f6-4c2683bce28c
2026-03-29 18:09:12|qwen|web_search_no_think|0|QUESTION_ADVANCE||578|76f8f03c-5858-4df4-a8a1-efbee2063f00
2026-03-29 18:09:29|qwen|web_search_no_think|3|JSON_VERIFIED||709|f49e5c1b-b558-42c2-82c4-8775593a777e
2026-03-29 18:09:29|qwen|web_search_no_think|3|QUESTION|12|709|f49e5c1b-b558-42c2-82c4-8775593a777e
2026-03-29 18:09:29|qwen|web_search_no_think|3|JSON_SAVED||709|f49e5c1b-b558-42c2-82c4-8775593a777e
2026-03-29 18:09:29|qwen|web_search_no_think|3|QUESTION_ADVANCE||710|b40ddfef-2732-4d97-85b0-a73c813c60d4
2026-03-29 18:09:33|qwen|web_search_no_think|1|QUESTION_SENT||621|634725ab-94ea-4ffe-9dce-977aedf224f8
2026-03-29 18:09:38|qwen|web_search_no_think|0|QUESTION_SENT||578|76f8f03c-5858-4df4-a8a1-efbee2063f00
2026-03-29 18:09:52|qwen|web_search_no_think|4|JSON_VERIFIED||759|df905a9f-fb3a-4bfd-93d3-01f26fae1fff
2026-03-29 18:09:52|qwen|web_search_no_think|4|QUESTION|11|759|df905a9f-fb3a-4bfd-93d3-01f26fae1fff
2026-03-29 18:09:52|qwen|web_search_no_think|4|JSON_SAVED||759|df905a9f-fb3a-4bfd-93d3-01f26fae1fff
2026-03-29 18:09:52|qwen|web_search_no_think|4|QUESTION_ADVANCE||760|554780e7-bd1d-49d2-a2d6-0b66766115bd
2026-03-29 18:09:55|qwen|web_search_no_think|3|QUESTION_SENT||710|b40ddfef-2732-4d97-85b0-a73c813c60d4
2026-03-29 18:10:18|qwen|web_search_no_think|4|QUESTION_SENT||760|554780e7-bd1d-49d2-a2d6-0b66766115bd
2026-03-29 18:10:48|qwen|web_search_no_think|0|JSON_VERIFY_FAILED||578|76f8f03c-5858-4df4-a8a1-efbee2063f00
2026-03-29 18:10:48|qwen|web_search_no_think|0|QUESTION|30|578|76f8f03c-5858-4df4-a8a1-efbee2063f00
2026-03-29 18:11:13|qwen|web_search_no_think|3|JSON_VERIFIED||710|b40ddfef-2732-4d97-85b0-a73c813c60d4
2026-03-29 18:11:13|qwen|web_search_no_think|3|QUESTION|13|710|b40ddfef-2732-4d97-85b0-a73c813c60d4
2026-03-29 18:11:13|qwen|web_search_no_think|3|JSON_SAVED||710|b40ddfef-2732-4d97-85b0-a73c813c60d4
2026-03-29 18:11:13|qwen|web_search_no_think|3|QUESTION_ADVANCE||711|2c897100-d24a-4b06-85c5-63ec0f048ad8
2026-03-29 18:11:14|qwen|web_search_no_think|0|QUESTION_SENT||578|76f8f03c-5858-4df4-a8a1-efbee2063f00
2026-03-29 18:11:20|qwen|web_search_no_think|2|JSON_VERIFIED||679|ca46ecc2-d32e-4fc7-893a-83eaf9ab6d57
2026-03-29 18:11:20|qwen|web_search_no_think|2|QUESTION|32|679|ca46ecc2-d32e-4fc7-893a-83eaf9ab6d57
2026-03-29 18:11:20|qwen|web_search_no_think|2|JSON_SAVED||679|ca46ecc2-d32e-4fc7-893a-83eaf9ab6d57
2026-03-29 18:11:20|qwen|web_search_no_think|2|QUESTION_ADVANCE||680|47f2380d-7cc6-4a1e-a57f-eb01b81bb5fa
2026-03-29 18:11:29|qwen|web_search_no_think|1|JSON_VERIFIED||621|634725ab-94ea-4ffe-9dce-977aedf224f8
2026-03-29 18:11:29|qwen|web_search_no_think|1|QUESTION|27|621|634725ab-94ea-4ffe-9dce-977aedf224f8
2026-03-29 18:11:29|qwen|web_search_no_think|1|JSON_SAVED||621|634725ab-94ea-4ffe-9dce-977aedf224f8
2026-03-29 18:11:29|qwen|web_search_no_think|1|QUESTION_ADVANCE||622|752f8915-8968-4b06-b8d1-d0dd2e8faa19
2026-03-29 18:11:40|qwen|web_search_no_think|3|QUESTION_SENT||711|2c897100-d24a-4b06-85c5-63ec0f048ad8
2026-03-29 18:11:42|qwen|web_search_no_think|4|JSON_VERIFIED||760|554780e7-bd1d-49d2-a2d6-0b66766115bd
2026-03-29 18:11:42|qwen|web_search_no_think|4|QUESTION|12|760|554780e7-bd1d-49d2-a2d6-0b66766115bd
2026-03-29 18:11:42|qwen|web_search_no_think|4|JSON_SAVED||760|554780e7-bd1d-49d2-a2d6-0b66766115bd
2026-03-29 18:11:42|qwen|web_search_no_think|4|QUESTION_ADVANCE||761|c2b2747c-ecb2-4d3b-aab8-ff905aa07be9
2026-03-29 18:11:47|qwen|web_search_no_think|2|QUESTION_SENT||680|47f2380d-7cc6-4a1e-a57f-eb01b81bb5fa
2026-03-29 18:11:55|qwen|web_search_no_think|1|QUESTION_SENT||622|752f8915-8968-4b06-b8d1-d0dd2e8faa19
2026-03-29 18:12:08|qwen|web_search_no_think|4|QUESTION_SENT||761|c2b2747c-ecb2-4d3b-aab8-ff905aa07be9
2026-03-29 18:12:25|qwen|web_search_no_think|3|JSON_VERIFY_FAILED||711|2c897100-d24a-4b06-85c5-63ec0f048ad8
2026-03-29 18:12:25|qwen|web_search_no_think|3|QUESTION|14|711|2c897100-d24a-4b06-85c5-63ec0f048ad8
2026-03-29 18:12:49|qwen|web_search_no_think|0|JSON_VERIFIED||578|76f8f03c-5858-4df4-a8a1-efbee2063f00
2026-03-29 18:12:49|qwen|web_search_no_think|0|QUESTION|31|578|76f8f03c-5858-4df4-a8a1-efbee2063f00
2026-03-29 18:12:49|qwen|web_search_no_think|0|JSON_SAVED||578|76f8f03c-5858-4df4-a8a1-efbee2063f00
2026-03-29 18:12:49|qwen|web_search_no_think|0|QUESTION_ADVANCE||579|4b4a3ca2-f8cd-4e62-ae4c-0ad1d8cae0ab
2026-03-29 18:12:52|qwen|web_search_no_think|3|QUESTION_SENT||711|2c897100-d24a-4b06-85c5-63ec0f048ad8
2026-03-29 18:12:53|qwen|web_search_no_think|5|QUESTION_SENT||812|87aa44ef-c4d4-4b83-a804-fcd228ea4b6f
2026-03-29 18:13:12|qwen|web_search_no_think|2|JSON_VERIFIED||680|47f2380d-7cc6-4a1e-a57f-eb01b81bb5fa
2026-03-29 18:13:12|qwen|web_search_no_think|2|QUESTION|33|680|47f2380d-7cc6-4a1e-a57f-eb01b81bb5fa
2026-03-29 18:13:12|qwen|web_search_no_think|2|JSON_SAVED||680|47f2380d-7cc6-4a1e-a57f-eb01b81bb5fa
2026-03-29 18:13:12|qwen|web_search_no_think|2|QUESTION_ADVANCE||681|c435c776-a74f-47fe-9301-113409323a66
2026-03-29 18:13:16|qwen|web_search_no_think|0|QUESTION_SENT||579|4b4a3ca2-f8cd-4e62-ae4c-0ad1d8cae0ab
2026-03-29 18:13:18|qwen|web_search_no_think|1|JSON_VERIFIED||622|752f8915-8968-4b06-b8d1-d0dd2e8faa19
2026-03-29 18:13:18|qwen|web_search_no_think|1|QUESTION|28|622|752f8915-8968-4b06-b8d1-d0dd2e8faa19
2026-03-29 18:13:18|qwen|web_search_no_think|1|JSON_SAVED||622|752f8915-8968-4b06-b8d1-d0dd2e8faa19
2026-03-29 18:13:18|qwen|web_search_no_think|1|QUESTION_ADVANCE||623|4b75a506-a5ce-4c66-a4ad-f5a8894f064c
2026-03-29 18:13:30|qwen|web_search_no_think|4|JSON_VERIFIED||761|c2b2747c-ecb2-4d3b-aab8-ff905aa07be9
2026-03-29 18:13:30|qwen|web_search_no_think|4|QUESTION|13|761|c2b2747c-ecb2-4d3b-aab8-ff905aa07be9
2026-03-29 18:13:30|qwen|web_search_no_think|4|JSON_SAVED||761|c2b2747c-ecb2-4d3b-aab8-ff905aa07be9
2026-03-29 18:13:30|qwen|web_search_no_think|4|QUESTION_ADVANCE||762|f1adb34c-e44a-402c-a96a-44903e7a7dc2
2026-03-29 18:13:38|qwen|web_search_no_think|2|QUESTION_SENT||681|c435c776-a74f-47fe-9301-113409323a66
2026-03-29 18:13:44|qwen|web_search_no_think|1|QUESTION_SENT||623|4b75a506-a5ce-4c66-a4ad-f5a8894f064c
2026-03-29 18:13:57|qwen|web_search_no_think|4|QUESTION_SENT||762|f1adb34c-e44a-402c-a96a-44903e7a7dc2
2026-03-29 18:14:18|qwen|web_search_no_think|0|JSON_VERIFY_FAILED||579|4b4a3ca2-f8cd-4e62-ae4c-0ad1d8cae0ab
2026-03-29 18:14:18|qwen|web_search_no_think|0|QUESTION|32|579|4b4a3ca2-f8cd-4e62-ae4c-0ad1d8cae0ab
2026-03-29 18:14:18|qwen|web_search_no_think|2|JSON_VERIFY_FAILED||681|c435c776-a74f-47fe-9301-113409323a66
2026-03-29 18:14:18|qwen|web_search_no_think|2|QUESTION|34|681|c435c776-a74f-47fe-9301-113409323a66
2026-03-29 18:14:22|qwen|web_search_no_think|3|JSON_VERIFIED||711|2c897100-d24a-4b06-85c5-63ec0f048ad8
2026-03-29 18:14:22|qwen|web_search_no_think|3|QUESTION|15|711|2c897100-d24a-4b06-85c5-63ec0f048ad8
2026-03-29 18:14:22|qwen|web_search_no_think|3|JSON_SAVED||711|2c897100-d24a-4b06-85c5-63ec0f048ad8
2026-03-29 18:14:22|qwen|web_search_no_think|3|QUESTION_ADVANCE||712|687a959c-cd5b-4140-9785-66c7b2b2d5c1
2026-03-29 18:14:27|qwen|web_search_no_think|5|JSON_VERIFIED||812|87aa44ef-c4d4-4b83-a804-fcd228ea4b6f
2026-03-29 18:14:27|qwen|web_search_no_think|5|QUESTION|13|812|87aa44ef-c4d4-4b83-a804-fcd228ea4b6f
2026-03-29 18:14:27|qwen|web_search_no_think|5|JSON_SAVED||812|87aa44ef-c4d4-4b83-a804-fcd228ea4b6f
2026-03-29 18:14:27|qwen|web_search_no_think|5|QUESTION_ADVANCE||813|d7409902-4fec-4eb3-a5ed-073cde52bc6f
2026-03-29 18:14:45|qwen|web_search_no_think|0|QUESTION_SENT||579|4b4a3ca2-f8cd-4e62-ae4c-0ad1d8cae0ab
2026-03-29 18:14:45|qwen|web_search_no_think|2|QUESTION_SENT||681|c435c776-a74f-47fe-9301-113409323a66
2026-03-29 18:14:49|qwen|web_search_no_think|3|QUESTION_SENT||712|687a959c-cd5b-4140-9785-66c7b2b2d5c1
2026-03-29 18:14:53|qwen|web_search_no_think|5|QUESTION_SENT||813|d7409902-4fec-4eb3-a5ed-073cde52bc6f
2026-03-29 18:15:14|qwen|web_search_no_think|1|JSON_VERIFIED||623|4b75a506-a5ce-4c66-a4ad-f5a8894f064c
2026-03-29 18:15:14|qwen|web_search_no_think|1|QUESTION|29|623|4b75a506-a5ce-4c66-a4ad-f5a8894f064c
2026-03-29 18:15:14|qwen|web_search_no_think|1|JSON_SAVED||623|4b75a506-a5ce-4c66-a4ad-f5a8894f064c
2026-03-29 18:15:14|qwen|web_search_no_think|1|QUESTION_ADVANCE||624|e2d2c856-f910-4602-ba2c-8200a3b20d26
2026-03-29 18:15:33|qwen|web_search_no_think|4|JSON_VERIFIED||762|f1adb34c-e44a-402c-a96a-44903e7a7dc2
2026-03-29 18:15:33|qwen|web_search_no_think|4|QUESTION|14|762|f1adb34c-e44a-402c-a96a-44903e7a7dc2
2026-03-29 18:15:33|qwen|web_search_no_think|4|JSON_SAVED||762|f1adb34c-e44a-402c-a96a-44903e7a7dc2
2026-03-29 18:15:33|qwen|web_search_no_think|4|QUESTION_ADVANCE||763|59dd23e0-1947-43d8-8938-df9ecb5066b3
2026-03-29 18:15:40|qwen|web_search_no_think|1|QUESTION_SENT||624|e2d2c856-f910-4602-ba2c-8200a3b20d26
2026-03-29 18:16:00|qwen|web_search_no_think|4|QUESTION_SENT||763|59dd23e0-1947-43d8-8938-df9ecb5066b3
2026-03-29 18:16:01|qwen|web_search_no_think|2|JSON_VERIFY_FAILED||681|c435c776-a74f-47fe-9301-113409323a66
2026-03-29 18:16:01|qwen|web_search_no_think|2|QUESTION|35|681|c435c776-a74f-47fe-9301-113409323a66
2026-03-29 18:16:15|qwen|web_search_no_think|3|JSON_VERIFIED||712|687a959c-cd5b-4140-9785-66c7b2b2d5c1
2026-03-29 18:16:15|qwen|web_search_no_think|3|QUESTION|16|712|687a959c-cd5b-4140-9785-66c7b2b2d5c1
2026-03-29 18:16:15|qwen|web_search_no_think|3|JSON_SAVED||712|687a959c-cd5b-4140-9785-66c7b2b2d5c1
2026-03-29 18:16:15|qwen|web_search_no_think|3|QUESTION_ADVANCE||713|42197f04-0b5d-44a4-b470-0290087c764e
2026-03-29 18:16:18|qwen|web_search_no_think|5|JSON_VERIFIED||813|d7409902-4fec-4eb3-a5ed-073cde52bc6f
2026-03-29 18:16:18|qwen|web_search_no_think|5|QUESTION|14|813|d7409902-4fec-4eb3-a5ed-073cde52bc6f
2026-03-29 18:16:18|qwen|web_search_no_think|5|JSON_SAVED||813|d7409902-4fec-4eb3-a5ed-073cde52bc6f
2026-03-29 18:16:18|qwen|web_search_no_think|5|QUESTION_ADVANCE||814|352781dd-dfa0-4fbb-9f5b-6394a68e9182
2026-03-29 18:16:21|qwen|web_search_no_think|0|JSON_VERIFIED||579|4b4a3ca2-f8cd-4e62-ae4c-0ad1d8cae0ab
2026-03-29 18:16:21|qwen|web_search_no_think|0|QUESTION|33|579|4b4a3ca2-f8cd-4e62-ae4c-0ad1d8cae0ab
2026-03-29 18:16:21|qwen|web_search_no_think|0|JSON_SAVED||579|4b4a3ca2-f8cd-4e62-ae4c-0ad1d8cae0ab
2026-03-29 18:16:21|qwen|web_search_no_think|0|QUESTION_ADVANCE||580|808a974d-ace0-48ce-b086-8590360ab6bc
2026-03-29 18:16:28|qwen|web_search_no_think|2|QUESTION_SENT||681|c435c776-a74f-47fe-9301-113409323a66
2026-03-29 18:16:42|qwen|web_search_no_think|3|QUESTION_SENT||713|42197f04-0b5d-44a4-b470-0290087c764e
2026-03-29 18:16:45|qwen|web_search_no_think|5|QUESTION_SENT||814|352781dd-dfa0-4fbb-9f5b-6394a68e9182
2026-03-29 18:16:47|qwen|web_search_no_think|0|QUESTION_SENT||580|808a974d-ace0-48ce-b086-8590360ab6bc
2026-03-29 18:17:04|qwen|web_search_no_think|1|JSON_VERIFIED||624|e2d2c856-f910-4602-ba2c-8200a3b20d26
2026-03-29 18:17:04|qwen|web_search_no_think|1|QUESTION|30|624|e2d2c856-f910-4602-ba2c-8200a3b20d26
2026-03-29 18:17:04|qwen|web_search_no_think|1|JSON_SAVED||624|e2d2c856-f910-4602-ba2c-8200a3b20d26
2026-03-29 18:17:04|qwen|web_search_no_think|1|QUESTION_ADVANCE||625|42862992-61ff-42dd-bc28-4055ca5c9ab4
2026-03-29 18:17:30|qwen|web_search_no_think|1|QUESTION_SENT||625|42862992-61ff-42dd-bc28-4055ca5c9ab4
2026-03-29 18:17:39|qwen|web_search_no_think|4|JSON_VERIFIED||763|59dd23e0-1947-43d8-8938-df9ecb5066b3
2026-03-29 18:17:39|qwen|web_search_no_think|4|QUESTION|15|763|59dd23e0-1947-43d8-8938-df9ecb5066b3
2026-03-29 18:17:39|qwen|web_search_no_think|4|JSON_SAVED||763|59dd23e0-1947-43d8-8938-df9ecb5066b3
2026-03-29 18:17:39|qwen|web_search_no_think|4|QUESTION_ADVANCE||764|99ba6652-79ff-461a-9113-0b644d4db615
2026-03-29 18:17:57|qwen|web_search_no_think|0|JSON_VERIFIED||580|808a974d-ace0-48ce-b086-8590360ab6bc
2026-03-29 18:17:57|qwen|web_search_no_think|0|QUESTION|34|580|808a974d-ace0-48ce-b086-8590360ab6bc
2026-03-29 18:17:57|qwen|web_search_no_think|0|JSON_SAVED||580|808a974d-ace0-48ce-b086-8590360ab6bc
2026-03-29 18:17:57|qwen|web_search_no_think|0|QUESTION_ADVANCE||581|78ff8782-f2f4-4dea-bc6d-3168f7dd94ff
2026-03-29 18:18:03|qwen|web_search_no_think|2|JSON_VERIFIED||681|c435c776-a74f-47fe-9301-113409323a66
2026-03-29 18:18:03|qwen|web_search_no_think|2|QUESTION|36|681|c435c776-a74f-47fe-9301-113409323a66
2026-03-29 18:18:03|qwen|web_search_no_think|2|JSON_SAVED||681|c435c776-a74f-47fe-9301-113409323a66
2026-03-29 18:18:03|qwen|web_search_no_think|2|QUESTION_ADVANCE||682|43bb85c6-8b1c-47be-a9a8-4c1e2f1a187c
2026-03-29 18:18:06|qwen|web_search_no_think|4|QUESTION_SENT||764|99ba6652-79ff-461a-9113-0b644d4db615
2026-03-29 18:18:23|qwen|web_search_no_think|0|QUESTION_SENT||581|78ff8782-f2f4-4dea-bc6d-3168f7dd94ff
2026-03-29 18:18:29|qwen|web_search_no_think|2|QUESTION_SENT||682|43bb85c6-8b1c-47be-a9a8-4c1e2f1a187c
2026-03-29 18:18:34|qwen|web_search_no_think|3|JSON_VERIFIED||713|42197f04-0b5d-44a4-b470-0290087c764e
2026-03-29 18:18:34|qwen|web_search_no_think|3|QUESTION|17|713|42197f04-0b5d-44a4-b470-0290087c764e
2026-03-29 18:18:34|qwen|web_search_no_think|3|JSON_SAVED||713|42197f04-0b5d-44a4-b470-0290087c764e
2026-03-29 18:18:34|qwen|web_search_no_think|3|QUESTION_ADVANCE||714|3036f53a-45e3-4983-a9d9-4d984edd1ba5
2026-03-29 18:18:43|qwen|web_search_no_think|5|JSON_VERIFIED||814|352781dd-dfa0-4fbb-9f5b-6394a68e9182
2026-03-29 18:18:43|qwen|web_search_no_think|5|QUESTION|15|814|352781dd-dfa0-4fbb-9f5b-6394a68e9182
2026-03-29 18:18:43|qwen|web_search_no_think|5|JSON_SAVED||814|352781dd-dfa0-4fbb-9f5b-6394a68e9182
2026-03-29 18:18:43|qwen|web_search_no_think|5|QUESTION_ADVANCE||815|69c4dad6-93c2-470b-a815-cec8b766d453
2026-03-29 18:18:54|qwen|web_search_no_think|1|JSON_VERIFIED||625|42862992-61ff-42dd-bc28-4055ca5c9ab4
2026-03-29 18:18:54|qwen|web_search_no_think|1|QUESTION|31|625|42862992-61ff-42dd-bc28-4055ca5c9ab4
2026-03-29 18:18:54|qwen|web_search_no_think|1|JSON_SAVED||625|42862992-61ff-42dd-bc28-4055ca5c9ab4
2026-03-29 18:18:54|qwen|web_search_no_think|1|QUESTION_ADVANCE||626|5a33cd1d-0718-4300-ab5b-dafbe105c3dc
2026-03-29 18:19:00|qwen|web_search_no_think|3|QUESTION_SENT||714|3036f53a-45e3-4983-a9d9-4d984edd1ba5
2026-03-29 18:19:09|qwen|web_search_no_think|5|QUESTION_SENT||815|69c4dad6-93c2-470b-a815-cec8b766d453
2026-03-29 18:19:20|qwen|web_search_no_think|1|QUESTION_SENT||626|5a33cd1d-0718-4300-ab5b-dafbe105c3dc
2026-03-29 18:19:39|qwen|web_search_no_think|4|JSON_VERIFIED||764|99ba6652-79ff-461a-9113-0b644d4db615
2026-03-29 18:19:39|qwen|web_search_no_think|4|QUESTION|16|764|99ba6652-79ff-461a-9113-0b644d4db615
2026-03-29 18:19:39|qwen|web_search_no_think|4|JSON_SAVED||764|99ba6652-79ff-461a-9113-0b644d4db615
2026-03-29 18:19:39|qwen|web_search_no_think|4|QUESTION_ADVANCE||765|e9c26bb5-2e99-4a4d-89db-6a30cf556ae6
2026-03-29 18:19:40|qwen|web_search_no_think|0|JSON_VERIFIED||581|78ff8782-f2f4-4dea-bc6d-3168f7dd94ff
2026-03-29 18:19:40|qwen|web_search_no_think|0|QUESTION|35|581|78ff8782-f2f4-4dea-bc6d-3168f7dd94ff
2026-03-29 18:19:40|qwen|web_search_no_think|0|JSON_SAVED||581|78ff8782-f2f4-4dea-bc6d-3168f7dd94ff
2026-03-29 18:19:40|qwen|web_search_no_think|0|QUESTION_ADVANCE||582|9747b3c3-832d-409a-9d2f-aac4b9d222ad
2026-03-29 18:20:06|qwen|web_search_no_think|4|QUESTION_SENT||765|e9c26bb5-2e99-4a4d-89db-6a30cf556ae6
2026-03-29 18:20:06|qwen|web_search_no_think|2|JSON_VERIFIED||682|43bb85c6-8b1c-47be-a9a8-4c1e2f1a187c
2026-03-29 18:20:06|qwen|web_search_no_think|2|QUESTION|37|682|43bb85c6-8b1c-47be-a9a8-4c1e2f1a187c
2026-03-29 18:20:06|qwen|web_search_no_think|2|JSON_SAVED||682|43bb85c6-8b1c-47be-a9a8-4c1e2f1a187c
2026-03-29 18:20:06|qwen|web_search_no_think|2|QUESTION_ADVANCE||683|32c2ae3e-91bb-4154-b3d2-593b829463a6
2026-03-29 18:20:06|qwen|web_search_no_think|0|QUESTION_SENT||582|9747b3c3-832d-409a-9d2f-aac4b9d222ad
2026-03-29 18:20:32|qwen|web_search_no_think|2|QUESTION_SENT||683|32c2ae3e-91bb-4154-b3d2-593b829463a6
2026-03-29 18:20:32|qwen|web_search_no_think|3|JSON_VERIFIED||714|3036f53a-45e3-4983-a9d9-4d984edd1ba5
2026-03-29 18:20:32|qwen|web_search_no_think|3|QUESTION|18|714|3036f53a-45e3-4983-a9d9-4d984edd1ba5
2026-03-29 18:20:32|qwen|web_search_no_think|3|JSON_SAVED||714|3036f53a-45e3-4983-a9d9-4d984edd1ba5
2026-03-29 18:20:32|qwen|web_search_no_think|3|QUESTION_ADVANCE||715|6a046af9-b2a2-4a46-b3cb-1ee2585dae43
2026-03-29 18:20:59|qwen|web_search_no_think|3|QUESTION_SENT||715|6a046af9-b2a2-4a46-b3cb-1ee2585dae43
2026-03-29 18:21:11|qwen|web_search_no_think|5|JSON_VERIFIED||815|69c4dad6-93c2-470b-a815-cec8b766d453
2026-03-29 18:21:11|qwen|web_search_no_think|5|QUESTION|16|815|69c4dad6-93c2-470b-a815-cec8b766d453
2026-03-29 18:21:11|qwen|web_search_no_think|5|JSON_SAVED||815|69c4dad6-93c2-470b-a815-cec8b766d453
2026-03-29 18:21:11|qwen|web_search_no_think|5|QUESTION_ADVANCE||816|e482891f-5c1a-413c-a7d6-985717d8adb5
2026-03-29 18:21:12|qwen|web_search_no_think|1|JSON_VERIFIED||626|5a33cd1d-0718-4300-ab5b-dafbe105c3dc
2026-03-29 18:21:12|qwen|web_search_no_think|1|QUESTION|32|626|5a33cd1d-0718-4300-ab5b-dafbe105c3dc
2026-03-29 18:21:12|qwen|web_search_no_think|1|JSON_SAVED||626|5a33cd1d-0718-4300-ab5b-dafbe105c3dc
2026-03-29 18:21:12|qwen|web_search_no_think|1|QUESTION_ADVANCE||627|219bcb85-d38a-4b7a-aa9a-6bf3230b54be
2026-03-29 18:21:28|qwen|web_search_no_think|4|JSON_VERIFIED||765|e9c26bb5-2e99-4a4d-89db-6a30cf556ae6
2026-03-29 18:21:28|qwen|web_search_no_think|4|QUESTION|17|765|e9c26bb5-2e99-4a4d-89db-6a30cf556ae6
2026-03-29 18:21:28|qwen|web_search_no_think|4|JSON_SAVED||765|e9c26bb5-2e99-4a4d-89db-6a30cf556ae6
2026-03-29 18:21:28|qwen|web_search_no_think|4|QUESTION_ADVANCE||766|2ab63ba8-0ee3-4a01-90c3-0f368951805c
2026-03-29 18:21:32|qwen|web_search_no_think|0|JSON_VERIFIED||582|9747b3c3-832d-409a-9d2f-aac4b9d222ad
2026-03-29 18:21:32|qwen|web_search_no_think|0|QUESTION|36|582|9747b3c3-832d-409a-9d2f-aac4b9d222ad
2026-03-29 18:21:32|qwen|web_search_no_think|0|JSON_SAVED||582|9747b3c3-832d-409a-9d2f-aac4b9d222ad
2026-03-29 18:21:32|qwen|web_search_no_think|0|QUESTION_ADVANCE||583|c2eadb95-f8ca-4706-812c-457d49c6a667
2026-03-29 18:21:37|qwen|web_search_no_think|5|QUESTION_SENT||816|e482891f-5c1a-413c-a7d6-985717d8adb5
2026-03-29 18:21:39|qwen|web_search_no_think|1|QUESTION_SENT||627|219bcb85-d38a-4b7a-aa9a-6bf3230b54be
2026-03-29 18:21:54|qwen|web_search_no_think|4|QUESTION_SENT||766|2ab63ba8-0ee3-4a01-90c3-0f368951805c
2026-03-29 18:21:58|qwen|web_search_no_think|0|QUESTION_SENT||583|c2eadb95-f8ca-4706-812c-457d49c6a667
2026-03-29 18:22:10|qwen|web_search_no_think|2|JSON_VERIFIED||683|32c2ae3e-91bb-4154-b3d2-593b829463a6
2026-03-29 18:22:10|qwen|web_search_no_think|2|QUESTION|38|683|32c2ae3e-91bb-4154-b3d2-593b829463a6
2026-03-29 18:22:10|qwen|web_search_no_think|2|JSON_SAVED||683|32c2ae3e-91bb-4154-b3d2-593b829463a6
2026-03-29 18:22:10|qwen|web_search_no_think|2|QUESTION_ADVANCE||684|dfa8421e-b460-4a92-8bc7-14e758382d86
2026-03-29 18:22:31|qwen|web_search_no_think|3|JSON_VERIFIED||715|6a046af9-b2a2-4a46-b3cb-1ee2585dae43
2026-03-29 18:22:31|qwen|web_search_no_think|3|QUESTION|19|715|6a046af9-b2a2-4a46-b3cb-1ee2585dae43
2026-03-29 18:22:31|qwen|web_search_no_think|3|JSON_SAVED||715|6a046af9-b2a2-4a46-b3cb-1ee2585dae43
2026-03-29 18:22:31|qwen|web_search_no_think|3|QUESTION_ADVANCE||716|9e2b34a9-8749-4114-ac1e-27c230c39bf6
2026-03-29 18:22:36|qwen|web_search_no_think|2|QUESTION_SENT||684|dfa8421e-b460-4a92-8bc7-14e758382d86
2026-03-29 18:22:41|qwen|web_search_no_think|5|JSON_VERIFIED||816|e482891f-5c1a-413c-a7d6-985717d8adb5
2026-03-29 18:22:41|qwen|web_search_no_think|5|QUESTION|17|816|e482891f-5c1a-413c-a7d6-985717d8adb5
2026-03-29 18:22:41|qwen|web_search_no_think|5|JSON_SAVED||816|e482891f-5c1a-413c-a7d6-985717d8adb5
2026-03-29 18:22:41|qwen|web_search_no_think|5|QUESTION_ADVANCE||817|ecebae61-a3d8-4506-b3e1-3c0b24510278
2026-03-29 18:22:54|qwen|web_search_no_think|1|JSON_VERIFIED||627|219bcb85-d38a-4b7a-aa9a-6bf3230b54be
2026-03-29 18:22:54|qwen|web_search_no_think|1|QUESTION|33|627|219bcb85-d38a-4b7a-aa9a-6bf3230b54be
2026-03-29 18:22:54|qwen|web_search_no_think|1|JSON_SAVED||627|219bcb85-d38a-4b7a-aa9a-6bf3230b54be
2026-03-29 18:22:54|qwen|web_search_no_think|1|QUESTION_ADVANCE||628|4e3e2b7f-b080-42a3-a004-0874b8ba5543
2026-03-29 18:22:57|qwen|web_search_no_think|3|QUESTION_SENT||716|9e2b34a9-8749-4114-ac1e-27c230c39bf6
2026-03-29 18:23:08|qwen|web_search_no_think|5|QUESTION_SENT||817|ecebae61-a3d8-4506-b3e1-3c0b24510278
2026-03-29 18:23:19|qwen|web_search_no_think|0|JSON_VERIFIED||583|c2eadb95-f8ca-4706-812c-457d49c6a667
2026-03-29 18:23:19|qwen|web_search_no_think|0|QUESTION|37|583|c2eadb95-f8ca-4706-812c-457d49c6a667
2026-03-29 18:23:19|qwen|web_search_no_think|0|JSON_SAVED||583|c2eadb95-f8ca-4706-812c-457d49c6a667
2026-03-29 18:23:19|qwen|web_search_no_think|0|QUESTION_ADVANCE||584|f87fbf01-3510-4d57-8772-e3361f742ab4
2026-03-29 18:23:20|qwen|web_search_no_think|1|QUESTION_SENT||628|4e3e2b7f-b080-42a3-a004-0874b8ba5543
2026-03-29 18:23:28|qwen|web_search_no_think|4|JSON_VERIFIED||766|2ab63ba8-0ee3-4a01-90c3-0f368951805c
2026-03-29 18:23:28|qwen|web_search_no_think|4|QUESTION|18|766|2ab63ba8-0ee3-4a01-90c3-0f368951805c
2026-03-29 18:23:28|qwen|web_search_no_think|4|JSON_SAVED||766|2ab63ba8-0ee3-4a01-90c3-0f368951805c
2026-03-29 18:23:28|qwen|web_search_no_think|4|QUESTION_ADVANCE||767|df3d5073-d4cd-40e9-aa6c-0014b469e31e
2026-03-29 18:23:45|qwen|web_search_no_think|0|QUESTION_SENT||584|f87fbf01-3510-4d57-8772-e3361f742ab4
2026-03-29 18:23:54|qwen|web_search_no_think|4|QUESTION_SENT||767|df3d5073-d4cd-40e9-aa6c-0014b469e31e
2026-03-29 18:24:08|qwen|web_search_no_think|2|JSON_VERIFIED||684|dfa8421e-b460-4a92-8bc7-14e758382d86
2026-03-29 18:24:08|qwen|web_search_no_think|2|QUESTION|39|684|dfa8421e-b460-4a92-8bc7-14e758382d86
2026-03-29 18:24:08|qwen|web_search_no_think|2|JSON_SAVED||684|dfa8421e-b460-4a92-8bc7-14e758382d86
2026-03-29 18:24:08|qwen|web_search_no_think|2|QUESTION_ADVANCE||685|5bdf3b3d-7b84-4b1c-8f0a-d01425698bc1
2026-03-29 18:24:34|qwen|web_search_no_think|1|JSON_VERIFIED||628|4e3e2b7f-b080-42a3-a004-0874b8ba5543
2026-03-29 18:24:34|qwen|web_search_no_think|1|QUESTION|34|628|4e3e2b7f-b080-42a3-a004-0874b8ba5543
2026-03-29 18:24:34|qwen|web_search_no_think|1|JSON_SAVED||628|4e3e2b7f-b080-42a3-a004-0874b8ba5543
2026-03-29 18:24:34|qwen|web_search_no_think|1|QUESTION_ADVANCE||629|4355cbe0-25a3-43f4-aa60-8cb9631c2dae
2026-03-29 18:24:35|qwen|web_search_no_think|2|QUESTION_SENT||685|5bdf3b3d-7b84-4b1c-8f0a-d01425698bc1
2026-03-29 18:25:00|qwen|web_search_no_think|1|QUESTION_SENT||629|4355cbe0-25a3-43f4-aa60-8cb9631c2dae
2026-03-29 18:25:02|qwen|web_search_no_think|3|JSON_VERIFIED||716|9e2b34a9-8749-4114-ac1e-27c230c39bf6
2026-03-29 18:25:02|qwen|web_search_no_think|3|QUESTION|20|716|9e2b34a9-8749-4114-ac1e-27c230c39bf6
2026-03-29 18:25:02|qwen|web_search_no_think|3|JSON_SAVED||716|9e2b34a9-8749-4114-ac1e-27c230c39bf6
2026-03-29 18:25:02|qwen|web_search_no_think|3|QUESTION_ADVANCE||717|49cb6ca8-666b-4499-985f-735db974b7f1
2026-03-29 18:25:05|qwen|web_search_no_think|5|JSON_VERIFIED||817|ecebae61-a3d8-4506-b3e1-3c0b24510278
2026-03-29 18:25:05|qwen|web_search_no_think|5|QUESTION|18|817|ecebae61-a3d8-4506-b3e1-3c0b24510278
2026-03-29 18:25:05|qwen|web_search_no_think|5|JSON_SAVED||817|ecebae61-a3d8-4506-b3e1-3c0b24510278
2026-03-29 18:25:05|qwen|web_search_no_think|5|QUESTION_ADVANCE||818|35f1e5fe-fe66-4aba-b765-24036107f3cb
2026-03-29 18:25:29|qwen|web_search_no_think|3|QUESTION_SENT||717|49cb6ca8-666b-4499-985f-735db974b7f1
2026-03-29 18:25:32|qwen|web_search_no_think|5|QUESTION_SENT||818|35f1e5fe-fe66-4aba-b765-24036107f3cb
2026-03-29 18:25:32|qwen|web_search_no_think|4|JSON_VERIFIED||767|df3d5073-d4cd-40e9-aa6c-0014b469e31e
2026-03-29 18:25:32|qwen|web_search_no_think|4|QUESTION|19|767|df3d5073-d4cd-40e9-aa6c-0014b469e31e
2026-03-29 18:25:32|qwen|web_search_no_think|4|JSON_SAVED||767|df3d5073-d4cd-40e9-aa6c-0014b469e31e
2026-03-29 18:25:32|qwen|web_search_no_think|4|QUESTION_ADVANCE||768|4bff279c-4b02-446e-901d-0e630c54e410
2026-03-29 18:25:43|qwen|web_search_no_think|2|JSON_VERIFIED||685|5bdf3b3d-7b84-4b1c-8f0a-d01425698bc1
2026-03-29 18:25:43|qwen|web_search_no_think|2|QUESTION|40|685|5bdf3b3d-7b84-4b1c-8f0a-d01425698bc1
2026-03-29 18:25:43|qwen|web_search_no_think|2|JSON_SAVED||685|5bdf3b3d-7b84-4b1c-8f0a-d01425698bc1
2026-03-29 18:25:43|qwen|web_search_no_think|2|QUESTION_ADVANCE||686|e263b2d1-1dad-494d-9085-1a618d90fea5
2026-03-29 18:25:50|qwen|web_search_no_think|0|JSON_VERIFIED||584|f87fbf01-3510-4d57-8772-e3361f742ab4
2026-03-29 18:25:50|qwen|web_search_no_think|0|QUESTION|38|584|f87fbf01-3510-4d57-8772-e3361f742ab4
2026-03-29 18:25:50|qwen|web_search_no_think|0|JSON_SAVED||584|f87fbf01-3510-4d57-8772-e3361f742ab4
2026-03-29 18:25:50|qwen|web_search_no_think|0|QUESTION_ADVANCE||585|9d614358-2a47-41d2-9e35-0acc7d17d51b
2026-03-29 18:25:58|qwen|web_search_no_think|4|QUESTION_SENT||768|4bff279c-4b02-446e-901d-0e630c54e410
2026-03-29 18:26:01|qwen|web_search_no_think|1|JSON_VERIFY_FAILED||629|4355cbe0-25a3-43f4-aa60-8cb9631c2dae
2026-03-29 18:26:01|qwen|web_search_no_think|1|QUESTION|35|629|4355cbe0-25a3-43f4-aa60-8cb9631c2dae
2026-03-29 18:26:09|qwen|web_search_no_think|2|QUESTION_SENT||686|e263b2d1-1dad-494d-9085-1a618d90fea5
2026-03-29 18:26:16|qwen|web_search_no_think|0|QUESTION_SENT||585|9d614358-2a47-41d2-9e35-0acc7d17d51b
2026-03-29 18:26:28|qwen|web_search_no_think|1|QUESTION_SENT||629|4355cbe0-25a3-43f4-aa60-8cb9631c2dae
2026-03-29 18:26:34|qwen|web_search_no_think|3|JSON_VERIFY_FAILED||717|49cb6ca8-666b-4499-985f-735db974b7f1
2026-03-29 18:26:34|qwen|web_search_no_think|3|QUESTION|21|717|49cb6ca8-666b-4499-985f-735db974b7f1
2026-03-29 18:26:50|qwen|web_search_no_think|5|JSON_VERIFIED||818|35f1e5fe-fe66-4aba-b765-24036107f3cb
2026-03-29 18:26:50|qwen|web_search_no_think|5|QUESTION|19|818|35f1e5fe-fe66-4aba-b765-24036107f3cb
2026-03-29 18:26:50|qwen|web_search_no_think|5|JSON_SAVED||818|35f1e5fe-fe66-4aba-b765-24036107f3cb
2026-03-29 18:26:50|qwen|web_search_no_think|5|QUESTION_ADVANCE||819|ff25b1db-3fe6-474d-bfe1-23f434149be5
2026-03-29 18:27:00|qwen|web_search_no_think|3|QUESTION_SENT||717|49cb6ca8-666b-4499-985f-735db974b7f1
2026-03-29 18:27:16|qwen|web_search_no_think|5|QUESTION_SENT||819|ff25b1db-3fe6-474d-bfe1-23f434149be5
2026-03-29 18:27:36|qwen|web_search_no_think|0|JSON_VERIFIED||585|9d614358-2a47-41d2-9e35-0acc7d17d51b
2026-03-29 18:27:36|qwen|web_search_no_think|0|QUESTION|39|585|9d614358-2a47-41d2-9e35-0acc7d17d51b
2026-03-29 18:27:36|qwen|web_search_no_think|0|JSON_SAVED||585|9d614358-2a47-41d2-9e35-0acc7d17d51b
2026-03-29 18:27:36|qwen|web_search_no_think|0|QUESTION_ADVANCE||586|674ae3a5-6552-4f9d-ad12-902b4a44da40
2026-03-29 18:27:47|qwen|web_search_no_think|2|JSON_VERIFIED||686|e263b2d1-1dad-494d-9085-1a618d90fea5
2026-03-29 18:27:47|qwen|web_search_no_think|2|QUESTION|41|686|e263b2d1-1dad-494d-9085-1a618d90fea5
2026-03-29 18:27:47|qwen|web_search_no_think|2|JSON_SAVED||686|e263b2d1-1dad-494d-9085-1a618d90fea5
2026-03-29 18:27:47|qwen|web_search_no_think|2|QUESTION_ADVANCE||687|46e475da-b4b5-4ee5-a9f4-1fdd6cb32388
2026-03-29 18:27:49|qwen|web_search_no_think|4|JSON_VERIFIED||768|4bff279c-4b02-446e-901d-0e630c54e410
2026-03-29 18:27:49|qwen|web_search_no_think|4|QUESTION|20|768|4bff279c-4b02-446e-901d-0e630c54e410
2026-03-29 18:27:49|qwen|web_search_no_think|4|JSON_SAVED||768|4bff279c-4b02-446e-901d-0e630c54e410
2026-03-29 18:27:49|qwen|web_search_no_think|4|QUESTION_ADVANCE||769|1fb73270-867a-4e52-a8e0-4411a32cb8c1
2026-03-29 18:28:02|qwen|web_search_no_think|0|QUESTION_SENT||586|674ae3a5-6552-4f9d-ad12-902b4a44da40
2026-03-29 18:28:13|qwen|web_search_no_think|2|QUESTION_SENT||687|46e475da-b4b5-4ee5-a9f4-1fdd6cb32388
2026-03-29 18:28:15|qwen|web_search_no_think|3|JSON_VERIFIED||717|49cb6ca8-666b-4499-985f-735db974b7f1
2026-03-29 18:28:15|qwen|web_search_no_think|3|QUESTION|22|717|49cb6ca8-666b-4499-985f-735db974b7f1
2026-03-29 18:28:15|qwen|web_search_no_think|3|JSON_SAVED||717|49cb6ca8-666b-4499-985f-735db974b7f1
2026-03-29 18:28:15|qwen|web_search_no_think|3|QUESTION_ADVANCE||718|39fad425-2a49-4594-a7db-77b6b2ba3c91
2026-03-29 18:28:16|qwen|web_search_no_think|4|QUESTION_SENT||769|1fb73270-867a-4e52-a8e0-4411a32cb8c1
2026-03-29 18:28:17|qwen|web_search_no_think|1|JSON_VERIFY_FAILED||629|4355cbe0-25a3-43f4-aa60-8cb9631c2dae
2026-03-29 18:28:17|qwen|web_search_no_think|1|QUESTION|36|629|4355cbe0-25a3-43f4-aa60-8cb9631c2dae
2026-03-29 18:28:42|qwen|web_search_no_think|3|QUESTION_SENT||718|39fad425-2a49-4594-a7db-77b6b2ba3c91
2026-03-29 18:28:43|qwen|web_search_no_think|1|QUESTION_SENT||629|4355cbe0-25a3-43f4-aa60-8cb9631c2dae
2026-03-29 18:28:52|qwen|web_search_no_think|5|JSON_VERIFY_FAILED||819|ff25b1db-3fe6-474d-bfe1-23f434149be5
2026-03-29 18:28:52|qwen|web_search_no_think|5|QUESTION|20|819|ff25b1db-3fe6-474d-bfe1-23f434149be5
2026-03-29 18:29:19|qwen|web_search_no_think|5|QUESTION_SENT||819|ff25b1db-3fe6-474d-bfe1-23f434149be5
2026-03-29 18:29:37|qwen|web_search_no_think|2|JSON_VERIFY_FAILED||687|46e475da-b4b5-4ee5-a9f4-1fdd6cb32388
2026-03-29 18:29:37|qwen|web_search_no_think|2|QUESTION|42|687|46e475da-b4b5-4ee5-a9f4-1fdd6cb32388
2026-03-29 18:29:51|qwen|web_search_no_think|4|JSON_VERIFIED||769|1fb73270-867a-4e52-a8e0-4411a32cb8c1
2026-03-29 18:29:51|qwen|web_search_no_think|4|QUESTION|21|769|1fb73270-867a-4e52-a8e0-4411a32cb8c1
2026-03-29 18:29:51|qwen|web_search_no_think|4|JSON_SAVED||769|1fb73270-867a-4e52-a8e0-4411a32cb8c1
2026-03-29 18:29:51|qwen|web_search_no_think|4|QUESTION_ADVANCE||770|5e60dcbf-1b14-47f0-a408-ae73a74ac43b
2026-03-29 18:30:04|qwen|web_search_no_think|2|QUESTION_SENT||687|46e475da-b4b5-4ee5-a9f4-1fdd6cb32388
2026-03-29 18:30:10|qwen|web_search_no_think|0|JSON_VERIFIED||586|674ae3a5-6552-4f9d-ad12-902b4a44da40
2026-03-29 18:30:10|qwen|web_search_no_think|0|QUESTION|40|586|674ae3a5-6552-4f9d-ad12-902b4a44da40
2026-03-29 18:30:10|qwen|web_search_no_think|0|JSON_SAVED||586|674ae3a5-6552-4f9d-ad12-902b4a44da40
2026-03-29 18:30:10|qwen|web_search_no_think|0|QUESTION_ADVANCE||587|3270f28b-c3c8-48bc-b6a7-1b7ff30ff210
2026-03-29 18:30:17|qwen|web_search_no_think|4|QUESTION_SENT||770|5e60dcbf-1b14-47f0-a408-ae73a74ac43b
2026-03-29 18:30:21|qwen|web_search_no_think|3|JSON_VERIFIED||718|39fad425-2a49-4594-a7db-77b6b2ba3c91
2026-03-29 18:30:21|qwen|web_search_no_think|3|QUESTION|23|718|39fad425-2a49-4594-a7db-77b6b2ba3c91
2026-03-29 18:30:21|qwen|web_search_no_think|3|JSON_SAVED||718|39fad425-2a49-4594-a7db-77b6b2ba3c91
2026-03-29 18:30:21|qwen|web_search_no_think|3|QUESTION_ADVANCE||719|4e406381-876d-4d1a-bc41-ed7a415e5dcc
2026-03-29 18:30:36|qwen|web_search_no_think|0|QUESTION_SENT||587|3270f28b-c3c8-48bc-b6a7-1b7ff30ff210
2026-03-29 18:30:38|qwen|web_search_no_think|5|JSON_VERIFIED||819|ff25b1db-3fe6-474d-bfe1-23f434149be5
2026-03-29 18:30:38|qwen|web_search_no_think|5|QUESTION|21|819|ff25b1db-3fe6-474d-bfe1-23f434149be5
2026-03-29 18:30:38|qwen|web_search_no_think|5|JSON_SAVED||819|ff25b1db-3fe6-474d-bfe1-23f434149be5
2026-03-29 18:30:38|qwen|web_search_no_think|5|QUESTION_ADVANCE||820|51e5345c-db51-4417-9860-560ff789620a
2026-03-29 18:30:48|qwen|web_search_no_think|3|QUESTION_SENT||719|4e406381-876d-4d1a-bc41-ed7a415e5dcc
2026-03-29 18:30:48|qwen|web_search_no_think|1|JSON_VERIFIED||629|4355cbe0-25a3-43f4-aa60-8cb9631c2dae
2026-03-29 18:30:48|qwen|web_search_no_think|1|QUESTION|37|629|4355cbe0-25a3-43f4-aa60-8cb9631c2dae
2026-03-29 18:30:48|qwen|web_search_no_think|1|JSON_SAVED||629|4355cbe0-25a3-43f4-aa60-8cb9631c2dae
2026-03-29 18:30:48|qwen|web_search_no_think|1|QUESTION_ADVANCE||630|faf980dd-6e44-478b-b4b0-ae7b2338772d
2026-03-29 18:31:05|qwen|web_search_no_think|5|QUESTION_SENT||820|51e5345c-db51-4417-9860-560ff789620a
2026-03-29 18:31:15|qwen|web_search_no_think|1|QUESTION_SENT||630|faf980dd-6e44-478b-b4b0-ae7b2338772d
2026-03-29 18:31:19|qwen|web_search_no_think|0|JSON_VERIFY_FAILED||587|3270f28b-c3c8-48bc-b6a7-1b7ff30ff210
2026-03-29 18:31:19|qwen|web_search_no_think|0|QUESTION|41|587|3270f28b-c3c8-48bc-b6a7-1b7ff30ff210
2026-03-29 18:31:37|qwen|web_search_no_think|2|JSON_VERIFIED||687|46e475da-b4b5-4ee5-a9f4-1fdd6cb32388
2026-03-29 18:31:37|qwen|web_search_no_think|2|QUESTION|43|687|46e475da-b4b5-4ee5-a9f4-1fdd6cb32388
2026-03-29 18:31:37|qwen|web_search_no_think|2|JSON_SAVED||687|46e475da-b4b5-4ee5-a9f4-1fdd6cb32388
2026-03-29 18:31:37|qwen|web_search_no_think|2|QUESTION_ADVANCE||688|61830433-4557-4568-80b9-092d1d33be78
2026-03-29 18:31:44|qwen|web_search_no_think|4|JSON_VERIFIED||770|5e60dcbf-1b14-47f0-a408-ae73a74ac43b
2026-03-29 18:31:44|qwen|web_search_no_think|4|QUESTION|22|770|5e60dcbf-1b14-47f0-a408-ae73a74ac43b
2026-03-29 18:31:44|qwen|web_search_no_think|4|JSON_SAVED||770|5e60dcbf-1b14-47f0-a408-ae73a74ac43b
2026-03-29 18:31:44|qwen|web_search_no_think|4|QUESTION_ADVANCE||771|6dbf2ae8-8fdd-4fbc-9257-075dabe171ca
2026-03-29 18:31:45|qwen|web_search_no_think|0|QUESTION_SENT||587|3270f28b-c3c8-48bc-b6a7-1b7ff30ff210
2026-03-29 18:32:04|qwen|web_search_no_think|2|QUESTION_SENT||688|61830433-4557-4568-80b9-092d1d33be78
2026-03-29 18:32:10|qwen|web_search_no_think|4|QUESTION_SENT||771|6dbf2ae8-8fdd-4fbc-9257-075dabe171ca
2026-03-29 18:32:14|qwen|web_search_no_think|5|JSON_VERIFIED||820|51e5345c-db51-4417-9860-560ff789620a
2026-03-29 18:32:14|qwen|web_search_no_think|5|QUESTION|22|820|51e5345c-db51-4417-9860-560ff789620a
2026-03-29 18:32:14|qwen|web_search_no_think|5|JSON_SAVED||820|51e5345c-db51-4417-9860-560ff789620a
2026-03-29 18:32:14|qwen|web_search_no_think|5|QUESTION_ADVANCE||821|27cfe0f0-5b14-4662-9e89-78f5af1addc4
2026-03-29 18:32:21|qwen|web_search_no_think|3|JSON_VERIFIED||719|4e406381-876d-4d1a-bc41-ed7a415e5dcc
2026-03-29 18:32:21|qwen|web_search_no_think|3|QUESTION|24|719|4e406381-876d-4d1a-bc41-ed7a415e5dcc
2026-03-29 18:32:21|qwen|web_search_no_think|3|JSON_SAVED||719|4e406381-876d-4d1a-bc41-ed7a415e5dcc
2026-03-29 18:32:21|qwen|web_search_no_think|3|QUESTION_ADVANCE||720|48dbed26-72c5-4653-add9-ec4c21d83153
2026-03-29 18:32:41|qwen|web_search_no_think|5|QUESTION_SENT||821|27cfe0f0-5b14-4662-9e89-78f5af1addc4
2026-03-29 18:32:48|qwen|web_search_no_think|3|QUESTION_SENT||720|48dbed26-72c5-4653-add9-ec4c21d83153
2026-03-29 18:33:00|qwen|web_search_no_think|1|JSON_VERIFIED||630|faf980dd-6e44-478b-b4b0-ae7b2338772d
2026-03-29 18:33:00|qwen|web_search_no_think|1|QUESTION|38|630|faf980dd-6e44-478b-b4b0-ae7b2338772d
2026-03-29 18:33:00|qwen|web_search_no_think|1|JSON_SAVED||630|faf980dd-6e44-478b-b4b0-ae7b2338772d
2026-03-29 18:33:00|qwen|web_search_no_think|1|QUESTION_ADVANCE||631|22a94b3c-797b-4de1-964b-313bb25aaf3a
2026-03-29 18:33:19|qwen|web_search_no_think|2|JSON_VERIFIED||688|61830433-4557-4568-80b9-092d1d33be78
2026-03-29 18:33:19|qwen|web_search_no_think|2|QUESTION|44|688|61830433-4557-4568-80b9-092d1d33be78
2026-03-29 18:33:19|qwen|web_search_no_think|2|JSON_SAVED||688|61830433-4557-4568-80b9-092d1d33be78
2026-03-29 18:33:19|qwen|web_search_no_think|2|QUESTION_ADVANCE||689|18e8c092-6035-41b9-8fd5-391789f2d9f9
2026-03-29 18:33:26|qwen|web_search_no_think|1|QUESTION_SENT||631|22a94b3c-797b-4de1-964b-313bb25aaf3a
2026-03-29 18:33:44|qwen|web_search_no_think|4|JSON_VERIFIED||771|6dbf2ae8-8fdd-4fbc-9257-075dabe171ca
2026-03-29 18:33:44|qwen|web_search_no_think|4|QUESTION|23|771|6dbf2ae8-8fdd-4fbc-9257-075dabe171ca
2026-03-29 18:33:44|qwen|web_search_no_think|4|JSON_SAVED||771|6dbf2ae8-8fdd-4fbc-9257-075dabe171ca
2026-03-29 18:33:44|qwen|web_search_no_think|4|QUESTION_ADVANCE||772|abd9c504-de07-4574-ade5-b7102fbef379
2026-03-29 18:33:45|qwen|web_search_no_think|2|QUESTION_SENT||689|18e8c092-6035-41b9-8fd5-391789f2d9f9
2026-03-29 18:33:52|qwen|web_search_no_think|0|JSON_VERIFIED||587|3270f28b-c3c8-48bc-b6a7-1b7ff30ff210
2026-03-29 18:33:52|qwen|web_search_no_think|0|QUESTION|42|587|3270f28b-c3c8-48bc-b6a7-1b7ff30ff210
2026-03-29 18:33:52|qwen|web_search_no_think|0|JSON_SAVED||587|3270f28b-c3c8-48bc-b6a7-1b7ff30ff210
2026-03-29 18:33:52|qwen|web_search_no_think|0|QUESTION_ADVANCE||588|dccafe7e-f051-48d4-a60d-d4276a330d80
2026-03-29 18:34:04|qwen|web_search_no_think|5|JSON_VERIFIED||821|27cfe0f0-5b14-4662-9e89-78f5af1addc4
2026-03-29 18:34:04|qwen|web_search_no_think|5|QUESTION|23|821|27cfe0f0-5b14-4662-9e89-78f5af1addc4
2026-03-29 18:34:04|qwen|web_search_no_think|5|JSON_SAVED||821|27cfe0f0-5b14-4662-9e89-78f5af1addc4
2026-03-29 18:34:04|qwen|web_search_no_think|5|QUESTION_ADVANCE||822|d7108cbd-fd6e-447e-8f84-13fca72f8d55
2026-03-29 18:34:06|qwen|web_search_no_think|3|JSON_VERIFIED||720|48dbed26-72c5-4653-add9-ec4c21d83153
2026-03-29 18:34:06|qwen|web_search_no_think|3|QUESTION|25|720|48dbed26-72c5-4653-add9-ec4c21d83153
2026-03-29 18:34:06|qwen|web_search_no_think|3|JSON_SAVED||720|48dbed26-72c5-4653-add9-ec4c21d83153
2026-03-29 18:34:06|qwen|web_search_no_think|3|QUESTION_ADVANCE||721|db8dcc47-d7fb-4a5a-8f4c-7ae5a6093377
2026-03-29 18:34:10|qwen|web_search_no_think|4|QUESTION_SENT||772|abd9c504-de07-4574-ade5-b7102fbef379
2026-03-29 18:34:18|qwen|web_search_no_think|0|QUESTION_SENT||588|dccafe7e-f051-48d4-a60d-d4276a330d80
2026-03-29 18:34:31|qwen|web_search_no_think|5|QUESTION_SENT||822|d7108cbd-fd6e-447e-8f84-13fca72f8d55
2026-03-29 18:34:32|qwen|web_search_no_think|3|QUESTION_SENT||721|db8dcc47-d7fb-4a5a-8f4c-7ae5a6093377
2026-03-29 18:34:50|qwen|web_search_no_think|1|JSON_VERIFIED||631|22a94b3c-797b-4de1-964b-313bb25aaf3a
2026-03-29 18:34:50|qwen|web_search_no_think|1|QUESTION|39|631|22a94b3c-797b-4de1-964b-313bb25aaf3a
2026-03-29 18:34:50|qwen|web_search_no_think|1|JSON_SAVED||631|22a94b3c-797b-4de1-964b-313bb25aaf3a
2026-03-29 18:34:50|qwen|web_search_no_think|1|QUESTION_ADVANCE||632|90cff290-3a8c-4a2c-9a0a-cdc534b63358
2026-03-29 18:35:16|qwen|web_search_no_think|1|QUESTION_SENT||632|90cff290-3a8c-4a2c-9a0a-cdc534b63358
2026-03-29 18:35:34|qwen|web_search_no_think|4|JSON_VERIFIED||772|abd9c504-de07-4574-ade5-b7102fbef379
2026-03-29 18:35:34|qwen|web_search_no_think|4|QUESTION|24|772|abd9c504-de07-4574-ade5-b7102fbef379
2026-03-29 18:35:34|qwen|web_search_no_think|4|JSON_SAVED||772|abd9c504-de07-4574-ade5-b7102fbef379
2026-03-29 18:35:34|qwen|web_search_no_think|4|QUESTION_ADVANCE||773|55e5ece0-3d0e-4665-b5d7-2842c6b61567
2026-03-29 18:35:38|qwen|web_search_no_think|0|JSON_VERIFIED||588|dccafe7e-f051-48d4-a60d-d4276a330d80
2026-03-29 18:35:38|qwen|web_search_no_think|0|QUESTION|43|588|dccafe7e-f051-48d4-a60d-d4276a330d80
2026-03-29 18:35:38|qwen|web_search_no_think|0|JSON_SAVED||588|dccafe7e-f051-48d4-a60d-d4276a330d80
2026-03-29 18:35:38|qwen|web_search_no_think|0|QUESTION_ADVANCE||589|d8409960-03f5-4467-bcb6-70959fea0326
2026-03-29 18:35:53|qwen|web_search_no_think|2|JSON_VERIFIED||689|18e8c092-6035-41b9-8fd5-391789f2d9f9
2026-03-29 18:35:53|qwen|web_search_no_think|2|QUESTION|45|689|18e8c092-6035-41b9-8fd5-391789f2d9f9
2026-03-29 18:35:53|qwen|web_search_no_think|2|JSON_SAVED||689|18e8c092-6035-41b9-8fd5-391789f2d9f9
2026-03-29 18:35:53|qwen|web_search_no_think|2|QUESTION_ADVANCE||690|ac706e85-8ca3-4793-b898-9a931c9dd423
2026-03-29 18:35:59|qwen|web_search_no_think|3|JSON_VERIFIED||721|db8dcc47-d7fb-4a5a-8f4c-7ae5a6093377
2026-03-29 18:35:59|qwen|web_search_no_think|3|QUESTION|26|721|db8dcc47-d7fb-4a5a-8f4c-7ae5a6093377
2026-03-29 18:35:59|qwen|web_search_no_think|3|JSON_SAVED||721|db8dcc47-d7fb-4a5a-8f4c-7ae5a6093377
2026-03-29 18:35:59|qwen|web_search_no_think|3|QUESTION_ADVANCE||722|786e0d83-8a8f-4658-9c29-5e2f0d4170ef
2026-03-29 18:36:00|qwen|web_search_no_think|4|QUESTION_SENT||773|55e5ece0-3d0e-4665-b5d7-2842c6b61567
2026-03-29 18:36:04|qwen|web_search_no_think|0|QUESTION_SENT||589|d8409960-03f5-4467-bcb6-70959fea0326
2026-03-29 18:36:19|qwen|web_search_no_think|2|QUESTION_SENT||690|ac706e85-8ca3-4793-b898-9a931c9dd423
2026-03-29 18:36:25|qwen|web_search_no_think|3|QUESTION_SENT||722|786e0d83-8a8f-4658-9c29-5e2f0d4170ef
2026-03-29 18:36:29|qwen|web_search_no_think|1|JSON_VERIFY_FAILED||632|90cff290-3a8c-4a2c-9a0a-cdc534b63358
2026-03-29 18:36:29|qwen|web_search_no_think|1|QUESTION|40|632|90cff290-3a8c-4a2c-9a0a-cdc534b63358
2026-03-29 18:36:43|qwen|web_search_no_think|5|JSON_VERIFIED||822|d7108cbd-fd6e-447e-8f84-13fca72f8d55
2026-03-29 18:36:43|qwen|web_search_no_think|5|QUESTION|24|822|d7108cbd-fd6e-447e-8f84-13fca72f8d55
2026-03-29 18:36:43|qwen|web_search_no_think|5|JSON_SAVED||822|d7108cbd-fd6e-447e-8f84-13fca72f8d55
2026-03-29 18:36:43|qwen|web_search_no_think|5|QUESTION_ADVANCE||823|e805f612-d4fe-4dc6-a0a2-d1735fc53dab
2026-03-29 18:36:55|qwen|web_search_no_think|1|QUESTION_SENT||632|90cff290-3a8c-4a2c-9a0a-cdc534b63358
2026-03-29 18:37:09|qwen|web_search_no_think|5|QUESTION_SENT||823|e805f612-d4fe-4dc6-a0a2-d1735fc53dab
2026-03-29 18:37:30|qwen|web_search_no_think|3|JSON_VERIFY_FAILED||722|786e0d83-8a8f-4658-9c29-5e2f0d4170ef
2026-03-29 18:37:30|qwen|web_search_no_think|3|QUESTION|27|722|786e0d83-8a8f-4658-9c29-5e2f0d4170ef
2026-03-29 18:37:31|qwen|web_search_no_think|4|JSON_VERIFIED||773|55e5ece0-3d0e-4665-b5d7-2842c6b61567
2026-03-29 18:37:31|qwen|web_search_no_think|4|QUESTION|25|773|55e5ece0-3d0e-4665-b5d7-2842c6b61567
2026-03-29 18:37:31|qwen|web_search_no_think|4|JSON_SAVED||773|55e5ece0-3d0e-4665-b5d7-2842c6b61567
2026-03-29 18:37:31|qwen|web_search_no_think|4|QUESTION_ADVANCE||774|be4201e9-d359-42ed-88a7-9671bfe14ded
2026-03-29 18:37:56|qwen|web_search_no_think|2|JSON_VERIFIED||690|ac706e85-8ca3-4793-b898-9a931c9dd423
2026-03-29 18:37:56|qwen|web_search_no_think|2|QUESTION|46|690|ac706e85-8ca3-4793-b898-9a931c9dd423
2026-03-29 18:37:56|qwen|web_search_no_think|2|JSON_SAVED||690|ac706e85-8ca3-4793-b898-9a931c9dd423
2026-03-29 18:37:56|qwen|web_search_no_think|2|QUESTION_ADVANCE||691|f9d4d4d8-0014-47b1-a4ec-cdb15e1d2a98
2026-03-29 18:37:57|qwen|web_search_no_think|3|QUESTION_SENT||722|786e0d83-8a8f-4658-9c29-5e2f0d4170ef
2026-03-29 18:37:57|qwen|web_search_no_think|4|QUESTION_SENT||774|be4201e9-d359-42ed-88a7-9671bfe14ded
2026-03-29 18:38:03|qwen|web_search_no_think|0|JSON_VERIFIED||589|d8409960-03f5-4467-bcb6-70959fea0326
2026-03-29 18:38:03|qwen|web_search_no_think|0|QUESTION|44|589|d8409960-03f5-4467-bcb6-70959fea0326
2026-03-29 18:38:03|qwen|web_search_no_think|0|JSON_SAVED||589|d8409960-03f5-4467-bcb6-70959fea0326
2026-03-29 18:38:03|qwen|web_search_no_think|0|QUESTION_ADVANCE||590|162b55ea-4344-4b12-9a61-60a3752a70e5
2026-03-29 18:38:21|qwen|web_search_no_think|1|JSON_VERIFIED||632|90cff290-3a8c-4a2c-9a0a-cdc534b63358
2026-03-29 18:38:21|qwen|web_search_no_think|1|QUESTION|41|632|90cff290-3a8c-4a2c-9a0a-cdc534b63358
2026-03-29 18:38:21|qwen|web_search_no_think|1|JSON_SAVED||632|90cff290-3a8c-4a2c-9a0a-cdc534b63358
2026-03-29 18:38:21|qwen|web_search_no_think|1|QUESTION_ADVANCE||633|5011834f-39f9-4fda-a933-a04987d49803
2026-03-29 18:38:22|qwen|web_search_no_think|2|QUESTION_SENT||691|f9d4d4d8-0014-47b1-a4ec-cdb15e1d2a98
2026-03-29 18:38:30|qwen|web_search_no_think|0|QUESTION_SENT||590|162b55ea-4344-4b12-9a61-60a3752a70e5
2026-03-29 18:38:48|qwen|web_search_no_think|1|QUESTION_SENT||633|5011834f-39f9-4fda-a933-a04987d49803
2026-03-29 18:39:03|qwen|web_search_no_think|5|JSON_VERIFIED||823|e805f612-d4fe-4dc6-a0a2-d1735fc53dab
2026-03-29 18:39:03|qwen|web_search_no_think|5|QUESTION|25|823|e805f612-d4fe-4dc6-a0a2-d1735fc53dab
2026-03-29 18:39:03|qwen|web_search_no_think|5|JSON_SAVED||823|e805f612-d4fe-4dc6-a0a2-d1735fc53dab
2026-03-29 18:39:03|qwen|web_search_no_think|5|QUESTION_ADVANCE||824|98c23cfa-40e5-4184-b98e-35a4900c0c1f
2026-03-29 18:39:11|qwen|web_search_no_think|0|JSON_VERIFY_FAILED||590|162b55ea-4344-4b12-9a61-60a3752a70e5
2026-03-29 18:39:11|qwen|web_search_no_think|0|QUESTION|45|590|162b55ea-4344-4b12-9a61-60a3752a70e5
2026-03-29 18:39:29|qwen|web_search_no_think|5|QUESTION_SENT||824|98c23cfa-40e5-4184-b98e-35a4900c0c1f
2026-03-29 18:39:37|qwen|web_search_no_think|0|QUESTION_SENT||590|162b55ea-4344-4b12-9a61-60a3752a70e5
2026-03-29 18:40:09|qwen|web_search_no_think|3|JSON_VERIFIED||722|786e0d83-8a8f-4658-9c29-5e2f0d4170ef
2026-03-29 18:40:09|qwen|web_search_no_think|3|QUESTION|28|722|786e0d83-8a8f-4658-9c29-5e2f0d4170ef
2026-03-29 18:40:09|qwen|web_search_no_think|3|JSON_SAVED||722|786e0d83-8a8f-4658-9c29-5e2f0d4170ef
2026-03-29 18:40:09|qwen|web_search_no_think|3|QUESTION_ADVANCE||723|b40a2671-aa82-410e-b4ec-86beb1569802
2026-03-29 18:40:09|qwen|web_search_no_think|1|JSON_VERIFIED||633|5011834f-39f9-4fda-a933-a04987d49803
2026-03-29 18:40:09|qwen|web_search_no_think|1|QUESTION|42|633|5011834f-39f9-4fda-a933-a04987d49803
2026-03-29 18:40:09|qwen|web_search_no_think|1|JSON_SAVED||633|5011834f-39f9-4fda-a933-a04987d49803
2026-03-29 18:40:09|qwen|web_search_no_think|1|QUESTION_ADVANCE||634|085431a8-80c1-4424-993f-66341a588e2c
2026-03-29 18:40:12|qwen|web_search_no_think|2|JSON_VERIFIED||691|f9d4d4d8-0014-47b1-a4ec-cdb15e1d2a98
2026-03-29 18:40:12|qwen|web_search_no_think|2|QUESTION|47|691|f9d4d4d8-0014-47b1-a4ec-cdb15e1d2a98
2026-03-29 18:40:12|qwen|web_search_no_think|2|JSON_SAVED||691|f9d4d4d8-0014-47b1-a4ec-cdb15e1d2a98
2026-03-29 18:40:12|qwen|web_search_no_think|2|QUESTION_ADVANCE||692|69375a3e-ff2f-42d0-9e9a-45438985ddb8
2026-03-29 18:40:33|qwen|web_search_no_think|4|JSON_VERIFIED||774|be4201e9-d359-42ed-88a7-9671bfe14ded
2026-03-29 18:40:33|qwen|web_search_no_think|4|QUESTION|26|774|be4201e9-d359-42ed-88a7-9671bfe14ded
2026-03-29 18:40:33|qwen|web_search_no_think|4|JSON_SAVED||774|be4201e9-d359-42ed-88a7-9671bfe14ded
2026-03-29 18:40:33|qwen|web_search_no_think|4|QUESTION_ADVANCE||775|afc56f2a-19f6-492e-97a3-d265897ee11a
2026-03-29 18:40:35|qwen|web_search_no_think|3|QUESTION_SENT||723|b40a2671-aa82-410e-b4ec-86beb1569802
2026-03-29 18:40:35|qwen|web_search_no_think|1|QUESTION_SENT||634|085431a8-80c1-4424-993f-66341a588e2c
2026-03-29 18:40:38|qwen|web_search_no_think|2|QUESTION_SENT||692|69375a3e-ff2f-42d0-9e9a-45438985ddb8
2026-03-29 18:40:47|qwen|web_search_no_think|5|JSON_VERIFIED||824|98c23cfa-40e5-4184-b98e-35a4900c0c1f
2026-03-29 18:40:47|qwen|web_search_no_think|5|QUESTION|26|824|98c23cfa-40e5-4184-b98e-35a4900c0c1f
2026-03-29 18:40:47|qwen|web_search_no_think|5|JSON_SAVED||824|98c23cfa-40e5-4184-b98e-35a4900c0c1f
2026-03-29 18:40:47|qwen|web_search_no_think|5|QUESTION_ADVANCE||825|6456b2d3-0854-4293-be81-1190f1d9aeed
2026-03-29 18:41:00|qwen|web_search_no_think|4|QUESTION_SENT||775|afc56f2a-19f6-492e-97a3-d265897ee11a
2026-03-29 18:41:14|qwen|web_search_no_think|0|JSON_VERIFIED||590|162b55ea-4344-4b12-9a61-60a3752a70e5
2026-03-29 18:41:14|qwen|web_search_no_think|0|QUESTION|46|590|162b55ea-4344-4b12-9a61-60a3752a70e5
2026-03-29 18:41:14|qwen|web_search_no_think|0|JSON_SAVED||590|162b55ea-4344-4b12-9a61-60a3752a70e5
2026-03-29 18:41:14|qwen|web_search_no_think|0|QUESTION_ADVANCE||591|fcc6eb5a-2208-4a3d-b2eb-e31945b55e60
2026-03-29 18:41:14|qwen|web_search_no_think|5|QUESTION_SENT||825|6456b2d3-0854-4293-be81-1190f1d9aeed
2026-03-29 18:41:40|qwen|web_search_no_think|0|QUESTION_SENT||591|fcc6eb5a-2208-4a3d-b2eb-e31945b55e60
2026-03-29 18:42:04|qwen|web_search_no_think|4|JSON_VERIFIED||775|afc56f2a-19f6-492e-97a3-d265897ee11a
2026-03-29 18:42:04|qwen|web_search_no_think|4|QUESTION|27|775|afc56f2a-19f6-492e-97a3-d265897ee11a
2026-03-29 18:42:04|qwen|web_search_no_think|4|JSON_SAVED||775|afc56f2a-19f6-492e-97a3-d265897ee11a
2026-03-29 18:42:04|qwen|web_search_no_think|4|QUESTION_ADVANCE||776|64eb4cc2-5f92-489b-98fd-7d4688d45144
2026-03-29 18:42:05|qwen|web_search_no_think|1|JSON_VERIFIED||634|085431a8-80c1-4424-993f-66341a588e2c
2026-03-29 18:42:05|qwen|web_search_no_think|1|QUESTION|43|634|085431a8-80c1-4424-993f-66341a588e2c
2026-03-29 18:42:05|qwen|web_search_no_think|1|JSON_SAVED||634|085431a8-80c1-4424-993f-66341a588e2c
2026-03-29 18:42:05|qwen|web_search_no_think|1|QUESTION_ADVANCE||635|e7a7b357-2e67-4c8d-8916-90e821e9705f
2026-03-29 18:42:12|qwen|web_search_no_think|3|JSON_VERIFIED||723|b40a2671-aa82-410e-b4ec-86beb1569802
2026-03-29 18:42:12|qwen|web_search_no_think|3|QUESTION|29|723|b40a2671-aa82-410e-b4ec-86beb1569802
2026-03-29 18:42:12|qwen|web_search_no_think|3|JSON_SAVED||723|b40a2671-aa82-410e-b4ec-86beb1569802
2026-03-29 18:42:12|qwen|web_search_no_think|3|QUESTION_ADVANCE||724|bdd31077-b160-499d-8ce7-cf411f7aa4c6
2026-03-29 18:42:29|qwen|web_search_no_think|5|JSON_VERIFIED||825|6456b2d3-0854-4293-be81-1190f1d9aeed
2026-03-29 18:42:29|qwen|web_search_no_think|5|QUESTION|27|825|6456b2d3-0854-4293-be81-1190f1d9aeed
2026-03-29 18:42:29|qwen|web_search_no_think|5|JSON_SAVED||825|6456b2d3-0854-4293-be81-1190f1d9aeed
2026-03-29 18:42:29|qwen|web_search_no_think|5|QUESTION_ADVANCE||826|3ba055c4-0e2d-4b46-97ef-0a229f7e4301
2026-03-29 18:42:30|qwen|web_search_no_think|4|QUESTION_SENT||776|64eb4cc2-5f92-489b-98fd-7d4688d45144
2026-03-29 18:42:31|qwen|web_search_no_think|1|QUESTION_SENT||635|e7a7b357-2e67-4c8d-8916-90e821e9705f
2026-03-29 18:42:33|qwen|web_search_no_think|2|JSON_VERIFIED||692|69375a3e-ff2f-42d0-9e9a-45438985ddb8
2026-03-29 18:42:33|qwen|web_search_no_think|2|QUESTION|48|692|69375a3e-ff2f-42d0-9e9a-45438985ddb8
2026-03-29 18:42:33|qwen|web_search_no_think|2|JSON_SAVED||692|69375a3e-ff2f-42d0-9e9a-45438985ddb8
2026-03-29 18:42:33|qwen|web_search_no_think|2|QUESTION_ADVANCE||693|38047ecc-aa67-4466-b445-bda0ab09be6f
2026-03-29 18:42:38|qwen|web_search_no_think|3|QUESTION_SENT||724|bdd31077-b160-499d-8ce7-cf411f7aa4c6
2026-03-29 18:42:55|qwen|web_search_no_think|5|QUESTION_SENT||826|3ba055c4-0e2d-4b46-97ef-0a229f7e4301
2026-03-29 18:42:57|qwen|web_search_no_think|0|JSON_VERIFY_FAILED||591|fcc6eb5a-2208-4a3d-b2eb-e31945b55e60
2026-03-29 18:42:57|qwen|web_search_no_think|0|QUESTION|47|591|fcc6eb5a-2208-4a3d-b2eb-e31945b55e60
2026-03-29 18:43:00|qwen|web_search_no_think|2|QUESTION_SENT||693|38047ecc-aa67-4466-b445-bda0ab09be6f
2026-03-29 18:43:23|qwen|web_search_no_think|0|QUESTION_SENT||591|fcc6eb5a-2208-4a3d-b2eb-e31945b55e60
2026-03-29 18:43:33|qwen|web_search_no_think|1|JSON_VERIFY_FAILED||635|e7a7b357-2e67-4c8d-8916-90e821e9705f
2026-03-29 18:43:33|qwen|web_search_no_think|1|QUESTION|44|635|e7a7b357-2e67-4c8d-8916-90e821e9705f
2026-03-29 18:43:38|qwen|web_search_no_think|4|JSON_VERIFY_FAILED||776|64eb4cc2-5f92-489b-98fd-7d4688d45144
2026-03-29 18:43:38|qwen|web_search_no_think|4|QUESTION|28|776|64eb4cc2-5f92-489b-98fd-7d4688d45144
2026-03-29 18:43:44|qwen|web_search_no_think|4|QUESTION_SENT||776|64eb4cc2-5f92-489b-98fd-7d4688d45144
2026-03-29 18:44:00|qwen|web_search_no_think|1|QUESTION_SENT||635|e7a7b357-2e67-4c8d-8916-90e821e9705f
2026-03-29 18:44:29|qwen|web_search_no_think|5|JSON_VERIFIED||826|3ba055c4-0e2d-4b46-97ef-0a229f7e4301
2026-03-29 18:44:29|qwen|web_search_no_think|5|QUESTION|28|826|3ba055c4-0e2d-4b46-97ef-0a229f7e4301
2026-03-29 18:44:29|qwen|web_search_no_think|5|JSON_SAVED||826|3ba055c4-0e2d-4b46-97ef-0a229f7e4301
2026-03-29 18:44:29|qwen|web_search_no_think|5|QUESTION_ADVANCE||827|1e44c95d-31b1-4422-82c8-edb8598cc479
2026-03-29 18:44:33|qwen|web_search_no_think|3|JSON_VERIFIED||724|bdd31077-b160-499d-8ce7-cf411f7aa4c6
2026-03-29 18:44:33|qwen|web_search_no_think|3|QUESTION|30|724|bdd31077-b160-499d-8ce7-cf411f7aa4c6
2026-03-29 18:44:33|qwen|web_search_no_think|3|JSON_SAVED||724|bdd31077-b160-499d-8ce7-cf411f7aa4c6
2026-03-29 18:44:33|qwen|web_search_no_think|3|QUESTION_ADVANCE||725|4b2f501d-194a-4990-8161-2ac2c07600eb
2026-03-29 18:44:52|qwen|web_search_no_think|2|JSON_VERIFIED||693|38047ecc-aa67-4466-b445-bda0ab09be6f
2026-03-29 18:44:52|qwen|web_search_no_think|2|QUESTION|49|693|38047ecc-aa67-4466-b445-bda0ab09be6f
2026-03-29 18:44:52|qwen|web_search_no_think|2|JSON_SAVED||693|38047ecc-aa67-4466-b445-bda0ab09be6f
2026-03-29 18:44:52|qwen|web_search_no_think|2|QUESTION_ADVANCE||694|5f84d1e3-a173-48eb-ad9c-c855a58c33a7
2026-03-29 18:44:55|qwen|web_search_no_think|5|QUESTION_SENT||827|1e44c95d-31b1-4422-82c8-edb8598cc479
2026-03-29 18:44:59|qwen|web_search_no_think|3|QUESTION_SENT||725|4b2f501d-194a-4990-8161-2ac2c07600eb
2026-03-29 18:45:11|qwen|web_search_no_think|0|JSON_VERIFIED||591|fcc6eb5a-2208-4a3d-b2eb-e31945b55e60
2026-03-29 18:45:11|qwen|web_search_no_think|0|QUESTION|48|591|fcc6eb5a-2208-4a3d-b2eb-e31945b55e60
2026-03-29 18:45:11|qwen|web_search_no_think|0|JSON_SAVED||591|fcc6eb5a-2208-4a3d-b2eb-e31945b55e60
2026-03-29 18:45:11|qwen|web_search_no_think|0|QUESTION_ADVANCE||592|a46f1c5a-a8a0-4160-8cbe-936c86c59a94
2026-03-29 18:45:18|qwen|web_search_no_think|2|QUESTION_SENT||694|5f84d1e3-a173-48eb-ad9c-c855a58c33a7
2026-03-29 18:45:28|qwen|web_search_no_think|1|JSON_VERIFIED||635|e7a7b357-2e67-4c8d-8916-90e821e9705f
2026-03-29 18:45:28|qwen|web_search_no_think|1|QUESTION|45|635|e7a7b357-2e67-4c8d-8916-90e821e9705f
2026-03-29 18:45:28|qwen|web_search_no_think|1|JSON_SAVED||635|e7a7b357-2e67-4c8d-8916-90e821e9705f
2026-03-29 18:45:28|qwen|web_search_no_think|1|QUESTION_ADVANCE||636|33aa0227-9e79-4686-9ac6-1ced371b0b61
2026-03-29 18:45:37|qwen|web_search_no_think|0|QUESTION_SENT||592|a46f1c5a-a8a0-4160-8cbe-936c86c59a94
2026-03-29 18:45:38|qwen|web_search_no_think|3|JSON_VERIFY_FAILED||725|4b2f501d-194a-4990-8161-2ac2c07600eb
2026-03-29 18:45:38|qwen|web_search_no_think|3|QUESTION|31|725|4b2f501d-194a-4990-8161-2ac2c07600eb
2026-03-29 18:45:54|qwen|web_search_no_think|1|QUESTION_SENT||636|33aa0227-9e79-4686-9ac6-1ced371b0b61
2026-03-29 18:46:04|qwen|web_search_no_think|3|QUESTION_SENT||725|4b2f501d-194a-4990-8161-2ac2c07600eb
2026-03-29 18:46:18|qwen|web_search_no_think|5|JSON_VERIFIED||827|1e44c95d-31b1-4422-82c8-edb8598cc479
2026-03-29 18:46:18|qwen|web_search_no_think|5|QUESTION|29|827|1e44c95d-31b1-4422-82c8-edb8598cc479
2026-03-29 18:46:18|qwen|web_search_no_think|5|JSON_SAVED||827|1e44c95d-31b1-4422-82c8-edb8598cc479
2026-03-29 18:46:18|qwen|web_search_no_think|5|QUESTION_ADVANCE||828|4f5cae99-8343-401d-9f21-8f6101e3b53a
2026-03-29 18:46:38|qwen|web_search_no_think|2|JSON_VERIFIED||694|5f84d1e3-a173-48eb-ad9c-c855a58c33a7
2026-03-29 18:46:38|qwen|web_search_no_think|2|QUESTION|50|694|5f84d1e3-a173-48eb-ad9c-c855a58c33a7
2026-03-29 18:46:38|qwen|web_search_no_think|2|JSON_SAVED||694|5f84d1e3-a173-48eb-ad9c-c855a58c33a7
2026-03-29 18:46:38|qwen|web_search_no_think|2|QUESTION_ADVANCE||695|76861f1c-406f-4587-9292-5fe3e91a24a6
2026-03-29 18:46:44|qwen|web_search_no_think|5|QUESTION_SENT||828|4f5cae99-8343-401d-9f21-8f6101e3b53a
2026-03-29 18:47:04|qwen|web_search_no_think|2|QUESTION_SENT||695|76861f1c-406f-4587-9292-5fe3e91a24a6
2026-03-29 18:47:06|qwen|web_search_no_think|1|JSON_VERIFIED||636|33aa0227-9e79-4686-9ac6-1ced371b0b61
2026-03-29 18:47:06|qwen|web_search_no_think|1|QUESTION|46|636|33aa0227-9e79-4686-9ac6-1ced371b0b61
2026-03-29 18:47:06|qwen|web_search_no_think|1|JSON_SAVED||636|33aa0227-9e79-4686-9ac6-1ced371b0b61
2026-03-29 18:47:06|qwen|web_search_no_think|1|QUESTION_ADVANCE||637|0f89631f-a212-46ef-9ddf-f3b4f451853c
2026-03-29 18:47:14|qwen|web_search_no_think|0|JSON_VERIFIED||592|a46f1c5a-a8a0-4160-8cbe-936c86c59a94
2026-03-29 18:47:14|qwen|web_search_no_think|0|QUESTION|49|592|a46f1c5a-a8a0-4160-8cbe-936c86c59a94
2026-03-29 18:47:14|qwen|web_search_no_think|0|JSON_SAVED||592|a46f1c5a-a8a0-4160-8cbe-936c86c59a94
2026-03-29 18:47:14|qwen|web_search_no_think|0|QUESTION_ADVANCE||593|fbf95d16-7949-48e5-afce-087600b1ac98
2026-03-29 18:47:19|qwen|web_search_no_think|3|JSON_VERIFIED||725|4b2f501d-194a-4990-8161-2ac2c07600eb
2026-03-29 18:47:19|qwen|web_search_no_think|3|QUESTION|32|725|4b2f501d-194a-4990-8161-2ac2c07600eb
2026-03-29 18:47:19|qwen|web_search_no_think|3|JSON_SAVED||725|4b2f501d-194a-4990-8161-2ac2c07600eb
2026-03-29 18:47:19|qwen|web_search_no_think|3|QUESTION_ADVANCE||726|9ca4fe9a-6dbd-4053-9454-db470e2409fe
2026-03-29 18:47:33|qwen|web_search_no_think|1|QUESTION_SENT||637|0f89631f-a212-46ef-9ddf-f3b4f451853c
2026-03-29 18:47:40|qwen|web_search_no_think|0|QUESTION_SENT||593|fbf95d16-7949-48e5-afce-087600b1ac98
2026-03-29 18:47:46|qwen|web_search_no_think|3|QUESTION_SENT||726|9ca4fe9a-6dbd-4053-9454-db470e2409fe
2026-03-29 18:47:58|qwen|web_search_no_think|2|JSON_VERIFY_FAILED||695|76861f1c-406f-4587-9292-5fe3e91a24a6
2026-03-29 18:47:58|qwen|web_search_no_think|2|QUESTION|51|695|76861f1c-406f-4587-9292-5fe3e91a24a6
2026-03-29 18:48:14|qwen|web_search_no_think|5|JSON_VERIFIED||828|4f5cae99-8343-401d-9f21-8f6101e3b53a
2026-03-29 18:48:14|qwen|web_search_no_think|5|QUESTION|30|828|4f5cae99-8343-401d-9f21-8f6101e3b53a
2026-03-29 18:48:14|qwen|web_search_no_think|5|JSON_SAVED||828|4f5cae99-8343-401d-9f21-8f6101e3b53a
2026-03-29 18:48:14|qwen|web_search_no_think|5|QUESTION_ADVANCE||829|1965c455-7b42-4a49-a645-838c06fb1edc
2026-03-29 18:48:24|qwen|web_search_no_think|2|QUESTION_SENT||695|76861f1c-406f-4587-9292-5fe3e91a24a6
2026-03-29 18:48:40|qwen|web_search_no_think|5|QUESTION_SENT||829|1965c455-7b42-4a49-a645-838c06fb1edc
2026-03-29 18:48:58|qwen|web_search_no_think|0|JSON_VERIFIED||593|fbf95d16-7949-48e5-afce-087600b1ac98
2026-03-29 18:48:58|qwen|web_search_no_think|0|QUESTION|50|593|fbf95d16-7949-48e5-afce-087600b1ac98
2026-03-29 18:48:58|qwen|web_search_no_think|0|JSON_SAVED||593|fbf95d16-7949-48e5-afce-087600b1ac98
2026-03-29 18:48:58|qwen|web_search_no_think|0|QUESTION_ADVANCE||594|bbcbb2a8-3405-4e40-9efe-b80ee9cd9a82
2026-03-29 18:49:05|qwen|web_search_no_think|3|JSON_VERIFIED||726|9ca4fe9a-6dbd-4053-9454-db470e2409fe
2026-03-29 18:49:05|qwen|web_search_no_think|3|QUESTION|33|726|9ca4fe9a-6dbd-4053-9454-db470e2409fe
2026-03-29 18:49:05|qwen|web_search_no_think|3|JSON_SAVED||726|9ca4fe9a-6dbd-4053-9454-db470e2409fe
2026-03-29 18:49:05|qwen|web_search_no_think|3|QUESTION_ADVANCE||727|b8a8364e-020d-445c-8624-3a48ead46ddb
2026-03-29 18:49:24|qwen|web_search_no_think|0|QUESTION_SENT||594|bbcbb2a8-3405-4e40-9efe-b80ee9cd9a82
2026-03-29 18:49:32|qwen|web_search_no_think|3|QUESTION_SENT||727|b8a8364e-020d-445c-8624-3a48ead46ddb
2026-03-29 18:49:32|qwen|web_search_no_think|2|JSON_VERIFIED||695|76861f1c-406f-4587-9292-5fe3e91a24a6
2026-03-29 18:49:32|qwen|web_search_no_think|2|QUESTION|52|695|76861f1c-406f-4587-9292-5fe3e91a24a6
2026-03-29 18:49:32|qwen|web_search_no_think|2|JSON_SAVED||695|76861f1c-406f-4587-9292-5fe3e91a24a6
2026-03-29 18:49:32|qwen|web_search_no_think|2|QUESTION_ADVANCE||696|9dfc3ef5-dd60-4826-a88d-0131df472571
2026-03-29 18:49:45|qwen|web_search_no_think|1|JSON_VERIFIED||637|0f89631f-a212-46ef-9ddf-f3b4f451853c
2026-03-29 18:49:45|qwen|web_search_no_think|1|QUESTION|47|637|0f89631f-a212-46ef-9ddf-f3b4f451853c
2026-03-29 18:49:45|qwen|web_search_no_think|1|JSON_SAVED||637|0f89631f-a212-46ef-9ddf-f3b4f451853c
2026-03-29 18:49:45|qwen|web_search_no_think|1|QUESTION_ADVANCE||638|f54e8a01-9c65-4835-a94d-128f4418dc70
2026-03-29 18:49:59|qwen|web_search_no_think|2|QUESTION_SENT||696|9dfc3ef5-dd60-4826-a88d-0131df472571
2026-03-29 18:50:11|qwen|web_search_no_think|1|QUESTION_SENT||638|f54e8a01-9c65-4835-a94d-128f4418dc70
2026-03-29 18:51:00|qwen|web_search_no_think|0|JSON_VERIFIED||594|bbcbb2a8-3405-4e40-9efe-b80ee9cd9a82
2026-03-29 18:51:00|qwen|web_search_no_think|0|QUESTION|51|594|bbcbb2a8-3405-4e40-9efe-b80ee9cd9a82
2026-03-29 18:51:00|qwen|web_search_no_think|0|JSON_SAVED||594|bbcbb2a8-3405-4e40-9efe-b80ee9cd9a82
2026-03-29 18:51:00|qwen|web_search_no_think|0|QUESTION_ADVANCE||595|c16613c1-f38b-48c8-8a0c-52bd6c262b6c
2026-03-29 18:51:22|qwen|web_search_no_think|3|JSON_VERIFIED||727|b8a8364e-020d-445c-8624-3a48ead46ddb
2026-03-29 18:51:22|qwen|web_search_no_think|3|QUESTION|34|727|b8a8364e-020d-445c-8624-3a48ead46ddb
2026-03-29 18:51:22|qwen|web_search_no_think|3|JSON_SAVED||727|b8a8364e-020d-445c-8624-3a48ead46ddb
2026-03-29 18:51:22|qwen|web_search_no_think|3|QUESTION_ADVANCE||728|b6018bc1-233a-4def-bfbd-fcb455d55ce3
2026-03-29 18:51:26|qwen|web_search_no_think|0|QUESTION_SENT||595|c16613c1-f38b-48c8-8a0c-52bd6c262b6c
2026-03-29 18:51:32|qwen|web_search_no_think|1|JSON_VERIFIED||638|f54e8a01-9c65-4835-a94d-128f4418dc70
2026-03-29 18:51:32|qwen|web_search_no_think|1|QUESTION|48|638|f54e8a01-9c65-4835-a94d-128f4418dc70
2026-03-29 18:51:32|qwen|web_search_no_think|1|JSON_SAVED||638|f54e8a01-9c65-4835-a94d-128f4418dc70
2026-03-29 18:51:32|qwen|web_search_no_think|1|QUESTION_ADVANCE||639|0a4363d5-f6e5-4bf2-a17c-0bbc03979765
2026-03-29 18:51:38|qwen|web_search_no_think|2|JSON_VERIFIED||696|9dfc3ef5-dd60-4826-a88d-0131df472571
2026-03-29 18:51:38|qwen|web_search_no_think|2|QUESTION|53|696|9dfc3ef5-dd60-4826-a88d-0131df472571
2026-03-29 18:51:38|qwen|web_search_no_think|2|JSON_SAVED||696|9dfc3ef5-dd60-4826-a88d-0131df472571
2026-03-29 18:51:38|qwen|web_search_no_think|2|QUESTION_ADVANCE||697|7e79d589-83b5-4c56-97de-a422240cca15
2026-03-29 18:51:49|qwen|web_search_no_think|3|QUESTION_SENT||728|b6018bc1-233a-4def-bfbd-fcb455d55ce3
2026-03-29 18:51:58|qwen|web_search_no_think|1|QUESTION_SENT||639|0a4363d5-f6e5-4bf2-a17c-0bbc03979765
2026-03-29 18:52:04|qwen|web_search_no_think|2|QUESTION_SENT||697|7e79d589-83b5-4c56-97de-a422240cca15
2026-03-29 18:53:05|qwen|web_search_no_think|0|JSON_VERIFIED||595|c16613c1-f38b-48c8-8a0c-52bd6c262b6c
2026-03-29 18:53:05|qwen|web_search_no_think|0|QUESTION|52|595|c16613c1-f38b-48c8-8a0c-52bd6c262b6c
2026-03-29 18:53:05|qwen|web_search_no_think|0|JSON_SAVED||595|c16613c1-f38b-48c8-8a0c-52bd6c262b6c
2026-03-29 18:53:05|qwen|web_search_no_think|0|QUESTION_ADVANCE||596|764fd8f1-027c-41be-97d9-97107d68a0bc
2026-03-29 18:53:12|qwen|web_search_no_think|3|JSON_VERIFIED||728|b6018bc1-233a-4def-bfbd-fcb455d55ce3
2026-03-29 18:53:12|qwen|web_search_no_think|3|QUESTION|35|728|b6018bc1-233a-4def-bfbd-fcb455d55ce3
2026-03-29 18:53:12|qwen|web_search_no_think|3|JSON_SAVED||728|b6018bc1-233a-4def-bfbd-fcb455d55ce3
2026-03-29 18:53:12|qwen|web_search_no_think|3|QUESTION_ADVANCE||729|627f19ae-d925-472a-b1be-154b189f34cb
2026-03-29 18:53:32|qwen|web_search_no_think|0|QUESTION_SENT||596|764fd8f1-027c-41be-97d9-97107d68a0bc
2026-03-29 18:53:36|qwen|web_search_no_think|1|JSON_VERIFIED||639|0a4363d5-f6e5-4bf2-a17c-0bbc03979765
2026-03-29 18:53:36|qwen|web_search_no_think|1|QUESTION|49|639|0a4363d5-f6e5-4bf2-a17c-0bbc03979765
2026-03-29 18:53:36|qwen|web_search_no_think|1|JSON_SAVED||639|0a4363d5-f6e5-4bf2-a17c-0bbc03979765
2026-03-29 18:53:36|qwen|web_search_no_think|1|QUESTION_ADVANCE||640|7fb88d62-5ab4-4dd1-8ba7-8e11a82bd087
2026-03-29 18:53:39|qwen|web_search_no_think|3|QUESTION_SENT||729|627f19ae-d925-472a-b1be-154b189f34cb
2026-03-29 18:54:03|qwen|web_search_no_think|1|QUESTION_SENT||640|7fb88d62-5ab4-4dd1-8ba7-8e11a82bd087
2026-03-29 18:54:58|qwen|web_search_no_think|0|JSON_VERIFIED||596|764fd8f1-027c-41be-97d9-97107d68a0bc
2026-03-29 18:54:58|qwen|web_search_no_think|0|QUESTION|53|596|764fd8f1-027c-41be-97d9-97107d68a0bc
2026-03-29 18:54:58|qwen|web_search_no_think|0|JSON_SAVED||596|764fd8f1-027c-41be-97d9-97107d68a0bc
2026-03-29 18:54:58|qwen|web_search_no_think|0|QUESTION_ADVANCE||597|b34107b8-fad0-4a13-82d1-5d400914c161
2026-03-29 18:55:01|qwen|web_search_no_think|3|JSON_VERIFIED||729|627f19ae-d925-472a-b1be-154b189f34cb
2026-03-29 18:55:01|qwen|web_search_no_think|3|QUESTION|36|729|627f19ae-d925-472a-b1be-154b189f34cb
2026-03-29 18:55:01|qwen|web_search_no_think|3|JSON_SAVED||729|627f19ae-d925-472a-b1be-154b189f34cb
2026-03-29 18:55:01|qwen|web_search_no_think|3|QUESTION_ADVANCE||730|1854a6a5-2ecc-47b9-a5b2-cd0362bda414
2026-03-29 18:55:22|qwen|web_search_no_think|5|QUESTION_SENT||829|1965c455-7b42-4a49-a645-838c06fb1edc
2026-03-29 18:55:25|qwen|web_search_no_think|0|QUESTION_SENT||597|b34107b8-fad0-4a13-82d1-5d400914c161
2026-03-29 18:55:27|qwen|web_search_no_think|3|QUESTION_SENT||730|1854a6a5-2ecc-47b9-a5b2-cd0362bda414
2026-03-29 18:55:28|qwen|web_search_no_think|1|JSON_VERIFIED||640|7fb88d62-5ab4-4dd1-8ba7-8e11a82bd087
2026-03-29 18:55:28|qwen|web_search_no_think|1|QUESTION|50|640|7fb88d62-5ab4-4dd1-8ba7-8e11a82bd087
2026-03-29 18:55:28|qwen|web_search_no_think|1|JSON_SAVED||640|7fb88d62-5ab4-4dd1-8ba7-8e11a82bd087
2026-03-29 18:55:28|qwen|web_search_no_think|1|QUESTION_ADVANCE||641|75c32425-0aa4-4f24-ba99-9764a7008245
2026-03-29 18:55:54|qwen|web_search_no_think|1|QUESTION_SENT||641|75c32425-0aa4-4f24-ba99-9764a7008245
2026-03-29 18:56:47|qwen|web_search_no_think|3|JSON_VERIFIED||730|1854a6a5-2ecc-47b9-a5b2-cd0362bda414
2026-03-29 18:56:47|qwen|web_search_no_think|3|QUESTION|37|730|1854a6a5-2ecc-47b9-a5b2-cd0362bda414
2026-03-29 18:56:47|qwen|web_search_no_think|3|JSON_SAVED||730|1854a6a5-2ecc-47b9-a5b2-cd0362bda414
2026-03-29 18:56:47|qwen|web_search_no_think|3|QUESTION_ADVANCE||731|d03b5a4d-c1fb-41c1-a3fc-e8d2e4fcbc2d
2026-03-29 18:56:53|qwen|web_search_no_think|0|JSON_VERIFIED||597|b34107b8-fad0-4a13-82d1-5d400914c161
2026-03-29 18:56:53|qwen|web_search_no_think|0|QUESTION|54|597|b34107b8-fad0-4a13-82d1-5d400914c161
2026-03-29 18:56:53|qwen|web_search_no_think|0|JSON_SAVED||597|b34107b8-fad0-4a13-82d1-5d400914c161
2026-03-29 18:56:53|qwen|web_search_no_think|0|QUESTION_ADVANCE||598|b188686c-85a9-4b47-8689-a7710866fdaf
2026-03-29 18:57:04|qwen|web_search_no_think|5|JSON_VERIFIED||829|1965c455-7b42-4a49-a645-838c06fb1edc
2026-03-29 18:57:04|qwen|web_search_no_think|5|QUESTION|31|829|1965c455-7b42-4a49-a645-838c06fb1edc
2026-03-29 18:57:04|qwen|web_search_no_think|5|JSON_SAVED||829|1965c455-7b42-4a49-a645-838c06fb1edc
2026-03-29 18:57:04|qwen|web_search_no_think|5|QUESTION_ADVANCE||830|c9317410-db63-4a9d-a4f2-13a34333cc5b
2026-03-29 18:57:13|qwen|web_search_no_think|3|QUESTION_SENT||731|d03b5a4d-c1fb-41c1-a3fc-e8d2e4fcbc2d
2026-03-29 18:57:19|qwen|web_search_no_think|0|QUESTION_SENT||598|b188686c-85a9-4b47-8689-a7710866fdaf
2026-03-29 18:57:26|qwen|web_search_no_think|1|JSON_VERIFIED||641|75c32425-0aa4-4f24-ba99-9764a7008245
2026-03-29 18:57:26|qwen|web_search_no_think|1|QUESTION|51|641|75c32425-0aa4-4f24-ba99-9764a7008245
2026-03-29 18:57:26|qwen|web_search_no_think|1|JSON_SAVED||641|75c32425-0aa4-4f24-ba99-9764a7008245
2026-03-29 18:57:26|qwen|web_search_no_think|1|QUESTION_ADVANCE||642|4815d5b8-92bb-4416-902b-43fe1f09b327
2026-03-29 18:57:30|qwen|web_search_no_think|5|QUESTION_SENT||830|c9317410-db63-4a9d-a4f2-13a34333cc5b
2026-03-29 18:57:53|qwen|web_search_no_think|1|QUESTION_SENT||642|4815d5b8-92bb-4416-902b-43fe1f09b327
2026-03-29 18:58:22|qwen|web_search_no_think|2|QUESTION_SENT||697|7e79d589-83b5-4c56-97de-a422240cca15
2026-03-29 18:58:31|qwen|web_search_no_think|0|JSON_VERIFY_FAILED||598|b188686c-85a9-4b47-8689-a7710866fdaf
2026-03-29 18:58:31|qwen|web_search_no_think|0|QUESTION|55|598|b188686c-85a9-4b47-8689-a7710866fdaf
2026-03-29 18:58:36|qwen|web_search_no_think|4|QUESTION_SENT||776|64eb4cc2-5f92-489b-98fd-7d4688d45144
2026-03-29 18:58:56|qwen|web_search_no_think|5|JSON_VERIFIED||830|c9317410-db63-4a9d-a4f2-13a34333cc5b
2026-03-29 18:58:56|qwen|web_search_no_think|5|QUESTION|32|830|c9317410-db63-4a9d-a4f2-13a34333cc5b
2026-03-29 18:58:56|qwen|web_search_no_think|5|JSON_SAVED||830|c9317410-db63-4a9d-a4f2-13a34333cc5b
2026-03-29 18:58:56|qwen|web_search_no_think|5|QUESTION_ADVANCE||831|5ff81ce9-8481-4b31-83a1-787cf82d830d
2026-03-29 18:58:58|qwen|web_search_no_think|0|QUESTION_SENT||598|b188686c-85a9-4b47-8689-a7710866fdaf
2026-03-29 18:59:21|qwen|web_search_no_think|3|JSON_VERIFIED||731|d03b5a4d-c1fb-41c1-a3fc-e8d2e4fcbc2d
2026-03-29 18:59:21|qwen|web_search_no_think|3|QUESTION|38|731|d03b5a4d-c1fb-41c1-a3fc-e8d2e4fcbc2d
2026-03-29 18:59:21|qwen|web_search_no_think|3|JSON_SAVED||731|d03b5a4d-c1fb-41c1-a3fc-e8d2e4fcbc2d
2026-03-29 18:59:21|qwen|web_search_no_think|3|QUESTION_ADVANCE||732|e87ab9ab-ff08-4ef0-b531-ad004ea1e57d
2026-03-29 18:59:22|qwen|web_search_no_think|5|QUESTION_SENT||831|5ff81ce9-8481-4b31-83a1-787cf82d830d
2026-03-29 18:59:28|qwen|web_search_no_think|1|JSON_VERIFIED||642|4815d5b8-92bb-4416-902b-43fe1f09b327
2026-03-29 18:59:28|qwen|web_search_no_think|1|QUESTION|52|642|4815d5b8-92bb-4416-902b-43fe1f09b327
2026-03-29 18:59:28|qwen|web_search_no_think|1|JSON_SAVED||642|4815d5b8-92bb-4416-902b-43fe1f09b327
2026-03-29 18:59:28|qwen|web_search_no_think|1|QUESTION_ADVANCE||643|9400698f-3c2b-49cb-82e6-98f5abd5d8fd
2026-03-29 18:59:47|qwen|web_search_no_think|3|QUESTION_SENT||732|e87ab9ab-ff08-4ef0-b531-ad004ea1e57d
2026-03-29 18:59:54|qwen|web_search_no_think|1|QUESTION_SENT||643|9400698f-3c2b-49cb-82e6-98f5abd5d8fd
2026-03-29 18:59:56|qwen|web_search_no_think|4|JSON_VERIFIED||776|64eb4cc2-5f92-489b-98fd-7d4688d45144
2026-03-29 18:59:56|qwen|web_search_no_think|4|QUESTION|29|776|64eb4cc2-5f92-489b-98fd-7d4688d45144
2026-03-29 18:59:56|qwen|web_search_no_think|4|JSON_SAVED||776|64eb4cc2-5f92-489b-98fd-7d4688d45144
2026-03-29 18:59:56|qwen|web_search_no_think|4|QUESTION_ADVANCE||777|eb0bb80f-0c81-4279-8a8a-f749e0f98e0c
2026-03-29 19:00:12|qwen|web_search_no_think|2|JSON_VERIFIED||697|7e79d589-83b5-4c56-97de-a422240cca15
2026-03-29 19:00:12|qwen|web_search_no_think|2|QUESTION|54|697|7e79d589-83b5-4c56-97de-a422240cca15
2026-03-29 19:00:12|qwen|web_search_no_think|2|JSON_SAVED||697|7e79d589-83b5-4c56-97de-a422240cca15
2026-03-29 19:00:12|qwen|web_search_no_think|2|QUESTION_ADVANCE||698|dac13f4b-2533-425d-a097-b4815a85b4fc
2026-03-29 19:00:22|qwen|web_search_no_think|4|QUESTION_SENT||777|eb0bb80f-0c81-4279-8a8a-f749e0f98e0c
2026-03-29 19:00:36|qwen|web_search_no_think|0|JSON_VERIFIED||598|b188686c-85a9-4b47-8689-a7710866fdaf
2026-03-29 19:00:36|qwen|web_search_no_think|0|QUESTION|56|598|b188686c-85a9-4b47-8689-a7710866fdaf
2026-03-29 19:00:36|qwen|web_search_no_think|0|JSON_SAVED||598|b188686c-85a9-4b47-8689-a7710866fdaf
2026-03-29 19:00:36|qwen|web_search_no_think|0|QUESTION_ADVANCE||599|7bd6f154-5b50-4dc0-8246-dc0cae8b5b0b
2026-03-29 19:00:38|qwen|web_search_no_think|2|QUESTION_SENT||698|dac13f4b-2533-425d-a097-b4815a85b4fc
2026-03-29 19:01:02|qwen|web_search_no_think|0|QUESTION_SENT||599|7bd6f154-5b50-4dc0-8246-dc0cae8b5b0b
2026-03-29 19:01:24|qwen|web_search_no_think|5|JSON_VERIFIED||831|5ff81ce9-8481-4b31-83a1-787cf82d830d
2026-03-29 19:01:24|qwen|web_search_no_think|5|QUESTION|33|831|5ff81ce9-8481-4b31-83a1-787cf82d830d
2026-03-29 19:01:24|qwen|web_search_no_think|5|JSON_SAVED||831|5ff81ce9-8481-4b31-83a1-787cf82d830d
2026-03-29 19:01:24|qwen|web_search_no_think|5|QUESTION_ADVANCE||832|369153f3-122b-4f74-b855-d1212530c72c
2026-03-29 19:01:39|qwen|web_search_no_think|1|JSON_VERIFIED||643|9400698f-3c2b-49cb-82e6-98f5abd5d8fd
2026-03-29 19:01:39|qwen|web_search_no_think|1|QUESTION|53|643|9400698f-3c2b-49cb-82e6-98f5abd5d8fd
2026-03-29 19:01:39|qwen|web_search_no_think|1|JSON_SAVED||643|9400698f-3c2b-49cb-82e6-98f5abd5d8fd
2026-03-29 19:01:39|qwen|web_search_no_think|1|QUESTION_ADVANCE||644|8957398f-6adf-4a8d-9f3e-540ef70cc553
2026-03-29 19:01:50|qwen|web_search_no_think|5|QUESTION_SENT||832|369153f3-122b-4f74-b855-d1212530c72c
2026-03-29 19:01:55|qwen|web_search_no_think|3|JSON_VERIFIED||732|e87ab9ab-ff08-4ef0-b531-ad004ea1e57d
2026-03-29 19:01:55|qwen|web_search_no_think|3|QUESTION|39|732|e87ab9ab-ff08-4ef0-b531-ad004ea1e57d
2026-03-29 19:01:55|qwen|web_search_no_think|3|JSON_SAVED||732|e87ab9ab-ff08-4ef0-b531-ad004ea1e57d
2026-03-29 19:01:55|qwen|web_search_no_think|3|QUESTION_ADVANCE||733|6c0feb99-ff1b-4681-a316-4e692ae2e149
2026-03-29 19:02:06|qwen|web_search_no_think|1|QUESTION_SENT||644|8957398f-6adf-4a8d-9f3e-540ef70cc553
2026-03-29 19:02:07|qwen|web_search_no_think|2|JSON_VERIFY_FAILED||698|dac13f4b-2533-425d-a097-b4815a85b4fc
2026-03-29 19:02:07|qwen|web_search_no_think|2|QUESTION|55|698|dac13f4b-2533-425d-a097-b4815a85b4fc
2026-03-29 19:02:14|qwen|web_search_no_think|4|JSON_VERIFIED||777|eb0bb80f-0c81-4279-8a8a-f749e0f98e0c
2026-03-29 19:02:14|qwen|web_search_no_think|4|QUESTION|30|777|eb0bb80f-0c81-4279-8a8a-f749e0f98e0c
2026-03-29 19:02:14|qwen|web_search_no_think|4|JSON_SAVED||777|eb0bb80f-0c81-4279-8a8a-f749e0f98e0c
2026-03-29 19:02:14|qwen|web_search_no_think|4|QUESTION_ADVANCE||778|a955ab46-cd41-42cb-baca-d23ece2f7ccb
2026-03-29 19:02:21|qwen|web_search_no_think|3|QUESTION_SENT||733|6c0feb99-ff1b-4681-a316-4e692ae2e149
2026-03-29 19:02:34|qwen|web_search_no_think|2|QUESTION_SENT||698|dac13f4b-2533-425d-a097-b4815a85b4fc
2026-03-29 19:02:40|qwen|web_search_no_think|4|QUESTION_SENT||778|a955ab46-cd41-42cb-baca-d23ece2f7ccb
2026-03-29 19:02:50|qwen|web_search_no_think|0|JSON_VERIFIED||599|7bd6f154-5b50-4dc0-8246-dc0cae8b5b0b
2026-03-29 19:02:50|qwen|web_search_no_think|0|QUESTION|57|599|7bd6f154-5b50-4dc0-8246-dc0cae8b5b0b
2026-03-29 19:02:50|qwen|web_search_no_think|0|JSON_SAVED||599|7bd6f154-5b50-4dc0-8246-dc0cae8b5b0b
2026-03-29 19:02:50|qwen|web_search_no_think|0|QUESTION_ADVANCE||600|812e2230-635a-4b0a-9986-2bd0f57c93c1
2026-03-29 19:03:16|qwen|web_search_no_think|0|QUESTION_SENT||600|812e2230-635a-4b0a-9986-2bd0f57c93c1
2026-03-29 19:03:17|qwen|web_search_no_think|5|JSON_VERIFY_FAILED||832|369153f3-122b-4f74-b855-d1212530c72c
2026-03-29 19:03:17|qwen|web_search_no_think|5|QUESTION|34|832|369153f3-122b-4f74-b855-d1212530c72c
2026-03-29 19:03:24|qwen|web_search_no_think|1|JSON_VERIFIED||644|8957398f-6adf-4a8d-9f3e-540ef70cc553
2026-03-29 19:03:24|qwen|web_search_no_think|1|QUESTION|54|644|8957398f-6adf-4a8d-9f3e-540ef70cc553
2026-03-29 19:03:24|qwen|web_search_no_think|1|JSON_SAVED||644|8957398f-6adf-4a8d-9f3e-540ef70cc553
2026-03-29 19:03:24|qwen|web_search_no_think|1|QUESTION_ADVANCE||645|8e187592-ae79-49c7-aaab-51c3db9f0faf
2026-03-29 19:03:43|qwen|web_search_no_think|5|QUESTION_SENT||832|369153f3-122b-4f74-b855-d1212530c72c
2026-03-29 19:03:50|qwen|web_search_no_think|1|QUESTION_SENT||645|8e187592-ae79-49c7-aaab-51c3db9f0faf
2026-03-29 19:04:16|qwen|web_search_no_think|2|JSON_VERIFIED||698|dac13f4b-2533-425d-a097-b4815a85b4fc
2026-03-29 19:04:16|qwen|web_search_no_think|2|QUESTION|56|698|dac13f4b-2533-425d-a097-b4815a85b4fc
2026-03-29 19:04:16|qwen|web_search_no_think|2|JSON_SAVED||698|dac13f4b-2533-425d-a097-b4815a85b4fc
2026-03-29 19:04:16|qwen|web_search_no_think|2|QUESTION_ADVANCE||699|d623a751-3a0f-4b37-9ec1-0e6b52b3fed8
2026-03-29 19:04:21|qwen|web_search_no_think|4|JSON_VERIFIED||778|a955ab46-cd41-42cb-baca-d23ece2f7ccb
2026-03-29 19:04:21|qwen|web_search_no_think|4|QUESTION|31|778|a955ab46-cd41-42cb-baca-d23ece2f7ccb
2026-03-29 19:04:21|qwen|web_search_no_think|4|JSON_SAVED||778|a955ab46-cd41-42cb-baca-d23ece2f7ccb
2026-03-29 19:04:21|qwen|web_search_no_think|4|QUESTION_ADVANCE||779|925f2834-6056-4ad2-86dc-52277d0a0f69
2026-03-29 19:04:29|qwen|web_search_no_think|3|JSON_VERIFIED||733|6c0feb99-ff1b-4681-a316-4e692ae2e149
2026-03-29 19:04:29|qwen|web_search_no_think|3|QUESTION|40|733|6c0feb99-ff1b-4681-a316-4e692ae2e149
2026-03-29 19:04:29|qwen|web_search_no_think|3|JSON_SAVED||733|6c0feb99-ff1b-4681-a316-4e692ae2e149
2026-03-29 19:04:29|qwen|web_search_no_think|3|QUESTION_ADVANCE||734|f8a39a12-35b8-4bb1-9b53-991e790518fc
2026-03-29 19:04:42|qwen|web_search_no_think|2|QUESTION_SENT||699|d623a751-3a0f-4b37-9ec1-0e6b52b3fed8
2026-03-29 19:04:46|qwen|web_search_no_think|0|JSON_VERIFIED||600|812e2230-635a-4b0a-9986-2bd0f57c93c1
2026-03-29 19:04:46|qwen|web_search_no_think|0|QUESTION|58|600|812e2230-635a-4b0a-9986-2bd0f57c93c1
2026-03-29 19:04:46|qwen|web_search_no_think|0|JSON_SAVED||600|812e2230-635a-4b0a-9986-2bd0f57c93c1
2026-03-29 19:04:47|qwen|web_search_no_think|0|STOP||601|
2026-03-29 19:04:47|qwen|web_search_no_think|4|QUESTION_SENT||779|925f2834-6056-4ad2-86dc-52277d0a0f69
2026-03-29 19:04:56|qwen|web_search_no_think|3|QUESTION_SENT||734|f8a39a12-35b8-4bb1-9b53-991e790518fc
2026-03-29 19:05:41|qwen|web_search_no_think|1|JSON_VERIFIED||645|8e187592-ae79-49c7-aaab-51c3db9f0faf
2026-03-29 19:05:41|qwen|web_search_no_think|1|QUESTION|55|645|8e187592-ae79-49c7-aaab-51c3db9f0faf
2026-03-29 19:05:41|qwen|web_search_no_think|1|JSON_SAVED||645|8e187592-ae79-49c7-aaab-51c3db9f0faf
2026-03-29 19:05:41|qwen|web_search_no_think|1|QUESTION_ADVANCE||646|f01fa2b7-972a-4bf2-bbb2-165efd647b26
2026-03-29 19:05:57|qwen|web_search_no_think|4|JSON_VERIFIED||779|925f2834-6056-4ad2-86dc-52277d0a0f69
2026-03-29 19:05:57|qwen|web_search_no_think|4|QUESTION|32|779|925f2834-6056-4ad2-86dc-52277d0a0f69
2026-03-29 19:05:57|qwen|web_search_no_think|4|JSON_SAVED||779|925f2834-6056-4ad2-86dc-52277d0a0f69
2026-03-29 19:05:57|qwen|web_search_no_think|4|QUESTION_ADVANCE||780|1f1fc889-bfc7-481c-b632-907690b11be2
2026-03-29 19:06:07|qwen|web_search_no_think|1|QUESTION_SENT||646|f01fa2b7-972a-4bf2-bbb2-165efd647b26
2026-03-29 19:06:21|qwen|web_search_no_think|3|JSON_VERIFIED||734|f8a39a12-35b8-4bb1-9b53-991e790518fc
2026-03-29 19:06:21|qwen|web_search_no_think|3|QUESTION|41|734|f8a39a12-35b8-4bb1-9b53-991e790518fc
2026-03-29 19:06:21|qwen|web_search_no_think|3|JSON_SAVED||734|f8a39a12-35b8-4bb1-9b53-991e790518fc
2026-03-29 19:06:21|qwen|web_search_no_think|3|QUESTION_ADVANCE||735|c769e5c3-56c8-4bc6-b58d-f3566b3f8fb4
2026-03-29 19:06:23|qwen|web_search_no_think|4|QUESTION_SENT||780|1f1fc889-bfc7-481c-b632-907690b11be2
2026-03-29 19:06:44|qwen|web_search_no_think|2|JSON_VERIFIED||699|d623a751-3a0f-4b37-9ec1-0e6b52b3fed8
2026-03-29 19:06:44|qwen|web_search_no_think|2|QUESTION|57|699|d623a751-3a0f-4b37-9ec1-0e6b52b3fed8
2026-03-29 19:06:44|qwen|web_search_no_think|2|JSON_SAVED||699|d623a751-3a0f-4b37-9ec1-0e6b52b3fed8
2026-03-29 19:06:44|qwen|web_search_no_think|2|QUESTION_ADVANCE||700|5300aba3-7c7b-4d67-83ac-f220b51b0cfa
2026-03-29 19:06:47|qwen|web_search_no_think|3|QUESTION_SENT||735|c769e5c3-56c8-4bc6-b58d-f3566b3f8fb4
2026-03-29 19:07:11|qwen|web_search_no_think|2|QUESTION_SENT||700|5300aba3-7c7b-4d67-83ac-f220b51b0cfa
2026-03-29 19:07:58|qwen|web_search_no_think|1|JSON_VERIFIED||646|f01fa2b7-972a-4bf2-bbb2-165efd647b26
2026-03-29 19:07:58|qwen|web_search_no_think|1|QUESTION|56|646|f01fa2b7-972a-4bf2-bbb2-165efd647b26
2026-03-29 19:07:58|qwen|web_search_no_think|1|JSON_SAVED||646|f01fa2b7-972a-4bf2-bbb2-165efd647b26
2026-03-29 19:07:58|qwen|web_search_no_think|1|QUESTION_ADVANCE||647|d0dfc83d-af6b-4b85-a122-a26676335a6d
2026-03-29 19:07:58|qwen|web_search_no_think|4|JSON_VERIFIED||780|1f1fc889-bfc7-481c-b632-907690b11be2
2026-03-29 19:07:58|qwen|web_search_no_think|4|QUESTION|33|780|1f1fc889-bfc7-481c-b632-907690b11be2
2026-03-29 19:07:58|qwen|web_search_no_think|4|JSON_SAVED||780|1f1fc889-bfc7-481c-b632-907690b11be2
2026-03-29 19:07:58|qwen|web_search_no_think|4|QUESTION_ADVANCE||781|b0b22aa2-31bc-48da-84b4-a3a184e0aaf7
2026-03-29 19:08:09|qwen|web_search_no_think|3|JSON_VERIFIED||735|c769e5c3-56c8-4bc6-b58d-f3566b3f8fb4
2026-03-29 19:08:09|qwen|web_search_no_think|3|QUESTION|42|735|c769e5c3-56c8-4bc6-b58d-f3566b3f8fb4
2026-03-29 19:08:09|qwen|web_search_no_think|3|JSON_SAVED||735|c769e5c3-56c8-4bc6-b58d-f3566b3f8fb4
2026-03-29 19:08:09|qwen|web_search_no_think|3|QUESTION_ADVANCE||736|a1ee19cd-c07b-4602-b4de-7b97d68d401e
2026-03-29 19:08:19|qwen|web_search_no_think|2|JSON_VERIFIED||700|5300aba3-7c7b-4d67-83ac-f220b51b0cfa
2026-03-29 19:08:19|qwen|web_search_no_think|2|QUESTION|58|700|5300aba3-7c7b-4d67-83ac-f220b51b0cfa
2026-03-29 19:08:19|qwen|web_search_no_think|2|JSON_SAVED||700|5300aba3-7c7b-4d67-83ac-f220b51b0cfa
2026-03-29 19:08:20|qwen|web_search_no_think|2|STOP||701|
2026-03-29 19:08:24|qwen|web_search_no_think|1|QUESTION_SENT||647|d0dfc83d-af6b-4b85-a122-a26676335a6d
2026-03-29 19:08:25|qwen|web_search_no_think|4|QUESTION_SENT||781|b0b22aa2-31bc-48da-84b4-a3a184e0aaf7
2026-03-29 19:08:36|qwen|web_search_no_think|3|QUESTION_SENT||736|a1ee19cd-c07b-4602-b4de-7b97d68d401e
2026-03-29 19:09:21|qwen|web_search_no_think|4|JSON_VERIFIED||781|b0b22aa2-31bc-48da-84b4-a3a184e0aaf7
2026-03-29 19:09:21|qwen|web_search_no_think|4|QUESTION|34|781|b0b22aa2-31bc-48da-84b4-a3a184e0aaf7
2026-03-29 19:09:21|qwen|web_search_no_think|4|JSON_SAVED||781|b0b22aa2-31bc-48da-84b4-a3a184e0aaf7
2026-03-29 19:09:21|qwen|web_search_no_think|4|QUESTION_ADVANCE||782|be2db88b-dda5-4a6f-8aa3-e24e2d8f9af2
2026-03-29 19:09:31|qwen|web_search_no_think|1|JSON_VERIFIED||647|d0dfc83d-af6b-4b85-a122-a26676335a6d
2026-03-29 19:09:31|qwen|web_search_no_think|1|QUESTION|57|647|d0dfc83d-af6b-4b85-a122-a26676335a6d
2026-03-29 19:09:31|qwen|web_search_no_think|1|JSON_SAVED||647|d0dfc83d-af6b-4b85-a122-a26676335a6d
2026-03-29 19:09:31|qwen|web_search_no_think|1|QUESTION_ADVANCE||648|9627c7cc-39a4-4d43-8774-aa65c383ed91
2026-03-29 19:09:48|qwen|web_search_no_think|4|QUESTION_SENT||782|be2db88b-dda5-4a6f-8aa3-e24e2d8f9af2
2026-03-29 19:09:57|qwen|web_search_no_think|1|QUESTION_SENT||648|9627c7cc-39a4-4d43-8774-aa65c383ed91
2026-03-29 19:10:15|qwen|web_search_no_think|3|JSON_VERIFIED||736|a1ee19cd-c07b-4602-b4de-7b97d68d401e
2026-03-29 19:10:15|qwen|web_search_no_think|3|QUESTION|43|736|a1ee19cd-c07b-4602-b4de-7b97d68d401e
2026-03-29 19:10:15|qwen|web_search_no_think|3|JSON_SAVED||736|a1ee19cd-c07b-4602-b4de-7b97d68d401e
2026-03-29 19:10:15|qwen|web_search_no_think|3|QUESTION_ADVANCE||737|5d8a347a-810e-49fc-bfb0-255b1ba16f01
2026-03-29 19:10:32|qwen|web_search_no_think|5|QUESTION_SENT||832|369153f3-122b-4f74-b855-d1212530c72c
2026-03-29 19:10:41|qwen|web_search_no_think|3|QUESTION_SENT||737|5d8a347a-810e-49fc-bfb0-255b1ba16f01
2026-03-29 19:11:11|qwen|web_search_no_think|5|JSON_VERIFY_FAILED||832|369153f3-122b-4f74-b855-d1212530c72c
2026-03-29 19:11:11|qwen|web_search_no_think|5|QUESTION|35|832|369153f3-122b-4f74-b855-d1212530c72c
2026-03-29 19:11:11|qwen|web_search_no_think|1|JSON_VERIFY_FAILED||648|9627c7cc-39a4-4d43-8774-aa65c383ed91
2026-03-29 19:11:11|qwen|web_search_no_think|1|QUESTION|58|648|9627c7cc-39a4-4d43-8774-aa65c383ed91
2026-03-29 19:11:13|qwen|web_search_no_think|4|JSON_VERIFIED||782|be2db88b-dda5-4a6f-8aa3-e24e2d8f9af2
2026-03-29 19:11:13|qwen|web_search_no_think|4|QUESTION|35|782|be2db88b-dda5-4a6f-8aa3-e24e2d8f9af2
2026-03-29 19:11:13|qwen|web_search_no_think|4|JSON_SAVED||782|be2db88b-dda5-4a6f-8aa3-e24e2d8f9af2
2026-03-29 19:11:13|qwen|web_search_no_think|4|QUESTION_ADVANCE||783|6ebef3c7-7a2d-4acf-bc98-90f76a263700
2026-03-29 19:11:37|qwen|web_search_no_think|5|QUESTION_SENT||832|369153f3-122b-4f74-b855-d1212530c72c
2026-03-29 19:11:37|qwen|web_search_no_think|1|QUESTION_SENT||648|9627c7cc-39a4-4d43-8774-aa65c383ed91
2026-03-29 19:11:39|qwen|web_search_no_think|4|QUESTION_SENT||783|6ebef3c7-7a2d-4acf-bc98-90f76a263700
2026-03-29 19:12:31|qwen|web_search_no_think|3|JSON_VERIFIED||737|5d8a347a-810e-49fc-bfb0-255b1ba16f01
2026-03-29 19:12:31|qwen|web_search_no_think|3|QUESTION|44|737|5d8a347a-810e-49fc-bfb0-255b1ba16f01
2026-03-29 19:12:31|qwen|web_search_no_think|3|JSON_SAVED||737|5d8a347a-810e-49fc-bfb0-255b1ba16f01
2026-03-29 19:12:31|qwen|web_search_no_think|3|QUESTION_ADVANCE||738|589e24ed-00b8-45a5-90b4-3f0a580db777
2026-03-29 19:12:57|qwen|web_search_no_think|3|QUESTION_SENT||738|589e24ed-00b8-45a5-90b4-3f0a580db777
2026-03-29 19:13:10|qwen|web_search_no_think|4|JSON_VERIFIED||783|6ebef3c7-7a2d-4acf-bc98-90f76a263700
2026-03-29 19:13:10|qwen|web_search_no_think|4|QUESTION|36|783|6ebef3c7-7a2d-4acf-bc98-90f76a263700
2026-03-29 19:13:10|qwen|web_search_no_think|4|JSON_SAVED||783|6ebef3c7-7a2d-4acf-bc98-90f76a263700
2026-03-29 19:13:10|qwen|web_search_no_think|4|QUESTION_ADVANCE||784|f38a9f65-a08a-4ed2-a2d7-b3aa3466860a
2026-03-29 19:13:11|qwen|web_search_no_think|5|JSON_VERIFIED||832|369153f3-122b-4f74-b855-d1212530c72c
2026-03-29 19:13:11|qwen|web_search_no_think|5|QUESTION|36|832|369153f3-122b-4f74-b855-d1212530c72c
2026-03-29 19:13:11|qwen|web_search_no_think|5|JSON_SAVED||832|369153f3-122b-4f74-b855-d1212530c72c
2026-03-29 19:13:11|qwen|web_search_no_think|5|QUESTION_ADVANCE||833|4a890b15-b740-4e12-a5cd-0b184b1d1d1d
2026-03-29 19:13:28|qwen|web_search_no_think|1|JSON_VERIFIED||648|9627c7cc-39a4-4d43-8774-aa65c383ed91
2026-03-29 19:13:28|qwen|web_search_no_think|1|QUESTION|59|648|9627c7cc-39a4-4d43-8774-aa65c383ed91
2026-03-29 19:13:28|qwen|web_search_no_think|1|JSON_SAVED||648|9627c7cc-39a4-4d43-8774-aa65c383ed91
2026-03-29 19:13:28|qwen|web_search_no_think|1|QUESTION_ADVANCE||649|5acaacca-a878-41b3-9bd7-b4366f9b0f8f
2026-03-29 19:13:37|qwen|web_search_no_think|4|QUESTION_SENT||784|f38a9f65-a08a-4ed2-a2d7-b3aa3466860a
2026-03-29 19:13:37|qwen|web_search_no_think|5|QUESTION_SENT||833|4a890b15-b740-4e12-a5cd-0b184b1d1d1d
2026-03-29 19:13:54|qwen|web_search_no_think|1|QUESTION_SENT||649|5acaacca-a878-41b3-9bd7-b4366f9b0f8f
2026-03-29 19:14:16|qwen|web_search_no_think|3|JSON_VERIFIED||738|589e24ed-00b8-45a5-90b4-3f0a580db777
2026-03-29 19:14:16|qwen|web_search_no_think|3|QUESTION|45|738|589e24ed-00b8-45a5-90b4-3f0a580db777
2026-03-29 19:14:16|qwen|web_search_no_think|3|JSON_SAVED||738|589e24ed-00b8-45a5-90b4-3f0a580db777
2026-03-29 19:14:16|qwen|web_search_no_think|3|QUESTION_ADVANCE||739|f870a138-eb20-4bd1-8bfd-73c76f566aad
2026-03-29 19:14:43|qwen|web_search_no_think|3|QUESTION_SENT||739|f870a138-eb20-4bd1-8bfd-73c76f566aad
2026-03-29 19:14:53|qwen|web_search_no_think|4|JSON_VERIFIED||784|f38a9f65-a08a-4ed2-a2d7-b3aa3466860a
2026-03-29 19:14:53|qwen|web_search_no_think|4|QUESTION|37|784|f38a9f65-a08a-4ed2-a2d7-b3aa3466860a
2026-03-29 19:14:53|qwen|web_search_no_think|4|JSON_SAVED||784|f38a9f65-a08a-4ed2-a2d7-b3aa3466860a
2026-03-29 19:14:53|qwen|web_search_no_think|4|QUESTION_ADVANCE||785|07e22f67-f59e-4fac-92c1-8c4b8166ea57
2026-03-29 19:15:20|qwen|web_search_no_think|4|QUESTION_SENT||785|07e22f67-f59e-4fac-92c1-8c4b8166ea57
2026-03-29 19:15:27|qwen|web_search_no_think|1|JSON_VERIFIED||649|5acaacca-a878-41b3-9bd7-b4366f9b0f8f
2026-03-29 19:15:27|qwen|web_search_no_think|1|QUESTION|60|649|5acaacca-a878-41b3-9bd7-b4366f9b0f8f
2026-03-29 19:15:27|qwen|web_search_no_think|1|JSON_SAVED||649|5acaacca-a878-41b3-9bd7-b4366f9b0f8f
2026-03-29 19:15:27|qwen|web_search_no_think|1|QUESTION_ADVANCE||650|3730ac58-4ffd-4cbc-a073-14da0ba97ce1
2026-03-29 19:15:53|qwen|web_search_no_think|1|QUESTION_SENT||650|3730ac58-4ffd-4cbc-a073-14da0ba97ce1
2026-03-29 19:16:23|qwen|web_search_no_think|3|JSON_VERIFIED||739|f870a138-eb20-4bd1-8bfd-73c76f566aad
2026-03-29 19:16:23|qwen|web_search_no_think|3|QUESTION|46|739|f870a138-eb20-4bd1-8bfd-73c76f566aad
2026-03-29 19:16:23|qwen|web_search_no_think|3|JSON_SAVED||739|f870a138-eb20-4bd1-8bfd-73c76f566aad
2026-03-29 19:16:23|qwen|web_search_no_think|3|QUESTION_ADVANCE||740|35183010-fb68-4dbe-8c36-44d7daf468dd
2026-03-29 19:16:50|qwen|web_search_no_think|3|QUESTION_SENT||740|35183010-fb68-4dbe-8c36-44d7daf468dd
2026-03-29 19:16:52|qwen|web_search_no_think|4|JSON_VERIFIED||785|07e22f67-f59e-4fac-92c1-8c4b8166ea57
2026-03-29 19:16:52|qwen|web_search_no_think|4|QUESTION|38|785|07e22f67-f59e-4fac-92c1-8c4b8166ea57
2026-03-29 19:16:52|qwen|web_search_no_think|4|JSON_SAVED||785|07e22f67-f59e-4fac-92c1-8c4b8166ea57
2026-03-29 19:16:52|qwen|web_search_no_think|4|QUESTION_ADVANCE||786|00ae55cc-7f4a-4595-9c2a-a616897ab1d0
2026-03-29 19:17:18|qwen|web_search_no_think|4|QUESTION_SENT||786|00ae55cc-7f4a-4595-9c2a-a616897ab1d0
2026-03-29 19:17:28|qwen|web_search_no_think|3|JSON_VERIFY_FAILED||740|35183010-fb68-4dbe-8c36-44d7daf468dd
2026-03-29 19:17:28|qwen|web_search_no_think|3|QUESTION|47|740|35183010-fb68-4dbe-8c36-44d7daf468dd
2026-03-29 19:17:44|qwen|web_search_no_think|1|JSON_VERIFIED||650|3730ac58-4ffd-4cbc-a073-14da0ba97ce1
2026-03-29 19:17:44|qwen|web_search_no_think|1|QUESTION|61|650|3730ac58-4ffd-4cbc-a073-14da0ba97ce1
2026-03-29 19:17:44|qwen|web_search_no_think|1|JSON_SAVED||650|3730ac58-4ffd-4cbc-a073-14da0ba97ce1
2026-03-29 19:17:45|qwen|web_search_no_think|1|STOP||651|
2026-03-29 19:17:54|qwen|web_search_no_think|3|QUESTION_SENT||740|35183010-fb68-4dbe-8c36-44d7daf468dd
2026-03-29 19:18:55|qwen|web_search_no_think|4|JSON_VERIFIED||786|00ae55cc-7f4a-4595-9c2a-a616897ab1d0
2026-03-29 19:18:55|qwen|web_search_no_think|4|QUESTION|39|786|00ae55cc-7f4a-4595-9c2a-a616897ab1d0
2026-03-29 19:18:55|qwen|web_search_no_think|4|JSON_SAVED||786|00ae55cc-7f4a-4595-9c2a-a616897ab1d0
2026-03-29 19:18:55|qwen|web_search_no_think|4|QUESTION_ADVANCE||787|c6038901-2e56-4535-bd43-00f3621ff1d7
2026-03-29 19:19:20|qwen|web_search_no_think|3|JSON_VERIFIED||740|35183010-fb68-4dbe-8c36-44d7daf468dd
2026-03-29 19:19:20|qwen|web_search_no_think|3|QUESTION|48|740|35183010-fb68-4dbe-8c36-44d7daf468dd
2026-03-29 19:19:20|qwen|web_search_no_think|3|JSON_SAVED||740|35183010-fb68-4dbe-8c36-44d7daf468dd
2026-03-29 19:19:20|qwen|web_search_no_think|3|QUESTION_ADVANCE||741|dc265b3c-84b6-4291-a694-cb42e496db51
2026-03-29 19:19:21|qwen|web_search_no_think|4|QUESTION_SENT||787|c6038901-2e56-4535-bd43-00f3621ff1d7
2026-03-29 19:19:46|qwen|web_search_no_think|3|QUESTION_SENT||741|dc265b3c-84b6-4291-a694-cb42e496db51
2026-03-29 19:20:19|qwen|web_search_no_think|5|QUESTION_SENT||833|4a890b15-b740-4e12-a5cd-0b184b1d1d1d
2026-03-29 19:21:00|qwen|web_search_no_think|4|JSON_VERIFIED||787|c6038901-2e56-4535-bd43-00f3621ff1d7
2026-03-29 19:21:00|qwen|web_search_no_think|4|QUESTION|40|787|c6038901-2e56-4535-bd43-00f3621ff1d7
2026-03-29 19:21:00|qwen|web_search_no_think|4|JSON_SAVED||787|c6038901-2e56-4535-bd43-00f3621ff1d7
2026-03-29 19:21:00|qwen|web_search_no_think|4|QUESTION_ADVANCE||788|478e67e9-10b1-45c2-bdbf-a4f8af12b595
2026-03-29 19:21:08|qwen|web_search_no_think|3|JSON_VERIFIED||741|dc265b3c-84b6-4291-a694-cb42e496db51
2026-03-29 19:21:08|qwen|web_search_no_think|3|QUESTION|49|741|dc265b3c-84b6-4291-a694-cb42e496db51
2026-03-29 19:21:08|qwen|web_search_no_think|3|JSON_SAVED||741|dc265b3c-84b6-4291-a694-cb42e496db51
2026-03-29 19:21:08|qwen|web_search_no_think|3|QUESTION_ADVANCE||742|e88cf00b-e565-4845-989c-89b1fd50d0f8
2026-03-29 19:21:27|qwen|web_search_no_think|4|QUESTION_SENT||788|478e67e9-10b1-45c2-bdbf-a4f8af12b595
2026-03-29 19:21:34|qwen|web_search_no_think|5|JSON_VERIFIED||833|4a890b15-b740-4e12-a5cd-0b184b1d1d1d
2026-03-29 19:21:34|qwen|web_search_no_think|5|QUESTION|37|833|4a890b15-b740-4e12-a5cd-0b184b1d1d1d
2026-03-29 19:21:34|qwen|web_search_no_think|5|JSON_SAVED||833|4a890b15-b740-4e12-a5cd-0b184b1d1d1d
2026-03-29 19:21:34|qwen|web_search_no_think|5|QUESTION_ADVANCE||834|b3ecac32-4416-419b-b73e-f39c5bd3946c
2026-03-29 19:21:35|qwen|web_search_no_think|3|QUESTION_SENT||742|e88cf00b-e565-4845-989c-89b1fd50d0f8
2026-03-29 19:22:01|qwen|web_search_no_think|5|QUESTION_SENT||834|b3ecac32-4416-419b-b73e-f39c5bd3946c
2026-03-29 19:22:48|qwen|web_search_no_think|3|JSON_VERIFIED||742|e88cf00b-e565-4845-989c-89b1fd50d0f8
2026-03-29 19:22:48|qwen|web_search_no_think|3|QUESTION|50|742|e88cf00b-e565-4845-989c-89b1fd50d0f8
2026-03-29 19:22:48|qwen|web_search_no_think|3|JSON_SAVED||742|e88cf00b-e565-4845-989c-89b1fd50d0f8
2026-03-29 19:22:48|qwen|web_search_no_think|3|QUESTION_ADVANCE||743|82b838fd-bfe3-43c2-88ae-43e6dbb0756e
2026-03-29 19:23:15|qwen|web_search_no_think|3|QUESTION_SENT||743|82b838fd-bfe3-43c2-88ae-43e6dbb0756e
2026-03-29 19:23:26|qwen|web_search_no_think|5|JSON_VERIFIED||834|b3ecac32-4416-419b-b73e-f39c5bd3946c
2026-03-29 19:23:26|qwen|web_search_no_think|5|QUESTION|38|834|b3ecac32-4416-419b-b73e-f39c5bd3946c
2026-03-29 19:23:26|qwen|web_search_no_think|5|JSON_SAVED||834|b3ecac32-4416-419b-b73e-f39c5bd3946c
2026-03-29 19:23:26|qwen|web_search_no_think|5|QUESTION_ADVANCE||835|00384831-9ac7-4d98-8ea8-0ed31845ded3
2026-03-29 19:23:29|qwen|web_search_no_think|4|JSON_VERIFIED||788|478e67e9-10b1-45c2-bdbf-a4f8af12b595
2026-03-29 19:23:29|qwen|web_search_no_think|4|QUESTION|41|788|478e67e9-10b1-45c2-bdbf-a4f8af12b595
2026-03-29 19:23:29|qwen|web_search_no_think|4|JSON_SAVED||788|478e67e9-10b1-45c2-bdbf-a4f8af12b595
2026-03-29 19:23:29|qwen|web_search_no_think|4|QUESTION_ADVANCE||789|394ebd0b-4a30-45ea-a3ab-a33ee541c72a
2026-03-29 19:23:52|qwen|web_search_no_think|5|QUESTION_SENT||835|00384831-9ac7-4d98-8ea8-0ed31845ded3
2026-03-29 19:23:55|qwen|web_search_no_think|4|QUESTION_SENT||789|394ebd0b-4a30-45ea-a3ab-a33ee541c72a
2026-03-29 19:24:43|qwen|web_search_no_think|3|JSON_VERIFIED||743|82b838fd-bfe3-43c2-88ae-43e6dbb0756e
2026-03-29 19:24:43|qwen|web_search_no_think|3|QUESTION|51|743|82b838fd-bfe3-43c2-88ae-43e6dbb0756e
2026-03-29 19:24:43|qwen|web_search_no_think|3|JSON_SAVED||743|82b838fd-bfe3-43c2-88ae-43e6dbb0756e
2026-03-29 19:24:43|qwen|web_search_no_think|3|QUESTION_ADVANCE||744|d4d8e7f3-8596-4c92-9f92-5187ebe6cedc
2026-03-29 19:25:09|qwen|web_search_no_think|3|QUESTION_SENT||744|d4d8e7f3-8596-4c92-9f92-5187ebe6cedc
2026-03-29 19:25:30|qwen|web_search_no_think|5|JSON_VERIFIED||835|00384831-9ac7-4d98-8ea8-0ed31845ded3
2026-03-29 19:25:30|qwen|web_search_no_think|5|QUESTION|39|835|00384831-9ac7-4d98-8ea8-0ed31845ded3
2026-03-29 19:25:30|qwen|web_search_no_think|5|JSON_SAVED||835|00384831-9ac7-4d98-8ea8-0ed31845ded3
2026-03-29 19:25:30|qwen|web_search_no_think|5|QUESTION_ADVANCE||836|b13981da-d779-4db1-b611-af8df8f1a16f
2026-03-29 19:25:36|qwen|web_search_no_think|4|JSON_VERIFIED||789|394ebd0b-4a30-45ea-a3ab-a33ee541c72a
2026-03-29 19:25:36|qwen|web_search_no_think|4|QUESTION|42|789|394ebd0b-4a30-45ea-a3ab-a33ee541c72a
2026-03-29 19:25:36|qwen|web_search_no_think|4|JSON_SAVED||789|394ebd0b-4a30-45ea-a3ab-a33ee541c72a
2026-03-29 19:25:36|qwen|web_search_no_think|4|QUESTION_ADVANCE||790|0a0db2ad-3d79-4e93-8fd2-825e5fa06f9a
2026-03-29 19:25:57|qwen|web_search_no_think|5|QUESTION_SENT||836|b13981da-d779-4db1-b611-af8df8f1a16f
2026-03-29 19:26:02|qwen|web_search_no_think|4|QUESTION_SENT||790|0a0db2ad-3d79-4e93-8fd2-825e5fa06f9a
2026-03-29 19:26:10|qwen|web_search_no_think|3|JSON_VERIFIED||744|d4d8e7f3-8596-4c92-9f92-5187ebe6cedc
2026-03-29 19:26:10|qwen|web_search_no_think|3|QUESTION|52|744|d4d8e7f3-8596-4c92-9f92-5187ebe6cedc
2026-03-29 19:26:10|qwen|web_search_no_think|3|JSON_SAVED||744|d4d8e7f3-8596-4c92-9f92-5187ebe6cedc
2026-03-29 19:26:10|qwen|web_search_no_think|3|QUESTION_ADVANCE||745|dbd14720-9cb0-46f5-a8de-0dc4e892c4b6
2026-03-29 19:26:37|qwen|web_search_no_think|3|QUESTION_SENT||745|dbd14720-9cb0-46f5-a8de-0dc4e892c4b6
2026-03-29 19:27:21|qwen|web_search_no_think|5|JSON_VERIFIED||836|b13981da-d779-4db1-b611-af8df8f1a16f
2026-03-29 19:27:21|qwen|web_search_no_think|5|QUESTION|40|836|b13981da-d779-4db1-b611-af8df8f1a16f
2026-03-29 19:27:21|qwen|web_search_no_think|5|JSON_SAVED||836|b13981da-d779-4db1-b611-af8df8f1a16f
2026-03-29 19:27:21|qwen|web_search_no_think|5|QUESTION_ADVANCE||837|aac58ea4-0a74-40e0-8589-425de2884bfd
2026-03-29 19:27:33|qwen|web_search_no_think|4|JSON_VERIFIED||790|0a0db2ad-3d79-4e93-8fd2-825e5fa06f9a
2026-03-29 19:27:33|qwen|web_search_no_think|4|QUESTION|43|790|0a0db2ad-3d79-4e93-8fd2-825e5fa06f9a
2026-03-29 19:27:33|qwen|web_search_no_think|4|JSON_SAVED||790|0a0db2ad-3d79-4e93-8fd2-825e5fa06f9a
2026-03-29 19:27:33|qwen|web_search_no_think|4|QUESTION_ADVANCE||791|b28eaaf9-41aa-4013-b6b7-35ba03fdf5be
2026-03-29 19:27:46|qwen|web_search_no_think|3|JSON_VERIFIED||745|dbd14720-9cb0-46f5-a8de-0dc4e892c4b6
2026-03-29 19:27:46|qwen|web_search_no_think|3|QUESTION|53|745|dbd14720-9cb0-46f5-a8de-0dc4e892c4b6
2026-03-29 19:27:46|qwen|web_search_no_think|3|JSON_SAVED||745|dbd14720-9cb0-46f5-a8de-0dc4e892c4b6
2026-03-29 19:27:46|qwen|web_search_no_think|3|QUESTION_ADVANCE||746|48b01a3f-938a-4372-8441-6679719057da
2026-03-29 19:27:47|qwen|web_search_no_think|5|QUESTION_SENT||837|aac58ea4-0a74-40e0-8589-425de2884bfd
2026-03-29 19:28:00|qwen|web_search_no_think|4|QUESTION_SENT||791|b28eaaf9-41aa-4013-b6b7-35ba03fdf5be
2026-03-29 19:28:12|qwen|web_search_no_think|3|QUESTION_SENT||746|48b01a3f-938a-4372-8441-6679719057da
2026-03-29 19:29:18|qwen|web_search_no_think|4|JSON_VERIFIED||791|b28eaaf9-41aa-4013-b6b7-35ba03fdf5be
2026-03-29 19:29:18|qwen|web_search_no_think|4|QUESTION|44|791|b28eaaf9-41aa-4013-b6b7-35ba03fdf5be
2026-03-29 19:29:18|qwen|web_search_no_think|4|JSON_SAVED||791|b28eaaf9-41aa-4013-b6b7-35ba03fdf5be
2026-03-29 19:29:18|qwen|web_search_no_think|4|QUESTION_ADVANCE||792|ebd508aa-77d8-4b07-be6e-7470a8136004
2026-03-29 19:29:40|qwen|web_search_no_think|3|JSON_VERIFY_FAILED||746|48b01a3f-938a-4372-8441-6679719057da
2026-03-29 19:29:40|qwen|web_search_no_think|3|QUESTION|54|746|48b01a3f-938a-4372-8441-6679719057da
2026-03-29 19:29:44|qwen|web_search_no_think|4|QUESTION_SENT||792|ebd508aa-77d8-4b07-be6e-7470a8136004
2026-03-29 19:29:49|qwen|web_search_no_think|5|JSON_VERIFIED||837|aac58ea4-0a74-40e0-8589-425de2884bfd
2026-03-29 19:29:49|qwen|web_search_no_think|5|QUESTION|41|837|aac58ea4-0a74-40e0-8589-425de2884bfd
2026-03-29 19:29:49|qwen|web_search_no_think|5|JSON_SAVED||837|aac58ea4-0a74-40e0-8589-425de2884bfd
2026-03-29 19:29:49|qwen|web_search_no_think|5|QUESTION_ADVANCE||838|51d3fb26-1aac-49a5-9319-951a98ef488f
2026-03-29 19:30:07|qwen|web_search_no_think|3|QUESTION_SENT||746|48b01a3f-938a-4372-8441-6679719057da
2026-03-29 19:30:15|qwen|web_search_no_think|5|QUESTION_SENT||838|51d3fb26-1aac-49a5-9319-951a98ef488f
2026-03-29 19:31:25|qwen|web_search_no_think|4|JSON_VERIFIED||792|ebd508aa-77d8-4b07-be6e-7470a8136004
2026-03-29 19:31:25|qwen|web_search_no_think|4|QUESTION|45|792|ebd508aa-77d8-4b07-be6e-7470a8136004
2026-03-29 19:31:25|qwen|web_search_no_think|4|JSON_SAVED||792|ebd508aa-77d8-4b07-be6e-7470a8136004
2026-03-29 19:31:25|qwen|web_search_no_think|4|QUESTION_ADVANCE||793|1af9c465-c3ff-4e8c-b84e-a6213dc1e512
2026-03-29 19:31:51|qwen|web_search_no_think|4|QUESTION_SENT||793|1af9c465-c3ff-4e8c-b84e-a6213dc1e512
2026-03-29 19:31:56|qwen|web_search_no_think|5|JSON_VERIFIED||838|51d3fb26-1aac-49a5-9319-951a98ef488f
2026-03-29 19:31:56|qwen|web_search_no_think|5|QUESTION|42|838|51d3fb26-1aac-49a5-9319-951a98ef488f
2026-03-29 19:31:56|qwen|web_search_no_think|5|JSON_SAVED||838|51d3fb26-1aac-49a5-9319-951a98ef488f
2026-03-29 19:31:56|qwen|web_search_no_think|5|QUESTION_ADVANCE||839|1e6aa492-3bd6-4dcc-be71-26a94c4bcd42
2026-03-29 19:32:05|qwen|web_search_no_think|3|JSON_VERIFIED||746|48b01a3f-938a-4372-8441-6679719057da
2026-03-29 19:32:05|qwen|web_search_no_think|3|QUESTION|55|746|48b01a3f-938a-4372-8441-6679719057da
2026-03-29 19:32:05|qwen|web_search_no_think|3|JSON_SAVED||746|48b01a3f-938a-4372-8441-6679719057da
2026-03-29 19:32:05|qwen|web_search_no_think|3|QUESTION_ADVANCE||747|3a5cc4dc-7d1f-4d50-8f9b-c180bc9db2aa
2026-03-29 19:32:22|qwen|web_search_no_think|5|QUESTION_SENT||839|1e6aa492-3bd6-4dcc-be71-26a94c4bcd42
2026-03-29 19:32:31|qwen|web_search_no_think|3|QUESTION_SENT||747|3a5cc4dc-7d1f-4d50-8f9b-c180bc9db2aa
2026-03-29 19:33:32|qwen|web_search_no_think|4|JSON_VERIFIED||793|1af9c465-c3ff-4e8c-b84e-a6213dc1e512
2026-03-29 19:33:32|qwen|web_search_no_think|4|QUESTION|46|793|1af9c465-c3ff-4e8c-b84e-a6213dc1e512
2026-03-29 19:33:32|qwen|web_search_no_think|4|JSON_SAVED||793|1af9c465-c3ff-4e8c-b84e-a6213dc1e512
2026-03-29 19:33:32|qwen|web_search_no_think|4|QUESTION_ADVANCE||794|e40ae9a2-70c4-4616-90b7-a505c4ad1bd6
2026-03-29 19:33:46|qwen|web_search_no_think|5|JSON_VERIFIED||839|1e6aa492-3bd6-4dcc-be71-26a94c4bcd42
2026-03-29 19:33:46|qwen|web_search_no_think|5|QUESTION|43|839|1e6aa492-3bd6-4dcc-be71-26a94c4bcd42
2026-03-29 19:33:46|qwen|web_search_no_think|5|JSON_SAVED||839|1e6aa492-3bd6-4dcc-be71-26a94c4bcd42
2026-03-29 19:33:46|qwen|web_search_no_think|5|QUESTION_ADVANCE||840|59a7af20-4259-4e88-aced-1b6c46bc1e97
2026-03-29 19:33:58|qwen|web_search_no_think|4|QUESTION_SENT||794|e40ae9a2-70c4-4616-90b7-a505c4ad1bd6
2026-03-29 19:34:06|qwen|web_search_no_think|3|JSON_VERIFIED||747|3a5cc4dc-7d1f-4d50-8f9b-c180bc9db2aa
2026-03-29 19:34:06|qwen|web_search_no_think|3|QUESTION|56|747|3a5cc4dc-7d1f-4d50-8f9b-c180bc9db2aa
2026-03-29 19:34:06|qwen|web_search_no_think|3|JSON_SAVED||747|3a5cc4dc-7d1f-4d50-8f9b-c180bc9db2aa
2026-03-29 19:34:06|qwen|web_search_no_think|3|QUESTION_ADVANCE||748|be0bfeca-5002-49b9-843d-ca4d8238d216
2026-03-29 19:34:13|qwen|web_search_no_think|5|QUESTION_SENT||840|59a7af20-4259-4e88-aced-1b6c46bc1e97
2026-03-29 19:34:32|qwen|web_search_no_think|3|QUESTION_SENT||748|be0bfeca-5002-49b9-843d-ca4d8238d216
2026-03-29 19:35:36|qwen|web_search_no_think|3|JSON_VERIFY_FAILED||748|be0bfeca-5002-49b9-843d-ca4d8238d216
2026-03-29 19:35:36|qwen|web_search_no_think|3|QUESTION|57|748|be0bfeca-5002-49b9-843d-ca4d8238d216
2026-03-29 19:35:45|qwen|web_search_no_think|5|JSON_VERIFIED||840|59a7af20-4259-4e88-aced-1b6c46bc1e97
2026-03-29 19:35:45|qwen|web_search_no_think|5|QUESTION|44|840|59a7af20-4259-4e88-aced-1b6c46bc1e97
2026-03-29 19:35:45|qwen|web_search_no_think|5|JSON_SAVED||840|59a7af20-4259-4e88-aced-1b6c46bc1e97
2026-03-29 19:35:45|qwen|web_search_no_think|5|QUESTION_ADVANCE||841|649b932e-7ed5-4c1a-9407-fe500a5c8517
2026-03-29 19:35:56|qwen|web_search_no_think|4|JSON_VERIFIED||794|e40ae9a2-70c4-4616-90b7-a505c4ad1bd6
2026-03-29 19:35:56|qwen|web_search_no_think|4|QUESTION|47|794|e40ae9a2-70c4-4616-90b7-a505c4ad1bd6
2026-03-29 19:35:56|qwen|web_search_no_think|4|JSON_SAVED||794|e40ae9a2-70c4-4616-90b7-a505c4ad1bd6
2026-03-29 19:35:56|qwen|web_search_no_think|4|QUESTION_ADVANCE||795|7ebd73d8-4aed-449b-ac74-6f5d37b979f7
2026-03-29 19:36:03|qwen|web_search_no_think|3|QUESTION_SENT||748|be0bfeca-5002-49b9-843d-ca4d8238d216
2026-03-29 19:36:11|qwen|web_search_no_think|5|QUESTION_SENT||841|649b932e-7ed5-4c1a-9407-fe500a5c8517
2026-03-29 19:36:22|qwen|web_search_no_think|4|QUESTION_SENT||795|7ebd73d8-4aed-449b-ac74-6f5d37b979f7
2026-03-29 19:37:26|qwen|web_search_no_think|5|JSON_VERIFIED||841|649b932e-7ed5-4c1a-9407-fe500a5c8517
2026-03-29 19:37:26|qwen|web_search_no_think|5|QUESTION|45|841|649b932e-7ed5-4c1a-9407-fe500a5c8517
2026-03-29 19:37:26|qwen|web_search_no_think|5|JSON_SAVED||841|649b932e-7ed5-4c1a-9407-fe500a5c8517
2026-03-29 19:37:26|qwen|web_search_no_think|5|QUESTION_ADVANCE||842|b8cf8b48-54b7-498b-a4f4-7bf3bbef059d
2026-03-29 19:37:33|qwen|web_search_no_think|4|JSON_VERIFIED||795|7ebd73d8-4aed-449b-ac74-6f5d37b979f7
2026-03-29 19:37:33|qwen|web_search_no_think|4|QUESTION|48|795|7ebd73d8-4aed-449b-ac74-6f5d37b979f7
2026-03-29 19:37:33|qwen|web_search_no_think|4|JSON_SAVED||795|7ebd73d8-4aed-449b-ac74-6f5d37b979f7
2026-03-29 19:37:33|qwen|web_search_no_think|4|QUESTION_ADVANCE||796|599d2c81-c684-457e-ae67-637abd01c6fa
2026-03-29 19:37:38|qwen|web_search_no_think|3|JSON_VERIFIED||748|be0bfeca-5002-49b9-843d-ca4d8238d216
2026-03-29 19:37:38|qwen|web_search_no_think|3|QUESTION|58|748|be0bfeca-5002-49b9-843d-ca4d8238d216
2026-03-29 19:37:38|qwen|web_search_no_think|3|JSON_SAVED||748|be0bfeca-5002-49b9-843d-ca4d8238d216
2026-03-29 19:37:38|qwen|web_search_no_think|3|QUESTION_ADVANCE||749|8d587cd1-db32-4092-bbbe-bc995126c7c5
2026-03-29 19:37:53|qwen|web_search_no_think|5|QUESTION_SENT||842|b8cf8b48-54b7-498b-a4f4-7bf3bbef059d
2026-03-29 19:38:00|qwen|web_search_no_think|4|QUESTION_SENT||796|599d2c81-c684-457e-ae67-637abd01c6fa
2026-03-29 19:38:04|qwen|web_search_no_think|3|QUESTION_SENT||749|8d587cd1-db32-4092-bbbe-bc995126c7c5
2026-03-29 19:39:09|qwen|web_search_no_think|5|JSON_VERIFIED||842|b8cf8b48-54b7-498b-a4f4-7bf3bbef059d
2026-03-29 19:39:09|qwen|web_search_no_think|5|QUESTION|46|842|b8cf8b48-54b7-498b-a4f4-7bf3bbef059d
2026-03-29 19:39:09|qwen|web_search_no_think|5|JSON_SAVED||842|b8cf8b48-54b7-498b-a4f4-7bf3bbef059d
2026-03-29 19:39:09|qwen|web_search_no_think|5|QUESTION_ADVANCE||843|cc95f30d-2b7b-433e-804e-167e1f252ef9
2026-03-29 19:39:12|qwen|web_search_no_think|4|JSON_VERIFIED||796|599d2c81-c684-457e-ae67-637abd01c6fa
2026-03-29 19:39:12|qwen|web_search_no_think|4|QUESTION|49|796|599d2c81-c684-457e-ae67-637abd01c6fa
2026-03-29 19:39:12|qwen|web_search_no_think|4|JSON_SAVED||796|599d2c81-c684-457e-ae67-637abd01c6fa
2026-03-29 19:39:12|qwen|web_search_no_think|4|QUESTION_ADVANCE||797|7459669b-bcfe-4c94-870b-f49bd2e7463b
2026-03-29 19:39:36|qwen|web_search_no_think|5|QUESTION_SENT||843|cc95f30d-2b7b-433e-804e-167e1f252ef9
2026-03-29 19:39:38|qwen|web_search_no_think|3|JSON_VERIFIED||749|8d587cd1-db32-4092-bbbe-bc995126c7c5
2026-03-29 19:39:38|qwen|web_search_no_think|3|QUESTION|59|749|8d587cd1-db32-4092-bbbe-bc995126c7c5
2026-03-29 19:39:38|qwen|web_search_no_think|3|JSON_SAVED||749|8d587cd1-db32-4092-bbbe-bc995126c7c5
2026-03-29 19:39:38|qwen|web_search_no_think|3|QUESTION_ADVANCE||750|fbff9a19-9613-4721-ae81-a1fae32d82cb
2026-03-29 19:39:38|qwen|web_search_no_think|4|QUESTION_SENT||797|7459669b-bcfe-4c94-870b-f49bd2e7463b
2026-03-29 19:40:04|qwen|web_search_no_think|3|QUESTION_SENT||750|fbff9a19-9613-4721-ae81-a1fae32d82cb
2026-03-29 19:41:19|qwen|web_search_no_think|5|JSON_VERIFIED||843|cc95f30d-2b7b-433e-804e-167e1f252ef9
2026-03-29 19:41:19|qwen|web_search_no_think|5|QUESTION|47|843|cc95f30d-2b7b-433e-804e-167e1f252ef9
2026-03-29 19:41:19|qwen|web_search_no_think|5|JSON_SAVED||843|cc95f30d-2b7b-433e-804e-167e1f252ef9
2026-03-29 19:41:19|qwen|web_search_no_think|5|QUESTION_ADVANCE||844|3a5891cf-57e8-4480-8ffb-130a9b45a31e
2026-03-29 19:41:35|qwen|web_search_no_think|4|JSON_VERIFIED||797|7459669b-bcfe-4c94-870b-f49bd2e7463b
2026-03-29 19:41:35|qwen|web_search_no_think|4|QUESTION|50|797|7459669b-bcfe-4c94-870b-f49bd2e7463b
2026-03-29 19:41:35|qwen|web_search_no_think|4|JSON_SAVED||797|7459669b-bcfe-4c94-870b-f49bd2e7463b
2026-03-29 19:41:35|qwen|web_search_no_think|4|QUESTION_ADVANCE||798|3a2f3e40-8cd4-4543-b2fb-404ea38e68d9
2026-03-29 19:41:46|qwen|web_search_no_think|5|QUESTION_SENT||844|3a5891cf-57e8-4480-8ffb-130a9b45a31e
2026-03-29 19:41:53|qwen|web_search_no_think|3|JSON_VERIFIED||750|fbff9a19-9613-4721-ae81-a1fae32d82cb
2026-03-29 19:41:53|qwen|web_search_no_think|3|QUESTION|60|750|fbff9a19-9613-4721-ae81-a1fae32d82cb
2026-03-29 19:41:53|qwen|web_search_no_think|3|JSON_SAVED||750|fbff9a19-9613-4721-ae81-a1fae32d82cb
2026-03-29 19:41:54|qwen|web_search_no_think|3|STOP||751|
2026-03-29 19:42:01|qwen|web_search_no_think|4|QUESTION_SENT||798|3a2f3e40-8cd4-4543-b2fb-404ea38e68d9
2026-03-29 19:43:39|qwen|web_search_no_think|4|JSON_VERIFIED||798|3a2f3e40-8cd4-4543-b2fb-404ea38e68d9
2026-03-29 19:43:39|qwen|web_search_no_think|4|QUESTION|51|798|3a2f3e40-8cd4-4543-b2fb-404ea38e68d9
2026-03-29 19:43:39|qwen|web_search_no_think|4|JSON_SAVED||798|3a2f3e40-8cd4-4543-b2fb-404ea38e68d9
2026-03-29 19:43:39|qwen|web_search_no_think|4|QUESTION_ADVANCE||799|25305862-055b-4169-9338-43d2dfa6ae70
2026-03-29 19:44:05|qwen|web_search_no_think|4|QUESTION_SENT||799|25305862-055b-4169-9338-43d2dfa6ae70
2026-03-29 19:45:40|qwen|web_search_no_think|4|JSON_VERIFIED||799|25305862-055b-4169-9338-43d2dfa6ae70
2026-03-29 19:45:40|qwen|web_search_no_think|4|QUESTION|52|799|25305862-055b-4169-9338-43d2dfa6ae70
2026-03-29 19:45:40|qwen|web_search_no_think|4|JSON_SAVED||799|25305862-055b-4169-9338-43d2dfa6ae70
2026-03-29 19:45:40|qwen|web_search_no_think|4|QUESTION_ADVANCE||800|2bb12998-72d9-4ef7-a412-324f4f57b013
2026-03-29 19:46:07|qwen|web_search_no_think|4|QUESTION_SENT||800|2bb12998-72d9-4ef7-a412-324f4f57b013
2026-03-29 19:46:45|qwen|web_search_no_think|5|JSON_VERIFIED||844|3a5891cf-57e8-4480-8ffb-130a9b45a31e
2026-03-29 19:46:45|qwen|web_search_no_think|5|QUESTION|48|844|3a5891cf-57e8-4480-8ffb-130a9b45a31e
2026-03-29 19:46:45|qwen|web_search_no_think|5|JSON_SAVED||844|3a5891cf-57e8-4480-8ffb-130a9b45a31e
2026-03-29 19:46:45|qwen|web_search_no_think|5|QUESTION_ADVANCE||845|2d4839ad-e643-4a91-8684-5063014b553b
2026-03-29 19:47:12|qwen|web_search_no_think|5|QUESTION_SENT||845|2d4839ad-e643-4a91-8684-5063014b553b
2026-03-29 19:47:25|qwen|web_search_no_think|4|JSON_VERIFIED||800|2bb12998-72d9-4ef7-a412-324f4f57b013
2026-03-29 19:47:25|qwen|web_search_no_think|4|QUESTION|53|800|2bb12998-72d9-4ef7-a412-324f4f57b013
2026-03-29 19:47:25|qwen|web_search_no_think|4|JSON_SAVED||800|2bb12998-72d9-4ef7-a412-324f4f57b013
2026-03-29 19:47:26|qwen|web_search_no_think|4|STOP||801|
2026-03-29 19:48:38|qwen|web_search_no_think|5|JSON_VERIFIED||845|2d4839ad-e643-4a91-8684-5063014b553b
2026-03-29 19:48:38|qwen|web_search_no_think|5|QUESTION|49|845|2d4839ad-e643-4a91-8684-5063014b553b
2026-03-29 19:48:38|qwen|web_search_no_think|5|JSON_SAVED||845|2d4839ad-e643-4a91-8684-5063014b553b
2026-03-29 19:48:38|qwen|web_search_no_think|5|QUESTION_ADVANCE||846|e0c91233-fb3d-4df3-9324-672c11f0228b
2026-03-29 19:49:04|qwen|web_search_no_think|5|QUESTION_SENT||846|e0c91233-fb3d-4df3-9324-672c11f0228b
2026-03-29 19:50:43|qwen|web_search_no_think|5|JSON_VERIFIED||846|e0c91233-fb3d-4df3-9324-672c11f0228b
2026-03-29 19:50:43|qwen|web_search_no_think|5|QUESTION|50|846|e0c91233-fb3d-4df3-9324-672c11f0228b
2026-03-29 19:50:43|qwen|web_search_no_think|5|JSON_SAVED||846|e0c91233-fb3d-4df3-9324-672c11f0228b
2026-03-29 19:50:43|qwen|web_search_no_think|5|QUESTION_ADVANCE||847|d762c356-0f2c-491c-8b83-611c3a06663a
2026-03-29 19:51:09|qwen|web_search_no_think|5|QUESTION_SENT||847|d762c356-0f2c-491c-8b83-611c3a06663a
2026-03-29 19:52:45|qwen|web_search_no_think|5|JSON_VERIFIED||847|d762c356-0f2c-491c-8b83-611c3a06663a
2026-03-29 19:52:45|qwen|web_search_no_think|5|QUESTION|51|847|d762c356-0f2c-491c-8b83-611c3a06663a
2026-03-29 19:52:45|qwen|web_search_no_think|5|JSON_SAVED||847|d762c356-0f2c-491c-8b83-611c3a06663a
2026-03-29 19:52:45|qwen|web_search_no_think|5|QUESTION_ADVANCE||848|896da20a-0481-4ee4-984a-f6d1066e5c07
2026-03-29 19:53:12|qwen|web_search_no_think|5|QUESTION_SENT||848|896da20a-0481-4ee4-984a-f6d1066e5c07
2026-03-29 19:54:27|qwen|web_search_no_think|5|JSON_VERIFIED||848|896da20a-0481-4ee4-984a-f6d1066e5c07
2026-03-29 19:54:27|qwen|web_search_no_think|5|QUESTION|52|848|896da20a-0481-4ee4-984a-f6d1066e5c07
2026-03-29 19:54:27|qwen|web_search_no_think|5|JSON_SAVED||848|896da20a-0481-4ee4-984a-f6d1066e5c07
2026-03-29 19:54:27|qwen|web_search_no_think|5|QUESTION_ADVANCE||849|93b56659-71b8-4981-947e-5954097a8f91
2026-03-29 19:54:53|qwen|web_search_no_think|5|QUESTION_SENT||849|93b56659-71b8-4981-947e-5954097a8f91
2026-03-29 19:56:03|qwen|web_search_no_think|5|JSON_VERIFIED||849|93b56659-71b8-4981-947e-5954097a8f91
2026-03-29 19:56:03|qwen|web_search_no_think|5|QUESTION|53|849|93b56659-71b8-4981-947e-5954097a8f91
2026-03-29 19:56:03|qwen|web_search_no_think|5|JSON_SAVED||849|93b56659-71b8-4981-947e-5954097a8f91
2026-03-29 19:56:03|qwen|web_search_no_think|5|QUESTION_ADVANCE||850|0e1fa875-f752-44a3-9fb2-6dd631254d2f
2026-03-29 19:56:29|qwen|web_search_no_think|5|QUESTION_SENT||850|0e1fa875-f752-44a3-9fb2-6dd631254d2f
2026-03-29 19:59:37|qwen|web_search_no_think|5|JSON_VERIFIED||850|0e1fa875-f752-44a3-9fb2-6dd631254d2f
2026-03-29 19:59:37|qwen|web_search_no_think|5|QUESTION|54|850|0e1fa875-f752-44a3-9fb2-6dd631254d2f
2026-03-29 19:59:37|qwen|web_search_no_think|5|JSON_SAVED||850|0e1fa875-f752-44a3-9fb2-6dd631254d2f
2026-03-29 19:59:38|qwen|web_search_no_think|5|STOP||851|
2026-03-29 21:03:43|qwen|web_search_no_think|5|RESTART||851|6b66976d-9677-4000-ad4d-a0363806da3b
2026-03-29 21:04:01|qwen|web_search_no_think|5|QUESTION_SENT||851|6b66976d-9677-4000-ad4d-a0363806da3b
2026-03-29 21:04:05|qwen|web_search_no_think|4|RESTART||901|df828d6e-6f1d-456f-9d82-05c48dbb934b
2026-03-29 21:04:11|qwen|web_search_no_think|3|RESTART||951|54cba4c0-0234-467f-ad12-ea236f68a37f
2026-03-29 21:04:12|qwen|web_search_no_think|2|RESTART||1001|174a14cd-3ce3-44bf-b415-50c7b788090c
2026-03-29 21:04:14|qwen|web_search_no_think|1|RESTART||1051|ac930a42-da89-400f-ba56-212d31fedf16
2026-03-29 21:04:18|qwen|web_search_no_think|0|RESTART||1101|11a290d0-d185-422e-951b-a07a23c98690
2026-03-29 21:04:28|qwen|web_search_no_think|3|QUESTION_SENT||951|54cba4c0-0234-467f-ad12-ea236f68a37f
2026-03-29 21:04:30|qwen|web_search_no_think|2|QUESTION_SENT||1001|174a14cd-3ce3-44bf-b415-50c7b788090c
2026-03-29 21:04:35|qwen|web_search_no_think|0|QUESTION_SENT||1101|11a290d0-d185-422e-951b-a07a23c98690
2026-03-29 21:04:44|qwen|web_search_no_think|4|QUESTION_SENT||901|df828d6e-6f1d-456f-9d82-05c48dbb934b
2026-03-29 21:04:45|qwen|web_search_no_think|1|QUESTION_SENT||1051|ac930a42-da89-400f-ba56-212d31fedf16
2026-03-29 21:05:09|qwen|web_search_no_think|5|JSON_VERIFY_FAILED||851|6b66976d-9677-4000-ad4d-a0363806da3b
2026-03-29 21:05:09|qwen|web_search_no_think|5|QUESTION|1|851|6b66976d-9677-4000-ad4d-a0363806da3b
2026-03-29 21:05:36|qwen|web_search_no_think|5|QUESTION_SENT||851|6b66976d-9677-4000-ad4d-a0363806da3b
2026-03-29 21:05:55|qwen|web_search_no_think|2|JSON_VERIFIED||1001|174a14cd-3ce3-44bf-b415-50c7b788090c
2026-03-29 21:05:55|qwen|web_search_no_think|2|QUESTION|1|1001|174a14cd-3ce3-44bf-b415-50c7b788090c
2026-03-29 21:05:55|qwen|web_search_no_think|2|JSON_SAVED||1001|174a14cd-3ce3-44bf-b415-50c7b788090c
2026-03-29 21:05:55|qwen|web_search_no_think|2|QUESTION_ADVANCE||1002|77a4d9c2-e5bd-45e0-ba72-5f407b06c218
2026-03-29 21:06:06|qwen|web_search_no_think|0|JSON_VERIFIED||1101|11a290d0-d185-422e-951b-a07a23c98690
2026-03-29 21:06:06|qwen|web_search_no_think|0|QUESTION|1|1101|11a290d0-d185-422e-951b-a07a23c98690
2026-03-29 21:06:06|qwen|web_search_no_think|0|JSON_SAVED||1101|11a290d0-d185-422e-951b-a07a23c98690
2026-03-29 21:06:06|qwen|web_search_no_think|0|QUESTION_ADVANCE||1102|c7ed1f7a-0b9d-461f-a26b-aece7f0234de
2026-03-29 21:06:06|qwen|web_search_no_think|3|JSON_VERIFIED||951|54cba4c0-0234-467f-ad12-ea236f68a37f
2026-03-29 21:06:06|qwen|web_search_no_think|3|QUESTION|1|951|54cba4c0-0234-467f-ad12-ea236f68a37f
2026-03-29 21:06:06|qwen|web_search_no_think|3|JSON_SAVED||951|54cba4c0-0234-467f-ad12-ea236f68a37f
2026-03-29 21:06:06|qwen|web_search_no_think|3|QUESTION_ADVANCE||952|07d218a7-cd81-474c-b31a-e93fc1aab310
2026-03-29 21:06:21|qwen|web_search_no_think|2|QUESTION_SENT||1002|77a4d9c2-e5bd-45e0-ba72-5f407b06c218
2026-03-29 21:06:27|qwen|web_search_no_think|4|JSON_VERIFIED||901|df828d6e-6f1d-456f-9d82-05c48dbb934b
2026-03-29 21:06:27|qwen|web_search_no_think|4|QUESTION|1|901|df828d6e-6f1d-456f-9d82-05c48dbb934b
2026-03-29 21:06:27|qwen|web_search_no_think|4|JSON_SAVED||901|df828d6e-6f1d-456f-9d82-05c48dbb934b
2026-03-29 21:06:27|qwen|web_search_no_think|4|QUESTION_ADVANCE||902|d99b31a7-37d0-42f5-b087-f04c414ecd58
2026-03-29 21:06:32|qwen|web_search_no_think|0|QUESTION_SENT||1102|c7ed1f7a-0b9d-461f-a26b-aece7f0234de
2026-03-29 21:06:32|qwen|web_search_no_think|3|QUESTION_SENT||952|07d218a7-cd81-474c-b31a-e93fc1aab310
2026-03-29 21:06:50|qwen|web_search_no_think|5|JSON_VERIFIED||851|6b66976d-9677-4000-ad4d-a0363806da3b
2026-03-29 21:06:50|qwen|web_search_no_think|5|QUESTION|2|851|6b66976d-9677-4000-ad4d-a0363806da3b
2026-03-29 21:06:50|qwen|web_search_no_think|5|JSON_SAVED||851|6b66976d-9677-4000-ad4d-a0363806da3b
2026-03-29 21:06:50|qwen|web_search_no_think|5|QUESTION_ADVANCE||852|8ad4328a-3892-40ae-b1c3-828648d01c83
2026-03-29 21:06:54|qwen|web_search_no_think|4|QUESTION_SENT||902|d99b31a7-37d0-42f5-b087-f04c414ecd58
2026-03-29 21:07:14|qwen|web_search_no_think|1|JSON_VERIFIED||1051|ac930a42-da89-400f-ba56-212d31fedf16
2026-03-29 21:07:14|qwen|web_search_no_think|1|QUESTION|1|1051|ac930a42-da89-400f-ba56-212d31fedf16
2026-03-29 21:07:14|qwen|web_search_no_think|1|JSON_SAVED||1051|ac930a42-da89-400f-ba56-212d31fedf16
2026-03-29 21:07:14|qwen|web_search_no_think|1|QUESTION_ADVANCE||1052|a0729982-bb6c-43a9-983e-0f69ac8b1b76
2026-03-29 21:07:16|qwen|web_search_no_think|5|QUESTION_SENT||852|8ad4328a-3892-40ae-b1c3-828648d01c83
2026-03-29 21:07:41|qwen|web_search_no_think|1|QUESTION_SENT||1052|a0729982-bb6c-43a9-983e-0f69ac8b1b76
2026-03-29 21:08:07|qwen|web_search_no_think|3|JSON_VERIFIED||952|07d218a7-cd81-474c-b31a-e93fc1aab310
2026-03-29 21:08:07|qwen|web_search_no_think|3|QUESTION|2|952|07d218a7-cd81-474c-b31a-e93fc1aab310
2026-03-29 21:08:07|qwen|web_search_no_think|3|JSON_SAVED||952|07d218a7-cd81-474c-b31a-e93fc1aab310
2026-03-29 21:08:07|qwen|web_search_no_think|3|QUESTION_ADVANCE||953|20448f83-c7be-402c-9ec6-0bb12024e213
2026-03-29 21:08:33|qwen|web_search_no_think|4|JSON_VERIFIED||902|d99b31a7-37d0-42f5-b087-f04c414ecd58
2026-03-29 21:08:33|qwen|web_search_no_think|4|QUESTION|2|902|d99b31a7-37d0-42f5-b087-f04c414ecd58
2026-03-29 21:08:33|qwen|web_search_no_think|4|JSON_SAVED||902|d99b31a7-37d0-42f5-b087-f04c414ecd58
2026-03-29 21:08:33|qwen|web_search_no_think|4|QUESTION_ADVANCE||903|54d21573-1efb-4098-a428-778303a34a16
2026-03-29 21:08:34|qwen|web_search_no_think|3|QUESTION_SENT||953|20448f83-c7be-402c-9ec6-0bb12024e213
2026-03-29 21:08:44|qwen|web_search_no_think|0|JSON_VERIFIED||1102|c7ed1f7a-0b9d-461f-a26b-aece7f0234de
2026-03-29 21:08:44|qwen|web_search_no_think|0|QUESTION|2|1102|c7ed1f7a-0b9d-461f-a26b-aece7f0234de
2026-03-29 21:08:44|qwen|web_search_no_think|0|JSON_SAVED||1102|c7ed1f7a-0b9d-461f-a26b-aece7f0234de
2026-03-29 21:08:44|qwen|web_search_no_think|0|QUESTION_ADVANCE||1103|a8ee394c-1665-4b98-9933-971e304e9f01
2026-03-29 21:08:47|qwen|web_search_no_think|2|JSON_VERIFIED||1002|77a4d9c2-e5bd-45e0-ba72-5f407b06c218
2026-03-29 21:08:47|qwen|web_search_no_think|2|QUESTION|2|1002|77a4d9c2-e5bd-45e0-ba72-5f407b06c218
2026-03-29 21:08:47|qwen|web_search_no_think|2|JSON_SAVED||1002|77a4d9c2-e5bd-45e0-ba72-5f407b06c218
2026-03-29 21:08:47|qwen|web_search_no_think|2|QUESTION_ADVANCE||1003|e189857b-e367-427e-965c-61d5cace6eaa
2026-03-29 21:08:59|qwen|web_search_no_think|4|QUESTION_SENT||903|54d21573-1efb-4098-a428-778303a34a16
2026-03-29 21:09:00|qwen|web_search_no_think|1|JSON_VERIFIED||1052|a0729982-bb6c-43a9-983e-0f69ac8b1b76
2026-03-29 21:09:00|qwen|web_search_no_think|1|QUESTION|2|1052|a0729982-bb6c-43a9-983e-0f69ac8b1b76
2026-03-29 21:09:00|qwen|web_search_no_think|1|JSON_SAVED||1052|a0729982-bb6c-43a9-983e-0f69ac8b1b76
2026-03-29 21:09:00|qwen|web_search_no_think|1|QUESTION_ADVANCE||1053|bb033917-143d-4c12-9ff6-263531fd47d0
2026-03-29 21:09:10|qwen|web_search_no_think|5|JSON_VERIFIED||852|8ad4328a-3892-40ae-b1c3-828648d01c83
2026-03-29 21:09:10|qwen|web_search_no_think|5|QUESTION|3|852|8ad4328a-3892-40ae-b1c3-828648d01c83
2026-03-29 21:09:10|qwen|web_search_no_think|5|JSON_SAVED||852|8ad4328a-3892-40ae-b1c3-828648d01c83
2026-03-29 21:09:10|qwen|web_search_no_think|5|QUESTION_ADVANCE||853|6c81920b-d6e9-4dea-84de-451018770dad
2026-03-29 21:09:11|qwen|web_search_no_think|0|QUESTION_SENT||1103|a8ee394c-1665-4b98-9933-971e304e9f01
2026-03-29 21:09:14|qwen|web_search_no_think|2|QUESTION_SENT||1003|e189857b-e367-427e-965c-61d5cace6eaa
2026-03-29 21:09:27|qwen|web_search_no_think|1|QUESTION_SENT||1053|bb033917-143d-4c12-9ff6-263531fd47d0
2026-03-29 21:09:36|qwen|web_search_no_think|5|QUESTION_SENT||853|6c81920b-d6e9-4dea-84de-451018770dad
2026-03-29 21:10:02|qwen|web_search_no_think|3|JSON_VERIFIED||953|20448f83-c7be-402c-9ec6-0bb12024e213
2026-03-29 21:10:02|qwen|web_search_no_think|3|QUESTION|3|953|20448f83-c7be-402c-9ec6-0bb12024e213
2026-03-29 21:10:02|qwen|web_search_no_think|3|JSON_SAVED||953|20448f83-c7be-402c-9ec6-0bb12024e213
2026-03-29 21:10:02|qwen|web_search_no_think|3|QUESTION_ADVANCE||954|29da9ef8-2a84-4273-893b-42357abea5f2
2026-03-29 21:10:28|qwen|web_search_no_think|3|QUESTION_SENT||954|29da9ef8-2a84-4273-893b-42357abea5f2
2026-03-29 21:10:32|qwen|web_search_no_think|2|JSON_VERIFIED||1003|e189857b-e367-427e-965c-61d5cace6eaa
2026-03-29 21:10:32|qwen|web_search_no_think|2|QUESTION|3|1003|e189857b-e367-427e-965c-61d5cace6eaa
2026-03-29 21:10:32|qwen|web_search_no_think|2|JSON_SAVED||1003|e189857b-e367-427e-965c-61d5cace6eaa
2026-03-29 21:10:32|qwen|web_search_no_think|2|QUESTION_ADVANCE||1004|fc2f1803-6ff8-4ecf-815c-bdf97ee904bb
2026-03-29 21:10:43|qwen|web_search_no_think|0|JSON_VERIFIED||1103|a8ee394c-1665-4b98-9933-971e304e9f01
2026-03-29 21:10:43|qwen|web_search_no_think|0|QUESTION|3|1103|a8ee394c-1665-4b98-9933-971e304e9f01
2026-03-29 21:10:43|qwen|web_search_no_think|0|JSON_SAVED||1103|a8ee394c-1665-4b98-9933-971e304e9f01
2026-03-29 21:10:43|qwen|web_search_no_think|0|QUESTION_ADVANCE||1104|38041307-5c94-4f60-bb0c-d2881a5005b3
2026-03-29 21:10:54|qwen|web_search_no_think|4|JSON_VERIFIED||903|54d21573-1efb-4098-a428-778303a34a16
2026-03-29 21:10:54|qwen|web_search_no_think|4|QUESTION|3|903|54d21573-1efb-4098-a428-778303a34a16
2026-03-29 21:10:54|qwen|web_search_no_think|4|JSON_SAVED||903|54d21573-1efb-4098-a428-778303a34a16
2026-03-29 21:10:54|qwen|web_search_no_think|4|QUESTION_ADVANCE||904|804c7f0f-465f-4e22-84f8-505ee236c6b1
2026-03-29 21:10:58|qwen|web_search_no_think|2|QUESTION_SENT||1004|fc2f1803-6ff8-4ecf-815c-bdf97ee904bb
2026-03-29 21:11:09|qwen|web_search_no_think|0|QUESTION_SENT||1104|38041307-5c94-4f60-bb0c-d2881a5005b3
2026-03-29 21:11:10|qwen|web_search_no_think|1|JSON_VERIFIED||1053|bb033917-143d-4c12-9ff6-263531fd47d0
2026-03-29 21:11:10|qwen|web_search_no_think|1|QUESTION|3|1053|bb033917-143d-4c12-9ff6-263531fd47d0
2026-03-29 21:11:10|qwen|web_search_no_think|1|JSON_SAVED||1053|bb033917-143d-4c12-9ff6-263531fd47d0
2026-03-29 21:11:10|qwen|web_search_no_think|1|QUESTION_ADVANCE||1054|152abfe6-d62b-4d35-bf59-7ace24bbf558
2026-03-29 21:11:21|qwen|web_search_no_think|4|QUESTION_SENT||904|804c7f0f-465f-4e22-84f8-505ee236c6b1
2026-03-29 21:11:34|qwen|web_search_no_think|5|JSON_VERIFIED||853|6c81920b-d6e9-4dea-84de-451018770dad
2026-03-29 21:11:34|qwen|web_search_no_think|5|QUESTION|4|853|6c81920b-d6e9-4dea-84de-451018770dad
2026-03-29 21:11:34|qwen|web_search_no_think|5|JSON_SAVED||853|6c81920b-d6e9-4dea-84de-451018770dad
2026-03-29 21:11:34|qwen|web_search_no_think|5|QUESTION_ADVANCE||854|b80077ad-0272-49f1-84d1-324f887d0c39
2026-03-29 21:11:36|qwen|web_search_no_think|1|QUESTION_SENT||1054|152abfe6-d62b-4d35-bf59-7ace24bbf558
2026-03-29 21:11:52|qwen|web_search_no_think|3|JSON_VERIFY_FAILED||954|29da9ef8-2a84-4273-893b-42357abea5f2
2026-03-29 21:11:52|qwen|web_search_no_think|3|QUESTION|4|954|29da9ef8-2a84-4273-893b-42357abea5f2
2026-03-29 21:12:00|qwen|web_search_no_think|5|QUESTION_SENT||854|b80077ad-0272-49f1-84d1-324f887d0c39
2026-03-29 21:12:18|qwen|web_search_no_think|3|QUESTION_SENT||954|29da9ef8-2a84-4273-893b-42357abea5f2
2026-03-29 21:12:33|qwen|web_search_no_think|2|JSON_VERIFIED||1004|fc2f1803-6ff8-4ecf-815c-bdf97ee904bb
2026-03-29 21:12:33|qwen|web_search_no_think|2|QUESTION|4|1004|fc2f1803-6ff8-4ecf-815c-bdf97ee904bb
2026-03-29 21:12:33|qwen|web_search_no_think|2|JSON_SAVED||1004|fc2f1803-6ff8-4ecf-815c-bdf97ee904bb
2026-03-29 21:12:33|qwen|web_search_no_think|2|QUESTION_ADVANCE||1005|50f721e6-447b-4fd8-9d04-bfcb3f935f77
2026-03-29 21:13:00|qwen|web_search_no_think|2|QUESTION_SENT||1005|50f721e6-447b-4fd8-9d04-bfcb3f935f77
2026-03-29 21:13:00|qwen|web_search_no_think|0|JSON_VERIFIED||1104|38041307-5c94-4f60-bb0c-d2881a5005b3
2026-03-29 21:13:00|qwen|web_search_no_think|0|QUESTION|4|1104|38041307-5c94-4f60-bb0c-d2881a5005b3
2026-03-29 21:13:00|qwen|web_search_no_think|0|JSON_SAVED||1104|38041307-5c94-4f60-bb0c-d2881a5005b3
2026-03-29 21:13:00|qwen|web_search_no_think|0|QUESTION_ADVANCE||1105|f8c5123e-9574-45ed-813e-63f652d8d2b1
2026-03-29 21:13:01|qwen|web_search_no_think|4|JSON_VERIFIED||904|804c7f0f-465f-4e22-84f8-505ee236c6b1
2026-03-29 21:13:01|qwen|web_search_no_think|4|QUESTION|4|904|804c7f0f-465f-4e22-84f8-505ee236c6b1
2026-03-29 21:13:01|qwen|web_search_no_think|4|JSON_SAVED||904|804c7f0f-465f-4e22-84f8-505ee236c6b1
2026-03-29 21:13:01|qwen|web_search_no_think|4|QUESTION_ADVANCE||905|6d2d7181-9a43-49ed-a7e7-f791b7677764
2026-03-29 21:13:26|qwen|web_search_no_think|0|QUESTION_SENT||1105|f8c5123e-9574-45ed-813e-63f652d8d2b1
2026-03-29 21:13:28|qwen|web_search_no_think|4|QUESTION_SENT||905|6d2d7181-9a43-49ed-a7e7-f791b7677764
2026-03-29 21:13:45|qwen|web_search_no_think|5|JSON_VERIFIED||854|b80077ad-0272-49f1-84d1-324f887d0c39
2026-03-29 21:13:45|qwen|web_search_no_think|5|QUESTION|5|854|b80077ad-0272-49f1-84d1-324f887d0c39
2026-03-29 21:13:45|qwen|web_search_no_think|5|JSON_SAVED||854|b80077ad-0272-49f1-84d1-324f887d0c39
2026-03-29 21:13:45|qwen|web_search_no_think|5|QUESTION_ADVANCE||855|6b1838ab-5a2a-4f44-8987-2abe7a4cc1f8
2026-03-29 21:13:55|qwen|web_search_no_think|3|JSON_VERIFIED||954|29da9ef8-2a84-4273-893b-42357abea5f2
2026-03-29 21:13:55|qwen|web_search_no_think|3|QUESTION|5|954|29da9ef8-2a84-4273-893b-42357abea5f2
2026-03-29 21:13:55|qwen|web_search_no_think|3|JSON_SAVED||954|29da9ef8-2a84-4273-893b-42357abea5f2
2026-03-29 21:13:55|qwen|web_search_no_think|3|QUESTION_ADVANCE||955|ce50439c-9d16-4336-8fc3-508cbf88a005
2026-03-29 21:14:05|qwen|web_search_no_think|2|JSON_VERIFY_FAILED||1005|50f721e6-447b-4fd8-9d04-bfcb3f935f77
2026-03-29 21:14:05|qwen|web_search_no_think|2|QUESTION|5|1005|50f721e6-447b-4fd8-9d04-bfcb3f935f77
2026-03-29 21:14:08|qwen|web_search_no_think|1|JSON_VERIFIED||1054|152abfe6-d62b-4d35-bf59-7ace24bbf558
2026-03-29 21:14:08|qwen|web_search_no_think|1|QUESTION|4|1054|152abfe6-d62b-4d35-bf59-7ace24bbf558
2026-03-29 21:14:08|qwen|web_search_no_think|1|JSON_SAVED||1054|152abfe6-d62b-4d35-bf59-7ace24bbf558
2026-03-29 21:14:08|qwen|web_search_no_think|1|QUESTION_ADVANCE||1055|1a960fd1-9f5e-4cf8-99f4-901e7c521bf2
2026-03-29 21:14:11|qwen|web_search_no_think|2|QUESTION_SENT||1005|50f721e6-447b-4fd8-9d04-bfcb3f935f77
2026-03-29 21:14:12|qwen|web_search_no_think|5|QUESTION_SENT||855|6b1838ab-5a2a-4f44-8987-2abe7a4cc1f8
2026-03-29 21:14:21|qwen|web_search_no_think|3|QUESTION_SENT||955|ce50439c-9d16-4336-8fc3-508cbf88a005
2026-03-29 21:14:35|qwen|web_search_no_think|1|QUESTION_SENT||1055|1a960fd1-9f5e-4cf8-99f4-901e7c521bf2
2026-03-29 21:15:09|qwen|web_search_no_think|0|JSON_VERIFIED||1105|f8c5123e-9574-45ed-813e-63f652d8d2b1
2026-03-29 21:15:09|qwen|web_search_no_think|0|QUESTION|5|1105|f8c5123e-9574-45ed-813e-63f652d8d2b1
2026-03-29 21:15:09|qwen|web_search_no_think|0|JSON_SAVED||1105|f8c5123e-9574-45ed-813e-63f652d8d2b1
2026-03-29 21:15:09|qwen|web_search_no_think|0|QUESTION_ADVANCE||1106|044ffadd-3d4b-47bd-b207-03e7bd57fafe
2026-03-29 21:15:20|qwen|web_search_no_think|4|JSON_VERIFY_FAILED||905|6d2d7181-9a43-49ed-a7e7-f791b7677764
2026-03-29 21:15:20|qwen|web_search_no_think|4|QUESTION|5|905|6d2d7181-9a43-49ed-a7e7-f791b7677764
2026-03-29 21:15:35|qwen|web_search_no_think|0|QUESTION_SENT||1106|044ffadd-3d4b-47bd-b207-03e7bd57fafe
2026-03-29 21:15:42|qwen|web_search_no_think|3|JSON_VERIFIED||955|ce50439c-9d16-4336-8fc3-508cbf88a005
2026-03-29 21:15:42|qwen|web_search_no_think|3|QUESTION|6|955|ce50439c-9d16-4336-8fc3-508cbf88a005
2026-03-29 21:15:42|qwen|web_search_no_think|3|JSON_SAVED||955|ce50439c-9d16-4336-8fc3-508cbf88a005
2026-03-29 21:15:42|qwen|web_search_no_think|3|QUESTION_ADVANCE||956|f732d44d-57d4-46af-8fe4-030ee823aad0
2026-03-29 21:15:46|qwen|web_search_no_think|4|QUESTION_SENT||905|6d2d7181-9a43-49ed-a7e7-f791b7677764
2026-03-29 21:15:49|qwen|web_search_no_think|5|JSON_VERIFIED||855|6b1838ab-5a2a-4f44-8987-2abe7a4cc1f8
2026-03-29 21:15:49|qwen|web_search_no_think|5|QUESTION|6|855|6b1838ab-5a2a-4f44-8987-2abe7a4cc1f8
2026-03-29 21:15:49|qwen|web_search_no_think|5|JSON_SAVED||855|6b1838ab-5a2a-4f44-8987-2abe7a4cc1f8
2026-03-29 21:15:49|qwen|web_search_no_think|5|QUESTION_ADVANCE||856|355b9677-03b3-4c07-afe1-bb52b92ad3f2
2026-03-29 21:16:08|qwen|web_search_no_think|3|QUESTION_SENT||956|f732d44d-57d4-46af-8fe4-030ee823aad0
2026-03-29 21:16:16|qwen|web_search_no_think|5|QUESTION_SENT||856|355b9677-03b3-4c07-afe1-bb52b92ad3f2
2026-03-29 21:16:31|qwen|web_search_no_think|1|JSON_VERIFIED||1055|1a960fd1-9f5e-4cf8-99f4-901e7c521bf2
2026-03-29 21:16:31|qwen|web_search_no_think|1|QUESTION|5|1055|1a960fd1-9f5e-4cf8-99f4-901e7c521bf2
2026-03-29 21:16:31|qwen|web_search_no_think|1|JSON_SAVED||1055|1a960fd1-9f5e-4cf8-99f4-901e7c521bf2
2026-03-29 21:16:31|qwen|web_search_no_think|1|QUESTION_ADVANCE||1056|feb2ccc3-8bb0-46ae-a360-17881dc79db3
2026-03-29 21:16:57|qwen|web_search_no_think|1|QUESTION_SENT||1056|feb2ccc3-8bb0-46ae-a360-17881dc79db3
2026-03-29 21:17:06|qwen|web_search_no_think|4|JSON_VERIFIED||905|6d2d7181-9a43-49ed-a7e7-f791b7677764
2026-03-29 21:17:06|qwen|web_search_no_think|4|QUESTION|6|905|6d2d7181-9a43-49ed-a7e7-f791b7677764
2026-03-29 21:17:06|qwen|web_search_no_think|4|JSON_SAVED||905|6d2d7181-9a43-49ed-a7e7-f791b7677764
2026-03-29 21:17:06|qwen|web_search_no_think|4|QUESTION_ADVANCE||906|fb2545be-ef1c-4301-8efb-6e51b00d7d03
2026-03-29 21:17:16|qwen|web_search_no_think|0|JSON_VERIFIED||1106|044ffadd-3d4b-47bd-b207-03e7bd57fafe
2026-03-29 21:17:16|qwen|web_search_no_think|0|QUESTION|6|1106|044ffadd-3d4b-47bd-b207-03e7bd57fafe
2026-03-29 21:17:16|qwen|web_search_no_think|0|JSON_SAVED||1106|044ffadd-3d4b-47bd-b207-03e7bd57fafe
2026-03-29 21:17:16|qwen|web_search_no_think|0|QUESTION_ADVANCE||1107|99e12b95-c8cd-41d2-a91b-9daeefea3aef
2026-03-29 21:17:29|qwen|web_search_no_think|3|JSON_VERIFIED||956|f732d44d-57d4-46af-8fe4-030ee823aad0
2026-03-29 21:17:29|qwen|web_search_no_think|3|QUESTION|7|956|f732d44d-57d4-46af-8fe4-030ee823aad0
2026-03-29 21:17:29|qwen|web_search_no_think|3|JSON_SAVED||956|f732d44d-57d4-46af-8fe4-030ee823aad0
2026-03-29 21:17:29|qwen|web_search_no_think|3|QUESTION_ADVANCE||957|220ef614-32a4-44b8-814f-ba26b3cf0c66
2026-03-29 21:17:32|qwen|web_search_no_think|4|QUESTION_SENT||906|fb2545be-ef1c-4301-8efb-6e51b00d7d03
2026-03-29 21:17:32|qwen|web_search_no_think|5|JSON_VERIFIED||856|355b9677-03b3-4c07-afe1-bb52b92ad3f2
2026-03-29 21:17:32|qwen|web_search_no_think|5|QUESTION|7|856|355b9677-03b3-4c07-afe1-bb52b92ad3f2
2026-03-29 21:17:32|qwen|web_search_no_think|5|JSON_SAVED||856|355b9677-03b3-4c07-afe1-bb52b92ad3f2
2026-03-29 21:17:32|qwen|web_search_no_think|5|QUESTION_ADVANCE||857|eb353e46-ba0f-4e76-9b41-0940064b0d8c
2026-03-29 21:17:42|qwen|web_search_no_think|0|QUESTION_SENT||1107|99e12b95-c8cd-41d2-a91b-9daeefea3aef
2026-03-29 21:17:56|qwen|web_search_no_think|3|QUESTION_SENT||957|220ef614-32a4-44b8-814f-ba26b3cf0c66
2026-03-29 21:17:59|qwen|web_search_no_think|5|QUESTION_SENT||857|eb353e46-ba0f-4e76-9b41-0940064b0d8c
2026-03-29 21:18:52|qwen|web_search_no_think|4|JSON_VERIFIED||906|fb2545be-ef1c-4301-8efb-6e51b00d7d03
2026-03-29 21:18:52|qwen|web_search_no_think|4|QUESTION|7|906|fb2545be-ef1c-4301-8efb-6e51b00d7d03
2026-03-29 21:18:52|qwen|web_search_no_think|4|JSON_SAVED||906|fb2545be-ef1c-4301-8efb-6e51b00d7d03
2026-03-29 21:18:52|qwen|web_search_no_think|4|QUESTION_ADVANCE||907|a939e9d5-87fe-4bee-aaa7-112247bdef54
2026-03-29 21:18:52|qwen|web_search_no_think|1|JSON_VERIFIED||1056|feb2ccc3-8bb0-46ae-a360-17881dc79db3
2026-03-29 21:18:52|qwen|web_search_no_think|1|QUESTION|6|1056|feb2ccc3-8bb0-46ae-a360-17881dc79db3
2026-03-29 21:18:52|qwen|web_search_no_think|1|JSON_SAVED||1056|feb2ccc3-8bb0-46ae-a360-17881dc79db3
2026-03-29 21:18:52|qwen|web_search_no_think|1|QUESTION_ADVANCE||1057|2a62262c-0d3c-4fbf-85c4-e624583a041e
2026-03-29 21:19:07|qwen|web_search_no_think|5|JSON_VERIFIED||857|eb353e46-ba0f-4e76-9b41-0940064b0d8c
2026-03-29 21:19:07|qwen|web_search_no_think|5|QUESTION|8|857|eb353e46-ba0f-4e76-9b41-0940064b0d8c
2026-03-29 21:19:07|qwen|web_search_no_think|5|JSON_SAVED||857|eb353e46-ba0f-4e76-9b41-0940064b0d8c
2026-03-29 21:19:07|qwen|web_search_no_think|5|QUESTION_ADVANCE||858|6c89a29f-fa33-449a-9e31-1b08a5491deb
2026-03-29 21:19:18|qwen|web_search_no_think|4|QUESTION_SENT||907|a939e9d5-87fe-4bee-aaa7-112247bdef54
2026-03-29 21:19:19|qwen|web_search_no_think|1|QUESTION_SENT||1057|2a62262c-0d3c-4fbf-85c4-e624583a041e
2026-03-29 21:19:28|qwen|web_search_no_think|3|JSON_VERIFIED||957|220ef614-32a4-44b8-814f-ba26b3cf0c66
2026-03-29 21:19:28|qwen|web_search_no_think|3|QUESTION|8|957|220ef614-32a4-44b8-814f-ba26b3cf0c66
2026-03-29 21:19:28|qwen|web_search_no_think|3|JSON_SAVED||957|220ef614-32a4-44b8-814f-ba26b3cf0c66
2026-03-29 21:19:28|qwen|web_search_no_think|3|QUESTION_ADVANCE||958|1a471904-e9c2-4c7c-bbee-b5c3a274638d
2026-03-29 21:19:28|qwen|web_search_no_think|0|JSON_VERIFIED||1107|99e12b95-c8cd-41d2-a91b-9daeefea3aef
2026-03-29 21:19:28|qwen|web_search_no_think|0|QUESTION|7|1107|99e12b95-c8cd-41d2-a91b-9daeefea3aef
2026-03-29 21:19:28|qwen|web_search_no_think|0|JSON_SAVED||1107|99e12b95-c8cd-41d2-a91b-9daeefea3aef
2026-03-29 21:19:28|qwen|web_search_no_think|0|QUESTION_ADVANCE||1108|8410a392-456a-4676-ae7d-4fdf5fdca33b
2026-03-29 21:19:33|qwen|web_search_no_think|5|QUESTION_SENT||858|6c89a29f-fa33-449a-9e31-1b08a5491deb
2026-03-29 21:19:54|qwen|web_search_no_think|3|QUESTION_SENT||958|1a471904-e9c2-4c7c-bbee-b5c3a274638d
2026-03-29 21:19:55|qwen|web_search_no_think|0|QUESTION_SENT||1108|8410a392-456a-4676-ae7d-4fdf5fdca33b
2026-03-29 21:19:56|qwen|web_search_no_think|1|JSON_VERIFY_FAILED||1057|2a62262c-0d3c-4fbf-85c4-e624583a041e
2026-03-29 21:19:56|qwen|web_search_no_think|1|QUESTION|7|1057|2a62262c-0d3c-4fbf-85c4-e624583a041e
2026-03-29 21:20:22|qwen|web_search_no_think|1|QUESTION_SENT||1057|2a62262c-0d3c-4fbf-85c4-e624583a041e
2026-03-29 21:20:31|qwen|web_search_no_think|2|QUESTION_SENT||1005|50f721e6-447b-4fd8-9d04-bfcb3f935f77
2026-03-29 21:20:36|qwen|web_search_no_think|3|JSON_VERIFY_FAILED||958|1a471904-e9c2-4c7c-bbee-b5c3a274638d
2026-03-29 21:20:36|qwen|web_search_no_think|3|QUESTION|9|958|1a471904-e9c2-4c7c-bbee-b5c3a274638d
2026-03-29 21:20:50|qwen|web_search_no_think|0|JSON_VERIFY_FAILED||1108|8410a392-456a-4676-ae7d-4fdf5fdca33b
2026-03-29 21:20:50|qwen|web_search_no_think|0|QUESTION|8|1108|8410a392-456a-4676-ae7d-4fdf5fdca33b
2026-03-29 21:20:56|qwen|web_search_no_think|5|JSON_VERIFIED||858|6c89a29f-fa33-449a-9e31-1b08a5491deb
2026-03-29 21:20:56|qwen|web_search_no_think|5|QUESTION|9|858|6c89a29f-fa33-449a-9e31-1b08a5491deb
2026-03-29 21:20:56|qwen|web_search_no_think|5|JSON_SAVED||858|6c89a29f-fa33-449a-9e31-1b08a5491deb
2026-03-29 21:20:56|qwen|web_search_no_think|5|QUESTION_ADVANCE||859|670b97c9-6890-472d-ba45-dd91fbd26081
2026-03-29 21:20:56|qwen|web_search_no_think|4|JSON_VERIFIED||907|a939e9d5-87fe-4bee-aaa7-112247bdef54
2026-03-29 21:20:56|qwen|web_search_no_think|4|QUESTION|8|907|a939e9d5-87fe-4bee-aaa7-112247bdef54
2026-03-29 21:20:56|qwen|web_search_no_think|4|JSON_SAVED||907|a939e9d5-87fe-4bee-aaa7-112247bdef54
2026-03-29 21:20:56|qwen|web_search_no_think|4|QUESTION_ADVANCE||908|80ef1f52-04a6-4d13-9215-5e3505f4e4fc
2026-03-29 21:21:02|qwen|web_search_no_think|3|QUESTION_SENT||958|1a471904-e9c2-4c7c-bbee-b5c3a274638d
2026-03-29 21:21:17|qwen|web_search_no_think|0|QUESTION_SENT||1108|8410a392-456a-4676-ae7d-4fdf5fdca33b
2026-03-29 21:21:22|qwen|web_search_no_think|5|QUESTION_SENT||859|670b97c9-6890-472d-ba45-dd91fbd26081
2026-03-29 21:21:22|qwen|web_search_no_think|4|QUESTION_SENT||908|80ef1f52-04a6-4d13-9215-5e3505f4e4fc
2026-03-29 21:21:49|qwen|web_search_no_think|1|JSON_VERIFIED||1057|2a62262c-0d3c-4fbf-85c4-e624583a041e
2026-03-29 21:21:49|qwen|web_search_no_think|1|QUESTION|8|1057|2a62262c-0d3c-4fbf-85c4-e624583a041e
2026-03-29 21:21:49|qwen|web_search_no_think|1|JSON_SAVED||1057|2a62262c-0d3c-4fbf-85c4-e624583a041e
2026-03-29 21:21:49|qwen|web_search_no_think|1|QUESTION_ADVANCE||1058|b3b0a842-1f5d-4e1d-882c-b4fd6ba2d9d4
2026-03-29 21:21:52|qwen|web_search_no_think|2|JSON_VERIFIED||1005|50f721e6-447b-4fd8-9d04-bfcb3f935f77
2026-03-29 21:21:52|qwen|web_search_no_think|2|QUESTION|6|1005|50f721e6-447b-4fd8-9d04-bfcb3f935f77
2026-03-29 21:21:52|qwen|web_search_no_think|2|JSON_SAVED||1005|50f721e6-447b-4fd8-9d04-bfcb3f935f77
2026-03-29 21:21:52|qwen|web_search_no_think|2|QUESTION_ADVANCE||1006|62344490-5ee7-40b2-84ae-a3040ed7f041
2026-03-29 21:22:15|qwen|web_search_no_think|1|QUESTION_SENT||1058|b3b0a842-1f5d-4e1d-882c-b4fd6ba2d9d4
2026-03-29 21:22:19|qwen|web_search_no_think|2|QUESTION_SENT||1006|62344490-5ee7-40b2-84ae-a3040ed7f041
2026-03-29 21:22:29|qwen|web_search_no_think|0|JSON_VERIFIED||1108|8410a392-456a-4676-ae7d-4fdf5fdca33b
2026-03-29 21:22:29|qwen|web_search_no_think|0|QUESTION|9|1108|8410a392-456a-4676-ae7d-4fdf5fdca33b
2026-03-29 21:22:29|qwen|web_search_no_think|0|JSON_SAVED||1108|8410a392-456a-4676-ae7d-4fdf5fdca33b
2026-03-29 21:22:29|qwen|web_search_no_think|0|QUESTION_ADVANCE||1109|098436b8-d97c-46f0-b157-6534efc3ca8b
2026-03-29 21:22:30|qwen|web_search_no_think|3|JSON_VERIFIED||958|1a471904-e9c2-4c7c-bbee-b5c3a274638d
2026-03-29 21:22:30|qwen|web_search_no_think|3|QUESTION|10|958|1a471904-e9c2-4c7c-bbee-b5c3a274638d
2026-03-29 21:22:30|qwen|web_search_no_think|3|JSON_SAVED||958|1a471904-e9c2-4c7c-bbee-b5c3a274638d
2026-03-29 21:22:30|qwen|web_search_no_think|3|QUESTION_ADVANCE||959|d810cc81-4258-4372-a4fa-f29d1f030674
2026-03-29 21:22:55|qwen|web_search_no_think|0|QUESTION_SENT||1109|098436b8-d97c-46f0-b157-6534efc3ca8b
2026-03-29 21:22:56|qwen|web_search_no_think|4|JSON_VERIFIED||908|80ef1f52-04a6-4d13-9215-5e3505f4e4fc
2026-03-29 21:22:56|qwen|web_search_no_think|4|QUESTION|9|908|80ef1f52-04a6-4d13-9215-5e3505f4e4fc
2026-03-29 21:22:56|qwen|web_search_no_think|4|JSON_SAVED||908|80ef1f52-04a6-4d13-9215-5e3505f4e4fc
2026-03-29 21:22:56|qwen|web_search_no_think|4|QUESTION_ADVANCE||909|89b9af30-e7fb-440c-88c9-dc1a4439efbc
2026-03-29 21:22:56|qwen|web_search_no_think|3|QUESTION_SENT||959|d810cc81-4258-4372-a4fa-f29d1f030674
2026-03-29 21:22:59|qwen|web_search_no_think|5|JSON_VERIFIED||859|670b97c9-6890-472d-ba45-dd91fbd26081
2026-03-29 21:22:59|qwen|web_search_no_think|5|QUESTION|10|859|670b97c9-6890-472d-ba45-dd91fbd26081
2026-03-29 21:22:59|qwen|web_search_no_think|5|JSON_SAVED||859|670b97c9-6890-472d-ba45-dd91fbd26081
2026-03-29 21:22:59|qwen|web_search_no_think|5|QUESTION_ADVANCE||860|f2657847-860b-4a55-80ca-c54d6e24c651
2026-03-29 21:23:22|qwen|web_search_no_think|4|QUESTION_SENT||909|89b9af30-e7fb-440c-88c9-dc1a4439efbc
2026-03-29 21:23:25|qwen|web_search_no_think|5|QUESTION_SENT||860|f2657847-860b-4a55-80ca-c54d6e24c651
2026-03-29 21:23:33|qwen|web_search_no_think|1|JSON_VERIFIED||1058|b3b0a842-1f5d-4e1d-882c-b4fd6ba2d9d4
2026-03-29 21:23:33|qwen|web_search_no_think|1|QUESTION|9|1058|b3b0a842-1f5d-4e1d-882c-b4fd6ba2d9d4
2026-03-29 21:23:33|qwen|web_search_no_think|1|JSON_SAVED||1058|b3b0a842-1f5d-4e1d-882c-b4fd6ba2d9d4
2026-03-29 21:23:33|qwen|web_search_no_think|1|QUESTION_ADVANCE||1059|d8814d76-2102-453c-b612-94c659f848ad
2026-03-29 21:23:34|qwen|web_search_no_think|2|JSON_VERIFIED||1006|62344490-5ee7-40b2-84ae-a3040ed7f041
2026-03-29 21:23:34|qwen|web_search_no_think|2|QUESTION|7|1006|62344490-5ee7-40b2-84ae-a3040ed7f041
2026-03-29 21:23:34|qwen|web_search_no_think|2|JSON_SAVED||1006|62344490-5ee7-40b2-84ae-a3040ed7f041
2026-03-29 21:23:34|qwen|web_search_no_think|2|QUESTION_ADVANCE||1007|ed8ab62c-efc1-4882-92e1-44db2c2e3878
2026-03-29 21:24:00|qwen|web_search_no_think|1|QUESTION_SENT||1059|d8814d76-2102-453c-b612-94c659f848ad
2026-03-29 21:24:00|qwen|web_search_no_think|2|QUESTION_SENT||1007|ed8ab62c-efc1-4882-92e1-44db2c2e3878
2026-03-29 21:24:16|qwen|web_search_no_think|3|JSON_VERIFIED||959|d810cc81-4258-4372-a4fa-f29d1f030674
2026-03-29 21:24:16|qwen|web_search_no_think|3|QUESTION|11|959|d810cc81-4258-4372-a4fa-f29d1f030674
2026-03-29 21:24:16|qwen|web_search_no_think|3|JSON_SAVED||959|d810cc81-4258-4372-a4fa-f29d1f030674
2026-03-29 21:24:16|qwen|web_search_no_think|3|QUESTION_ADVANCE||960|776366d7-6f1a-4cde-a7e3-e33d95a8222a
2026-03-29 21:24:23|qwen|web_search_no_think|0|JSON_VERIFIED||1109|098436b8-d97c-46f0-b157-6534efc3ca8b
2026-03-29 21:24:23|qwen|web_search_no_think|0|QUESTION|10|1109|098436b8-d97c-46f0-b157-6534efc3ca8b
2026-03-29 21:24:23|qwen|web_search_no_think|0|JSON_SAVED||1109|098436b8-d97c-46f0-b157-6534efc3ca8b
2026-03-29 21:24:23|qwen|web_search_no_think|0|QUESTION_ADVANCE||1110|b8f11afa-8bd0-4957-b3de-f06f0d311438
2026-03-29 21:24:29|qwen|web_search_no_think|1|QUESTION_SENT||1059|d8814d76-2102-453c-b612-94c659f848ad
2026-03-29 21:24:38|qwen|web_search_no_think|4|JSON_VERIFIED||909|89b9af30-e7fb-440c-88c9-dc1a4439efbc
2026-03-29 21:24:38|qwen|web_search_no_think|4|QUESTION|10|909|89b9af30-e7fb-440c-88c9-dc1a4439efbc
2026-03-29 21:24:38|qwen|web_search_no_think|4|JSON_SAVED||909|89b9af30-e7fb-440c-88c9-dc1a4439efbc
2026-03-29 21:24:38|qwen|web_search_no_think|4|QUESTION_ADVANCE||910|427ae094-0c17-4698-997b-571457116f79
2026-03-29 21:24:42|qwen|web_search_no_think|3|QUESTION_SENT||960|776366d7-6f1a-4cde-a7e3-e33d95a8222a
2026-03-29 21:24:50|qwen|web_search_no_think|0|QUESTION_SENT||1110|b8f11afa-8bd0-4957-b3de-f06f0d311438
2026-03-29 21:25:04|qwen|web_search_no_think|4|QUESTION_SENT||910|427ae094-0c17-4698-997b-571457116f79
2026-03-29 21:25:16|qwen|web_search_no_think|2|JSON_VERIFIED||1007|ed8ab62c-efc1-4882-92e1-44db2c2e3878
2026-03-29 21:25:16|qwen|web_search_no_think|2|QUESTION|8|1007|ed8ab62c-efc1-4882-92e1-44db2c2e3878
2026-03-29 21:25:16|qwen|web_search_no_think|2|JSON_SAVED||1007|ed8ab62c-efc1-4882-92e1-44db2c2e3878
2026-03-29 21:25:16|qwen|web_search_no_think|2|QUESTION_ADVANCE||1008|df636cc9-6670-4a73-9e32-c4f8c2058e72
2026-03-29 21:25:41|qwen|web_search_no_think|5|JSON_VERIFIED||860|f2657847-860b-4a55-80ca-c54d6e24c651
2026-03-29 21:25:41|qwen|web_search_no_think|5|QUESTION|11|860|f2657847-860b-4a55-80ca-c54d6e24c651
2026-03-29 21:25:41|qwen|web_search_no_think|5|JSON_SAVED||860|f2657847-860b-4a55-80ca-c54d6e24c651
2026-03-29 21:25:41|qwen|web_search_no_think|5|QUESTION_ADVANCE||861|2d9e1f22-b990-4648-9dc3-3ebc97e996a9
2026-03-29 21:25:42|qwen|web_search_no_think|2|QUESTION_SENT||1008|df636cc9-6670-4a73-9e32-c4f8c2058e72
2026-03-29 21:25:57|qwen|web_search_no_think|1|JSON_VERIFIED||1059|d8814d76-2102-453c-b612-94c659f848ad
2026-03-29 21:25:57|qwen|web_search_no_think|1|QUESTION|10|1059|d8814d76-2102-453c-b612-94c659f848ad
2026-03-29 21:25:57|qwen|web_search_no_think|1|JSON_SAVED||1059|d8814d76-2102-453c-b612-94c659f848ad
2026-03-29 21:25:57|qwen|web_search_no_think|1|QUESTION_ADVANCE||1060|737c2c3a-32e2-4848-b262-be6b2a28546e
2026-03-29 21:26:06|qwen|web_search_no_think|3|JSON_VERIFIED||960|776366d7-6f1a-4cde-a7e3-e33d95a8222a
2026-03-29 21:26:06|qwen|web_search_no_think|3|QUESTION|12|960|776366d7-6f1a-4cde-a7e3-e33d95a8222a
2026-03-29 21:26:06|qwen|web_search_no_think|3|JSON_SAVED||960|776366d7-6f1a-4cde-a7e3-e33d95a8222a
2026-03-29 21:26:06|qwen|web_search_no_think|3|QUESTION_ADVANCE||961|37669662-e79a-4e0a-89dc-6b8aef0f3eba
2026-03-29 21:26:08|qwen|web_search_no_think|5|QUESTION_SENT||861|2d9e1f22-b990-4648-9dc3-3ebc97e996a9
2026-03-29 21:26:14|qwen|web_search_no_think|0|JSON_VERIFIED||1110|b8f11afa-8bd0-4957-b3de-f06f0d311438
2026-03-29 21:26:14|qwen|web_search_no_think|0|QUESTION|11|1110|b8f11afa-8bd0-4957-b3de-f06f0d311438
2026-03-29 21:26:14|qwen|web_search_no_think|0|JSON_SAVED||1110|b8f11afa-8bd0-4957-b3de-f06f0d311438
2026-03-29 21:26:14|qwen|web_search_no_think|0|QUESTION_ADVANCE||1111|fd0686b6-efcd-4690-9a7f-e8c1f97420cf
2026-03-29 21:26:24|qwen|web_search_no_think|1|QUESTION_SENT||1060|737c2c3a-32e2-4848-b262-be6b2a28546e
2026-03-29 21:26:32|qwen|web_search_no_think|3|QUESTION_SENT||961|37669662-e79a-4e0a-89dc-6b8aef0f3eba
2026-03-29 21:26:40|qwen|web_search_no_think|0|QUESTION_SENT||1111|fd0686b6-efcd-4690-9a7f-e8c1f97420cf
2026-03-29 21:27:09|qwen|web_search_no_think|4|JSON_VERIFIED||910|427ae094-0c17-4698-997b-571457116f79
2026-03-29 21:27:09|qwen|web_search_no_think|4|QUESTION|11|910|427ae094-0c17-4698-997b-571457116f79
2026-03-29 21:27:09|qwen|web_search_no_think|4|JSON_SAVED||910|427ae094-0c17-4698-997b-571457116f79
2026-03-29 21:27:09|qwen|web_search_no_think|4|QUESTION_ADVANCE||911|ddd6637c-94c0-462d-a8d3-e623186dd0d2
2026-03-29 21:27:17|qwen|web_search_no_think|5|JSON_VERIFIED||861|2d9e1f22-b990-4648-9dc3-3ebc97e996a9
2026-03-29 21:27:17|qwen|web_search_no_think|5|QUESTION|12|861|2d9e1f22-b990-4648-9dc3-3ebc97e996a9
2026-03-29 21:27:17|qwen|web_search_no_think|5|JSON_SAVED||861|2d9e1f22-b990-4648-9dc3-3ebc97e996a9
2026-03-29 21:27:17|qwen|web_search_no_think|5|QUESTION_ADVANCE||862|ae9987b4-eb0b-4041-b733-af6b7d447bb8
2026-03-29 21:27:18|qwen|web_search_no_think|2|JSON_VERIFIED||1008|df636cc9-6670-4a73-9e32-c4f8c2058e72
2026-03-29 21:27:18|qwen|web_search_no_think|2|QUESTION|9|1008|df636cc9-6670-4a73-9e32-c4f8c2058e72
2026-03-29 21:27:18|qwen|web_search_no_think|2|JSON_SAVED||1008|df636cc9-6670-4a73-9e32-c4f8c2058e72
2026-03-29 21:27:18|qwen|web_search_no_think|2|QUESTION_ADVANCE||1009|e1b62e32-6585-47da-ae02-4b9dc88498a0
2026-03-29 21:27:35|qwen|web_search_no_think|4|QUESTION_SENT||911|ddd6637c-94c0-462d-a8d3-e623186dd0d2
2026-03-29 21:27:44|qwen|web_search_no_think|5|QUESTION_SENT||862|ae9987b4-eb0b-4041-b733-af6b7d447bb8
2026-03-29 21:27:45|qwen|web_search_no_think|2|QUESTION_SENT||1009|e1b62e32-6585-47da-ae02-4b9dc88498a0
2026-03-29 21:27:59|qwen|web_search_no_think|1|JSON_VERIFIED||1060|737c2c3a-32e2-4848-b262-be6b2a28546e
2026-03-29 21:27:59|qwen|web_search_no_think|1|QUESTION|11|1060|737c2c3a-32e2-4848-b262-be6b2a28546e
2026-03-29 21:27:59|qwen|web_search_no_think|1|JSON_SAVED||1060|737c2c3a-32e2-4848-b262-be6b2a28546e
2026-03-29 21:27:59|qwen|web_search_no_think|1|QUESTION_ADVANCE||1061|3b9b18d7-0e48-4c3a-bf49-67d8b9dd5455
2026-03-29 21:28:03|qwen|web_search_no_think|3|JSON_VERIFIED||961|37669662-e79a-4e0a-89dc-6b8aef0f3eba
2026-03-29 21:28:03|qwen|web_search_no_think|3|QUESTION|13|961|37669662-e79a-4e0a-89dc-6b8aef0f3eba
2026-03-29 21:28:03|qwen|web_search_no_think|3|JSON_SAVED||961|37669662-e79a-4e0a-89dc-6b8aef0f3eba
2026-03-29 21:28:03|qwen|web_search_no_think|3|QUESTION_ADVANCE||962|0a9f44dc-9b03-4fee-a1d8-4ce66ede4ee0
2026-03-29 21:28:12|qwen|web_search_no_think|0|JSON_VERIFIED||1111|fd0686b6-efcd-4690-9a7f-e8c1f97420cf
2026-03-29 21:28:12|qwen|web_search_no_think|0|QUESTION|12|1111|fd0686b6-efcd-4690-9a7f-e8c1f97420cf
2026-03-29 21:28:12|qwen|web_search_no_think|0|JSON_SAVED||1111|fd0686b6-efcd-4690-9a7f-e8c1f97420cf
2026-03-29 21:28:12|qwen|web_search_no_think|0|QUESTION_ADVANCE||1112|54d80b4a-fcde-4d92-83c2-7d35839abf73
2026-03-29 21:28:25|qwen|web_search_no_think|1|QUESTION_SENT||1061|3b9b18d7-0e48-4c3a-bf49-67d8b9dd5455
2026-03-29 21:28:29|qwen|web_search_no_think|3|QUESTION_SENT||962|0a9f44dc-9b03-4fee-a1d8-4ce66ede4ee0
2026-03-29 21:28:39|qwen|web_search_no_think|0|QUESTION_SENT||1112|54d80b4a-fcde-4d92-83c2-7d35839abf73
2026-03-29 21:29:02|qwen|web_search_no_think|4|JSON_VERIFIED||911|ddd6637c-94c0-462d-a8d3-e623186dd0d2
2026-03-29 21:29:02|qwen|web_search_no_think|4|QUESTION|12|911|ddd6637c-94c0-462d-a8d3-e623186dd0d2
2026-03-29 21:29:02|qwen|web_search_no_think|4|JSON_SAVED||911|ddd6637c-94c0-462d-a8d3-e623186dd0d2
2026-03-29 21:29:02|qwen|web_search_no_think|4|QUESTION_ADVANCE||912|c7b8a7ba-9930-430b-8eab-4123959227c3
2026-03-29 21:29:28|qwen|web_search_no_think|4|QUESTION_SENT||912|c7b8a7ba-9930-430b-8eab-4123959227c3
2026-03-29 21:29:50|qwen|web_search_no_think|2|JSON_VERIFIED||1009|e1b62e32-6585-47da-ae02-4b9dc88498a0
2026-03-29 21:29:50|qwen|web_search_no_think|2|QUESTION|10|1009|e1b62e32-6585-47da-ae02-4b9dc88498a0
2026-03-29 21:29:50|qwen|web_search_no_think|2|JSON_SAVED||1009|e1b62e32-6585-47da-ae02-4b9dc88498a0
2026-03-29 21:29:50|qwen|web_search_no_think|2|QUESTION_ADVANCE||1010|8e5a39d9-7c34-4c84-8fa6-34b08e1fdd1b
2026-03-29 21:29:52|qwen|web_search_no_think|1|JSON_VERIFIED||1061|3b9b18d7-0e48-4c3a-bf49-67d8b9dd5455
2026-03-29 21:29:52|qwen|web_search_no_think|1|QUESTION|12|1061|3b9b18d7-0e48-4c3a-bf49-67d8b9dd5455
2026-03-29 21:29:52|qwen|web_search_no_think|1|JSON_SAVED||1061|3b9b18d7-0e48-4c3a-bf49-67d8b9dd5455
2026-03-29 21:29:52|qwen|web_search_no_think|1|QUESTION_ADVANCE||1062|02c0276c-ecf8-4003-a2c7-dae83cadd573
2026-03-29 21:29:59|qwen|web_search_no_think|0|JSON_VERIFIED||1112|54d80b4a-fcde-4d92-83c2-7d35839abf73
2026-03-29 21:29:59|qwen|web_search_no_think|0|QUESTION|13|1112|54d80b4a-fcde-4d92-83c2-7d35839abf73
2026-03-29 21:29:59|qwen|web_search_no_think|0|JSON_SAVED||1112|54d80b4a-fcde-4d92-83c2-7d35839abf73
2026-03-29 21:30:00|qwen|web_search_no_think|0|QUESTION_ADVANCE||1113|867046f5-43b3-416e-b2f4-9e89deb80a21
2026-03-29 21:30:10|qwen|web_search_no_think|5|JSON_VERIFIED||862|ae9987b4-eb0b-4041-b733-af6b7d447bb8
2026-03-29 21:30:10|qwen|web_search_no_think|5|QUESTION|13|862|ae9987b4-eb0b-4041-b733-af6b7d447bb8
2026-03-29 21:30:10|qwen|web_search_no_think|5|JSON_SAVED||862|ae9987b4-eb0b-4041-b733-af6b7d447bb8
2026-03-29 21:30:10|qwen|web_search_no_think|5|QUESTION_ADVANCE||863|48b19c86-3620-4a28-adcd-bcac1ea10049
2026-03-29 21:30:16|qwen|web_search_no_think|2|QUESTION_SENT||1010|8e5a39d9-7c34-4c84-8fa6-34b08e1fdd1b
2026-03-29 21:30:18|qwen|web_search_no_think|1|QUESTION_SENT||1062|02c0276c-ecf8-4003-a2c7-dae83cadd573
2026-03-29 21:30:26|qwen|web_search_no_think|0|QUESTION_SENT||1113|867046f5-43b3-416e-b2f4-9e89deb80a21
2026-03-29 21:30:36|qwen|web_search_no_think|5|QUESTION_SENT||863|48b19c86-3620-4a28-adcd-bcac1ea10049
2026-03-29 21:30:48|qwen|web_search_no_think|4|JSON_VERIFIED||912|c7b8a7ba-9930-430b-8eab-4123959227c3
2026-03-29 21:30:48|qwen|web_search_no_think|4|QUESTION|13|912|c7b8a7ba-9930-430b-8eab-4123959227c3
2026-03-29 21:30:48|qwen|web_search_no_think|4|JSON_SAVED||912|c7b8a7ba-9930-430b-8eab-4123959227c3
2026-03-29 21:30:48|qwen|web_search_no_think|4|QUESTION_ADVANCE||913|f6fd258b-4634-41a2-b84e-47c888d23589
2026-03-29 21:30:59|qwen|web_search_no_think|3|JSON_VERIFIED||962|0a9f44dc-9b03-4fee-a1d8-4ce66ede4ee0
2026-03-29 21:30:59|qwen|web_search_no_think|3|QUESTION|14|962|0a9f44dc-9b03-4fee-a1d8-4ce66ede4ee0
2026-03-29 21:30:59|qwen|web_search_no_think|3|JSON_SAVED||962|0a9f44dc-9b03-4fee-a1d8-4ce66ede4ee0
2026-03-29 21:30:59|qwen|web_search_no_think|3|QUESTION_ADVANCE||963|57b4ecc4-2ca6-4652-97f2-4ec5f2cc2a0b
2026-03-29 21:31:14|qwen|web_search_no_think|4|QUESTION_SENT||913|f6fd258b-4634-41a2-b84e-47c888d23589
2026-03-29 21:31:25|qwen|web_search_no_think|3|QUESTION_SENT||963|57b4ecc4-2ca6-4652-97f2-4ec5f2cc2a0b
2026-03-29 21:31:36|qwen|web_search_no_think|1|JSON_VERIFIED||1062|02c0276c-ecf8-4003-a2c7-dae83cadd573
2026-03-29 21:31:36|qwen|web_search_no_think|1|QUESTION|13|1062|02c0276c-ecf8-4003-a2c7-dae83cadd573
2026-03-29 21:31:36|qwen|web_search_no_think|1|JSON_SAVED||1062|02c0276c-ecf8-4003-a2c7-dae83cadd573
2026-03-29 21:31:36|qwen|web_search_no_think|1|QUESTION_ADVANCE||1063|4134884d-7d34-4b7d-bb54-d5f6c5d5aad4
2026-03-29 21:31:40|qwen|web_search_no_think|2|JSON_VERIFIED||1010|8e5a39d9-7c34-4c84-8fa6-34b08e1fdd1b
2026-03-29 21:31:40|qwen|web_search_no_think|2|QUESTION|11|1010|8e5a39d9-7c34-4c84-8fa6-34b08e1fdd1b
2026-03-29 21:31:40|qwen|web_search_no_think|2|JSON_SAVED||1010|8e5a39d9-7c34-4c84-8fa6-34b08e1fdd1b
2026-03-29 21:31:40|qwen|web_search_no_think|2|QUESTION_ADVANCE||1011|ac5927af-508f-4388-a011-a2a462a55007
2026-03-29 21:32:02|qwen|web_search_no_think|1|QUESTION_SENT||1063|4134884d-7d34-4b7d-bb54-d5f6c5d5aad4
2026-03-29 21:32:06|qwen|web_search_no_think|2|QUESTION_SENT||1011|ac5927af-508f-4388-a011-a2a462a55007
2026-03-29 21:32:11|qwen|web_search_no_think|5|JSON_VERIFIED||863|48b19c86-3620-4a28-adcd-bcac1ea10049
2026-03-29 21:32:11|qwen|web_search_no_think|5|QUESTION|14|863|48b19c86-3620-4a28-adcd-bcac1ea10049
2026-03-29 21:32:11|qwen|web_search_no_think|5|JSON_SAVED||863|48b19c86-3620-4a28-adcd-bcac1ea10049
2026-03-29 21:32:11|qwen|web_search_no_think|5|QUESTION_ADVANCE||864|c5f18aad-4a78-4a63-875c-ec07dde0e23d
2026-03-29 21:32:14|qwen|web_search_no_think|0|JSON_VERIFIED||1113|867046f5-43b3-416e-b2f4-9e89deb80a21
2026-03-29 21:32:14|qwen|web_search_no_think|0|QUESTION|14|1113|867046f5-43b3-416e-b2f4-9e89deb80a21
2026-03-29 21:32:14|qwen|web_search_no_think|0|JSON_SAVED||1113|867046f5-43b3-416e-b2f4-9e89deb80a21
2026-03-29 21:32:14|qwen|web_search_no_think|0|QUESTION_ADVANCE||1114|57ca1199-c96b-4237-8f74-db730a12e7df
2026-03-29 21:32:38|qwen|web_search_no_think|5|QUESTION_SENT||864|c5f18aad-4a78-4a63-875c-ec07dde0e23d
2026-03-29 21:32:39|qwen|web_search_no_think|4|JSON_VERIFIED||913|f6fd258b-4634-41a2-b84e-47c888d23589
2026-03-29 21:32:39|qwen|web_search_no_think|4|QUESTION|14|913|f6fd258b-4634-41a2-b84e-47c888d23589
2026-03-29 21:32:39|qwen|web_search_no_think|4|JSON_SAVED||913|f6fd258b-4634-41a2-b84e-47c888d23589
2026-03-29 21:32:39|qwen|web_search_no_think|4|QUESTION_ADVANCE||914|623672ca-e7e5-4ae2-acb6-feca67f48bbb
2026-03-29 21:32:40|qwen|web_search_no_think|0|QUESTION_SENT||1114|57ca1199-c96b-4237-8f74-db730a12e7df
2026-03-29 21:33:06|qwen|web_search_no_think|4|QUESTION_SENT||914|623672ca-e7e5-4ae2-acb6-feca67f48bbb
2026-03-29 21:33:28|qwen|web_search_no_think|1|JSON_VERIFIED||1063|4134884d-7d34-4b7d-bb54-d5f6c5d5aad4
2026-03-29 21:33:28|qwen|web_search_no_think|1|QUESTION|14|1063|4134884d-7d34-4b7d-bb54-d5f6c5d5aad4
2026-03-29 21:33:28|qwen|web_search_no_think|1|JSON_SAVED||1063|4134884d-7d34-4b7d-bb54-d5f6c5d5aad4
2026-03-29 21:33:28|qwen|web_search_no_think|1|QUESTION_ADVANCE||1064|1a8056a7-0ab6-446f-8943-87fe0feef796
2026-03-29 21:33:29|qwen|web_search_no_think|2|JSON_VERIFIED||1011|ac5927af-508f-4388-a011-a2a462a55007
2026-03-29 21:33:29|qwen|web_search_no_think|2|QUESTION|12|1011|ac5927af-508f-4388-a011-a2a462a55007
2026-03-29 21:33:29|qwen|web_search_no_think|2|JSON_SAVED||1011|ac5927af-508f-4388-a011-a2a462a55007
2026-03-29 21:33:29|qwen|web_search_no_think|2|QUESTION_ADVANCE||1012|9fca1ca5-bd03-4cbe-844a-ef54ef86e2f7
2026-03-29 21:33:31|qwen|web_search_no_think|3|JSON_VERIFIED||963|57b4ecc4-2ca6-4652-97f2-4ec5f2cc2a0b
2026-03-29 21:33:31|qwen|web_search_no_think|3|QUESTION|15|963|57b4ecc4-2ca6-4652-97f2-4ec5f2cc2a0b
2026-03-29 21:33:31|qwen|web_search_no_think|3|JSON_SAVED||963|57b4ecc4-2ca6-4652-97f2-4ec5f2cc2a0b
2026-03-29 21:33:31|qwen|web_search_no_think|3|QUESTION_ADVANCE||964|b16f5333-a06c-4145-9a4e-91626a9054bb
2026-03-29 21:33:42|qwen|web_search_no_think|5|JSON_VERIFIED||864|c5f18aad-4a78-4a63-875c-ec07dde0e23d
2026-03-29 21:33:42|qwen|web_search_no_think|5|QUESTION|15|864|c5f18aad-4a78-4a63-875c-ec07dde0e23d
2026-03-29 21:33:42|qwen|web_search_no_think|5|JSON_SAVED||864|c5f18aad-4a78-4a63-875c-ec07dde0e23d
2026-03-29 21:33:42|qwen|web_search_no_think|5|QUESTION_ADVANCE||865|9b2369b9-8135-4b6b-b94a-c0f6b0fa9cd1
2026-03-29 21:33:54|qwen|web_search_no_think|1|QUESTION_SENT||1064|1a8056a7-0ab6-446f-8943-87fe0feef796
2026-03-29 21:33:55|qwen|web_search_no_think|2|QUESTION_SENT||1012|9fca1ca5-bd03-4cbe-844a-ef54ef86e2f7
2026-03-29 21:33:58|qwen|web_search_no_think|3|QUESTION_SENT||964|b16f5333-a06c-4145-9a4e-91626a9054bb
2026-03-29 21:34:08|qwen|web_search_no_think|5|QUESTION_SENT||865|9b2369b9-8135-4b6b-b94a-c0f6b0fa9cd1
2026-03-29 21:34:21|qwen|web_search_no_think|0|JSON_VERIFIED||1114|57ca1199-c96b-4237-8f74-db730a12e7df
2026-03-29 21:34:21|qwen|web_search_no_think|0|QUESTION|15|1114|57ca1199-c96b-4237-8f74-db730a12e7df
2026-03-29 21:34:21|qwen|web_search_no_think|0|JSON_SAVED||1114|57ca1199-c96b-4237-8f74-db730a12e7df
2026-03-29 21:34:21|qwen|web_search_no_think|0|QUESTION_ADVANCE||1115|df80c03a-2d49-451f-9ff1-c9fe31e253ca
2026-03-29 21:34:29|qwen|web_search_no_think|4|JSON_VERIFIED||914|623672ca-e7e5-4ae2-acb6-feca67f48bbb
2026-03-29 21:34:29|qwen|web_search_no_think|4|QUESTION|15|914|623672ca-e7e5-4ae2-acb6-feca67f48bbb
2026-03-29 21:34:29|qwen|web_search_no_think|4|JSON_SAVED||914|623672ca-e7e5-4ae2-acb6-feca67f48bbb
2026-03-29 21:34:29|qwen|web_search_no_think|4|QUESTION_ADVANCE||915|a4bd83d3-a057-470f-a208-3c1c03da0278
2026-03-29 21:34:47|qwen|web_search_no_think|0|QUESTION_SENT||1115|df80c03a-2d49-451f-9ff1-c9fe31e253ca
2026-03-29 21:34:55|qwen|web_search_no_think|1|JSON_VERIFIED||1064|1a8056a7-0ab6-446f-8943-87fe0feef796
2026-03-29 21:34:55|qwen|web_search_no_think|1|QUESTION|15|1064|1a8056a7-0ab6-446f-8943-87fe0feef796
2026-03-29 21:34:55|qwen|web_search_no_think|1|JSON_SAVED||1064|1a8056a7-0ab6-446f-8943-87fe0feef796
2026-03-29 21:34:55|qwen|web_search_no_think|1|QUESTION_ADVANCE||1065|7a24df82-d238-4645-bffe-121587c5cee2
2026-03-29 21:34:56|qwen|web_search_no_think|4|QUESTION_SENT||915|a4bd83d3-a057-470f-a208-3c1c03da0278
2026-03-29 21:35:02|qwen|web_search_no_think|2|JSON_VERIFIED||1012|9fca1ca5-bd03-4cbe-844a-ef54ef86e2f7
2026-03-29 21:35:02|qwen|web_search_no_think|2|QUESTION|13|1012|9fca1ca5-bd03-4cbe-844a-ef54ef86e2f7
2026-03-29 21:35:02|qwen|web_search_no_think|2|JSON_SAVED||1012|9fca1ca5-bd03-4cbe-844a-ef54ef86e2f7
2026-03-29 21:35:02|qwen|web_search_no_think|2|QUESTION_ADVANCE||1013|1f2ed11f-4002-4b49-8098-47d8de21ba5c
2026-03-29 21:35:21|qwen|web_search_no_think|1|QUESTION_SENT||1065|7a24df82-d238-4645-bffe-121587c5cee2
2026-03-29 21:35:28|qwen|web_search_no_think|2|QUESTION_SENT||1013|1f2ed11f-4002-4b49-8098-47d8de21ba5c
2026-03-29 21:35:50|qwen|web_search_no_think|3|JSON_VERIFIED||964|b16f5333-a06c-4145-9a4e-91626a9054bb
2026-03-29 21:35:50|qwen|web_search_no_think|3|QUESTION|16|964|b16f5333-a06c-4145-9a4e-91626a9054bb
2026-03-29 21:35:50|qwen|web_search_no_think|3|JSON_SAVED||964|b16f5333-a06c-4145-9a4e-91626a9054bb
2026-03-29 21:35:50|qwen|web_search_no_think|3|QUESTION_ADVANCE||965|50c73a0f-b783-4945-8c65-ef65ead4117c
2026-03-29 21:35:53|qwen|web_search_no_think|5|JSON_VERIFIED||865|9b2369b9-8135-4b6b-b94a-c0f6b0fa9cd1
2026-03-29 21:35:53|qwen|web_search_no_think|5|QUESTION|16|865|9b2369b9-8135-4b6b-b94a-c0f6b0fa9cd1
2026-03-29 21:35:53|qwen|web_search_no_think|5|JSON_SAVED||865|9b2369b9-8135-4b6b-b94a-c0f6b0fa9cd1
2026-03-29 21:35:53|qwen|web_search_no_think|5|QUESTION_ADVANCE||866|e5f97add-106a-42e3-8b30-d92d857ccb41
2026-03-29 21:36:16|qwen|web_search_no_think|3|QUESTION_SENT||965|50c73a0f-b783-4945-8c65-ef65ead4117c
2026-03-29 21:36:19|qwen|web_search_no_think|5|QUESTION_SENT||866|e5f97add-106a-42e3-8b30-d92d857ccb41
2026-03-29 21:36:31|qwen|web_search_no_think|4|JSON_VERIFIED||915|a4bd83d3-a057-470f-a208-3c1c03da0278
2026-03-29 21:36:31|qwen|web_search_no_think|4|QUESTION|16|915|a4bd83d3-a057-470f-a208-3c1c03da0278
2026-03-29 21:36:31|qwen|web_search_no_think|4|JSON_SAVED||915|a4bd83d3-a057-470f-a208-3c1c03da0278
2026-03-29 21:36:31|qwen|web_search_no_think|4|QUESTION_ADVANCE||916|816ebdc8-49ca-49c6-b87c-7cb62f09cf39
2026-03-29 21:36:31|qwen|web_search_no_think|0|JSON_VERIFIED||1115|df80c03a-2d49-451f-9ff1-c9fe31e253ca
2026-03-29 21:36:31|qwen|web_search_no_think|0|QUESTION|16|1115|df80c03a-2d49-451f-9ff1-c9fe31e253ca
2026-03-29 21:36:31|qwen|web_search_no_think|0|JSON_SAVED||1115|df80c03a-2d49-451f-9ff1-c9fe31e253ca
2026-03-29 21:36:31|qwen|web_search_no_think|0|QUESTION_ADVANCE||1116|98693c49-ff2c-448c-b9d0-42d48d681598
2026-03-29 21:36:55|qwen|web_search_no_think|2|JSON_VERIFIED||1013|1f2ed11f-4002-4b49-8098-47d8de21ba5c
2026-03-29 21:36:55|qwen|web_search_no_think|2|QUESTION|14|1013|1f2ed11f-4002-4b49-8098-47d8de21ba5c
2026-03-29 21:36:55|qwen|web_search_no_think|2|JSON_SAVED||1013|1f2ed11f-4002-4b49-8098-47d8de21ba5c
2026-03-29 21:36:55|qwen|web_search_no_think|2|QUESTION_ADVANCE||1014|066376ac-5399-43b5-bc9a-d21a19855586
2026-03-29 21:36:57|qwen|web_search_no_think|4|QUESTION_SENT||916|816ebdc8-49ca-49c6-b87c-7cb62f09cf39
2026-03-29 21:36:57|qwen|web_search_no_think|0|QUESTION_SENT||1116|98693c49-ff2c-448c-b9d0-42d48d681598
2026-03-29 21:36:59|qwen|web_search_no_think|1|JSON_VERIFIED||1065|7a24df82-d238-4645-bffe-121587c5cee2
2026-03-29 21:36:59|qwen|web_search_no_think|1|QUESTION|16|1065|7a24df82-d238-4645-bffe-121587c5cee2
2026-03-29 21:36:59|qwen|web_search_no_think|1|JSON_SAVED||1065|7a24df82-d238-4645-bffe-121587c5cee2
2026-03-29 21:36:59|qwen|web_search_no_think|1|QUESTION_ADVANCE||1066|994fff28-7bec-40b3-a419-ee6bad2072d1
2026-03-29 21:37:21|qwen|web_search_no_think|2|QUESTION_SENT||1014|066376ac-5399-43b5-bc9a-d21a19855586
2026-03-29 21:37:26|qwen|web_search_no_think|1|QUESTION_SENT||1066|994fff28-7bec-40b3-a419-ee6bad2072d1
2026-03-29 21:37:49|qwen|web_search_no_think|3|JSON_VERIFIED||965|50c73a0f-b783-4945-8c65-ef65ead4117c
2026-03-29 21:37:49|qwen|web_search_no_think|3|QUESTION|17|965|50c73a0f-b783-4945-8c65-ef65ead4117c
2026-03-29 21:37:49|qwen|web_search_no_think|3|JSON_SAVED||965|50c73a0f-b783-4945-8c65-ef65ead4117c
2026-03-29 21:37:49|qwen|web_search_no_think|3|QUESTION_ADVANCE||966|5513d0b2-0078-40d2-9b96-e290a83621c1
2026-03-29 21:38:15|qwen|web_search_no_think|3|QUESTION_SENT||966|5513d0b2-0078-40d2-9b96-e290a83621c1
2026-03-29 21:38:52|qwen|web_search_no_think|4|JSON_VERIFIED||916|816ebdc8-49ca-49c6-b87c-7cb62f09cf39
2026-03-29 21:38:52|qwen|web_search_no_think|4|QUESTION|17|916|816ebdc8-49ca-49c6-b87c-7cb62f09cf39
2026-03-29 21:38:52|qwen|web_search_no_think|4|JSON_SAVED||916|816ebdc8-49ca-49c6-b87c-7cb62f09cf39
2026-03-29 21:38:52|qwen|web_search_no_think|4|QUESTION_ADVANCE||917|d6655160-dfae-4dd0-9485-5d169beaeb9a
2026-03-29 21:39:16|qwen|web_search_no_think|1|JSON_VERIFIED||1066|994fff28-7bec-40b3-a419-ee6bad2072d1
2026-03-29 21:39:16|qwen|web_search_no_think|1|QUESTION|17|1066|994fff28-7bec-40b3-a419-ee6bad2072d1
2026-03-29 21:39:16|qwen|web_search_no_think|1|JSON_SAVED||1066|994fff28-7bec-40b3-a419-ee6bad2072d1
2026-03-29 21:39:16|qwen|web_search_no_think|1|QUESTION_ADVANCE||1067|3a77ea4c-8e5b-4853-afc5-a2a229141230
2026-03-29 21:39:18|qwen|web_search_no_think|4|QUESTION_SENT||917|d6655160-dfae-4dd0-9485-5d169beaeb9a
2026-03-29 21:39:43|qwen|web_search_no_think|1|QUESTION_SENT||1067|3a77ea4c-8e5b-4853-afc5-a2a229141230
2026-03-29 21:39:57|qwen|web_search_no_think|3|JSON_VERIFIED||966|5513d0b2-0078-40d2-9b96-e290a83621c1
2026-03-29 21:39:57|qwen|web_search_no_think|3|QUESTION|18|966|5513d0b2-0078-40d2-9b96-e290a83621c1
2026-03-29 21:39:57|qwen|web_search_no_think|3|JSON_SAVED||966|5513d0b2-0078-40d2-9b96-e290a83621c1
2026-03-29 21:39:57|qwen|web_search_no_think|3|QUESTION_ADVANCE||967|8cb246c6-9b67-46d9-9fa8-1b93dc455723
2026-03-29 21:40:16|qwen|web_search_no_think|2|JSON_VERIFY_FAILED||1014|066376ac-5399-43b5-bc9a-d21a19855586
2026-03-29 21:40:16|qwen|web_search_no_think|2|QUESTION|15|1014|066376ac-5399-43b5-bc9a-d21a19855586
2026-03-29 21:40:24|qwen|web_search_no_think|3|QUESTION_SENT||967|8cb246c6-9b67-46d9-9fa8-1b93dc455723
2026-03-29 21:40:42|qwen|web_search_no_think|2|QUESTION_SENT||1014|066376ac-5399-43b5-bc9a-d21a19855586
2026-03-29 21:40:55|qwen|web_search_no_think|1|JSON_VERIFIED||1067|3a77ea4c-8e5b-4853-afc5-a2a229141230
2026-03-29 21:40:55|qwen|web_search_no_think|1|QUESTION|18|1067|3a77ea4c-8e5b-4853-afc5-a2a229141230
2026-03-29 21:40:55|qwen|web_search_no_think|1|JSON_SAVED||1067|3a77ea4c-8e5b-4853-afc5-a2a229141230
2026-03-29 21:40:55|qwen|web_search_no_think|1|QUESTION_ADVANCE||1068|590c5db0-71c9-4bfa-91c3-bc7fbb9ef63c
2026-03-29 21:41:21|qwen|web_search_no_think|4|JSON_VERIFIED||917|d6655160-dfae-4dd0-9485-5d169beaeb9a
2026-03-29 21:41:21|qwen|web_search_no_think|4|QUESTION|18|917|d6655160-dfae-4dd0-9485-5d169beaeb9a
2026-03-29 21:41:21|qwen|web_search_no_think|4|JSON_SAVED||917|d6655160-dfae-4dd0-9485-5d169beaeb9a
2026-03-29 21:41:21|qwen|web_search_no_think|4|QUESTION_ADVANCE||918|212b171d-6494-4762-9955-27aa8c3b342f
2026-03-29 21:41:21|qwen|web_search_no_think|1|QUESTION_SENT||1068|590c5db0-71c9-4bfa-91c3-bc7fbb9ef63c
2026-03-29 21:41:26|qwen|web_search_no_think|2|JSON_VERIFY_FAILED||1014|066376ac-5399-43b5-bc9a-d21a19855586
2026-03-29 21:41:26|qwen|web_search_no_think|2|QUESTION|16|1014|066376ac-5399-43b5-bc9a-d21a19855586
2026-03-29 21:41:47|qwen|web_search_no_think|4|QUESTION_SENT||918|212b171d-6494-4762-9955-27aa8c3b342f
2026-03-29 21:41:52|qwen|web_search_no_think|2|QUESTION_SENT||1014|066376ac-5399-43b5-bc9a-d21a19855586
2026-03-29 21:41:53|qwen|web_search_no_think|3|JSON_VERIFY_FAILED||967|8cb246c6-9b67-46d9-9fa8-1b93dc455723
2026-03-29 21:41:53|qwen|web_search_no_think|3|QUESTION|19|967|8cb246c6-9b67-46d9-9fa8-1b93dc455723
2026-03-29 21:42:19|qwen|web_search_no_think|3|QUESTION_SENT||967|8cb246c6-9b67-46d9-9fa8-1b93dc455723
2026-03-29 21:42:35|qwen|web_search_no_think|1|JSON_VERIFIED||1068|590c5db0-71c9-4bfa-91c3-bc7fbb9ef63c
2026-03-29 21:42:35|qwen|web_search_no_think|1|QUESTION|19|1068|590c5db0-71c9-4bfa-91c3-bc7fbb9ef63c
2026-03-29 21:42:35|qwen|web_search_no_think|1|JSON_SAVED||1068|590c5db0-71c9-4bfa-91c3-bc7fbb9ef63c
2026-03-29 21:42:35|qwen|web_search_no_think|1|QUESTION_ADVANCE||1069|42d4b909-28ee-4f7e-a288-485842d8d434
2026-03-29 21:43:02|qwen|web_search_no_think|1|QUESTION_SENT||1069|42d4b909-28ee-4f7e-a288-485842d8d434
2026-03-29 21:43:03|qwen|web_search_no_think|2|JSON_VERIFIED||1014|066376ac-5399-43b5-bc9a-d21a19855586
2026-03-29 21:43:03|qwen|web_search_no_think|2|QUESTION|17|1014|066376ac-5399-43b5-bc9a-d21a19855586
2026-03-29 21:43:03|qwen|web_search_no_think|2|JSON_SAVED||1014|066376ac-5399-43b5-bc9a-d21a19855586
2026-03-29 21:43:03|qwen|web_search_no_think|2|QUESTION_ADVANCE||1015|29b473a1-2578-4c15-aba7-7f2a3f0db6e0
2026-03-29 21:43:18|qwen|web_search_no_think|4|JSON_VERIFIED||918|212b171d-6494-4762-9955-27aa8c3b342f
2026-03-29 21:43:18|qwen|web_search_no_think|4|QUESTION|19|918|212b171d-6494-4762-9955-27aa8c3b342f
2026-03-29 21:43:18|qwen|web_search_no_think|4|JSON_SAVED||918|212b171d-6494-4762-9955-27aa8c3b342f
2026-03-29 21:43:18|qwen|web_search_no_think|4|QUESTION_ADVANCE||919|07859cde-e49b-437b-b610-5a8b9d2a354e
2026-03-29 21:43:20|qwen|web_search_no_think|3|JSON_VERIFIED||967|8cb246c6-9b67-46d9-9fa8-1b93dc455723
2026-03-29 21:43:20|qwen|web_search_no_think|3|QUESTION|20|967|8cb246c6-9b67-46d9-9fa8-1b93dc455723
2026-03-29 21:43:20|qwen|web_search_no_think|3|JSON_SAVED||967|8cb246c6-9b67-46d9-9fa8-1b93dc455723
2026-03-29 21:43:20|qwen|web_search_no_think|3|QUESTION_ADVANCE||968|c4eaffb9-0d75-4ebe-a608-8e03b837af2a
2026-03-29 21:43:25|qwen|web_search_no_think|5|QUESTION_SENT||866|e5f97add-106a-42e3-8b30-d92d857ccb41
2026-03-29 21:43:28|qwen|web_search_no_think|0|QUESTION_SENT||1116|98693c49-ff2c-448c-b9d0-42d48d681598
2026-03-29 21:43:30|qwen|web_search_no_think|2|QUESTION_SENT||1015|29b473a1-2578-4c15-aba7-7f2a3f0db6e0
2026-03-29 21:43:44|qwen|web_search_no_think|4|QUESTION_SENT||919|07859cde-e49b-437b-b610-5a8b9d2a354e
2026-03-29 21:43:47|qwen|web_search_no_think|3|QUESTION_SENT||968|c4eaffb9-0d75-4ebe-a608-8e03b837af2a
2026-03-29 21:44:21|qwen|web_search_no_think|1|JSON_VERIFY_FAILED||1069|42d4b909-28ee-4f7e-a288-485842d8d434
2026-03-29 21:44:21|qwen|web_search_no_think|1|QUESTION|20|1069|42d4b909-28ee-4f7e-a288-485842d8d434
2026-03-29 21:44:47|qwen|web_search_no_think|1|QUESTION_SENT||1069|42d4b909-28ee-4f7e-a288-485842d8d434
2026-03-29 21:44:51|qwen|web_search_no_think|4|JSON_VERIFIED||919|07859cde-e49b-437b-b610-5a8b9d2a354e
2026-03-29 21:44:51|qwen|web_search_no_think|4|QUESTION|20|919|07859cde-e49b-437b-b610-5a8b9d2a354e
2026-03-29 21:44:51|qwen|web_search_no_think|4|JSON_SAVED||919|07859cde-e49b-437b-b610-5a8b9d2a354e
2026-03-29 21:44:51|qwen|web_search_no_think|4|QUESTION_ADVANCE||920|14fe209c-db7c-4bf6-a5ad-a40b1aa95eb6
2026-03-29 21:44:55|qwen|web_search_no_think|2|JSON_VERIFIED||1015|29b473a1-2578-4c15-aba7-7f2a3f0db6e0
2026-03-29 21:44:55|qwen|web_search_no_think|2|QUESTION|18|1015|29b473a1-2578-4c15-aba7-7f2a3f0db6e0
2026-03-29 21:44:55|qwen|web_search_no_think|2|JSON_SAVED||1015|29b473a1-2578-4c15-aba7-7f2a3f0db6e0
2026-03-29 21:44:55|qwen|web_search_no_think|2|QUESTION_ADVANCE||1016|36b6d45a-3abd-4069-9d96-adfed9580bf9
2026-03-29 21:45:17|qwen|web_search_no_think|4|QUESTION_SENT||920|14fe209c-db7c-4bf6-a5ad-a40b1aa95eb6
2026-03-29 21:45:21|qwen|web_search_no_think|2|QUESTION_SENT||1016|36b6d45a-3abd-4069-9d96-adfed9580bf9
2026-03-29 21:45:23|qwen|web_search_no_think|3|JSON_VERIFIED||968|c4eaffb9-0d75-4ebe-a608-8e03b837af2a
2026-03-29 21:45:23|qwen|web_search_no_think|3|QUESTION|21|968|c4eaffb9-0d75-4ebe-a608-8e03b837af2a
2026-03-29 21:45:23|qwen|web_search_no_think|3|JSON_SAVED||968|c4eaffb9-0d75-4ebe-a608-8e03b837af2a
2026-03-29 21:45:23|qwen|web_search_no_think|3|QUESTION_ADVANCE||969|bd6600ba-29ee-440b-a06b-c7adb1ae782f
2026-03-29 21:45:25|qwen|web_search_no_think|5|JSON_VERIFIED||866|e5f97add-106a-42e3-8b30-d92d857ccb41
2026-03-29 21:45:25|qwen|web_search_no_think|5|QUESTION|17|866|e5f97add-106a-42e3-8b30-d92d857ccb41
2026-03-29 21:45:25|qwen|web_search_no_think|5|JSON_SAVED||866|e5f97add-106a-42e3-8b30-d92d857ccb41
2026-03-29 21:45:25|qwen|web_search_no_think|5|QUESTION_ADVANCE||867|967722ac-3278-4fb8-9bad-f53a98336b82
2026-03-29 21:45:50|qwen|web_search_no_think|3|QUESTION_SENT||969|bd6600ba-29ee-440b-a06b-c7adb1ae782f
2026-03-29 21:45:51|qwen|web_search_no_think|5|QUESTION_SENT||867|967722ac-3278-4fb8-9bad-f53a98336b82
2026-03-29 21:46:22|qwen|web_search_no_think|4|JSON_VERIFIED||920|14fe209c-db7c-4bf6-a5ad-a40b1aa95eb6
2026-03-29 21:46:22|qwen|web_search_no_think|4|QUESTION|21|920|14fe209c-db7c-4bf6-a5ad-a40b1aa95eb6
2026-03-29 21:46:22|qwen|web_search_no_think|4|JSON_SAVED||920|14fe209c-db7c-4bf6-a5ad-a40b1aa95eb6
2026-03-29 21:46:22|qwen|web_search_no_think|4|QUESTION_ADVANCE||921|077dde8f-38e4-4377-bc34-6f7473b10367
2026-03-29 21:46:34|qwen|web_search_no_think|1|JSON_VERIFIED||1069|42d4b909-28ee-4f7e-a288-485842d8d434
2026-03-29 21:46:34|qwen|web_search_no_think|1|QUESTION|21|1069|42d4b909-28ee-4f7e-a288-485842d8d434
2026-03-29 21:46:34|qwen|web_search_no_think|1|JSON_SAVED||1069|42d4b909-28ee-4f7e-a288-485842d8d434
2026-03-29 21:46:34|qwen|web_search_no_think|1|QUESTION_ADVANCE||1070|a72b4423-5636-41dc-b7f4-b75e2ba2acc1
2026-03-29 21:46:49|qwen|web_search_no_think|4|QUESTION_SENT||921|077dde8f-38e4-4377-bc34-6f7473b10367
2026-03-29 21:46:55|qwen|web_search_no_think|2|JSON_VERIFIED||1016|36b6d45a-3abd-4069-9d96-adfed9580bf9
2026-03-29 21:46:55|qwen|web_search_no_think|2|QUESTION|19|1016|36b6d45a-3abd-4069-9d96-adfed9580bf9
2026-03-29 21:46:55|qwen|web_search_no_think|2|JSON_SAVED||1016|36b6d45a-3abd-4069-9d96-adfed9580bf9
2026-03-29 21:46:55|qwen|web_search_no_think|2|QUESTION_ADVANCE||1017|0bfd458b-c877-4321-a9f9-dd487e334da9
2026-03-29 21:47:00|qwen|web_search_no_think|1|QUESTION_SENT||1070|a72b4423-5636-41dc-b7f4-b75e2ba2acc1
2026-03-29 21:47:16|qwen|web_search_no_think|5|JSON_VERIFIED||867|967722ac-3278-4fb8-9bad-f53a98336b82
2026-03-29 21:47:16|qwen|web_search_no_think|5|QUESTION|18|867|967722ac-3278-4fb8-9bad-f53a98336b82
2026-03-29 21:47:16|qwen|web_search_no_think|5|JSON_SAVED||867|967722ac-3278-4fb8-9bad-f53a98336b82
2026-03-29 21:47:16|qwen|web_search_no_think|5|QUESTION_ADVANCE||868|3e0c947c-a2fb-4c9e-9e99-daafb6bab028
2026-03-29 21:47:21|qwen|web_search_no_think|2|QUESTION_SENT||1017|0bfd458b-c877-4321-a9f9-dd487e334da9
2026-03-29 21:47:43|qwen|web_search_no_think|5|QUESTION_SENT||868|3e0c947c-a2fb-4c9e-9e99-daafb6bab028
2026-03-29 21:47:48|qwen|web_search_no_think|3|JSON_VERIFIED||969|bd6600ba-29ee-440b-a06b-c7adb1ae782f
2026-03-29 21:47:48|qwen|web_search_no_think|3|QUESTION|22|969|bd6600ba-29ee-440b-a06b-c7adb1ae782f
2026-03-29 21:47:48|qwen|web_search_no_think|3|JSON_SAVED||969|bd6600ba-29ee-440b-a06b-c7adb1ae782f
2026-03-29 21:47:48|qwen|web_search_no_think|3|QUESTION_ADVANCE||970|d934bcd6-51f4-49af-9401-ad7c251d9fc8
2026-03-29 21:48:01|qwen|web_search_no_think|4|JSON_VERIFIED||921|077dde8f-38e4-4377-bc34-6f7473b10367
2026-03-29 21:48:01|qwen|web_search_no_think|4|QUESTION|22|921|077dde8f-38e4-4377-bc34-6f7473b10367
2026-03-29 21:48:01|qwen|web_search_no_think|4|JSON_SAVED||921|077dde8f-38e4-4377-bc34-6f7473b10367
2026-03-29 21:48:01|qwen|web_search_no_think|4|QUESTION_ADVANCE||922|8f4a6b53-de42-4590-8c27-cf6d18aeb99f
2026-03-29 21:48:14|qwen|web_search_no_think|3|QUESTION_SENT||970|d934bcd6-51f4-49af-9401-ad7c251d9fc8
2026-03-29 21:48:25|qwen|web_search_no_think|1|JSON_VERIFIED||1070|a72b4423-5636-41dc-b7f4-b75e2ba2acc1
2026-03-29 21:48:25|qwen|web_search_no_think|1|QUESTION|22|1070|a72b4423-5636-41dc-b7f4-b75e2ba2acc1
2026-03-29 21:48:25|qwen|web_search_no_think|1|JSON_SAVED||1070|a72b4423-5636-41dc-b7f4-b75e2ba2acc1
2026-03-29 21:48:25|qwen|web_search_no_think|1|QUESTION_ADVANCE||1071|edc530bf-5291-4145-97dc-bf45f950caf9
2026-03-29 21:48:28|qwen|web_search_no_think|4|QUESTION_SENT||922|8f4a6b53-de42-4590-8c27-cf6d18aeb99f
2026-03-29 21:48:39|qwen|web_search_no_think|0|QUESTION_SENT||1116|98693c49-ff2c-448c-b9d0-42d48d681598
2026-03-29 21:48:52|qwen|web_search_no_think|1|QUESTION_SENT||1071|edc530bf-5291-4145-97dc-bf45f950caf9
2026-03-29 21:49:22|qwen|web_search_no_think|2|JSON_VERIFIED||1017|0bfd458b-c877-4321-a9f9-dd487e334da9
2026-03-29 21:49:22|qwen|web_search_no_think|2|QUESTION|20|1017|0bfd458b-c877-4321-a9f9-dd487e334da9
2026-03-29 21:49:22|qwen|web_search_no_think|2|JSON_SAVED||1017|0bfd458b-c877-4321-a9f9-dd487e334da9
2026-03-29 21:49:22|qwen|web_search_no_think|2|QUESTION_ADVANCE||1018|b872fffd-0b00-44a6-b6de-9fe79964a4fb
2026-03-29 21:49:29|qwen|web_search_no_think|3|JSON_VERIFIED||970|d934bcd6-51f4-49af-9401-ad7c251d9fc8
2026-03-29 21:49:29|qwen|web_search_no_think|3|QUESTION|23|970|d934bcd6-51f4-49af-9401-ad7c251d9fc8
2026-03-29 21:49:29|qwen|web_search_no_think|3|JSON_SAVED||970|d934bcd6-51f4-49af-9401-ad7c251d9fc8
2026-03-29 21:49:29|qwen|web_search_no_think|3|QUESTION_ADVANCE||971|2439177c-c056-4f5f-b9f5-db37107e7860
2026-03-29 21:49:48|qwen|web_search_no_think|2|QUESTION_SENT||1018|b872fffd-0b00-44a6-b6de-9fe79964a4fb
2026-03-29 21:49:56|qwen|web_search_no_think|3|QUESTION_SENT||971|2439177c-c056-4f5f-b9f5-db37107e7860
2026-03-29 21:49:56|qwen|web_search_no_think|4|JSON_VERIFIED||922|8f4a6b53-de42-4590-8c27-cf6d18aeb99f
2026-03-29 21:49:56|qwen|web_search_no_think|4|QUESTION|23|922|8f4a6b53-de42-4590-8c27-cf6d18aeb99f
2026-03-29 21:49:56|qwen|web_search_no_think|4|JSON_SAVED||922|8f4a6b53-de42-4590-8c27-cf6d18aeb99f
2026-03-29 21:49:56|qwen|web_search_no_think|4|QUESTION_ADVANCE||923|7a5b0b28-3195-4899-a652-854a12100a86
2026-03-29 21:50:04|qwen|web_search_no_think|0|JSON_VERIFIED||1116|98693c49-ff2c-448c-b9d0-42d48d681598
2026-03-29 21:50:04|qwen|web_search_no_think|0|QUESTION|17|1116|98693c49-ff2c-448c-b9d0-42d48d681598
2026-03-29 21:50:04|qwen|web_search_no_think|0|JSON_SAVED||1116|98693c49-ff2c-448c-b9d0-42d48d681598
2026-03-29 21:50:04|qwen|web_search_no_think|0|QUESTION_ADVANCE||1117|11ba27da-dace-4cc4-84dc-7cd5bb461e84
2026-03-29 21:50:11|qwen|web_search_no_think|1|JSON_VERIFIED||1071|edc530bf-5291-4145-97dc-bf45f950caf9
2026-03-29 21:50:11|qwen|web_search_no_think|1|QUESTION|23|1071|edc530bf-5291-4145-97dc-bf45f950caf9
2026-03-29 21:50:11|qwen|web_search_no_think|1|JSON_SAVED||1071|edc530bf-5291-4145-97dc-bf45f950caf9
2026-03-29 21:50:11|qwen|web_search_no_think|1|QUESTION_ADVANCE||1072|12b64ba3-1404-4c53-999e-4c41f3cf1cb0
2026-03-29 21:50:22|qwen|web_search_no_think|4|QUESTION_SENT||923|7a5b0b28-3195-4899-a652-854a12100a86
2026-03-29 21:50:31|qwen|web_search_no_think|0|QUESTION_SENT||1117|11ba27da-dace-4cc4-84dc-7cd5bb461e84
2026-03-29 21:50:38|qwen|web_search_no_think|1|QUESTION_SENT||1072|12b64ba3-1404-4c53-999e-4c41f3cf1cb0
2026-03-29 21:51:09|qwen|web_search_no_think|2|JSON_VERIFIED||1018|b872fffd-0b00-44a6-b6de-9fe79964a4fb
2026-03-29 21:51:09|qwen|web_search_no_think|2|QUESTION|21|1018|b872fffd-0b00-44a6-b6de-9fe79964a4fb
2026-03-29 21:51:09|qwen|web_search_no_think|2|JSON_SAVED||1018|b872fffd-0b00-44a6-b6de-9fe79964a4fb
2026-03-29 21:51:09|qwen|web_search_no_think|2|QUESTION_ADVANCE||1019|f1a3119b-9e92-48a1-9293-d2e91636b389
2026-03-29 21:51:36|qwen|web_search_no_think|2|QUESTION_SENT||1019|f1a3119b-9e92-48a1-9293-d2e91636b389
2026-03-29 21:51:43|qwen|web_search_no_think|0|JSON_VERIFIED||1117|11ba27da-dace-4cc4-84dc-7cd5bb461e84
2026-03-29 21:51:43|qwen|web_search_no_think|0|QUESTION|18|1117|11ba27da-dace-4cc4-84dc-7cd5bb461e84
2026-03-29 21:51:43|qwen|web_search_no_think|0|JSON_SAVED||1117|11ba27da-dace-4cc4-84dc-7cd5bb461e84
2026-03-29 21:51:43|qwen|web_search_no_think|0|QUESTION_ADVANCE||1118|b2c2d94e-1282-463b-aef5-65d88d730f8a
2026-03-29 21:51:54|qwen|web_search_no_think|4|JSON_VERIFIED||923|7a5b0b28-3195-4899-a652-854a12100a86
2026-03-29 21:51:54|qwen|web_search_no_think|4|QUESTION|24|923|7a5b0b28-3195-4899-a652-854a12100a86
2026-03-29 21:51:54|qwen|web_search_no_think|4|JSON_SAVED||923|7a5b0b28-3195-4899-a652-854a12100a86
2026-03-29 21:51:54|qwen|web_search_no_think|4|QUESTION_ADVANCE||924|50b5bdd5-1787-4f93-af1a-a9a740522a44
2026-03-29 21:52:05|qwen|web_search_no_think|3|JSON_VERIFIED||971|2439177c-c056-4f5f-b9f5-db37107e7860
2026-03-29 21:52:05|qwen|web_search_no_think|3|QUESTION|24|971|2439177c-c056-4f5f-b9f5-db37107e7860
2026-03-29 21:52:05|qwen|web_search_no_think|3|JSON_SAVED||971|2439177c-c056-4f5f-b9f5-db37107e7860
2026-03-29 21:52:05|qwen|web_search_no_think|3|QUESTION_ADVANCE||972|fc27fde0-e17e-4789-a6a0-45ef5bc2901b
2026-03-29 21:52:10|qwen|web_search_no_think|0|QUESTION_SENT||1118|b2c2d94e-1282-463b-aef5-65d88d730f8a
2026-03-29 21:52:21|qwen|web_search_no_think|4|QUESTION_SENT||924|50b5bdd5-1787-4f93-af1a-a9a740522a44
2026-03-29 21:52:31|qwen|web_search_no_think|3|QUESTION_SENT||972|fc27fde0-e17e-4789-a6a0-45ef5bc2901b
2026-03-29 21:52:33|qwen|web_search_no_think|1|JSON_VERIFY_FAILED||1072|12b64ba3-1404-4c53-999e-4c41f3cf1cb0
2026-03-29 21:52:33|qwen|web_search_no_think|1|QUESTION|24|1072|12b64ba3-1404-4c53-999e-4c41f3cf1cb0
2026-03-29 21:52:59|qwen|web_search_no_think|1|QUESTION_SENT||1072|12b64ba3-1404-4c53-999e-4c41f3cf1cb0
2026-03-29 21:53:12|qwen|web_search_no_think|2|JSON_VERIFIED||1019|f1a3119b-9e92-48a1-9293-d2e91636b389
2026-03-29 21:53:12|qwen|web_search_no_think|2|QUESTION|22|1019|f1a3119b-9e92-48a1-9293-d2e91636b389
2026-03-29 21:53:12|qwen|web_search_no_think|2|JSON_SAVED||1019|f1a3119b-9e92-48a1-9293-d2e91636b389
2026-03-29 21:53:12|qwen|web_search_no_think|2|QUESTION_ADVANCE||1020|3a765a4a-5dde-4d97-a43a-3d504ee80750
2026-03-29 21:53:33|qwen|web_search_no_think|0|JSON_VERIFIED||1118|b2c2d94e-1282-463b-aef5-65d88d730f8a
2026-03-29 21:53:33|qwen|web_search_no_think|0|QUESTION|19|1118|b2c2d94e-1282-463b-aef5-65d88d730f8a
2026-03-29 21:53:33|qwen|web_search_no_think|0|JSON_SAVED||1118|b2c2d94e-1282-463b-aef5-65d88d730f8a
2026-03-29 21:53:33|qwen|web_search_no_think|0|QUESTION_ADVANCE||1119|fddced34-45c8-43b0-b5d6-fcd989f5bca9
2026-03-29 21:53:39|qwen|web_search_no_think|2|QUESTION_SENT||1020|3a765a4a-5dde-4d97-a43a-3d504ee80750
2026-03-29 21:53:54|qwen|web_search_no_think|4|JSON_VERIFIED||924|50b5bdd5-1787-4f93-af1a-a9a740522a44
2026-03-29 21:53:54|qwen|web_search_no_think|4|QUESTION|25|924|50b5bdd5-1787-4f93-af1a-a9a740522a44
2026-03-29 21:53:54|qwen|web_search_no_think|4|JSON_SAVED||924|50b5bdd5-1787-4f93-af1a-a9a740522a44
2026-03-29 21:53:54|qwen|web_search_no_think|4|QUESTION_ADVANCE||925|e08fd82c-fe8c-438c-876d-7a800035719d
2026-03-29 21:54:00|qwen|web_search_no_think|0|QUESTION_SENT||1119|fddced34-45c8-43b0-b5d6-fcd989f5bca9
2026-03-29 21:54:05|qwen|web_search_no_think|5|QUESTION_SENT||868|3e0c947c-a2fb-4c9e-9e99-daafb6bab028
2026-03-29 21:54:10|qwen|web_search_no_think|3|JSON_VERIFIED||972|fc27fde0-e17e-4789-a6a0-45ef5bc2901b
2026-03-29 21:54:10|qwen|web_search_no_think|3|QUESTION|25|972|fc27fde0-e17e-4789-a6a0-45ef5bc2901b
2026-03-29 21:54:10|qwen|web_search_no_think|3|JSON_SAVED||972|fc27fde0-e17e-4789-a6a0-45ef5bc2901b
2026-03-29 21:54:10|qwen|web_search_no_think|3|QUESTION_ADVANCE||973|dcf900ac-9d3c-4259-88b4-3f6c217b42e0
2026-03-29 21:54:12|qwen|web_search_no_think|1|JSON_VERIFIED||1072|12b64ba3-1404-4c53-999e-4c41f3cf1cb0
2026-03-29 21:54:12|qwen|web_search_no_think|1|QUESTION|25|1072|12b64ba3-1404-4c53-999e-4c41f3cf1cb0
2026-03-29 21:54:12|qwen|web_search_no_think|1|JSON_SAVED||1072|12b64ba3-1404-4c53-999e-4c41f3cf1cb0
2026-03-29 21:54:12|qwen|web_search_no_think|1|QUESTION_ADVANCE||1073|68dcfecd-e029-4751-9740-371c65524e00
2026-03-29 21:54:21|qwen|web_search_no_think|4|QUESTION_SENT||925|e08fd82c-fe8c-438c-876d-7a800035719d
2026-03-29 21:54:37|qwen|web_search_no_think|3|QUESTION_SENT||973|dcf900ac-9d3c-4259-88b4-3f6c217b42e0
2026-03-29 21:54:38|qwen|web_search_no_think|1|QUESTION_SENT||1073|68dcfecd-e029-4751-9740-371c65524e00
2026-03-29 21:54:54|qwen|web_search_no_think|2|JSON_VERIFIED||1020|3a765a4a-5dde-4d97-a43a-3d504ee80750
2026-03-29 21:54:54|qwen|web_search_no_think|2|QUESTION|23|1020|3a765a4a-5dde-4d97-a43a-3d504ee80750
2026-03-29 21:54:54|qwen|web_search_no_think|2|JSON_SAVED||1020|3a765a4a-5dde-4d97-a43a-3d504ee80750
2026-03-29 21:54:54|qwen|web_search_no_think|2|QUESTION_ADVANCE||1021|5f237744-e99d-4242-b66e-4a252cf0e902
2026-03-29 21:55:20|qwen|web_search_no_think|2|QUESTION_SENT||1021|5f237744-e99d-4242-b66e-4a252cf0e902
2026-03-29 21:55:34|qwen|web_search_no_think|3|JSON_VERIFIED||973|dcf900ac-9d3c-4259-88b4-3f6c217b42e0
2026-03-29 21:55:34|qwen|web_search_no_think|3|QUESTION|26|973|dcf900ac-9d3c-4259-88b4-3f6c217b42e0
2026-03-29 21:55:34|qwen|web_search_no_think|3|JSON_SAVED||973|dcf900ac-9d3c-4259-88b4-3f6c217b42e0
2026-03-29 21:55:34|qwen|web_search_no_think|3|QUESTION_ADVANCE||974|f4c5084f-e631-4040-8d3e-0b14484b0b08
2026-03-29 21:55:40|qwen|web_search_no_think|1|JSON_VERIFIED||1073|68dcfecd-e029-4751-9740-371c65524e00
2026-03-29 21:55:40|qwen|web_search_no_think|1|QUESTION|26|1073|68dcfecd-e029-4751-9740-371c65524e00
2026-03-29 21:55:40|qwen|web_search_no_think|1|JSON_SAVED||1073|68dcfecd-e029-4751-9740-371c65524e00
2026-03-29 21:55:40|qwen|web_search_no_think|1|QUESTION_ADVANCE||1074|0dc76fff-e3e3-48a9-826a-61b66016d30c
2026-03-29 21:55:46|qwen|web_search_no_think|0|JSON_VERIFIED||1119|fddced34-45c8-43b0-b5d6-fcd989f5bca9
2026-03-29 21:55:46|qwen|web_search_no_think|0|QUESTION|20|1119|fddced34-45c8-43b0-b5d6-fcd989f5bca9
2026-03-29 21:55:46|qwen|web_search_no_think|0|JSON_SAVED||1119|fddced34-45c8-43b0-b5d6-fcd989f5bca9
2026-03-29 21:55:46|qwen|web_search_no_think|0|QUESTION_ADVANCE||1120|c2a0241b-51fc-4481-9f0f-ef340e50c332
2026-03-29 21:56:00|qwen|web_search_no_think|3|QUESTION_SENT||974|f4c5084f-e631-4040-8d3e-0b14484b0b08
2026-03-29 21:56:07|qwen|web_search_no_think|1|QUESTION_SENT||1074|0dc76fff-e3e3-48a9-826a-61b66016d30c
2026-03-29 21:56:13|qwen|web_search_no_think|0|QUESTION_SENT||1120|c2a0241b-51fc-4481-9f0f-ef340e50c332
2026-03-29 21:56:41|qwen|web_search_no_think|2|JSON_VERIFIED||1021|5f237744-e99d-4242-b66e-4a252cf0e902
2026-03-29 21:56:41|qwen|web_search_no_think|2|QUESTION|24|1021|5f237744-e99d-4242-b66e-4a252cf0e902
2026-03-29 21:56:41|qwen|web_search_no_think|2|JSON_SAVED||1021|5f237744-e99d-4242-b66e-4a252cf0e902
2026-03-29 21:56:41|qwen|web_search_no_think|2|QUESTION_ADVANCE||1022|f64325c1-a56d-444a-9ed0-e5cdcd46a95e
2026-03-29 21:57:07|qwen|web_search_no_think|2|QUESTION_SENT||1022|f64325c1-a56d-444a-9ed0-e5cdcd46a95e
2026-03-29 21:57:22|qwen|web_search_no_think|1|JSON_VERIFY_FAILED||1074|0dc76fff-e3e3-48a9-826a-61b66016d30c
2026-03-29 21:57:22|qwen|web_search_no_think|1|QUESTION|27|1074|0dc76fff-e3e3-48a9-826a-61b66016d30c
2026-03-29 21:57:22|qwen|web_search_no_think|3|JSON_VERIFIED||974|f4c5084f-e631-4040-8d3e-0b14484b0b08
2026-03-29 21:57:22|qwen|web_search_no_think|3|QUESTION|27|974|f4c5084f-e631-4040-8d3e-0b14484b0b08
2026-03-29 21:57:22|qwen|web_search_no_think|3|JSON_SAVED||974|f4c5084f-e631-4040-8d3e-0b14484b0b08
2026-03-29 21:57:22|qwen|web_search_no_think|3|QUESTION_ADVANCE||975|c6c622f3-f485-4881-9e81-0541bc9692b2
2026-03-29 21:57:48|qwen|web_search_no_think|1|QUESTION_SENT||1074|0dc76fff-e3e3-48a9-826a-61b66016d30c
2026-03-29 21:57:49|qwen|web_search_no_think|3|QUESTION_SENT||975|c6c622f3-f485-4881-9e81-0541bc9692b2
2026-03-29 21:57:58|qwen|web_search_no_think|5|JSON_VERIFIED||868|3e0c947c-a2fb-4c9e-9e99-daafb6bab028
2026-03-29 21:57:58|qwen|web_search_no_think|5|QUESTION|19|868|3e0c947c-a2fb-4c9e-9e99-daafb6bab028
2026-03-29 21:57:58|qwen|web_search_no_think|5|JSON_SAVED||868|3e0c947c-a2fb-4c9e-9e99-daafb6bab028
2026-03-29 21:57:58|qwen|web_search_no_think|5|QUESTION_ADVANCE||869|9ab6acbf-bcf1-43a1-8e00-3ac7e798afb7
2026-03-29 21:58:24|qwen|web_search_no_think|5|QUESTION_SENT||869|9ab6acbf-bcf1-43a1-8e00-3ac7e798afb7
2026-03-29 21:58:35|qwen|web_search_no_think|0|JSON_VERIFY_FAILED||1120|c2a0241b-51fc-4481-9f0f-ef340e50c332
2026-03-29 21:58:35|qwen|web_search_no_think|0|QUESTION|21|1120|c2a0241b-51fc-4481-9f0f-ef340e50c332
2026-03-29 21:58:37|qwen|web_search_no_think|2|JSON_VERIFIED||1022|f64325c1-a56d-444a-9ed0-e5cdcd46a95e
2026-03-29 21:58:37|qwen|web_search_no_think|2|QUESTION|25|1022|f64325c1-a56d-444a-9ed0-e5cdcd46a95e
2026-03-29 21:58:37|qwen|web_search_no_think|2|JSON_SAVED||1022|f64325c1-a56d-444a-9ed0-e5cdcd46a95e
2026-03-29 21:58:37|qwen|web_search_no_think|2|QUESTION_ADVANCE||1023|bf6f3bdd-b798-4c2f-9d69-2a764ed4ef16
2026-03-29 21:59:01|qwen|web_search_no_think|0|QUESTION_SENT||1120|c2a0241b-51fc-4481-9f0f-ef340e50c332
2026-03-29 21:59:03|qwen|web_search_no_think|2|QUESTION_SENT||1023|bf6f3bdd-b798-4c2f-9d69-2a764ed4ef16
2026-03-29 21:59:26|qwen|web_search_no_think|4|QUESTION_SENT||925|e08fd82c-fe8c-438c-876d-7a800035719d
2026-03-29 21:59:29|qwen|web_search_no_think|1|JSON_VERIFIED||1074|0dc76fff-e3e3-48a9-826a-61b66016d30c
2026-03-29 21:59:29|qwen|web_search_no_think|1|QUESTION|28|1074|0dc76fff-e3e3-48a9-826a-61b66016d30c
2026-03-29 21:59:29|qwen|web_search_no_think|1|JSON_SAVED||1074|0dc76fff-e3e3-48a9-826a-61b66016d30c
2026-03-29 21:59:29|qwen|web_search_no_think|1|QUESTION_ADVANCE||1075|23e70203-ea13-473b-8842-ccb0260eb8ed
2026-03-29 21:59:48|qwen|web_search_no_think|3|JSON_VERIFIED||975|c6c622f3-f485-4881-9e81-0541bc9692b2
2026-03-29 21:59:48|qwen|web_search_no_think|3|QUESTION|28|975|c6c622f3-f485-4881-9e81-0541bc9692b2
2026-03-29 21:59:48|qwen|web_search_no_think|3|JSON_SAVED||975|c6c622f3-f485-4881-9e81-0541bc9692b2
2026-03-29 21:59:48|qwen|web_search_no_think|3|QUESTION_ADVANCE||976|3bbb9db9-d1c4-4da8-9662-fd1b137e524b
2026-03-29 21:59:55|qwen|web_search_no_think|1|QUESTION_SENT||1075|23e70203-ea13-473b-8842-ccb0260eb8ed
2026-03-29 21:59:58|qwen|web_search_no_think|5|JSON_VERIFIED||869|9ab6acbf-bcf1-43a1-8e00-3ac7e798afb7
2026-03-29 21:59:58|qwen|web_search_no_think|5|QUESTION|20|869|9ab6acbf-bcf1-43a1-8e00-3ac7e798afb7
2026-03-29 21:59:58|qwen|web_search_no_think|5|JSON_SAVED||869|9ab6acbf-bcf1-43a1-8e00-3ac7e798afb7
2026-03-29 21:59:58|qwen|web_search_no_think|5|QUESTION_ADVANCE||870|2c5db6e1-dcc1-472b-8541-77a77a02501e
2026-03-29 22:00:06|qwen|web_search_no_think|4|JSON_VERIFY_FAILED||925|e08fd82c-fe8c-438c-876d-7a800035719d
2026-03-29 22:00:06|qwen|web_search_no_think|4|QUESTION|26|925|e08fd82c-fe8c-438c-876d-7a800035719d
2026-03-29 22:00:14|qwen|web_search_no_think|3|QUESTION_SENT||976|3bbb9db9-d1c4-4da8-9662-fd1b137e524b
2026-03-29 22:00:24|qwen|web_search_no_think|5|QUESTION_SENT||870|2c5db6e1-dcc1-472b-8541-77a77a02501e
2026-03-29 22:00:32|qwen|web_search_no_think|4|QUESTION_SENT||925|e08fd82c-fe8c-438c-876d-7a800035719d
2026-03-29 22:00:33|qwen|web_search_no_think|2|JSON_VERIFIED||1023|bf6f3bdd-b798-4c2f-9d69-2a764ed4ef16
2026-03-29 22:00:33|qwen|web_search_no_think|2|QUESTION|26|1023|bf6f3bdd-b798-4c2f-9d69-2a764ed4ef16
2026-03-29 22:00:33|qwen|web_search_no_think|2|JSON_SAVED||1023|bf6f3bdd-b798-4c2f-9d69-2a764ed4ef16
2026-03-29 22:00:33|qwen|web_search_no_think|2|QUESTION_ADVANCE||1024|008aac2d-134e-437e-9989-cca028477fdb
2026-03-29 22:00:52|qwen|web_search_no_think|0|JSON_VERIFIED||1120|c2a0241b-51fc-4481-9f0f-ef340e50c332
2026-03-29 22:00:52|qwen|web_search_no_think|0|QUESTION|22|1120|c2a0241b-51fc-4481-9f0f-ef340e50c332
2026-03-29 22:00:52|qwen|web_search_no_think|0|JSON_SAVED||1120|c2a0241b-51fc-4481-9f0f-ef340e50c332
2026-03-29 22:00:52|qwen|web_search_no_think|0|QUESTION_ADVANCE||1121|89bc43ee-06b3-4cc0-8a6e-2319a1af6ef9
2026-03-29 22:00:59|qwen|web_search_no_think|2|QUESTION_SENT||1024|008aac2d-134e-437e-9989-cca028477fdb
2026-03-29 22:01:18|qwen|web_search_no_think|0|QUESTION_SENT||1121|89bc43ee-06b3-4cc0-8a6e-2319a1af6ef9
2026-03-29 22:01:35|qwen|web_search_no_think|5|JSON_VERIFIED||870|2c5db6e1-dcc1-472b-8541-77a77a02501e
2026-03-29 22:01:35|qwen|web_search_no_think|5|QUESTION|21|870|2c5db6e1-dcc1-472b-8541-77a77a02501e
2026-03-29 22:01:35|qwen|web_search_no_think|5|JSON_SAVED||870|2c5db6e1-dcc1-472b-8541-77a77a02501e
2026-03-29 22:01:35|qwen|web_search_no_think|5|QUESTION_ADVANCE||871|a0a6a5d5-0485-454a-9c5d-cb30d9e77ee6
2026-03-29 22:01:52|qwen|web_search_no_think|1|JSON_VERIFIED||1075|23e70203-ea13-473b-8842-ccb0260eb8ed
2026-03-29 22:01:52|qwen|web_search_no_think|1|QUESTION|29|1075|23e70203-ea13-473b-8842-ccb0260eb8ed
2026-03-29 22:01:52|qwen|web_search_no_think|1|JSON_SAVED||1075|23e70203-ea13-473b-8842-ccb0260eb8ed
2026-03-29 22:01:52|qwen|web_search_no_think|1|QUESTION_ADVANCE||1076|cb02a969-713e-483e-b085-364fc6e5d9ed
2026-03-29 22:02:01|qwen|web_search_no_think|5|QUESTION_SENT||871|a0a6a5d5-0485-454a-9c5d-cb30d9e77ee6
2026-03-29 22:02:09|qwen|web_search_no_think|3|JSON_VERIFIED||976|3bbb9db9-d1c4-4da8-9662-fd1b137e524b
2026-03-29 22:02:09|qwen|web_search_no_think|3|QUESTION|29|976|3bbb9db9-d1c4-4da8-9662-fd1b137e524b
2026-03-29 22:02:09|qwen|web_search_no_think|3|JSON_SAVED||976|3bbb9db9-d1c4-4da8-9662-fd1b137e524b
2026-03-29 22:02:09|qwen|web_search_no_think|3|QUESTION_ADVANCE||977|be2d2c83-2529-460b-b452-13e9b05e108d
2026-03-29 22:02:14|qwen|web_search_no_think|4|JSON_VERIFIED||925|e08fd82c-fe8c-438c-876d-7a800035719d
2026-03-29 22:02:14|qwen|web_search_no_think|4|QUESTION|27|925|e08fd82c-fe8c-438c-876d-7a800035719d
2026-03-29 22:02:14|qwen|web_search_no_think|4|JSON_SAVED||925|e08fd82c-fe8c-438c-876d-7a800035719d
2026-03-29 22:02:14|qwen|web_search_no_think|4|QUESTION_ADVANCE||926|225ab0c9-71f0-49fa-8558-b2091e2b8ca2
2026-03-29 22:02:18|qwen|web_search_no_think|1|QUESTION_SENT||1076|cb02a969-713e-483e-b085-364fc6e5d9ed
2026-03-29 22:02:36|qwen|web_search_no_think|3|QUESTION_SENT||977|be2d2c83-2529-460b-b452-13e9b05e108d
2026-03-29 22:02:39|qwen|web_search_no_think|2|JSON_VERIFIED||1024|008aac2d-134e-437e-9989-cca028477fdb
2026-03-29 22:02:39|qwen|web_search_no_think|2|QUESTION|27|1024|008aac2d-134e-437e-9989-cca028477fdb
2026-03-29 22:02:39|qwen|web_search_no_think|2|JSON_SAVED||1024|008aac2d-134e-437e-9989-cca028477fdb
2026-03-29 22:02:39|qwen|web_search_no_think|2|QUESTION_ADVANCE||1025|f1e6a4ce-b293-49fa-8261-4619847c3c54
2026-03-29 22:02:41|qwen|web_search_no_think|4|QUESTION_SENT||926|225ab0c9-71f0-49fa-8558-b2091e2b8ca2
2026-03-29 22:02:57|qwen|web_search_no_think|0|JSON_VERIFIED||1121|89bc43ee-06b3-4cc0-8a6e-2319a1af6ef9
2026-03-29 22:02:57|qwen|web_search_no_think|0|QUESTION|23|1121|89bc43ee-06b3-4cc0-8a6e-2319a1af6ef9
2026-03-29 22:02:57|qwen|web_search_no_think|0|JSON_SAVED||1121|89bc43ee-06b3-4cc0-8a6e-2319a1af6ef9
2026-03-29 22:02:57|qwen|web_search_no_think|0|QUESTION_ADVANCE||1122|14e8cf5c-0b14-4582-b6e5-af9598dea5cd
2026-03-29 22:03:05|qwen|web_search_no_think|2|QUESTION_SENT||1025|f1e6a4ce-b293-49fa-8261-4619847c3c54
2026-03-29 22:03:11|qwen|web_search_no_think|5|JSON_VERIFIED||871|a0a6a5d5-0485-454a-9c5d-cb30d9e77ee6
2026-03-29 22:03:11|qwen|web_search_no_think|5|QUESTION|22|871|a0a6a5d5-0485-454a-9c5d-cb30d9e77ee6
2026-03-29 22:03:11|qwen|web_search_no_think|5|JSON_SAVED||871|a0a6a5d5-0485-454a-9c5d-cb30d9e77ee6
2026-03-29 22:03:11|qwen|web_search_no_think|5|QUESTION_ADVANCE||872|04af775a-6536-4dc4-95b5-f43626458e1e
2026-03-29 22:03:24|qwen|web_search_no_think|0|QUESTION_SENT||1122|14e8cf5c-0b14-4582-b6e5-af9598dea5cd
2026-03-29 22:03:37|qwen|web_search_no_think|5|QUESTION_SENT||872|04af775a-6536-4dc4-95b5-f43626458e1e
2026-03-29 22:03:52|qwen|web_search_no_think|1|JSON_VERIFIED||1076|cb02a969-713e-483e-b085-364fc6e5d9ed
2026-03-29 22:03:52|qwen|web_search_no_think|1|QUESTION|30|1076|cb02a969-713e-483e-b085-364fc6e5d9ed
2026-03-29 22:03:52|qwen|web_search_no_think|1|JSON_SAVED||1076|cb02a969-713e-483e-b085-364fc6e5d9ed
2026-03-29 22:03:52|qwen|web_search_no_think|1|QUESTION_ADVANCE||1077|1a94fe0c-136c-4347-8bd3-a33ac7a2dbe1
2026-03-29 22:03:52|qwen|web_search_no_think|3|JSON_VERIFIED||977|be2d2c83-2529-460b-b452-13e9b05e108d
2026-03-29 22:03:52|qwen|web_search_no_think|3|QUESTION|30|977|be2d2c83-2529-460b-b452-13e9b05e108d
2026-03-29 22:03:52|qwen|web_search_no_think|3|JSON_SAVED||977|be2d2c83-2529-460b-b452-13e9b05e108d
2026-03-29 22:03:52|qwen|web_search_no_think|3|QUESTION_ADVANCE||978|646b1a60-90b2-4a76-b0ee-b2446d4e9f21
2026-03-29 22:03:53|qwen|web_search_no_think|0|QUESTION_SENT||1122|14e8cf5c-0b14-4582-b6e5-af9598dea5cd
2026-03-29 22:04:18|qwen|web_search_no_think|1|QUESTION_SENT||1077|1a94fe0c-136c-4347-8bd3-a33ac7a2dbe1
2026-03-29 22:04:18|qwen|web_search_no_think|3|QUESTION_SENT||978|646b1a60-90b2-4a76-b0ee-b2446d4e9f21
2026-03-29 22:04:20|qwen|web_search_no_think|2|JSON_VERIFIED||1025|f1e6a4ce-b293-49fa-8261-4619847c3c54
2026-03-29 22:04:20|qwen|web_search_no_think|2|QUESTION|28|1025|f1e6a4ce-b293-49fa-8261-4619847c3c54
2026-03-29 22:04:20|qwen|web_search_no_think|2|JSON_SAVED||1025|f1e6a4ce-b293-49fa-8261-4619847c3c54
2026-03-29 22:04:20|qwen|web_search_no_think|2|QUESTION_ADVANCE||1026|8d5a07b3-0e2d-4d9e-a7a8-affdc2df9891
2026-03-29 22:04:23|qwen|web_search_no_think|4|JSON_VERIFIED||926|225ab0c9-71f0-49fa-8558-b2091e2b8ca2
2026-03-29 22:04:23|qwen|web_search_no_think|4|QUESTION|28|926|225ab0c9-71f0-49fa-8558-b2091e2b8ca2
2026-03-29 22:04:23|qwen|web_search_no_think|4|JSON_SAVED||926|225ab0c9-71f0-49fa-8558-b2091e2b8ca2
2026-03-29 22:04:23|qwen|web_search_no_think|4|QUESTION_ADVANCE||927|12e76270-90d2-4bc3-94e8-b641ecf810ec
2026-03-29 22:04:47|qwen|web_search_no_think|2|QUESTION_SENT||1026|8d5a07b3-0e2d-4d9e-a7a8-affdc2df9891
2026-03-29 22:04:49|qwen|web_search_no_think|4|QUESTION_SENT||927|12e76270-90d2-4bc3-94e8-b641ecf810ec
2026-03-29 22:04:54|qwen|web_search_no_think|1|JSON_VERIFY_FAILED||1077|1a94fe0c-136c-4347-8bd3-a33ac7a2dbe1
2026-03-29 22:04:54|qwen|web_search_no_think|1|QUESTION|31|1077|1a94fe0c-136c-4347-8bd3-a33ac7a2dbe1
2026-03-29 22:05:20|qwen|web_search_no_think|1|QUESTION_SENT||1077|1a94fe0c-136c-4347-8bd3-a33ac7a2dbe1
2026-03-29 22:05:35|qwen|web_search_no_think|3|JSON_VERIFY_FAILED||978|646b1a60-90b2-4a76-b0ee-b2446d4e9f21
2026-03-29 22:05:35|qwen|web_search_no_think|3|QUESTION|31|978|646b1a60-90b2-4a76-b0ee-b2446d4e9f21
2026-03-29 22:05:54|qwen|web_search_no_think|0|JSON_VERIFIED||1122|14e8cf5c-0b14-4582-b6e5-af9598dea5cd
2026-03-29 22:05:54|qwen|web_search_no_think|0|QUESTION|24|1122|14e8cf5c-0b14-4582-b6e5-af9598dea5cd
2026-03-29 22:05:54|qwen|web_search_no_think|0|JSON_SAVED||1122|14e8cf5c-0b14-4582-b6e5-af9598dea5cd
2026-03-29 22:05:54|qwen|web_search_no_think|0|QUESTION_ADVANCE||1123|b54f8147-1521-4a6f-84c5-50b947f4439b
2026-03-29 22:05:58|qwen|web_search_no_think|5|JSON_VERIFIED||872|04af775a-6536-4dc4-95b5-f43626458e1e
2026-03-29 22:05:58|qwen|web_search_no_think|5|QUESTION|23|872|04af775a-6536-4dc4-95b5-f43626458e1e
2026-03-29 22:05:58|qwen|web_search_no_think|5|JSON_SAVED||872|04af775a-6536-4dc4-95b5-f43626458e1e
2026-03-29 22:05:58|qwen|web_search_no_think|5|QUESTION_ADVANCE||873|04c03524-173e-4ffe-9b3e-7de9a512ba72
2026-03-29 22:06:01|qwen|web_search_no_think|3|QUESTION_SENT||978|646b1a60-90b2-4a76-b0ee-b2446d4e9f21
2026-03-29 22:06:18|qwen|web_search_no_think|4|JSON_VERIFIED||927|12e76270-90d2-4bc3-94e8-b641ecf810ec
2026-03-29 22:06:18|qwen|web_search_no_think|4|QUESTION|29|927|12e76270-90d2-4bc3-94e8-b641ecf810ec
2026-03-29 22:06:18|qwen|web_search_no_think|4|JSON_SAVED||927|12e76270-90d2-4bc3-94e8-b641ecf810ec
2026-03-29 22:06:18|qwen|web_search_no_think|4|QUESTION_ADVANCE||928|6f41f349-5c42-4c3b-8e50-f6b1f6a13e52
2026-03-29 22:06:19|qwen|web_search_no_think|2|JSON_VERIFIED||1026|8d5a07b3-0e2d-4d9e-a7a8-affdc2df9891
2026-03-29 22:06:19|qwen|web_search_no_think|2|QUESTION|29|1026|8d5a07b3-0e2d-4d9e-a7a8-affdc2df9891
2026-03-29 22:06:19|qwen|web_search_no_think|2|JSON_SAVED||1026|8d5a07b3-0e2d-4d9e-a7a8-affdc2df9891
2026-03-29 22:06:19|qwen|web_search_no_think|2|QUESTION_ADVANCE||1027|8c4077db-7689-41b8-96c4-1967b281a105
2026-03-29 22:06:20|qwen|web_search_no_think|0|QUESTION_SENT||1123|b54f8147-1521-4a6f-84c5-50b947f4439b
2026-03-29 22:06:24|qwen|web_search_no_think|5|QUESTION_SENT||873|04c03524-173e-4ffe-9b3e-7de9a512ba72
2026-03-29 22:06:44|qwen|web_search_no_think|4|QUESTION_SENT||928|6f41f349-5c42-4c3b-8e50-f6b1f6a13e52
2026-03-29 22:06:45|qwen|web_search_no_think|2|QUESTION_SENT||1027|8c4077db-7689-41b8-96c4-1967b281a105
2026-03-29 22:06:49|qwen|web_search_no_think|1|JSON_VERIFIED||1077|1a94fe0c-136c-4347-8bd3-a33ac7a2dbe1
2026-03-29 22:06:49|qwen|web_search_no_think|1|QUESTION|32|1077|1a94fe0c-136c-4347-8bd3-a33ac7a2dbe1
2026-03-29 22:06:49|qwen|web_search_no_think|1|JSON_SAVED||1077|1a94fe0c-136c-4347-8bd3-a33ac7a2dbe1
2026-03-29 22:06:49|qwen|web_search_no_think|1|QUESTION_ADVANCE||1078|d3ac5d23-fe3c-487f-a432-eddc0fbf79f2
2026-03-29 22:07:16|qwen|web_search_no_think|1|QUESTION_SENT||1078|d3ac5d23-fe3c-487f-a432-eddc0fbf79f2
2026-03-29 22:07:39|qwen|web_search_no_think|3|JSON_VERIFIED||978|646b1a60-90b2-4a76-b0ee-b2446d4e9f21
2026-03-29 22:07:39|qwen|web_search_no_think|3|QUESTION|32|978|646b1a60-90b2-4a76-b0ee-b2446d4e9f21
2026-03-29 22:07:39|qwen|web_search_no_think|3|JSON_SAVED||978|646b1a60-90b2-4a76-b0ee-b2446d4e9f21
2026-03-29 22:07:39|qwen|web_search_no_think|3|QUESTION_ADVANCE||979|d46a3823-1f95-4041-ad05-0485d695fb80
2026-03-29 22:07:46|qwen|web_search_no_think|5|JSON_VERIFIED||873|04c03524-173e-4ffe-9b3e-7de9a512ba72
2026-03-29 22:07:46|qwen|web_search_no_think|5|QUESTION|24|873|04c03524-173e-4ffe-9b3e-7de9a512ba72
2026-03-29 22:07:46|qwen|web_search_no_think|5|JSON_SAVED||873|04c03524-173e-4ffe-9b3e-7de9a512ba72
2026-03-29 22:07:46|qwen|web_search_no_think|5|QUESTION_ADVANCE||874|10d3f344-567b-427e-85ff-4afbb36ada47
2026-03-29 22:08:06|qwen|web_search_no_think|3|QUESTION_SENT||979|d46a3823-1f95-4041-ad05-0485d695fb80
2026-03-29 22:08:13|qwen|web_search_no_think|5|QUESTION_SENT||874|10d3f344-567b-427e-85ff-4afbb36ada47
2026-03-29 22:08:23|qwen|web_search_no_think|2|JSON_VERIFIED||1027|8c4077db-7689-41b8-96c4-1967b281a105
2026-03-29 22:08:23|qwen|web_search_no_think|2|QUESTION|30|1027|8c4077db-7689-41b8-96c4-1967b281a105
2026-03-29 22:08:23|qwen|web_search_no_think|2|JSON_SAVED||1027|8c4077db-7689-41b8-96c4-1967b281a105
2026-03-29 22:08:23|qwen|web_search_no_think|2|QUESTION_ADVANCE||1028|c04326fa-8b8e-434c-82d7-4aa5bed6f7b5
2026-03-29 22:08:48|qwen|web_search_no_think|1|JSON_VERIFIED||1078|d3ac5d23-fe3c-487f-a432-eddc0fbf79f2
2026-03-29 22:08:48|qwen|web_search_no_think|1|QUESTION|33|1078|d3ac5d23-fe3c-487f-a432-eddc0fbf79f2
2026-03-29 22:08:48|qwen|web_search_no_think|1|JSON_SAVED||1078|d3ac5d23-fe3c-487f-a432-eddc0fbf79f2
2026-03-29 22:08:48|qwen|web_search_no_think|1|QUESTION_ADVANCE||1079|75e2a43e-6a89-47fa-ac14-3b98385d74ff
2026-03-29 22:08:50|qwen|web_search_no_think|2|QUESTION_SENT||1028|c04326fa-8b8e-434c-82d7-4aa5bed6f7b5
2026-03-29 22:09:14|qwen|web_search_no_think|1|QUESTION_SENT||1079|75e2a43e-6a89-47fa-ac14-3b98385d74ff
2026-03-29 22:09:21|qwen|web_search_no_think|3|JSON_VERIFIED||979|d46a3823-1f95-4041-ad05-0485d695fb80
2026-03-29 22:09:21|qwen|web_search_no_think|3|QUESTION|33|979|d46a3823-1f95-4041-ad05-0485d695fb80
2026-03-29 22:09:21|qwen|web_search_no_think|3|JSON_SAVED||979|d46a3823-1f95-4041-ad05-0485d695fb80
2026-03-29 22:09:21|qwen|web_search_no_think|3|QUESTION_ADVANCE||980|be76419c-e0ff-471e-a54d-fa02e362bd01
2026-03-29 22:09:31|qwen|web_search_no_think|5|JSON_VERIFIED||874|10d3f344-567b-427e-85ff-4afbb36ada47
2026-03-29 22:09:31|qwen|web_search_no_think|5|QUESTION|25|874|10d3f344-567b-427e-85ff-4afbb36ada47
2026-03-29 22:09:31|qwen|web_search_no_think|5|JSON_SAVED||874|10d3f344-567b-427e-85ff-4afbb36ada47
2026-03-29 22:09:31|qwen|web_search_no_think|5|QUESTION_ADVANCE||875|6f4ee95f-bd1e-4e68-b0f2-0a791e52a0c2
2026-03-29 22:09:47|qwen|web_search_no_think|3|QUESTION_SENT||980|be76419c-e0ff-471e-a54d-fa02e362bd01
2026-03-29 22:09:57|qwen|web_search_no_think|5|QUESTION_SENT||875|6f4ee95f-bd1e-4e68-b0f2-0a791e52a0c2
2026-03-29 22:10:06|qwen|web_search_no_think|2|JSON_VERIFIED||1028|c04326fa-8b8e-434c-82d7-4aa5bed6f7b5
2026-03-29 22:10:06|qwen|web_search_no_think|2|QUESTION|31|1028|c04326fa-8b8e-434c-82d7-4aa5bed6f7b5
2026-03-29 22:10:06|qwen|web_search_no_think|2|JSON_SAVED||1028|c04326fa-8b8e-434c-82d7-4aa5bed6f7b5
2026-03-29 22:10:06|qwen|web_search_no_think|2|QUESTION_ADVANCE||1029|23ca4675-84a9-4fe6-975f-8340cb401074
2026-03-29 22:10:33|qwen|web_search_no_think|2|QUESTION_SENT||1029|23ca4675-84a9-4fe6-975f-8340cb401074
2026-03-29 22:10:48|qwen|web_search_no_think|5|JSON_VERIFIED||875|6f4ee95f-bd1e-4e68-b0f2-0a791e52a0c2
2026-03-29 22:10:48|qwen|web_search_no_think|5|QUESTION|26|875|6f4ee95f-bd1e-4e68-b0f2-0a791e52a0c2
2026-03-29 22:10:48|qwen|web_search_no_think|5|JSON_SAVED||875|6f4ee95f-bd1e-4e68-b0f2-0a791e52a0c2
2026-03-29 22:10:48|qwen|web_search_no_think|5|QUESTION_ADVANCE||876|e4b8bc7f-3796-4b21-b39b-33e0b931d5d3
2026-03-29 22:11:05|qwen|web_search_no_think|1|JSON_VERIFIED||1079|75e2a43e-6a89-47fa-ac14-3b98385d74ff
2026-03-29 22:11:05|qwen|web_search_no_think|1|QUESTION|34|1079|75e2a43e-6a89-47fa-ac14-3b98385d74ff
2026-03-29 22:11:05|qwen|web_search_no_think|1|JSON_SAVED||1079|75e2a43e-6a89-47fa-ac14-3b98385d74ff
2026-03-29 22:11:05|qwen|web_search_no_think|1|QUESTION_ADVANCE||1080|4fab725b-4b75-4719-b1e1-98e4df131bdd
2026-03-29 22:11:15|qwen|web_search_no_think|5|QUESTION_SENT||876|e4b8bc7f-3796-4b21-b39b-33e0b931d5d3
2026-03-29 22:11:28|qwen|web_search_no_think|3|JSON_VERIFIED||980|be76419c-e0ff-471e-a54d-fa02e362bd01
2026-03-29 22:11:28|qwen|web_search_no_think|3|QUESTION|34|980|be76419c-e0ff-471e-a54d-fa02e362bd01
2026-03-29 22:11:28|qwen|web_search_no_think|3|JSON_SAVED||980|be76419c-e0ff-471e-a54d-fa02e362bd01
2026-03-29 22:11:28|qwen|web_search_no_think|3|QUESTION_ADVANCE||981|6f8f0bab-d5ed-4b0b-ad82-f2eaa8c82f11
2026-03-29 22:11:31|qwen|web_search_no_think|1|QUESTION_SENT||1080|4fab725b-4b75-4719-b1e1-98e4df131bdd
2026-03-29 22:11:38|qwen|web_search_no_think|2|JSON_VERIFIED||1029|23ca4675-84a9-4fe6-975f-8340cb401074
2026-03-29 22:11:38|qwen|web_search_no_think|2|QUESTION|32|1029|23ca4675-84a9-4fe6-975f-8340cb401074
2026-03-29 22:11:38|qwen|web_search_no_think|2|JSON_SAVED||1029|23ca4675-84a9-4fe6-975f-8340cb401074
2026-03-29 22:11:38|qwen|web_search_no_think|2|QUESTION_ADVANCE||1030|eb3ccac0-3a93-45ef-a2ca-4144d3759732
2026-03-29 22:11:54|qwen|web_search_no_think|3|QUESTION_SENT||981|6f8f0bab-d5ed-4b0b-ad82-f2eaa8c82f11
2026-03-29 22:12:04|qwen|web_search_no_think|2|QUESTION_SENT||1030|eb3ccac0-3a93-45ef-a2ca-4144d3759732
2026-03-29 22:12:26|qwen|web_search_no_think|4|QUESTION_SENT||928|6f41f349-5c42-4c3b-8e50-f6b1f6a13e52
2026-03-29 22:12:27|qwen|web_search_no_think|5|JSON_VERIFY_FAILED||876|e4b8bc7f-3796-4b21-b39b-33e0b931d5d3
2026-03-29 22:12:27|qwen|web_search_no_think|5|QUESTION|27|876|e4b8bc7f-3796-4b21-b39b-33e0b931d5d3
2026-03-29 22:12:47|qwen|web_search_no_think|1|JSON_VERIFIED||1080|4fab725b-4b75-4719-b1e1-98e4df131bdd
2026-03-29 22:12:47|qwen|web_search_no_think|1|QUESTION|35|1080|4fab725b-4b75-4719-b1e1-98e4df131bdd
2026-03-29 22:12:47|qwen|web_search_no_think|1|JSON_SAVED||1080|4fab725b-4b75-4719-b1e1-98e4df131bdd
2026-03-29 22:12:47|qwen|web_search_no_think|1|QUESTION_ADVANCE||1081|0efdbc05-c757-4205-b49a-d2004030ce9b
2026-03-29 22:12:53|qwen|web_search_no_think|5|QUESTION_SENT||876|e4b8bc7f-3796-4b21-b39b-33e0b931d5d3
2026-03-29 22:13:13|qwen|web_search_no_think|1|QUESTION_SENT||1081|0efdbc05-c757-4205-b49a-d2004030ce9b
2026-03-29 22:13:24|qwen|web_search_no_think|3|JSON_VERIFIED||981|6f8f0bab-d5ed-4b0b-ad82-f2eaa8c82f11
2026-03-29 22:13:24|qwen|web_search_no_think|3|QUESTION|35|981|6f8f0bab-d5ed-4b0b-ad82-f2eaa8c82f11
2026-03-29 22:13:24|qwen|web_search_no_think|3|JSON_SAVED||981|6f8f0bab-d5ed-4b0b-ad82-f2eaa8c82f11
2026-03-29 22:13:24|qwen|web_search_no_think|3|QUESTION_ADVANCE||982|ef975c59-9c2c-4cc1-b8f0-4516c389d2fa
2026-03-29 22:13:50|qwen|web_search_no_think|3|QUESTION_SENT||982|ef975c59-9c2c-4cc1-b8f0-4516c389d2fa
2026-03-29 22:13:54|qwen|web_search_no_think|2|JSON_VERIFIED||1030|eb3ccac0-3a93-45ef-a2ca-4144d3759732
2026-03-29 22:13:54|qwen|web_search_no_think|2|QUESTION|33|1030|eb3ccac0-3a93-45ef-a2ca-4144d3759732
2026-03-29 22:13:54|qwen|web_search_no_think|2|JSON_SAVED||1030|eb3ccac0-3a93-45ef-a2ca-4144d3759732
2026-03-29 22:13:54|qwen|web_search_no_think|2|QUESTION_ADVANCE||1031|a1ba985d-0c0e-4d34-bafb-2c7ef1467b77
2026-03-29 22:13:55|qwen|web_search_no_think|0|QUESTION_SENT||1123|b54f8147-1521-4a6f-84c5-50b947f4439b
2026-03-29 22:14:06|qwen|web_search_no_think|4|JSON_VERIFIED||928|6f41f349-5c42-4c3b-8e50-f6b1f6a13e52
2026-03-29 22:14:06|qwen|web_search_no_think|4|QUESTION|30|928|6f41f349-5c42-4c3b-8e50-f6b1f6a13e52
2026-03-29 22:14:06|qwen|web_search_no_think|4|JSON_SAVED||928|6f41f349-5c42-4c3b-8e50-f6b1f6a13e52
2026-03-29 22:14:06|qwen|web_search_no_think|4|QUESTION_ADVANCE||929|4e6f18f1-9167-4ea5-a2ce-81d365c04343
2026-03-29 22:14:07|qwen|web_search_no_think|5|JSON_VERIFIED||876|e4b8bc7f-3796-4b21-b39b-33e0b931d5d3
2026-03-29 22:14:07|qwen|web_search_no_think|5|QUESTION|28|876|e4b8bc7f-3796-4b21-b39b-33e0b931d5d3
2026-03-29 22:14:07|qwen|web_search_no_think|5|JSON_SAVED||876|e4b8bc7f-3796-4b21-b39b-33e0b931d5d3
2026-03-29 22:14:07|qwen|web_search_no_think|5|QUESTION_ADVANCE||877|7abbf2a1-96c5-4f36-836f-b3a4334885c3
2026-03-29 22:14:20|qwen|web_search_no_think|2|QUESTION_SENT||1031|a1ba985d-0c0e-4d34-bafb-2c7ef1467b77
2026-03-29 22:14:32|qwen|web_search_no_think|4|QUESTION_SENT||929|4e6f18f1-9167-4ea5-a2ce-81d365c04343
2026-03-29 22:14:34|qwen|web_search_no_think|5|QUESTION_SENT||877|7abbf2a1-96c5-4f36-836f-b3a4334885c3
2026-03-29 22:15:15|qwen|web_search_no_think|1|JSON_VERIFIED||1081|0efdbc05-c757-4205-b49a-d2004030ce9b
2026-03-29 22:15:15|qwen|web_search_no_think|1|QUESTION|36|1081|0efdbc05-c757-4205-b49a-d2004030ce9b
2026-03-29 22:15:15|qwen|web_search_no_think|1|JSON_SAVED||1081|0efdbc05-c757-4205-b49a-d2004030ce9b
2026-03-29 22:15:15|qwen|web_search_no_think|1|QUESTION_ADVANCE||1082|9745da8b-654e-405e-abd8-cdfa5817eaab
2026-03-29 22:15:23|qwen|web_search_no_think|0|JSON_VERIFIED||1123|b54f8147-1521-4a6f-84c5-50b947f4439b
2026-03-29 22:15:23|qwen|web_search_no_think|0|QUESTION|25|1123|b54f8147-1521-4a6f-84c5-50b947f4439b
2026-03-29 22:15:23|qwen|web_search_no_think|0|JSON_SAVED||1123|b54f8147-1521-4a6f-84c5-50b947f4439b
2026-03-29 22:15:23|qwen|web_search_no_think|0|QUESTION_ADVANCE||1124|2d9ee690-4817-4ab5-8469-cb5fa4be8916
2026-03-29 22:15:38|qwen|web_search_no_think|2|JSON_VERIFIED||1031|a1ba985d-0c0e-4d34-bafb-2c7ef1467b77
2026-03-29 22:15:38|qwen|web_search_no_think|2|QUESTION|34|1031|a1ba985d-0c0e-4d34-bafb-2c7ef1467b77
2026-03-29 22:15:38|qwen|web_search_no_think|2|JSON_SAVED||1031|a1ba985d-0c0e-4d34-bafb-2c7ef1467b77
2026-03-29 22:15:38|qwen|web_search_no_think|2|QUESTION_ADVANCE||1032|fbacf5fd-a52b-404f-9c6c-988a253185ed
2026-03-29 22:15:42|qwen|web_search_no_think|1|QUESTION_SENT||1082|9745da8b-654e-405e-abd8-cdfa5817eaab
2026-03-29 22:15:49|qwen|web_search_no_think|0|QUESTION_SENT||1124|2d9ee690-4817-4ab5-8469-cb5fa4be8916
2026-03-29 22:15:55|qwen|web_search_no_think|3|JSON_VERIFIED||982|ef975c59-9c2c-4cc1-b8f0-4516c389d2fa
2026-03-29 22:15:55|qwen|web_search_no_think|3|QUESTION|36|982|ef975c59-9c2c-4cc1-b8f0-4516c389d2fa
2026-03-29 22:15:55|qwen|web_search_no_think|3|JSON_SAVED||982|ef975c59-9c2c-4cc1-b8f0-4516c389d2fa
2026-03-29 22:15:55|qwen|web_search_no_think|3|QUESTION_ADVANCE||983|912c8a75-ac26-422d-a69b-b6dfbed1035b
2026-03-29 22:15:57|qwen|web_search_no_think|5|JSON_VERIFIED||877|7abbf2a1-96c5-4f36-836f-b3a4334885c3
2026-03-29 22:15:57|qwen|web_search_no_think|5|QUESTION|29|877|7abbf2a1-96c5-4f36-836f-b3a4334885c3
2026-03-29 22:15:57|qwen|web_search_no_think|5|JSON_SAVED||877|7abbf2a1-96c5-4f36-836f-b3a4334885c3
2026-03-29 22:15:57|qwen|web_search_no_think|5|QUESTION_ADVANCE||878|329b046a-e230-4da6-8302-029fcac03dd8
2026-03-29 22:16:04|qwen|web_search_no_think|2|QUESTION_SENT||1032|fbacf5fd-a52b-404f-9c6c-988a253185ed
2026-03-29 22:16:22|qwen|web_search_no_think|3|QUESTION_SENT||983|912c8a75-ac26-422d-a69b-b6dfbed1035b
2026-03-29 22:16:24|qwen|web_search_no_think|5|QUESTION_SENT||878|329b046a-e230-4da6-8302-029fcac03dd8
2026-03-29 22:16:30|qwen|web_search_no_think|4|JSON_VERIFIED||929|4e6f18f1-9167-4ea5-a2ce-81d365c04343
2026-03-29 22:16:30|qwen|web_search_no_think|4|QUESTION|31|929|4e6f18f1-9167-4ea5-a2ce-81d365c04343
2026-03-29 22:16:30|qwen|web_search_no_think|4|JSON_SAVED||929|4e6f18f1-9167-4ea5-a2ce-81d365c04343
2026-03-29 22:16:30|qwen|web_search_no_think|4|QUESTION_ADVANCE||930|80367dab-57e2-40be-8e13-355fca424886
2026-03-29 22:16:56|qwen|web_search_no_think|4|QUESTION_SENT||930|80367dab-57e2-40be-8e13-355fca424886
2026-03-29 22:17:23|qwen|web_search_no_think|3|JSON_VERIFY_FAILED||983|912c8a75-ac26-422d-a69b-b6dfbed1035b
2026-03-29 22:17:23|qwen|web_search_no_think|3|QUESTION|37|983|912c8a75-ac26-422d-a69b-b6dfbed1035b
2026-03-29 22:17:25|qwen|web_search_no_think|2|JSON_VERIFIED||1032|fbacf5fd-a52b-404f-9c6c-988a253185ed
2026-03-29 22:17:25|qwen|web_search_no_think|2|QUESTION|35|1032|fbacf5fd-a52b-404f-9c6c-988a253185ed
2026-03-29 22:17:25|qwen|web_search_no_think|2|JSON_SAVED||1032|fbacf5fd-a52b-404f-9c6c-988a253185ed
2026-03-29 22:17:25|qwen|web_search_no_think|2|QUESTION_ADVANCE||1033|f8d4d100-8ea2-49a3-994b-da3b85ad7476
2026-03-29 22:17:48|qwen|web_search_no_think|1|JSON_VERIFIED||1082|9745da8b-654e-405e-abd8-cdfa5817eaab
2026-03-29 22:17:48|qwen|web_search_no_think|1|QUESTION|37|1082|9745da8b-654e-405e-abd8-cdfa5817eaab
2026-03-29 22:17:48|qwen|web_search_no_think|1|JSON_SAVED||1082|9745da8b-654e-405e-abd8-cdfa5817eaab
2026-03-29 22:17:48|qwen|web_search_no_think|1|QUESTION_ADVANCE||1083|4fd43156-7dbe-4c2a-ba6e-65a5562b6849
2026-03-29 22:17:49|qwen|web_search_no_think|3|QUESTION_SENT||983|912c8a75-ac26-422d-a69b-b6dfbed1035b
2026-03-29 22:17:52|qwen|web_search_no_think|2|QUESTION_SENT||1033|f8d4d100-8ea2-49a3-994b-da3b85ad7476
2026-03-29 22:18:09|qwen|web_search_no_think|5|JSON_VERIFIED||878|329b046a-e230-4da6-8302-029fcac03dd8
2026-03-29 22:18:09|qwen|web_search_no_think|5|QUESTION|30|878|329b046a-e230-4da6-8302-029fcac03dd8
2026-03-29 22:18:09|qwen|web_search_no_think|5|JSON_SAVED||878|329b046a-e230-4da6-8302-029fcac03dd8
2026-03-29 22:18:09|qwen|web_search_no_think|5|QUESTION_ADVANCE||879|eac91fa9-87ed-41b9-86b1-a6109ddcc4f2
2026-03-29 22:18:14|qwen|web_search_no_think|1|QUESTION_SENT||1083|4fd43156-7dbe-4c2a-ba6e-65a5562b6849
2026-03-29 22:18:33|qwen|web_search_no_think|4|JSON_VERIFIED||930|80367dab-57e2-40be-8e13-355fca424886
2026-03-29 22:18:33|qwen|web_search_no_think|4|QUESTION|32|930|80367dab-57e2-40be-8e13-355fca424886
2026-03-29 22:18:33|qwen|web_search_no_think|4|JSON_SAVED||930|80367dab-57e2-40be-8e13-355fca424886
2026-03-29 22:18:33|qwen|web_search_no_think|4|QUESTION_ADVANCE||931|bbb4e792-43f6-41c2-90ff-dd3d12dd014e
2026-03-29 22:18:35|qwen|web_search_no_think|5|QUESTION_SENT||879|eac91fa9-87ed-41b9-86b1-a6109ddcc4f2
2026-03-29 22:18:59|qwen|web_search_no_think|4|QUESTION_SENT||931|bbb4e792-43f6-41c2-90ff-dd3d12dd014e
2026-03-29 22:19:14|qwen|web_search_no_think|2|JSON_VERIFIED||1033|f8d4d100-8ea2-49a3-994b-da3b85ad7476
2026-03-29 22:19:14|qwen|web_search_no_think|2|QUESTION|36|1033|f8d4d100-8ea2-49a3-994b-da3b85ad7476
2026-03-29 22:19:14|qwen|web_search_no_think|2|JSON_SAVED||1033|f8d4d100-8ea2-49a3-994b-da3b85ad7476
2026-03-29 22:19:14|qwen|web_search_no_think|2|QUESTION_ADVANCE||1034|3662c8c1-bcab-46c1-915b-6693b502d859
2026-03-29 22:19:22|qwen|web_search_no_think|1|JSON_VERIFIED||1083|4fd43156-7dbe-4c2a-ba6e-65a5562b6849
2026-03-29 22:19:22|qwen|web_search_no_think|1|QUESTION|38|1083|4fd43156-7dbe-4c2a-ba6e-65a5562b6849
2026-03-29 22:19:22|qwen|web_search_no_think|1|JSON_SAVED||1083|4fd43156-7dbe-4c2a-ba6e-65a5562b6849
2026-03-29 22:19:22|qwen|web_search_no_think|1|QUESTION_ADVANCE||1084|5b6f3727-04f2-41a6-b91c-45ef09f1a5ec
2026-03-29 22:19:40|qwen|web_search_no_think|2|QUESTION_SENT||1034|3662c8c1-bcab-46c1-915b-6693b502d859
2026-03-29 22:19:47|qwen|web_search_no_think|3|JSON_VERIFIED||983|912c8a75-ac26-422d-a69b-b6dfbed1035b
2026-03-29 22:19:47|qwen|web_search_no_think|3|QUESTION|38|983|912c8a75-ac26-422d-a69b-b6dfbed1035b
2026-03-29 22:19:47|qwen|web_search_no_think|3|JSON_SAVED||983|912c8a75-ac26-422d-a69b-b6dfbed1035b
2026-03-29 22:19:47|qwen|web_search_no_think|3|QUESTION_ADVANCE||984|12ca4d1a-d5aa-4e71-986b-b09b51be2f25
2026-03-29 22:19:49|qwen|web_search_no_think|1|QUESTION_SENT||1084|5b6f3727-04f2-41a6-b91c-45ef09f1a5ec
2026-03-29 22:20:13|qwen|web_search_no_think|3|QUESTION_SENT||984|12ca4d1a-d5aa-4e71-986b-b09b51be2f25
2026-03-29 22:20:40|qwen|web_search_no_think|4|JSON_VERIFIED||931|bbb4e792-43f6-41c2-90ff-dd3d12dd014e
2026-03-29 22:20:40|qwen|web_search_no_think|4|QUESTION|33|931|bbb4e792-43f6-41c2-90ff-dd3d12dd014e
2026-03-29 22:20:40|qwen|web_search_no_think|4|JSON_SAVED||931|bbb4e792-43f6-41c2-90ff-dd3d12dd014e
2026-03-29 22:20:40|qwen|web_search_no_think|4|QUESTION_ADVANCE||932|10f919d9-6677-4f16-87cb-16ed03b3644e
2026-03-29 22:20:41|qwen|web_search_no_think|5|JSON_VERIFIED||879|eac91fa9-87ed-41b9-86b1-a6109ddcc4f2
2026-03-29 22:20:41|qwen|web_search_no_think|5|QUESTION|31|879|eac91fa9-87ed-41b9-86b1-a6109ddcc4f2
2026-03-29 22:20:41|qwen|web_search_no_think|5|JSON_SAVED||879|eac91fa9-87ed-41b9-86b1-a6109ddcc4f2
2026-03-29 22:20:42|qwen|web_search_no_think|5|QUESTION_ADVANCE||880|6e0462bd-8324-4b68-a1c8-a6b3431232d6
2026-03-29 22:21:06|qwen|web_search_no_think|4|QUESTION_SENT||932|10f919d9-6677-4f16-87cb-16ed03b3644e
2026-03-29 22:21:08|qwen|web_search_no_think|5|QUESTION_SENT||880|6e0462bd-8324-4b68-a1c8-a6b3431232d6
2026-03-29 22:21:20|qwen|web_search_no_think|2|JSON_VERIFIED||1034|3662c8c1-bcab-46c1-915b-6693b502d859
2026-03-29 22:21:20|qwen|web_search_no_think|2|QUESTION|37|1034|3662c8c1-bcab-46c1-915b-6693b502d859
2026-03-29 22:21:20|qwen|web_search_no_think|2|JSON_SAVED||1034|3662c8c1-bcab-46c1-915b-6693b502d859
2026-03-29 22:21:20|qwen|web_search_no_think|2|QUESTION_ADVANCE||1035|84189f45-d546-4d8e-8f10-ce70daf1db65
2026-03-29 22:21:40|qwen|web_search_no_think|3|JSON_VERIFIED||984|12ca4d1a-d5aa-4e71-986b-b09b51be2f25
2026-03-29 22:21:40|qwen|web_search_no_think|3|QUESTION|39|984|12ca4d1a-d5aa-4e71-986b-b09b51be2f25
2026-03-29 22:21:40|qwen|web_search_no_think|3|JSON_SAVED||984|12ca4d1a-d5aa-4e71-986b-b09b51be2f25
2026-03-29 22:21:40|qwen|web_search_no_think|3|QUESTION_ADVANCE||985|adda13a7-ad98-480a-93d3-84ac0d8b0b7e
2026-03-29 22:21:41|qwen|web_search_no_think|1|JSON_VERIFIED||1084|5b6f3727-04f2-41a6-b91c-45ef09f1a5ec
2026-03-29 22:21:41|qwen|web_search_no_think|1|QUESTION|39|1084|5b6f3727-04f2-41a6-b91c-45ef09f1a5ec
2026-03-29 22:21:41|qwen|web_search_no_think|1|JSON_SAVED||1084|5b6f3727-04f2-41a6-b91c-45ef09f1a5ec
2026-03-29 22:21:41|qwen|web_search_no_think|1|QUESTION_ADVANCE||1085|b4c76f3d-977f-481c-8048-0d9cb8d74565
2026-03-29 22:21:46|qwen|web_search_no_think|2|QUESTION_SENT||1035|84189f45-d546-4d8e-8f10-ce70daf1db65
2026-03-29 22:22:06|qwen|web_search_no_think|3|QUESTION_SENT||985|adda13a7-ad98-480a-93d3-84ac0d8b0b7e
2026-03-29 22:22:07|qwen|web_search_no_think|1|QUESTION_SENT||1085|b4c76f3d-977f-481c-8048-0d9cb8d74565
2026-03-29 22:22:15|qwen|web_search_no_think|5|JSON_VERIFIED||880|6e0462bd-8324-4b68-a1c8-a6b3431232d6
2026-03-29 22:22:15|qwen|web_search_no_think|5|QUESTION|32|880|6e0462bd-8324-4b68-a1c8-a6b3431232d6
2026-03-29 22:22:15|qwen|web_search_no_think|5|JSON_SAVED||880|6e0462bd-8324-4b68-a1c8-a6b3431232d6
2026-03-29 22:22:15|qwen|web_search_no_think|5|QUESTION_ADVANCE||881|84099c08-eb10-4519-ae51-2f6916f966f8
2026-03-29 22:22:41|qwen|web_search_no_think|5|QUESTION_SENT||881|84099c08-eb10-4519-ae51-2f6916f966f8
2026-03-29 22:22:42|qwen|web_search_no_think|0|QUESTION_SENT||1124|2d9ee690-4817-4ab5-8469-cb5fa4be8916
2026-03-29 22:23:07|qwen|web_search_no_think|2|JSON_VERIFIED||1035|84189f45-d546-4d8e-8f10-ce70daf1db65
2026-03-29 22:23:07|qwen|web_search_no_think|2|QUESTION|38|1035|84189f45-d546-4d8e-8f10-ce70daf1db65
2026-03-29 22:23:07|qwen|web_search_no_think|2|JSON_SAVED||1035|84189f45-d546-4d8e-8f10-ce70daf1db65
2026-03-29 22:23:07|qwen|web_search_no_think|2|QUESTION_ADVANCE||1036|2510dd7b-6f98-4334-a636-0843f7fc68e3
2026-03-29 22:23:33|qwen|web_search_no_think|1|JSON_VERIFIED||1085|b4c76f3d-977f-481c-8048-0d9cb8d74565
2026-03-29 22:23:33|qwen|web_search_no_think|1|QUESTION|40|1085|b4c76f3d-977f-481c-8048-0d9cb8d74565
2026-03-29 22:23:33|qwen|web_search_no_think|1|JSON_SAVED||1085|b4c76f3d-977f-481c-8048-0d9cb8d74565
2026-03-29 22:23:33|qwen|web_search_no_think|1|QUESTION_ADVANCE||1086|d8b683a8-f24a-4e14-badd-cda04e17e9e0
2026-03-29 22:23:33|qwen|web_search_no_think|2|QUESTION_SENT||1036|2510dd7b-6f98-4334-a636-0843f7fc68e3
2026-03-29 22:23:34|qwen|web_search_no_think|4|JSON_VERIFY_FAILED||932|10f919d9-6677-4f16-87cb-16ed03b3644e
2026-03-29 22:23:34|qwen|web_search_no_think|4|QUESTION|34|932|10f919d9-6677-4f16-87cb-16ed03b3644e
2026-03-29 22:23:40|qwen|web_search_no_think|4|QUESTION_SENT||932|10f919d9-6677-4f16-87cb-16ed03b3644e
2026-03-29 22:23:50|qwen|web_search_no_think|5|JSON_VERIFIED||881|84099c08-eb10-4519-ae51-2f6916f966f8
2026-03-29 22:23:50|qwen|web_search_no_think|5|QUESTION|33|881|84099c08-eb10-4519-ae51-2f6916f966f8
2026-03-29 22:23:50|qwen|web_search_no_think|5|JSON_SAVED||881|84099c08-eb10-4519-ae51-2f6916f966f8
2026-03-29 22:23:50|qwen|web_search_no_think|5|QUESTION_ADVANCE||882|291c0fa1-34de-4729-af95-941eb743b0ee
2026-03-29 22:23:58|qwen|web_search_no_think|3|JSON_VERIFIED||985|adda13a7-ad98-480a-93d3-84ac0d8b0b7e
2026-03-29 22:23:58|qwen|web_search_no_think|3|QUESTION|40|985|adda13a7-ad98-480a-93d3-84ac0d8b0b7e
2026-03-29 22:23:58|qwen|web_search_no_think|3|JSON_SAVED||985|adda13a7-ad98-480a-93d3-84ac0d8b0b7e
2026-03-29 22:23:58|qwen|web_search_no_think|3|QUESTION_ADVANCE||986|6a76e673-e1f6-4307-bacb-f0422f72a315
2026-03-29 22:23:59|qwen|web_search_no_think|1|QUESTION_SENT||1086|d8b683a8-f24a-4e14-badd-cda04e17e9e0
2026-03-29 22:24:10|qwen|web_search_no_think|0|JSON_VERIFIED||1124|2d9ee690-4817-4ab5-8469-cb5fa4be8916
2026-03-29 22:24:10|qwen|web_search_no_think|0|QUESTION|26|1124|2d9ee690-4817-4ab5-8469-cb5fa4be8916
2026-03-29 22:24:10|qwen|web_search_no_think|0|JSON_SAVED||1124|2d9ee690-4817-4ab5-8469-cb5fa4be8916
2026-03-29 22:24:10|qwen|web_search_no_think|0|QUESTION_ADVANCE||1125|180877fd-19dd-4fb9-96ff-8f3c739e219f
2026-03-29 22:24:17|qwen|web_search_no_think|5|QUESTION_SENT||882|291c0fa1-34de-4729-af95-941eb743b0ee
2026-03-29 22:24:25|qwen|web_search_no_think|3|QUESTION_SENT||986|6a76e673-e1f6-4307-bacb-f0422f72a315
2026-03-29 22:24:37|qwen|web_search_no_think|0|QUESTION_SENT||1125|180877fd-19dd-4fb9-96ff-8f3c739e219f
2026-03-29 22:24:57|qwen|web_search_no_think|2|JSON_VERIFIED||1036|2510dd7b-6f98-4334-a636-0843f7fc68e3
2026-03-29 22:24:57|qwen|web_search_no_think|2|QUESTION|39|1036|2510dd7b-6f98-4334-a636-0843f7fc68e3
2026-03-29 22:24:57|qwen|web_search_no_think|2|JSON_SAVED||1036|2510dd7b-6f98-4334-a636-0843f7fc68e3
2026-03-29 22:24:57|qwen|web_search_no_think|2|QUESTION_ADVANCE||1037|fcf7bd6f-c27c-4034-909f-3d74ec25143f
2026-03-29 22:25:06|qwen|web_search_no_think|1|JSON_VERIFIED||1086|d8b683a8-f24a-4e14-badd-cda04e17e9e0
2026-03-29 22:25:06|qwen|web_search_no_think|1|QUESTION|41|1086|d8b683a8-f24a-4e14-badd-cda04e17e9e0
2026-03-29 22:25:06|qwen|web_search_no_think|1|JSON_SAVED||1086|d8b683a8-f24a-4e14-badd-cda04e17e9e0
2026-03-29 22:25:06|qwen|web_search_no_think|1|QUESTION_ADVANCE||1087|89084e13-8cd4-484b-917e-a4f89a35cc89
2026-03-29 22:25:24|qwen|web_search_no_think|2|QUESTION_SENT||1037|fcf7bd6f-c27c-4034-909f-3d74ec25143f
2026-03-29 22:25:28|qwen|web_search_no_think|5|JSON_VERIFY_FAILED||882|291c0fa1-34de-4729-af95-941eb743b0ee
2026-03-29 22:25:28|qwen|web_search_no_think|5|QUESTION|34|882|291c0fa1-34de-4729-af95-941eb743b0ee
2026-03-29 22:25:32|qwen|web_search_no_think|1|QUESTION_SENT||1087|89084e13-8cd4-484b-917e-a4f89a35cc89
2026-03-29 22:25:41|qwen|web_search_no_think|3|JSON_VERIFIED||986|6a76e673-e1f6-4307-bacb-f0422f72a315
2026-03-29 22:25:41|qwen|web_search_no_think|3|QUESTION|41|986|6a76e673-e1f6-4307-bacb-f0422f72a315
2026-03-29 22:25:41|qwen|web_search_no_think|3|JSON_SAVED||986|6a76e673-e1f6-4307-bacb-f0422f72a315
2026-03-29 22:25:41|qwen|web_search_no_think|3|QUESTION_ADVANCE||987|b24a3cbb-ef0d-46b2-9576-fd66d63b319f
2026-03-29 22:25:54|qwen|web_search_no_think|5|QUESTION_SENT||882|291c0fa1-34de-4729-af95-941eb743b0ee
2026-03-29 22:26:08|qwen|web_search_no_think|3|QUESTION_SENT||987|b24a3cbb-ef0d-46b2-9576-fd66d63b319f
2026-03-29 22:26:39|qwen|web_search_no_think|4|QUESTION_SENT||932|10f919d9-6677-4f16-87cb-16ed03b3644e
2026-03-29 22:27:00|qwen|web_search_no_think|0|JSON_VERIFIED||1125|180877fd-19dd-4fb9-96ff-8f3c739e219f
2026-03-29 22:27:00|qwen|web_search_no_think|0|QUESTION|27|1125|180877fd-19dd-4fb9-96ff-8f3c739e219f
2026-03-29 22:27:00|qwen|web_search_no_think|0|JSON_SAVED||1125|180877fd-19dd-4fb9-96ff-8f3c739e219f
2026-03-29 22:27:00|qwen|web_search_no_think|0|QUESTION_ADVANCE||1126|975ae741-4e85-4422-842c-553bfbe10a14
2026-03-29 22:27:02|qwen|web_search_no_think|2|JSON_VERIFIED||1037|fcf7bd6f-c27c-4034-909f-3d74ec25143f
2026-03-29 22:27:02|qwen|web_search_no_think|2|QUESTION|40|1037|fcf7bd6f-c27c-4034-909f-3d74ec25143f
2026-03-29 22:27:02|qwen|web_search_no_think|2|JSON_SAVED||1037|fcf7bd6f-c27c-4034-909f-3d74ec25143f
2026-03-29 22:27:02|qwen|web_search_no_think|2|QUESTION_ADVANCE||1038|6580a4b5-bd52-4672-9d2a-7ec721c41c95
2026-03-29 22:27:13|qwen|web_search_no_think|4|JSON_VERIFIED||932|10f919d9-6677-4f16-87cb-16ed03b3644e
2026-03-29 22:27:13|qwen|web_search_no_think|4|QUESTION|35|932|10f919d9-6677-4f16-87cb-16ed03b3644e
2026-03-29 22:27:13|qwen|web_search_no_think|4|JSON_SAVED||932|10f919d9-6677-4f16-87cb-16ed03b3644e
2026-03-29 22:27:14|qwen|web_search_no_think|4|QUESTION_ADVANCE||933|d890c1f7-45c4-4a16-86af-ccc8b35e7d4c
2026-03-29 22:27:16|qwen|web_search_no_think|1|JSON_VERIFIED||1087|89084e13-8cd4-484b-917e-a4f89a35cc89
2026-03-29 22:27:16|qwen|web_search_no_think|1|QUESTION|42|1087|89084e13-8cd4-484b-917e-a4f89a35cc89
2026-03-29 22:27:16|qwen|web_search_no_think|1|JSON_SAVED||1087|89084e13-8cd4-484b-917e-a4f89a35cc89
2026-03-29 22:27:16|qwen|web_search_no_think|1|QUESTION_ADVANCE||1088|bab6f162-4d87-4672-9b71-71b9e290f486
2026-03-29 22:27:25|qwen|web_search_no_think|5|JSON_VERIFIED||882|291c0fa1-34de-4729-af95-941eb743b0ee
2026-03-29 22:27:25|qwen|web_search_no_think|5|QUESTION|35|882|291c0fa1-34de-4729-af95-941eb743b0ee
2026-03-29 22:27:25|qwen|web_search_no_think|5|JSON_SAVED||882|291c0fa1-34de-4729-af95-941eb743b0ee
2026-03-29 22:27:25|qwen|web_search_no_think|5|QUESTION_ADVANCE||883|f94ea628-a92e-4bed-98f5-da39c691b741
2026-03-29 22:27:27|qwen|web_search_no_think|0|QUESTION_SENT||1126|975ae741-4e85-4422-842c-553bfbe10a14
2026-03-29 22:27:28|qwen|web_search_no_think|2|QUESTION_SENT||1038|6580a4b5-bd52-4672-9d2a-7ec721c41c95
2026-03-29 22:27:41|qwen|web_search_no_think|4|QUESTION_SENT||933|d890c1f7-45c4-4a16-86af-ccc8b35e7d4c
2026-03-29 22:27:42|qwen|web_search_no_think|1|QUESTION_SENT||1088|bab6f162-4d87-4672-9b71-71b9e290f486
2026-03-29 22:27:51|qwen|web_search_no_think|5|QUESTION_SENT||883|f94ea628-a92e-4bed-98f5-da39c691b741
2026-03-29 22:28:03|qwen|web_search_no_think|3|JSON_VERIFIED||987|b24a3cbb-ef0d-46b2-9576-fd66d63b319f
2026-03-29 22:28:03|qwen|web_search_no_think|3|QUESTION|42|987|b24a3cbb-ef0d-46b2-9576-fd66d63b319f
2026-03-29 22:28:03|qwen|web_search_no_think|3|JSON_SAVED||987|b24a3cbb-ef0d-46b2-9576-fd66d63b319f
2026-03-29 22:28:03|qwen|web_search_no_think|3|QUESTION_ADVANCE||988|48057df5-7788-491c-be1e-b0073fcd5036
2026-03-29 22:28:29|qwen|web_search_no_think|3|QUESTION_SENT||988|48057df5-7788-491c-be1e-b0073fcd5036
2026-03-29 22:28:49|qwen|web_search_no_think|1|JSON_VERIFIED||1088|bab6f162-4d87-4672-9b71-71b9e290f486
2026-03-29 22:28:49|qwen|web_search_no_think|1|QUESTION|43|1088|bab6f162-4d87-4672-9b71-71b9e290f486
2026-03-29 22:28:49|qwen|web_search_no_think|1|JSON_SAVED||1088|bab6f162-4d87-4672-9b71-71b9e290f486
2026-03-29 22:28:49|qwen|web_search_no_think|1|QUESTION_ADVANCE||1089|6a0aea55-289c-4b96-9af8-0dc8cb344b5e
2026-03-29 22:28:50|qwen|web_search_no_think|0|JSON_VERIFIED||1126|975ae741-4e85-4422-842c-553bfbe10a14
2026-03-29 22:28:50|qwen|web_search_no_think|0|QUESTION|28|1126|975ae741-4e85-4422-842c-553bfbe10a14
2026-03-29 22:28:50|qwen|web_search_no_think|0|JSON_SAVED||1126|975ae741-4e85-4422-842c-553bfbe10a14
2026-03-29 22:28:50|qwen|web_search_no_think|0|QUESTION_ADVANCE||1127|ee6bd909-b63b-4b8e-82ad-0b6a6a474a53
2026-03-29 22:28:55|qwen|web_search_no_think|5|JSON_VERIFIED||883|f94ea628-a92e-4bed-98f5-da39c691b741
2026-03-29 22:28:55|qwen|web_search_no_think|5|QUESTION|36|883|f94ea628-a92e-4bed-98f5-da39c691b741
2026-03-29 22:28:55|qwen|web_search_no_think|5|JSON_SAVED||883|f94ea628-a92e-4bed-98f5-da39c691b741
2026-03-29 22:28:55|qwen|web_search_no_think|5|QUESTION_ADVANCE||884|d99319d8-d94a-4d35-8386-dceda43d8081
2026-03-29 22:29:09|qwen|web_search_no_think|3|JSON_VERIFY_FAILED||988|48057df5-7788-491c-be1e-b0073fcd5036
2026-03-29 22:29:09|qwen|web_search_no_think|3|QUESTION|43|988|48057df5-7788-491c-be1e-b0073fcd5036
2026-03-29 22:29:15|qwen|web_search_no_think|1|QUESTION_SENT||1089|6a0aea55-289c-4b96-9af8-0dc8cb344b5e
2026-03-29 22:29:16|qwen|web_search_no_think|2|JSON_VERIFIED||1038|6580a4b5-bd52-4672-9d2a-7ec721c41c95
2026-03-29 22:29:16|qwen|web_search_no_think|2|QUESTION|41|1038|6580a4b5-bd52-4672-9d2a-7ec721c41c95
2026-03-29 22:29:16|qwen|web_search_no_think|2|JSON_SAVED||1038|6580a4b5-bd52-4672-9d2a-7ec721c41c95
2026-03-29 22:29:16|qwen|web_search_no_think|2|QUESTION_ADVANCE||1039|60b800d2-8542-4f2d-a81a-471bfcde24fc
2026-03-29 22:29:17|qwen|web_search_no_think|0|QUESTION_SENT||1127|ee6bd909-b63b-4b8e-82ad-0b6a6a474a53
2026-03-29 22:29:18|qwen|web_search_no_think|4|JSON_VERIFIED||933|d890c1f7-45c4-4a16-86af-ccc8b35e7d4c
2026-03-29 22:29:18|qwen|web_search_no_think|4|QUESTION|36|933|d890c1f7-45c4-4a16-86af-ccc8b35e7d4c
2026-03-29 22:29:18|qwen|web_search_no_think|4|JSON_SAVED||933|d890c1f7-45c4-4a16-86af-ccc8b35e7d4c
2026-03-29 22:29:18|qwen|web_search_no_think|4|QUESTION_ADVANCE||934|29f33355-66c5-45f4-83c2-ac7628ee1ad7
2026-03-29 22:29:22|qwen|web_search_no_think|5|QUESTION_SENT||884|d99319d8-d94a-4d35-8386-dceda43d8081
2026-03-29 22:29:35|qwen|web_search_no_think|3|QUESTION_SENT||988|48057df5-7788-491c-be1e-b0073fcd5036
2026-03-29 22:29:42|qwen|web_search_no_think|2|QUESTION_SENT||1039|60b800d2-8542-4f2d-a81a-471bfcde24fc
2026-03-29 22:29:44|qwen|web_search_no_think|4|QUESTION_SENT||934|29f33355-66c5-45f4-83c2-ac7628ee1ad7
2026-03-29 22:30:45|qwen|web_search_no_think|1|JSON_VERIFIED||1089|6a0aea55-289c-4b96-9af8-0dc8cb344b5e
2026-03-29 22:30:45|qwen|web_search_no_think|1|QUESTION|44|1089|6a0aea55-289c-4b96-9af8-0dc8cb344b5e
2026-03-29 22:30:45|qwen|web_search_no_think|1|JSON_SAVED||1089|6a0aea55-289c-4b96-9af8-0dc8cb344b5e
2026-03-29 22:30:45|qwen|web_search_no_think|1|QUESTION_ADVANCE||1090|a6b62fdd-7ba3-4ca8-bddb-63e72355bb69
2026-03-29 22:30:49|qwen|web_search_no_think|0|JSON_VERIFIED||1127|ee6bd909-b63b-4b8e-82ad-0b6a6a474a53
2026-03-29 22:30:49|qwen|web_search_no_think|0|QUESTION|29|1127|ee6bd909-b63b-4b8e-82ad-0b6a6a474a53
2026-03-29 22:30:49|qwen|web_search_no_think|0|JSON_SAVED||1127|ee6bd909-b63b-4b8e-82ad-0b6a6a474a53
2026-03-29 22:30:49|qwen|web_search_no_think|0|QUESTION_ADVANCE||1128|b71ed79d-fbb4-41b7-829e-b3c60bb3cf53
2026-03-29 22:30:52|qwen|web_search_no_think|2|JSON_VERIFIED||1039|60b800d2-8542-4f2d-a81a-471bfcde24fc
2026-03-29 22:30:52|qwen|web_search_no_think|2|QUESTION|42|1039|60b800d2-8542-4f2d-a81a-471bfcde24fc
2026-03-29 22:30:52|qwen|web_search_no_think|2|JSON_SAVED||1039|60b800d2-8542-4f2d-a81a-471bfcde24fc
2026-03-29 22:30:52|qwen|web_search_no_think|2|QUESTION_ADVANCE||1040|1de375ec-b0b7-4bea-8498-81e44fea26aa
2026-03-29 22:30:59|qwen|web_search_no_think|3|JSON_VERIFIED||988|48057df5-7788-491c-be1e-b0073fcd5036
2026-03-29 22:30:59|qwen|web_search_no_think|3|QUESTION|44|988|48057df5-7788-491c-be1e-b0073fcd5036
2026-03-29 22:30:59|qwen|web_search_no_think|3|JSON_SAVED||988|48057df5-7788-491c-be1e-b0073fcd5036
2026-03-29 22:30:59|qwen|web_search_no_think|3|QUESTION_ADVANCE||989|ffd9af4c-6575-4c3f-b98b-4c0a2ed1cc86
2026-03-29 22:31:02|qwen|web_search_no_think|4|JSON_VERIFIED||934|29f33355-66c5-45f4-83c2-ac7628ee1ad7
2026-03-29 22:31:02|qwen|web_search_no_think|4|QUESTION|37|934|29f33355-66c5-45f4-83c2-ac7628ee1ad7
2026-03-29 22:31:02|qwen|web_search_no_think|4|JSON_SAVED||934|29f33355-66c5-45f4-83c2-ac7628ee1ad7
2026-03-29 22:31:02|qwen|web_search_no_think|4|QUESTION_ADVANCE||935|24b5df22-6fa1-4633-86d5-eeaf8c3f30e3
2026-03-29 22:31:11|qwen|web_search_no_think|1|QUESTION_SENT||1090|a6b62fdd-7ba3-4ca8-bddb-63e72355bb69
2026-03-29 22:31:15|qwen|web_search_no_think|5|JSON_VERIFIED||884|d99319d8-d94a-4d35-8386-dceda43d8081
2026-03-29 22:31:15|qwen|web_search_no_think|5|QUESTION|37|884|d99319d8-d94a-4d35-8386-dceda43d8081
2026-03-29 22:31:15|qwen|web_search_no_think|5|JSON_SAVED||884|d99319d8-d94a-4d35-8386-dceda43d8081
2026-03-29 22:31:15|qwen|web_search_no_think|5|QUESTION_ADVANCE||885|19962a98-6cdd-46be-bc3a-b065d997ae64
2026-03-29 22:31:15|qwen|web_search_no_think|0|QUESTION_SENT||1128|b71ed79d-fbb4-41b7-829e-b3c60bb3cf53
2026-03-29 22:31:18|qwen|web_search_no_think|2|QUESTION_SENT||1040|1de375ec-b0b7-4bea-8498-81e44fea26aa
2026-03-29 22:31:25|qwen|web_search_no_think|3|QUESTION_SENT||989|ffd9af4c-6575-4c3f-b98b-4c0a2ed1cc86
2026-03-29 22:31:29|qwen|web_search_no_think|4|QUESTION_SENT||935|24b5df22-6fa1-4633-86d5-eeaf8c3f30e3
2026-03-29 22:31:42|qwen|web_search_no_think|5|QUESTION_SENT||885|19962a98-6cdd-46be-bc3a-b065d997ae64
2026-03-29 22:32:31|qwen|web_search_no_think|0|JSON_VERIFIED||1128|b71ed79d-fbb4-41b7-829e-b3c60bb3cf53
2026-03-29 22:32:31|qwen|web_search_no_think|0|QUESTION|30|1128|b71ed79d-fbb4-41b7-829e-b3c60bb3cf53
2026-03-29 22:32:31|qwen|web_search_no_think|0|JSON_SAVED||1128|b71ed79d-fbb4-41b7-829e-b3c60bb3cf53
2026-03-29 22:32:31|qwen|web_search_no_think|0|QUESTION_ADVANCE||1129|b168d5f6-3b70-479a-953c-9de1e887aa70
2026-03-29 22:32:38|qwen|web_search_no_think|2|JSON_VERIFIED||1040|1de375ec-b0b7-4bea-8498-81e44fea26aa
2026-03-29 22:32:38|qwen|web_search_no_think|2|QUESTION|43|1040|1de375ec-b0b7-4bea-8498-81e44fea26aa
2026-03-29 22:32:38|qwen|web_search_no_think|2|JSON_SAVED||1040|1de375ec-b0b7-4bea-8498-81e44fea26aa
2026-03-29 22:32:38|qwen|web_search_no_think|2|QUESTION_ADVANCE||1041|11b3ef3a-efc8-46ac-9448-1ec6bf9438e5
2026-03-29 22:32:55|qwen|web_search_no_think|3|JSON_VERIFIED||989|ffd9af4c-6575-4c3f-b98b-4c0a2ed1cc86
2026-03-29 22:32:55|qwen|web_search_no_think|3|QUESTION|45|989|ffd9af4c-6575-4c3f-b98b-4c0a2ed1cc86
2026-03-29 22:32:55|qwen|web_search_no_think|3|JSON_SAVED||989|ffd9af4c-6575-4c3f-b98b-4c0a2ed1cc86
2026-03-29 22:32:55|qwen|web_search_no_think|3|QUESTION_ADVANCE||990|8fe443ae-2c5f-4d80-a9e4-3b4331961d8c
2026-03-29 22:32:57|qwen|web_search_no_think|0|QUESTION_SENT||1129|b168d5f6-3b70-479a-953c-9de1e887aa70
2026-03-29 22:33:03|qwen|web_search_no_think|1|JSON_VERIFIED||1090|a6b62fdd-7ba3-4ca8-bddb-63e72355bb69
2026-03-29 22:33:03|qwen|web_search_no_think|1|QUESTION|45|1090|a6b62fdd-7ba3-4ca8-bddb-63e72355bb69
2026-03-29 22:33:03|qwen|web_search_no_think|1|JSON_SAVED||1090|a6b62fdd-7ba3-4ca8-bddb-63e72355bb69
2026-03-29 22:33:03|qwen|web_search_no_think|1|QUESTION_ADVANCE||1091|b80dbb3d-3eae-4379-9a9e-071eb1cba62c
2026-03-29 22:33:04|qwen|web_search_no_think|2|QUESTION_SENT||1041|11b3ef3a-efc8-46ac-9448-1ec6bf9438e5
2026-03-29 22:33:15|qwen|web_search_no_think|4|JSON_VERIFIED||935|24b5df22-6fa1-4633-86d5-eeaf8c3f30e3
2026-03-29 22:33:15|qwen|web_search_no_think|4|QUESTION|38|935|24b5df22-6fa1-4633-86d5-eeaf8c3f30e3
2026-03-29 22:33:15|qwen|web_search_no_think|4|JSON_SAVED||935|24b5df22-6fa1-4633-86d5-eeaf8c3f30e3
2026-03-29 22:33:15|qwen|web_search_no_think|4|QUESTION_ADVANCE||936|527f05c4-00b2-4c8a-af16-c65ec61239dd
2026-03-29 22:33:21|qwen|web_search_no_think|3|QUESTION_SENT||990|8fe443ae-2c5f-4d80-a9e4-3b4331961d8c
2026-03-29 22:33:30|qwen|web_search_no_think|1|QUESTION_SENT||1091|b80dbb3d-3eae-4379-9a9e-071eb1cba62c
2026-03-29 22:33:41|qwen|web_search_no_think|4|QUESTION_SENT||936|527f05c4-00b2-4c8a-af16-c65ec61239dd
2026-03-29 22:34:18|qwen|web_search_no_think|2|JSON_VERIFIED||1041|11b3ef3a-efc8-46ac-9448-1ec6bf9438e5
2026-03-29 22:34:18|qwen|web_search_no_think|2|QUESTION|44|1041|11b3ef3a-efc8-46ac-9448-1ec6bf9438e5
2026-03-29 22:34:18|qwen|web_search_no_think|2|JSON_SAVED||1041|11b3ef3a-efc8-46ac-9448-1ec6bf9438e5
2026-03-29 22:34:18|qwen|web_search_no_think|2|QUESTION_ADVANCE||1042|7c3b28e2-9eba-4f66-b555-f25b8d156cf6
2026-03-29 22:34:38|qwen|web_search_no_think|3|JSON_VERIFIED||990|8fe443ae-2c5f-4d80-a9e4-3b4331961d8c
2026-03-29 22:34:38|qwen|web_search_no_think|3|QUESTION|46|990|8fe443ae-2c5f-4d80-a9e4-3b4331961d8c
2026-03-29 22:34:38|qwen|web_search_no_think|3|JSON_SAVED||990|8fe443ae-2c5f-4d80-a9e4-3b4331961d8c
2026-03-29 22:34:38|qwen|web_search_no_think|3|QUESTION_ADVANCE||991|ce2bd008-ef23-4244-bf1d-626cdd459e7a
2026-03-29 22:34:44|qwen|web_search_no_think|2|QUESTION_SENT||1042|7c3b28e2-9eba-4f66-b555-f25b8d156cf6
2026-03-29 22:35:02|qwen|web_search_no_think|4|JSON_VERIFIED||936|527f05c4-00b2-4c8a-af16-c65ec61239dd
2026-03-29 22:35:02|qwen|web_search_no_think|4|QUESTION|39|936|527f05c4-00b2-4c8a-af16-c65ec61239dd
2026-03-29 22:35:02|qwen|web_search_no_think|4|JSON_SAVED||936|527f05c4-00b2-4c8a-af16-c65ec61239dd
2026-03-29 22:35:02|qwen|web_search_no_think|4|QUESTION_ADVANCE||937|c30feb03-ba2c-4449-a33d-b7dadbdae6a8
2026-03-29 22:35:04|qwen|web_search_no_think|3|QUESTION_SENT||991|ce2bd008-ef23-4244-bf1d-626cdd459e7a
2026-03-29 22:35:15|qwen|web_search_no_think|1|JSON_VERIFIED||1091|b80dbb3d-3eae-4379-9a9e-071eb1cba62c
2026-03-29 22:35:15|qwen|web_search_no_think|1|QUESTION|46|1091|b80dbb3d-3eae-4379-9a9e-071eb1cba62c
2026-03-29 22:35:15|qwen|web_search_no_think|1|JSON_SAVED||1091|b80dbb3d-3eae-4379-9a9e-071eb1cba62c
2026-03-29 22:35:15|qwen|web_search_no_think|1|QUESTION_ADVANCE||1092|5200a7b9-2191-4546-af86-3c2f53f7a4d6
2026-03-29 22:35:18|qwen|web_search_no_think|0|JSON_VERIFIED||1129|b168d5f6-3b70-479a-953c-9de1e887aa70
2026-03-29 22:35:18|qwen|web_search_no_think|0|QUESTION|31|1129|b168d5f6-3b70-479a-953c-9de1e887aa70
2026-03-29 22:35:18|qwen|web_search_no_think|0|JSON_SAVED||1129|b168d5f6-3b70-479a-953c-9de1e887aa70
2026-03-29 22:35:18|qwen|web_search_no_think|0|QUESTION_ADVANCE||1130|32f9ba76-567d-443a-b58a-85979bc37365
2026-03-29 22:35:29|qwen|web_search_no_think|4|QUESTION_SENT||937|c30feb03-ba2c-4449-a33d-b7dadbdae6a8
2026-03-29 22:35:30|qwen|web_search_no_think|2|JSON_VERIFY_FAILED||1042|7c3b28e2-9eba-4f66-b555-f25b8d156cf6
2026-03-29 22:35:30|qwen|web_search_no_think|2|QUESTION|45|1042|7c3b28e2-9eba-4f66-b555-f25b8d156cf6
2026-03-29 22:35:41|qwen|web_search_no_think|1|QUESTION_SENT||1092|5200a7b9-2191-4546-af86-3c2f53f7a4d6
2026-03-29 22:35:44|qwen|web_search_no_think|0|QUESTION_SENT||1130|32f9ba76-567d-443a-b58a-85979bc37365
2026-03-29 22:35:56|qwen|web_search_no_think|2|QUESTION_SENT||1042|7c3b28e2-9eba-4f66-b555-f25b8d156cf6
2026-03-29 22:36:35|qwen|web_search_no_think|3|JSON_VERIFIED||991|ce2bd008-ef23-4244-bf1d-626cdd459e7a
2026-03-29 22:36:35|qwen|web_search_no_think|3|QUESTION|47|991|ce2bd008-ef23-4244-bf1d-626cdd459e7a
2026-03-29 22:36:35|qwen|web_search_no_think|3|JSON_SAVED||991|ce2bd008-ef23-4244-bf1d-626cdd459e7a
2026-03-29 22:36:35|qwen|web_search_no_think|3|QUESTION_ADVANCE||992|01970f12-8e22-4b57-9ffb-1eb81316004f
2026-03-29 22:37:01|qwen|web_search_no_think|3|QUESTION_SENT||992|01970f12-8e22-4b57-9ffb-1eb81316004f
2026-03-29 22:37:09|qwen|web_search_no_think|4|JSON_VERIFIED||937|c30feb03-ba2c-4449-a33d-b7dadbdae6a8
2026-03-29 22:37:09|qwen|web_search_no_think|4|QUESTION|40|937|c30feb03-ba2c-4449-a33d-b7dadbdae6a8
2026-03-29 22:37:09|qwen|web_search_no_think|4|JSON_SAVED||937|c30feb03-ba2c-4449-a33d-b7dadbdae6a8
2026-03-29 22:37:09|qwen|web_search_no_think|4|QUESTION_ADVANCE||938|bdcfecbe-933b-4136-b030-64bd4303bbe3
2026-03-29 22:37:27|qwen|web_search_no_think|2|JSON_VERIFIED||1042|7c3b28e2-9eba-4f66-b555-f25b8d156cf6
2026-03-29 22:37:27|qwen|web_search_no_think|2|QUESTION|46|1042|7c3b28e2-9eba-4f66-b555-f25b8d156cf6
2026-03-29 22:37:27|qwen|web_search_no_think|2|JSON_SAVED||1042|7c3b28e2-9eba-4f66-b555-f25b8d156cf6
2026-03-29 22:37:27|qwen|web_search_no_think|2|QUESTION_ADVANCE||1043|c84e8f7a-bf18-4e95-98fc-980fda67c241
2026-03-29 22:37:36|qwen|web_search_no_think|4|QUESTION_SENT||938|bdcfecbe-933b-4136-b030-64bd4303bbe3
2026-03-29 22:37:53|qwen|web_search_no_think|2|QUESTION_SENT||1043|c84e8f7a-bf18-4e95-98fc-980fda67c241
2026-03-29 22:38:08|qwen|web_search_no_think|3|JSON_VERIFIED||992|01970f12-8e22-4b57-9ffb-1eb81316004f
2026-03-29 22:38:08|qwen|web_search_no_think|3|QUESTION|48|992|01970f12-8e22-4b57-9ffb-1eb81316004f
2026-03-29 22:38:08|qwen|web_search_no_think|3|JSON_SAVED||992|01970f12-8e22-4b57-9ffb-1eb81316004f
2026-03-29 22:38:08|qwen|web_search_no_think|3|QUESTION_ADVANCE||993|d2c10116-564b-4437-aee0-b9b3aaeab53b
2026-03-29 22:38:10|qwen|web_search_no_think|0|JSON_VERIFIED||1130|32f9ba76-567d-443a-b58a-85979bc37365
2026-03-29 22:38:10|qwen|web_search_no_think|0|QUESTION|32|1130|32f9ba76-567d-443a-b58a-85979bc37365
2026-03-29 22:38:10|qwen|web_search_no_think|0|JSON_SAVED||1130|32f9ba76-567d-443a-b58a-85979bc37365
2026-03-29 22:38:10|qwen|web_search_no_think|0|QUESTION_ADVANCE||1131|e6fe9b8f-bf62-411a-b15d-6709f3d02e4d
2026-03-29 22:38:35|qwen|web_search_no_think|3|QUESTION_SENT||993|d2c10116-564b-4437-aee0-b9b3aaeab53b
2026-03-29 22:38:36|qwen|web_search_no_think|5|QUESTION_SENT||885|19962a98-6cdd-46be-bc3a-b065d997ae64
2026-03-29 22:38:37|qwen|web_search_no_think|0|QUESTION_SENT||1131|e6fe9b8f-bf62-411a-b15d-6709f3d02e4d
2026-03-29 22:39:04|qwen|web_search_no_think|4|JSON_VERIFIED||938|bdcfecbe-933b-4136-b030-64bd4303bbe3
2026-03-29 22:39:04|qwen|web_search_no_think|4|QUESTION|41|938|bdcfecbe-933b-4136-b030-64bd4303bbe3
2026-03-29 22:39:04|qwen|web_search_no_think|4|JSON_SAVED||938|bdcfecbe-933b-4136-b030-64bd4303bbe3
2026-03-29 22:39:04|qwen|web_search_no_think|4|QUESTION_ADVANCE||939|74e9005d-6e8d-4cc3-b00a-d2b1bcda796b
2026-03-29 22:39:30|qwen|web_search_no_think|4|QUESTION_SENT||939|74e9005d-6e8d-4cc3-b00a-d2b1bcda796b
2026-03-29 22:39:43|qwen|web_search_no_think|2|JSON_VERIFIED||1043|c84e8f7a-bf18-4e95-98fc-980fda67c241
2026-03-29 22:39:43|qwen|web_search_no_think|2|QUESTION|47|1043|c84e8f7a-bf18-4e95-98fc-980fda67c241
2026-03-29 22:39:43|qwen|web_search_no_think|2|JSON_SAVED||1043|c84e8f7a-bf18-4e95-98fc-980fda67c241
2026-03-29 22:39:43|qwen|web_search_no_think|2|QUESTION_ADVANCE||1044|ad119311-8700-4699-bbef-7d4855239fd7
2026-03-29 22:39:57|qwen|web_search_no_think|3|JSON_VERIFIED||993|d2c10116-564b-4437-aee0-b9b3aaeab53b
2026-03-29 22:39:57|qwen|web_search_no_think|3|QUESTION|49|993|d2c10116-564b-4437-aee0-b9b3aaeab53b
2026-03-29 22:39:57|qwen|web_search_no_think|3|JSON_SAVED||993|d2c10116-564b-4437-aee0-b9b3aaeab53b
2026-03-29 22:39:57|qwen|web_search_no_think|3|QUESTION_ADVANCE||994|b8a1a5ab-649f-407d-a1b0-bc9f8445f4c9
2026-03-29 22:40:09|qwen|web_search_no_think|5|JSON_VERIFIED||885|19962a98-6cdd-46be-bc3a-b065d997ae64
2026-03-29 22:40:09|qwen|web_search_no_think|5|QUESTION|38|885|19962a98-6cdd-46be-bc3a-b065d997ae64
2026-03-29 22:40:09|qwen|web_search_no_think|5|JSON_SAVED||885|19962a98-6cdd-46be-bc3a-b065d997ae64
2026-03-29 22:40:09|qwen|web_search_no_think|5|QUESTION_ADVANCE||886|694ee114-9be3-40a4-a08c-f3d4b212595a
2026-03-29 22:40:09|qwen|web_search_no_think|2|QUESTION_SENT||1044|ad119311-8700-4699-bbef-7d4855239fd7
2026-03-29 22:40:09|qwen|web_search_no_think|1|JSON_VERIFIED||1092|5200a7b9-2191-4546-af86-3c2f53f7a4d6
2026-03-29 22:40:09|qwen|web_search_no_think|1|QUESTION|47|1092|5200a7b9-2191-4546-af86-3c2f53f7a4d6
2026-03-29 22:40:09|qwen|web_search_no_think|1|JSON_SAVED||1092|5200a7b9-2191-4546-af86-3c2f53f7a4d6
2026-03-29 22:40:09|qwen|web_search_no_think|1|QUESTION_ADVANCE||1093|16f23f4c-88c3-4294-ba48-f17bca6d0b92
2026-03-29 22:40:23|qwen|web_search_no_think|3|QUESTION_SENT||994|b8a1a5ab-649f-407d-a1b0-bc9f8445f4c9
2026-03-29 22:40:35|qwen|web_search_no_think|5|QUESTION_SENT||886|694ee114-9be3-40a4-a08c-f3d4b212595a
2026-03-29 22:40:36|qwen|web_search_no_think|1|QUESTION_SENT||1093|16f23f4c-88c3-4294-ba48-f17bca6d0b92
2026-03-29 22:40:49|qwen|web_search_no_think|0|JSON_VERIFIED||1131|e6fe9b8f-bf62-411a-b15d-6709f3d02e4d
2026-03-29 22:40:49|qwen|web_search_no_think|0|QUESTION|33|1131|e6fe9b8f-bf62-411a-b15d-6709f3d02e4d
2026-03-29 22:40:49|qwen|web_search_no_think|0|JSON_SAVED||1131|e6fe9b8f-bf62-411a-b15d-6709f3d02e4d
2026-03-29 22:40:49|qwen|web_search_no_think|0|QUESTION_ADVANCE||1132|89bf37e9-b895-4f4b-af5c-ff58ab1ae183
2026-03-29 22:40:52|qwen|web_search_no_think|4|JSON_VERIFIED||939|74e9005d-6e8d-4cc3-b00a-d2b1bcda796b
2026-03-29 22:40:52|qwen|web_search_no_think|4|QUESTION|42|939|74e9005d-6e8d-4cc3-b00a-d2b1bcda796b
2026-03-29 22:40:52|qwen|web_search_no_think|4|JSON_SAVED||939|74e9005d-6e8d-4cc3-b00a-d2b1bcda796b
2026-03-29 22:40:52|qwen|web_search_no_think|4|QUESTION_ADVANCE||940|bfb927f5-f6ea-4a9b-8db0-86e84964498c
2026-03-29 22:41:15|qwen|web_search_no_think|0|QUESTION_SENT||1132|89bf37e9-b895-4f4b-af5c-ff58ab1ae183
2026-03-29 22:41:19|qwen|web_search_no_think|4|QUESTION_SENT||940|bfb927f5-f6ea-4a9b-8db0-86e84964498c
2026-03-29 22:41:36|qwen|web_search_no_think|2|JSON_VERIFIED||1044|ad119311-8700-4699-bbef-7d4855239fd7
2026-03-29 22:41:36|qwen|web_search_no_think|2|QUESTION|48|1044|ad119311-8700-4699-bbef-7d4855239fd7
2026-03-29 22:41:36|qwen|web_search_no_think|2|JSON_SAVED||1044|ad119311-8700-4699-bbef-7d4855239fd7
2026-03-29 22:41:36|qwen|web_search_no_think|2|QUESTION_ADVANCE||1045|4907869b-b7c4-49ea-9282-99b0870cc95c
2026-03-29 22:41:51|qwen|web_search_no_think|1|JSON_VERIFIED||1093|16f23f4c-88c3-4294-ba48-f17bca6d0b92
2026-03-29 22:41:51|qwen|web_search_no_think|1|QUESTION|48|1093|16f23f4c-88c3-4294-ba48-f17bca6d0b92
2026-03-29 22:41:51|qwen|web_search_no_think|1|JSON_SAVED||1093|16f23f4c-88c3-4294-ba48-f17bca6d0b92
2026-03-29 22:41:51|qwen|web_search_no_think|1|QUESTION_ADVANCE||1094|19d07cd6-3875-4c03-9034-35133a3a0916
2026-03-29 22:42:02|qwen|web_search_no_think|2|QUESTION_SENT||1045|4907869b-b7c4-49ea-9282-99b0870cc95c
2026-03-29 22:42:06|qwen|web_search_no_think|3|JSON_VERIFIED||994|b8a1a5ab-649f-407d-a1b0-bc9f8445f4c9
2026-03-29 22:42:06|qwen|web_search_no_think|3|QUESTION|50|994|b8a1a5ab-649f-407d-a1b0-bc9f8445f4c9
2026-03-29 22:42:06|qwen|web_search_no_think|3|JSON_SAVED||994|b8a1a5ab-649f-407d-a1b0-bc9f8445f4c9
2026-03-29 22:42:06|qwen|web_search_no_think|3|QUESTION_ADVANCE||995|c85d620f-1f37-4c0a-975c-983d9a691abd
2026-03-29 22:42:17|qwen|web_search_no_think|1|QUESTION_SENT||1094|19d07cd6-3875-4c03-9034-35133a3a0916
2026-03-29 22:42:20|qwen|web_search_no_think|5|JSON_VERIFIED||886|694ee114-9be3-40a4-a08c-f3d4b212595a
2026-03-29 22:42:20|qwen|web_search_no_think|5|QUESTION|39|886|694ee114-9be3-40a4-a08c-f3d4b212595a
2026-03-29 22:42:20|qwen|web_search_no_think|5|JSON_SAVED||886|694ee114-9be3-40a4-a08c-f3d4b212595a
2026-03-29 22:42:20|qwen|web_search_no_think|5|QUESTION_ADVANCE||887|b0dbd1d4-c91d-4506-8c8e-5cff745b7b86
2026-03-29 22:42:32|qwen|web_search_no_think|3|QUESTION_SENT||995|c85d620f-1f37-4c0a-975c-983d9a691abd
2026-03-29 22:42:46|qwen|web_search_no_think|5|QUESTION_SENT||887|b0dbd1d4-c91d-4506-8c8e-5cff745b7b86
2026-03-29 22:43:06|qwen|web_search_no_think|0|JSON_VERIFIED||1132|89bf37e9-b895-4f4b-af5c-ff58ab1ae183
2026-03-29 22:43:06|qwen|web_search_no_think|0|QUESTION|34|1132|89bf37e9-b895-4f4b-af5c-ff58ab1ae183
2026-03-29 22:43:06|qwen|web_search_no_think|0|JSON_SAVED||1132|89bf37e9-b895-4f4b-af5c-ff58ab1ae183
2026-03-29 22:43:06|qwen|web_search_no_think|0|QUESTION_ADVANCE||1133|e33f8c82-8209-4094-b3f2-91b5d1815a5b
2026-03-29 22:43:09|qwen|web_search_no_think|2|JSON_VERIFY_FAILED||1045|4907869b-b7c4-49ea-9282-99b0870cc95c
2026-03-29 22:43:09|qwen|web_search_no_think|2|QUESTION|49|1045|4907869b-b7c4-49ea-9282-99b0870cc95c
2026-03-29 22:43:18|qwen|web_search_no_think|4|JSON_VERIFIED||940|bfb927f5-f6ea-4a9b-8db0-86e84964498c
2026-03-29 22:43:18|qwen|web_search_no_think|4|QUESTION|43|940|bfb927f5-f6ea-4a9b-8db0-86e84964498c
2026-03-29 22:43:18|qwen|web_search_no_think|4|JSON_SAVED||940|bfb927f5-f6ea-4a9b-8db0-86e84964498c
2026-03-29 22:43:18|qwen|web_search_no_think|4|QUESTION_ADVANCE||941|1dadc058-7dde-45e1-a583-36c942edacfb
2026-03-29 22:43:32|qwen|web_search_no_think|0|QUESTION_SENT||1133|e33f8c82-8209-4094-b3f2-91b5d1815a5b
2026-03-29 22:43:35|qwen|web_search_no_think|2|QUESTION_SENT||1045|4907869b-b7c4-49ea-9282-99b0870cc95c
2026-03-29 22:43:44|qwen|web_search_no_think|4|QUESTION_SENT||941|1dadc058-7dde-45e1-a583-36c942edacfb
2026-03-29 22:43:55|qwen|web_search_no_think|5|JSON_VERIFIED||887|b0dbd1d4-c91d-4506-8c8e-5cff745b7b86
2026-03-29 22:43:55|qwen|web_search_no_think|5|QUESTION|40|887|b0dbd1d4-c91d-4506-8c8e-5cff745b7b86
2026-03-29 22:43:55|qwen|web_search_no_think|5|JSON_SAVED||887|b0dbd1d4-c91d-4506-8c8e-5cff745b7b86
2026-03-29 22:43:55|qwen|web_search_no_think|5|QUESTION_ADVANCE||888|a22bdd90-767a-4cfa-aa5a-4c9511603ed3
2026-03-29 22:44:02|qwen|web_search_no_think|1|JSON_VERIFIED||1094|19d07cd6-3875-4c03-9034-35133a3a0916
2026-03-29 22:44:02|qwen|web_search_no_think|1|QUESTION|49|1094|19d07cd6-3875-4c03-9034-35133a3a0916
2026-03-29 22:44:02|qwen|web_search_no_think|1|JSON_SAVED||1094|19d07cd6-3875-4c03-9034-35133a3a0916
2026-03-29 22:44:02|qwen|web_search_no_think|1|QUESTION_ADVANCE||1095|fb38fde0-cf75-4bee-8b08-08e67d433207
2026-03-29 22:44:04|qwen|web_search_no_think|3|JSON_VERIFIED||995|c85d620f-1f37-4c0a-975c-983d9a691abd
2026-03-29 22:44:04|qwen|web_search_no_think|3|QUESTION|51|995|c85d620f-1f37-4c0a-975c-983d9a691abd
2026-03-29 22:44:04|qwen|web_search_no_think|3|JSON_SAVED||995|c85d620f-1f37-4c0a-975c-983d9a691abd
2026-03-29 22:44:04|qwen|web_search_no_think|3|QUESTION_ADVANCE||996|58a573fe-f4e9-4dd9-af89-915ec7a3a493
2026-03-29 22:44:21|qwen|web_search_no_think|5|QUESTION_SENT||888|a22bdd90-767a-4cfa-aa5a-4c9511603ed3
2026-03-29 22:44:29|qwen|web_search_no_think|1|QUESTION_SENT||1095|fb38fde0-cf75-4bee-8b08-08e67d433207
2026-03-29 22:44:31|qwen|web_search_no_think|3|QUESTION_SENT||996|58a573fe-f4e9-4dd9-af89-915ec7a3a493
2026-03-29 22:44:50|qwen|web_search_no_think|2|JSON_VERIFY_FAILED||1045|4907869b-b7c4-49ea-9282-99b0870cc95c
2026-03-29 22:44:50|qwen|web_search_no_think|2|QUESTION|50|1045|4907869b-b7c4-49ea-9282-99b0870cc95c
2026-03-29 22:45:17|qwen|web_search_no_think|2|QUESTION_SENT||1045|4907869b-b7c4-49ea-9282-99b0870cc95c
2026-03-29 22:45:43|qwen|web_search_no_think|5|JSON_VERIFIED||888|a22bdd90-767a-4cfa-aa5a-4c9511603ed3
2026-03-29 22:45:43|qwen|web_search_no_think|5|QUESTION|41|888|a22bdd90-767a-4cfa-aa5a-4c9511603ed3
2026-03-29 22:45:43|qwen|web_search_no_think|5|JSON_SAVED||888|a22bdd90-767a-4cfa-aa5a-4c9511603ed3
2026-03-29 22:45:43|qwen|web_search_no_think|5|QUESTION_ADVANCE||889|a41746a8-8b9c-4918-9094-70abea33cd47
2026-03-29 22:45:49|qwen|web_search_no_think|4|JSON_VERIFIED||941|1dadc058-7dde-45e1-a583-36c942edacfb
2026-03-29 22:45:49|qwen|web_search_no_think|4|QUESTION|44|941|1dadc058-7dde-45e1-a583-36c942edacfb
2026-03-29 22:45:49|qwen|web_search_no_think|4|JSON_SAVED||941|1dadc058-7dde-45e1-a583-36c942edacfb
2026-03-29 22:45:49|qwen|web_search_no_think|4|QUESTION_ADVANCE||942|290692da-3a36-4bbf-b448-266d17664b76
2026-03-29 22:45:57|qwen|web_search_no_think|3|JSON_VERIFIED||996|58a573fe-f4e9-4dd9-af89-915ec7a3a493
2026-03-29 22:45:57|qwen|web_search_no_think|3|QUESTION|52|996|58a573fe-f4e9-4dd9-af89-915ec7a3a493
2026-03-29 22:45:57|qwen|web_search_no_think|3|JSON_SAVED||996|58a573fe-f4e9-4dd9-af89-915ec7a3a493
2026-03-29 22:45:57|qwen|web_search_no_think|3|QUESTION_ADVANCE||997|39515719-a44f-424c-8a1c-22d561d57b82
2026-03-29 22:45:58|qwen|web_search_no_think|1|JSON_VERIFIED||1095|fb38fde0-cf75-4bee-8b08-08e67d433207
2026-03-29 22:45:58|qwen|web_search_no_think|1|QUESTION|50|1095|fb38fde0-cf75-4bee-8b08-08e67d433207
2026-03-29 22:45:58|qwen|web_search_no_think|1|JSON_SAVED||1095|fb38fde0-cf75-4bee-8b08-08e67d433207
2026-03-29 22:45:58|qwen|web_search_no_think|1|QUESTION_ADVANCE||1096|0b391ee1-0615-41c9-8f0e-0dfa3d1e2614
2026-03-29 22:46:10|qwen|web_search_no_think|5|QUESTION_SENT||889|a41746a8-8b9c-4918-9094-70abea33cd47
2026-03-29 22:46:16|qwen|web_search_no_think|4|QUESTION_SENT||942|290692da-3a36-4bbf-b448-266d17664b76
2026-03-29 22:46:23|qwen|web_search_no_think|3|QUESTION_SENT||997|39515719-a44f-424c-8a1c-22d561d57b82
2026-03-29 22:46:24|qwen|web_search_no_think|1|QUESTION_SENT||1096|0b391ee1-0615-41c9-8f0e-0dfa3d1e2614
2026-03-29 22:46:50|qwen|web_search_no_think|2|JSON_VERIFIED||1045|4907869b-b7c4-49ea-9282-99b0870cc95c
2026-03-29 22:46:50|qwen|web_search_no_think|2|QUESTION|51|1045|4907869b-b7c4-49ea-9282-99b0870cc95c
2026-03-29 22:46:50|qwen|web_search_no_think|2|JSON_SAVED||1045|4907869b-b7c4-49ea-9282-99b0870cc95c
2026-03-29 22:46:50|qwen|web_search_no_think|2|QUESTION_ADVANCE||1046|521dbe08-4065-4ea3-bb3f-dfc8057424e2
2026-03-29 22:47:17|qwen|web_search_no_think|2|QUESTION_SENT||1046|521dbe08-4065-4ea3-bb3f-dfc8057424e2
2026-03-29 22:47:44|qwen|web_search_no_think|1|JSON_VERIFIED||1096|0b391ee1-0615-41c9-8f0e-0dfa3d1e2614
2026-03-29 22:47:44|qwen|web_search_no_think|1|QUESTION|51|1096|0b391ee1-0615-41c9-8f0e-0dfa3d1e2614
2026-03-29 22:47:44|qwen|web_search_no_think|1|JSON_SAVED||1096|0b391ee1-0615-41c9-8f0e-0dfa3d1e2614
2026-03-29 22:47:44|qwen|web_search_no_think|1|QUESTION_ADVANCE||1097|6aa5b3a2-29e9-4688-95e8-65354e39f9e6
2026-03-29 22:47:49|qwen|web_search_no_think|3|JSON_VERIFIED||997|39515719-a44f-424c-8a1c-22d561d57b82
2026-03-29 22:47:49|qwen|web_search_no_think|3|QUESTION|53|997|39515719-a44f-424c-8a1c-22d561d57b82
2026-03-29 22:47:49|qwen|web_search_no_think|3|JSON_SAVED||997|39515719-a44f-424c-8a1c-22d561d57b82
2026-03-29 22:47:49|qwen|web_search_no_think|3|QUESTION_ADVANCE||998|5806931f-1c51-4bbc-a15b-882cced139cc
2026-03-29 22:47:49|qwen|web_search_no_think|5|JSON_VERIFIED||889|a41746a8-8b9c-4918-9094-70abea33cd47
2026-03-29 22:47:49|qwen|web_search_no_think|5|QUESTION|42|889|a41746a8-8b9c-4918-9094-70abea33cd47
2026-03-29 22:47:49|qwen|web_search_no_think|5|JSON_SAVED||889|a41746a8-8b9c-4918-9094-70abea33cd47
2026-03-29 22:47:49|qwen|web_search_no_think|5|QUESTION_ADVANCE||890|b638f5cf-b968-403e-8eaf-3fdcdad1c9f1
2026-03-29 22:48:10|qwen|web_search_no_think|1|QUESTION_SENT||1097|6aa5b3a2-29e9-4688-95e8-65354e39f9e6
2026-03-29 22:48:15|qwen|web_search_no_think|3|QUESTION_SENT||998|5806931f-1c51-4bbc-a15b-882cced139cc
2026-03-29 22:48:15|qwen|web_search_no_think|5|QUESTION_SENT||890|b638f5cf-b968-403e-8eaf-3fdcdad1c9f1
2026-03-29 22:48:21|qwen|web_search_no_think|4|JSON_VERIFIED||942|290692da-3a36-4bbf-b448-266d17664b76
2026-03-29 22:48:21|qwen|web_search_no_think|4|QUESTION|45|942|290692da-3a36-4bbf-b448-266d17664b76
2026-03-29 22:48:21|qwen|web_search_no_think|4|JSON_SAVED||942|290692da-3a36-4bbf-b448-266d17664b76
2026-03-29 22:48:21|qwen|web_search_no_think|4|QUESTION_ADVANCE||943|0a997642-4aae-49df-8d11-3cbed973cf45
2026-03-29 22:48:31|qwen|web_search_no_think|2|JSON_VERIFIED||1046|521dbe08-4065-4ea3-bb3f-dfc8057424e2
2026-03-29 22:48:31|qwen|web_search_no_think|2|QUESTION|52|1046|521dbe08-4065-4ea3-bb3f-dfc8057424e2
2026-03-29 22:48:31|qwen|web_search_no_think|2|JSON_SAVED||1046|521dbe08-4065-4ea3-bb3f-dfc8057424e2
2026-03-29 22:48:31|qwen|web_search_no_think|2|QUESTION_ADVANCE||1047|9397bfea-685e-4010-8907-ec83894a706f
2026-03-29 22:48:47|qwen|web_search_no_think|4|QUESTION_SENT||943|0a997642-4aae-49df-8d11-3cbed973cf45
2026-03-29 22:48:57|qwen|web_search_no_think|2|QUESTION_SENT||1047|9397bfea-685e-4010-8907-ec83894a706f
2026-03-29 22:49:29|qwen|web_search_no_think|3|JSON_VERIFIED||998|5806931f-1c51-4bbc-a15b-882cced139cc
2026-03-29 22:49:29|qwen|web_search_no_think|3|QUESTION|54|998|5806931f-1c51-4bbc-a15b-882cced139cc
2026-03-29 22:49:29|qwen|web_search_no_think|3|JSON_SAVED||998|5806931f-1c51-4bbc-a15b-882cced139cc
2026-03-29 22:49:29|qwen|web_search_no_think|3|QUESTION_ADVANCE||999|0205be8d-bb6a-49a1-baf7-ed80d001313e
2026-03-29 22:49:51|qwen|web_search_no_think|4|JSON_VERIFIED||943|0a997642-4aae-49df-8d11-3cbed973cf45
2026-03-29 22:49:51|qwen|web_search_no_think|4|QUESTION|46|943|0a997642-4aae-49df-8d11-3cbed973cf45
2026-03-29 22:49:51|qwen|web_search_no_think|4|JSON_SAVED||943|0a997642-4aae-49df-8d11-3cbed973cf45
2026-03-29 22:49:51|qwen|web_search_no_think|4|QUESTION_ADVANCE||944|5ddf25b2-aa37-4470-b21c-ee52bc5aff10
2026-03-29 22:49:53|qwen|web_search_no_think|1|JSON_VERIFIED||1097|6aa5b3a2-29e9-4688-95e8-65354e39f9e6
2026-03-29 22:49:53|qwen|web_search_no_think|1|QUESTION|52|1097|6aa5b3a2-29e9-4688-95e8-65354e39f9e6
2026-03-29 22:49:53|qwen|web_search_no_think|1|JSON_SAVED||1097|6aa5b3a2-29e9-4688-95e8-65354e39f9e6
2026-03-29 22:49:53|qwen|web_search_no_think|1|QUESTION_ADVANCE||1098|c60e813b-438f-49e1-8d61-03eee574a13b
2026-03-29 22:49:54|qwen|web_search_no_think|0|QUESTION_SENT||1133|e33f8c82-8209-4094-b3f2-91b5d1815a5b
2026-03-29 22:49:55|qwen|web_search_no_think|3|QUESTION_SENT||999|0205be8d-bb6a-49a1-baf7-ed80d001313e
2026-03-29 22:50:17|qwen|web_search_no_think|4|QUESTION_SENT||944|5ddf25b2-aa37-4470-b21c-ee52bc5aff10
2026-03-29 22:50:17|qwen|web_search_no_think|5|JSON_VERIFIED||890|b638f5cf-b968-403e-8eaf-3fdcdad1c9f1
2026-03-29 22:50:17|qwen|web_search_no_think|5|QUESTION|43|890|b638f5cf-b968-403e-8eaf-3fdcdad1c9f1
2026-03-29 22:50:17|qwen|web_search_no_think|5|JSON_SAVED||890|b638f5cf-b968-403e-8eaf-3fdcdad1c9f1
2026-03-29 22:50:17|qwen|web_search_no_think|5|QUESTION_ADVANCE||891|a658a88d-3235-49ec-8aaf-6d16314677e9
2026-03-29 22:50:19|qwen|web_search_no_think|1|QUESTION_SENT||1098|c60e813b-438f-49e1-8d61-03eee574a13b
2026-03-29 22:50:44|qwen|web_search_no_think|5|QUESTION_SENT||891|a658a88d-3235-49ec-8aaf-6d16314677e9
2026-03-29 22:51:10|qwen|web_search_no_think|3|JSON_VERIFIED||999|0205be8d-bb6a-49a1-baf7-ed80d001313e
2026-03-29 22:51:10|qwen|web_search_no_think|3|QUESTION|55|999|0205be8d-bb6a-49a1-baf7-ed80d001313e
2026-03-29 22:51:10|qwen|web_search_no_think|3|JSON_SAVED||999|0205be8d-bb6a-49a1-baf7-ed80d001313e
2026-03-29 22:51:10|qwen|web_search_no_think|3|QUESTION_ADVANCE||1000|3e2506dc-b75f-4537-86ad-c2da0e8feda8
2026-03-29 22:51:23|qwen|web_search_no_think|2|JSON_VERIFIED||1047|9397bfea-685e-4010-8907-ec83894a706f
2026-03-29 22:51:23|qwen|web_search_no_think|2|QUESTION|53|1047|9397bfea-685e-4010-8907-ec83894a706f
2026-03-29 22:51:23|qwen|web_search_no_think|2|JSON_SAVED||1047|9397bfea-685e-4010-8907-ec83894a706f
2026-03-29 22:51:23|qwen|web_search_no_think|2|QUESTION_ADVANCE||1048|1fe8d670-03e3-4e91-9970-eceade21f5d6
2026-03-29 22:51:26|qwen|web_search_no_think|0|JSON_VERIFIED||1133|e33f8c82-8209-4094-b3f2-91b5d1815a5b
2026-03-29 22:51:26|qwen|web_search_no_think|0|QUESTION|35|1133|e33f8c82-8209-4094-b3f2-91b5d1815a5b
2026-03-29 22:51:26|qwen|web_search_no_think|0|JSON_SAVED||1133|e33f8c82-8209-4094-b3f2-91b5d1815a5b
2026-03-29 22:51:26|qwen|web_search_no_think|0|QUESTION_ADVANCE||1134|030f468d-a8b9-4146-990c-1254837b0869
2026-03-29 22:51:37|qwen|web_search_no_think|3|QUESTION_SENT||1000|3e2506dc-b75f-4537-86ad-c2da0e8feda8
2026-03-29 22:51:48|qwen|web_search_no_think|1|JSON_VERIFIED||1098|c60e813b-438f-49e1-8d61-03eee574a13b
2026-03-29 22:51:48|qwen|web_search_no_think|1|QUESTION|53|1098|c60e813b-438f-49e1-8d61-03eee574a13b
2026-03-29 22:51:48|qwen|web_search_no_think|1|JSON_SAVED||1098|c60e813b-438f-49e1-8d61-03eee574a13b
2026-03-29 22:51:48|qwen|web_search_no_think|1|QUESTION_ADVANCE||1099|97569169-ad83-4902-a6b3-c53384b9e62b
2026-03-29 22:51:49|qwen|web_search_no_think|2|QUESTION_SENT||1048|1fe8d670-03e3-4e91-9970-eceade21f5d6
2026-03-29 22:51:52|qwen|web_search_no_think|4|JSON_VERIFIED||944|5ddf25b2-aa37-4470-b21c-ee52bc5aff10
2026-03-29 22:51:52|qwen|web_search_no_think|4|QUESTION|47|944|5ddf25b2-aa37-4470-b21c-ee52bc5aff10
2026-03-29 22:51:52|qwen|web_search_no_think|4|JSON_SAVED||944|5ddf25b2-aa37-4470-b21c-ee52bc5aff10
2026-03-29 22:51:52|qwen|web_search_no_think|4|QUESTION_ADVANCE||945|ac747ce9-8522-44d3-8121-c499b8371408
2026-03-29 22:51:53|qwen|web_search_no_think|0|QUESTION_SENT||1134|030f468d-a8b9-4146-990c-1254837b0869
2026-03-29 22:52:15|qwen|web_search_no_think|1|QUESTION_SENT||1099|97569169-ad83-4902-a6b3-c53384b9e62b
2026-03-29 22:52:19|qwen|web_search_no_think|4|QUESTION_SENT||945|ac747ce9-8522-44d3-8121-c499b8371408
2026-03-29 22:52:23|qwen|web_search_no_think|5|JSON_VERIFIED||891|a658a88d-3235-49ec-8aaf-6d16314677e9
2026-03-29 22:52:23|qwen|web_search_no_think|5|QUESTION|44|891|a658a88d-3235-49ec-8aaf-6d16314677e9
2026-03-29 22:52:23|qwen|web_search_no_think|5|JSON_SAVED||891|a658a88d-3235-49ec-8aaf-6d16314677e9
2026-03-29 22:52:23|qwen|web_search_no_think|5|QUESTION_ADVANCE||892|aeaa14ba-e2c7-498e-b99d-1495b1e060d6
2026-03-29 22:52:49|qwen|web_search_no_think|5|QUESTION_SENT||892|aeaa14ba-e2c7-498e-b99d-1495b1e060d6
2026-03-29 22:53:07|qwen|web_search_no_think|2|JSON_VERIFIED||1048|1fe8d670-03e3-4e91-9970-eceade21f5d6
2026-03-29 22:53:07|qwen|web_search_no_think|2|QUESTION|54|1048|1fe8d670-03e3-4e91-9970-eceade21f5d6
2026-03-29 22:53:07|qwen|web_search_no_think|2|JSON_SAVED||1048|1fe8d670-03e3-4e91-9970-eceade21f5d6
2026-03-29 22:53:07|qwen|web_search_no_think|2|QUESTION_ADVANCE||1049|1ada6718-d81d-4dd8-9eb6-05ef8b0c7612
2026-03-29 22:53:11|qwen|web_search_no_think|0|JSON_VERIFIED||1134|030f468d-a8b9-4146-990c-1254837b0869
2026-03-29 22:53:11|qwen|web_search_no_think|0|QUESTION|36|1134|030f468d-a8b9-4146-990c-1254837b0869
2026-03-29 22:53:11|qwen|web_search_no_think|0|JSON_SAVED||1134|030f468d-a8b9-4146-990c-1254837b0869
2026-03-29 22:53:11|qwen|web_search_no_think|0|QUESTION_ADVANCE||1135|37851eec-55d0-4bce-8cb4-3ced406e429a
2026-03-29 22:53:12|qwen|web_search_no_think|3|JSON_VERIFIED||1000|3e2506dc-b75f-4537-86ad-c2da0e8feda8
2026-03-29 22:53:12|qwen|web_search_no_think|3|QUESTION|56|1000|3e2506dc-b75f-4537-86ad-c2da0e8feda8
2026-03-29 22:53:12|qwen|web_search_no_think|3|JSON_SAVED||1000|3e2506dc-b75f-4537-86ad-c2da0e8feda8
2026-03-29 22:53:13|qwen|web_search_no_think|3|STOP||1001|
2026-03-29 22:53:27|qwen|web_search_no_think|1|JSON_VERIFIED||1099|97569169-ad83-4902-a6b3-c53384b9e62b
2026-03-29 22:53:27|qwen|web_search_no_think|1|QUESTION|54|1099|97569169-ad83-4902-a6b3-c53384b9e62b
2026-03-29 22:53:27|qwen|web_search_no_think|1|JSON_SAVED||1099|97569169-ad83-4902-a6b3-c53384b9e62b
2026-03-29 22:53:27|qwen|web_search_no_think|1|QUESTION_ADVANCE||1100|9ff8b7dd-ad16-4fb7-a6ee-5a59638197ff
2026-03-29 22:53:34|qwen|web_search_no_think|2|QUESTION_SENT||1049|1ada6718-d81d-4dd8-9eb6-05ef8b0c7612
2026-03-29 22:53:37|qwen|web_search_no_think|0|QUESTION_SENT||1135|37851eec-55d0-4bce-8cb4-3ced406e429a
2026-03-29 22:53:53|qwen|web_search_no_think|1|QUESTION_SENT||1100|9ff8b7dd-ad16-4fb7-a6ee-5a59638197ff
2026-03-29 22:54:12|qwen|web_search_no_think|4|JSON_VERIFIED||945|ac747ce9-8522-44d3-8121-c499b8371408
2026-03-29 22:54:12|qwen|web_search_no_think|4|QUESTION|48|945|ac747ce9-8522-44d3-8121-c499b8371408
2026-03-29 22:54:12|qwen|web_search_no_think|4|JSON_SAVED||945|ac747ce9-8522-44d3-8121-c499b8371408
2026-03-29 22:54:12|qwen|web_search_no_think|4|QUESTION_ADVANCE||946|fdfefb04-25ea-464b-9423-0c04288617d1
2026-03-29 22:54:23|qwen|web_search_no_think|1|QUESTION_SENT||1100|9ff8b7dd-ad16-4fb7-a6ee-5a59638197ff
2026-03-29 22:54:26|qwen|web_search_no_think|5|JSON_VERIFIED||892|aeaa14ba-e2c7-498e-b99d-1495b1e060d6
2026-03-29 22:54:26|qwen|web_search_no_think|5|QUESTION|45|892|aeaa14ba-e2c7-498e-b99d-1495b1e060d6
2026-03-29 22:54:26|qwen|web_search_no_think|5|JSON_SAVED||892|aeaa14ba-e2c7-498e-b99d-1495b1e060d6
2026-03-29 22:54:26|qwen|web_search_no_think|5|QUESTION_ADVANCE||893|fb914ddb-139f-42ad-85e1-3ef71d2f3b40
2026-03-29 22:54:39|qwen|web_search_no_think|4|QUESTION_SENT||946|fdfefb04-25ea-464b-9423-0c04288617d1
2026-03-29 22:54:52|qwen|web_search_no_think|5|QUESTION_SENT||893|fb914ddb-139f-42ad-85e1-3ef71d2f3b40
2026-03-29 22:54:59|qwen|web_search_no_think|2|JSON_VERIFIED||1049|1ada6718-d81d-4dd8-9eb6-05ef8b0c7612
2026-03-29 22:54:59|qwen|web_search_no_think|2|QUESTION|55|1049|1ada6718-d81d-4dd8-9eb6-05ef8b0c7612
2026-03-29 22:54:59|qwen|web_search_no_think|2|JSON_SAVED||1049|1ada6718-d81d-4dd8-9eb6-05ef8b0c7612
2026-03-29 22:54:59|qwen|web_search_no_think|2|QUESTION_ADVANCE||1050|88d655cf-8842-4680-8bbb-127285b2b329
2026-03-29 22:55:25|qwen|web_search_no_think|2|QUESTION_SENT||1050|88d655cf-8842-4680-8bbb-127285b2b329
2026-03-29 22:55:28|qwen|web_search_no_think|0|JSON_VERIFIED||1135|37851eec-55d0-4bce-8cb4-3ced406e429a
2026-03-29 22:55:28|qwen|web_search_no_think|0|QUESTION|37|1135|37851eec-55d0-4bce-8cb4-3ced406e429a
2026-03-29 22:55:28|qwen|web_search_no_think|0|JSON_SAVED||1135|37851eec-55d0-4bce-8cb4-3ced406e429a
2026-03-29 22:55:28|qwen|web_search_no_think|0|QUESTION_ADVANCE||1136|57bf26fb-c346-47a5-8e64-945efe9df7fb
2026-03-29 22:55:54|qwen|web_search_no_think|0|QUESTION_SENT||1136|57bf26fb-c346-47a5-8e64-945efe9df7fb
2026-03-29 22:56:19|qwen|web_search_no_think|4|JSON_VERIFIED||946|fdfefb04-25ea-464b-9423-0c04288617d1
2026-03-29 22:56:19|qwen|web_search_no_think|4|QUESTION|49|946|fdfefb04-25ea-464b-9423-0c04288617d1
2026-03-29 22:56:19|qwen|web_search_no_think|4|JSON_SAVED||946|fdfefb04-25ea-464b-9423-0c04288617d1
2026-03-29 22:56:19|qwen|web_search_no_think|4|QUESTION_ADVANCE||947|fb40d5f0-2f10-4a07-96a7-ce18d5534536
2026-03-29 22:56:22|qwen|web_search_no_think|1|JSON_VERIFIED||1100|9ff8b7dd-ad16-4fb7-a6ee-5a59638197ff
2026-03-29 22:56:22|qwen|web_search_no_think|1|QUESTION|55|1100|9ff8b7dd-ad16-4fb7-a6ee-5a59638197ff
2026-03-29 22:56:22|qwen|web_search_no_think|1|JSON_SAVED||1100|9ff8b7dd-ad16-4fb7-a6ee-5a59638197ff
2026-03-29 22:56:23|qwen|web_search_no_think|1|STOP||1101|
2026-03-29 22:56:29|qwen|web_search_no_think|5|JSON_VERIFIED||893|fb914ddb-139f-42ad-85e1-3ef71d2f3b40
2026-03-29 22:56:29|qwen|web_search_no_think|5|QUESTION|46|893|fb914ddb-139f-42ad-85e1-3ef71d2f3b40
2026-03-29 22:56:29|qwen|web_search_no_think|5|JSON_SAVED||893|fb914ddb-139f-42ad-85e1-3ef71d2f3b40
2026-03-29 22:56:29|qwen|web_search_no_think|5|QUESTION_ADVANCE||894|6de6b127-8ff3-4946-83ea-bcc10c55305f
2026-03-29 22:56:46|qwen|web_search_no_think|4|QUESTION_SENT||947|fb40d5f0-2f10-4a07-96a7-ce18d5534536
2026-03-29 22:56:55|qwen|web_search_no_think|5|QUESTION_SENT||894|6de6b127-8ff3-4946-83ea-bcc10c55305f
2026-03-29 22:56:58|qwen|web_search_no_think|2|JSON_VERIFIED||1050|88d655cf-8842-4680-8bbb-127285b2b329
2026-03-29 22:56:58|qwen|web_search_no_think|2|QUESTION|56|1050|88d655cf-8842-4680-8bbb-127285b2b329
2026-03-29 22:56:58|qwen|web_search_no_think|2|JSON_SAVED||1050|88d655cf-8842-4680-8bbb-127285b2b329
2026-03-29 22:56:59|qwen|web_search_no_think|2|STOP||1051|
2026-03-29 22:57:05|qwen|web_search_no_think|0|JSON_VERIFIED||1136|57bf26fb-c346-47a5-8e64-945efe9df7fb
2026-03-29 22:57:05|qwen|web_search_no_think|0|QUESTION|38|1136|57bf26fb-c346-47a5-8e64-945efe9df7fb
2026-03-29 22:57:05|qwen|web_search_no_think|0|JSON_SAVED||1136|57bf26fb-c346-47a5-8e64-945efe9df7fb
2026-03-29 22:57:05|qwen|web_search_no_think|0|QUESTION_ADVANCE||1137|90f3f0fb-8436-4e96-8e0b-250e4a02722c
2026-03-29 22:57:32|qwen|web_search_no_think|0|QUESTION_SENT||1137|90f3f0fb-8436-4e96-8e0b-250e4a02722c
2026-03-29 22:58:07|qwen|web_search_no_think|4|JSON_VERIFIED||947|fb40d5f0-2f10-4a07-96a7-ce18d5534536
2026-03-29 22:58:07|qwen|web_search_no_think|4|QUESTION|50|947|fb40d5f0-2f10-4a07-96a7-ce18d5534536
2026-03-29 22:58:07|qwen|web_search_no_think|4|JSON_SAVED||947|fb40d5f0-2f10-4a07-96a7-ce18d5534536
2026-03-29 22:58:07|qwen|web_search_no_think|4|QUESTION_ADVANCE||948|9ce60fc9-f71a-4852-a275-bee59529358d
2026-03-29 22:58:33|qwen|web_search_no_think|4|QUESTION_SENT||948|9ce60fc9-f71a-4852-a275-bee59529358d
2026-03-29 22:58:47|qwen|web_search_no_think|0|JSON_VERIFIED||1137|90f3f0fb-8436-4e96-8e0b-250e4a02722c
2026-03-29 22:58:47|qwen|web_search_no_think|0|QUESTION|39|1137|90f3f0fb-8436-4e96-8e0b-250e4a02722c
2026-03-29 22:58:47|qwen|web_search_no_think|0|JSON_SAVED||1137|90f3f0fb-8436-4e96-8e0b-250e4a02722c
2026-03-29 22:58:47|qwen|web_search_no_think|0|QUESTION_ADVANCE||1138|915eb73f-ab52-4a95-aa4f-d6fde62a1e7c
2026-03-29 22:58:56|qwen|web_search_no_think|5|JSON_VERIFIED||894|6de6b127-8ff3-4946-83ea-bcc10c55305f
2026-03-29 22:58:56|qwen|web_search_no_think|5|QUESTION|47|894|6de6b127-8ff3-4946-83ea-bcc10c55305f
2026-03-29 22:58:56|qwen|web_search_no_think|5|JSON_SAVED||894|6de6b127-8ff3-4946-83ea-bcc10c55305f
2026-03-29 22:58:56|qwen|web_search_no_think|5|QUESTION_ADVANCE||895|40ab531d-119d-4b06-b30a-0d7e70ef09ab
2026-03-29 22:59:13|qwen|web_search_no_think|0|QUESTION_SENT||1138|915eb73f-ab52-4a95-aa4f-d6fde62a1e7c
2026-03-29 22:59:22|qwen|web_search_no_think|5|QUESTION_SENT||895|40ab531d-119d-4b06-b30a-0d7e70ef09ab
2026-03-29 23:00:09|qwen|web_search_no_think|4|JSON_VERIFIED||948|9ce60fc9-f71a-4852-a275-bee59529358d
2026-03-29 23:00:09|qwen|web_search_no_think|4|QUESTION|51|948|9ce60fc9-f71a-4852-a275-bee59529358d
2026-03-29 23:00:09|qwen|web_search_no_think|4|JSON_SAVED||948|9ce60fc9-f71a-4852-a275-bee59529358d
2026-03-29 23:00:09|qwen|web_search_no_think|4|QUESTION_ADVANCE||949|60b8f74c-9c3f-4f6a-be8a-000d0f1a7516
2026-03-29 23:00:29|qwen|web_search_no_think|0|JSON_VERIFIED||1138|915eb73f-ab52-4a95-aa4f-d6fde62a1e7c
2026-03-29 23:00:29|qwen|web_search_no_think|0|QUESTION|40|1138|915eb73f-ab52-4a95-aa4f-d6fde62a1e7c
2026-03-29 23:00:29|qwen|web_search_no_think|0|JSON_SAVED||1138|915eb73f-ab52-4a95-aa4f-d6fde62a1e7c
2026-03-29 23:00:29|qwen|web_search_no_think|0|QUESTION_ADVANCE||1139|8127975b-bd45-4a2e-ab0a-ce559a3dbab9
2026-03-29 23:00:36|qwen|web_search_no_think|4|QUESTION_SENT||949|60b8f74c-9c3f-4f6a-be8a-000d0f1a7516
2026-03-29 23:00:55|qwen|web_search_no_think|0|QUESTION_SENT||1139|8127975b-bd45-4a2e-ab0a-ce559a3dbab9
2026-03-29 23:01:26|qwen|web_search_no_think|5|JSON_VERIFIED||895|40ab531d-119d-4b06-b30a-0d7e70ef09ab
2026-03-29 23:01:26|qwen|web_search_no_think|5|QUESTION|48|895|40ab531d-119d-4b06-b30a-0d7e70ef09ab
2026-03-29 23:01:26|qwen|web_search_no_think|5|JSON_SAVED||895|40ab531d-119d-4b06-b30a-0d7e70ef09ab
2026-03-29 23:01:26|qwen|web_search_no_think|5|QUESTION_ADVANCE||896|2d1e0c1f-f514-488a-9848-09983dcba1fe
2026-03-29 23:01:47|qwen|web_search_no_think|4|JSON_VERIFIED||949|60b8f74c-9c3f-4f6a-be8a-000d0f1a7516
2026-03-29 23:01:47|qwen|web_search_no_think|4|QUESTION|52|949|60b8f74c-9c3f-4f6a-be8a-000d0f1a7516
2026-03-29 23:01:47|qwen|web_search_no_think|4|JSON_SAVED||949|60b8f74c-9c3f-4f6a-be8a-000d0f1a7516
2026-03-29 23:01:47|qwen|web_search_no_think|4|QUESTION_ADVANCE||950|284d49e2-0078-49c4-baa0-50a9d85be53d
2026-03-29 23:01:52|qwen|web_search_no_think|5|QUESTION_SENT||896|2d1e0c1f-f514-488a-9848-09983dcba1fe
2026-03-29 23:02:13|qwen|web_search_no_think|4|QUESTION_SENT||950|284d49e2-0078-49c4-baa0-50a9d85be53d
2026-03-29 23:03:03|qwen|web_search_no_think|0|JSON_VERIFIED||1139|8127975b-bd45-4a2e-ab0a-ce559a3dbab9
2026-03-29 23:03:03|qwen|web_search_no_think|0|QUESTION|41|1139|8127975b-bd45-4a2e-ab0a-ce559a3dbab9
2026-03-29 23:03:03|qwen|web_search_no_think|0|JSON_SAVED||1139|8127975b-bd45-4a2e-ab0a-ce559a3dbab9
2026-03-29 23:03:03|qwen|web_search_no_think|0|QUESTION_ADVANCE||1140|7085eed1-8c09-4fda-b285-fa0a17879b72
2026-03-29 23:03:29|qwen|web_search_no_think|0|QUESTION_SENT||1140|7085eed1-8c09-4fda-b285-fa0a17879b72
2026-03-29 23:04:07|qwen|web_search_no_think|4|JSON_VERIFIED||950|284d49e2-0078-49c4-baa0-50a9d85be53d
2026-03-29 23:04:07|qwen|web_search_no_think|4|QUESTION|53|950|284d49e2-0078-49c4-baa0-50a9d85be53d
2026-03-29 23:04:07|qwen|web_search_no_think|4|JSON_SAVED||950|284d49e2-0078-49c4-baa0-50a9d85be53d
2026-03-29 23:04:08|qwen|web_search_no_think|4|STOP||951|
2026-03-29 23:04:46|qwen|web_search_no_think|0|JSON_VERIFIED||1140|7085eed1-8c09-4fda-b285-fa0a17879b72
2026-03-29 23:04:46|qwen|web_search_no_think|0|QUESTION|42|1140|7085eed1-8c09-4fda-b285-fa0a17879b72
2026-03-29 23:04:46|qwen|web_search_no_think|0|JSON_SAVED||1140|7085eed1-8c09-4fda-b285-fa0a17879b72
2026-03-29 23:04:46|qwen|web_search_no_think|0|QUESTION_ADVANCE||1141|98e2fafd-8f09-46e7-b15b-86873bc418bb
2026-03-29 23:05:12|qwen|web_search_no_think|0|QUESTION_SENT||1141|98e2fafd-8f09-46e7-b15b-86873bc418bb
2026-03-29 23:06:40|qwen|web_search_no_think|0|JSON_VERIFIED||1141|98e2fafd-8f09-46e7-b15b-86873bc418bb
2026-03-29 23:06:40|qwen|web_search_no_think|0|QUESTION|43|1141|98e2fafd-8f09-46e7-b15b-86873bc418bb
2026-03-29 23:06:40|qwen|web_search_no_think|0|JSON_SAVED||1141|98e2fafd-8f09-46e7-b15b-86873bc418bb
2026-03-29 23:06:40|qwen|web_search_no_think|0|QUESTION_ADVANCE||1142|5db8079c-9bd4-4636-942c-b9f6cc477b3a
2026-03-29 23:07:06|qwen|web_search_no_think|0|QUESTION_SENT||1142|5db8079c-9bd4-4636-942c-b9f6cc477b3a
2026-03-29 23:08:54|qwen|web_search_no_think|5|QUESTION_SENT||896|2d1e0c1f-f514-488a-9848-09983dcba1fe
2026-03-29 23:09:21|qwen|web_search_no_think|0|JSON_VERIFIED||1142|5db8079c-9bd4-4636-942c-b9f6cc477b3a
2026-03-29 23:09:21|qwen|web_search_no_think|0|QUESTION|44|1142|5db8079c-9bd4-4636-942c-b9f6cc477b3a
2026-03-29 23:09:21|qwen|web_search_no_think|0|JSON_SAVED||1142|5db8079c-9bd4-4636-942c-b9f6cc477b3a
2026-03-29 23:09:21|qwen|web_search_no_think|0|QUESTION_ADVANCE||1143|6e58b96e-ad79-475e-ace4-4f3754875942
2026-03-29 23:09:48|qwen|web_search_no_think|0|QUESTION_SENT||1143|6e58b96e-ad79-475e-ace4-4f3754875942
2026-03-29 23:10:49|qwen|web_search_no_think|5|JSON_VERIFIED||896|2d1e0c1f-f514-488a-9848-09983dcba1fe
2026-03-29 23:10:49|qwen|web_search_no_think|5|QUESTION|49|896|2d1e0c1f-f514-488a-9848-09983dcba1fe
2026-03-29 23:10:49|qwen|web_search_no_think|5|JSON_SAVED||896|2d1e0c1f-f514-488a-9848-09983dcba1fe
2026-03-29 23:10:49|qwen|web_search_no_think|5|QUESTION_ADVANCE||897|bffc30ed-96b3-4e1d-bb75-1814110d1384
2026-03-29 23:11:13|qwen|web_search_no_think|0|JSON_VERIFIED||1143|6e58b96e-ad79-475e-ace4-4f3754875942
2026-03-29 23:11:13|qwen|web_search_no_think|0|QUESTION|45|1143|6e58b96e-ad79-475e-ace4-4f3754875942
2026-03-29 23:11:13|qwen|web_search_no_think|0|JSON_SAVED||1143|6e58b96e-ad79-475e-ace4-4f3754875942
2026-03-29 23:11:13|qwen|web_search_no_think|0|QUESTION_ADVANCE||1144|17dc7156-1cb6-45ae-a5a8-372b8f4f4594
2026-03-29 23:11:15|qwen|web_search_no_think|5|QUESTION_SENT||897|bffc30ed-96b3-4e1d-bb75-1814110d1384
2026-03-29 23:11:39|qwen|web_search_no_think|0|QUESTION_SENT||1144|17dc7156-1cb6-45ae-a5a8-372b8f4f4594
2026-03-29 23:12:38|qwen|web_search_no_think|5|JSON_VERIFIED||897|bffc30ed-96b3-4e1d-bb75-1814110d1384
2026-03-29 23:12:38|qwen|web_search_no_think|5|QUESTION|50|897|bffc30ed-96b3-4e1d-bb75-1814110d1384
2026-03-29 23:12:38|qwen|web_search_no_think|5|JSON_SAVED||897|bffc30ed-96b3-4e1d-bb75-1814110d1384
2026-03-29 23:12:38|qwen|web_search_no_think|5|QUESTION_ADVANCE||898|9441d4f9-de20-42a5-8e5e-4ad87c2852c7
2026-03-29 23:13:04|qwen|web_search_no_think|5|QUESTION_SENT||898|9441d4f9-de20-42a5-8e5e-4ad87c2852c7
2026-03-29 23:13:06|qwen|web_search_no_think|0|JSON_VERIFIED||1144|17dc7156-1cb6-45ae-a5a8-372b8f4f4594
2026-03-29 23:13:06|qwen|web_search_no_think|0|QUESTION|46|1144|17dc7156-1cb6-45ae-a5a8-372b8f4f4594
2026-03-29 23:13:06|qwen|web_search_no_think|0|JSON_SAVED||1144|17dc7156-1cb6-45ae-a5a8-372b8f4f4594
2026-03-29 23:13:06|qwen|web_search_no_think|0|QUESTION_ADVANCE||1145|2d3b44aa-26bb-43f9-85a6-5f0da7af68dc
2026-03-29 23:13:32|qwen|web_search_no_think|0|QUESTION_SENT||1145|2d3b44aa-26bb-43f9-85a6-5f0da7af68dc
2026-03-29 23:14:11|qwen|web_search_no_think|5|JSON_VERIFY_FAILED||898|9441d4f9-de20-42a5-8e5e-4ad87c2852c7
2026-03-29 23:14:11|qwen|web_search_no_think|5|QUESTION|51|898|9441d4f9-de20-42a5-8e5e-4ad87c2852c7
2026-03-29 23:14:37|qwen|web_search_no_think|5|QUESTION_SENT||898|9441d4f9-de20-42a5-8e5e-4ad87c2852c7
2026-03-29 23:14:47|qwen|web_search_no_think|0|JSON_VERIFIED||1145|2d3b44aa-26bb-43f9-85a6-5f0da7af68dc
2026-03-29 23:14:47|qwen|web_search_no_think|0|QUESTION|47|1145|2d3b44aa-26bb-43f9-85a6-5f0da7af68dc
2026-03-29 23:14:47|qwen|web_search_no_think|0|JSON_SAVED||1145|2d3b44aa-26bb-43f9-85a6-5f0da7af68dc
2026-03-29 23:14:47|qwen|web_search_no_think|0|QUESTION_ADVANCE||1146|077f7aeb-70af-4348-85f2-7fff035b8f8b
2026-03-29 23:15:14|qwen|web_search_no_think|0|QUESTION_SENT||1146|077f7aeb-70af-4348-85f2-7fff035b8f8b
2026-03-29 23:16:35|qwen|web_search_no_think|5|JSON_VERIFIED||898|9441d4f9-de20-42a5-8e5e-4ad87c2852c7
2026-03-29 23:16:35|qwen|web_search_no_think|5|QUESTION|52|898|9441d4f9-de20-42a5-8e5e-4ad87c2852c7
2026-03-29 23:16:35|qwen|web_search_no_think|5|JSON_SAVED||898|9441d4f9-de20-42a5-8e5e-4ad87c2852c7
2026-03-29 23:16:35|qwen|web_search_no_think|5|QUESTION_ADVANCE||899|4d034cc8-e95e-41c0-b36e-7151f06582d5
2026-03-29 23:16:49|qwen|web_search_no_think|0|JSON_VERIFIED||1146|077f7aeb-70af-4348-85f2-7fff035b8f8b
2026-03-29 23:16:49|qwen|web_search_no_think|0|QUESTION|48|1146|077f7aeb-70af-4348-85f2-7fff035b8f8b
2026-03-29 23:16:49|qwen|web_search_no_think|0|JSON_SAVED||1146|077f7aeb-70af-4348-85f2-7fff035b8f8b
2026-03-29 23:16:49|qwen|web_search_no_think|0|QUESTION_ADVANCE||1147|f4bd0b97-19b0-412e-b8f7-73feafc45c3e
2026-03-29 23:17:01|qwen|web_search_no_think|5|QUESTION_SENT||899|4d034cc8-e95e-41c0-b36e-7151f06582d5
2026-03-29 23:17:15|qwen|web_search_no_think|0|QUESTION_SENT||1147|f4bd0b97-19b0-412e-b8f7-73feafc45c3e
2026-03-29 23:18:50|qwen|web_search_no_think|0|JSON_VERIFIED||1147|f4bd0b97-19b0-412e-b8f7-73feafc45c3e
2026-03-29 23:18:50|qwen|web_search_no_think|0|QUESTION|49|1147|f4bd0b97-19b0-412e-b8f7-73feafc45c3e
2026-03-29 23:18:50|qwen|web_search_no_think|0|JSON_SAVED||1147|f4bd0b97-19b0-412e-b8f7-73feafc45c3e
2026-03-29 23:18:50|qwen|web_search_no_think|0|QUESTION_ADVANCE||1148|df56c6a3-39ba-4c06-83ba-c98b84e997e7
2026-03-29 23:18:55|qwen|web_search_no_think|5|JSON_VERIFIED||899|4d034cc8-e95e-41c0-b36e-7151f06582d5
2026-03-29 23:18:55|qwen|web_search_no_think|5|QUESTION|53|899|4d034cc8-e95e-41c0-b36e-7151f06582d5
2026-03-29 23:18:55|qwen|web_search_no_think|5|JSON_SAVED||899|4d034cc8-e95e-41c0-b36e-7151f06582d5
2026-03-29 23:18:55|qwen|web_search_no_think|5|QUESTION_ADVANCE||900|f0789d3e-50fb-485f-ba38-3dd74eeae727
2026-03-29 23:19:17|qwen|web_search_no_think|0|QUESTION_SENT||1148|df56c6a3-39ba-4c06-83ba-c98b84e997e7
2026-03-29 23:19:21|qwen|web_search_no_think|5|QUESTION_SENT||900|f0789d3e-50fb-485f-ba38-3dd74eeae727
2026-03-29 23:20:59|qwen|web_search_no_think|0|JSON_VERIFIED||1148|df56c6a3-39ba-4c06-83ba-c98b84e997e7
2026-03-29 23:20:59|qwen|web_search_no_think|0|QUESTION|50|1148|df56c6a3-39ba-4c06-83ba-c98b84e997e7
2026-03-29 23:20:59|qwen|web_search_no_think|0|JSON_SAVED||1148|df56c6a3-39ba-4c06-83ba-c98b84e997e7
2026-03-29 23:20:59|qwen|web_search_no_think|0|QUESTION_ADVANCE||1149|e71ce0f8-6383-4f02-b071-c705482030ce
2026-03-29 23:21:15|qwen|web_search_no_think|5|JSON_VERIFIED||900|f0789d3e-50fb-485f-ba38-3dd74eeae727
2026-03-29 23:21:15|qwen|web_search_no_think|5|QUESTION|54|900|f0789d3e-50fb-485f-ba38-3dd74eeae727
2026-03-29 23:21:15|qwen|web_search_no_think|5|JSON_SAVED||900|f0789d3e-50fb-485f-ba38-3dd74eeae727
2026-03-29 23:21:16|qwen|web_search_no_think|5|STOP||901|
2026-03-29 23:21:25|qwen|web_search_no_think|0|QUESTION_SENT||1149|e71ce0f8-6383-4f02-b071-c705482030ce
2026-03-29 23:22:05|qwen|web_search_no_think|0|JSON_VERIFY_FAILED||1149|e71ce0f8-6383-4f02-b071-c705482030ce
2026-03-29 23:22:05|qwen|web_search_no_think|0|QUESTION|51|1149|e71ce0f8-6383-4f02-b071-c705482030ce
2026-03-29 23:22:31|qwen|web_search_no_think|0|QUESTION_SENT||1149|e71ce0f8-6383-4f02-b071-c705482030ce
2026-03-29 23:24:23|qwen|web_search_no_think|0|JSON_VERIFIED||1149|e71ce0f8-6383-4f02-b071-c705482030ce
2026-03-29 23:24:23|qwen|web_search_no_think|0|QUESTION|52|1149|e71ce0f8-6383-4f02-b071-c705482030ce
2026-03-29 23:24:23|qwen|web_search_no_think|0|JSON_SAVED||1149|e71ce0f8-6383-4f02-b071-c705482030ce
2026-03-29 23:24:23|qwen|web_search_no_think|0|QUESTION_ADVANCE||1150|0b000a31-3f1e-4b7d-ab9d-cd332976b548
2026-03-29 23:24:50|qwen|web_search_no_think|0|QUESTION_SENT||1150|0b000a31-3f1e-4b7d-ab9d-cd332976b548
2026-03-29 23:25:59|qwen|web_search_no_think|0|JSON_VERIFIED||1150|0b000a31-3f1e-4b7d-ab9d-cd332976b548
2026-03-29 23:25:59|qwen|web_search_no_think|0|QUESTION|53|1150|0b000a31-3f1e-4b7d-ab9d-cd332976b548
2026-03-29 23:25:59|qwen|web_search_no_think|0|JSON_SAVED||1150|0b000a31-3f1e-4b7d-ab9d-cd332976b548
2026-03-29 23:26:00|qwen|web_search_no_think|0|STOP||1151|
