timestamp|site|scenario|bot_id|event_type|attempt_number|global_index|question_uid
2026-04-01 10:50:11|qwen|web_search_no_think|0|RESTART||1451|adfa1192-668b-4634-9aaf-cb33e42e897b
2026-04-01 10:50:15|qwen|web_search_no_think|1|RESTART||1501|0ff69455-4e5a-41c2-9980-772dcbb15d05
2026-04-01 10:50:21|qwen|web_search_no_think|2|RESTART||1551|2041fdf5-4278-4c2f-b48a-d07d42af7cda
2026-04-01 10:50:25|qwen|web_search_no_think|3|RESTART||1601|298856ff-0d18-49e1-8814-a09ed07b9440
2026-04-01 10:50:29|qwen|web_search_no_think|4|RESTART||1651|62082215-81d9-4723-bfef-db4089317134
2026-04-01 10:50:30|qwen|web_search_no_think|0|QUESTION_SENT||1451|adfa1192-668b-4634-9aaf-cb33e42e897b
2026-04-01 10:50:32|qwen|web_search_no_think|5|RESTART||1701|0ed0dd81-e2a5-4a79-bd44-54e6c36b3e40
2026-04-01 10:50:34|qwen|web_search_no_think|1|QUESTION_SENT||1501|0ff69455-4e5a-41c2-9980-772dcbb15d05
2026-04-01 10:50:40|qwen|web_search_no_think|2|QUESTION_SENT||1551|2041fdf5-4278-4c2f-b48a-d07d42af7cda
2026-04-01 10:50:45|qwen|web_search_no_think|3|QUESTION_SENT||1601|298856ff-0d18-49e1-8814-a09ed07b9440
2026-04-01 10:50:54|qwen|web_search_no_think|5|QUESTION_SENT||1701|0ed0dd81-e2a5-4a79-bd44-54e6c36b3e40
2026-04-01 10:51:41|qwen|web_search_no_think|0|JSON_VERIFIED||1451|adfa1192-668b-4634-9aaf-cb33e42e897b
2026-04-01 10:51:41|qwen|web_search_no_think|0|QUESTION|1|1451|adfa1192-668b-4634-9aaf-cb33e42e897b
2026-04-01 10:51:41|qwen|web_search_no_think|0|JSON_SAVED||1451|adfa1192-668b-4634-9aaf-cb33e42e897b
2026-04-01 10:51:41|qwen|web_search_no_think|0|QUESTION_ADVANCE||1452|633b8d06-c3e7-4cc6-b755-634fe15b44be
2026-04-01 10:51:59|qwen|web_search_no_think|5|JSON_VERIFIED||1701|0ed0dd81-e2a5-4a79-bd44-54e6c36b3e40
2026-04-01 10:51:59|qwen|web_search_no_think|5|QUESTION|1|1701|0ed0dd81-e2a5-4a79-bd44-54e6c36b3e40
2026-04-01 10:51:59|qwen|web_search_no_think|5|JSON_SAVED||1701|0ed0dd81-e2a5-4a79-bd44-54e6c36b3e40
2026-04-01 10:51:59|qwen|web_search_no_think|5|QUESTION_ADVANCE||1702|d4fcab70-be34-4412-b8af-d8c31aa5cb7f
2026-04-01 10:52:03|qwen|web_search_no_think|1|JSON_VERIFIED||1501|0ff69455-4e5a-41c2-9980-772dcbb15d05
2026-04-01 10:52:03|qwen|web_search_no_think|1|QUESTION|1|1501|0ff69455-4e5a-41c2-9980-772dcbb15d05
2026-04-01 10:52:03|qwen|web_search_no_think|1|JSON_SAVED||1501|0ff69455-4e5a-41c2-9980-772dcbb15d05
2026-04-01 10:52:03|qwen|web_search_no_think|1|QUESTION_ADVANCE||1502|5a550365-a11f-485a-a197-e963dac3434d
2026-04-01 10:52:07|qwen|web_search_no_think|0|QUESTION_SENT||1452|633b8d06-c3e7-4cc6-b755-634fe15b44be
2026-04-01 10:52:12|qwen|web_search_no_think|2|JSON_VERIFIED||1551|2041fdf5-4278-4c2f-b48a-d07d42af7cda
2026-04-01 10:52:12|qwen|web_search_no_think|2|QUESTION|1|1551|2041fdf5-4278-4c2f-b48a-d07d42af7cda
2026-04-01 10:52:12|qwen|web_search_no_think|2|JSON_SAVED||1551|2041fdf5-4278-4c2f-b48a-d07d42af7cda
2026-04-01 10:52:12|qwen|web_search_no_think|2|QUESTION_ADVANCE||1552|14f18aa4-28e2-4c03-a9ad-1b8e46307618
2026-04-01 10:52:25|qwen|web_search_no_think|5|QUESTION_SENT||1702|d4fcab70-be34-4412-b8af-d8c31aa5cb7f
2026-04-01 10:52:28|qwen|web_search_no_think|3|JSON_VERIFY_FAILED||1601|298856ff-0d18-49e1-8814-a09ed07b9440
2026-04-01 10:52:28|qwen|web_search_no_think|3|QUESTION|1|1601|298856ff-0d18-49e1-8814-a09ed07b9440
2026-04-01 10:52:29|qwen|web_search_no_think|1|QUESTION_SENT||1502|5a550365-a11f-485a-a197-e963dac3434d
2026-04-01 10:52:38|qwen|web_search_no_think|2|QUESTION_SENT||1552|14f18aa4-28e2-4c03-a9ad-1b8e46307618
2026-04-01 10:52:52|qwen|web_search_no_think|4|QUESTION_SENT||1651|62082215-81d9-4723-bfef-db4089317134
2026-04-01 10:52:54|qwen|web_search_no_think|3|QUESTION_SENT||1601|298856ff-0d18-49e1-8814-a09ed07b9440
2026-04-01 10:53:55|qwen|web_search_no_think|0|JSON_VERIFIED||1452|633b8d06-c3e7-4cc6-b755-634fe15b44be
2026-04-01 10:53:55|qwen|web_search_no_think|0|QUESTION|2|1452|633b8d06-c3e7-4cc6-b755-634fe15b44be
2026-04-01 10:53:55|qwen|web_search_no_think|0|JSON_SAVED||1452|633b8d06-c3e7-4cc6-b755-634fe15b44be
2026-04-01 10:53:55|qwen|web_search_no_think|0|QUESTION_ADVANCE||1453|3d2f1511-ebb3-49d7-bafb-b7b246958b68
2026-04-01 10:53:55|qwen|web_search_no_think|2|JSON_VERIFIED||1552|14f18aa4-28e2-4c03-a9ad-1b8e46307618
2026-04-01 10:53:55|qwen|web_search_no_think|2|QUESTION|2|1552|14f18aa4-28e2-4c03-a9ad-1b8e46307618
2026-04-01 10:53:55|qwen|web_search_no_think|2|JSON_SAVED||1552|14f18aa4-28e2-4c03-a9ad-1b8e46307618
2026-04-01 10:53:55|qwen|web_search_no_think|2|QUESTION_ADVANCE||1553|5a9e649a-82e2-4d5a-adfc-e152d8a510c3
2026-04-01 10:53:56|qwen|web_search_no_think|1|JSON_VERIFIED||1502|5a550365-a11f-485a-a197-e963dac3434d
2026-04-01 10:53:56|qwen|web_search_no_think|1|QUESTION|2|1502|5a550365-a11f-485a-a197-e963dac3434d
2026-04-01 10:53:56|qwen|web_search_no_think|1|JSON_SAVED||1502|5a550365-a11f-485a-a197-e963dac3434d
2026-04-01 10:53:56|qwen|web_search_no_think|1|QUESTION_ADVANCE||1503|fe7847c5-d5ad-4afe-bb8b-d57c62160320
2026-04-01 10:54:08|qwen|web_search_no_think|3|JSON_VERIFIED||1601|298856ff-0d18-49e1-8814-a09ed07b9440
2026-04-01 10:54:08|qwen|web_search_no_think|3|QUESTION|2|1601|298856ff-0d18-49e1-8814-a09ed07b9440
2026-04-01 10:54:08|qwen|web_search_no_think|3|JSON_SAVED||1601|298856ff-0d18-49e1-8814-a09ed07b9440
2026-04-01 10:54:08|qwen|web_search_no_think|3|QUESTION_ADVANCE||1602|ad89a217-e4d2-4887-81ad-5c4066318ed8
2026-04-01 10:54:16|qwen|web_search_no_think|5|JSON_VERIFIED||1702|d4fcab70-be34-4412-b8af-d8c31aa5cb7f
2026-04-01 10:54:16|qwen|web_search_no_think|5|QUESTION|2|1702|d4fcab70-be34-4412-b8af-d8c31aa5cb7f
2026-04-01 10:54:16|qwen|web_search_no_think|5|JSON_SAVED||1702|d4fcab70-be34-4412-b8af-d8c31aa5cb7f
2026-04-01 10:54:16|qwen|web_search_no_think|5|QUESTION_ADVANCE||1703|d1594222-8bd4-42eb-b35c-31aa44407777
2026-04-01 10:54:21|qwen|web_search_no_think|0|QUESTION_SENT||1453|3d2f1511-ebb3-49d7-bafb-b7b246958b68
2026-04-01 10:54:21|qwen|web_search_no_think|2|QUESTION_SENT||1553|5a9e649a-82e2-4d5a-adfc-e152d8a510c3
2026-04-01 10:54:22|qwen|web_search_no_think|1|QUESTION_SENT||1503|fe7847c5-d5ad-4afe-bb8b-d57c62160320
2026-04-01 10:54:34|qwen|web_search_no_think|3|QUESTION_SENT||1602|ad89a217-e4d2-4887-81ad-5c4066318ed8
2026-04-01 10:54:42|qwen|web_search_no_think|5|QUESTION_SENT||1703|d1594222-8bd4-42eb-b35c-31aa44407777
2026-04-01 10:55:31|qwen|web_search_no_think|4|JSON_VERIFIED||1651|62082215-81d9-4723-bfef-db4089317134
2026-04-01 10:55:31|qwen|web_search_no_think|4|QUESTION|1|1651|62082215-81d9-4723-bfef-db4089317134
2026-04-01 10:55:31|qwen|web_search_no_think|4|JSON_SAVED||1651|62082215-81d9-4723-bfef-db4089317134
2026-04-01 10:55:31|qwen|web_search_no_think|4|QUESTION_ADVANCE||1652|6b3fa5ff-e695-440e-b6d4-38565f2bfd86
2026-04-01 10:55:32|qwen|web_search_no_think|2|JSON_VERIFIED||1553|5a9e649a-82e2-4d5a-adfc-e152d8a510c3
2026-04-01 10:55:32|qwen|web_search_no_think|2|QUESTION|3|1553|5a9e649a-82e2-4d5a-adfc-e152d8a510c3
2026-04-01 10:55:32|qwen|web_search_no_think|2|JSON_SAVED||1553|5a9e649a-82e2-4d5a-adfc-e152d8a510c3
2026-04-01 10:55:32|qwen|web_search_no_think|2|QUESTION_ADVANCE||1554|90ac5481-8b34-4e05-90a5-c4038d11bdee
2026-04-01 10:55:44|qwen|web_search_no_think|0|JSON_VERIFIED||1453|3d2f1511-ebb3-49d7-bafb-b7b246958b68
2026-04-01 10:55:44|qwen|web_search_no_think|0|QUESTION|3|1453|3d2f1511-ebb3-49d7-bafb-b7b246958b68
2026-04-01 10:55:44|qwen|web_search_no_think|0|JSON_SAVED||1453|3d2f1511-ebb3-49d7-bafb-b7b246958b68
2026-04-01 10:55:44|qwen|web_search_no_think|0|QUESTION_ADVANCE||1454|cecaa441-7c46-435e-aafd-ee344707e665
2026-04-01 10:55:57|qwen|web_search_no_think|4|QUESTION_SENT||1652|6b3fa5ff-e695-440e-b6d4-38565f2bfd86
2026-04-01 10:55:59|qwen|web_search_no_think|2|QUESTION_SENT||1554|90ac5481-8b34-4e05-90a5-c4038d11bdee
2026-04-01 10:55:59|qwen|web_search_no_think|1|JSON_VERIFIED||1503|fe7847c5-d5ad-4afe-bb8b-d57c62160320
2026-04-01 10:55:59|qwen|web_search_no_think|1|QUESTION|3|1503|fe7847c5-d5ad-4afe-bb8b-d57c62160320
2026-04-01 10:55:59|qwen|web_search_no_think|1|JSON_SAVED||1503|fe7847c5-d5ad-4afe-bb8b-d57c62160320
2026-04-01 10:55:59|qwen|web_search_no_think|1|QUESTION_ADVANCE||1504|48687e50-91ae-4e8a-ad56-a0678e77cfc4
2026-04-01 10:56:05|qwen|web_search_no_think|5|JSON_VERIFIED||1703|d1594222-8bd4-42eb-b35c-31aa44407777
2026-04-01 10:56:05|qwen|web_search_no_think|5|QUESTION|3|1703|d1594222-8bd4-42eb-b35c-31aa44407777
2026-04-01 10:56:05|qwen|web_search_no_think|5|JSON_SAVED||1703|d1594222-8bd4-42eb-b35c-31aa44407777
2026-04-01 10:56:05|qwen|web_search_no_think|5|QUESTION_ADVANCE||1704|3e261551-3dd1-4974-a3ea-087c8b0bca43
2026-04-01 10:56:10|qwen|web_search_no_think|0|QUESTION_SENT||1454|cecaa441-7c46-435e-aafd-ee344707e665
2026-04-01 10:56:25|qwen|web_search_no_think|1|QUESTION_SENT||1504|48687e50-91ae-4e8a-ad56-a0678e77cfc4
2026-04-01 10:56:31|qwen|web_search_no_think|5|QUESTION_SENT||1704|3e261551-3dd1-4974-a3ea-087c8b0bca43
2026-04-01 10:57:03|qwen|web_search_no_think|4|JSON_VERIFIED||1652|6b3fa5ff-e695-440e-b6d4-38565f2bfd86
2026-04-01 10:57:03|qwen|web_search_no_think|4|QUESTION|2|1652|6b3fa5ff-e695-440e-b6d4-38565f2bfd86
2026-04-01 10:57:03|qwen|web_search_no_think|4|JSON_SAVED||1652|6b3fa5ff-e695-440e-b6d4-38565f2bfd86
2026-04-01 10:57:03|qwen|web_search_no_think|4|QUESTION_ADVANCE||1653|d626bfc0-e249-4748-aa1a-ccb8dd69dfb5
2026-04-01 10:57:11|qwen|web_search_no_think|2|JSON_VERIFIED||1554|90ac5481-8b34-4e05-90a5-c4038d11bdee
2026-04-01 10:57:11|qwen|web_search_no_think|2|QUESTION|4|1554|90ac5481-8b34-4e05-90a5-c4038d11bdee
2026-04-01 10:57:11|qwen|web_search_no_think|2|JSON_SAVED||1554|90ac5481-8b34-4e05-90a5-c4038d11bdee
2026-04-01 10:57:11|qwen|web_search_no_think|2|QUESTION_ADVANCE||1555|8afac941-35a8-4818-9cc4-b82eb85ae9c6
2026-04-01 10:57:14|qwen|web_search_no_think|0|JSON_VERIFIED||1454|cecaa441-7c46-435e-aafd-ee344707e665
2026-04-01 10:57:14|qwen|web_search_no_think|0|QUESTION|4|1454|cecaa441-7c46-435e-aafd-ee344707e665
2026-04-01 10:57:14|qwen|web_search_no_think|0|JSON_SAVED||1454|cecaa441-7c46-435e-aafd-ee344707e665
2026-04-01 10:57:14|qwen|web_search_no_think|0|QUESTION_ADVANCE||1455|0fa00f7d-1adf-41cf-91c4-bd7a2f51046f
2026-04-01 10:57:29|qwen|web_search_no_think|4|QUESTION_SENT||1653|d626bfc0-e249-4748-aa1a-ccb8dd69dfb5
2026-04-01 10:57:37|qwen|web_search_no_think|2|QUESTION_SENT||1555|8afac941-35a8-4818-9cc4-b82eb85ae9c6
2026-04-01 10:57:40|qwen|web_search_no_think|0|QUESTION_SENT||1455|0fa00f7d-1adf-41cf-91c4-bd7a2f51046f
2026-04-01 10:57:52|qwen|web_search_no_think|5|JSON_VERIFIED||1704|3e261551-3dd1-4974-a3ea-087c8b0bca43
2026-04-01 10:57:52|qwen|web_search_no_think|5|QUESTION|4|1704|3e261551-3dd1-4974-a3ea-087c8b0bca43
2026-04-01 10:57:52|qwen|web_search_no_think|5|JSON_SAVED||1704|3e261551-3dd1-4974-a3ea-087c8b0bca43
2026-04-01 10:57:52|qwen|web_search_no_think|5|QUESTION_ADVANCE||1705|436196d2-78ef-4633-9356-76068d02a4c5
2026-04-01 10:58:01|qwen|web_search_no_think|1|JSON_VERIFIED||1504|48687e50-91ae-4e8a-ad56-a0678e77cfc4
2026-04-01 10:58:01|qwen|web_search_no_think|1|QUESTION|4|1504|48687e50-91ae-4e8a-ad56-a0678e77cfc4
2026-04-01 10:58:01|qwen|web_search_no_think|1|JSON_SAVED||1504|48687e50-91ae-4e8a-ad56-a0678e77cfc4
2026-04-01 10:58:01|qwen|web_search_no_think|1|QUESTION_ADVANCE||1505|45f4de9c-2818-43a6-886d-b5f91c11d621
2026-04-01 10:58:18|qwen|web_search_no_think|5|QUESTION_SENT||1705|436196d2-78ef-4633-9356-76068d02a4c5
2026-04-01 10:58:27|qwen|web_search_no_think|1|QUESTION_SENT||1505|45f4de9c-2818-43a6-886d-b5f91c11d621
2026-04-01 10:58:48|qwen|web_search_no_think|2|JSON_VERIFIED||1555|8afac941-35a8-4818-9cc4-b82eb85ae9c6
2026-04-01 10:58:48|qwen|web_search_no_think|2|QUESTION|5|1555|8afac941-35a8-4818-9cc4-b82eb85ae9c6
2026-04-01 10:58:48|qwen|web_search_no_think|2|JSON_SAVED||1555|8afac941-35a8-4818-9cc4-b82eb85ae9c6
2026-04-01 10:58:48|qwen|web_search_no_think|2|QUESTION_ADVANCE||1556|e21bcd1c-cf8b-462d-8fc2-7f6a8cd06bac
2026-04-01 10:59:11|qwen|web_search_no_think|0|JSON_VERIFIED||1455|0fa00f7d-1adf-41cf-91c4-bd7a2f51046f
2026-04-01 10:59:11|qwen|web_search_no_think|0|QUESTION|5|1455|0fa00f7d-1adf-41cf-91c4-bd7a2f51046f
2026-04-01 10:59:11|qwen|web_search_no_think|0|JSON_SAVED||1455|0fa00f7d-1adf-41cf-91c4-bd7a2f51046f
2026-04-01 10:59:11|qwen|web_search_no_think|0|QUESTION_ADVANCE||1456|275eb937-0699-4e1a-afb1-a16eef0c2d1c
2026-04-01 10:59:15|qwen|web_search_no_think|2|QUESTION_SENT||1556|e21bcd1c-cf8b-462d-8fc2-7f6a8cd06bac
2026-04-01 10:59:15|qwen|web_search_no_think|4|JSON_VERIFY_FAILED||1653|d626bfc0-e249-4748-aa1a-ccb8dd69dfb5
2026-04-01 10:59:15|qwen|web_search_no_think|4|QUESTION|3|1653|d626bfc0-e249-4748-aa1a-ccb8dd69dfb5
2026-04-01 10:59:21|qwen|web_search_no_think|5|JSON_VERIFIED||1705|436196d2-78ef-4633-9356-76068d02a4c5
2026-04-01 10:59:21|qwen|web_search_no_think|5|QUESTION|5|1705|436196d2-78ef-4633-9356-76068d02a4c5
2026-04-01 10:59:21|qwen|web_search_no_think|5|JSON_SAVED||1705|436196d2-78ef-4633-9356-76068d02a4c5
2026-04-01 10:59:21|qwen|web_search_no_think|5|QUESTION_ADVANCE||1706|80bd3c42-001f-4cec-b7b3-7033e6ce81d2
2026-04-01 10:59:21|qwen|web_search_no_think|4|QUESTION_SENT||1653|d626bfc0-e249-4748-aa1a-ccb8dd69dfb5
2026-04-01 10:59:25|qwen|web_search_no_think|3|QUESTION_SENT||1602|ad89a217-e4d2-4887-81ad-5c4066318ed8
2026-04-01 10:59:37|qwen|web_search_no_think|1|JSON_VERIFIED||1505|45f4de9c-2818-43a6-886d-b5f91c11d621
2026-04-01 10:59:37|qwen|web_search_no_think|1|QUESTION|5|1505|45f4de9c-2818-43a6-886d-b5f91c11d621
2026-04-01 10:59:37|qwen|web_search_no_think|1|JSON_SAVED||1505|45f4de9c-2818-43a6-886d-b5f91c11d621
2026-04-01 10:59:37|qwen|web_search_no_think|1|QUESTION_ADVANCE||1506|142621d1-4760-4769-84c7-93b8fa03dde1
2026-04-01 10:59:37|qwen|web_search_no_think|0|QUESTION_SENT||1456|275eb937-0699-4e1a-afb1-a16eef0c2d1c
2026-04-01 10:59:47|qwen|web_search_no_think|5|QUESTION_SENT||1706|80bd3c42-001f-4cec-b7b3-7033e6ce81d2
2026-04-01 11:00:03|qwen|web_search_no_think|1|QUESTION_SENT||1506|142621d1-4760-4769-84c7-93b8fa03dde1
2026-04-01 11:00:35|qwen|web_search_no_think|3|JSON_VERIFIED||1602|ad89a217-e4d2-4887-81ad-5c4066318ed8
2026-04-01 11:00:35|qwen|web_search_no_think|3|QUESTION|3|1602|ad89a217-e4d2-4887-81ad-5c4066318ed8
2026-04-01 11:00:35|qwen|web_search_no_think|3|JSON_SAVED||1602|ad89a217-e4d2-4887-81ad-5c4066318ed8
2026-04-01 11:00:35|qwen|web_search_no_think|3|QUESTION_ADVANCE||1603|f337d363-67f8-4b64-bbbc-c1cf5b564a8b
2026-04-01 11:00:48|qwen|web_search_no_think|0|JSON_VERIFIED||1456|275eb937-0699-4e1a-afb1-a16eef0c2d1c
2026-04-01 11:00:48|qwen|web_search_no_think|0|QUESTION|6|1456|275eb937-0699-4e1a-afb1-a16eef0c2d1c
2026-04-01 11:00:48|qwen|web_search_no_think|0|JSON_SAVED||1456|275eb937-0699-4e1a-afb1-a16eef0c2d1c
2026-04-01 11:00:48|qwen|web_search_no_think|0|QUESTION_ADVANCE||1457|ed3d8695-06cc-41ae-a178-5fb5d88dc32a
2026-04-01 11:01:01|qwen|web_search_no_think|3|QUESTION_SENT||1603|f337d363-67f8-4b64-bbbc-c1cf5b564a8b
2026-04-01 11:01:07|qwen|web_search_no_think|1|JSON_VERIFIED||1506|142621d1-4760-4769-84c7-93b8fa03dde1
2026-04-01 11:01:07|qwen|web_search_no_think|1|QUESTION|6|1506|142621d1-4760-4769-84c7-93b8fa03dde1
2026-04-01 11:01:07|qwen|web_search_no_think|1|JSON_SAVED||1506|142621d1-4760-4769-84c7-93b8fa03dde1
2026-04-01 11:01:07|qwen|web_search_no_think|1|QUESTION_ADVANCE||1507|1eb65e46-7e9c-4659-bd44-887783955f13
2026-04-01 11:01:15|qwen|web_search_no_think|0|QUESTION_SENT||1457|ed3d8695-06cc-41ae-a178-5fb5d88dc32a
2026-04-01 11:01:21|qwen|web_search_no_think|4|QUESTION_SENT||1653|d626bfc0-e249-4748-aa1a-ccb8dd69dfb5
2026-04-01 11:01:33|qwen|web_search_no_think|1|QUESTION_SENT||1507|1eb65e46-7e9c-4659-bd44-887783955f13
2026-04-01 11:01:51|qwen|web_search_no_think|2|JSON_VERIFIED||1556|e21bcd1c-cf8b-462d-8fc2-7f6a8cd06bac
2026-04-01 11:01:51|qwen|web_search_no_think|2|QUESTION|6|1556|e21bcd1c-cf8b-462d-8fc2-7f6a8cd06bac
2026-04-01 11:01:51|qwen|web_search_no_think|2|JSON_SAVED||1556|e21bcd1c-cf8b-462d-8fc2-7f6a8cd06bac
2026-04-01 11:01:51|qwen|web_search_no_think|2|QUESTION_ADVANCE||1557|eb74c500-307d-439f-967a-cb0a79e54a4d
2026-04-01 11:02:04|qwen|web_search_no_think|3|JSON_VERIFIED||1603|f337d363-67f8-4b64-bbbc-c1cf5b564a8b
2026-04-01 11:02:04|qwen|web_search_no_think|3|QUESTION|4|1603|f337d363-67f8-4b64-bbbc-c1cf5b564a8b
2026-04-01 11:02:04|qwen|web_search_no_think|3|JSON_SAVED||1603|f337d363-67f8-4b64-bbbc-c1cf5b564a8b
2026-04-01 11:02:04|qwen|web_search_no_think|3|QUESTION_ADVANCE||1604|c4796f12-af15-4bc2-90cc-d7adc264c78f
2026-04-01 11:02:10|qwen|web_search_no_think|5|QUESTION_SENT||1706|80bd3c42-001f-4cec-b7b3-7033e6ce81d2
2026-04-01 11:02:17|qwen|web_search_no_think|2|QUESTION_SENT||1557|eb74c500-307d-439f-967a-cb0a79e54a4d
2026-04-01 11:02:30|qwen|web_search_no_think|3|QUESTION_SENT||1604|c4796f12-af15-4bc2-90cc-d7adc264c78f
2026-04-01 11:02:43|qwen|web_search_no_think|0|JSON_VERIFIED||1457|ed3d8695-06cc-41ae-a178-5fb5d88dc32a
2026-04-01 11:02:43|qwen|web_search_no_think|0|QUESTION|7|1457|ed3d8695-06cc-41ae-a178-5fb5d88dc32a
2026-04-01 11:02:43|qwen|web_search_no_think|0|JSON_SAVED||1457|ed3d8695-06cc-41ae-a178-5fb5d88dc32a
2026-04-01 11:02:43|qwen|web_search_no_think|0|QUESTION_ADVANCE||1458|81e2859c-088f-4169-8b5c-4b0d6f64b479
2026-04-01 11:02:49|qwen|web_search_no_think|4|JSON_VERIFIED||1653|d626bfc0-e249-4748-aa1a-ccb8dd69dfb5
2026-04-01 11:02:49|qwen|web_search_no_think|4|QUESTION|4|1653|d626bfc0-e249-4748-aa1a-ccb8dd69dfb5
2026-04-01 11:02:49|qwen|web_search_no_think|4|JSON_SAVED||1653|d626bfc0-e249-4748-aa1a-ccb8dd69dfb5
2026-04-01 11:02:49|qwen|web_search_no_think|4|QUESTION_ADVANCE||1654|2c58c22d-7bbe-43cb-b56a-184b645fae93
2026-04-01 11:03:08|qwen|web_search_no_think|1|JSON_VERIFIED||1507|1eb65e46-7e9c-4659-bd44-887783955f13
2026-04-01 11:03:08|qwen|web_search_no_think|1|QUESTION|7|1507|1eb65e46-7e9c-4659-bd44-887783955f13
2026-04-01 11:03:08|qwen|web_search_no_think|1|JSON_SAVED||1507|1eb65e46-7e9c-4659-bd44-887783955f13
2026-04-01 11:03:08|qwen|web_search_no_think|1|QUESTION_ADVANCE||1508|d1edc3a1-542c-47b6-986c-5140aca585c1
2026-04-01 11:03:09|qwen|web_search_no_think|0|QUESTION_SENT||1458|81e2859c-088f-4169-8b5c-4b0d6f64b479
2026-04-01 11:03:15|qwen|web_search_no_think|4|QUESTION_SENT||1654|2c58c22d-7bbe-43cb-b56a-184b645fae93
2026-04-01 11:03:35|qwen|web_search_no_think|1|QUESTION_SENT||1508|d1edc3a1-542c-47b6-986c-5140aca585c1
2026-04-01 11:03:52|qwen|web_search_no_think|3|JSON_VERIFIED||1604|c4796f12-af15-4bc2-90cc-d7adc264c78f
2026-04-01 11:03:52|qwen|web_search_no_think|3|QUESTION|5|1604|c4796f12-af15-4bc2-90cc-d7adc264c78f
2026-04-01 11:03:52|qwen|web_search_no_think|3|JSON_SAVED||1604|c4796f12-af15-4bc2-90cc-d7adc264c78f
2026-04-01 11:03:52|qwen|web_search_no_think|3|QUESTION_ADVANCE||1605|a183b65f-1513-44d3-bf3c-8ec97cddd91a
2026-04-01 11:04:04|qwen|web_search_no_think|2|JSON_VERIFIED||1557|eb74c500-307d-439f-967a-cb0a79e54a4d
2026-04-01 11:04:04|qwen|web_search_no_think|2|QUESTION|7|1557|eb74c500-307d-439f-967a-cb0a79e54a4d
2026-04-01 11:04:04|qwen|web_search_no_think|2|JSON_SAVED||1557|eb74c500-307d-439f-967a-cb0a79e54a4d
2026-04-01 11:04:04|qwen|web_search_no_think|2|QUESTION_ADVANCE||1558|ea614e26-5188-4d2e-adad-ccd71a7df014
2026-04-01 11:04:19|qwen|web_search_no_think|3|QUESTION_SENT||1605|a183b65f-1513-44d3-bf3c-8ec97cddd91a
2026-04-01 11:04:30|qwen|web_search_no_think|2|QUESTION_SENT||1558|ea614e26-5188-4d2e-adad-ccd71a7df014
2026-04-01 11:04:35|qwen|web_search_no_think|5|QUESTION_SENT||1706|80bd3c42-001f-4cec-b7b3-7033e6ce81d2
2026-04-01 11:04:48|qwen|web_search_no_think|1|JSON_VERIFIED||1508|d1edc3a1-542c-47b6-986c-5140aca585c1
2026-04-01 11:04:48|qwen|web_search_no_think|1|QUESTION|8|1508|d1edc3a1-542c-47b6-986c-5140aca585c1
2026-04-01 11:04:48|qwen|web_search_no_think|1|JSON_SAVED||1508|d1edc3a1-542c-47b6-986c-5140aca585c1
2026-04-01 11:04:48|qwen|web_search_no_think|1|QUESTION_ADVANCE||1509|f21e374e-328d-4ea5-bb6a-ed8d5f1a34ac
2026-04-01 11:05:08|qwen|web_search_no_think|4|JSON_VERIFIED||1654|2c58c22d-7bbe-43cb-b56a-184b645fae93
2026-04-01 11:05:08|qwen|web_search_no_think|4|QUESTION|5|1654|2c58c22d-7bbe-43cb-b56a-184b645fae93
2026-04-01 11:05:08|qwen|web_search_no_think|4|JSON_SAVED||1654|2c58c22d-7bbe-43cb-b56a-184b645fae93
2026-04-01 11:05:08|qwen|web_search_no_think|4|QUESTION_ADVANCE||1655|cf32e9fb-3dc1-4235-9c34-12893f1c8281
2026-04-01 11:05:15|qwen|web_search_no_think|1|QUESTION_SENT||1509|f21e374e-328d-4ea5-bb6a-ed8d5f1a34ac
2026-04-01 11:05:33|qwen|web_search_no_think|5|JSON_VERIFIED||1706|80bd3c42-001f-4cec-b7b3-7033e6ce81d2
2026-04-01 11:05:33|qwen|web_search_no_think|5|QUESTION|6|1706|80bd3c42-001f-4cec-b7b3-7033e6ce81d2
2026-04-01 11:05:33|qwen|web_search_no_think|5|JSON_SAVED||1706|80bd3c42-001f-4cec-b7b3-7033e6ce81d2
2026-04-01 11:05:33|qwen|web_search_no_think|5|QUESTION_ADVANCE||1707|cdb1d721-196a-4658-bd59-7011651fc5f6
2026-04-01 11:05:35|qwen|web_search_no_think|4|QUESTION_SENT||1655|cf32e9fb-3dc1-4235-9c34-12893f1c8281
2026-04-01 11:05:40|qwen|web_search_no_think|3|JSON_VERIFIED||1605|a183b65f-1513-44d3-bf3c-8ec97cddd91a
2026-04-01 11:05:40|qwen|web_search_no_think|3|QUESTION|6|1605|a183b65f-1513-44d3-bf3c-8ec97cddd91a
2026-04-01 11:05:40|qwen|web_search_no_think|3|JSON_SAVED||1605|a183b65f-1513-44d3-bf3c-8ec97cddd91a
2026-04-01 11:05:40|qwen|web_search_no_think|3|QUESTION_ADVANCE||1606|b7b8f8c7-bb01-431b-b2df-e017ad0c22c3
2026-04-01 11:05:59|qwen|web_search_no_think|5|QUESTION_SENT||1707|cdb1d721-196a-4658-bd59-7011651fc5f6
2026-04-01 11:06:06|qwen|web_search_no_think|3|QUESTION_SENT||1606|b7b8f8c7-bb01-431b-b2df-e017ad0c22c3
2026-04-01 11:06:07|qwen|web_search_no_think|2|JSON_VERIFY_FAILED||1558|ea614e26-5188-4d2e-adad-ccd71a7df014
2026-04-01 11:06:07|qwen|web_search_no_think|2|QUESTION|8|1558|ea614e26-5188-4d2e-adad-ccd71a7df014
2026-04-01 11:06:18|qwen|web_search_no_think|0|JSON_VERIFIED||1458|81e2859c-088f-4169-8b5c-4b0d6f64b479
2026-04-01 11:06:18|qwen|web_search_no_think|0|QUESTION|8|1458|81e2859c-088f-4169-8b5c-4b0d6f64b479
2026-04-01 11:06:18|qwen|web_search_no_think|0|JSON_SAVED||1458|81e2859c-088f-4169-8b5c-4b0d6f64b479
2026-04-01 11:06:18|qwen|web_search_no_think|0|QUESTION_ADVANCE||1459|0c0d066c-44fb-4b09-ad41-154a90f6c7a1
2026-04-01 11:06:33|qwen|web_search_no_think|2|QUESTION_SENT||1558|ea614e26-5188-4d2e-adad-ccd71a7df014
2026-04-01 11:06:34|qwen|web_search_no_think|1|JSON_VERIFY_FAILED||1509|f21e374e-328d-4ea5-bb6a-ed8d5f1a34ac
2026-04-01 11:06:34|qwen|web_search_no_think|1|QUESTION|9|1509|f21e374e-328d-4ea5-bb6a-ed8d5f1a34ac
2026-04-01 11:06:44|qwen|web_search_no_think|0|QUESTION_SENT||1459|0c0d066c-44fb-4b09-ad41-154a90f6c7a1
2026-04-01 11:07:01|qwen|web_search_no_think|1|QUESTION_SENT||1509|f21e374e-328d-4ea5-bb6a-ed8d5f1a34ac
2026-04-01 11:07:11|qwen|web_search_no_think|4|JSON_VERIFY_FAILED||1655|cf32e9fb-3dc1-4235-9c34-12893f1c8281
2026-04-01 11:07:11|qwen|web_search_no_think|4|QUESTION|6|1655|cf32e9fb-3dc1-4235-9c34-12893f1c8281
2026-04-01 11:07:17|qwen|web_search_no_think|4|QUESTION_SENT||1655|cf32e9fb-3dc1-4235-9c34-12893f1c8281
2026-04-01 11:07:34|qwen|web_search_no_think|2|JSON_VERIFIED||1558|ea614e26-5188-4d2e-adad-ccd71a7df014
2026-04-01 11:07:34|qwen|web_search_no_think|2|QUESTION|9|1558|ea614e26-5188-4d2e-adad-ccd71a7df014
2026-04-01 11:07:34|qwen|web_search_no_think|2|JSON_SAVED||1558|ea614e26-5188-4d2e-adad-ccd71a7df014
2026-04-01 11:07:34|qwen|web_search_no_think|2|QUESTION_ADVANCE||1559|f8d5cdfb-c4f6-4b9e-a993-8f6f052bc53a
2026-04-01 11:07:37|qwen|web_search_no_think|3|JSON_VERIFIED||1606|b7b8f8c7-bb01-431b-b2df-e017ad0c22c3
2026-04-01 11:07:37|qwen|web_search_no_think|3|QUESTION|7|1606|b7b8f8c7-bb01-431b-b2df-e017ad0c22c3
2026-04-01 11:07:37|qwen|web_search_no_think|3|JSON_SAVED||1606|b7b8f8c7-bb01-431b-b2df-e017ad0c22c3
2026-04-01 11:07:37|qwen|web_search_no_think|3|QUESTION_ADVANCE||1607|498fbf9e-d16b-47ab-8907-a12e4f760b45
2026-04-01 11:07:41|qwen|web_search_no_think|5|JSON_VERIFIED||1707|cdb1d721-196a-4658-bd59-7011651fc5f6
2026-04-01 11:07:41|qwen|web_search_no_think|5|QUESTION|7|1707|cdb1d721-196a-4658-bd59-7011651fc5f6
2026-04-01 11:07:41|qwen|web_search_no_think|5|JSON_SAVED||1707|cdb1d721-196a-4658-bd59-7011651fc5f6
2026-04-01 11:07:41|qwen|web_search_no_think|5|QUESTION_ADVANCE||1708|e3702b8c-ff81-40e8-9820-530073998882
2026-04-01 11:08:00|qwen|web_search_no_think|2|QUESTION_SENT||1559|f8d5cdfb-c4f6-4b9e-a993-8f6f052bc53a
2026-04-01 11:08:03|qwen|web_search_no_think|3|QUESTION_SENT||1607|498fbf9e-d16b-47ab-8907-a12e4f760b45
2026-04-01 11:08:08|qwen|web_search_no_think|5|QUESTION_SENT||1708|e3702b8c-ff81-40e8-9820-530073998882
2026-04-01 11:08:27|qwen|web_search_no_think|1|JSON_VERIFIED||1509|f21e374e-328d-4ea5-bb6a-ed8d5f1a34ac
2026-04-01 11:08:27|qwen|web_search_no_think|1|QUESTION|10|1509|f21e374e-328d-4ea5-bb6a-ed8d5f1a34ac
2026-04-01 11:08:27|qwen|web_search_no_think|1|JSON_SAVED||1509|f21e374e-328d-4ea5-bb6a-ed8d5f1a34ac
2026-04-01 11:08:27|qwen|web_search_no_think|1|QUESTION_ADVANCE||1510|cb703c81-e07e-424e-8240-7aee4c6cb4fb
2026-04-01 11:08:50|qwen|web_search_no_think|0|JSON_VERIFIED||1459|0c0d066c-44fb-4b09-ad41-154a90f6c7a1
2026-04-01 11:08:50|qwen|web_search_no_think|0|QUESTION|9|1459|0c0d066c-44fb-4b09-ad41-154a90f6c7a1
2026-04-01 11:08:50|qwen|web_search_no_think|0|JSON_SAVED||1459|0c0d066c-44fb-4b09-ad41-154a90f6c7a1
2026-04-01 11:08:50|qwen|web_search_no_think|0|QUESTION_ADVANCE||1460|db1db7e2-ad32-4782-876b-17cd3f6911e0
2026-04-01 11:08:54|qwen|web_search_no_think|1|QUESTION_SENT||1510|cb703c81-e07e-424e-8240-7aee4c6cb4fb
2026-04-01 11:09:10|qwen|web_search_no_think|3|JSON_VERIFIED||1607|498fbf9e-d16b-47ab-8907-a12e4f760b45
2026-04-01 11:09:10|qwen|web_search_no_think|3|QUESTION|8|1607|498fbf9e-d16b-47ab-8907-a12e4f760b45
2026-04-01 11:09:10|qwen|web_search_no_think|3|JSON_SAVED||1607|498fbf9e-d16b-47ab-8907-a12e4f760b45
2026-04-01 11:09:10|qwen|web_search_no_think|3|QUESTION_ADVANCE||1608|6a801eae-9314-4635-b5ac-504a85b8bc96
2026-04-01 11:09:17|qwen|web_search_no_think|4|QUESTION_SENT||1655|cf32e9fb-3dc1-4235-9c34-12893f1c8281
2026-04-01 11:09:17|qwen|web_search_no_think|0|QUESTION_SENT||1460|db1db7e2-ad32-4782-876b-17cd3f6911e0
2026-04-01 11:09:20|qwen|web_search_no_think|2|JSON_VERIFIED||1559|f8d5cdfb-c4f6-4b9e-a993-8f6f052bc53a
2026-04-01 11:09:20|qwen|web_search_no_think|2|QUESTION|10|1559|f8d5cdfb-c4f6-4b9e-a993-8f6f052bc53a
2026-04-01 11:09:20|qwen|web_search_no_think|2|JSON_SAVED||1559|f8d5cdfb-c4f6-4b9e-a993-8f6f052bc53a
2026-04-01 11:09:20|qwen|web_search_no_think|2|QUESTION_ADVANCE||1560|35bab748-f4b7-4e56-9650-d65f7aba437a
2026-04-01 11:09:36|qwen|web_search_no_think|3|QUESTION_SENT||1608|6a801eae-9314-4635-b5ac-504a85b8bc96
2026-04-01 11:09:46|qwen|web_search_no_think|2|QUESTION_SENT||1560|35bab748-f4b7-4e56-9650-d65f7aba437a
2026-04-01 11:09:57|qwen|web_search_no_think|5|JSON_VERIFIED||1708|e3702b8c-ff81-40e8-9820-530073998882
2026-04-01 11:09:57|qwen|web_search_no_think|5|QUESTION|8|1708|e3702b8c-ff81-40e8-9820-530073998882
2026-04-01 11:09:57|qwen|web_search_no_think|5|JSON_SAVED||1708|e3702b8c-ff81-40e8-9820-530073998882
2026-04-01 11:09:57|qwen|web_search_no_think|5|QUESTION_ADVANCE||1709|0fe773d5-6fb4-47fa-83f8-95c608ac9bff
2026-04-01 11:10:07|qwen|web_search_no_think|1|JSON_VERIFIED||1510|cb703c81-e07e-424e-8240-7aee4c6cb4fb
2026-04-01 11:10:07|qwen|web_search_no_think|1|QUESTION|11|1510|cb703c81-e07e-424e-8240-7aee4c6cb4fb
2026-04-01 11:10:07|qwen|web_search_no_think|1|JSON_SAVED||1510|cb703c81-e07e-424e-8240-7aee4c6cb4fb
2026-04-01 11:10:07|qwen|web_search_no_think|1|QUESTION_ADVANCE||1511|69f25336-b0a8-47b5-939b-71058c065ae6
2026-04-01 11:10:08|qwen|web_search_no_think|4|JSON_VERIFY_FAILED||1655|cf32e9fb-3dc1-4235-9c34-12893f1c8281
2026-04-01 11:10:08|qwen|web_search_no_think|4|QUESTION|7|1655|cf32e9fb-3dc1-4235-9c34-12893f1c8281
2026-04-01 11:10:21|qwen|web_search_no_think|0|JSON_VERIFY_FAILED||1460|db1db7e2-ad32-4782-876b-17cd3f6911e0
2026-04-01 11:10:21|qwen|web_search_no_think|0|QUESTION|10|1460|db1db7e2-ad32-4782-876b-17cd3f6911e0
2026-04-01 11:10:23|qwen|web_search_no_think|5|QUESTION_SENT||1709|0fe773d5-6fb4-47fa-83f8-95c608ac9bff
2026-04-01 11:10:34|qwen|web_search_no_think|1|QUESTION_SENT||1511|69f25336-b0a8-47b5-939b-71058c065ae6
2026-04-01 11:10:34|qwen|web_search_no_think|4|QUESTION_SENT||1655|cf32e9fb-3dc1-4235-9c34-12893f1c8281
2026-04-01 11:10:44|qwen|web_search_no_think|2|JSON_VERIFIED||1560|35bab748-f4b7-4e56-9650-d65f7aba437a
2026-04-01 11:10:44|qwen|web_search_no_think|2|QUESTION|11|1560|35bab748-f4b7-4e56-9650-d65f7aba437a
2026-04-01 11:10:44|qwen|web_search_no_think|2|JSON_SAVED||1560|35bab748-f4b7-4e56-9650-d65f7aba437a
2026-04-01 11:10:44|qwen|web_search_no_think|2|QUESTION_ADVANCE||1561|723deb36-fb04-4e82-98eb-2dfaef2d5c79
2026-04-01 11:10:47|qwen|web_search_no_think|0|QUESTION_SENT||1460|db1db7e2-ad32-4782-876b-17cd3f6911e0
2026-04-01 11:11:11|qwen|web_search_no_think|2|QUESTION_SENT||1561|723deb36-fb04-4e82-98eb-2dfaef2d5c79
2026-04-01 11:11:31|qwen|web_search_no_think|3|JSON_VERIFIED||1608|6a801eae-9314-4635-b5ac-504a85b8bc96
2026-04-01 11:11:31|qwen|web_search_no_think|3|QUESTION|9|1608|6a801eae-9314-4635-b5ac-504a85b8bc96
2026-04-01 11:11:31|qwen|web_search_no_think|3|JSON_SAVED||1608|6a801eae-9314-4635-b5ac-504a85b8bc96
2026-04-01 11:11:31|qwen|web_search_no_think|3|QUESTION_ADVANCE||1609|16d9dab8-fd7a-4d9a-9e07-43d748762b17
2026-04-01 11:11:46|qwen|web_search_no_think|5|JSON_VERIFIED||1709|0fe773d5-6fb4-47fa-83f8-95c608ac9bff
2026-04-01 11:11:46|qwen|web_search_no_think|5|QUESTION|9|1709|0fe773d5-6fb4-47fa-83f8-95c608ac9bff
2026-04-01 11:11:46|qwen|web_search_no_think|5|JSON_SAVED||1709|0fe773d5-6fb4-47fa-83f8-95c608ac9bff
2026-04-01 11:11:46|qwen|web_search_no_think|5|QUESTION_ADVANCE||1710|6d539a41-2d40-4e40-a2e1-c55e2773915c
2026-04-01 11:11:58|qwen|web_search_no_think|3|QUESTION_SENT||1609|16d9dab8-fd7a-4d9a-9e07-43d748762b17
2026-04-01 11:12:08|qwen|web_search_no_think|0|JSON_VERIFIED||1460|db1db7e2-ad32-4782-876b-17cd3f6911e0
2026-04-01 11:12:08|qwen|web_search_no_think|0|QUESTION|11|1460|db1db7e2-ad32-4782-876b-17cd3f6911e0
2026-04-01 11:12:08|qwen|web_search_no_think|0|JSON_SAVED||1460|db1db7e2-ad32-4782-876b-17cd3f6911e0
2026-04-01 11:12:08|qwen|web_search_no_think|0|QUESTION_ADVANCE||1461|bc061285-e613-48a1-be71-e955e9a4a153
2026-04-01 11:12:12|qwen|web_search_no_think|5|QUESTION_SENT||1710|6d539a41-2d40-4e40-a2e1-c55e2773915c
2026-04-01 11:12:13|qwen|web_search_no_think|1|JSON_VERIFY_FAILED||1511|69f25336-b0a8-47b5-939b-71058c065ae6
2026-04-01 11:12:13|qwen|web_search_no_think|1|QUESTION|12|1511|69f25336-b0a8-47b5-939b-71058c065ae6
2026-04-01 11:12:23|qwen|web_search_no_think|2|JSON_VERIFIED||1561|723deb36-fb04-4e82-98eb-2dfaef2d5c79
2026-04-01 11:12:23|qwen|web_search_no_think|2|QUESTION|12|1561|723deb36-fb04-4e82-98eb-2dfaef2d5c79
2026-04-01 11:12:23|qwen|web_search_no_think|2|JSON_SAVED||1561|723deb36-fb04-4e82-98eb-2dfaef2d5c79
2026-04-01 11:12:23|qwen|web_search_no_think|2|QUESTION_ADVANCE||1562|1e9772a8-a3b0-4705-881f-445866d8b149
2026-04-01 11:12:34|qwen|web_search_no_think|0|QUESTION_SENT||1461|bc061285-e613-48a1-be71-e955e9a4a153
2026-04-01 11:12:39|qwen|web_search_no_think|1|QUESTION_SENT||1511|69f25336-b0a8-47b5-939b-71058c065ae6
2026-04-01 11:12:50|qwen|web_search_no_think|2|QUESTION_SENT||1562|1e9772a8-a3b0-4705-881f-445866d8b149
2026-04-01 11:13:48|qwen|web_search_no_think|0|JSON_VERIFIED||1461|bc061285-e613-48a1-be71-e955e9a4a153
2026-04-01 11:13:48|qwen|web_search_no_think|0|QUESTION|12|1461|bc061285-e613-48a1-be71-e955e9a4a153
2026-04-01 11:13:48|qwen|web_search_no_think|0|JSON_SAVED||1461|bc061285-e613-48a1-be71-e955e9a4a153
2026-04-01 11:13:48|qwen|web_search_no_think|0|QUESTION_ADVANCE||1462|007b832e-5ca4-4142-acc4-62648f7a8521
2026-04-01 11:13:59|qwen|web_search_no_think|5|JSON_VERIFIED||1710|6d539a41-2d40-4e40-a2e1-c55e2773915c
2026-04-01 11:13:59|qwen|web_search_no_think|5|QUESTION|10|1710|6d539a41-2d40-4e40-a2e1-c55e2773915c
2026-04-01 11:13:59|qwen|web_search_no_think|5|JSON_SAVED||1710|6d539a41-2d40-4e40-a2e1-c55e2773915c
2026-04-01 11:13:59|qwen|web_search_no_think|5|QUESTION_ADVANCE||1711|511699f9-220e-4240-94cb-1c667a51aac5
2026-04-01 11:14:14|qwen|web_search_no_think|0|QUESTION_SENT||1462|007b832e-5ca4-4142-acc4-62648f7a8521
2026-04-01 11:14:25|qwen|web_search_no_think|1|JSON_VERIFIED||1511|69f25336-b0a8-47b5-939b-71058c065ae6
2026-04-01 11:14:25|qwen|web_search_no_think|1|QUESTION|13|1511|69f25336-b0a8-47b5-939b-71058c065ae6
2026-04-01 11:14:25|qwen|web_search_no_think|1|JSON_SAVED||1511|69f25336-b0a8-47b5-939b-71058c065ae6
2026-04-01 11:14:25|qwen|web_search_no_think|1|QUESTION_ADVANCE||1512|4f23dc84-66ab-42bf-b500-ffb064a00871
2026-04-01 11:14:25|qwen|web_search_no_think|5|QUESTION_SENT||1711|511699f9-220e-4240-94cb-1c667a51aac5
2026-04-01 11:14:33|qwen|web_search_no_think|4|JSON_VERIFIED||1655|cf32e9fb-3dc1-4235-9c34-12893f1c8281
2026-04-01 11:14:33|qwen|web_search_no_think|4|QUESTION|8|1655|cf32e9fb-3dc1-4235-9c34-12893f1c8281
2026-04-01 11:14:33|qwen|web_search_no_think|4|JSON_SAVED||1655|cf32e9fb-3dc1-4235-9c34-12893f1c8281
2026-04-01 11:14:33|qwen|web_search_no_think|4|QUESTION_ADVANCE||1656|8ef88062-8353-4de8-962b-82f3cda59d35
2026-04-01 11:14:51|qwen|web_search_no_think|1|QUESTION_SENT||1512|4f23dc84-66ab-42bf-b500-ffb064a00871
2026-04-01 11:14:59|qwen|web_search_no_think|4|QUESTION_SENT||1656|8ef88062-8353-4de8-962b-82f3cda59d35
2026-04-01 11:15:24|qwen|web_search_no_think|0|JSON_VERIFIED||1462|007b832e-5ca4-4142-acc4-62648f7a8521
2026-04-01 11:15:24|qwen|web_search_no_think|0|QUESTION|13|1462|007b832e-5ca4-4142-acc4-62648f7a8521
2026-04-01 11:15:24|qwen|web_search_no_think|0|JSON_SAVED||1462|007b832e-5ca4-4142-acc4-62648f7a8521
2026-04-01 11:15:24|qwen|web_search_no_think|0|QUESTION_ADVANCE||1463|ab5980be-0fdf-47cc-a112-ec18f2521f75
2026-04-01 11:15:34|qwen|web_search_no_think|3|JSON_VERIFIED||1609|16d9dab8-fd7a-4d9a-9e07-43d748762b17
2026-04-01 11:15:34|qwen|web_search_no_think|3|QUESTION|10|1609|16d9dab8-fd7a-4d9a-9e07-43d748762b17
2026-04-01 11:15:34|qwen|web_search_no_think|3|JSON_SAVED||1609|16d9dab8-fd7a-4d9a-9e07-43d748762b17
2026-04-01 11:15:34|qwen|web_search_no_think|3|QUESTION_ADVANCE||1610|ff5577ae-5de1-40c9-b337-c3815db98cfe
2026-04-01 11:15:50|qwen|web_search_no_think|0|QUESTION_SENT||1463|ab5980be-0fdf-47cc-a112-ec18f2521f75
2026-04-01 11:16:00|qwen|web_search_no_think|3|QUESTION_SENT||1610|ff5577ae-5de1-40c9-b337-c3815db98cfe
2026-04-01 11:16:13|qwen|web_search_no_think|2|JSON_VERIFIED||1562|1e9772a8-a3b0-4705-881f-445866d8b149
2026-04-01 11:16:13|qwen|web_search_no_think|2|QUESTION|13|1562|1e9772a8-a3b0-4705-881f-445866d8b149
2026-04-01 11:16:13|qwen|web_search_no_think|2|JSON_SAVED||1562|1e9772a8-a3b0-4705-881f-445866d8b149
2026-04-01 11:16:13|qwen|web_search_no_think|2|QUESTION_ADVANCE||1563|a6e775bf-11d0-43ad-a370-18424fbf9515
2026-04-01 11:16:14|qwen|web_search_no_think|4|JSON_VERIFIED||1656|8ef88062-8353-4de8-962b-82f3cda59d35
2026-04-01 11:16:14|qwen|web_search_no_think|4|QUESTION|9|1656|8ef88062-8353-4de8-962b-82f3cda59d35
2026-04-01 11:16:14|qwen|web_search_no_think|4|JSON_SAVED||1656|8ef88062-8353-4de8-962b-82f3cda59d35
2026-04-01 11:16:14|qwen|web_search_no_think|4|QUESTION_ADVANCE||1657|b41d73b3-bc12-4b3d-aae0-3b34db50ef3c
2026-04-01 11:16:39|qwen|web_search_no_think|1|JSON_VERIFIED||1512|4f23dc84-66ab-42bf-b500-ffb064a00871
2026-04-01 11:16:39|qwen|web_search_no_think|1|QUESTION|14|1512|4f23dc84-66ab-42bf-b500-ffb064a00871
2026-04-01 11:16:39|qwen|web_search_no_think|1|JSON_SAVED||1512|4f23dc84-66ab-42bf-b500-ffb064a00871
2026-04-01 11:16:39|qwen|web_search_no_think|1|QUESTION_ADVANCE||1513|1e44efd5-f445-4dc3-a138-bda6d871b55a
2026-04-01 11:16:39|qwen|web_search_no_think|2|QUESTION_SENT||1563|a6e775bf-11d0-43ad-a370-18424fbf9515
2026-04-01 11:16:41|qwen|web_search_no_think|4|QUESTION_SENT||1657|b41d73b3-bc12-4b3d-aae0-3b34db50ef3c
2026-04-01 11:17:03|qwen|web_search_no_think|0|JSON_VERIFIED||1463|ab5980be-0fdf-47cc-a112-ec18f2521f75
2026-04-01 11:17:03|qwen|web_search_no_think|0|QUESTION|14|1463|ab5980be-0fdf-47cc-a112-ec18f2521f75
2026-04-01 11:17:03|qwen|web_search_no_think|0|JSON_SAVED||1463|ab5980be-0fdf-47cc-a112-ec18f2521f75
2026-04-01 11:17:03|qwen|web_search_no_think|0|QUESTION_ADVANCE||1464|c6f15b7d-5f8b-4dc9-ad46-8317226e65bc
2026-04-01 11:17:05|qwen|web_search_no_think|1|QUESTION_SENT||1513|1e44efd5-f445-4dc3-a138-bda6d871b55a
2026-04-01 11:17:29|qwen|web_search_no_think|0|QUESTION_SENT||1464|c6f15b7d-5f8b-4dc9-ad46-8317226e65bc
2026-04-01 11:17:37|qwen|web_search_no_think|5|QUESTION_SENT||1711|511699f9-220e-4240-94cb-1c667a51aac5
2026-04-01 11:17:56|qwen|web_search_no_think|4|JSON_VERIFIED||1657|b41d73b3-bc12-4b3d-aae0-3b34db50ef3c
2026-04-01 11:17:56|qwen|web_search_no_think|4|QUESTION|10|1657|b41d73b3-bc12-4b3d-aae0-3b34db50ef3c
2026-04-01 11:17:56|qwen|web_search_no_think|4|JSON_SAVED||1657|b41d73b3-bc12-4b3d-aae0-3b34db50ef3c
2026-04-01 11:17:56|qwen|web_search_no_think|4|QUESTION_ADVANCE||1658|69500f64-bf8f-459c-a4ad-42eba076bbbe
2026-04-01 11:18:10|qwen|web_search_no_think|3|JSON_VERIFIED||1610|ff5577ae-5de1-40c9-b337-c3815db98cfe
2026-04-01 11:18:10|qwen|web_search_no_think|3|QUESTION|11|1610|ff5577ae-5de1-40c9-b337-c3815db98cfe
2026-04-01 11:18:10|qwen|web_search_no_think|3|JSON_SAVED||1610|ff5577ae-5de1-40c9-b337-c3815db98cfe
2026-04-01 11:18:10|qwen|web_search_no_think|3|QUESTION_ADVANCE||1611|75120260-d87a-42a8-b69e-358fdc64d695
2026-04-01 11:18:22|qwen|web_search_no_think|4|QUESTION_SENT||1658|69500f64-bf8f-459c-a4ad-42eba076bbbe
2026-04-01 11:18:35|qwen|web_search_no_think|2|JSON_VERIFIED||1563|a6e775bf-11d0-43ad-a370-18424fbf9515
2026-04-01 11:18:35|qwen|web_search_no_think|2|QUESTION|14|1563|a6e775bf-11d0-43ad-a370-18424fbf9515
2026-04-01 11:18:35|qwen|web_search_no_think|2|JSON_SAVED||1563|a6e775bf-11d0-43ad-a370-18424fbf9515
2026-04-01 11:18:35|qwen|web_search_no_think|2|QUESTION_ADVANCE||1564|5a1c01f1-c16d-4450-a55f-99074373433d
2026-04-01 11:18:37|qwen|web_search_no_think|3|QUESTION_SENT||1611|75120260-d87a-42a8-b69e-358fdc64d695
2026-04-01 11:18:54|qwen|web_search_no_think|0|JSON_VERIFIED||1464|c6f15b7d-5f8b-4dc9-ad46-8317226e65bc
2026-04-01 11:18:54|qwen|web_search_no_think|0|QUESTION|15|1464|c6f15b7d-5f8b-4dc9-ad46-8317226e65bc
2026-04-01 11:18:54|qwen|web_search_no_think|0|JSON_SAVED||1464|c6f15b7d-5f8b-4dc9-ad46-8317226e65bc
2026-04-01 11:18:54|qwen|web_search_no_think|0|QUESTION_ADVANCE||1465|567d3aa2-79bd-42cb-8896-56fc932067b6
2026-04-01 11:18:56|qwen|web_search_no_think|5|JSON_VERIFIED||1711|511699f9-220e-4240-94cb-1c667a51aac5
2026-04-01 11:18:56|qwen|web_search_no_think|5|QUESTION|11|1711|511699f9-220e-4240-94cb-1c667a51aac5
2026-04-01 11:18:56|qwen|web_search_no_think|5|JSON_SAVED||1711|511699f9-220e-4240-94cb-1c667a51aac5
2026-04-01 11:18:56|qwen|web_search_no_think|5|QUESTION_ADVANCE||1712|7a0ee315-978e-4839-bc4e-5d3cf6de0c13
2026-04-01 11:19:02|qwen|web_search_no_think|2|QUESTION_SENT||1564|5a1c01f1-c16d-4450-a55f-99074373433d
2026-04-01 11:19:21|qwen|web_search_no_think|0|QUESTION_SENT||1465|567d3aa2-79bd-42cb-8896-56fc932067b6
2026-04-01 11:19:23|qwen|web_search_no_think|5|QUESTION_SENT||1712|7a0ee315-978e-4839-bc4e-5d3cf6de0c13
2026-04-01 11:19:35|qwen|web_search_no_think|4|JSON_VERIFIED||1658|69500f64-bf8f-459c-a4ad-42eba076bbbe
2026-04-01 11:19:35|qwen|web_search_no_think|4|QUESTION|11|1658|69500f64-bf8f-459c-a4ad-42eba076bbbe
2026-04-01 11:19:35|qwen|web_search_no_think|4|JSON_SAVED||1658|69500f64-bf8f-459c-a4ad-42eba076bbbe
2026-04-01 11:19:35|qwen|web_search_no_think|4|QUESTION_ADVANCE||1659|2948ca22-8fc6-4a61-b4d7-f4245af382d4
2026-04-01 11:20:01|qwen|web_search_no_think|4|QUESTION_SENT||1659|2948ca22-8fc6-4a61-b4d7-f4245af382d4
2026-04-01 11:20:30|qwen|web_search_no_think|2|JSON_VERIFIED||1564|5a1c01f1-c16d-4450-a55f-99074373433d
2026-04-01 11:20:30|qwen|web_search_no_think|2|QUESTION|15|1564|5a1c01f1-c16d-4450-a55f-99074373433d
2026-04-01 11:20:30|qwen|web_search_no_think|2|JSON_SAVED||1564|5a1c01f1-c16d-4450-a55f-99074373433d
2026-04-01 11:20:30|qwen|web_search_no_think|2|QUESTION_ADVANCE||1565|095f139f-35c1-4f3d-975c-e6a4223e4dfd
2026-04-01 11:20:50|qwen|web_search_no_think|0|JSON_VERIFIED||1465|567d3aa2-79bd-42cb-8896-56fc932067b6
2026-04-01 11:20:50|qwen|web_search_no_think|0|QUESTION|16|1465|567d3aa2-79bd-42cb-8896-56fc932067b6
2026-04-01 11:20:50|qwen|web_search_no_think|0|JSON_SAVED||1465|567d3aa2-79bd-42cb-8896-56fc932067b6
2026-04-01 11:20:50|qwen|web_search_no_think|0|QUESTION_ADVANCE||1466|bf234ab5-3dce-4a2a-8684-e8bcb4c49c61
2026-04-01 11:20:56|qwen|web_search_no_think|2|QUESTION_SENT||1565|095f139f-35c1-4f3d-975c-e6a4223e4dfd
2026-04-01 11:21:15|qwen|web_search_no_think|4|JSON_VERIFIED||1659|2948ca22-8fc6-4a61-b4d7-f4245af382d4
2026-04-01 11:21:15|qwen|web_search_no_think|4|QUESTION|12|1659|2948ca22-8fc6-4a61-b4d7-f4245af382d4
2026-04-01 11:21:15|qwen|web_search_no_think|4|JSON_SAVED||1659|2948ca22-8fc6-4a61-b4d7-f4245af382d4
2026-04-01 11:21:15|qwen|web_search_no_think|4|QUESTION_ADVANCE||1660|3e9c0ed0-36c1-43e2-9029-00c4385490e7
2026-04-01 11:21:16|qwen|web_search_no_think|0|QUESTION_SENT||1466|bf234ab5-3dce-4a2a-8684-e8bcb4c49c61
2026-04-01 11:21:29|qwen|web_search_no_think|3|JSON_VERIFIED||1611|75120260-d87a-42a8-b69e-358fdc64d695
2026-04-01 11:21:29|qwen|web_search_no_think|3|QUESTION|12|1611|75120260-d87a-42a8-b69e-358fdc64d695
2026-04-01 11:21:29|qwen|web_search_no_think|3|JSON_SAVED||1611|75120260-d87a-42a8-b69e-358fdc64d695
2026-04-01 11:21:29|qwen|web_search_no_think|3|QUESTION_ADVANCE||1612|2f85a2e9-b36c-4544-85d0-c1c0d9baedd5
2026-04-01 11:21:41|qwen|web_search_no_think|4|QUESTION_SENT||1660|3e9c0ed0-36c1-43e2-9029-00c4385490e7
2026-04-01 11:21:55|qwen|web_search_no_think|3|QUESTION_SENT||1612|2f85a2e9-b36c-4544-85d0-c1c0d9baedd5
2026-04-01 11:22:12|qwen|web_search_no_think|2|JSON_VERIFY_FAILED||1565|095f139f-35c1-4f3d-975c-e6a4223e4dfd
2026-04-01 11:22:12|qwen|web_search_no_think|2|QUESTION|16|1565|095f139f-35c1-4f3d-975c-e6a4223e4dfd
2026-04-01 11:22:13|qwen|web_search_no_think|1|QUESTION_SENT||1513|1e44efd5-f445-4dc3-a138-bda6d871b55a
2026-04-01 11:22:16|qwen|web_search_no_think|5|QUESTION_SENT||1712|7a0ee315-978e-4839-bc4e-5d3cf6de0c13
2026-04-01 11:22:17|qwen|web_search_no_think|0|JSON_VERIFIED||1466|bf234ab5-3dce-4a2a-8684-e8bcb4c49c61
2026-04-01 11:22:17|qwen|web_search_no_think|0|QUESTION|17|1466|bf234ab5-3dce-4a2a-8684-e8bcb4c49c61
2026-04-01 11:22:17|qwen|web_search_no_think|0|JSON_SAVED||1466|bf234ab5-3dce-4a2a-8684-e8bcb4c49c61
2026-04-01 11:22:17|qwen|web_search_no_think|0|QUESTION_ADVANCE||1467|abd7acd3-f8d1-424b-a40b-114a671d709e
2026-04-01 11:22:39|qwen|web_search_no_think|2|QUESTION_SENT||1565|095f139f-35c1-4f3d-975c-e6a4223e4dfd
2026-04-01 11:22:44|qwen|web_search_no_think|0|QUESTION_SENT||1467|abd7acd3-f8d1-424b-a40b-114a671d709e
2026-04-01 11:22:54|qwen|web_search_no_think|3|JSON_VERIFIED||1612|2f85a2e9-b36c-4544-85d0-c1c0d9baedd5
2026-04-01 11:22:54|qwen|web_search_no_think|3|QUESTION|13|1612|2f85a2e9-b36c-4544-85d0-c1c0d9baedd5
2026-04-01 11:22:54|qwen|web_search_no_think|3|JSON_SAVED||1612|2f85a2e9-b36c-4544-85d0-c1c0d9baedd5
2026-04-01 11:22:54|qwen|web_search_no_think|3|QUESTION_ADVANCE||1613|be30f8f7-8f8c-4bd1-9080-4861f6ba9f6f
2026-04-01 11:23:21|qwen|web_search_no_think|3|QUESTION_SENT||1613|be30f8f7-8f8c-4bd1-9080-4861f6ba9f6f
2026-04-01 11:23:53|qwen|web_search_no_think|2|JSON_VERIFIED||1565|095f139f-35c1-4f3d-975c-e6a4223e4dfd
2026-04-01 11:23:53|qwen|web_search_no_think|2|QUESTION|17|1565|095f139f-35c1-4f3d-975c-e6a4223e4dfd
2026-04-01 11:23:53|qwen|web_search_no_think|2|JSON_SAVED||1565|095f139f-35c1-4f3d-975c-e6a4223e4dfd
2026-04-01 11:23:53|qwen|web_search_no_think|2|QUESTION_ADVANCE||1566|e4560b24-77f7-475f-b70b-5b6c6b923d8b
2026-04-01 11:23:55|qwen|web_search_no_think|0|JSON_VERIFIED||1467|abd7acd3-f8d1-424b-a40b-114a671d709e
2026-04-01 11:23:55|qwen|web_search_no_think|0|QUESTION|18|1467|abd7acd3-f8d1-424b-a40b-114a671d709e
2026-04-01 11:23:55|qwen|web_search_no_think|0|JSON_SAVED||1467|abd7acd3-f8d1-424b-a40b-114a671d709e
2026-04-01 11:23:55|qwen|web_search_no_think|0|QUESTION_ADVANCE||1468|f664b649-8ee7-4355-81d7-0aebe76e79e7
2026-04-01 11:23:57|qwen|web_search_no_think|5|JSON_VERIFIED||1712|7a0ee315-978e-4839-bc4e-5d3cf6de0c13
2026-04-01 11:23:57|qwen|web_search_no_think|5|QUESTION|12|1712|7a0ee315-978e-4839-bc4e-5d3cf6de0c13
2026-04-01 11:23:57|qwen|web_search_no_think|5|JSON_SAVED||1712|7a0ee315-978e-4839-bc4e-5d3cf6de0c13
2026-04-01 11:23:57|qwen|web_search_no_think|5|QUESTION_ADVANCE||1713|021debee-84b5-4547-8ca9-a38bb736db8e
2026-04-01 11:23:58|qwen|web_search_no_think|1|JSON_VERIFIED||1513|1e44efd5-f445-4dc3-a138-bda6d871b55a
2026-04-01 11:23:58|qwen|web_search_no_think|1|QUESTION|15|1513|1e44efd5-f445-4dc3-a138-bda6d871b55a
2026-04-01 11:23:58|qwen|web_search_no_think|1|JSON_SAVED||1513|1e44efd5-f445-4dc3-a138-bda6d871b55a
2026-04-01 11:23:58|qwen|web_search_no_think|1|QUESTION_ADVANCE||1514|244156f7-c835-44c7-aa55-a8254ff14293
2026-04-01 11:24:19|qwen|web_search_no_think|2|QUESTION_SENT||1566|e4560b24-77f7-475f-b70b-5b6c6b923d8b
2026-04-01 11:24:21|qwen|web_search_no_think|0|QUESTION_SENT||1468|f664b649-8ee7-4355-81d7-0aebe76e79e7
2026-04-01 11:24:23|qwen|web_search_no_think|3|JSON_VERIFIED||1613|be30f8f7-8f8c-4bd1-9080-4861f6ba9f6f
2026-04-01 11:24:23|qwen|web_search_no_think|3|QUESTION|14|1613|be30f8f7-8f8c-4bd1-9080-4861f6ba9f6f
2026-04-01 11:24:23|qwen|web_search_no_think|3|JSON_SAVED||1613|be30f8f7-8f8c-4bd1-9080-4861f6ba9f6f
2026-04-01 11:24:23|qwen|web_search_no_think|3|QUESTION_ADVANCE||1614|da8a46ce-3ec6-408b-a83d-76923bf78399
2026-04-01 11:24:23|qwen|web_search_no_think|5|QUESTION_SENT||1713|021debee-84b5-4547-8ca9-a38bb736db8e
2026-04-01 11:24:24|qwen|web_search_no_think|1|QUESTION_SENT||1514|244156f7-c835-44c7-aa55-a8254ff14293
2026-04-01 11:24:30|qwen|web_search_no_think|4|JSON_VERIFIED||1660|3e9c0ed0-36c1-43e2-9029-00c4385490e7
2026-04-01 11:24:30|qwen|web_search_no_think|4|QUESTION|13|1660|3e9c0ed0-36c1-43e2-9029-00c4385490e7
2026-04-01 11:24:30|qwen|web_search_no_think|4|JSON_SAVED||1660|3e9c0ed0-36c1-43e2-9029-00c4385490e7
2026-04-01 11:24:30|qwen|web_search_no_think|4|QUESTION_ADVANCE||1661|595483a9-f990-4c9d-ae20-fd8e37d25e35
2026-04-01 11:24:50|qwen|web_search_no_think|3|QUESTION_SENT||1614|da8a46ce-3ec6-408b-a83d-76923bf78399
2026-04-01 11:24:56|qwen|web_search_no_think|4|QUESTION_SENT||1661|595483a9-f990-4c9d-ae20-fd8e37d25e35
2026-04-01 11:25:23|qwen|web_search_no_think|5|JSON_VERIFIED||1713|021debee-84b5-4547-8ca9-a38bb736db8e
2026-04-01 11:25:23|qwen|web_search_no_think|5|QUESTION|13|1713|021debee-84b5-4547-8ca9-a38bb736db8e
2026-04-01 11:25:23|qwen|web_search_no_think|5|JSON_SAVED||1713|021debee-84b5-4547-8ca9-a38bb736db8e
2026-04-01 11:25:23|qwen|web_search_no_think|5|QUESTION_ADVANCE||1714|55159f5b-c863-4168-85ab-571bd9a59b22
2026-04-01 11:25:25|qwen|web_search_no_think|1|JSON_VERIFIED||1514|244156f7-c835-44c7-aa55-a8254ff14293
2026-04-01 11:25:25|qwen|web_search_no_think|1|QUESTION|16|1514|244156f7-c835-44c7-aa55-a8254ff14293
2026-04-01 11:25:25|qwen|web_search_no_think|1|JSON_SAVED||1514|244156f7-c835-44c7-aa55-a8254ff14293
2026-04-01 11:25:25|qwen|web_search_no_think|1|QUESTION_ADVANCE||1515|904fc979-ce2e-4702-ac32-45ced9f7624c
2026-04-01 11:25:26|qwen|web_search_no_think|2|JSON_VERIFIED||1566|e4560b24-77f7-475f-b70b-5b6c6b923d8b
2026-04-01 11:25:26|qwen|web_search_no_think|2|QUESTION|18|1566|e4560b24-77f7-475f-b70b-5b6c6b923d8b
2026-04-01 11:25:26|qwen|web_search_no_think|2|JSON_SAVED||1566|e4560b24-77f7-475f-b70b-5b6c6b923d8b
2026-04-01 11:25:26|qwen|web_search_no_think|2|QUESTION_ADVANCE||1567|5d5b0e94-5906-49c0-a7b2-9e7a47a8c864
2026-04-01 11:25:33|qwen|web_search_no_think|0|JSON_VERIFY_FAILED||1468|f664b649-8ee7-4355-81d7-0aebe76e79e7
2026-04-01 11:25:33|qwen|web_search_no_think|0|QUESTION|19|1468|f664b649-8ee7-4355-81d7-0aebe76e79e7
2026-04-01 11:25:49|qwen|web_search_no_think|5|QUESTION_SENT||1714|55159f5b-c863-4168-85ab-571bd9a59b22
2026-04-01 11:25:52|qwen|web_search_no_think|1|QUESTION_SENT||1515|904fc979-ce2e-4702-ac32-45ced9f7624c
2026-04-01 11:25:52|qwen|web_search_no_think|2|QUESTION_SENT||1567|5d5b0e94-5906-49c0-a7b2-9e7a47a8c864
2026-04-01 11:26:00|qwen|web_search_no_think|0|QUESTION_SENT||1468|f664b649-8ee7-4355-81d7-0aebe76e79e7
2026-04-01 11:26:01|qwen|web_search_no_think|4|JSON_VERIFIED||1661|595483a9-f990-4c9d-ae20-fd8e37d25e35
2026-04-01 11:26:01|qwen|web_search_no_think|4|QUESTION|14|1661|595483a9-f990-4c9d-ae20-fd8e37d25e35
2026-04-01 11:26:01|qwen|web_search_no_think|4|JSON_SAVED||1661|595483a9-f990-4c9d-ae20-fd8e37d25e35
2026-04-01 11:26:01|qwen|web_search_no_think|4|QUESTION_ADVANCE||1662|64a0f4cf-4829-4c28-8771-bb2b6dde6d16
2026-04-01 11:26:28|qwen|web_search_no_think|4|QUESTION_SENT||1662|64a0f4cf-4829-4c28-8771-bb2b6dde6d16
2026-04-01 11:26:38|qwen|web_search_no_think|0|JSON_VERIFY_FAILED||1468|f664b649-8ee7-4355-81d7-0aebe76e79e7
2026-04-01 11:26:38|qwen|web_search_no_think|0|QUESTION|20|1468|f664b649-8ee7-4355-81d7-0aebe76e79e7
2026-04-01 11:26:47|qwen|web_search_no_think|3|JSON_VERIFIED||1614|da8a46ce-3ec6-408b-a83d-76923bf78399
2026-04-01 11:26:47|qwen|web_search_no_think|3|QUESTION|15|1614|da8a46ce-3ec6-408b-a83d-76923bf78399
2026-04-01 11:26:47|qwen|web_search_no_think|3|JSON_SAVED||1614|da8a46ce-3ec6-408b-a83d-76923bf78399
2026-04-01 11:26:47|qwen|web_search_no_think|3|QUESTION_ADVANCE||1615|92366eab-ed6e-4922-be27-68347066981a
2026-04-01 11:27:03|qwen|web_search_no_think|1|JSON_VERIFIED||1515|904fc979-ce2e-4702-ac32-45ced9f7624c
2026-04-01 11:27:03|qwen|web_search_no_think|1|QUESTION|17|1515|904fc979-ce2e-4702-ac32-45ced9f7624c
2026-04-01 11:27:03|qwen|web_search_no_think|1|JSON_SAVED||1515|904fc979-ce2e-4702-ac32-45ced9f7624c
2026-04-01 11:27:03|qwen|web_search_no_think|1|QUESTION_ADVANCE||1516|48c455b1-38c2-40cc-bc3f-5cbf1ecbfb4d
2026-04-01 11:27:04|qwen|web_search_no_think|0|QUESTION_SENT||1468|f664b649-8ee7-4355-81d7-0aebe76e79e7
2026-04-01 11:27:14|qwen|web_search_no_think|3|QUESTION_SENT||1615|92366eab-ed6e-4922-be27-68347066981a
2026-04-01 11:27:17|qwen|web_search_no_think|2|JSON_VERIFIED||1567|5d5b0e94-5906-49c0-a7b2-9e7a47a8c864
2026-04-01 11:27:17|qwen|web_search_no_think|2|QUESTION|19|1567|5d5b0e94-5906-49c0-a7b2-9e7a47a8c864
2026-04-01 11:27:17|qwen|web_search_no_think|2|JSON_SAVED||1567|5d5b0e94-5906-49c0-a7b2-9e7a47a8c864
2026-04-01 11:27:17|qwen|web_search_no_think|2|QUESTION_ADVANCE||1568|c5b81337-4b7a-47ce-b457-60a336a88763
2026-04-01 11:27:26|qwen|web_search_no_think|4|JSON_VERIFIED||1662|64a0f4cf-4829-4c28-8771-bb2b6dde6d16
2026-04-01 11:27:26|qwen|web_search_no_think|4|QUESTION|15|1662|64a0f4cf-4829-4c28-8771-bb2b6dde6d16
2026-04-01 11:27:26|qwen|web_search_no_think|4|JSON_SAVED||1662|64a0f4cf-4829-4c28-8771-bb2b6dde6d16
2026-04-01 11:27:26|qwen|web_search_no_think|4|QUESTION_ADVANCE||1663|dc96019a-1a1f-4a8e-a025-d6ef91724fb1
2026-04-01 11:27:27|qwen|web_search_no_think|5|JSON_VERIFIED||1714|55159f5b-c863-4168-85ab-571bd9a59b22
2026-04-01 11:27:27|qwen|web_search_no_think|5|QUESTION|14|1714|55159f5b-c863-4168-85ab-571bd9a59b22
2026-04-01 11:27:27|qwen|web_search_no_think|5|JSON_SAVED||1714|55159f5b-c863-4168-85ab-571bd9a59b22
2026-04-01 11:27:27|qwen|web_search_no_think|5|QUESTION_ADVANCE||1715|341e240c-6a98-4e31-bb46-eafea35440c4
2026-04-01 11:27:29|qwen|web_search_no_think|1|QUESTION_SENT||1516|48c455b1-38c2-40cc-bc3f-5cbf1ecbfb4d
2026-04-01 11:27:44|qwen|web_search_no_think|2|QUESTION_SENT||1568|c5b81337-4b7a-47ce-b457-60a336a88763
2026-04-01 11:27:52|qwen|web_search_no_think|4|QUESTION_SENT||1663|dc96019a-1a1f-4a8e-a025-d6ef91724fb1
2026-04-01 11:27:53|qwen|web_search_no_think|5|QUESTION_SENT||1715|341e240c-6a98-4e31-bb46-eafea35440c4
2026-04-01 11:28:33|qwen|web_search_no_think|3|JSON_VERIFY_FAILED||1615|92366eab-ed6e-4922-be27-68347066981a
2026-04-01 11:28:33|qwen|web_search_no_think|3|QUESTION|16|1615|92366eab-ed6e-4922-be27-68347066981a
2026-04-01 11:28:44|qwen|web_search_no_think|0|JSON_VERIFIED||1468|f664b649-8ee7-4355-81d7-0aebe76e79e7
2026-04-01 11:28:44|qwen|web_search_no_think|0|QUESTION|21|1468|f664b649-8ee7-4355-81d7-0aebe76e79e7
2026-04-01 11:28:44|qwen|web_search_no_think|0|JSON_SAVED||1468|f664b649-8ee7-4355-81d7-0aebe76e79e7
2026-04-01 11:28:44|qwen|web_search_no_think|0|QUESTION_ADVANCE||1469|ef089736-63bc-4b31-b871-030ade6d21d7
2026-04-01 11:28:59|qwen|web_search_no_think|3|QUESTION_SENT||1615|92366eab-ed6e-4922-be27-68347066981a
2026-04-01 11:29:04|qwen|web_search_no_think|2|JSON_VERIFIED||1568|c5b81337-4b7a-47ce-b457-60a336a88763
2026-04-01 11:29:04|qwen|web_search_no_think|2|QUESTION|20|1568|c5b81337-4b7a-47ce-b457-60a336a88763
2026-04-01 11:29:04|qwen|web_search_no_think|2|JSON_SAVED||1568|c5b81337-4b7a-47ce-b457-60a336a88763
2026-04-01 11:29:04|qwen|web_search_no_think|2|QUESTION_ADVANCE||1569|7bf7c8a7-b519-458d-9236-89b98ddc32a1
2026-04-01 11:29:10|qwen|web_search_no_think|0|QUESTION_SENT||1469|ef089736-63bc-4b31-b871-030ade6d21d7
2026-04-01 11:29:10|qwen|web_search_no_think|1|JSON_VERIFIED||1516|48c455b1-38c2-40cc-bc3f-5cbf1ecbfb4d
2026-04-01 11:29:10|qwen|web_search_no_think|1|QUESTION|18|1516|48c455b1-38c2-40cc-bc3f-5cbf1ecbfb4d
2026-04-01 11:29:10|qwen|web_search_no_think|1|JSON_SAVED||1516|48c455b1-38c2-40cc-bc3f-5cbf1ecbfb4d
2026-04-01 11:29:10|qwen|web_search_no_think|1|QUESTION_ADVANCE||1517|47543a2d-8bac-4e07-8aeb-511dd5705f97
2026-04-01 11:29:31|qwen|web_search_no_think|2|QUESTION_SENT||1569|7bf7c8a7-b519-458d-9236-89b98ddc32a1
2026-04-01 11:29:36|qwen|web_search_no_think|1|QUESTION_SENT||1517|47543a2d-8bac-4e07-8aeb-511dd5705f97
2026-04-01 11:29:53|qwen|web_search_no_think|4|JSON_VERIFIED||1663|dc96019a-1a1f-4a8e-a025-d6ef91724fb1
2026-04-01 11:29:53|qwen|web_search_no_think|4|QUESTION|16|1663|dc96019a-1a1f-4a8e-a025-d6ef91724fb1
2026-04-01 11:29:53|qwen|web_search_no_think|4|JSON_SAVED||1663|dc96019a-1a1f-4a8e-a025-d6ef91724fb1
2026-04-01 11:29:53|qwen|web_search_no_think|4|QUESTION_ADVANCE||1664|1371c2ee-d4b3-4657-9d0b-42852aba2696
2026-04-01 11:30:17|qwen|web_search_no_think|3|JSON_VERIFIED||1615|92366eab-ed6e-4922-be27-68347066981a
2026-04-01 11:30:17|qwen|web_search_no_think|3|QUESTION|17|1615|92366eab-ed6e-4922-be27-68347066981a
2026-04-01 11:30:17|qwen|web_search_no_think|3|JSON_SAVED||1615|92366eab-ed6e-4922-be27-68347066981a
2026-04-01 11:30:17|qwen|web_search_no_think|3|QUESTION_ADVANCE||1616|b3adcef4-cc14-4ce1-8257-0d28f4f8185c
2026-04-01 11:30:19|qwen|web_search_no_think|4|QUESTION_SENT||1664|1371c2ee-d4b3-4657-9d0b-42852aba2696
2026-04-01 11:30:23|qwen|web_search_no_think|5|QUESTION_SENT||1715|341e240c-6a98-4e31-bb46-eafea35440c4
2026-04-01 11:30:31|qwen|web_search_no_think|0|JSON_VERIFIED||1469|ef089736-63bc-4b31-b871-030ade6d21d7
2026-04-01 11:30:31|qwen|web_search_no_think|0|QUESTION|22|1469|ef089736-63bc-4b31-b871-030ade6d21d7
2026-04-01 11:30:31|qwen|web_search_no_think|0|JSON_SAVED||1469|ef089736-63bc-4b31-b871-030ade6d21d7
2026-04-01 11:30:31|qwen|web_search_no_think|0|QUESTION_ADVANCE||1470|372b7612-a095-4dd0-89cb-28c8a2edc97b
2026-04-01 11:30:44|qwen|web_search_no_think|3|QUESTION_SENT||1616|b3adcef4-cc14-4ce1-8257-0d28f4f8185c
2026-04-01 11:30:56|qwen|web_search_no_think|2|JSON_VERIFIED||1569|7bf7c8a7-b519-458d-9236-89b98ddc32a1
2026-04-01 11:30:56|qwen|web_search_no_think|2|QUESTION|21|1569|7bf7c8a7-b519-458d-9236-89b98ddc32a1
2026-04-01 11:30:56|qwen|web_search_no_think|2|JSON_SAVED||1569|7bf7c8a7-b519-458d-9236-89b98ddc32a1
2026-04-01 11:30:56|qwen|web_search_no_think|2|QUESTION_ADVANCE||1570|d09626b5-2e56-405e-995c-10630b98ea65
2026-04-01 11:30:57|qwen|web_search_no_think|0|QUESTION_SENT||1470|372b7612-a095-4dd0-89cb-28c8a2edc97b
2026-04-01 11:31:21|qwen|web_search_no_think|1|JSON_VERIFIED||1517|47543a2d-8bac-4e07-8aeb-511dd5705f97
2026-04-01 11:31:21|qwen|web_search_no_think|1|QUESTION|19|1517|47543a2d-8bac-4e07-8aeb-511dd5705f97
2026-04-01 11:31:21|qwen|web_search_no_think|1|JSON_SAVED||1517|47543a2d-8bac-4e07-8aeb-511dd5705f97
2026-04-01 11:31:21|qwen|web_search_no_think|1|QUESTION_ADVANCE||1518|ced5b472-89eb-488f-a03a-0d5ea37d58f0
2026-04-01 11:31:22|qwen|web_search_no_think|2|QUESTION_SENT||1570|d09626b5-2e56-405e-995c-10630b98ea65
2026-04-01 11:31:48|qwen|web_search_no_think|1|QUESTION_SENT||1518|ced5b472-89eb-488f-a03a-0d5ea37d58f0
2026-04-01 11:31:51|qwen|web_search_no_think|5|JSON_VERIFIED||1715|341e240c-6a98-4e31-bb46-eafea35440c4
2026-04-01 11:31:51|qwen|web_search_no_think|5|QUESTION|15|1715|341e240c-6a98-4e31-bb46-eafea35440c4
2026-04-01 11:31:51|qwen|web_search_no_think|5|JSON_SAVED||1715|341e240c-6a98-4e31-bb46-eafea35440c4
2026-04-01 11:31:51|qwen|web_search_no_think|5|QUESTION_ADVANCE||1716|c95777fa-f787-48c6-abd2-f846fd1a796e
2026-04-01 11:32:00|qwen|web_search_no_think|3|JSON_VERIFIED||1616|b3adcef4-cc14-4ce1-8257-0d28f4f8185c
2026-04-01 11:32:00|qwen|web_search_no_think|3|QUESTION|18|1616|b3adcef4-cc14-4ce1-8257-0d28f4f8185c
2026-04-01 11:32:00|qwen|web_search_no_think|3|JSON_SAVED||1616|b3adcef4-cc14-4ce1-8257-0d28f4f8185c
2026-04-01 11:32:00|qwen|web_search_no_think|3|QUESTION_ADVANCE||1617|02627d91-c756-419e-88e7-666be8a78320
2026-04-01 11:32:17|qwen|web_search_no_think|5|QUESTION_SENT||1716|c95777fa-f787-48c6-abd2-f846fd1a796e
2026-04-01 11:32:27|qwen|web_search_no_think|3|QUESTION_SENT||1617|02627d91-c756-419e-88e7-666be8a78320
2026-04-01 11:32:33|qwen|web_search_no_think|2|JSON_VERIFIED||1570|d09626b5-2e56-405e-995c-10630b98ea65
2026-04-01 11:32:33|qwen|web_search_no_think|2|QUESTION|22|1570|d09626b5-2e56-405e-995c-10630b98ea65
2026-04-01 11:32:33|qwen|web_search_no_think|2|JSON_SAVED||1570|d09626b5-2e56-405e-995c-10630b98ea65
2026-04-01 11:32:33|qwen|web_search_no_think|2|QUESTION_ADVANCE||1571|7c3bf9eb-a714-4897-be17-e4aca2677164
2026-04-01 11:32:48|qwen|web_search_no_think|4|JSON_VERIFIED||1664|1371c2ee-d4b3-4657-9d0b-42852aba2696
2026-04-01 11:32:48|qwen|web_search_no_think|4|QUESTION|17|1664|1371c2ee-d4b3-4657-9d0b-42852aba2696
2026-04-01 11:32:48|qwen|web_search_no_think|4|JSON_SAVED||1664|1371c2ee-d4b3-4657-9d0b-42852aba2696
2026-04-01 11:32:48|qwen|web_search_no_think|4|QUESTION_ADVANCE||1665|89f2d20e-82d7-4e57-ae7b-ceecb65931e1
2026-04-01 11:33:00|qwen|web_search_no_think|2|QUESTION_SENT||1571|7c3bf9eb-a714-4897-be17-e4aca2677164
2026-04-01 11:33:15|qwen|web_search_no_think|4|QUESTION_SENT||1665|89f2d20e-82d7-4e57-ae7b-ceecb65931e1
2026-04-01 11:33:21|qwen|web_search_no_think|1|JSON_VERIFY_FAILED||1518|ced5b472-89eb-488f-a03a-0d5ea37d58f0
2026-04-01 11:33:21|qwen|web_search_no_think|1|QUESTION|20|1518|ced5b472-89eb-488f-a03a-0d5ea37d58f0
2026-04-01 11:33:32|qwen|web_search_no_think|0|JSON_VERIFY_FAILED||1470|372b7612-a095-4dd0-89cb-28c8a2edc97b
2026-04-01 11:33:32|qwen|web_search_no_think|0|QUESTION|23|1470|372b7612-a095-4dd0-89cb-28c8a2edc97b
2026-04-01 11:33:48|qwen|web_search_no_think|1|QUESTION_SENT||1518|ced5b472-89eb-488f-a03a-0d5ea37d58f0
2026-04-01 11:33:58|qwen|web_search_no_think|0|QUESTION_SENT||1470|372b7612-a095-4dd0-89cb-28c8a2edc97b
2026-04-01 11:34:32|qwen|web_search_no_think|3|JSON_VERIFIED||1617|02627d91-c756-419e-88e7-666be8a78320
2026-04-01 11:34:32|qwen|web_search_no_think|3|QUESTION|19|1617|02627d91-c756-419e-88e7-666be8a78320
2026-04-01 11:34:32|qwen|web_search_no_think|3|JSON_SAVED||1617|02627d91-c756-419e-88e7-666be8a78320
2026-04-01 11:34:32|qwen|web_search_no_think|3|QUESTION_ADVANCE||1618|ec5d3648-d21a-4649-80de-8b9fedf76a8d
2026-04-01 11:34:45|qwen|web_search_no_think|2|JSON_VERIFIED||1571|7c3bf9eb-a714-4897-be17-e4aca2677164
2026-04-01 11:34:45|qwen|web_search_no_think|2|QUESTION|23|1571|7c3bf9eb-a714-4897-be17-e4aca2677164
2026-04-01 11:34:45|qwen|web_search_no_think|2|JSON_SAVED||1571|7c3bf9eb-a714-4897-be17-e4aca2677164
2026-04-01 11:34:45|qwen|web_search_no_think|2|QUESTION_ADVANCE||1572|63d2a172-245a-4e20-b7b2-672890f949a9
2026-04-01 11:34:58|qwen|web_search_no_think|3|QUESTION_SENT||1618|ec5d3648-d21a-4649-80de-8b9fedf76a8d
2026-04-01 11:35:06|qwen|web_search_no_think|5|JSON_VERIFIED||1716|c95777fa-f787-48c6-abd2-f846fd1a796e
2026-04-01 11:35:06|qwen|web_search_no_think|5|QUESTION|16|1716|c95777fa-f787-48c6-abd2-f846fd1a796e
2026-04-01 11:35:06|qwen|web_search_no_think|5|JSON_SAVED||1716|c95777fa-f787-48c6-abd2-f846fd1a796e
2026-04-01 11:35:06|qwen|web_search_no_think|5|QUESTION_ADVANCE||1717|1bab8d26-6483-415b-803e-6724a62df583
2026-04-01 11:35:11|qwen|web_search_no_think|2|QUESTION_SENT||1572|63d2a172-245a-4e20-b7b2-672890f949a9
2026-04-01 11:35:34|qwen|web_search_no_think|5|QUESTION_SENT||1717|1bab8d26-6483-415b-803e-6724a62df583
2026-04-01 11:35:56|qwen|web_search_no_think|4|JSON_VERIFIED||1665|89f2d20e-82d7-4e57-ae7b-ceecb65931e1
2026-04-01 11:35:56|qwen|web_search_no_think|4|QUESTION|18|1665|89f2d20e-82d7-4e57-ae7b-ceecb65931e1
2026-04-01 11:35:56|qwen|web_search_no_think|4|JSON_SAVED||1665|89f2d20e-82d7-4e57-ae7b-ceecb65931e1
2026-04-01 11:35:56|qwen|web_search_no_think|4|QUESTION_ADVANCE||1666|37530acf-2c5f-4b06-bf79-a9755c188662
2026-04-01 11:36:23|qwen|web_search_no_think|4|QUESTION_SENT||1666|37530acf-2c5f-4b06-bf79-a9755c188662
2026-04-01 11:36:27|qwen|web_search_no_think|0|JSON_VERIFIED||1470|372b7612-a095-4dd0-89cb-28c8a2edc97b
2026-04-01 11:36:27|qwen|web_search_no_think|0|QUESTION|24|1470|372b7612-a095-4dd0-89cb-28c8a2edc97b
2026-04-01 11:36:27|qwen|web_search_no_think|0|JSON_SAVED||1470|372b7612-a095-4dd0-89cb-28c8a2edc97b
2026-04-01 11:36:27|qwen|web_search_no_think|0|QUESTION_ADVANCE||1471|6e18e25f-7634-4fc1-8d0e-3186ab1b1625
2026-04-01 11:36:54|qwen|web_search_no_think|0|QUESTION_SENT||1471|6e18e25f-7634-4fc1-8d0e-3186ab1b1625
2026-04-01 11:37:03|qwen|web_search_no_think|2|JSON_VERIFIED||1572|63d2a172-245a-4e20-b7b2-672890f949a9
2026-04-01 11:37:03|qwen|web_search_no_think|2|QUESTION|24|1572|63d2a172-245a-4e20-b7b2-672890f949a9
2026-04-01 11:37:03|qwen|web_search_no_think|2|JSON_SAVED||1572|63d2a172-245a-4e20-b7b2-672890f949a9
2026-04-01 11:37:03|qwen|web_search_no_think|2|QUESTION_ADVANCE||1573|a33b7b38-b37e-457c-822b-2b05cae9478f
2026-04-01 11:37:29|qwen|web_search_no_think|2|QUESTION_SENT||1573|a33b7b38-b37e-457c-822b-2b05cae9478f
2026-04-01 11:37:42|qwen|web_search_no_think|4|JSON_VERIFIED||1666|37530acf-2c5f-4b06-bf79-a9755c188662
2026-04-01 11:37:42|qwen|web_search_no_think|4|QUESTION|19|1666|37530acf-2c5f-4b06-bf79-a9755c188662
2026-04-01 11:37:42|qwen|web_search_no_think|4|JSON_SAVED||1666|37530acf-2c5f-4b06-bf79-a9755c188662
2026-04-01 11:37:42|qwen|web_search_no_think|4|QUESTION_ADVANCE||1667|08eed6f0-7b9f-4a26-94d7-0d6d3a3266ff
2026-04-01 11:37:43|qwen|web_search_no_think|3|JSON_VERIFIED||1618|ec5d3648-d21a-4649-80de-8b9fedf76a8d
2026-04-01 11:37:43|qwen|web_search_no_think|3|QUESTION|20|1618|ec5d3648-d21a-4649-80de-8b9fedf76a8d
2026-04-01 11:37:43|qwen|web_search_no_think|3|JSON_SAVED||1618|ec5d3648-d21a-4649-80de-8b9fedf76a8d
2026-04-01 11:37:43|qwen|web_search_no_think|3|QUESTION_ADVANCE||1619|f243d378-919b-450d-a18a-9e10fe79b24c
2026-04-01 11:37:52|qwen|web_search_no_think|5|JSON_VERIFIED||1717|1bab8d26-6483-415b-803e-6724a62df583
2026-04-01 11:37:52|qwen|web_search_no_think|5|QUESTION|17|1717|1bab8d26-6483-415b-803e-6724a62df583
2026-04-01 11:37:52|qwen|web_search_no_think|5|JSON_SAVED||1717|1bab8d26-6483-415b-803e-6724a62df583
2026-04-01 11:37:52|qwen|web_search_no_think|5|QUESTION_ADVANCE||1718|afb41be7-5738-442e-8c19-36539854d150
2026-04-01 11:37:57|qwen|web_search_no_think|0|JSON_VERIFIED||1471|6e18e25f-7634-4fc1-8d0e-3186ab1b1625
2026-04-01 11:37:57|qwen|web_search_no_think|0|QUESTION|25|1471|6e18e25f-7634-4fc1-8d0e-3186ab1b1625
2026-04-01 11:37:57|qwen|web_search_no_think|0|JSON_SAVED||1471|6e18e25f-7634-4fc1-8d0e-3186ab1b1625
2026-04-01 11:37:57|qwen|web_search_no_think|0|QUESTION_ADVANCE||1472|b41456bb-682c-457b-a746-69bd12387cde
2026-04-01 11:38:09|qwen|web_search_no_think|4|QUESTION_SENT||1667|08eed6f0-7b9f-4a26-94d7-0d6d3a3266ff
2026-04-01 11:38:09|qwen|web_search_no_think|3|QUESTION_SENT||1619|f243d378-919b-450d-a18a-9e10fe79b24c
2026-04-01 11:38:18|qwen|web_search_no_think|5|QUESTION_SENT||1718|afb41be7-5738-442e-8c19-36539854d150
2026-04-01 11:38:24|qwen|web_search_no_think|0|QUESTION_SENT||1472|b41456bb-682c-457b-a746-69bd12387cde
2026-04-01 11:38:38|qwen|web_search_no_think|2|JSON_VERIFIED||1573|a33b7b38-b37e-457c-822b-2b05cae9478f
2026-04-01 11:38:38|qwen|web_search_no_think|2|QUESTION|25|1573|a33b7b38-b37e-457c-822b-2b05cae9478f
2026-04-01 11:38:38|qwen|web_search_no_think|2|JSON_SAVED||1573|a33b7b38-b37e-457c-822b-2b05cae9478f
2026-04-01 11:38:38|qwen|web_search_no_think|2|QUESTION_ADVANCE||1574|399964d4-8ff1-4d2a-9200-ce01abb48cb8
2026-04-01 11:39:04|qwen|web_search_no_think|2|QUESTION_SENT||1574|399964d4-8ff1-4d2a-9200-ce01abb48cb8
2026-04-01 11:39:07|qwen|web_search_no_think|1|JSON_VERIFIED||1518|ced5b472-89eb-488f-a03a-0d5ea37d58f0
2026-04-01 11:39:07|qwen|web_search_no_think|1|QUESTION|21|1518|ced5b472-89eb-488f-a03a-0d5ea37d58f0
2026-04-01 11:39:07|qwen|web_search_no_think|1|JSON_SAVED||1518|ced5b472-89eb-488f-a03a-0d5ea37d58f0
2026-04-01 11:39:07|qwen|web_search_no_think|1|QUESTION_ADVANCE||1519|dcf8407b-a1d9-48da-8735-8e5e6f57e3fa
2026-04-01 11:39:13|qwen|web_search_no_think|3|JSON_VERIFIED||1619|f243d378-919b-450d-a18a-9e10fe79b24c
2026-04-01 11:39:13|qwen|web_search_no_think|3|QUESTION|21|1619|f243d378-919b-450d-a18a-9e10fe79b24c
2026-04-01 11:39:13|qwen|web_search_no_think|3|JSON_SAVED||1619|f243d378-919b-450d-a18a-9e10fe79b24c
2026-04-01 11:39:13|qwen|web_search_no_think|3|QUESTION_ADVANCE||1620|0574f0d7-e1b3-4b28-806c-6acb8eccc840
2026-04-01 11:39:17|qwen|web_search_no_think|4|JSON_VERIFIED||1667|08eed6f0-7b9f-4a26-94d7-0d6d3a3266ff
2026-04-01 11:39:17|qwen|web_search_no_think|4|QUESTION|20|1667|08eed6f0-7b9f-4a26-94d7-0d6d3a3266ff
2026-04-01 11:39:17|qwen|web_search_no_think|4|JSON_SAVED||1667|08eed6f0-7b9f-4a26-94d7-0d6d3a3266ff
2026-04-01 11:39:17|qwen|web_search_no_think|4|QUESTION_ADVANCE||1668|fd965bd8-cdc7-4b30-aeba-29232944e17b
2026-04-01 11:39:29|qwen|web_search_no_think|5|JSON_VERIFIED||1718|afb41be7-5738-442e-8c19-36539854d150
2026-04-01 11:39:29|qwen|web_search_no_think|5|QUESTION|18|1718|afb41be7-5738-442e-8c19-36539854d150
2026-04-01 11:39:29|qwen|web_search_no_think|5|JSON_SAVED||1718|afb41be7-5738-442e-8c19-36539854d150
2026-04-01 11:39:29|qwen|web_search_no_think|5|QUESTION_ADVANCE||1719|ce5abb8f-3940-4fcc-8891-a70386dcb74f
2026-04-01 11:39:34|qwen|web_search_no_think|1|QUESTION_SENT||1519|dcf8407b-a1d9-48da-8735-8e5e6f57e3fa
2026-04-01 11:39:39|qwen|web_search_no_think|3|QUESTION_SENT||1620|0574f0d7-e1b3-4b28-806c-6acb8eccc840
2026-04-01 11:39:43|qwen|web_search_no_think|4|QUESTION_SENT||1668|fd965bd8-cdc7-4b30-aeba-29232944e17b
2026-04-01 11:39:45|qwen|web_search_no_think|0|JSON_VERIFIED||1472|b41456bb-682c-457b-a746-69bd12387cde
2026-04-01 11:39:45|qwen|web_search_no_think|0|QUESTION|26|1472|b41456bb-682c-457b-a746-69bd12387cde
2026-04-01 11:39:45|qwen|web_search_no_think|0|JSON_SAVED||1472|b41456bb-682c-457b-a746-69bd12387cde
2026-04-01 11:39:45|qwen|web_search_no_think|0|QUESTION_ADVANCE||1473|662daa8f-b893-48ac-9849-d44ccfccaac8
2026-04-01 11:39:55|qwen|web_search_no_think|5|QUESTION_SENT||1719|ce5abb8f-3940-4fcc-8891-a70386dcb74f
2026-04-01 11:40:11|qwen|web_search_no_think|0|QUESTION_SENT||1473|662daa8f-b893-48ac-9849-d44ccfccaac8
2026-04-01 11:40:35|qwen|web_search_no_think|2|JSON_VERIFIED||1574|399964d4-8ff1-4d2a-9200-ce01abb48cb8
2026-04-01 11:40:35|qwen|web_search_no_think|2|QUESTION|26|1574|399964d4-8ff1-4d2a-9200-ce01abb48cb8
2026-04-01 11:40:35|qwen|web_search_no_think|2|JSON_SAVED||1574|399964d4-8ff1-4d2a-9200-ce01abb48cb8
2026-04-01 11:40:35|qwen|web_search_no_think|2|QUESTION_ADVANCE||1575|d95387c4-7334-4c73-b8ed-8f56dd47f5af
2026-04-01 11:40:47|qwen|web_search_no_think|1|JSON_VERIFIED||1519|dcf8407b-a1d9-48da-8735-8e5e6f57e3fa
2026-04-01 11:40:47|qwen|web_search_no_think|1|QUESTION|22|1519|dcf8407b-a1d9-48da-8735-8e5e6f57e3fa
2026-04-01 11:40:47|qwen|web_search_no_think|1|JSON_SAVED||1519|dcf8407b-a1d9-48da-8735-8e5e6f57e3fa
2026-04-01 11:40:47|qwen|web_search_no_think|1|QUESTION_ADVANCE||1520|a8067b17-9067-4ece-bcd8-a2953599d261
2026-04-01 11:40:59|qwen|web_search_no_think|5|JSON_VERIFIED||1719|ce5abb8f-3940-4fcc-8891-a70386dcb74f
2026-04-01 11:40:59|qwen|web_search_no_think|5|QUESTION|19|1719|ce5abb8f-3940-4fcc-8891-a70386dcb74f
2026-04-01 11:40:59|qwen|web_search_no_think|5|JSON_SAVED||1719|ce5abb8f-3940-4fcc-8891-a70386dcb74f
2026-04-01 11:40:59|qwen|web_search_no_think|5|QUESTION_ADVANCE||1720|20ca6018-789a-4148-89ba-760780589185
2026-04-01 11:41:01|qwen|web_search_no_think|2|QUESTION_SENT||1575|d95387c4-7334-4c73-b8ed-8f56dd47f5af
2026-04-01 11:41:03|qwen|web_search_no_think|4|JSON_VERIFY_FAILED||1668|fd965bd8-cdc7-4b30-aeba-29232944e17b
2026-04-01 11:41:03|qwen|web_search_no_think|4|QUESTION|21|1668|fd965bd8-cdc7-4b30-aeba-29232944e17b
2026-04-01 11:41:14|qwen|web_search_no_think|1|QUESTION_SENT||1520|a8067b17-9067-4ece-bcd8-a2953599d261
2026-04-01 11:41:25|qwen|web_search_no_think|5|QUESTION_SENT||1720|20ca6018-789a-4148-89ba-760780589185
2026-04-01 11:41:29|qwen|web_search_no_think|4|QUESTION_SENT||1668|fd965bd8-cdc7-4b30-aeba-29232944e17b
2026-04-01 11:41:43|qwen|web_search_no_think|0|JSON_VERIFIED||1473|662daa8f-b893-48ac-9849-d44ccfccaac8
2026-04-01 11:41:43|qwen|web_search_no_think|0|QUESTION|27|1473|662daa8f-b893-48ac-9849-d44ccfccaac8
2026-04-01 11:41:43|qwen|web_search_no_think|0|JSON_SAVED||1473|662daa8f-b893-48ac-9849-d44ccfccaac8
2026-04-01 11:41:43|qwen|web_search_no_think|0|QUESTION_ADVANCE||1474|f8d6c74b-39d8-4b8d-bf40-f86268340961
2026-04-01 11:42:10|qwen|web_search_no_think|0|QUESTION_SENT||1474|f8d6c74b-39d8-4b8d-bf40-f86268340961
2026-04-01 11:42:33|qwen|web_search_no_think|2|JSON_VERIFY_FAILED||1575|d95387c4-7334-4c73-b8ed-8f56dd47f5af
2026-04-01 11:42:33|qwen|web_search_no_think|2|QUESTION|27|1575|d95387c4-7334-4c73-b8ed-8f56dd47f5af
2026-04-01 11:42:34|qwen|web_search_no_think|4|JSON_VERIFY_FAILED||1668|fd965bd8-cdc7-4b30-aeba-29232944e17b
2026-04-01 11:42:34|qwen|web_search_no_think|4|QUESTION|22|1668|fd965bd8-cdc7-4b30-aeba-29232944e17b
2026-04-01 11:42:36|qwen|web_search_no_think|5|JSON_VERIFIED||1720|20ca6018-789a-4148-89ba-760780589185
2026-04-01 11:42:36|qwen|web_search_no_think|5|QUESTION|20|1720|20ca6018-789a-4148-89ba-760780589185
2026-04-01 11:42:36|qwen|web_search_no_think|5|JSON_SAVED||1720|20ca6018-789a-4148-89ba-760780589185
2026-04-01 11:42:36|qwen|web_search_no_think|5|QUESTION_ADVANCE||1721|436d302e-9830-4eaa-bf64-2cf39531df9b
2026-04-01 11:43:00|qwen|web_search_no_think|2|QUESTION_SENT||1575|d95387c4-7334-4c73-b8ed-8f56dd47f5af
2026-04-01 11:43:01|qwen|web_search_no_think|4|QUESTION_SENT||1668|fd965bd8-cdc7-4b30-aeba-29232944e17b
2026-04-01 11:43:03|qwen|web_search_no_think|5|QUESTION_SENT||1721|436d302e-9830-4eaa-bf64-2cf39531df9b
2026-04-01 11:43:37|qwen|web_search_no_think|1|JSON_VERIFIED||1520|a8067b17-9067-4ece-bcd8-a2953599d261
2026-04-01 11:43:37|qwen|web_search_no_think|1|QUESTION|23|1520|a8067b17-9067-4ece-bcd8-a2953599d261
2026-04-01 11:43:37|qwen|web_search_no_think|1|JSON_SAVED||1520|a8067b17-9067-4ece-bcd8-a2953599d261
2026-04-01 11:43:37|qwen|web_search_no_think|1|QUESTION_ADVANCE||1521|4fa8832d-e9d8-4485-8c56-df48a59afc2f
2026-04-01 11:43:42|qwen|web_search_no_think|0|JSON_VERIFIED||1474|f8d6c74b-39d8-4b8d-bf40-f86268340961
2026-04-01 11:43:42|qwen|web_search_no_think|0|QUESTION|28|1474|f8d6c74b-39d8-4b8d-bf40-f86268340961
2026-04-01 11:43:42|qwen|web_search_no_think|0|JSON_SAVED||1474|f8d6c74b-39d8-4b8d-bf40-f86268340961
2026-04-01 11:43:42|qwen|web_search_no_think|0|QUESTION_ADVANCE||1475|570d0769-8d0b-40a6-ac10-2007e1122be4
2026-04-01 11:44:03|qwen|web_search_no_think|1|QUESTION_SENT||1521|4fa8832d-e9d8-4485-8c56-df48a59afc2f
2026-04-01 11:44:08|qwen|web_search_no_think|0|QUESTION_SENT||1475|570d0769-8d0b-40a6-ac10-2007e1122be4
2026-04-01 11:44:09|qwen|web_search_no_think|4|JSON_VERIFIED||1668|fd965bd8-cdc7-4b30-aeba-29232944e17b
2026-04-01 11:44:09|qwen|web_search_no_think|4|QUESTION|23|1668|fd965bd8-cdc7-4b30-aeba-29232944e17b
2026-04-01 11:44:09|qwen|web_search_no_think|4|JSON_SAVED||1668|fd965bd8-cdc7-4b30-aeba-29232944e17b
2026-04-01 11:44:09|qwen|web_search_no_think|4|QUESTION_ADVANCE||1669|d3c02f26-455d-473b-9a63-b60a71c740c2
2026-04-01 11:44:16|qwen|web_search_no_think|2|JSON_VERIFIED||1575|d95387c4-7334-4c73-b8ed-8f56dd47f5af
2026-04-01 11:44:16|qwen|web_search_no_think|2|QUESTION|28|1575|d95387c4-7334-4c73-b8ed-8f56dd47f5af
2026-04-01 11:44:16|qwen|web_search_no_think|2|JSON_SAVED||1575|d95387c4-7334-4c73-b8ed-8f56dd47f5af
2026-04-01 11:44:16|qwen|web_search_no_think|2|QUESTION_ADVANCE||1576|4d6a0ddc-ab71-40a0-b048-b55bfd08c5b7
2026-04-01 11:44:35|qwen|web_search_no_think|4|QUESTION_SENT||1669|d3c02f26-455d-473b-9a63-b60a71c740c2
2026-04-01 11:44:36|qwen|web_search_no_think|3|QUESTION_SENT||1620|0574f0d7-e1b3-4b28-806c-6acb8eccc840
2026-04-01 11:44:43|qwen|web_search_no_think|2|QUESTION_SENT||1576|4d6a0ddc-ab71-40a0-b048-b55bfd08c5b7
2026-04-01 11:45:14|qwen|web_search_no_think|0|JSON_VERIFIED||1475|570d0769-8d0b-40a6-ac10-2007e1122be4
2026-04-01 11:45:14|qwen|web_search_no_think|0|QUESTION|29|1475|570d0769-8d0b-40a6-ac10-2007e1122be4
2026-04-01 11:45:14|qwen|web_search_no_think|0|JSON_SAVED||1475|570d0769-8d0b-40a6-ac10-2007e1122be4
2026-04-01 11:45:14|qwen|web_search_no_think|0|QUESTION_ADVANCE||1476|285950a8-7fe1-4d9d-a6d7-65c7dd4e7503
2026-04-01 11:45:24|qwen|web_search_no_think|5|QUESTION_SENT||1721|436d302e-9830-4eaa-bf64-2cf39531df9b
2026-04-01 11:45:24|qwen|web_search_no_think|1|JSON_VERIFIED||1521|4fa8832d-e9d8-4485-8c56-df48a59afc2f
2026-04-01 11:45:24|qwen|web_search_no_think|1|QUESTION|24|1521|4fa8832d-e9d8-4485-8c56-df48a59afc2f
2026-04-01 11:45:24|qwen|web_search_no_think|1|JSON_SAVED||1521|4fa8832d-e9d8-4485-8c56-df48a59afc2f
2026-04-01 11:45:24|qwen|web_search_no_think|1|QUESTION_ADVANCE||1522|281e0497-749d-49aa-8c39-42399f6ae6e9
2026-04-01 11:45:40|qwen|web_search_no_think|0|QUESTION_SENT||1476|285950a8-7fe1-4d9d-a6d7-65c7dd4e7503
2026-04-01 11:45:45|qwen|web_search_no_think|3|JSON_VERIFIED||1620|0574f0d7-e1b3-4b28-806c-6acb8eccc840
2026-04-01 11:45:45|qwen|web_search_no_think|3|QUESTION|22|1620|0574f0d7-e1b3-4b28-806c-6acb8eccc840
2026-04-01 11:45:45|qwen|web_search_no_think|3|JSON_SAVED||1620|0574f0d7-e1b3-4b28-806c-6acb8eccc840
2026-04-01 11:45:45|qwen|web_search_no_think|3|QUESTION_ADVANCE||1621|49faf71a-50ea-428a-b34d-ba2b5a1dc6e1
2026-04-01 11:45:51|qwen|web_search_no_think|1|QUESTION_SENT||1522|281e0497-749d-49aa-8c39-42399f6ae6e9
2026-04-01 11:45:55|qwen|web_search_no_think|2|JSON_VERIFIED||1576|4d6a0ddc-ab71-40a0-b048-b55bfd08c5b7
2026-04-01 11:45:55|qwen|web_search_no_think|2|QUESTION|29|1576|4d6a0ddc-ab71-40a0-b048-b55bfd08c5b7
2026-04-01 11:45:55|qwen|web_search_no_think|2|JSON_SAVED||1576|4d6a0ddc-ab71-40a0-b048-b55bfd08c5b7
2026-04-01 11:45:55|qwen|web_search_no_think|2|QUESTION_ADVANCE||1577|bfdd0d64-45ce-411d-a7ff-b0748398fb7c
2026-04-01 11:46:12|qwen|web_search_no_think|3|QUESTION_SENT||1621|49faf71a-50ea-428a-b34d-ba2b5a1dc6e1
2026-04-01 11:46:21|qwen|web_search_no_think|2|QUESTION_SENT||1577|bfdd0d64-45ce-411d-a7ff-b0748398fb7c
2026-04-01 11:46:54|qwen|web_search_no_think|0|JSON_VERIFIED||1476|285950a8-7fe1-4d9d-a6d7-65c7dd4e7503
2026-04-01 11:46:54|qwen|web_search_no_think|0|QUESTION|30|1476|285950a8-7fe1-4d9d-a6d7-65c7dd4e7503
2026-04-01 11:46:54|qwen|web_search_no_think|0|JSON_SAVED||1476|285950a8-7fe1-4d9d-a6d7-65c7dd4e7503
2026-04-01 11:46:54|qwen|web_search_no_think|0|QUESTION_ADVANCE||1477|20b6994e-00c4-4215-ac23-ce0d38dfe588
2026-04-01 11:47:04|qwen|web_search_no_think|4|JSON_VERIFIED||1669|d3c02f26-455d-473b-9a63-b60a71c740c2
2026-04-01 11:47:04|qwen|web_search_no_think|4|QUESTION|24|1669|d3c02f26-455d-473b-9a63-b60a71c740c2
2026-04-01 11:47:04|qwen|web_search_no_think|4|JSON_SAVED||1669|d3c02f26-455d-473b-9a63-b60a71c740c2
2026-04-01 11:47:04|qwen|web_search_no_think|4|QUESTION_ADVANCE||1670|131c5a10-f540-4a55-baad-b69f8a2543d1
2026-04-01 11:47:20|qwen|web_search_no_think|0|QUESTION_SENT||1477|20b6994e-00c4-4215-ac23-ce0d38dfe588
2026-04-01 11:47:30|qwen|web_search_no_think|4|QUESTION_SENT||1670|131c5a10-f540-4a55-baad-b69f8a2543d1
2026-04-01 11:47:34|qwen|web_search_no_think|1|JSON_VERIFY_FAILED||1522|281e0497-749d-49aa-8c39-42399f6ae6e9
2026-04-01 11:47:34|qwen|web_search_no_think|1|QUESTION|25|1522|281e0497-749d-49aa-8c39-42399f6ae6e9
2026-04-01 11:48:00|qwen|web_search_no_think|1|QUESTION_SENT||1522|281e0497-749d-49aa-8c39-42399f6ae6e9
2026-04-01 11:48:19|qwen|web_search_no_think|4|JSON_VERIFY_FAILED||1670|131c5a10-f540-4a55-baad-b69f8a2543d1
2026-04-01 11:48:19|qwen|web_search_no_think|4|QUESTION|25|1670|131c5a10-f540-4a55-baad-b69f8a2543d1
2026-04-01 11:48:25|qwen|web_search_no_think|0|JSON_VERIFIED||1477|20b6994e-00c4-4215-ac23-ce0d38dfe588
2026-04-01 11:48:25|qwen|web_search_no_think|0|QUESTION|31|1477|20b6994e-00c4-4215-ac23-ce0d38dfe588
2026-04-01 11:48:25|qwen|web_search_no_think|0|JSON_SAVED||1477|20b6994e-00c4-4215-ac23-ce0d38dfe588
2026-04-01 11:48:25|qwen|web_search_no_think|0|QUESTION_ADVANCE||1478|971e478a-9851-43b7-b276-1f1c43b98681
2026-04-01 11:48:45|qwen|web_search_no_think|4|QUESTION_SENT||1670|131c5a10-f540-4a55-baad-b69f8a2543d1
2026-04-01 11:48:52|qwen|web_search_no_think|0|QUESTION_SENT||1478|971e478a-9851-43b7-b276-1f1c43b98681
2026-04-01 11:48:52|qwen|web_search_no_think|5|JSON_VERIFIED||1721|436d302e-9830-4eaa-bf64-2cf39531df9b
2026-04-01 11:48:52|qwen|web_search_no_think|5|QUESTION|21|1721|436d302e-9830-4eaa-bf64-2cf39531df9b
2026-04-01 11:48:52|qwen|web_search_no_think|5|JSON_SAVED||1721|436d302e-9830-4eaa-bf64-2cf39531df9b
2026-04-01 11:48:52|qwen|web_search_no_think|5|QUESTION_ADVANCE||1722|49360700-d55d-4b40-932e-e9d5181f4a59
2026-04-01 11:49:14|qwen|web_search_no_think|2|JSON_VERIFIED||1577|bfdd0d64-45ce-411d-a7ff-b0748398fb7c
2026-04-01 11:49:14|qwen|web_search_no_think|2|QUESTION|30|1577|bfdd0d64-45ce-411d-a7ff-b0748398fb7c
2026-04-01 11:49:14|qwen|web_search_no_think|2|JSON_SAVED||1577|bfdd0d64-45ce-411d-a7ff-b0748398fb7c
2026-04-01 11:49:14|qwen|web_search_no_think|2|QUESTION_ADVANCE||1578|8ba62bfd-a6db-4ef5-a4e3-4efdaa358814
2026-04-01 11:49:18|qwen|web_search_no_think|5|QUESTION_SENT||1722|49360700-d55d-4b40-932e-e9d5181f4a59
2026-04-01 11:49:24|qwen|web_search_no_think|1|JSON_VERIFIED||1522|281e0497-749d-49aa-8c39-42399f6ae6e9
2026-04-01 11:49:24|qwen|web_search_no_think|1|QUESTION|26|1522|281e0497-749d-49aa-8c39-42399f6ae6e9
2026-04-01 11:49:24|qwen|web_search_no_think|1|JSON_SAVED||1522|281e0497-749d-49aa-8c39-42399f6ae6e9
2026-04-01 11:49:24|qwen|web_search_no_think|1|QUESTION_ADVANCE||1523|e0686063-bc67-4d8c-9a48-417b02cbae0c
2026-04-01 11:49:41|qwen|web_search_no_think|2|QUESTION_SENT||1578|8ba62bfd-a6db-4ef5-a4e3-4efdaa358814
2026-04-01 11:49:51|qwen|web_search_no_think|1|QUESTION_SENT||1523|e0686063-bc67-4d8c-9a48-417b02cbae0c
2026-04-01 11:50:09|qwen|web_search_no_think|4|JSON_VERIFIED||1670|131c5a10-f540-4a55-baad-b69f8a2543d1
2026-04-01 11:50:09|qwen|web_search_no_think|4|QUESTION|26|1670|131c5a10-f540-4a55-baad-b69f8a2543d1
2026-04-01 11:50:09|qwen|web_search_no_think|4|JSON_SAVED||1670|131c5a10-f540-4a55-baad-b69f8a2543d1
2026-04-01 11:50:09|qwen|web_search_no_think|4|QUESTION_ADVANCE||1671|ee70d998-8471-4df6-a9ee-caee8410fa74
2026-04-01 11:50:35|qwen|web_search_no_think|4|QUESTION_SENT||1671|ee70d998-8471-4df6-a9ee-caee8410fa74
2026-04-01 11:50:50|qwen|web_search_no_think|2|JSON_VERIFIED||1578|8ba62bfd-a6db-4ef5-a4e3-4efdaa358814
2026-04-01 11:50:50|qwen|web_search_no_think|2|QUESTION|31|1578|8ba62bfd-a6db-4ef5-a4e3-4efdaa358814
2026-04-01 11:50:50|qwen|web_search_no_think|2|JSON_SAVED||1578|8ba62bfd-a6db-4ef5-a4e3-4efdaa358814
2026-04-01 11:50:50|qwen|web_search_no_think|2|QUESTION_ADVANCE||1579|414cd370-8205-4753-a629-a1fa09ce524d
2026-04-01 11:51:14|qwen|web_search_no_think|3|QUESTION_SENT||1621|49faf71a-50ea-428a-b34d-ba2b5a1dc6e1
2026-04-01 11:51:17|qwen|web_search_no_think|2|QUESTION_SENT||1579|414cd370-8205-4753-a629-a1fa09ce524d
2026-04-01 11:51:36|qwen|web_search_no_think|1|JSON_VERIFY_FAILED||1523|e0686063-bc67-4d8c-9a48-417b02cbae0c
2026-04-01 11:51:36|qwen|web_search_no_think|1|QUESTION|27|1523|e0686063-bc67-4d8c-9a48-417b02cbae0c
2026-04-01 11:51:45|qwen|web_search_no_think|5|JSON_VERIFIED||1722|49360700-d55d-4b40-932e-e9d5181f4a59
2026-04-01 11:51:45|qwen|web_search_no_think|5|QUESTION|22|1722|49360700-d55d-4b40-932e-e9d5181f4a59
2026-04-01 11:51:45|qwen|web_search_no_think|5|JSON_SAVED||1722|49360700-d55d-4b40-932e-e9d5181f4a59
2026-04-01 11:51:45|qwen|web_search_no_think|5|QUESTION_ADVANCE||1723|65715a12-11c9-4487-961a-f4f007ff61ae
2026-04-01 11:51:54|qwen|web_search_no_think|4|JSON_VERIFIED||1671|ee70d998-8471-4df6-a9ee-caee8410fa74
2026-04-01 11:51:54|qwen|web_search_no_think|4|QUESTION|27|1671|ee70d998-8471-4df6-a9ee-caee8410fa74
2026-04-01 11:51:54|qwen|web_search_no_think|4|JSON_SAVED||1671|ee70d998-8471-4df6-a9ee-caee8410fa74
2026-04-01 11:51:54|qwen|web_search_no_think|4|QUESTION_ADVANCE||1672|257b2591-fcdc-4b38-b6c6-49c8d58183c0
2026-04-01 11:51:55|qwen|web_search_no_think|0|JSON_VERIFIED||1478|971e478a-9851-43b7-b276-1f1c43b98681
2026-04-01 11:51:55|qwen|web_search_no_think|0|QUESTION|32|1478|971e478a-9851-43b7-b276-1f1c43b98681
2026-04-01 11:51:55|qwen|web_search_no_think|0|JSON_SAVED||1478|971e478a-9851-43b7-b276-1f1c43b98681
2026-04-01 11:51:55|qwen|web_search_no_think|0|QUESTION_ADVANCE||1479|5abedecb-2a2c-448b-9d33-a103afc50fdc
2026-04-01 11:52:02|qwen|web_search_no_think|1|QUESTION_SENT||1523|e0686063-bc67-4d8c-9a48-417b02cbae0c
2026-04-01 11:52:11|qwen|web_search_no_think|5|QUESTION_SENT||1723|65715a12-11c9-4487-961a-f4f007ff61ae
2026-04-01 11:52:21|qwen|web_search_no_think|4|QUESTION_SENT||1672|257b2591-fcdc-4b38-b6c6-49c8d58183c0
2026-04-01 11:52:21|qwen|web_search_no_think|0|QUESTION_SENT||1479|5abedecb-2a2c-448b-9d33-a103afc50fdc
2026-04-01 11:52:23|qwen|web_search_no_think|2|JSON_VERIFIED||1579|414cd370-8205-4753-a629-a1fa09ce524d
2026-04-01 11:52:23|qwen|web_search_no_think|2|QUESTION|32|1579|414cd370-8205-4753-a629-a1fa09ce524d
2026-04-01 11:52:23|qwen|web_search_no_think|2|JSON_SAVED||1579|414cd370-8205-4753-a629-a1fa09ce524d
2026-04-01 11:52:23|qwen|web_search_no_think|2|QUESTION_ADVANCE||1580|b2d8d640-73aa-42c8-8523-9f8b028284a0
2026-04-01 11:52:50|qwen|web_search_no_think|2|QUESTION_SENT||1580|b2d8d640-73aa-42c8-8523-9f8b028284a0
2026-04-01 11:53:01|qwen|web_search_no_think|3|JSON_VERIFIED||1621|49faf71a-50ea-428a-b34d-ba2b5a1dc6e1
2026-04-01 11:53:01|qwen|web_search_no_think|3|QUESTION|23|1621|49faf71a-50ea-428a-b34d-ba2b5a1dc6e1
2026-04-01 11:53:01|qwen|web_search_no_think|3|JSON_SAVED||1621|49faf71a-50ea-428a-b34d-ba2b5a1dc6e1
2026-04-01 11:53:01|qwen|web_search_no_think|3|QUESTION_ADVANCE||1622|e0284f49-3faa-42c9-86ae-32f302118010
2026-04-01 11:53:27|qwen|web_search_no_think|3|QUESTION_SENT||1622|e0284f49-3faa-42c9-86ae-32f302118010
2026-04-01 11:53:54|qwen|web_search_no_think|4|JSON_VERIFIED||1672|257b2591-fcdc-4b38-b6c6-49c8d58183c0
2026-04-01 11:53:54|qwen|web_search_no_think|4|QUESTION|28|1672|257b2591-fcdc-4b38-b6c6-49c8d58183c0
2026-04-01 11:53:54|qwen|web_search_no_think|4|JSON_SAVED||1672|257b2591-fcdc-4b38-b6c6-49c8d58183c0
2026-04-01 11:53:54|qwen|web_search_no_think|4|QUESTION_ADVANCE||1673|1f74edda-67c5-438a-8331-be4b894fff7b
2026-04-01 11:54:00|qwen|web_search_no_think|1|JSON_VERIFIED||1523|e0686063-bc67-4d8c-9a48-417b02cbae0c
2026-04-01 11:54:00|qwen|web_search_no_think|1|QUESTION|28|1523|e0686063-bc67-4d8c-9a48-417b02cbae0c
2026-04-01 11:54:00|qwen|web_search_no_think|1|JSON_SAVED||1523|e0686063-bc67-4d8c-9a48-417b02cbae0c
2026-04-01 11:54:00|qwen|web_search_no_think|1|QUESTION_ADVANCE||1524|14a381bc-097a-4689-843c-52d077962194
2026-04-01 11:54:10|qwen|web_search_no_think|0|JSON_VERIFIED||1479|5abedecb-2a2c-448b-9d33-a103afc50fdc
2026-04-01 11:54:10|qwen|web_search_no_think|0|QUESTION|33|1479|5abedecb-2a2c-448b-9d33-a103afc50fdc
2026-04-01 11:54:10|qwen|web_search_no_think|0|JSON_SAVED||1479|5abedecb-2a2c-448b-9d33-a103afc50fdc
2026-04-01 11:54:10|qwen|web_search_no_think|0|QUESTION_ADVANCE||1480|3784fdd4-4447-4efb-aa4a-361c5fbe5e42
2026-04-01 11:54:21|qwen|web_search_no_think|4|QUESTION_SENT||1673|1f74edda-67c5-438a-8331-be4b894fff7b
2026-04-01 11:54:26|qwen|web_search_no_think|1|QUESTION_SENT||1524|14a381bc-097a-4689-843c-52d077962194
2026-04-01 11:54:32|qwen|web_search_no_think|2|JSON_VERIFIED||1580|b2d8d640-73aa-42c8-8523-9f8b028284a0
2026-04-01 11:54:32|qwen|web_search_no_think|2|QUESTION|33|1580|b2d8d640-73aa-42c8-8523-9f8b028284a0
2026-04-01 11:54:32|qwen|web_search_no_think|2|JSON_SAVED||1580|b2d8d640-73aa-42c8-8523-9f8b028284a0
2026-04-01 11:54:32|qwen|web_search_no_think|2|QUESTION_ADVANCE||1581|68247a5c-3b96-40d2-a805-c6d8e989de7a
2026-04-01 11:54:37|qwen|web_search_no_think|0|QUESTION_SENT||1480|3784fdd4-4447-4efb-aa4a-361c5fbe5e42
2026-04-01 11:54:58|qwen|web_search_no_think|2|QUESTION_SENT||1581|68247a5c-3b96-40d2-a805-c6d8e989de7a
2026-04-01 11:55:36|qwen|web_search_no_think|4|JSON_VERIFY_FAILED||1673|1f74edda-67c5-438a-8331-be4b894fff7b
2026-04-01 11:55:36|qwen|web_search_no_think|4|QUESTION|29|1673|1f74edda-67c5-438a-8331-be4b894fff7b
2026-04-01 11:55:52|qwen|web_search_no_think|5|JSON_VERIFIED||1723|65715a12-11c9-4487-961a-f4f007ff61ae
2026-04-01 11:55:52|qwen|web_search_no_think|5|QUESTION|23|1723|65715a12-11c9-4487-961a-f4f007ff61ae
2026-04-01 11:55:52|qwen|web_search_no_think|5|JSON_SAVED||1723|65715a12-11c9-4487-961a-f4f007ff61ae
2026-04-01 11:55:52|qwen|web_search_no_think|5|QUESTION_ADVANCE||1724|58d42d76-8418-4523-84bf-c4ec29ff1ec0
2026-04-01 11:56:05|qwen|web_search_no_think|4|QUESTION_SENT||1673|1f74edda-67c5-438a-8331-be4b894fff7b
2026-04-01 11:56:06|qwen|web_search_no_think|0|JSON_VERIFY_FAILED||1480|3784fdd4-4447-4efb-aa4a-361c5fbe5e42
2026-04-01 11:56:06|qwen|web_search_no_think|0|QUESTION|34|1480|3784fdd4-4447-4efb-aa4a-361c5fbe5e42
2026-04-01 11:56:19|qwen|web_search_no_think|5|QUESTION_SENT||1724|58d42d76-8418-4523-84bf-c4ec29ff1ec0
2026-04-01 11:56:20|qwen|web_search_no_think|1|JSON_VERIFY_FAILED||1524|14a381bc-097a-4689-843c-52d077962194
2026-04-01 11:56:20|qwen|web_search_no_think|1|QUESTION|29|1524|14a381bc-097a-4689-843c-52d077962194
2026-04-01 11:56:32|qwen|web_search_no_think|0|QUESTION_SENT||1480|3784fdd4-4447-4efb-aa4a-361c5fbe5e42
2026-04-01 11:56:46|qwen|web_search_no_think|1|QUESTION_SENT||1524|14a381bc-097a-4689-843c-52d077962194
2026-04-01 11:57:46|qwen|web_search_no_think|2|JSON_VERIFIED||1581|68247a5c-3b96-40d2-a805-c6d8e989de7a
2026-04-01 11:57:46|qwen|web_search_no_think|2|QUESTION|34|1581|68247a5c-3b96-40d2-a805-c6d8e989de7a
2026-04-01 11:57:46|qwen|web_search_no_think|2|JSON_SAVED||1581|68247a5c-3b96-40d2-a805-c6d8e989de7a
2026-04-01 11:57:46|qwen|web_search_no_think|2|QUESTION_ADVANCE||1582|fcca6b57-88e1-4db3-aa3e-bfed8bf04a2c
2026-04-01 11:57:58|qwen|web_search_no_think|1|JSON_VERIFIED||1524|14a381bc-097a-4689-843c-52d077962194
2026-04-01 11:57:58|qwen|web_search_no_think|1|QUESTION|30|1524|14a381bc-097a-4689-843c-52d077962194
2026-04-01 11:57:58|qwen|web_search_no_think|1|JSON_SAVED||1524|14a381bc-097a-4689-843c-52d077962194
2026-04-01 11:57:58|qwen|web_search_no_think|1|QUESTION_ADVANCE||1525|b72ed637-9a4f-4011-8bf0-0637c7cb2d12
2026-04-01 11:58:12|qwen|web_search_no_think|2|QUESTION_SENT||1582|fcca6b57-88e1-4db3-aa3e-bfed8bf04a2c
2026-04-01 11:58:25|qwen|web_search_no_think|1|QUESTION_SENT||1525|b72ed637-9a4f-4011-8bf0-0637c7cb2d12
2026-04-01 11:58:36|qwen|web_search_no_think|5|JSON_VERIFIED||1724|58d42d76-8418-4523-84bf-c4ec29ff1ec0
2026-04-01 11:58:36|qwen|web_search_no_think|5|QUESTION|24|1724|58d42d76-8418-4523-84bf-c4ec29ff1ec0
2026-04-01 11:58:36|qwen|web_search_no_think|5|JSON_SAVED||1724|58d42d76-8418-4523-84bf-c4ec29ff1ec0
2026-04-01 11:58:36|qwen|web_search_no_think|5|QUESTION_ADVANCE||1725|cb53bf24-59c0-416b-803d-0943bd034b94
2026-04-01 11:58:38|qwen|web_search_no_think|4|JSON_VERIFIED||1673|1f74edda-67c5-438a-8331-be4b894fff7b
2026-04-01 11:58:38|qwen|web_search_no_think|4|QUESTION|30|1673|1f74edda-67c5-438a-8331-be4b894fff7b
2026-04-01 11:58:38|qwen|web_search_no_think|4|JSON_SAVED||1673|1f74edda-67c5-438a-8331-be4b894fff7b
2026-04-01 11:58:38|qwen|web_search_no_think|4|QUESTION_ADVANCE||1674|0687903d-0d72-4181-9a0b-4b1d89be8d60
2026-04-01 11:59:03|qwen|web_search_no_think|5|QUESTION_SENT||1725|cb53bf24-59c0-416b-803d-0943bd034b94
2026-04-01 11:59:05|qwen|web_search_no_think|4|QUESTION_SENT||1674|0687903d-0d72-4181-9a0b-4b1d89be8d60
2026-04-01 11:59:13|qwen|web_search_no_think|3|QUESTION_SENT||1622|e0284f49-3faa-42c9-86ae-32f302118010
2026-04-01 11:59:34|qwen|web_search_no_think|4|QUESTION_SENT||1674|0687903d-0d72-4181-9a0b-4b1d89be8d60
2026-04-01 11:59:48|qwen|web_search_no_think|2|JSON_VERIFIED||1582|fcca6b57-88e1-4db3-aa3e-bfed8bf04a2c
2026-04-01 11:59:48|qwen|web_search_no_think|2|QUESTION|35|1582|fcca6b57-88e1-4db3-aa3e-bfed8bf04a2c
2026-04-01 11:59:48|qwen|web_search_no_think|2|JSON_SAVED||1582|fcca6b57-88e1-4db3-aa3e-bfed8bf04a2c
2026-04-01 11:59:48|qwen|web_search_no_think|2|QUESTION_ADVANCE||1583|3d79a19e-a357-4e1c-8b1c-34ed0d3ac696
2026-04-01 12:00:15|qwen|web_search_no_think|2|QUESTION_SENT||1583|3d79a19e-a357-4e1c-8b1c-34ed0d3ac696
2026-04-01 12:00:34|qwen|web_search_no_think|5|JSON_VERIFIED||1725|cb53bf24-59c0-416b-803d-0943bd034b94
2026-04-01 12:00:34|qwen|web_search_no_think|5|QUESTION|25|1725|cb53bf24-59c0-416b-803d-0943bd034b94
2026-04-01 12:00:34|qwen|web_search_no_think|5|JSON_SAVED||1725|cb53bf24-59c0-416b-803d-0943bd034b94
2026-04-01 12:00:34|qwen|web_search_no_think|5|QUESTION_ADVANCE||1726|428e9a7b-2678-486c-a278-b913cbfeca3f
2026-04-01 12:00:44|qwen|web_search_no_think|4|JSON_VERIFIED||1674|0687903d-0d72-4181-9a0b-4b1d89be8d60
2026-04-01 12:00:44|qwen|web_search_no_think|4|QUESTION|31|1674|0687903d-0d72-4181-9a0b-4b1d89be8d60
2026-04-01 12:00:44|qwen|web_search_no_think|4|JSON_SAVED||1674|0687903d-0d72-4181-9a0b-4b1d89be8d60
2026-04-01 12:00:44|qwen|web_search_no_think|4|QUESTION_ADVANCE||1675|fbc806c9-ac7b-45cf-acc0-82d583972067
2026-04-01 12:01:00|qwen|web_search_no_think|5|QUESTION_SENT||1726|428e9a7b-2678-486c-a278-b913cbfeca3f
2026-04-01 12:01:10|qwen|web_search_no_think|4|QUESTION_SENT||1675|fbc806c9-ac7b-45cf-acc0-82d583972067
2026-04-01 12:01:23|qwen|web_search_no_think|2|JSON_VERIFIED||1583|3d79a19e-a357-4e1c-8b1c-34ed0d3ac696
2026-04-01 12:01:23|qwen|web_search_no_think|2|QUESTION|36|1583|3d79a19e-a357-4e1c-8b1c-34ed0d3ac696
2026-04-01 12:01:23|qwen|web_search_no_think|2|JSON_SAVED||1583|3d79a19e-a357-4e1c-8b1c-34ed0d3ac696
2026-04-01 12:01:23|qwen|web_search_no_think|2|QUESTION_ADVANCE||1584|cd906e70-e98a-483c-8925-01f6f1914609
2026-04-01 12:01:42|qwen|web_search_no_think|0|JSON_VERIFIED||1480|3784fdd4-4447-4efb-aa4a-361c5fbe5e42
2026-04-01 12:01:42|qwen|web_search_no_think|0|QUESTION|35|1480|3784fdd4-4447-4efb-aa4a-361c5fbe5e42
2026-04-01 12:01:42|qwen|web_search_no_think|0|JSON_SAVED||1480|3784fdd4-4447-4efb-aa4a-361c5fbe5e42
2026-04-01 12:01:42|qwen|web_search_no_think|0|QUESTION_ADVANCE||1481|bef87ebe-6e39-467f-90e4-4d4f8e4e73b1
2026-04-01 12:01:49|qwen|web_search_no_think|2|QUESTION_SENT||1584|cd906e70-e98a-483c-8925-01f6f1914609
2026-04-01 12:02:05|qwen|web_search_no_think|3|JSON_VERIFIED||1622|e0284f49-3faa-42c9-86ae-32f302118010
2026-04-01 12:02:05|qwen|web_search_no_think|3|QUESTION|24|1622|e0284f49-3faa-42c9-86ae-32f302118010
2026-04-01 12:02:05|qwen|web_search_no_think|3|JSON_SAVED||1622|e0284f49-3faa-42c9-86ae-32f302118010
2026-04-01 12:02:05|qwen|web_search_no_think|3|QUESTION_ADVANCE||1623|065b9908-c1ad-4a57-9065-131fec74360d
2026-04-01 12:02:08|qwen|web_search_no_think|0|QUESTION_SENT||1481|bef87ebe-6e39-467f-90e4-4d4f8e4e73b1
2026-04-01 12:02:31|qwen|web_search_no_think|3|QUESTION_SENT||1623|065b9908-c1ad-4a57-9065-131fec74360d
2026-04-01 12:02:40|qwen|web_search_no_think|4|JSON_VERIFIED||1675|fbc806c9-ac7b-45cf-acc0-82d583972067
2026-04-01 12:02:40|qwen|web_search_no_think|4|QUESTION|32|1675|fbc806c9-ac7b-45cf-acc0-82d583972067
2026-04-01 12:02:40|qwen|web_search_no_think|4|JSON_SAVED||1675|fbc806c9-ac7b-45cf-acc0-82d583972067
2026-04-01 12:02:40|qwen|web_search_no_think|4|QUESTION_ADVANCE||1676|bb552561-13c5-4ab2-bf4e-d86e82132ff4
2026-04-01 12:02:41|qwen|web_search_no_think|5|JSON_VERIFIED||1726|428e9a7b-2678-486c-a278-b913cbfeca3f
2026-04-01 12:02:41|qwen|web_search_no_think|5|QUESTION|26|1726|428e9a7b-2678-486c-a278-b913cbfeca3f
2026-04-01 12:02:41|qwen|web_search_no_think|5|JSON_SAVED||1726|428e9a7b-2678-486c-a278-b913cbfeca3f
2026-04-01 12:02:41|qwen|web_search_no_think|5|QUESTION_ADVANCE||1727|e2424ce3-c06b-4da4-bd83-9d66410e19e3
2026-04-01 12:02:54|qwen|web_search_no_think|1|JSON_VERIFIED||1525|b72ed637-9a4f-4011-8bf0-0637c7cb2d12
2026-04-01 12:02:54|qwen|web_search_no_think|1|QUESTION|31|1525|b72ed637-9a4f-4011-8bf0-0637c7cb2d12
2026-04-01 12:02:54|qwen|web_search_no_think|1|JSON_SAVED||1525|b72ed637-9a4f-4011-8bf0-0637c7cb2d12
2026-04-01 12:02:54|qwen|web_search_no_think|1|QUESTION_ADVANCE||1526|cecd6c17-3d07-45ba-9946-56aa8894fde2
2026-04-01 12:03:06|qwen|web_search_no_think|4|QUESTION_SENT||1676|bb552561-13c5-4ab2-bf4e-d86e82132ff4
2026-04-01 12:03:07|qwen|web_search_no_think|5|QUESTION_SENT||1727|e2424ce3-c06b-4da4-bd83-9d66410e19e3
2026-04-01 12:03:07|qwen|web_search_no_think|2|JSON_VERIFY_FAILED||1584|cd906e70-e98a-483c-8925-01f6f1914609
2026-04-01 12:03:07|qwen|web_search_no_think|2|QUESTION|37|1584|cd906e70-e98a-483c-8925-01f6f1914609
2026-04-01 12:03:21|qwen|web_search_no_think|1|QUESTION_SENT||1526|cecd6c17-3d07-45ba-9946-56aa8894fde2
2026-04-01 12:03:34|qwen|web_search_no_think|2|QUESTION_SENT||1584|cd906e70-e98a-483c-8925-01f6f1914609
2026-04-01 12:04:26|qwen|web_search_no_think|5|JSON_VERIFIED||1727|e2424ce3-c06b-4da4-bd83-9d66410e19e3
2026-04-01 12:04:26|qwen|web_search_no_think|5|QUESTION|27|1727|e2424ce3-c06b-4da4-bd83-9d66410e19e3
2026-04-01 12:04:26|qwen|web_search_no_think|5|JSON_SAVED||1727|e2424ce3-c06b-4da4-bd83-9d66410e19e3
2026-04-01 12:04:26|qwen|web_search_no_think|5|QUESTION_ADVANCE||1728|a6bd76b1-8d58-42dd-b407-3fc0dc94c105
2026-04-01 12:04:45|qwen|web_search_no_think|3|JSON_VERIFIED||1623|065b9908-c1ad-4a57-9065-131fec74360d
2026-04-01 12:04:45|qwen|web_search_no_think|3|QUESTION|25|1623|065b9908-c1ad-4a57-9065-131fec74360d
2026-04-01 12:04:45|qwen|web_search_no_think|3|JSON_SAVED||1623|065b9908-c1ad-4a57-9065-131fec74360d
2026-04-01 12:04:45|qwen|web_search_no_think|3|QUESTION_ADVANCE||1624|5d3a6534-6ff5-4043-9c3c-e2ec76bdea8c
2026-04-01 12:04:53|qwen|web_search_no_think|5|QUESTION_SENT||1728|a6bd76b1-8d58-42dd-b407-3fc0dc94c105
2026-04-01 12:05:05|qwen|web_search_no_think|2|JSON_VERIFIED||1584|cd906e70-e98a-483c-8925-01f6f1914609
2026-04-01 12:05:05|qwen|web_search_no_think|2|QUESTION|38|1584|cd906e70-e98a-483c-8925-01f6f1914609
2026-04-01 12:05:05|qwen|web_search_no_think|2|JSON_SAVED||1584|cd906e70-e98a-483c-8925-01f6f1914609
2026-04-01 12:05:05|qwen|web_search_no_think|2|QUESTION_ADVANCE||1585|02278a5f-f39b-4e0c-ac80-6b3694c4827e
2026-04-01 12:05:11|qwen|web_search_no_think|3|QUESTION_SENT||1624|5d3a6534-6ff5-4043-9c3c-e2ec76bdea8c
2026-04-01 12:05:31|qwen|web_search_no_think|2|QUESTION_SENT||1585|02278a5f-f39b-4e0c-ac80-6b3694c4827e
2026-04-01 12:05:35|qwen|web_search_no_think|0|JSON_VERIFIED||1481|bef87ebe-6e39-467f-90e4-4d4f8e4e73b1
2026-04-01 12:05:35|qwen|web_search_no_think|0|QUESTION|36|1481|bef87ebe-6e39-467f-90e4-4d4f8e4e73b1
2026-04-01 12:05:35|qwen|web_search_no_think|0|JSON_SAVED||1481|bef87ebe-6e39-467f-90e4-4d4f8e4e73b1
2026-04-01 12:05:35|qwen|web_search_no_think|0|QUESTION_ADVANCE||1482|66fba9db-e938-4591-b1e0-7b776e2ffbeb
2026-04-01 12:05:53|qwen|web_search_no_think|1|JSON_VERIFIED||1526|cecd6c17-3d07-45ba-9946-56aa8894fde2
2026-04-01 12:05:53|qwen|web_search_no_think|1|QUESTION|32|1526|cecd6c17-3d07-45ba-9946-56aa8894fde2
2026-04-01 12:05:53|qwen|web_search_no_think|1|JSON_SAVED||1526|cecd6c17-3d07-45ba-9946-56aa8894fde2
2026-04-01 12:05:53|qwen|web_search_no_think|1|QUESTION_ADVANCE||1527|6445534c-3516-4aa1-b38f-5c288b6463ca
2026-04-01 12:06:02|qwen|web_search_no_think|0|QUESTION_SENT||1482|66fba9db-e938-4591-b1e0-7b776e2ffbeb
2026-04-01 12:06:19|qwen|web_search_no_think|1|QUESTION_SENT||1527|6445534c-3516-4aa1-b38f-5c288b6463ca
2026-04-01 12:06:25|qwen|web_search_no_think|4|JSON_VERIFY_FAILED||1676|bb552561-13c5-4ab2-bf4e-d86e82132ff4
2026-04-01 12:06:25|qwen|web_search_no_think|4|QUESTION|33|1676|bb552561-13c5-4ab2-bf4e-d86e82132ff4
2026-04-01 12:06:30|qwen|web_search_no_think|4|QUESTION_SENT||1676|bb552561-13c5-4ab2-bf4e-d86e82132ff4
2026-04-01 12:06:36|qwen|web_search_no_think|5|JSON_VERIFIED||1728|a6bd76b1-8d58-42dd-b407-3fc0dc94c105
2026-04-01 12:06:36|qwen|web_search_no_think|5|QUESTION|28|1728|a6bd76b1-8d58-42dd-b407-3fc0dc94c105
2026-04-01 12:06:36|qwen|web_search_no_think|5|JSON_SAVED||1728|a6bd76b1-8d58-42dd-b407-3fc0dc94c105
2026-04-01 12:06:36|qwen|web_search_no_think|5|QUESTION_ADVANCE||1729|9553c5cb-aa03-422b-ad4d-92c5e37fa4ab
2026-04-01 12:07:03|qwen|web_search_no_think|5|QUESTION_SENT||1729|9553c5cb-aa03-422b-ad4d-92c5e37fa4ab
2026-04-01 12:07:47|qwen|web_search_no_think|1|JSON_VERIFIED||1527|6445534c-3516-4aa1-b38f-5c288b6463ca
2026-04-01 12:07:47|qwen|web_search_no_think|1|QUESTION|33|1527|6445534c-3516-4aa1-b38f-5c288b6463ca
2026-04-01 12:07:47|qwen|web_search_no_think|1|JSON_SAVED||1527|6445534c-3516-4aa1-b38f-5c288b6463ca
2026-04-01 12:07:47|qwen|web_search_no_think|1|QUESTION_ADVANCE||1528|3f50b1b3-8dc1-4796-80f6-e2535c00463d
2026-04-01 12:07:58|qwen|web_search_no_think|2|JSON_VERIFIED||1585|02278a5f-f39b-4e0c-ac80-6b3694c4827e
2026-04-01 12:07:58|qwen|web_search_no_think|2|QUESTION|39|1585|02278a5f-f39b-4e0c-ac80-6b3694c4827e
2026-04-01 12:07:58|qwen|web_search_no_think|2|JSON_SAVED||1585|02278a5f-f39b-4e0c-ac80-6b3694c4827e
2026-04-01 12:07:58|qwen|web_search_no_think|2|QUESTION_ADVANCE||1586|1ff48f12-6e90-48df-b62c-b32269c6e85b
2026-04-01 12:08:12|qwen|web_search_no_think|0|JSON_VERIFIED||1482|66fba9db-e938-4591-b1e0-7b776e2ffbeb
2026-04-01 12:08:12|qwen|web_search_no_think|0|QUESTION|37|1482|66fba9db-e938-4591-b1e0-7b776e2ffbeb
2026-04-01 12:08:12|qwen|web_search_no_think|0|JSON_SAVED||1482|66fba9db-e938-4591-b1e0-7b776e2ffbeb
2026-04-01 12:08:12|qwen|web_search_no_think|0|QUESTION_ADVANCE||1483|0c3f7954-38d0-4297-ae56-86a4a3c016bf
2026-04-01 12:08:13|qwen|web_search_no_think|1|QUESTION_SENT||1528|3f50b1b3-8dc1-4796-80f6-e2535c00463d
2026-04-01 12:08:21|qwen|web_search_no_think|3|JSON_VERIFIED||1624|5d3a6534-6ff5-4043-9c3c-e2ec76bdea8c
2026-04-01 12:08:21|qwen|web_search_no_think|3|QUESTION|26|1624|5d3a6534-6ff5-4043-9c3c-e2ec76bdea8c
2026-04-01 12:08:21|qwen|web_search_no_think|3|JSON_SAVED||1624|5d3a6534-6ff5-4043-9c3c-e2ec76bdea8c
2026-04-01 12:08:21|qwen|web_search_no_think|3|QUESTION_ADVANCE||1625|05c76e28-a0b6-4ad1-9268-13b0dc4c936e
2026-04-01 12:08:22|qwen|web_search_no_think|5|JSON_VERIFIED||1729|9553c5cb-aa03-422b-ad4d-92c5e37fa4ab
2026-04-01 12:08:22|qwen|web_search_no_think|5|QUESTION|29|1729|9553c5cb-aa03-422b-ad4d-92c5e37fa4ab
2026-04-01 12:08:22|qwen|web_search_no_think|5|JSON_SAVED||1729|9553c5cb-aa03-422b-ad4d-92c5e37fa4ab
2026-04-01 12:08:22|qwen|web_search_no_think|5|QUESTION_ADVANCE||1730|d096b69e-1093-4e08-a96f-6159c363cc35
2026-04-01 12:08:25|qwen|web_search_no_think|2|QUESTION_SENT||1586|1ff48f12-6e90-48df-b62c-b32269c6e85b
2026-04-01 12:08:39|qwen|web_search_no_think|0|QUESTION_SENT||1483|0c3f7954-38d0-4297-ae56-86a4a3c016bf
2026-04-01 12:08:48|qwen|web_search_no_think|3|QUESTION_SENT||1625|05c76e28-a0b6-4ad1-9268-13b0dc4c936e
2026-04-01 12:08:49|qwen|web_search_no_think|5|QUESTION_SENT||1730|d096b69e-1093-4e08-a96f-6159c363cc35
2026-04-01 12:08:50|qwen|web_search_no_think|4|QUESTION_SENT||1676|bb552561-13c5-4ab2-bf4e-d86e82132ff4
2026-04-01 12:08:54|qwen|web_search_no_think|2|QUESTION_SENT||1586|1ff48f12-6e90-48df-b62c-b32269c6e85b
2026-04-01 12:09:38|qwen|web_search_no_think|1|JSON_VERIFIED||1528|3f50b1b3-8dc1-4796-80f6-e2535c00463d
2026-04-01 12:09:38|qwen|web_search_no_think|1|QUESTION|34|1528|3f50b1b3-8dc1-4796-80f6-e2535c00463d
2026-04-01 12:09:38|qwen|web_search_no_think|1|JSON_SAVED||1528|3f50b1b3-8dc1-4796-80f6-e2535c00463d
2026-04-01 12:09:38|qwen|web_search_no_think|1|QUESTION_ADVANCE||1529|41f96430-6e69-4805-b52c-3c39d21f4cac
2026-04-01 12:10:05|qwen|web_search_no_think|1|QUESTION_SENT||1529|41f96430-6e69-4805-b52c-3c39d21f4cac
2026-04-01 12:10:07|qwen|web_search_no_think|5|JSON_VERIFIED||1730|d096b69e-1093-4e08-a96f-6159c363cc35
2026-04-01 12:10:07|qwen|web_search_no_think|5|QUESTION|30|1730|d096b69e-1093-4e08-a96f-6159c363cc35
2026-04-01 12:10:07|qwen|web_search_no_think|5|JSON_SAVED||1730|d096b69e-1093-4e08-a96f-6159c363cc35
2026-04-01 12:10:07|qwen|web_search_no_think|5|QUESTION_ADVANCE||1731|587bc3a3-7cca-4257-93a6-b64fa6c701c6
2026-04-01 12:10:33|qwen|web_search_no_think|5|QUESTION_SENT||1731|587bc3a3-7cca-4257-93a6-b64fa6c701c6
2026-04-01 12:10:54|qwen|web_search_no_think|1|JSON_VERIFY_FAILED||1529|41f96430-6e69-4805-b52c-3c39d21f4cac
2026-04-01 12:10:54|qwen|web_search_no_think|1|QUESTION|35|1529|41f96430-6e69-4805-b52c-3c39d21f4cac
2026-04-01 12:10:58|qwen|web_search_no_think|3|JSON_VERIFIED||1625|05c76e28-a0b6-4ad1-9268-13b0dc4c936e
2026-04-01 12:10:58|qwen|web_search_no_think|3|QUESTION|27|1625|05c76e28-a0b6-4ad1-9268-13b0dc4c936e
2026-04-01 12:10:58|qwen|web_search_no_think|3|JSON_SAVED||1625|05c76e28-a0b6-4ad1-9268-13b0dc4c936e
2026-04-01 12:10:58|qwen|web_search_no_think|3|QUESTION_ADVANCE||1626|535f3421-a6a0-42de-a3ea-a4affba40f11
2026-04-01 12:11:05|qwen|web_search_no_think|4|JSON_VERIFIED||1676|bb552561-13c5-4ab2-bf4e-d86e82132ff4
2026-04-01 12:11:05|qwen|web_search_no_think|4|QUESTION|34|1676|bb552561-13c5-4ab2-bf4e-d86e82132ff4
2026-04-01 12:11:05|qwen|web_search_no_think|4|JSON_SAVED||1676|bb552561-13c5-4ab2-bf4e-d86e82132ff4
2026-04-01 12:11:05|qwen|web_search_no_think|4|QUESTION_ADVANCE||1677|e32e4bb4-f3b3-4102-b8e0-e97cb0e3ace6
2026-04-01 12:11:10|qwen|web_search_no_think|0|JSON_VERIFIED||1483|0c3f7954-38d0-4297-ae56-86a4a3c016bf
2026-04-01 12:11:10|qwen|web_search_no_think|0|QUESTION|38|1483|0c3f7954-38d0-4297-ae56-86a4a3c016bf
2026-04-01 12:11:10|qwen|web_search_no_think|0|JSON_SAVED||1483|0c3f7954-38d0-4297-ae56-86a4a3c016bf
2026-04-01 12:11:10|qwen|web_search_no_think|0|QUESTION_ADVANCE||1484|199dbf3d-072f-4eda-8d2e-2c144508c07b
2026-04-01 12:11:17|qwen|web_search_no_think|5|JSON_VERIFY_FAILED||1731|587bc3a3-7cca-4257-93a6-b64fa6c701c6
2026-04-01 12:11:17|qwen|web_search_no_think|5|QUESTION|31|1731|587bc3a3-7cca-4257-93a6-b64fa6c701c6
2026-04-01 12:11:21|qwen|web_search_no_think|1|QUESTION_SENT||1529|41f96430-6e69-4805-b52c-3c39d21f4cac
2026-04-01 12:11:25|qwen|web_search_no_think|3|QUESTION_SENT||1626|535f3421-a6a0-42de-a3ea-a4affba40f11
2026-04-01 12:11:31|qwen|web_search_no_think|4|QUESTION_SENT||1677|e32e4bb4-f3b3-4102-b8e0-e97cb0e3ace6
2026-04-01 12:11:37|qwen|web_search_no_think|0|QUESTION_SENT||1484|199dbf3d-072f-4eda-8d2e-2c144508c07b
2026-04-01 12:11:44|qwen|web_search_no_think|5|QUESTION_SENT||1731|587bc3a3-7cca-4257-93a6-b64fa6c701c6
2026-04-01 12:12:31|qwen|web_search_no_think|3|JSON_VERIFIED||1626|535f3421-a6a0-42de-a3ea-a4affba40f11
2026-04-01 12:12:31|qwen|web_search_no_think|3|QUESTION|28|1626|535f3421-a6a0-42de-a3ea-a4affba40f11
2026-04-01 12:12:31|qwen|web_search_no_think|3|JSON_SAVED||1626|535f3421-a6a0-42de-a3ea-a4affba40f11
2026-04-01 12:12:31|qwen|web_search_no_think|3|QUESTION_ADVANCE||1627|f4ad64a0-d014-435a-98db-5e3625af71c0
2026-04-01 12:12:43|qwen|web_search_no_think|0|JSON_VERIFIED||1484|199dbf3d-072f-4eda-8d2e-2c144508c07b
2026-04-01 12:12:43|qwen|web_search_no_think|0|QUESTION|39|1484|199dbf3d-072f-4eda-8d2e-2c144508c07b
2026-04-01 12:12:43|qwen|web_search_no_think|0|JSON_SAVED||1484|199dbf3d-072f-4eda-8d2e-2c144508c07b
2026-04-01 12:12:43|qwen|web_search_no_think|0|QUESTION_ADVANCE||1485|f5ffbf56-4bf3-4d42-a622-151505f6a056
2026-04-01 12:12:56|qwen|web_search_no_think|1|JSON_VERIFIED||1529|41f96430-6e69-4805-b52c-3c39d21f4cac
2026-04-01 12:12:56|qwen|web_search_no_think|1|QUESTION|36|1529|41f96430-6e69-4805-b52c-3c39d21f4cac
2026-04-01 12:12:56|qwen|web_search_no_think|1|JSON_SAVED||1529|41f96430-6e69-4805-b52c-3c39d21f4cac
2026-04-01 12:12:56|qwen|web_search_no_think|1|QUESTION_ADVANCE||1530|a5ceb05d-14b9-47a5-87d6-b168d45d03bb
2026-04-01 12:12:58|qwen|web_search_no_think|3|QUESTION_SENT||1627|f4ad64a0-d014-435a-98db-5e3625af71c0
2026-04-01 12:13:02|qwen|web_search_no_think|4|JSON_VERIFIED||1677|e32e4bb4-f3b3-4102-b8e0-e97cb0e3ace6
2026-04-01 12:13:02|qwen|web_search_no_think|4|QUESTION|35|1677|e32e4bb4-f3b3-4102-b8e0-e97cb0e3ace6
2026-04-01 12:13:02|qwen|web_search_no_think|4|JSON_SAVED||1677|e32e4bb4-f3b3-4102-b8e0-e97cb0e3ace6
2026-04-01 12:13:02|qwen|web_search_no_think|4|QUESTION_ADVANCE||1678|e677b43f-27cc-4cc2-903f-2c887c03f38c
2026-04-01 12:13:10|qwen|web_search_no_think|0|QUESTION_SENT||1485|f5ffbf56-4bf3-4d42-a622-151505f6a056
2026-04-01 12:13:22|qwen|web_search_no_think|1|QUESTION_SENT||1530|a5ceb05d-14b9-47a5-87d6-b168d45d03bb
2026-04-01 12:13:28|qwen|web_search_no_think|4|QUESTION_SENT||1678|e677b43f-27cc-4cc2-903f-2c887c03f38c
2026-04-01 12:13:33|qwen|web_search_no_think|2|JSON_VERIFIED||1586|1ff48f12-6e90-48df-b62c-b32269c6e85b
2026-04-01 12:13:33|qwen|web_search_no_think|2|QUESTION|40|1586|1ff48f12-6e90-48df-b62c-b32269c6e85b
2026-04-01 12:13:33|qwen|web_search_no_think|2|JSON_SAVED||1586|1ff48f12-6e90-48df-b62c-b32269c6e85b
2026-04-01 12:13:33|qwen|web_search_no_think|2|QUESTION_ADVANCE||1587|0847824e-83a3-4d6f-a98a-c83270b71d46
2026-04-01 12:13:51|qwen|web_search_no_think|5|JSON_VERIFIED||1731|587bc3a3-7cca-4257-93a6-b64fa6c701c6
2026-04-01 12:13:51|qwen|web_search_no_think|5|QUESTION|32|1731|587bc3a3-7cca-4257-93a6-b64fa6c701c6
2026-04-01 12:13:51|qwen|web_search_no_think|5|JSON_SAVED||1731|587bc3a3-7cca-4257-93a6-b64fa6c701c6
2026-04-01 12:13:51|qwen|web_search_no_think|5|QUESTION_ADVANCE||1732|54a13ac4-77f6-410d-ad5e-5a745552de39
2026-04-01 12:14:03|qwen|web_search_no_think|2|QUESTION_SENT||1587|0847824e-83a3-4d6f-a98a-c83270b71d46
2026-04-01 12:14:09|qwen|web_search_no_think|3|JSON_VERIFIED||1627|f4ad64a0-d014-435a-98db-5e3625af71c0
2026-04-01 12:14:09|qwen|web_search_no_think|3|QUESTION|29|1627|f4ad64a0-d014-435a-98db-5e3625af71c0
2026-04-01 12:14:09|qwen|web_search_no_think|3|JSON_SAVED||1627|f4ad64a0-d014-435a-98db-5e3625af71c0
2026-04-01 12:14:09|qwen|web_search_no_think|3|QUESTION_ADVANCE||1628|09fffffe-8a76-4c40-907e-116ad75b2738
2026-04-01 12:14:09|qwen|web_search_no_think|0|JSON_VERIFIED||1485|f5ffbf56-4bf3-4d42-a622-151505f6a056
2026-04-01 12:14:09|qwen|web_search_no_think|0|QUESTION|40|1485|f5ffbf56-4bf3-4d42-a622-151505f6a056
2026-04-01 12:14:09|qwen|web_search_no_think|0|JSON_SAVED||1485|f5ffbf56-4bf3-4d42-a622-151505f6a056
2026-04-01 12:14:09|qwen|web_search_no_think|0|QUESTION_ADVANCE||1486|4f1c43a4-e2c5-463a-a8d7-b76eb6acc374
2026-04-01 12:14:18|qwen|web_search_no_think|5|QUESTION_SENT||1732|54a13ac4-77f6-410d-ad5e-5a745552de39
2026-04-01 12:14:28|qwen|web_search_no_think|1|JSON_VERIFIED||1530|a5ceb05d-14b9-47a5-87d6-b168d45d03bb
2026-04-01 12:14:28|qwen|web_search_no_think|1|QUESTION|37|1530|a5ceb05d-14b9-47a5-87d6-b168d45d03bb
2026-04-01 12:14:28|qwen|web_search_no_think|1|JSON_SAVED||1530|a5ceb05d-14b9-47a5-87d6-b168d45d03bb
2026-04-01 12:14:28|qwen|web_search_no_think|1|QUESTION_ADVANCE||1531|7b8891e1-9b9a-45ba-8a72-b84e44b4686b
2026-04-01 12:14:35|qwen|web_search_no_think|3|QUESTION_SENT||1628|09fffffe-8a76-4c40-907e-116ad75b2738
2026-04-01 12:14:36|qwen|web_search_no_think|0|QUESTION_SENT||1486|4f1c43a4-e2c5-463a-a8d7-b76eb6acc374
2026-04-01 12:14:54|qwen|web_search_no_think|1|QUESTION_SENT||1531|7b8891e1-9b9a-45ba-8a72-b84e44b4686b
2026-04-01 12:15:41|qwen|web_search_no_think|0|JSON_VERIFIED||1486|4f1c43a4-e2c5-463a-a8d7-b76eb6acc374
2026-04-01 12:15:41|qwen|web_search_no_think|0|QUESTION|41|1486|4f1c43a4-e2c5-463a-a8d7-b76eb6acc374
2026-04-01 12:15:41|qwen|web_search_no_think|0|JSON_SAVED||1486|4f1c43a4-e2c5-463a-a8d7-b76eb6acc374
2026-04-01 12:15:41|qwen|web_search_no_think|0|QUESTION_ADVANCE||1487|cf31fc63-3144-4cbf-9cd8-94d5a811430f
2026-04-01 12:16:03|qwen|web_search_no_think|5|JSON_VERIFIED||1732|54a13ac4-77f6-410d-ad5e-5a745552de39
2026-04-01 12:16:03|qwen|web_search_no_think|5|QUESTION|33|1732|54a13ac4-77f6-410d-ad5e-5a745552de39
2026-04-01 12:16:03|qwen|web_search_no_think|5|JSON_SAVED||1732|54a13ac4-77f6-410d-ad5e-5a745552de39
2026-04-01 12:16:03|qwen|web_search_no_think|5|QUESTION_ADVANCE||1733|486a4777-3228-45f6-ab78-cdfa4477afce
2026-04-01 12:16:07|qwen|web_search_no_think|0|QUESTION_SENT||1487|cf31fc63-3144-4cbf-9cd8-94d5a811430f
2026-04-01 12:16:14|qwen|web_search_no_think|4|JSON_VERIFIED||1678|e677b43f-27cc-4cc2-903f-2c887c03f38c
2026-04-01 12:16:14|qwen|web_search_no_think|4|QUESTION|36|1678|e677b43f-27cc-4cc2-903f-2c887c03f38c
2026-04-01 12:16:14|qwen|web_search_no_think|4|JSON_SAVED||1678|e677b43f-27cc-4cc2-903f-2c887c03f38c
2026-04-01 12:16:14|qwen|web_search_no_think|4|QUESTION_ADVANCE||1679|4bd7361d-ac61-4bb9-9360-8a021f0bfbc8
2026-04-01 12:16:19|qwen|web_search_no_think|2|JSON_VERIFIED||1587|0847824e-83a3-4d6f-a98a-c83270b71d46
2026-04-01 12:16:19|qwen|web_search_no_think|2|QUESTION|41|1587|0847824e-83a3-4d6f-a98a-c83270b71d46
2026-04-01 12:16:19|qwen|web_search_no_think|2|JSON_SAVED||1587|0847824e-83a3-4d6f-a98a-c83270b71d46
2026-04-01 12:16:19|qwen|web_search_no_think|2|QUESTION_ADVANCE||1588|e467b402-93e6-4c65-8bc9-05f11dfc62f4
2026-04-01 12:16:29|qwen|web_search_no_think|5|QUESTION_SENT||1733|486a4777-3228-45f6-ab78-cdfa4477afce
2026-04-01 12:16:41|qwen|web_search_no_think|4|QUESTION_SENT||1679|4bd7361d-ac61-4bb9-9360-8a021f0bfbc8
2026-04-01 12:16:46|qwen|web_search_no_think|2|QUESTION_SENT||1588|e467b402-93e6-4c65-8bc9-05f11dfc62f4
2026-04-01 12:16:50|qwen|web_search_no_think|1|JSON_VERIFIED||1531|7b8891e1-9b9a-45ba-8a72-b84e44b4686b
2026-04-01 12:16:50|qwen|web_search_no_think|1|QUESTION|38|1531|7b8891e1-9b9a-45ba-8a72-b84e44b4686b
2026-04-01 12:16:50|qwen|web_search_no_think|1|JSON_SAVED||1531|7b8891e1-9b9a-45ba-8a72-b84e44b4686b
2026-04-01 12:16:50|qwen|web_search_no_think|1|QUESTION_ADVANCE||1532|f4523d85-87e5-4aa4-bac5-2f9d813b902a
2026-04-01 12:17:06|qwen|web_search_no_think|0|JSON_VERIFIED||1487|cf31fc63-3144-4cbf-9cd8-94d5a811430f
2026-04-01 12:17:06|qwen|web_search_no_think|0|QUESTION|42|1487|cf31fc63-3144-4cbf-9cd8-94d5a811430f
2026-04-01 12:17:06|qwen|web_search_no_think|0|JSON_SAVED||1487|cf31fc63-3144-4cbf-9cd8-94d5a811430f
2026-04-01 12:17:06|qwen|web_search_no_think|0|QUESTION_ADVANCE||1488|29af6a45-e3ca-48bf-8917-00ce82ad427f
2026-04-01 12:17:17|qwen|web_search_no_think|1|QUESTION_SENT||1532|f4523d85-87e5-4aa4-bac5-2f9d813b902a
2026-04-01 12:17:32|qwen|web_search_no_think|0|QUESTION_SENT||1488|29af6a45-e3ca-48bf-8917-00ce82ad427f
2026-04-01 12:17:57|qwen|web_search_no_think|5|JSON_VERIFIED||1733|486a4777-3228-45f6-ab78-cdfa4477afce
2026-04-01 12:17:57|qwen|web_search_no_think|5|QUESTION|34|1733|486a4777-3228-45f6-ab78-cdfa4477afce
2026-04-01 12:17:57|qwen|web_search_no_think|5|JSON_SAVED||1733|486a4777-3228-45f6-ab78-cdfa4477afce
2026-04-01 12:17:57|qwen|web_search_no_think|5|QUESTION_ADVANCE||1734|3ce786a5-66e6-47dc-9da1-494162bed688
2026-04-01 12:18:23|qwen|web_search_no_think|5|QUESTION_SENT||1734|3ce786a5-66e6-47dc-9da1-494162bed688
2026-04-01 12:18:29|qwen|web_search_no_think|1|JSON_VERIFIED||1532|f4523d85-87e5-4aa4-bac5-2f9d813b902a
2026-04-01 12:18:29|qwen|web_search_no_think|1|QUESTION|39|1532|f4523d85-87e5-4aa4-bac5-2f9d813b902a
2026-04-01 12:18:29|qwen|web_search_no_think|1|JSON_SAVED||1532|f4523d85-87e5-4aa4-bac5-2f9d813b902a
2026-04-01 12:18:29|qwen|web_search_no_think|1|QUESTION_ADVANCE||1533|07c8d058-0327-4b01-810e-558c46432043
2026-04-01 12:18:55|qwen|web_search_no_think|1|QUESTION_SENT||1533|07c8d058-0327-4b01-810e-558c46432043
2026-04-01 12:19:02|qwen|web_search_no_think|2|JSON_VERIFIED||1588|e467b402-93e6-4c65-8bc9-05f11dfc62f4
2026-04-01 12:19:02|qwen|web_search_no_think|2|QUESTION|42|1588|e467b402-93e6-4c65-8bc9-05f11dfc62f4
2026-04-01 12:19:02|qwen|web_search_no_think|2|JSON_SAVED||1588|e467b402-93e6-4c65-8bc9-05f11dfc62f4
2026-04-01 12:19:02|qwen|web_search_no_think|2|QUESTION_ADVANCE||1589|66a98ee1-e60f-4804-b8f2-1651e872eb61
2026-04-01 12:19:09|qwen|web_search_no_think|3|QUESTION_SENT||1628|09fffffe-8a76-4c40-907e-116ad75b2738
2026-04-01 12:19:28|qwen|web_search_no_think|2|QUESTION_SENT||1589|66a98ee1-e60f-4804-b8f2-1651e872eb61
2026-04-01 12:19:38|qwen|web_search_no_think|1|JSON_VERIFIED||1533|07c8d058-0327-4b01-810e-558c46432043
2026-04-01 12:19:38|qwen|web_search_no_think|1|QUESTION|40|1533|07c8d058-0327-4b01-810e-558c46432043
2026-04-01 12:19:38|qwen|web_search_no_think|1|JSON_SAVED||1533|07c8d058-0327-4b01-810e-558c46432043
2026-04-01 12:19:38|qwen|web_search_no_think|1|QUESTION_ADVANCE||1534|914104a5-6a2c-4313-9552-66ea141d1b90
2026-04-01 12:19:38|qwen|web_search_no_think|4|JSON_VERIFIED||1679|4bd7361d-ac61-4bb9-9360-8a021f0bfbc8
2026-04-01 12:19:38|qwen|web_search_no_think|4|QUESTION|37|1679|4bd7361d-ac61-4bb9-9360-8a021f0bfbc8
2026-04-01 12:19:38|qwen|web_search_no_think|4|JSON_SAVED||1679|4bd7361d-ac61-4bb9-9360-8a021f0bfbc8
2026-04-01 12:19:38|qwen|web_search_no_think|4|QUESTION_ADVANCE||1680|1c126705-b6d3-49bc-9c35-3b265618f103
2026-04-01 12:20:04|qwen|web_search_no_think|1|QUESTION_SENT||1534|914104a5-6a2c-4313-9552-66ea141d1b90
2026-04-01 12:20:04|qwen|web_search_no_think|4|QUESTION_SENT||1680|1c126705-b6d3-49bc-9c35-3b265618f103
2026-04-01 12:20:41|qwen|web_search_no_think|0|JSON_VERIFIED||1488|29af6a45-e3ca-48bf-8917-00ce82ad427f
2026-04-01 12:20:41|qwen|web_search_no_think|0|QUESTION|43|1488|29af6a45-e3ca-48bf-8917-00ce82ad427f
2026-04-01 12:20:41|qwen|web_search_no_think|0|JSON_SAVED||1488|29af6a45-e3ca-48bf-8917-00ce82ad427f
2026-04-01 12:20:41|qwen|web_search_no_think|0|QUESTION_ADVANCE||1489|6f28976d-799e-48eb-9164-5ac7c6ff9616
2026-04-01 12:20:45|qwen|web_search_no_think|2|JSON_VERIFIED||1589|66a98ee1-e60f-4804-b8f2-1651e872eb61
2026-04-01 12:20:45|qwen|web_search_no_think|2|QUESTION|43|1589|66a98ee1-e60f-4804-b8f2-1651e872eb61
2026-04-01 12:20:45|qwen|web_search_no_think|2|JSON_SAVED||1589|66a98ee1-e60f-4804-b8f2-1651e872eb61
2026-04-01 12:20:45|qwen|web_search_no_think|2|QUESTION_ADVANCE||1590|1531e657-def8-46fa-95dd-6945e8562c40
2026-04-01 12:20:46|qwen|web_search_no_think|3|JSON_VERIFIED||1628|09fffffe-8a76-4c40-907e-116ad75b2738
2026-04-01 12:20:46|qwen|web_search_no_think|3|QUESTION|30|1628|09fffffe-8a76-4c40-907e-116ad75b2738
2026-04-01 12:20:46|qwen|web_search_no_think|3|JSON_SAVED||1628|09fffffe-8a76-4c40-907e-116ad75b2738
2026-04-01 12:20:46|qwen|web_search_no_think|3|QUESTION_ADVANCE||1629|f3532bb2-8d66-4cf0-81bb-d8d06c7e6bbf
2026-04-01 12:20:51|qwen|web_search_no_think|5|JSON_VERIFIED||1734|3ce786a5-66e6-47dc-9da1-494162bed688
2026-04-01 12:20:51|qwen|web_search_no_think|5|QUESTION|35|1734|3ce786a5-66e6-47dc-9da1-494162bed688
2026-04-01 12:20:51|qwen|web_search_no_think|5|JSON_SAVED||1734|3ce786a5-66e6-47dc-9da1-494162bed688
2026-04-01 12:20:51|qwen|web_search_no_think|5|QUESTION_ADVANCE||1735|8977e378-a110-4a70-a7e3-48dce6fdbb06
2026-04-01 12:21:07|qwen|web_search_no_think|0|QUESTION_SENT||1489|6f28976d-799e-48eb-9164-5ac7c6ff9616
2026-04-01 12:21:11|qwen|web_search_no_think|2|QUESTION_SENT||1590|1531e657-def8-46fa-95dd-6945e8562c40
2026-04-01 12:21:12|qwen|web_search_no_think|3|QUESTION_SENT||1629|f3532bb2-8d66-4cf0-81bb-d8d06c7e6bbf
2026-04-01 12:21:17|qwen|web_search_no_think|5|QUESTION_SENT||1735|8977e378-a110-4a70-a7e3-48dce6fdbb06
2026-04-01 12:21:20|qwen|web_search_no_think|4|JSON_VERIFIED||1680|1c126705-b6d3-49bc-9c35-3b265618f103
2026-04-01 12:21:20|qwen|web_search_no_think|4|QUESTION|38|1680|1c126705-b6d3-49bc-9c35-3b265618f103
2026-04-01 12:21:20|qwen|web_search_no_think|4|JSON_SAVED||1680|1c126705-b6d3-49bc-9c35-3b265618f103
2026-04-01 12:21:20|qwen|web_search_no_think|4|QUESTION_ADVANCE||1681|043ce11f-aac4-41c5-bec5-dbecfa7339d4
2026-04-01 12:21:46|qwen|web_search_no_think|4|QUESTION_SENT||1681|043ce11f-aac4-41c5-bec5-dbecfa7339d4
2026-04-01 12:21:54|qwen|web_search_no_think|5|JSON_VERIFY_FAILED||1735|8977e378-a110-4a70-a7e3-48dce6fdbb06
2026-04-01 12:21:54|qwen|web_search_no_think|5|QUESTION|36|1735|8977e378-a110-4a70-a7e3-48dce6fdbb06
2026-04-01 12:22:21|qwen|web_search_no_think|5|QUESTION_SENT||1735|8977e378-a110-4a70-a7e3-48dce6fdbb06
2026-04-01 12:22:44|qwen|web_search_no_think|2|JSON_VERIFIED||1590|1531e657-def8-46fa-95dd-6945e8562c40
2026-04-01 12:22:44|qwen|web_search_no_think|2|QUESTION|44|1590|1531e657-def8-46fa-95dd-6945e8562c40
2026-04-01 12:22:44|qwen|web_search_no_think|2|JSON_SAVED||1590|1531e657-def8-46fa-95dd-6945e8562c40
2026-04-01 12:22:44|qwen|web_search_no_think|2|QUESTION_ADVANCE||1591|0c0830df-bcbb-4956-96f4-017bc7166f46
2026-04-01 12:23:01|qwen|web_search_no_think|3|JSON_VERIFIED||1629|f3532bb2-8d66-4cf0-81bb-d8d06c7e6bbf
2026-04-01 12:23:01|qwen|web_search_no_think|3|QUESTION|31|1629|f3532bb2-8d66-4cf0-81bb-d8d06c7e6bbf
2026-04-01 12:23:01|qwen|web_search_no_think|3|JSON_SAVED||1629|f3532bb2-8d66-4cf0-81bb-d8d06c7e6bbf
2026-04-01 12:23:01|qwen|web_search_no_think|3|QUESTION_ADVANCE||1630|56b0fbe8-a9e4-465b-b6ac-0f8ca32114eb
2026-04-01 12:23:10|qwen|web_search_no_think|2|QUESTION_SENT||1591|0c0830df-bcbb-4956-96f4-017bc7166f46
2026-04-01 12:23:17|qwen|web_search_no_think|1|JSON_VERIFIED||1534|914104a5-6a2c-4313-9552-66ea141d1b90
2026-04-01 12:23:17|qwen|web_search_no_think|1|QUESTION|41|1534|914104a5-6a2c-4313-9552-66ea141d1b90
2026-04-01 12:23:17|qwen|web_search_no_think|1|JSON_SAVED||1534|914104a5-6a2c-4313-9552-66ea141d1b90
2026-04-01 12:23:17|qwen|web_search_no_think|1|QUESTION_ADVANCE||1535|590a932c-15c8-4f1b-a5f6-184b4dd26b28
2026-04-01 12:23:28|qwen|web_search_no_think|3|QUESTION_SENT||1630|56b0fbe8-a9e4-465b-b6ac-0f8ca32114eb
2026-04-01 12:23:35|qwen|web_search_no_think|0|JSON_VERIFIED||1489|6f28976d-799e-48eb-9164-5ac7c6ff9616
2026-04-01 12:23:35|qwen|web_search_no_think|0|QUESTION|44|1489|6f28976d-799e-48eb-9164-5ac7c6ff9616
2026-04-01 12:23:35|qwen|web_search_no_think|0|JSON_SAVED||1489|6f28976d-799e-48eb-9164-5ac7c6ff9616
2026-04-01 12:23:35|qwen|web_search_no_think|0|QUESTION_ADVANCE||1490|b4db8d93-88ea-49d7-bd31-8aea15c71ff8
2026-04-01 12:23:37|qwen|web_search_no_think|5|JSON_VERIFIED||1735|8977e378-a110-4a70-a7e3-48dce6fdbb06
2026-04-01 12:23:37|qwen|web_search_no_think|5|QUESTION|37|1735|8977e378-a110-4a70-a7e3-48dce6fdbb06
2026-04-01 12:23:37|qwen|web_search_no_think|5|JSON_SAVED||1735|8977e378-a110-4a70-a7e3-48dce6fdbb06
2026-04-01 12:23:37|qwen|web_search_no_think|5|QUESTION_ADVANCE||1736|830f5c6d-4f27-4575-b9e8-f474ae41c9ff
2026-04-01 12:23:44|qwen|web_search_no_think|1|QUESTION_SENT||1535|590a932c-15c8-4f1b-a5f6-184b4dd26b28
2026-04-01 12:24:01|qwen|web_search_no_think|0|QUESTION_SENT||1490|b4db8d93-88ea-49d7-bd31-8aea15c71ff8
2026-04-01 12:24:04|qwen|web_search_no_think|5|QUESTION_SENT||1736|830f5c6d-4f27-4575-b9e8-f474ae41c9ff
2026-04-01 12:24:15|qwen|web_search_no_think|2|JSON_VERIFY_FAILED||1591|0c0830df-bcbb-4956-96f4-017bc7166f46
2026-04-01 12:24:15|qwen|web_search_no_think|2|QUESTION|45|1591|0c0830df-bcbb-4956-96f4-017bc7166f46
2026-04-01 12:24:41|qwen|web_search_no_think|2|QUESTION_SENT||1591|0c0830df-bcbb-4956-96f4-017bc7166f46
2026-04-01 12:25:01|qwen|web_search_no_think|0|JSON_VERIFIED||1490|b4db8d93-88ea-49d7-bd31-8aea15c71ff8
2026-04-01 12:25:01|qwen|web_search_no_think|0|QUESTION|45|1490|b4db8d93-88ea-49d7-bd31-8aea15c71ff8
2026-04-01 12:25:01|qwen|web_search_no_think|0|JSON_SAVED||1490|b4db8d93-88ea-49d7-bd31-8aea15c71ff8
2026-04-01 12:25:01|qwen|web_search_no_think|0|QUESTION_ADVANCE||1491|9704eea4-3b25-44f8-863f-a671a9e5fac5
2026-04-01 12:25:15|qwen|web_search_no_think|5|JSON_VERIFIED||1736|830f5c6d-4f27-4575-b9e8-f474ae41c9ff
2026-04-01 12:25:15|qwen|web_search_no_think|5|QUESTION|38|1736|830f5c6d-4f27-4575-b9e8-f474ae41c9ff
2026-04-01 12:25:15|qwen|web_search_no_think|5|JSON_SAVED||1736|830f5c6d-4f27-4575-b9e8-f474ae41c9ff
2026-04-01 12:25:15|qwen|web_search_no_think|5|QUESTION_ADVANCE||1737|26eda7f5-1080-4912-bc34-61f4cf4daa3d
2026-04-01 12:25:27|qwen|web_search_no_think|0|QUESTION_SENT||1491|9704eea4-3b25-44f8-863f-a671a9e5fac5
2026-04-01 12:25:41|qwen|web_search_no_think|5|QUESTION_SENT||1737|26eda7f5-1080-4912-bc34-61f4cf4daa3d
2026-04-01 12:25:58|qwen|web_search_no_think|1|JSON_VERIFIED||1535|590a932c-15c8-4f1b-a5f6-184b4dd26b28
2026-04-01 12:25:58|qwen|web_search_no_think|1|QUESTION|42|1535|590a932c-15c8-4f1b-a5f6-184b4dd26b28
2026-04-01 12:25:58|qwen|web_search_no_think|1|JSON_SAVED||1535|590a932c-15c8-4f1b-a5f6-184b4dd26b28
2026-04-01 12:25:58|qwen|web_search_no_think|1|QUESTION_ADVANCE||1536|eccd836e-674b-4e47-a174-0efc8c883d95
2026-04-01 12:26:20|qwen|web_search_no_think|4|QUESTION_SENT||1681|043ce11f-aac4-41c5-bec5-dbecfa7339d4
2026-04-01 12:26:22|qwen|web_search_no_think|3|JSON_VERIFY_FAILED||1630|56b0fbe8-a9e4-465b-b6ac-0f8ca32114eb
2026-04-01 12:26:22|qwen|web_search_no_think|3|QUESTION|32|1630|56b0fbe8-a9e4-465b-b6ac-0f8ca32114eb
2026-04-01 12:26:25|qwen|web_search_no_think|1|QUESTION_SENT||1536|eccd836e-674b-4e47-a174-0efc8c883d95
2026-04-01 12:26:28|qwen|web_search_no_think|3|QUESTION_SENT||1630|56b0fbe8-a9e4-465b-b6ac-0f8ca32114eb
2026-04-01 12:26:28|qwen|web_search_no_think|0|JSON_VERIFY_FAILED||1491|9704eea4-3b25-44f8-863f-a671a9e5fac5
2026-04-01 12:26:28|qwen|web_search_no_think|0|QUESTION|46|1491|9704eea4-3b25-44f8-863f-a671a9e5fac5
2026-04-01 12:26:46|qwen|web_search_no_think|2|JSON_VERIFIED||1591|0c0830df-bcbb-4956-96f4-017bc7166f46
2026-04-01 12:26:46|qwen|web_search_no_think|2|QUESTION|46|1591|0c0830df-bcbb-4956-96f4-017bc7166f46
2026-04-01 12:26:46|qwen|web_search_no_think|2|JSON_SAVED||1591|0c0830df-bcbb-4956-96f4-017bc7166f46
2026-04-01 12:26:46|qwen|web_search_no_think|2|QUESTION_ADVANCE||1592|a2ca7bc9-c313-4de5-8f3d-c670f19b868c
2026-04-01 12:26:54|qwen|web_search_no_think|0|QUESTION_SENT||1491|9704eea4-3b25-44f8-863f-a671a9e5fac5
2026-04-01 12:27:04|qwen|web_search_no_think|1|JSON_VERIFY_FAILED||1536|eccd836e-674b-4e47-a174-0efc8c883d95
2026-04-01 12:27:04|qwen|web_search_no_think|1|QUESTION|43|1536|eccd836e-674b-4e47-a174-0efc8c883d95
2026-04-01 12:27:13|qwen|web_search_no_think|2|QUESTION_SENT||1592|a2ca7bc9-c313-4de5-8f3d-c670f19b868c
2026-04-01 12:27:13|qwen|web_search_no_think|5|JSON_VERIFIED||1737|26eda7f5-1080-4912-bc34-61f4cf4daa3d
2026-04-01 12:27:13|qwen|web_search_no_think|5|QUESTION|39|1737|26eda7f5-1080-4912-bc34-61f4cf4daa3d
2026-04-01 12:27:13|qwen|web_search_no_think|5|JSON_SAVED||1737|26eda7f5-1080-4912-bc34-61f4cf4daa3d
2026-04-01 12:27:13|qwen|web_search_no_think|5|QUESTION_ADVANCE||1738|53edee08-eb45-4712-ae57-8f28dda111bc
2026-04-01 12:27:29|qwen|web_search_no_think|4|JSON_VERIFIED||1681|043ce11f-aac4-41c5-bec5-dbecfa7339d4
2026-04-01 12:27:29|qwen|web_search_no_think|4|QUESTION|39|1681|043ce11f-aac4-41c5-bec5-dbecfa7339d4
2026-04-01 12:27:29|qwen|web_search_no_think|4|JSON_SAVED||1681|043ce11f-aac4-41c5-bec5-dbecfa7339d4
2026-04-01 12:27:29|qwen|web_search_no_think|4|QUESTION_ADVANCE||1682|8e1fe635-0427-442a-9280-b346253003ac
2026-04-01 12:27:31|qwen|web_search_no_think|1|QUESTION_SENT||1536|eccd836e-674b-4e47-a174-0efc8c883d95
2026-04-01 12:27:39|qwen|web_search_no_think|5|QUESTION_SENT||1738|53edee08-eb45-4712-ae57-8f28dda111bc
2026-04-01 12:27:56|qwen|web_search_no_think|4|QUESTION_SENT||1682|8e1fe635-0427-442a-9280-b346253003ac
2026-04-01 12:28:01|qwen|web_search_no_think|0|JSON_VERIFIED||1491|9704eea4-3b25-44f8-863f-a671a9e5fac5
2026-04-01 12:28:01|qwen|web_search_no_think|0|QUESTION|47|1491|9704eea4-3b25-44f8-863f-a671a9e5fac5
2026-04-01 12:28:01|qwen|web_search_no_think|0|JSON_SAVED||1491|9704eea4-3b25-44f8-863f-a671a9e5fac5
2026-04-01 12:28:01|qwen|web_search_no_think|0|QUESTION_ADVANCE||1492|02bc85eb-91cb-40c0-be80-c9fbd8c4a2a2
2026-04-01 12:28:27|qwen|web_search_no_think|0|QUESTION_SENT||1492|02bc85eb-91cb-40c0-be80-c9fbd8c4a2a2
2026-04-01 12:28:29|qwen|web_search_no_think|2|JSON_VERIFIED||1592|a2ca7bc9-c313-4de5-8f3d-c670f19b868c
2026-04-01 12:28:29|qwen|web_search_no_think|2|QUESTION|47|1592|a2ca7bc9-c313-4de5-8f3d-c670f19b868c
2026-04-01 12:28:29|qwen|web_search_no_think|2|JSON_SAVED||1592|a2ca7bc9-c313-4de5-8f3d-c670f19b868c
2026-04-01 12:28:29|qwen|web_search_no_think|2|QUESTION_ADVANCE||1593|671c28d9-d6ac-441c-8c4f-0b4fbc2936c3
2026-04-01 12:28:42|qwen|web_search_no_think|5|JSON_VERIFIED||1738|53edee08-eb45-4712-ae57-8f28dda111bc
2026-04-01 12:28:42|qwen|web_search_no_think|5|QUESTION|40|1738|53edee08-eb45-4712-ae57-8f28dda111bc
2026-04-01 12:28:42|qwen|web_search_no_think|5|JSON_SAVED||1738|53edee08-eb45-4712-ae57-8f28dda111bc
2026-04-01 12:28:42|qwen|web_search_no_think|5|QUESTION_ADVANCE||1739|497ff419-f7bf-493d-8406-2570d8501397
2026-04-01 12:28:56|qwen|web_search_no_think|2|QUESTION_SENT||1593|671c28d9-d6ac-441c-8c4f-0b4fbc2936c3
2026-04-01 12:29:08|qwen|web_search_no_think|5|QUESTION_SENT||1739|497ff419-f7bf-493d-8406-2570d8501397
2026-04-01 12:29:08|qwen|web_search_no_think|4|JSON_VERIFIED||1682|8e1fe635-0427-442a-9280-b346253003ac
2026-04-01 12:29:08|qwen|web_search_no_think|4|QUESTION|40|1682|8e1fe635-0427-442a-9280-b346253003ac
2026-04-01 12:29:08|qwen|web_search_no_think|4|JSON_SAVED||1682|8e1fe635-0427-442a-9280-b346253003ac
2026-04-01 12:29:08|qwen|web_search_no_think|4|QUESTION_ADVANCE||1683|adfab21b-f893-4427-a5e1-92893d0c1510
2026-04-01 12:29:11|qwen|web_search_no_think|0|JSON_VERIFY_FAILED||1492|02bc85eb-91cb-40c0-be80-c9fbd8c4a2a2
2026-04-01 12:29:11|qwen|web_search_no_think|0|QUESTION|48|1492|02bc85eb-91cb-40c0-be80-c9fbd8c4a2a2
2026-04-01 12:29:25|qwen|web_search_no_think|3|QUESTION_SENT||1630|56b0fbe8-a9e4-465b-b6ac-0f8ca32114eb
2026-04-01 12:29:35|qwen|web_search_no_think|4|QUESTION_SENT||1683|adfab21b-f893-4427-a5e1-92893d0c1510
2026-04-01 12:29:38|qwen|web_search_no_think|0|QUESTION_SENT||1492|02bc85eb-91cb-40c0-be80-c9fbd8c4a2a2
2026-04-01 12:30:08|qwen|web_search_no_think|2|JSON_VERIFIED||1593|671c28d9-d6ac-441c-8c4f-0b4fbc2936c3
2026-04-01 12:30:08|qwen|web_search_no_think|2|QUESTION|48|1593|671c28d9-d6ac-441c-8c4f-0b4fbc2936c3
2026-04-01 12:30:08|qwen|web_search_no_think|2|JSON_SAVED||1593|671c28d9-d6ac-441c-8c4f-0b4fbc2936c3
2026-04-01 12:30:08|qwen|web_search_no_think|2|QUESTION_ADVANCE||1594|a1584324-7f86-44dd-9ba9-9852189484a0
2026-04-01 12:30:21|qwen|web_search_no_think|5|JSON_VERIFY_FAILED||1739|497ff419-f7bf-493d-8406-2570d8501397
2026-04-01 12:30:21|qwen|web_search_no_think|5|QUESTION|41|1739|497ff419-f7bf-493d-8406-2570d8501397
2026-04-01 12:30:34|qwen|web_search_no_think|2|QUESTION_SENT||1594|a1584324-7f86-44dd-9ba9-9852189484a0
2026-04-01 12:30:41|qwen|web_search_no_think|3|JSON_VERIFIED||1630|56b0fbe8-a9e4-465b-b6ac-0f8ca32114eb
2026-04-01 12:30:41|qwen|web_search_no_think|3|QUESTION|33|1630|56b0fbe8-a9e4-465b-b6ac-0f8ca32114eb
2026-04-01 12:30:41|qwen|web_search_no_think|3|JSON_SAVED||1630|56b0fbe8-a9e4-465b-b6ac-0f8ca32114eb
2026-04-01 12:30:41|qwen|web_search_no_think|3|QUESTION_ADVANCE||1631|b026d6ea-669f-4448-8dd5-ee1a5089eea2
2026-04-01 12:30:47|qwen|web_search_no_think|5|QUESTION_SENT||1739|497ff419-f7bf-493d-8406-2570d8501397
2026-04-01 12:30:48|qwen|web_search_no_think|4|JSON_VERIFY_FAILED||1683|adfab21b-f893-4427-a5e1-92893d0c1510
2026-04-01 12:30:48|qwen|web_search_no_think|4|QUESTION|41|1683|adfab21b-f893-4427-a5e1-92893d0c1510
2026-04-01 12:30:51|qwen|web_search_no_think|0|JSON_VERIFIED||1492|02bc85eb-91cb-40c0-be80-c9fbd8c4a2a2
2026-04-01 12:30:51|qwen|web_search_no_think|0|QUESTION|49|1492|02bc85eb-91cb-40c0-be80-c9fbd8c4a2a2
2026-04-01 12:30:51|qwen|web_search_no_think|0|JSON_SAVED||1492|02bc85eb-91cb-40c0-be80-c9fbd8c4a2a2
2026-04-01 12:30:51|qwen|web_search_no_think|0|QUESTION_ADVANCE||1493|9270f2c8-f86e-49b8-b7ed-354a9755de98
2026-04-01 12:31:07|qwen|web_search_no_think|3|QUESTION_SENT||1631|b026d6ea-669f-4448-8dd5-ee1a5089eea2
2026-04-01 12:31:15|qwen|web_search_no_think|4|QUESTION_SENT||1683|adfab21b-f893-4427-a5e1-92893d0c1510
2026-04-01 12:31:18|qwen|web_search_no_think|0|QUESTION_SENT||1493|9270f2c8-f86e-49b8-b7ed-354a9755de98
2026-04-01 12:31:28|qwen|web_search_no_think|1|JSON_VERIFIED||1536|eccd836e-674b-4e47-a174-0efc8c883d95
2026-04-01 12:31:28|qwen|web_search_no_think|1|QUESTION|44|1536|eccd836e-674b-4e47-a174-0efc8c883d95
2026-04-01 12:31:28|qwen|web_search_no_think|1|JSON_SAVED||1536|eccd836e-674b-4e47-a174-0efc8c883d95
2026-04-01 12:31:28|qwen|web_search_no_think|1|QUESTION_ADVANCE||1537|7a1df386-3500-4c25-a20b-1e635ec360c9
2026-04-01 12:31:54|qwen|web_search_no_think|1|QUESTION_SENT||1537|7a1df386-3500-4c25-a20b-1e635ec360c9
2026-04-01 12:32:18|qwen|web_search_no_think|3|JSON_VERIFIED||1631|b026d6ea-669f-4448-8dd5-ee1a5089eea2
2026-04-01 12:32:18|qwen|web_search_no_think|3|QUESTION|34|1631|b026d6ea-669f-4448-8dd5-ee1a5089eea2
2026-04-01 12:32:18|qwen|web_search_no_think|3|JSON_SAVED||1631|b026d6ea-669f-4448-8dd5-ee1a5089eea2
2026-04-01 12:32:18|qwen|web_search_no_think|3|QUESTION_ADVANCE||1632|ce16f184-337c-495c-86e4-e7b22bf4993c
2026-04-01 12:32:44|qwen|web_search_no_think|3|QUESTION_SENT||1632|ce16f184-337c-495c-86e4-e7b22bf4993c
2026-04-01 12:33:16|qwen|web_search_no_think|5|JSON_VERIFIED||1739|497ff419-f7bf-493d-8406-2570d8501397
2026-04-01 12:33:16|qwen|web_search_no_think|5|QUESTION|42|1739|497ff419-f7bf-493d-8406-2570d8501397
2026-04-01 12:33:16|qwen|web_search_no_think|5|JSON_SAVED||1739|497ff419-f7bf-493d-8406-2570d8501397
2026-04-01 12:33:16|qwen|web_search_no_think|5|QUESTION_ADVANCE||1740|18598ce0-a00c-4516-b141-3fcf201902df
2026-04-01 12:33:17|qwen|web_search_no_think|4|JSON_VERIFIED||1683|adfab21b-f893-4427-a5e1-92893d0c1510
2026-04-01 12:33:17|qwen|web_search_no_think|4|QUESTION|42|1683|adfab21b-f893-4427-a5e1-92893d0c1510
2026-04-01 12:33:17|qwen|web_search_no_think|4|JSON_SAVED||1683|adfab21b-f893-4427-a5e1-92893d0c1510
2026-04-01 12:33:17|qwen|web_search_no_think|4|QUESTION_ADVANCE||1684|64502813-887c-426a-809a-e06b68b73487
2026-04-01 12:33:32|qwen|web_search_no_think|2|JSON_VERIFIED||1594|a1584324-7f86-44dd-9ba9-9852189484a0
2026-04-01 12:33:32|qwen|web_search_no_think|2|QUESTION|49|1594|a1584324-7f86-44dd-9ba9-9852189484a0
2026-04-01 12:33:32|qwen|web_search_no_think|2|JSON_SAVED||1594|a1584324-7f86-44dd-9ba9-9852189484a0
2026-04-01 12:33:32|qwen|web_search_no_think|2|QUESTION_ADVANCE||1595|50f52a56-8203-43ca-b577-20745efec5a1
2026-04-01 12:33:42|qwen|web_search_no_think|5|QUESTION_SENT||1740|18598ce0-a00c-4516-b141-3fcf201902df
2026-04-01 12:33:43|qwen|web_search_no_think|4|QUESTION_SENT||1684|64502813-887c-426a-809a-e06b68b73487
2026-04-01 12:33:58|qwen|web_search_no_think|2|QUESTION_SENT||1595|50f52a56-8203-43ca-b577-20745efec5a1
2026-04-01 12:34:10|qwen|web_search_no_think|0|JSON_VERIFIED||1493|9270f2c8-f86e-49b8-b7ed-354a9755de98
2026-04-01 12:34:10|qwen|web_search_no_think|0|QUESTION|50|1493|9270f2c8-f86e-49b8-b7ed-354a9755de98
2026-04-01 12:34:10|qwen|web_search_no_think|0|JSON_SAVED||1493|9270f2c8-f86e-49b8-b7ed-354a9755de98
2026-04-01 12:34:10|qwen|web_search_no_think|0|QUESTION_ADVANCE||1494|7e7f666f-b3f1-41ea-b3b7-ec01ddbfe0a6
2026-04-01 12:34:36|qwen|web_search_no_think|0|QUESTION_SENT||1494|7e7f666f-b3f1-41ea-b3b7-ec01ddbfe0a6
2026-04-01 12:34:39|qwen|web_search_no_think|1|JSON_VERIFIED||1537|7a1df386-3500-4c25-a20b-1e635ec360c9
2026-04-01 12:34:39|qwen|web_search_no_think|1|QUESTION|45|1537|7a1df386-3500-4c25-a20b-1e635ec360c9
2026-04-01 12:34:39|qwen|web_search_no_think|1|JSON_SAVED||1537|7a1df386-3500-4c25-a20b-1e635ec360c9
2026-04-01 12:34:39|qwen|web_search_no_think|1|QUESTION_ADVANCE||1538|4c9c4023-28a3-421b-b36b-9d4ba32abefc
2026-04-01 12:35:02|qwen|web_search_no_think|2|JSON_VERIFIED||1595|50f52a56-8203-43ca-b577-20745efec5a1
2026-04-01 12:35:02|qwen|web_search_no_think|2|QUESTION|50|1595|50f52a56-8203-43ca-b577-20745efec5a1
2026-04-01 12:35:02|qwen|web_search_no_think|2|JSON_SAVED||1595|50f52a56-8203-43ca-b577-20745efec5a1
2026-04-01 12:35:02|qwen|web_search_no_think|2|QUESTION_ADVANCE||1596|e5697e3e-6225-4ea9-b936-db440628d6a5
2026-04-01 12:35:05|qwen|web_search_no_think|1|QUESTION_SENT||1538|4c9c4023-28a3-421b-b36b-9d4ba32abefc
2026-04-01 12:35:28|qwen|web_search_no_think|2|QUESTION_SENT||1596|e5697e3e-6225-4ea9-b936-db440628d6a5
2026-04-01 12:35:30|qwen|web_search_no_think|3|JSON_VERIFIED||1632|ce16f184-337c-495c-86e4-e7b22bf4993c
2026-04-01 12:35:30|qwen|web_search_no_think|3|QUESTION|35|1632|ce16f184-337c-495c-86e4-e7b22bf4993c
2026-04-01 12:35:30|qwen|web_search_no_think|3|JSON_SAVED||1632|ce16f184-337c-495c-86e4-e7b22bf4993c
2026-04-01 12:35:30|qwen|web_search_no_think|3|QUESTION_ADVANCE||1633|60a723ac-795c-4f39-bf91-5cba24470530
2026-04-01 12:35:57|qwen|web_search_no_think|3|QUESTION_SENT||1633|60a723ac-795c-4f39-bf91-5cba24470530
2026-04-01 12:36:26|qwen|web_search_no_think|5|QUESTION_SENT||1740|18598ce0-a00c-4516-b141-3fcf201902df
2026-04-01 12:36:31|qwen|web_search_no_think|0|JSON_VERIFIED||1494|7e7f666f-b3f1-41ea-b3b7-ec01ddbfe0a6
2026-04-01 12:36:31|qwen|web_search_no_think|0|QUESTION|51|1494|7e7f666f-b3f1-41ea-b3b7-ec01ddbfe0a6
2026-04-01 12:36:31|qwen|web_search_no_think|0|JSON_SAVED||1494|7e7f666f-b3f1-41ea-b3b7-ec01ddbfe0a6
2026-04-01 12:36:31|qwen|web_search_no_think|0|QUESTION_ADVANCE||1495|92e35124-b48a-48ea-b755-9c0b452e18ea
2026-04-01 12:36:57|qwen|web_search_no_think|0|QUESTION_SENT||1495|92e35124-b48a-48ea-b755-9c0b452e18ea
2026-04-01 12:37:05|qwen|web_search_no_think|3|JSON_VERIFIED||1633|60a723ac-795c-4f39-bf91-5cba24470530
2026-04-01 12:37:05|qwen|web_search_no_think|3|QUESTION|36|1633|60a723ac-795c-4f39-bf91-5cba24470530
2026-04-01 12:37:05|qwen|web_search_no_think|3|JSON_SAVED||1633|60a723ac-795c-4f39-bf91-5cba24470530
2026-04-01 12:37:05|qwen|web_search_no_think|3|QUESTION_ADVANCE||1634|22c75811-20a4-4732-b0bc-d0dd321c5dd9
2026-04-01 12:37:31|qwen|web_search_no_think|3|QUESTION_SENT||1634|22c75811-20a4-4732-b0bc-d0dd321c5dd9
2026-04-01 12:38:00|qwen|web_search_no_think|5|JSON_VERIFIED||1740|18598ce0-a00c-4516-b141-3fcf201902df
2026-04-01 12:38:00|qwen|web_search_no_think|5|QUESTION|43|1740|18598ce0-a00c-4516-b141-3fcf201902df
2026-04-01 12:38:00|qwen|web_search_no_think|5|JSON_SAVED||1740|18598ce0-a00c-4516-b141-3fcf201902df
2026-04-01 12:38:00|qwen|web_search_no_think|5|QUESTION_ADVANCE||1741|f62488f8-2309-4456-9cfc-f2fe9d393fc2
2026-04-01 12:38:26|qwen|web_search_no_think|5|QUESTION_SENT||1741|f62488f8-2309-4456-9cfc-f2fe9d393fc2
2026-04-01 12:38:35|qwen|web_search_no_think|4|JSON_VERIFIED||1684|64502813-887c-426a-809a-e06b68b73487
2026-04-01 12:38:35|qwen|web_search_no_think|4|QUESTION|43|1684|64502813-887c-426a-809a-e06b68b73487
2026-04-01 12:38:35|qwen|web_search_no_think|4|JSON_SAVED||1684|64502813-887c-426a-809a-e06b68b73487
2026-04-01 12:38:35|qwen|web_search_no_think|4|QUESTION_ADVANCE||1685|e0ac2964-7957-4f7a-a4bd-1e1a1963f4a3
2026-04-01 12:38:51|qwen|web_search_no_think|3|JSON_VERIFIED||1634|22c75811-20a4-4732-b0bc-d0dd321c5dd9
2026-04-01 12:38:51|qwen|web_search_no_think|3|QUESTION|37|1634|22c75811-20a4-4732-b0bc-d0dd321c5dd9
2026-04-01 12:38:51|qwen|web_search_no_think|3|JSON_SAVED||1634|22c75811-20a4-4732-b0bc-d0dd321c5dd9
2026-04-01 12:38:51|qwen|web_search_no_think|3|QUESTION_ADVANCE||1635|c9a231f1-fef4-4ac3-8740-7718b07f009f
2026-04-01 12:39:02|qwen|web_search_no_think|4|QUESTION_SENT||1685|e0ac2964-7957-4f7a-a4bd-1e1a1963f4a3
2026-04-01 12:39:17|qwen|web_search_no_think|3|QUESTION_SENT||1635|c9a231f1-fef4-4ac3-8740-7718b07f009f
2026-04-01 12:39:33|qwen|web_search_no_think|0|JSON_VERIFIED||1495|92e35124-b48a-48ea-b755-9c0b452e18ea
2026-04-01 12:39:33|qwen|web_search_no_think|0|QUESTION|52|1495|92e35124-b48a-48ea-b755-9c0b452e18ea
2026-04-01 12:39:33|qwen|web_search_no_think|0|JSON_SAVED||1495|92e35124-b48a-48ea-b755-9c0b452e18ea
2026-04-01 12:39:33|qwen|web_search_no_think|0|QUESTION_ADVANCE||1496|9c292764-810d-4e53-9131-196192a766f0
2026-04-01 12:39:51|qwen|web_search_no_think|1|QUESTION_SENT||1538|4c9c4023-28a3-421b-b36b-9d4ba32abefc
2026-04-01 12:40:00|qwen|web_search_no_think|0|QUESTION_SENT||1496|9c292764-810d-4e53-9131-196192a766f0
2026-04-01 12:40:02|qwen|web_search_no_think|2|QUESTION_SENT||1596|e5697e3e-6225-4ea9-b936-db440628d6a5
2026-04-01 12:40:07|qwen|web_search_no_think|5|JSON_VERIFIED||1741|f62488f8-2309-4456-9cfc-f2fe9d393fc2
2026-04-01 12:40:07|qwen|web_search_no_think|5|QUESTION|44|1741|f62488f8-2309-4456-9cfc-f2fe9d393fc2
2026-04-01 12:40:07|qwen|web_search_no_think|5|JSON_SAVED||1741|f62488f8-2309-4456-9cfc-f2fe9d393fc2
2026-04-01 12:40:07|qwen|web_search_no_think|5|QUESTION_ADVANCE||1742|25135499-a63f-423d-ad48-a467098feb30
2026-04-01 12:40:33|qwen|web_search_no_think|5|QUESTION_SENT||1742|25135499-a63f-423d-ad48-a467098feb30
2026-04-01 12:40:35|qwen|web_search_no_think|3|JSON_VERIFY_FAILED||1635|c9a231f1-fef4-4ac3-8740-7718b07f009f
2026-04-01 12:40:35|qwen|web_search_no_think|3|QUESTION|38|1635|c9a231f1-fef4-4ac3-8740-7718b07f009f
2026-04-01 12:41:01|qwen|web_search_no_think|3|QUESTION_SENT||1635|c9a231f1-fef4-4ac3-8740-7718b07f009f
2026-04-01 12:41:09|qwen|web_search_no_think|0|JSON_VERIFIED||1496|9c292764-810d-4e53-9131-196192a766f0
2026-04-01 12:41:09|qwen|web_search_no_think|0|QUESTION|53|1496|9c292764-810d-4e53-9131-196192a766f0
2026-04-01 12:41:09|qwen|web_search_no_think|0|JSON_SAVED||1496|9c292764-810d-4e53-9131-196192a766f0
2026-04-01 12:41:09|qwen|web_search_no_think|0|QUESTION_ADVANCE||1497|c816d354-e8d4-417d-9bb3-84bb6c1a1b55
2026-04-01 12:41:26|qwen|web_search_no_think|4|JSON_VERIFIED||1685|e0ac2964-7957-4f7a-a4bd-1e1a1963f4a3
2026-04-01 12:41:26|qwen|web_search_no_think|4|QUESTION|44|1685|e0ac2964-7957-4f7a-a4bd-1e1a1963f4a3
2026-04-01 12:41:26|qwen|web_search_no_think|4|JSON_SAVED||1685|e0ac2964-7957-4f7a-a4bd-1e1a1963f4a3
2026-04-01 12:41:26|qwen|web_search_no_think|4|QUESTION_ADVANCE||1686|9f067917-f779-457e-8d84-12a609d653d2
2026-04-01 12:41:36|qwen|web_search_no_think|0|QUESTION_SENT||1497|c816d354-e8d4-417d-9bb3-84bb6c1a1b55
2026-04-01 12:41:53|qwen|web_search_no_think|4|QUESTION_SENT||1686|9f067917-f779-457e-8d84-12a609d653d2
2026-04-01 12:42:08|qwen|web_search_no_think|2|JSON_VERIFIED||1596|e5697e3e-6225-4ea9-b936-db440628d6a5
2026-04-01 12:42:08|qwen|web_search_no_think|2|QUESTION|51|1596|e5697e3e-6225-4ea9-b936-db440628d6a5
2026-04-01 12:42:08|qwen|web_search_no_think|2|JSON_SAVED||1596|e5697e3e-6225-4ea9-b936-db440628d6a5
2026-04-01 12:42:08|qwen|web_search_no_think|2|QUESTION_ADVANCE||1597|a60d32de-7a87-4bca-a0e2-c3f3fef6d056
2026-04-01 12:42:12|qwen|web_search_no_think|1|JSON_VERIFIED||1538|4c9c4023-28a3-421b-b36b-9d4ba32abefc
2026-04-01 12:42:12|qwen|web_search_no_think|1|QUESTION|46|1538|4c9c4023-28a3-421b-b36b-9d4ba32abefc
2026-04-01 12:42:12|qwen|web_search_no_think|1|JSON_SAVED||1538|4c9c4023-28a3-421b-b36b-9d4ba32abefc
2026-04-01 12:42:12|qwen|web_search_no_think|1|QUESTION_ADVANCE||1539|b12465e8-99d2-4121-94b0-deb334c7ef5a
2026-04-01 12:42:25|qwen|web_search_no_think|5|JSON_VERIFIED||1742|25135499-a63f-423d-ad48-a467098feb30
2026-04-01 12:42:25|qwen|web_search_no_think|5|QUESTION|45|1742|25135499-a63f-423d-ad48-a467098feb30
2026-04-01 12:42:25|qwen|web_search_no_think|5|JSON_SAVED||1742|25135499-a63f-423d-ad48-a467098feb30
2026-04-01 12:42:25|qwen|web_search_no_think|5|QUESTION_ADVANCE||1743|95087453-4c3d-4631-bd0c-8ecb3ea8708c
2026-04-01 12:42:35|qwen|web_search_no_think|2|QUESTION_SENT||1597|a60d32de-7a87-4bca-a0e2-c3f3fef6d056
2026-04-01 12:42:39|qwen|web_search_no_think|1|QUESTION_SENT||1539|b12465e8-99d2-4121-94b0-deb334c7ef5a
2026-04-01 12:42:52|qwen|web_search_no_think|5|QUESTION_SENT||1743|95087453-4c3d-4631-bd0c-8ecb3ea8708c
2026-04-01 12:43:40|qwen|web_search_no_think|3|JSON_VERIFIED||1635|c9a231f1-fef4-4ac3-8740-7718b07f009f
2026-04-01 12:43:40|qwen|web_search_no_think|3|QUESTION|39|1635|c9a231f1-fef4-4ac3-8740-7718b07f009f
2026-04-01 12:43:40|qwen|web_search_no_think|3|JSON_SAVED||1635|c9a231f1-fef4-4ac3-8740-7718b07f009f
2026-04-01 12:43:40|qwen|web_search_no_think|3|QUESTION_ADVANCE||1636|96ec1b39-341a-4c9e-ba6f-394b17a209f0
2026-04-01 12:43:41|qwen|web_search_no_think|2|JSON_VERIFIED||1597|a60d32de-7a87-4bca-a0e2-c3f3fef6d056
2026-04-01 12:43:41|qwen|web_search_no_think|2|QUESTION|52|1597|a60d32de-7a87-4bca-a0e2-c3f3fef6d056
2026-04-01 12:43:41|qwen|web_search_no_think|2|JSON_SAVED||1597|a60d32de-7a87-4bca-a0e2-c3f3fef6d056
2026-04-01 12:43:41|qwen|web_search_no_think|2|QUESTION_ADVANCE||1598|c9a09870-9db0-443d-bdda-2e3f54a4feb6
2026-04-01 12:43:57|qwen|web_search_no_think|1|JSON_VERIFY_FAILED||1539|b12465e8-99d2-4121-94b0-deb334c7ef5a
2026-04-01 12:43:57|qwen|web_search_no_think|1|QUESTION|47|1539|b12465e8-99d2-4121-94b0-deb334c7ef5a
2026-04-01 12:44:02|qwen|web_search_no_think|1|QUESTION_SENT||1539|b12465e8-99d2-4121-94b0-deb334c7ef5a
2026-04-01 12:44:03|qwen|web_search_no_think|0|JSON_VERIFIED||1497|c816d354-e8d4-417d-9bb3-84bb6c1a1b55
2026-04-01 12:44:03|qwen|web_search_no_think|0|QUESTION|54|1497|c816d354-e8d4-417d-9bb3-84bb6c1a1b55
2026-04-01 12:44:03|qwen|web_search_no_think|0|JSON_SAVED||1497|c816d354-e8d4-417d-9bb3-84bb6c1a1b55
2026-04-01 12:44:03|qwen|web_search_no_think|0|QUESTION_ADVANCE||1498|4a6ff1df-8340-434e-9516-9d8a8c424137
2026-04-01 12:44:07|qwen|web_search_no_think|3|QUESTION_SENT||1636|96ec1b39-341a-4c9e-ba6f-394b17a209f0
2026-04-01 12:44:08|qwen|web_search_no_think|2|QUESTION_SENT||1598|c9a09870-9db0-443d-bdda-2e3f54a4feb6
2026-04-01 12:44:29|qwen|web_search_no_think|0|QUESTION_SENT||1498|4a6ff1df-8340-434e-9516-9d8a8c424137
2026-04-01 12:44:30|qwen|web_search_no_think|4|JSON_VERIFY_FAILED||1686|9f067917-f779-457e-8d84-12a609d653d2
2026-04-01 12:44:30|qwen|web_search_no_think|4|QUESTION|45|1686|9f067917-f779-457e-8d84-12a609d653d2
2026-04-01 12:44:36|qwen|web_search_no_think|4|QUESTION_SENT||1686|9f067917-f779-457e-8d84-12a609d653d2
2026-04-01 12:46:09|qwen|web_search_no_think|0|JSON_VERIFY_FAILED||1498|4a6ff1df-8340-434e-9516-9d8a8c424137
2026-04-01 12:46:09|qwen|web_search_no_think|0|QUESTION|55|1498|4a6ff1df-8340-434e-9516-9d8a8c424137
2026-04-01 12:46:23|qwen|web_search_no_think|5|JSON_VERIFIED||1743|95087453-4c3d-4631-bd0c-8ecb3ea8708c
2026-04-01 12:46:23|qwen|web_search_no_think|5|QUESTION|46|1743|95087453-4c3d-4631-bd0c-8ecb3ea8708c
2026-04-01 12:46:23|qwen|web_search_no_think|5|JSON_SAVED||1743|95087453-4c3d-4631-bd0c-8ecb3ea8708c
2026-04-01 12:46:23|qwen|web_search_no_think|5|QUESTION_ADVANCE||1744|dcbedac3-d066-4413-a572-adec1426d406
2026-04-01 12:46:35|qwen|web_search_no_think|0|QUESTION_SENT||1498|4a6ff1df-8340-434e-9516-9d8a8c424137
2026-04-01 12:46:51|qwen|web_search_no_think|5|QUESTION_SENT||1744|dcbedac3-d066-4413-a572-adec1426d406
2026-04-01 12:46:52|qwen|web_search_no_think|2|JSON_VERIFIED||1598|c9a09870-9db0-443d-bdda-2e3f54a4feb6
2026-04-01 12:46:52|qwen|web_search_no_think|2|QUESTION|53|1598|c9a09870-9db0-443d-bdda-2e3f54a4feb6
2026-04-01 12:46:52|qwen|web_search_no_think|2|JSON_SAVED||1598|c9a09870-9db0-443d-bdda-2e3f54a4feb6
2026-04-01 12:46:52|qwen|web_search_no_think|2|QUESTION_ADVANCE||1599|47e6957d-3ad3-4885-8796-34859e3e7d90
2026-04-01 12:47:14|qwen|web_search_no_think|1|QUESTION_SENT||1539|b12465e8-99d2-4121-94b0-deb334c7ef5a
2026-04-01 12:47:24|qwen|web_search_no_think|2|QUESTION_SENT||1599|47e6957d-3ad3-4885-8796-34859e3e7d90
2026-04-01 12:47:38|qwen|web_search_no_think|3|JSON_VERIFIED||1636|96ec1b39-341a-4c9e-ba6f-394b17a209f0
2026-04-01 12:47:38|qwen|web_search_no_think|3|QUESTION|40|1636|96ec1b39-341a-4c9e-ba6f-394b17a209f0
2026-04-01 12:47:38|qwen|web_search_no_think|3|JSON_SAVED||1636|96ec1b39-341a-4c9e-ba6f-394b17a209f0
2026-04-01 12:47:38|qwen|web_search_no_think|3|QUESTION_ADVANCE||1637|f587ff03-9400-4998-bf7a-844acb563cc8
2026-04-01 12:48:06|qwen|web_search_no_think|3|QUESTION_SENT||1637|f587ff03-9400-4998-bf7a-844acb563cc8
2026-04-01 12:49:16|qwen|web_search_no_think|4|QUESTION_SENT||1686|9f067917-f779-457e-8d84-12a609d653d2
2026-04-01 12:49:42|qwen|web_search_no_think|1|JSON_VERIFIED||1539|b12465e8-99d2-4121-94b0-deb334c7ef5a
2026-04-01 12:49:42|qwen|web_search_no_think|1|QUESTION|48|1539|b12465e8-99d2-4121-94b0-deb334c7ef5a
2026-04-01 12:49:42|qwen|web_search_no_think|1|JSON_SAVED||1539|b12465e8-99d2-4121-94b0-deb334c7ef5a
2026-04-01 12:49:42|qwen|web_search_no_think|1|QUESTION_ADVANCE||1540|f1d92368-253d-4b91-b332-97e49d469374
2026-04-01 12:50:01|qwen|web_search_no_think|0|JSON_VERIFIED||1498|4a6ff1df-8340-434e-9516-9d8a8c424137
2026-04-01 12:50:01|qwen|web_search_no_think|0|QUESTION|56|1498|4a6ff1df-8340-434e-9516-9d8a8c424137
2026-04-01 12:50:01|qwen|web_search_no_think|0|JSON_SAVED||1498|4a6ff1df-8340-434e-9516-9d8a8c424137
2026-04-01 12:50:01|qwen|web_search_no_think|0|QUESTION_ADVANCE||1499|e30cdbda-ebc8-4514-8789-46a90db936b0
2026-04-01 12:50:08|qwen|web_search_no_think|1|QUESTION_SENT||1540|f1d92368-253d-4b91-b332-97e49d469374
2026-04-01 12:50:19|qwen|web_search_no_think|2|JSON_VERIFIED||1599|47e6957d-3ad3-4885-8796-34859e3e7d90
2026-04-01 12:50:19|qwen|web_search_no_think|2|QUESTION|54|1599|47e6957d-3ad3-4885-8796-34859e3e7d90
2026-04-01 12:50:19|qwen|web_search_no_think|2|JSON_SAVED||1599|47e6957d-3ad3-4885-8796-34859e3e7d90
2026-04-01 12:50:19|qwen|web_search_no_think|2|QUESTION_ADVANCE||1600|717eb98f-ac2b-406d-8a29-b4625ea55c7a
2026-04-01 12:50:27|qwen|web_search_no_think|0|QUESTION_SENT||1499|e30cdbda-ebc8-4514-8789-46a90db936b0
2026-04-01 12:50:32|qwen|web_search_no_think|3|JSON_VERIFIED||1637|f587ff03-9400-4998-bf7a-844acb563cc8
2026-04-01 12:50:32|qwen|web_search_no_think|3|QUESTION|41|1637|f587ff03-9400-4998-bf7a-844acb563cc8
2026-04-01 12:50:32|qwen|web_search_no_think|3|JSON_SAVED||1637|f587ff03-9400-4998-bf7a-844acb563cc8
2026-04-01 12:50:32|qwen|web_search_no_think|3|QUESTION_ADVANCE||1638|8ce55f6e-21f6-4604-bd36-fa2926b2d044
2026-04-01 12:50:45|qwen|web_search_no_think|2|QUESTION_SENT||1600|717eb98f-ac2b-406d-8a29-b4625ea55c7a
2026-04-01 12:50:55|qwen|web_search_no_think|5|JSON_VERIFIED||1744|dcbedac3-d066-4413-a572-adec1426d406
2026-04-01 12:50:55|qwen|web_search_no_think|5|QUESTION|47|1744|dcbedac3-d066-4413-a572-adec1426d406
2026-04-01 12:50:55|qwen|web_search_no_think|5|JSON_SAVED||1744|dcbedac3-d066-4413-a572-adec1426d406
2026-04-01 12:50:55|qwen|web_search_no_think|5|QUESTION_ADVANCE||1745|f5c14c9b-f871-4b69-a0a4-5901b4de7e4b
2026-04-01 12:50:58|qwen|web_search_no_think|3|QUESTION_SENT||1638|8ce55f6e-21f6-4604-bd36-fa2926b2d044
2026-04-01 12:51:21|qwen|web_search_no_think|5|QUESTION_SENT||1745|f5c14c9b-f871-4b69-a0a4-5901b4de7e4b
2026-04-01 12:51:24|qwen|web_search_no_think|0|JSON_VERIFIED||1499|e30cdbda-ebc8-4514-8789-46a90db936b0
2026-04-01 12:51:24|qwen|web_search_no_think|0|QUESTION|57|1499|e30cdbda-ebc8-4514-8789-46a90db936b0
2026-04-01 12:51:24|qwen|web_search_no_think|0|JSON_SAVED||1499|e30cdbda-ebc8-4514-8789-46a90db936b0
2026-04-01 12:51:24|qwen|web_search_no_think|0|QUESTION_ADVANCE||1500|600a4aec-33ff-4335-997f-6917d89e3e7a
2026-04-01 12:51:39|qwen|web_search_no_think|4|JSON_VERIFIED||1686|9f067917-f779-457e-8d84-12a609d653d2
2026-04-01 12:51:39|qwen|web_search_no_think|4|QUESTION|46|1686|9f067917-f779-457e-8d84-12a609d653d2
2026-04-01 12:51:39|qwen|web_search_no_think|4|JSON_SAVED||1686|9f067917-f779-457e-8d84-12a609d653d2
2026-04-01 12:51:39|qwen|web_search_no_think|4|QUESTION_ADVANCE||1687|66f4deba-bded-46f7-a4e1-c74b72bafa00
2026-04-01 12:51:51|qwen|web_search_no_think|0|QUESTION_SENT||1500|600a4aec-33ff-4335-997f-6917d89e3e7a
2026-04-01 12:52:06|qwen|web_search_no_think|4|QUESTION_SENT||1687|66f4deba-bded-46f7-a4e1-c74b72bafa00
2026-04-01 12:52:06|qwen|web_search_no_think|2|JSON_VERIFIED||1600|717eb98f-ac2b-406d-8a29-b4625ea55c7a
2026-04-01 12:52:06|qwen|web_search_no_think|2|QUESTION|55|1600|717eb98f-ac2b-406d-8a29-b4625ea55c7a
2026-04-01 12:52:06|qwen|web_search_no_think|2|JSON_SAVED||1600|717eb98f-ac2b-406d-8a29-b4625ea55c7a
2026-04-01 12:52:07|qwen|web_search_no_think|2|STOP||1601|
2026-04-01 12:52:34|qwen|web_search_no_think|5|JSON_VERIFY_FAILED||1745|f5c14c9b-f871-4b69-a0a4-5901b4de7e4b
2026-04-01 12:52:34|qwen|web_search_no_think|5|QUESTION|48|1745|f5c14c9b-f871-4b69-a0a4-5901b4de7e4b
2026-04-01 12:52:45|qwen|web_search_no_think|0|JSON_VERIFIED||1500|600a4aec-33ff-4335-997f-6917d89e3e7a
2026-04-01 12:52:45|qwen|web_search_no_think|0|QUESTION|58|1500|600a4aec-33ff-4335-997f-6917d89e3e7a
2026-04-01 12:52:45|qwen|web_search_no_think|0|JSON_SAVED||1500|600a4aec-33ff-4335-997f-6917d89e3e7a
2026-04-01 12:52:46|qwen|web_search_no_think|0|STOP||1501|
2026-04-01 12:52:55|qwen|web_search_no_think|3|JSON_VERIFIED||1638|8ce55f6e-21f6-4604-bd36-fa2926b2d044
2026-04-01 12:52:55|qwen|web_search_no_think|3|QUESTION|42|1638|8ce55f6e-21f6-4604-bd36-fa2926b2d044
2026-04-01 12:52:55|qwen|web_search_no_think|3|JSON_SAVED||1638|8ce55f6e-21f6-4604-bd36-fa2926b2d044
2026-04-01 12:52:55|qwen|web_search_no_think|3|QUESTION_ADVANCE||1639|38e2e4b8-6157-4201-a521-8b1402356c05
2026-04-01 12:53:00|qwen|web_search_no_think|5|QUESTION_SENT||1745|f5c14c9b-f871-4b69-a0a4-5901b4de7e4b
2026-04-01 12:53:21|qwen|web_search_no_think|3|QUESTION_SENT||1639|38e2e4b8-6157-4201-a521-8b1402356c05
2026-04-01 12:54:15|qwen|web_search_no_think|4|JSON_VERIFIED||1687|66f4deba-bded-46f7-a4e1-c74b72bafa00
2026-04-01 12:54:15|qwen|web_search_no_think|4|QUESTION|47|1687|66f4deba-bded-46f7-a4e1-c74b72bafa00
2026-04-01 12:54:15|qwen|web_search_no_think|4|JSON_SAVED||1687|66f4deba-bded-46f7-a4e1-c74b72bafa00
2026-04-01 12:54:15|qwen|web_search_no_think|4|QUESTION_ADVANCE||1688|7b7a8677-e3fe-4874-8afd-9cebe3a45bd3
2026-04-01 12:54:41|qwen|web_search_no_think|4|QUESTION_SENT||1688|7b7a8677-e3fe-4874-8afd-9cebe3a45bd3
2026-04-01 12:54:48|qwen|web_search_no_think|1|JSON_VERIFIED||1540|f1d92368-253d-4b91-b332-97e49d469374
2026-04-01 12:54:48|qwen|web_search_no_think|1|QUESTION|49|1540|f1d92368-253d-4b91-b332-97e49d469374
2026-04-01 12:54:48|qwen|web_search_no_think|1|JSON_SAVED||1540|f1d92368-253d-4b91-b332-97e49d469374
2026-04-01 12:54:48|qwen|web_search_no_think|1|QUESTION_ADVANCE||1541|f4dd6d97-efd6-492f-9448-8b3b8116f020
2026-04-01 12:55:15|qwen|web_search_no_think|1|QUESTION_SENT||1541|f4dd6d97-efd6-492f-9448-8b3b8116f020
2026-04-01 12:55:51|qwen|web_search_no_think|4|JSON_VERIFIED||1688|7b7a8677-e3fe-4874-8afd-9cebe3a45bd3
2026-04-01 12:55:51|qwen|web_search_no_think|4|QUESTION|48|1688|7b7a8677-e3fe-4874-8afd-9cebe3a45bd3
2026-04-01 12:55:51|qwen|web_search_no_think|4|JSON_SAVED||1688|7b7a8677-e3fe-4874-8afd-9cebe3a45bd3
2026-04-01 12:55:51|qwen|web_search_no_think|4|QUESTION_ADVANCE||1689|89ee5150-db50-447e-babd-c158cd5bdb3f
2026-04-01 12:56:17|qwen|web_search_no_think|4|QUESTION_SENT||1689|89ee5150-db50-447e-babd-c158cd5bdb3f
2026-04-01 12:56:52|qwen|web_search_no_think|5|JSON_VERIFY_FAILED||1745|f5c14c9b-f871-4b69-a0a4-5901b4de7e4b
2026-04-01 12:56:52|qwen|web_search_no_think|5|QUESTION|49|1745|f5c14c9b-f871-4b69-a0a4-5901b4de7e4b
2026-04-01 12:56:57|qwen|web_search_no_think|5|QUESTION_SENT||1745|f5c14c9b-f871-4b69-a0a4-5901b4de7e4b
2026-04-01 12:57:48|qwen|web_search_no_think|3|JSON_VERIFIED||1639|38e2e4b8-6157-4201-a521-8b1402356c05
2026-04-01 12:57:48|qwen|web_search_no_think|3|QUESTION|43|1639|38e2e4b8-6157-4201-a521-8b1402356c05
2026-04-01 12:57:48|qwen|web_search_no_think|3|JSON_SAVED||1639|38e2e4b8-6157-4201-a521-8b1402356c05
2026-04-01 12:57:48|qwen|web_search_no_think|3|QUESTION_ADVANCE||1640|13bc9224-39b7-4df1-8f03-13ffe185a818
2026-04-01 12:58:22|qwen|web_search_no_think|3|QUESTION_SENT||1640|13bc9224-39b7-4df1-8f03-13ffe185a818
2026-04-01 12:58:35|qwen|web_search_no_think|1|JSON_VERIFIED||1541|f4dd6d97-efd6-492f-9448-8b3b8116f020
2026-04-01 12:58:35|qwen|web_search_no_think|1|QUESTION|50|1541|f4dd6d97-efd6-492f-9448-8b3b8116f020
2026-04-01 12:58:35|qwen|web_search_no_think|1|JSON_SAVED||1541|f4dd6d97-efd6-492f-9448-8b3b8116f020
2026-04-01 12:58:35|qwen|web_search_no_think|1|QUESTION_ADVANCE||1542|52c59b01-96a6-4d2a-8fa1-1998257c06be
2026-04-01 12:59:08|qwen|web_search_no_think|5|QUESTION_SENT||1745|f5c14c9b-f871-4b69-a0a4-5901b4de7e4b
2026-04-01 12:59:08|qwen|web_search_no_think|1|QUESTION_SENT||1542|52c59b01-96a6-4d2a-8fa1-1998257c06be
2026-04-01 12:59:45|qwen|web_search_no_think|4|JSON_VERIFIED||1689|89ee5150-db50-447e-babd-c158cd5bdb3f
2026-04-01 12:59:45|qwen|web_search_no_think|4|QUESTION|49|1689|89ee5150-db50-447e-babd-c158cd5bdb3f
2026-04-01 12:59:45|qwen|web_search_no_think|4|JSON_SAVED||1689|89ee5150-db50-447e-babd-c158cd5bdb3f
2026-04-01 12:59:45|qwen|web_search_no_think|4|QUESTION_ADVANCE||1690|b17895ec-dc01-45c3-9582-188ef4daa216
2026-04-01 12:59:54|qwen|web_search_no_think|3|JSON_VERIFIED||1640|13bc9224-39b7-4df1-8f03-13ffe185a818
2026-04-01 12:59:54|qwen|web_search_no_think|3|QUESTION|44|1640|13bc9224-39b7-4df1-8f03-13ffe185a818
2026-04-01 12:59:54|qwen|web_search_no_think|3|JSON_SAVED||1640|13bc9224-39b7-4df1-8f03-13ffe185a818
2026-04-01 12:59:54|qwen|web_search_no_think|3|QUESTION_ADVANCE||1641|e6f5afc5-92bf-4068-bcc4-bfc106a5de40
2026-04-01 13:00:11|qwen|web_search_no_think|4|QUESTION_SENT||1690|b17895ec-dc01-45c3-9582-188ef4daa216
2026-04-01 13:00:30|qwen|web_search_no_think|3|QUESTION_SENT||1641|e6f5afc5-92bf-4068-bcc4-bfc106a5de40
2026-04-01 13:01:16|qwen|web_search_no_think|5|JSON_VERIFIED||1745|f5c14c9b-f871-4b69-a0a4-5901b4de7e4b
2026-04-01 13:01:16|qwen|web_search_no_think|5|QUESTION|50|1745|f5c14c9b-f871-4b69-a0a4-5901b4de7e4b
2026-04-01 13:01:16|qwen|web_search_no_think|5|JSON_SAVED||1745|f5c14c9b-f871-4b69-a0a4-5901b4de7e4b
2026-04-01 13:01:16|qwen|web_search_no_think|5|QUESTION_ADVANCE||1746|5edc5cbb-fcaf-4070-82b1-40f65032fcf3
2026-04-01 13:01:19|qwen|web_search_no_think|4|JSON_VERIFIED||1690|b17895ec-dc01-45c3-9582-188ef4daa216
2026-04-01 13:01:19|qwen|web_search_no_think|4|QUESTION|50|1690|b17895ec-dc01-45c3-9582-188ef4daa216
2026-04-01 13:01:19|qwen|web_search_no_think|4|JSON_SAVED||1690|b17895ec-dc01-45c3-9582-188ef4daa216
2026-04-01 13:01:19|qwen|web_search_no_think|4|QUESTION_ADVANCE||1691|8b1a2b73-3f2a-4124-a20c-0be770ce1f62
2026-04-01 13:01:43|qwen|web_search_no_think|5|QUESTION_SENT||1746|5edc5cbb-fcaf-4070-82b1-40f65032fcf3
2026-04-01 13:01:45|qwen|web_search_no_think|4|QUESTION_SENT||1691|8b1a2b73-3f2a-4124-a20c-0be770ce1f62
2026-04-01 13:02:30|qwen|web_search_no_think|3|JSON_VERIFIED||1641|e6f5afc5-92bf-4068-bcc4-bfc106a5de40
2026-04-01 13:02:30|qwen|web_search_no_think|3|QUESTION|45|1641|e6f5afc5-92bf-4068-bcc4-bfc106a5de40
2026-04-01 13:02:30|qwen|web_search_no_think|3|JSON_SAVED||1641|e6f5afc5-92bf-4068-bcc4-bfc106a5de40
2026-04-01 13:02:30|qwen|web_search_no_think|3|QUESTION_ADVANCE||1642|3d5bc449-98b4-4142-8362-a7938757a02a
2026-04-01 13:02:34|qwen|web_search_no_think|5|JSON_VERIFIED||1746|5edc5cbb-fcaf-4070-82b1-40f65032fcf3
2026-04-01 13:02:34|qwen|web_search_no_think|5|QUESTION|51|1746|5edc5cbb-fcaf-4070-82b1-40f65032fcf3
2026-04-01 13:02:34|qwen|web_search_no_think|5|JSON_SAVED||1746|5edc5cbb-fcaf-4070-82b1-40f65032fcf3
2026-04-01 13:02:34|qwen|web_search_no_think|5|QUESTION_ADVANCE||1747|ca7a51e9-a44f-4c2c-bab3-052393a1cb9f
2026-04-01 13:03:00|qwen|web_search_no_think|5|QUESTION_SENT||1747|ca7a51e9-a44f-4c2c-bab3-052393a1cb9f
2026-04-01 13:03:06|qwen|web_search_no_think|3|QUESTION_SENT||1642|3d5bc449-98b4-4142-8362-a7938757a02a
2026-04-01 13:03:17|qwen|web_search_no_think|1|JSON_VERIFIED||1542|52c59b01-96a6-4d2a-8fa1-1998257c06be
2026-04-01 13:03:17|qwen|web_search_no_think|1|QUESTION|51|1542|52c59b01-96a6-4d2a-8fa1-1998257c06be
2026-04-01 13:03:17|qwen|web_search_no_think|1|JSON_SAVED||1542|52c59b01-96a6-4d2a-8fa1-1998257c06be
2026-04-01 13:03:17|qwen|web_search_no_think|1|QUESTION_ADVANCE||1543|a30afb5b-c9d2-4579-9fac-1dab01572d71
2026-04-01 13:03:43|qwen|web_search_no_think|1|QUESTION_SENT||1543|a30afb5b-c9d2-4579-9fac-1dab01572d71
2026-04-01 13:05:04|qwen|web_search_no_think|5|JSON_VERIFIED||1747|ca7a51e9-a44f-4c2c-bab3-052393a1cb9f
2026-04-01 13:05:04|qwen|web_search_no_think|5|QUESTION|52|1747|ca7a51e9-a44f-4c2c-bab3-052393a1cb9f
2026-04-01 13:05:04|qwen|web_search_no_think|5|JSON_SAVED||1747|ca7a51e9-a44f-4c2c-bab3-052393a1cb9f
2026-04-01 13:05:04|qwen|web_search_no_think|5|QUESTION_ADVANCE||1748|1a0b73b4-5f5f-4b24-9918-e9e3a0ea495c
2026-04-01 13:05:31|qwen|web_search_no_think|3|JSON_VERIFIED||1642|3d5bc449-98b4-4142-8362-a7938757a02a
2026-04-01 13:05:31|qwen|web_search_no_think|3|QUESTION|46|1642|3d5bc449-98b4-4142-8362-a7938757a02a
2026-04-01 13:05:31|qwen|web_search_no_think|3|JSON_SAVED||1642|3d5bc449-98b4-4142-8362-a7938757a02a
2026-04-01 13:05:31|qwen|web_search_no_think|3|QUESTION_ADVANCE||1643|96a1004f-9836-4b52-9641-578afa7055bc
2026-04-01 13:05:37|qwen|web_search_no_think|5|QUESTION_SENT||1748|1a0b73b4-5f5f-4b24-9918-e9e3a0ea495c
2026-04-01 13:05:58|qwen|web_search_no_think|4|JSON_VERIFIED||1691|8b1a2b73-3f2a-4124-a20c-0be770ce1f62
2026-04-01 13:05:58|qwen|web_search_no_think|4|QUESTION|51|1691|8b1a2b73-3f2a-4124-a20c-0be770ce1f62
2026-04-01 13:05:58|qwen|web_search_no_think|4|JSON_SAVED||1691|8b1a2b73-3f2a-4124-a20c-0be770ce1f62
2026-04-01 13:05:58|qwen|web_search_no_think|4|QUESTION_ADVANCE||1692|c2dd52be-1033-4672-81d8-633b1b7cd6ba
2026-04-01 13:06:07|qwen|web_search_no_think|3|QUESTION_SENT||1643|96a1004f-9836-4b52-9641-578afa7055bc
2026-04-01 13:06:24|qwen|web_search_no_think|4|QUESTION_SENT||1692|c2dd52be-1033-4672-81d8-633b1b7cd6ba
2026-04-01 13:06:29|qwen|web_search_no_think|1|JSON_VERIFIED||1543|a30afb5b-c9d2-4579-9fac-1dab01572d71
2026-04-01 13:06:29|qwen|web_search_no_think|1|QUESTION|52|1543|a30afb5b-c9d2-4579-9fac-1dab01572d71
2026-04-01 13:06:29|qwen|web_search_no_think|1|JSON_SAVED||1543|a30afb5b-c9d2-4579-9fac-1dab01572d71
2026-04-01 13:06:29|qwen|web_search_no_think|1|QUESTION_ADVANCE||1544|c1a4b986-ec5e-496e-b2eb-d9e89bf37f6a
2026-04-01 13:07:01|qwen|web_search_no_think|1|QUESTION_SENT||1544|c1a4b986-ec5e-496e-b2eb-d9e89bf37f6a
2026-04-01 13:08:15|qwen|web_search_no_think|5|JSON_VERIFIED||1748|1a0b73b4-5f5f-4b24-9918-e9e3a0ea495c
2026-04-01 13:08:15|qwen|web_search_no_think|5|QUESTION|53|1748|1a0b73b4-5f5f-4b24-9918-e9e3a0ea495c
2026-04-01 13:08:15|qwen|web_search_no_think|5|JSON_SAVED||1748|1a0b73b4-5f5f-4b24-9918-e9e3a0ea495c
2026-04-01 13:08:15|qwen|web_search_no_think|5|QUESTION_ADVANCE||1749|699c3f27-9e09-4f1c-a9ce-2733c7903e9e
2026-04-01 13:08:24|qwen|web_search_no_think|1|JSON_VERIFIED||1544|c1a4b986-ec5e-496e-b2eb-d9e89bf37f6a
2026-04-01 13:08:24|qwen|web_search_no_think|1|QUESTION|53|1544|c1a4b986-ec5e-496e-b2eb-d9e89bf37f6a
2026-04-01 13:08:24|qwen|web_search_no_think|1|JSON_SAVED||1544|c1a4b986-ec5e-496e-b2eb-d9e89bf37f6a
2026-04-01 13:08:24|qwen|web_search_no_think|1|QUESTION_ADVANCE||1545|2f99631c-dd04-43b1-95c8-bd5f40a1f1bd
2026-04-01 13:08:39|qwen|web_search_no_think|4|JSON_VERIFIED||1692|c2dd52be-1033-4672-81d8-633b1b7cd6ba
2026-04-01 13:08:39|qwen|web_search_no_think|4|QUESTION|52|1692|c2dd52be-1033-4672-81d8-633b1b7cd6ba
2026-04-01 13:08:39|qwen|web_search_no_think|4|JSON_SAVED||1692|c2dd52be-1033-4672-81d8-633b1b7cd6ba
2026-04-01 13:08:39|qwen|web_search_no_think|4|QUESTION_ADVANCE||1693|e5a9c4bf-cae9-4353-903e-c64c8b977ba3
2026-04-01 13:08:41|qwen|web_search_no_think|5|QUESTION_SENT||1749|699c3f27-9e09-4f1c-a9ce-2733c7903e9e
2026-04-01 13:08:57|qwen|web_search_no_think|1|QUESTION_SENT||1545|2f99631c-dd04-43b1-95c8-bd5f40a1f1bd
2026-04-01 13:09:06|qwen|web_search_no_think|4|QUESTION_SENT||1693|e5a9c4bf-cae9-4353-903e-c64c8b977ba3
2026-04-01 13:09:18|qwen|web_search_no_think|3|JSON_VERIFIED||1643|96a1004f-9836-4b52-9641-578afa7055bc
2026-04-01 13:09:18|qwen|web_search_no_think|3|QUESTION|47|1643|96a1004f-9836-4b52-9641-578afa7055bc
2026-04-01 13:09:18|qwen|web_search_no_think|3|JSON_SAVED||1643|96a1004f-9836-4b52-9641-578afa7055bc
2026-04-01 13:09:18|qwen|web_search_no_think|3|QUESTION_ADVANCE||1644|a23e3e60-de97-4d37-81bb-7fab199c5adf
2026-04-01 13:09:52|qwen|web_search_no_think|3|QUESTION_SENT||1644|a23e3e60-de97-4d37-81bb-7fab199c5adf
2026-04-01 13:09:54|qwen|web_search_no_think|5|JSON_VERIFY_FAILED||1749|699c3f27-9e09-4f1c-a9ce-2733c7903e9e
2026-04-01 13:09:54|qwen|web_search_no_think|5|QUESTION|54|1749|699c3f27-9e09-4f1c-a9ce-2733c7903e9e
2026-04-01 13:10:20|qwen|web_search_no_think|5|QUESTION_SENT||1749|699c3f27-9e09-4f1c-a9ce-2733c7903e9e
2026-04-01 13:10:24|qwen|web_search_no_think|1|JSON_VERIFIED||1545|2f99631c-dd04-43b1-95c8-bd5f40a1f1bd
2026-04-01 13:10:24|qwen|web_search_no_think|1|QUESTION|54|1545|2f99631c-dd04-43b1-95c8-bd5f40a1f1bd
2026-04-01 13:10:24|qwen|web_search_no_think|1|JSON_SAVED||1545|2f99631c-dd04-43b1-95c8-bd5f40a1f1bd
2026-04-01 13:10:24|qwen|web_search_no_think|1|QUESTION_ADVANCE||1546|e5e2a13e-5eb3-45b3-aa1f-f5056c113515
2026-04-01 13:10:56|qwen|web_search_no_think|1|QUESTION_SENT||1546|e5e2a13e-5eb3-45b3-aa1f-f5056c113515
2026-04-01 13:11:21|qwen|web_search_no_think|5|JSON_VERIFIED||1749|699c3f27-9e09-4f1c-a9ce-2733c7903e9e
2026-04-01 13:11:21|qwen|web_search_no_think|5|QUESTION|55|1749|699c3f27-9e09-4f1c-a9ce-2733c7903e9e
2026-04-01 13:11:21|qwen|web_search_no_think|5|JSON_SAVED||1749|699c3f27-9e09-4f1c-a9ce-2733c7903e9e
2026-04-01 13:11:21|qwen|web_search_no_think|5|QUESTION_ADVANCE||1750|64f66ac3-4694-41a2-b6cc-3cf809fe023b
2026-04-01 13:11:25|qwen|web_search_no_think|4|JSON_VERIFIED||1693|e5a9c4bf-cae9-4353-903e-c64c8b977ba3
2026-04-01 13:11:25|qwen|web_search_no_think|4|QUESTION|53|1693|e5a9c4bf-cae9-4353-903e-c64c8b977ba3
2026-04-01 13:11:25|qwen|web_search_no_think|4|JSON_SAVED||1693|e5a9c4bf-cae9-4353-903e-c64c8b977ba3
2026-04-01 13:11:25|qwen|web_search_no_think|4|QUESTION_ADVANCE||1694|4af4fc0d-e6b0-47d5-b80e-9ecf7eff6357
2026-04-01 13:11:48|qwen|web_search_no_think|5|QUESTION_SENT||1750|64f66ac3-4694-41a2-b6cc-3cf809fe023b
2026-04-01 13:11:51|qwen|web_search_no_think|4|QUESTION_SENT||1694|4af4fc0d-e6b0-47d5-b80e-9ecf7eff6357
2026-04-01 13:12:10|qwen|web_search_no_think|1|JSON_VERIFIED||1546|e5e2a13e-5eb3-45b3-aa1f-f5056c113515
2026-04-01 13:12:10|qwen|web_search_no_think|1|QUESTION|55|1546|e5e2a13e-5eb3-45b3-aa1f-f5056c113515
2026-04-01 13:12:10|qwen|web_search_no_think|1|JSON_SAVED||1546|e5e2a13e-5eb3-45b3-aa1f-f5056c113515
2026-04-01 13:12:10|qwen|web_search_no_think|1|QUESTION_ADVANCE||1547|9c5588fa-ba72-4c44-a407-40fd43d984b4
2026-04-01 13:12:17|qwen|web_search_no_think|3|JSON_VERIFIED||1644|a23e3e60-de97-4d37-81bb-7fab199c5adf
2026-04-01 13:12:17|qwen|web_search_no_think|3|QUESTION|48|1644|a23e3e60-de97-4d37-81bb-7fab199c5adf
2026-04-01 13:12:17|qwen|web_search_no_think|3|JSON_SAVED||1644|a23e3e60-de97-4d37-81bb-7fab199c5adf
2026-04-01 13:12:17|qwen|web_search_no_think|3|QUESTION_ADVANCE||1645|88ce6737-2b24-40c6-8972-f1547301c932
2026-04-01 13:12:44|qwen|web_search_no_think|3|QUESTION_SENT||1645|88ce6737-2b24-40c6-8972-f1547301c932
2026-04-01 13:12:45|qwen|web_search_no_think|1|QUESTION_SENT||1547|9c5588fa-ba72-4c44-a407-40fd43d984b4
2026-04-01 13:14:02|qwen|web_search_no_think|1|JSON_VERIFIED||1547|9c5588fa-ba72-4c44-a407-40fd43d984b4
2026-04-01 13:14:02|qwen|web_search_no_think|1|QUESTION|56|1547|9c5588fa-ba72-4c44-a407-40fd43d984b4
2026-04-01 13:14:02|qwen|web_search_no_think|1|JSON_SAVED||1547|9c5588fa-ba72-4c44-a407-40fd43d984b4
2026-04-01 13:14:02|qwen|web_search_no_think|1|QUESTION_ADVANCE||1548|0b115611-d67d-40ad-95b9-436d74f0148c
2026-04-01 13:14:28|qwen|web_search_no_think|5|JSON_VERIFIED||1750|64f66ac3-4694-41a2-b6cc-3cf809fe023b
2026-04-01 13:14:28|qwen|web_search_no_think|5|QUESTION|56|1750|64f66ac3-4694-41a2-b6cc-3cf809fe023b
2026-04-01 13:14:28|qwen|web_search_no_think|5|JSON_SAVED||1750|64f66ac3-4694-41a2-b6cc-3cf809fe023b
2026-04-01 13:14:29|qwen|web_search_no_think|5|STOP||1751|
2026-04-01 13:14:35|qwen|web_search_no_think|1|QUESTION_SENT||1548|0b115611-d67d-40ad-95b9-436d74f0148c
2026-04-01 13:14:47|qwen|web_search_no_think|4|JSON_VERIFIED||1694|4af4fc0d-e6b0-47d5-b80e-9ecf7eff6357
2026-04-01 13:14:47|qwen|web_search_no_think|4|QUESTION|54|1694|4af4fc0d-e6b0-47d5-b80e-9ecf7eff6357
2026-04-01 13:14:47|qwen|web_search_no_think|4|JSON_SAVED||1694|4af4fc0d-e6b0-47d5-b80e-9ecf7eff6357
2026-04-01 13:14:47|qwen|web_search_no_think|4|QUESTION_ADVANCE||1695|db690cfa-0019-43f9-b528-0f954754b9fb
2026-04-01 13:14:56|qwen|web_search_no_think|3|JSON_VERIFIED||1645|88ce6737-2b24-40c6-8972-f1547301c932
2026-04-01 13:14:56|qwen|web_search_no_think|3|QUESTION|49|1645|88ce6737-2b24-40c6-8972-f1547301c932
2026-04-01 13:14:56|qwen|web_search_no_think|3|JSON_SAVED||1645|88ce6737-2b24-40c6-8972-f1547301c932
2026-04-01 13:14:56|qwen|web_search_no_think|3|QUESTION_ADVANCE||1646|4046daaa-0e04-4361-9c0e-0a8241fa5b82
2026-04-01 13:15:09|qwen|web_search_no_think|1|JSON_VERIFY_FAILED||1548|0b115611-d67d-40ad-95b9-436d74f0148c
2026-04-01 13:15:09|qwen|web_search_no_think|1|QUESTION|57|1548|0b115611-d67d-40ad-95b9-436d74f0148c
2026-04-01 13:15:14|qwen|web_search_no_think|4|QUESTION_SENT||1695|db690cfa-0019-43f9-b528-0f954754b9fb
2026-04-01 13:15:29|qwen|web_search_no_think|3|QUESTION_SENT||1646|4046daaa-0e04-4361-9c0e-0a8241fa5b82
2026-04-01 13:15:41|qwen|web_search_no_think|1|QUESTION_SENT||1548|0b115611-d67d-40ad-95b9-436d74f0148c
2026-04-01 13:16:12|qwen|web_search_no_think|4|JSON_VERIFIED||1695|db690cfa-0019-43f9-b528-0f954754b9fb
2026-04-01 13:16:12|qwen|web_search_no_think|4|QUESTION|55|1695|db690cfa-0019-43f9-b528-0f954754b9fb
2026-04-01 13:16:12|qwen|web_search_no_think|4|JSON_SAVED||1695|db690cfa-0019-43f9-b528-0f954754b9fb
2026-04-01 13:16:12|qwen|web_search_no_think|4|QUESTION_ADVANCE||1696|082b9aa5-7334-4ee6-8a56-26edc332a1bd
2026-04-01 13:16:27|qwen|web_search_no_think|3|JSON_VERIFIED||1646|4046daaa-0e04-4361-9c0e-0a8241fa5b82
2026-04-01 13:16:27|qwen|web_search_no_think|3|QUESTION|50|1646|4046daaa-0e04-4361-9c0e-0a8241fa5b82
2026-04-01 13:16:27|qwen|web_search_no_think|3|JSON_SAVED||1646|4046daaa-0e04-4361-9c0e-0a8241fa5b82
2026-04-01 13:16:27|qwen|web_search_no_think|3|QUESTION_ADVANCE||1647|2350349d-164a-49b7-94c3-6ce1fc9ab490
2026-04-01 13:16:38|qwen|web_search_no_think|4|QUESTION_SENT||1696|082b9aa5-7334-4ee6-8a56-26edc332a1bd
2026-04-01 13:16:45|qwen|web_search_no_think|1|JSON_VERIFIED||1548|0b115611-d67d-40ad-95b9-436d74f0148c
2026-04-01 13:16:45|qwen|web_search_no_think|1|QUESTION|58|1548|0b115611-d67d-40ad-95b9-436d74f0148c
2026-04-01 13:16:45|qwen|web_search_no_think|1|JSON_SAVED||1548|0b115611-d67d-40ad-95b9-436d74f0148c
2026-04-01 13:16:45|qwen|web_search_no_think|1|QUESTION_ADVANCE||1549|df25ecf5-27f1-46aa-a4ce-c85a78e0770b
2026-04-01 13:16:54|qwen|web_search_no_think|3|QUESTION_SENT||1647|2350349d-164a-49b7-94c3-6ce1fc9ab490
2026-04-01 13:17:20|qwen|web_search_no_think|1|QUESTION_SENT||1549|df25ecf5-27f1-46aa-a4ce-c85a78e0770b
2026-04-01 13:17:41|qwen|web_search_no_think|4|JSON_VERIFIED||1696|082b9aa5-7334-4ee6-8a56-26edc332a1bd
2026-04-01 13:17:41|qwen|web_search_no_think|4|QUESTION|56|1696|082b9aa5-7334-4ee6-8a56-26edc332a1bd
2026-04-01 13:17:41|qwen|web_search_no_think|4|JSON_SAVED||1696|082b9aa5-7334-4ee6-8a56-26edc332a1bd
2026-04-01 13:17:41|qwen|web_search_no_think|4|QUESTION_ADVANCE||1697|acc07af8-bb04-41b3-b51d-77249ed14532
2026-04-01 13:18:07|qwen|web_search_no_think|4|QUESTION_SENT||1697|acc07af8-bb04-41b3-b51d-77249ed14532
2026-04-01 13:18:29|qwen|web_search_no_think|3|JSON_VERIFIED||1647|2350349d-164a-49b7-94c3-6ce1fc9ab490
2026-04-01 13:18:29|qwen|web_search_no_think|3|QUESTION|51|1647|2350349d-164a-49b7-94c3-6ce1fc9ab490
2026-04-01 13:18:29|qwen|web_search_no_think|3|JSON_SAVED||1647|2350349d-164a-49b7-94c3-6ce1fc9ab490
2026-04-01 13:18:29|qwen|web_search_no_think|3|QUESTION_ADVANCE||1648|b9b5ce81-f11b-4a20-9e2b-8ac6aab197fa
2026-04-01 13:18:36|qwen|web_search_no_think|4|JSON_VERIFY_FAILED||1697|acc07af8-bb04-41b3-b51d-77249ed14532
2026-04-01 13:18:36|qwen|web_search_no_think|4|QUESTION|57|1697|acc07af8-bb04-41b3-b51d-77249ed14532
2026-04-01 13:18:51|qwen|web_search_no_think|1|JSON_VERIFIED||1549|df25ecf5-27f1-46aa-a4ce-c85a78e0770b
2026-04-01 13:18:51|qwen|web_search_no_think|1|QUESTION|59|1549|df25ecf5-27f1-46aa-a4ce-c85a78e0770b
2026-04-01 13:18:51|qwen|web_search_no_think|1|JSON_SAVED||1549|df25ecf5-27f1-46aa-a4ce-c85a78e0770b
2026-04-01 13:18:51|qwen|web_search_no_think|1|QUESTION_ADVANCE||1550|b3cdf418-b3d1-4a70-8c64-82ea68270a50
2026-04-01 13:18:55|qwen|web_search_no_think|3|QUESTION_SENT||1648|b9b5ce81-f11b-4a20-9e2b-8ac6aab197fa
2026-04-01 13:19:02|qwen|web_search_no_think|4|QUESTION_SENT||1697|acc07af8-bb04-41b3-b51d-77249ed14532
2026-04-01 13:19:26|qwen|web_search_no_think|1|QUESTION_SENT||1550|b3cdf418-b3d1-4a70-8c64-82ea68270a50
2026-04-01 13:20:55|qwen|web_search_no_think|1|JSON_VERIFIED||1550|b3cdf418-b3d1-4a70-8c64-82ea68270a50
2026-04-01 13:20:55|qwen|web_search_no_think|1|QUESTION|60|1550|b3cdf418-b3d1-4a70-8c64-82ea68270a50
2026-04-01 13:20:55|qwen|web_search_no_think|1|JSON_SAVED||1550|b3cdf418-b3d1-4a70-8c64-82ea68270a50
2026-04-01 13:20:56|qwen|web_search_no_think|1|STOP||1551|
2026-04-01 13:22:22|qwen|web_search_no_think|4|JSON_VERIFIED||1697|acc07af8-bb04-41b3-b51d-77249ed14532
2026-04-01 13:22:22|qwen|web_search_no_think|4|QUESTION|58|1697|acc07af8-bb04-41b3-b51d-77249ed14532
2026-04-01 13:22:22|qwen|web_search_no_think|4|JSON_SAVED||1697|acc07af8-bb04-41b3-b51d-77249ed14532
2026-04-01 13:22:22|qwen|web_search_no_think|4|QUESTION_ADVANCE||1698|03c7ada7-4f6d-4d4a-84c1-aaa412ed98c9
2026-04-01 13:22:30|qwen|web_search_no_think|3|JSON_VERIFIED||1648|b9b5ce81-f11b-4a20-9e2b-8ac6aab197fa
2026-04-01 13:22:30|qwen|web_search_no_think|3|QUESTION|52|1648|b9b5ce81-f11b-4a20-9e2b-8ac6aab197fa
2026-04-01 13:22:30|qwen|web_search_no_think|3|JSON_SAVED||1648|b9b5ce81-f11b-4a20-9e2b-8ac6aab197fa
2026-04-01 13:22:30|qwen|web_search_no_think|3|QUESTION_ADVANCE||1649|2d0b6595-9c26-44ca-8302-977cb93a0384
2026-04-01 13:22:49|qwen|web_search_no_think|4|QUESTION_SENT||1698|03c7ada7-4f6d-4d4a-84c1-aaa412ed98c9
2026-04-01 13:22:56|qwen|web_search_no_think|3|QUESTION_SENT||1649|2d0b6595-9c26-44ca-8302-977cb93a0384
2026-04-01 13:25:32|qwen|web_search_no_think|3|JSON_VERIFIED||1649|2d0b6595-9c26-44ca-8302-977cb93a0384
2026-04-01 13:25:32|qwen|web_search_no_think|3|QUESTION|53|1649|2d0b6595-9c26-44ca-8302-977cb93a0384
2026-04-01 13:25:32|qwen|web_search_no_think|3|JSON_SAVED||1649|2d0b6595-9c26-44ca-8302-977cb93a0384
2026-04-01 13:25:32|qwen|web_search_no_think|3|QUESTION_ADVANCE||1650|caab1324-a8b8-42df-8588-dfdd78fc4867
2026-04-01 13:25:51|qwen|web_search_no_think|4|JSON_VERIFIED||1698|03c7ada7-4f6d-4d4a-84c1-aaa412ed98c9
2026-04-01 13:25:51|qwen|web_search_no_think|4|QUESTION|59|1698|03c7ada7-4f6d-4d4a-84c1-aaa412ed98c9
2026-04-01 13:25:51|qwen|web_search_no_think|4|JSON_SAVED||1698|03c7ada7-4f6d-4d4a-84c1-aaa412ed98c9
2026-04-01 13:25:51|qwen|web_search_no_think|4|QUESTION_ADVANCE||1699|07bd8d48-468f-4c12-960a-f2105daf91e9
2026-04-01 13:25:59|qwen|web_search_no_think|3|QUESTION_SENT||1650|caab1324-a8b8-42df-8588-dfdd78fc4867
2026-04-01 13:26:17|qwen|web_search_no_think|4|QUESTION_SENT||1699|07bd8d48-468f-4c12-960a-f2105daf91e9
2026-04-01 13:27:17|qwen|web_search_no_think|4|JSON_VERIFIED||1699|07bd8d48-468f-4c12-960a-f2105daf91e9
2026-04-01 13:27:17|qwen|web_search_no_think|4|QUESTION|60|1699|07bd8d48-468f-4c12-960a-f2105daf91e9
2026-04-01 13:27:17|qwen|web_search_no_think|4|JSON_SAVED||1699|07bd8d48-468f-4c12-960a-f2105daf91e9
2026-04-01 13:27:17|qwen|web_search_no_think|4|QUESTION_ADVANCE||1700|5a549086-afc0-4aba-bc75-a1a66e9a6bc0
2026-04-01 13:27:43|qwen|web_search_no_think|4|QUESTION_SENT||1700|5a549086-afc0-4aba-bc75-a1a66e9a6bc0
2026-04-01 13:28:12|qwen|web_search_no_think|3|JSON_VERIFIED||1650|caab1324-a8b8-42df-8588-dfdd78fc4867
2026-04-01 13:28:12|qwen|web_search_no_think|3|QUESTION|54|1650|caab1324-a8b8-42df-8588-dfdd78fc4867
2026-04-01 13:28:12|qwen|web_search_no_think|3|JSON_SAVED||1650|caab1324-a8b8-42df-8588-dfdd78fc4867
2026-04-01 13:28:13|qwen|web_search_no_think|3|STOP||1651|
2026-04-01 13:32:19|qwen|web_search_no_think|4|JSON_VERIFIED||1700|5a549086-afc0-4aba-bc75-a1a66e9a6bc0
2026-04-01 13:32:19|qwen|web_search_no_think|4|QUESTION|61|1700|5a549086-afc0-4aba-bc75-a1a66e9a6bc0
2026-04-01 13:32:19|qwen|web_search_no_think|4|JSON_SAVED||1700|5a549086-afc0-4aba-bc75-a1a66e9a6bc0
2026-04-01 13:32:20|qwen|web_search_no_think|4|STOP||1701|
