timestamp|site|scenario|bot_id|event_type|attempt_number|global_index|question_uid
2026-03-23 22:09:06|qwen|web_search_no_think|0|RESTART||1801|caf0efea-0f23-4947-ab79-fad61e5a5e3d
2026-03-23 22:09:12|qwen|web_search_no_think|1|RESTART||1851|568e2239-3375-4898-8937-a1fb150a85f8
2026-03-23 22:09:16|qwen|web_search_no_think|2|RESTART||1901|653069fc-3af8-4894-8024-7928a24461a7
2026-03-23 22:09:20|qwen|web_search_no_think|3|RESTART||1951|97d9e4a7-60b3-4b6c-98a5-41aac0828a49
2026-03-23 22:09:23|qwen|web_search_no_think|0|QUESTION_SENT||1801|caf0efea-0f23-4947-ab79-fad61e5a5e3d
2026-03-23 22:09:28|qwen|web_search_no_think|4|RESTART||2001|3d149d82-96f9-46b4-ad70-77972b28e416
2026-03-23 22:09:32|qwen|web_search_no_think|5|RESTART||2051|cce63e12-046b-4ad8-abda-1633a8adcfc3
2026-03-23 22:09:37|qwen|web_search_no_think|3|QUESTION_SENT||1951|97d9e4a7-60b3-4b6c-98a5-41aac0828a49
2026-03-23 22:09:40|qwen|web_search_no_think|1|QUESTION_SENT||1851|568e2239-3375-4898-8937-a1fb150a85f8
2026-03-23 22:09:45|qwen|web_search_no_think|2|QUESTION_SENT||1901|653069fc-3af8-4894-8024-7928a24461a7
2026-03-23 22:09:50|qwen|web_search_no_think|5|QUESTION_SENT||2051|cce63e12-046b-4ad8-abda-1633a8adcfc3
2026-03-23 22:10:34|qwen|web_search_no_think|4|STOP||2001|3d149d82-96f9-46b4-ad70-77972b28e416
2026-03-23 22:10:36|qwen|web_search_no_think|3|JSON_VERIFIED||1951|97d9e4a7-60b3-4b6c-98a5-41aac0828a49
2026-03-23 22:10:36|qwen|web_search_no_think|3|QUESTION|1|1951|97d9e4a7-60b3-4b6c-98a5-41aac0828a49
2026-03-23 22:10:36|qwen|web_search_no_think|3|JSON_SAVED||1951|97d9e4a7-60b3-4b6c-98a5-41aac0828a49
2026-03-23 22:10:36|qwen|web_search_no_think|3|QUESTION_ADVANCE||1952|ae7060ad-137f-4774-b815-41acd7fab0b5
2026-03-23 22:10:55|qwen|web_search_no_think|2|JSON_VERIFIED||1901|653069fc-3af8-4894-8024-7928a24461a7
2026-03-23 22:10:55|qwen|web_search_no_think|2|QUESTION|1|1901|653069fc-3af8-4894-8024-7928a24461a7
2026-03-23 22:10:55|qwen|web_search_no_think|2|JSON_SAVED||1901|653069fc-3af8-4894-8024-7928a24461a7
2026-03-23 22:10:55|qwen|web_search_no_think|2|QUESTION_ADVANCE||1902|d3048af9-d6c9-4d1a-b52d-b243d92d2a69
2026-03-23 22:11:00|qwen|web_search_no_think|1|JSON_VERIFIED||1851|568e2239-3375-4898-8937-a1fb150a85f8
2026-03-23 22:11:00|qwen|web_search_no_think|1|QUESTION|1|1851|568e2239-3375-4898-8937-a1fb150a85f8
2026-03-23 22:11:00|qwen|web_search_no_think|1|JSON_SAVED||1851|568e2239-3375-4898-8937-a1fb150a85f8
2026-03-23 22:11:00|qwen|web_search_no_think|1|QUESTION_ADVANCE||1852|2d492500-0859-4508-a599-99230e902d92
2026-03-23 22:11:02|qwen|web_search_no_think|3|QUESTION_SENT||1952|ae7060ad-137f-4774-b815-41acd7fab0b5
2026-03-23 22:11:19|qwen|web_search_no_think|5|JSON_VERIFIED||2051|cce63e12-046b-4ad8-abda-1633a8adcfc3
2026-03-23 22:11:19|qwen|web_search_no_think|5|QUESTION|1|2051|cce63e12-046b-4ad8-abda-1633a8adcfc3
2026-03-23 22:11:19|qwen|web_search_no_think|5|JSON_SAVED||2051|cce63e12-046b-4ad8-abda-1633a8adcfc3
2026-03-23 22:11:19|qwen|web_search_no_think|5|QUESTION_ADVANCE||2052|d2f35006-7c64-4cd8-afb1-08e2e9e97796
2026-03-23 22:11:21|qwen|web_search_no_think|2|QUESTION_SENT||1902|d3048af9-d6c9-4d1a-b52d-b243d92d2a69
2026-03-23 22:11:27|qwen|web_search_no_think|1|QUESTION_SENT||1852|2d492500-0859-4508-a599-99230e902d92
2026-03-23 22:11:46|qwen|web_search_no_think|5|QUESTION_SENT||2052|d2f35006-7c64-4cd8-afb1-08e2e9e97796
2026-03-23 22:12:27|qwen|web_search_no_think|3|JSON_VERIFIED||1952|ae7060ad-137f-4774-b815-41acd7fab0b5
2026-03-23 22:12:27|qwen|web_search_no_think|3|QUESTION|2|1952|ae7060ad-137f-4774-b815-41acd7fab0b5
2026-03-23 22:12:27|qwen|web_search_no_think|3|JSON_SAVED||1952|ae7060ad-137f-4774-b815-41acd7fab0b5
2026-03-23 22:12:27|qwen|web_search_no_think|3|QUESTION_ADVANCE||1953|c7a951df-599e-4b2c-a804-018b15c58ae1
2026-03-23 22:12:31|qwen|web_search_no_think|2|JSON_VERIFIED||1902|d3048af9-d6c9-4d1a-b52d-b243d92d2a69
2026-03-23 22:12:31|qwen|web_search_no_think|2|QUESTION|2|1902|d3048af9-d6c9-4d1a-b52d-b243d92d2a69
2026-03-23 22:12:31|qwen|web_search_no_think|2|JSON_SAVED||1902|d3048af9-d6c9-4d1a-b52d-b243d92d2a69
2026-03-23 22:12:31|qwen|web_search_no_think|2|QUESTION_ADVANCE||1903|6e13e383-5537-41e5-8fd2-81b0e51deea3
2026-03-23 22:12:38|qwen|web_search_no_think|1|JSON_VERIFIED||1852|2d492500-0859-4508-a599-99230e902d92
2026-03-23 22:12:38|qwen|web_search_no_think|1|QUESTION|2|1852|2d492500-0859-4508-a599-99230e902d92
2026-03-23 22:12:38|qwen|web_search_no_think|1|JSON_SAVED||1852|2d492500-0859-4508-a599-99230e902d92
2026-03-23 22:12:38|qwen|web_search_no_think|1|QUESTION_ADVANCE||1853|ab93c7fa-1980-426f-bd18-59c3e110644b
2026-03-23 22:12:53|qwen|web_search_no_think|3|QUESTION_SENT||1953|c7a951df-599e-4b2c-a804-018b15c58ae1
2026-03-23 22:12:55|qwen|web_search_no_think|0|JSON_VERIFIED||1801|caf0efea-0f23-4947-ab79-fad61e5a5e3d
2026-03-23 22:12:55|qwen|web_search_no_think|0|QUESTION|1|1801|caf0efea-0f23-4947-ab79-fad61e5a5e3d
2026-03-23 22:12:55|qwen|web_search_no_think|0|JSON_SAVED||1801|caf0efea-0f23-4947-ab79-fad61e5a5e3d
2026-03-23 22:12:55|qwen|web_search_no_think|0|QUESTION_ADVANCE||1802|f88ecb92-c679-4b4b-aff4-cfabde575f05
2026-03-23 22:12:58|qwen|web_search_no_think|2|QUESTION_SENT||1903|6e13e383-5537-41e5-8fd2-81b0e51deea3
2026-03-23 22:13:05|qwen|web_search_no_think|1|QUESTION_SENT||1853|ab93c7fa-1980-426f-bd18-59c3e110644b
2026-03-23 22:13:17|qwen|web_search_no_think|5|JSON_VERIFIED||2052|d2f35006-7c64-4cd8-afb1-08e2e9e97796
2026-03-23 22:13:17|qwen|web_search_no_think|5|QUESTION|2|2052|d2f35006-7c64-4cd8-afb1-08e2e9e97796
2026-03-23 22:13:17|qwen|web_search_no_think|5|JSON_SAVED||2052|d2f35006-7c64-4cd8-afb1-08e2e9e97796
2026-03-23 22:13:17|qwen|web_search_no_think|5|QUESTION_ADVANCE||2053|d760a952-0bfe-48d3-9872-e4933c57b115
2026-03-23 22:13:21|qwen|web_search_no_think|0|QUESTION_SENT||1802|f88ecb92-c679-4b4b-aff4-cfabde575f05
2026-03-23 22:13:43|qwen|web_search_no_think|5|QUESTION_SENT||2053|d760a952-0bfe-48d3-9872-e4933c57b115
2026-03-23 22:13:52|qwen|web_search_no_think|3|JSON_VERIFIED||1953|c7a951df-599e-4b2c-a804-018b15c58ae1
2026-03-23 22:13:52|qwen|web_search_no_think|3|QUESTION|3|1953|c7a951df-599e-4b2c-a804-018b15c58ae1
2026-03-23 22:13:52|qwen|web_search_no_think|3|JSON_SAVED||1953|c7a951df-599e-4b2c-a804-018b15c58ae1
2026-03-23 22:13:52|qwen|web_search_no_think|3|QUESTION_ADVANCE||1954|3c2069a4-826d-4316-84d9-a8a2eabaf7fc
2026-03-23 22:14:18|qwen|web_search_no_think|3|QUESTION_SENT||1954|3c2069a4-826d-4316-84d9-a8a2eabaf7fc
2026-03-23 22:14:22|qwen|web_search_no_think|1|JSON_VERIFIED||1853|ab93c7fa-1980-426f-bd18-59c3e110644b
2026-03-23 22:14:22|qwen|web_search_no_think|1|QUESTION|3|1853|ab93c7fa-1980-426f-bd18-59c3e110644b
2026-03-23 22:14:22|qwen|web_search_no_think|1|JSON_SAVED||1853|ab93c7fa-1980-426f-bd18-59c3e110644b
2026-03-23 22:14:22|qwen|web_search_no_think|1|QUESTION_ADVANCE||1854|72daca12-bb63-4736-a81b-3b0c76aa3429
2026-03-23 22:14:26|qwen|web_search_no_think|2|JSON_VERIFIED||1903|6e13e383-5537-41e5-8fd2-81b0e51deea3
2026-03-23 22:14:26|qwen|web_search_no_think|2|QUESTION|3|1903|6e13e383-5537-41e5-8fd2-81b0e51deea3
2026-03-23 22:14:26|qwen|web_search_no_think|2|JSON_SAVED||1903|6e13e383-5537-41e5-8fd2-81b0e51deea3
2026-03-23 22:14:26|qwen|web_search_no_think|2|QUESTION_ADVANCE||1904|ee013b97-849b-47fd-9f47-a8a71da48595
2026-03-23 22:14:30|qwen|web_search_no_think|0|JSON_VERIFIED||1802|f88ecb92-c679-4b4b-aff4-cfabde575f05
2026-03-23 22:14:30|qwen|web_search_no_think|0|QUESTION|2|1802|f88ecb92-c679-4b4b-aff4-cfabde575f05
2026-03-23 22:14:30|qwen|web_search_no_think|0|JSON_SAVED||1802|f88ecb92-c679-4b4b-aff4-cfabde575f05
2026-03-23 22:14:30|qwen|web_search_no_think|0|QUESTION_ADVANCE||1803|2e86d265-a445-402f-a5c1-31596003ebfd
2026-03-23 22:14:48|qwen|web_search_no_think|1|QUESTION_SENT||1854|72daca12-bb63-4736-a81b-3b0c76aa3429
2026-03-23 22:14:52|qwen|web_search_no_think|2|QUESTION_SENT||1904|ee013b97-849b-47fd-9f47-a8a71da48595
2026-03-23 22:14:56|qwen|web_search_no_think|0|QUESTION_SENT||1803|2e86d265-a445-402f-a5c1-31596003ebfd
2026-03-23 22:15:01|qwen|web_search_no_think|5|JSON_VERIFIED||2053|d760a952-0bfe-48d3-9872-e4933c57b115
2026-03-23 22:15:01|qwen|web_search_no_think|5|QUESTION|3|2053|d760a952-0bfe-48d3-9872-e4933c57b115
2026-03-23 22:15:01|qwen|web_search_no_think|5|JSON_SAVED||2053|d760a952-0bfe-48d3-9872-e4933c57b115
2026-03-23 22:15:01|qwen|web_search_no_think|5|QUESTION_ADVANCE||2054|f11926bf-6458-4b6a-84e8-e5c4997f39ae
2026-03-23 22:15:27|qwen|web_search_no_think|5|QUESTION_SENT||2054|f11926bf-6458-4b6a-84e8-e5c4997f39ae
2026-03-23 22:15:28|qwen|web_search_no_think|3|JSON_VERIFIED||1954|3c2069a4-826d-4316-84d9-a8a2eabaf7fc
2026-03-23 22:15:28|qwen|web_search_no_think|3|QUESTION|4|1954|3c2069a4-826d-4316-84d9-a8a2eabaf7fc
2026-03-23 22:15:28|qwen|web_search_no_think|3|JSON_SAVED||1954|3c2069a4-826d-4316-84d9-a8a2eabaf7fc
2026-03-23 22:15:28|qwen|web_search_no_think|3|QUESTION_ADVANCE||1955|e8daeb45-f0d9-4620-b132-18492d86ac5e
2026-03-23 22:15:47|qwen|web_search_no_think|1|JSON_VERIFIED||1854|72daca12-bb63-4736-a81b-3b0c76aa3429
2026-03-23 22:15:47|qwen|web_search_no_think|1|QUESTION|4|1854|72daca12-bb63-4736-a81b-3b0c76aa3429
2026-03-23 22:15:47|qwen|web_search_no_think|1|JSON_SAVED||1854|72daca12-bb63-4736-a81b-3b0c76aa3429
2026-03-23 22:15:47|qwen|web_search_no_think|1|QUESTION_ADVANCE||1855|d80ae6f6-a759-4d00-85fd-b0dd78d0ed85
2026-03-23 22:15:55|qwen|web_search_no_think|3|QUESTION_SENT||1955|e8daeb45-f0d9-4620-b132-18492d86ac5e
2026-03-23 22:15:57|qwen|web_search_no_think|2|JSON_VERIFIED||1904|ee013b97-849b-47fd-9f47-a8a71da48595
2026-03-23 22:15:57|qwen|web_search_no_think|2|QUESTION|4|1904|ee013b97-849b-47fd-9f47-a8a71da48595
2026-03-23 22:15:57|qwen|web_search_no_think|2|JSON_SAVED||1904|ee013b97-849b-47fd-9f47-a8a71da48595
2026-03-23 22:15:57|qwen|web_search_no_think|2|QUESTION_ADVANCE||1905|b18177ee-b8a8-4a2d-8aea-76ed48d21d75
2026-03-23 22:16:08|qwen|web_search_no_think|0|JSON_VERIFIED||1803|2e86d265-a445-402f-a5c1-31596003ebfd
2026-03-23 22:16:08|qwen|web_search_no_think|0|QUESTION|3|1803|2e86d265-a445-402f-a5c1-31596003ebfd
2026-03-23 22:16:08|qwen|web_search_no_think|0|JSON_SAVED||1803|2e86d265-a445-402f-a5c1-31596003ebfd
2026-03-23 22:16:08|qwen|web_search_no_think|0|QUESTION_ADVANCE||1804|ce80d319-1549-4e39-bf0b-157dfab2a317
2026-03-23 22:16:13|qwen|web_search_no_think|1|QUESTION_SENT||1855|d80ae6f6-a759-4d00-85fd-b0dd78d0ed85
2026-03-23 22:16:14|qwen|web_search_no_think|5|JSON_VERIFY_FAILED||2054|f11926bf-6458-4b6a-84e8-e5c4997f39ae
2026-03-23 22:16:14|qwen|web_search_no_think|5|QUESTION|4|2054|f11926bf-6458-4b6a-84e8-e5c4997f39ae
2026-03-23 22:16:23|qwen|web_search_no_think|2|QUESTION_SENT||1905|b18177ee-b8a8-4a2d-8aea-76ed48d21d75
2026-03-23 22:16:34|qwen|web_search_no_think|0|QUESTION_SENT||1804|ce80d319-1549-4e39-bf0b-157dfab2a317
2026-03-23 22:16:41|qwen|web_search_no_think|5|QUESTION_SENT||2054|f11926bf-6458-4b6a-84e8-e5c4997f39ae
2026-03-23 22:16:53|qwen|web_search_no_think|3|JSON_VERIFY_FAILED||1955|e8daeb45-f0d9-4620-b132-18492d86ac5e
2026-03-23 22:16:53|qwen|web_search_no_think|3|QUESTION|5|1955|e8daeb45-f0d9-4620-b132-18492d86ac5e
2026-03-23 22:17:20|qwen|web_search_no_think|3|QUESTION_SENT||1955|e8daeb45-f0d9-4620-b132-18492d86ac5e
2026-03-23 22:17:47|qwen|web_search_no_think|5|JSON_VERIFIED||2054|f11926bf-6458-4b6a-84e8-e5c4997f39ae
2026-03-23 22:17:47|qwen|web_search_no_think|5|QUESTION|5|2054|f11926bf-6458-4b6a-84e8-e5c4997f39ae
2026-03-23 22:17:47|qwen|web_search_no_think|5|JSON_SAVED||2054|f11926bf-6458-4b6a-84e8-e5c4997f39ae
2026-03-23 22:17:47|qwen|web_search_no_think|5|QUESTION_ADVANCE||2055|15b81811-59e8-43a7-9da3-346a45030b68
2026-03-23 22:17:47|qwen|web_search_no_think|0|JSON_VERIFIED||1804|ce80d319-1549-4e39-bf0b-157dfab2a317
2026-03-23 22:17:47|qwen|web_search_no_think|0|QUESTION|4|1804|ce80d319-1549-4e39-bf0b-157dfab2a317
2026-03-23 22:17:47|qwen|web_search_no_think|0|JSON_SAVED||1804|ce80d319-1549-4e39-bf0b-157dfab2a317
2026-03-23 22:17:47|qwen|web_search_no_think|0|QUESTION_ADVANCE||1805|5b7875cb-e901-4030-b48f-71511df6bfdd
2026-03-23 22:17:56|qwen|web_search_no_think|1|JSON_VERIFIED||1855|d80ae6f6-a759-4d00-85fd-b0dd78d0ed85
2026-03-23 22:17:56|qwen|web_search_no_think|1|QUESTION|5|1855|d80ae6f6-a759-4d00-85fd-b0dd78d0ed85
2026-03-23 22:17:56|qwen|web_search_no_think|1|JSON_SAVED||1855|d80ae6f6-a759-4d00-85fd-b0dd78d0ed85
2026-03-23 22:17:56|qwen|web_search_no_think|1|QUESTION_ADVANCE||1856|42def59c-211d-4831-90de-0472f718a6db
2026-03-23 22:18:13|qwen|web_search_no_think|5|QUESTION_SENT||2055|15b81811-59e8-43a7-9da3-346a45030b68
2026-03-23 22:18:13|qwen|web_search_no_think|0|QUESTION_SENT||1805|5b7875cb-e901-4030-b48f-71511df6bfdd
2026-03-23 22:18:22|qwen|web_search_no_think|1|QUESTION_SENT||1856|42def59c-211d-4831-90de-0472f718a6db
2026-03-23 22:18:34|qwen|web_search_no_think|2|JSON_VERIFIED||1905|b18177ee-b8a8-4a2d-8aea-76ed48d21d75
2026-03-23 22:18:34|qwen|web_search_no_think|2|QUESTION|5|1905|b18177ee-b8a8-4a2d-8aea-76ed48d21d75
2026-03-23 22:18:34|qwen|web_search_no_think|2|JSON_SAVED||1905|b18177ee-b8a8-4a2d-8aea-76ed48d21d75
2026-03-23 22:18:34|qwen|web_search_no_think|2|QUESTION_ADVANCE||1906|4b0f2422-e6c8-4230-b986-cdf251541eab
2026-03-23 22:18:39|qwen|web_search_no_think|3|JSON_VERIFIED||1955|e8daeb45-f0d9-4620-b132-18492d86ac5e
2026-03-23 22:18:39|qwen|web_search_no_think|3|QUESTION|6|1955|e8daeb45-f0d9-4620-b132-18492d86ac5e
2026-03-23 22:18:39|qwen|web_search_no_think|3|JSON_SAVED||1955|e8daeb45-f0d9-4620-b132-18492d86ac5e
2026-03-23 22:18:39|qwen|web_search_no_think|3|QUESTION_ADVANCE||1956|36b855d6-c4fc-43bc-b2a4-7d739b6dd296
2026-03-23 22:19:01|qwen|web_search_no_think|2|QUESTION_SENT||1906|4b0f2422-e6c8-4230-b986-cdf251541eab
2026-03-23 22:19:06|qwen|web_search_no_think|3|QUESTION_SENT||1956|36b855d6-c4fc-43bc-b2a4-7d739b6dd296
2026-03-23 22:19:38|qwen|web_search_no_think|0|JSON_VERIFIED||1805|5b7875cb-e901-4030-b48f-71511df6bfdd
2026-03-23 22:19:38|qwen|web_search_no_think|0|QUESTION|5|1805|5b7875cb-e901-4030-b48f-71511df6bfdd
2026-03-23 22:19:38|qwen|web_search_no_think|0|JSON_SAVED||1805|5b7875cb-e901-4030-b48f-71511df6bfdd
2026-03-23 22:19:38|qwen|web_search_no_think|0|QUESTION_ADVANCE||1806|fc6f2d22-eefe-40a5-933e-7d9ebb80475b
2026-03-23 22:19:38|qwen|web_search_no_think|3|JSON_VERIFY_FAILED||1956|36b855d6-c4fc-43bc-b2a4-7d739b6dd296
2026-03-23 22:19:38|qwen|web_search_no_think|3|QUESTION|7|1956|36b855d6-c4fc-43bc-b2a4-7d739b6dd296
2026-03-23 22:19:52|qwen|web_search_no_think|1|JSON_VERIFIED||1856|42def59c-211d-4831-90de-0472f718a6db
2026-03-23 22:19:52|qwen|web_search_no_think|1|QUESTION|6|1856|42def59c-211d-4831-90de-0472f718a6db
2026-03-23 22:19:52|qwen|web_search_no_think|1|JSON_SAVED||1856|42def59c-211d-4831-90de-0472f718a6db
2026-03-23 22:19:52|qwen|web_search_no_think|1|QUESTION_ADVANCE||1857|eb6ca04c-afea-4d64-bea5-66fbb96477df
2026-03-23 22:19:56|qwen|web_search_no_think|5|JSON_VERIFIED||2055|15b81811-59e8-43a7-9da3-346a45030b68
2026-03-23 22:19:56|qwen|web_search_no_think|5|QUESTION|6|2055|15b81811-59e8-43a7-9da3-346a45030b68
2026-03-23 22:19:56|qwen|web_search_no_think|5|JSON_SAVED||2055|15b81811-59e8-43a7-9da3-346a45030b68
2026-03-23 22:19:56|qwen|web_search_no_think|5|QUESTION_ADVANCE||2056|54c6a01f-4e69-48ed-8047-10471ac11f41
2026-03-23 22:20:04|qwen|web_search_no_think|3|QUESTION_SENT||1956|36b855d6-c4fc-43bc-b2a4-7d739b6dd296
2026-03-23 22:20:04|qwen|web_search_no_think|0|QUESTION_SENT||1806|fc6f2d22-eefe-40a5-933e-7d9ebb80475b
2026-03-23 22:20:09|qwen|web_search_no_think|2|JSON_VERIFIED||1906|4b0f2422-e6c8-4230-b986-cdf251541eab
2026-03-23 22:20:09|qwen|web_search_no_think|2|QUESTION|6|1906|4b0f2422-e6c8-4230-b986-cdf251541eab
2026-03-23 22:20:09|qwen|web_search_no_think|2|JSON_SAVED||1906|4b0f2422-e6c8-4230-b986-cdf251541eab
2026-03-23 22:20:09|qwen|web_search_no_think|2|QUESTION_ADVANCE||1907|71cf3521-c325-48e4-bf61-b5210a0a5a67
2026-03-23 22:20:18|qwen|web_search_no_think|1|QUESTION_SENT||1857|eb6ca04c-afea-4d64-bea5-66fbb96477df
2026-03-23 22:20:22|qwen|web_search_no_think|5|QUESTION_SENT||2056|54c6a01f-4e69-48ed-8047-10471ac11f41
2026-03-23 22:20:36|qwen|web_search_no_think|2|QUESTION_SENT||1907|71cf3521-c325-48e4-bf61-b5210a0a5a67
2026-03-23 22:20:43|qwen|web_search_no_think|4|RESTART||2001|3d149d82-96f9-46b4-ad70-77972b28e416
2026-03-23 22:21:01|qwen|web_search_no_think|4|STOP||2001|3d149d82-96f9-46b4-ad70-77972b28e416
2026-03-23 22:21:14|qwen|web_search_no_think|0|JSON_VERIFIED||1806|fc6f2d22-eefe-40a5-933e-7d9ebb80475b
2026-03-23 22:21:14|qwen|web_search_no_think|0|QUESTION|6|1806|fc6f2d22-eefe-40a5-933e-7d9ebb80475b
2026-03-23 22:21:14|qwen|web_search_no_think|0|JSON_SAVED||1806|fc6f2d22-eefe-40a5-933e-7d9ebb80475b
2026-03-23 22:21:14|qwen|web_search_no_think|0|QUESTION_ADVANCE||1807|5df4547f-8295-4189-97ad-cae718815677
2026-03-23 22:21:24|qwen|web_search_no_think|1|JSON_VERIFIED||1857|eb6ca04c-afea-4d64-bea5-66fbb96477df
2026-03-23 22:21:24|qwen|web_search_no_think|1|QUESTION|7|1857|eb6ca04c-afea-4d64-bea5-66fbb96477df
2026-03-23 22:21:24|qwen|web_search_no_think|1|JSON_SAVED||1857|eb6ca04c-afea-4d64-bea5-66fbb96477df
2026-03-23 22:21:24|qwen|web_search_no_think|1|QUESTION_ADVANCE||1858|738b6635-e74f-4f6b-ab11-9d8e7797d1ac
2026-03-23 22:21:29|qwen|web_search_no_think|5|JSON_VERIFY_FAILED||2056|54c6a01f-4e69-48ed-8047-10471ac11f41
2026-03-23 22:21:29|qwen|web_search_no_think|5|QUESTION|7|2056|54c6a01f-4e69-48ed-8047-10471ac11f41
2026-03-23 22:21:40|qwen|web_search_no_think|0|QUESTION_SENT||1807|5df4547f-8295-4189-97ad-cae718815677
2026-03-23 22:21:51|qwen|web_search_no_think|1|QUESTION_SENT||1858|738b6635-e74f-4f6b-ab11-9d8e7797d1ac
2026-03-23 22:21:56|qwen|web_search_no_think|5|QUESTION_SENT||2056|54c6a01f-4e69-48ed-8047-10471ac11f41
2026-03-23 22:21:58|qwen|web_search_no_think|3|JSON_VERIFIED||1956|36b855d6-c4fc-43bc-b2a4-7d739b6dd296
2026-03-23 22:21:58|qwen|web_search_no_think|3|QUESTION|8|1956|36b855d6-c4fc-43bc-b2a4-7d739b6dd296
2026-03-23 22:21:58|qwen|web_search_no_think|3|JSON_SAVED||1956|36b855d6-c4fc-43bc-b2a4-7d739b6dd296
2026-03-23 22:21:58|qwen|web_search_no_think|3|QUESTION_ADVANCE||1957|2cc65072-05bf-47fb-a757-bfd52aed5437
2026-03-23 22:22:10|qwen|web_search_no_think|2|JSON_VERIFIED||1907|71cf3521-c325-48e4-bf61-b5210a0a5a67
2026-03-23 22:22:10|qwen|web_search_no_think|2|QUESTION|7|1907|71cf3521-c325-48e4-bf61-b5210a0a5a67
2026-03-23 22:22:10|qwen|web_search_no_think|2|JSON_SAVED||1907|71cf3521-c325-48e4-bf61-b5210a0a5a67
2026-03-23 22:22:10|qwen|web_search_no_think|2|QUESTION_ADVANCE||1908|ec4fbd6f-e5e7-426b-84c9-90e14f4c2f7d
2026-03-23 22:22:24|qwen|web_search_no_think|3|QUESTION_SENT||1957|2cc65072-05bf-47fb-a757-bfd52aed5437
2026-03-23 22:22:36|qwen|web_search_no_think|2|QUESTION_SENT||1908|ec4fbd6f-e5e7-426b-84c9-90e14f4c2f7d
2026-03-23 22:23:24|qwen|web_search_no_think|3|JSON_VERIFIED||1957|2cc65072-05bf-47fb-a757-bfd52aed5437
2026-03-23 22:23:24|qwen|web_search_no_think|3|QUESTION|9|1957|2cc65072-05bf-47fb-a757-bfd52aed5437
2026-03-23 22:23:24|qwen|web_search_no_think|3|JSON_SAVED||1957|2cc65072-05bf-47fb-a757-bfd52aed5437
2026-03-23 22:23:24|qwen|web_search_no_think|3|QUESTION_ADVANCE||1958|82e2a2e0-4fa5-4ae3-8c61-ebd5f16b3447
2026-03-23 22:23:30|qwen|web_search_no_think|5|JSON_VERIFIED||2056|54c6a01f-4e69-48ed-8047-10471ac11f41
2026-03-23 22:23:30|qwen|web_search_no_think|5|QUESTION|8|2056|54c6a01f-4e69-48ed-8047-10471ac11f41
2026-03-23 22:23:30|qwen|web_search_no_think|5|JSON_SAVED||2056|54c6a01f-4e69-48ed-8047-10471ac11f41
2026-03-23 22:23:30|qwen|web_search_no_think|5|QUESTION_ADVANCE||2057|5d6d6a94-3d9e-4838-8940-c51e2dc14f37
2026-03-23 22:23:32|qwen|web_search_no_think|0|JSON_VERIFIED||1807|5df4547f-8295-4189-97ad-cae718815677
2026-03-23 22:23:32|qwen|web_search_no_think|0|QUESTION|7|1807|5df4547f-8295-4189-97ad-cae718815677
2026-03-23 22:23:32|qwen|web_search_no_think|0|JSON_SAVED||1807|5df4547f-8295-4189-97ad-cae718815677
2026-03-23 22:23:32|qwen|web_search_no_think|0|QUESTION_ADVANCE||1808|688c5b56-12ea-4d62-a711-aaa6bf584f43
2026-03-23 22:23:39|qwen|web_search_no_think|1|JSON_VERIFIED||1858|738b6635-e74f-4f6b-ab11-9d8e7797d1ac
2026-03-23 22:23:39|qwen|web_search_no_think|1|QUESTION|8|1858|738b6635-e74f-4f6b-ab11-9d8e7797d1ac
2026-03-23 22:23:39|qwen|web_search_no_think|1|JSON_SAVED||1858|738b6635-e74f-4f6b-ab11-9d8e7797d1ac
2026-03-23 22:23:39|qwen|web_search_no_think|1|QUESTION_ADVANCE||1859|1f75800a-15f9-442c-9dfd-558626af278d
2026-03-23 22:23:51|qwen|web_search_no_think|3|QUESTION_SENT||1958|82e2a2e0-4fa5-4ae3-8c61-ebd5f16b3447
2026-03-23 22:23:56|qwen|web_search_no_think|5|QUESTION_SENT||2057|5d6d6a94-3d9e-4838-8940-c51e2dc14f37
2026-03-23 22:24:05|qwen|web_search_no_think|1|QUESTION_SENT||1859|1f75800a-15f9-442c-9dfd-558626af278d
2026-03-23 22:24:10|qwen|web_search_no_think|2|JSON_VERIFIED||1908|ec4fbd6f-e5e7-426b-84c9-90e14f4c2f7d
2026-03-23 22:24:10|qwen|web_search_no_think|2|QUESTION|8|1908|ec4fbd6f-e5e7-426b-84c9-90e14f4c2f7d
2026-03-23 22:24:10|qwen|web_search_no_think|2|JSON_SAVED||1908|ec4fbd6f-e5e7-426b-84c9-90e14f4c2f7d
2026-03-23 22:24:10|qwen|web_search_no_think|2|QUESTION_ADVANCE||1909|9979a93f-92d9-4abf-b763-39bdba227c07
2026-03-23 22:24:36|qwen|web_search_no_think|2|QUESTION_SENT||1909|9979a93f-92d9-4abf-b763-39bdba227c07
2026-03-23 22:24:53|qwen|web_search_no_think|0|QUESTION_SENT||1808|688c5b56-12ea-4d62-a711-aaa6bf584f43
2026-03-23 22:24:58|qwen|web_search_no_think|5|JSON_VERIFIED||2057|5d6d6a94-3d9e-4838-8940-c51e2dc14f37
2026-03-23 22:24:58|qwen|web_search_no_think|5|QUESTION|9|2057|5d6d6a94-3d9e-4838-8940-c51e2dc14f37
2026-03-23 22:24:58|qwen|web_search_no_think|5|JSON_SAVED||2057|5d6d6a94-3d9e-4838-8940-c51e2dc14f37
2026-03-23 22:24:58|qwen|web_search_no_think|5|QUESTION_ADVANCE||2058|c36d3c0d-a4ea-48b0-a610-14b5cfca3e85
2026-03-23 22:25:04|qwen|web_search_no_think|3|JSON_VERIFIED||1958|82e2a2e0-4fa5-4ae3-8c61-ebd5f16b3447
2026-03-23 22:25:04|qwen|web_search_no_think|3|QUESTION|10|1958|82e2a2e0-4fa5-4ae3-8c61-ebd5f16b3447
2026-03-23 22:25:04|qwen|web_search_no_think|3|JSON_SAVED||1958|82e2a2e0-4fa5-4ae3-8c61-ebd5f16b3447
2026-03-23 22:25:04|qwen|web_search_no_think|3|QUESTION_ADVANCE||1959|fccce35b-bffb-4cf1-8dd5-7b16e852b851
2026-03-23 22:25:15|qwen|web_search_no_think|1|JSON_VERIFIED||1859|1f75800a-15f9-442c-9dfd-558626af278d
2026-03-23 22:25:15|qwen|web_search_no_think|1|QUESTION|9|1859|1f75800a-15f9-442c-9dfd-558626af278d
2026-03-23 22:25:15|qwen|web_search_no_think|1|JSON_SAVED||1859|1f75800a-15f9-442c-9dfd-558626af278d
2026-03-23 22:25:15|qwen|web_search_no_think|1|QUESTION_ADVANCE||1860|8d5b8f07-0e8d-4fbf-a41b-967d991473e8
2026-03-23 22:25:24|qwen|web_search_no_think|5|QUESTION_SENT||2058|c36d3c0d-a4ea-48b0-a610-14b5cfca3e85
2026-03-23 22:25:30|qwen|web_search_no_think|3|QUESTION_SENT||1959|fccce35b-bffb-4cf1-8dd5-7b16e852b851
2026-03-23 22:25:42|qwen|web_search_no_think|1|QUESTION_SENT||1860|8d5b8f07-0e8d-4fbf-a41b-967d991473e8
2026-03-23 22:25:51|qwen|web_search_no_think|2|JSON_VERIFIED||1909|9979a93f-92d9-4abf-b763-39bdba227c07
2026-03-23 22:25:51|qwen|web_search_no_think|2|QUESTION|9|1909|9979a93f-92d9-4abf-b763-39bdba227c07
2026-03-23 22:25:51|qwen|web_search_no_think|2|JSON_SAVED||1909|9979a93f-92d9-4abf-b763-39bdba227c07
2026-03-23 22:25:51|qwen|web_search_no_think|2|QUESTION_ADVANCE||1910|3108e255-3be1-4403-abc7-8eef0d58b49d
2026-03-23 22:26:17|qwen|web_search_no_think|2|QUESTION_SENT||1910|3108e255-3be1-4403-abc7-8eef0d58b49d
2026-03-23 22:26:26|qwen|web_search_no_think|0|JSON_VERIFIED||1808|688c5b56-12ea-4d62-a711-aaa6bf584f43
2026-03-23 22:26:26|qwen|web_search_no_think|0|QUESTION|8|1808|688c5b56-12ea-4d62-a711-aaa6bf584f43
2026-03-23 22:26:26|qwen|web_search_no_think|0|JSON_SAVED||1808|688c5b56-12ea-4d62-a711-aaa6bf584f43
2026-03-23 22:26:26|qwen|web_search_no_think|0|QUESTION_ADVANCE||1809|d4236762-cfec-4c08-b6f0-0233d27f4823
2026-03-23 22:26:29|qwen|web_search_no_think|3|JSON_VERIFIED||1959|fccce35b-bffb-4cf1-8dd5-7b16e852b851
2026-03-23 22:26:29|qwen|web_search_no_think|3|QUESTION|11|1959|fccce35b-bffb-4cf1-8dd5-7b16e852b851
2026-03-23 22:26:29|qwen|web_search_no_think|3|JSON_SAVED||1959|fccce35b-bffb-4cf1-8dd5-7b16e852b851
2026-03-23 22:26:29|qwen|web_search_no_think|3|QUESTION_ADVANCE||1960|937ffe12-9dad-44c6-a6c0-45533bb6031f
2026-03-23 22:26:52|qwen|web_search_no_think|0|QUESTION_SENT||1809|d4236762-cfec-4c08-b6f0-0233d27f4823
2026-03-23 22:26:55|qwen|web_search_no_think|3|QUESTION_SENT||1960|937ffe12-9dad-44c6-a6c0-45533bb6031f
2026-03-23 22:26:57|qwen|web_search_no_think|5|JSON_VERIFIED||2058|c36d3c0d-a4ea-48b0-a610-14b5cfca3e85
2026-03-23 22:26:57|qwen|web_search_no_think|5|QUESTION|10|2058|c36d3c0d-a4ea-48b0-a610-14b5cfca3e85
2026-03-23 22:26:57|qwen|web_search_no_think|5|JSON_SAVED||2058|c36d3c0d-a4ea-48b0-a610-14b5cfca3e85
2026-03-23 22:26:57|qwen|web_search_no_think|5|QUESTION_ADVANCE||2059|812399e9-e4b3-4268-bdde-da83331731eb
2026-03-23 22:27:14|qwen|web_search_no_think|1|JSON_VERIFIED||1860|8d5b8f07-0e8d-4fbf-a41b-967d991473e8
2026-03-23 22:27:14|qwen|web_search_no_think|1|QUESTION|10|1860|8d5b8f07-0e8d-4fbf-a41b-967d991473e8
2026-03-23 22:27:14|qwen|web_search_no_think|1|JSON_SAVED||1860|8d5b8f07-0e8d-4fbf-a41b-967d991473e8
2026-03-23 22:27:14|qwen|web_search_no_think|1|QUESTION_ADVANCE||1861|5c681da9-392c-4ea8-962a-d5c2bae75b6d
2026-03-23 22:27:23|qwen|web_search_no_think|5|QUESTION_SENT||2059|812399e9-e4b3-4268-bdde-da83331731eb
2026-03-23 22:27:41|qwen|web_search_no_think|1|QUESTION_SENT||1861|5c681da9-392c-4ea8-962a-d5c2bae75b6d
2026-03-23 22:27:55|qwen|web_search_no_think|2|JSON_VERIFIED||1910|3108e255-3be1-4403-abc7-8eef0d58b49d
2026-03-23 22:27:55|qwen|web_search_no_think|2|QUESTION|10|1910|3108e255-3be1-4403-abc7-8eef0d58b49d
2026-03-23 22:27:55|qwen|web_search_no_think|2|JSON_SAVED||1910|3108e255-3be1-4403-abc7-8eef0d58b49d
2026-03-23 22:27:55|qwen|web_search_no_think|2|QUESTION_ADVANCE||1911|890e32ed-2f9f-442c-a844-43dcd438b4f4
2026-03-23 22:28:08|qwen|web_search_no_think|0|JSON_VERIFIED||1809|d4236762-cfec-4c08-b6f0-0233d27f4823
2026-03-23 22:28:08|qwen|web_search_no_think|0|QUESTION|9|1809|d4236762-cfec-4c08-b6f0-0233d27f4823
2026-03-23 22:28:08|qwen|web_search_no_think|0|JSON_SAVED||1809|d4236762-cfec-4c08-b6f0-0233d27f4823
2026-03-23 22:28:08|qwen|web_search_no_think|0|QUESTION_ADVANCE||1810|e43f05ab-6756-4e54-8e1a-c53aca4a2926
2026-03-23 22:28:22|qwen|web_search_no_think|2|QUESTION_SENT||1911|890e32ed-2f9f-442c-a844-43dcd438b4f4
2026-03-23 22:28:34|qwen|web_search_no_think|0|QUESTION_SENT||1810|e43f05ab-6756-4e54-8e1a-c53aca4a2926
2026-03-23 22:28:39|qwen|web_search_no_think|5|JSON_VERIFIED||2059|812399e9-e4b3-4268-bdde-da83331731eb
2026-03-23 22:28:39|qwen|web_search_no_think|5|QUESTION|11|2059|812399e9-e4b3-4268-bdde-da83331731eb
2026-03-23 22:28:39|qwen|web_search_no_think|5|JSON_SAVED||2059|812399e9-e4b3-4268-bdde-da83331731eb
2026-03-23 22:28:39|qwen|web_search_no_think|5|QUESTION_ADVANCE||2060|9b647d96-2615-4dbb-a02d-419f5235f126
2026-03-23 22:28:48|qwen|web_search_no_think|1|JSON_VERIFIED||1861|5c681da9-392c-4ea8-962a-d5c2bae75b6d
2026-03-23 22:28:48|qwen|web_search_no_think|1|QUESTION|11|1861|5c681da9-392c-4ea8-962a-d5c2bae75b6d
2026-03-23 22:28:48|qwen|web_search_no_think|1|JSON_SAVED||1861|5c681da9-392c-4ea8-962a-d5c2bae75b6d
2026-03-23 22:28:48|qwen|web_search_no_think|1|QUESTION_ADVANCE||1862|0267aebe-9af1-4e80-9aa0-6124f406dcfb
2026-03-23 22:28:50|qwen|web_search_no_think|3|JSON_VERIFIED||1960|937ffe12-9dad-44c6-a6c0-45533bb6031f
2026-03-23 22:28:50|qwen|web_search_no_think|3|QUESTION|12|1960|937ffe12-9dad-44c6-a6c0-45533bb6031f
2026-03-23 22:28:50|qwen|web_search_no_think|3|JSON_SAVED||1960|937ffe12-9dad-44c6-a6c0-45533bb6031f
2026-03-23 22:28:50|qwen|web_search_no_think|3|QUESTION_ADVANCE||1961|5c4dfeb7-3892-489b-8d89-801b5792cb87
2026-03-23 22:29:05|qwen|web_search_no_think|5|QUESTION_SENT||2060|9b647d96-2615-4dbb-a02d-419f5235f126
2026-03-23 22:29:14|qwen|web_search_no_think|1|QUESTION_SENT||1862|0267aebe-9af1-4e80-9aa0-6124f406dcfb
2026-03-23 22:29:17|qwen|web_search_no_think|3|QUESTION_SENT||1961|5c4dfeb7-3892-489b-8d89-801b5792cb87
2026-03-23 22:29:56|qwen|web_search_no_think|0|JSON_VERIFIED||1810|e43f05ab-6756-4e54-8e1a-c53aca4a2926
2026-03-23 22:29:56|qwen|web_search_no_think|0|QUESTION|10|1810|e43f05ab-6756-4e54-8e1a-c53aca4a2926
2026-03-23 22:29:56|qwen|web_search_no_think|0|JSON_SAVED||1810|e43f05ab-6756-4e54-8e1a-c53aca4a2926
2026-03-23 22:29:56|qwen|web_search_no_think|0|QUESTION_ADVANCE||1811|cdf3f0bb-084a-4b15-a7f3-2055dbdfe019
2026-03-23 22:30:09|qwen|web_search_no_think|5|JSON_VERIFIED||2060|9b647d96-2615-4dbb-a02d-419f5235f126
2026-03-23 22:30:09|qwen|web_search_no_think|5|QUESTION|12|2060|9b647d96-2615-4dbb-a02d-419f5235f126
2026-03-23 22:30:09|qwen|web_search_no_think|5|JSON_SAVED||2060|9b647d96-2615-4dbb-a02d-419f5235f126
2026-03-23 22:30:09|qwen|web_search_no_think|5|QUESTION_ADVANCE||2061|0caa4138-0f95-42bd-82de-74c66252bfd7
2026-03-23 22:30:12|qwen|web_search_no_think|3|JSON_VERIFIED||1961|5c4dfeb7-3892-489b-8d89-801b5792cb87
2026-03-23 22:30:12|qwen|web_search_no_think|3|QUESTION|13|1961|5c4dfeb7-3892-489b-8d89-801b5792cb87
2026-03-23 22:30:12|qwen|web_search_no_think|3|JSON_SAVED||1961|5c4dfeb7-3892-489b-8d89-801b5792cb87
2026-03-23 22:30:12|qwen|web_search_no_think|3|QUESTION_ADVANCE||1962|215071d4-2d29-4be8-bc05-2e5e8e278045
2026-03-23 22:30:14|qwen|web_search_no_think|1|JSON_VERIFIED||1862|0267aebe-9af1-4e80-9aa0-6124f406dcfb
2026-03-23 22:30:14|qwen|web_search_no_think|1|QUESTION|12|1862|0267aebe-9af1-4e80-9aa0-6124f406dcfb
2026-03-23 22:30:14|qwen|web_search_no_think|1|JSON_SAVED||1862|0267aebe-9af1-4e80-9aa0-6124f406dcfb
2026-03-23 22:30:14|qwen|web_search_no_think|1|QUESTION_ADVANCE||1863|af5c87ae-84d8-4018-afa5-eb8e20df5962
2026-03-23 22:30:22|qwen|web_search_no_think|0|QUESTION_SENT||1811|cdf3f0bb-084a-4b15-a7f3-2055dbdfe019
2026-03-23 22:30:36|qwen|web_search_no_think|5|QUESTION_SENT||2061|0caa4138-0f95-42bd-82de-74c66252bfd7
2026-03-23 22:30:39|qwen|web_search_no_think|3|QUESTION_SENT||1962|215071d4-2d29-4be8-bc05-2e5e8e278045
2026-03-23 22:30:40|qwen|web_search_no_think|1|QUESTION_SENT||1863|af5c87ae-84d8-4018-afa5-eb8e20df5962
2026-03-23 22:31:40|qwen|web_search_no_think|3|JSON_VERIFIED||1962|215071d4-2d29-4be8-bc05-2e5e8e278045
2026-03-23 22:31:40|qwen|web_search_no_think|3|QUESTION|14|1962|215071d4-2d29-4be8-bc05-2e5e8e278045
2026-03-23 22:31:40|qwen|web_search_no_think|3|JSON_SAVED||1962|215071d4-2d29-4be8-bc05-2e5e8e278045
2026-03-23 22:31:40|qwen|web_search_no_think|3|QUESTION_ADVANCE||1963|6a30390b-2035-4904-aec3-c052934c9e8c
2026-03-23 22:32:07|qwen|web_search_no_think|3|QUESTION_SENT||1963|6a30390b-2035-4904-aec3-c052934c9e8c
2026-03-23 22:32:09|qwen|web_search_no_think|1|JSON_VERIFIED||1863|af5c87ae-84d8-4018-afa5-eb8e20df5962
2026-03-23 22:32:09|qwen|web_search_no_think|1|QUESTION|13|1863|af5c87ae-84d8-4018-afa5-eb8e20df5962
2026-03-23 22:32:09|qwen|web_search_no_think|1|JSON_SAVED||1863|af5c87ae-84d8-4018-afa5-eb8e20df5962
2026-03-23 22:32:09|qwen|web_search_no_think|1|QUESTION_ADVANCE||1864|8e982f05-0677-49a7-a100-99c9525a9ef1
2026-03-23 22:32:09|qwen|web_search_no_think|2|JSON_VERIFIED||1911|890e32ed-2f9f-442c-a844-43dcd438b4f4
2026-03-23 22:32:09|qwen|web_search_no_think|2|QUESTION|11|1911|890e32ed-2f9f-442c-a844-43dcd438b4f4
2026-03-23 22:32:09|qwen|web_search_no_think|2|JSON_SAVED||1911|890e32ed-2f9f-442c-a844-43dcd438b4f4
2026-03-23 22:32:09|qwen|web_search_no_think|2|QUESTION_ADVANCE||1912|60bf4c0c-f7dd-46ce-9924-f03580791f15
2026-03-23 22:32:33|qwen|web_search_no_think|5|JSON_VERIFIED||2061|0caa4138-0f95-42bd-82de-74c66252bfd7
2026-03-23 22:32:33|qwen|web_search_no_think|5|QUESTION|13|2061|0caa4138-0f95-42bd-82de-74c66252bfd7
2026-03-23 22:32:33|qwen|web_search_no_think|5|JSON_SAVED||2061|0caa4138-0f95-42bd-82de-74c66252bfd7
2026-03-23 22:32:33|qwen|web_search_no_think|5|QUESTION_ADVANCE||2062|3b9318dd-c6b0-44e0-b600-616abf394850
2026-03-23 22:32:35|qwen|web_search_no_think|0|JSON_VERIFIED||1811|cdf3f0bb-084a-4b15-a7f3-2055dbdfe019
2026-03-23 22:32:35|qwen|web_search_no_think|0|QUESTION|11|1811|cdf3f0bb-084a-4b15-a7f3-2055dbdfe019
2026-03-23 22:32:35|qwen|web_search_no_think|0|JSON_SAVED||1811|cdf3f0bb-084a-4b15-a7f3-2055dbdfe019
2026-03-23 22:32:35|qwen|web_search_no_think|0|QUESTION_ADVANCE||1812|d2e2564e-e588-4298-8463-0cd245593182
2026-03-23 22:32:35|qwen|web_search_no_think|1|QUESTION_SENT||1864|8e982f05-0677-49a7-a100-99c9525a9ef1
2026-03-23 22:32:36|qwen|web_search_no_think|2|QUESTION_SENT||1912|60bf4c0c-f7dd-46ce-9924-f03580791f15
2026-03-23 22:32:59|qwen|web_search_no_think|5|QUESTION_SENT||2062|3b9318dd-c6b0-44e0-b600-616abf394850
2026-03-23 22:33:01|qwen|web_search_no_think|0|QUESTION_SENT||1812|d2e2564e-e588-4298-8463-0cd245593182
2026-03-23 22:33:45|qwen|web_search_no_think|3|JSON_VERIFIED||1963|6a30390b-2035-4904-aec3-c052934c9e8c
2026-03-23 22:33:45|qwen|web_search_no_think|3|QUESTION|15|1963|6a30390b-2035-4904-aec3-c052934c9e8c
2026-03-23 22:33:45|qwen|web_search_no_think|3|JSON_SAVED||1963|6a30390b-2035-4904-aec3-c052934c9e8c
2026-03-23 22:33:45|qwen|web_search_no_think|3|QUESTION_ADVANCE||1964|393efef0-56d6-4015-a3c4-a236fbe6f494
2026-03-23 22:33:52|qwen|web_search_no_think|1|JSON_VERIFIED||1864|8e982f05-0677-49a7-a100-99c9525a9ef1
2026-03-23 22:33:52|qwen|web_search_no_think|1|QUESTION|14|1864|8e982f05-0677-49a7-a100-99c9525a9ef1
2026-03-23 22:33:52|qwen|web_search_no_think|1|JSON_SAVED||1864|8e982f05-0677-49a7-a100-99c9525a9ef1
2026-03-23 22:33:52|qwen|web_search_no_think|1|QUESTION_ADVANCE||1865|f3c38fd1-463d-48da-9086-d086e481a781
2026-03-23 22:33:59|qwen|web_search_no_think|5|JSON_VERIFIED||2062|3b9318dd-c6b0-44e0-b600-616abf394850
2026-03-23 22:33:59|qwen|web_search_no_think|5|QUESTION|14|2062|3b9318dd-c6b0-44e0-b600-616abf394850
2026-03-23 22:33:59|qwen|web_search_no_think|5|JSON_SAVED||2062|3b9318dd-c6b0-44e0-b600-616abf394850
2026-03-23 22:33:59|qwen|web_search_no_think|5|QUESTION_ADVANCE||2063|66ec87a7-1de3-4c02-8bb1-820f85247c7e
2026-03-23 22:34:06|qwen|web_search_no_think|2|JSON_VERIFIED||1912|60bf4c0c-f7dd-46ce-9924-f03580791f15
2026-03-23 22:34:06|qwen|web_search_no_think|2|QUESTION|12|1912|60bf4c0c-f7dd-46ce-9924-f03580791f15
2026-03-23 22:34:06|qwen|web_search_no_think|2|JSON_SAVED||1912|60bf4c0c-f7dd-46ce-9924-f03580791f15
2026-03-23 22:34:06|qwen|web_search_no_think|2|QUESTION_ADVANCE||1913|1629d49a-8b99-4779-931b-9c0132b6a828
2026-03-23 22:34:11|qwen|web_search_no_think|3|QUESTION_SENT||1964|393efef0-56d6-4015-a3c4-a236fbe6f494
2026-03-23 22:34:19|qwen|web_search_no_think|1|QUESTION_SENT||1865|f3c38fd1-463d-48da-9086-d086e481a781
2026-03-23 22:34:22|qwen|web_search_no_think|0|JSON_VERIFIED||1812|d2e2564e-e588-4298-8463-0cd245593182
2026-03-23 22:34:22|qwen|web_search_no_think|0|QUESTION|12|1812|d2e2564e-e588-4298-8463-0cd245593182
2026-03-23 22:34:22|qwen|web_search_no_think|0|JSON_SAVED||1812|d2e2564e-e588-4298-8463-0cd245593182
2026-03-23 22:34:22|qwen|web_search_no_think|0|QUESTION_ADVANCE||1813|4b2afb01-c75f-409d-aed0-959c871c98ec
2026-03-23 22:34:25|qwen|web_search_no_think|5|QUESTION_SENT||2063|66ec87a7-1de3-4c02-8bb1-820f85247c7e
2026-03-23 22:34:32|qwen|web_search_no_think|2|QUESTION_SENT||1913|1629d49a-8b99-4779-931b-9c0132b6a828
2026-03-23 22:34:49|qwen|web_search_no_think|0|QUESTION_SENT||1813|4b2afb01-c75f-409d-aed0-959c871c98ec
2026-03-23 22:35:34|qwen|web_search_no_think|5|JSON_VERIFIED||2063|66ec87a7-1de3-4c02-8bb1-820f85247c7e
2026-03-23 22:35:34|qwen|web_search_no_think|5|QUESTION|15|2063|66ec87a7-1de3-4c02-8bb1-820f85247c7e
2026-03-23 22:35:34|qwen|web_search_no_think|5|JSON_SAVED||2063|66ec87a7-1de3-4c02-8bb1-820f85247c7e
2026-03-23 22:35:34|qwen|web_search_no_think|5|QUESTION_ADVANCE||2064|201a55e6-9d87-4395-92d4-a1c1ed196dab
2026-03-23 22:35:39|qwen|web_search_no_think|2|JSON_VERIFIED||1913|1629d49a-8b99-4779-931b-9c0132b6a828
2026-03-23 22:35:39|qwen|web_search_no_think|2|QUESTION|13|1913|1629d49a-8b99-4779-931b-9c0132b6a828
2026-03-23 22:35:39|qwen|web_search_no_think|2|JSON_SAVED||1913|1629d49a-8b99-4779-931b-9c0132b6a828
2026-03-23 22:35:39|qwen|web_search_no_think|2|QUESTION_ADVANCE||1914|d11523c7-ecd4-4cf4-94ed-611563999ae6
2026-03-23 22:35:51|qwen|web_search_no_think|1|JSON_VERIFIED||1865|f3c38fd1-463d-48da-9086-d086e481a781
2026-03-23 22:35:52|qwen|web_search_no_think|1|QUESTION|15|1865|f3c38fd1-463d-48da-9086-d086e481a781
2026-03-23 22:35:52|qwen|web_search_no_think|1|JSON_SAVED||1865|f3c38fd1-463d-48da-9086-d086e481a781
2026-03-23 22:35:52|qwen|web_search_no_think|1|QUESTION_ADVANCE||1866|29d067ee-fcb4-4b40-a0f4-062ff9df8920
2026-03-23 22:36:00|qwen|web_search_no_think|5|QUESTION_SENT||2064|201a55e6-9d87-4395-92d4-a1c1ed196dab
2026-03-23 22:36:03|qwen|web_search_no_think|0|JSON_VERIFIED||1813|4b2afb01-c75f-409d-aed0-959c871c98ec
2026-03-23 22:36:03|qwen|web_search_no_think|0|QUESTION|13|1813|4b2afb01-c75f-409d-aed0-959c871c98ec
2026-03-23 22:36:03|qwen|web_search_no_think|0|JSON_SAVED||1813|4b2afb01-c75f-409d-aed0-959c871c98ec
2026-03-23 22:36:03|qwen|web_search_no_think|0|QUESTION_ADVANCE||1814|76784046-30e1-48c3-a5d5-1e224b0b3666
2026-03-23 22:36:05|qwen|web_search_no_think|2|QUESTION_SENT||1914|d11523c7-ecd4-4cf4-94ed-611563999ae6
2026-03-23 22:36:18|qwen|web_search_no_think|1|QUESTION_SENT||1866|29d067ee-fcb4-4b40-a0f4-062ff9df8920
2026-03-23 22:36:29|qwen|web_search_no_think|0|QUESTION_SENT||1814|76784046-30e1-48c3-a5d5-1e224b0b3666
2026-03-23 22:37:00|qwen|web_search_no_think|2|JSON_VERIFY_FAILED||1914|d11523c7-ecd4-4cf4-94ed-611563999ae6
2026-03-23 22:37:00|qwen|web_search_no_think|2|QUESTION|14|1914|d11523c7-ecd4-4cf4-94ed-611563999ae6
2026-03-23 22:37:15|qwen|web_search_no_think|1|JSON_VERIFIED||1866|29d067ee-fcb4-4b40-a0f4-062ff9df8920
2026-03-23 22:37:15|qwen|web_search_no_think|1|QUESTION|16|1866|29d067ee-fcb4-4b40-a0f4-062ff9df8920
2026-03-23 22:37:15|qwen|web_search_no_think|1|JSON_SAVED||1866|29d067ee-fcb4-4b40-a0f4-062ff9df8920
2026-03-23 22:37:15|qwen|web_search_no_think|1|QUESTION_ADVANCE||1867|ea1dd635-8011-4786-bb1f-4b4f54bacdd8
2026-03-23 22:37:19|qwen|web_search_no_think|5|JSON_VERIFIED||2064|201a55e6-9d87-4395-92d4-a1c1ed196dab
2026-03-23 22:37:19|qwen|web_search_no_think|5|QUESTION|16|2064|201a55e6-9d87-4395-92d4-a1c1ed196dab
2026-03-23 22:37:19|qwen|web_search_no_think|5|JSON_SAVED||2064|201a55e6-9d87-4395-92d4-a1c1ed196dab
2026-03-23 22:37:19|qwen|web_search_no_think|5|QUESTION_ADVANCE||2065|8e9d56ee-9ba6-46ca-be31-c3c44b67be69
2026-03-23 22:37:26|qwen|web_search_no_think|2|QUESTION_SENT||1914|d11523c7-ecd4-4cf4-94ed-611563999ae6
2026-03-23 22:37:39|qwen|web_search_no_think|0|JSON_VERIFIED||1814|76784046-30e1-48c3-a5d5-1e224b0b3666
2026-03-23 22:37:39|qwen|web_search_no_think|0|QUESTION|14|1814|76784046-30e1-48c3-a5d5-1e224b0b3666
2026-03-23 22:37:39|qwen|web_search_no_think|0|JSON_SAVED||1814|76784046-30e1-48c3-a5d5-1e224b0b3666
2026-03-23 22:37:39|qwen|web_search_no_think|0|QUESTION_ADVANCE||1815|bc7467ca-9c60-45c5-9468-bb75ffe36025
2026-03-23 22:37:41|qwen|web_search_no_think|1|QUESTION_SENT||1867|ea1dd635-8011-4786-bb1f-4b4f54bacdd8
2026-03-23 22:37:45|qwen|web_search_no_think|5|QUESTION_SENT||2065|8e9d56ee-9ba6-46ca-be31-c3c44b67be69
2026-03-23 22:38:06|qwen|web_search_no_think|0|QUESTION_SENT||1815|bc7467ca-9c60-45c5-9468-bb75ffe36025
2026-03-23 22:38:36|qwen|web_search_no_think|2|JSON_VERIFIED||1914|d11523c7-ecd4-4cf4-94ed-611563999ae6
2026-03-23 22:38:36|qwen|web_search_no_think|2|QUESTION|15|1914|d11523c7-ecd4-4cf4-94ed-611563999ae6
2026-03-23 22:38:36|qwen|web_search_no_think|2|JSON_SAVED||1914|d11523c7-ecd4-4cf4-94ed-611563999ae6
2026-03-23 22:38:36|qwen|web_search_no_think|2|QUESTION_ADVANCE||1915|69d50ebd-1045-41d3-8706-d86f4a249da3
2026-03-23 22:39:02|qwen|web_search_no_think|2|QUESTION_SENT||1915|69d50ebd-1045-41d3-8706-d86f4a249da3
2026-03-23 22:39:03|qwen|web_search_no_think|1|JSON_VERIFIED||1867|ea1dd635-8011-4786-bb1f-4b4f54bacdd8
2026-03-23 22:39:03|qwen|web_search_no_think|1|QUESTION|17|1867|ea1dd635-8011-4786-bb1f-4b4f54bacdd8
2026-03-23 22:39:03|qwen|web_search_no_think|1|JSON_SAVED||1867|ea1dd635-8011-4786-bb1f-4b4f54bacdd8
2026-03-23 22:39:03|qwen|web_search_no_think|1|QUESTION_ADVANCE||1868|7bafe925-98a7-4bf3-a04a-ea835cacd15a
2026-03-23 22:39:17|qwen|web_search_no_think|5|JSON_VERIFIED||2065|8e9d56ee-9ba6-46ca-be31-c3c44b67be69
2026-03-23 22:39:17|qwen|web_search_no_think|5|QUESTION|17|2065|8e9d56ee-9ba6-46ca-be31-c3c44b67be69
2026-03-23 22:39:17|qwen|web_search_no_think|5|JSON_SAVED||2065|8e9d56ee-9ba6-46ca-be31-c3c44b67be69
2026-03-23 22:39:17|qwen|web_search_no_think|5|QUESTION_ADVANCE||2066|dcaf3fe2-1550-4a87-8724-f296c861e14c
2026-03-23 22:39:23|qwen|web_search_no_think|0|JSON_VERIFIED||1815|bc7467ca-9c60-45c5-9468-bb75ffe36025
2026-03-23 22:39:23|qwen|web_search_no_think|0|QUESTION|15|1815|bc7467ca-9c60-45c5-9468-bb75ffe36025
2026-03-23 22:39:23|qwen|web_search_no_think|0|JSON_SAVED||1815|bc7467ca-9c60-45c5-9468-bb75ffe36025
2026-03-23 22:39:23|qwen|web_search_no_think|0|QUESTION_ADVANCE||1816|7d488466-9db8-4ece-a8bd-606b5bc8db26
2026-03-23 22:39:29|qwen|web_search_no_think|1|QUESTION_SENT||1868|7bafe925-98a7-4bf3-a04a-ea835cacd15a
2026-03-23 22:39:43|qwen|web_search_no_think|5|QUESTION_SENT||2066|dcaf3fe2-1550-4a87-8724-f296c861e14c
2026-03-23 22:39:49|qwen|web_search_no_think|0|QUESTION_SENT||1816|7d488466-9db8-4ece-a8bd-606b5bc8db26
2026-03-23 22:40:03|qwen|web_search_no_think|2|JSON_VERIFIED||1915|69d50ebd-1045-41d3-8706-d86f4a249da3
2026-03-23 22:40:03|qwen|web_search_no_think|2|QUESTION|16|1915|69d50ebd-1045-41d3-8706-d86f4a249da3
2026-03-23 22:40:03|qwen|web_search_no_think|2|JSON_SAVED||1915|69d50ebd-1045-41d3-8706-d86f4a249da3
2026-03-23 22:40:03|qwen|web_search_no_think|2|QUESTION_ADVANCE||1916|8d1341e6-9dca-477f-b10d-0feb464acd14
2026-03-23 22:40:29|qwen|web_search_no_think|2|QUESTION_SENT||1916|8d1341e6-9dca-477f-b10d-0feb464acd14
2026-03-23 22:41:02|qwen|web_search_no_think|1|JSON_VERIFIED||1868|7bafe925-98a7-4bf3-a04a-ea835cacd15a
2026-03-23 22:41:02|qwen|web_search_no_think|1|QUESTION|18|1868|7bafe925-98a7-4bf3-a04a-ea835cacd15a
2026-03-23 22:41:02|qwen|web_search_no_think|1|JSON_SAVED||1868|7bafe925-98a7-4bf3-a04a-ea835cacd15a
2026-03-23 22:41:02|qwen|web_search_no_think|1|QUESTION_ADVANCE||1869|ad79030b-8a74-41ad-9d71-2416af94969b
2026-03-23 22:41:06|qwen|web_search_no_think|0|JSON_VERIFIED||1816|7d488466-9db8-4ece-a8bd-606b5bc8db26
2026-03-23 22:41:06|qwen|web_search_no_think|0|QUESTION|16|1816|7d488466-9db8-4ece-a8bd-606b5bc8db26
2026-03-23 22:41:06|qwen|web_search_no_think|0|JSON_SAVED||1816|7d488466-9db8-4ece-a8bd-606b5bc8db26
2026-03-23 22:41:06|qwen|web_search_no_think|0|QUESTION_ADVANCE||1817|f081978c-a0bb-4492-861b-4dbac9622feb
2026-03-23 22:41:28|qwen|web_search_no_think|1|QUESTION_SENT||1869|ad79030b-8a74-41ad-9d71-2416af94969b
2026-03-23 22:41:29|qwen|web_search_no_think|5|JSON_VERIFIED||2066|dcaf3fe2-1550-4a87-8724-f296c861e14c
2026-03-23 22:41:29|qwen|web_search_no_think|5|QUESTION|18|2066|dcaf3fe2-1550-4a87-8724-f296c861e14c
2026-03-23 22:41:29|qwen|web_search_no_think|5|JSON_SAVED||2066|dcaf3fe2-1550-4a87-8724-f296c861e14c
2026-03-23 22:41:29|qwen|web_search_no_think|5|QUESTION_ADVANCE||2067|71f8b4c2-9614-4da6-b9a7-28291f7ed9fb
2026-03-23 22:41:33|qwen|web_search_no_think|0|QUESTION_SENT||1817|f081978c-a0bb-4492-861b-4dbac9622feb
2026-03-23 22:41:43|qwen|web_search_no_think|4|RESTART||2001|3d149d82-96f9-46b4-ad70-77972b28e416
2026-03-23 22:41:49|qwen|web_search_no_think|2|JSON_VERIFIED||1916|8d1341e6-9dca-477f-b10d-0feb464acd14
2026-03-23 22:41:49|qwen|web_search_no_think|2|QUESTION|17|1916|8d1341e6-9dca-477f-b10d-0feb464acd14
2026-03-23 22:41:49|qwen|web_search_no_think|2|JSON_SAVED||1916|8d1341e6-9dca-477f-b10d-0feb464acd14
2026-03-23 22:41:49|qwen|web_search_no_think|2|QUESTION_ADVANCE||1917|032df518-87af-4b92-bd61-3cfe7a826cd4
2026-03-23 22:41:55|qwen|web_search_no_think|5|QUESTION_SENT||2067|71f8b4c2-9614-4da6-b9a7-28291f7ed9fb
2026-03-23 22:42:15|qwen|web_search_no_think|2|QUESTION_SENT||1917|032df518-87af-4b92-bd61-3cfe7a826cd4
2026-03-23 22:42:40|qwen|web_search_no_think|0|JSON_VERIFIED||1817|f081978c-a0bb-4492-861b-4dbac9622feb
2026-03-23 22:42:40|qwen|web_search_no_think|0|QUESTION|17|1817|f081978c-a0bb-4492-861b-4dbac9622feb
2026-03-23 22:42:40|qwen|web_search_no_think|0|JSON_SAVED||1817|f081978c-a0bb-4492-861b-4dbac9622feb
2026-03-23 22:42:40|qwen|web_search_no_think|0|QUESTION_ADVANCE||1818|1bb14ea4-adf9-42e8-8d29-5cbe9087d0df
2026-03-23 22:42:51|qwen|web_search_no_think|5|JSON_VERIFIED||2067|71f8b4c2-9614-4da6-b9a7-28291f7ed9fb
2026-03-23 22:42:51|qwen|web_search_no_think|5|QUESTION|19|2067|71f8b4c2-9614-4da6-b9a7-28291f7ed9fb
2026-03-23 22:42:51|qwen|web_search_no_think|5|JSON_SAVED||2067|71f8b4c2-9614-4da6-b9a7-28291f7ed9fb
2026-03-23 22:42:51|qwen|web_search_no_think|5|QUESTION_ADVANCE||2068|9834cc2d-78c6-4f58-8c74-88e7faf36b61
2026-03-23 22:43:06|qwen|web_search_no_think|0|QUESTION_SENT||1818|1bb14ea4-adf9-42e8-8d29-5cbe9087d0df
2026-03-23 22:43:17|qwen|web_search_no_think|5|QUESTION_SENT||2068|9834cc2d-78c6-4f58-8c74-88e7faf36b61
2026-03-23 22:43:49|qwen|web_search_no_think|4|QUESTION_SENT||2001|3d149d82-96f9-46b4-ad70-77972b28e416
2026-03-23 22:43:59|qwen|web_search_no_think|1|JSON_VERIFIED||1869|ad79030b-8a74-41ad-9d71-2416af94969b
2026-03-23 22:43:59|qwen|web_search_no_think|1|QUESTION|19|1869|ad79030b-8a74-41ad-9d71-2416af94969b
2026-03-23 22:43:59|qwen|web_search_no_think|1|JSON_SAVED||1869|ad79030b-8a74-41ad-9d71-2416af94969b
2026-03-23 22:43:59|qwen|web_search_no_think|1|QUESTION_ADVANCE||1870|ba76b138-19eb-4312-b228-fb886a8639b4
2026-03-23 22:44:03|qwen|web_search_no_think|0|JSON_VERIFIED||1818|1bb14ea4-adf9-42e8-8d29-5cbe9087d0df
2026-03-23 22:44:03|qwen|web_search_no_think|0|QUESTION|18|1818|1bb14ea4-adf9-42e8-8d29-5cbe9087d0df
2026-03-23 22:44:03|qwen|web_search_no_think|0|JSON_SAVED||1818|1bb14ea4-adf9-42e8-8d29-5cbe9087d0df
2026-03-23 22:44:03|qwen|web_search_no_think|0|QUESTION_ADVANCE||1819|fb5abe80-db68-4026-a3d1-56f587a81a79
2026-03-23 22:44:16|qwen|web_search_no_think|2|JSON_VERIFIED||1917|032df518-87af-4b92-bd61-3cfe7a826cd4
2026-03-23 22:44:16|qwen|web_search_no_think|2|QUESTION|18|1917|032df518-87af-4b92-bd61-3cfe7a826cd4
2026-03-23 22:44:16|qwen|web_search_no_think|2|JSON_SAVED||1917|032df518-87af-4b92-bd61-3cfe7a826cd4
2026-03-23 22:44:16|qwen|web_search_no_think|2|QUESTION_ADVANCE||1918|fe4bea22-94d5-4bb4-80b2-619b4996d9f7
2026-03-23 22:44:23|qwen|web_search_no_think|5|JSON_VERIFY_FAILED||2068|9834cc2d-78c6-4f58-8c74-88e7faf36b61
2026-03-23 22:44:23|qwen|web_search_no_think|5|QUESTION|20|2068|9834cc2d-78c6-4f58-8c74-88e7faf36b61
2026-03-23 22:44:26|qwen|web_search_no_think|1|QUESTION_SENT||1870|ba76b138-19eb-4312-b228-fb886a8639b4
2026-03-23 22:44:30|qwen|web_search_no_think|0|QUESTION_SENT||1819|fb5abe80-db68-4026-a3d1-56f587a81a79
2026-03-23 22:44:43|qwen|web_search_no_think|2|QUESTION_SENT||1918|fe4bea22-94d5-4bb4-80b2-619b4996d9f7
2026-03-23 22:44:43|qwen|web_search_no_think|3|QUESTION_SENT||1964|393efef0-56d6-4015-a3c4-a236fbe6f494
2026-03-23 22:44:49|qwen|web_search_no_think|5|QUESTION_SENT||2068|9834cc2d-78c6-4f58-8c74-88e7faf36b61
2026-03-23 22:45:23|qwen|web_search_no_think|0|JSON_VERIFIED||1819|fb5abe80-db68-4026-a3d1-56f587a81a79
2026-03-23 22:45:23|qwen|web_search_no_think|0|QUESTION|19|1819|fb5abe80-db68-4026-a3d1-56f587a81a79
2026-03-23 22:45:23|qwen|web_search_no_think|0|JSON_SAVED||1819|fb5abe80-db68-4026-a3d1-56f587a81a79
2026-03-23 22:45:23|qwen|web_search_no_think|0|QUESTION_ADVANCE||1820|80055efd-ce92-48e3-85dc-2ef6ef2688d9
2026-03-23 22:45:26|qwen|web_search_no_think|1|JSON_VERIFIED||1870|ba76b138-19eb-4312-b228-fb886a8639b4
2026-03-23 22:45:26|qwen|web_search_no_think|1|QUESTION|20|1870|ba76b138-19eb-4312-b228-fb886a8639b4
2026-03-23 22:45:26|qwen|web_search_no_think|1|JSON_SAVED||1870|ba76b138-19eb-4312-b228-fb886a8639b4
2026-03-23 22:45:26|qwen|web_search_no_think|1|QUESTION_ADVANCE||1871|9aa94402-0535-4659-9db7-6c6548cba898
2026-03-23 22:45:49|qwen|web_search_no_think|0|QUESTION_SENT||1820|80055efd-ce92-48e3-85dc-2ef6ef2688d9
2026-03-23 22:45:52|qwen|web_search_no_think|1|QUESTION_SENT||1871|9aa94402-0535-4659-9db7-6c6548cba898
2026-03-23 22:46:18|qwen|web_search_no_think|5|JSON_VERIFIED||2068|9834cc2d-78c6-4f58-8c74-88e7faf36b61
2026-03-23 22:46:18|qwen|web_search_no_think|5|QUESTION|21|2068|9834cc2d-78c6-4f58-8c74-88e7faf36b61
2026-03-23 22:46:18|qwen|web_search_no_think|5|JSON_SAVED||2068|9834cc2d-78c6-4f58-8c74-88e7faf36b61
2026-03-23 22:46:18|qwen|web_search_no_think|5|QUESTION_ADVANCE||2069|ce241d89-90e9-45c2-844e-70251dc300d6
2026-03-23 22:46:39|qwen|web_search_no_think|3|JSON_VERIFIED||1964|393efef0-56d6-4015-a3c4-a236fbe6f494
2026-03-23 22:46:39|qwen|web_search_no_think|3|QUESTION|16|1964|393efef0-56d6-4015-a3c4-a236fbe6f494
2026-03-23 22:46:39|qwen|web_search_no_think|3|JSON_SAVED||1964|393efef0-56d6-4015-a3c4-a236fbe6f494
2026-03-23 22:46:39|qwen|web_search_no_think|3|QUESTION_ADVANCE||1965|84107aaa-887c-4669-b71f-896cd14198a5
2026-03-23 22:46:40|qwen|web_search_no_think|2|JSON_VERIFIED||1918|fe4bea22-94d5-4bb4-80b2-619b4996d9f7
2026-03-23 22:46:40|qwen|web_search_no_think|2|QUESTION|19|1918|fe4bea22-94d5-4bb4-80b2-619b4996d9f7
2026-03-23 22:46:40|qwen|web_search_no_think|2|JSON_SAVED||1918|fe4bea22-94d5-4bb4-80b2-619b4996d9f7
2026-03-23 22:46:40|qwen|web_search_no_think|2|QUESTION_ADVANCE||1919|b7c89aaf-8afc-4f7b-a40f-768125a2bd40
2026-03-23 22:46:44|qwen|web_search_no_think|5|QUESTION_SENT||2069|ce241d89-90e9-45c2-844e-70251dc300d6
2026-03-23 22:47:05|qwen|web_search_no_think|3|QUESTION_SENT||1965|84107aaa-887c-4669-b71f-896cd14198a5
2026-03-23 22:47:06|qwen|web_search_no_think|2|QUESTION_SENT||1919|b7c89aaf-8afc-4f7b-a40f-768125a2bd40
2026-03-23 22:47:08|qwen|web_search_no_think|0|JSON_VERIFY_FAILED||1820|80055efd-ce92-48e3-85dc-2ef6ef2688d9
2026-03-23 22:47:08|qwen|web_search_no_think|0|QUESTION|20|1820|80055efd-ce92-48e3-85dc-2ef6ef2688d9
2026-03-23 22:47:08|qwen|web_search_no_think|1|JSON_VERIFIED||1871|9aa94402-0535-4659-9db7-6c6548cba898
2026-03-23 22:47:08|qwen|web_search_no_think|1|QUESTION|21|1871|9aa94402-0535-4659-9db7-6c6548cba898
2026-03-23 22:47:08|qwen|web_search_no_think|1|JSON_SAVED||1871|9aa94402-0535-4659-9db7-6c6548cba898
2026-03-23 22:47:08|qwen|web_search_no_think|1|QUESTION_ADVANCE||1872|f472c6cd-a804-4895-90ef-dcfd6a965ad3
2026-03-23 22:47:16|qwen|web_search_no_think|4|JSON_VERIFIED||2001|3d149d82-96f9-46b4-ad70-77972b28e416
2026-03-23 22:47:16|qwen|web_search_no_think|4|QUESTION|1|2001|3d149d82-96f9-46b4-ad70-77972b28e416
2026-03-23 22:47:16|qwen|web_search_no_think|4|JSON_SAVED||2001|3d149d82-96f9-46b4-ad70-77972b28e416
2026-03-23 22:47:16|qwen|web_search_no_think|4|QUESTION_ADVANCE||2002|07ccd736-8724-400b-b876-635706e1136f
2026-03-23 22:47:34|qwen|web_search_no_think|0|QUESTION_SENT||1820|80055efd-ce92-48e3-85dc-2ef6ef2688d9
2026-03-23 22:47:34|qwen|web_search_no_think|1|QUESTION_SENT||1872|f472c6cd-a804-4895-90ef-dcfd6a965ad3
2026-03-23 22:47:43|qwen|web_search_no_think|5|JSON_VERIFIED||2069|ce241d89-90e9-45c2-844e-70251dc300d6
2026-03-23 22:47:43|qwen|web_search_no_think|5|QUESTION|22|2069|ce241d89-90e9-45c2-844e-70251dc300d6
2026-03-23 22:47:43|qwen|web_search_no_think|5|JSON_SAVED||2069|ce241d89-90e9-45c2-844e-70251dc300d6
2026-03-23 22:47:43|qwen|web_search_no_think|5|QUESTION_ADVANCE||2070|03975246-851e-4074-bd01-abf90172898f
2026-03-23 22:47:44|qwen|web_search_no_think|4|QUESTION_SENT||2002|07ccd736-8724-400b-b876-635706e1136f
2026-03-23 22:48:06|qwen|web_search_no_think|2|JSON_VERIFIED||1919|b7c89aaf-8afc-4f7b-a40f-768125a2bd40
2026-03-23 22:48:06|qwen|web_search_no_think|2|QUESTION|20|1919|b7c89aaf-8afc-4f7b-a40f-768125a2bd40
2026-03-23 22:48:06|qwen|web_search_no_think|2|JSON_SAVED||1919|b7c89aaf-8afc-4f7b-a40f-768125a2bd40
2026-03-23 22:48:06|qwen|web_search_no_think|2|QUESTION_ADVANCE||1920|fae4b2f9-1d78-4eb4-a5dc-9981dfcc5965
2026-03-23 22:48:09|qwen|web_search_no_think|5|QUESTION_SENT||2070|03975246-851e-4074-bd01-abf90172898f
2026-03-23 22:48:21|qwen|web_search_no_think|3|JSON_VERIFIED||1965|84107aaa-887c-4669-b71f-896cd14198a5
2026-03-23 22:48:21|qwen|web_search_no_think|3|QUESTION|17|1965|84107aaa-887c-4669-b71f-896cd14198a5
2026-03-23 22:48:21|qwen|web_search_no_think|3|JSON_SAVED||1965|84107aaa-887c-4669-b71f-896cd14198a5
2026-03-23 22:48:21|qwen|web_search_no_think|3|QUESTION_ADVANCE||1966|bbd6ba2a-4ef1-4e5d-80be-1e3cc842d8eb
2026-03-23 22:48:32|qwen|web_search_no_think|2|QUESTION_SENT||1920|fae4b2f9-1d78-4eb4-a5dc-9981dfcc5965
2026-03-23 22:48:35|qwen|web_search_no_think|0|JSON_VERIFIED||1820|80055efd-ce92-48e3-85dc-2ef6ef2688d9
2026-03-23 22:48:35|qwen|web_search_no_think|0|QUESTION|21|1820|80055efd-ce92-48e3-85dc-2ef6ef2688d9
2026-03-23 22:48:35|qwen|web_search_no_think|0|JSON_SAVED||1820|80055efd-ce92-48e3-85dc-2ef6ef2688d9
2026-03-23 22:48:35|qwen|web_search_no_think|0|QUESTION_ADVANCE||1821|9bbca5f4-a614-4e0e-9203-6f69badf5326
2026-03-23 22:48:38|qwen|web_search_no_think|1|JSON_VERIFIED||1872|f472c6cd-a804-4895-90ef-dcfd6a965ad3
2026-03-23 22:48:38|qwen|web_search_no_think|1|QUESTION|22|1872|f472c6cd-a804-4895-90ef-dcfd6a965ad3
2026-03-23 22:48:38|qwen|web_search_no_think|1|JSON_SAVED||1872|f472c6cd-a804-4895-90ef-dcfd6a965ad3
2026-03-23 22:48:38|qwen|web_search_no_think|1|QUESTION_ADVANCE||1873|40dba7ae-cd45-4c84-827a-3a8efd7ebeaa
2026-03-23 22:48:47|qwen|web_search_no_think|3|QUESTION_SENT||1966|bbd6ba2a-4ef1-4e5d-80be-1e3cc842d8eb
2026-03-23 22:49:02|qwen|web_search_no_think|0|QUESTION_SENT||1821|9bbca5f4-a614-4e0e-9203-6f69badf5326
2026-03-23 22:49:05|qwen|web_search_no_think|1|QUESTION_SENT||1873|40dba7ae-cd45-4c84-827a-3a8efd7ebeaa
2026-03-23 22:49:28|qwen|web_search_no_think|2|JSON_VERIFIED||1920|fae4b2f9-1d78-4eb4-a5dc-9981dfcc5965
2026-03-23 22:49:28|qwen|web_search_no_think|2|QUESTION|21|1920|fae4b2f9-1d78-4eb4-a5dc-9981dfcc5965
2026-03-23 22:49:28|qwen|web_search_no_think|2|JSON_SAVED||1920|fae4b2f9-1d78-4eb4-a5dc-9981dfcc5965
2026-03-23 22:49:28|qwen|web_search_no_think|2|QUESTION_ADVANCE||1921|a03eb74d-bd5a-4ca0-ae0d-041af223d009
2026-03-23 22:49:29|qwen|web_search_no_think|5|JSON_VERIFIED||2070|03975246-851e-4074-bd01-abf90172898f
2026-03-23 22:49:29|qwen|web_search_no_think|5|QUESTION|23|2070|03975246-851e-4074-bd01-abf90172898f
2026-03-23 22:49:29|qwen|web_search_no_think|5|JSON_SAVED||2070|03975246-851e-4074-bd01-abf90172898f
2026-03-23 22:49:29|qwen|web_search_no_think|5|QUESTION_ADVANCE||2071|0ed3a71b-e58b-459a-966c-6653e9e6b749
2026-03-23 22:49:43|qwen|web_search_no_think|4|JSON_VERIFIED||2002|07ccd736-8724-400b-b876-635706e1136f
2026-03-23 22:49:43|qwen|web_search_no_think|4|QUESTION|2|2002|07ccd736-8724-400b-b876-635706e1136f
2026-03-23 22:49:43|qwen|web_search_no_think|4|JSON_SAVED||2002|07ccd736-8724-400b-b876-635706e1136f
2026-03-23 22:49:43|qwen|web_search_no_think|4|QUESTION_ADVANCE||2003|df168fab-aabb-4e01-b469-72e374497ac3
2026-03-23 22:49:51|qwen|web_search_no_think|3|JSON_VERIFIED||1966|bbd6ba2a-4ef1-4e5d-80be-1e3cc842d8eb
2026-03-23 22:49:51|qwen|web_search_no_think|3|QUESTION|18|1966|bbd6ba2a-4ef1-4e5d-80be-1e3cc842d8eb
2026-03-23 22:49:51|qwen|web_search_no_think|3|JSON_SAVED||1966|bbd6ba2a-4ef1-4e5d-80be-1e3cc842d8eb
2026-03-23 22:49:51|qwen|web_search_no_think|3|QUESTION_ADVANCE||1967|4e08fa87-51fe-435c-b02e-886759629297
2026-03-23 22:49:55|qwen|web_search_no_think|2|QUESTION_SENT||1921|a03eb74d-bd5a-4ca0-ae0d-041af223d009
2026-03-23 22:49:55|qwen|web_search_no_think|5|QUESTION_SENT||2071|0ed3a71b-e58b-459a-966c-6653e9e6b749
2026-03-23 22:50:15|qwen|web_search_no_think|4|QUESTION_SENT||2003|df168fab-aabb-4e01-b469-72e374497ac3
2026-03-23 22:50:18|qwen|web_search_no_think|3|QUESTION_SENT||1967|4e08fa87-51fe-435c-b02e-886759629297
2026-03-23 22:50:30|qwen|web_search_no_think|0|JSON_VERIFIED||1821|9bbca5f4-a614-4e0e-9203-6f69badf5326
2026-03-23 22:50:30|qwen|web_search_no_think|0|QUESTION|22|1821|9bbca5f4-a614-4e0e-9203-6f69badf5326
2026-03-23 22:50:30|qwen|web_search_no_think|0|JSON_SAVED||1821|9bbca5f4-a614-4e0e-9203-6f69badf5326
2026-03-23 22:50:30|qwen|web_search_no_think|0|QUESTION_ADVANCE||1822|1d36d98a-32b3-4961-8fba-958fccfa3c46
2026-03-23 22:50:42|qwen|web_search_no_think|1|JSON_VERIFIED||1873|40dba7ae-cd45-4c84-827a-3a8efd7ebeaa
2026-03-23 22:50:42|qwen|web_search_no_think|1|QUESTION|23|1873|40dba7ae-cd45-4c84-827a-3a8efd7ebeaa
2026-03-23 22:50:42|qwen|web_search_no_think|1|JSON_SAVED||1873|40dba7ae-cd45-4c84-827a-3a8efd7ebeaa
2026-03-23 22:50:42|qwen|web_search_no_think|1|QUESTION_ADVANCE||1874|99e6add3-6db4-4ddb-b7cf-e517af41a286
2026-03-23 22:50:57|qwen|web_search_no_think|0|QUESTION_SENT||1822|1d36d98a-32b3-4961-8fba-958fccfa3c46
2026-03-23 22:51:08|qwen|web_search_no_think|1|QUESTION_SENT||1874|99e6add3-6db4-4ddb-b7cf-e517af41a286
2026-03-23 22:51:15|qwen|web_search_no_think|3|JSON_VERIFIED||1967|4e08fa87-51fe-435c-b02e-886759629297
2026-03-23 22:51:15|qwen|web_search_no_think|3|QUESTION|19|1967|4e08fa87-51fe-435c-b02e-886759629297
2026-03-23 22:51:15|qwen|web_search_no_think|3|JSON_SAVED||1967|4e08fa87-51fe-435c-b02e-886759629297
2026-03-23 22:51:15|qwen|web_search_no_think|3|QUESTION_ADVANCE||1968|d01952ef-0983-4b54-bf78-9ab80bc4b1d4
2026-03-23 22:51:25|qwen|web_search_no_think|5|JSON_VERIFIED||2071|0ed3a71b-e58b-459a-966c-6653e9e6b749
2026-03-23 22:51:25|qwen|web_search_no_think|5|QUESTION|24|2071|0ed3a71b-e58b-459a-966c-6653e9e6b749
2026-03-23 22:51:25|qwen|web_search_no_think|5|JSON_SAVED||2071|0ed3a71b-e58b-459a-966c-6653e9e6b749
2026-03-23 22:51:25|qwen|web_search_no_think|5|QUESTION_ADVANCE||2072|d8c7380b-0123-448e-b196-304b3fb50d4a
2026-03-23 22:51:36|qwen|web_search_no_think|2|JSON_VERIFIED||1921|a03eb74d-bd5a-4ca0-ae0d-041af223d009
2026-03-23 22:51:36|qwen|web_search_no_think|2|QUESTION|22|1921|a03eb74d-bd5a-4ca0-ae0d-041af223d009
2026-03-23 22:51:36|qwen|web_search_no_think|2|JSON_SAVED||1921|a03eb74d-bd5a-4ca0-ae0d-041af223d009
2026-03-23 22:51:36|qwen|web_search_no_think|2|QUESTION_ADVANCE||1922|f4db4bf8-46d2-4e9c-a94a-65e99ac7bbac
2026-03-23 22:51:41|qwen|web_search_no_think|3|QUESTION_SENT||1968|d01952ef-0983-4b54-bf78-9ab80bc4b1d4
2026-03-23 22:51:52|qwen|web_search_no_think|5|QUESTION_SENT||2072|d8c7380b-0123-448e-b196-304b3fb50d4a
2026-03-23 22:51:52|qwen|web_search_no_think|4|JSON_VERIFY_FAILED||2003|df168fab-aabb-4e01-b469-72e374497ac3
2026-03-23 22:51:52|qwen|web_search_no_think|4|QUESTION|3|2003|df168fab-aabb-4e01-b469-72e374497ac3
2026-03-23 22:51:58|qwen|web_search_no_think|4|QUESTION_SENT||2003|df168fab-aabb-4e01-b469-72e374497ac3
2026-03-23 22:52:02|qwen|web_search_no_think|2|QUESTION_SENT||1922|f4db4bf8-46d2-4e9c-a94a-65e99ac7bbac
2026-03-23 22:52:08|qwen|web_search_no_think|1|JSON_VERIFIED||1874|99e6add3-6db4-4ddb-b7cf-e517af41a286
2026-03-23 22:52:08|qwen|web_search_no_think|1|QUESTION|24|1874|99e6add3-6db4-4ddb-b7cf-e517af41a286
2026-03-23 22:52:08|qwen|web_search_no_think|1|JSON_SAVED||1874|99e6add3-6db4-4ddb-b7cf-e517af41a286
2026-03-23 22:52:08|qwen|web_search_no_think|1|QUESTION_ADVANCE||1875|dcbd1ae9-4ae2-4603-a120-8a0be363f27b
2026-03-23 22:52:24|qwen|web_search_no_think|0|JSON_VERIFIED||1822|1d36d98a-32b3-4961-8fba-958fccfa3c46
2026-03-23 22:52:24|qwen|web_search_no_think|0|QUESTION|23|1822|1d36d98a-32b3-4961-8fba-958fccfa3c46
2026-03-23 22:52:24|qwen|web_search_no_think|0|JSON_SAVED||1822|1d36d98a-32b3-4961-8fba-958fccfa3c46
2026-03-23 22:52:24|qwen|web_search_no_think|0|QUESTION_ADVANCE||1823|0c8cb522-d2d3-4792-bd51-5f849178192d
2026-03-23 22:52:35|qwen|web_search_no_think|1|QUESTION_SENT||1875|dcbd1ae9-4ae2-4603-a120-8a0be363f27b
2026-03-23 22:52:44|qwen|web_search_no_think|3|JSON_VERIFIED||1968|d01952ef-0983-4b54-bf78-9ab80bc4b1d4
2026-03-23 22:52:44|qwen|web_search_no_think|3|QUESTION|20|1968|d01952ef-0983-4b54-bf78-9ab80bc4b1d4
2026-03-23 22:52:44|qwen|web_search_no_think|3|JSON_SAVED||1968|d01952ef-0983-4b54-bf78-9ab80bc4b1d4
2026-03-23 22:52:44|qwen|web_search_no_think|3|QUESTION_ADVANCE||1969|325ee868-ab93-440b-b546-1510003c23fc
2026-03-23 22:52:50|qwen|web_search_no_think|0|QUESTION_SENT||1823|0c8cb522-d2d3-4792-bd51-5f849178192d
2026-03-23 22:53:02|qwen|web_search_no_think|4|QUESTION_SENT||2003|df168fab-aabb-4e01-b469-72e374497ac3
2026-03-23 22:53:08|qwen|web_search_no_think|2|JSON_VERIFIED||1922|f4db4bf8-46d2-4e9c-a94a-65e99ac7bbac
2026-03-23 22:53:08|qwen|web_search_no_think|2|QUESTION|23|1922|f4db4bf8-46d2-4e9c-a94a-65e99ac7bbac
2026-03-23 22:53:08|qwen|web_search_no_think|2|JSON_SAVED||1922|f4db4bf8-46d2-4e9c-a94a-65e99ac7bbac
2026-03-23 22:53:08|qwen|web_search_no_think|2|QUESTION_ADVANCE||1923|b8777fbb-cf45-451b-afe3-2adb53b691c1
2026-03-23 22:53:11|qwen|web_search_no_think|3|QUESTION_SENT||1969|325ee868-ab93-440b-b546-1510003c23fc
2026-03-23 22:53:19|qwen|web_search_no_think|5|JSON_VERIFIED||2072|d8c7380b-0123-448e-b196-304b3fb50d4a
2026-03-23 22:53:19|qwen|web_search_no_think|5|QUESTION|25|2072|d8c7380b-0123-448e-b196-304b3fb50d4a
2026-03-23 22:53:19|qwen|web_search_no_think|5|JSON_SAVED||2072|d8c7380b-0123-448e-b196-304b3fb50d4a
2026-03-23 22:53:19|qwen|web_search_no_think|5|QUESTION_ADVANCE||2073|f15ac741-6342-4da7-b333-94aac1543880
2026-03-23 22:53:29|qwen|web_search_no_think|1|JSON_VERIFIED||1875|dcbd1ae9-4ae2-4603-a120-8a0be363f27b
2026-03-23 22:53:29|qwen|web_search_no_think|1|QUESTION|25|1875|dcbd1ae9-4ae2-4603-a120-8a0be363f27b
2026-03-23 22:53:29|qwen|web_search_no_think|1|JSON_SAVED||1875|dcbd1ae9-4ae2-4603-a120-8a0be363f27b
2026-03-23 22:53:29|qwen|web_search_no_think|1|QUESTION_ADVANCE||1876|49d21720-9eba-442d-aad9-0612d81a0abb
2026-03-23 22:53:34|qwen|web_search_no_think|2|QUESTION_SENT||1923|b8777fbb-cf45-451b-afe3-2adb53b691c1
2026-03-23 22:53:45|qwen|web_search_no_think|5|QUESTION_SENT||2073|f15ac741-6342-4da7-b333-94aac1543880
2026-03-23 22:53:55|qwen|web_search_no_think|1|QUESTION_SENT||1876|49d21720-9eba-442d-aad9-0612d81a0abb
2026-03-23 22:54:11|qwen|web_search_no_think|3|JSON_VERIFIED||1969|325ee868-ab93-440b-b546-1510003c23fc
2026-03-23 22:54:11|qwen|web_search_no_think|3|QUESTION|21|1969|325ee868-ab93-440b-b546-1510003c23fc
2026-03-23 22:54:11|qwen|web_search_no_think|3|JSON_SAVED||1969|325ee868-ab93-440b-b546-1510003c23fc
2026-03-23 22:54:11|qwen|web_search_no_think|3|QUESTION_ADVANCE||1970|13f52f5f-aa08-462b-a3dd-8ef1094987c0
2026-03-23 22:54:11|qwen|web_search_no_think|0|JSON_VERIFIED||1823|0c8cb522-d2d3-4792-bd51-5f849178192d
2026-03-23 22:54:11|qwen|web_search_no_think|0|QUESTION|24|1823|0c8cb522-d2d3-4792-bd51-5f849178192d
2026-03-23 22:54:11|qwen|web_search_no_think|0|JSON_SAVED||1823|0c8cb522-d2d3-4792-bd51-5f849178192d
2026-03-23 22:54:11|qwen|web_search_no_think|0|QUESTION_ADVANCE||1824|5bf97f3b-72cf-417e-a1e3-fa15261befe2
2026-03-23 22:54:37|qwen|web_search_no_think|3|QUESTION_SENT||1970|13f52f5f-aa08-462b-a3dd-8ef1094987c0
2026-03-23 22:54:37|qwen|web_search_no_think|2|JSON_VERIFIED||1923|b8777fbb-cf45-451b-afe3-2adb53b691c1
2026-03-23 22:54:37|qwen|web_search_no_think|2|QUESTION|24|1923|b8777fbb-cf45-451b-afe3-2adb53b691c1
2026-03-23 22:54:37|qwen|web_search_no_think|2|JSON_SAVED||1923|b8777fbb-cf45-451b-afe3-2adb53b691c1
2026-03-23 22:54:37|qwen|web_search_no_think|2|QUESTION_ADVANCE||1924|86bc5212-ca07-41f6-b9db-b6e72a71cb4b
2026-03-23 22:54:38|qwen|web_search_no_think|0|QUESTION_SENT||1824|5bf97f3b-72cf-417e-a1e3-fa15261befe2
2026-03-23 22:55:01|qwen|web_search_no_think|5|JSON_VERIFIED||2073|f15ac741-6342-4da7-b333-94aac1543880
2026-03-23 22:55:01|qwen|web_search_no_think|5|QUESTION|26|2073|f15ac741-6342-4da7-b333-94aac1543880
2026-03-23 22:55:01|qwen|web_search_no_think|5|JSON_SAVED||2073|f15ac741-6342-4da7-b333-94aac1543880
2026-03-23 22:55:01|qwen|web_search_no_think|5|QUESTION_ADVANCE||2074|a443b570-c74a-487d-ae29-18cd060ad9fd
2026-03-23 22:55:03|qwen|web_search_no_think|2|QUESTION_SENT||1924|86bc5212-ca07-41f6-b9db-b6e72a71cb4b
2026-03-23 22:55:27|qwen|web_search_no_think|5|QUESTION_SENT||2074|a443b570-c74a-487d-ae29-18cd060ad9fd
2026-03-23 22:55:33|qwen|web_search_no_think|3|JSON_VERIFIED||1970|13f52f5f-aa08-462b-a3dd-8ef1094987c0
2026-03-23 22:55:33|qwen|web_search_no_think|3|QUESTION|22|1970|13f52f5f-aa08-462b-a3dd-8ef1094987c0
2026-03-23 22:55:33|qwen|web_search_no_think|3|JSON_SAVED||1970|13f52f5f-aa08-462b-a3dd-8ef1094987c0
2026-03-23 22:55:33|qwen|web_search_no_think|3|QUESTION_ADVANCE||1971|afe0083c-3a7c-420c-8aa4-15a19da37f37
2026-03-23 22:55:35|qwen|web_search_no_think|0|JSON_VERIFIED||1824|5bf97f3b-72cf-417e-a1e3-fa15261befe2
2026-03-23 22:55:35|qwen|web_search_no_think|0|QUESTION|25|1824|5bf97f3b-72cf-417e-a1e3-fa15261befe2
2026-03-23 22:55:35|qwen|web_search_no_think|0|JSON_SAVED||1824|5bf97f3b-72cf-417e-a1e3-fa15261befe2
2026-03-23 22:55:35|qwen|web_search_no_think|0|QUESTION_ADVANCE||1825|311483bc-219d-4b4f-bc02-d729cee54b03
2026-03-23 22:55:41|qwen|web_search_no_think|1|JSON_VERIFIED||1876|49d21720-9eba-442d-aad9-0612d81a0abb
2026-03-23 22:55:41|qwen|web_search_no_think|1|QUESTION|26|1876|49d21720-9eba-442d-aad9-0612d81a0abb
2026-03-23 22:55:41|qwen|web_search_no_think|1|JSON_SAVED||1876|49d21720-9eba-442d-aad9-0612d81a0abb
2026-03-23 22:55:41|qwen|web_search_no_think|1|QUESTION_ADVANCE||1877|3bd815fe-200b-4037-ad47-e033ca5c4a5d
2026-03-23 22:55:59|qwen|web_search_no_think|3|QUESTION_SENT||1971|afe0083c-3a7c-420c-8aa4-15a19da37f37
2026-03-23 22:56:01|qwen|web_search_no_think|0|QUESTION_SENT||1825|311483bc-219d-4b4f-bc02-d729cee54b03
2026-03-23 22:56:03|qwen|web_search_no_think|4|JSON_VERIFIED||2003|df168fab-aabb-4e01-b469-72e374497ac3
2026-03-23 22:56:03|qwen|web_search_no_think|4|QUESTION|4|2003|df168fab-aabb-4e01-b469-72e374497ac3
2026-03-23 22:56:03|qwen|web_search_no_think|4|JSON_SAVED||2003|df168fab-aabb-4e01-b469-72e374497ac3
2026-03-23 22:56:03|qwen|web_search_no_think|4|QUESTION_ADVANCE||2004|27690fc5-bf7b-40af-a478-1f60c3241a11
2026-03-23 22:56:07|qwen|web_search_no_think|1|QUESTION_SENT||1877|3bd815fe-200b-4037-ad47-e033ca5c4a5d
2026-03-23 22:56:30|qwen|web_search_no_think|2|JSON_VERIFIED||1924|86bc5212-ca07-41f6-b9db-b6e72a71cb4b
2026-03-23 22:56:30|qwen|web_search_no_think|2|QUESTION|25|1924|86bc5212-ca07-41f6-b9db-b6e72a71cb4b
2026-03-23 22:56:30|qwen|web_search_no_think|2|JSON_SAVED||1924|86bc5212-ca07-41f6-b9db-b6e72a71cb4b
2026-03-23 22:56:31|qwen|web_search_no_think|2|QUESTION_ADVANCE||1925|9eb32f9d-4c2b-4d9f-9875-f1679bf94dbc
2026-03-23 22:56:32|qwen|web_search_no_think|4|QUESTION_SENT||2004|27690fc5-bf7b-40af-a478-1f60c3241a11
2026-03-23 22:56:56|qwen|web_search_no_think|0|JSON_VERIFY_FAILED||1825|311483bc-219d-4b4f-bc02-d729cee54b03
2026-03-23 22:56:56|qwen|web_search_no_think|0|QUESTION|26|1825|311483bc-219d-4b4f-bc02-d729cee54b03
2026-03-23 22:56:57|qwen|web_search_no_think|2|QUESTION_SENT||1925|9eb32f9d-4c2b-4d9f-9875-f1679bf94dbc
2026-03-23 22:57:02|qwen|web_search_no_think|3|JSON_VERIFIED||1971|afe0083c-3a7c-420c-8aa4-15a19da37f37
2026-03-23 22:57:02|qwen|web_search_no_think|3|QUESTION|23|1971|afe0083c-3a7c-420c-8aa4-15a19da37f37
2026-03-23 22:57:02|qwen|web_search_no_think|3|JSON_SAVED||1971|afe0083c-3a7c-420c-8aa4-15a19da37f37
2026-03-23 22:57:02|qwen|web_search_no_think|3|QUESTION_ADVANCE||1972|d54b0c68-e23e-40df-a33a-65b8969fd907
2026-03-23 22:57:09|qwen|web_search_no_think|1|JSON_VERIFIED||1877|3bd815fe-200b-4037-ad47-e033ca5c4a5d
2026-03-23 22:57:09|qwen|web_search_no_think|1|QUESTION|27|1877|3bd815fe-200b-4037-ad47-e033ca5c4a5d
2026-03-23 22:57:09|qwen|web_search_no_think|1|JSON_SAVED||1877|3bd815fe-200b-4037-ad47-e033ca5c4a5d
2026-03-23 22:57:09|qwen|web_search_no_think|1|QUESTION_ADVANCE||1878|98e2ef60-aaf9-4866-8349-0f87ae5d0ec5
2026-03-23 22:57:14|qwen|web_search_no_think|5|JSON_VERIFIED||2074|a443b570-c74a-487d-ae29-18cd060ad9fd
2026-03-23 22:57:14|qwen|web_search_no_think|5|QUESTION|27|2074|a443b570-c74a-487d-ae29-18cd060ad9fd
2026-03-23 22:57:14|qwen|web_search_no_think|5|JSON_SAVED||2074|a443b570-c74a-487d-ae29-18cd060ad9fd
2026-03-23 22:57:14|qwen|web_search_no_think|5|QUESTION_ADVANCE||2075|4bff0875-9bd1-4438-88b8-0480bada4787
2026-03-23 22:57:22|qwen|web_search_no_think|0|QUESTION_SENT||1825|311483bc-219d-4b4f-bc02-d729cee54b03
2026-03-23 22:57:28|qwen|web_search_no_think|3|QUESTION_SENT||1972|d54b0c68-e23e-40df-a33a-65b8969fd907
2026-03-23 22:57:35|qwen|web_search_no_think|1|QUESTION_SENT||1878|98e2ef60-aaf9-4866-8349-0f87ae5d0ec5
2026-03-23 22:57:40|qwen|web_search_no_think|5|QUESTION_SENT||2075|4bff0875-9bd1-4438-88b8-0480bada4787
2026-03-23 22:58:01|qwen|web_search_no_think|2|JSON_VERIFIED||1925|9eb32f9d-4c2b-4d9f-9875-f1679bf94dbc
2026-03-23 22:58:01|qwen|web_search_no_think|2|QUESTION|26|1925|9eb32f9d-4c2b-4d9f-9875-f1679bf94dbc
2026-03-23 22:58:01|qwen|web_search_no_think|2|JSON_SAVED||1925|9eb32f9d-4c2b-4d9f-9875-f1679bf94dbc
2026-03-23 22:58:01|qwen|web_search_no_think|2|QUESTION_ADVANCE||1926|55f97af8-cb6b-4b28-b6cf-0b8e521e078b
2026-03-23 22:58:11|qwen|web_search_no_think|4|QUESTION_SENT||2004|27690fc5-bf7b-40af-a478-1f60c3241a11
2026-03-23 22:58:12|qwen|web_search_no_think|0|JSON_VERIFY_FAILED||1825|311483bc-219d-4b4f-bc02-d729cee54b03
2026-03-23 22:58:12|qwen|web_search_no_think|0|QUESTION|27|1825|311483bc-219d-4b4f-bc02-d729cee54b03
2026-03-23 22:58:28|qwen|web_search_no_think|2|QUESTION_SENT||1926|55f97af8-cb6b-4b28-b6cf-0b8e521e078b
2026-03-23 22:58:39|qwen|web_search_no_think|0|QUESTION_SENT||1825|311483bc-219d-4b4f-bc02-d729cee54b03
2026-03-23 22:58:40|qwen|web_search_no_think|3|JSON_VERIFIED||1972|d54b0c68-e23e-40df-a33a-65b8969fd907
2026-03-23 22:58:40|qwen|web_search_no_think|3|QUESTION|24|1972|d54b0c68-e23e-40df-a33a-65b8969fd907
2026-03-23 22:58:40|qwen|web_search_no_think|3|JSON_SAVED||1972|d54b0c68-e23e-40df-a33a-65b8969fd907
2026-03-23 22:58:40|qwen|web_search_no_think|3|QUESTION_ADVANCE||1973|1c7d2626-7f43-441d-91b7-ddeb2a73e4e2
2026-03-23 22:58:48|qwen|web_search_no_think|5|JSON_VERIFIED||2075|4bff0875-9bd1-4438-88b8-0480bada4787
2026-03-23 22:58:48|qwen|web_search_no_think|5|QUESTION|28|2075|4bff0875-9bd1-4438-88b8-0480bada4787
2026-03-23 22:58:48|qwen|web_search_no_think|5|JSON_SAVED||2075|4bff0875-9bd1-4438-88b8-0480bada4787
2026-03-23 22:58:48|qwen|web_search_no_think|5|QUESTION_ADVANCE||2076|c75e11a6-46eb-4d5c-a1fe-4fd43ae5f381
2026-03-23 22:59:01|qwen|web_search_no_think|1|JSON_VERIFIED||1878|98e2ef60-aaf9-4866-8349-0f87ae5d0ec5
2026-03-23 22:59:01|qwen|web_search_no_think|1|QUESTION|28|1878|98e2ef60-aaf9-4866-8349-0f87ae5d0ec5
2026-03-23 22:59:01|qwen|web_search_no_think|1|JSON_SAVED||1878|98e2ef60-aaf9-4866-8349-0f87ae5d0ec5
2026-03-23 22:59:01|qwen|web_search_no_think|1|QUESTION_ADVANCE||1879|4d875701-982b-47b4-b8f9-d0d897afc86d
2026-03-23 22:59:06|qwen|web_search_no_think|3|QUESTION_SENT||1973|1c7d2626-7f43-441d-91b7-ddeb2a73e4e2
2026-03-23 22:59:14|qwen|web_search_no_think|5|QUESTION_SENT||2076|c75e11a6-46eb-4d5c-a1fe-4fd43ae5f381
2026-03-23 22:59:21|qwen|web_search_no_think|4|JSON_VERIFIED||2004|27690fc5-bf7b-40af-a478-1f60c3241a11
2026-03-23 22:59:21|qwen|web_search_no_think|4|QUESTION|5|2004|27690fc5-bf7b-40af-a478-1f60c3241a11
2026-03-23 22:59:21|qwen|web_search_no_think|4|JSON_SAVED||2004|27690fc5-bf7b-40af-a478-1f60c3241a11
2026-03-23 22:59:21|qwen|web_search_no_think|4|QUESTION_ADVANCE||2005|689ad2f0-b500-40dc-8e67-ea2221760adb
2026-03-23 22:59:27|qwen|web_search_no_think|1|QUESTION_SENT||1879|4d875701-982b-47b4-b8f9-d0d897afc86d
2026-03-23 22:59:33|qwen|web_search_no_think|0|JSON_VERIFY_FAILED||1825|311483bc-219d-4b4f-bc02-d729cee54b03
2026-03-23 22:59:33|qwen|web_search_no_think|0|QUESTION|28|1825|311483bc-219d-4b4f-bc02-d729cee54b03
2026-03-23 22:59:38|qwen|web_search_no_think|2|JSON_VERIFIED||1926|55f97af8-cb6b-4b28-b6cf-0b8e521e078b
2026-03-23 22:59:38|qwen|web_search_no_think|2|QUESTION|27|1926|55f97af8-cb6b-4b28-b6cf-0b8e521e078b
2026-03-23 22:59:38|qwen|web_search_no_think|2|JSON_SAVED||1926|55f97af8-cb6b-4b28-b6cf-0b8e521e078b
2026-03-23 22:59:38|qwen|web_search_no_think|2|QUESTION_ADVANCE||1927|2af71d9d-1867-4e8b-8997-82f9cb42e045
2026-03-23 22:59:52|qwen|web_search_no_think|4|QUESTION_SENT||2005|689ad2f0-b500-40dc-8e67-ea2221760adb
2026-03-23 22:59:59|qwen|web_search_no_think|0|QUESTION_SENT||1825|311483bc-219d-4b4f-bc02-d729cee54b03
2026-03-23 23:00:04|qwen|web_search_no_think|2|QUESTION_SENT||1927|2af71d9d-1867-4e8b-8997-82f9cb42e045
2026-03-23 23:00:11|qwen|web_search_no_think|3|JSON_VERIFIED||1973|1c7d2626-7f43-441d-91b7-ddeb2a73e4e2
2026-03-23 23:00:11|qwen|web_search_no_think|3|QUESTION|25|1973|1c7d2626-7f43-441d-91b7-ddeb2a73e4e2
2026-03-23 23:00:11|qwen|web_search_no_think|3|JSON_SAVED||1973|1c7d2626-7f43-441d-91b7-ddeb2a73e4e2
2026-03-23 23:00:11|qwen|web_search_no_think|3|QUESTION_ADVANCE||1974|2cfdb387-4bb7-463c-b66d-68a5be7b420c
2026-03-23 23:00:24|qwen|web_search_no_think|5|JSON_VERIFIED||2076|c75e11a6-46eb-4d5c-a1fe-4fd43ae5f381
2026-03-23 23:00:24|qwen|web_search_no_think|5|QUESTION|29|2076|c75e11a6-46eb-4d5c-a1fe-4fd43ae5f381
2026-03-23 23:00:24|qwen|web_search_no_think|5|JSON_SAVED||2076|c75e11a6-46eb-4d5c-a1fe-4fd43ae5f381
2026-03-23 23:00:24|qwen|web_search_no_think|5|QUESTION_ADVANCE||2077|268cdf09-3477-40a1-bb54-768754b3e293
2026-03-23 23:00:29|qwen|web_search_no_think|1|JSON_VERIFIED||1879|4d875701-982b-47b4-b8f9-d0d897afc86d
2026-03-23 23:00:29|qwen|web_search_no_think|1|QUESTION|29|1879|4d875701-982b-47b4-b8f9-d0d897afc86d
2026-03-23 23:00:29|qwen|web_search_no_think|1|JSON_SAVED||1879|4d875701-982b-47b4-b8f9-d0d897afc86d
2026-03-23 23:00:29|qwen|web_search_no_think|1|QUESTION_ADVANCE||1880|cd3a0f9d-b70e-4970-aa8b-2f984656a557
2026-03-23 23:00:37|qwen|web_search_no_think|3|QUESTION_SENT||1974|2cfdb387-4bb7-463c-b66d-68a5be7b420c
2026-03-23 23:00:50|qwen|web_search_no_think|5|QUESTION_SENT||2077|268cdf09-3477-40a1-bb54-768754b3e293
2026-03-23 23:00:55|qwen|web_search_no_think|1|QUESTION_SENT||1880|cd3a0f9d-b70e-4970-aa8b-2f984656a557
2026-03-23 23:01:04|qwen|web_search_no_think|2|JSON_VERIFIED||1927|2af71d9d-1867-4e8b-8997-82f9cb42e045
2026-03-23 23:01:04|qwen|web_search_no_think|2|QUESTION|28|1927|2af71d9d-1867-4e8b-8997-82f9cb42e045
2026-03-23 23:01:04|qwen|web_search_no_think|2|JSON_SAVED||1927|2af71d9d-1867-4e8b-8997-82f9cb42e045
2026-03-23 23:01:04|qwen|web_search_no_think|2|QUESTION_ADVANCE||1928|eac8c620-3ee5-4826-8bde-cc1b9c18e2f0
2026-03-23 23:01:05|qwen|web_search_no_think|4|JSON_VERIFIED||2005|689ad2f0-b500-40dc-8e67-ea2221760adb
2026-03-23 23:01:05|qwen|web_search_no_think|4|QUESTION|6|2005|689ad2f0-b500-40dc-8e67-ea2221760adb
2026-03-23 23:01:05|qwen|web_search_no_think|4|JSON_SAVED||2005|689ad2f0-b500-40dc-8e67-ea2221760adb
2026-03-23 23:01:05|qwen|web_search_no_think|4|QUESTION_ADVANCE||2006|c610dcc9-bcf6-484b-876f-6d60c63905ef
2026-03-23 23:01:30|qwen|web_search_no_think|2|QUESTION_SENT||1928|eac8c620-3ee5-4826-8bde-cc1b9c18e2f0
2026-03-23 23:01:34|qwen|web_search_no_think|4|QUESTION_SENT||2006|c610dcc9-bcf6-484b-876f-6d60c63905ef
2026-03-23 23:01:40|qwen|web_search_no_think|3|JSON_VERIFIED||1974|2cfdb387-4bb7-463c-b66d-68a5be7b420c
2026-03-23 23:01:40|qwen|web_search_no_think|3|QUESTION|26|1974|2cfdb387-4bb7-463c-b66d-68a5be7b420c
2026-03-23 23:01:40|qwen|web_search_no_think|3|JSON_SAVED||1974|2cfdb387-4bb7-463c-b66d-68a5be7b420c
2026-03-23 23:01:40|qwen|web_search_no_think|3|QUESTION_ADVANCE||1975|bcf6eb80-5e67-4840-92a1-43dbfb466348
2026-03-23 23:01:48|qwen|web_search_no_think|0|JSON_VERIFIED||1825|311483bc-219d-4b4f-bc02-d729cee54b03
2026-03-23 23:01:48|qwen|web_search_no_think|0|QUESTION|29|1825|311483bc-219d-4b4f-bc02-d729cee54b03
2026-03-23 23:01:48|qwen|web_search_no_think|0|JSON_SAVED||1825|311483bc-219d-4b4f-bc02-d729cee54b03
2026-03-23 23:01:48|qwen|web_search_no_think|0|QUESTION_ADVANCE||1826|6d4a027c-c63b-493f-a004-b8687ebcb5b6
2026-03-23 23:02:05|qwen|web_search_no_think|1|JSON_VERIFIED||1880|cd3a0f9d-b70e-4970-aa8b-2f984656a557
2026-03-23 23:02:05|qwen|web_search_no_think|1|QUESTION|30|1880|cd3a0f9d-b70e-4970-aa8b-2f984656a557
2026-03-23 23:02:05|qwen|web_search_no_think|1|JSON_SAVED||1880|cd3a0f9d-b70e-4970-aa8b-2f984656a557
2026-03-23 23:02:05|qwen|web_search_no_think|1|QUESTION_ADVANCE||1881|4c03d076-b979-47cf-b710-dc8d383d2792
2026-03-23 23:02:06|qwen|web_search_no_think|5|JSON_VERIFIED||2077|268cdf09-3477-40a1-bb54-768754b3e293
2026-03-23 23:02:06|qwen|web_search_no_think|5|QUESTION|30|2077|268cdf09-3477-40a1-bb54-768754b3e293
2026-03-23 23:02:06|qwen|web_search_no_think|5|JSON_SAVED||2077|268cdf09-3477-40a1-bb54-768754b3e293
2026-03-23 23:02:06|qwen|web_search_no_think|5|QUESTION_ADVANCE||2078|53705bfd-2274-49a1-b8f4-88bb98f5d82d
2026-03-23 23:02:06|qwen|web_search_no_think|3|QUESTION_SENT||1975|bcf6eb80-5e67-4840-92a1-43dbfb466348
2026-03-23 23:02:14|qwen|web_search_no_think|0|QUESTION_SENT||1826|6d4a027c-c63b-493f-a004-b8687ebcb5b6
2026-03-23 23:02:31|qwen|web_search_no_think|1|QUESTION_SENT||1881|4c03d076-b979-47cf-b710-dc8d383d2792
2026-03-23 23:02:33|qwen|web_search_no_think|5|QUESTION_SENT||2078|53705bfd-2274-49a1-b8f4-88bb98f5d82d
2026-03-23 23:03:00|qwen|web_search_no_think|4|JSON_VERIFIED||2006|c610dcc9-bcf6-484b-876f-6d60c63905ef
2026-03-23 23:03:00|qwen|web_search_no_think|4|QUESTION|7|2006|c610dcc9-bcf6-484b-876f-6d60c63905ef
2026-03-23 23:03:00|qwen|web_search_no_think|4|JSON_SAVED||2006|c610dcc9-bcf6-484b-876f-6d60c63905ef
2026-03-23 23:03:00|qwen|web_search_no_think|4|QUESTION_ADVANCE||2007|177cd5f8-ced2-44eb-8dea-71373fc67a26
2026-03-23 23:03:09|qwen|web_search_no_think|2|JSON_VERIFIED||1928|eac8c620-3ee5-4826-8bde-cc1b9c18e2f0
2026-03-23 23:03:09|qwen|web_search_no_think|2|QUESTION|29|1928|eac8c620-3ee5-4826-8bde-cc1b9c18e2f0
2026-03-23 23:03:09|qwen|web_search_no_think|2|JSON_SAVED||1928|eac8c620-3ee5-4826-8bde-cc1b9c18e2f0
2026-03-23 23:03:09|qwen|web_search_no_think|2|QUESTION_ADVANCE||1929|bf4c394b-8d36-48b2-a871-7e9ebcf596a4
2026-03-23 23:03:19|qwen|web_search_no_think|3|JSON_VERIFIED||1975|bcf6eb80-5e67-4840-92a1-43dbfb466348
2026-03-23 23:03:19|qwen|web_search_no_think|3|QUESTION|27|1975|bcf6eb80-5e67-4840-92a1-43dbfb466348
2026-03-23 23:03:19|qwen|web_search_no_think|3|JSON_SAVED||1975|bcf6eb80-5e67-4840-92a1-43dbfb466348
2026-03-23 23:03:19|qwen|web_search_no_think|3|QUESTION_ADVANCE||1976|fe3ad15a-7545-4ba4-8bd2-cbce08c812d1
2026-03-23 23:03:26|qwen|web_search_no_think|4|QUESTION_SENT||2007|177cd5f8-ced2-44eb-8dea-71373fc67a26
2026-03-23 23:03:31|qwen|web_search_no_think|0|JSON_VERIFIED||1826|6d4a027c-c63b-493f-a004-b8687ebcb5b6
2026-03-23 23:03:31|qwen|web_search_no_think|0|QUESTION|30|1826|6d4a027c-c63b-493f-a004-b8687ebcb5b6
2026-03-23 23:03:31|qwen|web_search_no_think|0|JSON_SAVED||1826|6d4a027c-c63b-493f-a004-b8687ebcb5b6
2026-03-23 23:03:31|qwen|web_search_no_think|0|QUESTION_ADVANCE||1827|ffc2ad05-fd3d-4a5f-ac9d-38cbf97f5d9a
2026-03-23 23:03:32|qwen|web_search_no_think|1|JSON_VERIFIED||1881|4c03d076-b979-47cf-b710-dc8d383d2792
2026-03-23 23:03:32|qwen|web_search_no_think|1|QUESTION|31|1881|4c03d076-b979-47cf-b710-dc8d383d2792
2026-03-23 23:03:32|qwen|web_search_no_think|1|JSON_SAVED||1881|4c03d076-b979-47cf-b710-dc8d383d2792
2026-03-23 23:03:32|qwen|web_search_no_think|1|QUESTION_ADVANCE||1882|f0b15110-bf27-44c2-9e16-ceb04010bcc0
2026-03-23 23:03:35|qwen|web_search_no_think|2|QUESTION_SENT||1929|bf4c394b-8d36-48b2-a871-7e9ebcf596a4
2026-03-23 23:03:45|qwen|web_search_no_think|3|QUESTION_SENT||1976|fe3ad15a-7545-4ba4-8bd2-cbce08c812d1
2026-03-23 23:03:58|qwen|web_search_no_think|0|QUESTION_SENT||1827|ffc2ad05-fd3d-4a5f-ac9d-38cbf97f5d9a
2026-03-23 23:03:58|qwen|web_search_no_think|1|QUESTION_SENT||1882|f0b15110-bf27-44c2-9e16-ceb04010bcc0
2026-03-23 23:04:02|qwen|web_search_no_think|5|JSON_VERIFIED||2078|53705bfd-2274-49a1-b8f4-88bb98f5d82d
2026-03-23 23:04:02|qwen|web_search_no_think|5|QUESTION|31|2078|53705bfd-2274-49a1-b8f4-88bb98f5d82d
2026-03-23 23:04:02|qwen|web_search_no_think|5|JSON_SAVED||2078|53705bfd-2274-49a1-b8f4-88bb98f5d82d
2026-03-23 23:04:02|qwen|web_search_no_think|5|QUESTION_ADVANCE||2079|4a3ced34-2936-495e-8e89-ed43b10438c3
2026-03-23 23:04:29|qwen|web_search_no_think|5|QUESTION_SENT||2079|4a3ced34-2936-495e-8e89-ed43b10438c3
2026-03-23 23:04:54|qwen|web_search_no_think|2|JSON_VERIFIED||1929|bf4c394b-8d36-48b2-a871-7e9ebcf596a4
2026-03-23 23:04:54|qwen|web_search_no_think|2|QUESTION|30|1929|bf4c394b-8d36-48b2-a871-7e9ebcf596a4
2026-03-23 23:04:54|qwen|web_search_no_think|2|JSON_SAVED||1929|bf4c394b-8d36-48b2-a871-7e9ebcf596a4
2026-03-23 23:04:54|qwen|web_search_no_think|2|QUESTION_ADVANCE||1930|299df878-4c5e-426c-80f5-4af5f770aa8f
2026-03-23 23:05:01|qwen|web_search_no_think|3|JSON_VERIFIED||1976|fe3ad15a-7545-4ba4-8bd2-cbce08c812d1
2026-03-23 23:05:01|qwen|web_search_no_think|3|QUESTION|28|1976|fe3ad15a-7545-4ba4-8bd2-cbce08c812d1
2026-03-23 23:05:01|qwen|web_search_no_think|3|JSON_SAVED||1976|fe3ad15a-7545-4ba4-8bd2-cbce08c812d1
2026-03-23 23:05:01|qwen|web_search_no_think|3|QUESTION_ADVANCE||1977|5060b4cc-61bc-41a7-b6e8-1c6c5fdfb41c
2026-03-23 23:05:16|qwen|web_search_no_think|1|JSON_VERIFIED||1882|f0b15110-bf27-44c2-9e16-ceb04010bcc0
2026-03-23 23:05:16|qwen|web_search_no_think|1|QUESTION|32|1882|f0b15110-bf27-44c2-9e16-ceb04010bcc0
2026-03-23 23:05:16|qwen|web_search_no_think|1|JSON_SAVED||1882|f0b15110-bf27-44c2-9e16-ceb04010bcc0
2026-03-23 23:05:16|qwen|web_search_no_think|1|QUESTION_ADVANCE||1883|b8af02e0-3ac4-4037-b61a-84edfec86abc
2026-03-23 23:05:20|qwen|web_search_no_think|2|QUESTION_SENT||1930|299df878-4c5e-426c-80f5-4af5f770aa8f
2026-03-23 23:05:27|qwen|web_search_no_think|3|QUESTION_SENT||1977|5060b4cc-61bc-41a7-b6e8-1c6c5fdfb41c
2026-03-23 23:05:43|qwen|web_search_no_think|1|QUESTION_SENT||1883|b8af02e0-3ac4-4037-b61a-84edfec86abc
2026-03-23 23:05:48|qwen|web_search_no_think|4|QUESTION_SENT||2007|177cd5f8-ced2-44eb-8dea-71373fc67a26
2026-03-23 23:06:00|qwen|web_search_no_think|5|JSON_VERIFIED||2079|4a3ced34-2936-495e-8e89-ed43b10438c3
2026-03-23 23:06:00|qwen|web_search_no_think|5|QUESTION|32|2079|4a3ced34-2936-495e-8e89-ed43b10438c3
2026-03-23 23:06:00|qwen|web_search_no_think|5|JSON_SAVED||2079|4a3ced34-2936-495e-8e89-ed43b10438c3
2026-03-23 23:06:00|qwen|web_search_no_think|5|QUESTION_ADVANCE||2080|8b1fa84b-dc11-434d-a78b-41c1734fd421
2026-03-23 23:06:05|qwen|web_search_no_think|0|JSON_VERIFIED||1827|ffc2ad05-fd3d-4a5f-ac9d-38cbf97f5d9a
2026-03-23 23:06:05|qwen|web_search_no_think|0|QUESTION|31|1827|ffc2ad05-fd3d-4a5f-ac9d-38cbf97f5d9a
2026-03-23 23:06:05|qwen|web_search_no_think|0|JSON_SAVED||1827|ffc2ad05-fd3d-4a5f-ac9d-38cbf97f5d9a
2026-03-23 23:06:05|qwen|web_search_no_think|0|QUESTION_ADVANCE||1828|13e306d6-50c8-4882-8c79-7c856193b051
2026-03-23 23:06:20|qwen|web_search_no_think|2|JSON_VERIFIED||1930|299df878-4c5e-426c-80f5-4af5f770aa8f
2026-03-23 23:06:20|qwen|web_search_no_think|2|QUESTION|31|1930|299df878-4c5e-426c-80f5-4af5f770aa8f
2026-03-23 23:06:20|qwen|web_search_no_think|2|JSON_SAVED||1930|299df878-4c5e-426c-80f5-4af5f770aa8f
2026-03-23 23:06:20|qwen|web_search_no_think|2|QUESTION_ADVANCE||1931|7569a5d8-af27-4f74-9c32-ec43771f638e
2026-03-23 23:06:27|qwen|web_search_no_think|5|QUESTION_SENT||2080|8b1fa84b-dc11-434d-a78b-41c1734fd421
2026-03-23 23:06:30|qwen|web_search_no_think|3|JSON_VERIFIED||1977|5060b4cc-61bc-41a7-b6e8-1c6c5fdfb41c
2026-03-23 23:06:30|qwen|web_search_no_think|3|QUESTION|29|1977|5060b4cc-61bc-41a7-b6e8-1c6c5fdfb41c
2026-03-23 23:06:30|qwen|web_search_no_think|3|JSON_SAVED||1977|5060b4cc-61bc-41a7-b6e8-1c6c5fdfb41c
2026-03-23 23:06:30|qwen|web_search_no_think|3|QUESTION_ADVANCE||1978|e714c1fe-d87f-4a4a-9d56-b6deed804ac7
2026-03-23 23:06:31|qwen|web_search_no_think|0|QUESTION_SENT||1828|13e306d6-50c8-4882-8c79-7c856193b051
2026-03-23 23:06:46|qwen|web_search_no_think|2|QUESTION_SENT||1931|7569a5d8-af27-4f74-9c32-ec43771f638e
2026-03-23 23:06:47|qwen|web_search_no_think|1|JSON_VERIFIED||1883|b8af02e0-3ac4-4037-b61a-84edfec86abc
2026-03-23 23:06:47|qwen|web_search_no_think|1|QUESTION|33|1883|b8af02e0-3ac4-4037-b61a-84edfec86abc
2026-03-23 23:06:47|qwen|web_search_no_think|1|JSON_SAVED||1883|b8af02e0-3ac4-4037-b61a-84edfec86abc
2026-03-23 23:06:47|qwen|web_search_no_think|1|QUESTION_ADVANCE||1884|6ee369e6-80f5-4f34-8b0f-43e6268babcd
2026-03-23 23:06:57|qwen|web_search_no_think|3|QUESTION_SENT||1978|e714c1fe-d87f-4a4a-9d56-b6deed804ac7
2026-03-23 23:07:14|qwen|web_search_no_think|1|QUESTION_SENT||1884|6ee369e6-80f5-4f34-8b0f-43e6268babcd
2026-03-23 23:07:15|qwen|web_search_no_think|4|JSON_VERIFIED||2007|177cd5f8-ced2-44eb-8dea-71373fc67a26
2026-03-23 23:07:15|qwen|web_search_no_think|4|QUESTION|8|2007|177cd5f8-ced2-44eb-8dea-71373fc67a26
2026-03-23 23:07:15|qwen|web_search_no_think|4|JSON_SAVED||2007|177cd5f8-ced2-44eb-8dea-71373fc67a26
2026-03-23 23:07:15|qwen|web_search_no_think|4|QUESTION_ADVANCE||2008|6dbaa432-7c6f-419a-b62d-5bf5677dea50
2026-03-23 23:07:18|qwen|web_search_no_think|2|JSON_VERIFY_FAILED||1931|7569a5d8-af27-4f74-9c32-ec43771f638e
2026-03-23 23:07:18|qwen|web_search_no_think|2|QUESTION|32|1931|7569a5d8-af27-4f74-9c32-ec43771f638e
2026-03-23 23:07:41|qwen|web_search_no_think|5|JSON_VERIFIED||2080|8b1fa84b-dc11-434d-a78b-41c1734fd421
2026-03-23 23:07:41|qwen|web_search_no_think|5|QUESTION|33|2080|8b1fa84b-dc11-434d-a78b-41c1734fd421
2026-03-23 23:07:41|qwen|web_search_no_think|5|JSON_SAVED||2080|8b1fa84b-dc11-434d-a78b-41c1734fd421
2026-03-23 23:07:41|qwen|web_search_no_think|5|QUESTION_ADVANCE||2081|e08e0a84-06ab-4f16-a315-69fff4f2770f
2026-03-23 23:07:44|qwen|web_search_no_think|0|JSON_VERIFIED||1828|13e306d6-50c8-4882-8c79-7c856193b051
2026-03-23 23:07:44|qwen|web_search_no_think|0|QUESTION|32|1828|13e306d6-50c8-4882-8c79-7c856193b051
2026-03-23 23:07:44|qwen|web_search_no_think|0|JSON_SAVED||1828|13e306d6-50c8-4882-8c79-7c856193b051
2026-03-23 23:07:44|qwen|web_search_no_think|0|QUESTION_ADVANCE||1829|92a5af05-1a40-4fda-a237-ace2a16b4469
2026-03-23 23:07:44|qwen|web_search_no_think|4|QUESTION_SENT||2008|6dbaa432-7c6f-419a-b62d-5bf5677dea50
2026-03-23 23:07:44|qwen|web_search_no_think|2|QUESTION_SENT||1931|7569a5d8-af27-4f74-9c32-ec43771f638e
2026-03-23 23:08:07|qwen|web_search_no_think|5|QUESTION_SENT||2081|e08e0a84-06ab-4f16-a315-69fff4f2770f
2026-03-23 23:08:10|qwen|web_search_no_think|0|QUESTION_SENT||1829|92a5af05-1a40-4fda-a237-ace2a16b4469
2026-03-23 23:08:26|qwen|web_search_no_think|1|JSON_VERIFIED||1884|6ee369e6-80f5-4f34-8b0f-43e6268babcd
2026-03-23 23:08:26|qwen|web_search_no_think|1|QUESTION|34|1884|6ee369e6-80f5-4f34-8b0f-43e6268babcd
2026-03-23 23:08:26|qwen|web_search_no_think|1|JSON_SAVED||1884|6ee369e6-80f5-4f34-8b0f-43e6268babcd
2026-03-23 23:08:26|qwen|web_search_no_think|1|QUESTION_ADVANCE||1885|cfa098e8-0bd7-4e4f-be67-9080aa1db621
2026-03-23 23:08:29|qwen|web_search_no_think|3|JSON_VERIFIED||1978|e714c1fe-d87f-4a4a-9d56-b6deed804ac7
2026-03-23 23:08:29|qwen|web_search_no_think|3|QUESTION|30|1978|e714c1fe-d87f-4a4a-9d56-b6deed804ac7
2026-03-23 23:08:29|qwen|web_search_no_think|3|JSON_SAVED||1978|e714c1fe-d87f-4a4a-9d56-b6deed804ac7
2026-03-23 23:08:29|qwen|web_search_no_think|3|QUESTION_ADVANCE||1979|31b226d3-6b9a-427a-bd74-0f834f9d151c
2026-03-23 23:08:40|qwen|web_search_no_think|2|JSON_VERIFIED||1931|7569a5d8-af27-4f74-9c32-ec43771f638e
2026-03-23 23:08:40|qwen|web_search_no_think|2|QUESTION|33|1931|7569a5d8-af27-4f74-9c32-ec43771f638e
2026-03-23 23:08:40|qwen|web_search_no_think|2|JSON_SAVED||1931|7569a5d8-af27-4f74-9c32-ec43771f638e
2026-03-23 23:08:40|qwen|web_search_no_think|2|QUESTION_ADVANCE||1932|b1f4e906-b1b8-481a-9036-fc36caae8205
2026-03-23 23:08:53|qwen|web_search_no_think|1|QUESTION_SENT||1885|cfa098e8-0bd7-4e4f-be67-9080aa1db621
2026-03-23 23:08:56|qwen|web_search_no_think|3|QUESTION_SENT||1979|31b226d3-6b9a-427a-bd74-0f834f9d151c
2026-03-23 23:09:07|qwen|web_search_no_think|2|QUESTION_SENT||1932|b1f4e906-b1b8-481a-9036-fc36caae8205
2026-03-23 23:09:15|qwen|web_search_no_think|4|JSON_VERIFIED||2008|6dbaa432-7c6f-419a-b62d-5bf5677dea50
2026-03-23 23:09:15|qwen|web_search_no_think|4|QUESTION|9|2008|6dbaa432-7c6f-419a-b62d-5bf5677dea50
2026-03-23 23:09:15|qwen|web_search_no_think|4|JSON_SAVED||2008|6dbaa432-7c6f-419a-b62d-5bf5677dea50
2026-03-23 23:09:15|qwen|web_search_no_think|4|QUESTION_ADVANCE||2009|ff9bd1e5-6f26-4414-9362-a4b23d9509b0
2026-03-23 23:09:26|qwen|web_search_no_think|0|JSON_VERIFIED||1829|92a5af05-1a40-4fda-a237-ace2a16b4469
2026-03-23 23:09:26|qwen|web_search_no_think|0|QUESTION|33|1829|92a5af05-1a40-4fda-a237-ace2a16b4469
2026-03-23 23:09:26|qwen|web_search_no_think|0|JSON_SAVED||1829|92a5af05-1a40-4fda-a237-ace2a16b4469
2026-03-23 23:09:26|qwen|web_search_no_think|0|QUESTION_ADVANCE||1830|541711a1-0878-44b8-b68a-84b929a695bd
2026-03-23 23:09:42|qwen|web_search_no_think|4|QUESTION_SENT||2009|ff9bd1e5-6f26-4414-9362-a4b23d9509b0
2026-03-23 23:09:52|qwen|web_search_no_think|0|QUESTION_SENT||1830|541711a1-0878-44b8-b68a-84b929a695bd
2026-03-23 23:09:56|qwen|web_search_no_think|5|JSON_VERIFIED||2081|e08e0a84-06ab-4f16-a315-69fff4f2770f
2026-03-23 23:09:56|qwen|web_search_no_think|5|QUESTION|34|2081|e08e0a84-06ab-4f16-a315-69fff4f2770f
2026-03-23 23:09:56|qwen|web_search_no_think|5|JSON_SAVED||2081|e08e0a84-06ab-4f16-a315-69fff4f2770f
2026-03-23 23:09:56|qwen|web_search_no_think|5|QUESTION_ADVANCE||2082|4e5020e8-f097-4b70-88aa-cefd3fac43d8
2026-03-23 23:10:03|qwen|web_search_no_think|3|JSON_VERIFIED||1979|31b226d3-6b9a-427a-bd74-0f834f9d151c
2026-03-23 23:10:03|qwen|web_search_no_think|3|QUESTION|31|1979|31b226d3-6b9a-427a-bd74-0f834f9d151c
2026-03-23 23:10:03|qwen|web_search_no_think|3|JSON_SAVED||1979|31b226d3-6b9a-427a-bd74-0f834f9d151c
2026-03-23 23:10:03|qwen|web_search_no_think|3|QUESTION_ADVANCE||1980|ab8ca922-1d38-4214-9f41-44e89a2f9039
2026-03-23 23:10:19|qwen|web_search_no_think|2|JSON_VERIFIED||1932|b1f4e906-b1b8-481a-9036-fc36caae8205
2026-03-23 23:10:19|qwen|web_search_no_think|2|QUESTION|34|1932|b1f4e906-b1b8-481a-9036-fc36caae8205
2026-03-23 23:10:19|qwen|web_search_no_think|2|JSON_SAVED||1932|b1f4e906-b1b8-481a-9036-fc36caae8205
2026-03-23 23:10:19|qwen|web_search_no_think|2|QUESTION_ADVANCE||1933|105d8dac-7580-4127-a975-2b8993c88b57
2026-03-23 23:10:22|qwen|web_search_no_think|5|QUESTION_SENT||2082|4e5020e8-f097-4b70-88aa-cefd3fac43d8
2026-03-23 23:10:29|qwen|web_search_no_think|3|QUESTION_SENT||1980|ab8ca922-1d38-4214-9f41-44e89a2f9039
2026-03-23 23:10:46|qwen|web_search_no_think|2|QUESTION_SENT||1933|105d8dac-7580-4127-a975-2b8993c88b57
2026-03-23 23:10:59|qwen|web_search_no_think|0|JSON_VERIFIED||1830|541711a1-0878-44b8-b68a-84b929a695bd
2026-03-23 23:10:59|qwen|web_search_no_think|0|QUESTION|34|1830|541711a1-0878-44b8-b68a-84b929a695bd
2026-03-23 23:10:59|qwen|web_search_no_think|0|JSON_SAVED||1830|541711a1-0878-44b8-b68a-84b929a695bd
2026-03-23 23:10:59|qwen|web_search_no_think|0|QUESTION_ADVANCE||1831|a2ae8432-d82b-442c-bea3-a4e3254bda5e
2026-03-23 23:11:08|qwen|web_search_no_think|1|JSON_VERIFIED||1885|cfa098e8-0bd7-4e4f-be67-9080aa1db621
2026-03-23 23:11:08|qwen|web_search_no_think|1|QUESTION|35|1885|cfa098e8-0bd7-4e4f-be67-9080aa1db621
2026-03-23 23:11:08|qwen|web_search_no_think|1|JSON_SAVED||1885|cfa098e8-0bd7-4e4f-be67-9080aa1db621
2026-03-23 23:11:08|qwen|web_search_no_think|1|QUESTION_ADVANCE||1886|200becf8-0d26-43a2-96dd-eba1eab01afa
2026-03-23 23:11:14|qwen|web_search_no_think|4|JSON_VERIFIED||2009|ff9bd1e5-6f26-4414-9362-a4b23d9509b0
2026-03-23 23:11:14|qwen|web_search_no_think|4|QUESTION|10|2009|ff9bd1e5-6f26-4414-9362-a4b23d9509b0
2026-03-23 23:11:14|qwen|web_search_no_think|4|JSON_SAVED||2009|ff9bd1e5-6f26-4414-9362-a4b23d9509b0
2026-03-23 23:11:14|qwen|web_search_no_think|4|QUESTION_ADVANCE||2010|f41a8383-ca58-4360-8bfd-6f6c8216629a
2026-03-23 23:11:24|qwen|web_search_no_think|3|JSON_VERIFIED||1980|ab8ca922-1d38-4214-9f41-44e89a2f9039
2026-03-23 23:11:24|qwen|web_search_no_think|3|QUESTION|32|1980|ab8ca922-1d38-4214-9f41-44e89a2f9039
2026-03-23 23:11:24|qwen|web_search_no_think|3|JSON_SAVED||1980|ab8ca922-1d38-4214-9f41-44e89a2f9039
2026-03-23 23:11:24|qwen|web_search_no_think|3|QUESTION_ADVANCE||1981|3ededcb0-3146-41c6-a6bb-3ac4893c581b
2026-03-23 23:11:26|qwen|web_search_no_think|0|QUESTION_SENT||1831|a2ae8432-d82b-442c-bea3-a4e3254bda5e
2026-03-23 23:11:29|qwen|web_search_no_think|5|JSON_VERIFIED||2082|4e5020e8-f097-4b70-88aa-cefd3fac43d8
2026-03-23 23:11:29|qwen|web_search_no_think|5|QUESTION|35|2082|4e5020e8-f097-4b70-88aa-cefd3fac43d8
2026-03-23 23:11:29|qwen|web_search_no_think|5|JSON_SAVED||2082|4e5020e8-f097-4b70-88aa-cefd3fac43d8
2026-03-23 23:11:29|qwen|web_search_no_think|5|QUESTION_ADVANCE||2083|34258853-93b5-4749-b1f9-171dc55db00c
2026-03-23 23:11:35|qwen|web_search_no_think|1|QUESTION_SENT||1886|200becf8-0d26-43a2-96dd-eba1eab01afa
2026-03-23 23:11:43|qwen|web_search_no_think|4|QUESTION_SENT||2010|f41a8383-ca58-4360-8bfd-6f6c8216629a
2026-03-23 23:11:50|qwen|web_search_no_think|3|QUESTION_SENT||1981|3ededcb0-3146-41c6-a6bb-3ac4893c581b
2026-03-23 23:11:55|qwen|web_search_no_think|5|QUESTION_SENT||2083|34258853-93b5-4749-b1f9-171dc55db00c
2026-03-23 23:12:00|qwen|web_search_no_think|2|JSON_VERIFIED||1933|105d8dac-7580-4127-a975-2b8993c88b57
2026-03-23 23:12:00|qwen|web_search_no_think|2|QUESTION|35|1933|105d8dac-7580-4127-a975-2b8993c88b57
2026-03-23 23:12:00|qwen|web_search_no_think|2|JSON_SAVED||1933|105d8dac-7580-4127-a975-2b8993c88b57
2026-03-23 23:12:00|qwen|web_search_no_think|2|QUESTION_ADVANCE||1934|9677db93-1108-4036-8886-d21d26b11ea3
2026-03-23 23:12:26|qwen|web_search_no_think|2|QUESTION_SENT||1934|9677db93-1108-4036-8886-d21d26b11ea3
2026-03-23 23:12:42|qwen|web_search_no_think|0|JSON_VERIFIED||1831|a2ae8432-d82b-442c-bea3-a4e3254bda5e
2026-03-23 23:12:42|qwen|web_search_no_think|0|QUESTION|35|1831|a2ae8432-d82b-442c-bea3-a4e3254bda5e
2026-03-23 23:12:42|qwen|web_search_no_think|0|JSON_SAVED||1831|a2ae8432-d82b-442c-bea3-a4e3254bda5e
2026-03-23 23:12:42|qwen|web_search_no_think|0|QUESTION_ADVANCE||1832|471d870e-0fd6-4264-943e-2533b1bc248f
2026-03-23 23:12:50|qwen|web_search_no_think|3|JSON_VERIFIED||1981|3ededcb0-3146-41c6-a6bb-3ac4893c581b
2026-03-23 23:12:50|qwen|web_search_no_think|3|QUESTION|33|1981|3ededcb0-3146-41c6-a6bb-3ac4893c581b
2026-03-23 23:12:50|qwen|web_search_no_think|3|JSON_SAVED||1981|3ededcb0-3146-41c6-a6bb-3ac4893c581b
2026-03-23 23:12:50|qwen|web_search_no_think|3|QUESTION_ADVANCE||1982|b119d41b-4640-452b-8164-5efcdd5e229b
2026-03-23 23:13:08|qwen|web_search_no_think|0|QUESTION_SENT||1832|471d870e-0fd6-4264-943e-2533b1bc248f
2026-03-23 23:13:10|qwen|web_search_no_think|5|JSON_VERIFIED||2083|34258853-93b5-4749-b1f9-171dc55db00c
2026-03-23 23:13:10|qwen|web_search_no_think|5|QUESTION|36|2083|34258853-93b5-4749-b1f9-171dc55db00c
2026-03-23 23:13:10|qwen|web_search_no_think|5|JSON_SAVED||2083|34258853-93b5-4749-b1f9-171dc55db00c
2026-03-23 23:13:10|qwen|web_search_no_think|5|QUESTION_ADVANCE||2084|cdee02d1-020d-4644-a5d9-ca6427e64045
2026-03-23 23:13:17|qwen|web_search_no_think|3|QUESTION_SENT||1982|b119d41b-4640-452b-8164-5efcdd5e229b
2026-03-23 23:13:22|qwen|web_search_no_think|2|JSON_VERIFIED||1934|9677db93-1108-4036-8886-d21d26b11ea3
2026-03-23 23:13:22|qwen|web_search_no_think|2|QUESTION|36|1934|9677db93-1108-4036-8886-d21d26b11ea3
2026-03-23 23:13:22|qwen|web_search_no_think|2|JSON_SAVED||1934|9677db93-1108-4036-8886-d21d26b11ea3
2026-03-23 23:13:22|qwen|web_search_no_think|2|QUESTION_ADVANCE||1935|040b77df-9a88-49d7-9d37-ba3da0d6b503
2026-03-23 23:13:26|qwen|web_search_no_think|1|JSON_VERIFIED||1886|200becf8-0d26-43a2-96dd-eba1eab01afa
2026-03-23 23:13:26|qwen|web_search_no_think|1|QUESTION|36|1886|200becf8-0d26-43a2-96dd-eba1eab01afa
2026-03-23 23:13:26|qwen|web_search_no_think|1|JSON_SAVED||1886|200becf8-0d26-43a2-96dd-eba1eab01afa
2026-03-23 23:13:26|qwen|web_search_no_think|1|QUESTION_ADVANCE||1887|61617dee-0e70-469e-a357-2d97ad624376
2026-03-23 23:13:35|qwen|web_search_no_think|0|JSON_VERIFY_FAILED||1832|471d870e-0fd6-4264-943e-2533b1bc248f
2026-03-23 23:13:35|qwen|web_search_no_think|0|QUESTION|36|1832|471d870e-0fd6-4264-943e-2533b1bc248f
2026-03-23 23:13:36|qwen|web_search_no_think|5|QUESTION_SENT||2084|cdee02d1-020d-4644-a5d9-ca6427e64045
2026-03-23 23:13:49|qwen|web_search_no_think|2|QUESTION_SENT||1935|040b77df-9a88-49d7-9d37-ba3da0d6b503
2026-03-23 23:13:50|qwen|web_search_no_think|4|JSON_VERIFIED||2010|f41a8383-ca58-4360-8bfd-6f6c8216629a
2026-03-23 23:13:50|qwen|web_search_no_think|4|QUESTION|11|2010|f41a8383-ca58-4360-8bfd-6f6c8216629a
2026-03-23 23:13:50|qwen|web_search_no_think|4|JSON_SAVED||2010|f41a8383-ca58-4360-8bfd-6f6c8216629a
2026-03-23 23:13:50|qwen|web_search_no_think|4|QUESTION_ADVANCE||2011|840143c8-4fed-43cd-b7e3-2e23138c12fd
2026-03-23 23:13:52|qwen|web_search_no_think|1|QUESTION_SENT||1887|61617dee-0e70-469e-a357-2d97ad624376
2026-03-23 23:14:02|qwen|web_search_no_think|0|QUESTION_SENT||1832|471d870e-0fd6-4264-943e-2533b1bc248f
2026-03-23 23:14:18|qwen|web_search_no_think|4|QUESTION_SENT||2011|840143c8-4fed-43cd-b7e3-2e23138c12fd
2026-03-23 23:14:40|qwen|web_search_no_think|2|JSON_VERIFY_FAILED||1935|040b77df-9a88-49d7-9d37-ba3da0d6b503
2026-03-23 23:14:40|qwen|web_search_no_think|2|QUESTION|37|1935|040b77df-9a88-49d7-9d37-ba3da0d6b503
2026-03-23 23:14:50|qwen|web_search_no_think|5|JSON_VERIFIED||2084|cdee02d1-020d-4644-a5d9-ca6427e64045
2026-03-23 23:14:50|qwen|web_search_no_think|5|QUESTION|37|2084|cdee02d1-020d-4644-a5d9-ca6427e64045
2026-03-23 23:14:50|qwen|web_search_no_think|5|JSON_SAVED||2084|cdee02d1-020d-4644-a5d9-ca6427e64045
2026-03-23 23:14:50|qwen|web_search_no_think|5|QUESTION_ADVANCE||2085|a78b1453-8da4-445d-8c2b-22133133f6fd
2026-03-23 23:14:54|qwen|web_search_no_think|3|JSON_VERIFIED||1982|b119d41b-4640-452b-8164-5efcdd5e229b
2026-03-23 23:14:54|qwen|web_search_no_think|3|QUESTION|34|1982|b119d41b-4640-452b-8164-5efcdd5e229b
2026-03-23 23:14:54|qwen|web_search_no_think|3|JSON_SAVED||1982|b119d41b-4640-452b-8164-5efcdd5e229b
2026-03-23 23:14:54|qwen|web_search_no_think|3|QUESTION_ADVANCE||1983|783b655a-8713-4c41-a24e-3dc10877d84a
2026-03-23 23:15:05|qwen|web_search_no_think|0|JSON_VERIFIED||1832|471d870e-0fd6-4264-943e-2533b1bc248f
2026-03-23 23:15:05|qwen|web_search_no_think|0|QUESTION|37|1832|471d870e-0fd6-4264-943e-2533b1bc248f
2026-03-23 23:15:05|qwen|web_search_no_think|0|JSON_SAVED||1832|471d870e-0fd6-4264-943e-2533b1bc248f
2026-03-23 23:15:05|qwen|web_search_no_think|0|QUESTION_ADVANCE||1833|ca9124a2-b171-4905-acd7-811d8f1e16ce
2026-03-23 23:15:07|qwen|web_search_no_think|2|QUESTION_SENT||1935|040b77df-9a88-49d7-9d37-ba3da0d6b503
2026-03-23 23:15:17|qwen|web_search_no_think|5|QUESTION_SENT||2085|a78b1453-8da4-445d-8c2b-22133133f6fd
2026-03-23 23:15:20|qwen|web_search_no_think|3|QUESTION_SENT||1983|783b655a-8713-4c41-a24e-3dc10877d84a
2026-03-23 23:15:31|qwen|web_search_no_think|0|QUESTION_SENT||1833|ca9124a2-b171-4905-acd7-811d8f1e16ce
2026-03-23 23:15:36|qwen|web_search_no_think|1|JSON_VERIFIED||1887|61617dee-0e70-469e-a357-2d97ad624376
2026-03-23 23:15:36|qwen|web_search_no_think|1|QUESTION|37|1887|61617dee-0e70-469e-a357-2d97ad624376
2026-03-23 23:15:36|qwen|web_search_no_think|1|JSON_SAVED||1887|61617dee-0e70-469e-a357-2d97ad624376
2026-03-23 23:15:36|qwen|web_search_no_think|1|QUESTION_ADVANCE||1888|38cb871c-a524-4529-ae53-910c4580c491
2026-03-23 23:15:56|qwen|web_search_no_think|5|JSON_VERIFY_FAILED||2085|a78b1453-8da4-445d-8c2b-22133133f6fd
2026-03-23 23:15:56|qwen|web_search_no_think|5|QUESTION|38|2085|a78b1453-8da4-445d-8c2b-22133133f6fd
2026-03-23 23:16:03|qwen|web_search_no_think|1|QUESTION_SENT||1888|38cb871c-a524-4529-ae53-910c4580c491
2026-03-23 23:16:07|qwen|web_search_no_think|2|JSON_VERIFIED||1935|040b77df-9a88-49d7-9d37-ba3da0d6b503
2026-03-23 23:16:07|qwen|web_search_no_think|2|QUESTION|38|1935|040b77df-9a88-49d7-9d37-ba3da0d6b503
2026-03-23 23:16:07|qwen|web_search_no_think|2|JSON_SAVED||1935|040b77df-9a88-49d7-9d37-ba3da0d6b503
2026-03-23 23:16:07|qwen|web_search_no_think|2|QUESTION_ADVANCE||1936|6aa400a5-559e-4eb4-ba73-271291b84415
2026-03-23 23:16:22|qwen|web_search_no_think|5|QUESTION_SENT||2085|a78b1453-8da4-445d-8c2b-22133133f6fd
2026-03-23 23:16:23|qwen|web_search_no_think|3|JSON_VERIFY_FAILED||1983|783b655a-8713-4c41-a24e-3dc10877d84a
2026-03-23 23:16:23|qwen|web_search_no_think|3|QUESTION|35|1983|783b655a-8713-4c41-a24e-3dc10877d84a
2026-03-23 23:16:33|qwen|web_search_no_think|2|QUESTION_SENT||1936|6aa400a5-559e-4eb4-ba73-271291b84415
2026-03-23 23:16:49|qwen|web_search_no_think|3|QUESTION_SENT||1983|783b655a-8713-4c41-a24e-3dc10877d84a
2026-03-23 23:17:02|qwen|web_search_no_think|0|JSON_VERIFIED||1833|ca9124a2-b171-4905-acd7-811d8f1e16ce
2026-03-23 23:17:02|qwen|web_search_no_think|0|QUESTION|38|1833|ca9124a2-b171-4905-acd7-811d8f1e16ce
2026-03-23 23:17:02|qwen|web_search_no_think|0|JSON_SAVED||1833|ca9124a2-b171-4905-acd7-811d8f1e16ce
2026-03-23 23:17:02|qwen|web_search_no_think|0|QUESTION_ADVANCE||1834|27dc5412-10a4-48c9-94ec-fba9aef713a1
2026-03-23 23:17:13|qwen|web_search_no_think|1|JSON_VERIFIED||1888|38cb871c-a524-4529-ae53-910c4580c491
2026-03-23 23:17:13|qwen|web_search_no_think|1|QUESTION|38|1888|38cb871c-a524-4529-ae53-910c4580c491
2026-03-23 23:17:13|qwen|web_search_no_think|1|JSON_SAVED||1888|38cb871c-a524-4529-ae53-910c4580c491
2026-03-23 23:17:13|qwen|web_search_no_think|1|QUESTION_ADVANCE||1889|037dbf21-824b-4b0f-aed4-37528f28469c
2026-03-23 23:17:29|qwen|web_search_no_think|0|QUESTION_SENT||1834|27dc5412-10a4-48c9-94ec-fba9aef713a1
2026-03-23 23:17:32|qwen|web_search_no_think|2|JSON_VERIFIED||1936|6aa400a5-559e-4eb4-ba73-271291b84415
2026-03-23 23:17:32|qwen|web_search_no_think|2|QUESTION|39|1936|6aa400a5-559e-4eb4-ba73-271291b84415
2026-03-23 23:17:32|qwen|web_search_no_think|2|JSON_SAVED||1936|6aa400a5-559e-4eb4-ba73-271291b84415
2026-03-23 23:17:32|qwen|web_search_no_think|2|QUESTION_ADVANCE||1937|9d942cf7-ec11-4735-8fa2-f57b950bbd9e
2026-03-23 23:17:39|qwen|web_search_no_think|1|QUESTION_SENT||1889|037dbf21-824b-4b0f-aed4-37528f28469c
2026-03-23 23:17:41|qwen|web_search_no_think|3|JSON_VERIFIED||1983|783b655a-8713-4c41-a24e-3dc10877d84a
2026-03-23 23:17:41|qwen|web_search_no_think|3|QUESTION|36|1983|783b655a-8713-4c41-a24e-3dc10877d84a
2026-03-23 23:17:41|qwen|web_search_no_think|3|JSON_SAVED||1983|783b655a-8713-4c41-a24e-3dc10877d84a
2026-03-23 23:17:41|qwen|web_search_no_think|3|QUESTION_ADVANCE||1984|a74cbd4f-0bca-46aa-a0cc-6d08c451de26
2026-03-23 23:17:43|qwen|web_search_no_think|5|JSON_VERIFIED||2085|a78b1453-8da4-445d-8c2b-22133133f6fd
2026-03-23 23:17:43|qwen|web_search_no_think|5|QUESTION|39|2085|a78b1453-8da4-445d-8c2b-22133133f6fd
2026-03-23 23:17:43|qwen|web_search_no_think|5|JSON_SAVED||2085|a78b1453-8da4-445d-8c2b-22133133f6fd
2026-03-23 23:17:43|qwen|web_search_no_think|5|QUESTION_ADVANCE||2086|7b6c71f0-4544-4905-b2b4-306e65e3799b
2026-03-23 23:17:58|qwen|web_search_no_think|2|QUESTION_SENT||1937|9d942cf7-ec11-4735-8fa2-f57b950bbd9e
2026-03-23 23:18:07|qwen|web_search_no_think|3|QUESTION_SENT||1984|a74cbd4f-0bca-46aa-a0cc-6d08c451de26
2026-03-23 23:18:08|qwen|web_search_no_think|1|JSON_VERIFY_FAILED||1889|037dbf21-824b-4b0f-aed4-37528f28469c
2026-03-23 23:18:08|qwen|web_search_no_think|1|QUESTION|39|1889|037dbf21-824b-4b0f-aed4-37528f28469c
2026-03-23 23:18:10|qwen|web_search_no_think|5|QUESTION_SENT||2086|7b6c71f0-4544-4905-b2b4-306e65e3799b
2026-03-23 23:18:34|qwen|web_search_no_think|1|QUESTION_SENT||1889|037dbf21-824b-4b0f-aed4-37528f28469c
2026-03-23 23:18:50|qwen|web_search_no_think|0|JSON_VERIFIED||1834|27dc5412-10a4-48c9-94ec-fba9aef713a1
2026-03-23 23:18:50|qwen|web_search_no_think|0|QUESTION|39|1834|27dc5412-10a4-48c9-94ec-fba9aef713a1
2026-03-23 23:18:50|qwen|web_search_no_think|0|JSON_SAVED||1834|27dc5412-10a4-48c9-94ec-fba9aef713a1
2026-03-23 23:18:50|qwen|web_search_no_think|0|QUESTION_ADVANCE||1835|f5c9e88b-9f03-4895-b3e8-5f91c1da28f4
2026-03-23 23:19:07|qwen|web_search_no_think|5|JSON_VERIFIED||2086|7b6c71f0-4544-4905-b2b4-306e65e3799b
2026-03-23 23:19:07|qwen|web_search_no_think|5|QUESTION|40|2086|7b6c71f0-4544-4905-b2b4-306e65e3799b
2026-03-23 23:19:07|qwen|web_search_no_think|5|JSON_SAVED||2086|7b6c71f0-4544-4905-b2b4-306e65e3799b
2026-03-23 23:19:07|qwen|web_search_no_think|5|QUESTION_ADVANCE||2087|93d34ef4-a737-4e4e-bcac-e2d520c5f0e3
2026-03-23 23:19:08|qwen|web_search_no_think|2|JSON_VERIFIED||1937|9d942cf7-ec11-4735-8fa2-f57b950bbd9e
2026-03-23 23:19:08|qwen|web_search_no_think|2|QUESTION|40|1937|9d942cf7-ec11-4735-8fa2-f57b950bbd9e
2026-03-23 23:19:08|qwen|web_search_no_think|2|JSON_SAVED||1937|9d942cf7-ec11-4735-8fa2-f57b950bbd9e
2026-03-23 23:19:08|qwen|web_search_no_think|2|QUESTION_ADVANCE||1938|475500c7-0c4f-4f4a-8fd5-9499c49276df
2026-03-23 23:19:16|qwen|web_search_no_think|0|QUESTION_SENT||1835|f5c9e88b-9f03-4895-b3e8-5f91c1da28f4
2026-03-23 23:19:26|qwen|web_search_no_think|3|JSON_VERIFIED||1984|a74cbd4f-0bca-46aa-a0cc-6d08c451de26
2026-03-23 23:19:26|qwen|web_search_no_think|3|QUESTION|37|1984|a74cbd4f-0bca-46aa-a0cc-6d08c451de26
2026-03-23 23:19:26|qwen|web_search_no_think|3|JSON_SAVED||1984|a74cbd4f-0bca-46aa-a0cc-6d08c451de26
2026-03-23 23:19:26|qwen|web_search_no_think|3|QUESTION_ADVANCE||1985|e0191e8e-f2be-4c38-b688-bd5ca4a199aa
2026-03-23 23:19:33|qwen|web_search_no_think|5|QUESTION_SENT||2087|93d34ef4-a737-4e4e-bcac-e2d520c5f0e3
2026-03-23 23:19:34|qwen|web_search_no_think|2|QUESTION_SENT||1938|475500c7-0c4f-4f4a-8fd5-9499c49276df
2026-03-23 23:19:36|qwen|web_search_no_think|4|QUESTION_SENT||2011|840143c8-4fed-43cd-b7e3-2e23138c12fd
2026-03-23 23:19:52|qwen|web_search_no_think|3|QUESTION_SENT||1985|e0191e8e-f2be-4c38-b688-bd5ca4a199aa
2026-03-23 23:19:56|qwen|web_search_no_think|1|JSON_VERIFIED||1889|037dbf21-824b-4b0f-aed4-37528f28469c
2026-03-23 23:19:56|qwen|web_search_no_think|1|QUESTION|40|1889|037dbf21-824b-4b0f-aed4-37528f28469c
2026-03-23 23:19:56|qwen|web_search_no_think|1|JSON_SAVED||1889|037dbf21-824b-4b0f-aed4-37528f28469c
2026-03-23 23:19:56|qwen|web_search_no_think|1|QUESTION_ADVANCE||1890|b6325981-11c4-4dae-ad8b-0a043ea9485a
2026-03-23 23:20:22|qwen|web_search_no_think|1|QUESTION_SENT||1890|b6325981-11c4-4dae-ad8b-0a043ea9485a
2026-03-23 23:20:25|qwen|web_search_no_think|2|JSON_VERIFIED||1938|475500c7-0c4f-4f4a-8fd5-9499c49276df
2026-03-23 23:20:25|qwen|web_search_no_think|2|QUESTION|41|1938|475500c7-0c4f-4f4a-8fd5-9499c49276df
2026-03-23 23:20:25|qwen|web_search_no_think|2|JSON_SAVED||1938|475500c7-0c4f-4f4a-8fd5-9499c49276df
2026-03-23 23:20:25|qwen|web_search_no_think|2|QUESTION_ADVANCE||1939|ae640640-658e-4d16-9535-70bc89c8c7e3
2026-03-23 23:20:31|qwen|web_search_no_think|0|JSON_VERIFIED||1835|f5c9e88b-9f03-4895-b3e8-5f91c1da28f4
2026-03-23 23:20:31|qwen|web_search_no_think|0|QUESTION|40|1835|f5c9e88b-9f03-4895-b3e8-5f91c1da28f4
2026-03-23 23:20:31|qwen|web_search_no_think|0|JSON_SAVED||1835|f5c9e88b-9f03-4895-b3e8-5f91c1da28f4
2026-03-23 23:20:31|qwen|web_search_no_think|0|QUESTION_ADVANCE||1836|a36116d5-d9e1-4d16-92a7-89d61bfc742d
2026-03-23 23:20:42|qwen|web_search_no_think|5|JSON_VERIFIED||2087|93d34ef4-a737-4e4e-bcac-e2d520c5f0e3
2026-03-23 23:20:42|qwen|web_search_no_think|5|QUESTION|41|2087|93d34ef4-a737-4e4e-bcac-e2d520c5f0e3
2026-03-23 23:20:42|qwen|web_search_no_think|5|JSON_SAVED||2087|93d34ef4-a737-4e4e-bcac-e2d520c5f0e3
2026-03-23 23:20:42|qwen|web_search_no_think|5|QUESTION_ADVANCE||2088|e4e8b2ea-345f-46da-9803-e5b3afa549e3
2026-03-23 23:20:51|qwen|web_search_no_think|2|QUESTION_SENT||1939|ae640640-658e-4d16-9535-70bc89c8c7e3
2026-03-23 23:20:52|qwen|web_search_no_think|3|JSON_VERIFY_FAILED||1985|e0191e8e-f2be-4c38-b688-bd5ca4a199aa
2026-03-23 23:20:52|qwen|web_search_no_think|3|QUESTION|38|1985|e0191e8e-f2be-4c38-b688-bd5ca4a199aa
2026-03-23 23:20:57|qwen|web_search_no_think|0|QUESTION_SENT||1836|a36116d5-d9e1-4d16-92a7-89d61bfc742d
2026-03-23 23:21:08|qwen|web_search_no_think|5|QUESTION_SENT||2088|e4e8b2ea-345f-46da-9803-e5b3afa549e3
2026-03-23 23:21:09|qwen|web_search_no_think|1|JSON_VERIFY_FAILED||1890|b6325981-11c4-4dae-ad8b-0a043ea9485a
2026-03-23 23:21:09|qwen|web_search_no_think|1|QUESTION|41|1890|b6325981-11c4-4dae-ad8b-0a043ea9485a
2026-03-23 23:21:19|qwen|web_search_no_think|3|QUESTION_SENT||1985|e0191e8e-f2be-4c38-b688-bd5ca4a199aa
2026-03-23 23:21:36|qwen|web_search_no_think|1|QUESTION_SENT||1890|b6325981-11c4-4dae-ad8b-0a043ea9485a
2026-03-23 23:21:36|qwen|web_search_no_think|4|QUESTION_SENT||2011|840143c8-4fed-43cd-b7e3-2e23138c12fd
2026-03-23 23:21:52|qwen|web_search_no_think|2|JSON_VERIFIED||1939|ae640640-658e-4d16-9535-70bc89c8c7e3
2026-03-23 23:21:52|qwen|web_search_no_think|2|QUESTION|42|1939|ae640640-658e-4d16-9535-70bc89c8c7e3
2026-03-23 23:21:52|qwen|web_search_no_think|2|JSON_SAVED||1939|ae640640-658e-4d16-9535-70bc89c8c7e3
2026-03-23 23:21:52|qwen|web_search_no_think|2|QUESTION_ADVANCE||1940|deea4ed6-2071-4007-8e5f-e570dbd113c4
2026-03-23 23:21:57|qwen|web_search_no_think|0|JSON_VERIFIED||1836|a36116d5-d9e1-4d16-92a7-89d61bfc742d
2026-03-23 23:21:57|qwen|web_search_no_think|0|QUESTION|41|1836|a36116d5-d9e1-4d16-92a7-89d61bfc742d
2026-03-23 23:21:57|qwen|web_search_no_think|0|JSON_SAVED||1836|a36116d5-d9e1-4d16-92a7-89d61bfc742d
2026-03-23 23:21:57|qwen|web_search_no_think|0|QUESTION_ADVANCE||1837|ab85957e-6b5d-44e3-95e3-c7b34b8b5160
2026-03-23 23:22:13|qwen|web_search_no_think|5|JSON_VERIFIED||2088|e4e8b2ea-345f-46da-9803-e5b3afa549e3
2026-03-23 23:22:13|qwen|web_search_no_think|5|QUESTION|42|2088|e4e8b2ea-345f-46da-9803-e5b3afa549e3
2026-03-23 23:22:13|qwen|web_search_no_think|5|JSON_SAVED||2088|e4e8b2ea-345f-46da-9803-e5b3afa549e3
2026-03-23 23:22:13|qwen|web_search_no_think|5|QUESTION_ADVANCE||2089|c1790041-a4f9-4959-a893-d47fc99f81e9
2026-03-23 23:22:15|qwen|web_search_no_think|3|JSON_VERIFIED||1985|e0191e8e-f2be-4c38-b688-bd5ca4a199aa
2026-03-23 23:22:15|qwen|web_search_no_think|3|QUESTION|39|1985|e0191e8e-f2be-4c38-b688-bd5ca4a199aa
2026-03-23 23:22:15|qwen|web_search_no_think|3|JSON_SAVED||1985|e0191e8e-f2be-4c38-b688-bd5ca4a199aa
2026-03-23 23:22:15|qwen|web_search_no_think|3|QUESTION_ADVANCE||1986|db1b3957-34a1-48a7-b76c-fedb30291e61
2026-03-23 23:22:19|qwen|web_search_no_think|2|QUESTION_SENT||1940|deea4ed6-2071-4007-8e5f-e570dbd113c4
2026-03-23 23:22:23|qwen|web_search_no_think|0|QUESTION_SENT||1837|ab85957e-6b5d-44e3-95e3-c7b34b8b5160
2026-03-23 23:22:39|qwen|web_search_no_think|5|QUESTION_SENT||2089|c1790041-a4f9-4959-a893-d47fc99f81e9
2026-03-23 23:22:41|qwen|web_search_no_think|3|QUESTION_SENT||1986|db1b3957-34a1-48a7-b76c-fedb30291e61
2026-03-23 23:22:47|qwen|web_search_no_think|1|JSON_VERIFIED||1890|b6325981-11c4-4dae-ad8b-0a043ea9485a
2026-03-23 23:22:47|qwen|web_search_no_think|1|QUESTION|42|1890|b6325981-11c4-4dae-ad8b-0a043ea9485a
2026-03-23 23:22:47|qwen|web_search_no_think|1|JSON_SAVED||1890|b6325981-11c4-4dae-ad8b-0a043ea9485a
2026-03-23 23:22:47|qwen|web_search_no_think|1|QUESTION_ADVANCE||1891|5662d382-1225-477e-86d9-1195e52fa5ff
2026-03-23 23:22:55|qwen|web_search_no_think|4|JSON_VERIFIED||2011|840143c8-4fed-43cd-b7e3-2e23138c12fd
2026-03-23 23:22:55|qwen|web_search_no_think|4|QUESTION|12|2011|840143c8-4fed-43cd-b7e3-2e23138c12fd
2026-03-23 23:22:55|qwen|web_search_no_think|4|JSON_SAVED||2011|840143c8-4fed-43cd-b7e3-2e23138c12fd
2026-03-23 23:22:55|qwen|web_search_no_think|4|QUESTION_ADVANCE||2012|a4876453-6433-4899-bf1b-cbfae27f087e
2026-03-23 23:23:14|qwen|web_search_no_think|1|QUESTION_SENT||1891|5662d382-1225-477e-86d9-1195e52fa5ff
2026-03-23 23:23:29|qwen|web_search_no_think|4|QUESTION_SENT||2012|a4876453-6433-4899-bf1b-cbfae27f087e
2026-03-23 23:23:37|qwen|web_search_no_think|2|JSON_VERIFY_FAILED||1940|deea4ed6-2071-4007-8e5f-e570dbd113c4
2026-03-23 23:23:37|qwen|web_search_no_think|2|QUESTION|43|1940|deea4ed6-2071-4007-8e5f-e570dbd113c4
2026-03-23 23:23:45|qwen|web_search_no_think|0|JSON_VERIFIED||1837|ab85957e-6b5d-44e3-95e3-c7b34b8b5160
2026-03-23 23:23:45|qwen|web_search_no_think|0|QUESTION|42|1837|ab85957e-6b5d-44e3-95e3-c7b34b8b5160
2026-03-23 23:23:45|qwen|web_search_no_think|0|JSON_SAVED||1837|ab85957e-6b5d-44e3-95e3-c7b34b8b5160
2026-03-23 23:23:45|qwen|web_search_no_think|0|QUESTION_ADVANCE||1838|b1c1e7bb-51c1-4ca3-9b37-9f8d940e8651
2026-03-23 23:23:49|qwen|web_search_no_think|5|JSON_VERIFIED||2089|c1790041-a4f9-4959-a893-d47fc99f81e9
2026-03-23 23:23:49|qwen|web_search_no_think|5|QUESTION|43|2089|c1790041-a4f9-4959-a893-d47fc99f81e9
2026-03-23 23:23:49|qwen|web_search_no_think|5|JSON_SAVED||2089|c1790041-a4f9-4959-a893-d47fc99f81e9
2026-03-23 23:23:49|qwen|web_search_no_think|5|QUESTION_ADVANCE||2090|8d1f6911-90d2-4296-947a-41dc6383f418
2026-03-23 23:23:58|qwen|web_search_no_think|3|JSON_VERIFIED||1986|db1b3957-34a1-48a7-b76c-fedb30291e61
2026-03-23 23:23:58|qwen|web_search_no_think|3|QUESTION|40|1986|db1b3957-34a1-48a7-b76c-fedb30291e61
2026-03-23 23:23:58|qwen|web_search_no_think|3|JSON_SAVED||1986|db1b3957-34a1-48a7-b76c-fedb30291e61
2026-03-23 23:23:58|qwen|web_search_no_think|3|QUESTION_ADVANCE||1987|ebdc14b9-5c8b-46b1-86e8-0d03c919f179
2026-03-23 23:24:04|qwen|web_search_no_think|2|QUESTION_SENT||1940|deea4ed6-2071-4007-8e5f-e570dbd113c4
2026-03-23 23:24:11|qwen|web_search_no_think|0|QUESTION_SENT||1838|b1c1e7bb-51c1-4ca3-9b37-9f8d940e8651
2026-03-23 23:24:16|qwen|web_search_no_think|5|QUESTION_SENT||2090|8d1f6911-90d2-4296-947a-41dc6383f418
2026-03-23 23:24:25|qwen|web_search_no_think|3|QUESTION_SENT||1987|ebdc14b9-5c8b-46b1-86e8-0d03c919f179
2026-03-23 23:24:35|qwen|web_search_no_think|1|JSON_VERIFIED||1891|5662d382-1225-477e-86d9-1195e52fa5ff
2026-03-23 23:24:35|qwen|web_search_no_think|1|QUESTION|43|1891|5662d382-1225-477e-86d9-1195e52fa5ff
2026-03-23 23:24:35|qwen|web_search_no_think|1|JSON_SAVED||1891|5662d382-1225-477e-86d9-1195e52fa5ff
2026-03-23 23:24:35|qwen|web_search_no_think|1|QUESTION_ADVANCE||1892|7488fdeb-7a51-47da-a3d6-115cee1b4032
2026-03-23 23:25:01|qwen|web_search_no_think|1|QUESTION_SENT||1892|7488fdeb-7a51-47da-a3d6-115cee1b4032
2026-03-23 23:25:18|qwen|web_search_no_think|3|JSON_VERIFIED||1987|ebdc14b9-5c8b-46b1-86e8-0d03c919f179
2026-03-23 23:25:18|qwen|web_search_no_think|3|QUESTION|41|1987|ebdc14b9-5c8b-46b1-86e8-0d03c919f179
2026-03-23 23:25:18|qwen|web_search_no_think|3|JSON_SAVED||1987|ebdc14b9-5c8b-46b1-86e8-0d03c919f179
2026-03-23 23:25:18|qwen|web_search_no_think|3|QUESTION_ADVANCE||1988|1fabc195-46ad-4fdc-908c-2279477c245e
2026-03-23 23:25:38|qwen|web_search_no_think|0|JSON_VERIFIED||1838|b1c1e7bb-51c1-4ca3-9b37-9f8d940e8651
2026-03-23 23:25:38|qwen|web_search_no_think|0|QUESTION|43|1838|b1c1e7bb-51c1-4ca3-9b37-9f8d940e8651
2026-03-23 23:25:38|qwen|web_search_no_think|0|JSON_SAVED||1838|b1c1e7bb-51c1-4ca3-9b37-9f8d940e8651
2026-03-23 23:25:38|qwen|web_search_no_think|0|QUESTION_ADVANCE||1839|18a71c30-5fd5-4adf-8801-d1f1e2869e7f
2026-03-23 23:25:44|qwen|web_search_no_think|3|QUESTION_SENT||1988|1fabc195-46ad-4fdc-908c-2279477c245e
2026-03-23 23:26:00|qwen|web_search_no_think|5|JSON_VERIFIED||2090|8d1f6911-90d2-4296-947a-41dc6383f418
2026-03-23 23:26:00|qwen|web_search_no_think|5|QUESTION|44|2090|8d1f6911-90d2-4296-947a-41dc6383f418
2026-03-23 23:26:00|qwen|web_search_no_think|5|JSON_SAVED||2090|8d1f6911-90d2-4296-947a-41dc6383f418
2026-03-23 23:26:00|qwen|web_search_no_think|5|QUESTION_ADVANCE||2091|c98d769d-d4cf-42e5-9868-d8adf60ec9d8
2026-03-23 23:26:05|qwen|web_search_no_think|0|QUESTION_SENT||1839|18a71c30-5fd5-4adf-8801-d1f1e2869e7f
2026-03-23 23:26:26|qwen|web_search_no_think|5|QUESTION_SENT||2091|c98d769d-d4cf-42e5-9868-d8adf60ec9d8
2026-03-23 23:26:33|qwen|web_search_no_think|1|JSON_VERIFIED||1892|7488fdeb-7a51-47da-a3d6-115cee1b4032
2026-03-23 23:26:33|qwen|web_search_no_think|1|QUESTION|44|1892|7488fdeb-7a51-47da-a3d6-115cee1b4032
2026-03-23 23:26:33|qwen|web_search_no_think|1|JSON_SAVED||1892|7488fdeb-7a51-47da-a3d6-115cee1b4032
2026-03-23 23:26:33|qwen|web_search_no_think|1|QUESTION_ADVANCE||1893|0525caeb-5cc0-43f9-8537-d70ce04e124e
2026-03-23 23:26:41|qwen|web_search_no_think|4|QUESTION_SENT||2012|a4876453-6433-4899-bf1b-cbfae27f087e
2026-03-23 23:26:57|qwen|web_search_no_think|3|JSON_VERIFIED||1988|1fabc195-46ad-4fdc-908c-2279477c245e
2026-03-23 23:26:57|qwen|web_search_no_think|3|QUESTION|42|1988|1fabc195-46ad-4fdc-908c-2279477c245e
2026-03-23 23:26:57|qwen|web_search_no_think|3|JSON_SAVED||1988|1fabc195-46ad-4fdc-908c-2279477c245e
2026-03-23 23:26:57|qwen|web_search_no_think|3|QUESTION_ADVANCE||1989|f588986e-62b9-41bb-9917-fabdd425877f
2026-03-23 23:26:59|qwen|web_search_no_think|1|QUESTION_SENT||1893|0525caeb-5cc0-43f9-8537-d70ce04e124e
2026-03-23 23:27:23|qwen|web_search_no_think|3|QUESTION_SENT||1989|f588986e-62b9-41bb-9917-fabdd425877f
2026-03-23 23:27:25|qwen|web_search_no_think|0|JSON_VERIFY_FAILED||1839|18a71c30-5fd5-4adf-8801-d1f1e2869e7f
2026-03-23 23:27:25|qwen|web_search_no_think|0|QUESTION|44|1839|18a71c30-5fd5-4adf-8801-d1f1e2869e7f
2026-03-23 23:27:26|qwen|web_search_no_think|5|JSON_VERIFIED||2091|c98d769d-d4cf-42e5-9868-d8adf60ec9d8
2026-03-23 23:27:26|qwen|web_search_no_think|5|QUESTION|45|2091|c98d769d-d4cf-42e5-9868-d8adf60ec9d8
2026-03-23 23:27:26|qwen|web_search_no_think|5|JSON_SAVED||2091|c98d769d-d4cf-42e5-9868-d8adf60ec9d8
2026-03-23 23:27:26|qwen|web_search_no_think|5|QUESTION_ADVANCE||2092|7c693f53-f361-4e71-addd-f997984939c7
2026-03-23 23:27:51|qwen|web_search_no_think|0|QUESTION_SENT||1839|18a71c30-5fd5-4adf-8801-d1f1e2869e7f
2026-03-23 23:27:52|qwen|web_search_no_think|5|QUESTION_SENT||2092|7c693f53-f361-4e71-addd-f997984939c7
2026-03-23 23:28:29|qwen|web_search_no_think|3|JSON_VERIFIED||1989|f588986e-62b9-41bb-9917-fabdd425877f
2026-03-23 23:28:29|qwen|web_search_no_think|3|QUESTION|43|1989|f588986e-62b9-41bb-9917-fabdd425877f
2026-03-23 23:28:29|qwen|web_search_no_think|3|JSON_SAVED||1989|f588986e-62b9-41bb-9917-fabdd425877f
2026-03-23 23:28:29|qwen|web_search_no_think|3|QUESTION_ADVANCE||1990|1a9673f9-ec63-4c3e-a79b-afea84a1e987
2026-03-23 23:28:49|qwen|web_search_no_think|4|QUESTION_SENT||2012|a4876453-6433-4899-bf1b-cbfae27f087e
2026-03-23 23:28:55|qwen|web_search_no_think|3|QUESTION_SENT||1990|1a9673f9-ec63-4c3e-a79b-afea84a1e987
2026-03-23 23:29:13|qwen|web_search_no_think|1|JSON_VERIFIED||1893|0525caeb-5cc0-43f9-8537-d70ce04e124e
2026-03-23 23:29:13|qwen|web_search_no_think|1|QUESTION|45|1893|0525caeb-5cc0-43f9-8537-d70ce04e124e
2026-03-23 23:29:13|qwen|web_search_no_think|1|JSON_SAVED||1893|0525caeb-5cc0-43f9-8537-d70ce04e124e
2026-03-23 23:29:13|qwen|web_search_no_think|1|QUESTION_ADVANCE||1894|a8e0683e-cbeb-4cbf-8419-50b1efc60adb
2026-03-23 23:29:15|qwen|web_search_no_think|0|JSON_VERIFIED||1839|18a71c30-5fd5-4adf-8801-d1f1e2869e7f
2026-03-23 23:29:15|qwen|web_search_no_think|0|QUESTION|45|1839|18a71c30-5fd5-4adf-8801-d1f1e2869e7f
2026-03-23 23:29:15|qwen|web_search_no_think|0|JSON_SAVED||1839|18a71c30-5fd5-4adf-8801-d1f1e2869e7f
2026-03-23 23:29:15|qwen|web_search_no_think|0|QUESTION_ADVANCE||1840|3a337575-b0fb-4d44-8a6b-934bb82c4080
2026-03-23 23:29:29|qwen|web_search_no_think|5|JSON_VERIFIED||2092|7c693f53-f361-4e71-addd-f997984939c7
2026-03-23 23:29:29|qwen|web_search_no_think|5|QUESTION|46|2092|7c693f53-f361-4e71-addd-f997984939c7
2026-03-23 23:29:29|qwen|web_search_no_think|5|JSON_SAVED||2092|7c693f53-f361-4e71-addd-f997984939c7
2026-03-23 23:29:29|qwen|web_search_no_think|5|QUESTION_ADVANCE||2093|1cc583e6-ca7c-40ea-997f-e69e416244a7
2026-03-23 23:29:39|qwen|web_search_no_think|1|QUESTION_SENT||1894|a8e0683e-cbeb-4cbf-8419-50b1efc60adb
2026-03-23 23:29:42|qwen|web_search_no_think|0|QUESTION_SENT||1840|3a337575-b0fb-4d44-8a6b-934bb82c4080
2026-03-23 23:29:51|qwen|web_search_no_think|2|JSON_VERIFIED||1940|deea4ed6-2071-4007-8e5f-e570dbd113c4
2026-03-23 23:29:51|qwen|web_search_no_think|2|QUESTION|44|1940|deea4ed6-2071-4007-8e5f-e570dbd113c4
2026-03-23 23:29:51|qwen|web_search_no_think|2|JSON_SAVED||1940|deea4ed6-2071-4007-8e5f-e570dbd113c4
2026-03-23 23:29:51|qwen|web_search_no_think|2|QUESTION_ADVANCE||1941|40eeac00-a3b7-45b2-aa46-37f68440a839
2026-03-23 23:29:56|qwen|web_search_no_think|5|QUESTION_SENT||2093|1cc583e6-ca7c-40ea-997f-e69e416244a7
2026-03-23 23:30:16|qwen|web_search_no_think|4|JSON_VERIFIED||2012|a4876453-6433-4899-bf1b-cbfae27f087e
2026-03-23 23:30:16|qwen|web_search_no_think|4|QUESTION|13|2012|a4876453-6433-4899-bf1b-cbfae27f087e
2026-03-23 23:30:16|qwen|web_search_no_think|4|JSON_SAVED||2012|a4876453-6433-4899-bf1b-cbfae27f087e
2026-03-23 23:30:16|qwen|web_search_no_think|4|QUESTION_ADVANCE||2013|a33ea6ec-d6a9-43c3-9cd1-c96ea8b54564
2026-03-23 23:30:17|qwen|web_search_no_think|2|QUESTION_SENT||1941|40eeac00-a3b7-45b2-aa46-37f68440a839
2026-03-23 23:30:32|qwen|web_search_no_think|3|JSON_VERIFIED||1990|1a9673f9-ec63-4c3e-a79b-afea84a1e987
2026-03-23 23:30:32|qwen|web_search_no_think|3|QUESTION|44|1990|1a9673f9-ec63-4c3e-a79b-afea84a1e987
2026-03-23 23:30:32|qwen|web_search_no_think|3|JSON_SAVED||1990|1a9673f9-ec63-4c3e-a79b-afea84a1e987
2026-03-23 23:30:32|qwen|web_search_no_think|3|QUESTION_ADVANCE||1991|b7c7dedf-c368-42dd-a1c0-434294294719
2026-03-23 23:30:35|qwen|web_search_no_think|1|JSON_VERIFIED||1894|a8e0683e-cbeb-4cbf-8419-50b1efc60adb
2026-03-23 23:30:35|qwen|web_search_no_think|1|QUESTION|46|1894|a8e0683e-cbeb-4cbf-8419-50b1efc60adb
2026-03-23 23:30:35|qwen|web_search_no_think|1|JSON_SAVED||1894|a8e0683e-cbeb-4cbf-8419-50b1efc60adb
2026-03-23 23:30:35|qwen|web_search_no_think|1|QUESTION_ADVANCE||1895|38505f9e-8938-4105-9d6d-65a2be4ed586
2026-03-23 23:30:48|qwen|web_search_no_think|4|QUESTION_SENT||2013|a33ea6ec-d6a9-43c3-9cd1-c96ea8b54564
2026-03-23 23:30:52|qwen|web_search_no_think|5|JSON_VERIFIED||2093|1cc583e6-ca7c-40ea-997f-e69e416244a7
2026-03-23 23:30:52|qwen|web_search_no_think|5|QUESTION|47|2093|1cc583e6-ca7c-40ea-997f-e69e416244a7
2026-03-23 23:30:52|qwen|web_search_no_think|5|JSON_SAVED||2093|1cc583e6-ca7c-40ea-997f-e69e416244a7
2026-03-23 23:30:52|qwen|web_search_no_think|5|QUESTION_ADVANCE||2094|34af11f4-fc29-4b2e-91c6-569dffaf708b
2026-03-23 23:30:59|qwen|web_search_no_think|3|QUESTION_SENT||1991|b7c7dedf-c368-42dd-a1c0-434294294719
2026-03-23 23:31:02|qwen|web_search_no_think|1|QUESTION_SENT||1895|38505f9e-8938-4105-9d6d-65a2be4ed586
2026-03-23 23:31:06|qwen|web_search_no_think|0|JSON_VERIFIED||1840|3a337575-b0fb-4d44-8a6b-934bb82c4080
2026-03-23 23:31:06|qwen|web_search_no_think|0|QUESTION|46|1840|3a337575-b0fb-4d44-8a6b-934bb82c4080
2026-03-23 23:31:06|qwen|web_search_no_think|0|JSON_SAVED||1840|3a337575-b0fb-4d44-8a6b-934bb82c4080
2026-03-23 23:31:06|qwen|web_search_no_think|0|QUESTION_ADVANCE||1841|a9fda5c6-2d9b-4428-ab15-6ddfd69b1cbd
2026-03-23 23:31:18|qwen|web_search_no_think|5|QUESTION_SENT||2094|34af11f4-fc29-4b2e-91c6-569dffaf708b
2026-03-23 23:31:32|qwen|web_search_no_think|0|QUESTION_SENT||1841|a9fda5c6-2d9b-4428-ab15-6ddfd69b1cbd
2026-03-23 23:31:50|qwen|web_search_no_think|2|JSON_VERIFIED||1941|40eeac00-a3b7-45b2-aa46-37f68440a839
2026-03-23 23:31:50|qwen|web_search_no_think|2|QUESTION|45|1941|40eeac00-a3b7-45b2-aa46-37f68440a839
2026-03-23 23:31:50|qwen|web_search_no_think|2|JSON_SAVED||1941|40eeac00-a3b7-45b2-aa46-37f68440a839
2026-03-23 23:31:50|qwen|web_search_no_think|2|QUESTION_ADVANCE||1942|34fe19f6-a886-40a1-82f6-0f39b893606d
2026-03-23 23:31:56|qwen|web_search_no_think|3|JSON_VERIFIED||1991|b7c7dedf-c368-42dd-a1c0-434294294719
2026-03-23 23:31:56|qwen|web_search_no_think|3|QUESTION|45|1991|b7c7dedf-c368-42dd-a1c0-434294294719
2026-03-23 23:31:56|qwen|web_search_no_think|3|JSON_SAVED||1991|b7c7dedf-c368-42dd-a1c0-434294294719
2026-03-23 23:31:56|qwen|web_search_no_think|3|QUESTION_ADVANCE||1992|613db337-a113-46fa-83f9-cbce35d3a471
2026-03-23 23:32:06|qwen|web_search_no_think|1|JSON_VERIFIED||1895|38505f9e-8938-4105-9d6d-65a2be4ed586
2026-03-23 23:32:06|qwen|web_search_no_think|1|QUESTION|47|1895|38505f9e-8938-4105-9d6d-65a2be4ed586
2026-03-23 23:32:06|qwen|web_search_no_think|1|JSON_SAVED||1895|38505f9e-8938-4105-9d6d-65a2be4ed586
2026-03-23 23:32:06|qwen|web_search_no_think|1|QUESTION_ADVANCE||1896|858e6b20-44c3-4107-a868-44340762efd8
2026-03-23 23:32:16|qwen|web_search_no_think|2|QUESTION_SENT||1942|34fe19f6-a886-40a1-82f6-0f39b893606d
2026-03-23 23:32:22|qwen|web_search_no_think|3|QUESTION_SENT||1992|613db337-a113-46fa-83f9-cbce35d3a471
2026-03-23 23:32:22|qwen|web_search_no_think|5|JSON_VERIFIED||2094|34af11f4-fc29-4b2e-91c6-569dffaf708b
2026-03-23 23:32:22|qwen|web_search_no_think|5|QUESTION|48|2094|34af11f4-fc29-4b2e-91c6-569dffaf708b
2026-03-23 23:32:22|qwen|web_search_no_think|5|JSON_SAVED||2094|34af11f4-fc29-4b2e-91c6-569dffaf708b
2026-03-23 23:32:22|qwen|web_search_no_think|5|QUESTION_ADVANCE||2095|abef1902-52d6-4139-a492-4c81d568adee
2026-03-23 23:32:26|qwen|web_search_no_think|4|QUESTION_SENT||2013|a33ea6ec-d6a9-43c3-9cd1-c96ea8b54564
2026-03-23 23:32:32|qwen|web_search_no_think|1|QUESTION_SENT||1896|858e6b20-44c3-4107-a868-44340762efd8
2026-03-23 23:32:49|qwen|web_search_no_think|5|QUESTION_SENT||2095|abef1902-52d6-4139-a492-4c81d568adee
2026-03-23 23:33:21|qwen|web_search_no_think|2|JSON_VERIFIED||1942|34fe19f6-a886-40a1-82f6-0f39b893606d
2026-03-23 23:33:21|qwen|web_search_no_think|2|QUESTION|46|1942|34fe19f6-a886-40a1-82f6-0f39b893606d
2026-03-23 23:33:21|qwen|web_search_no_think|2|JSON_SAVED||1942|34fe19f6-a886-40a1-82f6-0f39b893606d
2026-03-23 23:33:21|qwen|web_search_no_think|2|QUESTION_ADVANCE||1943|51343ad7-4236-444d-9179-467dbb5243e5
2026-03-23 23:33:28|qwen|web_search_no_think|3|JSON_VERIFIED||1992|613db337-a113-46fa-83f9-cbce35d3a471
2026-03-23 23:33:28|qwen|web_search_no_think|3|QUESTION|46|1992|613db337-a113-46fa-83f9-cbce35d3a471
2026-03-23 23:33:28|qwen|web_search_no_think|3|JSON_SAVED||1992|613db337-a113-46fa-83f9-cbce35d3a471
2026-03-23 23:33:28|qwen|web_search_no_think|3|QUESTION_ADVANCE||1993|5ed71f95-cbd5-4cd8-8079-f5fdb58e8298
2026-03-23 23:33:35|qwen|web_search_no_think|1|JSON_VERIFIED||1896|858e6b20-44c3-4107-a868-44340762efd8
2026-03-23 23:33:35|qwen|web_search_no_think|1|QUESTION|48|1896|858e6b20-44c3-4107-a868-44340762efd8
2026-03-23 23:33:35|qwen|web_search_no_think|1|JSON_SAVED||1896|858e6b20-44c3-4107-a868-44340762efd8
2026-03-23 23:33:35|qwen|web_search_no_think|1|QUESTION_ADVANCE||1897|cfcb326d-77c0-4079-8d47-a35307bbfeb8
2026-03-23 23:33:47|qwen|web_search_no_think|2|QUESTION_SENT||1943|51343ad7-4236-444d-9179-467dbb5243e5
2026-03-23 23:33:54|qwen|web_search_no_think|3|QUESTION_SENT||1993|5ed71f95-cbd5-4cd8-8079-f5fdb58e8298
2026-03-23 23:34:02|qwen|web_search_no_think|1|QUESTION_SENT||1897|cfcb326d-77c0-4079-8d47-a35307bbfeb8
2026-03-23 23:34:07|qwen|web_search_no_think|5|JSON_VERIFIED||2095|abef1902-52d6-4139-a492-4c81d568adee
2026-03-23 23:34:07|qwen|web_search_no_think|5|QUESTION|49|2095|abef1902-52d6-4139-a492-4c81d568adee
2026-03-23 23:34:07|qwen|web_search_no_think|5|JSON_SAVED||2095|abef1902-52d6-4139-a492-4c81d568adee
2026-03-23 23:34:07|qwen|web_search_no_think|5|QUESTION_ADVANCE||2096|53919b90-95a2-4509-8cce-1c3f5386c72a
2026-03-23 23:34:11|qwen|web_search_no_think|4|JSON_VERIFIED||2013|a33ea6ec-d6a9-43c3-9cd1-c96ea8b54564
2026-03-23 23:34:11|qwen|web_search_no_think|4|QUESTION|14|2013|a33ea6ec-d6a9-43c3-9cd1-c96ea8b54564
2026-03-23 23:34:11|qwen|web_search_no_think|4|JSON_SAVED||2013|a33ea6ec-d6a9-43c3-9cd1-c96ea8b54564
2026-03-23 23:34:11|qwen|web_search_no_think|4|QUESTION_ADVANCE||2014|9d786c83-9fc8-44eb-add0-f6b9117d3bda
2026-03-23 23:34:22|qwen|web_search_no_think|0|JSON_VERIFIED||1841|a9fda5c6-2d9b-4428-ab15-6ddfd69b1cbd
2026-03-23 23:34:22|qwen|web_search_no_think|0|QUESTION|47|1841|a9fda5c6-2d9b-4428-ab15-6ddfd69b1cbd
2026-03-23 23:34:22|qwen|web_search_no_think|0|JSON_SAVED||1841|a9fda5c6-2d9b-4428-ab15-6ddfd69b1cbd
2026-03-23 23:34:22|qwen|web_search_no_think|0|QUESTION_ADVANCE||1842|056374c3-6527-43ed-93ee-db70b7634bd3
2026-03-23 23:34:34|qwen|web_search_no_think|5|QUESTION_SENT||2096|53919b90-95a2-4509-8cce-1c3f5386c72a
2026-03-23 23:34:48|qwen|web_search_no_think|0|QUESTION_SENT||1842|056374c3-6527-43ed-93ee-db70b7634bd3
2026-03-23 23:35:14|qwen|web_search_no_think|2|JSON_VERIFIED||1943|51343ad7-4236-444d-9179-467dbb5243e5
2026-03-23 23:35:14|qwen|web_search_no_think|2|QUESTION|47|1943|51343ad7-4236-444d-9179-467dbb5243e5
2026-03-23 23:35:14|qwen|web_search_no_think|2|JSON_SAVED||1943|51343ad7-4236-444d-9179-467dbb5243e5
2026-03-23 23:35:14|qwen|web_search_no_think|2|QUESTION_ADVANCE||1944|e282672b-222f-431b-bce1-96247d4d31c5
2026-03-23 23:35:17|qwen|web_search_no_think|1|JSON_VERIFIED||1897|cfcb326d-77c0-4079-8d47-a35307bbfeb8
2026-03-23 23:35:17|qwen|web_search_no_think|1|QUESTION|49|1897|cfcb326d-77c0-4079-8d47-a35307bbfeb8
2026-03-23 23:35:17|qwen|web_search_no_think|1|JSON_SAVED||1897|cfcb326d-77c0-4079-8d47-a35307bbfeb8
2026-03-23 23:35:17|qwen|web_search_no_think|1|QUESTION_ADVANCE||1898|3306edd6-7c21-4932-a73f-3e8611d7a492
2026-03-23 23:35:40|qwen|web_search_no_think|2|QUESTION_SENT||1944|e282672b-222f-431b-bce1-96247d4d31c5
2026-03-23 23:35:42|qwen|web_search_no_think|5|JSON_VERIFIED||2096|53919b90-95a2-4509-8cce-1c3f5386c72a
2026-03-23 23:35:42|qwen|web_search_no_think|5|QUESTION|50|2096|53919b90-95a2-4509-8cce-1c3f5386c72a
2026-03-23 23:35:42|qwen|web_search_no_think|5|JSON_SAVED||2096|53919b90-95a2-4509-8cce-1c3f5386c72a
2026-03-23 23:35:42|qwen|web_search_no_think|5|QUESTION_ADVANCE||2097|f56ccb19-7fef-465a-98af-cb49934c2a89
2026-03-23 23:35:44|qwen|web_search_no_think|1|QUESTION_SENT||1898|3306edd6-7c21-4932-a73f-3e8611d7a492
2026-03-23 23:36:04|qwen|web_search_no_think|4|QUESTION_SENT||2014|9d786c83-9fc8-44eb-add0-f6b9117d3bda
2026-03-23 23:36:09|qwen|web_search_no_think|5|QUESTION_SENT||2097|f56ccb19-7fef-465a-98af-cb49934c2a89
2026-03-23 23:36:12|qwen|web_search_no_think|0|JSON_VERIFIED||1842|056374c3-6527-43ed-93ee-db70b7634bd3
2026-03-23 23:36:12|qwen|web_search_no_think|0|QUESTION|48|1842|056374c3-6527-43ed-93ee-db70b7634bd3
2026-03-23 23:36:12|qwen|web_search_no_think|0|JSON_SAVED||1842|056374c3-6527-43ed-93ee-db70b7634bd3
2026-03-23 23:36:12|qwen|web_search_no_think|0|QUESTION_ADVANCE||1843|f091b3c1-7317-4236-9180-044fe7da0d30
2026-03-23 23:36:39|qwen|web_search_no_think|0|QUESTION_SENT||1843|f091b3c1-7317-4236-9180-044fe7da0d30
2026-03-23 23:36:46|qwen|web_search_no_think|2|JSON_VERIFY_FAILED||1944|e282672b-222f-431b-bce1-96247d4d31c5
2026-03-23 23:36:46|qwen|web_search_no_think|2|QUESTION|48|1944|e282672b-222f-431b-bce1-96247d4d31c5
2026-03-23 23:36:47|qwen|web_search_no_think|3|JSON_VERIFIED||1993|5ed71f95-cbd5-4cd8-8079-f5fdb58e8298
2026-03-23 23:36:47|qwen|web_search_no_think|3|QUESTION|47|1993|5ed71f95-cbd5-4cd8-8079-f5fdb58e8298
2026-03-23 23:36:47|qwen|web_search_no_think|3|JSON_SAVED||1993|5ed71f95-cbd5-4cd8-8079-f5fdb58e8298
2026-03-23 23:36:47|qwen|web_search_no_think|3|QUESTION_ADVANCE||1994|9aa7a7dd-fc39-40d5-a822-154d00adeb7e
2026-03-23 23:37:01|qwen|web_search_no_think|1|JSON_VERIFIED||1898|3306edd6-7c21-4932-a73f-3e8611d7a492
2026-03-23 23:37:01|qwen|web_search_no_think|1|QUESTION|50|1898|3306edd6-7c21-4932-a73f-3e8611d7a492
2026-03-23 23:37:01|qwen|web_search_no_think|1|JSON_SAVED||1898|3306edd6-7c21-4932-a73f-3e8611d7a492
2026-03-23 23:37:01|qwen|web_search_no_think|1|QUESTION_ADVANCE||1899|44fc1c1c-61c8-4b69-ba96-2b692bf51bc4
2026-03-23 23:37:12|qwen|web_search_no_think|2|QUESTION_SENT||1944|e282672b-222f-431b-bce1-96247d4d31c5
2026-03-23 23:37:13|qwen|web_search_no_think|3|QUESTION_SENT||1994|9aa7a7dd-fc39-40d5-a822-154d00adeb7e
2026-03-23 23:37:20|qwen|web_search_no_think|5|JSON_VERIFIED||2097|f56ccb19-7fef-465a-98af-cb49934c2a89
2026-03-23 23:37:20|qwen|web_search_no_think|5|QUESTION|51|2097|f56ccb19-7fef-465a-98af-cb49934c2a89
2026-03-23 23:37:20|qwen|web_search_no_think|5|JSON_SAVED||2097|f56ccb19-7fef-465a-98af-cb49934c2a89
2026-03-23 23:37:20|qwen|web_search_no_think|5|QUESTION_ADVANCE||2098|b5473fee-181f-4cd2-a9be-2573a253643a
2026-03-23 23:37:27|qwen|web_search_no_think|1|QUESTION_SENT||1899|44fc1c1c-61c8-4b69-ba96-2b692bf51bc4
2026-03-23 23:37:46|qwen|web_search_no_think|5|QUESTION_SENT||2098|b5473fee-181f-4cd2-a9be-2573a253643a
2026-03-23 23:37:47|qwen|web_search_no_think|0|JSON_VERIFIED||1843|f091b3c1-7317-4236-9180-044fe7da0d30
2026-03-23 23:37:47|qwen|web_search_no_think|0|QUESTION|49|1843|f091b3c1-7317-4236-9180-044fe7da0d30
2026-03-23 23:37:47|qwen|web_search_no_think|0|JSON_SAVED||1843|f091b3c1-7317-4236-9180-044fe7da0d30
2026-03-23 23:37:47|qwen|web_search_no_think|0|QUESTION_ADVANCE||1844|589cb095-fdd7-4845-9d78-7f851ca39a89
2026-03-23 23:38:11|qwen|web_search_no_think|2|JSON_VERIFY_FAILED||1944|e282672b-222f-431b-bce1-96247d4d31c5
2026-03-23 23:38:11|qwen|web_search_no_think|2|QUESTION|49|1944|e282672b-222f-431b-bce1-96247d4d31c5
2026-03-23 23:38:12|qwen|web_search_no_think|5|JSON_VERIFY_FAILED||2098|b5473fee-181f-4cd2-a9be-2573a253643a
2026-03-23 23:38:12|qwen|web_search_no_think|5|QUESTION|52|2098|b5473fee-181f-4cd2-a9be-2573a253643a
2026-03-23 23:38:13|qwen|web_search_no_think|0|QUESTION_SENT||1844|589cb095-fdd7-4845-9d78-7f851ca39a89
2026-03-23 23:38:21|qwen|web_search_no_think|3|JSON_VERIFIED||1994|9aa7a7dd-fc39-40d5-a822-154d00adeb7e
2026-03-23 23:38:21|qwen|web_search_no_think|3|QUESTION|48|1994|9aa7a7dd-fc39-40d5-a822-154d00adeb7e
2026-03-23 23:38:21|qwen|web_search_no_think|3|JSON_SAVED||1994|9aa7a7dd-fc39-40d5-a822-154d00adeb7e
2026-03-23 23:38:21|qwen|web_search_no_think|3|QUESTION_ADVANCE||1995|b0a112d7-255a-4c29-8b92-41b16f526888
2026-03-23 23:38:27|qwen|web_search_no_think|1|JSON_VERIFIED||1899|44fc1c1c-61c8-4b69-ba96-2b692bf51bc4
2026-03-23 23:38:27|qwen|web_search_no_think|1|QUESTION|51|1899|44fc1c1c-61c8-4b69-ba96-2b692bf51bc4
2026-03-23 23:38:27|qwen|web_search_no_think|1|JSON_SAVED||1899|44fc1c1c-61c8-4b69-ba96-2b692bf51bc4
2026-03-23 23:38:27|qwen|web_search_no_think|1|QUESTION_ADVANCE||1900|736f9c22-94f2-426a-b9cc-8a077c2d919e
2026-03-23 23:38:37|qwen|web_search_no_think|2|QUESTION_SENT||1944|e282672b-222f-431b-bce1-96247d4d31c5
2026-03-23 23:38:39|qwen|web_search_no_think|5|QUESTION_SENT||2098|b5473fee-181f-4cd2-a9be-2573a253643a
2026-03-23 23:38:48|qwen|web_search_no_think|3|QUESTION_SENT||1995|b0a112d7-255a-4c29-8b92-41b16f526888
2026-03-23 23:38:53|qwen|web_search_no_think|1|QUESTION_SENT||1900|736f9c22-94f2-426a-b9cc-8a077c2d919e
2026-03-23 23:39:35|qwen|web_search_no_think|0|JSON_VERIFIED||1844|589cb095-fdd7-4845-9d78-7f851ca39a89
2026-03-23 23:39:35|qwen|web_search_no_think|0|QUESTION|50|1844|589cb095-fdd7-4845-9d78-7f851ca39a89
2026-03-23 23:39:35|qwen|web_search_no_think|0|JSON_SAVED||1844|589cb095-fdd7-4845-9d78-7f851ca39a89
2026-03-23 23:39:35|qwen|web_search_no_think|0|QUESTION_ADVANCE||1845|051178f0-b5fe-4688-9128-4b211908143e
2026-03-23 23:39:46|qwen|web_search_no_think|5|JSON_VERIFIED||2098|b5473fee-181f-4cd2-a9be-2573a253643a
2026-03-23 23:39:46|qwen|web_search_no_think|5|QUESTION|53|2098|b5473fee-181f-4cd2-a9be-2573a253643a
2026-03-23 23:39:46|qwen|web_search_no_think|5|JSON_SAVED||2098|b5473fee-181f-4cd2-a9be-2573a253643a
2026-03-23 23:39:46|qwen|web_search_no_think|5|QUESTION_ADVANCE||2099|cd8db726-3a15-4fef-b8d4-6087cc9ed441
2026-03-23 23:39:55|qwen|web_search_no_think|3|JSON_VERIFIED||1995|b0a112d7-255a-4c29-8b92-41b16f526888
2026-03-23 23:39:55|qwen|web_search_no_think|3|QUESTION|49|1995|b0a112d7-255a-4c29-8b92-41b16f526888
2026-03-23 23:39:55|qwen|web_search_no_think|3|JSON_SAVED||1995|b0a112d7-255a-4c29-8b92-41b16f526888
2026-03-23 23:39:55|qwen|web_search_no_think|3|QUESTION_ADVANCE||1996|bd2694b7-3b26-4658-b531-15305badf541
2026-03-23 23:39:56|qwen|web_search_no_think|2|JSON_VERIFIED||1944|e282672b-222f-431b-bce1-96247d4d31c5
2026-03-23 23:39:56|qwen|web_search_no_think|2|QUESTION|50|1944|e282672b-222f-431b-bce1-96247d4d31c5
2026-03-23 23:39:56|qwen|web_search_no_think|2|JSON_SAVED||1944|e282672b-222f-431b-bce1-96247d4d31c5
2026-03-23 23:39:56|qwen|web_search_no_think|2|QUESTION_ADVANCE||1945|a4952059-22e4-4055-bcc0-f392fea48351
2026-03-23 23:40:01|qwen|web_search_no_think|0|QUESTION_SENT||1845|051178f0-b5fe-4688-9128-4b211908143e
2026-03-23 23:40:12|qwen|web_search_no_think|5|QUESTION_SENT||2099|cd8db726-3a15-4fef-b8d4-6087cc9ed441
2026-03-23 23:40:13|qwen|web_search_no_think|1|JSON_VERIFIED||1900|736f9c22-94f2-426a-b9cc-8a077c2d919e
2026-03-23 23:40:13|qwen|web_search_no_think|1|QUESTION|52|1900|736f9c22-94f2-426a-b9cc-8a077c2d919e
2026-03-23 23:40:13|qwen|web_search_no_think|1|JSON_SAVED||1900|736f9c22-94f2-426a-b9cc-8a077c2d919e
2026-03-23 23:40:14|qwen|web_search_no_think|1|STOP||1901|
2026-03-23 23:40:21|qwen|web_search_no_think|3|QUESTION_SENT||1996|bd2694b7-3b26-4658-b531-15305badf541
2026-03-23 23:40:22|qwen|web_search_no_think|2|QUESTION_SENT||1945|a4952059-22e4-4055-bcc0-f392fea48351
2026-03-23 23:41:28|qwen|web_search_no_think|5|JSON_VERIFIED||2099|cd8db726-3a15-4fef-b8d4-6087cc9ed441
2026-03-23 23:41:28|qwen|web_search_no_think|5|QUESTION|54|2099|cd8db726-3a15-4fef-b8d4-6087cc9ed441
2026-03-23 23:41:28|qwen|web_search_no_think|5|JSON_SAVED||2099|cd8db726-3a15-4fef-b8d4-6087cc9ed441
2026-03-23 23:41:28|qwen|web_search_no_think|5|QUESTION_ADVANCE||2100|3aeb92c9-88d3-40c1-bef4-e300b02de9a8
2026-03-23 23:41:31|qwen|web_search_no_think|3|JSON_VERIFIED||1996|bd2694b7-3b26-4658-b531-15305badf541
2026-03-23 23:41:31|qwen|web_search_no_think|3|QUESTION|50|1996|bd2694b7-3b26-4658-b531-15305badf541
2026-03-23 23:41:31|qwen|web_search_no_think|3|JSON_SAVED||1996|bd2694b7-3b26-4658-b531-15305badf541
2026-03-23 23:41:31|qwen|web_search_no_think|3|QUESTION_ADVANCE||1997|367bb32e-e5eb-4127-ab93-0a8586fedc90
2026-03-23 23:41:38|qwen|web_search_no_think|0|JSON_VERIFIED||1845|051178f0-b5fe-4688-9128-4b211908143e
2026-03-23 23:41:38|qwen|web_search_no_think|0|QUESTION|51|1845|051178f0-b5fe-4688-9128-4b211908143e
2026-03-23 23:41:38|qwen|web_search_no_think|0|JSON_SAVED||1845|051178f0-b5fe-4688-9128-4b211908143e
2026-03-23 23:41:38|qwen|web_search_no_think|0|QUESTION_ADVANCE||1846|14fcebb6-9950-4da6-9c94-967eafce4615
2026-03-23 23:41:48|qwen|web_search_no_think|2|JSON_VERIFIED||1945|a4952059-22e4-4055-bcc0-f392fea48351
2026-03-23 23:41:48|qwen|web_search_no_think|2|QUESTION|51|1945|a4952059-22e4-4055-bcc0-f392fea48351
2026-03-23 23:41:48|qwen|web_search_no_think|2|JSON_SAVED||1945|a4952059-22e4-4055-bcc0-f392fea48351
2026-03-23 23:41:48|qwen|web_search_no_think|2|QUESTION_ADVANCE||1946|079683ef-1f91-4a0d-9afa-72de0f93e3c6
2026-03-23 23:41:54|qwen|web_search_no_think|5|QUESTION_SENT||2100|3aeb92c9-88d3-40c1-bef4-e300b02de9a8
2026-03-23 23:41:58|qwen|web_search_no_think|3|QUESTION_SENT||1997|367bb32e-e5eb-4127-ab93-0a8586fedc90
2026-03-23 23:42:04|qwen|web_search_no_think|0|QUESTION_SENT||1846|14fcebb6-9950-4da6-9c94-967eafce4615
2026-03-23 23:42:14|qwen|web_search_no_think|4|QUESTION_SENT||2014|9d786c83-9fc8-44eb-add0-f6b9117d3bda
2026-03-23 23:42:14|qwen|web_search_no_think|2|QUESTION_SENT||1946|079683ef-1f91-4a0d-9afa-72de0f93e3c6
2026-03-23 23:43:13|qwen|web_search_no_think|2|JSON_VERIFIED||1946|079683ef-1f91-4a0d-9afa-72de0f93e3c6
2026-03-23 23:43:13|qwen|web_search_no_think|2|QUESTION|52|1946|079683ef-1f91-4a0d-9afa-72de0f93e3c6
2026-03-23 23:43:13|qwen|web_search_no_think|2|JSON_SAVED||1946|079683ef-1f91-4a0d-9afa-72de0f93e3c6
2026-03-23 23:43:13|qwen|web_search_no_think|2|QUESTION_ADVANCE||1947|4f6e00ee-1fd0-4434-8609-791d2cea8c46
2026-03-23 23:43:13|qwen|web_search_no_think|5|JSON_VERIFIED||2100|3aeb92c9-88d3-40c1-bef4-e300b02de9a8
2026-03-23 23:43:13|qwen|web_search_no_think|5|QUESTION|55|2100|3aeb92c9-88d3-40c1-bef4-e300b02de9a8
2026-03-23 23:43:13|qwen|web_search_no_think|5|JSON_SAVED||2100|3aeb92c9-88d3-40c1-bef4-e300b02de9a8
2026-03-23 23:43:14|qwen|web_search_no_think|5|STOP||2101|
2026-03-23 23:43:19|qwen|web_search_no_think|3|JSON_VERIFIED||1997|367bb32e-e5eb-4127-ab93-0a8586fedc90
2026-03-23 23:43:19|qwen|web_search_no_think|3|QUESTION|51|1997|367bb32e-e5eb-4127-ab93-0a8586fedc90
2026-03-23 23:43:19|qwen|web_search_no_think|3|JSON_SAVED||1997|367bb32e-e5eb-4127-ab93-0a8586fedc90
2026-03-23 23:43:19|qwen|web_search_no_think|3|QUESTION_ADVANCE||1998|a1f586d6-12b2-4378-ba39-c1c9c779e868
2026-03-23 23:43:34|qwen|web_search_no_think|0|JSON_VERIFIED||1846|14fcebb6-9950-4da6-9c94-967eafce4615
2026-03-23 23:43:34|qwen|web_search_no_think|0|QUESTION|52|1846|14fcebb6-9950-4da6-9c94-967eafce4615
2026-03-23 23:43:34|qwen|web_search_no_think|0|JSON_SAVED||1846|14fcebb6-9950-4da6-9c94-967eafce4615
2026-03-23 23:43:34|qwen|web_search_no_think|0|QUESTION_ADVANCE||1847|eab57cd2-a19c-4037-8132-c41a6c9cb499
2026-03-23 23:43:39|qwen|web_search_no_think|2|QUESTION_SENT||1947|4f6e00ee-1fd0-4434-8609-791d2cea8c46
2026-03-23 23:43:45|qwen|web_search_no_think|3|QUESTION_SENT||1998|a1f586d6-12b2-4378-ba39-c1c9c779e868
2026-03-23 23:43:59|qwen|web_search_no_think|4|QUESTION_SENT||2014|9d786c83-9fc8-44eb-add0-f6b9117d3bda
2026-03-23 23:44:01|qwen|web_search_no_think|0|QUESTION_SENT||1847|eab57cd2-a19c-4037-8132-c41a6c9cb499
2026-03-23 23:44:36|qwen|web_search_no_think|3|JSON_VERIFIED||1998|a1f586d6-12b2-4378-ba39-c1c9c779e868
2026-03-23 23:44:36|qwen|web_search_no_think|3|QUESTION|52|1998|a1f586d6-12b2-4378-ba39-c1c9c779e868
2026-03-23 23:44:36|qwen|web_search_no_think|3|JSON_SAVED||1998|a1f586d6-12b2-4378-ba39-c1c9c779e868
2026-03-23 23:44:36|qwen|web_search_no_think|3|QUESTION_ADVANCE||1999|5a245d88-b48c-4dee-9133-95bed5595774
2026-03-23 23:45:02|qwen|web_search_no_think|3|QUESTION_SENT||1999|5a245d88-b48c-4dee-9133-95bed5595774
2026-03-23 23:45:07|qwen|web_search_no_think|4|JSON_VERIFIED||2014|9d786c83-9fc8-44eb-add0-f6b9117d3bda
2026-03-23 23:45:07|qwen|web_search_no_think|4|QUESTION|15|2014|9d786c83-9fc8-44eb-add0-f6b9117d3bda
2026-03-23 23:45:07|qwen|web_search_no_think|4|JSON_SAVED||2014|9d786c83-9fc8-44eb-add0-f6b9117d3bda
2026-03-23 23:45:07|qwen|web_search_no_think|4|QUESTION_ADVANCE||2015|46bdf00a-f7f1-4173-b0be-8381d4f71596
2026-03-23 23:45:12|qwen|web_search_no_think|2|JSON_VERIFIED||1947|4f6e00ee-1fd0-4434-8609-791d2cea8c46
2026-03-23 23:45:12|qwen|web_search_no_think|2|QUESTION|53|1947|4f6e00ee-1fd0-4434-8609-791d2cea8c46
2026-03-23 23:45:12|qwen|web_search_no_think|2|JSON_SAVED||1947|4f6e00ee-1fd0-4434-8609-791d2cea8c46
2026-03-23 23:45:12|qwen|web_search_no_think|2|QUESTION_ADVANCE||1948|b7a3a497-b434-46ec-8c41-01d32d94a03b
2026-03-23 23:45:25|qwen|web_search_no_think|0|JSON_VERIFIED||1847|eab57cd2-a19c-4037-8132-c41a6c9cb499
2026-03-23 23:45:25|qwen|web_search_no_think|0|QUESTION|53|1847|eab57cd2-a19c-4037-8132-c41a6c9cb499
2026-03-23 23:45:25|qwen|web_search_no_think|0|JSON_SAVED||1847|eab57cd2-a19c-4037-8132-c41a6c9cb499
2026-03-23 23:45:25|qwen|web_search_no_think|0|QUESTION_ADVANCE||1848|9526e050-8a88-4afe-b543-8614fed6413d
2026-03-23 23:45:38|qwen|web_search_no_think|4|QUESTION_SENT||2015|46bdf00a-f7f1-4173-b0be-8381d4f71596
2026-03-23 23:45:38|qwen|web_search_no_think|2|QUESTION_SENT||1948|b7a3a497-b434-46ec-8c41-01d32d94a03b
2026-03-23 23:45:51|qwen|web_search_no_think|0|QUESTION_SENT||1848|9526e050-8a88-4afe-b543-8614fed6413d
2026-03-23 23:46:27|qwen|web_search_no_think|3|JSON_VERIFIED||1999|5a245d88-b48c-4dee-9133-95bed5595774
2026-03-23 23:46:27|qwen|web_search_no_think|3|QUESTION|53|1999|5a245d88-b48c-4dee-9133-95bed5595774
2026-03-23 23:46:27|qwen|web_search_no_think|3|JSON_SAVED||1999|5a245d88-b48c-4dee-9133-95bed5595774
2026-03-23 23:46:28|qwen|web_search_no_think|3|QUESTION_ADVANCE||2000|2c3d430a-6119-42c9-969a-99703931544a
2026-03-23 23:46:52|qwen|web_search_no_think|4|JSON_VERIFIED||2015|46bdf00a-f7f1-4173-b0be-8381d4f71596
2026-03-23 23:46:52|qwen|web_search_no_think|4|QUESTION|16|2015|46bdf00a-f7f1-4173-b0be-8381d4f71596
2026-03-23 23:46:52|qwen|web_search_no_think|4|JSON_SAVED||2015|46bdf00a-f7f1-4173-b0be-8381d4f71596
2026-03-23 23:46:52|qwen|web_search_no_think|4|QUESTION_ADVANCE||2016|836752fa-edef-45c7-acd0-cc98969df72e
2026-03-23 23:46:54|qwen|web_search_no_think|3|QUESTION_SENT||2000|2c3d430a-6119-42c9-969a-99703931544a
2026-03-23 23:47:04|qwen|web_search_no_think|0|JSON_VERIFIED||1848|9526e050-8a88-4afe-b543-8614fed6413d
2026-03-23 23:47:04|qwen|web_search_no_think|0|QUESTION|54|1848|9526e050-8a88-4afe-b543-8614fed6413d
2026-03-23 23:47:04|qwen|web_search_no_think|0|JSON_SAVED||1848|9526e050-8a88-4afe-b543-8614fed6413d
2026-03-23 23:47:04|qwen|web_search_no_think|0|QUESTION_ADVANCE||1849|7061c2b2-eff5-41e8-b58c-c24976f5b957
2026-03-23 23:47:08|qwen|web_search_no_think|2|JSON_VERIFIED||1948|b7a3a497-b434-46ec-8c41-01d32d94a03b
2026-03-23 23:47:08|qwen|web_search_no_think|2|QUESTION|54|1948|b7a3a497-b434-46ec-8c41-01d32d94a03b
2026-03-23 23:47:08|qwen|web_search_no_think|2|JSON_SAVED||1948|b7a3a497-b434-46ec-8c41-01d32d94a03b
2026-03-23 23:47:08|qwen|web_search_no_think|2|QUESTION_ADVANCE||1949|eebe282a-637e-4028-8c5a-47e80eda2141
2026-03-23 23:47:29|qwen|web_search_no_think|4|QUESTION_SENT||2016|836752fa-edef-45c7-acd0-cc98969df72e
2026-03-23 23:47:30|qwen|web_search_no_think|0|QUESTION_SENT||1849|7061c2b2-eff5-41e8-b58c-c24976f5b957
2026-03-23 23:47:35|qwen|web_search_no_think|2|QUESTION_SENT||1949|eebe282a-637e-4028-8c5a-47e80eda2141
2026-03-23 23:47:54|qwen|web_search_no_think|3|JSON_VERIFIED||2000|2c3d430a-6119-42c9-969a-99703931544a
2026-03-23 23:47:54|qwen|web_search_no_think|3|QUESTION|54|2000|2c3d430a-6119-42c9-969a-99703931544a
2026-03-23 23:47:54|qwen|web_search_no_think|3|JSON_SAVED||2000|2c3d430a-6119-42c9-969a-99703931544a
2026-03-23 23:47:55|qwen|web_search_no_think|3|STOP||2001|
2026-03-23 23:48:49|qwen|web_search_no_think|2|JSON_VERIFIED||1949|eebe282a-637e-4028-8c5a-47e80eda2141
2026-03-23 23:48:49|qwen|web_search_no_think|2|QUESTION|55|1949|eebe282a-637e-4028-8c5a-47e80eda2141
2026-03-23 23:48:49|qwen|web_search_no_think|2|JSON_SAVED||1949|eebe282a-637e-4028-8c5a-47e80eda2141
2026-03-23 23:48:49|qwen|web_search_no_think|2|QUESTION_ADVANCE||1950|4d23535f-b42e-4af0-89c6-02b667e31098
2026-03-23 23:48:54|qwen|web_search_no_think|4|JSON_VERIFIED||2016|836752fa-edef-45c7-acd0-cc98969df72e
2026-03-23 23:48:54|qwen|web_search_no_think|4|QUESTION|17|2016|836752fa-edef-45c7-acd0-cc98969df72e
2026-03-23 23:48:54|qwen|web_search_no_think|4|JSON_SAVED||2016|836752fa-edef-45c7-acd0-cc98969df72e
2026-03-23 23:48:54|qwen|web_search_no_think|4|QUESTION_ADVANCE||2017|0ec5493b-526c-4b48-be2a-20aefa3de46f
2026-03-23 23:49:05|qwen|web_search_no_think|0|JSON_VERIFIED||1849|7061c2b2-eff5-41e8-b58c-c24976f5b957
2026-03-23 23:49:05|qwen|web_search_no_think|0|QUESTION|55|1849|7061c2b2-eff5-41e8-b58c-c24976f5b957
2026-03-23 23:49:05|qwen|web_search_no_think|0|JSON_SAVED||1849|7061c2b2-eff5-41e8-b58c-c24976f5b957
2026-03-23 23:49:05|qwen|web_search_no_think|0|QUESTION_ADVANCE||1850|27b66552-9eba-49f7-9166-1fdb4e1cb5b3
2026-03-23 23:49:15|qwen|web_search_no_think|2|QUESTION_SENT||1950|4d23535f-b42e-4af0-89c6-02b667e31098
2026-03-23 23:49:24|qwen|web_search_no_think|4|QUESTION_SENT||2017|0ec5493b-526c-4b48-be2a-20aefa3de46f
2026-03-23 23:49:31|qwen|web_search_no_think|0|QUESTION_SENT||1850|27b66552-9eba-49f7-9166-1fdb4e1cb5b3
2026-03-23 23:50:18|qwen|web_search_no_think|2|JSON_VERIFIED||1950|4d23535f-b42e-4af0-89c6-02b667e31098
2026-03-23 23:50:18|qwen|web_search_no_think|2|QUESTION|56|1950|4d23535f-b42e-4af0-89c6-02b667e31098
2026-03-23 23:50:18|qwen|web_search_no_think|2|JSON_SAVED||1950|4d23535f-b42e-4af0-89c6-02b667e31098
2026-03-23 23:50:19|qwen|web_search_no_think|2|STOP||1951|
2026-03-23 23:50:32|qwen|web_search_no_think|0|JSON_VERIFIED||1850|27b66552-9eba-49f7-9166-1fdb4e1cb5b3
2026-03-23 23:50:32|qwen|web_search_no_think|0|QUESTION|56|1850|27b66552-9eba-49f7-9166-1fdb4e1cb5b3
2026-03-23 23:50:32|qwen|web_search_no_think|0|JSON_SAVED||1850|27b66552-9eba-49f7-9166-1fdb4e1cb5b3
2026-03-23 23:50:33|qwen|web_search_no_think|0|STOP||1851|
2026-03-23 23:51:11|qwen|web_search_no_think|4|JSON_VERIFIED||2017|0ec5493b-526c-4b48-be2a-20aefa3de46f
2026-03-23 23:51:11|qwen|web_search_no_think|4|QUESTION|18|2017|0ec5493b-526c-4b48-be2a-20aefa3de46f
2026-03-23 23:51:11|qwen|web_search_no_think|4|JSON_SAVED||2017|0ec5493b-526c-4b48-be2a-20aefa3de46f
2026-03-23 23:51:11|qwen|web_search_no_think|4|QUESTION_ADVANCE||2018|4179157e-de9d-4fa0-8e47-bb7ed03fa24a
2026-03-23 23:51:40|qwen|web_search_no_think|4|QUESTION_SENT||2018|4179157e-de9d-4fa0-8e47-bb7ed03fa24a
2026-03-23 23:53:43|qwen|web_search_no_think|4|QUESTION_SENT||2018|4179157e-de9d-4fa0-8e47-bb7ed03fa24a
2026-03-23 23:56:29|qwen|web_search_no_think|4|QUESTION_SENT||2018|4179157e-de9d-4fa0-8e47-bb7ed03fa24a
2026-03-23 23:57:54|qwen|web_search_no_think|4|JSON_VERIFIED||2018|4179157e-de9d-4fa0-8e47-bb7ed03fa24a
2026-03-23 23:57:54|qwen|web_search_no_think|4|QUESTION|19|2018|4179157e-de9d-4fa0-8e47-bb7ed03fa24a
2026-03-23 23:57:54|qwen|web_search_no_think|4|JSON_SAVED||2018|4179157e-de9d-4fa0-8e47-bb7ed03fa24a
2026-03-23 23:57:54|qwen|web_search_no_think|4|QUESTION_ADVANCE||2019|dd721661-ab93-41c8-9dc0-8100e199a752
2026-03-23 23:58:28|qwen|web_search_no_think|4|QUESTION_SENT||2019|dd721661-ab93-41c8-9dc0-8100e199a752
2026-03-24 00:00:21|qwen|web_search_no_think|4|QUESTION_SENT||2019|dd721661-ab93-41c8-9dc0-8100e199a752
2026-03-24 00:02:38|qwen|web_search_no_think|4|QUESTION_SENT||2019|dd721661-ab93-41c8-9dc0-8100e199a752
2026-03-24 00:04:12|qwen|web_search_no_think|4|JSON_VERIFIED||2019|dd721661-ab93-41c8-9dc0-8100e199a752
2026-03-24 00:04:12|qwen|web_search_no_think|4|QUESTION|20|2019|dd721661-ab93-41c8-9dc0-8100e199a752
2026-03-24 00:04:12|qwen|web_search_no_think|4|JSON_SAVED||2019|dd721661-ab93-41c8-9dc0-8100e199a752
2026-03-24 00:04:12|qwen|web_search_no_think|4|QUESTION_ADVANCE||2020|0be2814e-c5af-47fc-964d-a8736d6ce4ac
2026-03-24 00:04:47|qwen|web_search_no_think|4|QUESTION_SENT||2020|0be2814e-c5af-47fc-964d-a8736d6ce4ac
2026-03-24 00:06:00|qwen|web_search_no_think|4|JSON_VERIFIED||2020|0be2814e-c5af-47fc-964d-a8736d6ce4ac
2026-03-24 00:06:00|qwen|web_search_no_think|4|QUESTION|21|2020|0be2814e-c5af-47fc-964d-a8736d6ce4ac
2026-03-24 00:06:00|qwen|web_search_no_think|4|JSON_SAVED||2020|0be2814e-c5af-47fc-964d-a8736d6ce4ac
2026-03-24 00:06:00|qwen|web_search_no_think|4|QUESTION_ADVANCE||2021|0a5f2606-b638-408b-be32-53e6cd8642af
2026-03-24 00:06:48|qwen|web_search_no_think|4|QUESTION_SENT||2021|0a5f2606-b638-408b-be32-53e6cd8642af
2026-03-24 00:08:16|qwen|web_search_no_think|4|JSON_VERIFIED||2021|0a5f2606-b638-408b-be32-53e6cd8642af
2026-03-24 00:08:16|qwen|web_search_no_think|4|QUESTION|22|2021|0a5f2606-b638-408b-be32-53e6cd8642af
2026-03-24 00:08:16|qwen|web_search_no_think|4|JSON_SAVED||2021|0a5f2606-b638-408b-be32-53e6cd8642af
2026-03-24 00:08:16|qwen|web_search_no_think|4|QUESTION_ADVANCE||2022|40c84a56-b428-485b-bbd7-aa0f917391ec
2026-03-24 00:08:48|qwen|web_search_no_think|4|QUESTION_SENT||2022|40c84a56-b428-485b-bbd7-aa0f917391ec
2026-03-24 00:10:17|qwen|web_search_no_think|4|JSON_VERIFIED||2022|40c84a56-b428-485b-bbd7-aa0f917391ec
2026-03-24 00:10:17|qwen|web_search_no_think|4|QUESTION|23|2022|40c84a56-b428-485b-bbd7-aa0f917391ec
2026-03-24 00:10:17|qwen|web_search_no_think|4|JSON_SAVED||2022|40c84a56-b428-485b-bbd7-aa0f917391ec
2026-03-24 00:10:17|qwen|web_search_no_think|4|QUESTION_ADVANCE||2023|8da79f47-21a5-447a-8ab4-190655eda193
2026-03-24 00:10:56|qwen|web_search_no_think|4|QUESTION_SENT||2023|8da79f47-21a5-447a-8ab4-190655eda193
2026-03-24 00:13:50|qwen|web_search_no_think|4|QUESTION_SENT||2023|8da79f47-21a5-447a-8ab4-190655eda193
2026-03-24 00:14:58|qwen|web_search_no_think|4|QUESTION_SENT||2023|8da79f47-21a5-447a-8ab4-190655eda193
2026-03-24 00:16:53|qwen|web_search_no_think|4|JSON_VERIFIED||2023|8da79f47-21a5-447a-8ab4-190655eda193
2026-03-24 00:16:53|qwen|web_search_no_think|4|QUESTION|24|2023|8da79f47-21a5-447a-8ab4-190655eda193
2026-03-24 00:16:53|qwen|web_search_no_think|4|JSON_SAVED||2023|8da79f47-21a5-447a-8ab4-190655eda193
2026-03-24 00:16:53|qwen|web_search_no_think|4|QUESTION_ADVANCE||2024|0f94bddd-36ea-4875-9c0e-c9eb0d1162f7
2026-03-24 00:17:39|qwen|web_search_no_think|4|QUESTION_SENT||2024|0f94bddd-36ea-4875-9c0e-c9eb0d1162f7
2026-03-24 00:19:59|qwen|web_search_no_think|4|JSON_VERIFIED||2024|0f94bddd-36ea-4875-9c0e-c9eb0d1162f7
2026-03-24 00:19:59|qwen|web_search_no_think|4|QUESTION|25|2024|0f94bddd-36ea-4875-9c0e-c9eb0d1162f7
2026-03-24 00:19:59|qwen|web_search_no_think|4|JSON_SAVED||2024|0f94bddd-36ea-4875-9c0e-c9eb0d1162f7
2026-03-24 00:19:59|qwen|web_search_no_think|4|QUESTION_ADVANCE||2025|29e53128-8672-4696-aac4-743a3d78c842
2026-03-24 00:20:57|qwen|web_search_no_think|4|QUESTION_SENT||2025|29e53128-8672-4696-aac4-743a3d78c842
2026-03-24 00:22:27|qwen|web_search_no_think|4|JSON_VERIFIED||2025|29e53128-8672-4696-aac4-743a3d78c842
2026-03-24 00:22:27|qwen|web_search_no_think|4|QUESTION|26|2025|29e53128-8672-4696-aac4-743a3d78c842
2026-03-24 00:22:27|qwen|web_search_no_think|4|JSON_SAVED||2025|29e53128-8672-4696-aac4-743a3d78c842
2026-03-24 00:22:27|qwen|web_search_no_think|4|QUESTION_ADVANCE||2026|b9721255-0dde-4f4b-8600-6d259ff462cd
2026-03-24 00:22:56|qwen|web_search_no_think|4|QUESTION_SENT||2026|b9721255-0dde-4f4b-8600-6d259ff462cd
2026-03-24 00:24:54|qwen|web_search_no_think|4|JSON_VERIFIED||2026|b9721255-0dde-4f4b-8600-6d259ff462cd
2026-03-24 00:24:54|qwen|web_search_no_think|4|QUESTION|27|2026|b9721255-0dde-4f4b-8600-6d259ff462cd
2026-03-24 00:24:54|qwen|web_search_no_think|4|JSON_SAVED||2026|b9721255-0dde-4f4b-8600-6d259ff462cd
2026-03-24 00:24:54|qwen|web_search_no_think|4|QUESTION_ADVANCE||2027|b708863d-f79e-4db1-999d-5ac9b0eee34e
2026-03-24 00:25:58|qwen|web_search_no_think|4|QUESTION_SENT||2027|b708863d-f79e-4db1-999d-5ac9b0eee34e
2026-03-24 00:27:44|qwen|web_search_no_think|4|QUESTION_SENT||2027|b708863d-f79e-4db1-999d-5ac9b0eee34e
2026-03-24 00:28:56|qwen|web_search_no_think|4|JSON_VERIFIED||2027|b708863d-f79e-4db1-999d-5ac9b0eee34e
2026-03-24 00:28:56|qwen|web_search_no_think|4|QUESTION|28|2027|b708863d-f79e-4db1-999d-5ac9b0eee34e
2026-03-24 00:28:56|qwen|web_search_no_think|4|JSON_SAVED||2027|b708863d-f79e-4db1-999d-5ac9b0eee34e
2026-03-24 00:28:56|qwen|web_search_no_think|4|QUESTION_ADVANCE||2028|eed0084b-a05f-4331-b77b-e95607147cf4
2026-03-24 00:29:27|qwen|web_search_no_think|4|QUESTION_SENT||2028|eed0084b-a05f-4331-b77b-e95607147cf4
2026-03-24 00:30:43|qwen|web_search_no_think|4|JSON_VERIFIED||2028|eed0084b-a05f-4331-b77b-e95607147cf4
2026-03-24 00:30:43|qwen|web_search_no_think|4|QUESTION|29|2028|eed0084b-a05f-4331-b77b-e95607147cf4
2026-03-24 00:30:43|qwen|web_search_no_think|4|JSON_SAVED||2028|eed0084b-a05f-4331-b77b-e95607147cf4
2026-03-24 00:30:43|qwen|web_search_no_think|4|QUESTION_ADVANCE||2029|d5dc6c67-d49c-4fd4-92a1-3cd448395816
2026-03-24 00:31:10|qwen|web_search_no_think|4|QUESTION_SENT||2029|d5dc6c67-d49c-4fd4-92a1-3cd448395816
2026-03-24 00:32:53|qwen|web_search_no_think|4|JSON_VERIFIED||2029|d5dc6c67-d49c-4fd4-92a1-3cd448395816
2026-03-24 00:32:53|qwen|web_search_no_think|4|QUESTION|30|2029|d5dc6c67-d49c-4fd4-92a1-3cd448395816
2026-03-24 00:32:53|qwen|web_search_no_think|4|JSON_SAVED||2029|d5dc6c67-d49c-4fd4-92a1-3cd448395816
2026-03-24 00:32:53|qwen|web_search_no_think|4|QUESTION_ADVANCE||2030|ef035ac8-b57e-467c-bcfc-5d5e0b2045e1
2026-03-24 00:33:21|qwen|web_search_no_think|4|QUESTION_SENT||2030|ef035ac8-b57e-467c-bcfc-5d5e0b2045e1
2026-03-24 00:35:07|qwen|web_search_no_think|4|QUESTION_SENT||2030|ef035ac8-b57e-467c-bcfc-5d5e0b2045e1
2026-03-24 00:36:23|qwen|web_search_no_think|4|JSON_VERIFIED||2030|ef035ac8-b57e-467c-bcfc-5d5e0b2045e1
2026-03-24 00:36:23|qwen|web_search_no_think|4|QUESTION|31|2030|ef035ac8-b57e-467c-bcfc-5d5e0b2045e1
2026-03-24 00:36:23|qwen|web_search_no_think|4|JSON_SAVED||2030|ef035ac8-b57e-467c-bcfc-5d5e0b2045e1
2026-03-24 00:36:23|qwen|web_search_no_think|4|QUESTION_ADVANCE||2031|147abbeb-e57f-42e5-87f8-6a4efa0254e0
2026-03-24 00:36:53|qwen|web_search_no_think|4|QUESTION_SENT||2031|147abbeb-e57f-42e5-87f8-6a4efa0254e0
2026-03-24 00:37:53|qwen|web_search_no_think|4|JSON_VERIFIED||2031|147abbeb-e57f-42e5-87f8-6a4efa0254e0
2026-03-24 00:37:53|qwen|web_search_no_think|4|QUESTION|32|2031|147abbeb-e57f-42e5-87f8-6a4efa0254e0
2026-03-24 00:37:53|qwen|web_search_no_think|4|JSON_SAVED||2031|147abbeb-e57f-42e5-87f8-6a4efa0254e0
2026-03-24 00:37:53|qwen|web_search_no_think|4|QUESTION_ADVANCE||2032|0eeef5bb-cf47-4bd5-8f4c-11819c841a13
2026-03-24 00:38:24|qwen|web_search_no_think|4|QUESTION_SENT||2032|0eeef5bb-cf47-4bd5-8f4c-11819c841a13
2026-03-24 00:40:12|qwen|web_search_no_think|4|JSON_VERIFIED||2032|0eeef5bb-cf47-4bd5-8f4c-11819c841a13
2026-03-24 00:40:12|qwen|web_search_no_think|4|QUESTION|33|2032|0eeef5bb-cf47-4bd5-8f4c-11819c841a13
2026-03-24 00:40:12|qwen|web_search_no_think|4|JSON_SAVED||2032|0eeef5bb-cf47-4bd5-8f4c-11819c841a13
2026-03-24 00:40:12|qwen|web_search_no_think|4|QUESTION_ADVANCE||2033|a5133ab8-1fc8-4a86-9f84-3ac57cb3c380
2026-03-24 00:40:43|qwen|web_search_no_think|4|QUESTION_SENT||2033|a5133ab8-1fc8-4a86-9f84-3ac57cb3c380
2026-03-24 00:42:31|qwen|web_search_no_think|4|JSON_VERIFIED||2033|a5133ab8-1fc8-4a86-9f84-3ac57cb3c380
2026-03-24 00:42:31|qwen|web_search_no_think|4|QUESTION|34|2033|a5133ab8-1fc8-4a86-9f84-3ac57cb3c380
2026-03-24 00:42:31|qwen|web_search_no_think|4|JSON_SAVED||2033|a5133ab8-1fc8-4a86-9f84-3ac57cb3c380
2026-03-24 00:42:31|qwen|web_search_no_think|4|QUESTION_ADVANCE||2034|43440296-4041-4edf-b158-43e897371864
2026-03-24 00:43:05|qwen|web_search_no_think|4|QUESTION_SENT||2034|43440296-4041-4edf-b158-43e897371864
2026-03-24 00:44:44|qwen|web_search_no_think|4|QUESTION_SENT||2034|43440296-4041-4edf-b158-43e897371864
2026-03-24 00:45:57|qwen|web_search_no_think|4|JSON_VERIFIED||2034|43440296-4041-4edf-b158-43e897371864
2026-03-24 00:45:57|qwen|web_search_no_think|4|QUESTION|35|2034|43440296-4041-4edf-b158-43e897371864
2026-03-24 00:45:57|qwen|web_search_no_think|4|JSON_SAVED||2034|43440296-4041-4edf-b158-43e897371864
2026-03-24 00:45:57|qwen|web_search_no_think|4|QUESTION_ADVANCE||2035|d9b95745-8f22-4a50-ac23-6cde9e8049a1
2026-03-24 00:46:30|qwen|web_search_no_think|4|QUESTION_SENT||2035|d9b95745-8f22-4a50-ac23-6cde9e8049a1
2026-03-24 00:48:09|qwen|web_search_no_think|4|JSON_VERIFIED||2035|d9b95745-8f22-4a50-ac23-6cde9e8049a1
2026-03-24 00:48:09|qwen|web_search_no_think|4|QUESTION|36|2035|d9b95745-8f22-4a50-ac23-6cde9e8049a1
2026-03-24 00:48:09|qwen|web_search_no_think|4|JSON_SAVED||2035|d9b95745-8f22-4a50-ac23-6cde9e8049a1
2026-03-24 00:48:09|qwen|web_search_no_think|4|QUESTION_ADVANCE||2036|283938e4-c2f1-4c68-b4e7-cd5b5ec99846
2026-03-24 00:48:43|qwen|web_search_no_think|4|QUESTION_SENT||2036|283938e4-c2f1-4c68-b4e7-cd5b5ec99846
2026-03-24 00:50:18|qwen|web_search_no_think|4|JSON_VERIFIED||2036|283938e4-c2f1-4c68-b4e7-cd5b5ec99846
2026-03-24 00:50:18|qwen|web_search_no_think|4|QUESTION|37|2036|283938e4-c2f1-4c68-b4e7-cd5b5ec99846
2026-03-24 00:50:18|qwen|web_search_no_think|4|JSON_SAVED||2036|283938e4-c2f1-4c68-b4e7-cd5b5ec99846
2026-03-24 00:50:18|qwen|web_search_no_think|4|QUESTION_ADVANCE||2037|1e7a563f-3376-4141-bb11-3419e6d34e1e
