timestamp|site|scenario|bot_id|event_type|attempt_number|global_index|question_uid
2026-03-28 17:08:22|qwen|web_search_no_think|0|RESTART||601|ef2486e1-74a4-4cc4-9f5a-abbe7440c8da
2026-03-28 17:08:31|qwen|web_search_no_think|1|RESTART||671|d0c20f95-9344-4606-ac66-275374d05196
2026-03-28 17:08:36|qwen|web_search_no_think|3|RESTART||811|20219800-1f04-484b-b6dc-773ac435fb8a
2026-03-28 17:08:44|qwen|web_search_no_think|2|RESTART||741|dc265b3c-84b6-4291-a694-cb42e496db51
2026-03-28 17:08:48|qwen|web_search_no_think|1|QUESTION_SENT||671|d0c20f95-9344-4606-ac66-275374d05196
2026-03-28 17:08:50|qwen|web_search_no_think|4|RESTART||881|84099c08-eb10-4519-ae51-2f6916f966f8
2026-03-28 17:08:50|qwen|web_search_no_think|0|QUESTION_SENT||601|ef2486e1-74a4-4cc4-9f5a-abbe7440c8da
2026-03-28 17:08:54|qwen|web_search_no_think|3|QUESTION_SENT||811|20219800-1f04-484b-b6dc-773ac435fb8a
2026-03-28 17:08:55|qwen|web_search_no_think|5|RESTART||951|54cba4c0-0234-467f-ad12-ea236f68a37f
2026-03-28 17:09:01|qwen|web_search_no_think|2|QUESTION_SENT||741|dc265b3c-84b6-4291-a694-cb42e496db51
2026-03-28 17:09:12|qwen|web_search_no_think|5|QUESTION_SENT||951|54cba4c0-0234-467f-ad12-ea236f68a37f
2026-03-28 17:09:21|qwen|web_search_no_think|4|QUESTION_SENT||881|84099c08-eb10-4519-ae51-2f6916f966f8
2026-03-28 17:09:58|qwen|web_search_no_think|5|QUESTION_SENT||951|54cba4c0-0234-467f-ad12-ea236f68a37f
2026-03-28 17:10:28|qwen|web_search_no_think|1|QUESTION_SENT||671|d0c20f95-9344-4606-ac66-275374d05196
2026-03-28 17:10:30|qwen|web_search_no_think|2|QUESTION_SENT||741|dc265b3c-84b6-4291-a694-cb42e496db51
2026-03-28 17:10:42|qwen|web_search_no_think|0|QUESTION_SENT||601|ef2486e1-74a4-4cc4-9f5a-abbe7440c8da
2026-03-28 17:10:52|qwen|web_search_no_think|3|QUESTION_SENT||811|20219800-1f04-484b-b6dc-773ac435fb8a
2026-03-28 17:11:16|qwen|web_search_no_think|4|QUESTION_SENT||881|84099c08-eb10-4519-ae51-2f6916f966f8
2026-03-28 17:11:40|qwen|web_search_no_think|5|QUESTION_SENT||951|54cba4c0-0234-467f-ad12-ea236f68a37f
2026-03-28 17:11:47|qwen|web_search_no_think|1|QUESTION_SENT||671|d0c20f95-9344-4606-ac66-275374d05196
2026-03-28 17:12:34|qwen|web_search_no_think|0|QUESTION_SENT||601|ef2486e1-74a4-4cc4-9f5a-abbe7440c8da
2026-03-28 17:12:52|qwen|web_search_no_think|2|QUESTION_SENT||741|dc265b3c-84b6-4291-a694-cb42e496db51
2026-03-28 17:12:54|qwen|web_search_no_think|4|QUESTION_SENT||881|84099c08-eb10-4519-ae51-2f6916f966f8
2026-03-28 17:13:10|qwen|web_search_no_think|1|QUESTION_SENT||671|d0c20f95-9344-4606-ac66-275374d05196
2026-03-28 17:13:35|qwen|web_search_no_think|5|QUESTION_SENT||951|54cba4c0-0234-467f-ad12-ea236f68a37f
2026-03-28 17:14:03|qwen|web_search_no_think|3|QUESTION_SENT||811|20219800-1f04-484b-b6dc-773ac435fb8a
2026-03-28 17:14:08|qwen|web_search_no_think|2|QUESTION_SENT||741|dc265b3c-84b6-4291-a694-cb42e496db51
2026-03-28 17:14:21|qwen|web_search_no_think|0|QUESTION_SENT||601|ef2486e1-74a4-4cc4-9f5a-abbe7440c8da
2026-03-28 17:14:32|qwen|web_search_no_think|4|QUESTION_SENT||881|84099c08-eb10-4519-ae51-2f6916f966f8
2026-03-28 17:14:46|qwen|web_search_no_think|1|QUESTION_SENT||671|d0c20f95-9344-4606-ac66-275374d05196
2026-03-28 17:15:21|qwen|web_search_no_think|3|QUESTION_SENT||811|20219800-1f04-484b-b6dc-773ac435fb8a
2026-03-28 17:15:28|qwen|web_search_no_think|2|QUESTION_SENT||741|dc265b3c-84b6-4291-a694-cb42e496db51
2026-03-28 17:16:04|qwen|web_search_no_think|5|QUESTION_SENT||951|54cba4c0-0234-467f-ad12-ea236f68a37f
2026-03-28 17:16:09|qwen|web_search_no_think|1|QUESTION_SENT||671|d0c20f95-9344-4606-ac66-275374d05196
2026-03-28 17:16:18|qwen|web_search_no_think|0|QUESTION_SENT||601|ef2486e1-74a4-4cc4-9f5a-abbe7440c8da
2026-03-28 17:16:23|qwen|web_search_no_think|4|QUESTION_SENT||881|84099c08-eb10-4519-ae51-2f6916f966f8
2026-03-28 17:17:16|qwen|web_search_no_think|3|QUESTION_SENT||811|20219800-1f04-484b-b6dc-773ac435fb8a
2026-03-28 17:17:22|qwen|web_search_no_think|2|QUESTION_SENT||741|dc265b3c-84b6-4291-a694-cb42e496db51
2026-03-28 17:17:34|qwen|web_search_no_think|1|QUESTION_SENT||671|d0c20f95-9344-4606-ac66-275374d05196
2026-03-28 17:17:47|qwen|web_search_no_think|5|QUESTION_SENT||951|54cba4c0-0234-467f-ad12-ea236f68a37f
2026-03-28 17:17:56|qwen|web_search_no_think|4|QUESTION_SENT||881|84099c08-eb10-4519-ae51-2f6916f966f8
2026-03-28 17:18:03|qwen|web_search_no_think|0|QUESTION_SENT||601|ef2486e1-74a4-4cc4-9f5a-abbe7440c8da
2026-03-28 17:18:43|qwen|web_search_no_think|2|QUESTION_SENT||741|dc265b3c-84b6-4291-a694-cb42e496db51
2026-03-28 17:18:43|qwen|web_search_no_think|5|QUESTION_SENT||951|54cba4c0-0234-467f-ad12-ea236f68a37f
2026-03-28 17:18:47|qwen|web_search_no_think|3|QUESTION_SENT||811|20219800-1f04-484b-b6dc-773ac435fb8a
2026-03-28 17:18:52|qwen|web_search_no_think|1|QUESTION_SENT||671|d0c20f95-9344-4606-ac66-275374d05196
2026-03-28 17:19:33|qwen|web_search_no_think|0|QUESTION_SENT||601|ef2486e1-74a4-4cc4-9f5a-abbe7440c8da
2026-03-28 17:19:34|qwen|web_search_no_think|2|QUESTION_SENT||741|dc265b3c-84b6-4291-a694-cb42e496db51
2026-03-28 17:19:34|qwen|web_search_no_think|5|QUESTION_SENT||951|54cba4c0-0234-467f-ad12-ea236f68a37f
2026-03-28 17:19:35|qwen|web_search_no_think|4|QUESTION_SENT||881|84099c08-eb10-4519-ae51-2f6916f966f8
2026-03-28 17:20:25|qwen|web_search_no_think|1|QUESTION_SENT||671|d0c20f95-9344-4606-ac66-275374d05196
2026-03-28 17:20:38|qwen|web_search_no_think|4|QUESTION_SENT||881|84099c08-eb10-4519-ae51-2f6916f966f8
2026-03-28 17:20:38|qwen|web_search_no_think|3|QUESTION_SENT||811|20219800-1f04-484b-b6dc-773ac435fb8a
2026-03-28 17:20:42|qwen|web_search_no_think|2|QUESTION_SENT||741|dc265b3c-84b6-4291-a694-cb42e496db51
2026-03-28 17:21:03|qwen|web_search_no_think|0|QUESTION_SENT||601|ef2486e1-74a4-4cc4-9f5a-abbe7440c8da
2026-03-28 17:21:29|qwen|web_search_no_think|3|QUESTION_SENT||811|20219800-1f04-484b-b6dc-773ac435fb8a
2026-03-28 17:21:33|qwen|web_search_no_think|5|QUESTION_SENT||951|54cba4c0-0234-467f-ad12-ea236f68a37f
2026-03-28 17:21:59|qwen|web_search_no_think|1|QUESTION_SENT||671|d0c20f95-9344-4606-ac66-275374d05196
2026-03-28 17:22:06|qwen|web_search_no_think|2|QUESTION_SENT||741|dc265b3c-84b6-4291-a694-cb42e496db51
2026-03-28 17:22:15|qwen|web_search_no_think|4|QUESTION_SENT||881|84099c08-eb10-4519-ae51-2f6916f966f8
2026-03-28 17:22:43|qwen|web_search_no_think|0|QUESTION_SENT||601|ef2486e1-74a4-4cc4-9f5a-abbe7440c8da
2026-03-28 17:23:09|qwen|web_search_no_think|3|QUESTION_SENT||811|20219800-1f04-484b-b6dc-773ac435fb8a
2026-03-28 17:23:26|qwen|web_search_no_think|5|QUESTION_SENT||951|54cba4c0-0234-467f-ad12-ea236f68a37f
2026-03-28 17:23:27|qwen|web_search_no_think|1|QUESTION_SENT||671|d0c20f95-9344-4606-ac66-275374d05196
2026-03-28 17:23:43|qwen|web_search_no_think|2|QUESTION_SENT||741|dc265b3c-84b6-4291-a694-cb42e496db51
2026-03-28 17:24:07|qwen|web_search_no_think|0|QUESTION_SENT||601|ef2486e1-74a4-4cc4-9f5a-abbe7440c8da
2026-03-28 17:24:16|qwen|web_search_no_think|1|QUESTION_SENT||671|d0c20f95-9344-4606-ac66-275374d05196
2026-03-28 17:24:19|qwen|web_search_no_think|4|QUESTION_SENT||881|84099c08-eb10-4519-ae51-2f6916f966f8
2026-03-28 17:25:03|qwen|web_search_no_think|5|QUESTION_SENT||951|54cba4c0-0234-467f-ad12-ea236f68a37f
2026-03-28 17:25:07|qwen|web_search_no_think|2|QUESTION_SENT||741|dc265b3c-84b6-4291-a694-cb42e496db51
2026-03-28 17:25:28|qwen|web_search_no_think|3|QUESTION_SENT||811|20219800-1f04-484b-b6dc-773ac435fb8a
2026-03-28 17:25:38|qwen|web_search_no_think|1|QUESTION_SENT||671|d0c20f95-9344-4606-ac66-275374d05196
2026-03-28 17:25:47|qwen|web_search_no_think|0|QUESTION_SENT||601|ef2486e1-74a4-4cc4-9f5a-abbe7440c8da
2026-03-28 17:26:01|qwen|web_search_no_think|4|QUESTION_SENT||881|84099c08-eb10-4519-ae51-2f6916f966f8
2026-03-28 17:26:37|qwen|web_search_no_think|5|QUESTION_SENT||951|54cba4c0-0234-467f-ad12-ea236f68a37f
2026-03-28 17:26:40|qwen|web_search_no_think|2|QUESTION_SENT||741|dc265b3c-84b6-4291-a694-cb42e496db51
2026-03-28 17:26:54|qwen|web_search_no_think|3|QUESTION_SENT||811|20219800-1f04-484b-b6dc-773ac435fb8a
2026-03-28 17:27:26|qwen|web_search_no_think|0|QUESTION_SENT||601|ef2486e1-74a4-4cc4-9f5a-abbe7440c8da
2026-03-28 17:27:26|qwen|web_search_no_think|1|QUESTION_SENT||671|d0c20f95-9344-4606-ac66-275374d05196
2026-03-28 17:27:38|qwen|web_search_no_think|4|QUESTION_SENT||881|84099c08-eb10-4519-ae51-2f6916f966f8
2026-03-28 17:28:06|qwen|web_search_no_think|2|QUESTION_SENT||741|dc265b3c-84b6-4291-a694-cb42e496db51
2026-03-28 17:28:16|qwen|web_search_no_think|3|QUESTION_SENT||811|20219800-1f04-484b-b6dc-773ac435fb8a
2026-03-28 17:28:20|qwen|web_search_no_think|5|QUESTION_SENT||951|54cba4c0-0234-467f-ad12-ea236f68a37f
2026-03-28 17:28:45|qwen|web_search_no_think|1|QUESTION_SENT||671|d0c20f95-9344-4606-ac66-275374d05196
2026-03-28 17:28:50|qwen|web_search_no_think|0|QUESTION_SENT||601|ef2486e1-74a4-4cc4-9f5a-abbe7440c8da
2026-03-28 17:29:12|qwen|web_search_no_think|4|QUESTION_SENT||881|84099c08-eb10-4519-ae51-2f6916f966f8
2026-03-28 17:29:29|qwen|web_search_no_think|2|QUESTION_SENT||741|dc265b3c-84b6-4291-a694-cb42e496db51
2026-03-28 17:30:00|qwen|web_search_no_think|3|QUESTION_SENT||811|20219800-1f04-484b-b6dc-773ac435fb8a
2026-03-28 17:30:15|qwen|web_search_no_think|5|QUESTION_SENT||951|54cba4c0-0234-467f-ad12-ea236f68a37f
2026-03-28 17:30:16|qwen|web_search_no_think|0|QUESTION_SENT||601|ef2486e1-74a4-4cc4-9f5a-abbe7440c8da
2026-03-28 17:30:35|qwen|web_search_no_think|1|QUESTION_SENT||671|d0c20f95-9344-4606-ac66-275374d05196
2026-03-28 17:30:42|qwen|web_search_no_think|4|QUESTION_SENT||881|84099c08-eb10-4519-ae51-2f6916f966f8
2026-03-28 17:31:03|qwen|web_search_no_think|2|QUESTION_SENT||741|dc265b3c-84b6-4291-a694-cb42e496db51
2026-03-28 17:32:01|qwen|web_search_no_think|0|QUESTION_SENT||601|ef2486e1-74a4-4cc4-9f5a-abbe7440c8da
2026-03-28 17:32:05|qwen|web_search_no_think|1|QUESTION_SENT||671|d0c20f95-9344-4606-ac66-275374d05196
2026-03-28 17:32:07|qwen|web_search_no_think|3|QUESTION_SENT||811|20219800-1f04-484b-b6dc-773ac435fb8a
2026-03-28 17:32:12|qwen|web_search_no_think|5|QUESTION_SENT||951|54cba4c0-0234-467f-ad12-ea236f68a37f
2026-03-28 17:32:33|qwen|web_search_no_think|2|QUESTION_SENT||741|dc265b3c-84b6-4291-a694-cb42e496db51
2026-03-28 17:32:49|qwen|web_search_no_think|4|QUESTION_SENT||881|84099c08-eb10-4519-ae51-2f6916f966f8
2026-03-28 17:33:35|qwen|web_search_no_think|1|QUESTION_SENT||671|d0c20f95-9344-4606-ac66-275374d05196
2026-03-28 17:33:38|qwen|web_search_no_think|3|QUESTION_SENT||811|20219800-1f04-484b-b6dc-773ac435fb8a
2026-03-28 17:33:40|qwen|web_search_no_think|0|QUESTION_SENT||601|ef2486e1-74a4-4cc4-9f5a-abbe7440c8da
2026-03-28 17:34:02|qwen|web_search_no_think|5|QUESTION_SENT||951|54cba4c0-0234-467f-ad12-ea236f68a37f
2026-03-28 17:34:13|qwen|web_search_no_think|2|QUESTION_SENT||741|dc265b3c-84b6-4291-a694-cb42e496db51
2026-03-28 17:34:28|qwen|web_search_no_think|4|QUESTION_SENT||881|84099c08-eb10-4519-ae51-2f6916f966f8
2026-03-28 17:34:57|qwen|web_search_no_think|1|QUESTION_SENT||671|d0c20f95-9344-4606-ac66-275374d05196
2026-03-28 17:35:30|qwen|web_search_no_think|0|QUESTION_SENT||601|ef2486e1-74a4-4cc4-9f5a-abbe7440c8da
2026-03-28 17:35:51|qwen|web_search_no_think|2|QUESTION_SENT||741|dc265b3c-84b6-4291-a694-cb42e496db51
2026-03-28 17:35:51|qwen|web_search_no_think|3|QUESTION_SENT||811|20219800-1f04-484b-b6dc-773ac435fb8a
2026-03-28 17:36:29|qwen|web_search_no_think|4|QUESTION_SENT||881|84099c08-eb10-4519-ae51-2f6916f966f8
2026-03-28 17:36:30|qwen|web_search_no_think|1|QUESTION_SENT||671|d0c20f95-9344-4606-ac66-275374d05196
2026-03-28 17:36:55|qwen|web_search_no_think|0|QUESTION_SENT||601|ef2486e1-74a4-4cc4-9f5a-abbe7440c8da
2026-03-28 17:37:16|qwen|web_search_no_think|5|QUESTION_SENT||951|54cba4c0-0234-467f-ad12-ea236f68a37f
2026-03-28 17:37:25|qwen|web_search_no_think|3|QUESTION_SENT||811|20219800-1f04-484b-b6dc-773ac435fb8a
2026-03-28 17:37:50|qwen|web_search_no_think|2|QUESTION_SENT||741|dc265b3c-84b6-4291-a694-cb42e496db51
2026-03-28 17:38:03|qwen|web_search_no_think|4|QUESTION_SENT||881|84099c08-eb10-4519-ae51-2f6916f966f8
2026-03-28 17:38:05|qwen|web_search_no_think|1|QUESTION_SENT||671|d0c20f95-9344-4606-ac66-275374d05196
2026-03-28 17:38:30|qwen|web_search_no_think|0|QUESTION_SENT||601|ef2486e1-74a4-4cc4-9f5a-abbe7440c8da
2026-03-28 17:39:01|qwen|web_search_no_think|3|QUESTION_SENT||811|20219800-1f04-484b-b6dc-773ac435fb8a
2026-03-28 17:39:15|qwen|web_search_no_think|2|QUESTION_SENT||741|dc265b3c-84b6-4291-a694-cb42e496db51
2026-03-28 17:39:45|qwen|web_search_no_think|1|QUESTION_SENT||671|d0c20f95-9344-4606-ac66-275374d05196
2026-03-28 17:39:50|qwen|web_search_no_think|5|QUESTION_SENT||951|54cba4c0-0234-467f-ad12-ea236f68a37f
2026-03-28 17:40:04|qwen|web_search_no_think|4|QUESTION_SENT||881|84099c08-eb10-4519-ae51-2f6916f966f8
2026-03-28 17:40:14|qwen|web_search_no_think|0|QUESTION_SENT||601|ef2486e1-74a4-4cc4-9f5a-abbe7440c8da
2026-03-28 17:40:39|qwen|web_search_no_think|3|QUESTION_SENT||811|20219800-1f04-484b-b6dc-773ac435fb8a
2026-03-28 17:40:46|qwen|web_search_no_think|2|QUESTION_SENT||741|dc265b3c-84b6-4291-a694-cb42e496db51
2026-03-28 17:41:46|qwen|web_search_no_think|4|QUESTION_SENT||881|84099c08-eb10-4519-ae51-2f6916f966f8
2026-03-28 17:41:48|qwen|web_search_no_think|5|QUESTION_SENT||951|54cba4c0-0234-467f-ad12-ea236f68a37f
2026-03-28 17:41:58|qwen|web_search_no_think|0|QUESTION_SENT||601|ef2486e1-74a4-4cc4-9f5a-abbe7440c8da
2026-03-28 17:42:01|qwen|web_search_no_think|1|QUESTION_SENT||671|d0c20f95-9344-4606-ac66-275374d05196
2026-03-28 17:42:15|qwen|web_search_no_think|2|QUESTION_SENT||741|dc265b3c-84b6-4291-a694-cb42e496db51
2026-03-28 17:42:32|qwen|web_search_no_think|3|QUESTION_SENT||811|20219800-1f04-484b-b6dc-773ac435fb8a
2026-03-28 17:43:13|qwen|web_search_no_think|4|QUESTION_SENT||881|84099c08-eb10-4519-ae51-2f6916f966f8
2026-03-28 17:43:30|qwen|web_search_no_think|0|QUESTION_SENT||601|ef2486e1-74a4-4cc4-9f5a-abbe7440c8da
2026-03-28 17:43:35|qwen|web_search_no_think|1|QUESTION_SENT||671|d0c20f95-9344-4606-ac66-275374d05196
2026-03-28 17:43:40|qwen|web_search_no_think|5|QUESTION_SENT||951|54cba4c0-0234-467f-ad12-ea236f68a37f
2026-03-28 17:43:43|qwen|web_search_no_think|2|QUESTION_SENT||741|dc265b3c-84b6-4291-a694-cb42e496db51
2026-03-28 17:44:06|qwen|web_search_no_think|3|QUESTION_SENT||811|20219800-1f04-484b-b6dc-773ac435fb8a
2026-03-28 17:44:55|qwen|web_search_no_think|1|QUESTION_SENT||671|d0c20f95-9344-4606-ac66-275374d05196
2026-03-28 17:44:59|qwen|web_search_no_think|4|QUESTION_SENT||881|84099c08-eb10-4519-ae51-2f6916f966f8
2026-03-28 17:45:00|qwen|web_search_no_think|0|QUESTION_SENT||601|ef2486e1-74a4-4cc4-9f5a-abbe7440c8da
2026-03-28 17:45:05|qwen|web_search_no_think|2|QUESTION_SENT||741|dc265b3c-84b6-4291-a694-cb42e496db51
2026-03-28 17:45:44|qwen|web_search_no_think|5|QUESTION_SENT||951|54cba4c0-0234-467f-ad12-ea236f68a37f
2026-03-28 17:46:14|qwen|web_search_no_think|1|QUESTION_SENT||671|d0c20f95-9344-4606-ac66-275374d05196
2026-03-28 17:46:21|qwen|web_search_no_think|3|QUESTION_SENT||811|20219800-1f04-484b-b6dc-773ac435fb8a
2026-03-28 17:46:27|qwen|web_search_no_think|0|QUESTION_SENT||601|ef2486e1-74a4-4cc4-9f5a-abbe7440c8da
2026-03-28 17:46:43|qwen|web_search_no_think|2|QUESTION_SENT||741|dc265b3c-84b6-4291-a694-cb42e496db51
2026-03-28 17:46:44|qwen|web_search_no_think|4|QUESTION_SENT||881|84099c08-eb10-4519-ae51-2f6916f966f8
2026-03-28 17:46:55|qwen|web_search_no_think|5|QUESTION_SENT||951|54cba4c0-0234-467f-ad12-ea236f68a37f
2026-03-28 17:47:35|qwen|web_search_no_think|1|QUESTION_SENT||671|d0c20f95-9344-4606-ac66-275374d05196
2026-03-28 17:47:59|qwen|web_search_no_think|3|QUESTION_SENT||811|20219800-1f04-484b-b6dc-773ac435fb8a
2026-03-28 17:48:12|qwen|web_search_no_think|2|QUESTION_SENT||741|dc265b3c-84b6-4291-a694-cb42e496db51
2026-03-28 17:48:15|qwen|web_search_no_think|0|QUESTION_SENT||601|ef2486e1-74a4-4cc4-9f5a-abbe7440c8da
2026-03-28 17:48:26|qwen|web_search_no_think|4|QUESTION_SENT||881|84099c08-eb10-4519-ae51-2f6916f966f8
2026-03-28 17:49:08|qwen|web_search_no_think|1|QUESTION_SENT||671|d0c20f95-9344-4606-ac66-275374d05196
2026-03-28 17:49:35|qwen|web_search_no_think|5|QUESTION_SENT||951|54cba4c0-0234-467f-ad12-ea236f68a37f
2026-03-28 17:49:43|qwen|web_search_no_think|3|QUESTION_SENT||811|20219800-1f04-484b-b6dc-773ac435fb8a
2026-03-28 17:49:45|qwen|web_search_no_think|2|QUESTION_SENT||741|dc265b3c-84b6-4291-a694-cb42e496db51
2026-03-28 17:50:14|qwen|web_search_no_think|4|QUESTION_SENT||881|84099c08-eb10-4519-ae51-2f6916f966f8
2026-03-28 17:50:21|qwen|web_search_no_think|0|QUESTION_SENT||601|ef2486e1-74a4-4cc4-9f5a-abbe7440c8da
2026-03-28 17:50:38|qwen|web_search_no_think|1|QUESTION_SENT||671|d0c20f95-9344-4606-ac66-275374d05196
2026-03-28 17:51:09|qwen|web_search_no_think|2|QUESTION_SENT||741|dc265b3c-84b6-4291-a694-cb42e496db51
2026-03-28 17:51:30|qwen|web_search_no_think|3|QUESTION_SENT||811|20219800-1f04-484b-b6dc-773ac435fb8a
2026-03-28 17:51:42|qwen|web_search_no_think|5|QUESTION_SENT||951|54cba4c0-0234-467f-ad12-ea236f68a37f
2026-03-28 17:51:58|qwen|web_search_no_think|0|QUESTION_SENT||601|ef2486e1-74a4-4cc4-9f5a-abbe7440c8da
2026-03-28 17:52:08|qwen|web_search_no_think|4|QUESTION_SENT||881|84099c08-eb10-4519-ae51-2f6916f966f8
2026-03-28 17:52:08|qwen|web_search_no_think|1|QUESTION_SENT||671|d0c20f95-9344-4606-ac66-275374d05196
2026-03-28 17:52:37|qwen|web_search_no_think|2|QUESTION_SENT||741|dc265b3c-84b6-4291-a694-cb42e496db51
2026-03-28 17:52:59|qwen|web_search_no_think|3|QUESTION_SENT||811|20219800-1f04-484b-b6dc-773ac435fb8a
2026-03-28 17:53:18|qwen|web_search_no_think|5|QUESTION_SENT||951|54cba4c0-0234-467f-ad12-ea236f68a37f
2026-03-28 17:53:36|qwen|web_search_no_think|0|QUESTION_SENT||601|ef2486e1-74a4-4cc4-9f5a-abbe7440c8da
2026-03-28 17:53:40|qwen|web_search_no_think|4|QUESTION_SENT||881|84099c08-eb10-4519-ae51-2f6916f966f8
2026-03-28 17:53:57|qwen|web_search_no_think|1|QUESTION_SENT||671|d0c20f95-9344-4606-ac66-275374d05196
2026-03-28 17:54:05|qwen|web_search_no_think|2|QUESTION_SENT||741|dc265b3c-84b6-4291-a694-cb42e496db51
2026-03-28 17:54:42|qwen|web_search_no_think|3|QUESTION_SENT||811|20219800-1f04-484b-b6dc-773ac435fb8a
2026-03-28 17:54:58|qwen|web_search_no_think|5|QUESTION_SENT||951|54cba4c0-0234-467f-ad12-ea236f68a37f
2026-03-28 17:55:07|qwen|web_search_no_think|4|QUESTION_SENT||881|84099c08-eb10-4519-ae51-2f6916f966f8
2026-03-28 17:55:26|qwen|web_search_no_think|0|QUESTION_SENT||601|ef2486e1-74a4-4cc4-9f5a-abbe7440c8da
2026-03-28 17:55:28|qwen|web_search_no_think|1|QUESTION_SENT||671|d0c20f95-9344-4606-ac66-275374d05196
2026-03-28 17:55:31|qwen|web_search_no_think|2|QUESTION_SENT||741|dc265b3c-84b6-4291-a694-cb42e496db51
2026-03-28 17:56:06|qwen|web_search_no_think|3|QUESTION_SENT||811|20219800-1f04-484b-b6dc-773ac435fb8a
2026-03-28 17:56:51|qwen|web_search_no_think|1|QUESTION_SENT||671|d0c20f95-9344-4606-ac66-275374d05196
2026-03-28 17:56:53|qwen|web_search_no_think|4|QUESTION_SENT||881|84099c08-eb10-4519-ae51-2f6916f966f8
2026-03-28 17:56:58|qwen|web_search_no_think|2|QUESTION_SENT||741|dc265b3c-84b6-4291-a694-cb42e496db51
2026-03-28 17:57:02|qwen|web_search_no_think|0|QUESTION_SENT||601|ef2486e1-74a4-4cc4-9f5a-abbe7440c8da
2026-03-28 17:57:03|qwen|web_search_no_think|5|QUESTION_SENT||951|54cba4c0-0234-467f-ad12-ea236f68a37f
2026-03-28 17:57:43|qwen|web_search_no_think|3|QUESTION_SENT||811|20219800-1f04-484b-b6dc-773ac435fb8a
2026-03-28 17:58:18|qwen|web_search_no_think|2|QUESTION_SENT||741|dc265b3c-84b6-4291-a694-cb42e496db51
2026-03-28 17:58:27|qwen|web_search_no_think|1|QUESTION_SENT||671|d0c20f95-9344-4606-ac66-275374d05196
2026-03-28 17:58:36|qwen|web_search_no_think|4|QUESTION_SENT||881|84099c08-eb10-4519-ae51-2f6916f966f8
2026-03-28 17:58:46|qwen|web_search_no_think|5|QUESTION_SENT||951|54cba4c0-0234-467f-ad12-ea236f68a37f
2026-03-28 17:58:55|qwen|web_search_no_think|0|QUESTION_SENT||601|ef2486e1-74a4-4cc4-9f5a-abbe7440c8da
2026-03-28 17:59:43|qwen|web_search_no_think|2|QUESTION_SENT||741|dc265b3c-84b6-4291-a694-cb42e496db51
2026-03-28 17:59:50|qwen|web_search_no_think|1|QUESTION_SENT||671|d0c20f95-9344-4606-ac66-275374d05196
2026-03-28 17:59:59|qwen|web_search_no_think|3|QUESTION_SENT||811|20219800-1f04-484b-b6dc-773ac435fb8a
2026-03-28 18:00:23|qwen|web_search_no_think|4|QUESTION_SENT||881|84099c08-eb10-4519-ae51-2f6916f966f8
2026-03-28 18:00:31|qwen|web_search_no_think|5|QUESTION_SENT||951|54cba4c0-0234-467f-ad12-ea236f68a37f
2026-03-28 18:00:39|qwen|web_search_no_think|0|QUESTION_SENT||601|ef2486e1-74a4-4cc4-9f5a-abbe7440c8da
2026-03-28 18:01:18|qwen|web_search_no_think|2|QUESTION_SENT||741|dc265b3c-84b6-4291-a694-cb42e496db51
2026-03-28 18:01:31|qwen|web_search_no_think|1|QUESTION_SENT||671|d0c20f95-9344-4606-ac66-275374d05196
2026-03-28 18:02:09|qwen|web_search_no_think|3|QUESTION_SENT||811|20219800-1f04-484b-b6dc-773ac435fb8a
2026-03-28 18:02:16|qwen|web_search_no_think|5|QUESTION_SENT||951|54cba4c0-0234-467f-ad12-ea236f68a37f
2026-03-28 18:02:26|qwen|web_search_no_think|0|QUESTION_SENT||601|ef2486e1-74a4-4cc4-9f5a-abbe7440c8da
2026-03-28 18:02:30|qwen|web_search_no_think|4|QUESTION_SENT||881|84099c08-eb10-4519-ae51-2f6916f966f8
2026-03-28 18:02:38|qwen|web_search_no_think|2|QUESTION_SENT||741|dc265b3c-84b6-4291-a694-cb42e496db51
2026-03-28 18:03:03|qwen|web_search_no_think|1|QUESTION_SENT||671|d0c20f95-9344-4606-ac66-275374d05196
2026-03-28 18:03:50|qwen|web_search_no_think|3|QUESTION_SENT||811|20219800-1f04-484b-b6dc-773ac435fb8a
2026-03-28 18:03:57|qwen|web_search_no_think|5|QUESTION_SENT||951|54cba4c0-0234-467f-ad12-ea236f68a37f
2026-03-28 18:04:00|qwen|web_search_no_think|2|QUESTION_SENT||741|dc265b3c-84b6-4291-a694-cb42e496db51
2026-03-28 18:04:00|qwen|web_search_no_think|0|QUESTION_SENT||601|ef2486e1-74a4-4cc4-9f5a-abbe7440c8da
2026-03-28 18:04:14|qwen|web_search_no_think|4|QUESTION_SENT||881|84099c08-eb10-4519-ae51-2f6916f966f8
2026-03-28 18:04:50|qwen|web_search_no_think|1|QUESTION_SENT||671|d0c20f95-9344-4606-ac66-275374d05196
2026-03-28 18:05:20|qwen|web_search_no_think|2|QUESTION_SENT||741|dc265b3c-84b6-4291-a694-cb42e496db51
2026-03-28 18:05:25|qwen|web_search_no_think|0|QUESTION_SENT||601|ef2486e1-74a4-4cc4-9f5a-abbe7440c8da
2026-03-28 18:05:41|qwen|web_search_no_think|3|QUESTION_SENT||811|20219800-1f04-484b-b6dc-773ac435fb8a
2026-03-28 18:05:47|qwen|web_search_no_think|4|QUESTION_SENT||881|84099c08-eb10-4519-ae51-2f6916f966f8
2026-03-28 18:05:58|qwen|web_search_no_think|5|QUESTION_SENT||951|54cba4c0-0234-467f-ad12-ea236f68a37f
2026-03-28 18:06:13|qwen|web_search_no_think|1|QUESTION_SENT||671|d0c20f95-9344-4606-ac66-275374d05196
2026-03-28 18:06:53|qwen|web_search_no_think|2|QUESTION_SENT||741|dc265b3c-84b6-4291-a694-cb42e496db51
2026-03-28 18:06:53|qwen|web_search_no_think|0|QUESTION_SENT||601|ef2486e1-74a4-4cc4-9f5a-abbe7440c8da
2026-03-28 18:07:36|qwen|web_search_no_think|1|QUESTION_SENT||671|d0c20f95-9344-4606-ac66-275374d05196
2026-03-28 18:07:38|qwen|web_search_no_think|3|QUESTION_SENT||811|20219800-1f04-484b-b6dc-773ac435fb8a
2026-03-28 18:07:55|qwen|web_search_no_think|4|QUESTION_SENT||881|84099c08-eb10-4519-ae51-2f6916f966f8
2026-03-28 18:08:05|qwen|web_search_no_think|5|QUESTION_SENT||951|54cba4c0-0234-467f-ad12-ea236f68a37f
2026-03-28 18:08:09|qwen|web_search_no_think|2|QUESTION_SENT||741|dc265b3c-84b6-4291-a694-cb42e496db51
2026-03-28 18:08:25|qwen|web_search_no_think|0|QUESTION_SENT||601|ef2486e1-74a4-4cc4-9f5a-abbe7440c8da
2026-03-28 18:09:02|qwen|web_search_no_think|4|JSON_VERIFIED||881|84099c08-eb10-4519-ae51-2f6916f966f8
2026-03-28 18:09:02|qwen|web_search_no_think|4|QUESTION|1|881|84099c08-eb10-4519-ae51-2f6916f966f8
2026-03-28 18:09:02|qwen|web_search_no_think|4|JSON_SAVED||881|84099c08-eb10-4519-ae51-2f6916f966f8
2026-03-28 18:09:02|qwen|web_search_no_think|4|QUESTION_ADVANCE||882|291c0fa1-34de-4729-af95-941eb743b0ee
2026-03-28 18:09:03|qwen|web_search_no_think|1|QUESTION_SENT||671|d0c20f95-9344-4606-ac66-275374d05196
2026-03-28 18:09:10|qwen|web_search_no_think|3|QUESTION_SENT||811|20219800-1f04-484b-b6dc-773ac435fb8a
2026-03-28 18:09:21|qwen|web_search_no_think|2|JSON_VERIFIED||741|dc265b3c-84b6-4291-a694-cb42e496db51
2026-03-28 18:09:21|qwen|web_search_no_think|2|QUESTION|1|741|dc265b3c-84b6-4291-a694-cb42e496db51
2026-03-28 18:09:21|qwen|web_search_no_think|2|JSON_SAVED||741|dc265b3c-84b6-4291-a694-cb42e496db51
2026-03-28 18:09:21|qwen|web_search_no_think|2|QUESTION_ADVANCE||742|e88cf00b-e565-4845-989c-89b1fd50d0f8
2026-03-28 18:09:22|qwen|web_search_no_think|5|QUESTION_SENT||951|54cba4c0-0234-467f-ad12-ea236f68a37f
2026-03-28 18:09:28|qwen|web_search_no_think|4|QUESTION_SENT||882|291c0fa1-34de-4729-af95-941eb743b0ee
2026-03-28 18:09:47|qwen|web_search_no_think|2|QUESTION_SENT||742|e88cf00b-e565-4845-989c-89b1fd50d0f8
2026-03-28 18:10:15|qwen|web_search_no_think|1|JSON_VERIFIED||671|d0c20f95-9344-4606-ac66-275374d05196
2026-03-28 18:10:15|qwen|web_search_no_think|1|QUESTION|1|671|d0c20f95-9344-4606-ac66-275374d05196
2026-03-28 18:10:15|qwen|web_search_no_think|1|JSON_SAVED||671|d0c20f95-9344-4606-ac66-275374d05196
2026-03-28 18:10:15|qwen|web_search_no_think|1|QUESTION_ADVANCE||672|31575335-83c2-43a2-9766-e5b673bb0bce
2026-03-28 18:10:18|qwen|web_search_no_think|3|JSON_VERIFIED||811|20219800-1f04-484b-b6dc-773ac435fb8a
2026-03-28 18:10:18|qwen|web_search_no_think|3|QUESTION|1|811|20219800-1f04-484b-b6dc-773ac435fb8a
2026-03-28 18:10:18|qwen|web_search_no_think|3|JSON_SAVED||811|20219800-1f04-484b-b6dc-773ac435fb8a
2026-03-28 18:10:18|qwen|web_search_no_think|3|QUESTION_ADVANCE||812|87aa44ef-c4d4-4b83-a804-fcd228ea4b6f
2026-03-28 18:10:27|qwen|web_search_no_think|0|QUESTION_SENT||601|ef2486e1-74a4-4cc4-9f5a-abbe7440c8da
2026-03-28 18:10:38|qwen|web_search_no_think|2|QUESTION_SENT||742|e88cf00b-e565-4845-989c-89b1fd50d0f8
2026-03-28 18:10:42|qwen|web_search_no_think|1|QUESTION_SENT||672|31575335-83c2-43a2-9766-e5b673bb0bce
2026-03-28 18:10:44|qwen|web_search_no_think|3|QUESTION_SENT||812|87aa44ef-c4d4-4b83-a804-fcd228ea4b6f
2026-03-28 18:10:59|qwen|web_search_no_think|4|JSON_VERIFIED||882|291c0fa1-34de-4729-af95-941eb743b0ee
2026-03-28 18:10:59|qwen|web_search_no_think|4|QUESTION|2|882|291c0fa1-34de-4729-af95-941eb743b0ee
2026-03-28 18:10:59|qwen|web_search_no_think|4|JSON_SAVED||882|291c0fa1-34de-4729-af95-941eb743b0ee
2026-03-28 18:10:59|qwen|web_search_no_think|4|QUESTION_ADVANCE||883|f94ea628-a92e-4bed-98f5-da39c691b741
2026-03-28 18:11:02|qwen|web_search_no_think|5|JSON_VERIFIED||951|54cba4c0-0234-467f-ad12-ea236f68a37f
2026-03-28 18:11:02|qwen|web_search_no_think|5|QUESTION|1|951|54cba4c0-0234-467f-ad12-ea236f68a37f
2026-03-28 18:11:02|qwen|web_search_no_think|5|JSON_SAVED||951|54cba4c0-0234-467f-ad12-ea236f68a37f
2026-03-28 18:11:02|qwen|web_search_no_think|5|QUESTION_ADVANCE||952|07d218a7-cd81-474c-b31a-e93fc1aab310
2026-03-28 18:11:26|qwen|web_search_no_think|4|QUESTION_SENT||883|f94ea628-a92e-4bed-98f5-da39c691b741
2026-03-28 18:11:28|qwen|web_search_no_think|5|QUESTION_SENT||952|07d218a7-cd81-474c-b31a-e93fc1aab310
2026-03-28 18:11:55|qwen|web_search_no_think|0|JSON_VERIFIED||601|ef2486e1-74a4-4cc4-9f5a-abbe7440c8da
2026-03-28 18:11:55|qwen|web_search_no_think|0|QUESTION|1|601|ef2486e1-74a4-4cc4-9f5a-abbe7440c8da
2026-03-28 18:11:55|qwen|web_search_no_think|0|JSON_SAVED||601|ef2486e1-74a4-4cc4-9f5a-abbe7440c8da
2026-03-28 18:11:55|qwen|web_search_no_think|0|QUESTION_ADVANCE||602|e84d4ed0-635f-446b-a4e1-ac0bbd411eb3
2026-03-28 18:12:00|qwen|web_search_no_think|2|JSON_VERIFIED||742|e88cf00b-e565-4845-989c-89b1fd50d0f8
2026-03-28 18:12:00|qwen|web_search_no_think|2|QUESTION|2|742|e88cf00b-e565-4845-989c-89b1fd50d0f8
2026-03-28 18:12:00|qwen|web_search_no_think|2|JSON_SAVED||742|e88cf00b-e565-4845-989c-89b1fd50d0f8
2026-03-28 18:12:00|qwen|web_search_no_think|2|QUESTION_ADVANCE||743|82b838fd-bfe3-43c2-88ae-43e6dbb0756e
2026-03-28 18:12:05|qwen|web_search_no_think|1|JSON_VERIFIED||672|31575335-83c2-43a2-9766-e5b673bb0bce
2026-03-28 18:12:05|qwen|web_search_no_think|1|QUESTION|2|672|31575335-83c2-43a2-9766-e5b673bb0bce
2026-03-28 18:12:05|qwen|web_search_no_think|1|JSON_SAVED||672|31575335-83c2-43a2-9766-e5b673bb0bce
2026-03-28 18:12:05|qwen|web_search_no_think|1|QUESTION_ADVANCE||673|85490dce-b265-4b43-977c-0076eebb7fdd
2026-03-28 18:12:22|qwen|web_search_no_think|0|QUESTION_SENT||602|e84d4ed0-635f-446b-a4e1-ac0bbd411eb3
2026-03-28 18:12:23|qwen|web_search_no_think|3|QUESTION_SENT||812|87aa44ef-c4d4-4b83-a804-fcd228ea4b6f
2026-03-28 18:12:24|qwen|web_search_no_think|4|JSON_VERIFY_FAILED||883|f94ea628-a92e-4bed-98f5-da39c691b741
2026-03-28 18:12:24|qwen|web_search_no_think|4|QUESTION|3|883|f94ea628-a92e-4bed-98f5-da39c691b741
2026-03-28 18:12:27|qwen|web_search_no_think|2|QUESTION_SENT||743|82b838fd-bfe3-43c2-88ae-43e6dbb0756e
2026-03-28 18:12:32|qwen|web_search_no_think|1|QUESTION_SENT||673|85490dce-b265-4b43-977c-0076eebb7fdd
2026-03-28 18:12:32|qwen|web_search_no_think|5|JSON_VERIFIED||952|07d218a7-cd81-474c-b31a-e93fc1aab310
2026-03-28 18:12:32|qwen|web_search_no_think|5|QUESTION|2|952|07d218a7-cd81-474c-b31a-e93fc1aab310
2026-03-28 18:12:32|qwen|web_search_no_think|5|JSON_SAVED||952|07d218a7-cd81-474c-b31a-e93fc1aab310
2026-03-28 18:12:32|qwen|web_search_no_think|5|QUESTION_ADVANCE||953|20448f83-c7be-402c-9ec6-0bb12024e213
2026-03-28 18:12:50|qwen|web_search_no_think|4|QUESTION_SENT||883|f94ea628-a92e-4bed-98f5-da39c691b741
2026-03-28 18:12:59|qwen|web_search_no_think|5|QUESTION_SENT||953|20448f83-c7be-402c-9ec6-0bb12024e213
2026-03-28 18:13:44|qwen|web_search_no_think|4|JSON_VERIFIED||883|f94ea628-a92e-4bed-98f5-da39c691b741
2026-03-28 18:13:44|qwen|web_search_no_think|4|QUESTION|4|883|f94ea628-a92e-4bed-98f5-da39c691b741
2026-03-28 18:13:44|qwen|web_search_no_think|4|JSON_SAVED||883|f94ea628-a92e-4bed-98f5-da39c691b741
2026-03-28 18:13:44|qwen|web_search_no_think|4|QUESTION_ADVANCE||884|d99319d8-d94a-4d35-8386-dceda43d8081
2026-03-28 18:13:46|qwen|web_search_no_think|0|JSON_VERIFIED||602|e84d4ed0-635f-446b-a4e1-ac0bbd411eb3
2026-03-28 18:13:46|qwen|web_search_no_think|0|QUESTION|2|602|e84d4ed0-635f-446b-a4e1-ac0bbd411eb3
2026-03-28 18:13:46|qwen|web_search_no_think|0|JSON_SAVED||602|e84d4ed0-635f-446b-a4e1-ac0bbd411eb3
2026-03-28 18:13:46|qwen|web_search_no_think|0|QUESTION_ADVANCE||603|a2e229a8-552b-4cb0-add9-c92ce02b30ee
2026-03-28 18:13:47|qwen|web_search_no_think|3|JSON_VERIFIED||812|87aa44ef-c4d4-4b83-a804-fcd228ea4b6f
2026-03-28 18:13:47|qwen|web_search_no_think|3|QUESTION|2|812|87aa44ef-c4d4-4b83-a804-fcd228ea4b6f
2026-03-28 18:13:47|qwen|web_search_no_think|3|JSON_SAVED||812|87aa44ef-c4d4-4b83-a804-fcd228ea4b6f
2026-03-28 18:13:47|qwen|web_search_no_think|3|QUESTION_ADVANCE||813|d7409902-4fec-4eb3-a5ed-073cde52bc6f
2026-03-28 18:13:49|qwen|web_search_no_think|2|JSON_VERIFIED||743|82b838fd-bfe3-43c2-88ae-43e6dbb0756e
2026-03-28 18:13:49|qwen|web_search_no_think|2|QUESTION|3|743|82b838fd-bfe3-43c2-88ae-43e6dbb0756e
2026-03-28 18:13:49|qwen|web_search_no_think|2|JSON_SAVED||743|82b838fd-bfe3-43c2-88ae-43e6dbb0756e
2026-03-28 18:13:49|qwen|web_search_no_think|2|QUESTION_ADVANCE||744|d4d8e7f3-8596-4c92-9f92-5187ebe6cedc
2026-03-28 18:13:50|qwen|web_search_no_think|1|JSON_VERIFIED||673|85490dce-b265-4b43-977c-0076eebb7fdd
2026-03-28 18:13:50|qwen|web_search_no_think|1|QUESTION|3|673|85490dce-b265-4b43-977c-0076eebb7fdd
2026-03-28 18:13:50|qwen|web_search_no_think|1|JSON_SAVED||673|85490dce-b265-4b43-977c-0076eebb7fdd
2026-03-28 18:13:50|qwen|web_search_no_think|1|QUESTION_ADVANCE||674|8d627ff9-fd20-45b0-9557-0db65d1be16a
2026-03-28 18:14:11|qwen|web_search_no_think|4|QUESTION_SENT||884|d99319d8-d94a-4d35-8386-dceda43d8081
2026-03-28 18:14:12|qwen|web_search_no_think|0|QUESTION_SENT||603|a2e229a8-552b-4cb0-add9-c92ce02b30ee
2026-03-28 18:14:13|qwen|web_search_no_think|3|QUESTION_SENT||813|d7409902-4fec-4eb3-a5ed-073cde52bc6f
2026-03-28 18:14:15|qwen|web_search_no_think|2|QUESTION_SENT||744|d4d8e7f3-8596-4c92-9f92-5187ebe6cedc
2026-03-28 18:14:16|qwen|web_search_no_think|1|QUESTION_SENT||674|8d627ff9-fd20-45b0-9557-0db65d1be16a
2026-03-28 18:14:24|qwen|web_search_no_think|5|JSON_VERIFIED||953|20448f83-c7be-402c-9ec6-0bb12024e213
2026-03-28 18:14:24|qwen|web_search_no_think|5|QUESTION|3|953|20448f83-c7be-402c-9ec6-0bb12024e213
2026-03-28 18:14:24|qwen|web_search_no_think|5|JSON_SAVED||953|20448f83-c7be-402c-9ec6-0bb12024e213
2026-03-28 18:14:24|qwen|web_search_no_think|5|QUESTION_ADVANCE||954|29da9ef8-2a84-4273-893b-42357abea5f2
2026-03-28 18:14:50|qwen|web_search_no_think|5|QUESTION_SENT||954|29da9ef8-2a84-4273-893b-42357abea5f2
2026-03-28 18:15:21|qwen|web_search_no_think|2|JSON_VERIFIED||744|d4d8e7f3-8596-4c92-9f92-5187ebe6cedc
2026-03-28 18:15:21|qwen|web_search_no_think|2|QUESTION|4|744|d4d8e7f3-8596-4c92-9f92-5187ebe6cedc
2026-03-28 18:15:21|qwen|web_search_no_think|2|JSON_SAVED||744|d4d8e7f3-8596-4c92-9f92-5187ebe6cedc
2026-03-28 18:15:21|qwen|web_search_no_think|2|QUESTION_ADVANCE||745|dbd14720-9cb0-46f5-a8de-0dc4e892c4b6
2026-03-28 18:15:23|qwen|web_search_no_think|0|JSON_VERIFIED||603|a2e229a8-552b-4cb0-add9-c92ce02b30ee
2026-03-28 18:15:23|qwen|web_search_no_think|0|QUESTION|3|603|a2e229a8-552b-4cb0-add9-c92ce02b30ee
2026-03-28 18:15:23|qwen|web_search_no_think|0|JSON_SAVED||603|a2e229a8-552b-4cb0-add9-c92ce02b30ee
2026-03-28 18:15:23|qwen|web_search_no_think|0|QUESTION_ADVANCE||604|e045850e-98ba-4cbb-8b1e-1f904840097b
2026-03-28 18:15:26|qwen|web_search_no_think|3|QUESTION_SENT||813|d7409902-4fec-4eb3-a5ed-073cde52bc6f
2026-03-28 18:15:47|qwen|web_search_no_think|2|QUESTION_SENT||745|dbd14720-9cb0-46f5-a8de-0dc4e892c4b6
2026-03-28 18:15:49|qwen|web_search_no_think|0|QUESTION_SENT||604|e045850e-98ba-4cbb-8b1e-1f904840097b
2026-03-28 18:15:50|qwen|web_search_no_think|4|JSON_VERIFIED||884|d99319d8-d94a-4d35-8386-dceda43d8081
2026-03-28 18:15:50|qwen|web_search_no_think|4|QUESTION|5|884|d99319d8-d94a-4d35-8386-dceda43d8081
2026-03-28 18:15:50|qwen|web_search_no_think|4|JSON_SAVED||884|d99319d8-d94a-4d35-8386-dceda43d8081
2026-03-28 18:15:50|qwen|web_search_no_think|4|QUESTION_ADVANCE||885|19962a98-6cdd-46be-bc3a-b065d997ae64
2026-03-28 18:15:53|qwen|web_search_no_think|1|JSON_VERIFIED||674|8d627ff9-fd20-45b0-9557-0db65d1be16a
2026-03-28 18:15:53|qwen|web_search_no_think|1|QUESTION|4|674|8d627ff9-fd20-45b0-9557-0db65d1be16a
2026-03-28 18:15:53|qwen|web_search_no_think|1|JSON_SAVED||674|8d627ff9-fd20-45b0-9557-0db65d1be16a
2026-03-28 18:15:53|qwen|web_search_no_think|1|QUESTION_ADVANCE||675|03ead298-141c-4c0f-916d-770477a66679
2026-03-28 18:16:10|qwen|web_search_no_think|5|JSON_VERIFIED||954|29da9ef8-2a84-4273-893b-42357abea5f2
2026-03-28 18:16:10|qwen|web_search_no_think|5|QUESTION|4|954|29da9ef8-2a84-4273-893b-42357abea5f2
2026-03-28 18:16:10|qwen|web_search_no_think|5|JSON_SAVED||954|29da9ef8-2a84-4273-893b-42357abea5f2
2026-03-28 18:16:10|qwen|web_search_no_think|5|QUESTION_ADVANCE||955|ce50439c-9d16-4336-8fc3-508cbf88a005
2026-03-28 18:16:17|qwen|web_search_no_think|4|QUESTION_SENT||885|19962a98-6cdd-46be-bc3a-b065d997ae64
2026-03-28 18:16:19|qwen|web_search_no_think|1|QUESTION_SENT||675|03ead298-141c-4c0f-916d-770477a66679
2026-03-28 18:16:36|qwen|web_search_no_think|3|JSON_VERIFIED||813|d7409902-4fec-4eb3-a5ed-073cde52bc6f
2026-03-28 18:16:36|qwen|web_search_no_think|3|QUESTION|3|813|d7409902-4fec-4eb3-a5ed-073cde52bc6f
2026-03-28 18:16:36|qwen|web_search_no_think|3|JSON_SAVED||813|d7409902-4fec-4eb3-a5ed-073cde52bc6f
2026-03-28 18:16:36|qwen|web_search_no_think|3|QUESTION_ADVANCE||814|352781dd-dfa0-4fbb-9f5b-6394a68e9182
2026-03-28 18:16:36|qwen|web_search_no_think|5|QUESTION_SENT||955|ce50439c-9d16-4336-8fc3-508cbf88a005
2026-03-28 18:17:13|qwen|web_search_no_think|2|QUESTION_SENT||745|dbd14720-9cb0-46f5-a8de-0dc4e892c4b6
2026-03-28 18:17:19|qwen|web_search_no_think|3|QUESTION_SENT||814|352781dd-dfa0-4fbb-9f5b-6394a68e9182
2026-03-28 18:17:25|qwen|web_search_no_think|4|JSON_VERIFIED||885|19962a98-6cdd-46be-bc3a-b065d997ae64
2026-03-28 18:17:25|qwen|web_search_no_think|4|QUESTION|6|885|19962a98-6cdd-46be-bc3a-b065d997ae64
2026-03-28 18:17:25|qwen|web_search_no_think|4|JSON_SAVED||885|19962a98-6cdd-46be-bc3a-b065d997ae64
2026-03-28 18:17:25|qwen|web_search_no_think|4|QUESTION_ADVANCE||886|694ee114-9be3-40a4-a08c-f3d4b212595a
2026-03-28 18:17:28|qwen|web_search_no_think|1|JSON_VERIFIED||675|03ead298-141c-4c0f-916d-770477a66679
2026-03-28 18:17:28|qwen|web_search_no_think|1|QUESTION|5|675|03ead298-141c-4c0f-916d-770477a66679
2026-03-28 18:17:28|qwen|web_search_no_think|1|JSON_SAVED||675|03ead298-141c-4c0f-916d-770477a66679
2026-03-28 18:17:28|qwen|web_search_no_think|1|QUESTION_ADVANCE||676|4c7c2003-0eda-4883-a89c-6d5a4252abd6
2026-03-28 18:17:29|qwen|web_search_no_think|0|JSON_VERIFIED||604|e045850e-98ba-4cbb-8b1e-1f904840097b
2026-03-28 18:17:29|qwen|web_search_no_think|0|QUESTION|4|604|e045850e-98ba-4cbb-8b1e-1f904840097b
2026-03-28 18:17:29|qwen|web_search_no_think|0|JSON_SAVED||604|e045850e-98ba-4cbb-8b1e-1f904840097b
2026-03-28 18:17:29|qwen|web_search_no_think|0|QUESTION_ADVANCE||605|bc01526c-62c4-463c-8e92-d6a9cd5d78a7
2026-03-28 18:17:48|qwen|web_search_no_think|3|QUESTION_SENT||814|352781dd-dfa0-4fbb-9f5b-6394a68e9182
2026-03-28 18:17:51|qwen|web_search_no_think|4|QUESTION_SENT||886|694ee114-9be3-40a4-a08c-f3d4b212595a
2026-03-28 18:17:54|qwen|web_search_no_think|1|QUESTION_SENT||676|4c7c2003-0eda-4883-a89c-6d5a4252abd6
2026-03-28 18:17:55|qwen|web_search_no_think|0|QUESTION_SENT||605|bc01526c-62c4-463c-8e92-d6a9cd5d78a7
2026-03-28 18:18:11|qwen|web_search_no_think|5|JSON_VERIFIED||955|ce50439c-9d16-4336-8fc3-508cbf88a005
2026-03-28 18:18:11|qwen|web_search_no_think|5|QUESTION|5|955|ce50439c-9d16-4336-8fc3-508cbf88a005
2026-03-28 18:18:11|qwen|web_search_no_think|5|JSON_SAVED||955|ce50439c-9d16-4336-8fc3-508cbf88a005
2026-03-28 18:18:11|qwen|web_search_no_think|5|QUESTION_ADVANCE||956|f732d44d-57d4-46af-8fe4-030ee823aad0
2026-03-28 18:18:20|qwen|web_search_no_think|2|JSON_VERIFIED||745|dbd14720-9cb0-46f5-a8de-0dc4e892c4b6
2026-03-28 18:18:20|qwen|web_search_no_think|2|QUESTION|5|745|dbd14720-9cb0-46f5-a8de-0dc4e892c4b6
2026-03-28 18:18:20|qwen|web_search_no_think|2|JSON_SAVED||745|dbd14720-9cb0-46f5-a8de-0dc4e892c4b6
2026-03-28 18:18:20|qwen|web_search_no_think|2|QUESTION_ADVANCE||746|48b01a3f-938a-4372-8441-6679719057da
2026-03-28 18:18:38|qwen|web_search_no_think|5|QUESTION_SENT||956|f732d44d-57d4-46af-8fe4-030ee823aad0
2026-03-28 18:18:46|qwen|web_search_no_think|2|QUESTION_SENT||746|48b01a3f-938a-4372-8441-6679719057da
2026-03-28 18:19:01|qwen|web_search_no_think|0|JSON_VERIFIED||605|bc01526c-62c4-463c-8e92-d6a9cd5d78a7
2026-03-28 18:19:01|qwen|web_search_no_think|0|QUESTION|5|605|bc01526c-62c4-463c-8e92-d6a9cd5d78a7
2026-03-28 18:19:01|qwen|web_search_no_think|0|JSON_SAVED||605|bc01526c-62c4-463c-8e92-d6a9cd5d78a7
2026-03-28 18:19:01|qwen|web_search_no_think|0|QUESTION_ADVANCE||606|8378f972-317b-42d8-88d0-f3009f2e06e1
2026-03-28 18:19:04|qwen|web_search_no_think|3|JSON_VERIFIED||814|352781dd-dfa0-4fbb-9f5b-6394a68e9182
2026-03-28 18:19:04|qwen|web_search_no_think|3|QUESTION|4|814|352781dd-dfa0-4fbb-9f5b-6394a68e9182
2026-03-28 18:19:04|qwen|web_search_no_think|3|JSON_SAVED||814|352781dd-dfa0-4fbb-9f5b-6394a68e9182
2026-03-28 18:19:04|qwen|web_search_no_think|3|QUESTION_ADVANCE||815|69c4dad6-93c2-470b-a815-cec8b766d453
2026-03-28 18:19:11|qwen|web_search_no_think|4|JSON_VERIFIED||886|694ee114-9be3-40a4-a08c-f3d4b212595a
2026-03-28 18:19:11|qwen|web_search_no_think|4|QUESTION|7|886|694ee114-9be3-40a4-a08c-f3d4b212595a
2026-03-28 18:19:11|qwen|web_search_no_think|4|JSON_SAVED||886|694ee114-9be3-40a4-a08c-f3d4b212595a
2026-03-28 18:19:11|qwen|web_search_no_think|4|QUESTION_ADVANCE||887|b0dbd1d4-c91d-4506-8c8e-5cff745b7b86
2026-03-28 18:19:27|qwen|web_search_no_think|0|QUESTION_SENT||606|8378f972-317b-42d8-88d0-f3009f2e06e1
2026-03-28 18:19:29|qwen|web_search_no_think|1|JSON_VERIFIED||676|4c7c2003-0eda-4883-a89c-6d5a4252abd6
2026-03-28 18:19:29|qwen|web_search_no_think|1|QUESTION|6|676|4c7c2003-0eda-4883-a89c-6d5a4252abd6
2026-03-28 18:19:29|qwen|web_search_no_think|1|JSON_SAVED||676|4c7c2003-0eda-4883-a89c-6d5a4252abd6
2026-03-28 18:19:29|qwen|web_search_no_think|1|QUESTION_ADVANCE||677|ff60bd30-55a3-4939-85b7-3ac18857b0c8
2026-03-28 18:19:30|qwen|web_search_no_think|3|QUESTION_SENT||815|69c4dad6-93c2-470b-a815-cec8b766d453
2026-03-28 18:19:37|qwen|web_search_no_think|4|QUESTION_SENT||887|b0dbd1d4-c91d-4506-8c8e-5cff745b7b86
2026-03-28 18:19:54|qwen|web_search_no_think|0|JSON_VERIFY_FAILED||606|8378f972-317b-42d8-88d0-f3009f2e06e1
2026-03-28 18:19:54|qwen|web_search_no_think|0|QUESTION|6|606|8378f972-317b-42d8-88d0-f3009f2e06e1
2026-03-28 18:19:55|qwen|web_search_no_think|1|QUESTION_SENT||677|ff60bd30-55a3-4939-85b7-3ac18857b0c8
2026-03-28 18:20:06|qwen|web_search_no_think|5|JSON_VERIFIED||956|f732d44d-57d4-46af-8fe4-030ee823aad0
2026-03-28 18:20:06|qwen|web_search_no_think|5|QUESTION|6|956|f732d44d-57d4-46af-8fe4-030ee823aad0
2026-03-28 18:20:06|qwen|web_search_no_think|5|JSON_SAVED||956|f732d44d-57d4-46af-8fe4-030ee823aad0
2026-03-28 18:20:06|qwen|web_search_no_think|5|QUESTION_ADVANCE||957|220ef614-32a4-44b8-814f-ba26b3cf0c66
2026-03-28 18:20:20|qwen|web_search_no_think|0|QUESTION_SENT||606|8378f972-317b-42d8-88d0-f3009f2e06e1
2026-03-28 18:20:32|qwen|web_search_no_think|5|QUESTION_SENT||957|220ef614-32a4-44b8-814f-ba26b3cf0c66
2026-03-28 18:20:37|qwen|web_search_no_think|2|JSON_VERIFIED||746|48b01a3f-938a-4372-8441-6679719057da
2026-03-28 18:20:37|qwen|web_search_no_think|2|QUESTION|6|746|48b01a3f-938a-4372-8441-6679719057da
2026-03-28 18:20:37|qwen|web_search_no_think|2|JSON_SAVED||746|48b01a3f-938a-4372-8441-6679719057da
2026-03-28 18:20:37|qwen|web_search_no_think|2|QUESTION_ADVANCE||747|3a5cc4dc-7d1f-4d50-8f9b-c180bc9db2aa
2026-03-28 18:20:44|qwen|web_search_no_think|4|JSON_VERIFIED||887|b0dbd1d4-c91d-4506-8c8e-5cff745b7b86
2026-03-28 18:20:44|qwen|web_search_no_think|4|QUESTION|8|887|b0dbd1d4-c91d-4506-8c8e-5cff745b7b86
2026-03-28 18:20:44|qwen|web_search_no_think|4|JSON_SAVED||887|b0dbd1d4-c91d-4506-8c8e-5cff745b7b86
2026-03-28 18:20:44|qwen|web_search_no_think|4|QUESTION_ADVANCE||888|a22bdd90-767a-4cfa-aa5a-4c9511603ed3
2026-03-28 18:20:51|qwen|web_search_no_think|3|JSON_VERIFIED||815|69c4dad6-93c2-470b-a815-cec8b766d453
2026-03-28 18:20:51|qwen|web_search_no_think|3|QUESTION|5|815|69c4dad6-93c2-470b-a815-cec8b766d453
2026-03-28 18:20:51|qwen|web_search_no_think|3|JSON_SAVED||815|69c4dad6-93c2-470b-a815-cec8b766d453
2026-03-28 18:20:51|qwen|web_search_no_think|3|QUESTION_ADVANCE||816|e482891f-5c1a-413c-a7d6-985717d8adb5
2026-03-28 18:21:03|qwen|web_search_no_think|2|QUESTION_SENT||747|3a5cc4dc-7d1f-4d50-8f9b-c180bc9db2aa
2026-03-28 18:21:10|qwen|web_search_no_think|4|QUESTION_SENT||888|a22bdd90-767a-4cfa-aa5a-4c9511603ed3
2026-03-28 18:21:17|qwen|web_search_no_think|3|QUESTION_SENT||816|e482891f-5c1a-413c-a7d6-985717d8adb5
2026-03-28 18:21:18|qwen|web_search_no_think|1|JSON_VERIFIED||677|ff60bd30-55a3-4939-85b7-3ac18857b0c8
2026-03-28 18:21:18|qwen|web_search_no_think|1|QUESTION|7|677|ff60bd30-55a3-4939-85b7-3ac18857b0c8
2026-03-28 18:21:18|qwen|web_search_no_think|1|JSON_SAVED||677|ff60bd30-55a3-4939-85b7-3ac18857b0c8
2026-03-28 18:21:18|qwen|web_search_no_think|1|QUESTION_ADVANCE||678|9b1094d6-6992-436e-a38c-555545ff535a
2026-03-28 18:21:20|qwen|web_search_no_think|0|JSON_VERIFIED||606|8378f972-317b-42d8-88d0-f3009f2e06e1
2026-03-28 18:21:20|qwen|web_search_no_think|0|QUESTION|7|606|8378f972-317b-42d8-88d0-f3009f2e06e1
2026-03-28 18:21:20|qwen|web_search_no_think|0|JSON_SAVED||606|8378f972-317b-42d8-88d0-f3009f2e06e1
2026-03-28 18:21:20|qwen|web_search_no_think|0|QUESTION_ADVANCE||607|8d8bd4f0-38fe-4332-bf0d-c5e4ce76fbe1
2026-03-28 18:21:39|qwen|web_search_no_think|5|JSON_VERIFIED||957|220ef614-32a4-44b8-814f-ba26b3cf0c66
2026-03-28 18:21:39|qwen|web_search_no_think|5|QUESTION|7|957|220ef614-32a4-44b8-814f-ba26b3cf0c66
2026-03-28 18:21:39|qwen|web_search_no_think|5|JSON_SAVED||957|220ef614-32a4-44b8-814f-ba26b3cf0c66
2026-03-28 18:21:39|qwen|web_search_no_think|5|QUESTION_ADVANCE||958|1a471904-e9c2-4c7c-bbee-b5c3a274638d
2026-03-28 18:21:44|qwen|web_search_no_think|1|QUESTION_SENT||678|9b1094d6-6992-436e-a38c-555545ff535a
2026-03-28 18:21:46|qwen|web_search_no_think|0|QUESTION_SENT||607|8d8bd4f0-38fe-4332-bf0d-c5e4ce76fbe1
2026-03-28 18:22:05|qwen|web_search_no_think|5|QUESTION_SENT||958|1a471904-e9c2-4c7c-bbee-b5c3a274638d
2026-03-28 18:22:09|qwen|web_search_no_think|4|JSON_VERIFIED||888|a22bdd90-767a-4cfa-aa5a-4c9511603ed3
2026-03-28 18:22:09|qwen|web_search_no_think|4|QUESTION|9|888|a22bdd90-767a-4cfa-aa5a-4c9511603ed3
2026-03-28 18:22:09|qwen|web_search_no_think|4|JSON_SAVED||888|a22bdd90-767a-4cfa-aa5a-4c9511603ed3
2026-03-28 18:22:09|qwen|web_search_no_think|4|QUESTION_ADVANCE||889|a41746a8-8b9c-4918-9094-70abea33cd47
2026-03-28 18:22:14|qwen|web_search_no_think|3|JSON_VERIFIED||816|e482891f-5c1a-413c-a7d6-985717d8adb5
2026-03-28 18:22:14|qwen|web_search_no_think|3|QUESTION|6|816|e482891f-5c1a-413c-a7d6-985717d8adb5
2026-03-28 18:22:14|qwen|web_search_no_think|3|JSON_SAVED||816|e482891f-5c1a-413c-a7d6-985717d8adb5
2026-03-28 18:22:14|qwen|web_search_no_think|3|QUESTION_ADVANCE||817|ecebae61-a3d8-4506-b3e1-3c0b24510278
2026-03-28 18:22:16|qwen|web_search_no_think|2|JSON_VERIFIED||747|3a5cc4dc-7d1f-4d50-8f9b-c180bc9db2aa
2026-03-28 18:22:16|qwen|web_search_no_think|2|QUESTION|7|747|3a5cc4dc-7d1f-4d50-8f9b-c180bc9db2aa
2026-03-28 18:22:16|qwen|web_search_no_think|2|JSON_SAVED||747|3a5cc4dc-7d1f-4d50-8f9b-c180bc9db2aa
2026-03-28 18:22:16|qwen|web_search_no_think|2|QUESTION_ADVANCE||748|be0bfeca-5002-49b9-843d-ca4d8238d216
2026-03-28 18:22:35|qwen|web_search_no_think|4|QUESTION_SENT||889|a41746a8-8b9c-4918-9094-70abea33cd47
2026-03-28 18:22:35|qwen|web_search_no_think|5|JSON_VERIFY_FAILED||958|1a471904-e9c2-4c7c-bbee-b5c3a274638d
2026-03-28 18:22:35|qwen|web_search_no_think|5|QUESTION|8|958|1a471904-e9c2-4c7c-bbee-b5c3a274638d
2026-03-28 18:22:41|qwen|web_search_no_think|3|QUESTION_SENT||817|ecebae61-a3d8-4506-b3e1-3c0b24510278
2026-03-28 18:22:42|qwen|web_search_no_think|2|QUESTION_SENT||748|be0bfeca-5002-49b9-843d-ca4d8238d216
2026-03-28 18:22:58|qwen|web_search_no_think|1|JSON_VERIFIED||678|9b1094d6-6992-436e-a38c-555545ff535a
2026-03-28 18:22:58|qwen|web_search_no_think|1|QUESTION|8|678|9b1094d6-6992-436e-a38c-555545ff535a
2026-03-28 18:22:58|qwen|web_search_no_think|1|JSON_SAVED||678|9b1094d6-6992-436e-a38c-555545ff535a
2026-03-28 18:22:58|qwen|web_search_no_think|1|QUESTION_ADVANCE||679|ca46ecc2-d32e-4fc7-893a-83eaf9ab6d57
2026-03-28 18:23:02|qwen|web_search_no_think|5|QUESTION_SENT||958|1a471904-e9c2-4c7c-bbee-b5c3a274638d
2026-03-28 18:23:07|qwen|web_search_no_think|0|JSON_VERIFIED||607|8d8bd4f0-38fe-4332-bf0d-c5e4ce76fbe1
2026-03-28 18:23:07|qwen|web_search_no_think|0|QUESTION|8|607|8d8bd4f0-38fe-4332-bf0d-c5e4ce76fbe1
2026-03-28 18:23:07|qwen|web_search_no_think|0|JSON_SAVED||607|8d8bd4f0-38fe-4332-bf0d-c5e4ce76fbe1
2026-03-28 18:23:07|qwen|web_search_no_think|0|QUESTION_ADVANCE||608|306d4a66-b1f9-4e81-8b88-e6ae31e5a089
2026-03-28 18:23:25|qwen|web_search_no_think|1|QUESTION_SENT||679|ca46ecc2-d32e-4fc7-893a-83eaf9ab6d57
2026-03-28 18:23:34|qwen|web_search_no_think|0|QUESTION_SENT||608|306d4a66-b1f9-4e81-8b88-e6ae31e5a089
2026-03-28 18:23:45|qwen|web_search_no_think|4|JSON_VERIFIED||889|a41746a8-8b9c-4918-9094-70abea33cd47
2026-03-28 18:23:45|qwen|web_search_no_think|4|QUESTION|10|889|a41746a8-8b9c-4918-9094-70abea33cd47
2026-03-28 18:23:45|qwen|web_search_no_think|4|JSON_SAVED||889|a41746a8-8b9c-4918-9094-70abea33cd47
2026-03-28 18:23:45|qwen|web_search_no_think|4|QUESTION_ADVANCE||890|b638f5cf-b968-403e-8eaf-3fdcdad1c9f1
2026-03-28 18:24:00|qwen|web_search_no_think|5|JSON_VERIFIED||958|1a471904-e9c2-4c7c-bbee-b5c3a274638d
2026-03-28 18:24:00|qwen|web_search_no_think|5|QUESTION|9|958|1a471904-e9c2-4c7c-bbee-b5c3a274638d
2026-03-28 18:24:00|qwen|web_search_no_think|5|JSON_SAVED||958|1a471904-e9c2-4c7c-bbee-b5c3a274638d
2026-03-28 18:24:00|qwen|web_search_no_think|5|QUESTION_ADVANCE||959|d810cc81-4258-4372-a4fa-f29d1f030674
2026-03-28 18:24:02|qwen|web_search_no_think|2|JSON_VERIFIED||748|be0bfeca-5002-49b9-843d-ca4d8238d216
2026-03-28 18:24:02|qwen|web_search_no_think|2|QUESTION|8|748|be0bfeca-5002-49b9-843d-ca4d8238d216
2026-03-28 18:24:02|qwen|web_search_no_think|2|JSON_SAVED||748|be0bfeca-5002-49b9-843d-ca4d8238d216
2026-03-28 18:24:02|qwen|web_search_no_think|2|QUESTION_ADVANCE||749|8d587cd1-db32-4092-bbbe-bc995126c7c5
2026-03-28 18:24:11|qwen|web_search_no_think|4|QUESTION_SENT||890|b638f5cf-b968-403e-8eaf-3fdcdad1c9f1
2026-03-28 18:24:26|qwen|web_search_no_think|5|QUESTION_SENT||959|d810cc81-4258-4372-a4fa-f29d1f030674
2026-03-28 18:24:28|qwen|web_search_no_think|2|QUESTION_SENT||749|8d587cd1-db32-4092-bbbe-bc995126c7c5
2026-03-28 18:24:29|qwen|web_search_no_think|3|JSON_VERIFY_FAILED||817|ecebae61-a3d8-4506-b3e1-3c0b24510278
2026-03-28 18:24:29|qwen|web_search_no_think|3|QUESTION|7|817|ecebae61-a3d8-4506-b3e1-3c0b24510278
2026-03-28 18:24:53|qwen|web_search_no_think|1|QUESTION_SENT||679|ca46ecc2-d32e-4fc7-893a-83eaf9ab6d57
2026-03-28 18:24:53|qwen|web_search_no_think|0|JSON_VERIFIED||608|306d4a66-b1f9-4e81-8b88-e6ae31e5a089
2026-03-28 18:24:53|qwen|web_search_no_think|0|QUESTION|9|608|306d4a66-b1f9-4e81-8b88-e6ae31e5a089
2026-03-28 18:24:53|qwen|web_search_no_think|0|JSON_SAVED||608|306d4a66-b1f9-4e81-8b88-e6ae31e5a089
2026-03-28 18:24:53|qwen|web_search_no_think|0|QUESTION_ADVANCE||609|b5e67a06-ac92-45f1-b603-57a1548e1651
2026-03-28 18:24:55|qwen|web_search_no_think|3|QUESTION_SENT||817|ecebae61-a3d8-4506-b3e1-3c0b24510278
2026-03-28 18:25:20|qwen|web_search_no_think|0|QUESTION_SENT||609|b5e67a06-ac92-45f1-b603-57a1548e1651
2026-03-28 18:25:33|qwen|web_search_no_think|5|JSON_VERIFIED||959|d810cc81-4258-4372-a4fa-f29d1f030674
2026-03-28 18:25:33|qwen|web_search_no_think|5|QUESTION|10|959|d810cc81-4258-4372-a4fa-f29d1f030674
2026-03-28 18:25:33|qwen|web_search_no_think|5|JSON_SAVED||959|d810cc81-4258-4372-a4fa-f29d1f030674
2026-03-28 18:25:33|qwen|web_search_no_think|5|QUESTION_ADVANCE||960|776366d7-6f1a-4cde-a7e3-e33d95a8222a
2026-03-28 18:25:42|qwen|web_search_no_think|4|JSON_VERIFIED||890|b638f5cf-b968-403e-8eaf-3fdcdad1c9f1
2026-03-28 18:25:42|qwen|web_search_no_think|4|QUESTION|11|890|b638f5cf-b968-403e-8eaf-3fdcdad1c9f1
2026-03-28 18:25:42|qwen|web_search_no_think|4|JSON_SAVED||890|b638f5cf-b968-403e-8eaf-3fdcdad1c9f1
2026-03-28 18:25:42|qwen|web_search_no_think|4|QUESTION_ADVANCE||891|a658a88d-3235-49ec-8aaf-6d16314677e9
2026-03-28 18:26:00|qwen|web_search_no_think|5|QUESTION_SENT||960|776366d7-6f1a-4cde-a7e3-e33d95a8222a
2026-03-28 18:26:06|qwen|web_search_no_think|1|JSON_VERIFIED||679|ca46ecc2-d32e-4fc7-893a-83eaf9ab6d57
2026-03-28 18:26:06|qwen|web_search_no_think|1|QUESTION|9|679|ca46ecc2-d32e-4fc7-893a-83eaf9ab6d57
2026-03-28 18:26:06|qwen|web_search_no_think|1|JSON_SAVED||679|ca46ecc2-d32e-4fc7-893a-83eaf9ab6d57
2026-03-28 18:26:06|qwen|web_search_no_think|1|QUESTION_ADVANCE||680|47f2380d-7cc6-4a1e-a57f-eb01b81bb5fa
2026-03-28 18:26:08|qwen|web_search_no_think|4|QUESTION_SENT||891|a658a88d-3235-49ec-8aaf-6d16314677e9
2026-03-28 18:26:13|qwen|web_search_no_think|3|JSON_VERIFIED||817|ecebae61-a3d8-4506-b3e1-3c0b24510278
2026-03-28 18:26:13|qwen|web_search_no_think|3|QUESTION|8|817|ecebae61-a3d8-4506-b3e1-3c0b24510278
2026-03-28 18:26:13|qwen|web_search_no_think|3|JSON_SAVED||817|ecebae61-a3d8-4506-b3e1-3c0b24510278
2026-03-28 18:26:13|qwen|web_search_no_think|3|QUESTION_ADVANCE||818|35f1e5fe-fe66-4aba-b765-24036107f3cb
2026-03-28 18:26:24|qwen|web_search_no_think|2|JSON_VERIFIED||749|8d587cd1-db32-4092-bbbe-bc995126c7c5
2026-03-28 18:26:24|qwen|web_search_no_think|2|QUESTION|9|749|8d587cd1-db32-4092-bbbe-bc995126c7c5
2026-03-28 18:26:24|qwen|web_search_no_think|2|JSON_SAVED||749|8d587cd1-db32-4092-bbbe-bc995126c7c5
2026-03-28 18:26:24|qwen|web_search_no_think|2|QUESTION_ADVANCE||750|fbff9a19-9613-4721-ae81-a1fae32d82cb
2026-03-28 18:26:32|qwen|web_search_no_think|1|QUESTION_SENT||680|47f2380d-7cc6-4a1e-a57f-eb01b81bb5fa
2026-03-28 18:26:40|qwen|web_search_no_think|3|QUESTION_SENT||818|35f1e5fe-fe66-4aba-b765-24036107f3cb
2026-03-28 18:26:51|qwen|web_search_no_think|0|JSON_VERIFIED||609|b5e67a06-ac92-45f1-b603-57a1548e1651
2026-03-28 18:26:51|qwen|web_search_no_think|0|QUESTION|10|609|b5e67a06-ac92-45f1-b603-57a1548e1651
2026-03-28 18:26:51|qwen|web_search_no_think|0|JSON_SAVED||609|b5e67a06-ac92-45f1-b603-57a1548e1651
2026-03-28 18:26:51|qwen|web_search_no_think|0|QUESTION_ADVANCE||610|e7987e81-9c5b-4749-9c73-8269cf4cf1b9
2026-03-28 18:26:51|qwen|web_search_no_think|2|QUESTION_SENT||750|fbff9a19-9613-4721-ae81-a1fae32d82cb
2026-03-28 18:27:17|qwen|web_search_no_think|0|QUESTION_SENT||610|e7987e81-9c5b-4749-9c73-8269cf4cf1b9
2026-03-28 18:27:31|qwen|web_search_no_think|5|JSON_VERIFIED||960|776366d7-6f1a-4cde-a7e3-e33d95a8222a
2026-03-28 18:27:31|qwen|web_search_no_think|5|QUESTION|11|960|776366d7-6f1a-4cde-a7e3-e33d95a8222a
2026-03-28 18:27:31|qwen|web_search_no_think|5|JSON_SAVED||960|776366d7-6f1a-4cde-a7e3-e33d95a8222a
2026-03-28 18:27:31|qwen|web_search_no_think|5|QUESTION_ADVANCE||961|37669662-e79a-4e0a-89dc-6b8aef0f3eba
2026-03-28 18:27:36|qwen|web_search_no_think|4|JSON_VERIFIED||891|a658a88d-3235-49ec-8aaf-6d16314677e9
2026-03-28 18:27:36|qwen|web_search_no_think|4|QUESTION|12|891|a658a88d-3235-49ec-8aaf-6d16314677e9
2026-03-28 18:27:36|qwen|web_search_no_think|4|JSON_SAVED||891|a658a88d-3235-49ec-8aaf-6d16314677e9
2026-03-28 18:27:36|qwen|web_search_no_think|4|QUESTION_ADVANCE||892|aeaa14ba-e2c7-498e-b99d-1495b1e060d6
2026-03-28 18:27:45|qwen|web_search_no_think|3|JSON_VERIFIED||818|35f1e5fe-fe66-4aba-b765-24036107f3cb
2026-03-28 18:27:45|qwen|web_search_no_think|3|QUESTION|9|818|35f1e5fe-fe66-4aba-b765-24036107f3cb
2026-03-28 18:27:45|qwen|web_search_no_think|3|JSON_SAVED||818|35f1e5fe-fe66-4aba-b765-24036107f3cb
2026-03-28 18:27:45|qwen|web_search_no_think|3|QUESTION_ADVANCE||819|ff25b1db-3fe6-474d-bfe1-23f434149be5
2026-03-28 18:27:53|qwen|web_search_no_think|1|JSON_VERIFIED||680|47f2380d-7cc6-4a1e-a57f-eb01b81bb5fa
2026-03-28 18:27:53|qwen|web_search_no_think|1|QUESTION|10|680|47f2380d-7cc6-4a1e-a57f-eb01b81bb5fa
2026-03-28 18:27:53|qwen|web_search_no_think|1|JSON_SAVED||680|47f2380d-7cc6-4a1e-a57f-eb01b81bb5fa
2026-03-28 18:27:53|qwen|web_search_no_think|1|QUESTION_ADVANCE||681|c435c776-a74f-47fe-9301-113409323a66
2026-03-28 18:27:57|qwen|web_search_no_think|5|QUESTION_SENT||961|37669662-e79a-4e0a-89dc-6b8aef0f3eba
2026-03-28 18:28:03|qwen|web_search_no_think|4|QUESTION_SENT||892|aeaa14ba-e2c7-498e-b99d-1495b1e060d6
2026-03-28 18:28:11|qwen|web_search_no_think|3|QUESTION_SENT||819|ff25b1db-3fe6-474d-bfe1-23f434149be5
2026-03-28 18:28:12|qwen|web_search_no_think|2|JSON_VERIFIED||750|fbff9a19-9613-4721-ae81-a1fae32d82cb
2026-03-28 18:28:12|qwen|web_search_no_think|2|QUESTION|10|750|fbff9a19-9613-4721-ae81-a1fae32d82cb
2026-03-28 18:28:12|qwen|web_search_no_think|2|JSON_SAVED||750|fbff9a19-9613-4721-ae81-a1fae32d82cb
2026-03-28 18:28:12|qwen|web_search_no_think|2|QUESTION_ADVANCE||751|530170df-7af8-4021-96db-e7b0185fa368
2026-03-28 18:28:18|qwen|web_search_no_think|0|JSON_VERIFIED||610|e7987e81-9c5b-4749-9c73-8269cf4cf1b9
2026-03-28 18:28:18|qwen|web_search_no_think|0|QUESTION|11|610|e7987e81-9c5b-4749-9c73-8269cf4cf1b9
2026-03-28 18:28:18|qwen|web_search_no_think|0|JSON_SAVED||610|e7987e81-9c5b-4749-9c73-8269cf4cf1b9
2026-03-28 18:28:18|qwen|web_search_no_think|0|QUESTION_ADVANCE||611|71811f09-784e-45e2-bdab-738367cdff76
2026-03-28 18:28:20|qwen|web_search_no_think|1|QUESTION_SENT||681|c435c776-a74f-47fe-9301-113409323a66
2026-03-28 18:28:38|qwen|web_search_no_think|2|QUESTION_SENT||751|530170df-7af8-4021-96db-e7b0185fa368
2026-03-28 18:28:45|qwen|web_search_no_think|0|QUESTION_SENT||611|71811f09-784e-45e2-bdab-738367cdff76
2026-03-28 18:29:36|qwen|web_search_no_think|1|JSON_VERIFIED||681|c435c776-a74f-47fe-9301-113409323a66
2026-03-28 18:29:36|qwen|web_search_no_think|1|QUESTION|11|681|c435c776-a74f-47fe-9301-113409323a66
2026-03-28 18:29:36|qwen|web_search_no_think|1|JSON_SAVED||681|c435c776-a74f-47fe-9301-113409323a66
2026-03-28 18:29:36|qwen|web_search_no_think|1|QUESTION_ADVANCE||682|43bb85c6-8b1c-47be-a9a8-4c1e2f1a187c
2026-03-28 18:29:44|qwen|web_search_no_think|3|JSON_VERIFIED||819|ff25b1db-3fe6-474d-bfe1-23f434149be5
2026-03-28 18:29:44|qwen|web_search_no_think|3|QUESTION|10|819|ff25b1db-3fe6-474d-bfe1-23f434149be5
2026-03-28 18:29:44|qwen|web_search_no_think|3|JSON_SAVED||819|ff25b1db-3fe6-474d-bfe1-23f434149be5
2026-03-28 18:29:44|qwen|web_search_no_think|3|QUESTION_ADVANCE||820|51e5345c-db51-4417-9860-560ff789620a
2026-03-28 18:29:51|qwen|web_search_no_think|5|QUESTION_SENT||961|37669662-e79a-4e0a-89dc-6b8aef0f3eba
2026-03-28 18:29:59|qwen|web_search_no_think|4|JSON_VERIFIED||892|aeaa14ba-e2c7-498e-b99d-1495b1e060d6
2026-03-28 18:29:59|qwen|web_search_no_think|4|QUESTION|13|892|aeaa14ba-e2c7-498e-b99d-1495b1e060d6
2026-03-28 18:29:59|qwen|web_search_no_think|4|JSON_SAVED||892|aeaa14ba-e2c7-498e-b99d-1495b1e060d6
2026-03-28 18:29:59|qwen|web_search_no_think|4|QUESTION_ADVANCE||893|fb914ddb-139f-42ad-85e1-3ef71d2f3b40
2026-03-28 18:30:02|qwen|web_search_no_think|0|QUESTION_SENT||611|71811f09-784e-45e2-bdab-738367cdff76
2026-03-28 18:30:03|qwen|web_search_no_think|1|QUESTION_SENT||682|43bb85c6-8b1c-47be-a9a8-4c1e2f1a187c
2026-03-28 18:30:05|qwen|web_search_no_think|2|JSON_VERIFIED||751|530170df-7af8-4021-96db-e7b0185fa368
2026-03-28 18:30:05|qwen|web_search_no_think|2|QUESTION|11|751|530170df-7af8-4021-96db-e7b0185fa368
2026-03-28 18:30:05|qwen|web_search_no_think|2|JSON_SAVED||751|530170df-7af8-4021-96db-e7b0185fa368
2026-03-28 18:30:05|qwen|web_search_no_think|2|QUESTION_ADVANCE||752|b01e9166-4371-4a76-acff-09fb7006f365
2026-03-28 18:30:10|qwen|web_search_no_think|3|QUESTION_SENT||820|51e5345c-db51-4417-9860-560ff789620a
2026-03-28 18:30:26|qwen|web_search_no_think|4|QUESTION_SENT||893|fb914ddb-139f-42ad-85e1-3ef71d2f3b40
2026-03-28 18:30:30|qwen|web_search_no_think|0|JSON_VERIFY_FAILED||611|71811f09-784e-45e2-bdab-738367cdff76
2026-03-28 18:30:30|qwen|web_search_no_think|0|QUESTION|12|611|71811f09-784e-45e2-bdab-738367cdff76
2026-03-28 18:30:31|qwen|web_search_no_think|2|QUESTION_SENT||752|b01e9166-4371-4a76-acff-09fb7006f365
2026-03-28 18:30:57|qwen|web_search_no_think|0|QUESTION_SENT||611|71811f09-784e-45e2-bdab-738367cdff76
2026-03-28 18:30:58|qwen|web_search_no_think|1|JSON_VERIFY_FAILED||682|43bb85c6-8b1c-47be-a9a8-4c1e2f1a187c
2026-03-28 18:30:58|qwen|web_search_no_think|1|QUESTION|12|682|43bb85c6-8b1c-47be-a9a8-4c1e2f1a187c
2026-03-28 18:31:11|qwen|web_search_no_think|5|JSON_VERIFIED||961|37669662-e79a-4e0a-89dc-6b8aef0f3eba
2026-03-28 18:31:11|qwen|web_search_no_think|5|QUESTION|12|961|37669662-e79a-4e0a-89dc-6b8aef0f3eba
2026-03-28 18:31:11|qwen|web_search_no_think|5|JSON_SAVED||961|37669662-e79a-4e0a-89dc-6b8aef0f3eba
2026-03-28 18:31:11|qwen|web_search_no_think|5|QUESTION_ADVANCE||962|0a9f44dc-9b03-4fee-a1d8-4ce66ede4ee0
2026-03-28 18:31:11|qwen|web_search_no_think|3|JSON_VERIFIED||820|51e5345c-db51-4417-9860-560ff789620a
2026-03-28 18:31:11|qwen|web_search_no_think|3|QUESTION|11|820|51e5345c-db51-4417-9860-560ff789620a
2026-03-28 18:31:11|qwen|web_search_no_think|3|JSON_SAVED||820|51e5345c-db51-4417-9860-560ff789620a
2026-03-28 18:31:11|qwen|web_search_no_think|3|QUESTION_ADVANCE||821|27cfe0f0-5b14-4662-9e89-78f5af1addc4
2026-03-28 18:31:25|qwen|web_search_no_think|1|QUESTION_SENT||682|43bb85c6-8b1c-47be-a9a8-4c1e2f1a187c
2026-03-28 18:31:37|qwen|web_search_no_think|5|QUESTION_SENT||962|0a9f44dc-9b03-4fee-a1d8-4ce66ede4ee0
2026-03-28 18:31:38|qwen|web_search_no_think|3|QUESTION_SENT||821|27cfe0f0-5b14-4662-9e89-78f5af1addc4
2026-03-28 18:31:54|qwen|web_search_no_think|2|JSON_VERIFIED||752|b01e9166-4371-4a76-acff-09fb7006f365
2026-03-28 18:31:54|qwen|web_search_no_think|2|QUESTION|12|752|b01e9166-4371-4a76-acff-09fb7006f365
2026-03-28 18:31:54|qwen|web_search_no_think|2|JSON_SAVED||752|b01e9166-4371-4a76-acff-09fb7006f365
2026-03-28 18:31:54|qwen|web_search_no_think|2|QUESTION_ADVANCE||753|ef7eab9a-0f7f-46f4-ba5a-545fe8c46877
2026-03-28 18:31:55|qwen|web_search_no_think|4|JSON_VERIFIED||893|fb914ddb-139f-42ad-85e1-3ef71d2f3b40
2026-03-28 18:31:55|qwen|web_search_no_think|4|QUESTION|14|893|fb914ddb-139f-42ad-85e1-3ef71d2f3b40
2026-03-28 18:31:55|qwen|web_search_no_think|4|JSON_SAVED||893|fb914ddb-139f-42ad-85e1-3ef71d2f3b40
2026-03-28 18:31:55|qwen|web_search_no_think|4|QUESTION_ADVANCE||894|6de6b127-8ff3-4946-83ea-bcc10c55305f
2026-03-28 18:32:02|qwen|web_search_no_think|0|JSON_VERIFIED||611|71811f09-784e-45e2-bdab-738367cdff76
2026-03-28 18:32:02|qwen|web_search_no_think|0|QUESTION|13|611|71811f09-784e-45e2-bdab-738367cdff76
2026-03-28 18:32:02|qwen|web_search_no_think|0|JSON_SAVED||611|71811f09-784e-45e2-bdab-738367cdff76
2026-03-28 18:32:02|qwen|web_search_no_think|0|QUESTION_ADVANCE||612|a9c9c2f9-c58b-4532-9bde-2f603294fae1
2026-03-28 18:32:20|qwen|web_search_no_think|2|QUESTION_SENT||753|ef7eab9a-0f7f-46f4-ba5a-545fe8c46877
2026-03-28 18:32:22|qwen|web_search_no_think|4|QUESTION_SENT||894|6de6b127-8ff3-4946-83ea-bcc10c55305f
2026-03-28 18:32:29|qwen|web_search_no_think|0|QUESTION_SENT||612|a9c9c2f9-c58b-4532-9bde-2f603294fae1
2026-03-28 18:32:40|qwen|web_search_no_think|1|JSON_VERIFIED||682|43bb85c6-8b1c-47be-a9a8-4c1e2f1a187c
2026-03-28 18:32:40|qwen|web_search_no_think|1|QUESTION|13|682|43bb85c6-8b1c-47be-a9a8-4c1e2f1a187c
2026-03-28 18:32:40|qwen|web_search_no_think|1|JSON_SAVED||682|43bb85c6-8b1c-47be-a9a8-4c1e2f1a187c
2026-03-28 18:32:40|qwen|web_search_no_think|1|QUESTION_ADVANCE||683|32c2ae3e-91bb-4154-b3d2-593b829463a6
2026-03-28 18:32:42|qwen|web_search_no_think|3|JSON_VERIFIED||821|27cfe0f0-5b14-4662-9e89-78f5af1addc4
2026-03-28 18:32:42|qwen|web_search_no_think|3|QUESTION|12|821|27cfe0f0-5b14-4662-9e89-78f5af1addc4
2026-03-28 18:32:42|qwen|web_search_no_think|3|JSON_SAVED||821|27cfe0f0-5b14-4662-9e89-78f5af1addc4
2026-03-28 18:32:42|qwen|web_search_no_think|3|QUESTION_ADVANCE||822|d7108cbd-fd6e-447e-8f84-13fca72f8d55
2026-03-28 18:33:06|qwen|web_search_no_think|1|QUESTION_SENT||683|32c2ae3e-91bb-4154-b3d2-593b829463a6
2026-03-28 18:33:08|qwen|web_search_no_think|3|QUESTION_SENT||822|d7108cbd-fd6e-447e-8f84-13fca72f8d55
2026-03-28 18:33:37|qwen|web_search_no_think|0|JSON_VERIFIED||612|a9c9c2f9-c58b-4532-9bde-2f603294fae1
2026-03-28 18:33:37|qwen|web_search_no_think|0|QUESTION|14|612|a9c9c2f9-c58b-4532-9bde-2f603294fae1
2026-03-28 18:33:37|qwen|web_search_no_think|0|JSON_SAVED||612|a9c9c2f9-c58b-4532-9bde-2f603294fae1
2026-03-28 18:33:37|qwen|web_search_no_think|0|QUESTION_ADVANCE||613|d3bb09e2-c2a6-47b3-9d70-6ebd9a26ff47
2026-03-28 18:33:40|qwen|web_search_no_think|2|QUESTION_SENT||753|ef7eab9a-0f7f-46f4-ba5a-545fe8c46877
2026-03-28 18:33:42|qwen|web_search_no_think|5|JSON_VERIFIED||962|0a9f44dc-9b03-4fee-a1d8-4ce66ede4ee0
2026-03-28 18:33:42|qwen|web_search_no_think|5|QUESTION|13|962|0a9f44dc-9b03-4fee-a1d8-4ce66ede4ee0
2026-03-28 18:33:42|qwen|web_search_no_think|5|JSON_SAVED||962|0a9f44dc-9b03-4fee-a1d8-4ce66ede4ee0
2026-03-28 18:33:42|qwen|web_search_no_think|5|QUESTION_ADVANCE||963|57b4ecc4-2ca6-4652-97f2-4ec5f2cc2a0b
2026-03-28 18:34:01|qwen|web_search_no_think|4|JSON_VERIFIED||894|6de6b127-8ff3-4946-83ea-bcc10c55305f
2026-03-28 18:34:01|qwen|web_search_no_think|4|QUESTION|15|894|6de6b127-8ff3-4946-83ea-bcc10c55305f
2026-03-28 18:34:01|qwen|web_search_no_think|4|JSON_SAVED||894|6de6b127-8ff3-4946-83ea-bcc10c55305f
2026-03-28 18:34:01|qwen|web_search_no_think|4|QUESTION_ADVANCE||895|40ab531d-119d-4b06-b30a-0d7e70ef09ab
2026-03-28 18:34:03|qwen|web_search_no_think|0|QUESTION_SENT||613|d3bb09e2-c2a6-47b3-9d70-6ebd9a26ff47
2026-03-28 18:34:09|qwen|web_search_no_think|5|QUESTION_SENT||963|57b4ecc4-2ca6-4652-97f2-4ec5f2cc2a0b
2026-03-28 18:34:26|qwen|web_search_no_think|3|JSON_VERIFIED||822|d7108cbd-fd6e-447e-8f84-13fca72f8d55
2026-03-28 18:34:26|qwen|web_search_no_think|3|QUESTION|13|822|d7108cbd-fd6e-447e-8f84-13fca72f8d55
2026-03-28 18:34:26|qwen|web_search_no_think|3|JSON_SAVED||822|d7108cbd-fd6e-447e-8f84-13fca72f8d55
2026-03-28 18:34:26|qwen|web_search_no_think|3|QUESTION_ADVANCE||823|e805f612-d4fe-4dc6-a0a2-d1735fc53dab
2026-03-28 18:34:27|qwen|web_search_no_think|1|JSON_VERIFIED||683|32c2ae3e-91bb-4154-b3d2-593b829463a6
2026-03-28 18:34:27|qwen|web_search_no_think|1|QUESTION|14|683|32c2ae3e-91bb-4154-b3d2-593b829463a6
2026-03-28 18:34:27|qwen|web_search_no_think|1|JSON_SAVED||683|32c2ae3e-91bb-4154-b3d2-593b829463a6
2026-03-28 18:34:27|qwen|web_search_no_think|1|QUESTION_ADVANCE||684|dfa8421e-b460-4a92-8bc7-14e758382d86
2026-03-28 18:34:27|qwen|web_search_no_think|4|QUESTION_SENT||895|40ab531d-119d-4b06-b30a-0d7e70ef09ab
2026-03-28 18:34:44|qwen|web_search_no_think|2|JSON_VERIFY_FAILED||753|ef7eab9a-0f7f-46f4-ba5a-545fe8c46877
2026-03-28 18:34:44|qwen|web_search_no_think|2|QUESTION|13|753|ef7eab9a-0f7f-46f4-ba5a-545fe8c46877
2026-03-28 18:34:53|qwen|web_search_no_think|3|QUESTION_SENT||823|e805f612-d4fe-4dc6-a0a2-d1735fc53dab
2026-03-28 18:34:54|qwen|web_search_no_think|1|QUESTION_SENT||684|dfa8421e-b460-4a92-8bc7-14e758382d86
2026-03-28 18:35:06|qwen|web_search_no_think|0|JSON_VERIFIED||613|d3bb09e2-c2a6-47b3-9d70-6ebd9a26ff47
2026-03-28 18:35:06|qwen|web_search_no_think|0|QUESTION|15|613|d3bb09e2-c2a6-47b3-9d70-6ebd9a26ff47
2026-03-28 18:35:06|qwen|web_search_no_think|0|JSON_SAVED||613|d3bb09e2-c2a6-47b3-9d70-6ebd9a26ff47
2026-03-28 18:35:06|qwen|web_search_no_think|0|QUESTION_ADVANCE||614|3c3a13ee-bbb6-4208-a5db-613408660813
2026-03-28 18:35:11|qwen|web_search_no_think|2|QUESTION_SENT||753|ef7eab9a-0f7f-46f4-ba5a-545fe8c46877
2026-03-28 18:35:32|qwen|web_search_no_think|0|QUESTION_SENT||614|3c3a13ee-bbb6-4208-a5db-613408660813
2026-03-28 18:35:35|qwen|web_search_no_think|5|JSON_VERIFIED||963|57b4ecc4-2ca6-4652-97f2-4ec5f2cc2a0b
2026-03-28 18:35:35|qwen|web_search_no_think|5|QUESTION|14|963|57b4ecc4-2ca6-4652-97f2-4ec5f2cc2a0b
2026-03-28 18:35:35|qwen|web_search_no_think|5|JSON_SAVED||963|57b4ecc4-2ca6-4652-97f2-4ec5f2cc2a0b
2026-03-28 18:35:35|qwen|web_search_no_think|5|QUESTION_ADVANCE||964|b16f5333-a06c-4145-9a4e-91626a9054bb
2026-03-28 18:35:37|qwen|web_search_no_think|4|JSON_VERIFIED||895|40ab531d-119d-4b06-b30a-0d7e70ef09ab
2026-03-28 18:35:37|qwen|web_search_no_think|4|QUESTION|16|895|40ab531d-119d-4b06-b30a-0d7e70ef09ab
2026-03-28 18:35:37|qwen|web_search_no_think|4|JSON_SAVED||895|40ab531d-119d-4b06-b30a-0d7e70ef09ab
2026-03-28 18:35:37|qwen|web_search_no_think|4|QUESTION_ADVANCE||896|2d1e0c1f-f514-488a-9848-09983dcba1fe
2026-03-28 18:36:01|qwen|web_search_no_think|3|JSON_VERIFIED||823|e805f612-d4fe-4dc6-a0a2-d1735fc53dab
2026-03-28 18:36:01|qwen|web_search_no_think|3|QUESTION|14|823|e805f612-d4fe-4dc6-a0a2-d1735fc53dab
2026-03-28 18:36:01|qwen|web_search_no_think|3|JSON_SAVED||823|e805f612-d4fe-4dc6-a0a2-d1735fc53dab
2026-03-28 18:36:01|qwen|web_search_no_think|3|QUESTION_ADVANCE||824|98c23cfa-40e5-4184-b98e-35a4900c0c1f
2026-03-28 18:36:02|qwen|web_search_no_think|5|QUESTION_SENT||964|b16f5333-a06c-4145-9a4e-91626a9054bb
2026-03-28 18:36:03|qwen|web_search_no_think|0|JSON_VERIFY_FAILED||614|3c3a13ee-bbb6-4208-a5db-613408660813
2026-03-28 18:36:03|qwen|web_search_no_think|0|QUESTION|16|614|3c3a13ee-bbb6-4208-a5db-613408660813
2026-03-28 18:36:03|qwen|web_search_no_think|4|QUESTION_SENT||896|2d1e0c1f-f514-488a-9848-09983dcba1fe
2026-03-28 18:36:22|qwen|web_search_no_think|1|JSON_VERIFIED||684|dfa8421e-b460-4a92-8bc7-14e758382d86
2026-03-28 18:36:22|qwen|web_search_no_think|1|QUESTION|15|684|dfa8421e-b460-4a92-8bc7-14e758382d86
2026-03-28 18:36:22|qwen|web_search_no_think|1|JSON_SAVED||684|dfa8421e-b460-4a92-8bc7-14e758382d86
2026-03-28 18:36:22|qwen|web_search_no_think|1|QUESTION_ADVANCE||685|5bdf3b3d-7b84-4b1c-8f0a-d01425698bc1
2026-03-28 18:36:27|qwen|web_search_no_think|3|QUESTION_SENT||824|98c23cfa-40e5-4184-b98e-35a4900c0c1f
2026-03-28 18:36:30|qwen|web_search_no_think|0|QUESTION_SENT||614|3c3a13ee-bbb6-4208-a5db-613408660813
2026-03-28 18:36:39|qwen|web_search_no_think|2|JSON_VERIFIED||753|ef7eab9a-0f7f-46f4-ba5a-545fe8c46877
2026-03-28 18:36:39|qwen|web_search_no_think|2|QUESTION|14|753|ef7eab9a-0f7f-46f4-ba5a-545fe8c46877
2026-03-28 18:36:39|qwen|web_search_no_think|2|JSON_SAVED||753|ef7eab9a-0f7f-46f4-ba5a-545fe8c46877
2026-03-28 18:36:39|qwen|web_search_no_think|2|QUESTION_ADVANCE||754|e61cc658-5736-467f-af1f-b23a870baca4
2026-03-28 18:36:48|qwen|web_search_no_think|1|QUESTION_SENT||685|5bdf3b3d-7b84-4b1c-8f0a-d01425698bc1
2026-03-28 18:37:05|qwen|web_search_no_think|2|QUESTION_SENT||754|e61cc658-5736-467f-af1f-b23a870baca4
2026-03-28 18:37:18|qwen|web_search_no_think|5|JSON_VERIFIED||964|b16f5333-a06c-4145-9a4e-91626a9054bb
2026-03-28 18:37:18|qwen|web_search_no_think|5|QUESTION|15|964|b16f5333-a06c-4145-9a4e-91626a9054bb
2026-03-28 18:37:18|qwen|web_search_no_think|5|JSON_SAVED||964|b16f5333-a06c-4145-9a4e-91626a9054bb
2026-03-28 18:37:18|qwen|web_search_no_think|5|QUESTION_ADVANCE||965|50c73a0f-b783-4945-8c65-ef65ead4117c
2026-03-28 18:37:27|qwen|web_search_no_think|4|JSON_VERIFIED||896|2d1e0c1f-f514-488a-9848-09983dcba1fe
2026-03-28 18:37:27|qwen|web_search_no_think|4|QUESTION|17|896|2d1e0c1f-f514-488a-9848-09983dcba1fe
2026-03-28 18:37:27|qwen|web_search_no_think|4|JSON_SAVED||896|2d1e0c1f-f514-488a-9848-09983dcba1fe
2026-03-28 18:37:27|qwen|web_search_no_think|4|QUESTION_ADVANCE||897|bffc30ed-96b3-4e1d-bb75-1814110d1384
2026-03-28 18:37:40|qwen|web_search_no_think|3|JSON_VERIFIED||824|98c23cfa-40e5-4184-b98e-35a4900c0c1f
2026-03-28 18:37:40|qwen|web_search_no_think|3|QUESTION|15|824|98c23cfa-40e5-4184-b98e-35a4900c0c1f
2026-03-28 18:37:40|qwen|web_search_no_think|3|JSON_SAVED||824|98c23cfa-40e5-4184-b98e-35a4900c0c1f
2026-03-28 18:37:40|qwen|web_search_no_think|3|QUESTION_ADVANCE||825|6456b2d3-0854-4293-be81-1190f1d9aeed
2026-03-28 18:37:41|qwen|web_search_no_think|0|JSON_VERIFIED||614|3c3a13ee-bbb6-4208-a5db-613408660813
2026-03-28 18:37:41|qwen|web_search_no_think|0|QUESTION|17|614|3c3a13ee-bbb6-4208-a5db-613408660813
2026-03-28 18:37:41|qwen|web_search_no_think|0|JSON_SAVED||614|3c3a13ee-bbb6-4208-a5db-613408660813
2026-03-28 18:37:41|qwen|web_search_no_think|0|QUESTION_ADVANCE||615|d5995b76-6b0a-48e9-aedb-d39355614fa5
2026-03-28 18:37:45|qwen|web_search_no_think|5|QUESTION_SENT||965|50c73a0f-b783-4945-8c65-ef65ead4117c
2026-03-28 18:37:48|qwen|web_search_no_think|1|JSON_VERIFIED||685|5bdf3b3d-7b84-4b1c-8f0a-d01425698bc1
2026-03-28 18:37:48|qwen|web_search_no_think|1|QUESTION|16|685|5bdf3b3d-7b84-4b1c-8f0a-d01425698bc1
2026-03-28 18:37:48|qwen|web_search_no_think|1|JSON_SAVED||685|5bdf3b3d-7b84-4b1c-8f0a-d01425698bc1
2026-03-28 18:37:48|qwen|web_search_no_think|1|QUESTION_ADVANCE||686|e263b2d1-1dad-494d-9085-1a618d90fea5
2026-03-28 18:37:54|qwen|web_search_no_think|4|QUESTION_SENT||897|bffc30ed-96b3-4e1d-bb75-1814110d1384
2026-03-28 18:38:06|qwen|web_search_no_think|3|QUESTION_SENT||825|6456b2d3-0854-4293-be81-1190f1d9aeed
2026-03-28 18:38:07|qwen|web_search_no_think|0|QUESTION_SENT||615|d5995b76-6b0a-48e9-aedb-d39355614fa5
2026-03-28 18:38:14|qwen|web_search_no_think|1|QUESTION_SENT||686|e263b2d1-1dad-494d-9085-1a618d90fea5
2026-03-28 18:38:23|qwen|web_search_no_think|2|JSON_VERIFIED||754|e61cc658-5736-467f-af1f-b23a870baca4
2026-03-28 18:38:23|qwen|web_search_no_think|2|QUESTION|15|754|e61cc658-5736-467f-af1f-b23a870baca4
2026-03-28 18:38:23|qwen|web_search_no_think|2|JSON_SAVED||754|e61cc658-5736-467f-af1f-b23a870baca4
2026-03-28 18:38:23|qwen|web_search_no_think|2|QUESTION_ADVANCE||755|576ce684-d16f-4aa1-8630-de4741157437
2026-03-28 18:38:50|qwen|web_search_no_think|2|QUESTION_SENT||755|576ce684-d16f-4aa1-8630-de4741157437
2026-03-28 18:39:13|qwen|web_search_no_think|5|QUESTION_SENT||965|50c73a0f-b783-4945-8c65-ef65ead4117c
2026-03-28 18:39:25|qwen|web_search_no_think|4|QUESTION_SENT||897|bffc30ed-96b3-4e1d-bb75-1814110d1384
2026-03-28 18:39:42|qwen|web_search_no_think|3|QUESTION_SENT||825|6456b2d3-0854-4293-be81-1190f1d9aeed
2026-03-28 18:40:04|qwen|web_search_no_think|1|QUESTION_SENT||686|e263b2d1-1dad-494d-9085-1a618d90fea5
2026-03-28 18:40:10|qwen|web_search_no_think|0|QUESTION_SENT||615|d5995b76-6b0a-48e9-aedb-d39355614fa5
2026-03-28 18:40:34|qwen|web_search_no_think|2|QUESTION_SENT||755|576ce684-d16f-4aa1-8630-de4741157437
2026-03-28 18:40:51|qwen|web_search_no_think|4|QUESTION_SENT||897|bffc30ed-96b3-4e1d-bb75-1814110d1384
2026-03-28 18:41:09|qwen|web_search_no_think|5|QUESTION_SENT||965|50c73a0f-b783-4945-8c65-ef65ead4117c
2026-03-28 18:41:12|qwen|web_search_no_think|3|QUESTION_SENT||825|6456b2d3-0854-4293-be81-1190f1d9aeed
2026-03-28 18:41:27|qwen|web_search_no_think|1|QUESTION_SENT||686|e263b2d1-1dad-494d-9085-1a618d90fea5
2026-03-28 18:42:07|qwen|web_search_no_think|0|QUESTION_SENT||615|d5995b76-6b0a-48e9-aedb-d39355614fa5
2026-03-28 18:42:14|qwen|web_search_no_think|4|QUESTION_SENT||897|bffc30ed-96b3-4e1d-bb75-1814110d1384
2026-03-28 18:42:22|qwen|web_search_no_think|2|QUESTION_SENT||755|576ce684-d16f-4aa1-8630-de4741157437
2026-03-28 18:42:53|qwen|web_search_no_think|3|QUESTION_SENT||825|6456b2d3-0854-4293-be81-1190f1d9aeed
2026-03-28 18:43:16|qwen|web_search_no_think|5|QUESTION_SENT||965|50c73a0f-b783-4945-8c65-ef65ead4117c
2026-03-28 18:43:24|qwen|web_search_no_think|1|QUESTION_SENT||686|e263b2d1-1dad-494d-9085-1a618d90fea5
2026-03-28 18:43:32|qwen|web_search_no_think|4|QUESTION_SENT||897|bffc30ed-96b3-4e1d-bb75-1814110d1384
2026-03-28 18:43:46|qwen|web_search_no_think|2|QUESTION_SENT||755|576ce684-d16f-4aa1-8630-de4741157437
2026-03-28 18:44:15|qwen|web_search_no_think|0|QUESTION_SENT||615|d5995b76-6b0a-48e9-aedb-d39355614fa5
2026-03-28 18:44:48|qwen|web_search_no_think|4|QUESTION_SENT||897|bffc30ed-96b3-4e1d-bb75-1814110d1384
2026-03-28 18:44:59|qwen|web_search_no_think|3|QUESTION_SENT||825|6456b2d3-0854-4293-be81-1190f1d9aeed
2026-03-28 18:45:04|qwen|web_search_no_think|5|QUESTION_SENT||965|50c73a0f-b783-4945-8c65-ef65ead4117c
2026-03-28 18:45:05|qwen|web_search_no_think|2|QUESTION_SENT||755|576ce684-d16f-4aa1-8630-de4741157437
2026-03-28 18:45:08|qwen|web_search_no_think|1|QUESTION_SENT||686|e263b2d1-1dad-494d-9085-1a618d90fea5
2026-03-28 18:45:51|qwen|web_search_no_think|0|QUESTION_SENT||615|d5995b76-6b0a-48e9-aedb-d39355614fa5
2026-03-28 18:46:25|qwen|web_search_no_think|4|QUESTION_SENT||897|bffc30ed-96b3-4e1d-bb75-1814110d1384
2026-03-28 18:46:27|qwen|web_search_no_think|3|QUESTION_SENT||825|6456b2d3-0854-4293-be81-1190f1d9aeed
2026-03-28 18:46:45|qwen|web_search_no_think|2|QUESTION_SENT||755|576ce684-d16f-4aa1-8630-de4741157437
2026-03-28 18:46:46|qwen|web_search_no_think|5|QUESTION_SENT||965|50c73a0f-b783-4945-8c65-ef65ead4117c
2026-03-28 18:46:48|qwen|web_search_no_think|1|QUESTION_SENT||686|e263b2d1-1dad-494d-9085-1a618d90fea5
2026-03-28 18:47:43|qwen|web_search_no_think|0|QUESTION_SENT||615|d5995b76-6b0a-48e9-aedb-d39355614fa5
2026-03-28 18:47:50|qwen|web_search_no_think|4|QUESTION_SENT||897|bffc30ed-96b3-4e1d-bb75-1814110d1384
2026-03-28 18:47:59|qwen|web_search_no_think|3|QUESTION_SENT||825|6456b2d3-0854-4293-be81-1190f1d9aeed
2026-03-28 18:48:25|qwen|web_search_no_think|1|QUESTION_SENT||686|e263b2d1-1dad-494d-9085-1a618d90fea5
2026-03-28 18:48:37|qwen|web_search_no_think|5|QUESTION_SENT||965|50c73a0f-b783-4945-8c65-ef65ead4117c
2026-03-28 18:48:50|qwen|web_search_no_think|2|QUESTION_SENT||755|576ce684-d16f-4aa1-8630-de4741157437
2026-03-28 18:49:11|qwen|web_search_no_think|4|QUESTION_SENT||897|bffc30ed-96b3-4e1d-bb75-1814110d1384
2026-03-28 18:49:22|qwen|web_search_no_think|0|QUESTION_SENT||615|d5995b76-6b0a-48e9-aedb-d39355614fa5
2026-03-28 18:49:49|qwen|web_search_no_think|3|QUESTION_SENT||825|6456b2d3-0854-4293-be81-1190f1d9aeed
2026-03-28 18:50:02|qwen|web_search_no_think|1|QUESTION_SENT||686|e263b2d1-1dad-494d-9085-1a618d90fea5
2026-03-28 18:50:23|qwen|web_search_no_think|5|QUESTION_SENT||965|50c73a0f-b783-4945-8c65-ef65ead4117c
2026-03-28 18:50:25|qwen|web_search_no_think|2|QUESTION_SENT||755|576ce684-d16f-4aa1-8630-de4741157437
2026-03-28 18:50:40|qwen|web_search_no_think|4|QUESTION_SENT||897|bffc30ed-96b3-4e1d-bb75-1814110d1384
2026-03-28 18:51:05|qwen|web_search_no_think|0|QUESTION_SENT||615|d5995b76-6b0a-48e9-aedb-d39355614fa5
2026-03-28 18:51:13|qwen|web_search_no_think|3|QUESTION_SENT||825|6456b2d3-0854-4293-be81-1190f1d9aeed
2026-03-28 18:51:57|qwen|web_search_no_think|5|QUESTION_SENT||965|50c73a0f-b783-4945-8c65-ef65ead4117c
2026-03-28 18:52:01|qwen|web_search_no_think|1|QUESTION_SENT||686|e263b2d1-1dad-494d-9085-1a618d90fea5
2026-03-28 18:52:03|qwen|web_search_no_think|2|QUESTION_SENT||755|576ce684-d16f-4aa1-8630-de4741157437
2026-03-28 18:52:04|qwen|web_search_no_think|4|QUESTION_SENT||897|bffc30ed-96b3-4e1d-bb75-1814110d1384
2026-03-28 18:52:44|qwen|web_search_no_think|3|QUESTION_SENT||825|6456b2d3-0854-4293-be81-1190f1d9aeed
2026-03-28 18:52:45|qwen|web_search_no_think|0|QUESTION_SENT||615|d5995b76-6b0a-48e9-aedb-d39355614fa5
2026-03-28 18:53:26|qwen|web_search_no_think|2|QUESTION_SENT||755|576ce684-d16f-4aa1-8630-de4741157437
2026-03-28 18:53:52|qwen|web_search_no_think|4|QUESTION_SENT||897|bffc30ed-96b3-4e1d-bb75-1814110d1384
2026-03-28 18:53:54|qwen|web_search_no_think|5|QUESTION_SENT||965|50c73a0f-b783-4945-8c65-ef65ead4117c
2026-03-28 18:54:00|qwen|web_search_no_think|1|QUESTION_SENT||686|e263b2d1-1dad-494d-9085-1a618d90fea5
2026-03-28 18:54:33|qwen|web_search_no_think|0|QUESTION_SENT||615|d5995b76-6b0a-48e9-aedb-d39355614fa5
2026-03-28 18:54:34|qwen|web_search_no_think|3|QUESTION_SENT||825|6456b2d3-0854-4293-be81-1190f1d9aeed
2026-03-28 18:55:09|qwen|web_search_no_think|2|QUESTION_SENT||755|576ce684-d16f-4aa1-8630-de4741157437
2026-03-28 18:55:22|qwen|web_search_no_think|4|QUESTION_SENT||897|bffc30ed-96b3-4e1d-bb75-1814110d1384
2026-03-28 18:55:28|qwen|web_search_no_think|1|QUESTION_SENT||686|e263b2d1-1dad-494d-9085-1a618d90fea5
2026-03-28 18:55:39|qwen|web_search_no_think|5|QUESTION_SENT||965|50c73a0f-b783-4945-8c65-ef65ead4117c
2026-03-28 18:55:52|qwen|web_search_no_think|0|QUESTION_SENT||615|d5995b76-6b0a-48e9-aedb-d39355614fa5
2026-03-28 18:56:13|qwen|web_search_no_think|3|QUESTION_SENT||825|6456b2d3-0854-4293-be81-1190f1d9aeed
2026-03-28 18:56:44|qwen|web_search_no_think|4|QUESTION_SENT||897|bffc30ed-96b3-4e1d-bb75-1814110d1384
2026-03-28 18:57:00|qwen|web_search_no_think|2|QUESTION_SENT||755|576ce684-d16f-4aa1-8630-de4741157437
2026-03-28 18:57:09|qwen|web_search_no_think|1|QUESTION_SENT||686|e263b2d1-1dad-494d-9085-1a618d90fea5
2026-03-28 18:57:50|qwen|web_search_no_think|0|QUESTION_SENT||615|d5995b76-6b0a-48e9-aedb-d39355614fa5
2026-03-28 18:57:54|qwen|web_search_no_think|3|QUESTION_SENT||825|6456b2d3-0854-4293-be81-1190f1d9aeed
2026-03-28 18:57:58|qwen|web_search_no_think|5|QUESTION_SENT||965|50c73a0f-b783-4945-8c65-ef65ead4117c
2026-03-28 18:58:05|qwen|web_search_no_think|4|QUESTION_SENT||897|bffc30ed-96b3-4e1d-bb75-1814110d1384
2026-03-28 18:58:36|qwen|web_search_no_think|2|QUESTION_SENT||755|576ce684-d16f-4aa1-8630-de4741157437
2026-03-28 18:58:42|qwen|web_search_no_think|1|QUESTION_SENT||686|e263b2d1-1dad-494d-9085-1a618d90fea5
2026-03-28 18:59:21|qwen|web_search_no_think|3|QUESTION_SENT||825|6456b2d3-0854-4293-be81-1190f1d9aeed
2026-03-28 18:59:23|qwen|web_search_no_think|5|QUESTION_SENT||965|50c73a0f-b783-4945-8c65-ef65ead4117c
2026-03-28 18:59:31|qwen|web_search_no_think|0|JSON_VERIFIED||615|d5995b76-6b0a-48e9-aedb-d39355614fa5
2026-03-28 18:59:31|qwen|web_search_no_think|0|QUESTION|18|615|d5995b76-6b0a-48e9-aedb-d39355614fa5
2026-03-28 18:59:31|qwen|web_search_no_think|0|JSON_SAVED||615|d5995b76-6b0a-48e9-aedb-d39355614fa5
2026-03-28 18:59:31|qwen|web_search_no_think|0|QUESTION_ADVANCE||616|99839b29-3f59-4869-8463-606185801dd2
2026-03-28 18:59:43|qwen|web_search_no_think|1|JSON_VERIFIED||686|e263b2d1-1dad-494d-9085-1a618d90fea5
2026-03-28 18:59:43|qwen|web_search_no_think|1|QUESTION|17|686|e263b2d1-1dad-494d-9085-1a618d90fea5
2026-03-28 18:59:43|qwen|web_search_no_think|1|JSON_SAVED||686|e263b2d1-1dad-494d-9085-1a618d90fea5
2026-03-28 18:59:43|qwen|web_search_no_think|1|QUESTION_ADVANCE||687|46e475da-b4b5-4ee5-a9f4-1fdd6cb32388
2026-03-28 18:59:49|qwen|web_search_no_think|4|QUESTION_SENT||897|bffc30ed-96b3-4e1d-bb75-1814110d1384
2026-03-28 18:59:57|qwen|web_search_no_think|0|QUESTION_SENT||616|99839b29-3f59-4869-8463-606185801dd2
2026-03-28 19:00:09|qwen|web_search_no_think|1|QUESTION_SENT||687|46e475da-b4b5-4ee5-a9f4-1fdd6cb32388
2026-03-28 19:00:15|qwen|web_search_no_think|2|JSON_VERIFIED||755|576ce684-d16f-4aa1-8630-de4741157437
2026-03-28 19:00:15|qwen|web_search_no_think|2|QUESTION|16|755|576ce684-d16f-4aa1-8630-de4741157437
2026-03-28 19:00:15|qwen|web_search_no_think|2|JSON_SAVED||755|576ce684-d16f-4aa1-8630-de4741157437
2026-03-28 19:00:15|qwen|web_search_no_think|2|QUESTION_ADVANCE||756|7d619db6-dd14-4db9-b55e-290fc22075f8
2026-03-28 19:00:30|qwen|web_search_no_think|3|JSON_VERIFIED||825|6456b2d3-0854-4293-be81-1190f1d9aeed
2026-03-28 19:00:30|qwen|web_search_no_think|3|QUESTION|16|825|6456b2d3-0854-4293-be81-1190f1d9aeed
2026-03-28 19:00:30|qwen|web_search_no_think|3|JSON_SAVED||825|6456b2d3-0854-4293-be81-1190f1d9aeed
2026-03-28 19:00:30|qwen|web_search_no_think|3|QUESTION_ADVANCE||826|3ba055c4-0e2d-4b46-97ef-0a229f7e4301
2026-03-28 19:00:42|qwen|web_search_no_think|5|JSON_VERIFIED||965|50c73a0f-b783-4945-8c65-ef65ead4117c
2026-03-28 19:00:42|qwen|web_search_no_think|5|QUESTION|16|965|50c73a0f-b783-4945-8c65-ef65ead4117c
2026-03-28 19:00:42|qwen|web_search_no_think|5|JSON_SAVED||965|50c73a0f-b783-4945-8c65-ef65ead4117c
2026-03-28 19:00:42|qwen|web_search_no_think|5|QUESTION_ADVANCE||966|5513d0b2-0078-40d2-9b96-e290a83621c1
2026-03-28 19:00:42|qwen|web_search_no_think|2|QUESTION_SENT||756|7d619db6-dd14-4db9-b55e-290fc22075f8
2026-03-28 19:00:56|qwen|web_search_no_think|3|QUESTION_SENT||826|3ba055c4-0e2d-4b46-97ef-0a229f7e4301
2026-03-28 19:01:08|qwen|web_search_no_think|5|QUESTION_SENT||966|5513d0b2-0078-40d2-9b96-e290a83621c1
2026-03-28 19:01:32|qwen|web_search_no_think|1|QUESTION_SENT||687|46e475da-b4b5-4ee5-a9f4-1fdd6cb32388
2026-03-28 19:01:34|qwen|web_search_no_think|4|QUESTION_SENT||897|bffc30ed-96b3-4e1d-bb75-1814110d1384
2026-03-28 19:02:00|qwen|web_search_no_think|3|QUESTION_SENT||826|3ba055c4-0e2d-4b46-97ef-0a229f7e4301
2026-03-28 19:02:27|qwen|web_search_no_think|2|QUESTION_SENT||756|7d619db6-dd14-4db9-b55e-290fc22075f8
2026-03-28 19:02:59|qwen|web_search_no_think|5|QUESTION_SENT||966|5513d0b2-0078-40d2-9b96-e290a83621c1
2026-03-28 19:03:02|qwen|web_search_no_think|4|QUESTION_SENT||897|bffc30ed-96b3-4e1d-bb75-1814110d1384
2026-03-28 19:03:19|qwen|web_search_no_think|1|JSON_VERIFIED||687|46e475da-b4b5-4ee5-a9f4-1fdd6cb32388
2026-03-28 19:03:19|qwen|web_search_no_think|1|QUESTION|18|687|46e475da-b4b5-4ee5-a9f4-1fdd6cb32388
2026-03-28 19:03:19|qwen|web_search_no_think|1|JSON_SAVED||687|46e475da-b4b5-4ee5-a9f4-1fdd6cb32388
2026-03-28 19:03:19|qwen|web_search_no_think|1|QUESTION_ADVANCE||688|61830433-4557-4568-80b9-092d1d33be78
2026-03-28 19:03:23|qwen|web_search_no_think|3|QUESTION_SENT||826|3ba055c4-0e2d-4b46-97ef-0a229f7e4301
2026-03-28 19:03:31|qwen|web_search_no_think|0|QUESTION_SENT||616|99839b29-3f59-4869-8463-606185801dd2
2026-03-28 19:03:38|qwen|web_search_no_think|2|JSON_VERIFIED||756|7d619db6-dd14-4db9-b55e-290fc22075f8
2026-03-28 19:03:38|qwen|web_search_no_think|2|QUESTION|17|756|7d619db6-dd14-4db9-b55e-290fc22075f8
2026-03-28 19:03:38|qwen|web_search_no_think|2|JSON_SAVED||756|7d619db6-dd14-4db9-b55e-290fc22075f8
2026-03-28 19:03:38|qwen|web_search_no_think|2|QUESTION_ADVANCE||757|7306ef88-7bec-4a21-b9a8-cf2e7f45e0ae
2026-03-28 19:03:45|qwen|web_search_no_think|1|QUESTION_SENT||688|61830433-4557-4568-80b9-092d1d33be78
2026-03-28 19:04:05|qwen|web_search_no_think|2|QUESTION_SENT||757|7306ef88-7bec-4a21-b9a8-cf2e7f45e0ae
2026-03-28 19:04:06|qwen|web_search_no_think|4|JSON_VERIFIED||897|bffc30ed-96b3-4e1d-bb75-1814110d1384
2026-03-28 19:04:06|qwen|web_search_no_think|4|QUESTION|18|897|bffc30ed-96b3-4e1d-bb75-1814110d1384
2026-03-28 19:04:06|qwen|web_search_no_think|4|JSON_SAVED||897|bffc30ed-96b3-4e1d-bb75-1814110d1384
2026-03-28 19:04:06|qwen|web_search_no_think|4|QUESTION_ADVANCE||898|9441d4f9-de20-42a5-8e5e-4ad87c2852c7
2026-03-28 19:04:23|qwen|web_search_no_think|5|JSON_VERIFIED||966|5513d0b2-0078-40d2-9b96-e290a83621c1
2026-03-28 19:04:23|qwen|web_search_no_think|5|QUESTION|17|966|5513d0b2-0078-40d2-9b96-e290a83621c1
2026-03-28 19:04:23|qwen|web_search_no_think|5|JSON_SAVED||966|5513d0b2-0078-40d2-9b96-e290a83621c1
2026-03-28 19:04:23|qwen|web_search_no_think|5|QUESTION_ADVANCE||967|8cb246c6-9b67-46d9-9fa8-1b93dc455723
2026-03-28 19:04:26|qwen|web_search_no_think|0|JSON_VERIFIED||616|99839b29-3f59-4869-8463-606185801dd2
2026-03-28 19:04:26|qwen|web_search_no_think|0|QUESTION|19|616|99839b29-3f59-4869-8463-606185801dd2
2026-03-28 19:04:26|qwen|web_search_no_think|0|JSON_SAVED||616|99839b29-3f59-4869-8463-606185801dd2
2026-03-28 19:04:26|qwen|web_search_no_think|0|QUESTION_ADVANCE||617|9f9c4162-9e1a-4588-85c1-5dfa970f20c2
2026-03-28 19:04:32|qwen|web_search_no_think|4|QUESTION_SENT||898|9441d4f9-de20-42a5-8e5e-4ad87c2852c7
2026-03-28 19:04:49|qwen|web_search_no_think|5|QUESTION_SENT||967|8cb246c6-9b67-46d9-9fa8-1b93dc455723
2026-03-28 19:04:52|qwen|web_search_no_think|0|QUESTION_SENT||617|9f9c4162-9e1a-4588-85c1-5dfa970f20c2
2026-03-28 19:05:00|qwen|web_search_no_think|3|JSON_VERIFIED||826|3ba055c4-0e2d-4b46-97ef-0a229f7e4301
2026-03-28 19:05:00|qwen|web_search_no_think|3|QUESTION|17|826|3ba055c4-0e2d-4b46-97ef-0a229f7e4301
2026-03-28 19:05:00|qwen|web_search_no_think|3|JSON_SAVED||826|3ba055c4-0e2d-4b46-97ef-0a229f7e4301
2026-03-28 19:05:00|qwen|web_search_no_think|3|QUESTION_ADVANCE||827|1e44c95d-31b1-4422-82c8-edb8598cc479
2026-03-28 19:05:09|qwen|web_search_no_think|1|JSON_VERIFIED||688|61830433-4557-4568-80b9-092d1d33be78
2026-03-28 19:05:09|qwen|web_search_no_think|1|QUESTION|19|688|61830433-4557-4568-80b9-092d1d33be78
2026-03-28 19:05:09|qwen|web_search_no_think|1|JSON_SAVED||688|61830433-4557-4568-80b9-092d1d33be78
2026-03-28 19:05:09|qwen|web_search_no_think|1|QUESTION_ADVANCE||689|18e8c092-6035-41b9-8fd5-391789f2d9f9
2026-03-28 19:05:21|qwen|web_search_no_think|2|JSON_VERIFIED||757|7306ef88-7bec-4a21-b9a8-cf2e7f45e0ae
2026-03-28 19:05:21|qwen|web_search_no_think|2|QUESTION|18|757|7306ef88-7bec-4a21-b9a8-cf2e7f45e0ae
2026-03-28 19:05:21|qwen|web_search_no_think|2|JSON_SAVED||757|7306ef88-7bec-4a21-b9a8-cf2e7f45e0ae
2026-03-28 19:05:21|qwen|web_search_no_think|2|QUESTION_ADVANCE||758|7bd2152a-6f8e-4d8c-841e-7e324c423195
2026-03-28 19:05:26|qwen|web_search_no_think|3|QUESTION_SENT||827|1e44c95d-31b1-4422-82c8-edb8598cc479
2026-03-28 19:05:35|qwen|web_search_no_think|1|QUESTION_SENT||689|18e8c092-6035-41b9-8fd5-391789f2d9f9
2026-03-28 19:05:48|qwen|web_search_no_think|2|QUESTION_SENT||758|7bd2152a-6f8e-4d8c-841e-7e324c423195
2026-03-28 19:06:28|qwen|web_search_no_think|4|QUESTION_SENT||898|9441d4f9-de20-42a5-8e5e-4ad87c2852c7
2026-03-28 19:06:46|qwen|web_search_no_think|5|QUESTION_SENT||967|8cb246c6-9b67-46d9-9fa8-1b93dc455723
2026-03-28 19:06:50|qwen|web_search_no_think|1|JSON_VERIFIED||689|18e8c092-6035-41b9-8fd5-391789f2d9f9
2026-03-28 19:06:50|qwen|web_search_no_think|1|QUESTION|20|689|18e8c092-6035-41b9-8fd5-391789f2d9f9
2026-03-28 19:06:50|qwen|web_search_no_think|1|JSON_SAVED||689|18e8c092-6035-41b9-8fd5-391789f2d9f9
2026-03-28 19:06:50|qwen|web_search_no_think|1|QUESTION_ADVANCE||690|ac706e85-8ca3-4793-b898-9a931c9dd423
2026-03-28 19:06:59|qwen|web_search_no_think|0|QUESTION_SENT||617|9f9c4162-9e1a-4588-85c1-5dfa970f20c2
2026-03-28 19:07:17|qwen|web_search_no_think|1|QUESTION_SENT||690|ac706e85-8ca3-4793-b898-9a931c9dd423
2026-03-28 19:07:19|qwen|web_search_no_think|3|QUESTION_SENT||827|1e44c95d-31b1-4422-82c8-edb8598cc479
2026-03-28 19:07:39|qwen|web_search_no_think|2|QUESTION_SENT||758|7bd2152a-6f8e-4d8c-841e-7e324c423195
2026-03-28 19:08:22|qwen|web_search_no_think|5|QUESTION_SENT||967|8cb246c6-9b67-46d9-9fa8-1b93dc455723
2026-03-28 19:08:32|qwen|web_search_no_think|4|QUESTION_SENT||898|9441d4f9-de20-42a5-8e5e-4ad87c2852c7
2026-03-28 19:08:35|qwen|web_search_no_think|0|QUESTION_SENT||617|9f9c4162-9e1a-4588-85c1-5dfa970f20c2
2026-03-28 19:08:48|qwen|web_search_no_think|3|QUESTION_SENT||827|1e44c95d-31b1-4422-82c8-edb8598cc479
2026-03-28 19:08:57|qwen|web_search_no_think|1|QUESTION_SENT||690|ac706e85-8ca3-4793-b898-9a931c9dd423
2026-03-28 19:09:23|qwen|web_search_no_think|2|QUESTION_SENT||758|7bd2152a-6f8e-4d8c-841e-7e324c423195
2026-03-28 19:09:56|qwen|web_search_no_think|0|JSON_VERIFIED||617|9f9c4162-9e1a-4588-85c1-5dfa970f20c2
2026-03-28 19:09:56|qwen|web_search_no_think|0|QUESTION|20|617|9f9c4162-9e1a-4588-85c1-5dfa970f20c2
2026-03-28 19:09:56|qwen|web_search_no_think|0|JSON_SAVED||617|9f9c4162-9e1a-4588-85c1-5dfa970f20c2
2026-03-28 19:09:56|qwen|web_search_no_think|0|QUESTION_ADVANCE||618|0eb42c37-ef2e-4f5d-b993-edc1bf175d78
2026-03-28 19:10:05|qwen|web_search_no_think|1|JSON_VERIFIED||690|ac706e85-8ca3-4793-b898-9a931c9dd423
2026-03-28 19:10:05|qwen|web_search_no_think|1|QUESTION|21|690|ac706e85-8ca3-4793-b898-9a931c9dd423
2026-03-28 19:10:05|qwen|web_search_no_think|1|JSON_SAVED||690|ac706e85-8ca3-4793-b898-9a931c9dd423
2026-03-28 19:10:05|qwen|web_search_no_think|1|QUESTION_ADVANCE||691|f9d4d4d8-0014-47b1-a4ec-cdb15e1d2a98
2026-03-28 19:10:10|qwen|web_search_no_think|4|JSON_VERIFIED||898|9441d4f9-de20-42a5-8e5e-4ad87c2852c7
2026-03-28 19:10:10|qwen|web_search_no_think|4|QUESTION|19|898|9441d4f9-de20-42a5-8e5e-4ad87c2852c7
2026-03-28 19:10:10|qwen|web_search_no_think|4|JSON_SAVED||898|9441d4f9-de20-42a5-8e5e-4ad87c2852c7
2026-03-28 19:10:10|qwen|web_search_no_think|4|QUESTION_ADVANCE||899|4d034cc8-e95e-41c0-b36e-7151f06582d5
2026-03-28 19:10:13|qwen|web_search_no_think|5|QUESTION_SENT||967|8cb246c6-9b67-46d9-9fa8-1b93dc455723
2026-03-28 19:10:15|qwen|web_search_no_think|3|QUESTION_SENT||827|1e44c95d-31b1-4422-82c8-edb8598cc479
2026-03-28 19:10:22|qwen|web_search_no_think|0|QUESTION_SENT||618|0eb42c37-ef2e-4f5d-b993-edc1bf175d78
2026-03-28 19:10:31|qwen|web_search_no_think|1|QUESTION_SENT||691|f9d4d4d8-0014-47b1-a4ec-cdb15e1d2a98
2026-03-28 19:10:36|qwen|web_search_no_think|4|QUESTION_SENT||899|4d034cc8-e95e-41c0-b36e-7151f06582d5
2026-03-28 19:11:00|qwen|web_search_no_think|2|JSON_VERIFIED||758|7bd2152a-6f8e-4d8c-841e-7e324c423195
2026-03-28 19:11:00|qwen|web_search_no_think|2|QUESTION|19|758|7bd2152a-6f8e-4d8c-841e-7e324c423195
2026-03-28 19:11:00|qwen|web_search_no_think|2|JSON_SAVED||758|7bd2152a-6f8e-4d8c-841e-7e324c423195
2026-03-28 19:11:00|qwen|web_search_no_think|2|QUESTION_ADVANCE||759|df905a9f-fb3a-4bfd-93d3-01f26fae1fff
2026-03-28 19:11:26|qwen|web_search_no_think|2|QUESTION_SENT||759|df905a9f-fb3a-4bfd-93d3-01f26fae1fff
2026-03-28 19:11:36|qwen|web_search_no_think|5|JSON_VERIFIED||967|8cb246c6-9b67-46d9-9fa8-1b93dc455723
2026-03-28 19:11:36|qwen|web_search_no_think|5|QUESTION|18|967|8cb246c6-9b67-46d9-9fa8-1b93dc455723
2026-03-28 19:11:36|qwen|web_search_no_think|5|JSON_SAVED||967|8cb246c6-9b67-46d9-9fa8-1b93dc455723
2026-03-28 19:11:36|qwen|web_search_no_think|5|QUESTION_ADVANCE||968|c4eaffb9-0d75-4ebe-a608-8e03b837af2a
2026-03-28 19:11:37|qwen|web_search_no_think|1|JSON_VERIFIED||691|f9d4d4d8-0014-47b1-a4ec-cdb15e1d2a98
2026-03-28 19:11:37|qwen|web_search_no_think|1|QUESTION|22|691|f9d4d4d8-0014-47b1-a4ec-cdb15e1d2a98
2026-03-28 19:11:37|qwen|web_search_no_think|1|JSON_SAVED||691|f9d4d4d8-0014-47b1-a4ec-cdb15e1d2a98
2026-03-28 19:11:37|qwen|web_search_no_think|1|QUESTION_ADVANCE||692|69375a3e-ff2f-42d0-9e9a-45438985ddb8
2026-03-28 19:11:40|qwen|web_search_no_think|3|JSON_VERIFIED||827|1e44c95d-31b1-4422-82c8-edb8598cc479
2026-03-28 19:11:40|qwen|web_search_no_think|3|QUESTION|18|827|1e44c95d-31b1-4422-82c8-edb8598cc479
2026-03-28 19:11:40|qwen|web_search_no_think|3|JSON_SAVED||827|1e44c95d-31b1-4422-82c8-edb8598cc479
2026-03-28 19:11:40|qwen|web_search_no_think|3|QUESTION_ADVANCE||828|4f5cae99-8343-401d-9f21-8f6101e3b53a
2026-03-28 19:11:50|qwen|web_search_no_think|0|JSON_VERIFIED||618|0eb42c37-ef2e-4f5d-b993-edc1bf175d78
2026-03-28 19:11:50|qwen|web_search_no_think|0|QUESTION|21|618|0eb42c37-ef2e-4f5d-b993-edc1bf175d78
2026-03-28 19:11:50|qwen|web_search_no_think|0|JSON_SAVED||618|0eb42c37-ef2e-4f5d-b993-edc1bf175d78
2026-03-28 19:11:50|qwen|web_search_no_think|0|QUESTION_ADVANCE||619|9e64b7ba-52a1-452c-b27a-c44febf1ddb1
2026-03-28 19:12:02|qwen|web_search_no_think|5|QUESTION_SENT||968|c4eaffb9-0d75-4ebe-a608-8e03b837af2a
2026-03-28 19:12:03|qwen|web_search_no_think|1|QUESTION_SENT||692|69375a3e-ff2f-42d0-9e9a-45438985ddb8
2026-03-28 19:12:06|qwen|web_search_no_think|3|QUESTION_SENT||828|4f5cae99-8343-401d-9f21-8f6101e3b53a
2026-03-28 19:12:17|qwen|web_search_no_think|0|QUESTION_SENT||619|9e64b7ba-52a1-452c-b27a-c44febf1ddb1
2026-03-28 19:12:29|qwen|web_search_no_think|4|JSON_VERIFY_FAILED||899|4d034cc8-e95e-41c0-b36e-7151f06582d5
2026-03-28 19:12:29|qwen|web_search_no_think|4|QUESTION|20|899|4d034cc8-e95e-41c0-b36e-7151f06582d5
2026-03-28 19:12:34|qwen|web_search_no_think|4|QUESTION_SENT||899|4d034cc8-e95e-41c0-b36e-7151f06582d5
2026-03-28 19:13:10|qwen|web_search_no_think|2|QUESTION_SENT||759|df905a9f-fb3a-4bfd-93d3-01f26fae1fff
2026-03-28 19:13:22|qwen|web_search_no_think|1|QUESTION_SENT||692|69375a3e-ff2f-42d0-9e9a-45438985ddb8
2026-03-28 19:13:35|qwen|web_search_no_think|3|QUESTION_SENT||828|4f5cae99-8343-401d-9f21-8f6101e3b53a
2026-03-28 19:13:50|qwen|web_search_no_think|5|QUESTION_SENT||968|c4eaffb9-0d75-4ebe-a608-8e03b837af2a
2026-03-28 19:13:56|qwen|web_search_no_think|4|QUESTION_SENT||899|4d034cc8-e95e-41c0-b36e-7151f06582d5
2026-03-28 19:13:58|qwen|web_search_no_think|0|QUESTION_SENT||619|9e64b7ba-52a1-452c-b27a-c44febf1ddb1
2026-03-28 19:14:40|qwen|web_search_no_think|2|QUESTION_SENT||759|df905a9f-fb3a-4bfd-93d3-01f26fae1fff
2026-03-28 19:14:49|qwen|web_search_no_think|1|QUESTION_SENT||692|69375a3e-ff2f-42d0-9e9a-45438985ddb8
2026-03-28 19:14:56|qwen|web_search_no_think|3|QUESTION_SENT||828|4f5cae99-8343-401d-9f21-8f6101e3b53a
2026-03-28 19:15:24|qwen|web_search_no_think|0|QUESTION_SENT||619|9e64b7ba-52a1-452c-b27a-c44febf1ddb1
2026-03-28 19:15:49|qwen|web_search_no_think|5|QUESTION_SENT||968|c4eaffb9-0d75-4ebe-a608-8e03b837af2a
2026-03-28 19:15:51|qwen|web_search_no_think|4|QUESTION_SENT||899|4d034cc8-e95e-41c0-b36e-7151f06582d5
2026-03-28 19:16:15|qwen|web_search_no_think|1|QUESTION_SENT||692|69375a3e-ff2f-42d0-9e9a-45438985ddb8
2026-03-28 19:16:29|qwen|web_search_no_think|2|QUESTION_SENT||759|df905a9f-fb3a-4bfd-93d3-01f26fae1fff
2026-03-28 19:16:49|qwen|web_search_no_think|3|QUESTION_SENT||828|4f5cae99-8343-401d-9f21-8f6101e3b53a
2026-03-28 19:17:04|qwen|web_search_no_think|0|QUESTION_SENT||619|9e64b7ba-52a1-452c-b27a-c44febf1ddb1
2026-03-28 19:17:21|qwen|web_search_no_think|4|QUESTION_SENT||899|4d034cc8-e95e-41c0-b36e-7151f06582d5
2026-03-28 19:17:22|qwen|web_search_no_think|5|QUESTION_SENT||968|c4eaffb9-0d75-4ebe-a608-8e03b837af2a
2026-03-28 19:17:49|qwen|web_search_no_think|1|QUESTION_SENT||692|69375a3e-ff2f-42d0-9e9a-45438985ddb8
2026-03-28 19:18:28|qwen|web_search_no_think|3|QUESTION_SENT||828|4f5cae99-8343-401d-9f21-8f6101e3b53a
2026-03-28 19:18:30|qwen|web_search_no_think|2|QUESTION_SENT||759|df905a9f-fb3a-4bfd-93d3-01f26fae1fff
2026-03-28 19:18:44|qwen|web_search_no_think|0|QUESTION_SENT||619|9e64b7ba-52a1-452c-b27a-c44febf1ddb1
2026-03-28 19:18:53|qwen|web_search_no_think|4|QUESTION_SENT||899|4d034cc8-e95e-41c0-b36e-7151f06582d5
2026-03-28 19:18:57|qwen|web_search_no_think|5|QUESTION_SENT||968|c4eaffb9-0d75-4ebe-a608-8e03b837af2a
2026-03-28 19:19:36|qwen|web_search_no_think|1|QUESTION_SENT||692|69375a3e-ff2f-42d0-9e9a-45438985ddb8
2026-03-28 19:20:19|qwen|web_search_no_think|3|QUESTION_SENT||828|4f5cae99-8343-401d-9f21-8f6101e3b53a
2026-03-28 19:20:23|qwen|web_search_no_think|2|QUESTION_SENT||759|df905a9f-fb3a-4bfd-93d3-01f26fae1fff
2026-03-28 19:20:26|qwen|web_search_no_think|4|QUESTION_SENT||899|4d034cc8-e95e-41c0-b36e-7151f06582d5
2026-03-28 19:20:35|qwen|web_search_no_think|0|QUESTION_SENT||619|9e64b7ba-52a1-452c-b27a-c44febf1ddb1
2026-03-28 19:20:56|qwen|web_search_no_think|5|QUESTION_SENT||968|c4eaffb9-0d75-4ebe-a608-8e03b837af2a
2026-03-28 19:21:29|qwen|web_search_no_think|3|QUESTION_SENT||828|4f5cae99-8343-401d-9f21-8f6101e3b53a
2026-03-28 19:21:40|qwen|web_search_no_think|1|QUESTION_SENT||692|69375a3e-ff2f-42d0-9e9a-45438985ddb8
2026-03-28 19:22:06|qwen|web_search_no_think|2|QUESTION_SENT||759|df905a9f-fb3a-4bfd-93d3-01f26fae1fff
2026-03-28 19:22:08|qwen|web_search_no_think|0|QUESTION_SENT||619|9e64b7ba-52a1-452c-b27a-c44febf1ddb1
2026-03-28 19:22:48|qwen|web_search_no_think|4|QUESTION_SENT||899|4d034cc8-e95e-41c0-b36e-7151f06582d5
2026-03-28 19:22:55|qwen|web_search_no_think|5|QUESTION_SENT||968|c4eaffb9-0d75-4ebe-a608-8e03b837af2a
2026-03-28 19:23:15|qwen|web_search_no_think|3|QUESTION_SENT||828|4f5cae99-8343-401d-9f21-8f6101e3b53a
2026-03-28 19:23:30|qwen|web_search_no_think|1|QUESTION_SENT||692|69375a3e-ff2f-42d0-9e9a-45438985ddb8
2026-03-28 19:23:37|qwen|web_search_no_think|2|QUESTION_SENT||759|df905a9f-fb3a-4bfd-93d3-01f26fae1fff
2026-03-28 19:23:51|qwen|web_search_no_think|0|QUESTION_SENT||619|9e64b7ba-52a1-452c-b27a-c44febf1ddb1
2026-03-28 19:24:28|qwen|web_search_no_think|4|QUESTION_SENT||899|4d034cc8-e95e-41c0-b36e-7151f06582d5
2026-03-28 19:24:45|qwen|web_search_no_think|3|QUESTION_SENT||828|4f5cae99-8343-401d-9f21-8f6101e3b53a
2026-03-28 19:25:01|qwen|web_search_no_think|1|QUESTION_SENT||692|69375a3e-ff2f-42d0-9e9a-45438985ddb8
2026-03-28 19:25:16|qwen|web_search_no_think|5|QUESTION_SENT||968|c4eaffb9-0d75-4ebe-a608-8e03b837af2a
2026-03-28 19:25:19|qwen|web_search_no_think|2|QUESTION_SENT||759|df905a9f-fb3a-4bfd-93d3-01f26fae1fff
2026-03-28 19:25:32|qwen|web_search_no_think|0|QUESTION_SENT||619|9e64b7ba-52a1-452c-b27a-c44febf1ddb1
2026-03-28 19:26:00|qwen|web_search_no_think|4|QUESTION_SENT||899|4d034cc8-e95e-41c0-b36e-7151f06582d5
2026-03-28 19:26:19|qwen|web_search_no_think|3|QUESTION_SENT||828|4f5cae99-8343-401d-9f21-8f6101e3b53a
2026-03-28 19:26:34|qwen|web_search_no_think|1|QUESTION_SENT||692|69375a3e-ff2f-42d0-9e9a-45438985ddb8
2026-03-28 19:27:01|qwen|web_search_no_think|0|QUESTION_SENT||619|9e64b7ba-52a1-452c-b27a-c44febf1ddb1
2026-03-28 19:27:14|qwen|web_search_no_think|5|QUESTION_SENT||968|c4eaffb9-0d75-4ebe-a608-8e03b837af2a
2026-03-28 19:27:38|qwen|web_search_no_think|2|QUESTION_SENT||759|df905a9f-fb3a-4bfd-93d3-01f26fae1fff
2026-03-28 19:27:49|qwen|web_search_no_think|3|QUESTION_SENT||828|4f5cae99-8343-401d-9f21-8f6101e3b53a
2026-03-28 19:27:50|qwen|web_search_no_think|4|QUESTION_SENT||899|4d034cc8-e95e-41c0-b36e-7151f06582d5
2026-03-28 19:28:17|qwen|web_search_no_think|1|QUESTION_SENT||692|69375a3e-ff2f-42d0-9e9a-45438985ddb8
2026-03-28 19:28:33|qwen|web_search_no_think|0|QUESTION_SENT||619|9e64b7ba-52a1-452c-b27a-c44febf1ddb1
2026-03-28 19:29:01|qwen|web_search_no_think|5|QUESTION_SENT||968|c4eaffb9-0d75-4ebe-a608-8e03b837af2a
2026-03-28 19:29:13|qwen|web_search_no_think|2|QUESTION_SENT||759|df905a9f-fb3a-4bfd-93d3-01f26fae1fff
2026-03-28 19:29:29|qwen|web_search_no_think|4|QUESTION_SENT||899|4d034cc8-e95e-41c0-b36e-7151f06582d5
2026-03-28 19:29:47|qwen|web_search_no_think|3|QUESTION_SENT||828|4f5cae99-8343-401d-9f21-8f6101e3b53a
2026-03-28 19:29:50|qwen|web_search_no_think|1|QUESTION_SENT||692|69375a3e-ff2f-42d0-9e9a-45438985ddb8
2026-03-28 19:29:56|qwen|web_search_no_think|0|QUESTION_SENT||619|9e64b7ba-52a1-452c-b27a-c44febf1ddb1
2026-03-28 19:30:31|qwen|web_search_no_think|5|QUESTION_SENT||968|c4eaffb9-0d75-4ebe-a608-8e03b837af2a
2026-03-28 19:30:52|qwen|web_search_no_think|2|QUESTION_SENT||759|df905a9f-fb3a-4bfd-93d3-01f26fae1fff
2026-03-28 19:31:04|qwen|web_search_no_think|4|QUESTION_SENT||899|4d034cc8-e95e-41c0-b36e-7151f06582d5
2026-03-28 19:31:19|qwen|web_search_no_think|3|QUESTION_SENT||828|4f5cae99-8343-401d-9f21-8f6101e3b53a
2026-03-28 19:31:33|qwen|web_search_no_think|1|QUESTION_SENT||692|69375a3e-ff2f-42d0-9e9a-45438985ddb8
2026-03-28 19:32:00|qwen|web_search_no_think|5|JSON_VERIFIED||968|c4eaffb9-0d75-4ebe-a608-8e03b837af2a
2026-03-28 19:32:00|qwen|web_search_no_think|5|QUESTION|19|968|c4eaffb9-0d75-4ebe-a608-8e03b837af2a
2026-03-28 19:32:00|qwen|web_search_no_think|5|JSON_SAVED||968|c4eaffb9-0d75-4ebe-a608-8e03b837af2a
2026-03-28 19:32:00|qwen|web_search_no_think|5|QUESTION_ADVANCE||969|bd6600ba-29ee-440b-a06b-c7adb1ae782f
2026-03-28 19:32:16|qwen|web_search_no_think|2|JSON_VERIFIED||759|df905a9f-fb3a-4bfd-93d3-01f26fae1fff
2026-03-28 19:32:16|qwen|web_search_no_think|2|QUESTION|20|759|df905a9f-fb3a-4bfd-93d3-01f26fae1fff
2026-03-28 19:32:16|qwen|web_search_no_think|2|JSON_SAVED||759|df905a9f-fb3a-4bfd-93d3-01f26fae1fff
2026-03-28 19:32:16|qwen|web_search_no_think|2|QUESTION_ADVANCE||760|554780e7-bd1d-49d2-a2d6-0b66766115bd
2026-03-28 19:32:26|qwen|web_search_no_think|3|JSON_VERIFIED||828|4f5cae99-8343-401d-9f21-8f6101e3b53a
2026-03-28 19:32:26|qwen|web_search_no_think|3|QUESTION|19|828|4f5cae99-8343-401d-9f21-8f6101e3b53a
2026-03-28 19:32:26|qwen|web_search_no_think|3|JSON_SAVED||828|4f5cae99-8343-401d-9f21-8f6101e3b53a
2026-03-28 19:32:26|qwen|web_search_no_think|3|QUESTION_ADVANCE||829|1965c455-7b42-4a49-a645-838c06fb1edc
2026-03-28 19:32:27|qwen|web_search_no_think|5|QUESTION_SENT||969|bd6600ba-29ee-440b-a06b-c7adb1ae782f
2026-03-28 19:32:33|qwen|web_search_no_think|4|JSON_VERIFIED||899|4d034cc8-e95e-41c0-b36e-7151f06582d5
2026-03-28 19:32:33|qwen|web_search_no_think|4|QUESTION|21|899|4d034cc8-e95e-41c0-b36e-7151f06582d5
2026-03-28 19:32:33|qwen|web_search_no_think|4|JSON_SAVED||899|4d034cc8-e95e-41c0-b36e-7151f06582d5
2026-03-28 19:32:33|qwen|web_search_no_think|4|QUESTION_ADVANCE||900|f0789d3e-50fb-485f-ba38-3dd74eeae727
2026-03-28 19:32:43|qwen|web_search_no_think|2|QUESTION_SENT||760|554780e7-bd1d-49d2-a2d6-0b66766115bd
2026-03-28 19:32:52|qwen|web_search_no_think|3|QUESTION_SENT||829|1965c455-7b42-4a49-a645-838c06fb1edc
2026-03-28 19:32:58|qwen|web_search_no_think|1|JSON_VERIFIED||692|69375a3e-ff2f-42d0-9e9a-45438985ddb8
2026-03-28 19:32:58|qwen|web_search_no_think|1|QUESTION|23|692|69375a3e-ff2f-42d0-9e9a-45438985ddb8
2026-03-28 19:32:58|qwen|web_search_no_think|1|JSON_SAVED||692|69375a3e-ff2f-42d0-9e9a-45438985ddb8
2026-03-28 19:32:58|qwen|web_search_no_think|1|QUESTION_ADVANCE||693|38047ecc-aa67-4466-b445-bda0ab09be6f
2026-03-28 19:33:00|qwen|web_search_no_think|4|QUESTION_SENT||900|f0789d3e-50fb-485f-ba38-3dd74eeae727
2026-03-28 19:33:24|qwen|web_search_no_think|1|QUESTION_SENT||693|38047ecc-aa67-4466-b445-bda0ab09be6f
2026-03-28 19:34:14|qwen|web_search_no_think|5|QUESTION_SENT||969|bd6600ba-29ee-440b-a06b-c7adb1ae782f
2026-03-28 19:34:21|qwen|web_search_no_think|2|QUESTION_SENT||760|554780e7-bd1d-49d2-a2d6-0b66766115bd
2026-03-28 19:34:52|qwen|web_search_no_think|4|QUESTION_SENT||900|f0789d3e-50fb-485f-ba38-3dd74eeae727
2026-03-28 19:35:10|qwen|web_search_no_think|3|QUESTION_SENT||829|1965c455-7b42-4a49-a645-838c06fb1edc
2026-03-28 19:35:41|qwen|web_search_no_think|1|QUESTION_SENT||693|38047ecc-aa67-4466-b445-bda0ab09be6f
2026-03-28 19:36:13|qwen|web_search_no_think|5|QUESTION_SENT||969|bd6600ba-29ee-440b-a06b-c7adb1ae782f
2026-03-28 19:36:14|qwen|web_search_no_think|2|QUESTION_SENT||760|554780e7-bd1d-49d2-a2d6-0b66766115bd
2026-03-28 19:36:36|qwen|web_search_no_think|4|QUESTION_SENT||900|f0789d3e-50fb-485f-ba38-3dd74eeae727
2026-03-28 19:37:31|qwen|web_search_no_think|3|QUESTION_SENT||829|1965c455-7b42-4a49-a645-838c06fb1edc
2026-03-28 19:37:47|qwen|web_search_no_think|2|QUESTION_SENT||760|554780e7-bd1d-49d2-a2d6-0b66766115bd
2026-03-28 19:37:52|qwen|web_search_no_think|1|QUESTION_SENT||693|38047ecc-aa67-4466-b445-bda0ab09be6f
2026-03-28 19:38:08|qwen|web_search_no_think|5|QUESTION_SENT||969|bd6600ba-29ee-440b-a06b-c7adb1ae782f
2026-03-28 19:38:42|qwen|web_search_no_think|4|QUESTION_SENT||900|f0789d3e-50fb-485f-ba38-3dd74eeae727
2026-03-28 19:39:15|qwen|web_search_no_think|2|QUESTION_SENT||760|554780e7-bd1d-49d2-a2d6-0b66766115bd
2026-03-28 19:39:24|qwen|web_search_no_think|3|QUESTION_SENT||829|1965c455-7b42-4a49-a645-838c06fb1edc
2026-03-28 19:39:46|qwen|web_search_no_think|5|QUESTION_SENT||969|bd6600ba-29ee-440b-a06b-c7adb1ae782f
2026-03-28 19:39:58|qwen|web_search_no_think|1|QUESTION_SENT||693|38047ecc-aa67-4466-b445-bda0ab09be6f
2026-03-28 19:40:48|qwen|web_search_no_think|2|QUESTION_SENT||760|554780e7-bd1d-49d2-a2d6-0b66766115bd
2026-03-28 19:40:49|qwen|web_search_no_think|4|QUESTION_SENT||900|f0789d3e-50fb-485f-ba38-3dd74eeae727
2026-03-28 19:41:10|qwen|web_search_no_think|3|QUESTION_SENT||829|1965c455-7b42-4a49-a645-838c06fb1edc
2026-03-28 19:41:10|qwen|web_search_no_think|5|JSON_VERIFIED||969|bd6600ba-29ee-440b-a06b-c7adb1ae782f
2026-03-28 19:41:10|qwen|web_search_no_think|5|QUESTION|20|969|bd6600ba-29ee-440b-a06b-c7adb1ae782f
2026-03-28 19:41:10|qwen|web_search_no_think|5|JSON_SAVED||969|bd6600ba-29ee-440b-a06b-c7adb1ae782f
2026-03-28 19:41:10|qwen|web_search_no_think|5|QUESTION_ADVANCE||970|d934bcd6-51f4-49af-9401-ad7c251d9fc8
2026-03-28 19:41:33|qwen|web_search_no_think|1|JSON_VERIFIED||693|38047ecc-aa67-4466-b445-bda0ab09be6f
2026-03-28 19:41:33|qwen|web_search_no_think|1|QUESTION|24|693|38047ecc-aa67-4466-b445-bda0ab09be6f
2026-03-28 19:41:33|qwen|web_search_no_think|1|JSON_SAVED||693|38047ecc-aa67-4466-b445-bda0ab09be6f
2026-03-28 19:41:33|qwen|web_search_no_think|1|QUESTION_ADVANCE||694|5f84d1e3-a173-48eb-ad9c-c855a58c33a7
2026-03-28 19:41:36|qwen|web_search_no_think|5|QUESTION_SENT||970|d934bcd6-51f4-49af-9401-ad7c251d9fc8
2026-03-28 19:41:51|qwen|web_search_no_think|2|JSON_VERIFIED||760|554780e7-bd1d-49d2-a2d6-0b66766115bd
2026-03-28 19:41:51|qwen|web_search_no_think|2|QUESTION|21|760|554780e7-bd1d-49d2-a2d6-0b66766115bd
2026-03-28 19:41:51|qwen|web_search_no_think|2|JSON_SAVED||760|554780e7-bd1d-49d2-a2d6-0b66766115bd
2026-03-28 19:41:51|qwen|web_search_no_think|2|QUESTION_ADVANCE||761|c2b2747c-ecb2-4d3b-aab8-ff905aa07be9
2026-03-28 19:41:59|qwen|web_search_no_think|1|QUESTION_SENT||694|5f84d1e3-a173-48eb-ad9c-c855a58c33a7
2026-03-28 19:42:04|qwen|web_search_no_think|4|JSON_VERIFIED||900|f0789d3e-50fb-485f-ba38-3dd74eeae727
2026-03-28 19:42:04|qwen|web_search_no_think|4|QUESTION|22|900|f0789d3e-50fb-485f-ba38-3dd74eeae727
2026-03-28 19:42:04|qwen|web_search_no_think|4|JSON_SAVED||900|f0789d3e-50fb-485f-ba38-3dd74eeae727
2026-03-28 19:42:04|qwen|web_search_no_think|4|QUESTION_ADVANCE||901|df828d6e-6f1d-456f-9d82-05c48dbb934b
2026-03-28 19:42:17|qwen|web_search_no_think|2|QUESTION_SENT||761|c2b2747c-ecb2-4d3b-aab8-ff905aa07be9
2026-03-28 19:42:30|qwen|web_search_no_think|4|QUESTION_SENT||901|df828d6e-6f1d-456f-9d82-05c48dbb934b
2026-03-28 19:42:56|qwen|web_search_no_think|3|JSON_VERIFIED||829|1965c455-7b42-4a49-a645-838c06fb1edc
2026-03-28 19:42:56|qwen|web_search_no_think|3|QUESTION|20|829|1965c455-7b42-4a49-a645-838c06fb1edc
2026-03-28 19:42:56|qwen|web_search_no_think|3|JSON_SAVED||829|1965c455-7b42-4a49-a645-838c06fb1edc
2026-03-28 19:42:56|qwen|web_search_no_think|3|QUESTION_ADVANCE||830|c9317410-db63-4a9d-a4f2-13a34333cc5b
2026-03-28 19:42:59|qwen|web_search_no_think|5|JSON_VERIFIED||970|d934bcd6-51f4-49af-9401-ad7c251d9fc8
2026-03-28 19:42:59|qwen|web_search_no_think|5|QUESTION|21|970|d934bcd6-51f4-49af-9401-ad7c251d9fc8
2026-03-28 19:42:59|qwen|web_search_no_think|5|JSON_SAVED||970|d934bcd6-51f4-49af-9401-ad7c251d9fc8
2026-03-28 19:42:59|qwen|web_search_no_think|5|QUESTION_ADVANCE||971|2439177c-c056-4f5f-b9f5-db37107e7860
2026-03-28 19:43:10|qwen|web_search_no_think|2|JSON_VERIFIED||761|c2b2747c-ecb2-4d3b-aab8-ff905aa07be9
2026-03-28 19:43:10|qwen|web_search_no_think|2|QUESTION|22|761|c2b2747c-ecb2-4d3b-aab8-ff905aa07be9
2026-03-28 19:43:10|qwen|web_search_no_think|2|JSON_SAVED||761|c2b2747c-ecb2-4d3b-aab8-ff905aa07be9
2026-03-28 19:43:10|qwen|web_search_no_think|2|QUESTION_ADVANCE||762|f1adb34c-e44a-402c-a96a-44903e7a7dc2
2026-03-28 19:43:22|qwen|web_search_no_think|3|QUESTION_SENT||830|c9317410-db63-4a9d-a4f2-13a34333cc5b
2026-03-28 19:43:25|qwen|web_search_no_think|5|QUESTION_SENT||971|2439177c-c056-4f5f-b9f5-db37107e7860
2026-03-28 19:43:34|qwen|web_search_no_think|4|JSON_VERIFIED||901|df828d6e-6f1d-456f-9d82-05c48dbb934b
2026-03-28 19:43:34|qwen|web_search_no_think|4|QUESTION|23|901|df828d6e-6f1d-456f-9d82-05c48dbb934b
2026-03-28 19:43:34|qwen|web_search_no_think|4|JSON_SAVED||901|df828d6e-6f1d-456f-9d82-05c48dbb934b
2026-03-28 19:43:35|qwen|web_search_no_think|4|QUESTION_ADVANCE||902|d99b31a7-37d0-42f5-b087-f04c414ecd58
2026-03-28 19:43:36|qwen|web_search_no_think|1|JSON_VERIFIED||694|5f84d1e3-a173-48eb-ad9c-c855a58c33a7
2026-03-28 19:43:36|qwen|web_search_no_think|1|QUESTION|25|694|5f84d1e3-a173-48eb-ad9c-c855a58c33a7
2026-03-28 19:43:36|qwen|web_search_no_think|1|JSON_SAVED||694|5f84d1e3-a173-48eb-ad9c-c855a58c33a7
2026-03-28 19:43:36|qwen|web_search_no_think|1|QUESTION_ADVANCE||695|76861f1c-406f-4587-9292-5fe3e91a24a6
2026-03-28 19:43:36|qwen|web_search_no_think|2|QUESTION_SENT||762|f1adb34c-e44a-402c-a96a-44903e7a7dc2
2026-03-28 19:44:01|qwen|web_search_no_think|4|QUESTION_SENT||902|d99b31a7-37d0-42f5-b087-f04c414ecd58
2026-03-28 19:44:02|qwen|web_search_no_think|1|QUESTION_SENT||695|76861f1c-406f-4587-9292-5fe3e91a24a6
2026-03-28 19:44:35|qwen|web_search_no_think|5|JSON_VERIFIED||971|2439177c-c056-4f5f-b9f5-db37107e7860
2026-03-28 19:44:35|qwen|web_search_no_think|5|QUESTION|22|971|2439177c-c056-4f5f-b9f5-db37107e7860
2026-03-28 19:44:35|qwen|web_search_no_think|5|JSON_SAVED||971|2439177c-c056-4f5f-b9f5-db37107e7860
2026-03-28 19:44:35|qwen|web_search_no_think|5|QUESTION_ADVANCE||972|fc27fde0-e17e-4789-a6a0-45ef5bc2901b
2026-03-28 19:44:41|qwen|web_search_no_think|3|JSON_VERIFIED||830|c9317410-db63-4a9d-a4f2-13a34333cc5b
2026-03-28 19:44:41|qwen|web_search_no_think|3|QUESTION|21|830|c9317410-db63-4a9d-a4f2-13a34333cc5b
2026-03-28 19:44:41|qwen|web_search_no_think|3|JSON_SAVED||830|c9317410-db63-4a9d-a4f2-13a34333cc5b
2026-03-28 19:44:41|qwen|web_search_no_think|3|QUESTION_ADVANCE||831|5ff81ce9-8481-4b31-83a1-787cf82d830d
2026-03-28 19:44:43|qwen|web_search_no_think|2|JSON_VERIFIED||762|f1adb34c-e44a-402c-a96a-44903e7a7dc2
2026-03-28 19:44:43|qwen|web_search_no_think|2|QUESTION|23|762|f1adb34c-e44a-402c-a96a-44903e7a7dc2
2026-03-28 19:44:43|qwen|web_search_no_think|2|JSON_SAVED||762|f1adb34c-e44a-402c-a96a-44903e7a7dc2
2026-03-28 19:44:43|qwen|web_search_no_think|2|QUESTION_ADVANCE||763|59dd23e0-1947-43d8-8938-df9ecb5066b3
2026-03-28 19:45:01|qwen|web_search_no_think|4|JSON_VERIFIED||902|d99b31a7-37d0-42f5-b087-f04c414ecd58
2026-03-28 19:45:01|qwen|web_search_no_think|4|QUESTION|24|902|d99b31a7-37d0-42f5-b087-f04c414ecd58
2026-03-28 19:45:01|qwen|web_search_no_think|4|JSON_SAVED||902|d99b31a7-37d0-42f5-b087-f04c414ecd58
2026-03-28 19:45:01|qwen|web_search_no_think|4|QUESTION_ADVANCE||903|54d21573-1efb-4098-a428-778303a34a16
2026-03-28 19:45:01|qwen|web_search_no_think|5|QUESTION_SENT||972|fc27fde0-e17e-4789-a6a0-45ef5bc2901b
2026-03-28 19:45:07|qwen|web_search_no_think|3|QUESTION_SENT||831|5ff81ce9-8481-4b31-83a1-787cf82d830d
2026-03-28 19:45:09|qwen|web_search_no_think|2|QUESTION_SENT||763|59dd23e0-1947-43d8-8938-df9ecb5066b3
2026-03-28 19:45:25|qwen|web_search_no_think|1|JSON_VERIFIED||695|76861f1c-406f-4587-9292-5fe3e91a24a6
2026-03-28 19:45:25|qwen|web_search_no_think|1|QUESTION|26|695|76861f1c-406f-4587-9292-5fe3e91a24a6
2026-03-28 19:45:25|qwen|web_search_no_think|1|JSON_SAVED||695|76861f1c-406f-4587-9292-5fe3e91a24a6
2026-03-28 19:45:25|qwen|web_search_no_think|1|QUESTION_ADVANCE||696|9dfc3ef5-dd60-4826-a88d-0131df472571
2026-03-28 19:45:27|qwen|web_search_no_think|4|QUESTION_SENT||903|54d21573-1efb-4098-a428-778303a34a16
2026-03-28 19:45:32|qwen|web_search_no_think|0|QUESTION_SENT||619|9e64b7ba-52a1-452c-b27a-c44febf1ddb1
2026-03-28 19:45:51|qwen|web_search_no_think|1|QUESTION_SENT||696|9dfc3ef5-dd60-4826-a88d-0131df472571
2026-03-28 19:46:02|qwen|web_search_no_think|5|JSON_VERIFIED||972|fc27fde0-e17e-4789-a6a0-45ef5bc2901b
2026-03-28 19:46:02|qwen|web_search_no_think|5|QUESTION|23|972|fc27fde0-e17e-4789-a6a0-45ef5bc2901b
2026-03-28 19:46:02|qwen|web_search_no_think|5|JSON_SAVED||972|fc27fde0-e17e-4789-a6a0-45ef5bc2901b
2026-03-28 19:46:02|qwen|web_search_no_think|5|QUESTION_ADVANCE||973|dcf900ac-9d3c-4259-88b4-3f6c217b42e0
2026-03-28 19:46:21|qwen|web_search_no_think|3|JSON_VERIFIED||831|5ff81ce9-8481-4b31-83a1-787cf82d830d
2026-03-28 19:46:21|qwen|web_search_no_think|3|QUESTION|22|831|5ff81ce9-8481-4b31-83a1-787cf82d830d
2026-03-28 19:46:21|qwen|web_search_no_think|3|JSON_SAVED||831|5ff81ce9-8481-4b31-83a1-787cf82d830d
2026-03-28 19:46:21|qwen|web_search_no_think|3|QUESTION_ADVANCE||832|369153f3-122b-4f74-b855-d1212530c72c
2026-03-28 19:46:28|qwen|web_search_no_think|5|QUESTION_SENT||973|dcf900ac-9d3c-4259-88b4-3f6c217b42e0
2026-03-28 19:46:30|qwen|web_search_no_think|2|JSON_VERIFIED||763|59dd23e0-1947-43d8-8938-df9ecb5066b3
2026-03-28 19:46:30|qwen|web_search_no_think|2|QUESTION|24|763|59dd23e0-1947-43d8-8938-df9ecb5066b3
2026-03-28 19:46:30|qwen|web_search_no_think|2|JSON_SAVED||763|59dd23e0-1947-43d8-8938-df9ecb5066b3
2026-03-28 19:46:30|qwen|web_search_no_think|2|QUESTION_ADVANCE||764|99ba6652-79ff-461a-9113-0b644d4db615
2026-03-28 19:46:45|qwen|web_search_no_think|4|JSON_VERIFIED||903|54d21573-1efb-4098-a428-778303a34a16
2026-03-28 19:46:45|qwen|web_search_no_think|4|QUESTION|25|903|54d21573-1efb-4098-a428-778303a34a16
2026-03-28 19:46:45|qwen|web_search_no_think|4|JSON_SAVED||903|54d21573-1efb-4098-a428-778303a34a16
2026-03-28 19:46:45|qwen|web_search_no_think|4|QUESTION_ADVANCE||904|804c7f0f-465f-4e22-84f8-505ee236c6b1
2026-03-28 19:46:47|qwen|web_search_no_think|3|QUESTION_SENT||832|369153f3-122b-4f74-b855-d1212530c72c
2026-03-28 19:46:55|qwen|web_search_no_think|0|JSON_VERIFIED||619|9e64b7ba-52a1-452c-b27a-c44febf1ddb1
2026-03-28 19:46:55|qwen|web_search_no_think|0|QUESTION|22|619|9e64b7ba-52a1-452c-b27a-c44febf1ddb1
2026-03-28 19:46:55|qwen|web_search_no_think|0|JSON_SAVED||619|9e64b7ba-52a1-452c-b27a-c44febf1ddb1
2026-03-28 19:46:55|qwen|web_search_no_think|0|QUESTION_ADVANCE||620|057f272f-c112-4728-b8e8-b3ffa1259cd2
2026-03-28 19:46:57|qwen|web_search_no_think|2|QUESTION_SENT||764|99ba6652-79ff-461a-9113-0b644d4db615
2026-03-28 19:47:04|qwen|web_search_no_think|1|JSON_VERIFIED||696|9dfc3ef5-dd60-4826-a88d-0131df472571
2026-03-28 19:47:04|qwen|web_search_no_think|1|QUESTION|27|696|9dfc3ef5-dd60-4826-a88d-0131df472571
2026-03-28 19:47:04|qwen|web_search_no_think|1|JSON_SAVED||696|9dfc3ef5-dd60-4826-a88d-0131df472571
2026-03-28 19:47:04|qwen|web_search_no_think|1|QUESTION_ADVANCE||697|7e79d589-83b5-4c56-97de-a422240cca15
2026-03-28 19:47:12|qwen|web_search_no_think|4|QUESTION_SENT||904|804c7f0f-465f-4e22-84f8-505ee236c6b1
2026-03-28 19:47:21|qwen|web_search_no_think|0|QUESTION_SENT||620|057f272f-c112-4728-b8e8-b3ffa1259cd2
2026-03-28 19:47:30|qwen|web_search_no_think|1|QUESTION_SENT||697|7e79d589-83b5-4c56-97de-a422240cca15
2026-03-28 19:47:31|qwen|web_search_no_think|5|JSON_VERIFY_FAILED||973|dcf900ac-9d3c-4259-88b4-3f6c217b42e0
2026-03-28 19:47:31|qwen|web_search_no_think|5|QUESTION|24|973|dcf900ac-9d3c-4259-88b4-3f6c217b42e0
2026-03-28 19:47:57|qwen|web_search_no_think|5|QUESTION_SENT||973|dcf900ac-9d3c-4259-88b4-3f6c217b42e0
2026-03-28 19:48:12|qwen|web_search_no_think|3|JSON_VERIFIED||832|369153f3-122b-4f74-b855-d1212530c72c
2026-03-28 19:48:12|qwen|web_search_no_think|3|QUESTION|23|832|369153f3-122b-4f74-b855-d1212530c72c
2026-03-28 19:48:12|qwen|web_search_no_think|3|JSON_SAVED||832|369153f3-122b-4f74-b855-d1212530c72c
2026-03-28 19:48:13|qwen|web_search_no_think|3|QUESTION_ADVANCE||833|4a890b15-b740-4e12-a5cd-0b184b1d1d1d
2026-03-28 19:48:15|qwen|web_search_no_think|2|JSON_VERIFIED||764|99ba6652-79ff-461a-9113-0b644d4db615
2026-03-28 19:48:15|qwen|web_search_no_think|2|QUESTION|25|764|99ba6652-79ff-461a-9113-0b644d4db615
2026-03-28 19:48:15|qwen|web_search_no_think|2|JSON_SAVED||764|99ba6652-79ff-461a-9113-0b644d4db615
2026-03-28 19:48:15|qwen|web_search_no_think|2|QUESTION_ADVANCE||765|e9c26bb5-2e99-4a4d-89db-6a30cf556ae6
2026-03-28 19:48:25|qwen|web_search_no_think|4|JSON_VERIFIED||904|804c7f0f-465f-4e22-84f8-505ee236c6b1
2026-03-28 19:48:25|qwen|web_search_no_think|4|QUESTION|26|904|804c7f0f-465f-4e22-84f8-505ee236c6b1
2026-03-28 19:48:25|qwen|web_search_no_think|4|JSON_SAVED||904|804c7f0f-465f-4e22-84f8-505ee236c6b1
2026-03-28 19:48:25|qwen|web_search_no_think|4|QUESTION_ADVANCE||905|6d2d7181-9a43-49ed-a7e7-f791b7677764
2026-03-28 19:48:27|qwen|web_search_no_think|1|JSON_VERIFIED||697|7e79d589-83b5-4c56-97de-a422240cca15
2026-03-28 19:48:27|qwen|web_search_no_think|1|QUESTION|28|697|7e79d589-83b5-4c56-97de-a422240cca15
2026-03-28 19:48:27|qwen|web_search_no_think|1|JSON_SAVED||697|7e79d589-83b5-4c56-97de-a422240cca15
2026-03-28 19:48:27|qwen|web_search_no_think|1|QUESTION_ADVANCE||698|dac13f4b-2533-425d-a097-b4815a85b4fc
2026-03-28 19:48:39|qwen|web_search_no_think|3|QUESTION_SENT||833|4a890b15-b740-4e12-a5cd-0b184b1d1d1d
2026-03-28 19:48:41|qwen|web_search_no_think|2|QUESTION_SENT||765|e9c26bb5-2e99-4a4d-89db-6a30cf556ae6
2026-03-28 19:48:49|qwen|web_search_no_think|0|JSON_VERIFIED||620|057f272f-c112-4728-b8e8-b3ffa1259cd2
2026-03-28 19:48:49|qwen|web_search_no_think|0|QUESTION|23|620|057f272f-c112-4728-b8e8-b3ffa1259cd2
2026-03-28 19:48:49|qwen|web_search_no_think|0|JSON_SAVED||620|057f272f-c112-4728-b8e8-b3ffa1259cd2
2026-03-28 19:48:49|qwen|web_search_no_think|0|QUESTION_ADVANCE||621|634725ab-94ea-4ffe-9dce-977aedf224f8
2026-03-28 19:48:52|qwen|web_search_no_think|4|QUESTION_SENT||905|6d2d7181-9a43-49ed-a7e7-f791b7677764
2026-03-28 19:48:53|qwen|web_search_no_think|1|QUESTION_SENT||698|dac13f4b-2533-425d-a097-b4815a85b4fc
2026-03-28 19:49:10|qwen|web_search_no_think|5|JSON_VERIFIED||973|dcf900ac-9d3c-4259-88b4-3f6c217b42e0
2026-03-28 19:49:10|qwen|web_search_no_think|5|QUESTION|25|973|dcf900ac-9d3c-4259-88b4-3f6c217b42e0
2026-03-28 19:49:10|qwen|web_search_no_think|5|JSON_SAVED||973|dcf900ac-9d3c-4259-88b4-3f6c217b42e0
2026-03-28 19:49:10|qwen|web_search_no_think|5|QUESTION_ADVANCE||974|f4c5084f-e631-4040-8d3e-0b14484b0b08
2026-03-28 19:49:16|qwen|web_search_no_think|0|QUESTION_SENT||621|634725ab-94ea-4ffe-9dce-977aedf224f8
2026-03-28 19:49:36|qwen|web_search_no_think|5|QUESTION_SENT||974|f4c5084f-e631-4040-8d3e-0b14484b0b08
2026-03-28 19:49:42|qwen|web_search_no_think|2|JSON_VERIFIED||765|e9c26bb5-2e99-4a4d-89db-6a30cf556ae6
2026-03-28 19:49:42|qwen|web_search_no_think|2|QUESTION|26|765|e9c26bb5-2e99-4a4d-89db-6a30cf556ae6
2026-03-28 19:49:42|qwen|web_search_no_think|2|JSON_SAVED||765|e9c26bb5-2e99-4a4d-89db-6a30cf556ae6
2026-03-28 19:49:42|qwen|web_search_no_think|2|QUESTION_ADVANCE||766|2ab63ba8-0ee3-4a01-90c3-0f368951805c
2026-03-28 19:49:44|qwen|web_search_no_think|3|JSON_VERIFIED||833|4a890b15-b740-4e12-a5cd-0b184b1d1d1d
2026-03-28 19:49:44|qwen|web_search_no_think|3|QUESTION|24|833|4a890b15-b740-4e12-a5cd-0b184b1d1d1d
2026-03-28 19:49:44|qwen|web_search_no_think|3|JSON_SAVED||833|4a890b15-b740-4e12-a5cd-0b184b1d1d1d
2026-03-28 19:49:44|qwen|web_search_no_think|3|QUESTION_ADVANCE||834|b3ecac32-4416-419b-b73e-f39c5bd3946c
2026-03-28 19:50:02|qwen|web_search_no_think|4|JSON_VERIFIED||905|6d2d7181-9a43-49ed-a7e7-f791b7677764
2026-03-28 19:50:02|qwen|web_search_no_think|4|QUESTION|27|905|6d2d7181-9a43-49ed-a7e7-f791b7677764
2026-03-28 19:50:02|qwen|web_search_no_think|4|JSON_SAVED||905|6d2d7181-9a43-49ed-a7e7-f791b7677764
2026-03-28 19:50:02|qwen|web_search_no_think|4|QUESTION_ADVANCE||906|fb2545be-ef1c-4301-8efb-6e51b00d7d03
2026-03-28 19:50:09|qwen|web_search_no_think|2|QUESTION_SENT||766|2ab63ba8-0ee3-4a01-90c3-0f368951805c
2026-03-28 19:50:11|qwen|web_search_no_think|3|QUESTION_SENT||834|b3ecac32-4416-419b-b73e-f39c5bd3946c
2026-03-28 19:50:19|qwen|web_search_no_think|1|JSON_VERIFIED||698|dac13f4b-2533-425d-a097-b4815a85b4fc
2026-03-28 19:50:19|qwen|web_search_no_think|1|QUESTION|29|698|dac13f4b-2533-425d-a097-b4815a85b4fc
2026-03-28 19:50:19|qwen|web_search_no_think|1|JSON_SAVED||698|dac13f4b-2533-425d-a097-b4815a85b4fc
2026-03-28 19:50:19|qwen|web_search_no_think|1|QUESTION_ADVANCE||699|d623a751-3a0f-4b37-9ec1-0e6b52b3fed8
2026-03-28 19:50:28|qwen|web_search_no_think|4|QUESTION_SENT||906|fb2545be-ef1c-4301-8efb-6e51b00d7d03
2026-03-28 19:50:45|qwen|web_search_no_think|1|QUESTION_SENT||699|d623a751-3a0f-4b37-9ec1-0e6b52b3fed8
2026-03-28 19:50:58|qwen|web_search_no_think|0|JSON_VERIFIED||621|634725ab-94ea-4ffe-9dce-977aedf224f8
2026-03-28 19:50:58|qwen|web_search_no_think|0|QUESTION|24|621|634725ab-94ea-4ffe-9dce-977aedf224f8
2026-03-28 19:50:58|qwen|web_search_no_think|0|JSON_SAVED||621|634725ab-94ea-4ffe-9dce-977aedf224f8
2026-03-28 19:50:58|qwen|web_search_no_think|0|QUESTION_ADVANCE||622|752f8915-8968-4b06-b8d1-d0dd2e8faa19
2026-03-28 19:51:00|qwen|web_search_no_think|5|JSON_VERIFIED||974|f4c5084f-e631-4040-8d3e-0b14484b0b08
2026-03-28 19:51:00|qwen|web_search_no_think|5|QUESTION|26|974|f4c5084f-e631-4040-8d3e-0b14484b0b08
2026-03-28 19:51:00|qwen|web_search_no_think|5|JSON_SAVED||974|f4c5084f-e631-4040-8d3e-0b14484b0b08
2026-03-28 19:51:00|qwen|web_search_no_think|5|QUESTION_ADVANCE||975|c6c622f3-f485-4881-9e81-0541bc9692b2
2026-03-28 19:51:20|qwen|web_search_no_think|3|JSON_VERIFIED||834|b3ecac32-4416-419b-b73e-f39c5bd3946c
2026-03-28 19:51:20|qwen|web_search_no_think|3|QUESTION|25|834|b3ecac32-4416-419b-b73e-f39c5bd3946c
2026-03-28 19:51:20|qwen|web_search_no_think|3|JSON_SAVED||834|b3ecac32-4416-419b-b73e-f39c5bd3946c
2026-03-28 19:51:20|qwen|web_search_no_think|3|QUESTION_ADVANCE||835|00384831-9ac7-4d98-8ea8-0ed31845ded3
2026-03-28 19:51:24|qwen|web_search_no_think|0|QUESTION_SENT||622|752f8915-8968-4b06-b8d1-d0dd2e8faa19
2026-03-28 19:51:26|qwen|web_search_no_think|5|QUESTION_SENT||975|c6c622f3-f485-4881-9e81-0541bc9692b2
2026-03-28 19:51:47|qwen|web_search_no_think|3|QUESTION_SENT||835|00384831-9ac7-4d98-8ea8-0ed31845ded3
2026-03-28 19:51:51|qwen|web_search_no_think|2|JSON_VERIFIED||766|2ab63ba8-0ee3-4a01-90c3-0f368951805c
2026-03-28 19:51:51|qwen|web_search_no_think|2|QUESTION|27|766|2ab63ba8-0ee3-4a01-90c3-0f368951805c
2026-03-28 19:51:51|qwen|web_search_no_think|2|JSON_SAVED||766|2ab63ba8-0ee3-4a01-90c3-0f368951805c
2026-03-28 19:51:51|qwen|web_search_no_think|2|QUESTION_ADVANCE||767|df3d5073-d4cd-40e9-aa6c-0014b469e31e
2026-03-28 19:52:00|qwen|web_search_no_think|4|JSON_VERIFIED||906|fb2545be-ef1c-4301-8efb-6e51b00d7d03
2026-03-28 19:52:00|qwen|web_search_no_think|4|QUESTION|28|906|fb2545be-ef1c-4301-8efb-6e51b00d7d03
2026-03-28 19:52:00|qwen|web_search_no_think|4|JSON_SAVED||906|fb2545be-ef1c-4301-8efb-6e51b00d7d03
2026-03-28 19:52:00|qwen|web_search_no_think|4|QUESTION_ADVANCE||907|a939e9d5-87fe-4bee-aaa7-112247bdef54
2026-03-28 19:52:17|qwen|web_search_no_think|2|QUESTION_SENT||767|df3d5073-d4cd-40e9-aa6c-0014b469e31e
2026-03-28 19:52:27|qwen|web_search_no_think|4|QUESTION_SENT||907|a939e9d5-87fe-4bee-aaa7-112247bdef54
2026-03-28 19:52:32|qwen|web_search_no_think|1|JSON_VERIFIED||699|d623a751-3a0f-4b37-9ec1-0e6b52b3fed8
2026-03-28 19:52:32|qwen|web_search_no_think|1|QUESTION|30|699|d623a751-3a0f-4b37-9ec1-0e6b52b3fed8
2026-03-28 19:52:32|qwen|web_search_no_think|1|JSON_SAVED||699|d623a751-3a0f-4b37-9ec1-0e6b52b3fed8
2026-03-28 19:52:32|qwen|web_search_no_think|1|QUESTION_ADVANCE||700|5300aba3-7c7b-4d67-83ac-f220b51b0cfa
2026-03-28 19:52:40|qwen|web_search_no_think|0|JSON_VERIFIED||622|752f8915-8968-4b06-b8d1-d0dd2e8faa19
2026-03-28 19:52:40|qwen|web_search_no_think|0|QUESTION|25|622|752f8915-8968-4b06-b8d1-d0dd2e8faa19
2026-03-28 19:52:40|qwen|web_search_no_think|0|JSON_SAVED||622|752f8915-8968-4b06-b8d1-d0dd2e8faa19
2026-03-28 19:52:40|qwen|web_search_no_think|0|QUESTION_ADVANCE||623|4b75a506-a5ce-4c66-a4ad-f5a8894f064c
2026-03-28 19:52:55|qwen|web_search_no_think|5|JSON_VERIFIED||975|c6c622f3-f485-4881-9e81-0541bc9692b2
2026-03-28 19:52:55|qwen|web_search_no_think|5|QUESTION|27|975|c6c622f3-f485-4881-9e81-0541bc9692b2
2026-03-28 19:52:55|qwen|web_search_no_think|5|JSON_SAVED||975|c6c622f3-f485-4881-9e81-0541bc9692b2
2026-03-28 19:52:55|qwen|web_search_no_think|5|QUESTION_ADVANCE||976|3bbb9db9-d1c4-4da8-9662-fd1b137e524b
2026-03-28 19:52:58|qwen|web_search_no_think|1|QUESTION_SENT||700|5300aba3-7c7b-4d67-83ac-f220b51b0cfa
2026-03-28 19:53:06|qwen|web_search_no_think|0|QUESTION_SENT||623|4b75a506-a5ce-4c66-a4ad-f5a8894f064c
2026-03-28 19:53:16|qwen|web_search_no_think|3|JSON_VERIFIED||835|00384831-9ac7-4d98-8ea8-0ed31845ded3
2026-03-28 19:53:16|qwen|web_search_no_think|3|QUESTION|26|835|00384831-9ac7-4d98-8ea8-0ed31845ded3
2026-03-28 19:53:16|qwen|web_search_no_think|3|JSON_SAVED||835|00384831-9ac7-4d98-8ea8-0ed31845ded3
2026-03-28 19:53:16|qwen|web_search_no_think|3|QUESTION_ADVANCE||836|b13981da-d779-4db1-b611-af8df8f1a16f
2026-03-28 19:53:21|qwen|web_search_no_think|5|QUESTION_SENT||976|3bbb9db9-d1c4-4da8-9662-fd1b137e524b
2026-03-28 19:53:43|qwen|web_search_no_think|3|QUESTION_SENT||836|b13981da-d779-4db1-b611-af8df8f1a16f
2026-03-28 19:53:47|qwen|web_search_no_think|2|JSON_VERIFIED||767|df3d5073-d4cd-40e9-aa6c-0014b469e31e
2026-03-28 19:53:47|qwen|web_search_no_think|2|QUESTION|28|767|df3d5073-d4cd-40e9-aa6c-0014b469e31e
2026-03-28 19:53:47|qwen|web_search_no_think|2|JSON_SAVED||767|df3d5073-d4cd-40e9-aa6c-0014b469e31e
2026-03-28 19:53:47|qwen|web_search_no_think|2|QUESTION_ADVANCE||768|4bff279c-4b02-446e-901d-0e630c54e410
2026-03-28 19:54:05|qwen|web_search_no_think|4|QUESTION_SENT||907|a939e9d5-87fe-4bee-aaa7-112247bdef54
2026-03-28 19:54:09|qwen|web_search_no_think|0|JSON_VERIFIED||623|4b75a506-a5ce-4c66-a4ad-f5a8894f064c
2026-03-28 19:54:09|qwen|web_search_no_think|0|QUESTION|26|623|4b75a506-a5ce-4c66-a4ad-f5a8894f064c
2026-03-28 19:54:09|qwen|web_search_no_think|0|JSON_SAVED||623|4b75a506-a5ce-4c66-a4ad-f5a8894f064c
2026-03-28 19:54:09|qwen|web_search_no_think|0|QUESTION_ADVANCE||624|e2d2c856-f910-4602-ba2c-8200a3b20d26
2026-03-28 19:54:13|qwen|web_search_no_think|2|QUESTION_SENT||768|4bff279c-4b02-446e-901d-0e630c54e410
2026-03-28 19:54:16|qwen|web_search_no_think|1|JSON_VERIFIED||700|5300aba3-7c7b-4d67-83ac-f220b51b0cfa
2026-03-28 19:54:16|qwen|web_search_no_think|1|QUESTION|31|700|5300aba3-7c7b-4d67-83ac-f220b51b0cfa
2026-03-28 19:54:16|qwen|web_search_no_think|1|JSON_SAVED||700|5300aba3-7c7b-4d67-83ac-f220b51b0cfa
2026-03-28 19:54:16|qwen|web_search_no_think|1|QUESTION_ADVANCE||701|764d034f-535d-455f-8d28-34c062bbc2de
2026-03-28 19:54:26|qwen|web_search_no_think|5|JSON_VERIFIED||976|3bbb9db9-d1c4-4da8-9662-fd1b137e524b
2026-03-28 19:54:26|qwen|web_search_no_think|5|QUESTION|28|976|3bbb9db9-d1c4-4da8-9662-fd1b137e524b
2026-03-28 19:54:26|qwen|web_search_no_think|5|JSON_SAVED||976|3bbb9db9-d1c4-4da8-9662-fd1b137e524b
2026-03-28 19:54:26|qwen|web_search_no_think|5|QUESTION_ADVANCE||977|be2d2c83-2529-460b-b452-13e9b05e108d
2026-03-28 19:54:35|qwen|web_search_no_think|0|QUESTION_SENT||624|e2d2c856-f910-4602-ba2c-8200a3b20d26
2026-03-28 19:54:39|qwen|web_search_no_think|3|QUESTION_SENT||836|b13981da-d779-4db1-b611-af8df8f1a16f
2026-03-28 19:54:42|qwen|web_search_no_think|1|QUESTION_SENT||701|764d034f-535d-455f-8d28-34c062bbc2de
2026-03-28 19:54:53|qwen|web_search_no_think|5|QUESTION_SENT||977|be2d2c83-2529-460b-b452-13e9b05e108d
2026-03-28 19:55:31|qwen|web_search_no_think|2|JSON_VERIFIED||768|4bff279c-4b02-446e-901d-0e630c54e410
2026-03-28 19:55:31|qwen|web_search_no_think|2|QUESTION|29|768|4bff279c-4b02-446e-901d-0e630c54e410
2026-03-28 19:55:31|qwen|web_search_no_think|2|JSON_SAVED||768|4bff279c-4b02-446e-901d-0e630c54e410
2026-03-28 19:55:31|qwen|web_search_no_think|2|QUESTION_ADVANCE||769|1fb73270-867a-4e52-a8e0-4411a32cb8c1
2026-03-28 19:55:45|qwen|web_search_no_think|4|JSON_VERIFIED||907|a939e9d5-87fe-4bee-aaa7-112247bdef54
2026-03-28 19:55:45|qwen|web_search_no_think|4|QUESTION|29|907|a939e9d5-87fe-4bee-aaa7-112247bdef54
2026-03-28 19:55:45|qwen|web_search_no_think|4|JSON_SAVED||907|a939e9d5-87fe-4bee-aaa7-112247bdef54
2026-03-28 19:55:45|qwen|web_search_no_think|4|QUESTION_ADVANCE||908|80ef1f52-04a6-4d13-9215-5e3505f4e4fc
2026-03-28 19:55:47|qwen|web_search_no_think|1|JSON_VERIFIED||701|764d034f-535d-455f-8d28-34c062bbc2de
2026-03-28 19:55:47|qwen|web_search_no_think|1|QUESTION|32|701|764d034f-535d-455f-8d28-34c062bbc2de
2026-03-28 19:55:47|qwen|web_search_no_think|1|JSON_SAVED||701|764d034f-535d-455f-8d28-34c062bbc2de
2026-03-28 19:55:47|qwen|web_search_no_think|1|QUESTION_ADVANCE||702|72e441d2-4359-4ff4-92f4-07b1e968d974
2026-03-28 19:55:48|qwen|web_search_no_think|0|JSON_VERIFIED||624|e2d2c856-f910-4602-ba2c-8200a3b20d26
2026-03-28 19:55:48|qwen|web_search_no_think|0|QUESTION|27|624|e2d2c856-f910-4602-ba2c-8200a3b20d26
2026-03-28 19:55:48|qwen|web_search_no_think|0|JSON_SAVED||624|e2d2c856-f910-4602-ba2c-8200a3b20d26
2026-03-28 19:55:48|qwen|web_search_no_think|0|QUESTION_ADVANCE||625|42862992-61ff-42dd-bc28-4055ca5c9ab4
2026-03-28 19:55:57|qwen|web_search_no_think|5|JSON_VERIFIED||977|be2d2c83-2529-460b-b452-13e9b05e108d
2026-03-28 19:55:57|qwen|web_search_no_think|5|QUESTION|29|977|be2d2c83-2529-460b-b452-13e9b05e108d
2026-03-28 19:55:57|qwen|web_search_no_think|5|JSON_SAVED||977|be2d2c83-2529-460b-b452-13e9b05e108d
2026-03-28 19:55:57|qwen|web_search_no_think|5|QUESTION_ADVANCE||978|646b1a60-90b2-4a76-b0ee-b2446d4e9f21
2026-03-28 19:55:58|qwen|web_search_no_think|2|QUESTION_SENT||769|1fb73270-867a-4e52-a8e0-4411a32cb8c1
2026-03-28 19:56:05|qwen|web_search_no_think|3|JSON_VERIFIED||836|b13981da-d779-4db1-b611-af8df8f1a16f
2026-03-28 19:56:05|qwen|web_search_no_think|3|QUESTION|27|836|b13981da-d779-4db1-b611-af8df8f1a16f
2026-03-28 19:56:05|qwen|web_search_no_think|3|JSON_SAVED||836|b13981da-d779-4db1-b611-af8df8f1a16f
2026-03-28 19:56:05|qwen|web_search_no_think|3|QUESTION_ADVANCE||837|aac58ea4-0a74-40e0-8589-425de2884bfd
2026-03-28 19:56:11|qwen|web_search_no_think|4|QUESTION_SENT||908|80ef1f52-04a6-4d13-9215-5e3505f4e4fc
2026-03-28 19:56:13|qwen|web_search_no_think|1|QUESTION_SENT||702|72e441d2-4359-4ff4-92f4-07b1e968d974
2026-03-28 19:56:14|qwen|web_search_no_think|0|QUESTION_SENT||625|42862992-61ff-42dd-bc28-4055ca5c9ab4
2026-03-28 19:56:23|qwen|web_search_no_think|5|QUESTION_SENT||978|646b1a60-90b2-4a76-b0ee-b2446d4e9f21
2026-03-28 19:56:32|qwen|web_search_no_think|3|QUESTION_SENT||837|aac58ea4-0a74-40e0-8589-425de2884bfd
2026-03-28 19:57:10|qwen|web_search_no_think|2|JSON_VERIFIED||769|1fb73270-867a-4e52-a8e0-4411a32cb8c1
2026-03-28 19:57:10|qwen|web_search_no_think|2|QUESTION|30|769|1fb73270-867a-4e52-a8e0-4411a32cb8c1
2026-03-28 19:57:10|qwen|web_search_no_think|2|JSON_SAVED||769|1fb73270-867a-4e52-a8e0-4411a32cb8c1
2026-03-28 19:57:10|qwen|web_search_no_think|2|QUESTION_ADVANCE||770|5e60dcbf-1b14-47f0-a408-ae73a74ac43b
2026-03-28 19:57:17|qwen|web_search_no_think|3|JSON_VERIFY_FAILED||837|aac58ea4-0a74-40e0-8589-425de2884bfd
2026-03-28 19:57:17|qwen|web_search_no_think|3|QUESTION|28|837|aac58ea4-0a74-40e0-8589-425de2884bfd
2026-03-28 19:57:23|qwen|web_search_no_think|5|JSON_VERIFIED||978|646b1a60-90b2-4a76-b0ee-b2446d4e9f21
2026-03-28 19:57:23|qwen|web_search_no_think|5|QUESTION|30|978|646b1a60-90b2-4a76-b0ee-b2446d4e9f21
2026-03-28 19:57:23|qwen|web_search_no_think|5|JSON_SAVED||978|646b1a60-90b2-4a76-b0ee-b2446d4e9f21
2026-03-28 19:57:23|qwen|web_search_no_think|5|QUESTION_ADVANCE||979|d46a3823-1f95-4041-ad05-0485d695fb80
2026-03-28 19:57:27|qwen|web_search_no_think|0|JSON_VERIFIED||625|42862992-61ff-42dd-bc28-4055ca5c9ab4
2026-03-28 19:57:27|qwen|web_search_no_think|0|QUESTION|28|625|42862992-61ff-42dd-bc28-4055ca5c9ab4
2026-03-28 19:57:27|qwen|web_search_no_think|0|JSON_SAVED||625|42862992-61ff-42dd-bc28-4055ca5c9ab4
2026-03-28 19:57:27|qwen|web_search_no_think|0|QUESTION_ADVANCE||626|5a33cd1d-0718-4300-ab5b-dafbe105c3dc
2026-03-28 19:57:28|qwen|web_search_no_think|1|JSON_VERIFIED||702|72e441d2-4359-4ff4-92f4-07b1e968d974
2026-03-28 19:57:28|qwen|web_search_no_think|1|QUESTION|33|702|72e441d2-4359-4ff4-92f4-07b1e968d974
2026-03-28 19:57:28|qwen|web_search_no_think|1|JSON_SAVED||702|72e441d2-4359-4ff4-92f4-07b1e968d974
2026-03-28 19:57:28|qwen|web_search_no_think|1|QUESTION_ADVANCE||703|7739932a-3dda-4e7e-a51d-b06927b68932
2026-03-28 19:57:37|qwen|web_search_no_think|2|QUESTION_SENT||770|5e60dcbf-1b14-47f0-a408-ae73a74ac43b
2026-03-28 19:57:41|qwen|web_search_no_think|4|JSON_VERIFIED||908|80ef1f52-04a6-4d13-9215-5e3505f4e4fc
2026-03-28 19:57:41|qwen|web_search_no_think|4|QUESTION|30|908|80ef1f52-04a6-4d13-9215-5e3505f4e4fc
2026-03-28 19:57:41|qwen|web_search_no_think|4|JSON_SAVED||908|80ef1f52-04a6-4d13-9215-5e3505f4e4fc
2026-03-28 19:57:41|qwen|web_search_no_think|4|QUESTION_ADVANCE||909|89b9af30-e7fb-440c-88c9-dc1a4439efbc
2026-03-28 19:57:43|qwen|web_search_no_think|3|QUESTION_SENT||837|aac58ea4-0a74-40e0-8589-425de2884bfd
2026-03-28 19:57:49|qwen|web_search_no_think|5|QUESTION_SENT||979|d46a3823-1f95-4041-ad05-0485d695fb80
2026-03-28 19:57:53|qwen|web_search_no_think|0|QUESTION_SENT||626|5a33cd1d-0718-4300-ab5b-dafbe105c3dc
2026-03-28 19:57:55|qwen|web_search_no_think|1|QUESTION_SENT||703|7739932a-3dda-4e7e-a51d-b06927b68932
2026-03-28 19:58:07|qwen|web_search_no_think|4|QUESTION_SENT||909|89b9af30-e7fb-440c-88c9-dc1a4439efbc
2026-03-28 19:58:36|qwen|web_search_no_think|0|JSON_VERIFY_FAILED||626|5a33cd1d-0718-4300-ab5b-dafbe105c3dc
2026-03-28 19:58:36|qwen|web_search_no_think|0|QUESTION|29|626|5a33cd1d-0718-4300-ab5b-dafbe105c3dc
2026-03-28 19:58:53|qwen|web_search_no_think|1|JSON_VERIFIED||703|7739932a-3dda-4e7e-a51d-b06927b68932
2026-03-28 19:58:53|qwen|web_search_no_think|1|QUESTION|34|703|7739932a-3dda-4e7e-a51d-b06927b68932
2026-03-28 19:58:53|qwen|web_search_no_think|1|JSON_SAVED||703|7739932a-3dda-4e7e-a51d-b06927b68932
2026-03-28 19:58:53|qwen|web_search_no_think|1|QUESTION_ADVANCE||704|c6a1d503-88b7-4b08-97e5-309b32575846
2026-03-28 19:58:54|qwen|web_search_no_think|5|JSON_VERIFIED||979|d46a3823-1f95-4041-ad05-0485d695fb80
2026-03-28 19:58:54|qwen|web_search_no_think|5|QUESTION|31|979|d46a3823-1f95-4041-ad05-0485d695fb80
2026-03-28 19:58:54|qwen|web_search_no_think|5|JSON_SAVED||979|d46a3823-1f95-4041-ad05-0485d695fb80
2026-03-28 19:58:54|qwen|web_search_no_think|5|QUESTION_ADVANCE||980|be76419c-e0ff-471e-a54d-fa02e362bd01
2026-03-28 19:58:58|qwen|web_search_no_think|2|JSON_VERIFIED||770|5e60dcbf-1b14-47f0-a408-ae73a74ac43b
2026-03-28 19:58:58|qwen|web_search_no_think|2|QUESTION|31|770|5e60dcbf-1b14-47f0-a408-ae73a74ac43b
2026-03-28 19:58:58|qwen|web_search_no_think|2|JSON_SAVED||770|5e60dcbf-1b14-47f0-a408-ae73a74ac43b
2026-03-28 19:58:58|qwen|web_search_no_think|2|QUESTION_ADVANCE||771|6dbf2ae8-8fdd-4fbc-9257-075dabe171ca
2026-03-28 19:59:02|qwen|web_search_no_think|0|QUESTION_SENT||626|5a33cd1d-0718-4300-ab5b-dafbe105c3dc
2026-03-28 19:59:12|qwen|web_search_no_think|3|JSON_VERIFIED||837|aac58ea4-0a74-40e0-8589-425de2884bfd
2026-03-28 19:59:12|qwen|web_search_no_think|3|QUESTION|29|837|aac58ea4-0a74-40e0-8589-425de2884bfd
2026-03-28 19:59:12|qwen|web_search_no_think|3|JSON_SAVED||837|aac58ea4-0a74-40e0-8589-425de2884bfd
2026-03-28 19:59:12|qwen|web_search_no_think|3|QUESTION_ADVANCE||838|51d3fb26-1aac-49a5-9319-951a98ef488f
2026-03-28 19:59:19|qwen|web_search_no_think|1|QUESTION_SENT||704|c6a1d503-88b7-4b08-97e5-309b32575846
2026-03-28 19:59:21|qwen|web_search_no_think|5|QUESTION_SENT||980|be76419c-e0ff-471e-a54d-fa02e362bd01
2026-03-28 19:59:24|qwen|web_search_no_think|4|JSON_VERIFIED||909|89b9af30-e7fb-440c-88c9-dc1a4439efbc
2026-03-28 19:59:24|qwen|web_search_no_think|4|QUESTION|31|909|89b9af30-e7fb-440c-88c9-dc1a4439efbc
2026-03-28 19:59:24|qwen|web_search_no_think|4|JSON_SAVED||909|89b9af30-e7fb-440c-88c9-dc1a4439efbc
2026-03-28 19:59:24|qwen|web_search_no_think|4|QUESTION_ADVANCE||910|427ae094-0c17-4698-997b-571457116f79
2026-03-28 19:59:24|qwen|web_search_no_think|2|QUESTION_SENT||771|6dbf2ae8-8fdd-4fbc-9257-075dabe171ca
2026-03-28 19:59:38|qwen|web_search_no_think|3|QUESTION_SENT||838|51d3fb26-1aac-49a5-9319-951a98ef488f
2026-03-28 19:59:50|qwen|web_search_no_think|4|QUESTION_SENT||910|427ae094-0c17-4698-997b-571457116f79
2026-03-28 20:00:16|qwen|web_search_no_think|0|JSON_VERIFIED||626|5a33cd1d-0718-4300-ab5b-dafbe105c3dc
2026-03-28 20:00:16|qwen|web_search_no_think|0|QUESTION|30|626|5a33cd1d-0718-4300-ab5b-dafbe105c3dc
2026-03-28 20:00:16|qwen|web_search_no_think|0|JSON_SAVED||626|5a33cd1d-0718-4300-ab5b-dafbe105c3dc
2026-03-28 20:00:16|qwen|web_search_no_think|0|QUESTION_ADVANCE||627|219bcb85-d38a-4b7a-aa9a-6bf3230b54be
2026-03-28 20:00:25|qwen|web_search_no_think|1|JSON_VERIFIED||704|c6a1d503-88b7-4b08-97e5-309b32575846
2026-03-28 20:00:25|qwen|web_search_no_think|1|QUESTION|35|704|c6a1d503-88b7-4b08-97e5-309b32575846
2026-03-28 20:00:25|qwen|web_search_no_think|1|JSON_SAVED||704|c6a1d503-88b7-4b08-97e5-309b32575846
2026-03-28 20:00:25|qwen|web_search_no_think|1|QUESTION_ADVANCE||705|b0d80145-0874-40c5-b9ed-fc246e833431
2026-03-28 20:00:42|qwen|web_search_no_think|5|JSON_VERIFY_FAILED||980|be76419c-e0ff-471e-a54d-fa02e362bd01
2026-03-28 20:00:42|qwen|web_search_no_think|5|QUESTION|32|980|be76419c-e0ff-471e-a54d-fa02e362bd01
2026-03-28 20:00:42|qwen|web_search_no_think|0|QUESTION_SENT||627|219bcb85-d38a-4b7a-aa9a-6bf3230b54be
2026-03-28 20:00:51|qwen|web_search_no_think|1|QUESTION_SENT||705|b0d80145-0874-40c5-b9ed-fc246e833431
2026-03-28 20:00:52|qwen|web_search_no_think|2|JSON_VERIFIED||771|6dbf2ae8-8fdd-4fbc-9257-075dabe171ca
2026-03-28 20:00:52|qwen|web_search_no_think|2|QUESTION|32|771|6dbf2ae8-8fdd-4fbc-9257-075dabe171ca
2026-03-28 20:00:52|qwen|web_search_no_think|2|JSON_SAVED||771|6dbf2ae8-8fdd-4fbc-9257-075dabe171ca
2026-03-28 20:00:52|qwen|web_search_no_think|2|QUESTION_ADVANCE||772|abd9c504-de07-4574-ade5-b7102fbef379
2026-03-28 20:01:01|qwen|web_search_no_think|4|JSON_VERIFIED||910|427ae094-0c17-4698-997b-571457116f79
2026-03-28 20:01:01|qwen|web_search_no_think|4|QUESTION|32|910|427ae094-0c17-4698-997b-571457116f79
2026-03-28 20:01:01|qwen|web_search_no_think|4|JSON_SAVED||910|427ae094-0c17-4698-997b-571457116f79
2026-03-28 20:01:01|qwen|web_search_no_think|4|QUESTION_ADVANCE||911|ddd6637c-94c0-462d-a8d3-e623186dd0d2
2026-03-28 20:01:08|qwen|web_search_no_think|5|QUESTION_SENT||980|be76419c-e0ff-471e-a54d-fa02e362bd01
2026-03-28 20:01:15|qwen|web_search_no_think|1|JSON_VERIFY_FAILED||705|b0d80145-0874-40c5-b9ed-fc246e833431
2026-03-28 20:01:15|qwen|web_search_no_think|1|QUESTION|36|705|b0d80145-0874-40c5-b9ed-fc246e833431
2026-03-28 20:01:18|qwen|web_search_no_think|2|QUESTION_SENT||772|abd9c504-de07-4574-ade5-b7102fbef379
2026-03-28 20:01:28|qwen|web_search_no_think|4|QUESTION_SENT||911|ddd6637c-94c0-462d-a8d3-e623186dd0d2
2026-03-28 20:01:29|qwen|web_search_no_think|3|JSON_VERIFIED||838|51d3fb26-1aac-49a5-9319-951a98ef488f
2026-03-28 20:01:29|qwen|web_search_no_think|3|QUESTION|30|838|51d3fb26-1aac-49a5-9319-951a98ef488f
2026-03-28 20:01:29|qwen|web_search_no_think|3|JSON_SAVED||838|51d3fb26-1aac-49a5-9319-951a98ef488f
2026-03-28 20:01:29|qwen|web_search_no_think|3|QUESTION_ADVANCE||839|1e6aa492-3bd6-4dcc-be71-26a94c4bcd42
2026-03-28 20:01:32|qwen|web_search_no_think|0|JSON_VERIFIED||627|219bcb85-d38a-4b7a-aa9a-6bf3230b54be
2026-03-28 20:01:32|qwen|web_search_no_think|0|QUESTION|31|627|219bcb85-d38a-4b7a-aa9a-6bf3230b54be
2026-03-28 20:01:32|qwen|web_search_no_think|0|JSON_SAVED||627|219bcb85-d38a-4b7a-aa9a-6bf3230b54be
2026-03-28 20:01:32|qwen|web_search_no_think|0|QUESTION_ADVANCE||628|4e3e2b7f-b080-42a3-a004-0874b8ba5543
2026-03-28 20:01:42|qwen|web_search_no_think|1|QUESTION_SENT||705|b0d80145-0874-40c5-b9ed-fc246e833431
2026-03-28 20:01:55|qwen|web_search_no_think|3|QUESTION_SENT||839|1e6aa492-3bd6-4dcc-be71-26a94c4bcd42
2026-03-28 20:01:59|qwen|web_search_no_think|0|QUESTION_SENT||628|4e3e2b7f-b080-42a3-a004-0874b8ba5543
2026-03-28 20:02:02|qwen|web_search_no_think|4|JSON_VERIFY_FAILED||911|ddd6637c-94c0-462d-a8d3-e623186dd0d2
2026-03-28 20:02:02|qwen|web_search_no_think|4|QUESTION|33|911|ddd6637c-94c0-462d-a8d3-e623186dd0d2
2026-03-28 20:02:20|qwen|web_search_no_think|1|JSON_VERIFY_FAILED||705|b0d80145-0874-40c5-b9ed-fc246e833431
2026-03-28 20:02:20|qwen|web_search_no_think|1|QUESTION|37|705|b0d80145-0874-40c5-b9ed-fc246e833431
2026-03-28 20:02:24|qwen|web_search_no_think|5|JSON_VERIFIED||980|be76419c-e0ff-471e-a54d-fa02e362bd01
2026-03-28 20:02:24|qwen|web_search_no_think|5|QUESTION|33|980|be76419c-e0ff-471e-a54d-fa02e362bd01
2026-03-28 20:02:24|qwen|web_search_no_think|5|JSON_SAVED||980|be76419c-e0ff-471e-a54d-fa02e362bd01
2026-03-28 20:02:24|qwen|web_search_no_think|5|QUESTION_ADVANCE||981|6f8f0bab-d5ed-4b0b-ad82-f2eaa8c82f11
2026-03-28 20:02:28|qwen|web_search_no_think|4|QUESTION_SENT||911|ddd6637c-94c0-462d-a8d3-e623186dd0d2
2026-03-28 20:02:45|qwen|web_search_no_think|3|QUESTION_SENT||839|1e6aa492-3bd6-4dcc-be71-26a94c4bcd42
2026-03-28 20:02:47|qwen|web_search_no_think|1|QUESTION_SENT||705|b0d80145-0874-40c5-b9ed-fc246e833431
2026-03-28 20:02:50|qwen|web_search_no_think|5|QUESTION_SENT||981|6f8f0bab-d5ed-4b0b-ad82-f2eaa8c82f11
2026-03-28 20:02:58|qwen|web_search_no_think|0|JSON_VERIFIED||628|4e3e2b7f-b080-42a3-a004-0874b8ba5543
2026-03-28 20:02:58|qwen|web_search_no_think|0|QUESTION|32|628|4e3e2b7f-b080-42a3-a004-0874b8ba5543
2026-03-28 20:02:58|qwen|web_search_no_think|0|JSON_SAVED||628|4e3e2b7f-b080-42a3-a004-0874b8ba5543
2026-03-28 20:02:58|qwen|web_search_no_think|0|QUESTION_ADVANCE||629|4355cbe0-25a3-43f4-aa60-8cb9631c2dae
2026-03-28 20:03:04|qwen|web_search_no_think|2|JSON_VERIFIED||772|abd9c504-de07-4574-ade5-b7102fbef379
2026-03-28 20:03:04|qwen|web_search_no_think|2|QUESTION|33|772|abd9c504-de07-4574-ade5-b7102fbef379
2026-03-28 20:03:04|qwen|web_search_no_think|2|JSON_SAVED||772|abd9c504-de07-4574-ade5-b7102fbef379
2026-03-28 20:03:04|qwen|web_search_no_think|2|QUESTION_ADVANCE||773|55e5ece0-3d0e-4665-b5d7-2842c6b61567
2026-03-28 20:03:25|qwen|web_search_no_think|0|QUESTION_SENT||629|4355cbe0-25a3-43f4-aa60-8cb9631c2dae
2026-03-28 20:03:30|qwen|web_search_no_think|2|QUESTION_SENT||773|55e5ece0-3d0e-4665-b5d7-2842c6b61567
2026-03-28 20:03:47|qwen|web_search_no_think|3|JSON_VERIFIED||839|1e6aa492-3bd6-4dcc-be71-26a94c4bcd42
2026-03-28 20:03:47|qwen|web_search_no_think|3|QUESTION|31|839|1e6aa492-3bd6-4dcc-be71-26a94c4bcd42
2026-03-28 20:03:47|qwen|web_search_no_think|3|JSON_SAVED||839|1e6aa492-3bd6-4dcc-be71-26a94c4bcd42
2026-03-28 20:03:47|qwen|web_search_no_think|3|QUESTION_ADVANCE||840|59a7af20-4259-4e88-aced-1b6c46bc1e97
2026-03-28 20:03:57|qwen|web_search_no_think|5|JSON_VERIFY_FAILED||981|6f8f0bab-d5ed-4b0b-ad82-f2eaa8c82f11
2026-03-28 20:03:57|qwen|web_search_no_think|5|QUESTION|34|981|6f8f0bab-d5ed-4b0b-ad82-f2eaa8c82f11
2026-03-28 20:04:03|qwen|web_search_no_think|4|JSON_VERIFIED||911|ddd6637c-94c0-462d-a8d3-e623186dd0d2
2026-03-28 20:04:03|qwen|web_search_no_think|4|QUESTION|34|911|ddd6637c-94c0-462d-a8d3-e623186dd0d2
2026-03-28 20:04:03|qwen|web_search_no_think|4|JSON_SAVED||911|ddd6637c-94c0-462d-a8d3-e623186dd0d2
2026-03-28 20:04:03|qwen|web_search_no_think|4|QUESTION_ADVANCE||912|c7b8a7ba-9930-430b-8eab-4123959227c3
2026-03-28 20:04:13|qwen|web_search_no_think|3|QUESTION_SENT||840|59a7af20-4259-4e88-aced-1b6c46bc1e97
2026-03-28 20:04:23|qwen|web_search_no_think|5|QUESTION_SENT||981|6f8f0bab-d5ed-4b0b-ad82-f2eaa8c82f11
2026-03-28 20:04:23|qwen|web_search_no_think|1|JSON_VERIFIED||705|b0d80145-0874-40c5-b9ed-fc246e833431
2026-03-28 20:04:23|qwen|web_search_no_think|1|QUESTION|38|705|b0d80145-0874-40c5-b9ed-fc246e833431
2026-03-28 20:04:23|qwen|web_search_no_think|1|JSON_SAVED||705|b0d80145-0874-40c5-b9ed-fc246e833431
2026-03-28 20:04:23|qwen|web_search_no_think|1|QUESTION_ADVANCE||706|423ed475-ffdb-46fd-b4aa-1f3e37fc9ced
2026-03-28 20:04:30|qwen|web_search_no_think|4|QUESTION_SENT||912|c7b8a7ba-9930-430b-8eab-4123959227c3
2026-03-28 20:04:40|qwen|web_search_no_think|2|JSON_VERIFIED||773|55e5ece0-3d0e-4665-b5d7-2842c6b61567
2026-03-28 20:04:40|qwen|web_search_no_think|2|QUESTION|34|773|55e5ece0-3d0e-4665-b5d7-2842c6b61567
2026-03-28 20:04:40|qwen|web_search_no_think|2|JSON_SAVED||773|55e5ece0-3d0e-4665-b5d7-2842c6b61567
2026-03-28 20:04:40|qwen|web_search_no_think|2|QUESTION_ADVANCE||774|be4201e9-d359-42ed-88a7-9671bfe14ded
2026-03-28 20:04:50|qwen|web_search_no_think|1|QUESTION_SENT||706|423ed475-ffdb-46fd-b4aa-1f3e37fc9ced
2026-03-28 20:05:04|qwen|web_search_no_think|0|JSON_VERIFIED||629|4355cbe0-25a3-43f4-aa60-8cb9631c2dae
2026-03-28 20:05:04|qwen|web_search_no_think|0|QUESTION|33|629|4355cbe0-25a3-43f4-aa60-8cb9631c2dae
2026-03-28 20:05:04|qwen|web_search_no_think|0|JSON_SAVED||629|4355cbe0-25a3-43f4-aa60-8cb9631c2dae
2026-03-28 20:05:04|qwen|web_search_no_think|0|QUESTION_ADVANCE||630|faf980dd-6e44-478b-b4b0-ae7b2338772d
2026-03-28 20:05:06|qwen|web_search_no_think|2|QUESTION_SENT||774|be4201e9-d359-42ed-88a7-9671bfe14ded
2026-03-28 20:05:21|qwen|web_search_no_think|3|JSON_VERIFIED||840|59a7af20-4259-4e88-aced-1b6c46bc1e97
2026-03-28 20:05:21|qwen|web_search_no_think|3|QUESTION|32|840|59a7af20-4259-4e88-aced-1b6c46bc1e97
2026-03-28 20:05:21|qwen|web_search_no_think|3|JSON_SAVED||840|59a7af20-4259-4e88-aced-1b6c46bc1e97
2026-03-28 20:05:21|qwen|web_search_no_think|3|QUESTION_ADVANCE||841|649b932e-7ed5-4c1a-9407-fe500a5c8517
2026-03-28 20:05:30|qwen|web_search_no_think|0|QUESTION_SENT||630|faf980dd-6e44-478b-b4b0-ae7b2338772d
2026-03-28 20:05:34|qwen|web_search_no_think|5|JSON_VERIFIED||981|6f8f0bab-d5ed-4b0b-ad82-f2eaa8c82f11
2026-03-28 20:05:34|qwen|web_search_no_think|5|QUESTION|35|981|6f8f0bab-d5ed-4b0b-ad82-f2eaa8c82f11
2026-03-28 20:05:34|qwen|web_search_no_think|5|JSON_SAVED||981|6f8f0bab-d5ed-4b0b-ad82-f2eaa8c82f11
2026-03-28 20:05:34|qwen|web_search_no_think|5|QUESTION_ADVANCE||982|ef975c59-9c2c-4cc1-b8f0-4516c389d2fa
2026-03-28 20:05:48|qwen|web_search_no_think|3|QUESTION_SENT||841|649b932e-7ed5-4c1a-9407-fe500a5c8517
2026-03-28 20:05:59|qwen|web_search_no_think|1|JSON_VERIFIED||706|423ed475-ffdb-46fd-b4aa-1f3e37fc9ced
2026-03-28 20:05:59|qwen|web_search_no_think|1|QUESTION|39|706|423ed475-ffdb-46fd-b4aa-1f3e37fc9ced
2026-03-28 20:05:59|qwen|web_search_no_think|1|JSON_SAVED||706|423ed475-ffdb-46fd-b4aa-1f3e37fc9ced
2026-03-28 20:05:59|qwen|web_search_no_think|1|QUESTION_ADVANCE||707|87570d42-b3cb-4bb3-ba64-5d3f8d0c04c4
2026-03-28 20:06:01|qwen|web_search_no_think|5|QUESTION_SENT||982|ef975c59-9c2c-4cc1-b8f0-4516c389d2fa
2026-03-28 20:06:04|qwen|web_search_no_think|4|JSON_VERIFIED||912|c7b8a7ba-9930-430b-8eab-4123959227c3
2026-03-28 20:06:04|qwen|web_search_no_think|4|QUESTION|35|912|c7b8a7ba-9930-430b-8eab-4123959227c3
2026-03-28 20:06:04|qwen|web_search_no_think|4|JSON_SAVED||912|c7b8a7ba-9930-430b-8eab-4123959227c3
2026-03-28 20:06:04|qwen|web_search_no_think|4|QUESTION_ADVANCE||913|f6fd258b-4634-41a2-b84e-47c888d23589
2026-03-28 20:06:16|qwen|web_search_no_think|2|JSON_VERIFIED||774|be4201e9-d359-42ed-88a7-9671bfe14ded
2026-03-28 20:06:16|qwen|web_search_no_think|2|QUESTION|35|774|be4201e9-d359-42ed-88a7-9671bfe14ded
2026-03-28 20:06:16|qwen|web_search_no_think|2|JSON_SAVED||774|be4201e9-d359-42ed-88a7-9671bfe14ded
2026-03-28 20:06:16|qwen|web_search_no_think|2|QUESTION_ADVANCE||775|afc56f2a-19f6-492e-97a3-d265897ee11a
2026-03-28 20:06:26|qwen|web_search_no_think|1|QUESTION_SENT||707|87570d42-b3cb-4bb3-ba64-5d3f8d0c04c4
2026-03-28 20:06:26|qwen|web_search_no_think|0|JSON_VERIFY_FAILED||630|faf980dd-6e44-478b-b4b0-ae7b2338772d
2026-03-28 20:06:26|qwen|web_search_no_think|0|QUESTION|34|630|faf980dd-6e44-478b-b4b0-ae7b2338772d
2026-03-28 20:06:30|qwen|web_search_no_think|4|QUESTION_SENT||913|f6fd258b-4634-41a2-b84e-47c888d23589
2026-03-28 20:06:42|qwen|web_search_no_think|2|QUESTION_SENT||775|afc56f2a-19f6-492e-97a3-d265897ee11a
2026-03-28 20:06:52|qwen|web_search_no_think|5|QUESTION_SENT||982|ef975c59-9c2c-4cc1-b8f0-4516c389d2fa
2026-03-28 20:06:52|qwen|web_search_no_think|0|QUESTION_SENT||630|faf980dd-6e44-478b-b4b0-ae7b2338772d
2026-03-28 20:06:57|qwen|web_search_no_think|3|JSON_VERIFIED||841|649b932e-7ed5-4c1a-9407-fe500a5c8517
2026-03-28 20:06:57|qwen|web_search_no_think|3|QUESTION|33|841|649b932e-7ed5-4c1a-9407-fe500a5c8517
2026-03-28 20:06:57|qwen|web_search_no_think|3|JSON_SAVED||841|649b932e-7ed5-4c1a-9407-fe500a5c8517
2026-03-28 20:06:57|qwen|web_search_no_think|3|QUESTION_ADVANCE||842|b8cf8b48-54b7-498b-a4f4-7bf3bbef059d
2026-03-28 20:07:24|qwen|web_search_no_think|3|QUESTION_SENT||842|b8cf8b48-54b7-498b-a4f4-7bf3bbef059d
2026-03-28 20:07:48|qwen|web_search_no_think|4|JSON_VERIFIED||913|f6fd258b-4634-41a2-b84e-47c888d23589
2026-03-28 20:07:48|qwen|web_search_no_think|4|QUESTION|36|913|f6fd258b-4634-41a2-b84e-47c888d23589
2026-03-28 20:07:48|qwen|web_search_no_think|4|JSON_SAVED||913|f6fd258b-4634-41a2-b84e-47c888d23589
2026-03-28 20:07:48|qwen|web_search_no_think|4|QUESTION_ADVANCE||914|623672ca-e7e5-4ae2-acb6-feca67f48bbb
2026-03-28 20:08:10|qwen|web_search_no_think|2|JSON_VERIFIED||775|afc56f2a-19f6-492e-97a3-d265897ee11a
2026-03-28 20:08:10|qwen|web_search_no_think|2|QUESTION|36|775|afc56f2a-19f6-492e-97a3-d265897ee11a
2026-03-28 20:08:10|qwen|web_search_no_think|2|JSON_SAVED||775|afc56f2a-19f6-492e-97a3-d265897ee11a
2026-03-28 20:08:10|qwen|web_search_no_think|2|QUESTION_ADVANCE||776|64eb4cc2-5f92-489b-98fd-7d4688d45144
2026-03-28 20:08:14|qwen|web_search_no_think|4|QUESTION_SENT||914|623672ca-e7e5-4ae2-acb6-feca67f48bbb
2026-03-28 20:08:25|qwen|web_search_no_think|5|JSON_VERIFIED||982|ef975c59-9c2c-4cc1-b8f0-4516c389d2fa
2026-03-28 20:08:25|qwen|web_search_no_think|5|QUESTION|36|982|ef975c59-9c2c-4cc1-b8f0-4516c389d2fa
2026-03-28 20:08:25|qwen|web_search_no_think|5|JSON_SAVED||982|ef975c59-9c2c-4cc1-b8f0-4516c389d2fa
2026-03-28 20:08:25|qwen|web_search_no_think|5|QUESTION_ADVANCE||983|912c8a75-ac26-422d-a69b-b6dfbed1035b
2026-03-28 20:08:26|qwen|web_search_no_think|3|JSON_VERIFIED||842|b8cf8b48-54b7-498b-a4f4-7bf3bbef059d
2026-03-28 20:08:26|qwen|web_search_no_think|3|QUESTION|34|842|b8cf8b48-54b7-498b-a4f4-7bf3bbef059d
2026-03-28 20:08:26|qwen|web_search_no_think|3|JSON_SAVED||842|b8cf8b48-54b7-498b-a4f4-7bf3bbef059d
2026-03-28 20:08:26|qwen|web_search_no_think|3|QUESTION_ADVANCE||843|cc95f30d-2b7b-433e-804e-167e1f252ef9
2026-03-28 20:08:37|qwen|web_search_no_think|2|QUESTION_SENT||776|64eb4cc2-5f92-489b-98fd-7d4688d45144
2026-03-28 20:08:40|qwen|web_search_no_think|0|JSON_VERIFIED||630|faf980dd-6e44-478b-b4b0-ae7b2338772d
2026-03-28 20:08:40|qwen|web_search_no_think|0|QUESTION|35|630|faf980dd-6e44-478b-b4b0-ae7b2338772d
2026-03-28 20:08:40|qwen|web_search_no_think|0|JSON_SAVED||630|faf980dd-6e44-478b-b4b0-ae7b2338772d
2026-03-28 20:08:40|qwen|web_search_no_think|0|QUESTION_ADVANCE||631|22a94b3c-797b-4de1-964b-313bb25aaf3a
2026-03-28 20:08:51|qwen|web_search_no_think|5|QUESTION_SENT||983|912c8a75-ac26-422d-a69b-b6dfbed1035b
2026-03-28 20:08:52|qwen|web_search_no_think|3|QUESTION_SENT||843|cc95f30d-2b7b-433e-804e-167e1f252ef9
2026-03-28 20:09:07|qwen|web_search_no_think|0|QUESTION_SENT||631|22a94b3c-797b-4de1-964b-313bb25aaf3a
2026-03-28 20:09:13|qwen|web_search_no_think|4|JSON_VERIFIED||914|623672ca-e7e5-4ae2-acb6-feca67f48bbb
2026-03-28 20:09:13|qwen|web_search_no_think|4|QUESTION|37|914|623672ca-e7e5-4ae2-acb6-feca67f48bbb
2026-03-28 20:09:13|qwen|web_search_no_think|4|JSON_SAVED||914|623672ca-e7e5-4ae2-acb6-feca67f48bbb
2026-03-28 20:09:13|qwen|web_search_no_think|4|QUESTION_ADVANCE||915|a4bd83d3-a057-470f-a208-3c1c03da0278
2026-03-28 20:09:39|qwen|web_search_no_think|4|QUESTION_SENT||915|a4bd83d3-a057-470f-a208-3c1c03da0278
2026-03-28 20:09:48|qwen|web_search_no_think|2|JSON_VERIFIED||776|64eb4cc2-5f92-489b-98fd-7d4688d45144
2026-03-28 20:09:48|qwen|web_search_no_think|2|QUESTION|37|776|64eb4cc2-5f92-489b-98fd-7d4688d45144
2026-03-28 20:09:48|qwen|web_search_no_think|2|JSON_SAVED||776|64eb4cc2-5f92-489b-98fd-7d4688d45144
2026-03-28 20:09:48|qwen|web_search_no_think|2|QUESTION_ADVANCE||777|eb0bb80f-0c81-4279-8a8a-f749e0f98e0c
2026-03-28 20:10:02|qwen|web_search_no_think|0|JSON_VERIFIED||631|22a94b3c-797b-4de1-964b-313bb25aaf3a
2026-03-28 20:10:02|qwen|web_search_no_think|0|QUESTION|36|631|22a94b3c-797b-4de1-964b-313bb25aaf3a
2026-03-28 20:10:02|qwen|web_search_no_think|0|JSON_SAVED||631|22a94b3c-797b-4de1-964b-313bb25aaf3a
2026-03-28 20:10:02|qwen|web_search_no_think|0|QUESTION_ADVANCE||632|90cff290-3a8c-4a2c-9a0a-cdc534b63358
2026-03-28 20:10:12|qwen|web_search_no_think|5|JSON_VERIFIED||983|912c8a75-ac26-422d-a69b-b6dfbed1035b
2026-03-28 20:10:12|qwen|web_search_no_think|5|QUESTION|37|983|912c8a75-ac26-422d-a69b-b6dfbed1035b
2026-03-28 20:10:12|qwen|web_search_no_think|5|JSON_SAVED||983|912c8a75-ac26-422d-a69b-b6dfbed1035b
2026-03-28 20:10:12|qwen|web_search_no_think|5|QUESTION_ADVANCE||984|12ca4d1a-d5aa-4e71-986b-b09b51be2f25
2026-03-28 20:10:14|qwen|web_search_no_think|3|JSON_VERIFIED||843|cc95f30d-2b7b-433e-804e-167e1f252ef9
2026-03-28 20:10:14|qwen|web_search_no_think|3|QUESTION|35|843|cc95f30d-2b7b-433e-804e-167e1f252ef9
2026-03-28 20:10:14|qwen|web_search_no_think|3|JSON_SAVED||843|cc95f30d-2b7b-433e-804e-167e1f252ef9
2026-03-28 20:10:14|qwen|web_search_no_think|3|QUESTION_ADVANCE||844|3a5891cf-57e8-4480-8ffb-130a9b45a31e
2026-03-28 20:10:14|qwen|web_search_no_think|2|QUESTION_SENT||777|eb0bb80f-0c81-4279-8a8a-f749e0f98e0c
2026-03-28 20:10:29|qwen|web_search_no_think|0|QUESTION_SENT||632|90cff290-3a8c-4a2c-9a0a-cdc534b63358
2026-03-28 20:10:39|qwen|web_search_no_think|5|QUESTION_SENT||984|12ca4d1a-d5aa-4e71-986b-b09b51be2f25
2026-03-28 20:10:40|qwen|web_search_no_think|3|QUESTION_SENT||844|3a5891cf-57e8-4480-8ffb-130a9b45a31e
2026-03-28 20:11:00|qwen|web_search_no_think|4|JSON_VERIFIED||915|a4bd83d3-a057-470f-a208-3c1c03da0278
2026-03-28 20:11:00|qwen|web_search_no_think|4|QUESTION|38|915|a4bd83d3-a057-470f-a208-3c1c03da0278
2026-03-28 20:11:00|qwen|web_search_no_think|4|JSON_SAVED||915|a4bd83d3-a057-470f-a208-3c1c03da0278
2026-03-28 20:11:00|qwen|web_search_no_think|4|QUESTION_ADVANCE||916|816ebdc8-49ca-49c6-b87c-7cb62f09cf39
2026-03-28 20:11:27|qwen|web_search_no_think|4|QUESTION_SENT||916|816ebdc8-49ca-49c6-b87c-7cb62f09cf39
2026-03-28 20:11:39|qwen|web_search_no_think|2|JSON_VERIFIED||777|eb0bb80f-0c81-4279-8a8a-f749e0f98e0c
2026-03-28 20:11:39|qwen|web_search_no_think|2|QUESTION|38|777|eb0bb80f-0c81-4279-8a8a-f749e0f98e0c
2026-03-28 20:11:39|qwen|web_search_no_think|2|JSON_SAVED||777|eb0bb80f-0c81-4279-8a8a-f749e0f98e0c
2026-03-28 20:11:39|qwen|web_search_no_think|2|QUESTION_ADVANCE||778|a955ab46-cd41-42cb-baca-d23ece2f7ccb
2026-03-28 20:11:51|qwen|web_search_no_think|0|JSON_VERIFIED||632|90cff290-3a8c-4a2c-9a0a-cdc534b63358
2026-03-28 20:11:51|qwen|web_search_no_think|0|QUESTION|37|632|90cff290-3a8c-4a2c-9a0a-cdc534b63358
2026-03-28 20:11:51|qwen|web_search_no_think|0|JSON_SAVED||632|90cff290-3a8c-4a2c-9a0a-cdc534b63358
2026-03-28 20:11:51|qwen|web_search_no_think|0|QUESTION_ADVANCE||633|5011834f-39f9-4fda-a933-a04987d49803
2026-03-28 20:12:06|qwen|web_search_no_think|2|QUESTION_SENT||778|a955ab46-cd41-42cb-baca-d23ece2f7ccb
2026-03-28 20:12:12|qwen|web_search_no_think|5|JSON_VERIFIED||984|12ca4d1a-d5aa-4e71-986b-b09b51be2f25
2026-03-28 20:12:12|qwen|web_search_no_think|5|QUESTION|38|984|12ca4d1a-d5aa-4e71-986b-b09b51be2f25
2026-03-28 20:12:12|qwen|web_search_no_think|5|JSON_SAVED||984|12ca4d1a-d5aa-4e71-986b-b09b51be2f25
2026-03-28 20:12:12|qwen|web_search_no_think|5|QUESTION_ADVANCE||985|adda13a7-ad98-480a-93d3-84ac0d8b0b7e
2026-03-28 20:12:15|qwen|web_search_no_think|3|JSON_VERIFIED||844|3a5891cf-57e8-4480-8ffb-130a9b45a31e
2026-03-28 20:12:15|qwen|web_search_no_think|3|QUESTION|36|844|3a5891cf-57e8-4480-8ffb-130a9b45a31e
2026-03-28 20:12:15|qwen|web_search_no_think|3|JSON_SAVED||844|3a5891cf-57e8-4480-8ffb-130a9b45a31e
2026-03-28 20:12:15|qwen|web_search_no_think|3|QUESTION_ADVANCE||845|2d4839ad-e643-4a91-8684-5063014b553b
2026-03-28 20:12:17|qwen|web_search_no_think|0|QUESTION_SENT||633|5011834f-39f9-4fda-a933-a04987d49803
2026-03-28 20:12:28|qwen|web_search_no_think|1|QUESTION_SENT||707|87570d42-b3cb-4bb3-ba64-5d3f8d0c04c4
2026-03-28 20:12:39|qwen|web_search_no_think|5|QUESTION_SENT||985|adda13a7-ad98-480a-93d3-84ac0d8b0b7e
2026-03-28 20:12:42|qwen|web_search_no_think|3|QUESTION_SENT||845|2d4839ad-e643-4a91-8684-5063014b553b
2026-03-28 20:12:45|qwen|web_search_no_think|4|JSON_VERIFIED||916|816ebdc8-49ca-49c6-b87c-7cb62f09cf39
2026-03-28 20:12:45|qwen|web_search_no_think|4|QUESTION|39|916|816ebdc8-49ca-49c6-b87c-7cb62f09cf39
2026-03-28 20:12:45|qwen|web_search_no_think|4|JSON_SAVED||916|816ebdc8-49ca-49c6-b87c-7cb62f09cf39
2026-03-28 20:12:45|qwen|web_search_no_think|4|QUESTION_ADVANCE||917|d6655160-dfae-4dd0-9485-5d169beaeb9a
2026-03-28 20:13:11|qwen|web_search_no_think|4|QUESTION_SENT||917|d6655160-dfae-4dd0-9485-5d169beaeb9a
2026-03-28 20:13:34|qwen|web_search_no_think|2|JSON_VERIFIED||778|a955ab46-cd41-42cb-baca-d23ece2f7ccb
2026-03-28 20:13:34|qwen|web_search_no_think|2|QUESTION|39|778|a955ab46-cd41-42cb-baca-d23ece2f7ccb
2026-03-28 20:13:34|qwen|web_search_no_think|2|JSON_SAVED||778|a955ab46-cd41-42cb-baca-d23ece2f7ccb
2026-03-28 20:13:34|qwen|web_search_no_think|2|QUESTION_ADVANCE||779|925f2834-6056-4ad2-86dc-52277d0a0f69
2026-03-28 20:13:44|qwen|web_search_no_think|0|JSON_VERIFIED||633|5011834f-39f9-4fda-a933-a04987d49803
2026-03-28 20:13:44|qwen|web_search_no_think|0|QUESTION|38|633|5011834f-39f9-4fda-a933-a04987d49803
2026-03-28 20:13:44|qwen|web_search_no_think|0|JSON_SAVED||633|5011834f-39f9-4fda-a933-a04987d49803
2026-03-28 20:13:44|qwen|web_search_no_think|0|QUESTION_ADVANCE||634|085431a8-80c1-4424-993f-66341a588e2c
2026-03-28 20:13:53|qwen|web_search_no_think|5|JSON_VERIFIED||985|adda13a7-ad98-480a-93d3-84ac0d8b0b7e
2026-03-28 20:13:53|qwen|web_search_no_think|5|QUESTION|39|985|adda13a7-ad98-480a-93d3-84ac0d8b0b7e
2026-03-28 20:13:53|qwen|web_search_no_think|5|JSON_SAVED||985|adda13a7-ad98-480a-93d3-84ac0d8b0b7e
2026-03-28 20:13:53|qwen|web_search_no_think|5|QUESTION_ADVANCE||986|6a76e673-e1f6-4307-bacb-f0422f72a315
2026-03-28 20:14:00|qwen|web_search_no_think|2|QUESTION_SENT||779|925f2834-6056-4ad2-86dc-52277d0a0f69
2026-03-28 20:14:02|qwen|web_search_no_think|1|JSON_VERIFIED||707|87570d42-b3cb-4bb3-ba64-5d3f8d0c04c4
2026-03-28 20:14:02|qwen|web_search_no_think|1|QUESTION|40|707|87570d42-b3cb-4bb3-ba64-5d3f8d0c04c4
2026-03-28 20:14:02|qwen|web_search_no_think|1|JSON_SAVED||707|87570d42-b3cb-4bb3-ba64-5d3f8d0c04c4
2026-03-28 20:14:02|qwen|web_search_no_think|1|QUESTION_ADVANCE||708|27641403-b0ba-4542-97a9-5e35b677b8a2
2026-03-28 20:14:05|qwen|web_search_no_think|3|JSON_VERIFIED||845|2d4839ad-e643-4a91-8684-5063014b553b
2026-03-28 20:14:05|qwen|web_search_no_think|3|QUESTION|37|845|2d4839ad-e643-4a91-8684-5063014b553b
2026-03-28 20:14:05|qwen|web_search_no_think|3|JSON_SAVED||845|2d4839ad-e643-4a91-8684-5063014b553b
2026-03-28 20:14:05|qwen|web_search_no_think|3|QUESTION_ADVANCE||846|e0c91233-fb3d-4df3-9324-672c11f0228b
2026-03-28 20:14:10|qwen|web_search_no_think|0|QUESTION_SENT||634|085431a8-80c1-4424-993f-66341a588e2c
2026-03-28 20:14:19|qwen|web_search_no_think|5|QUESTION_SENT||986|6a76e673-e1f6-4307-bacb-f0422f72a315
2026-03-28 20:14:28|qwen|web_search_no_think|1|QUESTION_SENT||708|27641403-b0ba-4542-97a9-5e35b677b8a2
2026-03-28 20:14:32|qwen|web_search_no_think|3|QUESTION_SENT||846|e0c91233-fb3d-4df3-9324-672c11f0228b
2026-03-28 20:14:44|qwen|web_search_no_think|4|JSON_VERIFIED||917|d6655160-dfae-4dd0-9485-5d169beaeb9a
2026-03-28 20:14:44|qwen|web_search_no_think|4|QUESTION|40|917|d6655160-dfae-4dd0-9485-5d169beaeb9a
2026-03-28 20:14:44|qwen|web_search_no_think|4|JSON_SAVED||917|d6655160-dfae-4dd0-9485-5d169beaeb9a
2026-03-28 20:14:44|qwen|web_search_no_think|4|QUESTION_ADVANCE||918|212b171d-6494-4762-9955-27aa8c3b342f
2026-03-28 20:14:51|qwen|web_search_no_think|2|QUESTION_SENT||779|925f2834-6056-4ad2-86dc-52277d0a0f69
2026-03-28 20:15:10|qwen|web_search_no_think|4|QUESTION_SENT||918|212b171d-6494-4762-9955-27aa8c3b342f
2026-03-28 20:15:26|qwen|web_search_no_think|0|JSON_VERIFIED||634|085431a8-80c1-4424-993f-66341a588e2c
2026-03-28 20:15:26|qwen|web_search_no_think|0|QUESTION|39|634|085431a8-80c1-4424-993f-66341a588e2c
2026-03-28 20:15:26|qwen|web_search_no_think|0|JSON_SAVED||634|085431a8-80c1-4424-993f-66341a588e2c
2026-03-28 20:15:26|qwen|web_search_no_think|0|QUESTION_ADVANCE||635|e7a7b357-2e67-4c8d-8916-90e821e9705f
2026-03-28 20:15:41|qwen|web_search_no_think|5|QUESTION_SENT||986|6a76e673-e1f6-4307-bacb-f0422f72a315
2026-03-28 20:15:41|qwen|web_search_no_think|3|JSON_VERIFIED||846|e0c91233-fb3d-4df3-9324-672c11f0228b
2026-03-28 20:15:41|qwen|web_search_no_think|3|QUESTION|38|846|e0c91233-fb3d-4df3-9324-672c11f0228b
2026-03-28 20:15:41|qwen|web_search_no_think|3|JSON_SAVED||846|e0c91233-fb3d-4df3-9324-672c11f0228b
2026-03-28 20:15:41|qwen|web_search_no_think|3|QUESTION_ADVANCE||847|d762c356-0f2c-491c-8b83-611c3a06663a
2026-03-28 20:15:52|qwen|web_search_no_think|1|JSON_VERIFIED||708|27641403-b0ba-4542-97a9-5e35b677b8a2
2026-03-28 20:15:52|qwen|web_search_no_think|1|QUESTION|41|708|27641403-b0ba-4542-97a9-5e35b677b8a2
2026-03-28 20:15:52|qwen|web_search_no_think|1|JSON_SAVED||708|27641403-b0ba-4542-97a9-5e35b677b8a2
2026-03-28 20:15:52|qwen|web_search_no_think|1|QUESTION_ADVANCE||709|f49e5c1b-b558-42c2-82c4-8775593a777e
2026-03-28 20:15:52|qwen|web_search_no_think|0|QUESTION_SENT||635|e7a7b357-2e67-4c8d-8916-90e821e9705f
2026-03-28 20:16:03|qwen|web_search_no_think|4|JSON_VERIFIED||918|212b171d-6494-4762-9955-27aa8c3b342f
2026-03-28 20:16:03|qwen|web_search_no_think|4|QUESTION|41|918|212b171d-6494-4762-9955-27aa8c3b342f
2026-03-28 20:16:03|qwen|web_search_no_think|4|JSON_SAVED||918|212b171d-6494-4762-9955-27aa8c3b342f
2026-03-28 20:16:03|qwen|web_search_no_think|4|QUESTION_ADVANCE||919|07859cde-e49b-437b-b610-5a8b9d2a354e
2026-03-28 20:16:08|qwen|web_search_no_think|3|QUESTION_SENT||847|d762c356-0f2c-491c-8b83-611c3a06663a
2026-03-28 20:16:09|qwen|web_search_no_think|2|JSON_VERIFY_FAILED||779|925f2834-6056-4ad2-86dc-52277d0a0f69
2026-03-28 20:16:09|qwen|web_search_no_think|2|QUESTION|40|779|925f2834-6056-4ad2-86dc-52277d0a0f69
2026-03-28 20:16:18|qwen|web_search_no_think|1|QUESTION_SENT||709|f49e5c1b-b558-42c2-82c4-8775593a777e
2026-03-28 20:16:29|qwen|web_search_no_think|4|QUESTION_SENT||919|07859cde-e49b-437b-b610-5a8b9d2a354e
2026-03-28 20:16:35|qwen|web_search_no_think|2|QUESTION_SENT||779|925f2834-6056-4ad2-86dc-52277d0a0f69
2026-03-28 20:16:37|qwen|web_search_no_think|5|JSON_VERIFY_FAILED||986|6a76e673-e1f6-4307-bacb-f0422f72a315
2026-03-28 20:16:37|qwen|web_search_no_think|5|QUESTION|40|986|6a76e673-e1f6-4307-bacb-f0422f72a315
2026-03-28 20:17:04|qwen|web_search_no_think|5|QUESTION_SENT||986|6a76e673-e1f6-4307-bacb-f0422f72a315
2026-03-28 20:17:13|qwen|web_search_no_think|0|JSON_VERIFIED||635|e7a7b357-2e67-4c8d-8916-90e821e9705f
2026-03-28 20:17:13|qwen|web_search_no_think|0|QUESTION|40|635|e7a7b357-2e67-4c8d-8916-90e821e9705f
2026-03-28 20:17:13|qwen|web_search_no_think|0|JSON_SAVED||635|e7a7b357-2e67-4c8d-8916-90e821e9705f
2026-03-28 20:17:13|qwen|web_search_no_think|0|QUESTION_ADVANCE||636|33aa0227-9e79-4686-9ac6-1ced371b0b61
2026-03-28 20:17:15|qwen|web_search_no_think|3|JSON_VERIFIED||847|d762c356-0f2c-491c-8b83-611c3a06663a
2026-03-28 20:17:15|qwen|web_search_no_think|3|QUESTION|39|847|d762c356-0f2c-491c-8b83-611c3a06663a
2026-03-28 20:17:15|qwen|web_search_no_think|3|JSON_SAVED||847|d762c356-0f2c-491c-8b83-611c3a06663a
2026-03-28 20:17:15|qwen|web_search_no_think|3|QUESTION_ADVANCE||848|896da20a-0481-4ee4-984a-f6d1066e5c07
2026-03-28 20:17:29|qwen|web_search_no_think|2|JSON_VERIFIED||779|925f2834-6056-4ad2-86dc-52277d0a0f69
2026-03-28 20:17:29|qwen|web_search_no_think|2|QUESTION|41|779|925f2834-6056-4ad2-86dc-52277d0a0f69
2026-03-28 20:17:29|qwen|web_search_no_think|2|JSON_SAVED||779|925f2834-6056-4ad2-86dc-52277d0a0f69
2026-03-28 20:17:29|qwen|web_search_no_think|2|QUESTION_ADVANCE||780|1f1fc889-bfc7-481c-b632-907690b11be2
2026-03-28 20:17:40|qwen|web_search_no_think|0|QUESTION_SENT||636|33aa0227-9e79-4686-9ac6-1ced371b0b61
2026-03-28 20:17:41|qwen|web_search_no_think|1|JSON_VERIFY_FAILED||709|f49e5c1b-b558-42c2-82c4-8775593a777e
2026-03-28 20:17:41|qwen|web_search_no_think|1|QUESTION|42|709|f49e5c1b-b558-42c2-82c4-8775593a777e
2026-03-28 20:17:41|qwen|web_search_no_think|3|QUESTION_SENT||848|896da20a-0481-4ee4-984a-f6d1066e5c07
2026-03-28 20:17:56|qwen|web_search_no_think|2|QUESTION_SENT||780|1f1fc889-bfc7-481c-b632-907690b11be2
2026-03-28 20:18:07|qwen|web_search_no_think|1|QUESTION_SENT||709|f49e5c1b-b558-42c2-82c4-8775593a777e
2026-03-28 20:18:10|qwen|web_search_no_think|4|JSON_VERIFIED||919|07859cde-e49b-437b-b610-5a8b9d2a354e
2026-03-28 20:18:10|qwen|web_search_no_think|4|QUESTION|42|919|07859cde-e49b-437b-b610-5a8b9d2a354e
2026-03-28 20:18:10|qwen|web_search_no_think|4|JSON_SAVED||919|07859cde-e49b-437b-b610-5a8b9d2a354e
2026-03-28 20:18:10|qwen|web_search_no_think|4|QUESTION_ADVANCE||920|14fe209c-db7c-4bf6-a5ad-a40b1aa95eb6
2026-03-28 20:18:33|qwen|web_search_no_think|5|QUESTION_SENT||986|6a76e673-e1f6-4307-bacb-f0422f72a315
2026-03-28 20:18:36|qwen|web_search_no_think|4|QUESTION_SENT||920|14fe209c-db7c-4bf6-a5ad-a40b1aa95eb6
2026-03-28 20:18:52|qwen|web_search_no_think|3|JSON_VERIFIED||848|896da20a-0481-4ee4-984a-f6d1066e5c07
2026-03-28 20:18:52|qwen|web_search_no_think|3|QUESTION|40|848|896da20a-0481-4ee4-984a-f6d1066e5c07
2026-03-28 20:18:52|qwen|web_search_no_think|3|JSON_SAVED||848|896da20a-0481-4ee4-984a-f6d1066e5c07
2026-03-28 20:18:52|qwen|web_search_no_think|3|QUESTION_ADVANCE||849|93b56659-71b8-4981-947e-5954097a8f91
2026-03-28 20:19:03|qwen|web_search_no_think|1|JSON_VERIFIED||709|f49e5c1b-b558-42c2-82c4-8775593a777e
2026-03-28 20:19:03|qwen|web_search_no_think|1|QUESTION|43|709|f49e5c1b-b558-42c2-82c4-8775593a777e
2026-03-28 20:19:03|qwen|web_search_no_think|1|JSON_SAVED||709|f49e5c1b-b558-42c2-82c4-8775593a777e
2026-03-28 20:19:03|qwen|web_search_no_think|1|QUESTION_ADVANCE||710|b40ddfef-2732-4d97-85b0-a73c813c60d4
2026-03-28 20:19:04|qwen|web_search_no_think|0|JSON_VERIFIED||636|33aa0227-9e79-4686-9ac6-1ced371b0b61
2026-03-28 20:19:04|qwen|web_search_no_think|0|QUESTION|41|636|33aa0227-9e79-4686-9ac6-1ced371b0b61
2026-03-28 20:19:04|qwen|web_search_no_think|0|JSON_SAVED||636|33aa0227-9e79-4686-9ac6-1ced371b0b61
2026-03-28 20:19:04|qwen|web_search_no_think|0|QUESTION_ADVANCE||637|0f89631f-a212-46ef-9ddf-f3b4f451853c
2026-03-28 20:19:18|qwen|web_search_no_think|3|QUESTION_SENT||849|93b56659-71b8-4981-947e-5954097a8f91
2026-03-28 20:19:20|qwen|web_search_no_think|2|JSON_VERIFY_FAILED||780|1f1fc889-bfc7-481c-b632-907690b11be2
2026-03-28 20:19:20|qwen|web_search_no_think|2|QUESTION|42|780|1f1fc889-bfc7-481c-b632-907690b11be2
2026-03-28 20:19:22|qwen|web_search_no_think|4|JSON_VERIFIED||920|14fe209c-db7c-4bf6-a5ad-a40b1aa95eb6
2026-03-28 20:19:22|qwen|web_search_no_think|4|QUESTION|43|920|14fe209c-db7c-4bf6-a5ad-a40b1aa95eb6
2026-03-28 20:19:22|qwen|web_search_no_think|4|JSON_SAVED||920|14fe209c-db7c-4bf6-a5ad-a40b1aa95eb6
2026-03-28 20:19:22|qwen|web_search_no_think|4|QUESTION_ADVANCE||921|077dde8f-38e4-4377-bc34-6f7473b10367
2026-03-28 20:19:29|qwen|web_search_no_think|1|QUESTION_SENT||710|b40ddfef-2732-4d97-85b0-a73c813c60d4
2026-03-28 20:19:30|qwen|web_search_no_think|0|QUESTION_SENT||637|0f89631f-a212-46ef-9ddf-f3b4f451853c
2026-03-28 20:19:41|qwen|web_search_no_think|5|JSON_VERIFIED||986|6a76e673-e1f6-4307-bacb-f0422f72a315
2026-03-28 20:19:41|qwen|web_search_no_think|5|QUESTION|41|986|6a76e673-e1f6-4307-bacb-f0422f72a315
2026-03-28 20:19:41|qwen|web_search_no_think|5|JSON_SAVED||986|6a76e673-e1f6-4307-bacb-f0422f72a315
2026-03-28 20:19:41|qwen|web_search_no_think|5|QUESTION_ADVANCE||987|b24a3cbb-ef0d-46b2-9576-fd66d63b319f
2026-03-28 20:19:46|qwen|web_search_no_think|2|QUESTION_SENT||780|1f1fc889-bfc7-481c-b632-907690b11be2
2026-03-28 20:19:48|qwen|web_search_no_think|4|QUESTION_SENT||921|077dde8f-38e4-4377-bc34-6f7473b10367
2026-03-28 20:20:07|qwen|web_search_no_think|5|QUESTION_SENT||987|b24a3cbb-ef0d-46b2-9576-fd66d63b319f
2026-03-28 20:20:34|qwen|web_search_no_think|0|JSON_VERIFIED||637|0f89631f-a212-46ef-9ddf-f3b4f451853c
2026-03-28 20:20:34|qwen|web_search_no_think|0|QUESTION|42|637|0f89631f-a212-46ef-9ddf-f3b4f451853c
2026-03-28 20:20:34|qwen|web_search_no_think|0|JSON_SAVED||637|0f89631f-a212-46ef-9ddf-f3b4f451853c
2026-03-28 20:20:34|qwen|web_search_no_think|0|QUESTION_ADVANCE||638|f54e8a01-9c65-4835-a94d-128f4418dc70
2026-03-28 20:20:40|qwen|web_search_no_think|3|JSON_VERIFIED||849|93b56659-71b8-4981-947e-5954097a8f91
2026-03-28 20:20:40|qwen|web_search_no_think|3|QUESTION|41|849|93b56659-71b8-4981-947e-5954097a8f91
2026-03-28 20:20:40|qwen|web_search_no_think|3|JSON_SAVED||849|93b56659-71b8-4981-947e-5954097a8f91
2026-03-28 20:20:40|qwen|web_search_no_think|3|QUESTION_ADVANCE||850|0e1fa875-f752-44a3-9fb2-6dd631254d2f
2026-03-28 20:20:47|qwen|web_search_no_think|2|JSON_VERIFIED||780|1f1fc889-bfc7-481c-b632-907690b11be2
2026-03-28 20:20:47|qwen|web_search_no_think|2|QUESTION|43|780|1f1fc889-bfc7-481c-b632-907690b11be2
2026-03-28 20:20:47|qwen|web_search_no_think|2|JSON_SAVED||780|1f1fc889-bfc7-481c-b632-907690b11be2
2026-03-28 20:20:47|qwen|web_search_no_think|2|QUESTION_ADVANCE||781|b0b22aa2-31bc-48da-84b4-a3a184e0aaf7
2026-03-28 20:20:50|qwen|web_search_no_think|1|JSON_VERIFIED||710|b40ddfef-2732-4d97-85b0-a73c813c60d4
2026-03-28 20:20:50|qwen|web_search_no_think|1|QUESTION|44|710|b40ddfef-2732-4d97-85b0-a73c813c60d4
2026-03-28 20:20:50|qwen|web_search_no_think|1|JSON_SAVED||710|b40ddfef-2732-4d97-85b0-a73c813c60d4
2026-03-28 20:20:50|qwen|web_search_no_think|1|QUESTION_ADVANCE||711|2c897100-d24a-4b06-85c5-63ec0f048ad8
2026-03-28 20:20:56|qwen|web_search_no_think|4|JSON_VERIFIED||921|077dde8f-38e4-4377-bc34-6f7473b10367
2026-03-28 20:20:56|qwen|web_search_no_think|4|QUESTION|44|921|077dde8f-38e4-4377-bc34-6f7473b10367
2026-03-28 20:20:56|qwen|web_search_no_think|4|JSON_SAVED||921|077dde8f-38e4-4377-bc34-6f7473b10367
2026-03-28 20:20:56|qwen|web_search_no_think|4|QUESTION_ADVANCE||922|8f4a6b53-de42-4590-8c27-cf6d18aeb99f
2026-03-28 20:21:00|qwen|web_search_no_think|0|QUESTION_SENT||638|f54e8a01-9c65-4835-a94d-128f4418dc70
2026-03-28 20:21:03|qwen|web_search_no_think|5|JSON_VERIFIED||987|b24a3cbb-ef0d-46b2-9576-fd66d63b319f
2026-03-28 20:21:03|qwen|web_search_no_think|5|QUESTION|42|987|b24a3cbb-ef0d-46b2-9576-fd66d63b319f
2026-03-28 20:21:03|qwen|web_search_no_think|5|JSON_SAVED||987|b24a3cbb-ef0d-46b2-9576-fd66d63b319f
2026-03-28 20:21:03|qwen|web_search_no_think|5|QUESTION_ADVANCE||988|48057df5-7788-491c-be1e-b0073fcd5036
2026-03-28 20:21:06|qwen|web_search_no_think|3|QUESTION_SENT||850|0e1fa875-f752-44a3-9fb2-6dd631254d2f
2026-03-28 20:21:13|qwen|web_search_no_think|2|QUESTION_SENT||781|b0b22aa2-31bc-48da-84b4-a3a184e0aaf7
2026-03-28 20:21:16|qwen|web_search_no_think|1|QUESTION_SENT||711|2c897100-d24a-4b06-85c5-63ec0f048ad8
2026-03-28 20:21:23|qwen|web_search_no_think|4|QUESTION_SENT||922|8f4a6b53-de42-4590-8c27-cf6d18aeb99f
2026-03-28 20:21:29|qwen|web_search_no_think|5|QUESTION_SENT||988|48057df5-7788-491c-be1e-b0073fcd5036
2026-03-28 20:21:53|qwen|web_search_no_think|0|QUESTION_SENT||638|f54e8a01-9c65-4835-a94d-128f4418dc70
2026-03-28 20:22:23|qwen|web_search_no_think|3|JSON_VERIFIED||850|0e1fa875-f752-44a3-9fb2-6dd631254d2f
2026-03-28 20:22:23|qwen|web_search_no_think|3|QUESTION|42|850|0e1fa875-f752-44a3-9fb2-6dd631254d2f
2026-03-28 20:22:23|qwen|web_search_no_think|3|JSON_SAVED||850|0e1fa875-f752-44a3-9fb2-6dd631254d2f
2026-03-28 20:22:23|qwen|web_search_no_think|3|QUESTION_ADVANCE||851|6b66976d-9677-4000-ad4d-a0363806da3b
2026-03-28 20:22:26|qwen|web_search_no_think|2|JSON_VERIFIED||781|b0b22aa2-31bc-48da-84b4-a3a184e0aaf7
2026-03-28 20:22:26|qwen|web_search_no_think|2|QUESTION|44|781|b0b22aa2-31bc-48da-84b4-a3a184e0aaf7
2026-03-28 20:22:26|qwen|web_search_no_think|2|JSON_SAVED||781|b0b22aa2-31bc-48da-84b4-a3a184e0aaf7
2026-03-28 20:22:26|qwen|web_search_no_think|2|QUESTION_ADVANCE||782|be2db88b-dda5-4a6f-8aa3-e24e2d8f9af2
2026-03-28 20:22:33|qwen|web_search_no_think|1|JSON_VERIFIED||711|2c897100-d24a-4b06-85c5-63ec0f048ad8
2026-03-28 20:22:33|qwen|web_search_no_think|1|QUESTION|45|711|2c897100-d24a-4b06-85c5-63ec0f048ad8
2026-03-28 20:22:33|qwen|web_search_no_think|1|JSON_SAVED||711|2c897100-d24a-4b06-85c5-63ec0f048ad8
2026-03-28 20:22:33|qwen|web_search_no_think|1|QUESTION_ADVANCE||712|687a959c-cd5b-4140-9785-66c7b2b2d5c1
2026-03-28 20:22:42|qwen|web_search_no_think|4|JSON_VERIFIED||922|8f4a6b53-de42-4590-8c27-cf6d18aeb99f
2026-03-28 20:22:42|qwen|web_search_no_think|4|QUESTION|45|922|8f4a6b53-de42-4590-8c27-cf6d18aeb99f
2026-03-28 20:22:42|qwen|web_search_no_think|4|JSON_SAVED||922|8f4a6b53-de42-4590-8c27-cf6d18aeb99f
2026-03-28 20:22:42|qwen|web_search_no_think|4|QUESTION_ADVANCE||923|7a5b0b28-3195-4899-a652-854a12100a86
2026-03-28 20:22:46|qwen|web_search_no_think|5|JSON_VERIFIED||988|48057df5-7788-491c-be1e-b0073fcd5036
2026-03-28 20:22:46|qwen|web_search_no_think|5|QUESTION|43|988|48057df5-7788-491c-be1e-b0073fcd5036
2026-03-28 20:22:46|qwen|web_search_no_think|5|JSON_SAVED||988|48057df5-7788-491c-be1e-b0073fcd5036
2026-03-28 20:22:46|qwen|web_search_no_think|5|QUESTION_ADVANCE||989|ffd9af4c-6575-4c3f-b98b-4c0a2ed1cc86
2026-03-28 20:22:49|qwen|web_search_no_think|3|QUESTION_SENT||851|6b66976d-9677-4000-ad4d-a0363806da3b
2026-03-28 20:22:52|qwen|web_search_no_think|2|QUESTION_SENT||782|be2db88b-dda5-4a6f-8aa3-e24e2d8f9af2
2026-03-28 20:23:00|qwen|web_search_no_think|1|QUESTION_SENT||712|687a959c-cd5b-4140-9785-66c7b2b2d5c1
2026-03-28 20:23:09|qwen|web_search_no_think|4|QUESTION_SENT||923|7a5b0b28-3195-4899-a652-854a12100a86
2026-03-28 20:23:12|qwen|web_search_no_think|5|QUESTION_SENT||989|ffd9af4c-6575-4c3f-b98b-4c0a2ed1cc86
2026-03-28 20:23:13|qwen|web_search_no_think|0|JSON_VERIFIED||638|f54e8a01-9c65-4835-a94d-128f4418dc70
2026-03-28 20:23:13|qwen|web_search_no_think|0|QUESTION|43|638|f54e8a01-9c65-4835-a94d-128f4418dc70
2026-03-28 20:23:13|qwen|web_search_no_think|0|JSON_SAVED||638|f54e8a01-9c65-4835-a94d-128f4418dc70
2026-03-28 20:23:13|qwen|web_search_no_think|0|QUESTION_ADVANCE||639|0a4363d5-f6e5-4bf2-a17c-0bbc03979765
2026-03-28 20:23:39|qwen|web_search_no_think|0|QUESTION_SENT||639|0a4363d5-f6e5-4bf2-a17c-0bbc03979765
2026-03-28 20:24:15|qwen|web_search_no_think|5|QUESTION_SENT||989|ffd9af4c-6575-4c3f-b98b-4c0a2ed1cc86
2026-03-28 20:24:17|qwen|web_search_no_think|4|JSON_VERIFIED||923|7a5b0b28-3195-4899-a652-854a12100a86
2026-03-28 20:24:17|qwen|web_search_no_think|4|QUESTION|46|923|7a5b0b28-3195-4899-a652-854a12100a86
2026-03-28 20:24:17|qwen|web_search_no_think|4|JSON_SAVED||923|7a5b0b28-3195-4899-a652-854a12100a86
2026-03-28 20:24:17|qwen|web_search_no_think|4|QUESTION_ADVANCE||924|50b5bdd5-1787-4f93-af1a-a9a740522a44
2026-03-28 20:24:21|qwen|web_search_no_think|1|JSON_VERIFIED||712|687a959c-cd5b-4140-9785-66c7b2b2d5c1
2026-03-28 20:24:21|qwen|web_search_no_think|1|QUESTION|46|712|687a959c-cd5b-4140-9785-66c7b2b2d5c1
2026-03-28 20:24:21|qwen|web_search_no_think|1|JSON_SAVED||712|687a959c-cd5b-4140-9785-66c7b2b2d5c1
2026-03-28 20:24:21|qwen|web_search_no_think|1|QUESTION_ADVANCE||713|42197f04-0b5d-44a4-b470-0290087c764e
2026-03-28 20:24:28|qwen|web_search_no_think|2|JSON_VERIFIED||782|be2db88b-dda5-4a6f-8aa3-e24e2d8f9af2
2026-03-28 20:24:28|qwen|web_search_no_think|2|QUESTION|45|782|be2db88b-dda5-4a6f-8aa3-e24e2d8f9af2
2026-03-28 20:24:28|qwen|web_search_no_think|2|JSON_SAVED||782|be2db88b-dda5-4a6f-8aa3-e24e2d8f9af2
2026-03-28 20:24:28|qwen|web_search_no_think|2|QUESTION_ADVANCE||783|6ebef3c7-7a2d-4acf-bc98-90f76a263700
2026-03-28 20:24:30|qwen|web_search_no_think|3|JSON_VERIFIED||851|6b66976d-9677-4000-ad4d-a0363806da3b
2026-03-28 20:24:30|qwen|web_search_no_think|3|QUESTION|43|851|6b66976d-9677-4000-ad4d-a0363806da3b
2026-03-28 20:24:30|qwen|web_search_no_think|3|JSON_SAVED||851|6b66976d-9677-4000-ad4d-a0363806da3b
2026-03-28 20:24:30|qwen|web_search_no_think|3|QUESTION_ADVANCE||852|8ad4328a-3892-40ae-b1c3-828648d01c83
2026-03-28 20:24:43|qwen|web_search_no_think|4|QUESTION_SENT||924|50b5bdd5-1787-4f93-af1a-a9a740522a44
2026-03-28 20:24:47|qwen|web_search_no_think|1|QUESTION_SENT||713|42197f04-0b5d-44a4-b470-0290087c764e
2026-03-28 20:24:54|qwen|web_search_no_think|2|QUESTION_SENT||783|6ebef3c7-7a2d-4acf-bc98-90f76a263700
2026-03-28 20:24:56|qwen|web_search_no_think|3|QUESTION_SENT||852|8ad4328a-3892-40ae-b1c3-828648d01c83
2026-03-28 20:25:09|qwen|web_search_no_think|0|QUESTION_SENT||639|0a4363d5-f6e5-4bf2-a17c-0bbc03979765
2026-03-28 20:25:40|qwen|web_search_no_think|4|JSON_VERIFIED||924|50b5bdd5-1787-4f93-af1a-a9a740522a44
2026-03-28 20:25:40|qwen|web_search_no_think|4|QUESTION|47|924|50b5bdd5-1787-4f93-af1a-a9a740522a44
2026-03-28 20:25:40|qwen|web_search_no_think|4|JSON_SAVED||924|50b5bdd5-1787-4f93-af1a-a9a740522a44
2026-03-28 20:25:40|qwen|web_search_no_think|4|QUESTION_ADVANCE||925|e08fd82c-fe8c-438c-876d-7a800035719d
2026-03-28 20:25:59|qwen|web_search_no_think|2|JSON_VERIFIED||783|6ebef3c7-7a2d-4acf-bc98-90f76a263700
2026-03-28 20:25:59|qwen|web_search_no_think|2|QUESTION|46|783|6ebef3c7-7a2d-4acf-bc98-90f76a263700
2026-03-28 20:25:59|qwen|web_search_no_think|2|JSON_SAVED||783|6ebef3c7-7a2d-4acf-bc98-90f76a263700
2026-03-28 20:25:59|qwen|web_search_no_think|2|QUESTION_ADVANCE||784|f38a9f65-a08a-4ed2-a2d7-b3aa3466860a
2026-03-28 20:26:07|qwen|web_search_no_think|4|QUESTION_SENT||925|e08fd82c-fe8c-438c-876d-7a800035719d
2026-03-28 20:26:11|qwen|web_search_no_think|0|JSON_VERIFIED||639|0a4363d5-f6e5-4bf2-a17c-0bbc03979765
2026-03-28 20:26:11|qwen|web_search_no_think|0|QUESTION|44|639|0a4363d5-f6e5-4bf2-a17c-0bbc03979765
2026-03-28 20:26:11|qwen|web_search_no_think|0|JSON_SAVED||639|0a4363d5-f6e5-4bf2-a17c-0bbc03979765
2026-03-28 20:26:11|qwen|web_search_no_think|0|QUESTION_ADVANCE||640|7fb88d62-5ab4-4dd1-8ba7-8e11a82bd087
2026-03-28 20:26:12|qwen|web_search_no_think|3|JSON_VERIFIED||852|8ad4328a-3892-40ae-b1c3-828648d01c83
2026-03-28 20:26:12|qwen|web_search_no_think|3|QUESTION|44|852|8ad4328a-3892-40ae-b1c3-828648d01c83
2026-03-28 20:26:12|qwen|web_search_no_think|3|JSON_SAVED||852|8ad4328a-3892-40ae-b1c3-828648d01c83
2026-03-28 20:26:12|qwen|web_search_no_think|3|QUESTION_ADVANCE||853|6c81920b-d6e9-4dea-84de-451018770dad
2026-03-28 20:26:14|qwen|web_search_no_think|1|JSON_VERIFIED||713|42197f04-0b5d-44a4-b470-0290087c764e
2026-03-28 20:26:14|qwen|web_search_no_think|1|QUESTION|47|713|42197f04-0b5d-44a4-b470-0290087c764e
2026-03-28 20:26:14|qwen|web_search_no_think|1|JSON_SAVED||713|42197f04-0b5d-44a4-b470-0290087c764e
2026-03-28 20:26:14|qwen|web_search_no_think|1|QUESTION_ADVANCE||714|3036f53a-45e3-4983-a9d9-4d984edd1ba5
2026-03-28 20:26:26|qwen|web_search_no_think|2|QUESTION_SENT||784|f38a9f65-a08a-4ed2-a2d7-b3aa3466860a
2026-03-28 20:26:37|qwen|web_search_no_think|0|QUESTION_SENT||640|7fb88d62-5ab4-4dd1-8ba7-8e11a82bd087
2026-03-28 20:26:38|qwen|web_search_no_think|3|QUESTION_SENT||853|6c81920b-d6e9-4dea-84de-451018770dad
2026-03-28 20:26:40|qwen|web_search_no_think|1|QUESTION_SENT||714|3036f53a-45e3-4983-a9d9-4d984edd1ba5
2026-03-28 20:27:05|qwen|web_search_no_think|4|JSON_VERIFIED||925|e08fd82c-fe8c-438c-876d-7a800035719d
2026-03-28 20:27:05|qwen|web_search_no_think|4|QUESTION|48|925|e08fd82c-fe8c-438c-876d-7a800035719d
2026-03-28 20:27:05|qwen|web_search_no_think|4|JSON_SAVED||925|e08fd82c-fe8c-438c-876d-7a800035719d
2026-03-28 20:27:05|qwen|web_search_no_think|4|QUESTION_ADVANCE||926|225ab0c9-71f0-49fa-8558-b2091e2b8ca2
2026-03-28 20:27:31|qwen|web_search_no_think|4|QUESTION_SENT||926|225ab0c9-71f0-49fa-8558-b2091e2b8ca2
2026-03-28 20:27:44|qwen|web_search_no_think|2|JSON_VERIFIED||784|f38a9f65-a08a-4ed2-a2d7-b3aa3466860a
2026-03-28 20:27:44|qwen|web_search_no_think|2|QUESTION|47|784|f38a9f65-a08a-4ed2-a2d7-b3aa3466860a
2026-03-28 20:27:44|qwen|web_search_no_think|2|JSON_SAVED||784|f38a9f65-a08a-4ed2-a2d7-b3aa3466860a
2026-03-28 20:27:44|qwen|web_search_no_think|2|QUESTION_ADVANCE||785|07e22f67-f59e-4fac-92c1-8c4b8166ea57
2026-03-28 20:27:50|qwen|web_search_no_think|1|JSON_VERIFIED||714|3036f53a-45e3-4983-a9d9-4d984edd1ba5
2026-03-28 20:27:50|qwen|web_search_no_think|1|QUESTION|48|714|3036f53a-45e3-4983-a9d9-4d984edd1ba5
2026-03-28 20:27:50|qwen|web_search_no_think|1|JSON_SAVED||714|3036f53a-45e3-4983-a9d9-4d984edd1ba5
2026-03-28 20:27:50|qwen|web_search_no_think|1|QUESTION_ADVANCE||715|6a046af9-b2a2-4a46-b3cb-1ee2585dae43
2026-03-28 20:27:52|qwen|web_search_no_think|0|JSON_VERIFIED||640|7fb88d62-5ab4-4dd1-8ba7-8e11a82bd087
2026-03-28 20:27:52|qwen|web_search_no_think|0|QUESTION|45|640|7fb88d62-5ab4-4dd1-8ba7-8e11a82bd087
2026-03-28 20:27:52|qwen|web_search_no_think|0|JSON_SAVED||640|7fb88d62-5ab4-4dd1-8ba7-8e11a82bd087
2026-03-28 20:27:52|qwen|web_search_no_think|0|QUESTION_ADVANCE||641|75c32425-0aa4-4f24-ba99-9764a7008245
2026-03-28 20:27:59|qwen|web_search_no_think|3|JSON_VERIFIED||853|6c81920b-d6e9-4dea-84de-451018770dad
2026-03-28 20:27:59|qwen|web_search_no_think|3|QUESTION|45|853|6c81920b-d6e9-4dea-84de-451018770dad
2026-03-28 20:27:59|qwen|web_search_no_think|3|JSON_SAVED||853|6c81920b-d6e9-4dea-84de-451018770dad
2026-03-28 20:27:59|qwen|web_search_no_think|3|QUESTION_ADVANCE||854|b80077ad-0272-49f1-84d1-324f887d0c39
2026-03-28 20:28:10|qwen|web_search_no_think|2|QUESTION_SENT||785|07e22f67-f59e-4fac-92c1-8c4b8166ea57
2026-03-28 20:28:16|qwen|web_search_no_think|1|QUESTION_SENT||715|6a046af9-b2a2-4a46-b3cb-1ee2585dae43
2026-03-28 20:28:19|qwen|web_search_no_think|0|QUESTION_SENT||641|75c32425-0aa4-4f24-ba99-9764a7008245
2026-03-28 20:28:26|qwen|web_search_no_think|3|QUESTION_SENT||854|b80077ad-0272-49f1-84d1-324f887d0c39
2026-03-28 20:28:51|qwen|web_search_no_think|4|JSON_VERIFIED||926|225ab0c9-71f0-49fa-8558-b2091e2b8ca2
2026-03-28 20:28:51|qwen|web_search_no_think|4|QUESTION|49|926|225ab0c9-71f0-49fa-8558-b2091e2b8ca2
2026-03-28 20:28:51|qwen|web_search_no_think|4|JSON_SAVED||926|225ab0c9-71f0-49fa-8558-b2091e2b8ca2
2026-03-28 20:28:51|qwen|web_search_no_think|4|QUESTION_ADVANCE||927|12e76270-90d2-4bc3-94e8-b641ecf810ec
2026-03-28 20:29:07|qwen|web_search_no_think|1|JSON_VERIFIED||715|6a046af9-b2a2-4a46-b3cb-1ee2585dae43
2026-03-28 20:29:07|qwen|web_search_no_think|1|QUESTION|49|715|6a046af9-b2a2-4a46-b3cb-1ee2585dae43
2026-03-28 20:29:07|qwen|web_search_no_think|1|JSON_SAVED||715|6a046af9-b2a2-4a46-b3cb-1ee2585dae43
2026-03-28 20:29:07|qwen|web_search_no_think|1|QUESTION_ADVANCE||716|9e2b34a9-8749-4114-ac1e-27c230c39bf6
2026-03-28 20:29:17|qwen|web_search_no_think|4|QUESTION_SENT||927|12e76270-90d2-4bc3-94e8-b641ecf810ec
2026-03-28 20:29:26|qwen|web_search_no_think|2|JSON_VERIFIED||785|07e22f67-f59e-4fac-92c1-8c4b8166ea57
2026-03-28 20:29:26|qwen|web_search_no_think|2|QUESTION|48|785|07e22f67-f59e-4fac-92c1-8c4b8166ea57
2026-03-28 20:29:26|qwen|web_search_no_think|2|JSON_SAVED||785|07e22f67-f59e-4fac-92c1-8c4b8166ea57
2026-03-28 20:29:26|qwen|web_search_no_think|2|QUESTION_ADVANCE||786|00ae55cc-7f4a-4595-9c2a-a616897ab1d0
2026-03-28 20:29:34|qwen|web_search_no_think|1|QUESTION_SENT||716|9e2b34a9-8749-4114-ac1e-27c230c39bf6
2026-03-28 20:29:45|qwen|web_search_no_think|3|JSON_VERIFIED||854|b80077ad-0272-49f1-84d1-324f887d0c39
2026-03-28 20:29:45|qwen|web_search_no_think|3|QUESTION|46|854|b80077ad-0272-49f1-84d1-324f887d0c39
2026-03-28 20:29:45|qwen|web_search_no_think|3|JSON_SAVED||854|b80077ad-0272-49f1-84d1-324f887d0c39
2026-03-28 20:29:45|qwen|web_search_no_think|3|QUESTION_ADVANCE||855|6b1838ab-5a2a-4f44-8987-2abe7a4cc1f8
2026-03-28 20:29:52|qwen|web_search_no_think|2|QUESTION_SENT||786|00ae55cc-7f4a-4595-9c2a-a616897ab1d0
2026-03-28 20:29:55|qwen|web_search_no_think|0|JSON_VERIFIED||641|75c32425-0aa4-4f24-ba99-9764a7008245
2026-03-28 20:29:55|qwen|web_search_no_think|0|QUESTION|46|641|75c32425-0aa4-4f24-ba99-9764a7008245
2026-03-28 20:29:55|qwen|web_search_no_think|0|JSON_SAVED||641|75c32425-0aa4-4f24-ba99-9764a7008245
2026-03-28 20:29:55|qwen|web_search_no_think|0|QUESTION_ADVANCE||642|4815d5b8-92bb-4416-902b-43fe1f09b327
2026-03-28 20:30:11|qwen|web_search_no_think|3|QUESTION_SENT||855|6b1838ab-5a2a-4f44-8987-2abe7a4cc1f8
2026-03-28 20:30:22|qwen|web_search_no_think|0|QUESTION_SENT||642|4815d5b8-92bb-4416-902b-43fe1f09b327
2026-03-28 20:30:39|qwen|web_search_no_think|1|JSON_VERIFIED||716|9e2b34a9-8749-4114-ac1e-27c230c39bf6
2026-03-28 20:30:39|qwen|web_search_no_think|1|QUESTION|50|716|9e2b34a9-8749-4114-ac1e-27c230c39bf6
2026-03-28 20:30:39|qwen|web_search_no_think|1|JSON_SAVED||716|9e2b34a9-8749-4114-ac1e-27c230c39bf6
2026-03-28 20:30:39|qwen|web_search_no_think|1|QUESTION_ADVANCE||717|49cb6ca8-666b-4499-985f-735db974b7f1
2026-03-28 20:30:45|qwen|web_search_no_think|4|JSON_VERIFIED||927|12e76270-90d2-4bc3-94e8-b641ecf810ec
2026-03-28 20:30:45|qwen|web_search_no_think|4|QUESTION|50|927|12e76270-90d2-4bc3-94e8-b641ecf810ec
2026-03-28 20:30:45|qwen|web_search_no_think|4|JSON_SAVED||927|12e76270-90d2-4bc3-94e8-b641ecf810ec
2026-03-28 20:30:45|qwen|web_search_no_think|4|QUESTION_ADVANCE||928|6f41f349-5c42-4c3b-8e50-f6b1f6a13e52
2026-03-28 20:31:05|qwen|web_search_no_think|1|QUESTION_SENT||717|49cb6ca8-666b-4499-985f-735db974b7f1
2026-03-28 20:31:11|qwen|web_search_no_think|2|JSON_VERIFIED||786|00ae55cc-7f4a-4595-9c2a-a616897ab1d0
2026-03-28 20:31:11|qwen|web_search_no_think|2|QUESTION|49|786|00ae55cc-7f4a-4595-9c2a-a616897ab1d0
2026-03-28 20:31:11|qwen|web_search_no_think|2|JSON_SAVED||786|00ae55cc-7f4a-4595-9c2a-a616897ab1d0
2026-03-28 20:31:11|qwen|web_search_no_think|2|QUESTION_ADVANCE||787|c6038901-2e56-4535-bd43-00f3621ff1d7
2026-03-28 20:31:12|qwen|web_search_no_think|4|QUESTION_SENT||928|6f41f349-5c42-4c3b-8e50-f6b1f6a13e52
2026-03-28 20:31:28|qwen|web_search_no_think|3|JSON_VERIFIED||855|6b1838ab-5a2a-4f44-8987-2abe7a4cc1f8
2026-03-28 20:31:28|qwen|web_search_no_think|3|QUESTION|47|855|6b1838ab-5a2a-4f44-8987-2abe7a4cc1f8
2026-03-28 20:31:28|qwen|web_search_no_think|3|JSON_SAVED||855|6b1838ab-5a2a-4f44-8987-2abe7a4cc1f8
2026-03-28 20:31:28|qwen|web_search_no_think|3|QUESTION_ADVANCE||856|355b9677-03b3-4c07-afe1-bb52b92ad3f2
2026-03-28 20:31:38|qwen|web_search_no_think|2|QUESTION_SENT||787|c6038901-2e56-4535-bd43-00f3621ff1d7
2026-03-28 20:31:55|qwen|web_search_no_think|3|QUESTION_SENT||856|355b9677-03b3-4c07-afe1-bb52b92ad3f2
2026-03-28 20:32:00|qwen|web_search_no_think|0|JSON_VERIFIED||642|4815d5b8-92bb-4416-902b-43fe1f09b327
2026-03-28 20:32:00|qwen|web_search_no_think|0|QUESTION|47|642|4815d5b8-92bb-4416-902b-43fe1f09b327
2026-03-28 20:32:00|qwen|web_search_no_think|0|JSON_SAVED||642|4815d5b8-92bb-4416-902b-43fe1f09b327
2026-03-28 20:32:00|qwen|web_search_no_think|0|QUESTION_ADVANCE||643|9400698f-3c2b-49cb-82e6-98f5abd5d8fd
2026-03-28 20:32:26|qwen|web_search_no_think|0|QUESTION_SENT||643|9400698f-3c2b-49cb-82e6-98f5abd5d8fd
2026-03-28 20:32:36|qwen|web_search_no_think|4|JSON_VERIFIED||928|6f41f349-5c42-4c3b-8e50-f6b1f6a13e52
2026-03-28 20:32:36|qwen|web_search_no_think|4|QUESTION|51|928|6f41f349-5c42-4c3b-8e50-f6b1f6a13e52
2026-03-28 20:32:36|qwen|web_search_no_think|4|JSON_SAVED||928|6f41f349-5c42-4c3b-8e50-f6b1f6a13e52
2026-03-28 20:32:36|qwen|web_search_no_think|4|QUESTION_ADVANCE||929|4e6f18f1-9167-4ea5-a2ce-81d365c04343
2026-03-28 20:32:39|qwen|web_search_no_think|2|JSON_VERIFIED||787|c6038901-2e56-4535-bd43-00f3621ff1d7
2026-03-28 20:32:39|qwen|web_search_no_think|2|QUESTION|50|787|c6038901-2e56-4535-bd43-00f3621ff1d7
2026-03-28 20:32:39|qwen|web_search_no_think|2|JSON_SAVED||787|c6038901-2e56-4535-bd43-00f3621ff1d7
2026-03-28 20:32:39|qwen|web_search_no_think|2|QUESTION_ADVANCE||788|478e67e9-10b1-45c2-bdbf-a4f8af12b595
2026-03-28 20:32:39|qwen|web_search_no_think|1|JSON_VERIFIED||717|49cb6ca8-666b-4499-985f-735db974b7f1
2026-03-28 20:32:39|qwen|web_search_no_think|1|QUESTION|51|717|49cb6ca8-666b-4499-985f-735db974b7f1
2026-03-28 20:32:39|qwen|web_search_no_think|1|JSON_SAVED||717|49cb6ca8-666b-4499-985f-735db974b7f1
2026-03-28 20:32:39|qwen|web_search_no_think|1|QUESTION_ADVANCE||718|39fad425-2a49-4594-a7db-77b6b2ba3c91
2026-03-28 20:33:02|qwen|web_search_no_think|4|QUESTION_SENT||929|4e6f18f1-9167-4ea5-a2ce-81d365c04343
2026-03-28 20:33:05|qwen|web_search_no_think|2|QUESTION_SENT||788|478e67e9-10b1-45c2-bdbf-a4f8af12b595
2026-03-28 20:33:06|qwen|web_search_no_think|1|QUESTION_SENT||718|39fad425-2a49-4594-a7db-77b6b2ba3c91
2026-03-28 20:33:30|qwen|web_search_no_think|3|JSON_VERIFIED||856|355b9677-03b3-4c07-afe1-bb52b92ad3f2
2026-03-28 20:33:30|qwen|web_search_no_think|3|QUESTION|48|856|355b9677-03b3-4c07-afe1-bb52b92ad3f2
2026-03-28 20:33:30|qwen|web_search_no_think|3|JSON_SAVED||856|355b9677-03b3-4c07-afe1-bb52b92ad3f2
2026-03-28 20:33:30|qwen|web_search_no_think|3|QUESTION_ADVANCE||857|eb353e46-ba0f-4e76-9b41-0940064b0d8c
2026-03-28 20:33:56|qwen|web_search_no_think|3|QUESTION_SENT||857|eb353e46-ba0f-4e76-9b41-0940064b0d8c
2026-03-28 20:34:18|qwen|web_search_no_think|1|JSON_VERIFIED||718|39fad425-2a49-4594-a7db-77b6b2ba3c91
2026-03-28 20:34:18|qwen|web_search_no_think|1|QUESTION|52|718|39fad425-2a49-4594-a7db-77b6b2ba3c91
2026-03-28 20:34:18|qwen|web_search_no_think|1|JSON_SAVED||718|39fad425-2a49-4594-a7db-77b6b2ba3c91
2026-03-28 20:34:18|qwen|web_search_no_think|1|QUESTION_ADVANCE||719|4e406381-876d-4d1a-bc41-ed7a415e5dcc
2026-03-28 20:34:30|qwen|web_search_no_think|5|JSON_VERIFY_FAILED||989|ffd9af4c-6575-4c3f-b98b-4c0a2ed1cc86
2026-03-28 20:34:30|qwen|web_search_no_think|5|QUESTION|44|989|ffd9af4c-6575-4c3f-b98b-4c0a2ed1cc86
2026-03-28 20:34:45|qwen|web_search_no_think|1|QUESTION_SENT||719|4e406381-876d-4d1a-bc41-ed7a415e5dcc
2026-03-28 20:34:48|qwen|web_search_no_think|4|QUESTION_SENT||929|4e6f18f1-9167-4ea5-a2ce-81d365c04343
2026-03-28 20:34:53|qwen|web_search_no_think|2|JSON_VERIFIED||788|478e67e9-10b1-45c2-bdbf-a4f8af12b595
2026-03-28 20:34:53|qwen|web_search_no_think|2|QUESTION|51|788|478e67e9-10b1-45c2-bdbf-a4f8af12b595
2026-03-28 20:34:53|qwen|web_search_no_think|2|JSON_SAVED||788|478e67e9-10b1-45c2-bdbf-a4f8af12b595
2026-03-28 20:34:53|qwen|web_search_no_think|2|QUESTION_ADVANCE||789|394ebd0b-4a30-45ea-a3ab-a33ee541c72a
2026-03-28 20:34:57|qwen|web_search_no_think|5|QUESTION_SENT||989|ffd9af4c-6575-4c3f-b98b-4c0a2ed1cc86
2026-03-28 20:35:20|qwen|web_search_no_think|2|QUESTION_SENT||789|394ebd0b-4a30-45ea-a3ab-a33ee541c72a
2026-03-28 20:35:26|qwen|web_search_no_think|5|QUESTION_SENT||989|ffd9af4c-6575-4c3f-b98b-4c0a2ed1cc86
2026-03-28 20:35:27|qwen|web_search_no_think|3|JSON_VERIFY_FAILED||857|eb353e46-ba0f-4e76-9b41-0940064b0d8c
2026-03-28 20:35:27|qwen|web_search_no_think|3|QUESTION|49|857|eb353e46-ba0f-4e76-9b41-0940064b0d8c
2026-03-28 20:35:54|qwen|web_search_no_think|3|QUESTION_SENT||857|eb353e46-ba0f-4e76-9b41-0940064b0d8c
2026-03-28 20:36:12|qwen|web_search_no_think|4|JSON_VERIFIED||929|4e6f18f1-9167-4ea5-a2ce-81d365c04343
2026-03-28 20:36:12|qwen|web_search_no_think|4|QUESTION|52|929|4e6f18f1-9167-4ea5-a2ce-81d365c04343
2026-03-28 20:36:12|qwen|web_search_no_think|4|JSON_SAVED||929|4e6f18f1-9167-4ea5-a2ce-81d365c04343
2026-03-28 20:36:12|qwen|web_search_no_think|4|QUESTION_ADVANCE||930|80367dab-57e2-40be-8e13-355fca424886
2026-03-28 20:36:14|qwen|web_search_no_think|2|JSON_VERIFIED||789|394ebd0b-4a30-45ea-a3ab-a33ee541c72a
2026-03-28 20:36:14|qwen|web_search_no_think|2|QUESTION|52|789|394ebd0b-4a30-45ea-a3ab-a33ee541c72a
2026-03-28 20:36:14|qwen|web_search_no_think|2|JSON_SAVED||789|394ebd0b-4a30-45ea-a3ab-a33ee541c72a
2026-03-28 20:36:14|qwen|web_search_no_think|2|QUESTION_ADVANCE||790|0a0db2ad-3d79-4e93-8fd2-825e5fa06f9a
2026-03-28 20:36:18|qwen|web_search_no_think|0|JSON_VERIFIED||643|9400698f-3c2b-49cb-82e6-98f5abd5d8fd
2026-03-28 20:36:18|qwen|web_search_no_think|0|QUESTION|48|643|9400698f-3c2b-49cb-82e6-98f5abd5d8fd
2026-03-28 20:36:18|qwen|web_search_no_think|0|JSON_SAVED||643|9400698f-3c2b-49cb-82e6-98f5abd5d8fd
2026-03-28 20:36:18|qwen|web_search_no_think|0|QUESTION_ADVANCE||644|8957398f-6adf-4a8d-9f3e-540ef70cc553
2026-03-28 20:36:24|qwen|web_search_no_think|1|JSON_VERIFIED||719|4e406381-876d-4d1a-bc41-ed7a415e5dcc
2026-03-28 20:36:24|qwen|web_search_no_think|1|QUESTION|53|719|4e406381-876d-4d1a-bc41-ed7a415e5dcc
2026-03-28 20:36:24|qwen|web_search_no_think|1|JSON_SAVED||719|4e406381-876d-4d1a-bc41-ed7a415e5dcc
2026-03-28 20:36:24|qwen|web_search_no_think|1|QUESTION_ADVANCE||720|48dbed26-72c5-4653-add9-ec4c21d83153
2026-03-28 20:36:38|qwen|web_search_no_think|4|QUESTION_SENT||930|80367dab-57e2-40be-8e13-355fca424886
2026-03-28 20:36:40|qwen|web_search_no_think|2|QUESTION_SENT||790|0a0db2ad-3d79-4e93-8fd2-825e5fa06f9a
2026-03-28 20:36:43|qwen|web_search_no_think|5|JSON_VERIFIED||989|ffd9af4c-6575-4c3f-b98b-4c0a2ed1cc86
2026-03-28 20:36:43|qwen|web_search_no_think|5|QUESTION|45|989|ffd9af4c-6575-4c3f-b98b-4c0a2ed1cc86
2026-03-28 20:36:43|qwen|web_search_no_think|5|JSON_SAVED||989|ffd9af4c-6575-4c3f-b98b-4c0a2ed1cc86
2026-03-28 20:36:43|qwen|web_search_no_think|5|QUESTION_ADVANCE||990|8fe443ae-2c5f-4d80-a9e4-3b4331961d8c
2026-03-28 20:36:44|qwen|web_search_no_think|0|QUESTION_SENT||644|8957398f-6adf-4a8d-9f3e-540ef70cc553
2026-03-28 20:36:50|qwen|web_search_no_think|1|QUESTION_SENT||720|48dbed26-72c5-4653-add9-ec4c21d83153
2026-03-28 20:37:10|qwen|web_search_no_think|5|QUESTION_SENT||990|8fe443ae-2c5f-4d80-a9e4-3b4331961d8c
2026-03-28 20:37:23|qwen|web_search_no_think|3|JSON_VERIFIED||857|eb353e46-ba0f-4e76-9b41-0940064b0d8c
2026-03-28 20:37:23|qwen|web_search_no_think|3|QUESTION|50|857|eb353e46-ba0f-4e76-9b41-0940064b0d8c
2026-03-28 20:37:23|qwen|web_search_no_think|3|JSON_SAVED||857|eb353e46-ba0f-4e76-9b41-0940064b0d8c
2026-03-28 20:37:23|qwen|web_search_no_think|3|QUESTION_ADVANCE||858|6c89a29f-fa33-449a-9e31-1b08a5491deb
2026-03-28 20:37:48|qwen|web_search_no_think|2|JSON_VERIFIED||790|0a0db2ad-3d79-4e93-8fd2-825e5fa06f9a
2026-03-28 20:37:48|qwen|web_search_no_think|2|QUESTION|53|790|0a0db2ad-3d79-4e93-8fd2-825e5fa06f9a
2026-03-28 20:37:48|qwen|web_search_no_think|2|JSON_SAVED||790|0a0db2ad-3d79-4e93-8fd2-825e5fa06f9a
2026-03-28 20:37:48|qwen|web_search_no_think|2|QUESTION_ADVANCE||791|b28eaaf9-41aa-4013-b6b7-35ba03fdf5be
2026-03-28 20:37:49|qwen|web_search_no_think|3|QUESTION_SENT||858|6c89a29f-fa33-449a-9e31-1b08a5491deb
2026-03-28 20:37:57|qwen|web_search_no_think|1|JSON_VERIFIED||720|48dbed26-72c5-4653-add9-ec4c21d83153
2026-03-28 20:37:57|qwen|web_search_no_think|1|QUESTION|54|720|48dbed26-72c5-4653-add9-ec4c21d83153
2026-03-28 20:37:57|qwen|web_search_no_think|1|JSON_SAVED||720|48dbed26-72c5-4653-add9-ec4c21d83153
2026-03-28 20:37:57|qwen|web_search_no_think|1|QUESTION_ADVANCE||721|db8dcc47-d7fb-4a5a-8f4c-7ae5a6093377
2026-03-28 20:38:02|qwen|web_search_no_think|4|JSON_VERIFIED||930|80367dab-57e2-40be-8e13-355fca424886
2026-03-28 20:38:02|qwen|web_search_no_think|4|QUESTION|53|930|80367dab-57e2-40be-8e13-355fca424886
2026-03-28 20:38:02|qwen|web_search_no_think|4|JSON_SAVED||930|80367dab-57e2-40be-8e13-355fca424886
2026-03-28 20:38:02|qwen|web_search_no_think|4|QUESTION_ADVANCE||931|bbb4e792-43f6-41c2-90ff-dd3d12dd014e
2026-03-28 20:38:02|qwen|web_search_no_think|0|JSON_VERIFIED||644|8957398f-6adf-4a8d-9f3e-540ef70cc553
2026-03-28 20:38:02|qwen|web_search_no_think|0|QUESTION|49|644|8957398f-6adf-4a8d-9f3e-540ef70cc553
2026-03-28 20:38:02|qwen|web_search_no_think|0|JSON_SAVED||644|8957398f-6adf-4a8d-9f3e-540ef70cc553
2026-03-28 20:38:02|qwen|web_search_no_think|0|QUESTION_ADVANCE||645|8e187592-ae79-49c7-aaab-51c3db9f0faf
2026-03-28 20:38:15|qwen|web_search_no_think|2|QUESTION_SENT||791|b28eaaf9-41aa-4013-b6b7-35ba03fdf5be
2026-03-28 20:38:18|qwen|web_search_no_think|5|JSON_VERIFIED||990|8fe443ae-2c5f-4d80-a9e4-3b4331961d8c
2026-03-28 20:38:18|qwen|web_search_no_think|5|QUESTION|46|990|8fe443ae-2c5f-4d80-a9e4-3b4331961d8c
2026-03-28 20:38:18|qwen|web_search_no_think|5|JSON_SAVED||990|8fe443ae-2c5f-4d80-a9e4-3b4331961d8c
2026-03-28 20:38:18|qwen|web_search_no_think|5|QUESTION_ADVANCE||991|ce2bd008-ef23-4244-bf1d-626cdd459e7a
2026-03-28 20:38:24|qwen|web_search_no_think|1|QUESTION_SENT||721|db8dcc47-d7fb-4a5a-8f4c-7ae5a6093377
2026-03-28 20:38:28|qwen|web_search_no_think|4|QUESTION_SENT||931|bbb4e792-43f6-41c2-90ff-dd3d12dd014e
2026-03-28 20:38:28|qwen|web_search_no_think|0|QUESTION_SENT||645|8e187592-ae79-49c7-aaab-51c3db9f0faf
2026-03-28 20:38:44|qwen|web_search_no_think|5|QUESTION_SENT||991|ce2bd008-ef23-4244-bf1d-626cdd459e7a
2026-03-28 20:38:45|qwen|web_search_no_think|3|JSON_VERIFY_FAILED||858|6c89a29f-fa33-449a-9e31-1b08a5491deb
2026-03-28 20:38:45|qwen|web_search_no_think|3|QUESTION|51|858|6c89a29f-fa33-449a-9e31-1b08a5491deb
2026-03-28 20:39:11|qwen|web_search_no_think|3|QUESTION_SENT||858|6c89a29f-fa33-449a-9e31-1b08a5491deb
2026-03-28 20:39:37|qwen|web_search_no_think|2|JSON_VERIFIED||791|b28eaaf9-41aa-4013-b6b7-35ba03fdf5be
2026-03-28 20:39:37|qwen|web_search_no_think|2|QUESTION|54|791|b28eaaf9-41aa-4013-b6b7-35ba03fdf5be
2026-03-28 20:39:37|qwen|web_search_no_think|2|JSON_SAVED||791|b28eaaf9-41aa-4013-b6b7-35ba03fdf5be
2026-03-28 20:39:37|qwen|web_search_no_think|2|QUESTION_ADVANCE||792|ebd508aa-77d8-4b07-be6e-7470a8136004
2026-03-28 20:39:39|qwen|web_search_no_think|1|JSON_VERIFIED||721|db8dcc47-d7fb-4a5a-8f4c-7ae5a6093377
2026-03-28 20:39:39|qwen|web_search_no_think|1|QUESTION|55|721|db8dcc47-d7fb-4a5a-8f4c-7ae5a6093377
2026-03-28 20:39:39|qwen|web_search_no_think|1|JSON_SAVED||721|db8dcc47-d7fb-4a5a-8f4c-7ae5a6093377
2026-03-28 20:39:39|qwen|web_search_no_think|1|QUESTION_ADVANCE||722|786e0d83-8a8f-4658-9c29-5e2f0d4170ef
2026-03-28 20:39:41|qwen|web_search_no_think|4|JSON_VERIFIED||931|bbb4e792-43f6-41c2-90ff-dd3d12dd014e
2026-03-28 20:39:41|qwen|web_search_no_think|4|QUESTION|54|931|bbb4e792-43f6-41c2-90ff-dd3d12dd014e
2026-03-28 20:39:41|qwen|web_search_no_think|4|JSON_SAVED||931|bbb4e792-43f6-41c2-90ff-dd3d12dd014e
2026-03-28 20:39:41|qwen|web_search_no_think|4|QUESTION_ADVANCE||932|10f919d9-6677-4f16-87cb-16ed03b3644e
2026-03-28 20:39:45|qwen|web_search_no_think|5|JSON_VERIFIED||991|ce2bd008-ef23-4244-bf1d-626cdd459e7a
2026-03-28 20:39:45|qwen|web_search_no_think|5|QUESTION|47|991|ce2bd008-ef23-4244-bf1d-626cdd459e7a
2026-03-28 20:39:45|qwen|web_search_no_think|5|JSON_SAVED||991|ce2bd008-ef23-4244-bf1d-626cdd459e7a
2026-03-28 20:39:45|qwen|web_search_no_think|5|QUESTION_ADVANCE||992|01970f12-8e22-4b57-9ffb-1eb81316004f
2026-03-28 20:40:04|qwen|web_search_no_think|2|QUESTION_SENT||792|ebd508aa-77d8-4b07-be6e-7470a8136004
2026-03-28 20:40:05|qwen|web_search_no_think|1|QUESTION_SENT||722|786e0d83-8a8f-4658-9c29-5e2f0d4170ef
2026-03-28 20:40:07|qwen|web_search_no_think|4|QUESTION_SENT||932|10f919d9-6677-4f16-87cb-16ed03b3644e
2026-03-28 20:40:11|qwen|web_search_no_think|0|JSON_VERIFIED||645|8e187592-ae79-49c7-aaab-51c3db9f0faf
2026-03-28 20:40:11|qwen|web_search_no_think|0|QUESTION|50|645|8e187592-ae79-49c7-aaab-51c3db9f0faf
2026-03-28 20:40:11|qwen|web_search_no_think|0|JSON_SAVED||645|8e187592-ae79-49c7-aaab-51c3db9f0faf
2026-03-28 20:40:11|qwen|web_search_no_think|0|QUESTION_ADVANCE||646|f01fa2b7-972a-4bf2-bbb2-165efd647b26
2026-03-28 20:40:12|qwen|web_search_no_think|5|QUESTION_SENT||992|01970f12-8e22-4b57-9ffb-1eb81316004f
2026-03-28 20:40:20|qwen|web_search_no_think|3|JSON_VERIFIED||858|6c89a29f-fa33-449a-9e31-1b08a5491deb
2026-03-28 20:40:20|qwen|web_search_no_think|3|QUESTION|52|858|6c89a29f-fa33-449a-9e31-1b08a5491deb
2026-03-28 20:40:20|qwen|web_search_no_think|3|JSON_SAVED||858|6c89a29f-fa33-449a-9e31-1b08a5491deb
2026-03-28 20:40:20|qwen|web_search_no_think|3|QUESTION_ADVANCE||859|670b97c9-6890-472d-ba45-dd91fbd26081
2026-03-28 20:40:37|qwen|web_search_no_think|0|QUESTION_SENT||646|f01fa2b7-972a-4bf2-bbb2-165efd647b26
2026-03-28 20:41:05|qwen|web_search_no_think|2|JSON_VERIFIED||792|ebd508aa-77d8-4b07-be6e-7470a8136004
2026-03-28 20:41:05|qwen|web_search_no_think|2|QUESTION|55|792|ebd508aa-77d8-4b07-be6e-7470a8136004
2026-03-28 20:41:05|qwen|web_search_no_think|2|JSON_SAVED||792|ebd508aa-77d8-4b07-be6e-7470a8136004
2026-03-28 20:41:05|qwen|web_search_no_think|2|QUESTION_ADVANCE||793|1af9c465-c3ff-4e8c-b84e-a6213dc1e512
2026-03-28 20:41:07|qwen|web_search_no_think|1|JSON_VERIFIED||722|786e0d83-8a8f-4658-9c29-5e2f0d4170ef
2026-03-28 20:41:07|qwen|web_search_no_think|1|QUESTION|56|722|786e0d83-8a8f-4658-9c29-5e2f0d4170ef
2026-03-28 20:41:07|qwen|web_search_no_think|1|JSON_SAVED||722|786e0d83-8a8f-4658-9c29-5e2f0d4170ef
2026-03-28 20:41:07|qwen|web_search_no_think|1|QUESTION_ADVANCE||723|b40a2671-aa82-410e-b4ec-86beb1569802
2026-03-28 20:41:10|qwen|web_search_no_think|5|JSON_VERIFIED||992|01970f12-8e22-4b57-9ffb-1eb81316004f
2026-03-28 20:41:10|qwen|web_search_no_think|5|QUESTION|48|992|01970f12-8e22-4b57-9ffb-1eb81316004f
2026-03-28 20:41:10|qwen|web_search_no_think|5|JSON_SAVED||992|01970f12-8e22-4b57-9ffb-1eb81316004f
2026-03-28 20:41:10|qwen|web_search_no_think|5|QUESTION_ADVANCE||993|d2c10116-564b-4437-aee0-b9b3aaeab53b
2026-03-28 20:41:31|qwen|web_search_no_think|2|QUESTION_SENT||793|1af9c465-c3ff-4e8c-b84e-a6213dc1e512
2026-03-28 20:41:33|qwen|web_search_no_think|1|QUESTION_SENT||723|b40a2671-aa82-410e-b4ec-86beb1569802
2026-03-28 20:41:36|qwen|web_search_no_think|5|QUESTION_SENT||993|d2c10116-564b-4437-aee0-b9b3aaeab53b
2026-03-28 20:42:08|qwen|web_search_no_think|4|QUESTION_SENT||932|10f919d9-6677-4f16-87cb-16ed03b3644e
2026-03-28 20:42:32|qwen|web_search_no_think|2|JSON_VERIFIED||793|1af9c465-c3ff-4e8c-b84e-a6213dc1e512
2026-03-28 20:42:32|qwen|web_search_no_think|2|QUESTION|56|793|1af9c465-c3ff-4e8c-b84e-a6213dc1e512
2026-03-28 20:42:32|qwen|web_search_no_think|2|JSON_SAVED||793|1af9c465-c3ff-4e8c-b84e-a6213dc1e512
2026-03-28 20:42:32|qwen|web_search_no_think|2|QUESTION_ADVANCE||794|e40ae9a2-70c4-4616-90b7-a505c4ad1bd6
2026-03-28 20:42:37|qwen|web_search_no_think|0|JSON_VERIFIED||646|f01fa2b7-972a-4bf2-bbb2-165efd647b26
2026-03-28 20:42:37|qwen|web_search_no_think|0|QUESTION|51|646|f01fa2b7-972a-4bf2-bbb2-165efd647b26
2026-03-28 20:42:37|qwen|web_search_no_think|0|JSON_SAVED||646|f01fa2b7-972a-4bf2-bbb2-165efd647b26
2026-03-28 20:42:37|qwen|web_search_no_think|0|QUESTION_ADVANCE||647|d0dfc83d-af6b-4b85-a122-a26676335a6d
2026-03-28 20:42:41|qwen|web_search_no_think|1|JSON_VERIFIED||723|b40a2671-aa82-410e-b4ec-86beb1569802
2026-03-28 20:42:41|qwen|web_search_no_think|1|QUESTION|57|723|b40a2671-aa82-410e-b4ec-86beb1569802
2026-03-28 20:42:41|qwen|web_search_no_think|1|JSON_SAVED||723|b40a2671-aa82-410e-b4ec-86beb1569802
2026-03-28 20:42:41|qwen|web_search_no_think|1|QUESTION_ADVANCE||724|bdd31077-b160-499d-8ce7-cf411f7aa4c6
2026-03-28 20:42:43|qwen|web_search_no_think|5|JSON_VERIFIED||993|d2c10116-564b-4437-aee0-b9b3aaeab53b
2026-03-28 20:42:43|qwen|web_search_no_think|5|QUESTION|49|993|d2c10116-564b-4437-aee0-b9b3aaeab53b
2026-03-28 20:42:43|qwen|web_search_no_think|5|JSON_SAVED||993|d2c10116-564b-4437-aee0-b9b3aaeab53b
2026-03-28 20:42:43|qwen|web_search_no_think|5|QUESTION_ADVANCE||994|b8a1a5ab-649f-407d-a1b0-bc9f8445f4c9
2026-03-28 20:42:59|qwen|web_search_no_think|2|QUESTION_SENT||794|e40ae9a2-70c4-4616-90b7-a505c4ad1bd6
2026-03-28 20:43:03|qwen|web_search_no_think|0|QUESTION_SENT||647|d0dfc83d-af6b-4b85-a122-a26676335a6d
2026-03-28 20:43:07|qwen|web_search_no_think|3|QUESTION_SENT||859|670b97c9-6890-472d-ba45-dd91fbd26081
2026-03-28 20:43:08|qwen|web_search_no_think|1|QUESTION_SENT||724|bdd31077-b160-499d-8ce7-cf411f7aa4c6
2026-03-28 20:43:10|qwen|web_search_no_think|5|QUESTION_SENT||994|b8a1a5ab-649f-407d-a1b0-bc9f8445f4c9
2026-03-28 20:43:11|qwen|web_search_no_think|4|JSON_VERIFIED||932|10f919d9-6677-4f16-87cb-16ed03b3644e
2026-03-28 20:43:11|qwen|web_search_no_think|4|QUESTION|55|932|10f919d9-6677-4f16-87cb-16ed03b3644e
2026-03-28 20:43:11|qwen|web_search_no_think|4|JSON_SAVED||932|10f919d9-6677-4f16-87cb-16ed03b3644e
2026-03-28 20:43:11|qwen|web_search_no_think|4|QUESTION_ADVANCE||933|d890c1f7-45c4-4a16-86af-ccc8b35e7d4c
2026-03-28 20:43:37|qwen|web_search_no_think|4|QUESTION_SENT||933|d890c1f7-45c4-4a16-86af-ccc8b35e7d4c
2026-03-28 20:43:37|qwen|web_search_no_think|1|JSON_VERIFY_FAILED||724|bdd31077-b160-499d-8ce7-cf411f7aa4c6
2026-03-28 20:43:37|qwen|web_search_no_think|1|QUESTION|58|724|bdd31077-b160-499d-8ce7-cf411f7aa4c6
2026-03-28 20:44:04|qwen|web_search_no_think|1|QUESTION_SENT||724|bdd31077-b160-499d-8ce7-cf411f7aa4c6
2026-03-28 20:44:08|qwen|web_search_no_think|5|JSON_VERIFIED||994|b8a1a5ab-649f-407d-a1b0-bc9f8445f4c9
2026-03-28 20:44:08|qwen|web_search_no_think|5|QUESTION|50|994|b8a1a5ab-649f-407d-a1b0-bc9f8445f4c9
2026-03-28 20:44:08|qwen|web_search_no_think|5|JSON_SAVED||994|b8a1a5ab-649f-407d-a1b0-bc9f8445f4c9
2026-03-28 20:44:08|qwen|web_search_no_think|5|QUESTION_ADVANCE||995|c85d620f-1f37-4c0a-975c-983d9a691abd
2026-03-28 20:44:13|qwen|web_search_no_think|0|JSON_VERIFIED||647|d0dfc83d-af6b-4b85-a122-a26676335a6d
2026-03-28 20:44:13|qwen|web_search_no_think|0|QUESTION|52|647|d0dfc83d-af6b-4b85-a122-a26676335a6d
2026-03-28 20:44:13|qwen|web_search_no_think|0|JSON_SAVED||647|d0dfc83d-af6b-4b85-a122-a26676335a6d
2026-03-28 20:44:13|qwen|web_search_no_think|0|QUESTION_ADVANCE||648|9627c7cc-39a4-4d43-8774-aa65c383ed91
2026-03-28 20:44:15|qwen|web_search_no_think|2|JSON_VERIFIED||794|e40ae9a2-70c4-4616-90b7-a505c4ad1bd6
2026-03-28 20:44:15|qwen|web_search_no_think|2|QUESTION|57|794|e40ae9a2-70c4-4616-90b7-a505c4ad1bd6
2026-03-28 20:44:15|qwen|web_search_no_think|2|JSON_SAVED||794|e40ae9a2-70c4-4616-90b7-a505c4ad1bd6
2026-03-28 20:44:15|qwen|web_search_no_think|2|QUESTION_ADVANCE||795|7ebd73d8-4aed-449b-ac74-6f5d37b979f7
2026-03-28 20:44:18|qwen|web_search_no_think|3|JSON_VERIFIED||859|670b97c9-6890-472d-ba45-dd91fbd26081
2026-03-28 20:44:18|qwen|web_search_no_think|3|QUESTION|53|859|670b97c9-6890-472d-ba45-dd91fbd26081
2026-03-28 20:44:18|qwen|web_search_no_think|3|JSON_SAVED||859|670b97c9-6890-472d-ba45-dd91fbd26081
2026-03-28 20:44:18|qwen|web_search_no_think|3|QUESTION_ADVANCE||860|f2657847-860b-4a55-80ca-c54d6e24c651
2026-03-28 20:44:34|qwen|web_search_no_think|5|QUESTION_SENT||995|c85d620f-1f37-4c0a-975c-983d9a691abd
2026-03-28 20:44:39|qwen|web_search_no_think|0|QUESTION_SENT||648|9627c7cc-39a4-4d43-8774-aa65c383ed91
2026-03-28 20:44:42|qwen|web_search_no_think|2|QUESTION_SENT||795|7ebd73d8-4aed-449b-ac74-6f5d37b979f7
2026-03-28 20:44:45|qwen|web_search_no_think|3|QUESTION_SENT||860|f2657847-860b-4a55-80ca-c54d6e24c651
2026-03-28 20:45:05|qwen|web_search_no_think|4|JSON_VERIFIED||933|d890c1f7-45c4-4a16-86af-ccc8b35e7d4c
2026-03-28 20:45:05|qwen|web_search_no_think|4|QUESTION|56|933|d890c1f7-45c4-4a16-86af-ccc8b35e7d4c
2026-03-28 20:45:05|qwen|web_search_no_think|4|JSON_SAVED||933|d890c1f7-45c4-4a16-86af-ccc8b35e7d4c
2026-03-28 20:45:05|qwen|web_search_no_think|4|QUESTION_ADVANCE||934|29f33355-66c5-45f4-83c2-ac7628ee1ad7
2026-03-28 20:45:32|qwen|web_search_no_think|4|QUESTION_SENT||934|29f33355-66c5-45f4-83c2-ac7628ee1ad7
2026-03-28 20:45:39|qwen|web_search_no_think|1|JSON_VERIFIED||724|bdd31077-b160-499d-8ce7-cf411f7aa4c6
2026-03-28 20:45:39|qwen|web_search_no_think|1|QUESTION|59|724|bdd31077-b160-499d-8ce7-cf411f7aa4c6
2026-03-28 20:45:39|qwen|web_search_no_think|1|JSON_SAVED||724|bdd31077-b160-499d-8ce7-cf411f7aa4c6
2026-03-28 20:45:39|qwen|web_search_no_think|1|QUESTION_ADVANCE||725|4b2f501d-194a-4990-8161-2ac2c07600eb
2026-03-28 20:45:50|qwen|web_search_no_think|5|JSON_VERIFIED||995|c85d620f-1f37-4c0a-975c-983d9a691abd
2026-03-28 20:45:50|qwen|web_search_no_think|5|QUESTION|51|995|c85d620f-1f37-4c0a-975c-983d9a691abd
2026-03-28 20:45:50|qwen|web_search_no_think|5|JSON_SAVED||995|c85d620f-1f37-4c0a-975c-983d9a691abd
2026-03-28 20:45:50|qwen|web_search_no_think|5|QUESTION_ADVANCE||996|58a573fe-f4e9-4dd9-af89-915ec7a3a493
2026-03-28 20:45:50|qwen|web_search_no_think|0|JSON_VERIFIED||648|9627c7cc-39a4-4d43-8774-aa65c383ed91
2026-03-28 20:45:50|qwen|web_search_no_think|0|QUESTION|53|648|9627c7cc-39a4-4d43-8774-aa65c383ed91
2026-03-28 20:45:50|qwen|web_search_no_think|0|JSON_SAVED||648|9627c7cc-39a4-4d43-8774-aa65c383ed91
2026-03-28 20:45:50|qwen|web_search_no_think|0|QUESTION_ADVANCE||649|5acaacca-a878-41b3-9bd7-b4366f9b0f8f
2026-03-28 20:46:00|qwen|web_search_no_think|2|JSON_VERIFIED||795|7ebd73d8-4aed-449b-ac74-6f5d37b979f7
2026-03-28 20:46:00|qwen|web_search_no_think|2|QUESTION|58|795|7ebd73d8-4aed-449b-ac74-6f5d37b979f7
2026-03-28 20:46:00|qwen|web_search_no_think|2|JSON_SAVED||795|7ebd73d8-4aed-449b-ac74-6f5d37b979f7
2026-03-28 20:46:00|qwen|web_search_no_think|2|QUESTION_ADVANCE||796|599d2c81-c684-457e-ae67-637abd01c6fa
2026-03-28 20:46:16|qwen|web_search_no_think|5|QUESTION_SENT||996|58a573fe-f4e9-4dd9-af89-915ec7a3a493
2026-03-28 20:46:17|qwen|web_search_no_think|0|QUESTION_SENT||649|5acaacca-a878-41b3-9bd7-b4366f9b0f8f
2026-03-28 20:46:24|qwen|web_search_no_think|1|QUESTION_SENT||725|4b2f501d-194a-4990-8161-2ac2c07600eb
2026-03-28 20:46:24|qwen|web_search_no_think|3|JSON_VERIFIED||860|f2657847-860b-4a55-80ca-c54d6e24c651
2026-03-28 20:46:24|qwen|web_search_no_think|3|QUESTION|54|860|f2657847-860b-4a55-80ca-c54d6e24c651
2026-03-28 20:46:24|qwen|web_search_no_think|3|JSON_SAVED||860|f2657847-860b-4a55-80ca-c54d6e24c651
2026-03-28 20:46:24|qwen|web_search_no_think|3|QUESTION_ADVANCE||861|2d9e1f22-b990-4648-9dc3-3ebc97e996a9
2026-03-28 20:46:26|qwen|web_search_no_think|2|QUESTION_SENT||796|599d2c81-c684-457e-ae67-637abd01c6fa
2026-03-28 20:46:43|qwen|web_search_no_think|4|JSON_VERIFIED||934|29f33355-66c5-45f4-83c2-ac7628ee1ad7
2026-03-28 20:46:43|qwen|web_search_no_think|4|QUESTION|57|934|29f33355-66c5-45f4-83c2-ac7628ee1ad7
2026-03-28 20:46:43|qwen|web_search_no_think|4|JSON_SAVED||934|29f33355-66c5-45f4-83c2-ac7628ee1ad7
2026-03-28 20:46:43|qwen|web_search_no_think|4|QUESTION_ADVANCE||935|24b5df22-6fa1-4633-86d5-eeaf8c3f30e3
2026-03-28 20:46:51|qwen|web_search_no_think|3|QUESTION_SENT||861|2d9e1f22-b990-4648-9dc3-3ebc97e996a9
2026-03-28 20:47:09|qwen|web_search_no_think|4|QUESTION_SENT||935|24b5df22-6fa1-4633-86d5-eeaf8c3f30e3
2026-03-28 20:47:21|qwen|web_search_no_think|0|JSON_VERIFIED||649|5acaacca-a878-41b3-9bd7-b4366f9b0f8f
2026-03-28 20:47:21|qwen|web_search_no_think|0|QUESTION|54|649|5acaacca-a878-41b3-9bd7-b4366f9b0f8f
2026-03-28 20:47:21|qwen|web_search_no_think|0|JSON_SAVED||649|5acaacca-a878-41b3-9bd7-b4366f9b0f8f
2026-03-28 20:47:21|qwen|web_search_no_think|0|QUESTION_ADVANCE||650|3730ac58-4ffd-4cbc-a073-14da0ba97ce1
2026-03-28 20:47:33|qwen|web_search_no_think|2|JSON_VERIFIED||796|599d2c81-c684-457e-ae67-637abd01c6fa
2026-03-28 20:47:33|qwen|web_search_no_think|2|QUESTION|59|796|599d2c81-c684-457e-ae67-637abd01c6fa
2026-03-28 20:47:33|qwen|web_search_no_think|2|JSON_SAVED||796|599d2c81-c684-457e-ae67-637abd01c6fa
2026-03-28 20:47:33|qwen|web_search_no_think|2|QUESTION_ADVANCE||797|7459669b-bcfe-4c94-870b-f49bd2e7463b
2026-03-28 20:47:36|qwen|web_search_no_think|5|JSON_VERIFIED||996|58a573fe-f4e9-4dd9-af89-915ec7a3a493
2026-03-28 20:47:36|qwen|web_search_no_think|5|QUESTION|52|996|58a573fe-f4e9-4dd9-af89-915ec7a3a493
2026-03-28 20:47:36|qwen|web_search_no_think|5|JSON_SAVED||996|58a573fe-f4e9-4dd9-af89-915ec7a3a493
2026-03-28 20:47:36|qwen|web_search_no_think|5|QUESTION_ADVANCE||997|39515719-a44f-424c-8a1c-22d561d57b82
2026-03-28 20:47:56|qwen|web_search_no_think|1|JSON_VERIFIED||725|4b2f501d-194a-4990-8161-2ac2c07600eb
2026-03-28 20:47:56|qwen|web_search_no_think|1|QUESTION|60|725|4b2f501d-194a-4990-8161-2ac2c07600eb
2026-03-28 20:47:56|qwen|web_search_no_think|1|JSON_SAVED||725|4b2f501d-194a-4990-8161-2ac2c07600eb
2026-03-28 20:47:56|qwen|web_search_no_think|1|QUESTION_ADVANCE||726|9ca4fe9a-6dbd-4053-9454-db470e2409fe
2026-03-28 20:48:00|qwen|web_search_no_think|2|QUESTION_SENT||797|7459669b-bcfe-4c94-870b-f49bd2e7463b
2026-03-28 20:48:02|qwen|web_search_no_think|5|QUESTION_SENT||997|39515719-a44f-424c-8a1c-22d561d57b82
2026-03-28 20:48:05|qwen|web_search_no_think|3|JSON_VERIFIED||861|2d9e1f22-b990-4648-9dc3-3ebc97e996a9
2026-03-28 20:48:05|qwen|web_search_no_think|3|QUESTION|55|861|2d9e1f22-b990-4648-9dc3-3ebc97e996a9
2026-03-28 20:48:05|qwen|web_search_no_think|3|JSON_SAVED||861|2d9e1f22-b990-4648-9dc3-3ebc97e996a9
2026-03-28 20:48:05|qwen|web_search_no_think|3|QUESTION_ADVANCE||862|ae9987b4-eb0b-4041-b733-af6b7d447bb8
2026-03-28 20:48:12|qwen|web_search_no_think|0|QUESTION_SENT||650|3730ac58-4ffd-4cbc-a073-14da0ba97ce1
2026-03-28 20:48:23|qwen|web_search_no_think|1|QUESTION_SENT||726|9ca4fe9a-6dbd-4053-9454-db470e2409fe
2026-03-28 20:48:36|qwen|web_search_no_think|4|JSON_VERIFIED||935|24b5df22-6fa1-4633-86d5-eeaf8c3f30e3
2026-03-28 20:48:36|qwen|web_search_no_think|4|QUESTION|58|935|24b5df22-6fa1-4633-86d5-eeaf8c3f30e3
2026-03-28 20:48:36|qwen|web_search_no_think|4|JSON_SAVED||935|24b5df22-6fa1-4633-86d5-eeaf8c3f30e3
2026-03-28 20:48:36|qwen|web_search_no_think|4|QUESTION_ADVANCE||936|527f05c4-00b2-4c8a-af16-c65ec61239dd
2026-03-28 20:48:48|qwen|web_search_no_think|3|QUESTION_SENT||862|ae9987b4-eb0b-4041-b733-af6b7d447bb8
2026-03-28 20:48:55|qwen|web_search_no_think|5|QUESTION_SENT||997|39515719-a44f-424c-8a1c-22d561d57b82
2026-03-28 20:49:02|qwen|web_search_no_think|4|QUESTION_SENT||936|527f05c4-00b2-4c8a-af16-c65ec61239dd
2026-03-28 20:49:13|qwen|web_search_no_think|0|JSON_VERIFIED||650|3730ac58-4ffd-4cbc-a073-14da0ba97ce1
2026-03-28 20:49:13|qwen|web_search_no_think|0|QUESTION|55|650|3730ac58-4ffd-4cbc-a073-14da0ba97ce1
2026-03-28 20:49:13|qwen|web_search_no_think|0|JSON_SAVED||650|3730ac58-4ffd-4cbc-a073-14da0ba97ce1
2026-03-28 20:49:13|qwen|web_search_no_think|0|QUESTION_ADVANCE||651|70f994b1-aaf0-4ab9-a5dc-8c32e8148d1f
2026-03-28 20:49:23|qwen|web_search_no_think|2|JSON_VERIFIED||797|7459669b-bcfe-4c94-870b-f49bd2e7463b
2026-03-28 20:49:23|qwen|web_search_no_think|2|QUESTION|60|797|7459669b-bcfe-4c94-870b-f49bd2e7463b
2026-03-28 20:49:23|qwen|web_search_no_think|2|JSON_SAVED||797|7459669b-bcfe-4c94-870b-f49bd2e7463b
2026-03-28 20:49:23|qwen|web_search_no_think|2|QUESTION_ADVANCE||798|3a2f3e40-8cd4-4543-b2fb-404ea38e68d9
2026-03-28 20:49:31|qwen|web_search_no_think|1|JSON_VERIFIED||726|9ca4fe9a-6dbd-4053-9454-db470e2409fe
2026-03-28 20:49:31|qwen|web_search_no_think|1|QUESTION|61|726|9ca4fe9a-6dbd-4053-9454-db470e2409fe
2026-03-28 20:49:31|qwen|web_search_no_think|1|JSON_SAVED||726|9ca4fe9a-6dbd-4053-9454-db470e2409fe
2026-03-28 20:49:31|qwen|web_search_no_think|1|QUESTION_ADVANCE||727|b8a8364e-020d-445c-8624-3a48ead46ddb
2026-03-28 20:49:40|qwen|web_search_no_think|0|QUESTION_SENT||651|70f994b1-aaf0-4ab9-a5dc-8c32e8148d1f
2026-03-28 20:49:50|qwen|web_search_no_think|2|QUESTION_SENT||798|3a2f3e40-8cd4-4543-b2fb-404ea38e68d9
2026-03-28 20:49:57|qwen|web_search_no_think|1|QUESTION_SENT||727|b8a8364e-020d-445c-8624-3a48ead46ddb
2026-03-28 20:50:06|qwen|web_search_no_think|4|JSON_VERIFIED||936|527f05c4-00b2-4c8a-af16-c65ec61239dd
2026-03-28 20:50:06|qwen|web_search_no_think|4|QUESTION|59|936|527f05c4-00b2-4c8a-af16-c65ec61239dd
2026-03-28 20:50:06|qwen|web_search_no_think|4|JSON_SAVED||936|527f05c4-00b2-4c8a-af16-c65ec61239dd
2026-03-28 20:50:06|qwen|web_search_no_think|4|QUESTION_ADVANCE||937|c30feb03-ba2c-4449-a33d-b7dadbdae6a8
2026-03-28 20:50:08|qwen|web_search_no_think|5|JSON_VERIFIED||997|39515719-a44f-424c-8a1c-22d561d57b82
2026-03-28 20:50:08|qwen|web_search_no_think|5|QUESTION|53|997|39515719-a44f-424c-8a1c-22d561d57b82
2026-03-28 20:50:08|qwen|web_search_no_think|5|JSON_SAVED||997|39515719-a44f-424c-8a1c-22d561d57b82
2026-03-28 20:50:08|qwen|web_search_no_think|5|QUESTION_ADVANCE||998|5806931f-1c51-4bbc-a15b-882cced139cc
2026-03-28 20:50:20|qwen|web_search_no_think|3|JSON_VERIFIED||862|ae9987b4-eb0b-4041-b733-af6b7d447bb8
2026-03-28 20:50:20|qwen|web_search_no_think|3|QUESTION|56|862|ae9987b4-eb0b-4041-b733-af6b7d447bb8
2026-03-28 20:50:20|qwen|web_search_no_think|3|JSON_SAVED||862|ae9987b4-eb0b-4041-b733-af6b7d447bb8
2026-03-28 20:50:20|qwen|web_search_no_think|3|QUESTION_ADVANCE||863|48b19c86-3620-4a28-adcd-bcac1ea10049
2026-03-28 20:50:33|qwen|web_search_no_think|4|QUESTION_SENT||937|c30feb03-ba2c-4449-a33d-b7dadbdae6a8
2026-03-28 20:50:34|qwen|web_search_no_think|5|QUESTION_SENT||998|5806931f-1c51-4bbc-a15b-882cced139cc
2026-03-28 20:50:46|qwen|web_search_no_think|3|QUESTION_SENT||863|48b19c86-3620-4a28-adcd-bcac1ea10049
2026-03-28 20:51:19|qwen|web_search_no_think|0|JSON_VERIFIED||651|70f994b1-aaf0-4ab9-a5dc-8c32e8148d1f
2026-03-28 20:51:19|qwen|web_search_no_think|0|QUESTION|56|651|70f994b1-aaf0-4ab9-a5dc-8c32e8148d1f
2026-03-28 20:51:19|qwen|web_search_no_think|0|JSON_SAVED||651|70f994b1-aaf0-4ab9-a5dc-8c32e8148d1f
2026-03-28 20:51:19|qwen|web_search_no_think|0|QUESTION_ADVANCE||652|d04fc192-d185-4206-aae3-4c08d20e7eb1
2026-03-28 20:51:25|qwen|web_search_no_think|2|JSON_VERIFIED||798|3a2f3e40-8cd4-4543-b2fb-404ea38e68d9
2026-03-28 20:51:25|qwen|web_search_no_think|2|QUESTION|61|798|3a2f3e40-8cd4-4543-b2fb-404ea38e68d9
2026-03-28 20:51:25|qwen|web_search_no_think|2|JSON_SAVED||798|3a2f3e40-8cd4-4543-b2fb-404ea38e68d9
2026-03-28 20:51:25|qwen|web_search_no_think|2|QUESTION_ADVANCE||799|25305862-055b-4169-9338-43d2dfa6ae70
2026-03-28 20:51:31|qwen|web_search_no_think|4|JSON_VERIFIED||937|c30feb03-ba2c-4449-a33d-b7dadbdae6a8
2026-03-28 20:51:31|qwen|web_search_no_think|4|QUESTION|60|937|c30feb03-ba2c-4449-a33d-b7dadbdae6a8
2026-03-28 20:51:31|qwen|web_search_no_think|4|JSON_SAVED||937|c30feb03-ba2c-4449-a33d-b7dadbdae6a8
2026-03-28 20:51:31|qwen|web_search_no_think|4|QUESTION_ADVANCE||938|bdcfecbe-933b-4136-b030-64bd4303bbe3
2026-03-28 20:51:46|qwen|web_search_no_think|0|QUESTION_SENT||652|d04fc192-d185-4206-aae3-4c08d20e7eb1
2026-03-28 20:51:48|qwen|web_search_no_think|1|JSON_VERIFIED||727|b8a8364e-020d-445c-8624-3a48ead46ddb
2026-03-28 20:51:48|qwen|web_search_no_think|1|QUESTION|62|727|b8a8364e-020d-445c-8624-3a48ead46ddb
2026-03-28 20:51:48|qwen|web_search_no_think|1|JSON_SAVED||727|b8a8364e-020d-445c-8624-3a48ead46ddb
2026-03-28 20:51:48|qwen|web_search_no_think|1|QUESTION_ADVANCE||728|b6018bc1-233a-4def-bfbd-fcb455d55ce3
2026-03-28 20:51:51|qwen|web_search_no_think|2|QUESTION_SENT||799|25305862-055b-4169-9338-43d2dfa6ae70
2026-03-28 20:51:57|qwen|web_search_no_think|4|QUESTION_SENT||938|bdcfecbe-933b-4136-b030-64bd4303bbe3
2026-03-28 20:52:06|qwen|web_search_no_think|5|JSON_VERIFIED||998|5806931f-1c51-4bbc-a15b-882cced139cc
2026-03-28 20:52:06|qwen|web_search_no_think|5|QUESTION|54|998|5806931f-1c51-4bbc-a15b-882cced139cc
2026-03-28 20:52:06|qwen|web_search_no_think|5|JSON_SAVED||998|5806931f-1c51-4bbc-a15b-882cced139cc
2026-03-28 20:52:06|qwen|web_search_no_think|5|QUESTION_ADVANCE||999|0205be8d-bb6a-49a1-baf7-ed80d001313e
2026-03-28 20:52:14|qwen|web_search_no_think|1|QUESTION_SENT||728|b6018bc1-233a-4def-bfbd-fcb455d55ce3
2026-03-28 20:52:33|qwen|web_search_no_think|5|QUESTION_SENT||999|0205be8d-bb6a-49a1-baf7-ed80d001313e
2026-03-28 20:52:34|qwen|web_search_no_think|3|JSON_VERIFY_FAILED||863|48b19c86-3620-4a28-adcd-bcac1ea10049
2026-03-28 20:52:34|qwen|web_search_no_think|3|QUESTION|57|863|48b19c86-3620-4a28-adcd-bcac1ea10049
2026-03-28 20:52:43|qwen|web_search_no_think|0|JSON_VERIFY_FAILED||652|d04fc192-d185-4206-aae3-4c08d20e7eb1
2026-03-28 20:52:43|qwen|web_search_no_think|0|QUESTION|57|652|d04fc192-d185-4206-aae3-4c08d20e7eb1
2026-03-28 20:52:47|qwen|web_search_no_think|2|JSON_VERIFIED||799|25305862-055b-4169-9338-43d2dfa6ae70
2026-03-28 20:52:47|qwen|web_search_no_think|2|QUESTION|62|799|25305862-055b-4169-9338-43d2dfa6ae70
2026-03-28 20:52:47|qwen|web_search_no_think|2|JSON_SAVED||799|25305862-055b-4169-9338-43d2dfa6ae70
2026-03-28 20:52:47|qwen|web_search_no_think|2|QUESTION_ADVANCE||800|2bb12998-72d9-4ef7-a412-324f4f57b013
2026-03-28 20:53:01|qwen|web_search_no_think|3|QUESTION_SENT||863|48b19c86-3620-4a28-adcd-bcac1ea10049
2026-03-28 20:53:09|qwen|web_search_no_think|0|QUESTION_SENT||652|d04fc192-d185-4206-aae3-4c08d20e7eb1
2026-03-28 20:53:11|qwen|web_search_no_think|4|JSON_VERIFIED||938|bdcfecbe-933b-4136-b030-64bd4303bbe3
2026-03-28 20:53:11|qwen|web_search_no_think|4|QUESTION|61|938|bdcfecbe-933b-4136-b030-64bd4303bbe3
2026-03-28 20:53:11|qwen|web_search_no_think|4|JSON_SAVED||938|bdcfecbe-933b-4136-b030-64bd4303bbe3
2026-03-28 20:53:11|qwen|web_search_no_think|4|QUESTION_ADVANCE||939|74e9005d-6e8d-4cc3-b00a-d2b1bcda796b
2026-03-28 20:53:13|qwen|web_search_no_think|2|QUESTION_SENT||800|2bb12998-72d9-4ef7-a412-324f4f57b013
2026-03-28 20:53:21|qwen|web_search_no_think|1|JSON_VERIFIED||728|b6018bc1-233a-4def-bfbd-fcb455d55ce3
2026-03-28 20:53:21|qwen|web_search_no_think|1|QUESTION|63|728|b6018bc1-233a-4def-bfbd-fcb455d55ce3
2026-03-28 20:53:21|qwen|web_search_no_think|1|JSON_SAVED||728|b6018bc1-233a-4def-bfbd-fcb455d55ce3
2026-03-28 20:53:21|qwen|web_search_no_think|1|QUESTION_ADVANCE||729|627f19ae-d925-472a-b1be-154b189f34cb
2026-03-28 20:53:36|qwen|web_search_no_think|0|JSON_VERIFY_FAILED||652|d04fc192-d185-4206-aae3-4c08d20e7eb1
2026-03-28 20:53:36|qwen|web_search_no_think|0|QUESTION|58|652|d04fc192-d185-4206-aae3-4c08d20e7eb1
2026-03-28 20:53:38|qwen|web_search_no_think|4|QUESTION_SENT||939|74e9005d-6e8d-4cc3-b00a-d2b1bcda796b
2026-03-28 20:53:44|qwen|web_search_no_think|5|JSON_VERIFIED||999|0205be8d-bb6a-49a1-baf7-ed80d001313e
2026-03-28 20:53:44|qwen|web_search_no_think|5|QUESTION|55|999|0205be8d-bb6a-49a1-baf7-ed80d001313e
2026-03-28 20:53:44|qwen|web_search_no_think|5|JSON_SAVED||999|0205be8d-bb6a-49a1-baf7-ed80d001313e
2026-03-28 20:53:44|qwen|web_search_no_think|5|QUESTION_ADVANCE||1000|3e2506dc-b75f-4537-86ad-c2da0e8feda8
2026-03-28 20:53:48|qwen|web_search_no_think|1|QUESTION_SENT||729|627f19ae-d925-472a-b1be-154b189f34cb
2026-03-28 20:54:02|qwen|web_search_no_think|0|QUESTION_SENT||652|d04fc192-d185-4206-aae3-4c08d20e7eb1
2026-03-28 20:54:10|qwen|web_search_no_think|5|QUESTION_SENT||1000|3e2506dc-b75f-4537-86ad-c2da0e8feda8
2026-03-28 20:54:26|qwen|web_search_no_think|2|JSON_VERIFIED||800|2bb12998-72d9-4ef7-a412-324f4f57b013
2026-03-28 20:54:26|qwen|web_search_no_think|2|QUESTION|63|800|2bb12998-72d9-4ef7-a412-324f4f57b013
2026-03-28 20:54:26|qwen|web_search_no_think|2|JSON_SAVED||800|2bb12998-72d9-4ef7-a412-324f4f57b013
2026-03-28 20:54:26|qwen|web_search_no_think|2|QUESTION_ADVANCE||801|ab4bc968-091f-42d4-8d9f-e342cf1921be
2026-03-28 20:54:30|qwen|web_search_no_think|3|JSON_VERIFIED||863|48b19c86-3620-4a28-adcd-bcac1ea10049
2026-03-28 20:54:30|qwen|web_search_no_think|3|QUESTION|58|863|48b19c86-3620-4a28-adcd-bcac1ea10049
2026-03-28 20:54:30|qwen|web_search_no_think|3|JSON_SAVED||863|48b19c86-3620-4a28-adcd-bcac1ea10049
2026-03-28 20:54:30|qwen|web_search_no_think|3|QUESTION_ADVANCE||864|c5f18aad-4a78-4a63-875c-ec07dde0e23d
2026-03-28 20:54:47|qwen|web_search_no_think|1|JSON_VERIFIED||729|627f19ae-d925-472a-b1be-154b189f34cb
2026-03-28 20:54:47|qwen|web_search_no_think|1|QUESTION|64|729|627f19ae-d925-472a-b1be-154b189f34cb
2026-03-28 20:54:47|qwen|web_search_no_think|1|JSON_SAVED||729|627f19ae-d925-472a-b1be-154b189f34cb
2026-03-28 20:54:47|qwen|web_search_no_think|1|QUESTION_ADVANCE||730|1854a6a5-2ecc-47b9-a5b2-cd0362bda414
2026-03-28 20:54:47|qwen|web_search_no_think|4|JSON_VERIFIED||939|74e9005d-6e8d-4cc3-b00a-d2b1bcda796b
2026-03-28 20:54:47|qwen|web_search_no_think|4|QUESTION|62|939|74e9005d-6e8d-4cc3-b00a-d2b1bcda796b
2026-03-28 20:54:47|qwen|web_search_no_think|4|JSON_SAVED||939|74e9005d-6e8d-4cc3-b00a-d2b1bcda796b
2026-03-28 20:54:47|qwen|web_search_no_think|4|QUESTION_ADVANCE||940|bfb927f5-f6ea-4a9b-8db0-86e84964498c
2026-03-28 20:54:57|qwen|web_search_no_think|3|QUESTION_SENT||864|c5f18aad-4a78-4a63-875c-ec07dde0e23d
2026-03-28 20:55:09|qwen|web_search_no_think|0|JSON_VERIFIED||652|d04fc192-d185-4206-aae3-4c08d20e7eb1
2026-03-28 20:55:09|qwen|web_search_no_think|0|QUESTION|59|652|d04fc192-d185-4206-aae3-4c08d20e7eb1
2026-03-28 20:55:09|qwen|web_search_no_think|0|JSON_SAVED||652|d04fc192-d185-4206-aae3-4c08d20e7eb1
2026-03-28 20:55:09|qwen|web_search_no_think|0|QUESTION_ADVANCE||653|dc0ea7a9-6815-4689-b975-b7e5b4e2d292
2026-03-28 20:55:11|qwen|web_search_no_think|5|JSON_VERIFIED||1000|3e2506dc-b75f-4537-86ad-c2da0e8feda8
2026-03-28 20:55:11|qwen|web_search_no_think|5|QUESTION|56|1000|3e2506dc-b75f-4537-86ad-c2da0e8feda8
2026-03-28 20:55:11|qwen|web_search_no_think|5|JSON_SAVED||1000|3e2506dc-b75f-4537-86ad-c2da0e8feda8
2026-03-28 20:55:11|qwen|web_search_no_think|5|QUESTION_ADVANCE||1001|174a14cd-3ce3-44bf-b415-50c7b788090c
2026-03-28 20:55:14|qwen|web_search_no_think|1|QUESTION_SENT||730|1854a6a5-2ecc-47b9-a5b2-cd0362bda414
2026-03-28 20:55:14|qwen|web_search_no_think|4|QUESTION_SENT||940|bfb927f5-f6ea-4a9b-8db0-86e84964498c
2026-03-28 20:55:20|qwen|web_search_no_think|2|QUESTION_SENT||801|ab4bc968-091f-42d4-8d9f-e342cf1921be
2026-03-28 20:55:36|qwen|web_search_no_think|0|QUESTION_SENT||653|dc0ea7a9-6815-4689-b975-b7e5b4e2d292
2026-03-28 20:55:38|qwen|web_search_no_think|5|QUESTION_SENT||1001|174a14cd-3ce3-44bf-b415-50c7b788090c
2026-03-28 20:56:03|qwen|web_search_no_think|3|JSON_VERIFIED||864|c5f18aad-4a78-4a63-875c-ec07dde0e23d
2026-03-28 20:56:03|qwen|web_search_no_think|3|QUESTION|59|864|c5f18aad-4a78-4a63-875c-ec07dde0e23d
2026-03-28 20:56:03|qwen|web_search_no_think|3|JSON_SAVED||864|c5f18aad-4a78-4a63-875c-ec07dde0e23d
2026-03-28 20:56:03|qwen|web_search_no_think|3|QUESTION_ADVANCE||865|9b2369b9-8135-4b6b-b94a-c0f6b0fa9cd1
2026-03-28 20:56:26|qwen|web_search_no_think|2|JSON_VERIFIED||801|ab4bc968-091f-42d4-8d9f-e342cf1921be
2026-03-28 20:56:26|qwen|web_search_no_think|2|QUESTION|64|801|ab4bc968-091f-42d4-8d9f-e342cf1921be
2026-03-28 20:56:26|qwen|web_search_no_think|2|JSON_SAVED||801|ab4bc968-091f-42d4-8d9f-e342cf1921be
2026-03-28 20:56:26|qwen|web_search_no_think|2|QUESTION_ADVANCE||802|3561c926-4ace-4196-b514-3796552733d1
2026-03-28 20:56:30|qwen|web_search_no_think|3|QUESTION_SENT||865|9b2369b9-8135-4b6b-b94a-c0f6b0fa9cd1
2026-03-28 20:56:47|qwen|web_search_no_think|0|JSON_VERIFIED||653|dc0ea7a9-6815-4689-b975-b7e5b4e2d292
2026-03-28 20:56:47|qwen|web_search_no_think|0|QUESTION|60|653|dc0ea7a9-6815-4689-b975-b7e5b4e2d292
2026-03-28 20:56:47|qwen|web_search_no_think|0|JSON_SAVED||653|dc0ea7a9-6815-4689-b975-b7e5b4e2d292
2026-03-28 20:56:47|qwen|web_search_no_think|0|QUESTION_ADVANCE||654|3794940b-2029-41f6-9754-0f9fcde0390f
2026-03-28 20:56:52|qwen|web_search_no_think|2|QUESTION_SENT||802|3561c926-4ace-4196-b514-3796552733d1
2026-03-28 20:56:59|qwen|web_search_no_think|4|JSON_VERIFIED||940|bfb927f5-f6ea-4a9b-8db0-86e84964498c
2026-03-28 20:56:59|qwen|web_search_no_think|4|QUESTION|63|940|bfb927f5-f6ea-4a9b-8db0-86e84964498c
2026-03-28 20:56:59|qwen|web_search_no_think|4|JSON_SAVED||940|bfb927f5-f6ea-4a9b-8db0-86e84964498c
2026-03-28 20:56:59|qwen|web_search_no_think|4|QUESTION_ADVANCE||941|1dadc058-7dde-45e1-a583-36c942edacfb
2026-03-28 20:57:09|qwen|web_search_no_think|1|JSON_VERIFIED||730|1854a6a5-2ecc-47b9-a5b2-cd0362bda414
2026-03-28 20:57:09|qwen|web_search_no_think|1|QUESTION|65|730|1854a6a5-2ecc-47b9-a5b2-cd0362bda414
2026-03-28 20:57:09|qwen|web_search_no_think|1|JSON_SAVED||730|1854a6a5-2ecc-47b9-a5b2-cd0362bda414
2026-03-28 20:57:09|qwen|web_search_no_think|1|QUESTION_ADVANCE||731|d03b5a4d-c1fb-41c1-a3fc-e8d2e4fcbc2d
2026-03-28 20:57:13|qwen|web_search_no_think|0|QUESTION_SENT||654|3794940b-2029-41f6-9754-0f9fcde0390f
2026-03-28 20:57:25|qwen|web_search_no_think|4|QUESTION_SENT||941|1dadc058-7dde-45e1-a583-36c942edacfb
2026-03-28 20:57:35|qwen|web_search_no_think|1|QUESTION_SENT||731|d03b5a4d-c1fb-41c1-a3fc-e8d2e4fcbc2d
2026-03-28 20:58:04|qwen|web_search_no_think|3|JSON_VERIFIED||865|9b2369b9-8135-4b6b-b94a-c0f6b0fa9cd1
2026-03-28 20:58:04|qwen|web_search_no_think|3|QUESTION|60|865|9b2369b9-8135-4b6b-b94a-c0f6b0fa9cd1
2026-03-28 20:58:04|qwen|web_search_no_think|3|JSON_SAVED||865|9b2369b9-8135-4b6b-b94a-c0f6b0fa9cd1
2026-03-28 20:58:04|qwen|web_search_no_think|3|QUESTION_ADVANCE||866|e5f97add-106a-42e3-8b30-d92d857ccb41
2026-03-28 20:58:20|qwen|web_search_no_think|2|JSON_VERIFIED||802|3561c926-4ace-4196-b514-3796552733d1
2026-03-28 20:58:20|qwen|web_search_no_think|2|QUESTION|65|802|3561c926-4ace-4196-b514-3796552733d1
2026-03-28 20:58:20|qwen|web_search_no_think|2|JSON_SAVED||802|3561c926-4ace-4196-b514-3796552733d1
2026-03-28 20:58:20|qwen|web_search_no_think|2|QUESTION_ADVANCE||803|75c0277a-d24b-4414-8aa4-2f5f0f04118c
2026-03-28 20:58:28|qwen|web_search_no_think|0|JSON_VERIFIED||654|3794940b-2029-41f6-9754-0f9fcde0390f
2026-03-28 20:58:28|qwen|web_search_no_think|0|QUESTION|61|654|3794940b-2029-41f6-9754-0f9fcde0390f
2026-03-28 20:58:28|qwen|web_search_no_think|0|JSON_SAVED||654|3794940b-2029-41f6-9754-0f9fcde0390f
2026-03-28 20:58:28|qwen|web_search_no_think|0|QUESTION_ADVANCE||655|ec7be2b5-ac68-44fe-be2d-6db6afd9e5c4
2026-03-28 20:58:30|qwen|web_search_no_think|3|QUESTION_SENT||866|e5f97add-106a-42e3-8b30-d92d857ccb41
2026-03-28 20:58:39|qwen|web_search_no_think|1|JSON_VERIFIED||731|d03b5a4d-c1fb-41c1-a3fc-e8d2e4fcbc2d
2026-03-28 20:58:39|qwen|web_search_no_think|1|QUESTION|66|731|d03b5a4d-c1fb-41c1-a3fc-e8d2e4fcbc2d
2026-03-28 20:58:39|qwen|web_search_no_think|1|JSON_SAVED||731|d03b5a4d-c1fb-41c1-a3fc-e8d2e4fcbc2d
2026-03-28 20:58:39|qwen|web_search_no_think|1|QUESTION_ADVANCE||732|e87ab9ab-ff08-4ef0-b531-ad004ea1e57d
2026-03-28 20:58:52|qwen|web_search_no_think|4|JSON_VERIFIED||941|1dadc058-7dde-45e1-a583-36c942edacfb
2026-03-28 20:58:52|qwen|web_search_no_think|4|QUESTION|64|941|1dadc058-7dde-45e1-a583-36c942edacfb
2026-03-28 20:58:52|qwen|web_search_no_think|4|JSON_SAVED||941|1dadc058-7dde-45e1-a583-36c942edacfb
2026-03-28 20:58:52|qwen|web_search_no_think|4|QUESTION_ADVANCE||942|290692da-3a36-4bbf-b448-266d17664b76
2026-03-28 20:58:55|qwen|web_search_no_think|0|QUESTION_SENT||655|ec7be2b5-ac68-44fe-be2d-6db6afd9e5c4
2026-03-28 20:59:03|qwen|web_search_no_think|2|QUESTION_SENT||803|75c0277a-d24b-4414-8aa4-2f5f0f04118c
2026-03-28 20:59:06|qwen|web_search_no_think|1|QUESTION_SENT||732|e87ab9ab-ff08-4ef0-b531-ad004ea1e57d
2026-03-28 20:59:18|qwen|web_search_no_think|4|QUESTION_SENT||942|290692da-3a36-4bbf-b448-266d17664b76
2026-03-28 21:00:10|qwen|web_search_no_think|0|JSON_VERIFIED||655|ec7be2b5-ac68-44fe-be2d-6db6afd9e5c4
2026-03-28 21:00:10|qwen|web_search_no_think|0|QUESTION|62|655|ec7be2b5-ac68-44fe-be2d-6db6afd9e5c4
2026-03-28 21:00:10|qwen|web_search_no_think|0|JSON_SAVED||655|ec7be2b5-ac68-44fe-be2d-6db6afd9e5c4
2026-03-28 21:00:10|qwen|web_search_no_think|0|QUESTION_ADVANCE||656|ed922fa6-37b2-410b-8bc2-85b16ea62811
2026-03-28 21:00:14|qwen|web_search_no_think|3|JSON_VERIFIED||866|e5f97add-106a-42e3-8b30-d92d857ccb41
2026-03-28 21:00:14|qwen|web_search_no_think|3|QUESTION|61|866|e5f97add-106a-42e3-8b30-d92d857ccb41
2026-03-28 21:00:14|qwen|web_search_no_think|3|JSON_SAVED||866|e5f97add-106a-42e3-8b30-d92d857ccb41
2026-03-28 21:00:14|qwen|web_search_no_think|3|QUESTION_ADVANCE||867|967722ac-3278-4fb8-9bad-f53a98336b82
2026-03-28 21:00:16|qwen|web_search_no_think|2|JSON_VERIFIED||803|75c0277a-d24b-4414-8aa4-2f5f0f04118c
2026-03-28 21:00:16|qwen|web_search_no_think|2|QUESTION|66|803|75c0277a-d24b-4414-8aa4-2f5f0f04118c
2026-03-28 21:00:16|qwen|web_search_no_think|2|JSON_SAVED||803|75c0277a-d24b-4414-8aa4-2f5f0f04118c
2026-03-28 21:00:16|qwen|web_search_no_think|2|QUESTION_ADVANCE||804|98017ee8-ca78-476b-a284-fa3b30274c00
2026-03-28 21:00:30|qwen|web_search_no_think|4|JSON_VERIFIED||942|290692da-3a36-4bbf-b448-266d17664b76
2026-03-28 21:00:30|qwen|web_search_no_think|4|QUESTION|65|942|290692da-3a36-4bbf-b448-266d17664b76
2026-03-28 21:00:30|qwen|web_search_no_think|4|JSON_SAVED||942|290692da-3a36-4bbf-b448-266d17664b76
2026-03-28 21:00:30|qwen|web_search_no_think|4|QUESTION_ADVANCE||943|0a997642-4aae-49df-8d11-3cbed973cf45
2026-03-28 21:00:37|qwen|web_search_no_think|0|QUESTION_SENT||656|ed922fa6-37b2-410b-8bc2-85b16ea62811
2026-03-28 21:00:40|qwen|web_search_no_think|3|QUESTION_SENT||867|967722ac-3278-4fb8-9bad-f53a98336b82
2026-03-28 21:00:42|qwen|web_search_no_think|2|QUESTION_SENT||804|98017ee8-ca78-476b-a284-fa3b30274c00
2026-03-28 21:00:52|qwen|web_search_no_think|1|JSON_VERIFIED||732|e87ab9ab-ff08-4ef0-b531-ad004ea1e57d
2026-03-28 21:00:52|qwen|web_search_no_think|1|QUESTION|67|732|e87ab9ab-ff08-4ef0-b531-ad004ea1e57d
2026-03-28 21:00:52|qwen|web_search_no_think|1|JSON_SAVED||732|e87ab9ab-ff08-4ef0-b531-ad004ea1e57d
2026-03-28 21:00:52|qwen|web_search_no_think|1|QUESTION_ADVANCE||733|6c0feb99-ff1b-4681-a316-4e692ae2e149
2026-03-28 21:00:56|qwen|web_search_no_think|4|QUESTION_SENT||943|0a997642-4aae-49df-8d11-3cbed973cf45
2026-03-28 21:01:19|qwen|web_search_no_think|1|QUESTION_SENT||733|6c0feb99-ff1b-4681-a316-4e692ae2e149
2026-03-28 21:01:28|qwen|web_search_no_think|0|JSON_VERIFIED||656|ed922fa6-37b2-410b-8bc2-85b16ea62811
2026-03-28 21:01:28|qwen|web_search_no_think|0|QUESTION|63|656|ed922fa6-37b2-410b-8bc2-85b16ea62811
2026-03-28 21:01:28|qwen|web_search_no_think|0|JSON_SAVED||656|ed922fa6-37b2-410b-8bc2-85b16ea62811
2026-03-28 21:01:28|qwen|web_search_no_think|0|QUESTION_ADVANCE||657|f7923a24-f65c-4e8b-995d-4175355d286e
2026-03-28 21:01:54|qwen|web_search_no_think|0|QUESTION_SENT||657|f7923a24-f65c-4e8b-995d-4175355d286e
2026-03-28 21:01:57|qwen|web_search_no_think|3|JSON_VERIFIED||867|967722ac-3278-4fb8-9bad-f53a98336b82
2026-03-28 21:01:57|qwen|web_search_no_think|3|QUESTION|62|867|967722ac-3278-4fb8-9bad-f53a98336b82
2026-03-28 21:01:57|qwen|web_search_no_think|3|JSON_SAVED||867|967722ac-3278-4fb8-9bad-f53a98336b82
2026-03-28 21:01:57|qwen|web_search_no_think|3|QUESTION_ADVANCE||868|3e0c947c-a2fb-4c9e-9e99-daafb6bab028
2026-03-28 21:02:07|qwen|web_search_no_think|4|JSON_VERIFIED||943|0a997642-4aae-49df-8d11-3cbed973cf45
2026-03-28 21:02:07|qwen|web_search_no_think|4|QUESTION|66|943|0a997642-4aae-49df-8d11-3cbed973cf45
2026-03-28 21:02:07|qwen|web_search_no_think|4|JSON_SAVED||943|0a997642-4aae-49df-8d11-3cbed973cf45
2026-03-28 21:02:07|qwen|web_search_no_think|4|QUESTION_ADVANCE||944|5ddf25b2-aa37-4470-b21c-ee52bc5aff10
2026-03-28 21:02:20|qwen|web_search_no_think|0|JSON_VERIFY_FAILED||657|f7923a24-f65c-4e8b-995d-4175355d286e
2026-03-28 21:02:20|qwen|web_search_no_think|0|QUESTION|64|657|f7923a24-f65c-4e8b-995d-4175355d286e
2026-03-28 21:02:21|qwen|web_search_no_think|1|JSON_VERIFIED||733|6c0feb99-ff1b-4681-a316-4e692ae2e149
2026-03-28 21:02:21|qwen|web_search_no_think|1|QUESTION|68|733|6c0feb99-ff1b-4681-a316-4e692ae2e149
2026-03-28 21:02:21|qwen|web_search_no_think|1|JSON_SAVED||733|6c0feb99-ff1b-4681-a316-4e692ae2e149
2026-03-28 21:02:21|qwen|web_search_no_think|1|QUESTION_ADVANCE||734|f8a39a12-35b8-4bb1-9b53-991e790518fc
2026-03-28 21:02:23|qwen|web_search_no_think|3|QUESTION_SENT||868|3e0c947c-a2fb-4c9e-9e99-daafb6bab028
2026-03-28 21:02:31|qwen|web_search_no_think|2|JSON_VERIFIED||804|98017ee8-ca78-476b-a284-fa3b30274c00
2026-03-28 21:02:31|qwen|web_search_no_think|2|QUESTION|67|804|98017ee8-ca78-476b-a284-fa3b30274c00
2026-03-28 21:02:31|qwen|web_search_no_think|2|JSON_SAVED||804|98017ee8-ca78-476b-a284-fa3b30274c00
2026-03-28 21:02:31|qwen|web_search_no_think|2|QUESTION_ADVANCE||805|565b9ff3-b296-4508-a431-a6b6d52d7c1b
2026-03-28 21:02:33|qwen|web_search_no_think|4|QUESTION_SENT||944|5ddf25b2-aa37-4470-b21c-ee52bc5aff10
2026-03-28 21:02:46|qwen|web_search_no_think|0|QUESTION_SENT||657|f7923a24-f65c-4e8b-995d-4175355d286e
2026-03-28 21:02:48|qwen|web_search_no_think|1|QUESTION_SENT||734|f8a39a12-35b8-4bb1-9b53-991e790518fc
2026-03-28 21:02:58|qwen|web_search_no_think|2|QUESTION_SENT||805|565b9ff3-b296-4508-a431-a6b6d52d7c1b
2026-03-28 21:03:44|qwen|web_search_no_think|3|JSON_VERIFIED||868|3e0c947c-a2fb-4c9e-9e99-daafb6bab028
2026-03-28 21:03:44|qwen|web_search_no_think|3|QUESTION|63|868|3e0c947c-a2fb-4c9e-9e99-daafb6bab028
2026-03-28 21:03:44|qwen|web_search_no_think|3|JSON_SAVED||868|3e0c947c-a2fb-4c9e-9e99-daafb6bab028
2026-03-28 21:03:44|qwen|web_search_no_think|3|QUESTION_ADVANCE||869|9ab6acbf-bcf1-43a1-8e00-3ac7e798afb7
2026-03-28 21:03:52|qwen|web_search_no_think|0|JSON_VERIFIED||657|f7923a24-f65c-4e8b-995d-4175355d286e
2026-03-28 21:03:52|qwen|web_search_no_think|0|QUESTION|65|657|f7923a24-f65c-4e8b-995d-4175355d286e
2026-03-28 21:03:52|qwen|web_search_no_think|0|JSON_SAVED||657|f7923a24-f65c-4e8b-995d-4175355d286e
2026-03-28 21:03:52|qwen|web_search_no_think|0|QUESTION_ADVANCE||658|baa2397c-d707-493d-9799-9c10dd8dcf96
2026-03-28 21:04:00|qwen|web_search_no_think|4|JSON_VERIFIED||944|5ddf25b2-aa37-4470-b21c-ee52bc5aff10
2026-03-28 21:04:00|qwen|web_search_no_think|4|QUESTION|67|944|5ddf25b2-aa37-4470-b21c-ee52bc5aff10
2026-03-28 21:04:00|qwen|web_search_no_think|4|JSON_SAVED||944|5ddf25b2-aa37-4470-b21c-ee52bc5aff10
2026-03-28 21:04:00|qwen|web_search_no_think|4|QUESTION_ADVANCE||945|ac747ce9-8522-44d3-8121-c499b8371408
2026-03-28 21:04:00|qwen|web_search_no_think|2|JSON_VERIFIED||805|565b9ff3-b296-4508-a431-a6b6d52d7c1b
2026-03-28 21:04:00|qwen|web_search_no_think|2|QUESTION|68|805|565b9ff3-b296-4508-a431-a6b6d52d7c1b
2026-03-28 21:04:00|qwen|web_search_no_think|2|JSON_SAVED||805|565b9ff3-b296-4508-a431-a6b6d52d7c1b
2026-03-28 21:04:00|qwen|web_search_no_think|2|QUESTION_ADVANCE||806|96ecdab9-b0b8-4ff1-a367-cac4ec1ac049
2026-03-28 21:04:11|qwen|web_search_no_think|3|QUESTION_SENT||869|9ab6acbf-bcf1-43a1-8e00-3ac7e798afb7
2026-03-28 21:04:18|qwen|web_search_no_think|0|QUESTION_SENT||658|baa2397c-d707-493d-9799-9c10dd8dcf96
2026-03-28 21:04:27|qwen|web_search_no_think|4|QUESTION_SENT||945|ac747ce9-8522-44d3-8121-c499b8371408
2026-03-28 21:04:27|qwen|web_search_no_think|2|QUESTION_SENT||806|96ecdab9-b0b8-4ff1-a367-cac4ec1ac049
2026-03-28 21:04:32|qwen|web_search_no_think|1|JSON_VERIFY_FAILED||734|f8a39a12-35b8-4bb1-9b53-991e790518fc
2026-03-28 21:04:32|qwen|web_search_no_think|1|QUESTION|69|734|f8a39a12-35b8-4bb1-9b53-991e790518fc
2026-03-28 21:04:37|qwen|web_search_no_think|1|QUESTION_SENT||734|f8a39a12-35b8-4bb1-9b53-991e790518fc
2026-03-28 21:05:19|qwen|web_search_no_think|3|JSON_VERIFIED||869|9ab6acbf-bcf1-43a1-8e00-3ac7e798afb7
2026-03-28 21:05:19|qwen|web_search_no_think|3|QUESTION|64|869|9ab6acbf-bcf1-43a1-8e00-3ac7e798afb7
2026-03-28 21:05:19|qwen|web_search_no_think|3|JSON_SAVED||869|9ab6acbf-bcf1-43a1-8e00-3ac7e798afb7
2026-03-28 21:05:19|qwen|web_search_no_think|3|QUESTION_ADVANCE||870|2c5db6e1-dcc1-472b-8541-77a77a02501e
2026-03-28 21:05:19|qwen|web_search_no_think|0|JSON_VERIFIED||658|baa2397c-d707-493d-9799-9c10dd8dcf96
2026-03-28 21:05:19|qwen|web_search_no_think|0|QUESTION|66|658|baa2397c-d707-493d-9799-9c10dd8dcf96
2026-03-28 21:05:19|qwen|web_search_no_think|0|JSON_SAVED||658|baa2397c-d707-493d-9799-9c10dd8dcf96
2026-03-28 21:05:19|qwen|web_search_no_think|0|QUESTION_ADVANCE||659|a327b65d-0890-46e1-aa29-84b7928c2548
2026-03-28 21:05:22|qwen|web_search_no_think|2|JSON_VERIFIED||806|96ecdab9-b0b8-4ff1-a367-cac4ec1ac049
2026-03-28 21:05:22|qwen|web_search_no_think|2|QUESTION|69|806|96ecdab9-b0b8-4ff1-a367-cac4ec1ac049
2026-03-28 21:05:22|qwen|web_search_no_think|2|JSON_SAVED||806|96ecdab9-b0b8-4ff1-a367-cac4ec1ac049
2026-03-28 21:05:22|qwen|web_search_no_think|2|QUESTION_ADVANCE||807|23c50966-3bfc-4d5e-9020-a64817025a40
2026-03-28 21:05:44|qwen|web_search_no_think|1|QUESTION_SENT||734|f8a39a12-35b8-4bb1-9b53-991e790518fc
2026-03-28 21:05:46|qwen|web_search_no_think|0|QUESTION_SENT||659|a327b65d-0890-46e1-aa29-84b7928c2548
2026-03-28 21:05:49|qwen|web_search_no_think|2|QUESTION_SENT||807|23c50966-3bfc-4d5e-9020-a64817025a40
2026-03-28 21:05:52|qwen|web_search_no_think|4|JSON_VERIFIED||945|ac747ce9-8522-44d3-8121-c499b8371408
2026-03-28 21:05:52|qwen|web_search_no_think|4|QUESTION|68|945|ac747ce9-8522-44d3-8121-c499b8371408
2026-03-28 21:05:52|qwen|web_search_no_think|4|JSON_SAVED||945|ac747ce9-8522-44d3-8121-c499b8371408
2026-03-28 21:05:52|qwen|web_search_no_think|4|QUESTION_ADVANCE||946|fdfefb04-25ea-464b-9423-0c04288617d1
2026-03-28 21:05:58|qwen|web_search_no_think|3|QUESTION_SENT||870|2c5db6e1-dcc1-472b-8541-77a77a02501e
2026-03-28 21:06:19|qwen|web_search_no_think|4|QUESTION_SENT||946|fdfefb04-25ea-464b-9423-0c04288617d1
2026-03-28 21:06:30|qwen|web_search_no_think|3|QUESTION_SENT||870|2c5db6e1-dcc1-472b-8541-77a77a02501e
2026-03-28 21:07:10|qwen|web_search_no_think|2|JSON_VERIFIED||807|23c50966-3bfc-4d5e-9020-a64817025a40
2026-03-28 21:07:10|qwen|web_search_no_think|2|QUESTION|70|807|23c50966-3bfc-4d5e-9020-a64817025a40
2026-03-28 21:07:10|qwen|web_search_no_think|2|JSON_SAVED||807|23c50966-3bfc-4d5e-9020-a64817025a40
2026-03-28 21:07:10|qwen|web_search_no_think|2|QUESTION_ADVANCE||808|6650c214-1082-47ef-a9b8-c2bd9d785d77
2026-03-28 21:07:10|qwen|web_search_no_think|1|JSON_VERIFIED||734|f8a39a12-35b8-4bb1-9b53-991e790518fc
2026-03-28 21:07:10|qwen|web_search_no_think|1|QUESTION|70|734|f8a39a12-35b8-4bb1-9b53-991e790518fc
2026-03-28 21:07:10|qwen|web_search_no_think|1|JSON_SAVED||734|f8a39a12-35b8-4bb1-9b53-991e790518fc
2026-03-28 21:07:10|qwen|web_search_no_think|1|QUESTION_ADVANCE||735|c769e5c3-56c8-4bc6-b58d-f3566b3f8fb4
2026-03-28 21:07:19|qwen|web_search_no_think|0|JSON_VERIFIED||659|a327b65d-0890-46e1-aa29-84b7928c2548
2026-03-28 21:07:19|qwen|web_search_no_think|0|QUESTION|67|659|a327b65d-0890-46e1-aa29-84b7928c2548
2026-03-28 21:07:19|qwen|web_search_no_think|0|JSON_SAVED||659|a327b65d-0890-46e1-aa29-84b7928c2548
2026-03-28 21:07:19|qwen|web_search_no_think|0|QUESTION_ADVANCE||660|b5e65b1f-3de8-42ae-8e4b-0d01930dd055
2026-03-28 21:07:36|qwen|web_search_no_think|2|QUESTION_SENT||808|6650c214-1082-47ef-a9b8-c2bd9d785d77
2026-03-28 21:07:37|qwen|web_search_no_think|1|QUESTION_SENT||735|c769e5c3-56c8-4bc6-b58d-f3566b3f8fb4
2026-03-28 21:07:40|qwen|web_search_no_think|3|JSON_VERIFIED||870|2c5db6e1-dcc1-472b-8541-77a77a02501e
2026-03-28 21:07:40|qwen|web_search_no_think|3|QUESTION|65|870|2c5db6e1-dcc1-472b-8541-77a77a02501e
2026-03-28 21:07:40|qwen|web_search_no_think|3|JSON_SAVED||870|2c5db6e1-dcc1-472b-8541-77a77a02501e
2026-03-28 21:07:40|qwen|web_search_no_think|3|QUESTION_ADVANCE||871|a0a6a5d5-0485-454a-9c5d-cb30d9e77ee6
2026-03-28 21:07:46|qwen|web_search_no_think|0|QUESTION_SENT||660|b5e65b1f-3de8-42ae-8e4b-0d01930dd055
2026-03-28 21:08:05|qwen|web_search_no_think|4|JSON_VERIFIED||946|fdfefb04-25ea-464b-9423-0c04288617d1
2026-03-28 21:08:05|qwen|web_search_no_think|4|QUESTION|69|946|fdfefb04-25ea-464b-9423-0c04288617d1
2026-03-28 21:08:05|qwen|web_search_no_think|4|JSON_SAVED||946|fdfefb04-25ea-464b-9423-0c04288617d1
2026-03-28 21:08:05|qwen|web_search_no_think|4|QUESTION_ADVANCE||947|fb40d5f0-2f10-4a07-96a7-ce18d5534536
2026-03-28 21:08:06|qwen|web_search_no_think|3|QUESTION_SENT||871|a0a6a5d5-0485-454a-9c5d-cb30d9e77ee6
2026-03-28 21:08:26|qwen|web_search_no_think|1|QUESTION_SENT||735|c769e5c3-56c8-4bc6-b58d-f3566b3f8fb4
2026-03-28 21:08:31|qwen|web_search_no_think|4|QUESTION_SENT||947|fb40d5f0-2f10-4a07-96a7-ce18d5534536
2026-03-28 21:08:48|qwen|web_search_no_think|0|JSON_VERIFY_FAILED||660|b5e65b1f-3de8-42ae-8e4b-0d01930dd055
2026-03-28 21:08:48|qwen|web_search_no_think|0|QUESTION|68|660|b5e65b1f-3de8-42ae-8e4b-0d01930dd055
2026-03-28 21:09:15|qwen|web_search_no_think|0|QUESTION_SENT||660|b5e65b1f-3de8-42ae-8e4b-0d01930dd055
2026-03-28 21:09:16|qwen|web_search_no_think|2|JSON_VERIFIED||808|6650c214-1082-47ef-a9b8-c2bd9d785d77
2026-03-28 21:09:16|qwen|web_search_no_think|2|QUESTION|71|808|6650c214-1082-47ef-a9b8-c2bd9d785d77
2026-03-28 21:09:16|qwen|web_search_no_think|2|JSON_SAVED||808|6650c214-1082-47ef-a9b8-c2bd9d785d77
2026-03-28 21:09:16|qwen|web_search_no_think|2|QUESTION_ADVANCE||809|6a92aa8e-025c-414f-9cfa-ecb3b6f9f8d3
2026-03-28 21:09:30|qwen|web_search_no_think|1|JSON_VERIFIED||735|c769e5c3-56c8-4bc6-b58d-f3566b3f8fb4
2026-03-28 21:09:30|qwen|web_search_no_think|1|QUESTION|71|735|c769e5c3-56c8-4bc6-b58d-f3566b3f8fb4
2026-03-28 21:09:30|qwen|web_search_no_think|1|JSON_SAVED||735|c769e5c3-56c8-4bc6-b58d-f3566b3f8fb4
2026-03-28 21:09:30|qwen|web_search_no_think|1|QUESTION_ADVANCE||736|a1ee19cd-c07b-4602-b4de-7b97d68d401e
2026-03-28 21:09:40|qwen|web_search_no_think|3|JSON_VERIFIED||871|a0a6a5d5-0485-454a-9c5d-cb30d9e77ee6
2026-03-28 21:09:40|qwen|web_search_no_think|3|QUESTION|66|871|a0a6a5d5-0485-454a-9c5d-cb30d9e77ee6
2026-03-28 21:09:40|qwen|web_search_no_think|3|JSON_SAVED||871|a0a6a5d5-0485-454a-9c5d-cb30d9e77ee6
2026-03-28 21:09:40|qwen|web_search_no_think|3|QUESTION_ADVANCE||872|04af775a-6536-4dc4-95b5-f43626458e1e
2026-03-28 21:09:42|qwen|web_search_no_think|2|QUESTION_SENT||809|6a92aa8e-025c-414f-9cfa-ecb3b6f9f8d3
2026-03-28 21:09:56|qwen|web_search_no_think|1|QUESTION_SENT||736|a1ee19cd-c07b-4602-b4de-7b97d68d401e
2026-03-28 21:09:58|qwen|web_search_no_think|4|JSON_VERIFIED||947|fb40d5f0-2f10-4a07-96a7-ce18d5534536
2026-03-28 21:09:58|qwen|web_search_no_think|4|QUESTION|70|947|fb40d5f0-2f10-4a07-96a7-ce18d5534536
2026-03-28 21:09:58|qwen|web_search_no_think|4|JSON_SAVED||947|fb40d5f0-2f10-4a07-96a7-ce18d5534536
2026-03-28 21:09:58|qwen|web_search_no_think|4|QUESTION_ADVANCE||948|9ce60fc9-f71a-4852-a275-bee59529358d
2026-03-28 21:10:07|qwen|web_search_no_think|3|QUESTION_SENT||872|04af775a-6536-4dc4-95b5-f43626458e1e
2026-03-28 21:10:22|qwen|web_search_no_think|1|JSON_VERIFY_FAILED||736|a1ee19cd-c07b-4602-b4de-7b97d68d401e
2026-03-28 21:10:22|qwen|web_search_no_think|1|QUESTION|72|736|a1ee19cd-c07b-4602-b4de-7b97d68d401e
2026-03-28 21:10:47|qwen|web_search_no_think|0|JSON_VERIFIED||660|b5e65b1f-3de8-42ae-8e4b-0d01930dd055
2026-03-28 21:10:47|qwen|web_search_no_think|0|QUESTION|69|660|b5e65b1f-3de8-42ae-8e4b-0d01930dd055
2026-03-28 21:10:47|qwen|web_search_no_think|0|JSON_SAVED||660|b5e65b1f-3de8-42ae-8e4b-0d01930dd055
2026-03-28 21:10:47|qwen|web_search_no_think|0|QUESTION_ADVANCE||661|7063280f-8260-449d-a409-25922c3a35d3
2026-03-28 21:10:48|qwen|web_search_no_think|1|QUESTION_SENT||736|a1ee19cd-c07b-4602-b4de-7b97d68d401e
2026-03-28 21:11:09|qwen|web_search_no_think|3|JSON_VERIFIED||872|04af775a-6536-4dc4-95b5-f43626458e1e
2026-03-28 21:11:09|qwen|web_search_no_think|3|QUESTION|67|872|04af775a-6536-4dc4-95b5-f43626458e1e
2026-03-28 21:11:09|qwen|web_search_no_think|3|JSON_SAVED||872|04af775a-6536-4dc4-95b5-f43626458e1e
2026-03-28 21:11:09|qwen|web_search_no_think|3|QUESTION_ADVANCE||873|04c03524-173e-4ffe-9b3e-7de9a512ba72
2026-03-28 21:11:14|qwen|web_search_no_think|0|QUESTION_SENT||661|7063280f-8260-449d-a409-25922c3a35d3
2026-03-28 21:11:20|qwen|web_search_no_think|5|QUESTION_SENT||1001|174a14cd-3ce3-44bf-b415-50c7b788090c
2026-03-28 21:11:23|qwen|web_search_no_think|2|JSON_VERIFIED||809|6a92aa8e-025c-414f-9cfa-ecb3b6f9f8d3
2026-03-28 21:11:23|qwen|web_search_no_think|2|QUESTION|72|809|6a92aa8e-025c-414f-9cfa-ecb3b6f9f8d3
2026-03-28 21:11:23|qwen|web_search_no_think|2|JSON_SAVED||809|6a92aa8e-025c-414f-9cfa-ecb3b6f9f8d3
2026-03-28 21:11:23|qwen|web_search_no_think|2|QUESTION_ADVANCE||810|a7c4cc89-0727-4d89-bb2e-c30270bbece5
2026-03-28 21:11:35|qwen|web_search_no_think|3|QUESTION_SENT||873|04c03524-173e-4ffe-9b3e-7de9a512ba72
2026-03-28 21:11:49|qwen|web_search_no_think|2|QUESTION_SENT||810|a7c4cc89-0727-4d89-bb2e-c30270bbece5
2026-03-28 21:11:56|qwen|web_search_no_think|1|JSON_VERIFIED||736|a1ee19cd-c07b-4602-b4de-7b97d68d401e
2026-03-28 21:11:56|qwen|web_search_no_think|1|QUESTION|73|736|a1ee19cd-c07b-4602-b4de-7b97d68d401e
2026-03-28 21:11:56|qwen|web_search_no_think|1|JSON_SAVED||736|a1ee19cd-c07b-4602-b4de-7b97d68d401e
2026-03-28 21:11:56|qwen|web_search_no_think|1|QUESTION_ADVANCE||737|5d8a347a-810e-49fc-bfb0-255b1ba16f01
2026-03-28 21:12:17|qwen|web_search_no_think|5|JSON_VERIFIED||1001|174a14cd-3ce3-44bf-b415-50c7b788090c
2026-03-28 21:12:17|qwen|web_search_no_think|5|QUESTION|57|1001|174a14cd-3ce3-44bf-b415-50c7b788090c
2026-03-28 21:12:17|qwen|web_search_no_think|5|JSON_SAVED||1001|174a14cd-3ce3-44bf-b415-50c7b788090c
2026-03-28 21:12:17|qwen|web_search_no_think|5|QUESTION_ADVANCE||1002|77a4d9c2-e5bd-45e0-ba72-5f407b06c218
2026-03-28 21:12:23|qwen|web_search_no_think|1|QUESTION_SENT||737|5d8a347a-810e-49fc-bfb0-255b1ba16f01
2026-03-28 21:12:41|qwen|web_search_no_think|3|JSON_VERIFIED||873|04c03524-173e-4ffe-9b3e-7de9a512ba72
2026-03-28 21:12:41|qwen|web_search_no_think|3|QUESTION|68|873|04c03524-173e-4ffe-9b3e-7de9a512ba72
2026-03-28 21:12:41|qwen|web_search_no_think|3|JSON_SAVED||873|04c03524-173e-4ffe-9b3e-7de9a512ba72
2026-03-28 21:12:41|qwen|web_search_no_think|3|QUESTION_ADVANCE||874|10d3f344-567b-427e-85ff-4afbb36ada47
2026-03-28 21:12:43|qwen|web_search_no_think|5|QUESTION_SENT||1002|77a4d9c2-e5bd-45e0-ba72-5f407b06c218
2026-03-28 21:12:46|qwen|web_search_no_think|4|QUESTION_SENT||948|9ce60fc9-f71a-4852-a275-bee59529358d
2026-03-28 21:12:49|qwen|web_search_no_think|0|JSON_VERIFIED||661|7063280f-8260-449d-a409-25922c3a35d3
2026-03-28 21:12:49|qwen|web_search_no_think|0|QUESTION|70|661|7063280f-8260-449d-a409-25922c3a35d3
2026-03-28 21:12:49|qwen|web_search_no_think|0|JSON_SAVED||661|7063280f-8260-449d-a409-25922c3a35d3
2026-03-28 21:12:49|qwen|web_search_no_think|0|QUESTION_ADVANCE||662|5d9370c8-3c3c-4623-9b96-3aaef75b5f0f
2026-03-28 21:12:59|qwen|web_search_no_think|2|JSON_VERIFIED||810|a7c4cc89-0727-4d89-bb2e-c30270bbece5
2026-03-28 21:12:59|qwen|web_search_no_think|2|QUESTION|73|810|a7c4cc89-0727-4d89-bb2e-c30270bbece5
2026-03-28 21:12:59|qwen|web_search_no_think|2|JSON_SAVED||810|a7c4cc89-0727-4d89-bb2e-c30270bbece5
2026-03-28 21:13:00|qwen|web_search_no_think|2|STOP||811|
2026-03-28 21:13:07|qwen|web_search_no_think|3|QUESTION_SENT||874|10d3f344-567b-427e-85ff-4afbb36ada47
2026-03-28 21:13:15|qwen|web_search_no_think|0|QUESTION_SENT||662|5d9370c8-3c3c-4623-9b96-3aaef75b5f0f
2026-03-28 21:13:32|qwen|web_search_no_think|1|JSON_VERIFIED||737|5d8a347a-810e-49fc-bfb0-255b1ba16f01
2026-03-28 21:13:32|qwen|web_search_no_think|1|QUESTION|74|737|5d8a347a-810e-49fc-bfb0-255b1ba16f01
2026-03-28 21:13:32|qwen|web_search_no_think|1|JSON_SAVED||737|5d8a347a-810e-49fc-bfb0-255b1ba16f01
2026-03-28 21:13:32|qwen|web_search_no_think|1|QUESTION_ADVANCE||738|589e24ed-00b8-45a5-90b4-3f0a580db777
2026-03-28 21:13:59|qwen|web_search_no_think|5|JSON_VERIFIED||1002|77a4d9c2-e5bd-45e0-ba72-5f407b06c218
2026-03-28 21:13:59|qwen|web_search_no_think|5|QUESTION|58|1002|77a4d9c2-e5bd-45e0-ba72-5f407b06c218
2026-03-28 21:13:59|qwen|web_search_no_think|5|JSON_SAVED||1002|77a4d9c2-e5bd-45e0-ba72-5f407b06c218
2026-03-28 21:13:59|qwen|web_search_no_think|5|QUESTION_ADVANCE||1003|e189857b-e367-427e-965c-61d5cace6eaa
2026-03-28 21:13:59|qwen|web_search_no_think|1|QUESTION_SENT||738|589e24ed-00b8-45a5-90b4-3f0a580db777
2026-03-28 21:14:04|qwen|web_search_no_think|4|JSON_VERIFIED||948|9ce60fc9-f71a-4852-a275-bee59529358d
2026-03-28 21:14:04|qwen|web_search_no_think|4|QUESTION|71|948|9ce60fc9-f71a-4852-a275-bee59529358d
2026-03-28 21:14:04|qwen|web_search_no_think|4|JSON_SAVED||948|9ce60fc9-f71a-4852-a275-bee59529358d
2026-03-28 21:14:04|qwen|web_search_no_think|4|QUESTION_ADVANCE||949|60b8f74c-9c3f-4f6a-be8a-000d0f1a7516
2026-03-28 21:14:18|qwen|web_search_no_think|3|JSON_VERIFIED||874|10d3f344-567b-427e-85ff-4afbb36ada47
2026-03-28 21:14:18|qwen|web_search_no_think|3|QUESTION|69|874|10d3f344-567b-427e-85ff-4afbb36ada47
2026-03-28 21:14:18|qwen|web_search_no_think|3|JSON_SAVED||874|10d3f344-567b-427e-85ff-4afbb36ada47
2026-03-28 21:14:18|qwen|web_search_no_think|3|QUESTION_ADVANCE||875|6f4ee95f-bd1e-4e68-b0f2-0a791e52a0c2
2026-03-28 21:14:30|qwen|web_search_no_think|4|QUESTION_SENT||949|60b8f74c-9c3f-4f6a-be8a-000d0f1a7516
2026-03-28 21:14:31|qwen|web_search_no_think|0|JSON_VERIFIED||662|5d9370c8-3c3c-4623-9b96-3aaef75b5f0f
2026-03-28 21:14:31|qwen|web_search_no_think|0|QUESTION|71|662|5d9370c8-3c3c-4623-9b96-3aaef75b5f0f
2026-03-28 21:14:31|qwen|web_search_no_think|0|JSON_SAVED||662|5d9370c8-3c3c-4623-9b96-3aaef75b5f0f
2026-03-28 21:14:31|qwen|web_search_no_think|0|QUESTION_ADVANCE||663|0a2235d6-9f68-4810-95c3-cef12065e0cd
2026-03-28 21:14:45|qwen|web_search_no_think|3|QUESTION_SENT||875|6f4ee95f-bd1e-4e68-b0f2-0a791e52a0c2
2026-03-28 21:14:46|qwen|web_search_no_think|5|QUESTION_SENT||1003|e189857b-e367-427e-965c-61d5cace6eaa
2026-03-28 21:14:57|qwen|web_search_no_think|0|QUESTION_SENT||663|0a2235d6-9f68-4810-95c3-cef12065e0cd
2026-03-28 21:15:00|qwen|web_search_no_think|1|JSON_VERIFIED||738|589e24ed-00b8-45a5-90b4-3f0a580db777
2026-03-28 21:15:00|qwen|web_search_no_think|1|QUESTION|75|738|589e24ed-00b8-45a5-90b4-3f0a580db777
2026-03-28 21:15:00|qwen|web_search_no_think|1|JSON_SAVED||738|589e24ed-00b8-45a5-90b4-3f0a580db777
2026-03-28 21:15:00|qwen|web_search_no_think|1|QUESTION_ADVANCE||739|f870a138-eb20-4bd1-8bfd-73c76f566aad
2026-03-28 21:15:26|qwen|web_search_no_think|1|QUESTION_SENT||739|f870a138-eb20-4bd1-8bfd-73c76f566aad
2026-03-28 21:15:47|qwen|web_search_no_think|3|JSON_VERIFIED||875|6f4ee95f-bd1e-4e68-b0f2-0a791e52a0c2
2026-03-28 21:15:47|qwen|web_search_no_think|3|QUESTION|70|875|6f4ee95f-bd1e-4e68-b0f2-0a791e52a0c2
2026-03-28 21:15:47|qwen|web_search_no_think|3|JSON_SAVED||875|6f4ee95f-bd1e-4e68-b0f2-0a791e52a0c2
2026-03-28 21:15:47|qwen|web_search_no_think|3|QUESTION_ADVANCE||876|e4b8bc7f-3796-4b21-b39b-33e0b931d5d3
2026-03-28 21:15:54|qwen|web_search_no_think|4|JSON_VERIFIED||949|60b8f74c-9c3f-4f6a-be8a-000d0f1a7516
2026-03-28 21:15:54|qwen|web_search_no_think|4|QUESTION|72|949|60b8f74c-9c3f-4f6a-be8a-000d0f1a7516
2026-03-28 21:15:54|qwen|web_search_no_think|4|JSON_SAVED||949|60b8f74c-9c3f-4f6a-be8a-000d0f1a7516
2026-03-28 21:15:54|qwen|web_search_no_think|4|QUESTION_ADVANCE||950|284d49e2-0078-49c4-baa0-50a9d85be53d
2026-03-28 21:15:57|qwen|web_search_no_think|5|JSON_VERIFIED||1003|e189857b-e367-427e-965c-61d5cace6eaa
2026-03-28 21:15:57|qwen|web_search_no_think|5|QUESTION|59|1003|e189857b-e367-427e-965c-61d5cace6eaa
2026-03-28 21:15:57|qwen|web_search_no_think|5|JSON_SAVED||1003|e189857b-e367-427e-965c-61d5cace6eaa
2026-03-28 21:15:57|qwen|web_search_no_think|5|QUESTION_ADVANCE||1004|fc2f1803-6ff8-4ecf-815c-bdf97ee904bb
2026-03-28 21:16:14|qwen|web_search_no_think|3|QUESTION_SENT||876|e4b8bc7f-3796-4b21-b39b-33e0b931d5d3
2026-03-28 21:16:20|qwen|web_search_no_think|4|QUESTION_SENT||950|284d49e2-0078-49c4-baa0-50a9d85be53d
2026-03-28 21:16:23|qwen|web_search_no_think|5|QUESTION_SENT||1004|fc2f1803-6ff8-4ecf-815c-bdf97ee904bb
2026-03-28 21:16:24|qwen|web_search_no_think|0|JSON_VERIFIED||663|0a2235d6-9f68-4810-95c3-cef12065e0cd
2026-03-28 21:16:24|qwen|web_search_no_think|0|QUESTION|72|663|0a2235d6-9f68-4810-95c3-cef12065e0cd
2026-03-28 21:16:24|qwen|web_search_no_think|0|JSON_SAVED||663|0a2235d6-9f68-4810-95c3-cef12065e0cd
2026-03-28 21:16:24|qwen|web_search_no_think|0|QUESTION_ADVANCE||664|d098cb0f-90f1-45fa-8979-29c97a4418a0
2026-03-28 21:16:50|qwen|web_search_no_think|0|QUESTION_SENT||664|d098cb0f-90f1-45fa-8979-29c97a4418a0
2026-03-28 21:16:50|qwen|web_search_no_think|1|JSON_VERIFIED||739|f870a138-eb20-4bd1-8bfd-73c76f566aad
2026-03-28 21:16:50|qwen|web_search_no_think|1|QUESTION|76|739|f870a138-eb20-4bd1-8bfd-73c76f566aad
2026-03-28 21:16:50|qwen|web_search_no_think|1|JSON_SAVED||739|f870a138-eb20-4bd1-8bfd-73c76f566aad
2026-03-28 21:16:50|qwen|web_search_no_think|1|QUESTION_ADVANCE||740|35183010-fb68-4dbe-8c36-44d7daf468dd
2026-03-28 21:16:53|qwen|web_search_no_think|4|JSON_VERIFY_FAILED||950|284d49e2-0078-49c4-baa0-50a9d85be53d
2026-03-28 21:16:53|qwen|web_search_no_think|4|QUESTION|73|950|284d49e2-0078-49c4-baa0-50a9d85be53d
2026-03-28 21:17:11|qwen|web_search_no_think|3|JSON_VERIFIED||876|e4b8bc7f-3796-4b21-b39b-33e0b931d5d3
2026-03-28 21:17:11|qwen|web_search_no_think|3|QUESTION|71|876|e4b8bc7f-3796-4b21-b39b-33e0b931d5d3
2026-03-28 21:17:11|qwen|web_search_no_think|3|JSON_SAVED||876|e4b8bc7f-3796-4b21-b39b-33e0b931d5d3
2026-03-28 21:17:11|qwen|web_search_no_think|3|QUESTION_ADVANCE||877|7abbf2a1-96c5-4f36-836f-b3a4334885c3
2026-03-28 21:17:17|qwen|web_search_no_think|1|QUESTION_SENT||740|35183010-fb68-4dbe-8c36-44d7daf468dd
2026-03-28 21:17:20|qwen|web_search_no_think|4|QUESTION_SENT||950|284d49e2-0078-49c4-baa0-50a9d85be53d
2026-03-28 21:17:37|qwen|web_search_no_think|3|QUESTION_SENT||877|7abbf2a1-96c5-4f36-836f-b3a4334885c3
2026-03-28 21:17:42|qwen|web_search_no_think|5|JSON_VERIFIED||1004|fc2f1803-6ff8-4ecf-815c-bdf97ee904bb
2026-03-28 21:17:42|qwen|web_search_no_think|5|QUESTION|60|1004|fc2f1803-6ff8-4ecf-815c-bdf97ee904bb
2026-03-28 21:17:42|qwen|web_search_no_think|5|JSON_SAVED||1004|fc2f1803-6ff8-4ecf-815c-bdf97ee904bb
2026-03-28 21:17:42|qwen|web_search_no_think|5|QUESTION_ADVANCE||1005|50f721e6-447b-4fd8-9d04-bfcb3f935f77
2026-03-28 21:18:03|qwen|web_search_no_think|0|JSON_VERIFIED||664|d098cb0f-90f1-45fa-8979-29c97a4418a0
2026-03-28 21:18:03|qwen|web_search_no_think|0|QUESTION|73|664|d098cb0f-90f1-45fa-8979-29c97a4418a0
2026-03-28 21:18:03|qwen|web_search_no_think|0|JSON_SAVED||664|d098cb0f-90f1-45fa-8979-29c97a4418a0
2026-03-28 21:18:03|qwen|web_search_no_think|0|QUESTION_ADVANCE||665|47d2833e-6f46-425e-acd5-ea2879025a81
2026-03-28 21:18:08|qwen|web_search_no_think|5|QUESTION_SENT||1005|50f721e6-447b-4fd8-9d04-bfcb3f935f77
2026-03-28 21:18:29|qwen|web_search_no_think|0|QUESTION_SENT||665|47d2833e-6f46-425e-acd5-ea2879025a81
2026-03-28 21:18:32|qwen|web_search_no_think|3|JSON_VERIFIED||877|7abbf2a1-96c5-4f36-836f-b3a4334885c3
2026-03-28 21:18:32|qwen|web_search_no_think|3|QUESTION|72|877|7abbf2a1-96c5-4f36-836f-b3a4334885c3
2026-03-28 21:18:32|qwen|web_search_no_think|3|JSON_SAVED||877|7abbf2a1-96c5-4f36-836f-b3a4334885c3
2026-03-28 21:18:32|qwen|web_search_no_think|3|QUESTION_ADVANCE||878|329b046a-e230-4da6-8302-029fcac03dd8
2026-03-28 21:18:41|qwen|web_search_no_think|4|JSON_VERIFIED||950|284d49e2-0078-49c4-baa0-50a9d85be53d
2026-03-28 21:18:41|qwen|web_search_no_think|4|QUESTION|74|950|284d49e2-0078-49c4-baa0-50a9d85be53d
2026-03-28 21:18:41|qwen|web_search_no_think|4|JSON_SAVED||950|284d49e2-0078-49c4-baa0-50a9d85be53d
2026-03-28 21:18:42|qwen|web_search_no_think|4|STOP||951|
2026-03-28 21:18:59|qwen|web_search_no_think|3|QUESTION_SENT||878|329b046a-e230-4da6-8302-029fcac03dd8
2026-03-28 21:19:02|qwen|web_search_no_think|1|JSON_VERIFIED||740|35183010-fb68-4dbe-8c36-44d7daf468dd
2026-03-28 21:19:02|qwen|web_search_no_think|1|QUESTION|77|740|35183010-fb68-4dbe-8c36-44d7daf468dd
2026-03-28 21:19:02|qwen|web_search_no_think|1|JSON_SAVED||740|35183010-fb68-4dbe-8c36-44d7daf468dd
2026-03-28 21:19:03|qwen|web_search_no_think|1|STOP||741|
2026-03-28 21:19:39|qwen|web_search_no_think|5|JSON_VERIFIED||1005|50f721e6-447b-4fd8-9d04-bfcb3f935f77
2026-03-28 21:19:39|qwen|web_search_no_think|5|QUESTION|61|1005|50f721e6-447b-4fd8-9d04-bfcb3f935f77
2026-03-28 21:19:39|qwen|web_search_no_think|5|JSON_SAVED||1005|50f721e6-447b-4fd8-9d04-bfcb3f935f77
2026-03-28 21:19:39|qwen|web_search_no_think|5|QUESTION_ADVANCE||1006|62344490-5ee7-40b2-84ae-a3040ed7f041
2026-03-28 21:20:03|qwen|web_search_no_think|0|JSON_VERIFIED||665|47d2833e-6f46-425e-acd5-ea2879025a81
2026-03-28 21:20:03|qwen|web_search_no_think|0|QUESTION|74|665|47d2833e-6f46-425e-acd5-ea2879025a81
2026-03-28 21:20:03|qwen|web_search_no_think|0|JSON_SAVED||665|47d2833e-6f46-425e-acd5-ea2879025a81
2026-03-28 21:20:03|qwen|web_search_no_think|0|QUESTION_ADVANCE||666|deaa15fd-8f1b-44b7-b88d-898389e8d0a9
2026-03-28 21:20:05|qwen|web_search_no_think|5|QUESTION_SENT||1006|62344490-5ee7-40b2-84ae-a3040ed7f041
2026-03-28 21:20:10|qwen|web_search_no_think|3|JSON_VERIFIED||878|329b046a-e230-4da6-8302-029fcac03dd8
2026-03-28 21:20:10|qwen|web_search_no_think|3|QUESTION|73|878|329b046a-e230-4da6-8302-029fcac03dd8
2026-03-28 21:20:10|qwen|web_search_no_think|3|JSON_SAVED||878|329b046a-e230-4da6-8302-029fcac03dd8
2026-03-28 21:20:10|qwen|web_search_no_think|3|QUESTION_ADVANCE||879|eac91fa9-87ed-41b9-86b1-a6109ddcc4f2
2026-03-28 21:20:29|qwen|web_search_no_think|0|QUESTION_SENT||666|deaa15fd-8f1b-44b7-b88d-898389e8d0a9
2026-03-28 21:20:36|qwen|web_search_no_think|3|QUESTION_SENT||879|eac91fa9-87ed-41b9-86b1-a6109ddcc4f2
2026-03-28 21:21:28|qwen|web_search_no_think|5|JSON_VERIFIED||1006|62344490-5ee7-40b2-84ae-a3040ed7f041
2026-03-28 21:21:28|qwen|web_search_no_think|5|QUESTION|62|1006|62344490-5ee7-40b2-84ae-a3040ed7f041
2026-03-28 21:21:28|qwen|web_search_no_think|5|JSON_SAVED||1006|62344490-5ee7-40b2-84ae-a3040ed7f041
2026-03-28 21:21:28|qwen|web_search_no_think|5|QUESTION_ADVANCE||1007|ed8ab62c-efc1-4882-92e1-44db2c2e3878
2026-03-28 21:21:53|qwen|web_search_no_think|3|JSON_VERIFIED||879|eac91fa9-87ed-41b9-86b1-a6109ddcc4f2
2026-03-28 21:21:53|qwen|web_search_no_think|3|QUESTION|74|879|eac91fa9-87ed-41b9-86b1-a6109ddcc4f2
2026-03-28 21:21:53|qwen|web_search_no_think|3|JSON_SAVED||879|eac91fa9-87ed-41b9-86b1-a6109ddcc4f2
2026-03-28 21:21:53|qwen|web_search_no_think|3|QUESTION_ADVANCE||880|6e0462bd-8324-4b68-a1c8-a6b3431232d6
2026-03-28 21:21:54|qwen|web_search_no_think|5|QUESTION_SENT||1007|ed8ab62c-efc1-4882-92e1-44db2c2e3878
2026-03-28 21:22:19|qwen|web_search_no_think|3|QUESTION_SENT||880|6e0462bd-8324-4b68-a1c8-a6b3431232d6
2026-03-28 21:22:59|qwen|web_search_no_think|5|JSON_VERIFIED||1007|ed8ab62c-efc1-4882-92e1-44db2c2e3878
2026-03-28 21:22:59|qwen|web_search_no_think|5|QUESTION|63|1007|ed8ab62c-efc1-4882-92e1-44db2c2e3878
2026-03-28 21:22:59|qwen|web_search_no_think|5|JSON_SAVED||1007|ed8ab62c-efc1-4882-92e1-44db2c2e3878
2026-03-28 21:22:59|qwen|web_search_no_think|5|QUESTION_ADVANCE||1008|df636cc9-6670-4a73-9e32-c4f8c2058e72
2026-03-28 21:23:07|qwen|web_search_no_think|0|QUESTION_SENT||666|deaa15fd-8f1b-44b7-b88d-898389e8d0a9
2026-03-28 21:23:25|qwen|web_search_no_think|3|JSON_VERIFIED||880|6e0462bd-8324-4b68-a1c8-a6b3431232d6
2026-03-28 21:23:25|qwen|web_search_no_think|3|QUESTION|75|880|6e0462bd-8324-4b68-a1c8-a6b3431232d6
2026-03-28 21:23:25|qwen|web_search_no_think|3|JSON_SAVED||880|6e0462bd-8324-4b68-a1c8-a6b3431232d6
2026-03-28 21:23:26|qwen|web_search_no_think|5|QUESTION_SENT||1008|df636cc9-6670-4a73-9e32-c4f8c2058e72
2026-03-28 21:23:26|qwen|web_search_no_think|3|STOP||881|
2026-03-28 21:24:34|qwen|web_search_no_think|5|JSON_VERIFIED||1008|df636cc9-6670-4a73-9e32-c4f8c2058e72
2026-03-28 21:24:34|qwen|web_search_no_think|5|QUESTION|64|1008|df636cc9-6670-4a73-9e32-c4f8c2058e72
2026-03-28 21:24:34|qwen|web_search_no_think|5|JSON_SAVED||1008|df636cc9-6670-4a73-9e32-c4f8c2058e72
2026-03-28 21:24:34|qwen|web_search_no_think|5|QUESTION_ADVANCE||1009|e1b62e32-6585-47da-ae02-4b9dc88498a0
2026-03-28 21:24:37|qwen|web_search_no_think|0|JSON_VERIFIED||666|deaa15fd-8f1b-44b7-b88d-898389e8d0a9
2026-03-28 21:24:37|qwen|web_search_no_think|0|QUESTION|75|666|deaa15fd-8f1b-44b7-b88d-898389e8d0a9
2026-03-28 21:24:37|qwen|web_search_no_think|0|JSON_SAVED||666|deaa15fd-8f1b-44b7-b88d-898389e8d0a9
2026-03-28 21:24:37|qwen|web_search_no_think|0|QUESTION_ADVANCE||667|a6ed05f5-2f3e-445c-968b-9f88b6bfe40a
2026-03-28 21:25:00|qwen|web_search_no_think|5|QUESTION_SENT||1009|e1b62e32-6585-47da-ae02-4b9dc88498a0
2026-03-28 21:25:03|qwen|web_search_no_think|0|QUESTION_SENT||667|a6ed05f5-2f3e-445c-968b-9f88b6bfe40a
2026-03-28 21:26:03|qwen|web_search_no_think|0|JSON_VERIFIED||667|a6ed05f5-2f3e-445c-968b-9f88b6bfe40a
2026-03-28 21:26:03|qwen|web_search_no_think|0|QUESTION|76|667|a6ed05f5-2f3e-445c-968b-9f88b6bfe40a
2026-03-28 21:26:03|qwen|web_search_no_think|0|JSON_SAVED||667|a6ed05f5-2f3e-445c-968b-9f88b6bfe40a
2026-03-28 21:26:03|qwen|web_search_no_think|0|QUESTION_ADVANCE||668|df984ce9-4ce3-401e-91a3-9dc13fcdc604
2026-03-28 21:26:30|qwen|web_search_no_think|0|QUESTION_SENT||668|df984ce9-4ce3-401e-91a3-9dc13fcdc604
2026-03-28 21:27:05|qwen|web_search_no_think|5|JSON_VERIFIED||1009|e1b62e32-6585-47da-ae02-4b9dc88498a0
2026-03-28 21:27:05|qwen|web_search_no_think|5|QUESTION|65|1009|e1b62e32-6585-47da-ae02-4b9dc88498a0
2026-03-28 21:27:05|qwen|web_search_no_think|5|JSON_SAVED||1009|e1b62e32-6585-47da-ae02-4b9dc88498a0
2026-03-28 21:27:05|qwen|web_search_no_think|5|QUESTION_ADVANCE||1010|8e5a39d9-7c34-4c84-8fa6-34b08e1fdd1b
2026-03-28 21:27:32|qwen|web_search_no_think|5|QUESTION_SENT||1010|8e5a39d9-7c34-4c84-8fa6-34b08e1fdd1b
2026-03-28 21:27:59|qwen|web_search_no_think|0|JSON_VERIFIED||668|df984ce9-4ce3-401e-91a3-9dc13fcdc604
2026-03-28 21:27:59|qwen|web_search_no_think|0|QUESTION|77|668|df984ce9-4ce3-401e-91a3-9dc13fcdc604
2026-03-28 21:27:59|qwen|web_search_no_think|0|JSON_SAVED||668|df984ce9-4ce3-401e-91a3-9dc13fcdc604
2026-03-28 21:27:59|qwen|web_search_no_think|0|QUESTION_ADVANCE||669|a181562b-1e08-4b51-aacd-721375985b6e
2026-03-28 21:28:25|qwen|web_search_no_think|0|QUESTION_SENT||669|a181562b-1e08-4b51-aacd-721375985b6e
2026-03-28 21:28:53|qwen|web_search_no_think|5|JSON_VERIFIED||1010|8e5a39d9-7c34-4c84-8fa6-34b08e1fdd1b
2026-03-28 21:28:53|qwen|web_search_no_think|5|QUESTION|66|1010|8e5a39d9-7c34-4c84-8fa6-34b08e1fdd1b
2026-03-28 21:28:53|qwen|web_search_no_think|5|JSON_SAVED||1010|8e5a39d9-7c34-4c84-8fa6-34b08e1fdd1b
2026-03-28 21:28:53|qwen|web_search_no_think|5|QUESTION_ADVANCE||1011|ac5927af-508f-4388-a011-a2a462a55007
2026-03-28 21:29:19|qwen|web_search_no_think|5|QUESTION_SENT||1011|ac5927af-508f-4388-a011-a2a462a55007
2026-03-28 21:29:41|qwen|web_search_no_think|0|JSON_VERIFIED||669|a181562b-1e08-4b51-aacd-721375985b6e
2026-03-28 21:29:41|qwen|web_search_no_think|0|QUESTION|78|669|a181562b-1e08-4b51-aacd-721375985b6e
2026-03-28 21:29:41|qwen|web_search_no_think|0|JSON_SAVED||669|a181562b-1e08-4b51-aacd-721375985b6e
2026-03-28 21:29:41|qwen|web_search_no_think|0|QUESTION_ADVANCE||670|27b5938f-6cff-4b1d-ab1e-4e7ab6e25258
2026-03-28 21:30:07|qwen|web_search_no_think|0|QUESTION_SENT||670|27b5938f-6cff-4b1d-ab1e-4e7ab6e25258
2026-03-28 21:30:35|qwen|web_search_no_think|5|JSON_VERIFIED||1011|ac5927af-508f-4388-a011-a2a462a55007
2026-03-28 21:30:35|qwen|web_search_no_think|5|QUESTION|67|1011|ac5927af-508f-4388-a011-a2a462a55007
2026-03-28 21:30:35|qwen|web_search_no_think|5|JSON_SAVED||1011|ac5927af-508f-4388-a011-a2a462a55007
2026-03-28 21:30:35|qwen|web_search_no_think|5|QUESTION_ADVANCE||1012|9fca1ca5-bd03-4cbe-844a-ef54ef86e2f7
2026-03-28 21:31:01|qwen|web_search_no_think|5|QUESTION_SENT||1012|9fca1ca5-bd03-4cbe-844a-ef54ef86e2f7
2026-03-28 21:31:17|qwen|web_search_no_think|0|JSON_VERIFIED||670|27b5938f-6cff-4b1d-ab1e-4e7ab6e25258
2026-03-28 21:31:17|qwen|web_search_no_think|0|QUESTION|79|670|27b5938f-6cff-4b1d-ab1e-4e7ab6e25258
2026-03-28 21:31:17|qwen|web_search_no_think|0|JSON_SAVED||670|27b5938f-6cff-4b1d-ab1e-4e7ab6e25258
2026-03-28 21:31:18|qwen|web_search_no_think|0|STOP||671|
2026-03-28 21:32:13|qwen|web_search_no_think|5|JSON_VERIFIED||1012|9fca1ca5-bd03-4cbe-844a-ef54ef86e2f7
2026-03-28 21:32:13|qwen|web_search_no_think|5|QUESTION|68|1012|9fca1ca5-bd03-4cbe-844a-ef54ef86e2f7
2026-03-28 21:32:13|qwen|web_search_no_think|5|JSON_SAVED||1012|9fca1ca5-bd03-4cbe-844a-ef54ef86e2f7
2026-03-28 21:32:13|qwen|web_search_no_think|5|QUESTION_ADVANCE||1013|1f2ed11f-4002-4b49-8098-47d8de21ba5c
2026-03-28 21:32:40|qwen|web_search_no_think|5|QUESTION_SENT||1013|1f2ed11f-4002-4b49-8098-47d8de21ba5c
2026-03-28 21:33:52|qwen|web_search_no_think|5|JSON_VERIFIED||1013|1f2ed11f-4002-4b49-8098-47d8de21ba5c
2026-03-28 21:33:52|qwen|web_search_no_think|5|QUESTION|69|1013|1f2ed11f-4002-4b49-8098-47d8de21ba5c
2026-03-28 21:33:52|qwen|web_search_no_think|5|JSON_SAVED||1013|1f2ed11f-4002-4b49-8098-47d8de21ba5c
2026-03-28 21:33:52|qwen|web_search_no_think|5|QUESTION_ADVANCE||1014|066376ac-5399-43b5-bc9a-d21a19855586
2026-03-28 21:34:19|qwen|web_search_no_think|5|QUESTION_SENT||1014|066376ac-5399-43b5-bc9a-d21a19855586
2026-03-28 21:35:58|qwen|web_search_no_think|5|JSON_VERIFIED||1014|066376ac-5399-43b5-bc9a-d21a19855586
2026-03-28 21:35:58|qwen|web_search_no_think|5|QUESTION|70|1014|066376ac-5399-43b5-bc9a-d21a19855586
2026-03-28 21:35:58|qwen|web_search_no_think|5|JSON_SAVED||1014|066376ac-5399-43b5-bc9a-d21a19855586
2026-03-28 21:35:58|qwen|web_search_no_think|5|QUESTION_ADVANCE||1015|29b473a1-2578-4c15-aba7-7f2a3f0db6e0
2026-03-28 21:36:25|qwen|web_search_no_think|5|QUESTION_SENT||1015|29b473a1-2578-4c15-aba7-7f2a3f0db6e0
2026-03-28 21:37:46|qwen|web_search_no_think|5|QUESTION_SENT||1015|29b473a1-2578-4c15-aba7-7f2a3f0db6e0
2026-03-28 21:39:26|qwen|web_search_no_think|5|QUESTION_SENT||1015|29b473a1-2578-4c15-aba7-7f2a3f0db6e0
2026-03-28 21:40:49|qwen|web_search_no_think|5|QUESTION_SENT||1015|29b473a1-2578-4c15-aba7-7f2a3f0db6e0
2026-03-28 21:41:57|qwen|web_search_no_think|5|JSON_VERIFIED||1015|29b473a1-2578-4c15-aba7-7f2a3f0db6e0
2026-03-28 21:41:57|qwen|web_search_no_think|5|QUESTION|71|1015|29b473a1-2578-4c15-aba7-7f2a3f0db6e0
2026-03-28 21:41:57|qwen|web_search_no_think|5|JSON_SAVED||1015|29b473a1-2578-4c15-aba7-7f2a3f0db6e0
2026-03-28 21:41:57|qwen|web_search_no_think|5|QUESTION_ADVANCE||1016|36b6d45a-3abd-4069-9d96-adfed9580bf9
2026-03-28 21:42:24|qwen|web_search_no_think|5|QUESTION_SENT||1016|36b6d45a-3abd-4069-9d96-adfed9580bf9
2026-03-28 21:43:39|qwen|web_search_no_think|5|JSON_VERIFIED||1016|36b6d45a-3abd-4069-9d96-adfed9580bf9
2026-03-28 21:43:39|qwen|web_search_no_think|5|QUESTION|72|1016|36b6d45a-3abd-4069-9d96-adfed9580bf9
2026-03-28 21:43:39|qwen|web_search_no_think|5|JSON_SAVED||1016|36b6d45a-3abd-4069-9d96-adfed9580bf9
2026-03-28 21:43:39|qwen|web_search_no_think|5|QUESTION_ADVANCE||1017|0bfd458b-c877-4321-a9f9-dd487e334da9
2026-03-28 21:44:05|qwen|web_search_no_think|5|QUESTION_SENT||1017|0bfd458b-c877-4321-a9f9-dd487e334da9
2026-03-28 21:46:00|qwen|web_search_no_think|5|QUESTION_SENT||1017|0bfd458b-c877-4321-a9f9-dd487e334da9
2026-03-28 21:47:32|qwen|web_search_no_think|5|JSON_VERIFIED||1017|0bfd458b-c877-4321-a9f9-dd487e334da9
2026-03-28 21:47:32|qwen|web_search_no_think|5|QUESTION|73|1017|0bfd458b-c877-4321-a9f9-dd487e334da9
2026-03-28 21:47:32|qwen|web_search_no_think|5|JSON_SAVED||1017|0bfd458b-c877-4321-a9f9-dd487e334da9
2026-03-28 21:47:32|qwen|web_search_no_think|5|QUESTION_ADVANCE||1018|b872fffd-0b00-44a6-b6de-9fe79964a4fb
2026-03-28 21:47:58|qwen|web_search_no_think|5|QUESTION_SENT||1018|b872fffd-0b00-44a6-b6de-9fe79964a4fb
2026-03-28 21:48:55|qwen|web_search_no_think|5|JSON_VERIFIED||1018|b872fffd-0b00-44a6-b6de-9fe79964a4fb
2026-03-28 21:48:55|qwen|web_search_no_think|5|QUESTION|74|1018|b872fffd-0b00-44a6-b6de-9fe79964a4fb
2026-03-28 21:48:55|qwen|web_search_no_think|5|JSON_SAVED||1018|b872fffd-0b00-44a6-b6de-9fe79964a4fb
2026-03-28 21:48:55|qwen|web_search_no_think|5|QUESTION_ADVANCE||1019|f1a3119b-9e92-48a1-9293-d2e91636b389
2026-03-28 21:49:22|qwen|web_search_no_think|5|QUESTION_SENT||1019|f1a3119b-9e92-48a1-9293-d2e91636b389
2026-03-28 21:51:06|qwen|web_search_no_think|5|QUESTION_SENT||1019|f1a3119b-9e92-48a1-9293-d2e91636b389
2026-03-28 21:52:50|qwen|web_search_no_think|5|JSON_VERIFIED||1019|f1a3119b-9e92-48a1-9293-d2e91636b389
2026-03-28 21:52:50|qwen|web_search_no_think|5|QUESTION|75|1019|f1a3119b-9e92-48a1-9293-d2e91636b389
2026-03-28 21:52:50|qwen|web_search_no_think|5|JSON_SAVED||1019|f1a3119b-9e92-48a1-9293-d2e91636b389
2026-03-28 21:52:50|qwen|web_search_no_think|5|QUESTION_ADVANCE||1020|3a765a4a-5dde-4d97-a43a-3d504ee80750
2026-03-28 21:53:16|qwen|web_search_no_think|5|QUESTION_SENT||1020|3a765a4a-5dde-4d97-a43a-3d504ee80750
2026-03-28 21:54:19|qwen|web_search_no_think|5|JSON_VERIFIED||1020|3a765a4a-5dde-4d97-a43a-3d504ee80750
2026-03-28 21:54:19|qwen|web_search_no_think|5|QUESTION|76|1020|3a765a4a-5dde-4d97-a43a-3d504ee80750
2026-03-28 21:54:19|qwen|web_search_no_think|5|JSON_SAVED||1020|3a765a4a-5dde-4d97-a43a-3d504ee80750
2026-03-28 21:54:20|qwen|web_search_no_think|5|STOP||1021|
