timestamp|site|scenario|bot_id|event_type|attempt_number|global_index|question_uid
2026-03-24 10:14:05|qwen|web_search_no_think|4|RESTART||2037|1e7a563f-3376-4141-bb11-3419e6d34e1e
2026-03-24 10:15:58|qwen|web_search_no_think|4|RESTART||2037|1e7a563f-3376-4141-bb11-3419e6d34e1e
2026-03-24 10:16:47|qwen|web_search_no_think|4|QUESTION_SENT||2037|1e7a563f-3376-4141-bb11-3419e6d34e1e
2026-03-24 10:18:50|qwen|web_search_no_think|4|JSON_VERIFY_FAILED||2037|1e7a563f-3376-4141-bb11-3419e6d34e1e
2026-03-24 10:18:50|qwen|web_search_no_think|4|QUESTION|1|2037|1e7a563f-3376-4141-bb11-3419e6d34e1e
2026-03-24 10:18:56|qwen|web_search_no_think|4|QUESTION_SENT||2037|1e7a563f-3376-4141-bb11-3419e6d34e1e
2026-03-24 10:20:13|qwen|web_search_no_think|4|QUESTION_SENT||2037|1e7a563f-3376-4141-bb11-3419e6d34e1e
2026-03-24 10:22:57|qwen|web_search_no_think|4|JSON_VERIFIED||2037|1e7a563f-3376-4141-bb11-3419e6d34e1e
2026-03-24 10:22:57|qwen|web_search_no_think|4|QUESTION|2|2037|1e7a563f-3376-4141-bb11-3419e6d34e1e
2026-03-24 10:22:57|qwen|web_search_no_think|4|JSON_SAVED||2037|1e7a563f-3376-4141-bb11-3419e6d34e1e
2026-03-24 10:22:57|qwen|web_search_no_think|4|QUESTION_ADVANCE||2038|a8b0a332-b06c-4ab2-b77b-d998d1e502d6
2026-03-24 10:24:09|qwen|web_search_no_think|4|QUESTION_SENT||2038|a8b0a332-b06c-4ab2-b77b-d998d1e502d6
2026-03-24 10:25:52|qwen|web_search_no_think|4|JSON_VERIFIED||2038|a8b0a332-b06c-4ab2-b77b-d998d1e502d6
2026-03-24 10:25:52|qwen|web_search_no_think|4|QUESTION|3|2038|a8b0a332-b06c-4ab2-b77b-d998d1e502d6
2026-03-24 10:25:52|qwen|web_search_no_think|4|JSON_SAVED||2038|a8b0a332-b06c-4ab2-b77b-d998d1e502d6
2026-03-24 10:25:52|qwen|web_search_no_think|4|QUESTION_ADVANCE||2039|067510e6-8e5b-4356-a4f7-156600fec955
2026-03-24 10:26:19|qwen|web_search_no_think|4|QUESTION_SENT||2039|067510e6-8e5b-4356-a4f7-156600fec955
2026-03-24 10:29:09|qwen|web_search_no_think|4|JSON_VERIFIED||2039|067510e6-8e5b-4356-a4f7-156600fec955
2026-03-24 10:29:09|qwen|web_search_no_think|4|QUESTION|4|2039|067510e6-8e5b-4356-a4f7-156600fec955
2026-03-24 10:29:09|qwen|web_search_no_think|4|JSON_SAVED||2039|067510e6-8e5b-4356-a4f7-156600fec955
2026-03-24 10:29:09|qwen|web_search_no_think|4|QUESTION_ADVANCE||2040|e7ee7f28-c80b-4a23-acd0-bf41d69c782d
2026-03-24 10:29:36|qwen|web_search_no_think|4|QUESTION_SENT||2040|e7ee7f28-c80b-4a23-acd0-bf41d69c782d
2026-03-24 10:32:01|qwen|web_search_no_think|4|JSON_VERIFIED||2040|e7ee7f28-c80b-4a23-acd0-bf41d69c782d
2026-03-24 10:32:01|qwen|web_search_no_think|4|QUESTION|5|2040|e7ee7f28-c80b-4a23-acd0-bf41d69c782d
2026-03-24 10:32:01|qwen|web_search_no_think|4|JSON_SAVED||2040|e7ee7f28-c80b-4a23-acd0-bf41d69c782d
2026-03-24 10:32:01|qwen|web_search_no_think|4|QUESTION_ADVANCE||2041|d3d88f00-e2c3-46f9-9bae-7a879b4ada6b
2026-03-24 10:32:27|qwen|web_search_no_think|4|QUESTION_SENT||2041|d3d88f00-e2c3-46f9-9bae-7a879b4ada6b
2026-03-24 10:33:26|qwen|web_search_no_think|4|JSON_VERIFY_FAILED||2041|d3d88f00-e2c3-46f9-9bae-7a879b4ada6b
2026-03-24 10:33:26|qwen|web_search_no_think|4|QUESTION|6|2041|d3d88f00-e2c3-46f9-9bae-7a879b4ada6b
2026-03-24 10:33:52|qwen|web_search_no_think|4|QUESTION_SENT||2041|d3d88f00-e2c3-46f9-9bae-7a879b4ada6b
2026-03-24 10:36:11|qwen|web_search_no_think|4|JSON_VERIFIED||2041|d3d88f00-e2c3-46f9-9bae-7a879b4ada6b
2026-03-24 10:36:11|qwen|web_search_no_think|4|QUESTION|7|2041|d3d88f00-e2c3-46f9-9bae-7a879b4ada6b
2026-03-24 10:36:11|qwen|web_search_no_think|4|JSON_SAVED||2041|d3d88f00-e2c3-46f9-9bae-7a879b4ada6b
2026-03-24 10:36:11|qwen|web_search_no_think|4|QUESTION_ADVANCE||2042|93037af8-405d-4366-aad9-a6b0782de24a
2026-03-24 10:36:37|qwen|web_search_no_think|4|QUESTION_SENT||2042|93037af8-405d-4366-aad9-a6b0782de24a
2026-03-24 10:37:52|qwen|web_search_no_think|4|JSON_VERIFIED||2042|93037af8-405d-4366-aad9-a6b0782de24a
2026-03-24 10:37:52|qwen|web_search_no_think|4|QUESTION|8|2042|93037af8-405d-4366-aad9-a6b0782de24a
2026-03-24 10:37:52|qwen|web_search_no_think|4|JSON_SAVED||2042|93037af8-405d-4366-aad9-a6b0782de24a
2026-03-24 10:37:52|qwen|web_search_no_think|4|QUESTION_ADVANCE||2043|63bf3bff-075c-4512-be18-089fd17353f8
2026-03-24 10:38:18|qwen|web_search_no_think|4|QUESTION_SENT||2043|63bf3bff-075c-4512-be18-089fd17353f8
2026-03-24 10:39:45|qwen|web_search_no_think|4|JSON_VERIFY_FAILED||2043|63bf3bff-075c-4512-be18-089fd17353f8
2026-03-24 10:39:45|qwen|web_search_no_think|4|QUESTION|9|2043|63bf3bff-075c-4512-be18-089fd17353f8
2026-03-24 10:40:12|qwen|web_search_no_think|4|QUESTION_SENT||2043|63bf3bff-075c-4512-be18-089fd17353f8
2026-03-24 10:41:55|qwen|web_search_no_think|4|JSON_VERIFIED||2043|63bf3bff-075c-4512-be18-089fd17353f8
2026-03-24 10:41:55|qwen|web_search_no_think|4|QUESTION|10|2043|63bf3bff-075c-4512-be18-089fd17353f8
2026-03-24 10:41:55|qwen|web_search_no_think|4|JSON_SAVED||2043|63bf3bff-075c-4512-be18-089fd17353f8
2026-03-24 10:41:55|qwen|web_search_no_think|4|QUESTION_ADVANCE||2044|ca3f75b3-0cc7-4e1a-ab7e-423450d08389
2026-03-24 10:42:22|qwen|web_search_no_think|4|QUESTION_SENT||2044|ca3f75b3-0cc7-4e1a-ab7e-423450d08389
2026-03-24 10:43:58|qwen|web_search_no_think|4|JSON_VERIFIED||2044|ca3f75b3-0cc7-4e1a-ab7e-423450d08389
2026-03-24 10:43:58|qwen|web_search_no_think|4|QUESTION|11|2044|ca3f75b3-0cc7-4e1a-ab7e-423450d08389
2026-03-24 10:43:58|qwen|web_search_no_think|4|JSON_SAVED||2044|ca3f75b3-0cc7-4e1a-ab7e-423450d08389
2026-03-24 10:43:58|qwen|web_search_no_think|4|QUESTION_ADVANCE||2045|3daea79f-079b-4dcd-bfb9-5aaf138f472c
2026-03-24 10:44:25|qwen|web_search_no_think|4|QUESTION_SENT||2045|3daea79f-079b-4dcd-bfb9-5aaf138f472c
2026-03-24 10:46:22|qwen|web_search_no_think|4|JSON_VERIFIED||2045|3daea79f-079b-4dcd-bfb9-5aaf138f472c
2026-03-24 10:46:22|qwen|web_search_no_think|4|QUESTION|12|2045|3daea79f-079b-4dcd-bfb9-5aaf138f472c
2026-03-24 10:46:22|qwen|web_search_no_think|4|JSON_SAVED||2045|3daea79f-079b-4dcd-bfb9-5aaf138f472c
2026-03-24 10:46:22|qwen|web_search_no_think|4|QUESTION_ADVANCE||2046|61fbdae6-5122-46c7-86fe-4b969744f837
2026-03-24 10:46:48|qwen|web_search_no_think|4|QUESTION_SENT||2046|61fbdae6-5122-46c7-86fe-4b969744f837
2026-03-24 10:47:51|qwen|web_search_no_think|4|JSON_VERIFIED||2046|61fbdae6-5122-46c7-86fe-4b969744f837
2026-03-24 10:47:51|qwen|web_search_no_think|4|QUESTION|13|2046|61fbdae6-5122-46c7-86fe-4b969744f837
2026-03-24 10:47:51|qwen|web_search_no_think|4|JSON_SAVED||2046|61fbdae6-5122-46c7-86fe-4b969744f837
2026-03-24 10:47:51|qwen|web_search_no_think|4|QUESTION_ADVANCE||2047|58676b7d-5a62-4985-a01d-07ce16989c20
2026-03-24 10:48:17|qwen|web_search_no_think|4|QUESTION_SENT||2047|58676b7d-5a62-4985-a01d-07ce16989c20
2026-03-24 10:50:22|qwen|web_search_no_think|4|JSON_VERIFIED||2047|58676b7d-5a62-4985-a01d-07ce16989c20
2026-03-24 10:50:22|qwen|web_search_no_think|4|QUESTION|14|2047|58676b7d-5a62-4985-a01d-07ce16989c20
2026-03-24 10:50:22|qwen|web_search_no_think|4|JSON_SAVED||2047|58676b7d-5a62-4985-a01d-07ce16989c20
2026-03-24 10:50:22|qwen|web_search_no_think|4|QUESTION_ADVANCE||2048|fa44b66c-4458-4f43-a9ec-07e19068acf1
2026-03-24 10:50:49|qwen|web_search_no_think|4|QUESTION_SENT||2048|fa44b66c-4458-4f43-a9ec-07e19068acf1
2026-03-24 10:52:47|qwen|web_search_no_think|4|JSON_VERIFIED||2048|fa44b66c-4458-4f43-a9ec-07e19068acf1
2026-03-24 10:52:47|qwen|web_search_no_think|4|QUESTION|15|2048|fa44b66c-4458-4f43-a9ec-07e19068acf1
2026-03-24 10:52:47|qwen|web_search_no_think|4|JSON_SAVED||2048|fa44b66c-4458-4f43-a9ec-07e19068acf1
2026-03-24 10:52:47|qwen|web_search_no_think|4|QUESTION_ADVANCE||2049|4b63ab0b-4806-4989-ab41-bbc73fa67fb9
2026-03-24 10:53:13|qwen|web_search_no_think|4|QUESTION_SENT||2049|4b63ab0b-4806-4989-ab41-bbc73fa67fb9
2026-03-24 10:54:52|qwen|web_search_no_think|4|JSON_VERIFIED||2049|4b63ab0b-4806-4989-ab41-bbc73fa67fb9
2026-03-24 10:54:52|qwen|web_search_no_think|4|QUESTION|16|2049|4b63ab0b-4806-4989-ab41-bbc73fa67fb9
2026-03-24 10:54:52|qwen|web_search_no_think|4|JSON_SAVED||2049|4b63ab0b-4806-4989-ab41-bbc73fa67fb9
2026-03-24 10:54:52|qwen|web_search_no_think|4|QUESTION_ADVANCE||2050|b2c405d0-2867-4a81-84a1-64eec7a34a35
2026-03-24 10:55:18|qwen|web_search_no_think|4|QUESTION_SENT||2050|b2c405d0-2867-4a81-84a1-64eec7a34a35
2026-03-24 10:56:19|qwen|web_search_no_think|4|JSON_VERIFIED||2050|b2c405d0-2867-4a81-84a1-64eec7a34a35
2026-03-24 10:56:19|qwen|web_search_no_think|4|QUESTION|17|2050|b2c405d0-2867-4a81-84a1-64eec7a34a35
2026-03-24 10:56:19|qwen|web_search_no_think|4|JSON_SAVED||2050|b2c405d0-2867-4a81-84a1-64eec7a34a35
2026-03-24 10:56:20|qwen|web_search_no_think|4|STOP||2051|
2026-03-24 11:16:32|qwen|web_search_no_think|0|RESTART||2101|d7686c89-6549-40cd-94e0-e432fa47ea59
2026-03-24 11:16:49|qwen|web_search_no_think|0|QUESTION_SENT||2101|d7686c89-6549-40cd-94e0-e432fa47ea59
2026-03-24 11:17:08|qwen|web_search_no_think|1|RESTART||2151|80dbddc3-ec24-47e5-a03e-24ea736fe8ce
2026-03-24 11:17:29|qwen|web_search_no_think|2|RESTART||2201|e290e991-6955-4762-9be9-f2afc8e32c62
2026-03-24 11:17:29|qwen|web_search_no_think|1|QUESTION_SENT||2151|80dbddc3-ec24-47e5-a03e-24ea736fe8ce
2026-03-24 11:17:52|qwen|web_search_no_think|2|QUESTION_SENT||2201|e290e991-6955-4762-9be9-f2afc8e32c62
2026-03-24 11:18:12|qwen|web_search_no_think|0|JSON_VERIFIED||2101|d7686c89-6549-40cd-94e0-e432fa47ea59
2026-03-24 11:18:12|qwen|web_search_no_think|0|QUESTION|1|2101|d7686c89-6549-40cd-94e0-e432fa47ea59
2026-03-24 11:18:12|qwen|web_search_no_think|0|JSON_SAVED||2101|d7686c89-6549-40cd-94e0-e432fa47ea59
2026-03-24 11:18:12|qwen|web_search_no_think|0|QUESTION_ADVANCE||2102|f8267008-de4e-4dd5-95d1-10897c2a46aa
2026-03-24 11:18:39|qwen|web_search_no_think|0|QUESTION_SENT||2102|f8267008-de4e-4dd5-95d1-10897c2a46aa
2026-03-24 11:19:06|qwen|web_search_no_think|2|JSON_VERIFIED||2201|e290e991-6955-4762-9be9-f2afc8e32c62
2026-03-24 11:19:06|qwen|web_search_no_think|2|QUESTION|1|2201|e290e991-6955-4762-9be9-f2afc8e32c62
2026-03-24 11:19:06|qwen|web_search_no_think|2|JSON_SAVED||2201|e290e991-6955-4762-9be9-f2afc8e32c62
2026-03-24 11:19:06|qwen|web_search_no_think|2|QUESTION_ADVANCE||2202|eaa1abf3-d48a-473c-9939-47a23d01dc4e
2026-03-24 11:19:32|qwen|web_search_no_think|2|QUESTION_SENT||2202|eaa1abf3-d48a-473c-9939-47a23d01dc4e
2026-03-24 11:19:59|qwen|web_search_no_think|1|JSON_VERIFIED||2151|80dbddc3-ec24-47e5-a03e-24ea736fe8ce
2026-03-24 11:19:59|qwen|web_search_no_think|1|QUESTION|1|2151|80dbddc3-ec24-47e5-a03e-24ea736fe8ce
2026-03-24 11:19:59|qwen|web_search_no_think|1|JSON_SAVED||2151|80dbddc3-ec24-47e5-a03e-24ea736fe8ce
2026-03-24 11:19:59|qwen|web_search_no_think|1|QUESTION_ADVANCE||2152|98562aa3-d624-4515-aee8-8e9092801d6d
2026-03-24 11:20:26|qwen|web_search_no_think|1|QUESTION_SENT||2152|98562aa3-d624-4515-aee8-8e9092801d6d
2026-03-24 11:20:40|qwen|web_search_no_think|0|JSON_VERIFIED||2102|f8267008-de4e-4dd5-95d1-10897c2a46aa
2026-03-24 11:20:40|qwen|web_search_no_think|0|QUESTION|2|2102|f8267008-de4e-4dd5-95d1-10897c2a46aa
2026-03-24 11:20:40|qwen|web_search_no_think|0|JSON_SAVED||2102|f8267008-de4e-4dd5-95d1-10897c2a46aa
2026-03-24 11:20:40|qwen|web_search_no_think|0|QUESTION_ADVANCE||2103|e2cf4e8d-8c27-4f5a-9558-c31b88828032
2026-03-24 11:21:00|qwen|web_search_no_think|2|JSON_VERIFIED||2202|eaa1abf3-d48a-473c-9939-47a23d01dc4e
2026-03-24 11:21:00|qwen|web_search_no_think|2|QUESTION|2|2202|eaa1abf3-d48a-473c-9939-47a23d01dc4e
2026-03-24 11:21:00|qwen|web_search_no_think|2|JSON_SAVED||2202|eaa1abf3-d48a-473c-9939-47a23d01dc4e
2026-03-24 11:21:00|qwen|web_search_no_think|2|QUESTION_ADVANCE||2203|f4d9ae13-f8c8-4eaf-a097-1b2dd613e5f9
2026-03-24 11:21:08|qwen|web_search_no_think|0|QUESTION_SENT||2103|e2cf4e8d-8c27-4f5a-9558-c31b88828032
2026-03-24 11:21:28|qwen|web_search_no_think|2|QUESTION_SENT||2203|f4d9ae13-f8c8-4eaf-a097-1b2dd613e5f9
2026-03-24 11:22:04|qwen|web_search_no_think|1|JSON_VERIFIED||2152|98562aa3-d624-4515-aee8-8e9092801d6d
2026-03-24 11:22:04|qwen|web_search_no_think|1|QUESTION|2|2152|98562aa3-d624-4515-aee8-8e9092801d6d
2026-03-24 11:22:04|qwen|web_search_no_think|1|JSON_SAVED||2152|98562aa3-d624-4515-aee8-8e9092801d6d
2026-03-24 11:22:04|qwen|web_search_no_think|1|QUESTION_ADVANCE||2153|41e49e86-9994-436d-9d77-1ebeeffe0006
2026-03-24 11:22:31|qwen|web_search_no_think|1|QUESTION_SENT||2153|41e49e86-9994-436d-9d77-1ebeeffe0006
2026-03-24 11:22:50|qwen|web_search_no_think|2|JSON_VERIFIED||2203|f4d9ae13-f8c8-4eaf-a097-1b2dd613e5f9
2026-03-24 11:22:50|qwen|web_search_no_think|2|QUESTION|3|2203|f4d9ae13-f8c8-4eaf-a097-1b2dd613e5f9
2026-03-24 11:22:50|qwen|web_search_no_think|2|JSON_SAVED||2203|f4d9ae13-f8c8-4eaf-a097-1b2dd613e5f9
2026-03-24 11:22:50|qwen|web_search_no_think|2|QUESTION_ADVANCE||2204|4d91e62d-4ac3-4765-9078-027d082709bd
2026-03-24 11:23:17|qwen|web_search_no_think|2|QUESTION_SENT||2204|4d91e62d-4ac3-4765-9078-027d082709bd
2026-03-24 11:23:51|qwen|web_search_no_think|0|JSON_VERIFIED||2103|e2cf4e8d-8c27-4f5a-9558-c31b88828032
2026-03-24 11:23:51|qwen|web_search_no_think|0|QUESTION|3|2103|e2cf4e8d-8c27-4f5a-9558-c31b88828032
2026-03-24 11:23:51|qwen|web_search_no_think|0|JSON_SAVED||2103|e2cf4e8d-8c27-4f5a-9558-c31b88828032
2026-03-24 11:23:51|qwen|web_search_no_think|0|QUESTION_ADVANCE||2104|8ccab368-fedf-4600-a027-28969da9f099
2026-03-24 11:24:07|qwen|web_search_no_think|2|JSON_VERIFIED||2204|4d91e62d-4ac3-4765-9078-027d082709bd
2026-03-24 11:24:07|qwen|web_search_no_think|2|QUESTION|4|2204|4d91e62d-4ac3-4765-9078-027d082709bd
2026-03-24 11:24:07|qwen|web_search_no_think|2|JSON_SAVED||2204|4d91e62d-4ac3-4765-9078-027d082709bd
2026-03-24 11:24:07|qwen|web_search_no_think|2|QUESTION_ADVANCE||2205|f3b29175-8954-492f-82b6-82225d3e0ab9
2026-03-24 11:24:18|qwen|web_search_no_think|0|QUESTION_SENT||2104|8ccab368-fedf-4600-a027-28969da9f099
2026-03-24 11:24:23|qwen|web_search_no_think|1|JSON_VERIFIED||2153|41e49e86-9994-436d-9d77-1ebeeffe0006
2026-03-24 11:24:23|qwen|web_search_no_think|1|QUESTION|3|2153|41e49e86-9994-436d-9d77-1ebeeffe0006
2026-03-24 11:24:23|qwen|web_search_no_think|1|JSON_SAVED||2153|41e49e86-9994-436d-9d77-1ebeeffe0006
2026-03-24 11:24:23|qwen|web_search_no_think|1|QUESTION_ADVANCE||2154|a3e23db5-e0d1-4d0c-8232-c970e440417f
2026-03-24 11:24:35|qwen|web_search_no_think|2|QUESTION_SENT||2205|f3b29175-8954-492f-82b6-82225d3e0ab9
2026-03-24 11:24:50|qwen|web_search_no_think|1|QUESTION_SENT||2154|a3e23db5-e0d1-4d0c-8232-c970e440417f
2026-03-24 11:25:41|qwen|web_search_no_think|0|JSON_VERIFIED||2104|8ccab368-fedf-4600-a027-28969da9f099
2026-03-24 11:25:41|qwen|web_search_no_think|0|QUESTION|4|2104|8ccab368-fedf-4600-a027-28969da9f099
2026-03-24 11:25:41|qwen|web_search_no_think|0|JSON_SAVED||2104|8ccab368-fedf-4600-a027-28969da9f099
2026-03-24 11:25:41|qwen|web_search_no_think|0|QUESTION_ADVANCE||2105|e4ada0f4-5402-4fff-a2d9-beba2d3d8f16
2026-03-24 11:26:08|qwen|web_search_no_think|0|QUESTION_SENT||2105|e4ada0f4-5402-4fff-a2d9-beba2d3d8f16
2026-03-24 11:26:16|qwen|web_search_no_think|1|JSON_VERIFIED||2154|a3e23db5-e0d1-4d0c-8232-c970e440417f
2026-03-24 11:26:16|qwen|web_search_no_think|1|QUESTION|4|2154|a3e23db5-e0d1-4d0c-8232-c970e440417f
2026-03-24 11:26:16|qwen|web_search_no_think|1|JSON_SAVED||2154|a3e23db5-e0d1-4d0c-8232-c970e440417f
2026-03-24 11:26:16|qwen|web_search_no_think|1|QUESTION_ADVANCE||2155|29d0bceb-79c6-49de-99e1-12346acafa9f
2026-03-24 11:26:21|qwen|web_search_no_think|2|JSON_VERIFIED||2205|f3b29175-8954-492f-82b6-82225d3e0ab9
2026-03-24 11:26:21|qwen|web_search_no_think|2|QUESTION|5|2205|f3b29175-8954-492f-82b6-82225d3e0ab9
2026-03-24 11:26:21|qwen|web_search_no_think|2|JSON_SAVED||2205|f3b29175-8954-492f-82b6-82225d3e0ab9
2026-03-24 11:26:21|qwen|web_search_no_think|2|QUESTION_ADVANCE||2206|fad0dfcf-1b64-402c-9f47-19c6e45304b6
2026-03-24 11:26:42|qwen|web_search_no_think|1|QUESTION_SENT||2155|29d0bceb-79c6-49de-99e1-12346acafa9f
2026-03-24 11:26:48|qwen|web_search_no_think|2|QUESTION_SENT||2206|fad0dfcf-1b64-402c-9f47-19c6e45304b6
2026-03-24 11:27:45|qwen|web_search_no_think|1|JSON_VERIFIED||2155|29d0bceb-79c6-49de-99e1-12346acafa9f
2026-03-24 11:27:45|qwen|web_search_no_think|1|QUESTION|5|2155|29d0bceb-79c6-49de-99e1-12346acafa9f
2026-03-24 11:27:45|qwen|web_search_no_think|1|JSON_SAVED||2155|29d0bceb-79c6-49de-99e1-12346acafa9f
2026-03-24 11:27:45|qwen|web_search_no_think|1|QUESTION_ADVANCE||2156|84900ef5-8530-4e4a-b936-d94b3bdb947a
2026-03-24 11:27:46|qwen|web_search_no_think|3|RESTART||2251|74bdff88-cd15-4478-9c55-ff8b6e2fcc8b
2026-03-24 11:28:02|qwen|web_search_no_think|2|JSON_VERIFIED||2206|fad0dfcf-1b64-402c-9f47-19c6e45304b6
2026-03-24 11:28:02|qwen|web_search_no_think|2|QUESTION|6|2206|fad0dfcf-1b64-402c-9f47-19c6e45304b6
2026-03-24 11:28:02|qwen|web_search_no_think|2|JSON_SAVED||2206|fad0dfcf-1b64-402c-9f47-19c6e45304b6
2026-03-24 11:28:02|qwen|web_search_no_think|2|QUESTION_ADVANCE||2207|286ba73e-5f3e-4f3e-8e53-d6b2ee175e42
2026-03-24 11:28:09|qwen|web_search_no_think|3|QUESTION_SENT||2251|74bdff88-cd15-4478-9c55-ff8b6e2fcc8b
2026-03-24 11:28:13|qwen|web_search_no_think|1|QUESTION_SENT||2156|84900ef5-8530-4e4a-b936-d94b3bdb947a
2026-03-24 11:28:23|qwen|web_search_no_think|0|JSON_VERIFIED||2105|e4ada0f4-5402-4fff-a2d9-beba2d3d8f16
2026-03-24 11:28:23|qwen|web_search_no_think|0|QUESTION|5|2105|e4ada0f4-5402-4fff-a2d9-beba2d3d8f16
2026-03-24 11:28:23|qwen|web_search_no_think|0|JSON_SAVED||2105|e4ada0f4-5402-4fff-a2d9-beba2d3d8f16
2026-03-24 11:28:23|qwen|web_search_no_think|0|QUESTION_ADVANCE||2106|8f0b0fde-1d15-45a5-a78a-141e943d8295
2026-03-24 11:28:29|qwen|web_search_no_think|2|QUESTION_SENT||2207|286ba73e-5f3e-4f3e-8e53-d6b2ee175e42
2026-03-24 11:28:50|qwen|web_search_no_think|0|QUESTION_SENT||2106|8f0b0fde-1d15-45a5-a78a-141e943d8295
2026-03-24 11:29:49|qwen|web_search_no_think|2|JSON_VERIFIED||2207|286ba73e-5f3e-4f3e-8e53-d6b2ee175e42
2026-03-24 11:29:49|qwen|web_search_no_think|2|QUESTION|7|2207|286ba73e-5f3e-4f3e-8e53-d6b2ee175e42
2026-03-24 11:29:49|qwen|web_search_no_think|2|JSON_SAVED||2207|286ba73e-5f3e-4f3e-8e53-d6b2ee175e42
2026-03-24 11:29:49|qwen|web_search_no_think|2|QUESTION_ADVANCE||2208|4a1a7c2c-be80-494d-a265-433e4fec4ff3
2026-03-24 11:29:53|qwen|web_search_no_think|0|JSON_VERIFIED||2106|8f0b0fde-1d15-45a5-a78a-141e943d8295
2026-03-24 11:29:53|qwen|web_search_no_think|0|QUESTION|6|2106|8f0b0fde-1d15-45a5-a78a-141e943d8295
2026-03-24 11:29:53|qwen|web_search_no_think|0|JSON_SAVED||2106|8f0b0fde-1d15-45a5-a78a-141e943d8295
2026-03-24 11:29:53|qwen|web_search_no_think|0|QUESTION_ADVANCE||2107|cea8a14a-0f8e-49c7-990a-5c5d775c92dd
2026-03-24 11:30:01|qwen|web_search_no_think|3|JSON_VERIFIED||2251|74bdff88-cd15-4478-9c55-ff8b6e2fcc8b
2026-03-24 11:30:01|qwen|web_search_no_think|3|QUESTION|1|2251|74bdff88-cd15-4478-9c55-ff8b6e2fcc8b
2026-03-24 11:30:01|qwen|web_search_no_think|3|JSON_SAVED||2251|74bdff88-cd15-4478-9c55-ff8b6e2fcc8b
2026-03-24 11:30:01|qwen|web_search_no_think|3|QUESTION_ADVANCE||2252|5ab338f8-8d2f-4194-9079-69f487146f19
2026-03-24 11:30:20|qwen|web_search_no_think|0|QUESTION_SENT||2107|cea8a14a-0f8e-49c7-990a-5c5d775c92dd
2026-03-24 11:30:28|qwen|web_search_no_think|3|QUESTION_SENT||2252|5ab338f8-8d2f-4194-9079-69f487146f19
2026-03-24 11:30:40|qwen|web_search_no_think|1|JSON_VERIFIED||2156|84900ef5-8530-4e4a-b936-d94b3bdb947a
2026-03-24 11:30:40|qwen|web_search_no_think|1|QUESTION|6|2156|84900ef5-8530-4e4a-b936-d94b3bdb947a
2026-03-24 11:30:40|qwen|web_search_no_think|1|JSON_SAVED||2156|84900ef5-8530-4e4a-b936-d94b3bdb947a
2026-03-24 11:30:40|qwen|web_search_no_think|1|QUESTION_ADVANCE||2157|6ee26b8a-ef94-4758-a4e0-485ba56a1b87
2026-03-24 11:31:07|qwen|web_search_no_think|1|QUESTION_SENT||2157|6ee26b8a-ef94-4758-a4e0-485ba56a1b87
2026-03-24 11:31:29|qwen|web_search_no_think|0|JSON_VERIFIED||2107|cea8a14a-0f8e-49c7-990a-5c5d775c92dd
2026-03-24 11:31:29|qwen|web_search_no_think|0|QUESTION|7|2107|cea8a14a-0f8e-49c7-990a-5c5d775c92dd
2026-03-24 11:31:29|qwen|web_search_no_think|0|JSON_SAVED||2107|cea8a14a-0f8e-49c7-990a-5c5d775c92dd
2026-03-24 11:31:29|qwen|web_search_no_think|0|QUESTION_ADVANCE||2108|1028ee92-e853-4cf4-aa09-029993c62045
2026-03-24 11:31:37|qwen|web_search_no_think|1|JSON_VERIFY_FAILED||2157|6ee26b8a-ef94-4758-a4e0-485ba56a1b87
2026-03-24 11:31:37|qwen|web_search_no_think|1|QUESTION|7|2157|6ee26b8a-ef94-4758-a4e0-485ba56a1b87
2026-03-24 11:31:57|qwen|web_search_no_think|0|QUESTION_SENT||2108|1028ee92-e853-4cf4-aa09-029993c62045
2026-03-24 11:32:04|qwen|web_search_no_think|1|QUESTION_SENT||2157|6ee26b8a-ef94-4758-a4e0-485ba56a1b87
2026-03-24 11:32:07|qwen|web_search_no_think|3|JSON_VERIFIED||2252|5ab338f8-8d2f-4194-9079-69f487146f19
2026-03-24 11:32:07|qwen|web_search_no_think|3|QUESTION|2|2252|5ab338f8-8d2f-4194-9079-69f487146f19
2026-03-24 11:32:07|qwen|web_search_no_think|3|JSON_SAVED||2252|5ab338f8-8d2f-4194-9079-69f487146f19
2026-03-24 11:32:07|qwen|web_search_no_think|3|QUESTION_ADVANCE||2253|1ed27b0c-5343-4f44-8234-9b124200ed3c
2026-03-24 11:32:34|qwen|web_search_no_think|3|QUESTION_SENT||2253|1ed27b0c-5343-4f44-8234-9b124200ed3c
2026-03-24 11:33:15|qwen|web_search_no_think|0|JSON_VERIFIED||2108|1028ee92-e853-4cf4-aa09-029993c62045
2026-03-24 11:33:15|qwen|web_search_no_think|0|QUESTION|8|2108|1028ee92-e853-4cf4-aa09-029993c62045
2026-03-24 11:33:15|qwen|web_search_no_think|0|JSON_SAVED||2108|1028ee92-e853-4cf4-aa09-029993c62045
2026-03-24 11:33:15|qwen|web_search_no_think|0|QUESTION_ADVANCE||2109|9d3d2936-a9f8-4a9e-b8da-a4d6f2bd578e
2026-03-24 11:33:44|qwen|web_search_no_think|0|QUESTION_SENT||2109|9d3d2936-a9f8-4a9e-b8da-a4d6f2bd578e
2026-03-24 11:34:11|qwen|web_search_no_think|1|JSON_VERIFIED||2157|6ee26b8a-ef94-4758-a4e0-485ba56a1b87
2026-03-24 11:34:11|qwen|web_search_no_think|1|QUESTION|8|2157|6ee26b8a-ef94-4758-a4e0-485ba56a1b87
2026-03-24 11:34:11|qwen|web_search_no_think|1|JSON_SAVED||2157|6ee26b8a-ef94-4758-a4e0-485ba56a1b87
2026-03-24 11:34:11|qwen|web_search_no_think|1|QUESTION_ADVANCE||2158|befb954d-3e4e-4190-9271-8ca0749f38f8
2026-03-24 11:34:38|qwen|web_search_no_think|1|QUESTION_SENT||2158|befb954d-3e4e-4190-9271-8ca0749f38f8
2026-03-24 11:35:59|qwen|web_search_no_think|1|JSON_VERIFIED||2158|befb954d-3e4e-4190-9271-8ca0749f38f8
2026-03-24 11:35:59|qwen|web_search_no_think|1|QUESTION|9|2158|befb954d-3e4e-4190-9271-8ca0749f38f8
2026-03-24 11:35:59|qwen|web_search_no_think|1|JSON_SAVED||2158|befb954d-3e4e-4190-9271-8ca0749f38f8
2026-03-24 11:36:00|qwen|web_search_no_think|1|QUESTION_ADVANCE||2159|927780f6-d0f9-4faa-9896-903cee158306
2026-03-24 11:36:21|qwen|web_search_no_think|0|JSON_VERIFIED||2109|9d3d2936-a9f8-4a9e-b8da-a4d6f2bd578e
2026-03-24 11:36:21|qwen|web_search_no_think|0|QUESTION|9|2109|9d3d2936-a9f8-4a9e-b8da-a4d6f2bd578e
2026-03-24 11:36:21|qwen|web_search_no_think|0|JSON_SAVED||2109|9d3d2936-a9f8-4a9e-b8da-a4d6f2bd578e
2026-03-24 11:36:21|qwen|web_search_no_think|0|QUESTION_ADVANCE||2110|199779cf-dd79-4258-b7e1-ecbb1690b767
2026-03-24 11:36:27|qwen|web_search_no_think|1|QUESTION_SENT||2159|927780f6-d0f9-4faa-9896-903cee158306
2026-03-24 11:36:46|qwen|web_search_no_think|3|JSON_VERIFIED||2253|1ed27b0c-5343-4f44-8234-9b124200ed3c
2026-03-24 11:36:46|qwen|web_search_no_think|3|QUESTION|3|2253|1ed27b0c-5343-4f44-8234-9b124200ed3c
2026-03-24 11:36:46|qwen|web_search_no_think|3|JSON_SAVED||2253|1ed27b0c-5343-4f44-8234-9b124200ed3c
2026-03-24 11:36:46|qwen|web_search_no_think|3|QUESTION_ADVANCE||2254|6506ff2c-afa8-491a-ae6d-36bf38a9c013
2026-03-24 11:36:51|qwen|web_search_no_think|0|QUESTION_SENT||2110|199779cf-dd79-4258-b7e1-ecbb1690b767
2026-03-24 11:36:55|qwen|web_search_no_think|1|QUESTION_SENT||2159|927780f6-d0f9-4faa-9896-903cee158306
2026-03-24 11:37:14|qwen|web_search_no_think|3|QUESTION_SENT||2254|6506ff2c-afa8-491a-ae6d-36bf38a9c013
2026-03-24 11:38:00|qwen|web_search_no_think|0|JSON_VERIFIED||2110|199779cf-dd79-4258-b7e1-ecbb1690b767
2026-03-24 11:38:00|qwen|web_search_no_think|0|QUESTION|10|2110|199779cf-dd79-4258-b7e1-ecbb1690b767
2026-03-24 11:38:00|qwen|web_search_no_think|0|JSON_SAVED||2110|199779cf-dd79-4258-b7e1-ecbb1690b767
2026-03-24 11:38:00|qwen|web_search_no_think|0|QUESTION_ADVANCE||2111|67b8d89c-4823-4a47-a273-f4219cb13fec
2026-03-24 11:38:27|qwen|web_search_no_think|0|QUESTION_SENT||2111|67b8d89c-4823-4a47-a273-f4219cb13fec
2026-03-24 11:39:03|qwen|web_search_no_think|3|JSON_VERIFIED||2254|6506ff2c-afa8-491a-ae6d-36bf38a9c013
2026-03-24 11:39:03|qwen|web_search_no_think|3|QUESTION|4|2254|6506ff2c-afa8-491a-ae6d-36bf38a9c013
2026-03-24 11:39:03|qwen|web_search_no_think|3|JSON_SAVED||2254|6506ff2c-afa8-491a-ae6d-36bf38a9c013
2026-03-24 11:39:03|qwen|web_search_no_think|3|QUESTION_ADVANCE||2255|fe5431f6-3f1c-4599-8ae7-96fda538894f
2026-03-24 11:39:30|qwen|web_search_no_think|3|QUESTION_SENT||2255|fe5431f6-3f1c-4599-8ae7-96fda538894f
2026-03-24 11:39:50|qwen|web_search_no_think|1|JSON_VERIFIED||2159|927780f6-d0f9-4faa-9896-903cee158306
2026-03-24 11:39:50|qwen|web_search_no_think|1|QUESTION|10|2159|927780f6-d0f9-4faa-9896-903cee158306
2026-03-24 11:39:50|qwen|web_search_no_think|1|JSON_SAVED||2159|927780f6-d0f9-4faa-9896-903cee158306
2026-03-24 11:39:50|qwen|web_search_no_think|1|QUESTION_ADVANCE||2160|126085e6-13ae-4a6a-98c8-ab0d1952d697
2026-03-24 11:40:17|qwen|web_search_no_think|1|QUESTION_SENT||2160|126085e6-13ae-4a6a-98c8-ab0d1952d697
2026-03-24 11:41:09|qwen|web_search_no_think|3|JSON_VERIFIED||2255|fe5431f6-3f1c-4599-8ae7-96fda538894f
2026-03-24 11:41:09|qwen|web_search_no_think|3|QUESTION|5|2255|fe5431f6-3f1c-4599-8ae7-96fda538894f
2026-03-24 11:41:09|qwen|web_search_no_think|3|JSON_SAVED||2255|fe5431f6-3f1c-4599-8ae7-96fda538894f
2026-03-24 11:41:09|qwen|web_search_no_think|3|QUESTION_ADVANCE||2256|93550af7-64a8-4a7b-a3f0-460060ab6528
2026-03-24 11:41:24|qwen|web_search_no_think|1|JSON_VERIFIED||2160|126085e6-13ae-4a6a-98c8-ab0d1952d697
2026-03-24 11:41:24|qwen|web_search_no_think|1|QUESTION|11|2160|126085e6-13ae-4a6a-98c8-ab0d1952d697
2026-03-24 11:41:24|qwen|web_search_no_think|1|JSON_SAVED||2160|126085e6-13ae-4a6a-98c8-ab0d1952d697
2026-03-24 11:41:24|qwen|web_search_no_think|1|QUESTION_ADVANCE||2161|e101d4d0-74cc-4543-8fb2-92e02dbec839
2026-03-24 11:41:35|qwen|web_search_no_think|3|QUESTION_SENT||2256|93550af7-64a8-4a7b-a3f0-460060ab6528
2026-03-24 11:41:51|qwen|web_search_no_think|1|QUESTION_SENT||2161|e101d4d0-74cc-4543-8fb2-92e02dbec839
2026-03-24 11:43:08|qwen|web_search_no_think|3|JSON_VERIFY_FAILED||2256|93550af7-64a8-4a7b-a3f0-460060ab6528
2026-03-24 11:43:08|qwen|web_search_no_think|3|QUESTION|6|2256|93550af7-64a8-4a7b-a3f0-460060ab6528
2026-03-24 11:43:24|qwen|web_search_no_think|1|JSON_VERIFIED||2161|e101d4d0-74cc-4543-8fb2-92e02dbec839
2026-03-24 11:43:24|qwen|web_search_no_think|1|QUESTION|12|2161|e101d4d0-74cc-4543-8fb2-92e02dbec839
2026-03-24 11:43:24|qwen|web_search_no_think|1|JSON_SAVED||2161|e101d4d0-74cc-4543-8fb2-92e02dbec839
2026-03-24 11:43:24|qwen|web_search_no_think|1|QUESTION_ADVANCE||2162|3e001890-e9e5-4e31-8e54-8bf60658a8de
2026-03-24 11:43:35|qwen|web_search_no_think|3|QUESTION_SENT||2256|93550af7-64a8-4a7b-a3f0-460060ab6528
2026-03-24 11:43:50|qwen|web_search_no_think|0|JSON_VERIFIED||2111|67b8d89c-4823-4a47-a273-f4219cb13fec
2026-03-24 11:43:50|qwen|web_search_no_think|0|QUESTION|11|2111|67b8d89c-4823-4a47-a273-f4219cb13fec
2026-03-24 11:43:50|qwen|web_search_no_think|0|JSON_SAVED||2111|67b8d89c-4823-4a47-a273-f4219cb13fec
2026-03-24 11:43:50|qwen|web_search_no_think|0|QUESTION_ADVANCE||2112|46c7779d-50df-46e8-9b2b-bed8622d975b
2026-03-24 11:43:51|qwen|web_search_no_think|1|QUESTION_SENT||2162|3e001890-e9e5-4e31-8e54-8bf60658a8de
2026-03-24 11:44:17|qwen|web_search_no_think|0|QUESTION_SENT||2112|46c7779d-50df-46e8-9b2b-bed8622d975b
2026-03-24 11:45:34|qwen|web_search_no_think|1|JSON_VERIFIED||2162|3e001890-e9e5-4e31-8e54-8bf60658a8de
2026-03-24 11:45:34|qwen|web_search_no_think|1|QUESTION|13|2162|3e001890-e9e5-4e31-8e54-8bf60658a8de
2026-03-24 11:45:34|qwen|web_search_no_think|1|JSON_SAVED||2162|3e001890-e9e5-4e31-8e54-8bf60658a8de
2026-03-24 11:45:34|qwen|web_search_no_think|1|QUESTION_ADVANCE||2163|79ff5c3a-cc71-4f45-b285-b8a747902033
2026-03-24 11:46:01|qwen|web_search_no_think|1|QUESTION_SENT||2163|79ff5c3a-cc71-4f45-b285-b8a747902033
2026-03-24 11:50:10|qwen|web_search_no_think|0|JSON_VERIFIED||2112|46c7779d-50df-46e8-9b2b-bed8622d975b
2026-03-24 11:50:10|qwen|web_search_no_think|0|QUESTION|12|2112|46c7779d-50df-46e8-9b2b-bed8622d975b
2026-03-24 11:50:10|qwen|web_search_no_think|0|JSON_SAVED||2112|46c7779d-50df-46e8-9b2b-bed8622d975b
2026-03-24 11:50:10|qwen|web_search_no_think|0|QUESTION_ADVANCE||2113|ee996bcf-181d-4285-a0b4-df02a48e6a70
2026-03-24 11:50:37|qwen|web_search_no_think|0|QUESTION_SENT||2113|ee996bcf-181d-4285-a0b4-df02a48e6a70
2026-03-24 11:51:48|qwen|web_search_no_think|3|JSON_VERIFIED||2256|93550af7-64a8-4a7b-a3f0-460060ab6528
2026-03-24 11:51:48|qwen|web_search_no_think|3|QUESTION|7|2256|93550af7-64a8-4a7b-a3f0-460060ab6528
2026-03-24 11:51:48|qwen|web_search_no_think|3|JSON_SAVED||2256|93550af7-64a8-4a7b-a3f0-460060ab6528
2026-03-24 11:51:48|qwen|web_search_no_think|3|QUESTION_ADVANCE||2257|f677ee2d-309d-4736-a97a-888f81c72e66
2026-03-24 11:52:15|qwen|web_search_no_think|3|QUESTION_SENT||2257|f677ee2d-309d-4736-a97a-888f81c72e66
2026-03-24 11:52:19|qwen|web_search_no_think|0|JSON_VERIFIED||2113|ee996bcf-181d-4285-a0b4-df02a48e6a70
2026-03-24 11:52:19|qwen|web_search_no_think|0|QUESTION|13|2113|ee996bcf-181d-4285-a0b4-df02a48e6a70
2026-03-24 11:52:19|qwen|web_search_no_think|0|JSON_SAVED||2113|ee996bcf-181d-4285-a0b4-df02a48e6a70
2026-03-24 11:52:19|qwen|web_search_no_think|0|QUESTION_ADVANCE||2114|b6c48c7a-ad90-4435-9ec8-f11bc803c828
2026-03-24 11:52:46|qwen|web_search_no_think|0|QUESTION_SENT||2114|b6c48c7a-ad90-4435-9ec8-f11bc803c828
2026-03-24 11:53:35|qwen|web_search_no_think|3|JSON_VERIFIED||2257|f677ee2d-309d-4736-a97a-888f81c72e66
2026-03-24 11:53:35|qwen|web_search_no_think|3|QUESTION|8|2257|f677ee2d-309d-4736-a97a-888f81c72e66
2026-03-24 11:53:35|qwen|web_search_no_think|3|JSON_SAVED||2257|f677ee2d-309d-4736-a97a-888f81c72e66
2026-03-24 11:53:35|qwen|web_search_no_think|3|QUESTION_ADVANCE||2258|6d9d3c31-3ea9-4131-8fd8-2fd508b5f4fd
2026-03-24 11:54:03|qwen|web_search_no_think|3|QUESTION_SENT||2258|6d9d3c31-3ea9-4131-8fd8-2fd508b5f4fd
2026-03-24 11:54:29|qwen|web_search_no_think|0|JSON_VERIFIED||2114|b6c48c7a-ad90-4435-9ec8-f11bc803c828
2026-03-24 11:54:29|qwen|web_search_no_think|0|QUESTION|14|2114|b6c48c7a-ad90-4435-9ec8-f11bc803c828
2026-03-24 11:54:29|qwen|web_search_no_think|0|JSON_SAVED||2114|b6c48c7a-ad90-4435-9ec8-f11bc803c828
2026-03-24 11:54:29|qwen|web_search_no_think|0|QUESTION_ADVANCE||2115|ed37ef4b-515c-47dd-9ae8-8ee5488abf9d
2026-03-24 11:54:56|qwen|web_search_no_think|0|QUESTION_SENT||2115|ed37ef4b-515c-47dd-9ae8-8ee5488abf9d
2026-03-24 11:56:46|qwen|web_search_no_think|0|JSON_VERIFIED||2115|ed37ef4b-515c-47dd-9ae8-8ee5488abf9d
2026-03-24 11:56:46|qwen|web_search_no_think|0|QUESTION|15|2115|ed37ef4b-515c-47dd-9ae8-8ee5488abf9d
2026-03-24 11:56:46|qwen|web_search_no_think|0|JSON_SAVED||2115|ed37ef4b-515c-47dd-9ae8-8ee5488abf9d
2026-03-24 11:56:46|qwen|web_search_no_think|0|QUESTION_ADVANCE||2116|2ab9969b-c2ad-421d-b47a-e8d8104d11f6
2026-03-24 11:57:13|qwen|web_search_no_think|0|QUESTION_SENT||2116|2ab9969b-c2ad-421d-b47a-e8d8104d11f6
2026-03-24 11:59:11|qwen|web_search_no_think|0|JSON_VERIFIED||2116|2ab9969b-c2ad-421d-b47a-e8d8104d11f6
2026-03-24 11:59:11|qwen|web_search_no_think|0|QUESTION|16|2116|2ab9969b-c2ad-421d-b47a-e8d8104d11f6
2026-03-24 11:59:11|qwen|web_search_no_think|0|JSON_SAVED||2116|2ab9969b-c2ad-421d-b47a-e8d8104d11f6
2026-03-24 11:59:11|qwen|web_search_no_think|0|QUESTION_ADVANCE||2117|d5043dce-bc0a-45cf-9ce3-577c1faa79b8
2026-03-24 11:59:38|qwen|web_search_no_think|0|QUESTION_SENT||2117|d5043dce-bc0a-45cf-9ce3-577c1faa79b8
2026-03-24 12:01:23|qwen|web_search_no_think|0|JSON_VERIFY_FAILED||2117|d5043dce-bc0a-45cf-9ce3-577c1faa79b8
2026-03-24 12:01:23|qwen|web_search_no_think|0|QUESTION|17|2117|d5043dce-bc0a-45cf-9ce3-577c1faa79b8
2026-03-24 12:01:50|qwen|web_search_no_think|0|QUESTION_SENT||2117|d5043dce-bc0a-45cf-9ce3-577c1faa79b8
2026-03-24 12:05:42|qwen|web_search_no_think|0|JSON_VERIFIED||2117|d5043dce-bc0a-45cf-9ce3-577c1faa79b8
2026-03-24 12:05:42|qwen|web_search_no_think|0|QUESTION|18|2117|d5043dce-bc0a-45cf-9ce3-577c1faa79b8
2026-03-24 12:05:42|qwen|web_search_no_think|0|JSON_SAVED||2117|d5043dce-bc0a-45cf-9ce3-577c1faa79b8
2026-03-24 12:05:42|qwen|web_search_no_think|0|QUESTION_ADVANCE||2118|2f8b639a-d2ba-4a2e-a021-13563c5b9c3b
2026-03-24 12:06:09|qwen|web_search_no_think|0|QUESTION_SENT||2118|2f8b639a-d2ba-4a2e-a021-13563c5b9c3b
2026-03-24 12:07:34|qwen|web_search_no_think|0|JSON_VERIFIED||2118|2f8b639a-d2ba-4a2e-a021-13563c5b9c3b
2026-03-24 12:07:34|qwen|web_search_no_think|0|QUESTION|19|2118|2f8b639a-d2ba-4a2e-a021-13563c5b9c3b
2026-03-24 12:07:34|qwen|web_search_no_think|0|JSON_SAVED||2118|2f8b639a-d2ba-4a2e-a021-13563c5b9c3b
2026-03-24 12:07:34|qwen|web_search_no_think|0|QUESTION_ADVANCE||2119|29efe3ca-7b51-4353-9322-8769f1cbfb78
2026-03-24 12:08:01|qwen|web_search_no_think|0|QUESTION_SENT||2119|29efe3ca-7b51-4353-9322-8769f1cbfb78
2026-03-24 12:09:37|qwen|web_search_no_think|0|JSON_VERIFIED||2119|29efe3ca-7b51-4353-9322-8769f1cbfb78
2026-03-24 12:09:37|qwen|web_search_no_think|0|QUESTION|20|2119|29efe3ca-7b51-4353-9322-8769f1cbfb78
2026-03-24 12:09:37|qwen|web_search_no_think|0|JSON_SAVED||2119|29efe3ca-7b51-4353-9322-8769f1cbfb78
2026-03-24 12:09:37|qwen|web_search_no_think|0|QUESTION_ADVANCE||2120|1fb06589-1ca2-4ae4-b528-446f6f513312
2026-03-24 12:10:04|qwen|web_search_no_think|0|QUESTION_SENT||2120|1fb06589-1ca2-4ae4-b528-446f6f513312
2026-03-24 12:11:17|qwen|web_search_no_think|0|JSON_VERIFIED||2120|1fb06589-1ca2-4ae4-b528-446f6f513312
2026-03-24 12:11:17|qwen|web_search_no_think|0|QUESTION|21|2120|1fb06589-1ca2-4ae4-b528-446f6f513312
2026-03-24 12:11:17|qwen|web_search_no_think|0|JSON_SAVED||2120|1fb06589-1ca2-4ae4-b528-446f6f513312
2026-03-24 12:11:17|qwen|web_search_no_think|0|QUESTION_ADVANCE||2121|456b036b-de2d-40d1-9900-d253fe6e1cd1
2026-03-24 12:11:44|qwen|web_search_no_think|0|QUESTION_SENT||2121|456b036b-de2d-40d1-9900-d253fe6e1cd1
2026-03-24 12:13:40|qwen|web_search_no_think|0|JSON_VERIFIED||2121|456b036b-de2d-40d1-9900-d253fe6e1cd1
2026-03-24 12:13:40|qwen|web_search_no_think|0|QUESTION|22|2121|456b036b-de2d-40d1-9900-d253fe6e1cd1
2026-03-24 12:13:40|qwen|web_search_no_think|0|JSON_SAVED||2121|456b036b-de2d-40d1-9900-d253fe6e1cd1
2026-03-24 12:13:40|qwen|web_search_no_think|0|QUESTION_ADVANCE||2122|415aeb97-59e1-40c6-bb33-aaeaab994fef
2026-03-24 12:14:07|qwen|web_search_no_think|0|QUESTION_SENT||2122|415aeb97-59e1-40c6-bb33-aaeaab994fef
2026-03-24 12:17:06|qwen|web_search_no_think|0|JSON_VERIFIED||2122|415aeb97-59e1-40c6-bb33-aaeaab994fef
2026-03-24 12:17:06|qwen|web_search_no_think|0|QUESTION|23|2122|415aeb97-59e1-40c6-bb33-aaeaab994fef
2026-03-24 12:17:06|qwen|web_search_no_think|0|JSON_SAVED||2122|415aeb97-59e1-40c6-bb33-aaeaab994fef
2026-03-24 12:17:06|qwen|web_search_no_think|0|QUESTION_ADVANCE||2123|f3685fd6-b495-428c-8486-086e2de83052
2026-03-24 12:17:33|qwen|web_search_no_think|0|QUESTION_SENT||2123|f3685fd6-b495-428c-8486-086e2de83052
2026-03-24 12:19:20|qwen|web_search_no_think|0|JSON_VERIFIED||2123|f3685fd6-b495-428c-8486-086e2de83052
2026-03-24 12:19:20|qwen|web_search_no_think|0|QUESTION|24|2123|f3685fd6-b495-428c-8486-086e2de83052
2026-03-24 12:19:20|qwen|web_search_no_think|0|JSON_SAVED||2123|f3685fd6-b495-428c-8486-086e2de83052
2026-03-24 12:19:20|qwen|web_search_no_think|0|QUESTION_ADVANCE||2124|798442af-c31c-4742-8aac-e752dd4ffebd
2026-03-24 12:19:47|qwen|web_search_no_think|0|QUESTION_SENT||2124|798442af-c31c-4742-8aac-e752dd4ffebd
2026-03-24 12:20:59|qwen|web_search_no_think|0|JSON_VERIFIED||2124|798442af-c31c-4742-8aac-e752dd4ffebd
2026-03-24 12:20:59|qwen|web_search_no_think|0|QUESTION|25|2124|798442af-c31c-4742-8aac-e752dd4ffebd
2026-03-24 12:20:59|qwen|web_search_no_think|0|JSON_SAVED||2124|798442af-c31c-4742-8aac-e752dd4ffebd
2026-03-24 12:20:59|qwen|web_search_no_think|0|QUESTION_ADVANCE||2125|b3016107-d2d3-4c59-879b-a905d5a04b78
2026-03-24 12:21:25|qwen|web_search_no_think|0|QUESTION_SENT||2125|b3016107-d2d3-4c59-879b-a905d5a04b78
2026-03-24 12:23:02|qwen|web_search_no_think|0|JSON_VERIFIED||2125|b3016107-d2d3-4c59-879b-a905d5a04b78
2026-03-24 12:23:02|qwen|web_search_no_think|0|QUESTION|26|2125|b3016107-d2d3-4c59-879b-a905d5a04b78
2026-03-24 12:23:02|qwen|web_search_no_think|0|JSON_SAVED||2125|b3016107-d2d3-4c59-879b-a905d5a04b78
2026-03-24 12:23:02|qwen|web_search_no_think|0|QUESTION_ADVANCE||2126|908dd1ed-a9a1-4e8e-8b75-6bc267c19ba7
2026-03-24 12:23:29|qwen|web_search_no_think|0|QUESTION_SENT||2126|908dd1ed-a9a1-4e8e-8b75-6bc267c19ba7
2026-03-24 12:25:27|qwen|web_search_no_think|0|JSON_VERIFIED||2126|908dd1ed-a9a1-4e8e-8b75-6bc267c19ba7
2026-03-24 12:25:27|qwen|web_search_no_think|0|QUESTION|27|2126|908dd1ed-a9a1-4e8e-8b75-6bc267c19ba7
2026-03-24 12:25:27|qwen|web_search_no_think|0|JSON_SAVED||2126|908dd1ed-a9a1-4e8e-8b75-6bc267c19ba7
2026-03-24 12:25:27|qwen|web_search_no_think|0|QUESTION_ADVANCE||2127|17cedc24-bfd4-4bc9-aabc-5bec81aeb7ab
2026-03-24 12:25:54|qwen|web_search_no_think|0|QUESTION_SENT||2127|17cedc24-bfd4-4bc9-aabc-5bec81aeb7ab
2026-03-24 12:27:22|qwen|web_search_no_think|0|JSON_VERIFIED||2127|17cedc24-bfd4-4bc9-aabc-5bec81aeb7ab
2026-03-24 12:27:22|qwen|web_search_no_think|0|QUESTION|28|2127|17cedc24-bfd4-4bc9-aabc-5bec81aeb7ab
2026-03-24 12:27:22|qwen|web_search_no_think|0|JSON_SAVED||2127|17cedc24-bfd4-4bc9-aabc-5bec81aeb7ab
2026-03-24 12:27:22|qwen|web_search_no_think|0|QUESTION_ADVANCE||2128|2f3d1c2d-84f2-4ddb-8da5-a3ea5c73a0e8
2026-03-24 12:27:48|qwen|web_search_no_think|0|QUESTION_SENT||2128|2f3d1c2d-84f2-4ddb-8da5-a3ea5c73a0e8
2026-03-24 12:28:55|qwen|web_search_no_think|0|JSON_VERIFIED||2128|2f3d1c2d-84f2-4ddb-8da5-a3ea5c73a0e8
2026-03-24 12:28:55|qwen|web_search_no_think|0|QUESTION|29|2128|2f3d1c2d-84f2-4ddb-8da5-a3ea5c73a0e8
2026-03-24 12:28:55|qwen|web_search_no_think|0|JSON_SAVED||2128|2f3d1c2d-84f2-4ddb-8da5-a3ea5c73a0e8
2026-03-24 12:28:55|qwen|web_search_no_think|0|QUESTION_ADVANCE||2129|79884f15-6638-43be-b9a0-4bdf899e25b9
2026-03-24 12:29:22|qwen|web_search_no_think|0|QUESTION_SENT||2129|79884f15-6638-43be-b9a0-4bdf899e25b9
2026-03-24 12:30:48|qwen|web_search_no_think|0|JSON_VERIFIED||2129|79884f15-6638-43be-b9a0-4bdf899e25b9
2026-03-24 12:30:48|qwen|web_search_no_think|0|QUESTION|30|2129|79884f15-6638-43be-b9a0-4bdf899e25b9
2026-03-24 12:30:48|qwen|web_search_no_think|0|JSON_SAVED||2129|79884f15-6638-43be-b9a0-4bdf899e25b9
2026-03-24 12:30:48|qwen|web_search_no_think|0|QUESTION_ADVANCE||2130|4dd89cde-4d2d-4b47-8903-981b7ac3a964
2026-03-24 12:31:14|qwen|web_search_no_think|0|QUESTION_SENT||2130|4dd89cde-4d2d-4b47-8903-981b7ac3a964
2026-03-24 12:33:22|qwen|web_search_no_think|0|JSON_VERIFIED||2130|4dd89cde-4d2d-4b47-8903-981b7ac3a964
2026-03-24 12:33:22|qwen|web_search_no_think|0|QUESTION|31|2130|4dd89cde-4d2d-4b47-8903-981b7ac3a964
2026-03-24 12:33:22|qwen|web_search_no_think|0|JSON_SAVED||2130|4dd89cde-4d2d-4b47-8903-981b7ac3a964
2026-03-24 12:33:22|qwen|web_search_no_think|0|QUESTION_ADVANCE||2131|939d9f66-458e-4331-8086-f7bf6924569a
2026-03-24 12:33:49|qwen|web_search_no_think|0|QUESTION_SENT||2131|939d9f66-458e-4331-8086-f7bf6924569a
2026-03-24 12:35:06|qwen|web_search_no_think|0|JSON_VERIFIED||2131|939d9f66-458e-4331-8086-f7bf6924569a
2026-03-24 12:35:06|qwen|web_search_no_think|0|QUESTION|32|2131|939d9f66-458e-4331-8086-f7bf6924569a
2026-03-24 12:35:06|qwen|web_search_no_think|0|JSON_SAVED||2131|939d9f66-458e-4331-8086-f7bf6924569a
2026-03-24 12:35:06|qwen|web_search_no_think|0|QUESTION_ADVANCE||2132|671b57d2-9d03-4e9c-80ce-e38acd00c666
2026-03-24 12:35:33|qwen|web_search_no_think|0|QUESTION_SENT||2132|671b57d2-9d03-4e9c-80ce-e38acd00c666
2026-03-24 12:38:08|qwen|web_search_no_think|0|JSON_VERIFIED||2132|671b57d2-9d03-4e9c-80ce-e38acd00c666
2026-03-24 12:38:08|qwen|web_search_no_think|0|QUESTION|33|2132|671b57d2-9d03-4e9c-80ce-e38acd00c666
2026-03-24 12:38:08|qwen|web_search_no_think|0|JSON_SAVED||2132|671b57d2-9d03-4e9c-80ce-e38acd00c666
2026-03-24 12:38:08|qwen|web_search_no_think|0|QUESTION_ADVANCE||2133|25bf9d37-ab95-4d0d-8d93-64c467298077
2026-03-24 12:38:35|qwen|web_search_no_think|0|QUESTION_SENT||2133|25bf9d37-ab95-4d0d-8d93-64c467298077
2026-03-24 12:39:53|qwen|web_search_no_think|0|JSON_VERIFIED||2133|25bf9d37-ab95-4d0d-8d93-64c467298077
2026-03-24 12:39:53|qwen|web_search_no_think|0|QUESTION|34|2133|25bf9d37-ab95-4d0d-8d93-64c467298077
2026-03-24 12:39:53|qwen|web_search_no_think|0|JSON_SAVED||2133|25bf9d37-ab95-4d0d-8d93-64c467298077
2026-03-24 12:39:53|qwen|web_search_no_think|0|QUESTION_ADVANCE||2134|c78da01c-01b6-4582-aa59-be90676fa61b
2026-03-24 12:40:20|qwen|web_search_no_think|0|QUESTION_SENT||2134|c78da01c-01b6-4582-aa59-be90676fa61b
2026-03-24 12:42:17|qwen|web_search_no_think|0|JSON_VERIFIED||2134|c78da01c-01b6-4582-aa59-be90676fa61b
2026-03-24 12:42:17|qwen|web_search_no_think|0|QUESTION|35|2134|c78da01c-01b6-4582-aa59-be90676fa61b
2026-03-24 12:42:17|qwen|web_search_no_think|0|JSON_SAVED||2134|c78da01c-01b6-4582-aa59-be90676fa61b
2026-03-24 12:42:17|qwen|web_search_no_think|0|QUESTION_ADVANCE||2135|140adf83-036a-4258-bae5-c01ad82567bd
2026-03-24 12:42:44|qwen|web_search_no_think|0|QUESTION_SENT||2135|140adf83-036a-4258-bae5-c01ad82567bd
2026-03-24 12:45:12|qwen|web_search_no_think|0|JSON_VERIFIED||2135|140adf83-036a-4258-bae5-c01ad82567bd
2026-03-24 12:45:12|qwen|web_search_no_think|0|QUESTION|36|2135|140adf83-036a-4258-bae5-c01ad82567bd
2026-03-24 12:45:12|qwen|web_search_no_think|0|JSON_SAVED||2135|140adf83-036a-4258-bae5-c01ad82567bd
2026-03-24 12:45:12|qwen|web_search_no_think|0|QUESTION_ADVANCE||2136|a8535e51-1a56-46f4-aa21-c186b0d4edd5
2026-03-24 12:45:39|qwen|web_search_no_think|0|QUESTION_SENT||2136|a8535e51-1a56-46f4-aa21-c186b0d4edd5
2026-03-24 12:46:48|qwen|web_search_no_think|0|JSON_VERIFIED||2136|a8535e51-1a56-46f4-aa21-c186b0d4edd5
2026-03-24 12:46:48|qwen|web_search_no_think|0|QUESTION|37|2136|a8535e51-1a56-46f4-aa21-c186b0d4edd5
2026-03-24 12:46:48|qwen|web_search_no_think|0|JSON_SAVED||2136|a8535e51-1a56-46f4-aa21-c186b0d4edd5
2026-03-24 12:46:48|qwen|web_search_no_think|0|QUESTION_ADVANCE||2137|76f78507-6950-45ec-a043-a71d37d7f26a
2026-03-24 12:47:14|qwen|web_search_no_think|0|QUESTION_SENT||2137|76f78507-6950-45ec-a043-a71d37d7f26a
2026-03-24 12:48:49|qwen|web_search_no_think|0|JSON_VERIFIED||2137|76f78507-6950-45ec-a043-a71d37d7f26a
2026-03-24 12:48:49|qwen|web_search_no_think|0|QUESTION|38|2137|76f78507-6950-45ec-a043-a71d37d7f26a
2026-03-24 12:48:49|qwen|web_search_no_think|0|JSON_SAVED||2137|76f78507-6950-45ec-a043-a71d37d7f26a
2026-03-24 12:48:50|qwen|web_search_no_think|0|QUESTION_ADVANCE||2138|d6b48a37-f80b-4e1a-b0ac-48fad9b23918
2026-03-24 12:49:16|qwen|web_search_no_think|0|QUESTION_SENT||2138|d6b48a37-f80b-4e1a-b0ac-48fad9b23918
2026-03-24 12:50:43|qwen|web_search_no_think|0|JSON_VERIFIED||2138|d6b48a37-f80b-4e1a-b0ac-48fad9b23918
2026-03-24 12:50:43|qwen|web_search_no_think|0|QUESTION|39|2138|d6b48a37-f80b-4e1a-b0ac-48fad9b23918
2026-03-24 12:50:43|qwen|web_search_no_think|0|JSON_SAVED||2138|d6b48a37-f80b-4e1a-b0ac-48fad9b23918
2026-03-24 12:50:43|qwen|web_search_no_think|0|QUESTION_ADVANCE||2139|eec0b5ab-9a66-4ea8-a4b2-8e08fad82fea
2026-03-24 12:51:09|qwen|web_search_no_think|0|QUESTION_SENT||2139|eec0b5ab-9a66-4ea8-a4b2-8e08fad82fea
2026-03-24 12:52:35|qwen|web_search_no_think|0|JSON_VERIFIED||2139|eec0b5ab-9a66-4ea8-a4b2-8e08fad82fea
2026-03-24 12:52:35|qwen|web_search_no_think|0|QUESTION|40|2139|eec0b5ab-9a66-4ea8-a4b2-8e08fad82fea
2026-03-24 12:52:35|qwen|web_search_no_think|0|JSON_SAVED||2139|eec0b5ab-9a66-4ea8-a4b2-8e08fad82fea
2026-03-24 12:52:35|qwen|web_search_no_think|0|QUESTION_ADVANCE||2140|dd30fcd0-779f-4fcc-9d74-f1cbd2c3c5a0
2026-03-24 12:53:01|qwen|web_search_no_think|0|QUESTION_SENT||2140|dd30fcd0-779f-4fcc-9d74-f1cbd2c3c5a0
2026-03-24 12:53:31|qwen|web_search_no_think|0|JSON_VERIFY_FAILED||2140|dd30fcd0-779f-4fcc-9d74-f1cbd2c3c5a0
2026-03-24 12:53:31|qwen|web_search_no_think|0|QUESTION|41|2140|dd30fcd0-779f-4fcc-9d74-f1cbd2c3c5a0
2026-03-24 12:53:57|qwen|web_search_no_think|0|QUESTION_SENT||2140|dd30fcd0-779f-4fcc-9d74-f1cbd2c3c5a0
2026-03-24 12:56:08|qwen|web_search_no_think|0|JSON_VERIFIED||2140|dd30fcd0-779f-4fcc-9d74-f1cbd2c3c5a0
2026-03-24 12:56:08|qwen|web_search_no_think|0|QUESTION|42|2140|dd30fcd0-779f-4fcc-9d74-f1cbd2c3c5a0
2026-03-24 12:56:08|qwen|web_search_no_think|0|JSON_SAVED||2140|dd30fcd0-779f-4fcc-9d74-f1cbd2c3c5a0
2026-03-24 12:56:08|qwen|web_search_no_think|0|QUESTION_ADVANCE||2141|7733961a-6e5d-4a88-8326-0abd956381c6
2026-03-24 12:56:34|qwen|web_search_no_think|0|QUESTION_SENT||2141|7733961a-6e5d-4a88-8326-0abd956381c6
2026-03-24 12:58:38|qwen|web_search_no_think|0|JSON_VERIFIED||2141|7733961a-6e5d-4a88-8326-0abd956381c6
2026-03-24 12:58:38|qwen|web_search_no_think|0|QUESTION|43|2141|7733961a-6e5d-4a88-8326-0abd956381c6
2026-03-24 12:58:38|qwen|web_search_no_think|0|JSON_SAVED||2141|7733961a-6e5d-4a88-8326-0abd956381c6
2026-03-24 12:58:38|qwen|web_search_no_think|0|QUESTION_ADVANCE||2142|d610f389-7c54-4d12-a6c3-ca8be24354c5
2026-03-24 12:59:05|qwen|web_search_no_think|0|QUESTION_SENT||2142|d610f389-7c54-4d12-a6c3-ca8be24354c5
2026-03-24 13:00:19|qwen|web_search_no_think|0|JSON_VERIFIED||2142|d610f389-7c54-4d12-a6c3-ca8be24354c5
2026-03-24 13:00:19|qwen|web_search_no_think|0|QUESTION|44|2142|d610f389-7c54-4d12-a6c3-ca8be24354c5
2026-03-24 13:00:19|qwen|web_search_no_think|0|JSON_SAVED||2142|d610f389-7c54-4d12-a6c3-ca8be24354c5
2026-03-24 13:00:19|qwen|web_search_no_think|0|QUESTION_ADVANCE||2143|e62dd490-1967-4656-9623-313db927c20c
2026-03-24 13:00:46|qwen|web_search_no_think|0|QUESTION_SENT||2143|e62dd490-1967-4656-9623-313db927c20c
2026-03-24 13:01:54|qwen|web_search_no_think|0|JSON_VERIFIED||2143|e62dd490-1967-4656-9623-313db927c20c
2026-03-24 13:01:54|qwen|web_search_no_think|0|QUESTION|45|2143|e62dd490-1967-4656-9623-313db927c20c
2026-03-24 13:01:54|qwen|web_search_no_think|0|JSON_SAVED||2143|e62dd490-1967-4656-9623-313db927c20c
2026-03-24 13:01:54|qwen|web_search_no_think|0|QUESTION_ADVANCE||2144|6ccb473e-4119-4d09-973c-80b9a6bca560
2026-03-24 13:02:20|qwen|web_search_no_think|0|QUESTION_SENT||2144|6ccb473e-4119-4d09-973c-80b9a6bca560
2026-03-24 13:03:33|qwen|web_search_no_think|0|JSON_VERIFIED||2144|6ccb473e-4119-4d09-973c-80b9a6bca560
2026-03-24 13:03:33|qwen|web_search_no_think|0|QUESTION|46|2144|6ccb473e-4119-4d09-973c-80b9a6bca560
2026-03-24 13:03:33|qwen|web_search_no_think|0|JSON_SAVED||2144|6ccb473e-4119-4d09-973c-80b9a6bca560
2026-03-24 13:03:33|qwen|web_search_no_think|0|QUESTION_ADVANCE||2145|17ec5174-01b5-4e29-a618-a7e14fcb2841
2026-03-24 13:04:00|qwen|web_search_no_think|0|QUESTION_SENT||2145|17ec5174-01b5-4e29-a618-a7e14fcb2841
2026-03-24 13:06:17|qwen|web_search_no_think|0|JSON_VERIFIED||2145|17ec5174-01b5-4e29-a618-a7e14fcb2841
2026-03-24 13:06:17|qwen|web_search_no_think|0|QUESTION|47|2145|17ec5174-01b5-4e29-a618-a7e14fcb2841
2026-03-24 13:06:17|qwen|web_search_no_think|0|JSON_SAVED||2145|17ec5174-01b5-4e29-a618-a7e14fcb2841
2026-03-24 13:06:17|qwen|web_search_no_think|0|QUESTION_ADVANCE||2146|627c5000-6437-436d-90ac-17d6fedbba99
2026-03-24 13:06:44|qwen|web_search_no_think|0|QUESTION_SENT||2146|627c5000-6437-436d-90ac-17d6fedbba99
2026-03-24 13:08:12|qwen|web_search_no_think|0|JSON_VERIFIED||2146|627c5000-6437-436d-90ac-17d6fedbba99
2026-03-24 13:08:12|qwen|web_search_no_think|0|QUESTION|48|2146|627c5000-6437-436d-90ac-17d6fedbba99
2026-03-24 13:08:12|qwen|web_search_no_think|0|JSON_SAVED||2146|627c5000-6437-436d-90ac-17d6fedbba99
2026-03-24 13:08:12|qwen|web_search_no_think|0|QUESTION_ADVANCE||2147|1726ece0-7851-4e06-a759-6017c716f7c2
2026-03-24 13:08:39|qwen|web_search_no_think|0|QUESTION_SENT||2147|1726ece0-7851-4e06-a759-6017c716f7c2
2026-03-24 13:09:48|qwen|web_search_no_think|0|JSON_VERIFIED||2147|1726ece0-7851-4e06-a759-6017c716f7c2
2026-03-24 13:09:48|qwen|web_search_no_think|0|QUESTION|49|2147|1726ece0-7851-4e06-a759-6017c716f7c2
2026-03-24 13:09:48|qwen|web_search_no_think|0|JSON_SAVED||2147|1726ece0-7851-4e06-a759-6017c716f7c2
2026-03-24 13:09:48|qwen|web_search_no_think|0|QUESTION_ADVANCE||2148|af108fa7-c0bc-410a-b394-7b5df89dfc8c
2026-03-24 13:10:14|qwen|web_search_no_think|0|QUESTION_SENT||2148|af108fa7-c0bc-410a-b394-7b5df89dfc8c
2026-03-24 13:11:56|qwen|web_search_no_think|0|JSON_VERIFIED||2148|af108fa7-c0bc-410a-b394-7b5df89dfc8c
2026-03-24 13:11:56|qwen|web_search_no_think|0|QUESTION|50|2148|af108fa7-c0bc-410a-b394-7b5df89dfc8c
2026-03-24 13:11:56|qwen|web_search_no_think|0|JSON_SAVED||2148|af108fa7-c0bc-410a-b394-7b5df89dfc8c
2026-03-24 13:11:56|qwen|web_search_no_think|0|QUESTION_ADVANCE||2149|8383deb6-d57b-47bc-ba73-54b927a0f2b9
2026-03-24 13:12:23|qwen|web_search_no_think|0|QUESTION_SENT||2149|8383deb6-d57b-47bc-ba73-54b927a0f2b9
2026-03-24 13:12:53|qwen|web_search_no_think|2|QUESTION_SENT||2208|4a1a7c2c-be80-494d-a265-433e4fec4ff3
2026-03-24 13:13:17|qwen|web_search_no_think|0|JSON_VERIFIED||2149|8383deb6-d57b-47bc-ba73-54b927a0f2b9
2026-03-24 13:13:17|qwen|web_search_no_think|0|QUESTION|51|2149|8383deb6-d57b-47bc-ba73-54b927a0f2b9
2026-03-24 13:13:17|qwen|web_search_no_think|0|JSON_SAVED||2149|8383deb6-d57b-47bc-ba73-54b927a0f2b9
2026-03-24 13:13:17|qwen|web_search_no_think|0|QUESTION_ADVANCE||2150|72a74e1e-2e57-4500-84b4-18267cc4b76b
2026-03-24 13:13:34|qwen|web_search_no_think|3|QUESTION_SENT||2258|6d9d3c31-3ea9-4131-8fd8-2fd508b5f4fd
2026-03-24 13:13:44|qwen|web_search_no_think|0|QUESTION_SENT||2150|72a74e1e-2e57-4500-84b4-18267cc4b76b
2026-03-24 13:14:09|qwen|web_search_no_think|2|JSON_VERIFIED||2208|4a1a7c2c-be80-494d-a265-433e4fec4ff3
2026-03-24 13:14:09|qwen|web_search_no_think|2|QUESTION|8|2208|4a1a7c2c-be80-494d-a265-433e4fec4ff3
2026-03-24 13:14:09|qwen|web_search_no_think|2|JSON_SAVED||2208|4a1a7c2c-be80-494d-a265-433e4fec4ff3
2026-03-24 13:14:09|qwen|web_search_no_think|2|QUESTION_ADVANCE||2209|7d4f482b-11c4-469c-b6e1-e58ad7b80891
2026-03-24 13:14:36|qwen|web_search_no_think|2|QUESTION_SENT||2209|7d4f482b-11c4-469c-b6e1-e58ad7b80891
2026-03-24 13:14:57|qwen|web_search_no_think|3|JSON_VERIFIED||2258|6d9d3c31-3ea9-4131-8fd8-2fd508b5f4fd
2026-03-24 13:14:57|qwen|web_search_no_think|3|QUESTION|9|2258|6d9d3c31-3ea9-4131-8fd8-2fd508b5f4fd
2026-03-24 13:14:57|qwen|web_search_no_think|3|JSON_SAVED||2258|6d9d3c31-3ea9-4131-8fd8-2fd508b5f4fd
2026-03-24 13:14:57|qwen|web_search_no_think|3|QUESTION_ADVANCE||2259|2ecfeaec-4f9b-41dd-80f0-2d4e5852a088
2026-03-24 13:15:09|qwen|web_search_no_think|0|JSON_VERIFIED||2150|72a74e1e-2e57-4500-84b4-18267cc4b76b
2026-03-24 13:15:09|qwen|web_search_no_think|0|QUESTION|52|2150|72a74e1e-2e57-4500-84b4-18267cc4b76b
2026-03-24 13:15:09|qwen|web_search_no_think|0|JSON_SAVED||2150|72a74e1e-2e57-4500-84b4-18267cc4b76b
2026-03-24 13:15:10|qwen|web_search_no_think|0|STOP||2151|
2026-03-24 13:15:24|qwen|web_search_no_think|3|QUESTION_SENT||2259|2ecfeaec-4f9b-41dd-80f0-2d4e5852a088
2026-03-24 13:16:09|qwen|web_search_no_think|2|JSON_VERIFIED||2209|7d4f482b-11c4-469c-b6e1-e58ad7b80891
2026-03-24 13:16:09|qwen|web_search_no_think|2|QUESTION|9|2209|7d4f482b-11c4-469c-b6e1-e58ad7b80891
2026-03-24 13:16:09|qwen|web_search_no_think|2|JSON_SAVED||2209|7d4f482b-11c4-469c-b6e1-e58ad7b80891
2026-03-24 13:16:09|qwen|web_search_no_think|2|QUESTION_ADVANCE||2210|67f082d2-b846-415a-b633-b46177377fdb
2026-03-24 13:16:35|qwen|web_search_no_think|2|QUESTION_SENT||2210|67f082d2-b846-415a-b633-b46177377fdb
2026-03-24 13:16:53|qwen|web_search_no_think|3|JSON_VERIFIED||2259|2ecfeaec-4f9b-41dd-80f0-2d4e5852a088
2026-03-24 13:16:53|qwen|web_search_no_think|3|QUESTION|10|2259|2ecfeaec-4f9b-41dd-80f0-2d4e5852a088
2026-03-24 13:16:53|qwen|web_search_no_think|3|JSON_SAVED||2259|2ecfeaec-4f9b-41dd-80f0-2d4e5852a088
2026-03-24 13:16:53|qwen|web_search_no_think|3|QUESTION_ADVANCE||2260|ee093cd7-f1b2-46b4-a18a-de7e1b34a329
2026-03-24 13:17:20|qwen|web_search_no_think|3|QUESTION_SENT||2260|ee093cd7-f1b2-46b4-a18a-de7e1b34a329
2026-03-24 13:17:40|qwen|web_search_no_think|2|JSON_VERIFIED||2210|67f082d2-b846-415a-b633-b46177377fdb
2026-03-24 13:17:40|qwen|web_search_no_think|2|QUESTION|10|2210|67f082d2-b846-415a-b633-b46177377fdb
2026-03-24 13:17:40|qwen|web_search_no_think|2|JSON_SAVED||2210|67f082d2-b846-415a-b633-b46177377fdb
2026-03-24 13:17:40|qwen|web_search_no_think|2|QUESTION_ADVANCE||2211|7488267f-9191-4c76-9631-bcfb36c48ada
2026-03-24 13:18:07|qwen|web_search_no_think|2|QUESTION_SENT||2211|7488267f-9191-4c76-9631-bcfb36c48ada
2026-03-24 13:18:48|qwen|web_search_no_think|3|JSON_VERIFIED||2260|ee093cd7-f1b2-46b4-a18a-de7e1b34a329
2026-03-24 13:18:48|qwen|web_search_no_think|3|QUESTION|11|2260|ee093cd7-f1b2-46b4-a18a-de7e1b34a329
2026-03-24 13:18:48|qwen|web_search_no_think|3|JSON_SAVED||2260|ee093cd7-f1b2-46b4-a18a-de7e1b34a329
2026-03-24 13:18:48|qwen|web_search_no_think|3|QUESTION_ADVANCE||2261|c0d61def-b0b9-4cf8-b190-987e9a10700b
2026-03-24 13:19:15|qwen|web_search_no_think|3|QUESTION_SENT||2261|c0d61def-b0b9-4cf8-b190-987e9a10700b
2026-03-24 13:20:31|qwen|web_search_no_think|3|JSON_VERIFIED||2261|c0d61def-b0b9-4cf8-b190-987e9a10700b
2026-03-24 13:20:31|qwen|web_search_no_think|3|QUESTION|12|2261|c0d61def-b0b9-4cf8-b190-987e9a10700b
2026-03-24 13:20:31|qwen|web_search_no_think|3|JSON_SAVED||2261|c0d61def-b0b9-4cf8-b190-987e9a10700b
2026-03-24 13:20:31|qwen|web_search_no_think|3|QUESTION_ADVANCE||2262|3812980c-fc27-4002-bf4f-d3e4a9b16312
2026-03-24 13:20:57|qwen|web_search_no_think|3|QUESTION_SENT||2262|3812980c-fc27-4002-bf4f-d3e4a9b16312
2026-03-24 13:22:22|qwen|web_search_no_think|3|JSON_VERIFIED||2262|3812980c-fc27-4002-bf4f-d3e4a9b16312
2026-03-24 13:22:22|qwen|web_search_no_think|3|QUESTION|13|2262|3812980c-fc27-4002-bf4f-d3e4a9b16312
2026-03-24 13:22:22|qwen|web_search_no_think|3|JSON_SAVED||2262|3812980c-fc27-4002-bf4f-d3e4a9b16312
2026-03-24 13:22:22|qwen|web_search_no_think|3|QUESTION_ADVANCE||2263|1318444a-9eea-4dfa-928a-b3404570a14e
2026-03-24 13:22:49|qwen|web_search_no_think|3|QUESTION_SENT||2263|1318444a-9eea-4dfa-928a-b3404570a14e
2026-03-24 13:24:05|qwen|web_search_no_think|3|JSON_VERIFIED||2263|1318444a-9eea-4dfa-928a-b3404570a14e
2026-03-24 13:24:05|qwen|web_search_no_think|3|QUESTION|14|2263|1318444a-9eea-4dfa-928a-b3404570a14e
2026-03-24 13:24:05|qwen|web_search_no_think|3|JSON_SAVED||2263|1318444a-9eea-4dfa-928a-b3404570a14e
2026-03-24 13:24:05|qwen|web_search_no_think|3|QUESTION_ADVANCE||2264|1616dcd1-7b38-43bb-8a27-cc55e3afd387
2026-03-24 13:24:32|qwen|web_search_no_think|3|QUESTION_SENT||2264|1616dcd1-7b38-43bb-8a27-cc55e3afd387
2026-03-24 13:26:03|qwen|web_search_no_think|3|JSON_VERIFIED||2264|1616dcd1-7b38-43bb-8a27-cc55e3afd387
2026-03-24 13:26:03|qwen|web_search_no_think|3|QUESTION|15|2264|1616dcd1-7b38-43bb-8a27-cc55e3afd387
2026-03-24 13:26:03|qwen|web_search_no_think|3|JSON_SAVED||2264|1616dcd1-7b38-43bb-8a27-cc55e3afd387
2026-03-24 13:26:03|qwen|web_search_no_think|3|QUESTION_ADVANCE||2265|80fe1a04-9f87-457d-b6fc-b55306e9d9e4
2026-03-24 13:33:11|qwen|web_search_no_think|3|QUESTION_SENT||2265|80fe1a04-9f87-457d-b6fc-b55306e9d9e4
2026-03-24 13:34:17|qwen|web_search_no_think|2|QUESTION_SENT||2211|7488267f-9191-4c76-9631-bcfb36c48ada
2026-03-24 13:34:17|qwen|web_search_no_think|1|QUESTION_SENT||2163|79ff5c3a-cc71-4f45-b285-b8a747902033
2026-03-24 13:35:01|qwen|web_search_no_think|3|JSON_VERIFIED||2265|80fe1a04-9f87-457d-b6fc-b55306e9d9e4
2026-03-24 13:35:01|qwen|web_search_no_think|3|QUESTION|16|2265|80fe1a04-9f87-457d-b6fc-b55306e9d9e4
2026-03-24 13:35:01|qwen|web_search_no_think|3|JSON_SAVED||2265|80fe1a04-9f87-457d-b6fc-b55306e9d9e4
2026-03-24 13:35:02|qwen|web_search_no_think|3|QUESTION_ADVANCE||2266|b574d147-6744-498d-ac2b-2797985823a2
2026-03-24 13:35:29|qwen|web_search_no_think|3|QUESTION_SENT||2266|b574d147-6744-498d-ac2b-2797985823a2
2026-03-24 13:35:45|qwen|web_search_no_think|1|JSON_VERIFIED||2163|79ff5c3a-cc71-4f45-b285-b8a747902033
2026-03-24 13:35:45|qwen|web_search_no_think|1|QUESTION|14|2163|79ff5c3a-cc71-4f45-b285-b8a747902033
2026-03-24 13:35:45|qwen|web_search_no_think|1|JSON_SAVED||2163|79ff5c3a-cc71-4f45-b285-b8a747902033
2026-03-24 13:35:45|qwen|web_search_no_think|1|QUESTION_ADVANCE||2164|d04342f5-cc65-4e28-a982-4eade163e6ea
2026-03-24 13:36:11|qwen|web_search_no_think|1|QUESTION_SENT||2164|d04342f5-cc65-4e28-a982-4eade163e6ea
2026-03-24 13:36:36|qwen|web_search_no_think|2|JSON_VERIFIED||2211|7488267f-9191-4c76-9631-bcfb36c48ada
2026-03-24 13:36:36|qwen|web_search_no_think|2|QUESTION|11|2211|7488267f-9191-4c76-9631-bcfb36c48ada
2026-03-24 13:36:36|qwen|web_search_no_think|2|JSON_SAVED||2211|7488267f-9191-4c76-9631-bcfb36c48ada
2026-03-24 13:36:36|qwen|web_search_no_think|2|QUESTION_ADVANCE||2212|80029c08-5dfa-4516-8d20-da5a36cdac69
2026-03-24 13:36:43|qwen|web_search_no_think|1|JSON_VERIFY_FAILED||2164|d04342f5-cc65-4e28-a982-4eade163e6ea
2026-03-24 13:36:43|qwen|web_search_no_think|1|QUESTION|15|2164|d04342f5-cc65-4e28-a982-4eade163e6ea
2026-03-24 13:36:54|qwen|web_search_no_think|3|JSON_VERIFIED||2266|b574d147-6744-498d-ac2b-2797985823a2
2026-03-24 13:36:54|qwen|web_search_no_think|3|QUESTION|17|2266|b574d147-6744-498d-ac2b-2797985823a2
2026-03-24 13:36:54|qwen|web_search_no_think|3|JSON_SAVED||2266|b574d147-6744-498d-ac2b-2797985823a2
2026-03-24 13:36:54|qwen|web_search_no_think|3|QUESTION_ADVANCE||2267|dd40eacc-f152-4ae9-bd66-e10bd186c94d
2026-03-24 13:37:03|qwen|web_search_no_think|2|QUESTION_SENT||2212|80029c08-5dfa-4516-8d20-da5a36cdac69
2026-03-24 13:37:10|qwen|web_search_no_think|1|QUESTION_SENT||2164|d04342f5-cc65-4e28-a982-4eade163e6ea
2026-03-24 13:37:21|qwen|web_search_no_think|3|QUESTION_SENT||2267|dd40eacc-f152-4ae9-bd66-e10bd186c94d
2026-03-24 13:38:00|qwen|web_search_no_think|3|JSON_VERIFIED||2267|dd40eacc-f152-4ae9-bd66-e10bd186c94d
2026-03-24 13:38:00|qwen|web_search_no_think|3|QUESTION|18|2267|dd40eacc-f152-4ae9-bd66-e10bd186c94d
2026-03-24 13:38:00|qwen|web_search_no_think|3|JSON_SAVED||2267|dd40eacc-f152-4ae9-bd66-e10bd186c94d
2026-03-24 13:38:00|qwen|web_search_no_think|3|QUESTION_ADVANCE||2268|b8fe9d4c-c202-4a8d-b03d-b2ea63dfcf81
2026-03-24 13:38:27|qwen|web_search_no_think|3|QUESTION_SENT||2268|b8fe9d4c-c202-4a8d-b03d-b2ea63dfcf81
2026-03-24 13:38:45|qwen|web_search_no_think|1|JSON_VERIFIED||2164|d04342f5-cc65-4e28-a982-4eade163e6ea
2026-03-24 13:38:45|qwen|web_search_no_think|1|QUESTION|16|2164|d04342f5-cc65-4e28-a982-4eade163e6ea
2026-03-24 13:38:45|qwen|web_search_no_think|1|JSON_SAVED||2164|d04342f5-cc65-4e28-a982-4eade163e6ea
2026-03-24 13:38:45|qwen|web_search_no_think|1|QUESTION_ADVANCE||2165|f2167187-777e-4e7d-8981-706cb2250d9d
2026-03-24 13:39:12|qwen|web_search_no_think|1|QUESTION_SENT||2165|f2167187-777e-4e7d-8981-706cb2250d9d
2026-03-24 13:39:19|qwen|web_search_no_think|2|JSON_VERIFIED||2212|80029c08-5dfa-4516-8d20-da5a36cdac69
2026-03-24 13:39:19|qwen|web_search_no_think|2|QUESTION|12|2212|80029c08-5dfa-4516-8d20-da5a36cdac69
2026-03-24 13:39:19|qwen|web_search_no_think|2|JSON_SAVED||2212|80029c08-5dfa-4516-8d20-da5a36cdac69
2026-03-24 13:39:19|qwen|web_search_no_think|2|QUESTION_ADVANCE||2213|bd8fc7b7-734d-4c5a-8eb7-f5bbb0b3c1fd
2026-03-24 13:39:31|qwen|web_search_no_think|3|JSON_VERIFIED||2268|b8fe9d4c-c202-4a8d-b03d-b2ea63dfcf81
2026-03-24 13:39:31|qwen|web_search_no_think|3|QUESTION|19|2268|b8fe9d4c-c202-4a8d-b03d-b2ea63dfcf81
2026-03-24 13:39:31|qwen|web_search_no_think|3|JSON_SAVED||2268|b8fe9d4c-c202-4a8d-b03d-b2ea63dfcf81
2026-03-24 13:39:31|qwen|web_search_no_think|3|QUESTION_ADVANCE||2269|d0ce1a86-4939-4cb0-88e7-a8d1933390c4
2026-03-24 13:39:45|qwen|web_search_no_think|2|QUESTION_SENT||2213|bd8fc7b7-734d-4c5a-8eb7-f5bbb0b3c1fd
2026-03-24 13:39:57|qwen|web_search_no_think|3|QUESTION_SENT||2269|d0ce1a86-4939-4cb0-88e7-a8d1933390c4
2026-03-24 13:41:11|qwen|web_search_no_think|3|JSON_VERIFIED||2269|d0ce1a86-4939-4cb0-88e7-a8d1933390c4
2026-03-24 13:41:11|qwen|web_search_no_think|3|QUESTION|20|2269|d0ce1a86-4939-4cb0-88e7-a8d1933390c4
2026-03-24 13:41:11|qwen|web_search_no_think|3|JSON_SAVED||2269|d0ce1a86-4939-4cb0-88e7-a8d1933390c4
2026-03-24 13:41:11|qwen|web_search_no_think|3|QUESTION_ADVANCE||2270|78b75282-ab9b-4050-ba7b-0b5d290ccf11
2026-03-24 13:41:32|qwen|web_search_no_think|1|JSON_VERIFIED||2165|f2167187-777e-4e7d-8981-706cb2250d9d
2026-03-24 13:41:32|qwen|web_search_no_think|1|QUESTION|17|2165|f2167187-777e-4e7d-8981-706cb2250d9d
2026-03-24 13:41:32|qwen|web_search_no_think|1|JSON_SAVED||2165|f2167187-777e-4e7d-8981-706cb2250d9d
2026-03-24 13:41:32|qwen|web_search_no_think|1|QUESTION_ADVANCE||2166|468a38b6-3406-4c47-8a8f-93c533a30bee
2026-03-24 13:41:38|qwen|web_search_no_think|3|QUESTION_SENT||2270|78b75282-ab9b-4050-ba7b-0b5d290ccf11
2026-03-24 13:41:40|qwen|web_search_no_think|2|JSON_VERIFIED||2213|bd8fc7b7-734d-4c5a-8eb7-f5bbb0b3c1fd
2026-03-24 13:41:40|qwen|web_search_no_think|2|QUESTION|13|2213|bd8fc7b7-734d-4c5a-8eb7-f5bbb0b3c1fd
2026-03-24 13:41:40|qwen|web_search_no_think|2|JSON_SAVED||2213|bd8fc7b7-734d-4c5a-8eb7-f5bbb0b3c1fd
2026-03-24 13:41:40|qwen|web_search_no_think|2|QUESTION_ADVANCE||2214|534dda32-9239-44cd-9c13-fa49bbc50083
2026-03-24 13:42:00|qwen|web_search_no_think|1|QUESTION_SENT||2166|468a38b6-3406-4c47-8a8f-93c533a30bee
2026-03-24 13:42:07|qwen|web_search_no_think|2|QUESTION_SENT||2214|534dda32-9239-44cd-9c13-fa49bbc50083
2026-03-24 13:43:16|qwen|web_search_no_think|2|JSON_VERIFIED||2214|534dda32-9239-44cd-9c13-fa49bbc50083
2026-03-24 13:43:16|qwen|web_search_no_think|2|QUESTION|14|2214|534dda32-9239-44cd-9c13-fa49bbc50083
2026-03-24 13:43:16|qwen|web_search_no_think|2|JSON_SAVED||2214|534dda32-9239-44cd-9c13-fa49bbc50083
2026-03-24 13:43:16|qwen|web_search_no_think|2|QUESTION_ADVANCE||2215|a0f07bf1-8e3f-41fa-9a22-34524cacb70b
2026-03-24 13:43:27|qwen|web_search_no_think|3|JSON_VERIFIED||2270|78b75282-ab9b-4050-ba7b-0b5d290ccf11
2026-03-24 13:43:27|qwen|web_search_no_think|3|QUESTION|21|2270|78b75282-ab9b-4050-ba7b-0b5d290ccf11
2026-03-24 13:43:27|qwen|web_search_no_think|3|JSON_SAVED||2270|78b75282-ab9b-4050-ba7b-0b5d290ccf11
2026-03-24 13:43:27|qwen|web_search_no_think|3|QUESTION_ADVANCE||2271|e85bf6dd-d7ba-4081-803e-0400cf85a384
2026-03-24 13:43:43|qwen|web_search_no_think|2|QUESTION_SENT||2215|a0f07bf1-8e3f-41fa-9a22-34524cacb70b
2026-03-24 13:43:55|qwen|web_search_no_think|3|QUESTION_SENT||2271|e85bf6dd-d7ba-4081-803e-0400cf85a384
2026-03-24 13:44:12|qwen|web_search_no_think|1|JSON_VERIFIED||2166|468a38b6-3406-4c47-8a8f-93c533a30bee
2026-03-24 13:44:12|qwen|web_search_no_think|1|QUESTION|18|2166|468a38b6-3406-4c47-8a8f-93c533a30bee
2026-03-24 13:44:12|qwen|web_search_no_think|1|JSON_SAVED||2166|468a38b6-3406-4c47-8a8f-93c533a30bee
2026-03-24 13:44:12|qwen|web_search_no_think|1|QUESTION_ADVANCE||2167|6e76490f-7697-41e4-9636-a28b5cec3319
2026-03-24 13:44:40|qwen|web_search_no_think|1|QUESTION_SENT||2167|6e76490f-7697-41e4-9636-a28b5cec3319
2026-03-24 13:45:03|qwen|web_search_no_think|3|JSON_VERIFIED||2271|e85bf6dd-d7ba-4081-803e-0400cf85a384
2026-03-24 13:45:03|qwen|web_search_no_think|3|QUESTION|22|2271|e85bf6dd-d7ba-4081-803e-0400cf85a384
2026-03-24 13:45:03|qwen|web_search_no_think|3|JSON_SAVED||2271|e85bf6dd-d7ba-4081-803e-0400cf85a384
2026-03-24 13:45:03|qwen|web_search_no_think|3|QUESTION_ADVANCE||2272|fef1a25d-fdf6-4716-8f99-69d7bf6720b1
2026-03-24 13:45:20|qwen|web_search_no_think|2|JSON_VERIFIED||2215|a0f07bf1-8e3f-41fa-9a22-34524cacb70b
2026-03-24 13:45:20|qwen|web_search_no_think|2|QUESTION|15|2215|a0f07bf1-8e3f-41fa-9a22-34524cacb70b
2026-03-24 13:45:20|qwen|web_search_no_think|2|JSON_SAVED||2215|a0f07bf1-8e3f-41fa-9a22-34524cacb70b
2026-03-24 13:45:20|qwen|web_search_no_think|2|QUESTION_ADVANCE||2216|2216be15-839d-40da-8de5-42c1bc8f1dc3
2026-03-24 13:45:30|qwen|web_search_no_think|3|QUESTION_SENT||2272|fef1a25d-fdf6-4716-8f99-69d7bf6720b1
2026-03-24 13:45:47|qwen|web_search_no_think|2|QUESTION_SENT||2216|2216be15-839d-40da-8de5-42c1bc8f1dc3
2026-03-24 13:46:30|qwen|web_search_no_think|3|JSON_VERIFIED||2272|fef1a25d-fdf6-4716-8f99-69d7bf6720b1
2026-03-24 13:46:30|qwen|web_search_no_think|3|QUESTION|23|2272|fef1a25d-fdf6-4716-8f99-69d7bf6720b1
2026-03-24 13:46:30|qwen|web_search_no_think|3|JSON_SAVED||2272|fef1a25d-fdf6-4716-8f99-69d7bf6720b1
2026-03-24 13:46:30|qwen|web_search_no_think|3|QUESTION_ADVANCE||2273|7b26f7e7-e14a-46da-9abc-b160bc9520df
2026-03-24 13:46:58|qwen|web_search_no_think|3|QUESTION_SENT||2273|7b26f7e7-e14a-46da-9abc-b160bc9520df
2026-03-24 13:47:19|qwen|web_search_no_think|2|JSON_VERIFIED||2216|2216be15-839d-40da-8de5-42c1bc8f1dc3
2026-03-24 13:47:19|qwen|web_search_no_think|2|QUESTION|16|2216|2216be15-839d-40da-8de5-42c1bc8f1dc3
2026-03-24 13:47:19|qwen|web_search_no_think|2|JSON_SAVED||2216|2216be15-839d-40da-8de5-42c1bc8f1dc3
2026-03-24 13:47:19|qwen|web_search_no_think|2|QUESTION_ADVANCE||2217|4efe79eb-d528-4c85-9335-63da102b7260
2026-03-24 13:47:43|qwen|web_search_no_think|1|JSON_VERIFY_FAILED||2167|6e76490f-7697-41e4-9636-a28b5cec3319
2026-03-24 13:47:43|qwen|web_search_no_think|1|QUESTION|19|2167|6e76490f-7697-41e4-9636-a28b5cec3319
2026-03-24 13:47:46|qwen|web_search_no_think|2|QUESTION_SENT||2217|4efe79eb-d528-4c85-9335-63da102b7260
2026-03-24 13:48:09|qwen|web_search_no_think|1|QUESTION_SENT||2167|6e76490f-7697-41e4-9636-a28b5cec3319
2026-03-24 13:48:21|qwen|web_search_no_think|3|JSON_VERIFIED||2273|7b26f7e7-e14a-46da-9abc-b160bc9520df
2026-03-24 13:48:21|qwen|web_search_no_think|3|QUESTION|24|2273|7b26f7e7-e14a-46da-9abc-b160bc9520df
2026-03-24 13:48:21|qwen|web_search_no_think|3|JSON_SAVED||2273|7b26f7e7-e14a-46da-9abc-b160bc9520df
2026-03-24 13:48:21|qwen|web_search_no_think|3|QUESTION_ADVANCE||2274|63289555-b62d-4506-80b5-2de77b383928
2026-03-24 13:48:48|qwen|web_search_no_think|3|QUESTION_SENT||2274|63289555-b62d-4506-80b5-2de77b383928
2026-03-24 13:49:24|qwen|web_search_no_think|1|JSON_VERIFIED||2167|6e76490f-7697-41e4-9636-a28b5cec3319
2026-03-24 13:49:24|qwen|web_search_no_think|1|QUESTION|20|2167|6e76490f-7697-41e4-9636-a28b5cec3319
2026-03-24 13:49:24|qwen|web_search_no_think|1|JSON_SAVED||2167|6e76490f-7697-41e4-9636-a28b5cec3319
2026-03-24 13:49:24|qwen|web_search_no_think|1|QUESTION_ADVANCE||2168|8678e2d6-1a28-4309-ab46-a1f90972949b
2026-03-24 13:49:51|qwen|web_search_no_think|1|QUESTION_SENT||2168|8678e2d6-1a28-4309-ab46-a1f90972949b
2026-03-24 13:49:53|qwen|web_search_no_think|2|JSON_VERIFIED||2217|4efe79eb-d528-4c85-9335-63da102b7260
2026-03-24 13:49:53|qwen|web_search_no_think|2|QUESTION|17|2217|4efe79eb-d528-4c85-9335-63da102b7260
2026-03-24 13:49:53|qwen|web_search_no_think|2|JSON_SAVED||2217|4efe79eb-d528-4c85-9335-63da102b7260
2026-03-24 13:49:53|qwen|web_search_no_think|2|QUESTION_ADVANCE||2218|26252f64-3cf5-4d46-a1f9-9b0b17082dde
2026-03-24 13:50:06|qwen|web_search_no_think|3|JSON_VERIFIED||2274|63289555-b62d-4506-80b5-2de77b383928
2026-03-24 13:50:06|qwen|web_search_no_think|3|QUESTION|25|2274|63289555-b62d-4506-80b5-2de77b383928
2026-03-24 13:50:06|qwen|web_search_no_think|3|JSON_SAVED||2274|63289555-b62d-4506-80b5-2de77b383928
2026-03-24 13:50:06|qwen|web_search_no_think|3|QUESTION_ADVANCE||2275|1ce58ef9-c6ce-4954-bf41-a729a9a0f0bd
2026-03-24 13:50:20|qwen|web_search_no_think|2|QUESTION_SENT||2218|26252f64-3cf5-4d46-a1f9-9b0b17082dde
2026-03-24 13:50:24|qwen|web_search_no_think|1|JSON_VERIFY_FAILED||2168|8678e2d6-1a28-4309-ab46-a1f90972949b
2026-03-24 13:50:24|qwen|web_search_no_think|1|QUESTION|21|2168|8678e2d6-1a28-4309-ab46-a1f90972949b
2026-03-24 13:50:33|qwen|web_search_no_think|3|QUESTION_SENT||2275|1ce58ef9-c6ce-4954-bf41-a729a9a0f0bd
2026-03-24 13:50:50|qwen|web_search_no_think|1|QUESTION_SENT||2168|8678e2d6-1a28-4309-ab46-a1f90972949b
2026-03-24 13:51:58|qwen|web_search_no_think|2|JSON_VERIFIED||2218|26252f64-3cf5-4d46-a1f9-9b0b17082dde
2026-03-24 13:51:58|qwen|web_search_no_think|2|QUESTION|18|2218|26252f64-3cf5-4d46-a1f9-9b0b17082dde
2026-03-24 13:51:58|qwen|web_search_no_think|2|JSON_SAVED||2218|26252f64-3cf5-4d46-a1f9-9b0b17082dde
2026-03-24 13:51:58|qwen|web_search_no_think|2|QUESTION_ADVANCE||2219|2824ac18-8390-4794-b3dd-517665be9abd
2026-03-24 13:52:22|qwen|web_search_no_think|1|JSON_VERIFIED||2168|8678e2d6-1a28-4309-ab46-a1f90972949b
2026-03-24 13:52:22|qwen|web_search_no_think|1|QUESTION|22|2168|8678e2d6-1a28-4309-ab46-a1f90972949b
2026-03-24 13:52:22|qwen|web_search_no_think|1|JSON_SAVED||2168|8678e2d6-1a28-4309-ab46-a1f90972949b
2026-03-24 13:52:22|qwen|web_search_no_think|1|QUESTION_ADVANCE||2169|541f2aa0-0e7c-4eca-bf3d-293cdf45805b
2026-03-24 13:52:25|qwen|web_search_no_think|2|QUESTION_SENT||2219|2824ac18-8390-4794-b3dd-517665be9abd
2026-03-24 13:52:49|qwen|web_search_no_think|1|QUESTION_SENT||2169|541f2aa0-0e7c-4eca-bf3d-293cdf45805b
2026-03-24 13:53:11|qwen|web_search_no_think|3|JSON_VERIFIED||2275|1ce58ef9-c6ce-4954-bf41-a729a9a0f0bd
2026-03-24 13:53:11|qwen|web_search_no_think|3|QUESTION|26|2275|1ce58ef9-c6ce-4954-bf41-a729a9a0f0bd
2026-03-24 13:53:11|qwen|web_search_no_think|3|JSON_SAVED||2275|1ce58ef9-c6ce-4954-bf41-a729a9a0f0bd
2026-03-24 13:53:11|qwen|web_search_no_think|3|QUESTION_ADVANCE||2276|262c0b2c-f90a-43d1-89b6-cee1ae603698
2026-03-24 13:53:37|qwen|web_search_no_think|3|QUESTION_SENT||2276|262c0b2c-f90a-43d1-89b6-cee1ae603698
2026-03-24 13:53:46|qwen|web_search_no_think|2|JSON_VERIFIED||2219|2824ac18-8390-4794-b3dd-517665be9abd
2026-03-24 13:53:46|qwen|web_search_no_think|2|QUESTION|19|2219|2824ac18-8390-4794-b3dd-517665be9abd
2026-03-24 13:53:46|qwen|web_search_no_think|2|JSON_SAVED||2219|2824ac18-8390-4794-b3dd-517665be9abd
2026-03-24 13:53:46|qwen|web_search_no_think|2|QUESTION_ADVANCE||2220|8cb0cd51-1392-4bcd-8f89-d9b3aee238e0
2026-03-24 13:54:13|qwen|web_search_no_think|2|QUESTION_SENT||2220|8cb0cd51-1392-4bcd-8f89-d9b3aee238e0
2026-03-24 13:54:52|qwen|web_search_no_think|3|JSON_VERIFIED||2276|262c0b2c-f90a-43d1-89b6-cee1ae603698
2026-03-24 13:54:52|qwen|web_search_no_think|3|QUESTION|27|2276|262c0b2c-f90a-43d1-89b6-cee1ae603698
2026-03-24 13:54:52|qwen|web_search_no_think|3|JSON_SAVED||2276|262c0b2c-f90a-43d1-89b6-cee1ae603698
2026-03-24 13:54:52|qwen|web_search_no_think|3|QUESTION_ADVANCE||2277|1889173d-93b1-4a9e-b795-3cb6c9e601e6
2026-03-24 13:55:19|qwen|web_search_no_think|3|QUESTION_SENT||2277|1889173d-93b1-4a9e-b795-3cb6c9e601e6
2026-03-24 13:55:35|qwen|web_search_no_think|3|JSON_VERIFY_FAILED||2277|1889173d-93b1-4a9e-b795-3cb6c9e601e6
2026-03-24 13:55:35|qwen|web_search_no_think|3|QUESTION|28|2277|1889173d-93b1-4a9e-b795-3cb6c9e601e6
2026-03-24 13:56:02|qwen|web_search_no_think|3|QUESTION_SENT||2277|1889173d-93b1-4a9e-b795-3cb6c9e601e6
2026-03-24 13:57:15|qwen|web_search_no_think|2|JSON_VERIFIED||2220|8cb0cd51-1392-4bcd-8f89-d9b3aee238e0
2026-03-24 13:57:15|qwen|web_search_no_think|2|QUESTION|20|2220|8cb0cd51-1392-4bcd-8f89-d9b3aee238e0
2026-03-24 13:57:15|qwen|web_search_no_think|2|JSON_SAVED||2220|8cb0cd51-1392-4bcd-8f89-d9b3aee238e0
2026-03-24 13:57:15|qwen|web_search_no_think|2|QUESTION_ADVANCE||2221|8b3ec4cf-153e-41f0-8499-b66626966b04
2026-03-24 13:57:29|qwen|web_search_no_think|3|JSON_VERIFIED||2277|1889173d-93b1-4a9e-b795-3cb6c9e601e6
2026-03-24 13:57:29|qwen|web_search_no_think|3|QUESTION|29|2277|1889173d-93b1-4a9e-b795-3cb6c9e601e6
2026-03-24 13:57:29|qwen|web_search_no_think|3|JSON_SAVED||2277|1889173d-93b1-4a9e-b795-3cb6c9e601e6
2026-03-24 13:57:29|qwen|web_search_no_think|3|QUESTION_ADVANCE||2278|0cd7f2c3-7e20-4b94-8b2f-0a5ce15213ef
2026-03-24 13:57:42|qwen|web_search_no_think|2|QUESTION_SENT||2221|8b3ec4cf-153e-41f0-8499-b66626966b04
2026-03-24 13:57:56|qwen|web_search_no_think|3|QUESTION_SENT||2278|0cd7f2c3-7e20-4b94-8b2f-0a5ce15213ef
2026-03-24 13:58:47|qwen|web_search_no_think|2|JSON_VERIFIED||2221|8b3ec4cf-153e-41f0-8499-b66626966b04
2026-03-24 13:58:47|qwen|web_search_no_think|2|QUESTION|21|2221|8b3ec4cf-153e-41f0-8499-b66626966b04
2026-03-24 13:58:47|qwen|web_search_no_think|2|JSON_SAVED||2221|8b3ec4cf-153e-41f0-8499-b66626966b04
2026-03-24 13:58:47|qwen|web_search_no_think|2|QUESTION_ADVANCE||2222|4c11ab37-8d1f-4463-bece-7bb67559ae40
2026-03-24 13:59:05|qwen|web_search_no_think|3|JSON_VERIFIED||2278|0cd7f2c3-7e20-4b94-8b2f-0a5ce15213ef
2026-03-24 13:59:05|qwen|web_search_no_think|3|QUESTION|30|2278|0cd7f2c3-7e20-4b94-8b2f-0a5ce15213ef
2026-03-24 13:59:05|qwen|web_search_no_think|3|JSON_SAVED||2278|0cd7f2c3-7e20-4b94-8b2f-0a5ce15213ef
2026-03-24 13:59:05|qwen|web_search_no_think|3|QUESTION_ADVANCE||2279|a001ea87-033e-408e-b436-802c214951cb
2026-03-24 13:59:14|qwen|web_search_no_think|2|QUESTION_SENT||2222|4c11ab37-8d1f-4463-bece-7bb67559ae40
2026-03-24 13:59:32|qwen|web_search_no_think|3|QUESTION_SENT||2279|a001ea87-033e-408e-b436-802c214951cb
2026-03-24 14:00:34|qwen|web_search_no_think|3|JSON_VERIFIED||2279|a001ea87-033e-408e-b436-802c214951cb
2026-03-24 14:00:34|qwen|web_search_no_think|3|QUESTION|31|2279|a001ea87-033e-408e-b436-802c214951cb
2026-03-24 14:00:34|qwen|web_search_no_think|3|JSON_SAVED||2279|a001ea87-033e-408e-b436-802c214951cb
2026-03-24 14:00:34|qwen|web_search_no_think|3|QUESTION_ADVANCE||2280|18710d4c-51e4-4667-9fed-97610151f374
2026-03-24 14:00:53|qwen|web_search_no_think|2|JSON_VERIFIED||2222|4c11ab37-8d1f-4463-bece-7bb67559ae40
2026-03-24 14:00:53|qwen|web_search_no_think|2|QUESTION|22|2222|4c11ab37-8d1f-4463-bece-7bb67559ae40
2026-03-24 14:00:53|qwen|web_search_no_think|2|JSON_SAVED||2222|4c11ab37-8d1f-4463-bece-7bb67559ae40
2026-03-24 14:00:53|qwen|web_search_no_think|2|QUESTION_ADVANCE||2223|de057e9a-89ab-4d36-abaa-34d107ca618a
2026-03-24 14:01:00|qwen|web_search_no_think|3|QUESTION_SENT||2280|18710d4c-51e4-4667-9fed-97610151f374
2026-03-24 14:01:20|qwen|web_search_no_think|2|QUESTION_SENT||2223|de057e9a-89ab-4d36-abaa-34d107ca618a
2026-03-24 14:02:15|qwen|web_search_no_think|3|JSON_VERIFIED||2280|18710d4c-51e4-4667-9fed-97610151f374
2026-03-24 14:02:15|qwen|web_search_no_think|3|QUESTION|32|2280|18710d4c-51e4-4667-9fed-97610151f374
2026-03-24 14:02:15|qwen|web_search_no_think|3|JSON_SAVED||2280|18710d4c-51e4-4667-9fed-97610151f374
2026-03-24 14:02:15|qwen|web_search_no_think|3|QUESTION_ADVANCE||2281|29cc2191-2027-4c75-9515-270334a6dc88
2026-03-24 14:02:29|qwen|web_search_no_think|2|JSON_VERIFIED||2223|de057e9a-89ab-4d36-abaa-34d107ca618a
2026-03-24 14:02:29|qwen|web_search_no_think|2|QUESTION|23|2223|de057e9a-89ab-4d36-abaa-34d107ca618a
2026-03-24 14:02:29|qwen|web_search_no_think|2|JSON_SAVED||2223|de057e9a-89ab-4d36-abaa-34d107ca618a
2026-03-24 14:02:29|qwen|web_search_no_think|2|QUESTION_ADVANCE||2224|bb2af2d5-f1a1-4c6d-9920-2bb07ae7409c
2026-03-24 14:02:41|qwen|web_search_no_think|3|QUESTION_SENT||2281|29cc2191-2027-4c75-9515-270334a6dc88
2026-03-24 14:02:56|qwen|web_search_no_think|2|QUESTION_SENT||2224|bb2af2d5-f1a1-4c6d-9920-2bb07ae7409c
2026-03-24 14:07:26|qwen|web_search_no_think|2|JSON_VERIFIED||2224|bb2af2d5-f1a1-4c6d-9920-2bb07ae7409c
2026-03-24 14:07:26|qwen|web_search_no_think|2|QUESTION|24|2224|bb2af2d5-f1a1-4c6d-9920-2bb07ae7409c
2026-03-24 14:07:26|qwen|web_search_no_think|2|JSON_SAVED||2224|bb2af2d5-f1a1-4c6d-9920-2bb07ae7409c
2026-03-24 14:07:26|qwen|web_search_no_think|2|QUESTION_ADVANCE||2225|75ab8812-ebfe-4502-b59d-fdc493783c0b
2026-03-24 14:07:53|qwen|web_search_no_think|2|QUESTION_SENT||2225|75ab8812-ebfe-4502-b59d-fdc493783c0b
2026-03-24 14:08:41|qwen|web_search_no_think|2|QUESTION_SENT||2225|75ab8812-ebfe-4502-b59d-fdc493783c0b
2026-03-24 14:09:43|qwen|web_search_no_think|2|JSON_VERIFIED||2225|75ab8812-ebfe-4502-b59d-fdc493783c0b
2026-03-24 14:09:43|qwen|web_search_no_think|2|QUESTION|25|2225|75ab8812-ebfe-4502-b59d-fdc493783c0b
2026-03-24 14:09:43|qwen|web_search_no_think|2|JSON_SAVED||2225|75ab8812-ebfe-4502-b59d-fdc493783c0b
2026-03-24 14:09:43|qwen|web_search_no_think|2|QUESTION_ADVANCE||2226|c2fc4adc-b1e6-4bae-8e6d-c6ed77b7698a
2026-03-24 14:10:10|qwen|web_search_no_think|2|QUESTION_SENT||2226|c2fc4adc-b1e6-4bae-8e6d-c6ed77b7698a
2026-03-24 14:11:02|qwen|web_search_no_think|2|JSON_VERIFIED||2226|c2fc4adc-b1e6-4bae-8e6d-c6ed77b7698a
2026-03-24 14:11:02|qwen|web_search_no_think|2|QUESTION|26|2226|c2fc4adc-b1e6-4bae-8e6d-c6ed77b7698a
2026-03-24 14:11:02|qwen|web_search_no_think|2|JSON_SAVED||2226|c2fc4adc-b1e6-4bae-8e6d-c6ed77b7698a
2026-03-24 14:11:02|qwen|web_search_no_think|2|QUESTION_ADVANCE||2227|807d60f8-169e-41a3-b61f-0f50cfdaf6b2
2026-03-24 14:11:28|qwen|web_search_no_think|2|QUESTION_SENT||2227|807d60f8-169e-41a3-b61f-0f50cfdaf6b2
2026-03-24 14:12:31|qwen|web_search_no_think|2|JSON_VERIFIED||2227|807d60f8-169e-41a3-b61f-0f50cfdaf6b2
2026-03-24 14:12:31|qwen|web_search_no_think|2|QUESTION|27|2227|807d60f8-169e-41a3-b61f-0f50cfdaf6b2
2026-03-24 14:12:31|qwen|web_search_no_think|2|JSON_SAVED||2227|807d60f8-169e-41a3-b61f-0f50cfdaf6b2
2026-03-24 14:12:31|qwen|web_search_no_think|2|QUESTION_ADVANCE||2228|af00c52c-e9e7-427a-9559-f6f145de4568
2026-03-24 14:12:57|qwen|web_search_no_think|2|QUESTION_SENT||2228|af00c52c-e9e7-427a-9559-f6f145de4568
2026-03-24 14:13:13|qwen|web_search_no_think|3|QUESTION_SENT||2281|29cc2191-2027-4c75-9515-270334a6dc88
2026-03-24 14:14:06|qwen|web_search_no_think|2|JSON_VERIFIED||2228|af00c52c-e9e7-427a-9559-f6f145de4568
2026-03-24 14:14:06|qwen|web_search_no_think|2|QUESTION|28|2228|af00c52c-e9e7-427a-9559-f6f145de4568
2026-03-24 14:14:06|qwen|web_search_no_think|2|JSON_SAVED||2228|af00c52c-e9e7-427a-9559-f6f145de4568
2026-03-24 14:14:06|qwen|web_search_no_think|2|QUESTION_ADVANCE||2229|5da92dc5-c0ae-4ccf-8e7a-3d9d0b623be9
2026-03-24 14:14:22|qwen|web_search_no_think|3|JSON_VERIFIED||2281|29cc2191-2027-4c75-9515-270334a6dc88
2026-03-24 14:14:22|qwen|web_search_no_think|3|QUESTION|33|2281|29cc2191-2027-4c75-9515-270334a6dc88
2026-03-24 14:14:22|qwen|web_search_no_think|3|JSON_SAVED||2281|29cc2191-2027-4c75-9515-270334a6dc88
2026-03-24 14:14:22|qwen|web_search_no_think|3|QUESTION_ADVANCE||2282|7b61d080-9357-40eb-993f-2a9b4b76c48b
2026-03-24 14:14:32|qwen|web_search_no_think|2|QUESTION_SENT||2229|5da92dc5-c0ae-4ccf-8e7a-3d9d0b623be9
2026-03-24 14:14:49|qwen|web_search_no_think|3|QUESTION_SENT||2282|7b61d080-9357-40eb-993f-2a9b4b76c48b
2026-03-24 14:15:38|qwen|web_search_no_think|3|JSON_VERIFY_FAILED||2282|7b61d080-9357-40eb-993f-2a9b4b76c48b
2026-03-24 14:15:38|qwen|web_search_no_think|3|QUESTION|34|2282|7b61d080-9357-40eb-993f-2a9b4b76c48b
2026-03-24 14:15:52|qwen|web_search_no_think|2|JSON_VERIFIED||2229|5da92dc5-c0ae-4ccf-8e7a-3d9d0b623be9
2026-03-24 14:15:52|qwen|web_search_no_think|2|QUESTION|29|2229|5da92dc5-c0ae-4ccf-8e7a-3d9d0b623be9
2026-03-24 14:15:52|qwen|web_search_no_think|2|JSON_SAVED||2229|5da92dc5-c0ae-4ccf-8e7a-3d9d0b623be9
2026-03-24 14:15:52|qwen|web_search_no_think|2|QUESTION_ADVANCE||2230|979b5e17-e264-4964-9b24-5cce945022cc
2026-03-24 14:16:05|qwen|web_search_no_think|3|QUESTION_SENT||2282|7b61d080-9357-40eb-993f-2a9b4b76c48b
2026-03-24 14:16:19|qwen|web_search_no_think|2|QUESTION_SENT||2230|979b5e17-e264-4964-9b24-5cce945022cc
2026-03-24 14:17:37|qwen|web_search_no_think|3|JSON_VERIFIED||2282|7b61d080-9357-40eb-993f-2a9b4b76c48b
2026-03-24 14:17:37|qwen|web_search_no_think|3|QUESTION|35|2282|7b61d080-9357-40eb-993f-2a9b4b76c48b
2026-03-24 14:17:37|qwen|web_search_no_think|3|JSON_SAVED||2282|7b61d080-9357-40eb-993f-2a9b4b76c48b
2026-03-24 14:17:37|qwen|web_search_no_think|3|QUESTION_ADVANCE||2283|c87d3e39-eef9-4194-b6d5-4ad0354263b1
2026-03-24 14:17:54|qwen|web_search_no_think|2|JSON_VERIFIED||2230|979b5e17-e264-4964-9b24-5cce945022cc
2026-03-24 14:17:54|qwen|web_search_no_think|2|QUESTION|30|2230|979b5e17-e264-4964-9b24-5cce945022cc
2026-03-24 14:17:54|qwen|web_search_no_think|2|JSON_SAVED||2230|979b5e17-e264-4964-9b24-5cce945022cc
2026-03-24 14:17:54|qwen|web_search_no_think|2|QUESTION_ADVANCE||2231|02ae9620-70ae-4539-9e34-d3923519f979
2026-03-24 14:18:04|qwen|web_search_no_think|3|QUESTION_SENT||2283|c87d3e39-eef9-4194-b6d5-4ad0354263b1
2026-03-24 14:18:21|qwen|web_search_no_think|2|QUESTION_SENT||2231|02ae9620-70ae-4539-9e34-d3923519f979
2026-03-24 14:19:02|qwen|web_search_no_think|3|JSON_VERIFIED||2283|c87d3e39-eef9-4194-b6d5-4ad0354263b1
2026-03-24 14:19:02|qwen|web_search_no_think|3|QUESTION|36|2283|c87d3e39-eef9-4194-b6d5-4ad0354263b1
2026-03-24 14:19:02|qwen|web_search_no_think|3|JSON_SAVED||2283|c87d3e39-eef9-4194-b6d5-4ad0354263b1
2026-03-24 14:19:02|qwen|web_search_no_think|3|QUESTION_ADVANCE||2284|15b606bd-6e1a-46c6-933f-52313c437fb1
2026-03-24 14:19:28|qwen|web_search_no_think|3|QUESTION_SENT||2284|15b606bd-6e1a-46c6-933f-52313c437fb1
2026-03-24 14:20:02|qwen|web_search_no_think|2|JSON_VERIFIED||2231|02ae9620-70ae-4539-9e34-d3923519f979
2026-03-24 14:20:02|qwen|web_search_no_think|2|QUESTION|31|2231|02ae9620-70ae-4539-9e34-d3923519f979
2026-03-24 14:20:02|qwen|web_search_no_think|2|JSON_SAVED||2231|02ae9620-70ae-4539-9e34-d3923519f979
2026-03-24 14:20:02|qwen|web_search_no_think|2|QUESTION_ADVANCE||2232|b77f9bc2-12e0-4ed7-9cc6-f4b6c0a97e26
2026-03-24 14:20:56|qwen|web_search_no_think|3|JSON_VERIFIED||2284|15b606bd-6e1a-46c6-933f-52313c437fb1
2026-03-24 14:20:56|qwen|web_search_no_think|3|QUESTION|37|2284|15b606bd-6e1a-46c6-933f-52313c437fb1
2026-03-24 14:20:56|qwen|web_search_no_think|3|JSON_SAVED||2284|15b606bd-6e1a-46c6-933f-52313c437fb1
2026-03-24 14:20:56|qwen|web_search_no_think|3|QUESTION_ADVANCE||2285|24019d31-689e-482a-bfcb-abc7e0a2e654
2026-03-24 14:21:22|qwen|web_search_no_think|3|QUESTION_SENT||2285|24019d31-689e-482a-bfcb-abc7e0a2e654
2026-03-24 14:22:26|qwen|web_search_no_think|3|JSON_VERIFIED||2285|24019d31-689e-482a-bfcb-abc7e0a2e654
2026-03-24 14:22:26|qwen|web_search_no_think|3|QUESTION|38|2285|24019d31-689e-482a-bfcb-abc7e0a2e654
2026-03-24 14:22:26|qwen|web_search_no_think|3|JSON_SAVED||2285|24019d31-689e-482a-bfcb-abc7e0a2e654
2026-03-24 14:22:26|qwen|web_search_no_think|3|QUESTION_ADVANCE||2286|3f7888b4-6252-4b43-a939-206f010d5092
2026-03-24 14:22:52|qwen|web_search_no_think|3|QUESTION_SENT||2286|3f7888b4-6252-4b43-a939-206f010d5092
2026-03-24 14:24:22|qwen|web_search_no_think|3|JSON_VERIFIED||2286|3f7888b4-6252-4b43-a939-206f010d5092
2026-03-24 14:24:22|qwen|web_search_no_think|3|QUESTION|39|2286|3f7888b4-6252-4b43-a939-206f010d5092
2026-03-24 14:24:22|qwen|web_search_no_think|3|JSON_SAVED||2286|3f7888b4-6252-4b43-a939-206f010d5092
2026-03-24 14:24:22|qwen|web_search_no_think|3|QUESTION_ADVANCE||2287|a3f07afc-94c2-42a4-adef-5c9599c9e2a3
2026-03-24 14:24:49|qwen|web_search_no_think|3|QUESTION_SENT||2287|a3f07afc-94c2-42a4-adef-5c9599c9e2a3
2026-03-24 14:26:17|qwen|web_search_no_think|3|JSON_VERIFIED||2287|a3f07afc-94c2-42a4-adef-5c9599c9e2a3
2026-03-24 14:26:17|qwen|web_search_no_think|3|QUESTION|40|2287|a3f07afc-94c2-42a4-adef-5c9599c9e2a3
2026-03-24 14:26:17|qwen|web_search_no_think|3|JSON_SAVED||2287|a3f07afc-94c2-42a4-adef-5c9599c9e2a3
2026-03-24 14:26:17|qwen|web_search_no_think|3|QUESTION_ADVANCE||2288|0fa05f96-fb4a-43de-a182-d6ce26b22d7c
2026-03-24 14:26:43|qwen|web_search_no_think|3|QUESTION_SENT||2288|0fa05f96-fb4a-43de-a182-d6ce26b22d7c
2026-03-24 14:28:06|qwen|web_search_no_think|3|JSON_VERIFIED||2288|0fa05f96-fb4a-43de-a182-d6ce26b22d7c
2026-03-24 14:28:06|qwen|web_search_no_think|3|QUESTION|41|2288|0fa05f96-fb4a-43de-a182-d6ce26b22d7c
2026-03-24 14:28:06|qwen|web_search_no_think|3|JSON_SAVED||2288|0fa05f96-fb4a-43de-a182-d6ce26b22d7c
2026-03-24 14:28:06|qwen|web_search_no_think|3|QUESTION_ADVANCE||2289|a6b0fb66-9abd-426f-a13a-3d9a56fca2f9
2026-03-24 14:28:33|qwen|web_search_no_think|3|QUESTION_SENT||2289|a6b0fb66-9abd-426f-a13a-3d9a56fca2f9
2026-03-24 14:29:27|qwen|web_search_no_think|2|QUESTION_SENT||2232|b77f9bc2-12e0-4ed7-9cc6-f4b6c0a97e26
2026-03-24 14:29:41|qwen|web_search_no_think|3|JSON_VERIFIED||2289|a6b0fb66-9abd-426f-a13a-3d9a56fca2f9
2026-03-24 14:29:41|qwen|web_search_no_think|3|QUESTION|42|2289|a6b0fb66-9abd-426f-a13a-3d9a56fca2f9
2026-03-24 14:29:41|qwen|web_search_no_think|3|JSON_SAVED||2289|a6b0fb66-9abd-426f-a13a-3d9a56fca2f9
2026-03-24 14:29:41|qwen|web_search_no_think|3|QUESTION_ADVANCE||2290|6de677ec-217f-4788-9275-5a3961f5752c
2026-03-24 14:29:59|qwen|web_search_no_think|2|JSON_VERIFY_FAILED||2232|b77f9bc2-12e0-4ed7-9cc6-f4b6c0a97e26
2026-03-24 14:29:59|qwen|web_search_no_think|2|QUESTION|32|2232|b77f9bc2-12e0-4ed7-9cc6-f4b6c0a97e26
2026-03-24 14:30:08|qwen|web_search_no_think|3|QUESTION_SENT||2290|6de677ec-217f-4788-9275-5a3961f5752c
2026-03-24 14:30:26|qwen|web_search_no_think|2|QUESTION_SENT||2232|b77f9bc2-12e0-4ed7-9cc6-f4b6c0a97e26
2026-03-24 14:31:21|qwen|web_search_no_think|3|JSON_VERIFIED||2290|6de677ec-217f-4788-9275-5a3961f5752c
2026-03-24 14:31:21|qwen|web_search_no_think|3|QUESTION|43|2290|6de677ec-217f-4788-9275-5a3961f5752c
2026-03-24 14:31:21|qwen|web_search_no_think|3|JSON_SAVED||2290|6de677ec-217f-4788-9275-5a3961f5752c
2026-03-24 14:31:21|qwen|web_search_no_think|3|QUESTION_ADVANCE||2291|4e606339-fe25-4a70-88d4-c50bb189f423
2026-03-24 14:31:47|qwen|web_search_no_think|3|QUESTION_SENT||2291|4e606339-fe25-4a70-88d4-c50bb189f423
2026-03-24 14:32:10|qwen|web_search_no_think|2|JSON_VERIFIED||2232|b77f9bc2-12e0-4ed7-9cc6-f4b6c0a97e26
2026-03-24 14:32:10|qwen|web_search_no_think|2|QUESTION|33|2232|b77f9bc2-12e0-4ed7-9cc6-f4b6c0a97e26
2026-03-24 14:32:10|qwen|web_search_no_think|2|JSON_SAVED||2232|b77f9bc2-12e0-4ed7-9cc6-f4b6c0a97e26
2026-03-24 14:32:10|qwen|web_search_no_think|2|QUESTION_ADVANCE||2233|a4f2845c-f4ed-4861-9794-a761f843ad2f
2026-03-24 14:32:37|qwen|web_search_no_think|2|QUESTION_SENT||2233|a4f2845c-f4ed-4861-9794-a761f843ad2f
2026-03-24 14:32:49|qwen|web_search_no_think|3|JSON_VERIFIED||2291|4e606339-fe25-4a70-88d4-c50bb189f423
2026-03-24 14:32:49|qwen|web_search_no_think|3|QUESTION|44|2291|4e606339-fe25-4a70-88d4-c50bb189f423
2026-03-24 14:32:49|qwen|web_search_no_think|3|JSON_SAVED||2291|4e606339-fe25-4a70-88d4-c50bb189f423
2026-03-24 14:32:49|qwen|web_search_no_think|3|QUESTION_ADVANCE||2292|c9ff16e0-5782-47c9-b17f-937b9028b158
2026-03-24 14:33:16|qwen|web_search_no_think|3|QUESTION_SENT||2292|c9ff16e0-5782-47c9-b17f-937b9028b158
2026-03-24 14:34:33|qwen|web_search_no_think|3|JSON_VERIFIED||2292|c9ff16e0-5782-47c9-b17f-937b9028b158
2026-03-24 14:34:33|qwen|web_search_no_think|3|QUESTION|45|2292|c9ff16e0-5782-47c9-b17f-937b9028b158
2026-03-24 14:34:33|qwen|web_search_no_think|3|JSON_SAVED||2292|c9ff16e0-5782-47c9-b17f-937b9028b158
2026-03-24 14:34:33|qwen|web_search_no_think|3|QUESTION_ADVANCE||2293|472f8288-e0cd-4fc0-a48e-d38ff28e39e2
2026-03-24 14:34:59|qwen|web_search_no_think|3|QUESTION_SENT||2293|472f8288-e0cd-4fc0-a48e-d38ff28e39e2
2026-03-24 14:35:27|qwen|web_search_no_think|3|JSON_VERIFY_FAILED||2293|472f8288-e0cd-4fc0-a48e-d38ff28e39e2
2026-03-24 14:35:27|qwen|web_search_no_think|3|QUESTION|46|2293|472f8288-e0cd-4fc0-a48e-d38ff28e39e2
2026-03-24 14:35:54|qwen|web_search_no_think|3|QUESTION_SENT||2293|472f8288-e0cd-4fc0-a48e-d38ff28e39e2
2026-03-24 14:37:14|qwen|web_search_no_think|2|JSON_VERIFIED||2233|a4f2845c-f4ed-4861-9794-a761f843ad2f
2026-03-24 14:37:14|qwen|web_search_no_think|2|QUESTION|34|2233|a4f2845c-f4ed-4861-9794-a761f843ad2f
2026-03-24 14:37:14|qwen|web_search_no_think|2|JSON_SAVED||2233|a4f2845c-f4ed-4861-9794-a761f843ad2f
2026-03-24 14:37:14|qwen|web_search_no_think|2|QUESTION_ADVANCE||2234|022b38eb-84e4-4f07-aa4f-030995910131
2026-03-24 14:37:40|qwen|web_search_no_think|2|QUESTION_SENT||2234|022b38eb-84e4-4f07-aa4f-030995910131
2026-03-24 14:37:59|qwen|web_search_no_think|3|JSON_VERIFIED||2293|472f8288-e0cd-4fc0-a48e-d38ff28e39e2
2026-03-24 14:37:59|qwen|web_search_no_think|3|QUESTION|47|2293|472f8288-e0cd-4fc0-a48e-d38ff28e39e2
2026-03-24 14:37:59|qwen|web_search_no_think|3|JSON_SAVED||2293|472f8288-e0cd-4fc0-a48e-d38ff28e39e2
2026-03-24 14:37:59|qwen|web_search_no_think|3|QUESTION_ADVANCE||2294|2917d63e-4660-493a-9249-6b595b394f24
2026-03-24 14:38:26|qwen|web_search_no_think|3|QUESTION_SENT||2294|2917d63e-4660-493a-9249-6b595b394f24
2026-03-24 14:39:04|qwen|web_search_no_think|2|JSON_VERIFIED||2234|022b38eb-84e4-4f07-aa4f-030995910131
2026-03-24 14:39:04|qwen|web_search_no_think|2|QUESTION|35|2234|022b38eb-84e4-4f07-aa4f-030995910131
2026-03-24 14:39:04|qwen|web_search_no_think|2|JSON_SAVED||2234|022b38eb-84e4-4f07-aa4f-030995910131
2026-03-24 14:39:04|qwen|web_search_no_think|2|QUESTION_ADVANCE||2235|340f6f8d-a012-450e-81c5-93eb0821c462
2026-03-24 14:39:31|qwen|web_search_no_think|2|QUESTION_SENT||2235|340f6f8d-a012-450e-81c5-93eb0821c462
2026-03-24 14:39:55|qwen|web_search_no_think|3|JSON_VERIFIED||2294|2917d63e-4660-493a-9249-6b595b394f24
2026-03-24 14:39:55|qwen|web_search_no_think|3|QUESTION|48|2294|2917d63e-4660-493a-9249-6b595b394f24
2026-03-24 14:39:55|qwen|web_search_no_think|3|JSON_SAVED||2294|2917d63e-4660-493a-9249-6b595b394f24
2026-03-24 14:39:55|qwen|web_search_no_think|3|QUESTION_ADVANCE||2295|ca3839bb-25d9-4721-88ad-2179c3d3e88f
2026-03-24 14:40:21|qwen|web_search_no_think|3|QUESTION_SENT||2295|ca3839bb-25d9-4721-88ad-2179c3d3e88f
2026-03-24 14:41:05|qwen|web_search_no_think|2|JSON_VERIFIED||2235|340f6f8d-a012-450e-81c5-93eb0821c462
2026-03-24 14:41:05|qwen|web_search_no_think|2|QUESTION|36|2235|340f6f8d-a012-450e-81c5-93eb0821c462
2026-03-24 14:41:05|qwen|web_search_no_think|2|JSON_SAVED||2235|340f6f8d-a012-450e-81c5-93eb0821c462
2026-03-24 14:41:05|qwen|web_search_no_think|2|QUESTION_ADVANCE||2236|75a19e11-8aff-460c-993b-bea91e0fbcaa
2026-03-24 14:41:32|qwen|web_search_no_think|2|QUESTION_SENT||2236|75a19e11-8aff-460c-993b-bea91e0fbcaa
2026-03-24 14:42:03|qwen|web_search_no_think|3|JSON_VERIFIED||2295|ca3839bb-25d9-4721-88ad-2179c3d3e88f
2026-03-24 14:42:03|qwen|web_search_no_think|3|QUESTION|49|2295|ca3839bb-25d9-4721-88ad-2179c3d3e88f
2026-03-24 14:42:03|qwen|web_search_no_think|3|JSON_SAVED||2295|ca3839bb-25d9-4721-88ad-2179c3d3e88f
2026-03-24 14:42:03|qwen|web_search_no_think|3|QUESTION_ADVANCE||2296|58285416-9f88-4a89-801f-274ce00eca06
2026-03-24 14:42:29|qwen|web_search_no_think|3|QUESTION_SENT||2296|58285416-9f88-4a89-801f-274ce00eca06
2026-03-24 14:42:49|qwen|web_search_no_think|2|JSON_VERIFIED||2236|75a19e11-8aff-460c-993b-bea91e0fbcaa
2026-03-24 14:42:49|qwen|web_search_no_think|2|QUESTION|37|2236|75a19e11-8aff-460c-993b-bea91e0fbcaa
2026-03-24 14:42:49|qwen|web_search_no_think|2|JSON_SAVED||2236|75a19e11-8aff-460c-993b-bea91e0fbcaa
2026-03-24 14:42:49|qwen|web_search_no_think|2|QUESTION_ADVANCE||2237|36c7f7e9-a264-4f1c-b3a1-c1701add7b09
2026-03-24 14:43:16|qwen|web_search_no_think|2|QUESTION_SENT||2237|36c7f7e9-a264-4f1c-b3a1-c1701add7b09
2026-03-24 14:43:44|qwen|web_search_no_think|3|JSON_VERIFIED||2296|58285416-9f88-4a89-801f-274ce00eca06
2026-03-24 14:43:44|qwen|web_search_no_think|3|QUESTION|50|2296|58285416-9f88-4a89-801f-274ce00eca06
2026-03-24 14:43:44|qwen|web_search_no_think|3|JSON_SAVED||2296|58285416-9f88-4a89-801f-274ce00eca06
2026-03-24 14:43:44|qwen|web_search_no_think|3|QUESTION_ADVANCE||2297|1d3181a6-70c0-4693-9620-73d9d16302c4
2026-03-24 14:44:10|qwen|web_search_no_think|3|QUESTION_SENT||2297|1d3181a6-70c0-4693-9620-73d9d16302c4
2026-03-24 14:45:09|qwen|web_search_no_think|2|JSON_VERIFIED||2237|36c7f7e9-a264-4f1c-b3a1-c1701add7b09
2026-03-24 14:45:09|qwen|web_search_no_think|2|QUESTION|38|2237|36c7f7e9-a264-4f1c-b3a1-c1701add7b09
2026-03-24 14:45:09|qwen|web_search_no_think|2|JSON_SAVED||2237|36c7f7e9-a264-4f1c-b3a1-c1701add7b09
2026-03-24 14:45:09|qwen|web_search_no_think|2|QUESTION_ADVANCE||2238|2112705a-94b9-4a65-bbed-d9390aec3acd
2026-03-24 14:45:36|qwen|web_search_no_think|2|QUESTION_SENT||2238|2112705a-94b9-4a65-bbed-d9390aec3acd
2026-03-24 14:47:05|qwen|web_search_no_think|2|JSON_VERIFY_FAILED||2238|2112705a-94b9-4a65-bbed-d9390aec3acd
2026-03-24 14:47:05|qwen|web_search_no_think|2|QUESTION|39|2238|2112705a-94b9-4a65-bbed-d9390aec3acd
2026-03-24 14:47:31|qwen|web_search_no_think|2|QUESTION_SENT||2238|2112705a-94b9-4a65-bbed-d9390aec3acd
2026-03-24 14:49:17|qwen|web_search_no_think|2|JSON_VERIFIED||2238|2112705a-94b9-4a65-bbed-d9390aec3acd
2026-03-24 14:49:17|qwen|web_search_no_think|2|QUESTION|40|2238|2112705a-94b9-4a65-bbed-d9390aec3acd
2026-03-24 14:49:17|qwen|web_search_no_think|2|JSON_SAVED||2238|2112705a-94b9-4a65-bbed-d9390aec3acd
2026-03-24 14:49:17|qwen|web_search_no_think|2|QUESTION_ADVANCE||2239|f47b7ca4-6514-4ca5-ab0e-190b0b4361bc
2026-03-24 14:49:44|qwen|web_search_no_think|2|QUESTION_SENT||2239|f47b7ca4-6514-4ca5-ab0e-190b0b4361bc
2026-03-24 14:51:30|qwen|web_search_no_think|2|JSON_VERIFIED||2239|f47b7ca4-6514-4ca5-ab0e-190b0b4361bc
2026-03-24 14:51:30|qwen|web_search_no_think|2|QUESTION|41|2239|f47b7ca4-6514-4ca5-ab0e-190b0b4361bc
2026-03-24 14:51:30|qwen|web_search_no_think|2|JSON_SAVED||2239|f47b7ca4-6514-4ca5-ab0e-190b0b4361bc
2026-03-24 14:51:30|qwen|web_search_no_think|2|QUESTION_ADVANCE||2240|718990ff-af61-4ae1-b17a-376c774e9981
2026-03-24 14:51:57|qwen|web_search_no_think|2|QUESTION_SENT||2240|718990ff-af61-4ae1-b17a-376c774e9981
2026-03-24 14:53:31|qwen|web_search_no_think|2|JSON_VERIFIED||2240|718990ff-af61-4ae1-b17a-376c774e9981
2026-03-24 14:53:31|qwen|web_search_no_think|2|QUESTION|42|2240|718990ff-af61-4ae1-b17a-376c774e9981
2026-03-24 14:53:31|qwen|web_search_no_think|2|JSON_SAVED||2240|718990ff-af61-4ae1-b17a-376c774e9981
2026-03-24 14:53:31|qwen|web_search_no_think|2|QUESTION_ADVANCE||2241|88661913-515a-46ca-840a-b57c27c7a1c4
2026-03-24 14:53:58|qwen|web_search_no_think|2|QUESTION_SENT||2241|88661913-515a-46ca-840a-b57c27c7a1c4
2026-03-24 14:54:50|qwen|web_search_no_think|3|QUESTION_SENT||2297|1d3181a6-70c0-4693-9620-73d9d16302c4
2026-03-24 14:55:06|qwen|web_search_no_think|2|JSON_VERIFIED||2241|88661913-515a-46ca-840a-b57c27c7a1c4
2026-03-24 14:55:06|qwen|web_search_no_think|2|QUESTION|43|2241|88661913-515a-46ca-840a-b57c27c7a1c4
2026-03-24 14:55:06|qwen|web_search_no_think|2|JSON_SAVED||2241|88661913-515a-46ca-840a-b57c27c7a1c4
2026-03-24 14:55:06|qwen|web_search_no_think|2|QUESTION_ADVANCE||2242|68209001-28d7-40be-af84-e721c7d1a545
2026-03-24 14:55:32|qwen|web_search_no_think|2|QUESTION_SENT||2242|68209001-28d7-40be-af84-e721c7d1a545
2026-03-24 14:57:21|qwen|web_search_no_think|3|JSON_VERIFIED||2297|1d3181a6-70c0-4693-9620-73d9d16302c4
2026-03-24 14:57:21|qwen|web_search_no_think|3|QUESTION|51|2297|1d3181a6-70c0-4693-9620-73d9d16302c4
2026-03-24 14:57:21|qwen|web_search_no_think|3|JSON_SAVED||2297|1d3181a6-70c0-4693-9620-73d9d16302c4
2026-03-24 14:57:21|qwen|web_search_no_think|3|QUESTION_ADVANCE||2298|01b2ea41-2919-4528-a06d-5f3e36a69b27
2026-03-24 14:57:35|qwen|web_search_no_think|2|JSON_VERIFIED||2242|68209001-28d7-40be-af84-e721c7d1a545
2026-03-24 14:57:35|qwen|web_search_no_think|2|QUESTION|44|2242|68209001-28d7-40be-af84-e721c7d1a545
2026-03-24 14:57:35|qwen|web_search_no_think|2|JSON_SAVED||2242|68209001-28d7-40be-af84-e721c7d1a545
2026-03-24 14:57:35|qwen|web_search_no_think|2|QUESTION_ADVANCE||2243|25f0103f-8adb-442a-b708-bf9f1a7e79ce
2026-03-24 14:57:47|qwen|web_search_no_think|3|QUESTION_SENT||2298|01b2ea41-2919-4528-a06d-5f3e36a69b27
2026-03-24 14:58:02|qwen|web_search_no_think|2|QUESTION_SENT||2243|25f0103f-8adb-442a-b708-bf9f1a7e79ce
2026-03-24 14:58:44|qwen|web_search_no_think|1|QUESTION_SENT||2169|541f2aa0-0e7c-4eca-bf3d-293cdf45805b
2026-03-24 14:58:45|qwen|web_search_no_think|3|JSON_VERIFY_FAILED||2298|01b2ea41-2919-4528-a06d-5f3e36a69b27
2026-03-24 14:58:45|qwen|web_search_no_think|3|QUESTION|52|2298|01b2ea41-2919-4528-a06d-5f3e36a69b27
2026-03-24 14:59:02|qwen|web_search_no_think|2|JSON_VERIFIED||2243|25f0103f-8adb-442a-b708-bf9f1a7e79ce
2026-03-24 14:59:02|qwen|web_search_no_think|2|QUESTION|45|2243|25f0103f-8adb-442a-b708-bf9f1a7e79ce
2026-03-24 14:59:02|qwen|web_search_no_think|2|JSON_SAVED||2243|25f0103f-8adb-442a-b708-bf9f1a7e79ce
2026-03-24 14:59:02|qwen|web_search_no_think|2|QUESTION_ADVANCE||2244|71171e58-6b30-47f9-bd9b-8b34e890a07c
2026-03-24 14:59:12|qwen|web_search_no_think|3|QUESTION_SENT||2298|01b2ea41-2919-4528-a06d-5f3e36a69b27
2026-03-24 14:59:29|qwen|web_search_no_think|2|QUESTION_SENT||2244|71171e58-6b30-47f9-bd9b-8b34e890a07c
2026-03-24 15:00:32|qwen|web_search_no_think|3|JSON_VERIFIED||2298|01b2ea41-2919-4528-a06d-5f3e36a69b27
2026-03-24 15:00:32|qwen|web_search_no_think|3|QUESTION|53|2298|01b2ea41-2919-4528-a06d-5f3e36a69b27
2026-03-24 15:00:32|qwen|web_search_no_think|3|JSON_SAVED||2298|01b2ea41-2919-4528-a06d-5f3e36a69b27
2026-03-24 15:00:32|qwen|web_search_no_think|3|QUESTION_ADVANCE||2299|aee1423d-5c17-40ac-b0af-41fa41a271b9
2026-03-24 15:01:22|qwen|web_search_no_think|2|JSON_VERIFIED||2244|71171e58-6b30-47f9-bd9b-8b34e890a07c
2026-03-24 15:01:22|qwen|web_search_no_think|2|QUESTION|46|2244|71171e58-6b30-47f9-bd9b-8b34e890a07c
2026-03-24 15:01:22|qwen|web_search_no_think|2|JSON_SAVED||2244|71171e58-6b30-47f9-bd9b-8b34e890a07c
2026-03-24 15:01:22|qwen|web_search_no_think|2|QUESTION_ADVANCE||2245|9560c07b-5c01-4a77-bb65-1f6587905fc7
2026-03-24 15:01:25|qwen|web_search_no_think|1|JSON_VERIFIED||2169|541f2aa0-0e7c-4eca-bf3d-293cdf45805b
2026-03-24 15:01:25|qwen|web_search_no_think|1|QUESTION|23|2169|541f2aa0-0e7c-4eca-bf3d-293cdf45805b
2026-03-24 15:01:25|qwen|web_search_no_think|1|JSON_SAVED||2169|541f2aa0-0e7c-4eca-bf3d-293cdf45805b
2026-03-24 15:01:25|qwen|web_search_no_think|1|QUESTION_ADVANCE||2170|f96faeff-ab1e-4a07-a9ae-7fca548938d8
2026-03-24 15:01:30|qwen|web_search_no_think|3|QUESTION_SENT||2299|aee1423d-5c17-40ac-b0af-41fa41a271b9
2026-03-24 15:01:49|qwen|web_search_no_think|2|QUESTION_SENT||2245|9560c07b-5c01-4a77-bb65-1f6587905fc7
2026-03-24 15:01:51|qwen|web_search_no_think|1|QUESTION_SENT||2170|f96faeff-ab1e-4a07-a9ae-7fca548938d8
2026-03-24 15:02:30|qwen|web_search_no_think|3|JSON_VERIFIED||2299|aee1423d-5c17-40ac-b0af-41fa41a271b9
2026-03-24 15:02:30|qwen|web_search_no_think|3|QUESTION|54|2299|aee1423d-5c17-40ac-b0af-41fa41a271b9
2026-03-24 15:02:30|qwen|web_search_no_think|3|JSON_SAVED||2299|aee1423d-5c17-40ac-b0af-41fa41a271b9
2026-03-24 15:02:30|qwen|web_search_no_think|3|QUESTION_ADVANCE||2300|328406f9-1145-44d1-a55d-18e525a4625a
2026-03-24 15:02:57|qwen|web_search_no_think|3|QUESTION_SENT||2300|328406f9-1145-44d1-a55d-18e525a4625a
2026-03-24 15:03:56|qwen|web_search_no_think|2|JSON_VERIFIED||2245|9560c07b-5c01-4a77-bb65-1f6587905fc7
2026-03-24 15:03:56|qwen|web_search_no_think|2|QUESTION|47|2245|9560c07b-5c01-4a77-bb65-1f6587905fc7
2026-03-24 15:03:56|qwen|web_search_no_think|2|JSON_SAVED||2245|9560c07b-5c01-4a77-bb65-1f6587905fc7
2026-03-24 15:03:56|qwen|web_search_no_think|2|QUESTION_ADVANCE||2246|2ee02992-5616-4d4f-ac46-e4d0a6089ad6
2026-03-24 15:04:10|qwen|web_search_no_think|1|JSON_VERIFIED||2170|f96faeff-ab1e-4a07-a9ae-7fca548938d8
2026-03-24 15:04:10|qwen|web_search_no_think|1|QUESTION|24|2170|f96faeff-ab1e-4a07-a9ae-7fca548938d8
2026-03-24 15:04:10|qwen|web_search_no_think|1|JSON_SAVED||2170|f96faeff-ab1e-4a07-a9ae-7fca548938d8
2026-03-24 15:04:10|qwen|web_search_no_think|1|QUESTION_ADVANCE||2171|9affd1ce-f59c-4d7a-9415-096e3c079dc5
2026-03-24 15:04:23|qwen|web_search_no_think|2|QUESTION_SENT||2246|2ee02992-5616-4d4f-ac46-e4d0a6089ad6
2026-03-24 15:04:30|qwen|web_search_no_think|3|JSON_VERIFIED||2300|328406f9-1145-44d1-a55d-18e525a4625a
2026-03-24 15:04:30|qwen|web_search_no_think|3|QUESTION|55|2300|328406f9-1145-44d1-a55d-18e525a4625a
2026-03-24 15:04:30|qwen|web_search_no_think|3|JSON_SAVED||2300|328406f9-1145-44d1-a55d-18e525a4625a
2026-03-24 15:04:31|qwen|web_search_no_think|3|STOP||2301|
2026-03-24 15:04:37|qwen|web_search_no_think|1|QUESTION_SENT||2171|9affd1ce-f59c-4d7a-9415-096e3c079dc5
2026-03-24 15:05:40|qwen|web_search_no_think|2|JSON_VERIFIED||2246|2ee02992-5616-4d4f-ac46-e4d0a6089ad6
2026-03-24 15:05:40|qwen|web_search_no_think|2|QUESTION|48|2246|2ee02992-5616-4d4f-ac46-e4d0a6089ad6
2026-03-24 15:05:40|qwen|web_search_no_think|2|JSON_SAVED||2246|2ee02992-5616-4d4f-ac46-e4d0a6089ad6
2026-03-24 15:05:40|qwen|web_search_no_think|2|QUESTION_ADVANCE||2247|7b7f4c4c-363c-4257-89d6-efc4c64116db
2026-03-24 15:06:07|qwen|web_search_no_think|2|QUESTION_SENT||2247|7b7f4c4c-363c-4257-89d6-efc4c64116db
2026-03-24 15:07:31|qwen|web_search_no_think|2|JSON_VERIFIED||2247|7b7f4c4c-363c-4257-89d6-efc4c64116db
2026-03-24 15:07:31|qwen|web_search_no_think|2|QUESTION|49|2247|7b7f4c4c-363c-4257-89d6-efc4c64116db
2026-03-24 15:07:31|qwen|web_search_no_think|2|JSON_SAVED||2247|7b7f4c4c-363c-4257-89d6-efc4c64116db
2026-03-24 15:07:31|qwen|web_search_no_think|2|QUESTION_ADVANCE||2248|800ef8ed-20ad-4815-8ee8-b4372ebe4fb7
2026-03-24 15:07:58|qwen|web_search_no_think|2|QUESTION_SENT||2248|800ef8ed-20ad-4815-8ee8-b4372ebe4fb7
2026-03-24 15:08:29|qwen|web_search_no_think|1|JSON_VERIFIED||2171|9affd1ce-f59c-4d7a-9415-096e3c079dc5
2026-03-24 15:08:29|qwen|web_search_no_think|1|QUESTION|25|2171|9affd1ce-f59c-4d7a-9415-096e3c079dc5
2026-03-24 15:08:29|qwen|web_search_no_think|1|JSON_SAVED||2171|9affd1ce-f59c-4d7a-9415-096e3c079dc5
2026-03-24 15:08:29|qwen|web_search_no_think|1|QUESTION_ADVANCE||2172|192b4f9b-d9ab-4ff1-9b84-9f42cccefe4a
2026-03-24 15:08:56|qwen|web_search_no_think|1|QUESTION_SENT||2172|192b4f9b-d9ab-4ff1-9b84-9f42cccefe4a
2026-03-24 15:09:12|qwen|web_search_no_think|2|JSON_VERIFIED||2248|800ef8ed-20ad-4815-8ee8-b4372ebe4fb7
2026-03-24 15:09:12|qwen|web_search_no_think|2|QUESTION|50|2248|800ef8ed-20ad-4815-8ee8-b4372ebe4fb7
2026-03-24 15:09:12|qwen|web_search_no_think|2|JSON_SAVED||2248|800ef8ed-20ad-4815-8ee8-b4372ebe4fb7
2026-03-24 15:09:12|qwen|web_search_no_think|2|QUESTION_ADVANCE||2249|723229f6-4f82-4168-bef5-d373d34892af
2026-03-24 15:09:39|qwen|web_search_no_think|2|QUESTION_SENT||2249|723229f6-4f82-4168-bef5-d373d34892af
2026-03-24 15:10:52|qwen|web_search_no_think|1|JSON_VERIFIED||2172|192b4f9b-d9ab-4ff1-9b84-9f42cccefe4a
2026-03-24 15:10:52|qwen|web_search_no_think|1|QUESTION|26|2172|192b4f9b-d9ab-4ff1-9b84-9f42cccefe4a
2026-03-24 15:10:52|qwen|web_search_no_think|1|JSON_SAVED||2172|192b4f9b-d9ab-4ff1-9b84-9f42cccefe4a
2026-03-24 15:10:52|qwen|web_search_no_think|1|QUESTION_ADVANCE||2173|d79dcbfe-329e-48c1-9cd5-728439a5ff8a
2026-03-24 15:11:19|qwen|web_search_no_think|1|QUESTION_SENT||2173|d79dcbfe-329e-48c1-9cd5-728439a5ff8a
2026-03-24 15:11:25|qwen|web_search_no_think|2|JSON_VERIFIED||2249|723229f6-4f82-4168-bef5-d373d34892af
2026-03-24 15:11:25|qwen|web_search_no_think|2|QUESTION|51|2249|723229f6-4f82-4168-bef5-d373d34892af
2026-03-24 15:11:25|qwen|web_search_no_think|2|JSON_SAVED||2249|723229f6-4f82-4168-bef5-d373d34892af
2026-03-24 15:11:25|qwen|web_search_no_think|2|QUESTION_ADVANCE||2250|1fb85e19-ceb0-41cd-9e2e-32788400ba85
2026-03-24 15:11:53|qwen|web_search_no_think|2|QUESTION_SENT||2250|1fb85e19-ceb0-41cd-9e2e-32788400ba85
2026-03-24 15:12:23|qwen|web_search_no_think|1|JSON_VERIFIED||2173|d79dcbfe-329e-48c1-9cd5-728439a5ff8a
2026-03-24 15:12:23|qwen|web_search_no_think|1|QUESTION|27|2173|d79dcbfe-329e-48c1-9cd5-728439a5ff8a
2026-03-24 15:12:23|qwen|web_search_no_think|1|JSON_SAVED||2173|d79dcbfe-329e-48c1-9cd5-728439a5ff8a
2026-03-24 15:12:23|qwen|web_search_no_think|1|QUESTION_ADVANCE||2174|97c6f04c-b155-4d94-b212-65e7b20064c3
2026-03-24 15:12:50|qwen|web_search_no_think|1|QUESTION_SENT||2174|97c6f04c-b155-4d94-b212-65e7b20064c3
2026-03-24 15:14:37|qwen|web_search_no_think|1|JSON_VERIFIED||2174|97c6f04c-b155-4d94-b212-65e7b20064c3
2026-03-24 15:14:37|qwen|web_search_no_think|1|QUESTION|28|2174|97c6f04c-b155-4d94-b212-65e7b20064c3
2026-03-24 15:14:37|qwen|web_search_no_think|1|JSON_SAVED||2174|97c6f04c-b155-4d94-b212-65e7b20064c3
2026-03-24 15:14:37|qwen|web_search_no_think|1|QUESTION_ADVANCE||2175|2f441df7-abb9-4b6d-ada7-5fda2522576f
2026-03-24 15:15:04|qwen|web_search_no_think|1|QUESTION_SENT||2175|2f441df7-abb9-4b6d-ada7-5fda2522576f
2026-03-24 15:16:16|qwen|web_search_no_think|1|JSON_VERIFIED||2175|2f441df7-abb9-4b6d-ada7-5fda2522576f
2026-03-24 15:16:16|qwen|web_search_no_think|1|QUESTION|29|2175|2f441df7-abb9-4b6d-ada7-5fda2522576f
2026-03-24 15:16:16|qwen|web_search_no_think|1|JSON_SAVED||2175|2f441df7-abb9-4b6d-ada7-5fda2522576f
2026-03-24 15:16:16|qwen|web_search_no_think|1|QUESTION_ADVANCE||2176|481173c5-2ea1-49aa-818f-3b1ed1efff89
2026-03-24 15:16:43|qwen|web_search_no_think|1|QUESTION_SENT||2176|481173c5-2ea1-49aa-818f-3b1ed1efff89
2026-03-24 15:18:01|qwen|web_search_no_think|1|JSON_VERIFIED||2176|481173c5-2ea1-49aa-818f-3b1ed1efff89
2026-03-24 15:18:01|qwen|web_search_no_think|1|QUESTION|30|2176|481173c5-2ea1-49aa-818f-3b1ed1efff89
2026-03-24 15:18:01|qwen|web_search_no_think|1|JSON_SAVED||2176|481173c5-2ea1-49aa-818f-3b1ed1efff89
2026-03-24 15:18:01|qwen|web_search_no_think|1|QUESTION_ADVANCE||2177|c0613484-8676-4a52-8fbe-53e7dc871507
2026-03-24 15:18:28|qwen|web_search_no_think|1|QUESTION_SENT||2177|c0613484-8676-4a52-8fbe-53e7dc871507
2026-03-24 15:19:50|qwen|web_search_no_think|1|JSON_VERIFIED||2177|c0613484-8676-4a52-8fbe-53e7dc871507
2026-03-24 15:19:50|qwen|web_search_no_think|1|QUESTION|31|2177|c0613484-8676-4a52-8fbe-53e7dc871507
2026-03-24 15:19:50|qwen|web_search_no_think|1|JSON_SAVED||2177|c0613484-8676-4a52-8fbe-53e7dc871507
2026-03-24 15:19:50|qwen|web_search_no_think|1|QUESTION_ADVANCE||2178|aeb8fdae-0200-49fc-af77-4dbbda42daea
2026-03-24 15:20:17|qwen|web_search_no_think|1|QUESTION_SENT||2178|aeb8fdae-0200-49fc-af77-4dbbda42daea
2026-03-24 15:20:43|qwen|web_search_no_think|1|JSON_VERIFY_FAILED||2178|aeb8fdae-0200-49fc-af77-4dbbda42daea
2026-03-24 15:20:43|qwen|web_search_no_think|1|QUESTION|32|2178|aeb8fdae-0200-49fc-af77-4dbbda42daea
2026-03-24 15:21:10|qwen|web_search_no_think|1|QUESTION_SENT||2178|aeb8fdae-0200-49fc-af77-4dbbda42daea
2026-03-24 15:21:30|qwen|web_search_no_think|2|JSON_VERIFIED||2250|1fb85e19-ceb0-41cd-9e2e-32788400ba85
2026-03-24 15:21:30|qwen|web_search_no_think|2|QUESTION|52|2250|1fb85e19-ceb0-41cd-9e2e-32788400ba85
2026-03-24 15:21:30|qwen|web_search_no_think|2|JSON_SAVED||2250|1fb85e19-ceb0-41cd-9e2e-32788400ba85
2026-03-24 15:21:31|qwen|web_search_no_think|2|STOP||2251|
2026-03-24 15:22:11|qwen|web_search_no_think|1|JSON_VERIFIED||2178|aeb8fdae-0200-49fc-af77-4dbbda42daea
2026-03-24 15:22:11|qwen|web_search_no_think|1|QUESTION|33|2178|aeb8fdae-0200-49fc-af77-4dbbda42daea
2026-03-24 15:22:11|qwen|web_search_no_think|1|JSON_SAVED||2178|aeb8fdae-0200-49fc-af77-4dbbda42daea
2026-03-24 15:22:11|qwen|web_search_no_think|1|QUESTION_ADVANCE||2179|084f2632-a4b8-4379-a632-fb89c1185c3e
2026-03-24 15:22:37|qwen|web_search_no_think|1|QUESTION_SENT||2179|084f2632-a4b8-4379-a632-fb89c1185c3e
2026-03-24 15:23:50|qwen|web_search_no_think|1|JSON_VERIFIED||2179|084f2632-a4b8-4379-a632-fb89c1185c3e
2026-03-24 15:23:50|qwen|web_search_no_think|1|QUESTION|34|2179|084f2632-a4b8-4379-a632-fb89c1185c3e
2026-03-24 15:23:50|qwen|web_search_no_think|1|JSON_SAVED||2179|084f2632-a4b8-4379-a632-fb89c1185c3e
2026-03-24 15:23:50|qwen|web_search_no_think|1|QUESTION_ADVANCE||2180|f929171c-5b14-496e-a192-1ad5b04d8f1d
2026-03-24 15:27:16|qwen|web_search_no_think|1|QUESTION_SENT||2180|f929171c-5b14-496e-a192-1ad5b04d8f1d
2026-03-24 15:28:14|qwen|web_search_no_think|1|JSON_VERIFIED||2180|f929171c-5b14-496e-a192-1ad5b04d8f1d
2026-03-24 15:28:14|qwen|web_search_no_think|1|QUESTION|35|2180|f929171c-5b14-496e-a192-1ad5b04d8f1d
2026-03-24 15:28:14|qwen|web_search_no_think|1|JSON_SAVED||2180|f929171c-5b14-496e-a192-1ad5b04d8f1d
2026-03-24 15:28:14|qwen|web_search_no_think|1|QUESTION_ADVANCE||2181|bda8140d-f6e6-492c-ab2d-18f4ddf1f8f4
2026-03-24 15:28:40|qwen|web_search_no_think|1|QUESTION_SENT||2181|bda8140d-f6e6-492c-ab2d-18f4ddf1f8f4
2026-03-24 15:30:02|qwen|web_search_no_think|1|JSON_VERIFIED||2181|bda8140d-f6e6-492c-ab2d-18f4ddf1f8f4
2026-03-24 15:30:02|qwen|web_search_no_think|1|QUESTION|36|2181|bda8140d-f6e6-492c-ab2d-18f4ddf1f8f4
2026-03-24 15:30:02|qwen|web_search_no_think|1|JSON_SAVED||2181|bda8140d-f6e6-492c-ab2d-18f4ddf1f8f4
2026-03-24 15:30:02|qwen|web_search_no_think|1|QUESTION_ADVANCE||2182|34a411c5-4555-44f3-89d8-2b588b8f96b0
2026-03-24 15:30:29|qwen|web_search_no_think|1|QUESTION_SENT||2182|34a411c5-4555-44f3-89d8-2b588b8f96b0
2026-03-24 15:31:59|qwen|web_search_no_think|1|JSON_VERIFIED||2182|34a411c5-4555-44f3-89d8-2b588b8f96b0
2026-03-24 15:31:59|qwen|web_search_no_think|1|QUESTION|37|2182|34a411c5-4555-44f3-89d8-2b588b8f96b0
2026-03-24 15:31:59|qwen|web_search_no_think|1|JSON_SAVED||2182|34a411c5-4555-44f3-89d8-2b588b8f96b0
2026-03-24 15:31:59|qwen|web_search_no_think|1|QUESTION_ADVANCE||2183|6acd5dfd-9d86-4725-8614-18c134033d7b
2026-03-24 15:32:25|qwen|web_search_no_think|1|QUESTION_SENT||2183|6acd5dfd-9d86-4725-8614-18c134033d7b
2026-03-24 15:33:27|qwen|web_search_no_think|1|JSON_VERIFIED||2183|6acd5dfd-9d86-4725-8614-18c134033d7b
2026-03-24 15:33:27|qwen|web_search_no_think|1|QUESTION|38|2183|6acd5dfd-9d86-4725-8614-18c134033d7b
2026-03-24 15:33:27|qwen|web_search_no_think|1|JSON_SAVED||2183|6acd5dfd-9d86-4725-8614-18c134033d7b
2026-03-24 15:33:27|qwen|web_search_no_think|1|QUESTION_ADVANCE||2184|4b522854-69f9-486e-bbe6-201e3bbd265d
2026-03-24 15:33:54|qwen|web_search_no_think|1|QUESTION_SENT||2184|4b522854-69f9-486e-bbe6-201e3bbd265d
2026-03-24 15:35:06|qwen|web_search_no_think|1|JSON_VERIFIED||2184|4b522854-69f9-486e-bbe6-201e3bbd265d
2026-03-24 15:35:06|qwen|web_search_no_think|1|QUESTION|39|2184|4b522854-69f9-486e-bbe6-201e3bbd265d
2026-03-24 15:35:06|qwen|web_search_no_think|1|JSON_SAVED||2184|4b522854-69f9-486e-bbe6-201e3bbd265d
2026-03-24 15:35:06|qwen|web_search_no_think|1|QUESTION_ADVANCE||2185|8ab67356-9047-4845-b670-bcdb0efec25f
2026-03-24 15:35:32|qwen|web_search_no_think|1|QUESTION_SENT||2185|8ab67356-9047-4845-b670-bcdb0efec25f
2026-03-24 15:37:11|qwen|web_search_no_think|1|JSON_VERIFIED||2185|8ab67356-9047-4845-b670-bcdb0efec25f
2026-03-24 15:37:11|qwen|web_search_no_think|1|QUESTION|40|2185|8ab67356-9047-4845-b670-bcdb0efec25f
2026-03-24 15:37:11|qwen|web_search_no_think|1|JSON_SAVED||2185|8ab67356-9047-4845-b670-bcdb0efec25f
2026-03-24 15:37:11|qwen|web_search_no_think|1|QUESTION_ADVANCE||2186|fc60d72f-fdf6-4456-a169-7093f74b6d12
2026-03-24 15:37:38|qwen|web_search_no_think|1|QUESTION_SENT||2186|fc60d72f-fdf6-4456-a169-7093f74b6d12
2026-03-24 15:39:14|qwen|web_search_no_think|1|JSON_VERIFIED||2186|fc60d72f-fdf6-4456-a169-7093f74b6d12
2026-03-24 15:39:14|qwen|web_search_no_think|1|QUESTION|41|2186|fc60d72f-fdf6-4456-a169-7093f74b6d12
2026-03-24 15:39:14|qwen|web_search_no_think|1|JSON_SAVED||2186|fc60d72f-fdf6-4456-a169-7093f74b6d12
2026-03-24 15:39:14|qwen|web_search_no_think|1|QUESTION_ADVANCE||2187|3f75894e-1913-4755-8336-ec7076a90c9d
2026-03-24 15:39:41|qwen|web_search_no_think|1|QUESTION_SENT||2187|3f75894e-1913-4755-8336-ec7076a90c9d
2026-03-24 15:41:06|qwen|web_search_no_think|1|JSON_VERIFIED||2187|3f75894e-1913-4755-8336-ec7076a90c9d
2026-03-24 15:41:06|qwen|web_search_no_think|1|QUESTION|42|2187|3f75894e-1913-4755-8336-ec7076a90c9d
2026-03-24 15:41:06|qwen|web_search_no_think|1|JSON_SAVED||2187|3f75894e-1913-4755-8336-ec7076a90c9d
2026-03-24 15:41:06|qwen|web_search_no_think|1|QUESTION_ADVANCE||2188|e37a9904-c91e-46b3-94d8-99659d9439b5
2026-03-24 15:41:33|qwen|web_search_no_think|1|QUESTION_SENT||2188|e37a9904-c91e-46b3-94d8-99659d9439b5
2026-03-24 16:22:44|qwen|web_search_no_think|1|QUESTION_SENT||2188|e37a9904-c91e-46b3-94d8-99659d9439b5
2026-03-24 16:24:10|qwen|web_search_no_think|1|JSON_VERIFIED||2188|e37a9904-c91e-46b3-94d8-99659d9439b5
2026-03-24 16:24:10|qwen|web_search_no_think|1|QUESTION|43|2188|e37a9904-c91e-46b3-94d8-99659d9439b5
2026-03-24 16:24:10|qwen|web_search_no_think|1|JSON_SAVED||2188|e37a9904-c91e-46b3-94d8-99659d9439b5
2026-03-24 16:24:11|qwen|web_search_no_think|1|QUESTION_ADVANCE||2189|17683482-056e-4125-852c-112167826b11
2026-03-24 16:33:44|qwen|web_search_no_think|1|QUESTION_SENT||2189|17683482-056e-4125-852c-112167826b11
2026-03-24 16:35:23|qwen|web_search_no_think|1|JSON_VERIFIED||2189|17683482-056e-4125-852c-112167826b11
2026-03-24 16:35:23|qwen|web_search_no_think|1|QUESTION|44|2189|17683482-056e-4125-852c-112167826b11
2026-03-24 16:35:23|qwen|web_search_no_think|1|JSON_SAVED||2189|17683482-056e-4125-852c-112167826b11
2026-03-24 16:35:23|qwen|web_search_no_think|1|QUESTION_ADVANCE||2190|d27903e2-e259-4676-b5c3-2fd908849e95
2026-03-24 16:35:49|qwen|web_search_no_think|1|QUESTION_SENT||2190|d27903e2-e259-4676-b5c3-2fd908849e95
2026-03-24 16:37:04|qwen|web_search_no_think|1|JSON_VERIFIED||2190|d27903e2-e259-4676-b5c3-2fd908849e95
2026-03-24 16:37:04|qwen|web_search_no_think|1|QUESTION|45|2190|d27903e2-e259-4676-b5c3-2fd908849e95
2026-03-24 16:37:04|qwen|web_search_no_think|1|JSON_SAVED||2190|d27903e2-e259-4676-b5c3-2fd908849e95
2026-03-24 16:37:04|qwen|web_search_no_think|1|QUESTION_ADVANCE||2191|d6e67b46-e982-49b5-92cc-4f4584894d56
2026-03-24 16:37:31|qwen|web_search_no_think|1|QUESTION_SENT||2191|d6e67b46-e982-49b5-92cc-4f4584894d56
2026-03-24 16:38:34|qwen|web_search_no_think|1|JSON_VERIFIED||2191|d6e67b46-e982-49b5-92cc-4f4584894d56
2026-03-24 16:38:34|qwen|web_search_no_think|1|QUESTION|46|2191|d6e67b46-e982-49b5-92cc-4f4584894d56
2026-03-24 16:38:34|qwen|web_search_no_think|1|JSON_SAVED||2191|d6e67b46-e982-49b5-92cc-4f4584894d56
2026-03-24 16:38:34|qwen|web_search_no_think|1|QUESTION_ADVANCE||2192|78efc1f1-0437-4781-9b87-d83b13afc2d9
2026-03-24 16:39:01|qwen|web_search_no_think|1|QUESTION_SENT||2192|78efc1f1-0437-4781-9b87-d83b13afc2d9
2026-03-24 16:40:32|qwen|web_search_no_think|1|JSON_VERIFIED||2192|78efc1f1-0437-4781-9b87-d83b13afc2d9
2026-03-24 16:40:32|qwen|web_search_no_think|1|QUESTION|47|2192|78efc1f1-0437-4781-9b87-d83b13afc2d9
2026-03-24 16:40:32|qwen|web_search_no_think|1|JSON_SAVED||2192|78efc1f1-0437-4781-9b87-d83b13afc2d9
2026-03-24 16:40:32|qwen|web_search_no_think|1|QUESTION_ADVANCE||2193|9547b0ea-accb-4137-b342-468b6caf7c12
2026-03-24 16:40:58|qwen|web_search_no_think|1|QUESTION_SENT||2193|9547b0ea-accb-4137-b342-468b6caf7c12
2026-03-24 16:42:26|qwen|web_search_no_think|1|JSON_VERIFIED||2193|9547b0ea-accb-4137-b342-468b6caf7c12
2026-03-24 16:42:26|qwen|web_search_no_think|1|QUESTION|48|2193|9547b0ea-accb-4137-b342-468b6caf7c12
2026-03-24 16:42:26|qwen|web_search_no_think|1|JSON_SAVED||2193|9547b0ea-accb-4137-b342-468b6caf7c12
2026-03-24 16:42:26|qwen|web_search_no_think|1|QUESTION_ADVANCE||2194|31c2bf7a-eaa3-492c-b68d-4174270b3269
2026-03-24 16:42:53|qwen|web_search_no_think|1|QUESTION_SENT||2194|31c2bf7a-eaa3-492c-b68d-4174270b3269
2026-03-24 16:44:43|qwen|web_search_no_think|1|JSON_VERIFIED||2194|31c2bf7a-eaa3-492c-b68d-4174270b3269
2026-03-24 16:44:43|qwen|web_search_no_think|1|QUESTION|49|2194|31c2bf7a-eaa3-492c-b68d-4174270b3269
2026-03-24 16:44:43|qwen|web_search_no_think|1|JSON_SAVED||2194|31c2bf7a-eaa3-492c-b68d-4174270b3269
2026-03-24 16:44:43|qwen|web_search_no_think|1|QUESTION_ADVANCE||2195|73bf0dee-b7db-4c57-8644-8fb75145e722
2026-03-24 16:45:09|qwen|web_search_no_think|1|QUESTION_SENT||2195|73bf0dee-b7db-4c57-8644-8fb75145e722
2026-03-24 16:46:08|qwen|web_search_no_think|1|JSON_VERIFIED||2195|73bf0dee-b7db-4c57-8644-8fb75145e722
2026-03-24 16:46:08|qwen|web_search_no_think|1|QUESTION|50|2195|73bf0dee-b7db-4c57-8644-8fb75145e722
2026-03-24 16:46:08|qwen|web_search_no_think|1|JSON_SAVED||2195|73bf0dee-b7db-4c57-8644-8fb75145e722
2026-03-24 16:46:08|qwen|web_search_no_think|1|QUESTION_ADVANCE||2196|df10cadf-594b-4408-ad0d-d5b49445ad81
2026-03-24 16:46:35|qwen|web_search_no_think|1|QUESTION_SENT||2196|df10cadf-594b-4408-ad0d-d5b49445ad81
2026-03-24 16:48:33|qwen|web_search_no_think|1|JSON_VERIFIED||2196|df10cadf-594b-4408-ad0d-d5b49445ad81
2026-03-24 16:48:33|qwen|web_search_no_think|1|QUESTION|51|2196|df10cadf-594b-4408-ad0d-d5b49445ad81
2026-03-24 16:48:33|qwen|web_search_no_think|1|JSON_SAVED||2196|df10cadf-594b-4408-ad0d-d5b49445ad81
2026-03-24 16:48:33|qwen|web_search_no_think|1|QUESTION_ADVANCE||2197|c56ceddf-c22d-4a3a-9226-e86842d0530d
2026-03-24 16:48:59|qwen|web_search_no_think|1|QUESTION_SENT||2197|c56ceddf-c22d-4a3a-9226-e86842d0530d
2026-03-24 16:50:40|qwen|web_search_no_think|1|JSON_VERIFIED||2197|c56ceddf-c22d-4a3a-9226-e86842d0530d
2026-03-24 16:50:40|qwen|web_search_no_think|1|QUESTION|52|2197|c56ceddf-c22d-4a3a-9226-e86842d0530d
2026-03-24 16:50:40|qwen|web_search_no_think|1|JSON_SAVED||2197|c56ceddf-c22d-4a3a-9226-e86842d0530d
2026-03-24 16:50:40|qwen|web_search_no_think|1|QUESTION_ADVANCE||2198|11b5f7a7-c952-421d-82a5-c501012fd805
2026-03-24 16:51:21|qwen|web_search_no_think|1|QUESTION_SENT||2198|11b5f7a7-c952-421d-82a5-c501012fd805
2026-03-24 16:53:43|qwen|web_search_no_think|1|JSON_VERIFIED||2198|11b5f7a7-c952-421d-82a5-c501012fd805
2026-03-24 16:53:43|qwen|web_search_no_think|1|QUESTION|53|2198|11b5f7a7-c952-421d-82a5-c501012fd805
2026-03-24 16:53:43|qwen|web_search_no_think|1|JSON_SAVED||2198|11b5f7a7-c952-421d-82a5-c501012fd805
2026-03-24 16:53:43|qwen|web_search_no_think|1|QUESTION_ADVANCE||2199|2895ddf6-88d3-45c6-a58b-18f9469dc87a
2026-03-24 16:54:09|qwen|web_search_no_think|1|QUESTION_SENT||2199|2895ddf6-88d3-45c6-a58b-18f9469dc87a
2026-03-24 16:55:27|qwen|web_search_no_think|1|JSON_VERIFIED||2199|2895ddf6-88d3-45c6-a58b-18f9469dc87a
2026-03-24 16:55:27|qwen|web_search_no_think|1|QUESTION|54|2199|2895ddf6-88d3-45c6-a58b-18f9469dc87a
2026-03-24 16:55:27|qwen|web_search_no_think|1|JSON_SAVED||2199|2895ddf6-88d3-45c6-a58b-18f9469dc87a
2026-03-24 16:55:27|qwen|web_search_no_think|1|QUESTION_ADVANCE||2200|70439f71-8beb-4b8a-9b4e-736a19fefb3b
2026-03-24 16:55:54|qwen|web_search_no_think|1|QUESTION_SENT||2200|70439f71-8beb-4b8a-9b4e-736a19fefb3b
2026-03-24 16:58:16|qwen|web_search_no_think|1|JSON_VERIFIED||2200|70439f71-8beb-4b8a-9b4e-736a19fefb3b
2026-03-24 16:58:16|qwen|web_search_no_think|1|QUESTION|55|2200|70439f71-8beb-4b8a-9b4e-736a19fefb3b
2026-03-24 16:58:16|qwen|web_search_no_think|1|JSON_SAVED||2200|70439f71-8beb-4b8a-9b4e-736a19fefb3b
2026-03-24 16:58:17|qwen|web_search_no_think|1|STOP||2201|
