timestamp|site|scenario|bot_id|event_type|attempt_number|global_index|question_uid
2026-04-06 08:47:12|qwen|web_search_no_think|0|RESTART||3251|a41fc041-9469-4a01-9fd1-6c61e55a22a6
2026-04-06 08:47:17|qwen|web_search_no_think|1|RESTART||3301|8efc509a-848c-4a6b-bc4a-55faae8bb3f5
2026-04-06 08:47:22|qwen|web_search_no_think|2|RESTART||3351|ebb17465-f76f-4601-bce8-8cde06ab9dbc
2026-04-06 08:47:27|qwen|web_search_no_think|3|RESTART||3401|1680b6b9-75c9-433c-8f26-7b63b62b796c
2026-04-06 08:47:32|qwen|web_search_no_think|4|RESTART||3451|dca69c87-ccb3-4dc8-b0fe-32ef4b2a13fd
2026-04-06 08:47:40|qwen|web_search_no_think|5|RESTART||3501|edf8ff88-ab10-4daa-85a4-379696435cb3
2026-04-06 08:48:27|qwen|web_search_no_think|0|STOP||3251|a41fc041-9469-4a01-9fd1-6c61e55a22a6
2026-04-06 08:48:29|qwen|web_search_no_think|1|STOP||3301|8efc509a-848c-4a6b-bc4a-55faae8bb3f5
2026-04-06 08:48:33|qwen|web_search_no_think|3|STOP||3401|1680b6b9-75c9-433c-8f26-7b63b62b796c
2026-04-06 08:48:40|qwen|web_search_no_think|4|QUESTION_SENT||3451|dca69c87-ccb3-4dc8-b0fe-32ef4b2a13fd
2026-04-06 08:49:55|qwen|web_search_no_think|4|JSON_VERIFIED||3451|dca69c87-ccb3-4dc8-b0fe-32ef4b2a13fd
2026-04-06 08:49:55|qwen|web_search_no_think|4|QUESTION|1|3451|dca69c87-ccb3-4dc8-b0fe-32ef4b2a13fd
2026-04-06 08:49:55|qwen|web_search_no_think|4|JSON_SAVED||3451|dca69c87-ccb3-4dc8-b0fe-32ef4b2a13fd
2026-04-06 08:49:55|qwen|web_search_no_think|4|QUESTION_ADVANCE||3452|22099089-e848-4f9c-9654-3697487eda04
2026-04-06 08:50:21|qwen|web_search_no_think|4|QUESTION_SENT||3452|22099089-e848-4f9c-9654-3697487eda04
2026-04-06 08:52:00|qwen|web_search_no_think|4|JSON_VERIFIED||3452|22099089-e848-4f9c-9654-3697487eda04
2026-04-06 08:52:00|qwen|web_search_no_think|4|QUESTION|2|3452|22099089-e848-4f9c-9654-3697487eda04
2026-04-06 08:52:00|qwen|web_search_no_think|4|JSON_SAVED||3452|22099089-e848-4f9c-9654-3697487eda04
2026-04-06 08:52:00|qwen|web_search_no_think|4|QUESTION_ADVANCE||3453|f402010d-bd3f-45b7-9844-fe34a203a832
2026-04-06 08:52:27|qwen|web_search_no_think|4|QUESTION_SENT||3453|f402010d-bd3f-45b7-9844-fe34a203a832
2026-04-06 08:54:33|qwen|web_search_no_think|4|JSON_VERIFIED||3453|f402010d-bd3f-45b7-9844-fe34a203a832
2026-04-06 08:54:33|qwen|web_search_no_think|4|QUESTION|3|3453|f402010d-bd3f-45b7-9844-fe34a203a832
2026-04-06 08:54:33|qwen|web_search_no_think|4|JSON_SAVED||3453|f402010d-bd3f-45b7-9844-fe34a203a832
2026-04-06 08:54:33|qwen|web_search_no_think|4|QUESTION_ADVANCE||3454|96f1f11c-f37a-4230-a6a0-d9e14041c7ca
2026-04-06 08:54:59|qwen|web_search_no_think|4|QUESTION_SENT||3454|96f1f11c-f37a-4230-a6a0-d9e14041c7ca
2026-04-06 08:56:49|qwen|web_search_no_think|4|JSON_VERIFIED||3454|96f1f11c-f37a-4230-a6a0-d9e14041c7ca
2026-04-06 08:56:49|qwen|web_search_no_think|4|QUESTION|4|3454|96f1f11c-f37a-4230-a6a0-d9e14041c7ca
2026-04-06 08:56:49|qwen|web_search_no_think|4|JSON_SAVED||3454|96f1f11c-f37a-4230-a6a0-d9e14041c7ca
2026-04-06 08:56:49|qwen|web_search_no_think|4|QUESTION_ADVANCE||3455|435c2b50-6944-4cc0-94d8-ed91c107221b
2026-04-06 08:57:15|qwen|web_search_no_think|4|QUESTION_SENT||3455|435c2b50-6944-4cc0-94d8-ed91c107221b
2026-04-06 08:59:22|qwen|web_search_no_think|4|JSON_VERIFIED||3455|435c2b50-6944-4cc0-94d8-ed91c107221b
2026-04-06 08:59:22|qwen|web_search_no_think|4|QUESTION|5|3455|435c2b50-6944-4cc0-94d8-ed91c107221b
2026-04-06 08:59:22|qwen|web_search_no_think|4|JSON_SAVED||3455|435c2b50-6944-4cc0-94d8-ed91c107221b
2026-04-06 08:59:22|qwen|web_search_no_think|4|QUESTION_ADVANCE||3456|8ae4e185-896f-4ad5-9d25-fd9a58530574
2026-04-06 08:59:48|qwen|web_search_no_think|4|QUESTION_SENT||3456|8ae4e185-896f-4ad5-9d25-fd9a58530574
2026-04-06 09:00:44|qwen|web_search_no_think|4|JSON_VERIFIED||3456|8ae4e185-896f-4ad5-9d25-fd9a58530574
2026-04-06 09:00:44|qwen|web_search_no_think|4|QUESTION|6|3456|8ae4e185-896f-4ad5-9d25-fd9a58530574
2026-04-06 09:00:44|qwen|web_search_no_think|4|JSON_SAVED||3456|8ae4e185-896f-4ad5-9d25-fd9a58530574
2026-04-06 09:00:44|qwen|web_search_no_think|4|QUESTION_ADVANCE||3457|543a58f6-4d04-4879-aeeb-b9a5498f3231
2026-04-06 09:01:11|qwen|web_search_no_think|4|QUESTION_SENT||3457|543a58f6-4d04-4879-aeeb-b9a5498f3231
2026-04-06 09:03:12|qwen|web_search_no_think|4|JSON_VERIFIED||3457|543a58f6-4d04-4879-aeeb-b9a5498f3231
2026-04-06 09:03:12|qwen|web_search_no_think|4|QUESTION|7|3457|543a58f6-4d04-4879-aeeb-b9a5498f3231
2026-04-06 09:03:12|qwen|web_search_no_think|4|JSON_SAVED||3457|543a58f6-4d04-4879-aeeb-b9a5498f3231
2026-04-06 09:03:12|qwen|web_search_no_think|4|QUESTION_ADVANCE||3458|74068d04-3795-4d3b-9fed-84d24d49576c
2026-04-06 09:03:39|qwen|web_search_no_think|4|QUESTION_SENT||3458|74068d04-3795-4d3b-9fed-84d24d49576c
2026-04-06 09:04:54|qwen|web_search_no_think|4|JSON_VERIFY_FAILED||3458|74068d04-3795-4d3b-9fed-84d24d49576c
2026-04-06 09:04:54|qwen|web_search_no_think|4|QUESTION|8|3458|74068d04-3795-4d3b-9fed-84d24d49576c
2026-04-06 09:04:59|qwen|web_search_no_think|4|QUESTION_SENT||3458|74068d04-3795-4d3b-9fed-84d24d49576c
2026-04-06 09:08:39|qwen|web_search_no_think|4|QUESTION_SENT||3458|74068d04-3795-4d3b-9fed-84d24d49576c
2026-04-06 09:11:10|qwen|web_search_no_think|4|JSON_VERIFIED||3458|74068d04-3795-4d3b-9fed-84d24d49576c
2026-04-06 09:11:10|qwen|web_search_no_think|4|QUESTION|9|3458|74068d04-3795-4d3b-9fed-84d24d49576c
2026-04-06 09:11:10|qwen|web_search_no_think|4|JSON_SAVED||3458|74068d04-3795-4d3b-9fed-84d24d49576c
2026-04-06 09:11:10|qwen|web_search_no_think|4|QUESTION_ADVANCE||3459|5f1aa7bd-302d-4214-b9ca-07870ca33205
2026-04-06 09:11:36|qwen|web_search_no_think|4|QUESTION_SENT||3459|5f1aa7bd-302d-4214-b9ca-07870ca33205
2026-04-06 09:14:11|qwen|web_search_no_think|4|JSON_VERIFIED||3459|5f1aa7bd-302d-4214-b9ca-07870ca33205
2026-04-06 09:14:11|qwen|web_search_no_think|4|QUESTION|10|3459|5f1aa7bd-302d-4214-b9ca-07870ca33205
2026-04-06 09:14:11|qwen|web_search_no_think|4|JSON_SAVED||3459|5f1aa7bd-302d-4214-b9ca-07870ca33205
2026-04-06 09:14:11|qwen|web_search_no_think|4|QUESTION_ADVANCE||3460|79320d09-df50-4368-9676-893c65fbcfda
2026-04-06 09:14:37|qwen|web_search_no_think|4|QUESTION_SENT||3460|79320d09-df50-4368-9676-893c65fbcfda
2026-04-06 09:16:29|qwen|web_search_no_think|4|JSON_VERIFIED||3460|79320d09-df50-4368-9676-893c65fbcfda
2026-04-06 09:16:29|qwen|web_search_no_think|4|QUESTION|11|3460|79320d09-df50-4368-9676-893c65fbcfda
2026-04-06 09:16:29|qwen|web_search_no_think|4|JSON_SAVED||3460|79320d09-df50-4368-9676-893c65fbcfda
2026-04-06 09:16:29|qwen|web_search_no_think|4|QUESTION_ADVANCE||3461|27b12bc2-7561-45aa-abcc-05e8704995ba
2026-04-06 09:16:56|qwen|web_search_no_think|4|QUESTION_SENT||3461|27b12bc2-7561-45aa-abcc-05e8704995ba
2026-04-06 09:18:56|qwen|web_search_no_think|4|JSON_VERIFIED||3461|27b12bc2-7561-45aa-abcc-05e8704995ba
2026-04-06 09:18:56|qwen|web_search_no_think|4|QUESTION|12|3461|27b12bc2-7561-45aa-abcc-05e8704995ba
2026-04-06 09:18:56|qwen|web_search_no_think|4|JSON_SAVED||3461|27b12bc2-7561-45aa-abcc-05e8704995ba
2026-04-06 09:18:56|qwen|web_search_no_think|4|QUESTION_ADVANCE||3462|2eaf038f-c549-4c89-aa93-a211618ff214
2026-04-06 09:19:23|qwen|web_search_no_think|4|QUESTION_SENT||3462|2eaf038f-c549-4c89-aa93-a211618ff214
2026-04-06 09:19:53|qwen|web_search_no_think|4|QUESTION_SENT||3462|2eaf038f-c549-4c89-aa93-a211618ff214
2026-04-06 09:22:11|qwen|web_search_no_think|4|JSON_VERIFIED||3462|2eaf038f-c549-4c89-aa93-a211618ff214
2026-04-06 09:22:11|qwen|web_search_no_think|4|QUESTION|13|3462|2eaf038f-c549-4c89-aa93-a211618ff214
2026-04-06 09:22:11|qwen|web_search_no_think|4|JSON_SAVED||3462|2eaf038f-c549-4c89-aa93-a211618ff214
2026-04-06 09:22:11|qwen|web_search_no_think|4|QUESTION_ADVANCE||3463|81d1e8eb-645e-42af-8249-b6a918118405
2026-04-06 09:22:38|qwen|web_search_no_think|4|QUESTION_SENT||3463|81d1e8eb-645e-42af-8249-b6a918118405
2026-04-06 09:23:57|qwen|web_search_no_think|4|JSON_VERIFIED||3463|81d1e8eb-645e-42af-8249-b6a918118405
2026-04-06 09:23:57|qwen|web_search_no_think|4|QUESTION|14|3463|81d1e8eb-645e-42af-8249-b6a918118405
2026-04-06 09:23:57|qwen|web_search_no_think|4|JSON_SAVED||3463|81d1e8eb-645e-42af-8249-b6a918118405
2026-04-06 09:23:57|qwen|web_search_no_think|4|QUESTION_ADVANCE||3464|42262b4f-5822-4c10-9089-e1f1f63cac1d
2026-04-06 09:24:23|qwen|web_search_no_think|4|QUESTION_SENT||3464|42262b4f-5822-4c10-9089-e1f1f63cac1d
2026-04-06 09:25:12|qwen|web_search_no_think|0|RESTART||3251|a41fc041-9469-4a01-9fd1-6c61e55a22a6
2026-04-06 09:25:17|qwen|web_search_no_think|1|RESTART||3301|8efc509a-848c-4a6b-bc4a-55faae8bb3f5
2026-04-06 09:25:20|qwen|web_search_no_think|2|RESTART||3351|ebb17465-f76f-4601-bce8-8cde06ab9dbc
2026-04-06 09:25:23|qwen|web_search_no_think|3|RESTART||3401|1680b6b9-75c9-433c-8f26-7b63b62b796c
2026-04-06 09:25:27|qwen|web_search_no_think|5|RESTART||3501|edf8ff88-ab10-4daa-85a4-379696435cb3
2026-04-06 09:25:27|qwen|web_search_no_think|4|JSON_VERIFIED||3464|42262b4f-5822-4c10-9089-e1f1f63cac1d
2026-04-06 09:25:27|qwen|web_search_no_think|4|QUESTION|15|3464|42262b4f-5822-4c10-9089-e1f1f63cac1d
2026-04-06 09:25:27|qwen|web_search_no_think|4|JSON_SAVED||3464|42262b4f-5822-4c10-9089-e1f1f63cac1d
2026-04-06 09:25:27|qwen|web_search_no_think|4|QUESTION_ADVANCE||3465|c194b335-beff-41b0-977b-94f9a9a8fc0d
2026-04-06 09:25:39|qwen|web_search_no_think|1|QUESTION_SENT||3301|8efc509a-848c-4a6b-bc4a-55faae8bb3f5
2026-04-06 09:25:44|qwen|web_search_no_think|2|QUESTION_SENT||3351|ebb17465-f76f-4601-bce8-8cde06ab9dbc
2026-04-06 09:25:45|qwen|web_search_no_think|0|QUESTION_SENT||3251|a41fc041-9469-4a01-9fd1-6c61e55a22a6
2026-04-06 09:25:48|qwen|web_search_no_think|3|QUESTION_SENT||3401|1680b6b9-75c9-433c-8f26-7b63b62b796c
2026-04-06 09:25:51|qwen|web_search_no_think|5|QUESTION_SENT||3501|edf8ff88-ab10-4daa-85a4-379696435cb3
2026-04-06 09:25:55|qwen|web_search_no_think|4|QUESTION_SENT||3465|c194b335-beff-41b0-977b-94f9a9a8fc0d
2026-04-06 09:26:57|qwen|web_search_no_think|4|JSON_VERIFIED||3465|c194b335-beff-41b0-977b-94f9a9a8fc0d
2026-04-06 09:26:57|qwen|web_search_no_think|4|QUESTION|16|3465|c194b335-beff-41b0-977b-94f9a9a8fc0d
2026-04-06 09:26:57|qwen|web_search_no_think|4|JSON_SAVED||3465|c194b335-beff-41b0-977b-94f9a9a8fc0d
2026-04-06 09:26:57|qwen|web_search_no_think|4|QUESTION_ADVANCE||3466|6997e265-5392-4af1-9c02-99659afcb2a0
2026-04-06 09:26:59|qwen|web_search_no_think|2|JSON_VERIFIED||3351|ebb17465-f76f-4601-bce8-8cde06ab9dbc
2026-04-06 09:26:59|qwen|web_search_no_think|2|QUESTION|1|3351|ebb17465-f76f-4601-bce8-8cde06ab9dbc
2026-04-06 09:26:59|qwen|web_search_no_think|2|JSON_SAVED||3351|ebb17465-f76f-4601-bce8-8cde06ab9dbc
2026-04-06 09:26:59|qwen|web_search_no_think|2|QUESTION_ADVANCE||3352|cc605803-db8e-447f-870c-804e1708d0ef
2026-04-06 09:27:23|qwen|web_search_no_think|4|QUESTION_SENT||3466|6997e265-5392-4af1-9c02-99659afcb2a0
2026-04-06 09:27:26|qwen|web_search_no_think|2|QUESTION_SENT||3352|cc605803-db8e-447f-870c-804e1708d0ef
2026-04-06 09:28:12|qwen|web_search_no_think|3|JSON_VERIFIED||3401|1680b6b9-75c9-433c-8f26-7b63b62b796c
2026-04-06 09:28:12|qwen|web_search_no_think|3|QUESTION|1|3401|1680b6b9-75c9-433c-8f26-7b63b62b796c
2026-04-06 09:28:12|qwen|web_search_no_think|3|JSON_SAVED||3401|1680b6b9-75c9-433c-8f26-7b63b62b796c
2026-04-06 09:28:12|qwen|web_search_no_think|3|QUESTION_ADVANCE||3402|0a090004-f0ee-4c9a-b7e4-875be632e353
2026-04-06 09:28:35|qwen|web_search_no_think|5|JSON_VERIFIED||3501|edf8ff88-ab10-4daa-85a4-379696435cb3
2026-04-06 09:28:35|qwen|web_search_no_think|5|QUESTION|1|3501|edf8ff88-ab10-4daa-85a4-379696435cb3
2026-04-06 09:28:35|qwen|web_search_no_think|5|JSON_SAVED||3501|edf8ff88-ab10-4daa-85a4-379696435cb3
2026-04-06 09:28:35|qwen|web_search_no_think|5|QUESTION_ADVANCE||3502|a3b10d18-9421-4189-af8e-b022ce9da4cb
2026-04-06 09:28:40|qwen|web_search_no_think|0|JSON_VERIFIED||3251|a41fc041-9469-4a01-9fd1-6c61e55a22a6
2026-04-06 09:28:40|qwen|web_search_no_think|0|QUESTION|1|3251|a41fc041-9469-4a01-9fd1-6c61e55a22a6
2026-04-06 09:28:40|qwen|web_search_no_think|0|JSON_SAVED||3251|a41fc041-9469-4a01-9fd1-6c61e55a22a6
2026-04-06 09:28:40|qwen|web_search_no_think|0|QUESTION_ADVANCE||3252|39edc7f6-20fb-460b-b372-b67bbacf21df
2026-04-06 09:28:43|qwen|web_search_no_think|3|QUESTION_SENT||3402|0a090004-f0ee-4c9a-b7e4-875be632e353
2026-04-06 09:28:47|qwen|web_search_no_think|4|JSON_VERIFIED||3466|6997e265-5392-4af1-9c02-99659afcb2a0
2026-04-06 09:28:47|qwen|web_search_no_think|4|QUESTION|17|3466|6997e265-5392-4af1-9c02-99659afcb2a0
2026-04-06 09:28:47|qwen|web_search_no_think|4|JSON_SAVED||3466|6997e265-5392-4af1-9c02-99659afcb2a0
2026-04-06 09:28:47|qwen|web_search_no_think|4|QUESTION_ADVANCE||3467|a9dc7735-a7ef-4a42-ba2b-73bec4b14379
2026-04-06 09:29:03|qwen|web_search_no_think|5|QUESTION_SENT||3502|a3b10d18-9421-4189-af8e-b022ce9da4cb
2026-04-06 09:29:08|qwen|web_search_no_think|0|QUESTION_SENT||3252|39edc7f6-20fb-460b-b372-b67bbacf21df
2026-04-06 09:29:14|qwen|web_search_no_think|1|JSON_VERIFIED||3301|8efc509a-848c-4a6b-bc4a-55faae8bb3f5
2026-04-06 09:29:14|qwen|web_search_no_think|1|QUESTION|1|3301|8efc509a-848c-4a6b-bc4a-55faae8bb3f5
2026-04-06 09:29:14|qwen|web_search_no_think|1|JSON_SAVED||3301|8efc509a-848c-4a6b-bc4a-55faae8bb3f5
2026-04-06 09:29:14|qwen|web_search_no_think|1|QUESTION_ADVANCE||3302|343abfdc-c287-4dd7-a2a5-632fc6fd10bb
2026-04-06 09:29:15|qwen|web_search_no_think|4|QUESTION_SENT||3467|a9dc7735-a7ef-4a42-ba2b-73bec4b14379
2026-04-06 09:29:43|qwen|web_search_no_think|1|QUESTION_SENT||3302|343abfdc-c287-4dd7-a2a5-632fc6fd10bb
2026-04-06 09:29:50|qwen|web_search_no_think|2|JSON_VERIFIED||3352|cc605803-db8e-447f-870c-804e1708d0ef
2026-04-06 09:29:50|qwen|web_search_no_think|2|QUESTION|2|3352|cc605803-db8e-447f-870c-804e1708d0ef
2026-04-06 09:29:50|qwen|web_search_no_think|2|JSON_SAVED||3352|cc605803-db8e-447f-870c-804e1708d0ef
2026-04-06 09:29:50|qwen|web_search_no_think|2|QUESTION_ADVANCE||3353|3ab43356-9138-4d1d-a6aa-5388eb7acb53
2026-04-06 09:29:51|qwen|web_search_no_think|0|QUESTION_SENT||3252|39edc7f6-20fb-460b-b372-b67bbacf21df
2026-04-06 09:30:13|qwen|web_search_no_think|3|JSON_VERIFY_FAILED||3402|0a090004-f0ee-4c9a-b7e4-875be632e353
2026-04-06 09:30:13|qwen|web_search_no_think|3|QUESTION|2|3402|0a090004-f0ee-4c9a-b7e4-875be632e353
2026-04-06 09:30:17|qwen|web_search_no_think|2|QUESTION_SENT||3353|3ab43356-9138-4d1d-a6aa-5388eb7acb53
2026-04-06 09:30:40|qwen|web_search_no_think|3|QUESTION_SENT||3402|0a090004-f0ee-4c9a-b7e4-875be632e353
2026-04-06 09:31:28|qwen|web_search_no_think|4|JSON_VERIFIED||3467|a9dc7735-a7ef-4a42-ba2b-73bec4b14379
2026-04-06 09:31:28|qwen|web_search_no_think|4|QUESTION|18|3467|a9dc7735-a7ef-4a42-ba2b-73bec4b14379
2026-04-06 09:31:28|qwen|web_search_no_think|4|JSON_SAVED||3467|a9dc7735-a7ef-4a42-ba2b-73bec4b14379
2026-04-06 09:31:28|qwen|web_search_no_think|4|QUESTION_ADVANCE||3468|139d3054-d81d-4e8c-b249-b43a96d8ddc0
2026-04-06 09:31:48|qwen|web_search_no_think|5|JSON_VERIFIED||3502|a3b10d18-9421-4189-af8e-b022ce9da4cb
2026-04-06 09:31:48|qwen|web_search_no_think|5|QUESTION|2|3502|a3b10d18-9421-4189-af8e-b022ce9da4cb
2026-04-06 09:31:48|qwen|web_search_no_think|5|JSON_SAVED||3502|a3b10d18-9421-4189-af8e-b022ce9da4cb
2026-04-06 09:31:48|qwen|web_search_no_think|5|QUESTION_ADVANCE||3503|7ac760fd-423e-4209-8e06-f7788ec65451
2026-04-06 09:31:56|qwen|web_search_no_think|4|QUESTION_SENT||3468|139d3054-d81d-4e8c-b249-b43a96d8ddc0
2026-04-06 09:32:16|qwen|web_search_no_think|5|QUESTION_SENT||3503|7ac760fd-423e-4209-8e06-f7788ec65451
2026-04-06 09:32:27|qwen|web_search_no_think|0|JSON_VERIFIED||3252|39edc7f6-20fb-460b-b372-b67bbacf21df
2026-04-06 09:32:27|qwen|web_search_no_think|0|QUESTION|2|3252|39edc7f6-20fb-460b-b372-b67bbacf21df
2026-04-06 09:32:27|qwen|web_search_no_think|0|JSON_SAVED||3252|39edc7f6-20fb-460b-b372-b67bbacf21df
2026-04-06 09:32:27|qwen|web_search_no_think|0|QUESTION_ADVANCE||3253|20ff2ac2-6ced-47ca-83a1-fd11fed08593
2026-04-06 09:32:27|qwen|web_search_no_think|4|JSON_VERIFIED||3468|139d3054-d81d-4e8c-b249-b43a96d8ddc0
2026-04-06 09:32:27|qwen|web_search_no_think|4|QUESTION|19|3468|139d3054-d81d-4e8c-b249-b43a96d8ddc0
2026-04-06 09:32:27|qwen|web_search_no_think|4|JSON_SAVED||3468|139d3054-d81d-4e8c-b249-b43a96d8ddc0
2026-04-06 09:32:27|qwen|web_search_no_think|4|QUESTION_ADVANCE||3469|74b1b239-01cc-4252-96e5-31667cbd2c07
2026-04-06 09:32:55|qwen|web_search_no_think|0|QUESTION_SENT||3253|20ff2ac2-6ced-47ca-83a1-fd11fed08593
2026-04-06 09:32:57|qwen|web_search_no_think|4|QUESTION_SENT||3469|74b1b239-01cc-4252-96e5-31667cbd2c07
2026-04-06 09:32:58|qwen|web_search_no_think|1|JSON_VERIFIED||3302|343abfdc-c287-4dd7-a2a5-632fc6fd10bb
2026-04-06 09:32:58|qwen|web_search_no_think|1|QUESTION|2|3302|343abfdc-c287-4dd7-a2a5-632fc6fd10bb
2026-04-06 09:32:58|qwen|web_search_no_think|1|JSON_SAVED||3302|343abfdc-c287-4dd7-a2a5-632fc6fd10bb
2026-04-06 09:32:58|qwen|web_search_no_think|1|QUESTION_ADVANCE||3303|d6a2fb6f-68d8-435e-be35-e49731587de7
2026-04-06 09:33:25|qwen|web_search_no_think|2|JSON_VERIFIED||3353|3ab43356-9138-4d1d-a6aa-5388eb7acb53
2026-04-06 09:33:25|qwen|web_search_no_think|2|QUESTION|3|3353|3ab43356-9138-4d1d-a6aa-5388eb7acb53
2026-04-06 09:33:25|qwen|web_search_no_think|2|JSON_SAVED||3353|3ab43356-9138-4d1d-a6aa-5388eb7acb53
2026-04-06 09:33:25|qwen|web_search_no_think|2|QUESTION_ADVANCE||3354|1fe7340f-7be3-4c88-901a-5578c52b7020
2026-04-06 09:33:25|qwen|web_search_no_think|1|QUESTION_SENT||3303|d6a2fb6f-68d8-435e-be35-e49731587de7
2026-04-06 09:33:52|qwen|web_search_no_think|2|QUESTION_SENT||3354|1fe7340f-7be3-4c88-901a-5578c52b7020
2026-04-06 09:34:19|qwen|web_search_no_think|3|JSON_VERIFIED||3402|0a090004-f0ee-4c9a-b7e4-875be632e353
2026-04-06 09:34:19|qwen|web_search_no_think|3|QUESTION|3|3402|0a090004-f0ee-4c9a-b7e4-875be632e353
2026-04-06 09:34:19|qwen|web_search_no_think|3|JSON_SAVED||3402|0a090004-f0ee-4c9a-b7e4-875be632e353
2026-04-06 09:34:19|qwen|web_search_no_think|3|QUESTION_ADVANCE||3403|6e189850-a6fc-441a-995b-97e01a3f685f
2026-04-06 09:34:43|qwen|web_search_no_think|2|JSON_VERIFIED||3354|1fe7340f-7be3-4c88-901a-5578c52b7020
2026-04-06 09:34:43|qwen|web_search_no_think|2|QUESTION|4|3354|1fe7340f-7be3-4c88-901a-5578c52b7020
2026-04-06 09:34:43|qwen|web_search_no_think|2|JSON_SAVED||3354|1fe7340f-7be3-4c88-901a-5578c52b7020
2026-04-06 09:34:43|qwen|web_search_no_think|2|QUESTION_ADVANCE||3355|1bbf06c7-9132-4fd5-affb-28c85836bd29
2026-04-06 09:34:47|qwen|web_search_no_think|3|QUESTION_SENT||3403|6e189850-a6fc-441a-995b-97e01a3f685f
2026-04-06 09:35:11|qwen|web_search_no_think|2|QUESTION_SENT||3355|1bbf06c7-9132-4fd5-affb-28c85836bd29
2026-04-06 09:35:39|qwen|web_search_no_think|5|JSON_VERIFIED||3503|7ac760fd-423e-4209-8e06-f7788ec65451
2026-04-06 09:35:39|qwen|web_search_no_think|5|QUESTION|3|3503|7ac760fd-423e-4209-8e06-f7788ec65451
2026-04-06 09:35:39|qwen|web_search_no_think|5|JSON_SAVED||3503|7ac760fd-423e-4209-8e06-f7788ec65451
2026-04-06 09:35:39|qwen|web_search_no_think|5|QUESTION_ADVANCE||3504|a3a5a08e-082e-42df-86c1-a317e8938381
2026-04-06 09:35:50|qwen|web_search_no_think|4|JSON_VERIFIED||3469|74b1b239-01cc-4252-96e5-31667cbd2c07
2026-04-06 09:35:50|qwen|web_search_no_think|4|QUESTION|20|3469|74b1b239-01cc-4252-96e5-31667cbd2c07
2026-04-06 09:35:50|qwen|web_search_no_think|4|JSON_SAVED||3469|74b1b239-01cc-4252-96e5-31667cbd2c07
2026-04-06 09:35:50|qwen|web_search_no_think|4|QUESTION_ADVANCE||3470|3ac03551-4bbc-4ec9-a4bd-c8f23cbd49ca
2026-04-06 09:35:52|qwen|web_search_no_think|1|JSON_VERIFIED||3303|d6a2fb6f-68d8-435e-be35-e49731587de7
2026-04-06 09:35:52|qwen|web_search_no_think|1|QUESTION|3|3303|d6a2fb6f-68d8-435e-be35-e49731587de7
2026-04-06 09:35:52|qwen|web_search_no_think|1|JSON_SAVED||3303|d6a2fb6f-68d8-435e-be35-e49731587de7
2026-04-06 09:35:52|qwen|web_search_no_think|1|QUESTION_ADVANCE||3304|dcdbfa36-d37c-4c2c-b709-6e66766ff93b
2026-04-06 09:36:07|qwen|web_search_no_think|5|QUESTION_SENT||3504|a3a5a08e-082e-42df-86c1-a317e8938381
2026-04-06 09:36:17|qwen|web_search_no_think|4|QUESTION_SENT||3470|3ac03551-4bbc-4ec9-a4bd-c8f23cbd49ca
2026-04-06 09:36:19|qwen|web_search_no_think|1|QUESTION_SENT||3304|dcdbfa36-d37c-4c2c-b709-6e66766ff93b
2026-04-06 09:36:50|qwen|web_search_no_think|1|QUESTION_SENT||3304|dcdbfa36-d37c-4c2c-b709-6e66766ff93b
2026-04-06 09:36:59|qwen|web_search_no_think|0|JSON_VERIFIED||3253|20ff2ac2-6ced-47ca-83a1-fd11fed08593
2026-04-06 09:36:59|qwen|web_search_no_think|0|QUESTION|3|3253|20ff2ac2-6ced-47ca-83a1-fd11fed08593
2026-04-06 09:36:59|qwen|web_search_no_think|0|JSON_SAVED||3253|20ff2ac2-6ced-47ca-83a1-fd11fed08593
2026-04-06 09:36:59|qwen|web_search_no_think|0|QUESTION_ADVANCE||3254|b878ff03-b738-4a19-ad09-3773badd9dd9
2026-04-06 09:37:12|qwen|web_search_no_think|3|JSON_VERIFIED||3403|6e189850-a6fc-441a-995b-97e01a3f685f
2026-04-06 09:37:12|qwen|web_search_no_think|3|QUESTION|4|3403|6e189850-a6fc-441a-995b-97e01a3f685f
2026-04-06 09:37:12|qwen|web_search_no_think|3|JSON_SAVED||3403|6e189850-a6fc-441a-995b-97e01a3f685f
2026-04-06 09:37:12|qwen|web_search_no_think|3|QUESTION_ADVANCE||3404|398fe9f2-5f8a-4e60-8198-c5ef7520ce49
2026-04-06 09:37:27|qwen|web_search_no_think|0|QUESTION_SENT||3254|b878ff03-b738-4a19-ad09-3773badd9dd9
2026-04-06 09:37:38|qwen|web_search_no_think|2|JSON_VERIFIED||3355|1bbf06c7-9132-4fd5-affb-28c85836bd29
2026-04-06 09:37:38|qwen|web_search_no_think|2|QUESTION|5|3355|1bbf06c7-9132-4fd5-affb-28c85836bd29
2026-04-06 09:37:38|qwen|web_search_no_think|2|JSON_SAVED||3355|1bbf06c7-9132-4fd5-affb-28c85836bd29
2026-04-06 09:37:38|qwen|web_search_no_think|2|QUESTION_ADVANCE||3356|f7985efd-af66-48e0-84c6-63cb480eb80d
2026-04-06 09:37:39|qwen|web_search_no_think|3|QUESTION_SENT||3404|398fe9f2-5f8a-4e60-8198-c5ef7520ce49
2026-04-06 09:38:05|qwen|web_search_no_think|2|QUESTION_SENT||3356|f7985efd-af66-48e0-84c6-63cb480eb80d
2026-04-06 09:38:44|qwen|web_search_no_think|4|JSON_VERIFY_FAILED||3470|3ac03551-4bbc-4ec9-a4bd-c8f23cbd49ca
2026-04-06 09:38:44|qwen|web_search_no_think|4|QUESTION|21|3470|3ac03551-4bbc-4ec9-a4bd-c8f23cbd49ca
2026-04-06 09:38:50|qwen|web_search_no_think|4|QUESTION_SENT||3470|3ac03551-4bbc-4ec9-a4bd-c8f23cbd49ca
2026-04-06 09:39:12|qwen|web_search_no_think|3|JSON_VERIFIED||3404|398fe9f2-5f8a-4e60-8198-c5ef7520ce49
2026-04-06 09:39:12|qwen|web_search_no_think|3|QUESTION|5|3404|398fe9f2-5f8a-4e60-8198-c5ef7520ce49
2026-04-06 09:39:12|qwen|web_search_no_think|3|JSON_SAVED||3404|398fe9f2-5f8a-4e60-8198-c5ef7520ce49
2026-04-06 09:39:12|qwen|web_search_no_think|3|QUESTION_ADVANCE||3405|60ee8ebe-aaf5-4780-888e-6a313b80712f
2026-04-06 09:39:17|qwen|web_search_no_think|5|JSON_VERIFIED||3504|a3a5a08e-082e-42df-86c1-a317e8938381
2026-04-06 09:39:17|qwen|web_search_no_think|5|QUESTION|4|3504|a3a5a08e-082e-42df-86c1-a317e8938381
2026-04-06 09:39:17|qwen|web_search_no_think|5|JSON_SAVED||3504|a3a5a08e-082e-42df-86c1-a317e8938381
2026-04-06 09:39:17|qwen|web_search_no_think|5|QUESTION_ADVANCE||3505|7c744f52-7487-4bb1-a846-dde4e589e616
2026-04-06 09:39:30|qwen|web_search_no_think|4|QUESTION_SENT||3470|3ac03551-4bbc-4ec9-a4bd-c8f23cbd49ca
2026-04-06 09:39:40|qwen|web_search_no_think|3|QUESTION_SENT||3405|60ee8ebe-aaf5-4780-888e-6a313b80712f
2026-04-06 09:39:48|qwen|web_search_no_think|5|QUESTION_SENT||3505|7c744f52-7487-4bb1-a846-dde4e589e616
2026-04-06 09:39:54|qwen|web_search_no_think|1|JSON_VERIFIED||3304|dcdbfa36-d37c-4c2c-b709-6e66766ff93b
2026-04-06 09:39:54|qwen|web_search_no_think|1|QUESTION|4|3304|dcdbfa36-d37c-4c2c-b709-6e66766ff93b
2026-04-06 09:39:54|qwen|web_search_no_think|1|JSON_SAVED||3304|dcdbfa36-d37c-4c2c-b709-6e66766ff93b
2026-04-06 09:39:54|qwen|web_search_no_think|1|QUESTION_ADVANCE||3305|2341675d-c763-4141-ab27-9751d55fbc74
2026-04-06 09:39:55|qwen|web_search_no_think|0|JSON_VERIFIED||3254|b878ff03-b738-4a19-ad09-3773badd9dd9
2026-04-06 09:39:55|qwen|web_search_no_think|0|QUESTION|4|3254|b878ff03-b738-4a19-ad09-3773badd9dd9
2026-04-06 09:39:55|qwen|web_search_no_think|0|JSON_SAVED||3254|b878ff03-b738-4a19-ad09-3773badd9dd9
2026-04-06 09:39:55|qwen|web_search_no_think|0|QUESTION_ADVANCE||3255|ed0076ca-3276-4abc-abb1-9f6a60e64abe
2026-04-06 09:40:22|qwen|web_search_no_think|1|QUESTION_SENT||3305|2341675d-c763-4141-ab27-9751d55fbc74
2026-04-06 09:40:23|qwen|web_search_no_think|0|QUESTION_SENT||3255|ed0076ca-3276-4abc-abb1-9f6a60e64abe
2026-04-06 09:40:55|qwen|web_search_no_think|2|JSON_VERIFIED||3356|f7985efd-af66-48e0-84c6-63cb480eb80d
2026-04-06 09:40:55|qwen|web_search_no_think|2|QUESTION|6|3356|f7985efd-af66-48e0-84c6-63cb480eb80d
2026-04-06 09:40:55|qwen|web_search_no_think|2|JSON_SAVED||3356|f7985efd-af66-48e0-84c6-63cb480eb80d
2026-04-06 09:40:55|qwen|web_search_no_think|2|QUESTION_ADVANCE||3357|cfe5a7cd-073c-4a57-9eec-74964934d941
2026-04-06 09:41:25|qwen|web_search_no_think|2|QUESTION_SENT||3357|cfe5a7cd-073c-4a57-9eec-74964934d941
2026-04-06 09:42:06|qwen|web_search_no_think|3|JSON_VERIFIED||3405|60ee8ebe-aaf5-4780-888e-6a313b80712f
2026-04-06 09:42:06|qwen|web_search_no_think|3|QUESTION|6|3405|60ee8ebe-aaf5-4780-888e-6a313b80712f
2026-04-06 09:42:06|qwen|web_search_no_think|3|JSON_SAVED||3405|60ee8ebe-aaf5-4780-888e-6a313b80712f
2026-04-06 09:42:06|qwen|web_search_no_think|3|QUESTION_ADVANCE||3406|820b7a54-64e4-442c-9f44-622257e25fd2
2026-04-06 09:42:19|qwen|web_search_no_think|5|JSON_VERIFIED||3505|7c744f52-7487-4bb1-a846-dde4e589e616
2026-04-06 09:42:19|qwen|web_search_no_think|5|QUESTION|5|3505|7c744f52-7487-4bb1-a846-dde4e589e616
2026-04-06 09:42:19|qwen|web_search_no_think|5|JSON_SAVED||3505|7c744f52-7487-4bb1-a846-dde4e589e616
2026-04-06 09:42:19|qwen|web_search_no_think|5|QUESTION_ADVANCE||3506|2d6b8cb9-a7a5-4780-bd59-9ff750d6edf1
2026-04-06 09:42:33|qwen|web_search_no_think|2|JSON_VERIFIED||3357|cfe5a7cd-073c-4a57-9eec-74964934d941
2026-04-06 09:42:33|qwen|web_search_no_think|2|QUESTION|7|3357|cfe5a7cd-073c-4a57-9eec-74964934d941
2026-04-06 09:42:33|qwen|web_search_no_think|2|JSON_SAVED||3357|cfe5a7cd-073c-4a57-9eec-74964934d941
2026-04-06 09:42:33|qwen|web_search_no_think|2|QUESTION_ADVANCE||3358|1ce4161b-58d6-4d21-8e2c-ba1fee34996c
2026-04-06 09:42:33|qwen|web_search_no_think|3|QUESTION_SENT||3406|820b7a54-64e4-442c-9f44-622257e25fd2
2026-04-06 09:42:46|qwen|web_search_no_think|5|QUESTION_SENT||3506|2d6b8cb9-a7a5-4780-bd59-9ff750d6edf1
2026-04-06 09:42:58|qwen|web_search_no_think|0|JSON_VERIFIED||3255|ed0076ca-3276-4abc-abb1-9f6a60e64abe
2026-04-06 09:42:58|qwen|web_search_no_think|0|QUESTION|5|3255|ed0076ca-3276-4abc-abb1-9f6a60e64abe
2026-04-06 09:42:58|qwen|web_search_no_think|0|JSON_SAVED||3255|ed0076ca-3276-4abc-abb1-9f6a60e64abe
2026-04-06 09:42:58|qwen|web_search_no_think|0|QUESTION_ADVANCE||3256|a3decc3c-8010-4dab-b3f4-78bcd7a239a5
2026-04-06 09:43:00|qwen|web_search_no_think|2|QUESTION_SENT||3358|1ce4161b-58d6-4d21-8e2c-ba1fee34996c
2026-04-06 09:43:25|qwen|web_search_no_think|0|QUESTION_SENT||3256|a3decc3c-8010-4dab-b3f4-78bcd7a239a5
2026-04-06 09:43:41|qwen|web_search_no_think|1|JSON_VERIFIED||3305|2341675d-c763-4141-ab27-9751d55fbc74
2026-04-06 09:43:41|qwen|web_search_no_think|1|QUESTION|5|3305|2341675d-c763-4141-ab27-9751d55fbc74
2026-04-06 09:43:41|qwen|web_search_no_think|1|JSON_SAVED||3305|2341675d-c763-4141-ab27-9751d55fbc74
2026-04-06 09:43:41|qwen|web_search_no_think|1|QUESTION_ADVANCE||3306|31823995-a6f6-431e-96aa-0258267ed850
2026-04-06 09:44:09|qwen|web_search_no_think|1|QUESTION_SENT||3306|31823995-a6f6-431e-96aa-0258267ed850
2026-04-06 09:44:15|qwen|web_search_no_think|4|QUESTION_SENT||3470|3ac03551-4bbc-4ec9-a4bd-c8f23cbd49ca
2026-04-06 09:44:40|qwen|web_search_no_think|3|JSON_VERIFY_FAILED||3406|820b7a54-64e4-442c-9f44-622257e25fd2
2026-04-06 09:44:40|qwen|web_search_no_think|3|QUESTION|7|3406|820b7a54-64e4-442c-9f44-622257e25fd2
2026-04-06 09:45:04|qwen|web_search_no_think|2|JSON_VERIFIED||3358|1ce4161b-58d6-4d21-8e2c-ba1fee34996c
2026-04-06 09:45:04|qwen|web_search_no_think|2|QUESTION|8|3358|1ce4161b-58d6-4d21-8e2c-ba1fee34996c
2026-04-06 09:45:04|qwen|web_search_no_think|2|JSON_SAVED||3358|1ce4161b-58d6-4d21-8e2c-ba1fee34996c
2026-04-06 09:45:04|qwen|web_search_no_think|2|QUESTION_ADVANCE||3359|f2e56f83-f5c0-4a3c-b1a8-ce62ec3930c5
2026-04-06 09:45:09|qwen|web_search_no_think|3|QUESTION_SENT||3406|820b7a54-64e4-442c-9f44-622257e25fd2
2026-04-06 09:45:32|qwen|web_search_no_think|2|QUESTION_SENT||3359|f2e56f83-f5c0-4a3c-b1a8-ce62ec3930c5
2026-04-06 09:45:53|qwen|web_search_no_think|0|JSON_VERIFIED||3256|a3decc3c-8010-4dab-b3f4-78bcd7a239a5
2026-04-06 09:45:53|qwen|web_search_no_think|0|QUESTION|6|3256|a3decc3c-8010-4dab-b3f4-78bcd7a239a5
2026-04-06 09:45:53|qwen|web_search_no_think|0|JSON_SAVED||3256|a3decc3c-8010-4dab-b3f4-78bcd7a239a5
2026-04-06 09:45:53|qwen|web_search_no_think|0|QUESTION_ADVANCE||3257|9434cde5-f1be-4e5a-bca8-e8400d81c284
2026-04-06 09:46:04|qwen|web_search_no_think|2|QUESTION_SENT||3359|f2e56f83-f5c0-4a3c-b1a8-ce62ec3930c5
2026-04-06 09:46:11|qwen|web_search_no_think|3|JSON_VERIFIED||3406|820b7a54-64e4-442c-9f44-622257e25fd2
2026-04-06 09:46:11|qwen|web_search_no_think|3|QUESTION|8|3406|820b7a54-64e4-442c-9f44-622257e25fd2
2026-04-06 09:46:11|qwen|web_search_no_think|3|JSON_SAVED||3406|820b7a54-64e4-442c-9f44-622257e25fd2
2026-04-06 09:46:11|qwen|web_search_no_think|3|QUESTION_ADVANCE||3407|f9cd6b46-e27e-46a1-a789-d0ede3abbf41
2026-04-06 09:46:20|qwen|web_search_no_think|0|QUESTION_SENT||3257|9434cde5-f1be-4e5a-bca8-e8400d81c284
2026-04-06 09:46:24|qwen|web_search_no_think|1|JSON_VERIFIED||3306|31823995-a6f6-431e-96aa-0258267ed850
2026-04-06 09:46:24|qwen|web_search_no_think|1|QUESTION|6|3306|31823995-a6f6-431e-96aa-0258267ed850
2026-04-06 09:46:24|qwen|web_search_no_think|1|JSON_SAVED||3306|31823995-a6f6-431e-96aa-0258267ed850
2026-04-06 09:46:24|qwen|web_search_no_think|1|QUESTION_ADVANCE||3307|b9e112e7-1900-456e-aff8-e4b6c25ee468
2026-04-06 09:46:39|qwen|web_search_no_think|3|QUESTION_SENT||3407|f9cd6b46-e27e-46a1-a789-d0ede3abbf41
2026-04-06 09:46:50|qwen|web_search_no_think|0|QUESTION_SENT||3257|9434cde5-f1be-4e5a-bca8-e8400d81c284
2026-04-06 09:46:51|qwen|web_search_no_think|1|QUESTION_SENT||3307|b9e112e7-1900-456e-aff8-e4b6c25ee468
2026-04-06 09:46:54|qwen|web_search_no_think|5|JSON_VERIFIED||3506|2d6b8cb9-a7a5-4780-bd59-9ff750d6edf1
2026-04-06 09:46:54|qwen|web_search_no_think|5|QUESTION|6|3506|2d6b8cb9-a7a5-4780-bd59-9ff750d6edf1
2026-04-06 09:46:54|qwen|web_search_no_think|5|JSON_SAVED||3506|2d6b8cb9-a7a5-4780-bd59-9ff750d6edf1
2026-04-06 09:46:54|qwen|web_search_no_think|5|QUESTION_ADVANCE||3507|e40bea5c-dcf9-4c46-89ac-f904a7a27608
2026-04-06 09:47:01|qwen|web_search_no_think|4|JSON_VERIFIED||3470|3ac03551-4bbc-4ec9-a4bd-c8f23cbd49ca
2026-04-06 09:47:01|qwen|web_search_no_think|4|QUESTION|22|3470|3ac03551-4bbc-4ec9-a4bd-c8f23cbd49ca
2026-04-06 09:47:01|qwen|web_search_no_think|4|JSON_SAVED||3470|3ac03551-4bbc-4ec9-a4bd-c8f23cbd49ca
2026-04-06 09:47:01|qwen|web_search_no_think|4|QUESTION_ADVANCE||3471|3f745fd3-ee20-41c5-be40-f6b68f6cff27
2026-04-06 09:47:21|qwen|web_search_no_think|5|QUESTION_SENT||3507|e40bea5c-dcf9-4c46-89ac-f904a7a27608
2026-04-06 09:47:28|qwen|web_search_no_think|4|QUESTION_SENT||3471|3f745fd3-ee20-41c5-be40-f6b68f6cff27
2026-04-06 09:47:38|qwen|web_search_no_think|1|JSON_VERIFY_FAILED||3307|b9e112e7-1900-456e-aff8-e4b6c25ee468
2026-04-06 09:47:38|qwen|web_search_no_think|1|QUESTION|7|3307|b9e112e7-1900-456e-aff8-e4b6c25ee468
2026-04-06 09:48:06|qwen|web_search_no_think|1|QUESTION_SENT||3307|b9e112e7-1900-456e-aff8-e4b6c25ee468
2026-04-06 09:48:31|qwen|web_search_no_think|3|JSON_VERIFIED||3407|f9cd6b46-e27e-46a1-a789-d0ede3abbf41
2026-04-06 09:48:31|qwen|web_search_no_think|3|QUESTION|9|3407|f9cd6b46-e27e-46a1-a789-d0ede3abbf41
2026-04-06 09:48:31|qwen|web_search_no_think|3|JSON_SAVED||3407|f9cd6b46-e27e-46a1-a789-d0ede3abbf41
2026-04-06 09:48:31|qwen|web_search_no_think|3|QUESTION_ADVANCE||3408|d037cd83-6708-4dbd-a924-502efc34aa08
2026-04-06 09:48:38|qwen|web_search_no_think|2|JSON_VERIFIED||3359|f2e56f83-f5c0-4a3c-b1a8-ce62ec3930c5
2026-04-06 09:48:38|qwen|web_search_no_think|2|QUESTION|9|3359|f2e56f83-f5c0-4a3c-b1a8-ce62ec3930c5
2026-04-06 09:48:38|qwen|web_search_no_think|2|JSON_SAVED||3359|f2e56f83-f5c0-4a3c-b1a8-ce62ec3930c5
2026-04-06 09:48:39|qwen|web_search_no_think|2|QUESTION_ADVANCE||3360|60972f00-0a40-4d4a-a8c7-1d2f3511589d
2026-04-06 09:48:39|qwen|web_search_no_think|1|QUESTION_SENT||3307|b9e112e7-1900-456e-aff8-e4b6c25ee468
2026-04-06 09:49:03|qwen|web_search_no_think|3|QUESTION_SENT||3408|d037cd83-6708-4dbd-a924-502efc34aa08
2026-04-06 09:49:08|qwen|web_search_no_think|2|QUESTION_SENT||3360|60972f00-0a40-4d4a-a8c7-1d2f3511589d
2026-04-06 09:49:10|qwen|web_search_no_think|0|JSON_VERIFY_FAILED||3257|9434cde5-f1be-4e5a-bca8-e8400d81c284
2026-04-06 09:49:10|qwen|web_search_no_think|0|QUESTION|7|3257|9434cde5-f1be-4e5a-bca8-e8400d81c284
2026-04-06 09:49:16|qwen|web_search_no_think|0|QUESTION_SENT||3257|9434cde5-f1be-4e5a-bca8-e8400d81c284
2026-04-06 09:49:29|qwen|web_search_no_think|5|JSON_VERIFIED||3507|e40bea5c-dcf9-4c46-89ac-f904a7a27608
2026-04-06 09:49:29|qwen|web_search_no_think|5|QUESTION|7|3507|e40bea5c-dcf9-4c46-89ac-f904a7a27608
2026-04-06 09:49:29|qwen|web_search_no_think|5|JSON_SAVED||3507|e40bea5c-dcf9-4c46-89ac-f904a7a27608
2026-04-06 09:49:29|qwen|web_search_no_think|5|QUESTION_ADVANCE||3508|45dfabe0-11c8-40cc-a55e-a622b088530a
2026-04-06 09:49:32|qwen|web_search_no_think|4|JSON_VERIFIED||3471|3f745fd3-ee20-41c5-be40-f6b68f6cff27
2026-04-06 09:49:32|qwen|web_search_no_think|4|QUESTION|23|3471|3f745fd3-ee20-41c5-be40-f6b68f6cff27
2026-04-06 09:49:32|qwen|web_search_no_think|4|JSON_SAVED||3471|3f745fd3-ee20-41c5-be40-f6b68f6cff27
2026-04-06 09:49:32|qwen|web_search_no_think|4|QUESTION_ADVANCE||3472|0ce4be10-78f7-44f9-b85f-a56e47b23461
2026-04-06 09:49:55|qwen|web_search_no_think|0|QUESTION_SENT||3257|9434cde5-f1be-4e5a-bca8-e8400d81c284
2026-04-06 09:49:58|qwen|web_search_no_think|5|QUESTION_SENT||3508|45dfabe0-11c8-40cc-a55e-a622b088530a
2026-04-06 09:50:01|qwen|web_search_no_think|4|QUESTION_SENT||3472|0ce4be10-78f7-44f9-b85f-a56e47b23461
2026-04-06 09:50:08|qwen|web_search_no_think|2|JSON_VERIFIED||3360|60972f00-0a40-4d4a-a8c7-1d2f3511589d
2026-04-06 09:50:08|qwen|web_search_no_think|2|QUESTION|10|3360|60972f00-0a40-4d4a-a8c7-1d2f3511589d
2026-04-06 09:50:08|qwen|web_search_no_think|2|JSON_SAVED||3360|60972f00-0a40-4d4a-a8c7-1d2f3511589d
2026-04-06 09:50:08|qwen|web_search_no_think|2|QUESTION_ADVANCE||3361|ce3ad36c-578a-4c5f-aa10-c61339036774
2026-04-06 09:50:17|qwen|web_search_no_think|3|JSON_VERIFY_FAILED||3408|d037cd83-6708-4dbd-a924-502efc34aa08
2026-04-06 09:50:17|qwen|web_search_no_think|3|QUESTION|10|3408|d037cd83-6708-4dbd-a924-502efc34aa08
2026-04-06 09:50:35|qwen|web_search_no_think|2|QUESTION_SENT||3361|ce3ad36c-578a-4c5f-aa10-c61339036774
2026-04-06 09:50:35|qwen|web_search_no_think|1|JSON_VERIFIED||3307|b9e112e7-1900-456e-aff8-e4b6c25ee468
2026-04-06 09:50:35|qwen|web_search_no_think|1|QUESTION|8|3307|b9e112e7-1900-456e-aff8-e4b6c25ee468
2026-04-06 09:50:35|qwen|web_search_no_think|1|JSON_SAVED||3307|b9e112e7-1900-456e-aff8-e4b6c25ee468
2026-04-06 09:50:35|qwen|web_search_no_think|1|QUESTION_ADVANCE||3308|f3c46ef8-ae1d-453d-abca-8e67abcdd36c
2026-04-06 09:50:44|qwen|web_search_no_think|3|QUESTION_SENT||3408|d037cd83-6708-4dbd-a924-502efc34aa08
2026-04-06 09:51:02|qwen|web_search_no_think|1|QUESTION_SENT||3308|f3c46ef8-ae1d-453d-abca-8e67abcdd36c
2026-04-06 09:52:00|qwen|web_search_no_think|1|JSON_VERIFIED||3308|f3c46ef8-ae1d-453d-abca-8e67abcdd36c
2026-04-06 09:52:00|qwen|web_search_no_think|1|QUESTION|9|3308|f3c46ef8-ae1d-453d-abca-8e67abcdd36c
2026-04-06 09:52:00|qwen|web_search_no_think|1|JSON_SAVED||3308|f3c46ef8-ae1d-453d-abca-8e67abcdd36c
2026-04-06 09:52:00|qwen|web_search_no_think|1|QUESTION_ADVANCE||3309|7dabf4cc-dbc6-4692-93e4-d4d87104cabf
2026-04-06 09:52:07|qwen|web_search_no_think|0|JSON_VERIFIED||3257|9434cde5-f1be-4e5a-bca8-e8400d81c284
2026-04-06 09:52:07|qwen|web_search_no_think|0|QUESTION|8|3257|9434cde5-f1be-4e5a-bca8-e8400d81c284
2026-04-06 09:52:07|qwen|web_search_no_think|0|JSON_SAVED||3257|9434cde5-f1be-4e5a-bca8-e8400d81c284
2026-04-06 09:52:07|qwen|web_search_no_think|0|QUESTION_ADVANCE||3258|55576a92-4e5a-4e8d-9dd9-bddb44a5a3e7
2026-04-06 09:52:09|qwen|web_search_no_think|2|JSON_VERIFIED||3361|ce3ad36c-578a-4c5f-aa10-c61339036774
2026-04-06 09:52:09|qwen|web_search_no_think|2|QUESTION|11|3361|ce3ad36c-578a-4c5f-aa10-c61339036774
2026-04-06 09:52:09|qwen|web_search_no_think|2|JSON_SAVED||3361|ce3ad36c-578a-4c5f-aa10-c61339036774
2026-04-06 09:52:09|qwen|web_search_no_think|2|QUESTION_ADVANCE||3362|245b760e-a900-4e03-aec1-1a9bc40c6e4d
2026-04-06 09:52:35|qwen|web_search_no_think|1|QUESTION_SENT||3309|7dabf4cc-dbc6-4692-93e4-d4d87104cabf
2026-04-06 09:52:40|qwen|web_search_no_think|0|QUESTION_SENT||3258|55576a92-4e5a-4e8d-9dd9-bddb44a5a3e7
2026-04-06 09:52:44|qwen|web_search_no_think|2|QUESTION_SENT||3362|245b760e-a900-4e03-aec1-1a9bc40c6e4d
2026-04-06 09:52:56|qwen|web_search_no_think|5|JSON_VERIFY_FAILED||3508|45dfabe0-11c8-40cc-a55e-a622b088530a
2026-04-06 09:52:56|qwen|web_search_no_think|5|QUESTION|8|3508|45dfabe0-11c8-40cc-a55e-a622b088530a
2026-04-06 09:53:25|qwen|web_search_no_think|5|QUESTION_SENT||3508|45dfabe0-11c8-40cc-a55e-a622b088530a
2026-04-06 09:54:02|qwen|web_search_no_think|3|JSON_VERIFY_FAILED||3408|d037cd83-6708-4dbd-a924-502efc34aa08
2026-04-06 09:54:02|qwen|web_search_no_think|3|QUESTION|11|3408|d037cd83-6708-4dbd-a924-502efc34aa08
2026-04-06 09:54:30|qwen|web_search_no_think|3|QUESTION_SENT||3408|d037cd83-6708-4dbd-a924-502efc34aa08
2026-04-06 09:54:48|qwen|web_search_no_think|5|JSON_VERIFIED||3508|45dfabe0-11c8-40cc-a55e-a622b088530a
2026-04-06 09:54:48|qwen|web_search_no_think|5|QUESTION|9|3508|45dfabe0-11c8-40cc-a55e-a622b088530a
2026-04-06 09:54:48|qwen|web_search_no_think|5|JSON_SAVED||3508|45dfabe0-11c8-40cc-a55e-a622b088530a
2026-04-06 09:54:49|qwen|web_search_no_think|5|QUESTION_ADVANCE||3509|dd670d8a-bf39-4aa1-a91d-fdf401f5d194
2026-04-06 09:54:51|qwen|web_search_no_think|4|JSON_VERIFIED||3472|0ce4be10-78f7-44f9-b85f-a56e47b23461
2026-04-06 09:54:51|qwen|web_search_no_think|4|QUESTION|24|3472|0ce4be10-78f7-44f9-b85f-a56e47b23461
2026-04-06 09:54:51|qwen|web_search_no_think|4|JSON_SAVED||3472|0ce4be10-78f7-44f9-b85f-a56e47b23461
2026-04-06 09:54:51|qwen|web_search_no_think|4|QUESTION_ADVANCE||3473|092a874f-1a13-4f99-96f1-525d4001e79c
2026-04-06 09:55:17|qwen|web_search_no_think|5|QUESTION_SENT||3509|dd670d8a-bf39-4aa1-a91d-fdf401f5d194
2026-04-06 09:55:20|qwen|web_search_no_think|4|QUESTION_SENT||3473|092a874f-1a13-4f99-96f1-525d4001e79c
2026-04-06 09:55:26|qwen|web_search_no_think|1|JSON_VERIFIED||3309|7dabf4cc-dbc6-4692-93e4-d4d87104cabf
2026-04-06 09:55:26|qwen|web_search_no_think|1|QUESTION|10|3309|7dabf4cc-dbc6-4692-93e4-d4d87104cabf
2026-04-06 09:55:26|qwen|web_search_no_think|1|JSON_SAVED||3309|7dabf4cc-dbc6-4692-93e4-d4d87104cabf
2026-04-06 09:55:26|qwen|web_search_no_think|1|QUESTION_ADVANCE||3310|6abe0dfe-94ba-4261-989f-1739be235125
2026-04-06 09:55:29|qwen|web_search_no_think|2|JSON_VERIFIED||3362|245b760e-a900-4e03-aec1-1a9bc40c6e4d
2026-04-06 09:55:29|qwen|web_search_no_think|2|QUESTION|12|3362|245b760e-a900-4e03-aec1-1a9bc40c6e4d
2026-04-06 09:55:29|qwen|web_search_no_think|2|JSON_SAVED||3362|245b760e-a900-4e03-aec1-1a9bc40c6e4d
2026-04-06 09:55:29|qwen|web_search_no_think|2|QUESTION_ADVANCE||3363|e9851dfe-fefa-47a3-839b-67db972ecbd4
2026-04-06 09:55:54|qwen|web_search_no_think|1|QUESTION_SENT||3310|6abe0dfe-94ba-4261-989f-1739be235125
2026-04-06 09:55:58|qwen|web_search_no_think|0|JSON_VERIFIED||3258|55576a92-4e5a-4e8d-9dd9-bddb44a5a3e7
2026-04-06 09:55:58|qwen|web_search_no_think|0|QUESTION|9|3258|55576a92-4e5a-4e8d-9dd9-bddb44a5a3e7
2026-04-06 09:55:58|qwen|web_search_no_think|0|JSON_SAVED||3258|55576a92-4e5a-4e8d-9dd9-bddb44a5a3e7
2026-04-06 09:55:58|qwen|web_search_no_think|0|QUESTION_ADVANCE||3259|153618aa-5753-4333-906e-23756aeec5a4
2026-04-06 09:55:59|qwen|web_search_no_think|2|QUESTION_SENT||3363|e9851dfe-fefa-47a3-839b-67db972ecbd4
2026-04-06 09:56:27|qwen|web_search_no_think|0|QUESTION_SENT||3259|153618aa-5753-4333-906e-23756aeec5a4
2026-04-06 09:56:28|qwen|web_search_no_think|1|JSON_VERIFY_FAILED||3310|6abe0dfe-94ba-4261-989f-1739be235125
2026-04-06 09:56:28|qwen|web_search_no_think|1|QUESTION|11|3310|6abe0dfe-94ba-4261-989f-1739be235125
2026-04-06 09:56:57|qwen|web_search_no_think|1|QUESTION_SENT||3310|6abe0dfe-94ba-4261-989f-1739be235125
2026-04-06 09:57:04|qwen|web_search_no_think|2|JSON_VERIFIED||3363|e9851dfe-fefa-47a3-839b-67db972ecbd4
2026-04-06 09:57:04|qwen|web_search_no_think|2|QUESTION|13|3363|e9851dfe-fefa-47a3-839b-67db972ecbd4
2026-04-06 09:57:04|qwen|web_search_no_think|2|JSON_SAVED||3363|e9851dfe-fefa-47a3-839b-67db972ecbd4
2026-04-06 09:57:04|qwen|web_search_no_think|2|QUESTION_ADVANCE||3364|d098da7a-4c24-494d-832f-8a371fab9584
2026-04-06 09:57:18|qwen|web_search_no_think|3|JSON_VERIFIED||3408|d037cd83-6708-4dbd-a924-502efc34aa08
2026-04-06 09:57:18|qwen|web_search_no_think|3|QUESTION|12|3408|d037cd83-6708-4dbd-a924-502efc34aa08
2026-04-06 09:57:18|qwen|web_search_no_think|3|JSON_SAVED||3408|d037cd83-6708-4dbd-a924-502efc34aa08
2026-04-06 09:57:18|qwen|web_search_no_think|3|QUESTION_ADVANCE||3409|2a80cd49-65cd-4ae4-a996-a744477b1666
2026-04-06 09:57:38|qwen|web_search_no_think|2|QUESTION_SENT||3364|d098da7a-4c24-494d-832f-8a371fab9584
2026-04-06 09:57:51|qwen|web_search_no_think|0|JSON_VERIFIED||3259|153618aa-5753-4333-906e-23756aeec5a4
2026-04-06 09:57:51|qwen|web_search_no_think|0|QUESTION|10|3259|153618aa-5753-4333-906e-23756aeec5a4
2026-04-06 09:57:51|qwen|web_search_no_think|0|JSON_SAVED||3259|153618aa-5753-4333-906e-23756aeec5a4
2026-04-06 09:57:51|qwen|web_search_no_think|0|QUESTION_ADVANCE||3260|93522522-800a-4607-be55-709d6f944c11
2026-04-06 09:58:00|qwen|web_search_no_think|4|JSON_VERIFIED||3473|092a874f-1a13-4f99-96f1-525d4001e79c
2026-04-06 09:58:00|qwen|web_search_no_think|4|QUESTION|25|3473|092a874f-1a13-4f99-96f1-525d4001e79c
2026-04-06 09:58:00|qwen|web_search_no_think|4|JSON_SAVED||3473|092a874f-1a13-4f99-96f1-525d4001e79c
2026-04-06 09:58:00|qwen|web_search_no_think|4|QUESTION_ADVANCE||3474|21f8a9df-77fa-4e8f-b408-61cc1097858b
2026-04-06 09:58:18|qwen|web_search_no_think|0|QUESTION_SENT||3260|93522522-800a-4607-be55-709d6f944c11
2026-04-06 09:58:21|qwen|web_search_no_think|5|JSON_VERIFIED||3509|dd670d8a-bf39-4aa1-a91d-fdf401f5d194
2026-04-06 09:58:21|qwen|web_search_no_think|5|QUESTION|10|3509|dd670d8a-bf39-4aa1-a91d-fdf401f5d194
2026-04-06 09:58:21|qwen|web_search_no_think|5|JSON_SAVED||3509|dd670d8a-bf39-4aa1-a91d-fdf401f5d194
2026-04-06 09:58:21|qwen|web_search_no_think|5|QUESTION_ADVANCE||3510|b23e98a8-9f97-49c2-88c0-6f50c4cb5bd2
2026-04-06 09:58:30|qwen|web_search_no_think|4|QUESTION_SENT||3474|21f8a9df-77fa-4e8f-b408-61cc1097858b
2026-04-06 09:58:48|qwen|web_search_no_think|1|JSON_VERIFIED||3310|6abe0dfe-94ba-4261-989f-1739be235125
2026-04-06 09:58:48|qwen|web_search_no_think|1|QUESTION|12|3310|6abe0dfe-94ba-4261-989f-1739be235125
2026-04-06 09:58:48|qwen|web_search_no_think|1|JSON_SAVED||3310|6abe0dfe-94ba-4261-989f-1739be235125
2026-04-06 09:58:48|qwen|web_search_no_think|1|QUESTION_ADVANCE||3311|8afbc613-f286-47ff-9bab-75a2ce7c7ffe
2026-04-06 09:58:49|qwen|web_search_no_think|5|QUESTION_SENT||3510|b23e98a8-9f97-49c2-88c0-6f50c4cb5bd2
2026-04-06 09:59:16|qwen|web_search_no_think|1|QUESTION_SENT||3311|8afbc613-f286-47ff-9bab-75a2ce7c7ffe
2026-04-06 09:59:39|qwen|web_search_no_think|2|JSON_VERIFIED||3364|d098da7a-4c24-494d-832f-8a371fab9584
2026-04-06 09:59:39|qwen|web_search_no_think|2|QUESTION|14|3364|d098da7a-4c24-494d-832f-8a371fab9584
2026-04-06 09:59:39|qwen|web_search_no_think|2|JSON_SAVED||3364|d098da7a-4c24-494d-832f-8a371fab9584
2026-04-06 09:59:39|qwen|web_search_no_think|2|QUESTION_ADVANCE||3365|2db66652-6e82-4eab-a672-beab67699c48
2026-04-06 09:59:41|qwen|web_search_no_think|4|JSON_VERIFIED||3474|21f8a9df-77fa-4e8f-b408-61cc1097858b
2026-04-06 09:59:41|qwen|web_search_no_think|4|QUESTION|26|3474|21f8a9df-77fa-4e8f-b408-61cc1097858b
2026-04-06 09:59:41|qwen|web_search_no_think|4|JSON_SAVED||3474|21f8a9df-77fa-4e8f-b408-61cc1097858b
2026-04-06 09:59:41|qwen|web_search_no_think|4|QUESTION_ADVANCE||3475|054e80dc-30cb-4009-809c-cff285774537
2026-04-06 10:00:04|qwen|web_search_no_think|5|JSON_VERIFIED||3510|b23e98a8-9f97-49c2-88c0-6f50c4cb5bd2
2026-04-06 10:00:04|qwen|web_search_no_think|5|QUESTION|11|3510|b23e98a8-9f97-49c2-88c0-6f50c4cb5bd2
2026-04-06 10:00:04|qwen|web_search_no_think|5|JSON_SAVED||3510|b23e98a8-9f97-49c2-88c0-6f50c4cb5bd2
2026-04-06 10:00:04|qwen|web_search_no_think|5|QUESTION_ADVANCE||3511|a89db84b-34a5-4fd3-bede-8c1e77b23695
2026-04-06 10:00:07|qwen|web_search_no_think|2|QUESTION_SENT||3365|2db66652-6e82-4eab-a672-beab67699c48
2026-04-06 10:00:10|qwen|web_search_no_think|4|QUESTION_SENT||3475|054e80dc-30cb-4009-809c-cff285774537
2026-04-06 10:00:36|qwen|web_search_no_think|5|QUESTION_SENT||3511|a89db84b-34a5-4fd3-bede-8c1e77b23695
2026-04-06 10:00:42|qwen|web_search_no_think|3|QUESTION_SENT||3409|2a80cd49-65cd-4ae4-a996-a744477b1666
2026-04-06 10:00:59|qwen|web_search_no_think|4|QUESTION_SENT||3475|054e80dc-30cb-4009-809c-cff285774537
2026-04-06 10:01:20|qwen|web_search_no_think|1|JSON_VERIFIED||3311|8afbc613-f286-47ff-9bab-75a2ce7c7ffe
2026-04-06 10:01:20|qwen|web_search_no_think|1|QUESTION|13|3311|8afbc613-f286-47ff-9bab-75a2ce7c7ffe
2026-04-06 10:01:20|qwen|web_search_no_think|1|JSON_SAVED||3311|8afbc613-f286-47ff-9bab-75a2ce7c7ffe
2026-04-06 10:01:20|qwen|web_search_no_think|1|QUESTION_ADVANCE||3312|e2f968e3-7559-4217-86fa-f5c12718fc2e
2026-04-06 10:01:48|qwen|web_search_no_think|1|QUESTION_SENT||3312|e2f968e3-7559-4217-86fa-f5c12718fc2e
2026-04-06 10:02:28|qwen|web_search_no_think|5|JSON_VERIFIED||3511|a89db84b-34a5-4fd3-bede-8c1e77b23695
2026-04-06 10:02:28|qwen|web_search_no_think|5|QUESTION|12|3511|a89db84b-34a5-4fd3-bede-8c1e77b23695
2026-04-06 10:02:28|qwen|web_search_no_think|5|JSON_SAVED||3511|a89db84b-34a5-4fd3-bede-8c1e77b23695
2026-04-06 10:02:28|qwen|web_search_no_think|5|QUESTION_ADVANCE||3512|8996df8b-6c8b-44b5-a37a-191455e9d9c9
2026-04-06 10:02:41|qwen|web_search_no_think|3|JSON_VERIFIED||3409|2a80cd49-65cd-4ae4-a996-a744477b1666
2026-04-06 10:02:41|qwen|web_search_no_think|3|QUESTION|13|3409|2a80cd49-65cd-4ae4-a996-a744477b1666
2026-04-06 10:02:41|qwen|web_search_no_think|3|JSON_SAVED||3409|2a80cd49-65cd-4ae4-a996-a744477b1666
2026-04-06 10:02:41|qwen|web_search_no_think|3|QUESTION_ADVANCE||3410|155ed05e-b7a5-43b8-89f8-669dfc56ddbf
2026-04-06 10:02:56|qwen|web_search_no_think|5|QUESTION_SENT||3512|8996df8b-6c8b-44b5-a37a-191455e9d9c9
2026-04-06 10:02:57|qwen|web_search_no_think|0|QUESTION_SENT||3260|93522522-800a-4607-be55-709d6f944c11
2026-04-06 10:02:58|qwen|web_search_no_think|2|JSON_VERIFY_FAILED||3365|2db66652-6e82-4eab-a672-beab67699c48
2026-04-06 10:02:58|qwen|web_search_no_think|2|QUESTION|15|3365|2db66652-6e82-4eab-a672-beab67699c48
2026-04-06 10:03:04|qwen|web_search_no_think|2|QUESTION_SENT||3365|2db66652-6e82-4eab-a672-beab67699c48
2026-04-06 10:03:09|qwen|web_search_no_think|3|QUESTION_SENT||3410|155ed05e-b7a5-43b8-89f8-669dfc56ddbf
2026-04-06 10:04:14|qwen|web_search_no_think|1|JSON_VERIFIED||3312|e2f968e3-7559-4217-86fa-f5c12718fc2e
2026-04-06 10:04:14|qwen|web_search_no_think|1|QUESTION|14|3312|e2f968e3-7559-4217-86fa-f5c12718fc2e
2026-04-06 10:04:14|qwen|web_search_no_think|1|JSON_SAVED||3312|e2f968e3-7559-4217-86fa-f5c12718fc2e
2026-04-06 10:04:14|qwen|web_search_no_think|1|QUESTION_ADVANCE||3313|02e4cdcf-d63d-46df-8ada-e6f8e8792f0f
2026-04-06 10:04:17|qwen|web_search_no_think|4|JSON_VERIFIED||3475|054e80dc-30cb-4009-809c-cff285774537
2026-04-06 10:04:17|qwen|web_search_no_think|4|QUESTION|27|3475|054e80dc-30cb-4009-809c-cff285774537
2026-04-06 10:04:17|qwen|web_search_no_think|4|JSON_SAVED||3475|054e80dc-30cb-4009-809c-cff285774537
2026-04-06 10:04:17|qwen|web_search_no_think|4|QUESTION_ADVANCE||3476|83f2d81c-a113-4b74-b0cd-ecfc5e427c0d
2026-04-06 10:04:45|qwen|web_search_no_think|1|QUESTION_SENT||3313|02e4cdcf-d63d-46df-8ada-e6f8e8792f0f
2026-04-06 10:04:46|qwen|web_search_no_think|4|QUESTION_SENT||3476|83f2d81c-a113-4b74-b0cd-ecfc5e427c0d
2026-04-06 10:05:03|qwen|web_search_no_think|5|JSON_VERIFIED||3512|8996df8b-6c8b-44b5-a37a-191455e9d9c9
2026-04-06 10:05:03|qwen|web_search_no_think|5|QUESTION|13|3512|8996df8b-6c8b-44b5-a37a-191455e9d9c9
2026-04-06 10:05:03|qwen|web_search_no_think|5|JSON_SAVED||3512|8996df8b-6c8b-44b5-a37a-191455e9d9c9
2026-04-06 10:05:03|qwen|web_search_no_think|5|QUESTION_ADVANCE||3513|da1e8693-59cf-4271-820e-b02550e15d3e
2026-04-06 10:05:31|qwen|web_search_no_think|5|QUESTION_SENT||3513|da1e8693-59cf-4271-820e-b02550e15d3e
2026-04-06 10:05:41|qwen|web_search_no_think|0|JSON_VERIFIED||3260|93522522-800a-4607-be55-709d6f944c11
2026-04-06 10:05:41|qwen|web_search_no_think|0|QUESTION|11|3260|93522522-800a-4607-be55-709d6f944c11
2026-04-06 10:05:41|qwen|web_search_no_think|0|JSON_SAVED||3260|93522522-800a-4607-be55-709d6f944c11
2026-04-06 10:05:41|qwen|web_search_no_think|0|QUESTION_ADVANCE||3261|3d77cc77-ccd8-44cd-8ae8-31b5be61398c
2026-04-06 10:05:47|qwen|web_search_no_think|4|JSON_VERIFIED||3476|83f2d81c-a113-4b74-b0cd-ecfc5e427c0d
2026-04-06 10:05:47|qwen|web_search_no_think|4|QUESTION|28|3476|83f2d81c-a113-4b74-b0cd-ecfc5e427c0d
2026-04-06 10:05:47|qwen|web_search_no_think|4|JSON_SAVED||3476|83f2d81c-a113-4b74-b0cd-ecfc5e427c0d
2026-04-06 10:05:47|qwen|web_search_no_think|4|QUESTION_ADVANCE||3477|8a554e4a-28ea-409a-94cb-4591d1f50ab1
2026-04-06 10:05:49|qwen|web_search_no_think|1|JSON_VERIFIED||3313|02e4cdcf-d63d-46df-8ada-e6f8e8792f0f
2026-04-06 10:05:49|qwen|web_search_no_think|1|QUESTION|15|3313|02e4cdcf-d63d-46df-8ada-e6f8e8792f0f
2026-04-06 10:05:49|qwen|web_search_no_think|1|JSON_SAVED||3313|02e4cdcf-d63d-46df-8ada-e6f8e8792f0f
2026-04-06 10:05:50|qwen|web_search_no_think|1|QUESTION_ADVANCE||3314|76f9af2e-a23c-44ff-b45d-038818ca3d2d
2026-04-06 10:05:52|qwen|web_search_no_think|2|QUESTION_SENT||3365|2db66652-6e82-4eab-a672-beab67699c48
2026-04-06 10:06:07|qwen|web_search_no_think|3|JSON_VERIFIED||3410|155ed05e-b7a5-43b8-89f8-669dfc56ddbf
2026-04-06 10:06:07|qwen|web_search_no_think|3|QUESTION|14|3410|155ed05e-b7a5-43b8-89f8-669dfc56ddbf
2026-04-06 10:06:07|qwen|web_search_no_think|3|JSON_SAVED||3410|155ed05e-b7a5-43b8-89f8-669dfc56ddbf
2026-04-06 10:06:07|qwen|web_search_no_think|3|QUESTION_ADVANCE||3411|89c37cca-7d9f-4dc3-917d-3a18ffafe34f
2026-04-06 10:06:18|qwen|web_search_no_think|1|QUESTION_SENT||3314|76f9af2e-a23c-44ff-b45d-038818ca3d2d
2026-04-06 10:06:21|qwen|web_search_no_think|4|QUESTION_SENT||3477|8a554e4a-28ea-409a-94cb-4591d1f50ab1
2026-04-06 10:06:23|qwen|web_search_no_think|0|QUESTION_SENT||3261|3d77cc77-ccd8-44cd-8ae8-31b5be61398c
2026-04-06 10:06:25|qwen|web_search_no_think|2|QUESTION_SENT||3365|2db66652-6e82-4eab-a672-beab67699c48
2026-04-06 10:06:36|qwen|web_search_no_think|3|QUESTION_SENT||3411|89c37cca-7d9f-4dc3-917d-3a18ffafe34f
2026-04-06 10:07:46|qwen|web_search_no_think|4|JSON_VERIFIED||3477|8a554e4a-28ea-409a-94cb-4591d1f50ab1
2026-04-06 10:07:46|qwen|web_search_no_think|4|QUESTION|29|3477|8a554e4a-28ea-409a-94cb-4591d1f50ab1
2026-04-06 10:07:46|qwen|web_search_no_think|4|JSON_SAVED||3477|8a554e4a-28ea-409a-94cb-4591d1f50ab1
2026-04-06 10:07:46|qwen|web_search_no_think|4|QUESTION_ADVANCE||3478|7e2228b2-96c4-49d0-895a-7abe32db919f
2026-04-06 10:08:14|qwen|web_search_no_think|5|JSON_VERIFIED||3513|da1e8693-59cf-4271-820e-b02550e15d3e
2026-04-06 10:08:14|qwen|web_search_no_think|5|QUESTION|14|3513|da1e8693-59cf-4271-820e-b02550e15d3e
2026-04-06 10:08:14|qwen|web_search_no_think|5|JSON_SAVED||3513|da1e8693-59cf-4271-820e-b02550e15d3e
2026-04-06 10:08:14|qwen|web_search_no_think|5|QUESTION_ADVANCE||3514|9a7d036e-9e66-4b87-8dca-aeb9460e0394
2026-04-06 10:08:16|qwen|web_search_no_think|4|QUESTION_SENT||3478|7e2228b2-96c4-49d0-895a-7abe32db919f
2026-04-06 10:08:17|qwen|web_search_no_think|2|JSON_VERIFY_FAILED||3365|2db66652-6e82-4eab-a672-beab67699c48
2026-04-06 10:08:17|qwen|web_search_no_think|2|QUESTION|16|3365|2db66652-6e82-4eab-a672-beab67699c48
2026-04-06 10:08:43|qwen|web_search_no_think|5|QUESTION_SENT||3514|9a7d036e-9e66-4b87-8dca-aeb9460e0394
2026-04-06 10:08:46|qwen|web_search_no_think|2|QUESTION_SENT||3365|2db66652-6e82-4eab-a672-beab67699c48
2026-04-06 10:09:05|qwen|web_search_no_think|1|JSON_VERIFIED||3314|76f9af2e-a23c-44ff-b45d-038818ca3d2d
2026-04-06 10:09:05|qwen|web_search_no_think|1|QUESTION|16|3314|76f9af2e-a23c-44ff-b45d-038818ca3d2d
2026-04-06 10:09:05|qwen|web_search_no_think|1|JSON_SAVED||3314|76f9af2e-a23c-44ff-b45d-038818ca3d2d
2026-04-06 10:09:05|qwen|web_search_no_think|1|QUESTION_ADVANCE||3315|98ed00d1-1529-4ed4-bc00-796605f60aa3
2026-04-06 10:09:17|qwen|web_search_no_think|3|JSON_VERIFIED||3411|89c37cca-7d9f-4dc3-917d-3a18ffafe34f
2026-04-06 10:09:17|qwen|web_search_no_think|3|QUESTION|15|3411|89c37cca-7d9f-4dc3-917d-3a18ffafe34f
2026-04-06 10:09:17|qwen|web_search_no_think|3|JSON_SAVED||3411|89c37cca-7d9f-4dc3-917d-3a18ffafe34f
2026-04-06 10:09:17|qwen|web_search_no_think|3|QUESTION_ADVANCE||3412|029fbca2-9b6f-45c4-ac9d-f9920c570796
2026-04-06 10:09:35|qwen|web_search_no_think|1|QUESTION_SENT||3315|98ed00d1-1529-4ed4-bc00-796605f60aa3
2026-04-06 10:09:49|qwen|web_search_no_think|3|QUESTION_SENT||3412|029fbca2-9b6f-45c4-ac9d-f9920c570796
2026-04-06 10:10:08|qwen|web_search_no_think|5|JSON_VERIFIED||3514|9a7d036e-9e66-4b87-8dca-aeb9460e0394
2026-04-06 10:10:08|qwen|web_search_no_think|5|QUESTION|15|3514|9a7d036e-9e66-4b87-8dca-aeb9460e0394
2026-04-06 10:10:08|qwen|web_search_no_think|5|JSON_SAVED||3514|9a7d036e-9e66-4b87-8dca-aeb9460e0394
2026-04-06 10:10:08|qwen|web_search_no_think|5|QUESTION_ADVANCE||3515|c0f15264-befc-48ef-b4d6-cf62e25435f9
2026-04-06 10:10:38|qwen|web_search_no_think|2|JSON_VERIFIED||3365|2db66652-6e82-4eab-a672-beab67699c48
2026-04-06 10:10:38|qwen|web_search_no_think|2|QUESTION|17|3365|2db66652-6e82-4eab-a672-beab67699c48
2026-04-06 10:10:38|qwen|web_search_no_think|2|JSON_SAVED||3365|2db66652-6e82-4eab-a672-beab67699c48
2026-04-06 10:10:38|qwen|web_search_no_think|2|QUESTION_ADVANCE||3366|234b8cc6-c693-4ac8-a754-2f04f4dbb845
2026-04-06 10:10:39|qwen|web_search_no_think|5|QUESTION_SENT||3515|c0f15264-befc-48ef-b4d6-cf62e25435f9
2026-04-06 10:10:59|qwen|web_search_no_think|1|JSON_VERIFIED||3315|98ed00d1-1529-4ed4-bc00-796605f60aa3
2026-04-06 10:10:59|qwen|web_search_no_think|1|QUESTION|17|3315|98ed00d1-1529-4ed4-bc00-796605f60aa3
2026-04-06 10:10:59|qwen|web_search_no_think|1|JSON_SAVED||3315|98ed00d1-1529-4ed4-bc00-796605f60aa3
2026-04-06 10:10:59|qwen|web_search_no_think|1|QUESTION_ADVANCE||3316|5d307c18-0ffe-4e0a-b1b6-ef22d7fd8ed0
2026-04-06 10:11:05|qwen|web_search_no_think|3|JSON_VERIFIED||3412|029fbca2-9b6f-45c4-ac9d-f9920c570796
2026-04-06 10:11:05|qwen|web_search_no_think|3|QUESTION|16|3412|029fbca2-9b6f-45c4-ac9d-f9920c570796
2026-04-06 10:11:05|qwen|web_search_no_think|3|JSON_SAVED||3412|029fbca2-9b6f-45c4-ac9d-f9920c570796
2026-04-06 10:11:05|qwen|web_search_no_think|3|QUESTION_ADVANCE||3413|62aaa978-38ed-4bba-a096-fef67d8a6149
2026-04-06 10:11:08|qwen|web_search_no_think|4|JSON_VERIFIED||3478|7e2228b2-96c4-49d0-895a-7abe32db919f
2026-04-06 10:11:08|qwen|web_search_no_think|4|QUESTION|30|3478|7e2228b2-96c4-49d0-895a-7abe32db919f
2026-04-06 10:11:08|qwen|web_search_no_think|4|JSON_SAVED||3478|7e2228b2-96c4-49d0-895a-7abe32db919f
2026-04-06 10:11:08|qwen|web_search_no_think|4|QUESTION_ADVANCE||3479|e3d14fd5-baef-462a-8be2-390b5bcd47d8
2026-04-06 10:11:12|qwen|web_search_no_think|2|QUESTION_SENT||3366|234b8cc6-c693-4ac8-a754-2f04f4dbb845
2026-04-06 10:11:14|qwen|web_search_no_think|5|QUESTION_SENT||3515|c0f15264-befc-48ef-b4d6-cf62e25435f9
2026-04-06 10:11:23|qwen|web_search_no_think|0|JSON_VERIFIED||3261|3d77cc77-ccd8-44cd-8ae8-31b5be61398c
2026-04-06 10:11:23|qwen|web_search_no_think|0|QUESTION|12|3261|3d77cc77-ccd8-44cd-8ae8-31b5be61398c
2026-04-06 10:11:23|qwen|web_search_no_think|0|JSON_SAVED||3261|3d77cc77-ccd8-44cd-8ae8-31b5be61398c
2026-04-06 10:11:23|qwen|web_search_no_think|0|QUESTION_ADVANCE||3262|0aa255ae-0d18-45ae-9581-052841840526
2026-04-06 10:11:27|qwen|web_search_no_think|1|QUESTION_SENT||3316|5d307c18-0ffe-4e0a-b1b6-ef22d7fd8ed0
2026-04-06 10:11:34|qwen|web_search_no_think|3|QUESTION_SENT||3413|62aaa978-38ed-4bba-a096-fef67d8a6149
2026-04-06 10:11:37|qwen|web_search_no_think|4|QUESTION_SENT||3479|e3d14fd5-baef-462a-8be2-390b5bcd47d8
2026-04-06 10:11:51|qwen|web_search_no_think|0|QUESTION_SENT||3262|0aa255ae-0d18-45ae-9581-052841840526
2026-04-06 10:12:34|qwen|web_search_no_think|5|JSON_VERIFIED||3515|c0f15264-befc-48ef-b4d6-cf62e25435f9
2026-04-06 10:12:34|qwen|web_search_no_think|5|QUESTION|16|3515|c0f15264-befc-48ef-b4d6-cf62e25435f9
2026-04-06 10:12:34|qwen|web_search_no_think|5|JSON_SAVED||3515|c0f15264-befc-48ef-b4d6-cf62e25435f9
2026-04-06 10:12:34|qwen|web_search_no_think|5|QUESTION_ADVANCE||3516|60be9976-75e4-4c3d-a710-c636f1611ffd
2026-04-06 10:12:39|qwen|web_search_no_think|2|JSON_VERIFIED||3366|234b8cc6-c693-4ac8-a754-2f04f4dbb845
2026-04-06 10:12:39|qwen|web_search_no_think|2|QUESTION|18|3366|234b8cc6-c693-4ac8-a754-2f04f4dbb845
2026-04-06 10:12:39|qwen|web_search_no_think|2|JSON_SAVED||3366|234b8cc6-c693-4ac8-a754-2f04f4dbb845
2026-04-06 10:12:39|qwen|web_search_no_think|2|QUESTION_ADVANCE||3367|851397d0-345d-43a6-83d9-f1d566a48e40
2026-04-06 10:13:02|qwen|web_search_no_think|5|QUESTION_SENT||3516|60be9976-75e4-4c3d-a710-c636f1611ffd
2026-04-06 10:13:07|qwen|web_search_no_think|2|QUESTION_SENT||3367|851397d0-345d-43a6-83d9-f1d566a48e40
2026-04-06 10:13:20|qwen|web_search_no_think|0|JSON_VERIFIED||3262|0aa255ae-0d18-45ae-9581-052841840526
2026-04-06 10:13:20|qwen|web_search_no_think|0|QUESTION|13|3262|0aa255ae-0d18-45ae-9581-052841840526
2026-04-06 10:13:20|qwen|web_search_no_think|0|JSON_SAVED||3262|0aa255ae-0d18-45ae-9581-052841840526
2026-04-06 10:13:20|qwen|web_search_no_think|0|QUESTION_ADVANCE||3263|668e7ba7-e21c-4e15-ab59-62c87ba45043
2026-04-06 10:13:48|qwen|web_search_no_think|0|QUESTION_SENT||3263|668e7ba7-e21c-4e15-ab59-62c87ba45043
2026-04-06 10:14:20|qwen|web_search_no_think|3|JSON_VERIFIED||3413|62aaa978-38ed-4bba-a096-fef67d8a6149
2026-04-06 10:14:20|qwen|web_search_no_think|3|QUESTION|17|3413|62aaa978-38ed-4bba-a096-fef67d8a6149
2026-04-06 10:14:20|qwen|web_search_no_think|3|JSON_SAVED||3413|62aaa978-38ed-4bba-a096-fef67d8a6149
2026-04-06 10:14:20|qwen|web_search_no_think|3|QUESTION_ADVANCE||3414|7a11756e-cc6e-40ba-9c0e-33a7ce55d059
2026-04-06 10:14:29|qwen|web_search_no_think|1|JSON_VERIFIED||3316|5d307c18-0ffe-4e0a-b1b6-ef22d7fd8ed0
2026-04-06 10:14:29|qwen|web_search_no_think|1|QUESTION|18|3316|5d307c18-0ffe-4e0a-b1b6-ef22d7fd8ed0
2026-04-06 10:14:29|qwen|web_search_no_think|1|JSON_SAVED||3316|5d307c18-0ffe-4e0a-b1b6-ef22d7fd8ed0
2026-04-06 10:14:29|qwen|web_search_no_think|1|QUESTION_ADVANCE||3317|1d38ea95-dac1-41e7-a444-980ab30825a8
2026-04-06 10:14:30|qwen|web_search_no_think|4|JSON_VERIFIED||3479|e3d14fd5-baef-462a-8be2-390b5bcd47d8
2026-04-06 10:14:30|qwen|web_search_no_think|4|QUESTION|31|3479|e3d14fd5-baef-462a-8be2-390b5bcd47d8
2026-04-06 10:14:30|qwen|web_search_no_think|4|JSON_SAVED||3479|e3d14fd5-baef-462a-8be2-390b5bcd47d8
2026-04-06 10:14:30|qwen|web_search_no_think|4|QUESTION_ADVANCE||3480|717a784d-c971-42a4-a0b6-c7be3421b157
2026-04-06 10:14:52|qwen|web_search_no_think|3|QUESTION_SENT||3414|7a11756e-cc6e-40ba-9c0e-33a7ce55d059
2026-04-06 10:14:58|qwen|web_search_no_think|1|QUESTION_SENT||3317|1d38ea95-dac1-41e7-a444-980ab30825a8
2026-04-06 10:14:58|qwen|web_search_no_think|5|JSON_VERIFIED||3516|60be9976-75e4-4c3d-a710-c636f1611ffd
2026-04-06 10:14:58|qwen|web_search_no_think|5|QUESTION|17|3516|60be9976-75e4-4c3d-a710-c636f1611ffd
2026-04-06 10:14:58|qwen|web_search_no_think|5|JSON_SAVED||3516|60be9976-75e4-4c3d-a710-c636f1611ffd
2026-04-06 10:14:58|qwen|web_search_no_think|5|QUESTION_ADVANCE||3517|71fec176-734f-4318-b4ad-391c2b3764d6
2026-04-06 10:15:02|qwen|web_search_no_think|4|QUESTION_SENT||3480|717a784d-c971-42a4-a0b6-c7be3421b157
2026-04-06 10:15:30|qwen|web_search_no_think|5|QUESTION_SENT||3517|71fec176-734f-4318-b4ad-391c2b3764d6
2026-04-06 10:15:32|qwen|web_search_no_think|0|JSON_VERIFY_FAILED||3263|668e7ba7-e21c-4e15-ab59-62c87ba45043
2026-04-06 10:15:32|qwen|web_search_no_think|0|QUESTION|14|3263|668e7ba7-e21c-4e15-ab59-62c87ba45043
2026-04-06 10:16:00|qwen|web_search_no_think|0|QUESTION_SENT||3263|668e7ba7-e21c-4e15-ab59-62c87ba45043
2026-04-06 10:16:04|qwen|web_search_no_think|1|JSON_VERIFIED||3317|1d38ea95-dac1-41e7-a444-980ab30825a8
2026-04-06 10:16:04|qwen|web_search_no_think|1|QUESTION|19|3317|1d38ea95-dac1-41e7-a444-980ab30825a8
2026-04-06 10:16:04|qwen|web_search_no_think|1|JSON_SAVED||3317|1d38ea95-dac1-41e7-a444-980ab30825a8
2026-04-06 10:16:04|qwen|web_search_no_think|1|QUESTION_ADVANCE||3318|271ddf46-6692-4359-a953-2a55ec73ce7a
2026-04-06 10:16:14|qwen|web_search_no_think|4|JSON_VERIFIED||3480|717a784d-c971-42a4-a0b6-c7be3421b157
2026-04-06 10:16:14|qwen|web_search_no_think|4|QUESTION|32|3480|717a784d-c971-42a4-a0b6-c7be3421b157
2026-04-06 10:16:14|qwen|web_search_no_think|4|JSON_SAVED||3480|717a784d-c971-42a4-a0b6-c7be3421b157
2026-04-06 10:16:14|qwen|web_search_no_think|4|QUESTION_ADVANCE||3481|24c941cb-94c9-459e-b27b-939c8149d3e2
2026-04-06 10:16:32|qwen|web_search_no_think|1|QUESTION_SENT||3318|271ddf46-6692-4359-a953-2a55ec73ce7a
2026-04-06 10:16:39|qwen|web_search_no_think|2|JSON_VERIFIED||3367|851397d0-345d-43a6-83d9-f1d566a48e40
2026-04-06 10:16:39|qwen|web_search_no_think|2|QUESTION|19|3367|851397d0-345d-43a6-83d9-f1d566a48e40
2026-04-06 10:16:39|qwen|web_search_no_think|2|JSON_SAVED||3367|851397d0-345d-43a6-83d9-f1d566a48e40
2026-04-06 10:16:39|qwen|web_search_no_think|2|QUESTION_ADVANCE||3368|05a2a734-72e0-4e07-885f-eb299f7d67d8
2026-04-06 10:16:42|qwen|web_search_no_think|0|JSON_VERIFY_FAILED||3263|668e7ba7-e21c-4e15-ab59-62c87ba45043
2026-04-06 10:16:42|qwen|web_search_no_think|0|QUESTION|15|3263|668e7ba7-e21c-4e15-ab59-62c87ba45043
2026-04-06 10:16:45|qwen|web_search_no_think|4|QUESTION_SENT||3481|24c941cb-94c9-459e-b27b-939c8149d3e2
2026-04-06 10:17:07|qwen|web_search_no_think|2|QUESTION_SENT||3368|05a2a734-72e0-4e07-885f-eb299f7d67d8
2026-04-06 10:17:09|qwen|web_search_no_think|0|QUESTION_SENT||3263|668e7ba7-e21c-4e15-ab59-62c87ba45043
2026-04-06 10:17:15|qwen|web_search_no_think|5|JSON_VERIFIED||3517|71fec176-734f-4318-b4ad-391c2b3764d6
2026-04-06 10:17:15|qwen|web_search_no_think|5|QUESTION|18|3517|71fec176-734f-4318-b4ad-391c2b3764d6
2026-04-06 10:17:15|qwen|web_search_no_think|5|JSON_SAVED||3517|71fec176-734f-4318-b4ad-391c2b3764d6
2026-04-06 10:17:15|qwen|web_search_no_think|5|QUESTION_ADVANCE||3518|066635bf-4f16-416e-8d79-27194bf27e21
2026-04-06 10:17:32|qwen|web_search_no_think|3|JSON_VERIFIED||3414|7a11756e-cc6e-40ba-9c0e-33a7ce55d059
2026-04-06 10:17:32|qwen|web_search_no_think|3|QUESTION|18|3414|7a11756e-cc6e-40ba-9c0e-33a7ce55d059
2026-04-06 10:17:32|qwen|web_search_no_think|3|JSON_SAVED||3414|7a11756e-cc6e-40ba-9c0e-33a7ce55d059
2026-04-06 10:17:32|qwen|web_search_no_think|3|QUESTION_ADVANCE||3415|06dec0fc-05e4-43e6-8655-b9172705abcd
2026-04-06 10:17:47|qwen|web_search_no_think|5|QUESTION_SENT||3518|066635bf-4f16-416e-8d79-27194bf27e21
2026-04-06 10:18:01|qwen|web_search_no_think|3|QUESTION_SENT||3415|06dec0fc-05e4-43e6-8655-b9172705abcd
2026-04-06 10:18:04|qwen|web_search_no_think|4|JSON_VERIFIED||3481|24c941cb-94c9-459e-b27b-939c8149d3e2
2026-04-06 10:18:04|qwen|web_search_no_think|4|QUESTION|33|3481|24c941cb-94c9-459e-b27b-939c8149d3e2
2026-04-06 10:18:04|qwen|web_search_no_think|4|JSON_SAVED||3481|24c941cb-94c9-459e-b27b-939c8149d3e2
2026-04-06 10:18:04|qwen|web_search_no_think|4|QUESTION_ADVANCE||3482|b79caada-257e-440c-83eb-c3e504fd532c
2026-04-06 10:18:31|qwen|web_search_no_think|3|JSON_VERIFY_FAILED||3415|06dec0fc-05e4-43e6-8655-b9172705abcd
2026-04-06 10:18:31|qwen|web_search_no_think|3|QUESTION|19|3415|06dec0fc-05e4-43e6-8655-b9172705abcd
2026-04-06 10:18:32|qwen|web_search_no_think|2|JSON_VERIFIED||3368|05a2a734-72e0-4e07-885f-eb299f7d67d8
2026-04-06 10:18:32|qwen|web_search_no_think|2|QUESTION|20|3368|05a2a734-72e0-4e07-885f-eb299f7d67d8
2026-04-06 10:18:32|qwen|web_search_no_think|2|JSON_SAVED||3368|05a2a734-72e0-4e07-885f-eb299f7d67d8
2026-04-06 10:18:32|qwen|web_search_no_think|2|QUESTION_ADVANCE||3369|6c9d2cef-dd99-45f9-8b9f-95807fd80354
2026-04-06 10:18:34|qwen|web_search_no_think|4|QUESTION_SENT||3482|b79caada-257e-440c-83eb-c3e504fd532c
2026-04-06 10:18:47|qwen|web_search_no_think|1|JSON_VERIFIED||3318|271ddf46-6692-4359-a953-2a55ec73ce7a
2026-04-06 10:18:47|qwen|web_search_no_think|1|QUESTION|20|3318|271ddf46-6692-4359-a953-2a55ec73ce7a
2026-04-06 10:18:47|qwen|web_search_no_think|1|JSON_SAVED||3318|271ddf46-6692-4359-a953-2a55ec73ce7a
2026-04-06 10:18:47|qwen|web_search_no_think|1|QUESTION_ADVANCE||3319|5767b606-2b09-4846-b16b-5eb96c9e14d8
2026-04-06 10:19:02|qwen|web_search_no_think|3|QUESTION_SENT||3415|06dec0fc-05e4-43e6-8655-b9172705abcd
2026-04-06 10:19:03|qwen|web_search_no_think|2|QUESTION_SENT||3369|6c9d2cef-dd99-45f9-8b9f-95807fd80354
2026-04-06 10:19:15|qwen|web_search_no_think|1|QUESTION_SENT||3319|5767b606-2b09-4846-b16b-5eb96c9e14d8
2026-04-06 10:19:19|qwen|web_search_no_think|0|JSON_VERIFIED||3263|668e7ba7-e21c-4e15-ab59-62c87ba45043
2026-04-06 10:19:19|qwen|web_search_no_think|0|QUESTION|16|3263|668e7ba7-e21c-4e15-ab59-62c87ba45043
2026-04-06 10:19:19|qwen|web_search_no_think|0|JSON_SAVED||3263|668e7ba7-e21c-4e15-ab59-62c87ba45043
2026-04-06 10:19:19|qwen|web_search_no_think|0|QUESTION_ADVANCE||3264|e1251b83-2b57-4705-a9e7-244bc0a48d71
2026-04-06 10:19:43|qwen|web_search_no_think|5|JSON_VERIFIED||3518|066635bf-4f16-416e-8d79-27194bf27e21
2026-04-06 10:19:43|qwen|web_search_no_think|5|QUESTION|19|3518|066635bf-4f16-416e-8d79-27194bf27e21
2026-04-06 10:19:43|qwen|web_search_no_think|5|JSON_SAVED||3518|066635bf-4f16-416e-8d79-27194bf27e21
2026-04-06 10:19:43|qwen|web_search_no_think|5|QUESTION_ADVANCE||3519|4ce88a9a-79d0-4f03-a473-bfa2b4c2a6e7
2026-04-06 10:19:48|qwen|web_search_no_think|0|QUESTION_SENT||3264|e1251b83-2b57-4705-a9e7-244bc0a48d71
2026-04-06 10:20:12|qwen|web_search_no_think|5|QUESTION_SENT||3519|4ce88a9a-79d0-4f03-a473-bfa2b4c2a6e7
2026-04-06 10:20:30|qwen|web_search_no_think|3|JSON_VERIFIED||3415|06dec0fc-05e4-43e6-8655-b9172705abcd
2026-04-06 10:20:30|qwen|web_search_no_think|3|QUESTION|20|3415|06dec0fc-05e4-43e6-8655-b9172705abcd
2026-04-06 10:20:30|qwen|web_search_no_think|3|JSON_SAVED||3415|06dec0fc-05e4-43e6-8655-b9172705abcd
2026-04-06 10:20:30|qwen|web_search_no_think|3|QUESTION_ADVANCE||3416|67b536dc-a67f-474f-a4ec-7068c47473be
2026-04-06 10:20:45|qwen|web_search_no_think|5|JSON_VERIFY_FAILED||3519|4ce88a9a-79d0-4f03-a473-bfa2b4c2a6e7
2026-04-06 10:20:45|qwen|web_search_no_think|5|QUESTION|20|3519|4ce88a9a-79d0-4f03-a473-bfa2b4c2a6e7
2026-04-06 10:21:01|qwen|web_search_no_think|3|QUESTION_SENT||3416|67b536dc-a67f-474f-a4ec-7068c47473be
2026-04-06 10:21:14|qwen|web_search_no_think|5|QUESTION_SENT||3519|4ce88a9a-79d0-4f03-a473-bfa2b4c2a6e7
2026-04-06 10:21:19|qwen|web_search_no_think|0|JSON_VERIFIED||3264|e1251b83-2b57-4705-a9e7-244bc0a48d71
2026-04-06 10:21:19|qwen|web_search_no_think|0|QUESTION|17|3264|e1251b83-2b57-4705-a9e7-244bc0a48d71
2026-04-06 10:21:19|qwen|web_search_no_think|0|JSON_SAVED||3264|e1251b83-2b57-4705-a9e7-244bc0a48d71
2026-04-06 10:21:19|qwen|web_search_no_think|0|QUESTION_ADVANCE||3265|67df9666-02bc-47db-a0ad-fed3f54bd9e7
2026-04-06 10:21:30|qwen|web_search_no_think|2|JSON_VERIFIED||3369|6c9d2cef-dd99-45f9-8b9f-95807fd80354
2026-04-06 10:21:30|qwen|web_search_no_think|2|QUESTION|21|3369|6c9d2cef-dd99-45f9-8b9f-95807fd80354
2026-04-06 10:21:30|qwen|web_search_no_think|2|JSON_SAVED||3369|6c9d2cef-dd99-45f9-8b9f-95807fd80354
2026-04-06 10:21:30|qwen|web_search_no_think|2|QUESTION_ADVANCE||3370|6a1709db-2ece-4367-8216-7570602a8c26
2026-04-06 10:21:44|qwen|web_search_no_think|4|JSON_VERIFIED||3482|b79caada-257e-440c-83eb-c3e504fd532c
2026-04-06 10:21:44|qwen|web_search_no_think|4|QUESTION|34|3482|b79caada-257e-440c-83eb-c3e504fd532c
2026-04-06 10:21:44|qwen|web_search_no_think|4|JSON_SAVED||3482|b79caada-257e-440c-83eb-c3e504fd532c
2026-04-06 10:21:44|qwen|web_search_no_think|4|QUESTION_ADVANCE||3483|24514266-c6b4-4f43-9feb-2e5430ec2afc
2026-04-06 10:21:45|qwen|web_search_no_think|5|QUESTION_SENT||3519|4ce88a9a-79d0-4f03-a473-bfa2b4c2a6e7
2026-04-06 10:21:48|qwen|web_search_no_think|0|QUESTION_SENT||3265|67df9666-02bc-47db-a0ad-fed3f54bd9e7
2026-04-06 10:21:58|qwen|web_search_no_think|2|QUESTION_SENT||3370|6a1709db-2ece-4367-8216-7570602a8c26
2026-04-06 10:22:17|qwen|web_search_no_think|4|QUESTION_SENT||3483|24514266-c6b4-4f43-9feb-2e5430ec2afc
2026-04-06 10:22:47|qwen|web_search_no_think|5|JSON_VERIFIED||3519|4ce88a9a-79d0-4f03-a473-bfa2b4c2a6e7
2026-04-06 10:22:47|qwen|web_search_no_think|5|QUESTION|21|3519|4ce88a9a-79d0-4f03-a473-bfa2b4c2a6e7
2026-04-06 10:22:47|qwen|web_search_no_think|5|JSON_SAVED||3519|4ce88a9a-79d0-4f03-a473-bfa2b4c2a6e7
2026-04-06 10:22:47|qwen|web_search_no_think|5|QUESTION_ADVANCE||3520|f8f650f4-9566-4d92-a0e7-2a23d1de716e
2026-04-06 10:22:51|qwen|web_search_no_think|3|JSON_VERIFIED||3416|67b536dc-a67f-474f-a4ec-7068c47473be
2026-04-06 10:22:51|qwen|web_search_no_think|3|QUESTION|21|3416|67b536dc-a67f-474f-a4ec-7068c47473be
2026-04-06 10:22:51|qwen|web_search_no_think|3|JSON_SAVED||3416|67b536dc-a67f-474f-a4ec-7068c47473be
2026-04-06 10:22:51|qwen|web_search_no_think|3|QUESTION_ADVANCE||3417|be65f8ef-dfe2-4361-8617-57c2fc9fc80c
2026-04-06 10:23:00|qwen|web_search_no_think|1|JSON_VERIFIED||3319|5767b606-2b09-4846-b16b-5eb96c9e14d8
2026-04-06 10:23:00|qwen|web_search_no_think|1|QUESTION|21|3319|5767b606-2b09-4846-b16b-5eb96c9e14d8
2026-04-06 10:23:00|qwen|web_search_no_think|1|JSON_SAVED||3319|5767b606-2b09-4846-b16b-5eb96c9e14d8
2026-04-06 10:23:00|qwen|web_search_no_think|1|QUESTION_ADVANCE||3320|4536dd74-6aad-4a29-803e-114e1d53b761
2026-04-06 10:23:14|qwen|web_search_no_think|5|QUESTION_SENT||3520|f8f650f4-9566-4d92-a0e7-2a23d1de716e
2026-04-06 10:23:18|qwen|web_search_no_think|3|QUESTION_SENT||3417|be65f8ef-dfe2-4361-8617-57c2fc9fc80c
2026-04-06 10:23:27|qwen|web_search_no_think|1|QUESTION_SENT||3320|4536dd74-6aad-4a29-803e-114e1d53b761
2026-04-06 10:24:01|qwen|web_search_no_think|0|JSON_VERIFIED||3265|67df9666-02bc-47db-a0ad-fed3f54bd9e7
2026-04-06 10:24:01|qwen|web_search_no_think|0|QUESTION|18|3265|67df9666-02bc-47db-a0ad-fed3f54bd9e7
2026-04-06 10:24:01|qwen|web_search_no_think|0|JSON_SAVED||3265|67df9666-02bc-47db-a0ad-fed3f54bd9e7
2026-04-06 10:24:01|qwen|web_search_no_think|0|QUESTION_ADVANCE||3266|d7641e78-8106-4462-b3af-ba4174c7f135
2026-04-06 10:24:29|qwen|web_search_no_think|0|QUESTION_SENT||3266|d7641e78-8106-4462-b3af-ba4174c7f135
2026-04-06 10:24:43|qwen|web_search_no_think|2|JSON_VERIFIED||3370|6a1709db-2ece-4367-8216-7570602a8c26
2026-04-06 10:24:43|qwen|web_search_no_think|2|QUESTION|22|3370|6a1709db-2ece-4367-8216-7570602a8c26
2026-04-06 10:24:43|qwen|web_search_no_think|2|JSON_SAVED||3370|6a1709db-2ece-4367-8216-7570602a8c26
2026-04-06 10:24:43|qwen|web_search_no_think|2|QUESTION_ADVANCE||3371|708f92f0-114d-4170-8e63-4f31fafc678e
2026-04-06 10:25:12|qwen|web_search_no_think|2|QUESTION_SENT||3371|708f92f0-114d-4170-8e63-4f31fafc678e
2026-04-06 10:25:16|qwen|web_search_no_think|4|JSON_VERIFIED||3483|24514266-c6b4-4f43-9feb-2e5430ec2afc
2026-04-06 10:25:16|qwen|web_search_no_think|4|QUESTION|35|3483|24514266-c6b4-4f43-9feb-2e5430ec2afc
2026-04-06 10:25:16|qwen|web_search_no_think|4|JSON_SAVED||3483|24514266-c6b4-4f43-9feb-2e5430ec2afc
2026-04-06 10:25:16|qwen|web_search_no_think|4|QUESTION_ADVANCE||3484|32c4018c-e45b-425c-9ceb-9df867b39c00
2026-04-06 10:25:40|qwen|web_search_no_think|5|JSON_VERIFIED||3520|f8f650f4-9566-4d92-a0e7-2a23d1de716e
2026-04-06 10:25:40|qwen|web_search_no_think|5|QUESTION|22|3520|f8f650f4-9566-4d92-a0e7-2a23d1de716e
2026-04-06 10:25:40|qwen|web_search_no_think|5|JSON_SAVED||3520|f8f650f4-9566-4d92-a0e7-2a23d1de716e
2026-04-06 10:25:40|qwen|web_search_no_think|5|QUESTION_ADVANCE||3521|fbb701cc-5329-43bf-8a96-a9f67dbec412
2026-04-06 10:25:43|qwen|web_search_no_think|3|JSON_VERIFIED||3417|be65f8ef-dfe2-4361-8617-57c2fc9fc80c
2026-04-06 10:25:43|qwen|web_search_no_think|3|QUESTION|22|3417|be65f8ef-dfe2-4361-8617-57c2fc9fc80c
2026-04-06 10:25:43|qwen|web_search_no_think|3|JSON_SAVED||3417|be65f8ef-dfe2-4361-8617-57c2fc9fc80c
2026-04-06 10:25:43|qwen|web_search_no_think|3|QUESTION_ADVANCE||3418|f3f896b1-072e-44af-8138-7941c95e8610
2026-04-06 10:25:46|qwen|web_search_no_think|2|QUESTION_SENT||3371|708f92f0-114d-4170-8e63-4f31fafc678e
2026-04-06 10:25:49|qwen|web_search_no_think|4|QUESTION_SENT||3484|32c4018c-e45b-425c-9ceb-9df867b39c00
2026-04-06 10:26:09|qwen|web_search_no_think|5|QUESTION_SENT||3521|fbb701cc-5329-43bf-8a96-a9f67dbec412
2026-04-06 10:26:13|qwen|web_search_no_think|3|QUESTION_SENT||3418|f3f896b1-072e-44af-8138-7941c95e8610
2026-04-06 10:26:22|qwen|web_search_no_think|0|JSON_VERIFIED||3266|d7641e78-8106-4462-b3af-ba4174c7f135
2026-04-06 10:26:22|qwen|web_search_no_think|0|QUESTION|19|3266|d7641e78-8106-4462-b3af-ba4174c7f135
2026-04-06 10:26:22|qwen|web_search_no_think|0|JSON_SAVED||3266|d7641e78-8106-4462-b3af-ba4174c7f135
2026-04-06 10:26:22|qwen|web_search_no_think|0|QUESTION_ADVANCE||3267|16608a68-ec2c-47f2-b61e-c23168c65a7d
2026-04-06 10:26:50|qwen|web_search_no_think|0|QUESTION_SENT||3267|16608a68-ec2c-47f2-b61e-c23168c65a7d
2026-04-06 10:26:55|qwen|web_search_no_think|4|JSON_VERIFIED||3484|32c4018c-e45b-425c-9ceb-9df867b39c00
2026-04-06 10:26:55|qwen|web_search_no_think|4|QUESTION|36|3484|32c4018c-e45b-425c-9ceb-9df867b39c00
2026-04-06 10:26:55|qwen|web_search_no_think|4|JSON_SAVED||3484|32c4018c-e45b-425c-9ceb-9df867b39c00
2026-04-06 10:26:55|qwen|web_search_no_think|4|QUESTION_ADVANCE||3485|89416f88-7a49-4931-abf4-d6f66bed082d
2026-04-06 10:27:25|qwen|web_search_no_think|4|QUESTION_SENT||3485|89416f88-7a49-4931-abf4-d6f66bed082d
2026-04-06 10:27:42|qwen|web_search_no_think|3|JSON_VERIFIED||3418|f3f896b1-072e-44af-8138-7941c95e8610
2026-04-06 10:27:42|qwen|web_search_no_think|3|QUESTION|23|3418|f3f896b1-072e-44af-8138-7941c95e8610
2026-04-06 10:27:42|qwen|web_search_no_think|3|JSON_SAVED||3418|f3f896b1-072e-44af-8138-7941c95e8610
2026-04-06 10:27:42|qwen|web_search_no_think|3|QUESTION_ADVANCE||3419|17eda86c-8722-4a9e-824a-1d28cc6693c5
2026-04-06 10:28:09|qwen|web_search_no_think|2|JSON_VERIFIED||3371|708f92f0-114d-4170-8e63-4f31fafc678e
2026-04-06 10:28:10|qwen|web_search_no_think|2|QUESTION|23|3371|708f92f0-114d-4170-8e63-4f31fafc678e
2026-04-06 10:28:10|qwen|web_search_no_think|2|JSON_SAVED||3371|708f92f0-114d-4170-8e63-4f31fafc678e
2026-04-06 10:28:10|qwen|web_search_no_think|2|QUESTION_ADVANCE||3372|5719e4c2-d90c-40e0-9836-3508f1be3a8a
2026-04-06 10:28:11|qwen|web_search_no_think|5|JSON_VERIFIED||3521|fbb701cc-5329-43bf-8a96-a9f67dbec412
2026-04-06 10:28:11|qwen|web_search_no_think|5|QUESTION|23|3521|fbb701cc-5329-43bf-8a96-a9f67dbec412
2026-04-06 10:28:11|qwen|web_search_no_think|5|JSON_SAVED||3521|fbb701cc-5329-43bf-8a96-a9f67dbec412
2026-04-06 10:28:11|qwen|web_search_no_think|5|QUESTION_ADVANCE||3522|f46c3434-fe26-4fe7-859e-f5e690da6356
2026-04-06 10:28:13|qwen|web_search_no_think|3|QUESTION_SENT||3419|17eda86c-8722-4a9e-824a-1d28cc6693c5
2026-04-06 10:28:17|qwen|web_search_no_think|1|QUESTION_SENT||3320|4536dd74-6aad-4a29-803e-114e1d53b761
2026-04-06 10:28:37|qwen|web_search_no_think|2|QUESTION_SENT||3372|5719e4c2-d90c-40e0-9836-3508f1be3a8a
2026-04-06 10:28:39|qwen|web_search_no_think|5|QUESTION_SENT||3522|f46c3434-fe26-4fe7-859e-f5e690da6356
2026-04-06 10:29:32|qwen|web_search_no_think|3|JSON_VERIFIED||3419|17eda86c-8722-4a9e-824a-1d28cc6693c5
2026-04-06 10:29:32|qwen|web_search_no_think|3|QUESTION|24|3419|17eda86c-8722-4a9e-824a-1d28cc6693c5
2026-04-06 10:29:32|qwen|web_search_no_think|3|JSON_SAVED||3419|17eda86c-8722-4a9e-824a-1d28cc6693c5
2026-04-06 10:29:32|qwen|web_search_no_think|3|QUESTION_ADVANCE||3420|7ae6e7c0-e0a0-41df-ae11-85e3b7b9d3ba
2026-04-06 10:30:00|qwen|web_search_no_think|3|QUESTION_SENT||3420|7ae6e7c0-e0a0-41df-ae11-85e3b7b9d3ba
2026-04-06 10:30:16|qwen|web_search_no_think|0|JSON_VERIFIED||3267|16608a68-ec2c-47f2-b61e-c23168c65a7d
2026-04-06 10:30:16|qwen|web_search_no_think|0|QUESTION|20|3267|16608a68-ec2c-47f2-b61e-c23168c65a7d
2026-04-06 10:30:16|qwen|web_search_no_think|0|JSON_SAVED||3267|16608a68-ec2c-47f2-b61e-c23168c65a7d
2026-04-06 10:30:16|qwen|web_search_no_think|0|QUESTION_ADVANCE||3268|b5b03419-f5e5-4106-b952-34efedba153a
2026-04-06 10:30:32|qwen|web_search_no_think|1|JSON_VERIFIED||3320|4536dd74-6aad-4a29-803e-114e1d53b761
2026-04-06 10:30:32|qwen|web_search_no_think|1|QUESTION|22|3320|4536dd74-6aad-4a29-803e-114e1d53b761
2026-04-06 10:30:32|qwen|web_search_no_think|1|JSON_SAVED||3320|4536dd74-6aad-4a29-803e-114e1d53b761
2026-04-06 10:30:32|qwen|web_search_no_think|1|QUESTION_ADVANCE||3321|44538aa9-0ae5-4e75-80f3-214e4dbe2e17
2026-04-06 10:30:43|qwen|web_search_no_think|0|QUESTION_SENT||3268|b5b03419-f5e5-4106-b952-34efedba153a
2026-04-06 10:31:00|qwen|web_search_no_think|1|QUESTION_SENT||3321|44538aa9-0ae5-4e75-80f3-214e4dbe2e17
2026-04-06 10:31:44|qwen|web_search_no_think|2|JSON_VERIFIED||3372|5719e4c2-d90c-40e0-9836-3508f1be3a8a
2026-04-06 10:31:44|qwen|web_search_no_think|2|QUESTION|24|3372|5719e4c2-d90c-40e0-9836-3508f1be3a8a
2026-04-06 10:31:44|qwen|web_search_no_think|2|JSON_SAVED||3372|5719e4c2-d90c-40e0-9836-3508f1be3a8a
2026-04-06 10:31:44|qwen|web_search_no_think|2|QUESTION_ADVANCE||3373|fee2b60d-ba59-46f9-a633-b70a3f5e5737
2026-04-06 10:31:45|qwen|web_search_no_think|3|JSON_VERIFIED||3420|7ae6e7c0-e0a0-41df-ae11-85e3b7b9d3ba
2026-04-06 10:31:45|qwen|web_search_no_think|3|QUESTION|25|3420|7ae6e7c0-e0a0-41df-ae11-85e3b7b9d3ba
2026-04-06 10:31:45|qwen|web_search_no_think|3|JSON_SAVED||3420|7ae6e7c0-e0a0-41df-ae11-85e3b7b9d3ba
2026-04-06 10:31:45|qwen|web_search_no_think|3|QUESTION_ADVANCE||3421|fcd9e36d-b87f-479b-8c3b-20c5dfcf8864
2026-04-06 10:32:06|qwen|web_search_no_think|4|QUESTION_SENT||3485|89416f88-7a49-4931-abf4-d6f66bed082d
2026-04-06 10:32:12|qwen|web_search_no_think|3|QUESTION_SENT||3421|fcd9e36d-b87f-479b-8c3b-20c5dfcf8864
2026-04-06 10:32:17|qwen|web_search_no_think|2|QUESTION_SENT||3373|fee2b60d-ba59-46f9-a633-b70a3f5e5737
2026-04-06 10:33:12|qwen|web_search_no_think|2|JSON_VERIFIED||3373|fee2b60d-ba59-46f9-a633-b70a3f5e5737
2026-04-06 10:33:12|qwen|web_search_no_think|2|QUESTION|25|3373|fee2b60d-ba59-46f9-a633-b70a3f5e5737
2026-04-06 10:33:12|qwen|web_search_no_think|2|JSON_SAVED||3373|fee2b60d-ba59-46f9-a633-b70a3f5e5737
2026-04-06 10:33:12|qwen|web_search_no_think|2|QUESTION_ADVANCE||3374|1273a106-ae21-4bd6-86f2-9c263949a626
2026-04-06 10:33:21|qwen|web_search_no_think|5|JSON_VERIFIED||3522|f46c3434-fe26-4fe7-859e-f5e690da6356
2026-04-06 10:33:21|qwen|web_search_no_think|5|QUESTION|24|3522|f46c3434-fe26-4fe7-859e-f5e690da6356
2026-04-06 10:33:21|qwen|web_search_no_think|5|JSON_SAVED||3522|f46c3434-fe26-4fe7-859e-f5e690da6356
2026-04-06 10:33:21|qwen|web_search_no_think|5|QUESTION_ADVANCE||3523|05f872bc-8113-4114-9874-8ecc66b87a93
2026-04-06 10:33:40|qwen|web_search_no_think|2|QUESTION_SENT||3374|1273a106-ae21-4bd6-86f2-9c263949a626
2026-04-06 10:33:49|qwen|web_search_no_think|5|QUESTION_SENT||3523|05f872bc-8113-4114-9874-8ecc66b87a93
2026-04-06 10:34:11|qwen|web_search_no_think|4|JSON_VERIFIED||3485|89416f88-7a49-4931-abf4-d6f66bed082d
2026-04-06 10:34:11|qwen|web_search_no_think|4|QUESTION|37|3485|89416f88-7a49-4931-abf4-d6f66bed082d
2026-04-06 10:34:11|qwen|web_search_no_think|4|JSON_SAVED||3485|89416f88-7a49-4931-abf4-d6f66bed082d
2026-04-06 10:34:11|qwen|web_search_no_think|4|QUESTION_ADVANCE||3486|9fb8684b-f814-4c19-8ab4-89ebb6ebb73c
2026-04-06 10:34:15|qwen|web_search_no_think|3|JSON_VERIFIED||3421|fcd9e36d-b87f-479b-8c3b-20c5dfcf8864
2026-04-06 10:34:15|qwen|web_search_no_think|3|QUESTION|26|3421|fcd9e36d-b87f-479b-8c3b-20c5dfcf8864
2026-04-06 10:34:15|qwen|web_search_no_think|3|JSON_SAVED||3421|fcd9e36d-b87f-479b-8c3b-20c5dfcf8864
2026-04-06 10:34:15|qwen|web_search_no_think|3|QUESTION_ADVANCE||3422|b0f522e6-9fae-43af-af18-ccb701cc14de
2026-04-06 10:34:18|qwen|web_search_no_think|1|JSON_VERIFIED||3321|44538aa9-0ae5-4e75-80f3-214e4dbe2e17
2026-04-06 10:34:18|qwen|web_search_no_think|1|QUESTION|23|3321|44538aa9-0ae5-4e75-80f3-214e4dbe2e17
2026-04-06 10:34:18|qwen|web_search_no_think|1|JSON_SAVED||3321|44538aa9-0ae5-4e75-80f3-214e4dbe2e17
2026-04-06 10:34:18|qwen|web_search_no_think|1|QUESTION_ADVANCE||3322|57125913-5481-4d09-82ee-fb881ce5d23f
2026-04-06 10:34:42|qwen|web_search_no_think|4|QUESTION_SENT||3486|9fb8684b-f814-4c19-8ab4-89ebb6ebb73c
2026-04-06 10:34:44|qwen|web_search_no_think|3|QUESTION_SENT||3422|b0f522e6-9fae-43af-af18-ccb701cc14de
2026-04-06 10:34:46|qwen|web_search_no_think|1|QUESTION_SENT||3322|57125913-5481-4d09-82ee-fb881ce5d23f
2026-04-06 10:35:01|qwen|web_search_no_think|5|JSON_VERIFIED||3523|05f872bc-8113-4114-9874-8ecc66b87a93
2026-04-06 10:35:01|qwen|web_search_no_think|5|QUESTION|25|3523|05f872bc-8113-4114-9874-8ecc66b87a93
2026-04-06 10:35:01|qwen|web_search_no_think|5|JSON_SAVED||3523|05f872bc-8113-4114-9874-8ecc66b87a93
2026-04-06 10:35:01|qwen|web_search_no_think|5|QUESTION_ADVANCE||3524|1db664ea-241b-46f2-ae8a-e6a2e3f3f2bb
2026-04-06 10:35:21|qwen|web_search_no_think|4|QUESTION_SENT||3486|9fb8684b-f814-4c19-8ab4-89ebb6ebb73c
2026-04-06 10:35:22|qwen|web_search_no_think|1|QUESTION_SENT||3322|57125913-5481-4d09-82ee-fb881ce5d23f
2026-04-06 10:35:25|qwen|web_search_no_think|0|QUESTION_SENT||3268|b5b03419-f5e5-4106-b952-34efedba153a
2026-04-06 10:35:35|qwen|web_search_no_think|5|QUESTION_SENT||3524|1db664ea-241b-46f2-ae8a-e6a2e3f3f2bb
2026-04-06 10:35:43|qwen|web_search_no_think|2|JSON_VERIFIED||3374|1273a106-ae21-4bd6-86f2-9c263949a626
2026-04-06 10:35:43|qwen|web_search_no_think|2|QUESTION|26|3374|1273a106-ae21-4bd6-86f2-9c263949a626
2026-04-06 10:35:43|qwen|web_search_no_think|2|JSON_SAVED||3374|1273a106-ae21-4bd6-86f2-9c263949a626
2026-04-06 10:35:43|qwen|web_search_no_think|2|QUESTION_ADVANCE||3375|6db65197-0036-4597-8ab9-0427f3b0e39b
2026-04-06 10:35:56|qwen|web_search_no_think|0|QUESTION_SENT||3268|b5b03419-f5e5-4106-b952-34efedba153a
2026-04-06 10:36:13|qwen|web_search_no_think|3|JSON_VERIFIED||3422|b0f522e6-9fae-43af-af18-ccb701cc14de
2026-04-06 10:36:13|qwen|web_search_no_think|3|QUESTION|27|3422|b0f522e6-9fae-43af-af18-ccb701cc14de
2026-04-06 10:36:13|qwen|web_search_no_think|3|JSON_SAVED||3422|b0f522e6-9fae-43af-af18-ccb701cc14de
2026-04-06 10:36:13|qwen|web_search_no_think|3|QUESTION_ADVANCE||3423|c7fecebd-29c6-4d27-9cdc-df6ab0334586
2026-04-06 10:36:13|qwen|web_search_no_think|2|QUESTION_SENT||3375|6db65197-0036-4597-8ab9-0427f3b0e39b
2026-04-06 10:36:26|qwen|web_search_no_think|4|JSON_VERIFIED||3486|9fb8684b-f814-4c19-8ab4-89ebb6ebb73c
2026-04-06 10:36:26|qwen|web_search_no_think|4|QUESTION|38|3486|9fb8684b-f814-4c19-8ab4-89ebb6ebb73c
2026-04-06 10:36:26|qwen|web_search_no_think|4|JSON_SAVED||3486|9fb8684b-f814-4c19-8ab4-89ebb6ebb73c
2026-04-06 10:36:26|qwen|web_search_no_think|4|QUESTION_ADVANCE||3487|d707e498-5b66-48e8-baee-0a9ea1f32f8f
2026-04-06 10:36:41|qwen|web_search_no_think|3|QUESTION_SENT||3423|c7fecebd-29c6-4d27-9cdc-df6ab0334586
2026-04-06 10:36:42|qwen|web_search_no_think|2|JSON_VERIFY_FAILED||3375|6db65197-0036-4597-8ab9-0427f3b0e39b
2026-04-06 10:36:42|qwen|web_search_no_think|2|QUESTION|27|3375|6db65197-0036-4597-8ab9-0427f3b0e39b
2026-04-06 10:36:55|qwen|web_search_no_think|4|QUESTION_SENT||3487|d707e498-5b66-48e8-baee-0a9ea1f32f8f
2026-04-06 10:37:08|qwen|web_search_no_think|0|JSON_VERIFIED||3268|b5b03419-f5e5-4106-b952-34efedba153a
2026-04-06 10:37:08|qwen|web_search_no_think|0|QUESTION|21|3268|b5b03419-f5e5-4106-b952-34efedba153a
2026-04-06 10:37:08|qwen|web_search_no_think|0|JSON_SAVED||3268|b5b03419-f5e5-4106-b952-34efedba153a
2026-04-06 10:37:08|qwen|web_search_no_think|0|QUESTION_ADVANCE||3269|a109d464-2a5e-49ea-9e04-968314c51882
2026-04-06 10:37:12|qwen|web_search_no_think|2|QUESTION_SENT||3375|6db65197-0036-4597-8ab9-0427f3b0e39b
2026-04-06 10:37:27|qwen|web_search_no_think|1|JSON_VERIFIED||3322|57125913-5481-4d09-82ee-fb881ce5d23f
2026-04-06 10:37:27|qwen|web_search_no_think|1|QUESTION|24|3322|57125913-5481-4d09-82ee-fb881ce5d23f
2026-04-06 10:37:27|qwen|web_search_no_think|1|JSON_SAVED||3322|57125913-5481-4d09-82ee-fb881ce5d23f
2026-04-06 10:37:27|qwen|web_search_no_think|1|QUESTION_ADVANCE||3323|fea5b95d-fbba-4179-934a-a261570bab49
2026-04-06 10:37:37|qwen|web_search_no_think|0|QUESTION_SENT||3269|a109d464-2a5e-49ea-9e04-968314c51882
2026-04-06 10:37:48|qwen|web_search_no_think|5|JSON_VERIFIED||3524|1db664ea-241b-46f2-ae8a-e6a2e3f3f2bb
2026-04-06 10:37:48|qwen|web_search_no_think|5|QUESTION|26|3524|1db664ea-241b-46f2-ae8a-e6a2e3f3f2bb
2026-04-06 10:37:48|qwen|web_search_no_think|5|JSON_SAVED||3524|1db664ea-241b-46f2-ae8a-e6a2e3f3f2bb
2026-04-06 10:37:48|qwen|web_search_no_think|5|QUESTION_ADVANCE||3525|3734fbb7-9d23-47fd-8d53-9d8dcc1964a7
2026-04-06 10:37:56|qwen|web_search_no_think|1|QUESTION_SENT||3323|fea5b95d-fbba-4179-934a-a261570bab49
2026-04-06 10:38:04|qwen|web_search_no_think|4|JSON_VERIFIED||3487|d707e498-5b66-48e8-baee-0a9ea1f32f8f
2026-04-06 10:38:04|qwen|web_search_no_think|4|QUESTION|39|3487|d707e498-5b66-48e8-baee-0a9ea1f32f8f
2026-04-06 10:38:04|qwen|web_search_no_think|4|JSON_SAVED||3487|d707e498-5b66-48e8-baee-0a9ea1f32f8f
2026-04-06 10:38:04|qwen|web_search_no_think|4|QUESTION_ADVANCE||3488|6af512ee-7561-4cc9-ab20-5d669ef4e43e
2026-04-06 10:38:19|qwen|web_search_no_think|5|QUESTION_SENT||3525|3734fbb7-9d23-47fd-8d53-9d8dcc1964a7
2026-04-06 10:38:20|qwen|web_search_no_think|0|JSON_VERIFY_FAILED||3269|a109d464-2a5e-49ea-9e04-968314c51882
2026-04-06 10:38:20|qwen|web_search_no_think|0|QUESTION|22|3269|a109d464-2a5e-49ea-9e04-968314c51882
2026-04-06 10:38:34|qwen|web_search_no_think|4|QUESTION_SENT||3488|6af512ee-7561-4cc9-ab20-5d669ef4e43e
2026-04-06 10:38:48|qwen|web_search_no_think|0|QUESTION_SENT||3269|a109d464-2a5e-49ea-9e04-968314c51882
2026-04-06 10:39:02|qwen|web_search_no_think|1|JSON_VERIFIED||3323|fea5b95d-fbba-4179-934a-a261570bab49
2026-04-06 10:39:02|qwen|web_search_no_think|1|QUESTION|25|3323|fea5b95d-fbba-4179-934a-a261570bab49
2026-04-06 10:39:02|qwen|web_search_no_think|1|JSON_SAVED||3323|fea5b95d-fbba-4179-934a-a261570bab49
2026-04-06 10:39:02|qwen|web_search_no_think|1|QUESTION_ADVANCE||3324|fe62ebd6-9cf8-47b8-82d4-a8ed109de30f
2026-04-06 10:39:30|qwen|web_search_no_think|1|QUESTION_SENT||3324|fe62ebd6-9cf8-47b8-82d4-a8ed109de30f
2026-04-06 10:39:37|qwen|web_search_no_think|3|JSON_VERIFIED||3423|c7fecebd-29c6-4d27-9cdc-df6ab0334586
2026-04-06 10:39:37|qwen|web_search_no_think|3|QUESTION|28|3423|c7fecebd-29c6-4d27-9cdc-df6ab0334586
2026-04-06 10:39:37|qwen|web_search_no_think|3|JSON_SAVED||3423|c7fecebd-29c6-4d27-9cdc-df6ab0334586
2026-04-06 10:39:37|qwen|web_search_no_think|3|QUESTION_ADVANCE||3424|293715f7-286e-409e-8619-e1f647809360
2026-04-06 10:39:47|qwen|web_search_no_think|2|JSON_VERIFIED||3375|6db65197-0036-4597-8ab9-0427f3b0e39b
2026-04-06 10:39:47|qwen|web_search_no_think|2|QUESTION|28|3375|6db65197-0036-4597-8ab9-0427f3b0e39b
2026-04-06 10:39:47|qwen|web_search_no_think|2|JSON_SAVED||3375|6db65197-0036-4597-8ab9-0427f3b0e39b
2026-04-06 10:39:47|qwen|web_search_no_think|2|QUESTION_ADVANCE||3376|68224554-937a-4873-a22f-874f7d63b0ad
2026-04-06 10:40:04|qwen|web_search_no_think|5|JSON_VERIFIED||3525|3734fbb7-9d23-47fd-8d53-9d8dcc1964a7
2026-04-06 10:40:04|qwen|web_search_no_think|5|QUESTION|27|3525|3734fbb7-9d23-47fd-8d53-9d8dcc1964a7
2026-04-06 10:40:04|qwen|web_search_no_think|5|JSON_SAVED||3525|3734fbb7-9d23-47fd-8d53-9d8dcc1964a7
2026-04-06 10:40:04|qwen|web_search_no_think|5|QUESTION_ADVANCE||3526|e296b7ea-686d-4e2b-8c25-31d3a191e026
2026-04-06 10:40:06|qwen|web_search_no_think|3|QUESTION_SENT||3424|293715f7-286e-409e-8619-e1f647809360
2026-04-06 10:40:15|qwen|web_search_no_think|2|QUESTION_SENT||3376|68224554-937a-4873-a22f-874f7d63b0ad
2026-04-06 10:40:32|qwen|web_search_no_think|5|QUESTION_SENT||3526|e296b7ea-686d-4e2b-8c25-31d3a191e026
2026-04-06 10:41:24|qwen|web_search_no_think|3|JSON_VERIFIED||3424|293715f7-286e-409e-8619-e1f647809360
2026-04-06 10:41:24|qwen|web_search_no_think|3|QUESTION|29|3424|293715f7-286e-409e-8619-e1f647809360
2026-04-06 10:41:24|qwen|web_search_no_think|3|JSON_SAVED||3424|293715f7-286e-409e-8619-e1f647809360
2026-04-06 10:41:24|qwen|web_search_no_think|3|QUESTION_ADVANCE||3425|7f02b38b-15c0-4058-ba8e-d86bf582d634
2026-04-06 10:41:28|qwen|web_search_no_think|2|JSON_VERIFIED||3376|68224554-937a-4873-a22f-874f7d63b0ad
2026-04-06 10:41:28|qwen|web_search_no_think|2|QUESTION|29|3376|68224554-937a-4873-a22f-874f7d63b0ad
2026-04-06 10:41:28|qwen|web_search_no_think|2|JSON_SAVED||3376|68224554-937a-4873-a22f-874f7d63b0ad
2026-04-06 10:41:28|qwen|web_search_no_think|2|QUESTION_ADVANCE||3377|b4465ff9-63e3-48a8-ad0c-01682e280714
2026-04-06 10:41:36|qwen|web_search_no_think|0|JSON_VERIFIED||3269|a109d464-2a5e-49ea-9e04-968314c51882
2026-04-06 10:41:36|qwen|web_search_no_think|0|QUESTION|23|3269|a109d464-2a5e-49ea-9e04-968314c51882
2026-04-06 10:41:36|qwen|web_search_no_think|0|JSON_SAVED||3269|a109d464-2a5e-49ea-9e04-968314c51882
2026-04-06 10:41:36|qwen|web_search_no_think|0|QUESTION_ADVANCE||3270|80cb5f76-039b-4549-9168-6ea1c5e405ab
2026-04-06 10:41:37|qwen|web_search_no_think|4|JSON_VERIFIED||3488|6af512ee-7561-4cc9-ab20-5d669ef4e43e
2026-04-06 10:41:37|qwen|web_search_no_think|4|QUESTION|40|3488|6af512ee-7561-4cc9-ab20-5d669ef4e43e
2026-04-06 10:41:37|qwen|web_search_no_think|4|JSON_SAVED||3488|6af512ee-7561-4cc9-ab20-5d669ef4e43e
2026-04-06 10:41:37|qwen|web_search_no_think|4|QUESTION_ADVANCE||3489|4e563201-0b29-42fa-ae58-813de790d5b8
2026-04-06 10:41:40|qwen|web_search_no_think|5|JSON_VERIFIED||3526|e296b7ea-686d-4e2b-8c25-31d3a191e026
2026-04-06 10:41:40|qwen|web_search_no_think|5|QUESTION|28|3526|e296b7ea-686d-4e2b-8c25-31d3a191e026
2026-04-06 10:41:40|qwen|web_search_no_think|5|JSON_SAVED||3526|e296b7ea-686d-4e2b-8c25-31d3a191e026
2026-04-06 10:41:40|qwen|web_search_no_think|5|QUESTION_ADVANCE||3527|4636b086-a8bf-4489-b2a3-477785582d2e
2026-04-06 10:41:53|qwen|web_search_no_think|3|QUESTION_SENT||3425|7f02b38b-15c0-4058-ba8e-d86bf582d634
2026-04-06 10:42:01|qwen|web_search_no_think|2|QUESTION_SENT||3377|b4465ff9-63e3-48a8-ad0c-01682e280714
2026-04-06 10:42:05|qwen|web_search_no_think|1|JSON_VERIFIED||3324|fe62ebd6-9cf8-47b8-82d4-a8ed109de30f
2026-04-06 10:42:05|qwen|web_search_no_think|1|QUESTION|26|3324|fe62ebd6-9cf8-47b8-82d4-a8ed109de30f
2026-04-06 10:42:05|qwen|web_search_no_think|1|JSON_SAVED||3324|fe62ebd6-9cf8-47b8-82d4-a8ed109de30f
2026-04-06 10:42:05|qwen|web_search_no_think|1|QUESTION_ADVANCE||3325|60d6b993-bcd9-43df-8d9d-917a90a29e9d
2026-04-06 10:42:10|qwen|web_search_no_think|4|QUESTION_SENT||3489|4e563201-0b29-42fa-ae58-813de790d5b8
2026-04-06 10:42:11|qwen|web_search_no_think|5|QUESTION_SENT||3527|4636b086-a8bf-4489-b2a3-477785582d2e
2026-04-06 10:42:18|qwen|web_search_no_think|0|QUESTION_SENT||3270|80cb5f76-039b-4549-9168-6ea1c5e405ab
2026-04-06 10:42:51|qwen|web_search_no_think|5|QUESTION_SENT||3527|4636b086-a8bf-4489-b2a3-477785582d2e
2026-04-06 10:42:52|qwen|web_search_no_think|1|QUESTION_SENT||3325|60d6b993-bcd9-43df-8d9d-917a90a29e9d
2026-04-06 10:42:53|qwen|web_search_no_think|0|QUESTION_SENT||3270|80cb5f76-039b-4549-9168-6ea1c5e405ab
2026-04-06 10:44:28|qwen|web_search_no_think|5|JSON_VERIFIED||3527|4636b086-a8bf-4489-b2a3-477785582d2e
2026-04-06 10:44:28|qwen|web_search_no_think|5|QUESTION|29|3527|4636b086-a8bf-4489-b2a3-477785582d2e
2026-04-06 10:44:28|qwen|web_search_no_think|5|JSON_SAVED||3527|4636b086-a8bf-4489-b2a3-477785582d2e
2026-04-06 10:44:28|qwen|web_search_no_think|5|QUESTION_ADVANCE||3528|fc44c275-ac52-4e4a-917d-ed93c39db97c
2026-04-06 10:44:47|qwen|web_search_no_think|1|JSON_VERIFIED||3325|60d6b993-bcd9-43df-8d9d-917a90a29e9d
2026-04-06 10:44:47|qwen|web_search_no_think|1|QUESTION|27|3325|60d6b993-bcd9-43df-8d9d-917a90a29e9d
2026-04-06 10:44:47|qwen|web_search_no_think|1|JSON_SAVED||3325|60d6b993-bcd9-43df-8d9d-917a90a29e9d
2026-04-06 10:44:47|qwen|web_search_no_think|1|QUESTION_ADVANCE||3326|84c91f98-625f-40fa-a1f8-014c5e25915a
2026-04-06 10:44:48|qwen|web_search_no_think|2|JSON_VERIFIED||3377|b4465ff9-63e3-48a8-ad0c-01682e280714
2026-04-06 10:44:48|qwen|web_search_no_think|2|QUESTION|30|3377|b4465ff9-63e3-48a8-ad0c-01682e280714
2026-04-06 10:44:48|qwen|web_search_no_think|2|JSON_SAVED||3377|b4465ff9-63e3-48a8-ad0c-01682e280714
2026-04-06 10:44:48|qwen|web_search_no_think|2|QUESTION_ADVANCE||3378|2e714ba3-e995-4d47-9f6f-1b1ee54cb8b5
2026-04-06 10:44:52|qwen|web_search_no_think|4|JSON_VERIFIED||3489|4e563201-0b29-42fa-ae58-813de790d5b8
2026-04-06 10:44:52|qwen|web_search_no_think|4|QUESTION|41|3489|4e563201-0b29-42fa-ae58-813de790d5b8
2026-04-06 10:44:52|qwen|web_search_no_think|4|JSON_SAVED||3489|4e563201-0b29-42fa-ae58-813de790d5b8
2026-04-06 10:44:52|qwen|web_search_no_think|4|QUESTION_ADVANCE||3490|79b5372a-0222-4cf2-be1e-64a0498fcabd
2026-04-06 10:44:53|qwen|web_search_no_think|3|JSON_VERIFIED||3425|7f02b38b-15c0-4058-ba8e-d86bf582d634
2026-04-06 10:44:53|qwen|web_search_no_think|3|QUESTION|30|3425|7f02b38b-15c0-4058-ba8e-d86bf582d634
2026-04-06 10:44:53|qwen|web_search_no_think|3|JSON_SAVED||3425|7f02b38b-15c0-4058-ba8e-d86bf582d634
2026-04-06 10:44:53|qwen|web_search_no_think|3|QUESTION_ADVANCE||3426|15372f70-58de-4e5a-a96b-7388c251c9cd
2026-04-06 10:44:58|qwen|web_search_no_think|5|QUESTION_SENT||3528|fc44c275-ac52-4e4a-917d-ed93c39db97c
2026-04-06 10:45:15|qwen|web_search_no_think|1|QUESTION_SENT||3326|84c91f98-625f-40fa-a1f8-014c5e25915a
2026-04-06 10:45:16|qwen|web_search_no_think|2|QUESTION_SENT||3378|2e714ba3-e995-4d47-9f6f-1b1ee54cb8b5
2026-04-06 10:45:23|qwen|web_search_no_think|3|QUESTION_SENT||3426|15372f70-58de-4e5a-a96b-7388c251c9cd
2026-04-06 10:45:23|qwen|web_search_no_think|4|QUESTION_SENT||3490|79b5372a-0222-4cf2-be1e-64a0498fcabd
2026-04-06 10:45:33|qwen|web_search_no_think|0|JSON_VERIFIED||3270|80cb5f76-039b-4549-9168-6ea1c5e405ab
2026-04-06 10:45:33|qwen|web_search_no_think|0|QUESTION|24|3270|80cb5f76-039b-4549-9168-6ea1c5e405ab
2026-04-06 10:45:33|qwen|web_search_no_think|0|JSON_SAVED||3270|80cb5f76-039b-4549-9168-6ea1c5e405ab
2026-04-06 10:45:34|qwen|web_search_no_think|0|QUESTION_ADVANCE||3271|c49b3501-bb3c-4e98-9128-c86db915fd41
2026-04-06 10:46:00|qwen|web_search_no_think|4|JSON_VERIFY_FAILED||3490|79b5372a-0222-4cf2-be1e-64a0498fcabd
2026-04-06 10:46:00|qwen|web_search_no_think|4|QUESTION|42|3490|79b5372a-0222-4cf2-be1e-64a0498fcabd
2026-04-06 10:46:01|qwen|web_search_no_think|0|QUESTION_SENT||3271|c49b3501-bb3c-4e98-9128-c86db915fd41
2026-04-06 10:46:29|qwen|web_search_no_think|4|QUESTION_SENT||3490|79b5372a-0222-4cf2-be1e-64a0498fcabd
2026-04-06 10:46:43|qwen|web_search_no_think|2|JSON_VERIFIED||3378|2e714ba3-e995-4d47-9f6f-1b1ee54cb8b5
2026-04-06 10:46:43|qwen|web_search_no_think|2|QUESTION|31|3378|2e714ba3-e995-4d47-9f6f-1b1ee54cb8b5
2026-04-06 10:46:43|qwen|web_search_no_think|2|JSON_SAVED||3378|2e714ba3-e995-4d47-9f6f-1b1ee54cb8b5
2026-04-06 10:46:43|qwen|web_search_no_think|2|QUESTION_ADVANCE||3379|3d4eaf8c-cda7-48cd-900f-c693b3f3df49
2026-04-06 10:47:06|qwen|web_search_no_think|1|JSON_VERIFIED||3326|84c91f98-625f-40fa-a1f8-014c5e25915a
2026-04-06 10:47:06|qwen|web_search_no_think|1|QUESTION|28|3326|84c91f98-625f-40fa-a1f8-014c5e25915a
2026-04-06 10:47:06|qwen|web_search_no_think|1|JSON_SAVED||3326|84c91f98-625f-40fa-a1f8-014c5e25915a
2026-04-06 10:47:06|qwen|web_search_no_think|1|QUESTION_ADVANCE||3327|e3a4e93a-8685-4606-a0ae-5b0d501c8fff
2026-04-06 10:47:14|qwen|web_search_no_think|2|QUESTION_SENT||3379|3d4eaf8c-cda7-48cd-900f-c693b3f3df49
2026-04-06 10:47:34|qwen|web_search_no_think|1|QUESTION_SENT||3327|e3a4e93a-8685-4606-a0ae-5b0d501c8fff
2026-04-06 10:48:08|qwen|web_search_no_think|3|JSON_VERIFIED||3426|15372f70-58de-4e5a-a96b-7388c251c9cd
2026-04-06 10:48:08|qwen|web_search_no_think|3|QUESTION|31|3426|15372f70-58de-4e5a-a96b-7388c251c9cd
2026-04-06 10:48:08|qwen|web_search_no_think|3|JSON_SAVED||3426|15372f70-58de-4e5a-a96b-7388c251c9cd
2026-04-06 10:48:08|qwen|web_search_no_think|3|QUESTION_ADVANCE||3427|2905b4fc-8f05-4337-b434-5b7a42c59db1
2026-04-06 10:48:34|qwen|web_search_no_think|4|JSON_VERIFIED||3490|79b5372a-0222-4cf2-be1e-64a0498fcabd
2026-04-06 10:48:34|qwen|web_search_no_think|4|QUESTION|43|3490|79b5372a-0222-4cf2-be1e-64a0498fcabd
2026-04-06 10:48:34|qwen|web_search_no_think|4|JSON_SAVED||3490|79b5372a-0222-4cf2-be1e-64a0498fcabd
2026-04-06 10:48:34|qwen|web_search_no_think|4|QUESTION_ADVANCE||3491|2fc7c10a-0775-45c6-9fda-5ffa820ae2b4
2026-04-06 10:48:35|qwen|web_search_no_think|3|QUESTION_SENT||3427|2905b4fc-8f05-4337-b434-5b7a42c59db1
2026-04-06 10:48:49|qwen|web_search_no_think|5|JSON_VERIFIED||3528|fc44c275-ac52-4e4a-917d-ed93c39db97c
2026-04-06 10:48:49|qwen|web_search_no_think|5|QUESTION|30|3528|fc44c275-ac52-4e4a-917d-ed93c39db97c
2026-04-06 10:48:49|qwen|web_search_no_think|5|JSON_SAVED||3528|fc44c275-ac52-4e4a-917d-ed93c39db97c
2026-04-06 10:48:49|qwen|web_search_no_think|5|QUESTION_ADVANCE||3529|f6cd6517-3c02-4c5e-9d79-0560e57bde19
2026-04-06 10:49:01|qwen|web_search_no_think|4|QUESTION_SENT||3491|2fc7c10a-0775-45c6-9fda-5ffa820ae2b4
2026-04-06 10:49:17|qwen|web_search_no_think|5|QUESTION_SENT||3529|f6cd6517-3c02-4c5e-9d79-0560e57bde19
2026-04-06 10:49:35|qwen|web_search_no_think|0|JSON_VERIFIED||3271|c49b3501-bb3c-4e98-9128-c86db915fd41
2026-04-06 10:49:35|qwen|web_search_no_think|0|QUESTION|25|3271|c49b3501-bb3c-4e98-9128-c86db915fd41
2026-04-06 10:49:35|qwen|web_search_no_think|0|JSON_SAVED||3271|c49b3501-bb3c-4e98-9128-c86db915fd41
2026-04-06 10:49:35|qwen|web_search_no_think|0|QUESTION_ADVANCE||3272|0a5d1202-3ab2-44fe-9165-5d92cc9d8662
2026-04-06 10:49:42|qwen|web_search_no_think|2|JSON_VERIFIED||3379|3d4eaf8c-cda7-48cd-900f-c693b3f3df49
2026-04-06 10:49:42|qwen|web_search_no_think|2|QUESTION|32|3379|3d4eaf8c-cda7-48cd-900f-c693b3f3df49
2026-04-06 10:49:42|qwen|web_search_no_think|2|JSON_SAVED||3379|3d4eaf8c-cda7-48cd-900f-c693b3f3df49
2026-04-06 10:49:42|qwen|web_search_no_think|2|QUESTION_ADVANCE||3380|a81a11e1-5f62-45d5-af18-ed89c50ba536
2026-04-06 10:50:16|qwen|web_search_no_think|2|QUESTION_SENT||3380|a81a11e1-5f62-45d5-af18-ed89c50ba536
2026-04-06 10:50:19|qwen|web_search_no_think|0|QUESTION_SENT||3272|0a5d1202-3ab2-44fe-9165-5d92cc9d8662
2026-04-06 10:50:31|qwen|web_search_no_think|1|JSON_VERIFIED||3327|e3a4e93a-8685-4606-a0ae-5b0d501c8fff
2026-04-06 10:50:31|qwen|web_search_no_think|1|QUESTION|29|3327|e3a4e93a-8685-4606-a0ae-5b0d501c8fff
2026-04-06 10:50:31|qwen|web_search_no_think|1|JSON_SAVED||3327|e3a4e93a-8685-4606-a0ae-5b0d501c8fff
2026-04-06 10:50:31|qwen|web_search_no_think|1|QUESTION_ADVANCE||3328|bec172d6-4d43-4591-94d6-d1dd0eee58e2
2026-04-06 10:50:45|qwen|web_search_no_think|2|JSON_VERIFY_FAILED||3380|a81a11e1-5f62-45d5-af18-ed89c50ba536
2026-04-06 10:50:45|qwen|web_search_no_think|2|QUESTION|33|3380|a81a11e1-5f62-45d5-af18-ed89c50ba536
2026-04-06 10:51:13|qwen|web_search_no_think|1|QUESTION_SENT||3328|bec172d6-4d43-4591-94d6-d1dd0eee58e2
2026-04-06 10:51:13|qwen|web_search_no_think|5|JSON_VERIFIED||3529|f6cd6517-3c02-4c5e-9d79-0560e57bde19
2026-04-06 10:51:13|qwen|web_search_no_think|5|QUESTION|31|3529|f6cd6517-3c02-4c5e-9d79-0560e57bde19
2026-04-06 10:51:13|qwen|web_search_no_think|5|JSON_SAVED||3529|f6cd6517-3c02-4c5e-9d79-0560e57bde19
2026-04-06 10:51:13|qwen|web_search_no_think|5|QUESTION_ADVANCE||3530|c2649152-9ecf-4b4b-b83e-bc8eaace0968
2026-04-06 10:51:15|qwen|web_search_no_think|4|JSON_VERIFIED||3491|2fc7c10a-0775-45c6-9fda-5ffa820ae2b4
2026-04-06 10:51:15|qwen|web_search_no_think|4|QUESTION|44|3491|2fc7c10a-0775-45c6-9fda-5ffa820ae2b4
2026-04-06 10:51:15|qwen|web_search_no_think|4|JSON_SAVED||3491|2fc7c10a-0775-45c6-9fda-5ffa820ae2b4
2026-04-06 10:51:15|qwen|web_search_no_think|4|QUESTION_ADVANCE||3492|ff9c03dd-2e65-4d88-a214-f07fb9b049df
2026-04-06 10:51:16|qwen|web_search_no_think|2|QUESTION_SENT||3380|a81a11e1-5f62-45d5-af18-ed89c50ba536
2026-04-06 10:51:18|qwen|web_search_no_think|3|JSON_VERIFIED||3427|2905b4fc-8f05-4337-b434-5b7a42c59db1
2026-04-06 10:51:18|qwen|web_search_no_think|3|QUESTION|32|3427|2905b4fc-8f05-4337-b434-5b7a42c59db1
2026-04-06 10:51:18|qwen|web_search_no_think|3|JSON_SAVED||3427|2905b4fc-8f05-4337-b434-5b7a42c59db1
2026-04-06 10:51:18|qwen|web_search_no_think|3|QUESTION_ADVANCE||3428|bee0badc-55bb-40cd-b0e8-d4235c9427ec
2026-04-06 10:51:43|qwen|web_search_no_think|5|QUESTION_SENT||3530|c2649152-9ecf-4b4b-b83e-bc8eaace0968
2026-04-06 10:51:44|qwen|web_search_no_think|4|QUESTION_SENT||3492|ff9c03dd-2e65-4d88-a214-f07fb9b049df
2026-04-06 10:51:45|qwen|web_search_no_think|3|QUESTION_SENT||3428|bee0badc-55bb-40cd-b0e8-d4235c9427ec
2026-04-06 10:51:47|qwen|web_search_no_think|0|JSON_VERIFY_FAILED||3272|0a5d1202-3ab2-44fe-9165-5d92cc9d8662
2026-04-06 10:51:47|qwen|web_search_no_think|0|QUESTION|26|3272|0a5d1202-3ab2-44fe-9165-5d92cc9d8662
2026-04-06 10:51:52|qwen|web_search_no_think|2|JSON_VERIFY_FAILED||3380|a81a11e1-5f62-45d5-af18-ed89c50ba536
2026-04-06 10:51:52|qwen|web_search_no_think|2|QUESTION|34|3380|a81a11e1-5f62-45d5-af18-ed89c50ba536
2026-04-06 10:52:14|qwen|web_search_no_think|0|QUESTION_SENT||3272|0a5d1202-3ab2-44fe-9165-5d92cc9d8662
2026-04-06 10:52:18|qwen|web_search_no_think|1|JSON_VERIFY_FAILED||3328|bec172d6-4d43-4591-94d6-d1dd0eee58e2
2026-04-06 10:52:18|qwen|web_search_no_think|1|QUESTION|30|3328|bec172d6-4d43-4591-94d6-d1dd0eee58e2
2026-04-06 10:52:19|qwen|web_search_no_think|2|QUESTION_SENT||3380|a81a11e1-5f62-45d5-af18-ed89c50ba536
2026-04-06 10:52:45|qwen|web_search_no_think|1|QUESTION_SENT||3328|bec172d6-4d43-4591-94d6-d1dd0eee58e2
2026-04-06 10:52:56|qwen|web_search_no_think|3|JSON_VERIFIED||3428|bee0badc-55bb-40cd-b0e8-d4235c9427ec
2026-04-06 10:52:56|qwen|web_search_no_think|3|QUESTION|33|3428|bee0badc-55bb-40cd-b0e8-d4235c9427ec
2026-04-06 10:52:56|qwen|web_search_no_think|3|JSON_SAVED||3428|bee0badc-55bb-40cd-b0e8-d4235c9427ec
2026-04-06 10:52:56|qwen|web_search_no_think|3|QUESTION_ADVANCE||3429|723d1444-a19a-44aa-ba25-dfabdcddad0f
2026-04-06 10:53:27|qwen|web_search_no_think|3|QUESTION_SENT||3429|723d1444-a19a-44aa-ba25-dfabdcddad0f
2026-04-06 10:54:04|qwen|web_search_no_think|0|JSON_VERIFIED||3272|0a5d1202-3ab2-44fe-9165-5d92cc9d8662
2026-04-06 10:54:04|qwen|web_search_no_think|0|QUESTION|27|3272|0a5d1202-3ab2-44fe-9165-5d92cc9d8662
2026-04-06 10:54:04|qwen|web_search_no_think|0|JSON_SAVED||3272|0a5d1202-3ab2-44fe-9165-5d92cc9d8662
2026-04-06 10:54:04|qwen|web_search_no_think|3|QUESTION_SENT||3429|723d1444-a19a-44aa-ba25-dfabdcddad0f
2026-04-06 10:54:04|qwen|web_search_no_think|0|QUESTION_ADVANCE||3273|987722ce-2948-475f-80fb-34da33b48e6f
2026-04-06 10:54:32|qwen|web_search_no_think|0|QUESTION_SENT||3273|987722ce-2948-475f-80fb-34da33b48e6f
2026-04-06 10:54:38|qwen|web_search_no_think|4|JSON_VERIFIED||3492|ff9c03dd-2e65-4d88-a214-f07fb9b049df
2026-04-06 10:54:38|qwen|web_search_no_think|4|QUESTION|45|3492|ff9c03dd-2e65-4d88-a214-f07fb9b049df
2026-04-06 10:54:38|qwen|web_search_no_think|4|JSON_SAVED||3492|ff9c03dd-2e65-4d88-a214-f07fb9b049df
2026-04-06 10:54:38|qwen|web_search_no_think|4|QUESTION_ADVANCE||3493|61ddf890-76ad-4386-b478-4db7e59715b0
2026-04-06 10:55:08|qwen|web_search_no_think|5|JSON_VERIFIED||3530|c2649152-9ecf-4b4b-b83e-bc8eaace0968
2026-04-06 10:55:08|qwen|web_search_no_think|5|QUESTION|32|3530|c2649152-9ecf-4b4b-b83e-bc8eaace0968
2026-04-06 10:55:08|qwen|web_search_no_think|5|JSON_SAVED||3530|c2649152-9ecf-4b4b-b83e-bc8eaace0968
2026-04-06 10:55:08|qwen|web_search_no_think|5|QUESTION_ADVANCE||3531|004f8ce7-379d-4ece-9981-c93f9c681379
2026-04-06 10:55:08|qwen|web_search_no_think|4|QUESTION_SENT||3493|61ddf890-76ad-4386-b478-4db7e59715b0
2026-04-06 10:55:29|qwen|web_search_no_think|2|JSON_VERIFIED||3380|a81a11e1-5f62-45d5-af18-ed89c50ba536
2026-04-06 10:55:29|qwen|web_search_no_think|2|QUESTION|35|3380|a81a11e1-5f62-45d5-af18-ed89c50ba536
2026-04-06 10:55:29|qwen|web_search_no_think|2|JSON_SAVED||3380|a81a11e1-5f62-45d5-af18-ed89c50ba536
2026-04-06 10:55:29|qwen|web_search_no_think|2|QUESTION_ADVANCE||3381|7edb968b-4d0e-4529-a7eb-07abd19dd970
2026-04-06 10:55:34|qwen|web_search_no_think|5|QUESTION_SENT||3531|004f8ce7-379d-4ece-9981-c93f9c681379
2026-04-06 10:55:56|qwen|web_search_no_think|2|QUESTION_SENT||3381|7edb968b-4d0e-4529-a7eb-07abd19dd970
2026-04-06 10:56:18|qwen|web_search_no_think|3|JSON_VERIFIED||3429|723d1444-a19a-44aa-ba25-dfabdcddad0f
2026-04-06 10:56:18|qwen|web_search_no_think|3|QUESTION|34|3429|723d1444-a19a-44aa-ba25-dfabdcddad0f
2026-04-06 10:56:18|qwen|web_search_no_think|3|JSON_SAVED||3429|723d1444-a19a-44aa-ba25-dfabdcddad0f
2026-04-06 10:56:18|qwen|web_search_no_think|3|QUESTION_ADVANCE||3430|b03b6af3-8867-4981-80d0-b7b2f4402f66
2026-04-06 10:56:50|qwen|web_search_no_think|3|QUESTION_SENT||3430|b03b6af3-8867-4981-80d0-b7b2f4402f66
2026-04-06 10:56:55|qwen|web_search_no_think|0|JSON_VERIFIED||3273|987722ce-2948-475f-80fb-34da33b48e6f
2026-04-06 10:56:55|qwen|web_search_no_think|0|QUESTION|28|3273|987722ce-2948-475f-80fb-34da33b48e6f
2026-04-06 10:56:55|qwen|web_search_no_think|0|JSON_SAVED||3273|987722ce-2948-475f-80fb-34da33b48e6f
2026-04-06 10:56:55|qwen|web_search_no_think|0|QUESTION_ADVANCE||3274|be5ab9bc-025a-4942-a5b8-5edcab7dfdc1
2026-04-06 10:57:10|qwen|web_search_no_think|4|JSON_VERIFIED||3493|61ddf890-76ad-4386-b478-4db7e59715b0
2026-04-06 10:57:10|qwen|web_search_no_think|4|QUESTION|46|3493|61ddf890-76ad-4386-b478-4db7e59715b0
2026-04-06 10:57:10|qwen|web_search_no_think|4|JSON_SAVED||3493|61ddf890-76ad-4386-b478-4db7e59715b0
2026-04-06 10:57:10|qwen|web_search_no_think|4|QUESTION_ADVANCE||3494|debd6102-2569-4c4c-8f19-f16f0137e499
2026-04-06 10:57:13|qwen|web_search_no_think|2|JSON_VERIFIED||3381|7edb968b-4d0e-4529-a7eb-07abd19dd970
2026-04-06 10:57:13|qwen|web_search_no_think|2|QUESTION|36|3381|7edb968b-4d0e-4529-a7eb-07abd19dd970
2026-04-06 10:57:13|qwen|web_search_no_think|2|JSON_SAVED||3381|7edb968b-4d0e-4529-a7eb-07abd19dd970
2026-04-06 10:57:13|qwen|web_search_no_think|2|QUESTION_ADVANCE||3382|64eeef3b-8414-4376-9bc6-fba3c246d5a7
2026-04-06 10:57:23|qwen|web_search_no_think|0|QUESTION_SENT||3274|be5ab9bc-025a-4942-a5b8-5edcab7dfdc1
2026-04-06 10:57:28|qwen|web_search_no_think|1|QUESTION_SENT||3328|bec172d6-4d43-4591-94d6-d1dd0eee58e2
2026-04-06 10:57:42|qwen|web_search_no_think|2|QUESTION_SENT||3382|64eeef3b-8414-4376-9bc6-fba3c246d5a7
2026-04-06 10:57:43|qwen|web_search_no_think|4|QUESTION_SENT||3494|debd6102-2569-4c4c-8f19-f16f0137e499
2026-04-06 10:58:00|qwen|web_search_no_think|1|QUESTION_SENT||3328|bec172d6-4d43-4591-94d6-d1dd0eee58e2
2026-04-06 10:58:16|qwen|web_search_no_think|2|QUESTION_SENT||3382|64eeef3b-8414-4376-9bc6-fba3c246d5a7
2026-04-06 10:58:20|qwen|web_search_no_think|4|QUESTION_SENT||3494|debd6102-2569-4c4c-8f19-f16f0137e499
2026-04-06 10:58:36|qwen|web_search_no_think|5|JSON_VERIFIED||3531|004f8ce7-379d-4ece-9981-c93f9c681379
2026-04-06 10:58:36|qwen|web_search_no_think|5|QUESTION|33|3531|004f8ce7-379d-4ece-9981-c93f9c681379
2026-04-06 10:58:36|qwen|web_search_no_think|5|JSON_SAVED||3531|004f8ce7-379d-4ece-9981-c93f9c681379
2026-04-06 10:58:36|qwen|web_search_no_think|5|QUESTION_ADVANCE||3532|7c664aff-793d-4db0-ba87-b7a09df59169
2026-04-06 10:59:04|qwen|web_search_no_think|5|QUESTION_SENT||3532|7c664aff-793d-4db0-ba87-b7a09df59169
2026-04-06 10:59:13|qwen|web_search_no_think|3|JSON_VERIFIED||3430|b03b6af3-8867-4981-80d0-b7b2f4402f66
2026-04-06 10:59:13|qwen|web_search_no_think|3|QUESTION|35|3430|b03b6af3-8867-4981-80d0-b7b2f4402f66
2026-04-06 10:59:13|qwen|web_search_no_think|3|JSON_SAVED||3430|b03b6af3-8867-4981-80d0-b7b2f4402f66
2026-04-06 10:59:13|qwen|web_search_no_think|3|QUESTION_ADVANCE||3431|6a4213ad-6aec-482d-88d2-778e5ed8f3ef
2026-04-06 10:59:19|qwen|web_search_no_think|2|JSON_VERIFIED||3382|64eeef3b-8414-4376-9bc6-fba3c246d5a7
2026-04-06 10:59:19|qwen|web_search_no_think|2|QUESTION|37|3382|64eeef3b-8414-4376-9bc6-fba3c246d5a7
2026-04-06 10:59:19|qwen|web_search_no_think|2|JSON_SAVED||3382|64eeef3b-8414-4376-9bc6-fba3c246d5a7
2026-04-06 10:59:19|qwen|web_search_no_think|2|QUESTION_ADVANCE||3383|d60fc3e8-28ad-478c-8019-a3920348ab33
2026-04-06 10:59:33|qwen|web_search_no_think|4|JSON_VERIFIED||3494|debd6102-2569-4c4c-8f19-f16f0137e499
2026-04-06 10:59:33|qwen|web_search_no_think|4|QUESTION|47|3494|debd6102-2569-4c4c-8f19-f16f0137e499
2026-04-06 10:59:33|qwen|web_search_no_think|4|JSON_SAVED||3494|debd6102-2569-4c4c-8f19-f16f0137e499
2026-04-06 10:59:33|qwen|web_search_no_think|4|QUESTION_ADVANCE||3495|b2aa7699-e421-45a1-ba67-823b50405e40
2026-04-06 10:59:40|qwen|web_search_no_think|3|QUESTION_SENT||3431|6a4213ad-6aec-482d-88d2-778e5ed8f3ef
2026-04-06 10:59:47|qwen|web_search_no_think|2|QUESTION_SENT||3383|d60fc3e8-28ad-478c-8019-a3920348ab33
2026-04-06 11:00:01|qwen|web_search_no_think|4|QUESTION_SENT||3495|b2aa7699-e421-45a1-ba67-823b50405e40
2026-04-06 11:00:32|qwen|web_search_no_think|4|QUESTION_SENT||3495|b2aa7699-e421-45a1-ba67-823b50405e40
2026-04-06 11:00:46|qwen|web_search_no_think|2|JSON_VERIFIED||3383|d60fc3e8-28ad-478c-8019-a3920348ab33
2026-04-06 11:00:46|qwen|web_search_no_think|2|QUESTION|38|3383|d60fc3e8-28ad-478c-8019-a3920348ab33
2026-04-06 11:00:46|qwen|web_search_no_think|2|JSON_SAVED||3383|d60fc3e8-28ad-478c-8019-a3920348ab33
2026-04-06 11:00:46|qwen|web_search_no_think|2|QUESTION_ADVANCE||3384|4bd9b0be-c4e4-4326-92b1-f41b4012ceb6
2026-04-06 11:01:16|qwen|web_search_no_think|2|QUESTION_SENT||3384|4bd9b0be-c4e4-4326-92b1-f41b4012ceb6
2026-04-06 11:01:31|qwen|web_search_no_think|1|JSON_VERIFIED||3328|bec172d6-4d43-4591-94d6-d1dd0eee58e2
2026-04-06 11:01:31|qwen|web_search_no_think|1|QUESTION|31|3328|bec172d6-4d43-4591-94d6-d1dd0eee58e2
2026-04-06 11:01:31|qwen|web_search_no_think|1|JSON_SAVED||3328|bec172d6-4d43-4591-94d6-d1dd0eee58e2
2026-04-06 11:01:31|qwen|web_search_no_think|1|QUESTION_ADVANCE||3329|c103e430-8be8-48d8-86ec-4c396e248537
2026-04-06 11:01:35|qwen|web_search_no_think|4|JSON_VERIFIED||3495|b2aa7699-e421-45a1-ba67-823b50405e40
2026-04-06 11:01:35|qwen|web_search_no_think|4|QUESTION|48|3495|b2aa7699-e421-45a1-ba67-823b50405e40
2026-04-06 11:01:35|qwen|web_search_no_think|4|JSON_SAVED||3495|b2aa7699-e421-45a1-ba67-823b50405e40
2026-04-06 11:01:35|qwen|web_search_no_think|4|QUESTION_ADVANCE||3496|fcd277b8-d3d8-4d1e-9983-9f5b80e0d005
2026-04-06 11:01:51|qwen|web_search_no_think|5|JSON_VERIFIED||3532|7c664aff-793d-4db0-ba87-b7a09df59169
2026-04-06 11:01:51|qwen|web_search_no_think|5|QUESTION|34|3532|7c664aff-793d-4db0-ba87-b7a09df59169
2026-04-06 11:01:51|qwen|web_search_no_think|5|JSON_SAVED||3532|7c664aff-793d-4db0-ba87-b7a09df59169
2026-04-06 11:01:51|qwen|web_search_no_think|5|QUESTION_ADVANCE||3533|625ba698-6eec-49f6-86f5-ee3444a7b177
2026-04-06 11:01:59|qwen|web_search_no_think|1|QUESTION_SENT||3329|c103e430-8be8-48d8-86ec-4c396e248537
2026-04-06 11:02:04|qwen|web_search_no_think|0|QUESTION_SENT||3274|be5ab9bc-025a-4942-a5b8-5edcab7dfdc1
2026-04-06 11:02:05|qwen|web_search_no_think|4|QUESTION_SENT||3496|fcd277b8-d3d8-4d1e-9983-9f5b80e0d005
2026-04-06 11:02:19|qwen|web_search_no_think|5|QUESTION_SENT||3533|625ba698-6eec-49f6-86f5-ee3444a7b177
2026-04-06 11:02:38|qwen|web_search_no_think|3|JSON_VERIFY_FAILED||3431|6a4213ad-6aec-482d-88d2-778e5ed8f3ef
2026-04-06 11:02:38|qwen|web_search_no_think|3|QUESTION|36|3431|6a4213ad-6aec-482d-88d2-778e5ed8f3ef
2026-04-06 11:02:39|qwen|web_search_no_think|4|JSON_VERIFY_FAILED||3496|fcd277b8-d3d8-4d1e-9983-9f5b80e0d005
2026-04-06 11:02:39|qwen|web_search_no_think|4|QUESTION|49|3496|fcd277b8-d3d8-4d1e-9983-9f5b80e0d005
2026-04-06 11:03:05|qwen|web_search_no_think|3|QUESTION_SENT||3431|6a4213ad-6aec-482d-88d2-778e5ed8f3ef
2026-04-06 11:03:06|qwen|web_search_no_think|4|QUESTION_SENT||3496|fcd277b8-d3d8-4d1e-9983-9f5b80e0d005
2026-04-06 11:03:24|qwen|web_search_no_think|2|JSON_VERIFIED||3384|4bd9b0be-c4e4-4326-92b1-f41b4012ceb6
2026-04-06 11:03:24|qwen|web_search_no_think|2|QUESTION|39|3384|4bd9b0be-c4e4-4326-92b1-f41b4012ceb6
2026-04-06 11:03:25|qwen|web_search_no_think|2|JSON_SAVED||3384|4bd9b0be-c4e4-4326-92b1-f41b4012ceb6
2026-04-06 11:03:25|qwen|web_search_no_think|2|QUESTION_ADVANCE||3385|443e781e-82b6-47b4-a99b-0dd563f84d7e
2026-04-06 11:03:37|qwen|web_search_no_think|5|JSON_VERIFY_FAILED||3533|625ba698-6eec-49f6-86f5-ee3444a7b177
2026-04-06 11:03:37|qwen|web_search_no_think|5|QUESTION|35|3533|625ba698-6eec-49f6-86f5-ee3444a7b177
2026-04-06 11:03:59|qwen|web_search_no_think|2|QUESTION_SENT||3385|443e781e-82b6-47b4-a99b-0dd563f84d7e
2026-04-06 11:04:06|qwen|web_search_no_think|1|JSON_VERIFIED||3329|c103e430-8be8-48d8-86ec-4c396e248537
2026-04-06 11:04:06|qwen|web_search_no_think|1|QUESTION|32|3329|c103e430-8be8-48d8-86ec-4c396e248537
2026-04-06 11:04:06|qwen|web_search_no_think|1|JSON_SAVED||3329|c103e430-8be8-48d8-86ec-4c396e248537
2026-04-06 11:04:06|qwen|web_search_no_think|1|QUESTION_ADVANCE||3330|08fb1f09-edf7-4016-bf77-7d0c940b3c66
2026-04-06 11:04:07|qwen|web_search_no_think|4|JSON_VERIFIED||3496|fcd277b8-d3d8-4d1e-9983-9f5b80e0d005
2026-04-06 11:04:07|qwen|web_search_no_think|4|QUESTION|50|3496|fcd277b8-d3d8-4d1e-9983-9f5b80e0d005
2026-04-06 11:04:07|qwen|web_search_no_think|4|JSON_SAVED||3496|fcd277b8-d3d8-4d1e-9983-9f5b80e0d005
2026-04-06 11:04:07|qwen|web_search_no_think|4|QUESTION_ADVANCE||3497|40b3fbc4-908a-4696-8695-6b59d2a76d00
2026-04-06 11:04:10|qwen|web_search_no_think|5|QUESTION_SENT||3533|625ba698-6eec-49f6-86f5-ee3444a7b177
2026-04-06 11:04:35|qwen|web_search_no_think|1|QUESTION_SENT||3330|08fb1f09-edf7-4016-bf77-7d0c940b3c66
2026-04-06 11:04:41|qwen|web_search_no_think|4|QUESTION_SENT||3497|40b3fbc4-908a-4696-8695-6b59d2a76d00
2026-04-06 11:05:25|qwen|web_search_no_think|0|JSON_VERIFIED||3274|be5ab9bc-025a-4942-a5b8-5edcab7dfdc1
2026-04-06 11:05:25|qwen|web_search_no_think|0|QUESTION|29|3274|be5ab9bc-025a-4942-a5b8-5edcab7dfdc1
2026-04-06 11:05:25|qwen|web_search_no_think|0|JSON_SAVED||3274|be5ab9bc-025a-4942-a5b8-5edcab7dfdc1
2026-04-06 11:05:25|qwen|web_search_no_think|0|QUESTION_ADVANCE||3275|578379c2-f36f-40ac-8d49-6fa18e009787
2026-04-06 11:05:28|qwen|web_search_no_think|3|JSON_VERIFIED||3431|6a4213ad-6aec-482d-88d2-778e5ed8f3ef
2026-04-06 11:05:28|qwen|web_search_no_think|3|QUESTION|37|3431|6a4213ad-6aec-482d-88d2-778e5ed8f3ef
2026-04-06 11:05:28|qwen|web_search_no_think|3|JSON_SAVED||3431|6a4213ad-6aec-482d-88d2-778e5ed8f3ef
2026-04-06 11:05:28|qwen|web_search_no_think|3|QUESTION_ADVANCE||3432|2e7710d1-8ed8-451c-963b-8d2ed93d1729
2026-04-06 11:05:30|qwen|web_search_no_think|5|JSON_VERIFIED||3533|625ba698-6eec-49f6-86f5-ee3444a7b177
2026-04-06 11:05:30|qwen|web_search_no_think|5|QUESTION|36|3533|625ba698-6eec-49f6-86f5-ee3444a7b177
2026-04-06 11:05:30|qwen|web_search_no_think|5|JSON_SAVED||3533|625ba698-6eec-49f6-86f5-ee3444a7b177
2026-04-06 11:05:30|qwen|web_search_no_think|5|QUESTION_ADVANCE||3534|225e4d0e-73a4-48e9-8837-19a30d524653
2026-04-06 11:05:54|qwen|web_search_no_think|0|QUESTION_SENT||3275|578379c2-f36f-40ac-8d49-6fa18e009787
2026-04-06 11:05:58|qwen|web_search_no_think|3|QUESTION_SENT||3432|2e7710d1-8ed8-451c-963b-8d2ed93d1729
2026-04-06 11:06:01|qwen|web_search_no_think|5|QUESTION_SENT||3534|225e4d0e-73a4-48e9-8837-19a30d524653
2026-04-06 11:06:47|qwen|web_search_no_think|2|JSON_VERIFIED||3385|443e781e-82b6-47b4-a99b-0dd563f84d7e
2026-04-06 11:06:47|qwen|web_search_no_think|2|QUESTION|40|3385|443e781e-82b6-47b4-a99b-0dd563f84d7e
2026-04-06 11:06:47|qwen|web_search_no_think|2|JSON_SAVED||3385|443e781e-82b6-47b4-a99b-0dd563f84d7e
2026-04-06 11:06:47|qwen|web_search_no_think|2|QUESTION_ADVANCE||3386|b364f165-0f90-4d49-938d-0b6aa7c6922b
2026-04-06 11:06:50|qwen|web_search_no_think|1|JSON_VERIFIED||3330|08fb1f09-edf7-4016-bf77-7d0c940b3c66
2026-04-06 11:06:50|qwen|web_search_no_think|1|QUESTION|33|3330|08fb1f09-edf7-4016-bf77-7d0c940b3c66
2026-04-06 11:06:50|qwen|web_search_no_think|1|JSON_SAVED||3330|08fb1f09-edf7-4016-bf77-7d0c940b3c66
2026-04-06 11:06:50|qwen|web_search_no_think|1|QUESTION_ADVANCE||3331|f739a978-5e8d-413f-b2a7-3d754f221fbd
2026-04-06 11:07:04|qwen|web_search_no_think|0|JSON_VERIFIED||3275|578379c2-f36f-40ac-8d49-6fa18e009787
2026-04-06 11:07:04|qwen|web_search_no_think|0|QUESTION|30|3275|578379c2-f36f-40ac-8d49-6fa18e009787
2026-04-06 11:07:04|qwen|web_search_no_think|0|JSON_SAVED||3275|578379c2-f36f-40ac-8d49-6fa18e009787
2026-04-06 11:07:04|qwen|web_search_no_think|0|QUESTION_ADVANCE||3276|65992d9d-d8f3-452f-b66b-6b7b19033b98
2026-04-06 11:07:14|qwen|web_search_no_think|2|QUESTION_SENT||3386|b364f165-0f90-4d49-938d-0b6aa7c6922b
2026-04-06 11:07:18|qwen|web_search_no_think|1|QUESTION_SENT||3331|f739a978-5e8d-413f-b2a7-3d754f221fbd
2026-04-06 11:07:32|qwen|web_search_no_think|0|QUESTION_SENT||3276|65992d9d-d8f3-452f-b66b-6b7b19033b98
2026-04-06 11:07:52|qwen|web_search_no_think|4|JSON_VERIFIED||3497|40b3fbc4-908a-4696-8695-6b59d2a76d00
2026-04-06 11:07:52|qwen|web_search_no_think|4|QUESTION|51|3497|40b3fbc4-908a-4696-8695-6b59d2a76d00
2026-04-06 11:07:52|qwen|web_search_no_think|4|JSON_SAVED||3497|40b3fbc4-908a-4696-8695-6b59d2a76d00
2026-04-06 11:07:52|qwen|web_search_no_think|4|QUESTION_ADVANCE||3498|359c422a-1a41-41b0-a3fb-2d9179cffce6
2026-04-06 11:08:10|qwen|web_search_no_think|2|JSON_VERIFIED||3386|b364f165-0f90-4d49-938d-0b6aa7c6922b
2026-04-06 11:08:10|qwen|web_search_no_think|2|QUESTION|41|3386|b364f165-0f90-4d49-938d-0b6aa7c6922b
2026-04-06 11:08:10|qwen|web_search_no_think|2|JSON_SAVED||3386|b364f165-0f90-4d49-938d-0b6aa7c6922b
2026-04-06 11:08:10|qwen|web_search_no_think|2|QUESTION_ADVANCE||3387|840824d2-a87d-43db-bda2-c82ed6e39ff2
2026-04-06 11:08:21|qwen|web_search_no_think|4|QUESTION_SENT||3498|359c422a-1a41-41b0-a3fb-2d9179cffce6
2026-04-06 11:08:37|qwen|web_search_no_think|2|QUESTION_SENT||3387|840824d2-a87d-43db-bda2-c82ed6e39ff2
2026-04-06 11:08:51|qwen|web_search_no_think|3|JSON_VERIFIED||3432|2e7710d1-8ed8-451c-963b-8d2ed93d1729
2026-04-06 11:08:51|qwen|web_search_no_think|3|QUESTION|38|3432|2e7710d1-8ed8-451c-963b-8d2ed93d1729
2026-04-06 11:08:51|qwen|web_search_no_think|3|JSON_SAVED||3432|2e7710d1-8ed8-451c-963b-8d2ed93d1729
2026-04-06 11:08:51|qwen|web_search_no_think|3|QUESTION_ADVANCE||3433|8ecbd9ee-d3be-4e56-9d5f-69f691977e0e
2026-04-06 11:09:18|qwen|web_search_no_think|3|QUESTION_SENT||3433|8ecbd9ee-d3be-4e56-9d5f-69f691977e0e
2026-04-06 11:09:20|qwen|web_search_no_think|0|JSON_VERIFIED||3276|65992d9d-d8f3-452f-b66b-6b7b19033b98
2026-04-06 11:09:20|qwen|web_search_no_think|0|QUESTION|31|3276|65992d9d-d8f3-452f-b66b-6b7b19033b98
2026-04-06 11:09:20|qwen|web_search_no_think|0|JSON_SAVED||3276|65992d9d-d8f3-452f-b66b-6b7b19033b98
2026-04-06 11:09:20|qwen|web_search_no_think|0|QUESTION_ADVANCE||3277|5daba926-4c5b-4df2-8481-a922e9dd60cb
2026-04-06 11:09:48|qwen|web_search_no_think|0|QUESTION_SENT||3277|5daba926-4c5b-4df2-8481-a922e9dd60cb
2026-04-06 11:10:14|qwen|web_search_no_think|1|JSON_VERIFIED||3331|f739a978-5e8d-413f-b2a7-3d754f221fbd
2026-04-06 11:10:14|qwen|web_search_no_think|1|QUESTION|34|3331|f739a978-5e8d-413f-b2a7-3d754f221fbd
2026-04-06 11:10:14|qwen|web_search_no_think|1|JSON_SAVED||3331|f739a978-5e8d-413f-b2a7-3d754f221fbd
2026-04-06 11:10:14|qwen|web_search_no_think|1|QUESTION_ADVANCE||3332|790da44b-8dde-44f3-84db-ad9cda28fcd9
2026-04-06 11:10:21|qwen|web_search_no_think|2|JSON_VERIFIED||3387|840824d2-a87d-43db-bda2-c82ed6e39ff2
2026-04-06 11:10:21|qwen|web_search_no_think|2|QUESTION|42|3387|840824d2-a87d-43db-bda2-c82ed6e39ff2
2026-04-06 11:10:21|qwen|web_search_no_think|2|JSON_SAVED||3387|840824d2-a87d-43db-bda2-c82ed6e39ff2
2026-04-06 11:10:21|qwen|web_search_no_think|2|QUESTION_ADVANCE||3388|7af23045-3e82-4268-a4f8-3f38daf22f5c
2026-04-06 11:10:42|qwen|web_search_no_think|1|QUESTION_SENT||3332|790da44b-8dde-44f3-84db-ad9cda28fcd9
2026-04-06 11:10:43|qwen|web_search_no_think|5|QUESTION_SENT||3534|225e4d0e-73a4-48e9-8837-19a30d524653
2026-04-06 11:10:51|qwen|web_search_no_think|2|QUESTION_SENT||3388|7af23045-3e82-4268-a4f8-3f38daf22f5c
2026-04-06 11:11:03|qwen|web_search_no_think|3|JSON_VERIFIED||3433|8ecbd9ee-d3be-4e56-9d5f-69f691977e0e
2026-04-06 11:11:03|qwen|web_search_no_think|3|QUESTION|39|3433|8ecbd9ee-d3be-4e56-9d5f-69f691977e0e
2026-04-06 11:11:03|qwen|web_search_no_think|3|JSON_SAVED||3433|8ecbd9ee-d3be-4e56-9d5f-69f691977e0e
2026-04-06 11:11:03|qwen|web_search_no_think|3|QUESTION_ADVANCE||3434|6bc3dc1f-0449-4c6b-9aff-73424adbb3ac
2026-04-06 11:11:04|qwen|web_search_no_think|4|JSON_VERIFIED||3498|359c422a-1a41-41b0-a3fb-2d9179cffce6
2026-04-06 11:11:04|qwen|web_search_no_think|4|QUESTION|52|3498|359c422a-1a41-41b0-a3fb-2d9179cffce6
2026-04-06 11:11:04|qwen|web_search_no_think|4|JSON_SAVED||3498|359c422a-1a41-41b0-a3fb-2d9179cffce6
2026-04-06 11:11:04|qwen|web_search_no_think|4|QUESTION_ADVANCE||3499|9376c13e-b90c-4d9d-8161-32e01deec42d
2026-04-06 11:11:21|qwen|web_search_no_think|2|QUESTION_SENT||3388|7af23045-3e82-4268-a4f8-3f38daf22f5c
2026-04-06 11:11:30|qwen|web_search_no_think|3|QUESTION_SENT||3434|6bc3dc1f-0449-4c6b-9aff-73424adbb3ac
2026-04-06 11:11:31|qwen|web_search_no_think|4|QUESTION_SENT||3499|9376c13e-b90c-4d9d-8161-32e01deec42d
2026-04-06 11:12:18|qwen|web_search_no_think|5|JSON_VERIFIED||3534|225e4d0e-73a4-48e9-8837-19a30d524653
2026-04-06 11:12:18|qwen|web_search_no_think|5|QUESTION|37|3534|225e4d0e-73a4-48e9-8837-19a30d524653
2026-04-06 11:12:18|qwen|web_search_no_think|5|JSON_SAVED||3534|225e4d0e-73a4-48e9-8837-19a30d524653
2026-04-06 11:12:18|qwen|web_search_no_think|5|QUESTION_ADVANCE||3535|1d7def40-cf1c-4351-9280-db44ad611f47
2026-04-06 11:12:45|qwen|web_search_no_think|5|QUESTION_SENT||3535|1d7def40-cf1c-4351-9280-db44ad611f47
2026-04-06 11:12:57|qwen|web_search_no_think|0|JSON_VERIFIED||3277|5daba926-4c5b-4df2-8481-a922e9dd60cb
2026-04-06 11:12:57|qwen|web_search_no_think|0|QUESTION|32|3277|5daba926-4c5b-4df2-8481-a922e9dd60cb
2026-04-06 11:12:57|qwen|web_search_no_think|0|JSON_SAVED||3277|5daba926-4c5b-4df2-8481-a922e9dd60cb
2026-04-06 11:12:57|qwen|web_search_no_think|0|QUESTION_ADVANCE||3278|bea6cee5-ca18-4194-a4a5-034dfbc7d3f2
2026-04-06 11:13:19|qwen|web_search_no_think|2|JSON_VERIFIED||3388|7af23045-3e82-4268-a4f8-3f38daf22f5c
2026-04-06 11:13:19|qwen|web_search_no_think|2|QUESTION|43|3388|7af23045-3e82-4268-a4f8-3f38daf22f5c
2026-04-06 11:13:19|qwen|web_search_no_think|2|JSON_SAVED||3388|7af23045-3e82-4268-a4f8-3f38daf22f5c
2026-04-06 11:13:19|qwen|web_search_no_think|2|QUESTION_ADVANCE||3389|a023f180-7a6f-4fac-b332-e55aa04d6c9b
2026-04-06 11:13:22|qwen|web_search_no_think|3|JSON_VERIFIED||3434|6bc3dc1f-0449-4c6b-9aff-73424adbb3ac
2026-04-06 11:13:22|qwen|web_search_no_think|3|QUESTION|40|3434|6bc3dc1f-0449-4c6b-9aff-73424adbb3ac
2026-04-06 11:13:22|qwen|web_search_no_think|3|JSON_SAVED||3434|6bc3dc1f-0449-4c6b-9aff-73424adbb3ac
2026-04-06 11:13:22|qwen|web_search_no_think|3|QUESTION_ADVANCE||3435|69132c74-43bc-476b-831a-91ff284e64d7
2026-04-06 11:13:25|qwen|web_search_no_think|0|QUESTION_SENT||3278|bea6cee5-ca18-4194-a4a5-034dfbc7d3f2
2026-04-06 11:13:39|qwen|web_search_no_think|1|JSON_VERIFIED||3332|790da44b-8dde-44f3-84db-ad9cda28fcd9
2026-04-06 11:13:39|qwen|web_search_no_think|1|QUESTION|35|3332|790da44b-8dde-44f3-84db-ad9cda28fcd9
2026-04-06 11:13:39|qwen|web_search_no_think|1|JSON_SAVED||3332|790da44b-8dde-44f3-84db-ad9cda28fcd9
2026-04-06 11:13:39|qwen|web_search_no_think|1|QUESTION_ADVANCE||3333|9b3e9708-4863-407d-936b-d5ab5b42ca6b
2026-04-06 11:13:50|qwen|web_search_no_think|2|QUESTION_SENT||3389|a023f180-7a6f-4fac-b332-e55aa04d6c9b
2026-04-06 11:13:54|qwen|web_search_no_think|3|QUESTION_SENT||3435|69132c74-43bc-476b-831a-91ff284e64d7
2026-04-06 11:13:57|qwen|web_search_no_think|0|QUESTION_SENT||3278|bea6cee5-ca18-4194-a4a5-034dfbc7d3f2
2026-04-06 11:14:09|qwen|web_search_no_think|1|QUESTION_SENT||3333|9b3e9708-4863-407d-936b-d5ab5b42ca6b
2026-04-06 11:14:18|qwen|web_search_no_think|5|JSON_VERIFIED||3535|1d7def40-cf1c-4351-9280-db44ad611f47
2026-04-06 11:14:18|qwen|web_search_no_think|5|QUESTION|38|3535|1d7def40-cf1c-4351-9280-db44ad611f47
2026-04-06 11:14:18|qwen|web_search_no_think|5|JSON_SAVED||3535|1d7def40-cf1c-4351-9280-db44ad611f47
2026-04-06 11:14:18|qwen|web_search_no_think|5|QUESTION_ADVANCE||3536|16969b23-06c6-418b-919c-be9f75f1b3d8
2026-04-06 11:14:23|qwen|web_search_no_think|4|JSON_VERIFIED||3499|9376c13e-b90c-4d9d-8161-32e01deec42d
2026-04-06 11:14:23|qwen|web_search_no_think|4|QUESTION|53|3499|9376c13e-b90c-4d9d-8161-32e01deec42d
2026-04-06 11:14:23|qwen|web_search_no_think|4|JSON_SAVED||3499|9376c13e-b90c-4d9d-8161-32e01deec42d
2026-04-06 11:14:23|qwen|web_search_no_think|4|QUESTION_ADVANCE||3500|bae4907a-e1a2-479e-a013-3d85cf719c78
2026-04-06 11:14:24|qwen|web_search_no_think|2|QUESTION_SENT||3389|a023f180-7a6f-4fac-b332-e55aa04d6c9b
2026-04-06 11:14:26|qwen|web_search_no_think|3|QUESTION_SENT||3435|69132c74-43bc-476b-831a-91ff284e64d7
2026-04-06 11:14:46|qwen|web_search_no_think|5|QUESTION_SENT||3536|16969b23-06c6-418b-919c-be9f75f1b3d8
2026-04-06 11:14:53|qwen|web_search_no_think|4|QUESTION_SENT||3500|bae4907a-e1a2-479e-a013-3d85cf719c78
2026-04-06 11:15:07|qwen|web_search_no_think|0|JSON_VERIFIED||3278|bea6cee5-ca18-4194-a4a5-034dfbc7d3f2
2026-04-06 11:15:07|qwen|web_search_no_think|0|QUESTION|33|3278|bea6cee5-ca18-4194-a4a5-034dfbc7d3f2
2026-04-06 11:15:07|qwen|web_search_no_think|0|JSON_SAVED||3278|bea6cee5-ca18-4194-a4a5-034dfbc7d3f2
2026-04-06 11:15:07|qwen|web_search_no_think|0|QUESTION_ADVANCE||3279|fad6a651-8a4d-4917-854d-3135616cd17d
2026-04-06 11:15:19|qwen|web_search_no_think|2|JSON_VERIFIED||3389|a023f180-7a6f-4fac-b332-e55aa04d6c9b
2026-04-06 11:15:19|qwen|web_search_no_think|2|QUESTION|44|3389|a023f180-7a6f-4fac-b332-e55aa04d6c9b
2026-04-06 11:15:19|qwen|web_search_no_think|2|JSON_SAVED||3389|a023f180-7a6f-4fac-b332-e55aa04d6c9b
2026-04-06 11:15:19|qwen|web_search_no_think|2|QUESTION_ADVANCE||3390|ff086b59-a145-4867-93ed-69543f065a24
2026-04-06 11:15:34|qwen|web_search_no_think|0|QUESTION_SENT||3279|fad6a651-8a4d-4917-854d-3135616cd17d
2026-04-06 11:15:47|qwen|web_search_no_think|2|QUESTION_SENT||3390|ff086b59-a145-4867-93ed-69543f065a24
2026-04-06 11:16:05|qwen|web_search_no_think|4|JSON_VERIFIED||3500|bae4907a-e1a2-479e-a013-3d85cf719c78
2026-04-06 11:16:05|qwen|web_search_no_think|4|QUESTION|54|3500|bae4907a-e1a2-479e-a013-3d85cf719c78
2026-04-06 11:16:05|qwen|web_search_no_think|4|JSON_SAVED||3500|bae4907a-e1a2-479e-a013-3d85cf719c78
2026-04-06 11:16:06|qwen|web_search_no_think|4|STOP||3501|
2026-04-06 11:16:16|qwen|web_search_no_think|1|JSON_VERIFY_FAILED||3333|9b3e9708-4863-407d-936b-d5ab5b42ca6b
2026-04-06 11:16:16|qwen|web_search_no_think|1|QUESTION|36|3333|9b3e9708-4863-407d-936b-d5ab5b42ca6b
2026-04-06 11:16:22|qwen|web_search_no_think|1|QUESTION_SENT||3333|9b3e9708-4863-407d-936b-d5ab5b42ca6b
2026-04-06 11:17:00|qwen|web_search_no_think|3|JSON_VERIFIED||3435|69132c74-43bc-476b-831a-91ff284e64d7
2026-04-06 11:17:00|qwen|web_search_no_think|3|QUESTION|41|3435|69132c74-43bc-476b-831a-91ff284e64d7
2026-04-06 11:17:00|qwen|web_search_no_think|3|JSON_SAVED||3435|69132c74-43bc-476b-831a-91ff284e64d7
2026-04-06 11:17:00|qwen|web_search_no_think|3|QUESTION_ADVANCE||3436|361956c1-fb3c-4ab1-91bb-3b07c15317de
2026-04-06 11:17:12|qwen|web_search_no_think|0|JSON_VERIFIED||3279|fad6a651-8a4d-4917-854d-3135616cd17d
2026-04-06 11:17:12|qwen|web_search_no_think|0|QUESTION|34|3279|fad6a651-8a4d-4917-854d-3135616cd17d
2026-04-06 11:17:12|qwen|web_search_no_think|0|JSON_SAVED||3279|fad6a651-8a4d-4917-854d-3135616cd17d
2026-04-06 11:17:12|qwen|web_search_no_think|0|QUESTION_ADVANCE||3280|bc625d36-d316-4bd0-8af6-f30714383551
2026-04-06 11:17:28|qwen|web_search_no_think|3|QUESTION_SENT||3436|361956c1-fb3c-4ab1-91bb-3b07c15317de
2026-04-06 11:17:39|qwen|web_search_no_think|0|QUESTION_SENT||3280|bc625d36-d316-4bd0-8af6-f30714383551
2026-04-06 11:17:40|qwen|web_search_no_think|5|JSON_VERIFIED||3536|16969b23-06c6-418b-919c-be9f75f1b3d8
2026-04-06 11:17:40|qwen|web_search_no_think|5|QUESTION|39|3536|16969b23-06c6-418b-919c-be9f75f1b3d8
2026-04-06 11:17:40|qwen|web_search_no_think|5|JSON_SAVED||3536|16969b23-06c6-418b-919c-be9f75f1b3d8
2026-04-06 11:17:40|qwen|web_search_no_think|5|QUESTION_ADVANCE||3537|52813e55-ac0b-418e-9ca8-ea266d940f98
2026-04-06 11:17:53|qwen|web_search_no_think|3|JSON_VERIFY_FAILED||3436|361956c1-fb3c-4ab1-91bb-3b07c15317de
2026-04-06 11:17:53|qwen|web_search_no_think|3|QUESTION|42|3436|361956c1-fb3c-4ab1-91bb-3b07c15317de
2026-04-06 11:18:08|qwen|web_search_no_think|5|QUESTION_SENT||3537|52813e55-ac0b-418e-9ca8-ea266d940f98
2026-04-06 11:18:20|qwen|web_search_no_think|3|QUESTION_SENT||3436|361956c1-fb3c-4ab1-91bb-3b07c15317de
2026-04-06 11:18:27|qwen|web_search_no_think|1|QUESTION_SENT||3333|9b3e9708-4863-407d-936b-d5ab5b42ca6b
2026-04-06 11:18:57|qwen|web_search_no_think|0|JSON_VERIFIED||3280|bc625d36-d316-4bd0-8af6-f30714383551
2026-04-06 11:18:57|qwen|web_search_no_think|0|QUESTION|35|3280|bc625d36-d316-4bd0-8af6-f30714383551
2026-04-06 11:18:57|qwen|web_search_no_think|0|JSON_SAVED||3280|bc625d36-d316-4bd0-8af6-f30714383551
2026-04-06 11:18:57|qwen|web_search_no_think|0|QUESTION_ADVANCE||3281|0c9cf2bb-a2bc-4ff6-bdf7-e8ed1b0c91aa
2026-04-06 11:19:01|qwen|web_search_no_think|2|JSON_VERIFIED||3390|ff086b59-a145-4867-93ed-69543f065a24
2026-04-06 11:19:01|qwen|web_search_no_think|2|QUESTION|45|3390|ff086b59-a145-4867-93ed-69543f065a24
2026-04-06 11:19:01|qwen|web_search_no_think|2|JSON_SAVED||3390|ff086b59-a145-4867-93ed-69543f065a24
2026-04-06 11:19:01|qwen|web_search_no_think|2|QUESTION_ADVANCE||3391|714432d6-77f2-432a-ab6c-8f4b93f7e446
2026-04-06 11:19:25|qwen|web_search_no_think|0|QUESTION_SENT||3281|0c9cf2bb-a2bc-4ff6-bdf7-e8ed1b0c91aa
2026-04-06 11:19:26|qwen|web_search_no_think|5|JSON_VERIFIED||3537|52813e55-ac0b-418e-9ca8-ea266d940f98
2026-04-06 11:19:26|qwen|web_search_no_think|5|QUESTION|40|3537|52813e55-ac0b-418e-9ca8-ea266d940f98
2026-04-06 11:19:26|qwen|web_search_no_think|5|JSON_SAVED||3537|52813e55-ac0b-418e-9ca8-ea266d940f98
2026-04-06 11:19:26|qwen|web_search_no_think|5|QUESTION_ADVANCE||3538|cc22d768-c048-452c-a448-f985b6dfe729
2026-04-06 11:19:28|qwen|web_search_no_think|2|QUESTION_SENT||3391|714432d6-77f2-432a-ab6c-8f4b93f7e446
2026-04-06 11:19:53|qwen|web_search_no_think|5|QUESTION_SENT||3538|cc22d768-c048-452c-a448-f985b6dfe729
2026-04-06 11:20:14|qwen|web_search_no_think|0|JSON_VERIFY_FAILED||3281|0c9cf2bb-a2bc-4ff6-bdf7-e8ed1b0c91aa
2026-04-06 11:20:14|qwen|web_search_no_think|0|QUESTION|36|3281|0c9cf2bb-a2bc-4ff6-bdf7-e8ed1b0c91aa
2026-04-06 11:20:42|qwen|web_search_no_think|0|QUESTION_SENT||3281|0c9cf2bb-a2bc-4ff6-bdf7-e8ed1b0c91aa
2026-04-06 11:20:52|qwen|web_search_no_think|1|JSON_VERIFIED||3333|9b3e9708-4863-407d-936b-d5ab5b42ca6b
2026-04-06 11:20:52|qwen|web_search_no_think|1|QUESTION|37|3333|9b3e9708-4863-407d-936b-d5ab5b42ca6b
2026-04-06 11:20:52|qwen|web_search_no_think|1|JSON_SAVED||3333|9b3e9708-4863-407d-936b-d5ab5b42ca6b
2026-04-06 11:20:52|qwen|web_search_no_think|1|QUESTION_ADVANCE||3334|156996fb-db30-4502-93ac-971d72b78207
2026-04-06 11:21:20|qwen|web_search_no_think|1|QUESTION_SENT||3334|156996fb-db30-4502-93ac-971d72b78207
2026-04-06 11:21:49|qwen|web_search_no_think|3|JSON_VERIFIED||3436|361956c1-fb3c-4ab1-91bb-3b07c15317de
2026-04-06 11:21:49|qwen|web_search_no_think|3|QUESTION|43|3436|361956c1-fb3c-4ab1-91bb-3b07c15317de
2026-04-06 11:21:49|qwen|web_search_no_think|3|JSON_SAVED||3436|361956c1-fb3c-4ab1-91bb-3b07c15317de
2026-04-06 11:21:49|qwen|web_search_no_think|3|QUESTION_ADVANCE||3437|ae014579-37fe-46fe-8638-fea6b44081a3
2026-04-06 11:21:53|qwen|web_search_no_think|5|JSON_VERIFIED||3538|cc22d768-c048-452c-a448-f985b6dfe729
2026-04-06 11:21:53|qwen|web_search_no_think|5|QUESTION|41|3538|cc22d768-c048-452c-a448-f985b6dfe729
2026-04-06 11:21:53|qwen|web_search_no_think|5|JSON_SAVED||3538|cc22d768-c048-452c-a448-f985b6dfe729
2026-04-06 11:21:53|qwen|web_search_no_think|5|QUESTION_ADVANCE||3539|e31d4628-f8a4-46d0-8d58-08e1035fe22a
2026-04-06 11:22:04|qwen|web_search_no_think|2|JSON_VERIFIED||3391|714432d6-77f2-432a-ab6c-8f4b93f7e446
2026-04-06 11:22:04|qwen|web_search_no_think|2|QUESTION|46|3391|714432d6-77f2-432a-ab6c-8f4b93f7e446
2026-04-06 11:22:04|qwen|web_search_no_think|2|JSON_SAVED||3391|714432d6-77f2-432a-ab6c-8f4b93f7e446
2026-04-06 11:22:04|qwen|web_search_no_think|2|QUESTION_ADVANCE||3392|3d26d477-d640-4c7f-a5cf-62c45ce35d07
2026-04-06 11:22:16|qwen|web_search_no_think|3|QUESTION_SENT||3437|ae014579-37fe-46fe-8638-fea6b44081a3
2026-04-06 11:22:20|qwen|web_search_no_think|5|QUESTION_SENT||3539|e31d4628-f8a4-46d0-8d58-08e1035fe22a
2026-04-06 11:22:32|qwen|web_search_no_think|2|QUESTION_SENT||3392|3d26d477-d640-4c7f-a5cf-62c45ce35d07
2026-04-06 11:22:46|qwen|web_search_no_think|0|JSON_VERIFIED||3281|0c9cf2bb-a2bc-4ff6-bdf7-e8ed1b0c91aa
2026-04-06 11:22:46|qwen|web_search_no_think|0|QUESTION|37|3281|0c9cf2bb-a2bc-4ff6-bdf7-e8ed1b0c91aa
2026-04-06 11:22:46|qwen|web_search_no_think|0|JSON_SAVED||3281|0c9cf2bb-a2bc-4ff6-bdf7-e8ed1b0c91aa
2026-04-06 11:22:46|qwen|web_search_no_think|0|QUESTION_ADVANCE||3282|d7ac06de-0a52-4de1-911c-82ea641b403e
2026-04-06 11:23:12|qwen|web_search_no_think|0|QUESTION_SENT||3282|d7ac06de-0a52-4de1-911c-82ea641b403e
2026-04-06 11:23:58|qwen|web_search_no_think|1|JSON_VERIFIED||3334|156996fb-db30-4502-93ac-971d72b78207
2026-04-06 11:23:58|qwen|web_search_no_think|1|QUESTION|38|3334|156996fb-db30-4502-93ac-971d72b78207
2026-04-06 11:23:58|qwen|web_search_no_think|1|JSON_SAVED||3334|156996fb-db30-4502-93ac-971d72b78207
2026-04-06 11:23:58|qwen|web_search_no_think|1|QUESTION_ADVANCE||3335|4e2f903c-28af-4b36-a7a7-73defd3ae489
2026-04-06 11:24:16|qwen|web_search_no_think|0|JSON_VERIFIED||3282|d7ac06de-0a52-4de1-911c-82ea641b403e
2026-04-06 11:24:16|qwen|web_search_no_think|0|QUESTION|38|3282|d7ac06de-0a52-4de1-911c-82ea641b403e
2026-04-06 11:24:16|qwen|web_search_no_think|0|JSON_SAVED||3282|d7ac06de-0a52-4de1-911c-82ea641b403e
2026-04-06 11:24:16|qwen|web_search_no_think|0|QUESTION_ADVANCE||3283|a2c518b5-dec7-4e1c-9055-abb7559bdd06
2026-04-06 11:24:25|qwen|web_search_no_think|1|QUESTION_SENT||3335|4e2f903c-28af-4b36-a7a7-73defd3ae489
2026-04-06 11:24:42|qwen|web_search_no_think|3|JSON_VERIFIED||3437|ae014579-37fe-46fe-8638-fea6b44081a3
2026-04-06 11:24:42|qwen|web_search_no_think|3|QUESTION|44|3437|ae014579-37fe-46fe-8638-fea6b44081a3
2026-04-06 11:24:42|qwen|web_search_no_think|3|JSON_SAVED||3437|ae014579-37fe-46fe-8638-fea6b44081a3
2026-04-06 11:24:42|qwen|web_search_no_think|3|QUESTION_ADVANCE||3438|e146b9b5-b9d2-4a32-a509-ca9af7004a4c
2026-04-06 11:24:43|qwen|web_search_no_think|0|QUESTION_SENT||3283|a2c518b5-dec7-4e1c-9055-abb7559bdd06
2026-04-06 11:25:31|qwen|web_search_no_think|2|JSON_VERIFIED||3392|3d26d477-d640-4c7f-a5cf-62c45ce35d07
2026-04-06 11:25:31|qwen|web_search_no_think|2|QUESTION|47|3392|3d26d477-d640-4c7f-a5cf-62c45ce35d07
2026-04-06 11:25:31|qwen|web_search_no_think|2|JSON_SAVED||3392|3d26d477-d640-4c7f-a5cf-62c45ce35d07
2026-04-06 11:25:31|qwen|web_search_no_think|2|QUESTION_ADVANCE||3393|e2681b8b-403c-4881-a79e-a62ed79224c5
2026-04-06 11:25:42|qwen|web_search_no_think|0|JSON_VERIFIED||3283|a2c518b5-dec7-4e1c-9055-abb7559bdd06
2026-04-06 11:25:42|qwen|web_search_no_think|0|QUESTION|39|3283|a2c518b5-dec7-4e1c-9055-abb7559bdd06
2026-04-06 11:25:42|qwen|web_search_no_think|0|JSON_SAVED||3283|a2c518b5-dec7-4e1c-9055-abb7559bdd06
2026-04-06 11:25:42|qwen|web_search_no_think|0|QUESTION_ADVANCE||3284|cd04c9c7-c91f-4bfb-87db-e3a8b0af41aa
2026-04-06 11:25:59|qwen|web_search_no_think|2|QUESTION_SENT||3393|e2681b8b-403c-4881-a79e-a62ed79224c5
2026-04-06 11:26:01|qwen|web_search_no_think|3|QUESTION_SENT||3438|e146b9b5-b9d2-4a32-a509-ca9af7004a4c
2026-04-06 11:26:09|qwen|web_search_no_think|0|QUESTION_SENT||3284|cd04c9c7-c91f-4bfb-87db-e3a8b0af41aa
2026-04-06 11:26:10|qwen|web_search_no_think|5|JSON_VERIFY_FAILED||3539|e31d4628-f8a4-46d0-8d58-08e1035fe22a
2026-04-06 11:26:10|qwen|web_search_no_think|5|QUESTION|42|3539|e31d4628-f8a4-46d0-8d58-08e1035fe22a
2026-04-06 11:26:38|qwen|web_search_no_think|5|QUESTION_SENT||3539|e31d4628-f8a4-46d0-8d58-08e1035fe22a
2026-04-06 11:27:12|qwen|web_search_no_think|1|JSON_VERIFIED||3335|4e2f903c-28af-4b36-a7a7-73defd3ae489
2026-04-06 11:27:12|qwen|web_search_no_think|1|QUESTION|39|3335|4e2f903c-28af-4b36-a7a7-73defd3ae489
2026-04-06 11:27:12|qwen|web_search_no_think|1|JSON_SAVED||3335|4e2f903c-28af-4b36-a7a7-73defd3ae489
2026-04-06 11:27:12|qwen|web_search_no_think|1|QUESTION_ADVANCE||3336|fbcb5d8c-fbe9-4ca9-b2ae-9d4b5e8e52ff
2026-04-06 11:27:24|qwen|web_search_no_think|2|JSON_VERIFY_FAILED||3393|e2681b8b-403c-4881-a79e-a62ed79224c5
2026-04-06 11:27:24|qwen|web_search_no_think|2|QUESTION|48|3393|e2681b8b-403c-4881-a79e-a62ed79224c5
2026-04-06 11:27:39|qwen|web_search_no_think|1|QUESTION_SENT||3336|fbcb5d8c-fbe9-4ca9-b2ae-9d4b5e8e52ff
2026-04-06 11:27:52|qwen|web_search_no_think|2|QUESTION_SENT||3393|e2681b8b-403c-4881-a79e-a62ed79224c5
2026-04-06 11:27:58|qwen|web_search_no_think|3|JSON_VERIFIED||3438|e146b9b5-b9d2-4a32-a509-ca9af7004a4c
2026-04-06 11:27:58|qwen|web_search_no_think|3|QUESTION|45|3438|e146b9b5-b9d2-4a32-a509-ca9af7004a4c
2026-04-06 11:27:58|qwen|web_search_no_think|3|JSON_SAVED||3438|e146b9b5-b9d2-4a32-a509-ca9af7004a4c
2026-04-06 11:27:58|qwen|web_search_no_think|3|QUESTION_ADVANCE||3439|dc53af53-25e7-42f7-bba0-2bfe774be42c
2026-04-06 11:28:27|qwen|web_search_no_think|3|QUESTION_SENT||3439|dc53af53-25e7-42f7-bba0-2bfe774be42c
2026-04-06 11:28:57|qwen|web_search_no_think|5|JSON_VERIFIED||3539|e31d4628-f8a4-46d0-8d58-08e1035fe22a
2026-04-06 11:28:57|qwen|web_search_no_think|5|QUESTION|43|3539|e31d4628-f8a4-46d0-8d58-08e1035fe22a
2026-04-06 11:28:57|qwen|web_search_no_think|5|JSON_SAVED||3539|e31d4628-f8a4-46d0-8d58-08e1035fe22a
2026-04-06 11:28:57|qwen|web_search_no_think|5|QUESTION_ADVANCE||3540|1824f4f2-6250-4b28-af10-0454c411eeee
2026-04-06 11:29:25|qwen|web_search_no_think|5|QUESTION_SENT||3540|1824f4f2-6250-4b28-af10-0454c411eeee
2026-04-06 11:29:36|qwen|web_search_no_think|1|JSON_VERIFIED||3336|fbcb5d8c-fbe9-4ca9-b2ae-9d4b5e8e52ff
2026-04-06 11:29:36|qwen|web_search_no_think|1|QUESTION|40|3336|fbcb5d8c-fbe9-4ca9-b2ae-9d4b5e8e52ff
2026-04-06 11:29:36|qwen|web_search_no_think|1|JSON_SAVED||3336|fbcb5d8c-fbe9-4ca9-b2ae-9d4b5e8e52ff
2026-04-06 11:29:36|qwen|web_search_no_think|1|QUESTION_ADVANCE||3337|70924fbe-6ee4-438d-bc00-f8ce3fafe483
2026-04-06 11:30:03|qwen|web_search_no_think|1|QUESTION_SENT||3337|70924fbe-6ee4-438d-bc00-f8ce3fafe483
2026-04-06 11:30:13|qwen|web_search_no_think|0|JSON_VERIFIED||3284|cd04c9c7-c91f-4bfb-87db-e3a8b0af41aa
2026-04-06 11:30:13|qwen|web_search_no_think|0|QUESTION|40|3284|cd04c9c7-c91f-4bfb-87db-e3a8b0af41aa
2026-04-06 11:30:13|qwen|web_search_no_think|0|JSON_SAVED||3284|cd04c9c7-c91f-4bfb-87db-e3a8b0af41aa
2026-04-06 11:30:13|qwen|web_search_no_think|0|QUESTION_ADVANCE||3285|dbd404ee-3cdc-4912-936d-5dd72d63b2a1
2026-04-06 11:30:33|qwen|web_search_no_think|3|JSON_VERIFIED||3439|dc53af53-25e7-42f7-bba0-2bfe774be42c
2026-04-06 11:30:33|qwen|web_search_no_think|3|QUESTION|46|3439|dc53af53-25e7-42f7-bba0-2bfe774be42c
2026-04-06 11:30:33|qwen|web_search_no_think|3|JSON_SAVED||3439|dc53af53-25e7-42f7-bba0-2bfe774be42c
2026-04-06 11:30:33|qwen|web_search_no_think|3|QUESTION_ADVANCE||3440|38582a5f-01fe-4d41-8a4e-3f7d9d05198c
2026-04-06 11:30:40|qwen|web_search_no_think|0|QUESTION_SENT||3285|dbd404ee-3cdc-4912-936d-5dd72d63b2a1
2026-04-06 11:30:52|qwen|web_search_no_think|2|JSON_VERIFIED||3393|e2681b8b-403c-4881-a79e-a62ed79224c5
2026-04-06 11:30:52|qwen|web_search_no_think|2|QUESTION|49|3393|e2681b8b-403c-4881-a79e-a62ed79224c5
2026-04-06 11:30:52|qwen|web_search_no_think|2|JSON_SAVED||3393|e2681b8b-403c-4881-a79e-a62ed79224c5
2026-04-06 11:30:52|qwen|web_search_no_think|2|QUESTION_ADVANCE||3394|3414ec01-e2c5-4af9-9b2f-88c78d8ee5e6
2026-04-06 11:31:00|qwen|web_search_no_think|3|QUESTION_SENT||3440|38582a5f-01fe-4d41-8a4e-3f7d9d05198c
2026-04-06 11:31:19|qwen|web_search_no_think|5|JSON_VERIFIED||3540|1824f4f2-6250-4b28-af10-0454c411eeee
2026-04-06 11:31:19|qwen|web_search_no_think|5|QUESTION|44|3540|1824f4f2-6250-4b28-af10-0454c411eeee
2026-04-06 11:31:19|qwen|web_search_no_think|5|JSON_SAVED||3540|1824f4f2-6250-4b28-af10-0454c411eeee
2026-04-06 11:31:19|qwen|web_search_no_think|5|QUESTION_ADVANCE||3541|05646d7a-b947-4b59-8261-ee387d6749a2
2026-04-06 11:31:19|qwen|web_search_no_think|2|QUESTION_SENT||3394|3414ec01-e2c5-4af9-9b2f-88c78d8ee5e6
2026-04-06 11:31:46|qwen|web_search_no_think|5|QUESTION_SENT||3541|05646d7a-b947-4b59-8261-ee387d6749a2
2026-04-06 11:32:29|qwen|web_search_no_think|3|JSON_VERIFIED||3440|38582a5f-01fe-4d41-8a4e-3f7d9d05198c
2026-04-06 11:32:29|qwen|web_search_no_think|3|QUESTION|47|3440|38582a5f-01fe-4d41-8a4e-3f7d9d05198c
2026-04-06 11:32:29|qwen|web_search_no_think|3|JSON_SAVED||3440|38582a5f-01fe-4d41-8a4e-3f7d9d05198c
2026-04-06 11:32:29|qwen|web_search_no_think|3|QUESTION_ADVANCE||3441|8ad544f0-4f36-4730-bd5e-9ae41c03cc99
2026-04-06 11:32:56|qwen|web_search_no_think|3|QUESTION_SENT||3441|8ad544f0-4f36-4730-bd5e-9ae41c03cc99
2026-04-06 11:33:18|qwen|web_search_no_think|5|JSON_VERIFIED||3541|05646d7a-b947-4b59-8261-ee387d6749a2
2026-04-06 11:33:18|qwen|web_search_no_think|5|QUESTION|45|3541|05646d7a-b947-4b59-8261-ee387d6749a2
2026-04-06 11:33:18|qwen|web_search_no_think|5|JSON_SAVED||3541|05646d7a-b947-4b59-8261-ee387d6749a2
2026-04-06 11:33:18|qwen|web_search_no_think|5|QUESTION_ADVANCE||3542|304847e8-b8e1-4f67-b189-f98c4f3d5b35
2026-04-06 11:33:45|qwen|web_search_no_think|5|QUESTION_SENT||3542|304847e8-b8e1-4f67-b189-f98c4f3d5b35
2026-04-06 11:33:55|qwen|web_search_no_think|0|JSON_VERIFIED||3285|dbd404ee-3cdc-4912-936d-5dd72d63b2a1
2026-04-06 11:33:55|qwen|web_search_no_think|0|QUESTION|41|3285|dbd404ee-3cdc-4912-936d-5dd72d63b2a1
2026-04-06 11:33:55|qwen|web_search_no_think|0|JSON_SAVED||3285|dbd404ee-3cdc-4912-936d-5dd72d63b2a1
2026-04-06 11:33:55|qwen|web_search_no_think|0|QUESTION_ADVANCE||3286|c71b645b-260e-4a4b-9658-619b2f96912c
2026-04-06 11:34:07|qwen|web_search_no_think|2|JSON_VERIFIED||3394|3414ec01-e2c5-4af9-9b2f-88c78d8ee5e6
2026-04-06 11:34:07|qwen|web_search_no_think|2|QUESTION|50|3394|3414ec01-e2c5-4af9-9b2f-88c78d8ee5e6
2026-04-06 11:34:07|qwen|web_search_no_think|2|JSON_SAVED||3394|3414ec01-e2c5-4af9-9b2f-88c78d8ee5e6
2026-04-06 11:34:07|qwen|web_search_no_think|2|QUESTION_ADVANCE||3395|c4707029-2d16-4b8a-a1e6-eb053a31f9fc
2026-04-06 11:34:22|qwen|web_search_no_think|0|QUESTION_SENT||3286|c71b645b-260e-4a4b-9658-619b2f96912c
2026-04-06 11:34:34|qwen|web_search_no_think|2|QUESTION_SENT||3395|c4707029-2d16-4b8a-a1e6-eb053a31f9fc
2026-04-06 11:34:38|qwen|web_search_no_think|1|QUESTION_SENT||3337|70924fbe-6ee4-438d-bc00-f8ce3fafe483
2026-04-06 11:35:54|qwen|web_search_no_think|5|JSON_VERIFIED||3542|304847e8-b8e1-4f67-b189-f98c4f3d5b35
2026-04-06 11:35:54|qwen|web_search_no_think|5|QUESTION|46|3542|304847e8-b8e1-4f67-b189-f98c4f3d5b35
2026-04-06 11:35:54|qwen|web_search_no_think|5|JSON_SAVED||3542|304847e8-b8e1-4f67-b189-f98c4f3d5b35
2026-04-06 11:35:54|qwen|web_search_no_think|5|QUESTION_ADVANCE||3543|753024e4-f85d-4822-b0b4-91dd7c8fcda6
2026-04-06 11:36:18|qwen|web_search_no_think|0|JSON_VERIFIED||3286|c71b645b-260e-4a4b-9658-619b2f96912c
2026-04-06 11:36:18|qwen|web_search_no_think|0|QUESTION|42|3286|c71b645b-260e-4a4b-9658-619b2f96912c
2026-04-06 11:36:18|qwen|web_search_no_think|0|JSON_SAVED||3286|c71b645b-260e-4a4b-9658-619b2f96912c
2026-04-06 11:36:18|qwen|web_search_no_think|0|QUESTION_ADVANCE||3287|7040cee2-a9b1-4a6a-8631-c0620ccaf3db
2026-04-06 11:36:21|qwen|web_search_no_think|5|QUESTION_SENT||3543|753024e4-f85d-4822-b0b4-91dd7c8fcda6
2026-04-06 11:36:35|qwen|web_search_no_think|2|JSON_VERIFIED||3395|c4707029-2d16-4b8a-a1e6-eb053a31f9fc
2026-04-06 11:36:35|qwen|web_search_no_think|2|QUESTION|51|3395|c4707029-2d16-4b8a-a1e6-eb053a31f9fc
2026-04-06 11:36:35|qwen|web_search_no_think|2|JSON_SAVED||3395|c4707029-2d16-4b8a-a1e6-eb053a31f9fc
2026-04-06 11:36:35|qwen|web_search_no_think|2|QUESTION_ADVANCE||3396|a6596655-791c-48e0-9e90-75c9b3043d01
2026-04-06 11:36:46|qwen|web_search_no_think|0|QUESTION_SENT||3287|7040cee2-a9b1-4a6a-8631-c0620ccaf3db
2026-04-06 11:36:59|qwen|web_search_no_think|1|JSON_VERIFIED||3337|70924fbe-6ee4-438d-bc00-f8ce3fafe483
2026-04-06 11:36:59|qwen|web_search_no_think|1|QUESTION|41|3337|70924fbe-6ee4-438d-bc00-f8ce3fafe483
2026-04-06 11:36:59|qwen|web_search_no_think|1|JSON_SAVED||3337|70924fbe-6ee4-438d-bc00-f8ce3fafe483
2026-04-06 11:36:59|qwen|web_search_no_think|1|QUESTION_ADVANCE||3338|482e8c42-d4c4-4b20-a087-08db4ad2bd79
2026-04-06 11:37:20|qwen|web_search_no_think|2|QUESTION_SENT||3396|a6596655-791c-48e0-9e90-75c9b3043d01
2026-04-06 11:37:24|qwen|web_search_no_think|5|JSON_VERIFIED||3543|753024e4-f85d-4822-b0b4-91dd7c8fcda6
2026-04-06 11:37:24|qwen|web_search_no_think|5|QUESTION|47|3543|753024e4-f85d-4822-b0b4-91dd7c8fcda6
2026-04-06 11:37:24|qwen|web_search_no_think|5|JSON_SAVED||3543|753024e4-f85d-4822-b0b4-91dd7c8fcda6
2026-04-06 11:37:24|qwen|web_search_no_think|5|QUESTION_ADVANCE||3544|86380675-ba3d-4bc0-9afc-65bf554dce7a
2026-04-06 11:37:27|qwen|web_search_no_think|1|QUESTION_SENT||3338|482e8c42-d4c4-4b20-a087-08db4ad2bd79
2026-04-06 11:37:51|qwen|web_search_no_think|5|QUESTION_SENT||3544|86380675-ba3d-4bc0-9afc-65bf554dce7a
2026-04-06 11:38:02|qwen|web_search_no_think|3|JSON_VERIFIED||3441|8ad544f0-4f36-4730-bd5e-9ae41c03cc99
2026-04-06 11:38:02|qwen|web_search_no_think|3|QUESTION|48|3441|8ad544f0-4f36-4730-bd5e-9ae41c03cc99
2026-04-06 11:38:02|qwen|web_search_no_think|3|JSON_SAVED||3441|8ad544f0-4f36-4730-bd5e-9ae41c03cc99
2026-04-06 11:38:02|qwen|web_search_no_think|3|QUESTION_ADVANCE||3442|b250482f-178a-486d-8a2b-1bf990d09de7
2026-04-06 11:38:29|qwen|web_search_no_think|3|QUESTION_SENT||3442|b250482f-178a-486d-8a2b-1bf990d09de7
2026-04-06 11:38:55|qwen|web_search_no_think|0|JSON_VERIFIED||3287|7040cee2-a9b1-4a6a-8631-c0620ccaf3db
2026-04-06 11:38:55|qwen|web_search_no_think|0|QUESTION|43|3287|7040cee2-a9b1-4a6a-8631-c0620ccaf3db
2026-04-06 11:38:55|qwen|web_search_no_think|0|JSON_SAVED||3287|7040cee2-a9b1-4a6a-8631-c0620ccaf3db
2026-04-06 11:38:55|qwen|web_search_no_think|0|QUESTION_ADVANCE||3288|1e1ec4bb-793f-45ee-9760-757f5302c2c5
2026-04-06 11:39:02|qwen|web_search_no_think|1|JSON_VERIFIED||3338|482e8c42-d4c4-4b20-a087-08db4ad2bd79
2026-04-06 11:39:02|qwen|web_search_no_think|1|QUESTION|42|3338|482e8c42-d4c4-4b20-a087-08db4ad2bd79
2026-04-06 11:39:02|qwen|web_search_no_think|1|JSON_SAVED||3338|482e8c42-d4c4-4b20-a087-08db4ad2bd79
2026-04-06 11:39:02|qwen|web_search_no_think|1|QUESTION_ADVANCE||3339|3eb8ea98-ce4f-4f54-a1bd-f0950be32c92
2026-04-06 11:39:22|qwen|web_search_no_think|0|QUESTION_SENT||3288|1e1ec4bb-793f-45ee-9760-757f5302c2c5
2026-04-06 11:39:29|qwen|web_search_no_think|1|QUESTION_SENT||3339|3eb8ea98-ce4f-4f54-a1bd-f0950be32c92
2026-04-06 11:39:39|qwen|web_search_no_think|2|JSON_VERIFIED||3396|a6596655-791c-48e0-9e90-75c9b3043d01
2026-04-06 11:39:39|qwen|web_search_no_think|2|QUESTION|52|3396|a6596655-791c-48e0-9e90-75c9b3043d01
2026-04-06 11:39:39|qwen|web_search_no_think|2|JSON_SAVED||3396|a6596655-791c-48e0-9e90-75c9b3043d01
2026-04-06 11:39:39|qwen|web_search_no_think|2|QUESTION_ADVANCE||3397|bfb952de-6213-4c15-9e0f-eb28207be4c4
2026-04-06 11:40:06|qwen|web_search_no_think|2|QUESTION_SENT||3397|bfb952de-6213-4c15-9e0f-eb28207be4c4
2026-04-06 11:40:16|qwen|web_search_no_think|3|JSON_VERIFIED||3442|b250482f-178a-486d-8a2b-1bf990d09de7
2026-04-06 11:40:16|qwen|web_search_no_think|3|QUESTION|49|3442|b250482f-178a-486d-8a2b-1bf990d09de7
2026-04-06 11:40:16|qwen|web_search_no_think|3|JSON_SAVED||3442|b250482f-178a-486d-8a2b-1bf990d09de7
2026-04-06 11:40:16|qwen|web_search_no_think|3|QUESTION_ADVANCE||3443|10e06ce1-c9d6-4731-a164-fcb1a985bb2d
2026-04-06 11:40:17|qwen|web_search_no_think|5|JSON_VERIFIED||3544|86380675-ba3d-4bc0-9afc-65bf554dce7a
2026-04-06 11:40:17|qwen|web_search_no_think|5|QUESTION|48|3544|86380675-ba3d-4bc0-9afc-65bf554dce7a
2026-04-06 11:40:17|qwen|web_search_no_think|5|JSON_SAVED||3544|86380675-ba3d-4bc0-9afc-65bf554dce7a
2026-04-06 11:40:17|qwen|web_search_no_think|5|QUESTION_ADVANCE||3545|6603177c-730e-47f3-a967-f89cc36e9161
2026-04-06 11:40:44|qwen|web_search_no_think|3|QUESTION_SENT||3443|10e06ce1-c9d6-4731-a164-fcb1a985bb2d
2026-04-06 11:40:44|qwen|web_search_no_think|5|QUESTION_SENT||3545|6603177c-730e-47f3-a967-f89cc36e9161
2026-04-06 11:40:53|qwen|web_search_no_think|1|JSON_VERIFIED||3339|3eb8ea98-ce4f-4f54-a1bd-f0950be32c92
2026-04-06 11:40:53|qwen|web_search_no_think|1|QUESTION|43|3339|3eb8ea98-ce4f-4f54-a1bd-f0950be32c92
2026-04-06 11:40:53|qwen|web_search_no_think|1|JSON_SAVED||3339|3eb8ea98-ce4f-4f54-a1bd-f0950be32c92
2026-04-06 11:40:53|qwen|web_search_no_think|1|QUESTION_ADVANCE||3340|a9c88e2b-177b-4c6b-aa7e-60466161623e
2026-04-06 11:41:13|qwen|web_search_no_think|0|JSON_VERIFIED||3288|1e1ec4bb-793f-45ee-9760-757f5302c2c5
2026-04-06 11:41:13|qwen|web_search_no_think|0|QUESTION|44|3288|1e1ec4bb-793f-45ee-9760-757f5302c2c5
2026-04-06 11:41:13|qwen|web_search_no_think|0|JSON_SAVED||3288|1e1ec4bb-793f-45ee-9760-757f5302c2c5
2026-04-06 11:41:13|qwen|web_search_no_think|0|QUESTION_ADVANCE||3289|8f8ae4fa-5784-402f-b03e-0230bc25daa8
2026-04-06 11:41:19|qwen|web_search_no_think|1|QUESTION_SENT||3340|a9c88e2b-177b-4c6b-aa7e-60466161623e
2026-04-06 11:41:39|qwen|web_search_no_think|0|QUESTION_SENT||3289|8f8ae4fa-5784-402f-b03e-0230bc25daa8
2026-04-06 11:42:57|qwen|web_search_no_think|5|JSON_VERIFIED||3545|6603177c-730e-47f3-a967-f89cc36e9161
2026-04-06 11:42:57|qwen|web_search_no_think|5|QUESTION|49|3545|6603177c-730e-47f3-a967-f89cc36e9161
2026-04-06 11:42:57|qwen|web_search_no_think|5|JSON_SAVED||3545|6603177c-730e-47f3-a967-f89cc36e9161
2026-04-06 11:42:57|qwen|web_search_no_think|5|QUESTION_ADVANCE||3546|3af3c788-20fc-41bb-9d68-1225f89bbdcb
2026-04-06 11:43:24|qwen|web_search_no_think|5|QUESTION_SENT||3546|3af3c788-20fc-41bb-9d68-1225f89bbdcb
2026-04-06 11:43:47|qwen|web_search_no_think|1|JSON_VERIFIED||3340|a9c88e2b-177b-4c6b-aa7e-60466161623e
2026-04-06 11:43:47|qwen|web_search_no_think|1|QUESTION|44|3340|a9c88e2b-177b-4c6b-aa7e-60466161623e
2026-04-06 11:43:47|qwen|web_search_no_think|1|JSON_SAVED||3340|a9c88e2b-177b-4c6b-aa7e-60466161623e
2026-04-06 11:43:47|qwen|web_search_no_think|1|QUESTION_ADVANCE||3341|2eaf9327-ce16-4215-93ae-8c9be2f9acc0
2026-04-06 11:44:09|qwen|web_search_no_think|3|JSON_VERIFIED||3443|10e06ce1-c9d6-4731-a164-fcb1a985bb2d
2026-04-06 11:44:09|qwen|web_search_no_think|3|QUESTION|50|3443|10e06ce1-c9d6-4731-a164-fcb1a985bb2d
2026-04-06 11:44:09|qwen|web_search_no_think|3|JSON_SAVED||3443|10e06ce1-c9d6-4731-a164-fcb1a985bb2d
2026-04-06 11:44:09|qwen|web_search_no_think|3|QUESTION_ADVANCE||3444|b942764a-15dd-48a0-b3b1-c3fb4860ea30
2026-04-06 11:44:14|qwen|web_search_no_think|1|QUESTION_SENT||3341|2eaf9327-ce16-4215-93ae-8c9be2f9acc0
2026-04-06 11:44:16|qwen|web_search_no_think|0|JSON_VERIFIED||3289|8f8ae4fa-5784-402f-b03e-0230bc25daa8
2026-04-06 11:44:16|qwen|web_search_no_think|0|QUESTION|45|3289|8f8ae4fa-5784-402f-b03e-0230bc25daa8
2026-04-06 11:44:16|qwen|web_search_no_think|0|JSON_SAVED||3289|8f8ae4fa-5784-402f-b03e-0230bc25daa8
2026-04-06 11:44:16|qwen|web_search_no_think|0|QUESTION_ADVANCE||3290|9023b345-c738-4010-aa47-702ce0e91d92
2026-04-06 11:44:37|qwen|web_search_no_think|3|QUESTION_SENT||3444|b942764a-15dd-48a0-b3b1-c3fb4860ea30
2026-04-06 11:44:37|qwen|web_search_no_think|5|JSON_VERIFY_FAILED||3546|3af3c788-20fc-41bb-9d68-1225f89bbdcb
2026-04-06 11:44:37|qwen|web_search_no_think|5|QUESTION|50|3546|3af3c788-20fc-41bb-9d68-1225f89bbdcb
2026-04-06 11:44:43|qwen|web_search_no_think|0|QUESTION_SENT||3290|9023b345-c738-4010-aa47-702ce0e91d92
2026-04-06 11:44:43|qwen|web_search_no_think|2|QUESTION_SENT||3397|bfb952de-6213-4c15-9e0f-eb28207be4c4
2026-04-06 11:45:04|qwen|web_search_no_think|5|QUESTION_SENT||3546|3af3c788-20fc-41bb-9d68-1225f89bbdcb
2026-04-06 11:45:18|qwen|web_search_no_think|1|JSON_VERIFY_FAILED||3341|2eaf9327-ce16-4215-93ae-8c9be2f9acc0
2026-04-06 11:45:18|qwen|web_search_no_think|1|QUESTION|45|3341|2eaf9327-ce16-4215-93ae-8c9be2f9acc0
2026-04-06 11:45:45|qwen|web_search_no_think|1|QUESTION_SENT||3341|2eaf9327-ce16-4215-93ae-8c9be2f9acc0
2026-04-06 11:45:47|qwen|web_search_no_think|2|JSON_VERIFIED||3397|bfb952de-6213-4c15-9e0f-eb28207be4c4
2026-04-06 11:45:47|qwen|web_search_no_think|2|QUESTION|53|3397|bfb952de-6213-4c15-9e0f-eb28207be4c4
2026-04-06 11:45:47|qwen|web_search_no_think|2|JSON_SAVED||3397|bfb952de-6213-4c15-9e0f-eb28207be4c4
2026-04-06 11:45:47|qwen|web_search_no_think|2|QUESTION_ADVANCE||3398|552b81e6-5816-43bd-af5c-d3482ea42fa9
2026-04-06 11:46:12|qwen|web_search_no_think|1|JSON_VERIFY_FAILED||3341|2eaf9327-ce16-4215-93ae-8c9be2f9acc0
2026-04-06 11:46:12|qwen|web_search_no_think|1|QUESTION|46|3341|2eaf9327-ce16-4215-93ae-8c9be2f9acc0
2026-04-06 11:46:15|qwen|web_search_no_think|2|QUESTION_SENT||3398|552b81e6-5816-43bd-af5c-d3482ea42fa9
2026-04-06 11:46:26|qwen|web_search_no_think|5|JSON_VERIFIED||3546|3af3c788-20fc-41bb-9d68-1225f89bbdcb
2026-04-06 11:46:26|qwen|web_search_no_think|5|QUESTION|51|3546|3af3c788-20fc-41bb-9d68-1225f89bbdcb
2026-04-06 11:46:27|qwen|web_search_no_think|5|JSON_SAVED||3546|3af3c788-20fc-41bb-9d68-1225f89bbdcb
2026-04-06 11:46:27|qwen|web_search_no_think|5|QUESTION_ADVANCE||3547|c7231e84-f183-4d9d-b427-85e9dfcd5ff7
2026-04-06 11:46:39|qwen|web_search_no_think|1|QUESTION_SENT||3341|2eaf9327-ce16-4215-93ae-8c9be2f9acc0
2026-04-06 11:46:42|qwen|web_search_no_think|0|JSON_VERIFIED||3290|9023b345-c738-4010-aa47-702ce0e91d92
2026-04-06 11:46:42|qwen|web_search_no_think|0|QUESTION|46|3290|9023b345-c738-4010-aa47-702ce0e91d92
2026-04-06 11:46:42|qwen|web_search_no_think|0|JSON_SAVED||3290|9023b345-c738-4010-aa47-702ce0e91d92
2026-04-06 11:46:42|qwen|web_search_no_think|0|QUESTION_ADVANCE||3291|342356c2-eb0f-4d2b-bb01-e9d2fb18c245
2026-04-06 11:46:54|qwen|web_search_no_think|5|QUESTION_SENT||3547|c7231e84-f183-4d9d-b427-85e9dfcd5ff7
2026-04-06 11:47:10|qwen|web_search_no_think|0|QUESTION_SENT||3291|342356c2-eb0f-4d2b-bb01-e9d2fb18c245
2026-04-06 11:47:11|qwen|web_search_no_think|1|JSON_VERIFY_FAILED||3341|2eaf9327-ce16-4215-93ae-8c9be2f9acc0
2026-04-06 11:47:11|qwen|web_search_no_think|1|QUESTION|47|3341|2eaf9327-ce16-4215-93ae-8c9be2f9acc0
2026-04-06 11:47:38|qwen|web_search_no_think|1|QUESTION_SENT||3341|2eaf9327-ce16-4215-93ae-8c9be2f9acc0
2026-04-06 11:47:54|qwen|web_search_no_think|3|JSON_VERIFIED||3444|b942764a-15dd-48a0-b3b1-c3fb4860ea30
2026-04-06 11:47:54|qwen|web_search_no_think|3|QUESTION|51|3444|b942764a-15dd-48a0-b3b1-c3fb4860ea30
2026-04-06 11:47:54|qwen|web_search_no_think|3|JSON_SAVED||3444|b942764a-15dd-48a0-b3b1-c3fb4860ea30
2026-04-06 11:47:54|qwen|web_search_no_think|3|QUESTION_ADVANCE||3445|9b2e3dd6-aae0-4e37-af51-fdcf6343017f
2026-04-06 11:48:11|qwen|web_search_no_think|5|JSON_VERIFIED||3547|c7231e84-f183-4d9d-b427-85e9dfcd5ff7
2026-04-06 11:48:11|qwen|web_search_no_think|5|QUESTION|52|3547|c7231e84-f183-4d9d-b427-85e9dfcd5ff7
2026-04-06 11:48:11|qwen|web_search_no_think|5|JSON_SAVED||3547|c7231e84-f183-4d9d-b427-85e9dfcd5ff7
2026-04-06 11:48:11|qwen|web_search_no_think|5|QUESTION_ADVANCE||3548|c0ce0c33-31de-48b6-8964-32198042b7d6
2026-04-06 11:48:20|qwen|web_search_no_think|3|QUESTION_SENT||3445|9b2e3dd6-aae0-4e37-af51-fdcf6343017f
2026-04-06 11:48:38|qwen|web_search_no_think|5|QUESTION_SENT||3548|c0ce0c33-31de-48b6-8964-32198042b7d6
2026-04-06 11:48:47|qwen|web_search_no_think|2|JSON_VERIFIED||3398|552b81e6-5816-43bd-af5c-d3482ea42fa9
2026-04-06 11:48:47|qwen|web_search_no_think|2|QUESTION|54|3398|552b81e6-5816-43bd-af5c-d3482ea42fa9
2026-04-06 11:48:47|qwen|web_search_no_think|2|JSON_SAVED||3398|552b81e6-5816-43bd-af5c-d3482ea42fa9
2026-04-06 11:48:47|qwen|web_search_no_think|2|QUESTION_ADVANCE||3399|4e33abfd-62d5-44dd-8f2d-fb4d9dd99937
2026-04-06 11:49:02|qwen|web_search_no_think|1|JSON_VERIFIED||3341|2eaf9327-ce16-4215-93ae-8c9be2f9acc0
2026-04-06 11:49:02|qwen|web_search_no_think|1|QUESTION|48|3341|2eaf9327-ce16-4215-93ae-8c9be2f9acc0
2026-04-06 11:49:02|qwen|web_search_no_think|1|JSON_SAVED||3341|2eaf9327-ce16-4215-93ae-8c9be2f9acc0
2026-04-06 11:49:02|qwen|web_search_no_think|1|QUESTION_ADVANCE||3342|84c013cf-ee89-4adb-a37e-d7aa4dff0bd2
2026-04-06 11:49:14|qwen|web_search_no_think|2|QUESTION_SENT||3399|4e33abfd-62d5-44dd-8f2d-fb4d9dd99937
2026-04-06 11:49:29|qwen|web_search_no_think|1|QUESTION_SENT||3342|84c013cf-ee89-4adb-a37e-d7aa4dff0bd2
2026-04-06 11:50:15|qwen|web_search_no_think|3|JSON_VERIFIED||3445|9b2e3dd6-aae0-4e37-af51-fdcf6343017f
2026-04-06 11:50:15|qwen|web_search_no_think|3|QUESTION|52|3445|9b2e3dd6-aae0-4e37-af51-fdcf6343017f
2026-04-06 11:50:15|qwen|web_search_no_think|3|JSON_SAVED||3445|9b2e3dd6-aae0-4e37-af51-fdcf6343017f
2026-04-06 11:50:15|qwen|web_search_no_think|3|QUESTION_ADVANCE||3446|bc3e7183-82b7-4bb1-a77d-21a204d7fc98
2026-04-06 11:50:42|qwen|web_search_no_think|3|QUESTION_SENT||3446|bc3e7183-82b7-4bb1-a77d-21a204d7fc98
2026-04-06 11:50:48|qwen|web_search_no_think|0|JSON_VERIFIED||3291|342356c2-eb0f-4d2b-bb01-e9d2fb18c245
2026-04-06 11:50:48|qwen|web_search_no_think|0|QUESTION|47|3291|342356c2-eb0f-4d2b-bb01-e9d2fb18c245
2026-04-06 11:50:48|qwen|web_search_no_think|0|JSON_SAVED||3291|342356c2-eb0f-4d2b-bb01-e9d2fb18c245
2026-04-06 11:50:48|qwen|web_search_no_think|0|QUESTION_ADVANCE||3292|e300d271-8610-4e34-a65d-5063fc6de2cb
2026-04-06 11:50:52|qwen|web_search_no_think|5|JSON_VERIFIED||3548|c0ce0c33-31de-48b6-8964-32198042b7d6
2026-04-06 11:50:52|qwen|web_search_no_think|5|QUESTION|53|3548|c0ce0c33-31de-48b6-8964-32198042b7d6
2026-04-06 11:50:52|qwen|web_search_no_think|5|JSON_SAVED||3548|c0ce0c33-31de-48b6-8964-32198042b7d6
2026-04-06 11:50:52|qwen|web_search_no_think|5|QUESTION_ADVANCE||3549|961c344d-8f52-4a96-aa65-a10bf726bd9a
2026-04-06 11:51:15|qwen|web_search_no_think|0|QUESTION_SENT||3292|e300d271-8610-4e34-a65d-5063fc6de2cb
2026-04-06 11:51:16|qwen|web_search_no_think|2|JSON_VERIFIED||3399|4e33abfd-62d5-44dd-8f2d-fb4d9dd99937
2026-04-06 11:51:16|qwen|web_search_no_think|2|QUESTION|55|3399|4e33abfd-62d5-44dd-8f2d-fb4d9dd99937
2026-04-06 11:51:16|qwen|web_search_no_think|2|JSON_SAVED||3399|4e33abfd-62d5-44dd-8f2d-fb4d9dd99937
2026-04-06 11:51:16|qwen|web_search_no_think|2|QUESTION_ADVANCE||3400|c70f9b05-f0ec-47cd-9839-97debe8f7ba7
2026-04-06 11:51:19|qwen|web_search_no_think|5|QUESTION_SENT||3549|961c344d-8f52-4a96-aa65-a10bf726bd9a
2026-04-06 11:51:43|qwen|web_search_no_think|2|QUESTION_SENT||3400|c70f9b05-f0ec-47cd-9839-97debe8f7ba7
2026-04-06 11:52:59|qwen|web_search_no_think|5|JSON_VERIFIED||3549|961c344d-8f52-4a96-aa65-a10bf726bd9a
2026-04-06 11:52:59|qwen|web_search_no_think|5|QUESTION|54|3549|961c344d-8f52-4a96-aa65-a10bf726bd9a
2026-04-06 11:52:59|qwen|web_search_no_think|5|JSON_SAVED||3549|961c344d-8f52-4a96-aa65-a10bf726bd9a
2026-04-06 11:52:59|qwen|web_search_no_think|5|QUESTION_ADVANCE||3550|fadedc44-8d70-439c-ba41-705e3e510400
2026-04-06 11:53:09|qwen|web_search_no_think|2|JSON_VERIFIED||3400|c70f9b05-f0ec-47cd-9839-97debe8f7ba7
2026-04-06 11:53:09|qwen|web_search_no_think|2|QUESTION|56|3400|c70f9b05-f0ec-47cd-9839-97debe8f7ba7
2026-04-06 11:53:09|qwen|web_search_no_think|2|JSON_SAVED||3400|c70f9b05-f0ec-47cd-9839-97debe8f7ba7
2026-04-06 11:53:10|qwen|web_search_no_think|2|STOP||3401|
2026-04-06 11:53:15|qwen|web_search_no_think|1|JSON_VERIFIED||3342|84c013cf-ee89-4adb-a37e-d7aa4dff0bd2
2026-04-06 11:53:15|qwen|web_search_no_think|1|QUESTION|49|3342|84c013cf-ee89-4adb-a37e-d7aa4dff0bd2
2026-04-06 11:53:15|qwen|web_search_no_think|1|JSON_SAVED||3342|84c013cf-ee89-4adb-a37e-d7aa4dff0bd2
2026-04-06 11:53:15|qwen|web_search_no_think|1|QUESTION_ADVANCE||3343|13b27d25-f03c-4c92-a454-9632186664dc
2026-04-06 11:53:16|qwen|web_search_no_think|3|JSON_VERIFIED||3446|bc3e7183-82b7-4bb1-a77d-21a204d7fc98
2026-04-06 11:53:16|qwen|web_search_no_think|3|QUESTION|53|3446|bc3e7183-82b7-4bb1-a77d-21a204d7fc98
2026-04-06 11:53:16|qwen|web_search_no_think|3|JSON_SAVED||3446|bc3e7183-82b7-4bb1-a77d-21a204d7fc98
2026-04-06 11:53:16|qwen|web_search_no_think|3|QUESTION_ADVANCE||3447|7d885101-1a85-4f4e-9407-9de5da12dbeb
2026-04-06 11:53:26|qwen|web_search_no_think|5|QUESTION_SENT||3550|fadedc44-8d70-439c-ba41-705e3e510400
2026-04-06 11:53:42|qwen|web_search_no_think|1|QUESTION_SENT||3343|13b27d25-f03c-4c92-a454-9632186664dc
2026-04-06 11:54:14|qwen|web_search_no_think|3|QUESTION_SENT||3447|7d885101-1a85-4f4e-9407-9de5da12dbeb
2026-04-06 11:55:04|qwen|web_search_no_think|5|JSON_VERIFIED||3550|fadedc44-8d70-439c-ba41-705e3e510400
2026-04-06 11:55:04|qwen|web_search_no_think|5|QUESTION|55|3550|fadedc44-8d70-439c-ba41-705e3e510400
2026-04-06 11:55:04|qwen|web_search_no_think|5|JSON_SAVED||3550|fadedc44-8d70-439c-ba41-705e3e510400
2026-04-06 11:55:05|qwen|web_search_no_think|5|STOP||3551|
2026-04-06 11:55:27|qwen|web_search_no_think|1|JSON_VERIFIED||3343|13b27d25-f03c-4c92-a454-9632186664dc
2026-04-06 11:55:27|qwen|web_search_no_think|1|QUESTION|50|3343|13b27d25-f03c-4c92-a454-9632186664dc
2026-04-06 11:55:27|qwen|web_search_no_think|1|JSON_SAVED||3343|13b27d25-f03c-4c92-a454-9632186664dc
2026-04-06 11:55:27|qwen|web_search_no_think|1|QUESTION_ADVANCE||3344|8be3b493-4110-45f7-b029-b8dbfca3aed5
2026-04-06 11:55:52|qwen|web_search_no_think|0|QUESTION_SENT||3292|e300d271-8610-4e34-a65d-5063fc6de2cb
2026-04-06 11:55:53|qwen|web_search_no_think|1|QUESTION_SENT||3344|8be3b493-4110-45f7-b029-b8dbfca3aed5
2026-04-06 11:56:49|qwen|web_search_no_think|3|JSON_VERIFIED||3447|7d885101-1a85-4f4e-9407-9de5da12dbeb
2026-04-06 11:56:49|qwen|web_search_no_think|3|QUESTION|54|3447|7d885101-1a85-4f4e-9407-9de5da12dbeb
2026-04-06 11:56:49|qwen|web_search_no_think|3|JSON_SAVED||3447|7d885101-1a85-4f4e-9407-9de5da12dbeb
2026-04-06 11:56:49|qwen|web_search_no_think|3|QUESTION_ADVANCE||3448|e8e76e24-b1ff-493a-b079-1b3f2ec3fef5
2026-04-06 11:57:16|qwen|web_search_no_think|3|QUESTION_SENT||3448|e8e76e24-b1ff-493a-b079-1b3f2ec3fef5
2026-04-06 11:58:23|qwen|web_search_no_think|0|JSON_VERIFIED||3292|e300d271-8610-4e34-a65d-5063fc6de2cb
2026-04-06 11:58:23|qwen|web_search_no_think|0|QUESTION|48|3292|e300d271-8610-4e34-a65d-5063fc6de2cb
2026-04-06 11:58:23|qwen|web_search_no_think|0|JSON_SAVED||3292|e300d271-8610-4e34-a65d-5063fc6de2cb
2026-04-06 11:58:23|qwen|web_search_no_think|0|QUESTION_ADVANCE||3293|3048e969-7bdc-4bbd-aa21-ba8df5955afa
2026-04-06 11:58:28|qwen|web_search_no_think|3|JSON_VERIFIED||3448|e8e76e24-b1ff-493a-b079-1b3f2ec3fef5
2026-04-06 11:58:28|qwen|web_search_no_think|3|QUESTION|55|3448|e8e76e24-b1ff-493a-b079-1b3f2ec3fef5
2026-04-06 11:58:28|qwen|web_search_no_think|3|JSON_SAVED||3448|e8e76e24-b1ff-493a-b079-1b3f2ec3fef5
2026-04-06 11:58:28|qwen|web_search_no_think|3|QUESTION_ADVANCE||3449|bcac650d-bc12-4669-9179-84400b5997c8
2026-04-06 11:58:30|qwen|web_search_no_think|1|JSON_VERIFIED||3344|8be3b493-4110-45f7-b029-b8dbfca3aed5
2026-04-06 11:58:30|qwen|web_search_no_think|1|QUESTION|51|3344|8be3b493-4110-45f7-b029-b8dbfca3aed5
2026-04-06 11:58:30|qwen|web_search_no_think|1|JSON_SAVED||3344|8be3b493-4110-45f7-b029-b8dbfca3aed5
2026-04-06 11:58:30|qwen|web_search_no_think|1|QUESTION_ADVANCE||3345|aa298cfe-9d65-470d-9b8b-77673a420a8e
2026-04-06 11:58:50|qwen|web_search_no_think|0|QUESTION_SENT||3293|3048e969-7bdc-4bbd-aa21-ba8df5955afa
2026-04-06 11:58:54|qwen|web_search_no_think|3|QUESTION_SENT||3449|bcac650d-bc12-4669-9179-84400b5997c8
2026-04-06 11:58:56|qwen|web_search_no_think|1|QUESTION_SENT||3345|aa298cfe-9d65-470d-9b8b-77673a420a8e
2026-04-06 12:00:32|qwen|web_search_no_think|3|JSON_VERIFIED||3449|bcac650d-bc12-4669-9179-84400b5997c8
2026-04-06 12:00:32|qwen|web_search_no_think|3|QUESTION|56|3449|bcac650d-bc12-4669-9179-84400b5997c8
2026-04-06 12:00:32|qwen|web_search_no_think|3|JSON_SAVED||3449|bcac650d-bc12-4669-9179-84400b5997c8
2026-04-06 12:00:32|qwen|web_search_no_think|3|QUESTION_ADVANCE||3450|d0ba392a-d899-4f07-b82b-9e878fa9a047
2026-04-06 12:00:59|qwen|web_search_no_think|3|QUESTION_SENT||3450|d0ba392a-d899-4f07-b82b-9e878fa9a047
2026-04-06 12:01:41|qwen|web_search_no_think|0|JSON_VERIFIED||3293|3048e969-7bdc-4bbd-aa21-ba8df5955afa
2026-04-06 12:01:41|qwen|web_search_no_think|0|QUESTION|49|3293|3048e969-7bdc-4bbd-aa21-ba8df5955afa
2026-04-06 12:01:41|qwen|web_search_no_think|0|JSON_SAVED||3293|3048e969-7bdc-4bbd-aa21-ba8df5955afa
2026-04-06 12:01:41|qwen|web_search_no_think|0|QUESTION_ADVANCE||3294|58a16a35-4045-474a-a421-a9bd9224b08b
2026-04-06 12:01:57|qwen|web_search_no_think|1|JSON_VERIFIED||3345|aa298cfe-9d65-470d-9b8b-77673a420a8e
2026-04-06 12:01:57|qwen|web_search_no_think|1|QUESTION|52|3345|aa298cfe-9d65-470d-9b8b-77673a420a8e
2026-04-06 12:01:57|qwen|web_search_no_think|1|JSON_SAVED||3345|aa298cfe-9d65-470d-9b8b-77673a420a8e
2026-04-06 12:01:57|qwen|web_search_no_think|1|QUESTION_ADVANCE||3346|81ae5531-d550-4408-96fa-dec653cf6297
2026-04-06 12:02:07|qwen|web_search_no_think|0|QUESTION_SENT||3294|58a16a35-4045-474a-a421-a9bd9224b08b
2026-04-06 12:02:24|qwen|web_search_no_think|1|QUESTION_SENT||3346|81ae5531-d550-4408-96fa-dec653cf6297
2026-04-06 12:03:38|qwen|web_search_no_think|0|JSON_VERIFIED||3294|58a16a35-4045-474a-a421-a9bd9224b08b
2026-04-06 12:03:38|qwen|web_search_no_think|0|QUESTION|50|3294|58a16a35-4045-474a-a421-a9bd9224b08b
2026-04-06 12:03:38|qwen|web_search_no_think|0|JSON_SAVED||3294|58a16a35-4045-474a-a421-a9bd9224b08b
2026-04-06 12:03:38|qwen|web_search_no_think|0|QUESTION_ADVANCE||3295|7e15f9f5-a09f-4265-bd69-1cce3cf76a7a
2026-04-06 12:04:04|qwen|web_search_no_think|0|QUESTION_SENT||3295|7e15f9f5-a09f-4265-bd69-1cce3cf76a7a
2026-04-06 12:04:24|qwen|web_search_no_think|1|JSON_VERIFIED||3346|81ae5531-d550-4408-96fa-dec653cf6297
2026-04-06 12:04:24|qwen|web_search_no_think|1|QUESTION|53|3346|81ae5531-d550-4408-96fa-dec653cf6297
2026-04-06 12:04:24|qwen|web_search_no_think|1|JSON_SAVED||3346|81ae5531-d550-4408-96fa-dec653cf6297
2026-04-06 12:04:24|qwen|web_search_no_think|1|QUESTION_ADVANCE||3347|8ea1472b-e8b4-48be-a31e-ee7545d71e5f
2026-04-06 12:04:35|qwen|web_search_no_think|3|JSON_VERIFIED||3450|d0ba392a-d899-4f07-b82b-9e878fa9a047
2026-04-06 12:04:35|qwen|web_search_no_think|3|QUESTION|57|3450|d0ba392a-d899-4f07-b82b-9e878fa9a047
2026-04-06 12:04:35|qwen|web_search_no_think|3|JSON_SAVED||3450|d0ba392a-d899-4f07-b82b-9e878fa9a047
2026-04-06 12:04:36|qwen|web_search_no_think|3|STOP||3451|
2026-04-06 12:04:50|qwen|web_search_no_think|1|QUESTION_SENT||3347|8ea1472b-e8b4-48be-a31e-ee7545d71e5f
2026-04-06 12:06:16|qwen|web_search_no_think|0|JSON_VERIFIED||3295|7e15f9f5-a09f-4265-bd69-1cce3cf76a7a
2026-04-06 12:06:16|qwen|web_search_no_think|0|QUESTION|51|3295|7e15f9f5-a09f-4265-bd69-1cce3cf76a7a
2026-04-06 12:06:16|qwen|web_search_no_think|0|JSON_SAVED||3295|7e15f9f5-a09f-4265-bd69-1cce3cf76a7a
2026-04-06 12:06:16|qwen|web_search_no_think|0|QUESTION_ADVANCE||3296|86727c4a-5368-47ba-a468-82d0ca87b788
2026-04-06 12:06:42|qwen|web_search_no_think|0|QUESTION_SENT||3296|86727c4a-5368-47ba-a468-82d0ca87b788
2026-04-06 12:07:52|qwen|web_search_no_think|1|JSON_VERIFIED||3347|8ea1472b-e8b4-48be-a31e-ee7545d71e5f
2026-04-06 12:07:52|qwen|web_search_no_think|1|QUESTION|54|3347|8ea1472b-e8b4-48be-a31e-ee7545d71e5f
2026-04-06 12:07:52|qwen|web_search_no_think|1|JSON_SAVED||3347|8ea1472b-e8b4-48be-a31e-ee7545d71e5f
2026-04-06 12:07:52|qwen|web_search_no_think|1|QUESTION_ADVANCE||3348|d1fe8c36-d101-45a1-8aa1-b234310ed538
2026-04-06 12:08:19|qwen|web_search_no_think|1|QUESTION_SENT||3348|d1fe8c36-d101-45a1-8aa1-b234310ed538
2026-04-06 12:09:40|qwen|web_search_no_think|0|JSON_VERIFIED||3296|86727c4a-5368-47ba-a468-82d0ca87b788
2026-04-06 12:09:40|qwen|web_search_no_think|0|QUESTION|52|3296|86727c4a-5368-47ba-a468-82d0ca87b788
2026-04-06 12:09:40|qwen|web_search_no_think|0|JSON_SAVED||3296|86727c4a-5368-47ba-a468-82d0ca87b788
2026-04-06 12:09:40|qwen|web_search_no_think|0|QUESTION_ADVANCE||3297|c4e12593-da38-44f1-9671-3559879b0732
2026-04-06 12:10:07|qwen|web_search_no_think|0|QUESTION_SENT||3297|c4e12593-da38-44f1-9671-3559879b0732
2026-04-06 12:10:32|qwen|web_search_no_think|0|JSON_VERIFY_FAILED||3297|c4e12593-da38-44f1-9671-3559879b0732
2026-04-06 12:10:32|qwen|web_search_no_think|0|QUESTION|53|3297|c4e12593-da38-44f1-9671-3559879b0732
2026-04-06 12:10:48|qwen|web_search_no_think|1|JSON_VERIFIED||3348|d1fe8c36-d101-45a1-8aa1-b234310ed538
2026-04-06 12:10:48|qwen|web_search_no_think|1|QUESTION|55|3348|d1fe8c36-d101-45a1-8aa1-b234310ed538
2026-04-06 12:10:48|qwen|web_search_no_think|1|JSON_SAVED||3348|d1fe8c36-d101-45a1-8aa1-b234310ed538
2026-04-06 12:10:48|qwen|web_search_no_think|1|QUESTION_ADVANCE||3349|f901d759-d890-45f2-b4f7-e56974fa275c
2026-04-06 12:10:59|qwen|web_search_no_think|0|QUESTION_SENT||3297|c4e12593-da38-44f1-9671-3559879b0732
2026-04-06 12:11:14|qwen|web_search_no_think|1|QUESTION_SENT||3349|f901d759-d890-45f2-b4f7-e56974fa275c
2026-04-06 12:13:00|qwen|web_search_no_think|0|JSON_VERIFIED||3297|c4e12593-da38-44f1-9671-3559879b0732
2026-04-06 12:13:00|qwen|web_search_no_think|0|QUESTION|54|3297|c4e12593-da38-44f1-9671-3559879b0732
2026-04-06 12:13:00|qwen|web_search_no_think|0|JSON_SAVED||3297|c4e12593-da38-44f1-9671-3559879b0732
2026-04-06 12:13:00|qwen|web_search_no_think|0|QUESTION_ADVANCE||3298|acabee7a-dc80-4ad7-a8eb-fc4dbdea448c
2026-04-06 12:13:10|qwen|web_search_no_think|1|JSON_VERIFIED||3349|f901d759-d890-45f2-b4f7-e56974fa275c
2026-04-06 12:13:10|qwen|web_search_no_think|1|QUESTION|56|3349|f901d759-d890-45f2-b4f7-e56974fa275c
2026-04-06 12:13:10|qwen|web_search_no_think|1|JSON_SAVED||3349|f901d759-d890-45f2-b4f7-e56974fa275c
2026-04-06 12:13:10|qwen|web_search_no_think|1|QUESTION_ADVANCE||3350|cdfeb999-b88a-4d61-8baa-03917f237ba6
2026-04-06 12:13:27|qwen|web_search_no_think|0|QUESTION_SENT||3298|acabee7a-dc80-4ad7-a8eb-fc4dbdea448c
2026-04-06 12:13:36|qwen|web_search_no_think|1|QUESTION_SENT||3350|cdfeb999-b88a-4d61-8baa-03917f237ba6
2026-04-06 12:15:28|qwen|web_search_no_think|0|JSON_VERIFIED||3298|acabee7a-dc80-4ad7-a8eb-fc4dbdea448c
2026-04-06 12:15:28|qwen|web_search_no_think|0|QUESTION|55|3298|acabee7a-dc80-4ad7-a8eb-fc4dbdea448c
2026-04-06 12:15:28|qwen|web_search_no_think|0|JSON_SAVED||3298|acabee7a-dc80-4ad7-a8eb-fc4dbdea448c
2026-04-06 12:15:28|qwen|web_search_no_think|0|QUESTION_ADVANCE||3299|5f84ead9-e3a0-4be2-9cd3-6c8926c7c759
2026-04-06 12:15:55|qwen|web_search_no_think|0|QUESTION_SENT||3299|5f84ead9-e3a0-4be2-9cd3-6c8926c7c759
2026-04-06 12:16:33|qwen|web_search_no_think|1|JSON_VERIFIED||3350|cdfeb999-b88a-4d61-8baa-03917f237ba6
2026-04-06 12:16:33|qwen|web_search_no_think|1|QUESTION|57|3350|cdfeb999-b88a-4d61-8baa-03917f237ba6
2026-04-06 12:16:33|qwen|web_search_no_think|1|JSON_SAVED||3350|cdfeb999-b88a-4d61-8baa-03917f237ba6
2026-04-06 12:16:34|qwen|web_search_no_think|1|STOP||3351|
2026-04-06 12:17:21|qwen|web_search_no_think|0|JSON_VERIFIED||3299|5f84ead9-e3a0-4be2-9cd3-6c8926c7c759
2026-04-06 12:17:21|qwen|web_search_no_think|0|QUESTION|56|3299|5f84ead9-e3a0-4be2-9cd3-6c8926c7c759
2026-04-06 12:17:21|qwen|web_search_no_think|0|JSON_SAVED||3299|5f84ead9-e3a0-4be2-9cd3-6c8926c7c759
2026-04-06 12:17:21|qwen|web_search_no_think|0|QUESTION_ADVANCE||3300|508cbbd6-853e-4974-9ed3-cf6eba6930cc
2026-04-06 12:17:47|qwen|web_search_no_think|0|QUESTION_SENT||3300|508cbbd6-853e-4974-9ed3-cf6eba6930cc
2026-04-06 12:22:42|qwen|web_search_no_think|0|JSON_VERIFIED||3300|508cbbd6-853e-4974-9ed3-cf6eba6930cc
2026-04-06 12:22:42|qwen|web_search_no_think|0|QUESTION|57|3300|508cbbd6-853e-4974-9ed3-cf6eba6930cc
2026-04-06 12:22:42|qwen|web_search_no_think|0|JSON_SAVED||3300|508cbbd6-853e-4974-9ed3-cf6eba6930cc
2026-04-06 12:22:43|qwen|web_search_no_think|0|STOP||3301|
