timestamp|site|scenario|bot_id|event_type|attempt_number|global_index|question_uid
2026-04-03 21:06:35|qwen|web_search_no_think|0|RESTART||2001|16b46c17-ddb4-4be2-a284-140438cd85a8
2026-04-03 21:06:51|qwen|web_search_no_think|0|QUESTION_SENT||2001|16b46c17-ddb4-4be2-a284-140438cd85a8
2026-04-03 21:07:05|qwen|web_search_no_think|1|RESTART||1951|1d94fd5b-0ea2-439d-8068-8ca29408e877
2026-04-03 21:07:10|qwen|web_search_no_think|2|RESTART||1901|71e69f5d-8545-40a5-92b5-45475cfca54b
2026-04-03 21:07:14|qwen|web_search_no_think|3|RESTART||1851|c7b088ff-9ca5-4e7c-a5f1-94310ef993a8
2026-04-03 21:07:19|qwen|web_search_no_think|4|RESTART||1801|42885dd6-06c8-4ec8-bd30-43a479bc807e
2026-04-03 21:07:23|qwen|web_search_no_think|5|RESTART||1751|804f929a-e007-4f8b-8b7d-c6ebae7e580d
2026-04-03 21:07:51|qwen|web_search_no_think|5|QUESTION_SENT||1751|804f929a-e007-4f8b-8b7d-c6ebae7e580d
2026-04-03 21:07:53|qwen|web_search_no_think|1|STOP||1951|1d94fd5b-0ea2-439d-8068-8ca29408e877
2026-04-03 21:07:56|qwen|web_search_no_think|0|JSON_VERIFIED||2001|16b46c17-ddb4-4be2-a284-140438cd85a8
2026-04-03 21:07:56|qwen|web_search_no_think|0|QUESTION|1|2001|16b46c17-ddb4-4be2-a284-140438cd85a8
2026-04-03 21:07:56|qwen|web_search_no_think|0|JSON_SAVED||2001|16b46c17-ddb4-4be2-a284-140438cd85a8
2026-04-03 21:07:56|qwen|web_search_no_think|0|QUESTION_ADVANCE||2002|b442a675-8f4e-4214-8726-18bf35a9de85
2026-04-03 21:08:15|qwen|web_search_no_think|3|STOP||1851|c7b088ff-9ca5-4e7c-a5f1-94310ef993a8
2026-04-03 21:08:22|qwen|web_search_no_think|0|QUESTION_SENT||2002|b442a675-8f4e-4214-8726-18bf35a9de85
2026-04-03 21:09:02|qwen|web_search_no_think|4|QUESTION_SENT||1801|42885dd6-06c8-4ec8-bd30-43a479bc807e
2026-04-03 21:09:18|qwen|web_search_no_think|0|JSON_VERIFIED||2002|b442a675-8f4e-4214-8726-18bf35a9de85
2026-04-03 21:09:18|qwen|web_search_no_think|0|QUESTION|2|2002|b442a675-8f4e-4214-8726-18bf35a9de85
2026-04-03 21:09:18|qwen|web_search_no_think|0|JSON_SAVED||2002|b442a675-8f4e-4214-8726-18bf35a9de85
2026-04-03 21:09:18|qwen|web_search_no_think|0|QUESTION_ADVANCE||2003|51db2df1-b94e-45a4-9dd5-c8ad9989ac6d
2026-04-03 21:09:44|qwen|web_search_no_think|0|QUESTION_SENT||2003|51db2df1-b94e-45a4-9dd5-c8ad9989ac6d
2026-04-03 21:10:10|qwen|web_search_no_think|4|JSON_VERIFIED||1801|42885dd6-06c8-4ec8-bd30-43a479bc807e
2026-04-03 21:10:10|qwen|web_search_no_think|4|QUESTION|1|1801|42885dd6-06c8-4ec8-bd30-43a479bc807e
2026-04-03 21:10:10|qwen|web_search_no_think|4|JSON_SAVED||1801|42885dd6-06c8-4ec8-bd30-43a479bc807e
2026-04-03 21:10:10|qwen|web_search_no_think|4|QUESTION_ADVANCE||1802|e673f306-2e07-4cf0-81e7-daa32a84513a
2026-04-03 21:10:44|qwen|web_search_no_think|4|QUESTION_SENT||1802|e673f306-2e07-4cf0-81e7-daa32a84513a
2026-04-03 21:10:52|qwen|web_search_no_think|5|JSON_VERIFIED||1751|804f929a-e007-4f8b-8b7d-c6ebae7e580d
2026-04-03 21:10:52|qwen|web_search_no_think|5|QUESTION|1|1751|804f929a-e007-4f8b-8b7d-c6ebae7e580d
2026-04-03 21:10:52|qwen|web_search_no_think|5|JSON_SAVED||1751|804f929a-e007-4f8b-8b7d-c6ebae7e580d
2026-04-03 21:10:52|qwen|web_search_no_think|5|QUESTION_ADVANCE||1752|bc6085ea-6582-45e2-9433-936d53c230b5
2026-04-03 21:11:18|qwen|web_search_no_think|5|QUESTION_SENT||1752|bc6085ea-6582-45e2-9433-936d53c230b5
2026-04-03 21:11:29|qwen|web_search_no_think|0|JSON_VERIFIED||2003|51db2df1-b94e-45a4-9dd5-c8ad9989ac6d
2026-04-03 21:11:29|qwen|web_search_no_think|0|QUESTION|3|2003|51db2df1-b94e-45a4-9dd5-c8ad9989ac6d
2026-04-03 21:11:29|qwen|web_search_no_think|0|JSON_SAVED||2003|51db2df1-b94e-45a4-9dd5-c8ad9989ac6d
2026-04-03 21:11:29|qwen|web_search_no_think|0|QUESTION_ADVANCE||2004|ea4503c5-4869-4ad8-a614-bba4e02423ff
2026-04-03 21:11:51|qwen|web_search_no_think|4|JSON_VERIFIED||1802|e673f306-2e07-4cf0-81e7-daa32a84513a
2026-04-03 21:11:51|qwen|web_search_no_think|4|QUESTION|2|1802|e673f306-2e07-4cf0-81e7-daa32a84513a
2026-04-03 21:11:51|qwen|web_search_no_think|4|JSON_SAVED||1802|e673f306-2e07-4cf0-81e7-daa32a84513a
2026-04-03 21:11:51|qwen|web_search_no_think|4|QUESTION_ADVANCE||1803|8a7dcc0c-76fa-4c01-a21d-e54c1489546e
2026-04-03 21:11:56|qwen|web_search_no_think|0|QUESTION_SENT||2004|ea4503c5-4869-4ad8-a614-bba4e02423ff
2026-04-03 21:12:17|qwen|web_search_no_think|4|QUESTION_SENT||1803|8a7dcc0c-76fa-4c01-a21d-e54c1489546e
2026-04-03 21:12:25|qwen|web_search_no_think|5|JSON_VERIFIED||1752|bc6085ea-6582-45e2-9433-936d53c230b5
2026-04-03 21:12:25|qwen|web_search_no_think|5|QUESTION|2|1752|bc6085ea-6582-45e2-9433-936d53c230b5
2026-04-03 21:12:25|qwen|web_search_no_think|5|JSON_SAVED||1752|bc6085ea-6582-45e2-9433-936d53c230b5
2026-04-03 21:12:25|qwen|web_search_no_think|5|QUESTION_ADVANCE||1753|17bc0e21-5e04-499d-b16b-b5ab0941a3ab
2026-04-03 21:12:51|qwen|web_search_no_think|5|QUESTION_SENT||1753|17bc0e21-5e04-499d-b16b-b5ab0941a3ab
2026-04-03 21:12:54|qwen|web_search_no_think|0|JSON_VERIFIED||2004|ea4503c5-4869-4ad8-a614-bba4e02423ff
2026-04-03 21:12:54|qwen|web_search_no_think|0|QUESTION|4|2004|ea4503c5-4869-4ad8-a614-bba4e02423ff
2026-04-03 21:12:54|qwen|web_search_no_think|0|JSON_SAVED||2004|ea4503c5-4869-4ad8-a614-bba4e02423ff
2026-04-03 21:12:54|qwen|web_search_no_think|0|QUESTION_ADVANCE||2005|bc32f03b-fa97-4387-8e33-e41de0c83bb0
2026-04-03 21:13:03|qwen|web_search_no_think|1|RESTART||1951|1d94fd5b-0ea2-439d-8068-8ca29408e877
2026-04-03 21:13:11|qwen|web_search_no_think|4|JSON_VERIFIED||1803|8a7dcc0c-76fa-4c01-a21d-e54c1489546e
2026-04-03 21:13:11|qwen|web_search_no_think|4|QUESTION|3|1803|8a7dcc0c-76fa-4c01-a21d-e54c1489546e
2026-04-03 21:13:11|qwen|web_search_no_think|4|JSON_SAVED||1803|8a7dcc0c-76fa-4c01-a21d-e54c1489546e
2026-04-03 21:13:11|qwen|web_search_no_think|4|QUESTION_ADVANCE||1804|799c4888-cb75-4a38-83f7-a1312070aaf6
2026-04-03 21:13:15|qwen|web_search_no_think|5|JSON_VERIFY_FAILED||1753|17bc0e21-5e04-499d-b16b-b5ab0941a3ab
2026-04-03 21:13:15|qwen|web_search_no_think|5|QUESTION|3|1753|17bc0e21-5e04-499d-b16b-b5ab0941a3ab
2026-04-03 21:13:19|qwen|web_search_no_think|1|QUESTION_SENT||1951|1d94fd5b-0ea2-439d-8068-8ca29408e877
2026-04-03 21:13:20|qwen|web_search_no_think|0|QUESTION_SENT||2005|bc32f03b-fa97-4387-8e33-e41de0c83bb0
2026-04-03 21:13:37|qwen|web_search_no_think|4|QUESTION_SENT||1804|799c4888-cb75-4a38-83f7-a1312070aaf6
2026-04-03 21:13:42|qwen|web_search_no_think|5|QUESTION_SENT||1753|17bc0e21-5e04-499d-b16b-b5ab0941a3ab
2026-04-03 21:15:34|qwen|web_search_no_think|0|JSON_VERIFIED||2005|bc32f03b-fa97-4387-8e33-e41de0c83bb0
2026-04-03 21:15:34|qwen|web_search_no_think|0|QUESTION|5|2005|bc32f03b-fa97-4387-8e33-e41de0c83bb0
2026-04-03 21:15:34|qwen|web_search_no_think|0|JSON_SAVED||2005|bc32f03b-fa97-4387-8e33-e41de0c83bb0
2026-04-03 21:15:34|qwen|web_search_no_think|0|QUESTION_ADVANCE||2006|f95d13ca-f610-4f6c-b97a-bfa64fd534cb
2026-04-03 21:15:51|qwen|web_search_no_think|2|RESTART||1901|71e69f5d-8545-40a5-92b5-45475cfca54b
2026-04-03 21:16:00|qwen|web_search_no_think|0|QUESTION_SENT||2006|f95d13ca-f610-4f6c-b97a-bfa64fd534cb
2026-04-03 21:16:05|qwen|web_search_no_think|4|JSON_VERIFIED||1804|799c4888-cb75-4a38-83f7-a1312070aaf6
2026-04-03 21:16:05|qwen|web_search_no_think|4|QUESTION|4|1804|799c4888-cb75-4a38-83f7-a1312070aaf6
2026-04-03 21:16:05|qwen|web_search_no_think|4|JSON_SAVED||1804|799c4888-cb75-4a38-83f7-a1312070aaf6
2026-04-03 21:16:05|qwen|web_search_no_think|4|QUESTION_ADVANCE||1805|682f224b-ad60-4799-b6e5-66f05a8deda7
2026-04-03 21:16:06|qwen|web_search_no_think|2|QUESTION_SENT||1901|71e69f5d-8545-40a5-92b5-45475cfca54b
2026-04-03 21:16:25|qwen|web_search_no_think|1|JSON_VERIFIED||1951|1d94fd5b-0ea2-439d-8068-8ca29408e877
2026-04-03 21:16:25|qwen|web_search_no_think|1|QUESTION|1|1951|1d94fd5b-0ea2-439d-8068-8ca29408e877
2026-04-03 21:16:25|qwen|web_search_no_think|1|JSON_SAVED||1951|1d94fd5b-0ea2-439d-8068-8ca29408e877
2026-04-03 21:16:25|qwen|web_search_no_think|1|QUESTION_ADVANCE||1952|1fdb204d-de14-4191-9240-e326b22a12ae
2026-04-03 21:16:32|qwen|web_search_no_think|4|QUESTION_SENT||1805|682f224b-ad60-4799-b6e5-66f05a8deda7
2026-04-03 21:16:51|qwen|web_search_no_think|1|QUESTION_SENT||1952|1fdb204d-de14-4191-9240-e326b22a12ae
2026-04-03 21:17:44|qwen|web_search_no_think|2|JSON_VERIFIED||1901|71e69f5d-8545-40a5-92b5-45475cfca54b
2026-04-03 21:17:44|qwen|web_search_no_think|2|QUESTION|1|1901|71e69f5d-8545-40a5-92b5-45475cfca54b
2026-04-03 21:17:44|qwen|web_search_no_think|2|JSON_SAVED||1901|71e69f5d-8545-40a5-92b5-45475cfca54b
2026-04-03 21:17:44|qwen|web_search_no_think|2|QUESTION_ADVANCE||1902|5a1d1ca7-858a-436e-9132-68a086fc306b
2026-04-03 21:17:52|qwen|web_search_no_think|0|JSON_VERIFIED||2006|f95d13ca-f610-4f6c-b97a-bfa64fd534cb
2026-04-03 21:17:52|qwen|web_search_no_think|0|QUESTION|6|2006|f95d13ca-f610-4f6c-b97a-bfa64fd534cb
2026-04-03 21:17:52|qwen|web_search_no_think|0|JSON_SAVED||2006|f95d13ca-f610-4f6c-b97a-bfa64fd534cb
2026-04-03 21:17:52|qwen|web_search_no_think|0|QUESTION_ADVANCE||2007|a901efbe-2558-4c6f-8742-5fe37cbaf5de
2026-04-03 21:18:11|qwen|web_search_no_think|2|QUESTION_SENT||1902|5a1d1ca7-858a-436e-9132-68a086fc306b
2026-04-03 21:18:19|qwen|web_search_no_think|0|QUESTION_SENT||2007|a901efbe-2558-4c6f-8742-5fe37cbaf5de
2026-04-03 21:18:40|qwen|web_search_no_think|5|JSON_VERIFIED||1753|17bc0e21-5e04-499d-b16b-b5ab0941a3ab
2026-04-03 21:18:40|qwen|web_search_no_think|5|QUESTION|4|1753|17bc0e21-5e04-499d-b16b-b5ab0941a3ab
2026-04-03 21:18:40|qwen|web_search_no_think|5|JSON_SAVED||1753|17bc0e21-5e04-499d-b16b-b5ab0941a3ab
2026-04-03 21:18:40|qwen|web_search_no_think|5|QUESTION_ADVANCE||1754|47702a5a-977a-4e6e-bfd4-3e1d22d95a85
2026-04-03 21:19:05|qwen|web_search_no_think|1|JSON_VERIFIED||1952|1fdb204d-de14-4191-9240-e326b22a12ae
2026-04-03 21:19:05|qwen|web_search_no_think|1|QUESTION|2|1952|1fdb204d-de14-4191-9240-e326b22a12ae
2026-04-03 21:19:05|qwen|web_search_no_think|1|JSON_SAVED||1952|1fdb204d-de14-4191-9240-e326b22a12ae
2026-04-03 21:19:05|qwen|web_search_no_think|1|QUESTION_ADVANCE||1953|188a2ab3-1685-4a15-8434-3408bec22f42
2026-04-03 21:19:06|qwen|web_search_no_think|5|QUESTION_SENT||1754|47702a5a-977a-4e6e-bfd4-3e1d22d95a85
2026-04-03 21:19:15|qwen|web_search_no_think|4|JSON_VERIFIED||1805|682f224b-ad60-4799-b6e5-66f05a8deda7
2026-04-03 21:19:15|qwen|web_search_no_think|4|QUESTION|5|1805|682f224b-ad60-4799-b6e5-66f05a8deda7
2026-04-03 21:19:15|qwen|web_search_no_think|4|JSON_SAVED||1805|682f224b-ad60-4799-b6e5-66f05a8deda7
2026-04-03 21:19:15|qwen|web_search_no_think|4|QUESTION_ADVANCE||1806|a84a9545-a078-4d37-a759-22a960130fe8
2026-04-03 21:19:31|qwen|web_search_no_think|1|QUESTION_SENT||1953|188a2ab3-1685-4a15-8434-3408bec22f42
2026-04-03 21:20:04|qwen|web_search_no_think|2|JSON_VERIFIED||1902|5a1d1ca7-858a-436e-9132-68a086fc306b
2026-04-03 21:20:04|qwen|web_search_no_think|2|QUESTION|2|1902|5a1d1ca7-858a-436e-9132-68a086fc306b
2026-04-03 21:20:04|qwen|web_search_no_think|2|JSON_SAVED||1902|5a1d1ca7-858a-436e-9132-68a086fc306b
2026-04-03 21:20:04|qwen|web_search_no_think|2|QUESTION_ADVANCE||1903|fc2484ad-28c6-461a-ba36-913f8364f69b
2026-04-03 21:20:08|qwen|web_search_no_think|4|QUESTION_SENT||1806|a84a9545-a078-4d37-a759-22a960130fe8
2026-04-03 21:20:29|qwen|web_search_no_think|0|JSON_VERIFIED||2007|a901efbe-2558-4c6f-8742-5fe37cbaf5de
2026-04-03 21:20:29|qwen|web_search_no_think|0|QUESTION|7|2007|a901efbe-2558-4c6f-8742-5fe37cbaf5de
2026-04-03 21:20:29|qwen|web_search_no_think|0|JSON_SAVED||2007|a901efbe-2558-4c6f-8742-5fe37cbaf5de
2026-04-03 21:20:29|qwen|web_search_no_think|0|QUESTION_ADVANCE||2008|b9c80ded-ab9d-45af-900d-aff2625d0ffa
2026-04-03 21:20:31|qwen|web_search_no_think|2|QUESTION_SENT||1903|fc2484ad-28c6-461a-ba36-913f8364f69b
2026-04-03 21:20:45|qwen|web_search_no_think|1|JSON_VERIFIED||1953|188a2ab3-1685-4a15-8434-3408bec22f42
2026-04-03 21:20:45|qwen|web_search_no_think|1|QUESTION|3|1953|188a2ab3-1685-4a15-8434-3408bec22f42
2026-04-03 21:20:45|qwen|web_search_no_think|1|JSON_SAVED||1953|188a2ab3-1685-4a15-8434-3408bec22f42
2026-04-03 21:20:45|qwen|web_search_no_think|1|QUESTION_ADVANCE||1954|0f6a2b95-381c-4ccd-a87d-a48fcf7e1fcb
2026-04-03 21:20:56|qwen|web_search_no_think|0|QUESTION_SENT||2008|b9c80ded-ab9d-45af-900d-aff2625d0ffa
2026-04-03 21:21:04|qwen|web_search_no_think|5|JSON_VERIFIED||1754|47702a5a-977a-4e6e-bfd4-3e1d22d95a85
2026-04-03 21:21:04|qwen|web_search_no_think|5|QUESTION|5|1754|47702a5a-977a-4e6e-bfd4-3e1d22d95a85
2026-04-03 21:21:04|qwen|web_search_no_think|5|JSON_SAVED||1754|47702a5a-977a-4e6e-bfd4-3e1d22d95a85
2026-04-03 21:21:04|qwen|web_search_no_think|5|QUESTION_ADVANCE||1755|5b2045d3-6825-4c59-ab65-0e52cc1863eb
2026-04-03 21:21:11|qwen|web_search_no_think|1|QUESTION_SENT||1954|0f6a2b95-381c-4ccd-a87d-a48fcf7e1fcb
2026-04-03 21:21:29|qwen|web_search_no_think|4|JSON_VERIFIED||1806|a84a9545-a078-4d37-a759-22a960130fe8
2026-04-03 21:21:29|qwen|web_search_no_think|4|QUESTION|6|1806|a84a9545-a078-4d37-a759-22a960130fe8
2026-04-03 21:21:29|qwen|web_search_no_think|4|JSON_SAVED||1806|a84a9545-a078-4d37-a759-22a960130fe8
2026-04-03 21:21:29|qwen|web_search_no_think|4|QUESTION_ADVANCE||1807|a573e627-353e-4b7f-bd34-cca4c47e1a9e
2026-04-03 21:21:30|qwen|web_search_no_think|5|QUESTION_SENT||1755|5b2045d3-6825-4c59-ab65-0e52cc1863eb
2026-04-03 21:21:41|qwen|web_search_no_think|3|RESTART||1851|c7b088ff-9ca5-4e7c-a5f1-94310ef993a8
2026-04-03 21:21:55|qwen|web_search_no_think|4|QUESTION_SENT||1807|a573e627-353e-4b7f-bd34-cca4c47e1a9e
2026-04-03 21:22:00|qwen|web_search_no_think|3|STOP||1851|c7b088ff-9ca5-4e7c-a5f1-94310ef993a8
2026-04-03 21:22:17|qwen|web_search_no_think|2|JSON_VERIFIED||1903|fc2484ad-28c6-461a-ba36-913f8364f69b
2026-04-03 21:22:17|qwen|web_search_no_think|2|QUESTION|3|1903|fc2484ad-28c6-461a-ba36-913f8364f69b
2026-04-03 21:22:17|qwen|web_search_no_think|2|JSON_SAVED||1903|fc2484ad-28c6-461a-ba36-913f8364f69b
2026-04-03 21:22:17|qwen|web_search_no_think|2|QUESTION_ADVANCE||1904|11d90f9b-d680-48bf-b64b-efef6421cae9
2026-04-03 21:22:25|qwen|web_search_no_think|1|JSON_VERIFIED||1954|0f6a2b95-381c-4ccd-a87d-a48fcf7e1fcb
2026-04-03 21:22:25|qwen|web_search_no_think|1|QUESTION|4|1954|0f6a2b95-381c-4ccd-a87d-a48fcf7e1fcb
2026-04-03 21:22:25|qwen|web_search_no_think|1|JSON_SAVED||1954|0f6a2b95-381c-4ccd-a87d-a48fcf7e1fcb
2026-04-03 21:22:25|qwen|web_search_no_think|1|QUESTION_ADVANCE||1955|5e05a268-2f1a-4c8b-aae2-eed1dc62c099
2026-04-03 21:22:44|qwen|web_search_no_think|2|QUESTION_SENT||1904|11d90f9b-d680-48bf-b64b-efef6421cae9
2026-04-03 21:22:52|qwen|web_search_no_think|1|QUESTION_SENT||1955|5e05a268-2f1a-4c8b-aae2-eed1dc62c099
2026-04-03 21:23:38|qwen|web_search_no_think|0|JSON_VERIFIED||2008|b9c80ded-ab9d-45af-900d-aff2625d0ffa
2026-04-03 21:23:38|qwen|web_search_no_think|0|QUESTION|8|2008|b9c80ded-ab9d-45af-900d-aff2625d0ffa
2026-04-03 21:23:38|qwen|web_search_no_think|0|JSON_SAVED||2008|b9c80ded-ab9d-45af-900d-aff2625d0ffa
2026-04-03 21:23:38|qwen|web_search_no_think|0|QUESTION_ADVANCE||2009|a5cb01e5-1068-414e-8d64-ba46a80b5607
2026-04-03 21:23:44|qwen|web_search_no_think|5|JSON_VERIFIED||1755|5b2045d3-6825-4c59-ab65-0e52cc1863eb
2026-04-03 21:23:44|qwen|web_search_no_think|5|QUESTION|6|1755|5b2045d3-6825-4c59-ab65-0e52cc1863eb
2026-04-03 21:23:44|qwen|web_search_no_think|5|JSON_SAVED||1755|5b2045d3-6825-4c59-ab65-0e52cc1863eb
2026-04-03 21:23:44|qwen|web_search_no_think|5|QUESTION_ADVANCE||1756|393c5910-312d-4744-b7e3-bfa3c26921c0
2026-04-03 21:23:54|qwen|web_search_no_think|1|JSON_VERIFIED||1955|5e05a268-2f1a-4c8b-aae2-eed1dc62c099
2026-04-03 21:23:54|qwen|web_search_no_think|1|QUESTION|5|1955|5e05a268-2f1a-4c8b-aae2-eed1dc62c099
2026-04-03 21:23:54|qwen|web_search_no_think|1|JSON_SAVED||1955|5e05a268-2f1a-4c8b-aae2-eed1dc62c099
2026-04-03 21:23:54|qwen|web_search_no_think|1|QUESTION_ADVANCE||1956|646389c4-d07b-43fe-a573-653858966fbf
2026-04-03 21:24:04|qwen|web_search_no_think|0|QUESTION_SENT||2009|a5cb01e5-1068-414e-8d64-ba46a80b5607
2026-04-03 21:24:10|qwen|web_search_no_think|5|QUESTION_SENT||1756|393c5910-312d-4744-b7e3-bfa3c26921c0
2026-04-03 21:24:15|qwen|web_search_no_think|3|RESTART||1851|c7b088ff-9ca5-4e7c-a5f1-94310ef993a8
2026-04-03 21:24:21|qwen|web_search_no_think|1|QUESTION_SENT||1956|646389c4-d07b-43fe-a573-653858966fbf
2026-04-03 21:24:25|qwen|web_search_no_think|2|JSON_VERIFIED||1904|11d90f9b-d680-48bf-b64b-efef6421cae9
2026-04-03 21:24:25|qwen|web_search_no_think|2|QUESTION|4|1904|11d90f9b-d680-48bf-b64b-efef6421cae9
2026-04-03 21:24:25|qwen|web_search_no_think|2|JSON_SAVED||1904|11d90f9b-d680-48bf-b64b-efef6421cae9
2026-04-03 21:24:25|qwen|web_search_no_think|2|QUESTION_ADVANCE||1905|12ad6fc5-8217-4940-bbc0-d5b0a4b75cc1
2026-04-03 21:24:43|qwen|web_search_no_think|3|QUESTION_SENT||1851|c7b088ff-9ca5-4e7c-a5f1-94310ef993a8
2026-04-03 21:24:51|qwen|web_search_no_think|2|QUESTION_SENT||1905|12ad6fc5-8217-4940-bbc0-d5b0a4b75cc1
2026-04-03 21:25:07|qwen|web_search_no_think|5|JSON_VERIFIED||1756|393c5910-312d-4744-b7e3-bfa3c26921c0
2026-04-03 21:25:07|qwen|web_search_no_think|5|QUESTION|7|1756|393c5910-312d-4744-b7e3-bfa3c26921c0
2026-04-03 21:25:07|qwen|web_search_no_think|5|JSON_SAVED||1756|393c5910-312d-4744-b7e3-bfa3c26921c0
2026-04-03 21:25:07|qwen|web_search_no_think|5|QUESTION_ADVANCE||1757|85d24ff4-7d5d-4089-ade1-3900fac7bc8e
2026-04-03 21:25:33|qwen|web_search_no_think|5|QUESTION_SENT||1757|85d24ff4-7d5d-4089-ade1-3900fac7bc8e
2026-04-03 21:25:47|qwen|web_search_no_think|0|JSON_VERIFIED||2009|a5cb01e5-1068-414e-8d64-ba46a80b5607
2026-04-03 21:25:47|qwen|web_search_no_think|0|QUESTION|9|2009|a5cb01e5-1068-414e-8d64-ba46a80b5607
2026-04-03 21:25:47|qwen|web_search_no_think|0|JSON_SAVED||2009|a5cb01e5-1068-414e-8d64-ba46a80b5607
2026-04-03 21:25:47|qwen|web_search_no_think|0|QUESTION_ADVANCE||2010|e11368bc-46f4-4bcd-bbbd-3fa72e20811e
2026-04-03 21:26:04|qwen|web_search_no_think|2|JSON_VERIFIED||1905|12ad6fc5-8217-4940-bbc0-d5b0a4b75cc1
2026-04-03 21:26:04|qwen|web_search_no_think|2|QUESTION|5|1905|12ad6fc5-8217-4940-bbc0-d5b0a4b75cc1
2026-04-03 21:26:04|qwen|web_search_no_think|2|JSON_SAVED||1905|12ad6fc5-8217-4940-bbc0-d5b0a4b75cc1
2026-04-03 21:26:04|qwen|web_search_no_think|2|QUESTION_ADVANCE||1906|26b94c59-6d54-48b7-b0d7-5878032e9aec
2026-04-03 21:26:13|qwen|web_search_no_think|1|JSON_VERIFIED||1956|646389c4-d07b-43fe-a573-653858966fbf
2026-04-03 21:26:13|qwen|web_search_no_think|1|QUESTION|6|1956|646389c4-d07b-43fe-a573-653858966fbf
2026-04-03 21:26:13|qwen|web_search_no_think|1|JSON_SAVED||1956|646389c4-d07b-43fe-a573-653858966fbf
2026-04-03 21:26:13|qwen|web_search_no_think|1|QUESTION_ADVANCE||1957|4e589b29-a548-4d48-a5e0-35a6896eaef8
2026-04-03 21:26:13|qwen|web_search_no_think|0|QUESTION_SENT||2010|e11368bc-46f4-4bcd-bbbd-3fa72e20811e
2026-04-03 21:26:30|qwen|web_search_no_think|2|QUESTION_SENT||1906|26b94c59-6d54-48b7-b0d7-5878032e9aec
2026-04-03 21:26:39|qwen|web_search_no_think|1|QUESTION_SENT||1957|4e589b29-a548-4d48-a5e0-35a6896eaef8
2026-04-03 21:27:17|qwen|web_search_no_think|0|JSON_VERIFIED||2010|e11368bc-46f4-4bcd-bbbd-3fa72e20811e
2026-04-03 21:27:17|qwen|web_search_no_think|0|QUESTION|10|2010|e11368bc-46f4-4bcd-bbbd-3fa72e20811e
2026-04-03 21:27:17|qwen|web_search_no_think|0|JSON_SAVED||2010|e11368bc-46f4-4bcd-bbbd-3fa72e20811e
2026-04-03 21:27:17|qwen|web_search_no_think|0|QUESTION_ADVANCE||2011|205203dd-6447-4330-bb5e-0452d99fe811
2026-04-03 21:27:43|qwen|web_search_no_think|0|QUESTION_SENT||2011|205203dd-6447-4330-bb5e-0452d99fe811
2026-04-03 21:28:01|qwen|web_search_no_think|5|JSON_VERIFIED||1757|85d24ff4-7d5d-4089-ade1-3900fac7bc8e
2026-04-03 21:28:01|qwen|web_search_no_think|5|QUESTION|8|1757|85d24ff4-7d5d-4089-ade1-3900fac7bc8e
2026-04-03 21:28:01|qwen|web_search_no_think|5|JSON_SAVED||1757|85d24ff4-7d5d-4089-ade1-3900fac7bc8e
2026-04-03 21:28:01|qwen|web_search_no_think|5|QUESTION_ADVANCE||1758|a1874370-a373-416b-9e97-d3779bc49c1d
2026-04-03 21:28:07|qwen|web_search_no_think|3|JSON_VERIFIED||1851|c7b088ff-9ca5-4e7c-a5f1-94310ef993a8
2026-04-03 21:28:07|qwen|web_search_no_think|3|QUESTION|1|1851|c7b088ff-9ca5-4e7c-a5f1-94310ef993a8
2026-04-03 21:28:07|qwen|web_search_no_think|3|JSON_SAVED||1851|c7b088ff-9ca5-4e7c-a5f1-94310ef993a8
2026-04-03 21:28:07|qwen|web_search_no_think|3|QUESTION_ADVANCE||1852|d0e380e6-fb71-4697-8322-0b0008c5a541
2026-04-03 21:28:27|qwen|web_search_no_think|5|QUESTION_SENT||1758|a1874370-a373-416b-9e97-d3779bc49c1d
2026-04-03 21:28:31|qwen|web_search_no_think|4|QUESTION_SENT||1807|a573e627-353e-4b7f-bd34-cca4c47e1a9e
2026-04-03 21:28:34|qwen|web_search_no_think|3|QUESTION_SENT||1852|d0e380e6-fb71-4697-8322-0b0008c5a541
2026-04-03 21:28:51|qwen|web_search_no_think|0|JSON_VERIFIED||2011|205203dd-6447-4330-bb5e-0452d99fe811
2026-04-03 21:28:51|qwen|web_search_no_think|0|QUESTION|11|2011|205203dd-6447-4330-bb5e-0452d99fe811
2026-04-03 21:28:51|qwen|web_search_no_think|0|JSON_SAVED||2011|205203dd-6447-4330-bb5e-0452d99fe811
2026-04-03 21:28:51|qwen|web_search_no_think|0|QUESTION_ADVANCE||2012|a99d8056-9838-4694-b356-b05b84e9d480
2026-04-03 21:28:58|qwen|web_search_no_think|2|JSON_VERIFIED||1906|26b94c59-6d54-48b7-b0d7-5878032e9aec
2026-04-03 21:28:58|qwen|web_search_no_think|2|QUESTION|6|1906|26b94c59-6d54-48b7-b0d7-5878032e9aec
2026-04-03 21:28:58|qwen|web_search_no_think|2|JSON_SAVED||1906|26b94c59-6d54-48b7-b0d7-5878032e9aec
2026-04-03 21:28:58|qwen|web_search_no_think|2|QUESTION_ADVANCE||1907|cd282af6-8ff9-4eae-8d71-d9036295ed7f
2026-04-03 21:29:14|qwen|web_search_no_think|1|JSON_VERIFIED||1957|4e589b29-a548-4d48-a5e0-35a6896eaef8
2026-04-03 21:29:14|qwen|web_search_no_think|1|QUESTION|7|1957|4e589b29-a548-4d48-a5e0-35a6896eaef8
2026-04-03 21:29:14|qwen|web_search_no_think|1|JSON_SAVED||1957|4e589b29-a548-4d48-a5e0-35a6896eaef8
2026-04-03 21:29:14|qwen|web_search_no_think|1|QUESTION_ADVANCE||1958|4f5e57fd-6ba6-4312-be35-3fd94ebaffa8
2026-04-03 21:29:18|qwen|web_search_no_think|0|QUESTION_SENT||2012|a99d8056-9838-4694-b356-b05b84e9d480
2026-04-03 21:29:24|qwen|web_search_no_think|2|QUESTION_SENT||1907|cd282af6-8ff9-4eae-8d71-d9036295ed7f
2026-04-03 21:29:40|qwen|web_search_no_think|1|QUESTION_SENT||1958|4f5e57fd-6ba6-4312-be35-3fd94ebaffa8
2026-04-03 21:30:20|qwen|web_search_no_think|4|JSON_VERIFIED||1807|a573e627-353e-4b7f-bd34-cca4c47e1a9e
2026-04-03 21:30:20|qwen|web_search_no_think|4|QUESTION|7|1807|a573e627-353e-4b7f-bd34-cca4c47e1a9e
2026-04-03 21:30:20|qwen|web_search_no_think|4|JSON_SAVED||1807|a573e627-353e-4b7f-bd34-cca4c47e1a9e
2026-04-03 21:30:20|qwen|web_search_no_think|4|QUESTION_ADVANCE||1808|22300d64-715d-4501-8b5b-a8cf2373293b
2026-04-03 21:30:30|qwen|web_search_no_think|3|JSON_VERIFIED||1852|d0e380e6-fb71-4697-8322-0b0008c5a541
2026-04-03 21:30:30|qwen|web_search_no_think|3|QUESTION|2|1852|d0e380e6-fb71-4697-8322-0b0008c5a541
2026-04-03 21:30:30|qwen|web_search_no_think|3|JSON_SAVED||1852|d0e380e6-fb71-4697-8322-0b0008c5a541
2026-04-03 21:30:30|qwen|web_search_no_think|3|QUESTION_ADVANCE||1853|4e246bf0-0926-4b9d-a959-0ed495d0cf0d
2026-04-03 21:30:47|qwen|web_search_no_think|4|QUESTION_SENT||1808|22300d64-715d-4501-8b5b-a8cf2373293b
2026-04-03 21:30:57|qwen|web_search_no_think|3|QUESTION_SENT||1853|4e246bf0-0926-4b9d-a959-0ed495d0cf0d
2026-04-03 21:31:10|qwen|web_search_no_think|0|JSON_VERIFIED||2012|a99d8056-9838-4694-b356-b05b84e9d480
2026-04-03 21:31:10|qwen|web_search_no_think|0|QUESTION|12|2012|a99d8056-9838-4694-b356-b05b84e9d480
2026-04-03 21:31:10|qwen|web_search_no_think|0|JSON_SAVED||2012|a99d8056-9838-4694-b356-b05b84e9d480
2026-04-03 21:31:10|qwen|web_search_no_think|0|QUESTION_ADVANCE||2013|f5851763-8e31-42e9-9324-c2c94c049a4f
2026-04-03 21:31:25|qwen|web_search_no_think|5|JSON_VERIFIED||1758|a1874370-a373-416b-9e97-d3779bc49c1d
2026-04-03 21:31:25|qwen|web_search_no_think|5|QUESTION|9|1758|a1874370-a373-416b-9e97-d3779bc49c1d
2026-04-03 21:31:25|qwen|web_search_no_think|5|JSON_SAVED||1758|a1874370-a373-416b-9e97-d3779bc49c1d
2026-04-03 21:31:25|qwen|web_search_no_think|5|QUESTION_ADVANCE||1759|5ae11534-4f20-4a3c-adc0-2e4fd9135270
2026-04-03 21:31:36|qwen|web_search_no_think|0|QUESTION_SENT||2013|f5851763-8e31-42e9-9324-c2c94c049a4f
2026-04-03 21:31:51|qwen|web_search_no_think|5|QUESTION_SENT||1759|5ae11534-4f20-4a3c-adc0-2e4fd9135270
2026-04-03 21:32:00|qwen|web_search_no_think|2|JSON_VERIFIED||1907|cd282af6-8ff9-4eae-8d71-d9036295ed7f
2026-04-03 21:32:00|qwen|web_search_no_think|2|QUESTION|7|1907|cd282af6-8ff9-4eae-8d71-d9036295ed7f
2026-04-03 21:32:00|qwen|web_search_no_think|2|JSON_SAVED||1907|cd282af6-8ff9-4eae-8d71-d9036295ed7f
2026-04-03 21:32:00|qwen|web_search_no_think|2|QUESTION_ADVANCE||1908|a04c2f96-6908-409a-b063-59554047397a
2026-04-03 21:32:27|qwen|web_search_no_think|2|QUESTION_SENT||1908|a04c2f96-6908-409a-b063-59554047397a
2026-04-03 21:33:06|qwen|web_search_no_think|4|JSON_VERIFIED||1808|22300d64-715d-4501-8b5b-a8cf2373293b
2026-04-03 21:33:06|qwen|web_search_no_think|4|QUESTION|8|1808|22300d64-715d-4501-8b5b-a8cf2373293b
2026-04-03 21:33:06|qwen|web_search_no_think|4|JSON_SAVED||1808|22300d64-715d-4501-8b5b-a8cf2373293b
2026-04-03 21:33:06|qwen|web_search_no_think|4|QUESTION_ADVANCE||1809|6fb7e347-e8b4-4f3e-b850-c5da5d08b632
2026-04-03 21:33:12|qwen|web_search_no_think|3|JSON_VERIFIED||1853|4e246bf0-0926-4b9d-a959-0ed495d0cf0d
2026-04-03 21:33:12|qwen|web_search_no_think|3|QUESTION|3|1853|4e246bf0-0926-4b9d-a959-0ed495d0cf0d
2026-04-03 21:33:12|qwen|web_search_no_think|3|JSON_SAVED||1853|4e246bf0-0926-4b9d-a959-0ed495d0cf0d
2026-04-03 21:33:12|qwen|web_search_no_think|3|QUESTION_ADVANCE||1854|46e46dd0-38d9-4da5-846d-fee7e32b64df
2026-04-03 21:33:32|qwen|web_search_no_think|4|QUESTION_SENT||1809|6fb7e347-e8b4-4f3e-b850-c5da5d08b632
2026-04-03 21:33:38|qwen|web_search_no_think|3|QUESTION_SENT||1854|46e46dd0-38d9-4da5-846d-fee7e32b64df
2026-04-03 21:33:46|qwen|web_search_no_think|0|JSON_VERIFIED||2013|f5851763-8e31-42e9-9324-c2c94c049a4f
2026-04-03 21:33:46|qwen|web_search_no_think|0|QUESTION|13|2013|f5851763-8e31-42e9-9324-c2c94c049a4f
2026-04-03 21:33:46|qwen|web_search_no_think|0|JSON_SAVED||2013|f5851763-8e31-42e9-9324-c2c94c049a4f
2026-04-03 21:33:46|qwen|web_search_no_think|0|QUESTION_ADVANCE||2014|95f58130-ed37-42b5-a9ce-9e29985fb4d4
2026-04-03 21:34:05|qwen|web_search_no_think|5|JSON_VERIFIED||1759|5ae11534-4f20-4a3c-adc0-2e4fd9135270
2026-04-03 21:34:05|qwen|web_search_no_think|5|QUESTION|10|1759|5ae11534-4f20-4a3c-adc0-2e4fd9135270
2026-04-03 21:34:05|qwen|web_search_no_think|5|JSON_SAVED||1759|5ae11534-4f20-4a3c-adc0-2e4fd9135270
2026-04-03 21:34:05|qwen|web_search_no_think|5|QUESTION_ADVANCE||1760|3bba75bd-b3da-4155-ac64-e10eff8c8fe2
2026-04-03 21:34:12|qwen|web_search_no_think|0|QUESTION_SENT||2014|95f58130-ed37-42b5-a9ce-9e29985fb4d4
2026-04-03 21:34:19|qwen|web_search_no_think|2|JSON_VERIFIED||1908|a04c2f96-6908-409a-b063-59554047397a
2026-04-03 21:34:19|qwen|web_search_no_think|2|QUESTION|8|1908|a04c2f96-6908-409a-b063-59554047397a
2026-04-03 21:34:19|qwen|web_search_no_think|2|JSON_SAVED||1908|a04c2f96-6908-409a-b063-59554047397a
2026-04-03 21:34:19|qwen|web_search_no_think|2|QUESTION_ADVANCE||1909|1f517668-3770-4cc4-a876-19b04ee039f7
2026-04-03 21:34:21|qwen|web_search_no_think|1|JSON_VERIFIED||1958|4f5e57fd-6ba6-4312-be35-3fd94ebaffa8
2026-04-03 21:34:21|qwen|web_search_no_think|1|QUESTION|8|1958|4f5e57fd-6ba6-4312-be35-3fd94ebaffa8
2026-04-03 21:34:21|qwen|web_search_no_think|1|JSON_SAVED||1958|4f5e57fd-6ba6-4312-be35-3fd94ebaffa8
2026-04-03 21:34:21|qwen|web_search_no_think|1|QUESTION_ADVANCE||1959|2101eecb-eba0-48db-aada-275724ae7539
2026-04-03 21:34:31|qwen|web_search_no_think|5|QUESTION_SENT||1760|3bba75bd-b3da-4155-ac64-e10eff8c8fe2
2026-04-03 21:34:45|qwen|web_search_no_think|2|QUESTION_SENT||1909|1f517668-3770-4cc4-a876-19b04ee039f7
2026-04-03 21:34:48|qwen|web_search_no_think|1|QUESTION_SENT||1959|2101eecb-eba0-48db-aada-275724ae7539
2026-04-03 21:35:20|qwen|web_search_no_think|3|JSON_VERIFIED||1854|46e46dd0-38d9-4da5-846d-fee7e32b64df
2026-04-03 21:35:20|qwen|web_search_no_think|3|QUESTION|4|1854|46e46dd0-38d9-4da5-846d-fee7e32b64df
2026-04-03 21:35:20|qwen|web_search_no_think|3|JSON_SAVED||1854|46e46dd0-38d9-4da5-846d-fee7e32b64df
2026-04-03 21:35:20|qwen|web_search_no_think|3|QUESTION_ADVANCE||1855|310011b7-514e-4991-9ca8-624ab7a57db0
2026-04-03 21:35:30|qwen|web_search_no_think|4|JSON_VERIFIED||1809|6fb7e347-e8b4-4f3e-b850-c5da5d08b632
2026-04-03 21:35:30|qwen|web_search_no_think|4|QUESTION|9|1809|6fb7e347-e8b4-4f3e-b850-c5da5d08b632
2026-04-03 21:35:30|qwen|web_search_no_think|4|JSON_SAVED||1809|6fb7e347-e8b4-4f3e-b850-c5da5d08b632
2026-04-03 21:35:30|qwen|web_search_no_think|4|QUESTION_ADVANCE||1810|d4797526-12b3-4523-8061-97c6a94ed9a4
2026-04-03 21:35:46|qwen|web_search_no_think|3|QUESTION_SENT||1855|310011b7-514e-4991-9ca8-624ab7a57db0
2026-04-03 21:35:56|qwen|web_search_no_think|4|QUESTION_SENT||1810|d4797526-12b3-4523-8061-97c6a94ed9a4
2026-04-03 21:35:56|qwen|web_search_no_think|5|JSON_VERIFIED||1760|3bba75bd-b3da-4155-ac64-e10eff8c8fe2
2026-04-03 21:35:56|qwen|web_search_no_think|5|QUESTION|11|1760|3bba75bd-b3da-4155-ac64-e10eff8c8fe2
2026-04-03 21:35:56|qwen|web_search_no_think|5|JSON_SAVED||1760|3bba75bd-b3da-4155-ac64-e10eff8c8fe2
2026-04-03 21:35:56|qwen|web_search_no_think|5|QUESTION_ADVANCE||1761|026f41ad-dec1-4997-ad1c-6d097f866560
2026-04-03 21:36:01|qwen|web_search_no_think|0|JSON_VERIFIED||2014|95f58130-ed37-42b5-a9ce-9e29985fb4d4
2026-04-03 21:36:01|qwen|web_search_no_think|0|QUESTION|14|2014|95f58130-ed37-42b5-a9ce-9e29985fb4d4
2026-04-03 21:36:01|qwen|web_search_no_think|0|JSON_SAVED||2014|95f58130-ed37-42b5-a9ce-9e29985fb4d4
2026-04-03 21:36:01|qwen|web_search_no_think|0|QUESTION_ADVANCE||2015|500914ec-ca27-43b5-8dd0-f110c1ec716c
2026-04-03 21:36:23|qwen|web_search_no_think|5|QUESTION_SENT||1761|026f41ad-dec1-4997-ad1c-6d097f866560
2026-04-03 21:36:28|qwen|web_search_no_think|0|QUESTION_SENT||2015|500914ec-ca27-43b5-8dd0-f110c1ec716c
2026-04-03 21:36:49|qwen|web_search_no_think|4|JSON_VERIFIED||1810|d4797526-12b3-4523-8061-97c6a94ed9a4
2026-04-03 21:36:49|qwen|web_search_no_think|4|QUESTION|10|1810|d4797526-12b3-4523-8061-97c6a94ed9a4
2026-04-03 21:36:49|qwen|web_search_no_think|4|JSON_SAVED||1810|d4797526-12b3-4523-8061-97c6a94ed9a4
2026-04-03 21:36:49|qwen|web_search_no_think|4|QUESTION_ADVANCE||1811|957e2f7d-083f-4345-8fca-465ffbc0acae
2026-04-03 21:37:15|qwen|web_search_no_think|4|QUESTION_SENT||1811|957e2f7d-083f-4345-8fca-465ffbc0acae
2026-04-03 21:37:17|qwen|web_search_no_think|0|JSON_VERIFIED||2015|500914ec-ca27-43b5-8dd0-f110c1ec716c
2026-04-03 21:37:17|qwen|web_search_no_think|0|QUESTION|15|2015|500914ec-ca27-43b5-8dd0-f110c1ec716c
2026-04-03 21:37:17|qwen|web_search_no_think|0|JSON_SAVED||2015|500914ec-ca27-43b5-8dd0-f110c1ec716c
2026-04-03 21:37:17|qwen|web_search_no_think|0|QUESTION_ADVANCE||2016|6824543c-4e9f-46ca-9227-23f49ffa3193
2026-04-03 21:37:32|qwen|web_search_no_think|1|JSON_VERIFIED||1959|2101eecb-eba0-48db-aada-275724ae7539
2026-04-03 21:37:32|qwen|web_search_no_think|1|QUESTION|9|1959|2101eecb-eba0-48db-aada-275724ae7539
2026-04-03 21:37:32|qwen|web_search_no_think|1|JSON_SAVED||1959|2101eecb-eba0-48db-aada-275724ae7539
2026-04-03 21:37:32|qwen|web_search_no_think|1|QUESTION_ADVANCE||1960|da2a7b6e-86d6-459e-8781-2b612462365e
2026-04-03 21:37:44|qwen|web_search_no_think|0|QUESTION_SENT||2016|6824543c-4e9f-46ca-9227-23f49ffa3193
2026-04-03 21:37:51|qwen|web_search_no_think|3|JSON_VERIFIED||1855|310011b7-514e-4991-9ca8-624ab7a57db0
2026-04-03 21:37:51|qwen|web_search_no_think|3|QUESTION|5|1855|310011b7-514e-4991-9ca8-624ab7a57db0
2026-04-03 21:37:51|qwen|web_search_no_think|3|JSON_SAVED||1855|310011b7-514e-4991-9ca8-624ab7a57db0
2026-04-03 21:37:51|qwen|web_search_no_think|3|QUESTION_ADVANCE||1856|443e304d-c0d4-4936-9708-3c6c80bb8cf9
2026-04-03 21:37:59|qwen|web_search_no_think|1|QUESTION_SENT||1960|da2a7b6e-86d6-459e-8781-2b612462365e
2026-04-03 21:38:01|qwen|web_search_no_think|2|JSON_VERIFIED||1909|1f517668-3770-4cc4-a876-19b04ee039f7
2026-04-03 21:38:01|qwen|web_search_no_think|2|QUESTION|9|1909|1f517668-3770-4cc4-a876-19b04ee039f7
2026-04-03 21:38:01|qwen|web_search_no_think|2|JSON_SAVED||1909|1f517668-3770-4cc4-a876-19b04ee039f7
2026-04-03 21:38:01|qwen|web_search_no_think|2|QUESTION_ADVANCE||1910|12c3b124-98f0-40a3-bc11-cf392bacfefc
2026-04-03 21:38:04|qwen|web_search_no_think|5|JSON_VERIFIED||1761|026f41ad-dec1-4997-ad1c-6d097f866560
2026-04-03 21:38:04|qwen|web_search_no_think|5|QUESTION|12|1761|026f41ad-dec1-4997-ad1c-6d097f866560
2026-04-03 21:38:04|qwen|web_search_no_think|5|JSON_SAVED||1761|026f41ad-dec1-4997-ad1c-6d097f866560
2026-04-03 21:38:04|qwen|web_search_no_think|5|QUESTION_ADVANCE||1762|8fae323a-6e11-43ef-b344-9b975ac6d7a7
2026-04-03 21:38:06|qwen|web_search_no_think|4|JSON_VERIFY_FAILED||1811|957e2f7d-083f-4345-8fca-465ffbc0acae
2026-04-03 21:38:06|qwen|web_search_no_think|4|QUESTION|11|1811|957e2f7d-083f-4345-8fca-465ffbc0acae
2026-04-03 21:38:18|qwen|web_search_no_think|3|QUESTION_SENT||1856|443e304d-c0d4-4936-9708-3c6c80bb8cf9
2026-04-03 21:38:28|qwen|web_search_no_think|2|QUESTION_SENT||1910|12c3b124-98f0-40a3-bc11-cf392bacfefc
2026-04-03 21:38:30|qwen|web_search_no_think|5|QUESTION_SENT||1762|8fae323a-6e11-43ef-b344-9b975ac6d7a7
2026-04-03 21:38:33|qwen|web_search_no_think|4|QUESTION_SENT||1811|957e2f7d-083f-4345-8fca-465ffbc0acae
2026-04-03 21:39:06|qwen|web_search_no_think|1|JSON_VERIFIED||1960|da2a7b6e-86d6-459e-8781-2b612462365e
2026-04-03 21:39:06|qwen|web_search_no_think|1|QUESTION|10|1960|da2a7b6e-86d6-459e-8781-2b612462365e
2026-04-03 21:39:06|qwen|web_search_no_think|1|JSON_SAVED||1960|da2a7b6e-86d6-459e-8781-2b612462365e
2026-04-03 21:39:06|qwen|web_search_no_think|1|QUESTION_ADVANCE||1961|c5db5b94-52de-4690-a5a5-4d9581a11884
2026-04-03 21:39:32|qwen|web_search_no_think|1|QUESTION_SENT||1961|c5db5b94-52de-4690-a5a5-4d9581a11884
2026-04-03 21:39:51|qwen|web_search_no_think|4|JSON_VERIFIED||1811|957e2f7d-083f-4345-8fca-465ffbc0acae
2026-04-03 21:39:51|qwen|web_search_no_think|4|QUESTION|12|1811|957e2f7d-083f-4345-8fca-465ffbc0acae
2026-04-03 21:39:51|qwen|web_search_no_think|4|JSON_SAVED||1811|957e2f7d-083f-4345-8fca-465ffbc0acae
2026-04-03 21:39:51|qwen|web_search_no_think|4|QUESTION_ADVANCE||1812|a3f6131b-3204-4b72-be81-12fe8aea7222
2026-04-03 21:40:17|qwen|web_search_no_think|4|QUESTION_SENT||1812|a3f6131b-3204-4b72-be81-12fe8aea7222
2026-04-03 21:40:23|qwen|web_search_no_think|0|JSON_VERIFIED||2016|6824543c-4e9f-46ca-9227-23f49ffa3193
2026-04-03 21:40:23|qwen|web_search_no_think|0|QUESTION|16|2016|6824543c-4e9f-46ca-9227-23f49ffa3193
2026-04-03 21:40:23|qwen|web_search_no_think|0|JSON_SAVED||2016|6824543c-4e9f-46ca-9227-23f49ffa3193
2026-04-03 21:40:23|qwen|web_search_no_think|0|QUESTION_ADVANCE||2017|0b28e6b1-7e8a-4d2f-8467-6ebe21307d9f
2026-04-03 21:40:49|qwen|web_search_no_think|0|QUESTION_SENT||2017|0b28e6b1-7e8a-4d2f-8467-6ebe21307d9f
2026-04-03 21:41:14|qwen|web_search_no_think|3|JSON_VERIFIED||1856|443e304d-c0d4-4936-9708-3c6c80bb8cf9
2026-04-03 21:41:14|qwen|web_search_no_think|3|QUESTION|6|1856|443e304d-c0d4-4936-9708-3c6c80bb8cf9
2026-04-03 21:41:14|qwen|web_search_no_think|3|JSON_SAVED||1856|443e304d-c0d4-4936-9708-3c6c80bb8cf9
2026-04-03 21:41:14|qwen|web_search_no_think|3|QUESTION_ADVANCE||1857|0eec7727-0fc7-4d42-8f28-5d9e72d63d7c
2026-04-03 21:41:15|qwen|web_search_no_think|5|JSON_VERIFIED||1762|8fae323a-6e11-43ef-b344-9b975ac6d7a7
2026-04-03 21:41:15|qwen|web_search_no_think|5|QUESTION|13|1762|8fae323a-6e11-43ef-b344-9b975ac6d7a7
2026-04-03 21:41:15|qwen|web_search_no_think|5|JSON_SAVED||1762|8fae323a-6e11-43ef-b344-9b975ac6d7a7
2026-04-03 21:41:15|qwen|web_search_no_think|5|QUESTION_ADVANCE||1763|e4409c60-4fbb-4b53-ad76-b557fd57d649
2026-04-03 21:41:23|qwen|web_search_no_think|1|JSON_VERIFIED||1961|c5db5b94-52de-4690-a5a5-4d9581a11884
2026-04-03 21:41:23|qwen|web_search_no_think|1|QUESTION|11|1961|c5db5b94-52de-4690-a5a5-4d9581a11884
2026-04-03 21:41:23|qwen|web_search_no_think|1|JSON_SAVED||1961|c5db5b94-52de-4690-a5a5-4d9581a11884
2026-04-03 21:41:23|qwen|web_search_no_think|1|QUESTION_ADVANCE||1962|90e0f749-66d5-428e-978a-0b007024af54
2026-04-03 21:41:39|qwen|web_search_no_think|2|JSON_VERIFIED||1910|12c3b124-98f0-40a3-bc11-cf392bacfefc
2026-04-03 21:41:39|qwen|web_search_no_think|2|QUESTION|10|1910|12c3b124-98f0-40a3-bc11-cf392bacfefc
2026-04-03 21:41:39|qwen|web_search_no_think|2|JSON_SAVED||1910|12c3b124-98f0-40a3-bc11-cf392bacfefc
2026-04-03 21:41:39|qwen|web_search_no_think|2|QUESTION_ADVANCE||1911|7ad8eca1-4966-454c-975e-c016adc74e21
2026-04-03 21:41:40|qwen|web_search_no_think|3|QUESTION_SENT||1857|0eec7727-0fc7-4d42-8f28-5d9e72d63d7c
2026-04-03 21:41:41|qwen|web_search_no_think|5|QUESTION_SENT||1763|e4409c60-4fbb-4b53-ad76-b557fd57d649
2026-04-03 21:41:49|qwen|web_search_no_think|1|QUESTION_SENT||1962|90e0f749-66d5-428e-978a-0b007024af54
2026-04-03 21:42:06|qwen|web_search_no_think|2|QUESTION_SENT||1911|7ad8eca1-4966-454c-975e-c016adc74e21
2026-04-03 21:43:02|qwen|web_search_no_think|1|JSON_VERIFIED||1962|90e0f749-66d5-428e-978a-0b007024af54
2026-04-03 21:43:02|qwen|web_search_no_think|1|QUESTION|12|1962|90e0f749-66d5-428e-978a-0b007024af54
2026-04-03 21:43:02|qwen|web_search_no_think|1|JSON_SAVED||1962|90e0f749-66d5-428e-978a-0b007024af54
2026-04-03 21:43:02|qwen|web_search_no_think|1|QUESTION_ADVANCE||1963|39c65e4c-f87d-444a-be3a-d04e19a58f4e
2026-04-03 21:43:18|qwen|web_search_no_think|0|JSON_VERIFIED||2017|0b28e6b1-7e8a-4d2f-8467-6ebe21307d9f
2026-04-03 21:43:18|qwen|web_search_no_think|0|QUESTION|17|2017|0b28e6b1-7e8a-4d2f-8467-6ebe21307d9f
2026-04-03 21:43:18|qwen|web_search_no_think|0|JSON_SAVED||2017|0b28e6b1-7e8a-4d2f-8467-6ebe21307d9f
2026-04-03 21:43:18|qwen|web_search_no_think|0|QUESTION_ADVANCE||2018|0ab65e73-6017-4819-9c30-22e14a4403a7
2026-04-03 21:43:28|qwen|web_search_no_think|1|QUESTION_SENT||1963|39c65e4c-f87d-444a-be3a-d04e19a58f4e
2026-04-03 21:43:29|qwen|web_search_no_think|5|JSON_VERIFY_FAILED||1763|e4409c60-4fbb-4b53-ad76-b557fd57d649
2026-04-03 21:43:29|qwen|web_search_no_think|5|QUESTION|14|1763|e4409c60-4fbb-4b53-ad76-b557fd57d649
2026-04-03 21:43:30|qwen|web_search_no_think|3|JSON_VERIFY_FAILED||1857|0eec7727-0fc7-4d42-8f28-5d9e72d63d7c
2026-04-03 21:43:30|qwen|web_search_no_think|3|QUESTION|7|1857|0eec7727-0fc7-4d42-8f28-5d9e72d63d7c
2026-04-03 21:43:35|qwen|web_search_no_think|4|JSON_VERIFIED||1812|a3f6131b-3204-4b72-be81-12fe8aea7222
2026-04-03 21:43:35|qwen|web_search_no_think|4|QUESTION|13|1812|a3f6131b-3204-4b72-be81-12fe8aea7222
2026-04-03 21:43:35|qwen|web_search_no_think|4|JSON_SAVED||1812|a3f6131b-3204-4b72-be81-12fe8aea7222
2026-04-03 21:43:35|qwen|web_search_no_think|4|QUESTION_ADVANCE||1813|4a6bd2be-5d1b-45c5-b91e-afdc06a270fb
2026-04-03 21:43:45|qwen|web_search_no_think|0|QUESTION_SENT||2018|0ab65e73-6017-4819-9c30-22e14a4403a7
2026-04-03 21:43:46|qwen|web_search_no_think|2|JSON_VERIFIED||1911|7ad8eca1-4966-454c-975e-c016adc74e21
2026-04-03 21:43:46|qwen|web_search_no_think|2|QUESTION|11|1911|7ad8eca1-4966-454c-975e-c016adc74e21
2026-04-03 21:43:46|qwen|web_search_no_think|2|JSON_SAVED||1911|7ad8eca1-4966-454c-975e-c016adc74e21
2026-04-03 21:43:46|qwen|web_search_no_think|2|QUESTION_ADVANCE||1912|f7c9b306-37d4-4721-85fa-dc787d6d2855
2026-04-03 21:43:56|qwen|web_search_no_think|5|QUESTION_SENT||1763|e4409c60-4fbb-4b53-ad76-b557fd57d649
2026-04-03 21:43:56|qwen|web_search_no_think|3|QUESTION_SENT||1857|0eec7727-0fc7-4d42-8f28-5d9e72d63d7c
2026-04-03 21:44:01|qwen|web_search_no_think|4|QUESTION_SENT||1813|4a6bd2be-5d1b-45c5-b91e-afdc06a270fb
2026-04-03 21:44:13|qwen|web_search_no_think|2|QUESTION_SENT||1912|f7c9b306-37d4-4721-85fa-dc787d6d2855
2026-04-03 21:45:04|qwen|web_search_no_think|4|JSON_VERIFIED||1813|4a6bd2be-5d1b-45c5-b91e-afdc06a270fb
2026-04-03 21:45:04|qwen|web_search_no_think|4|QUESTION|14|1813|4a6bd2be-5d1b-45c5-b91e-afdc06a270fb
2026-04-03 21:45:04|qwen|web_search_no_think|4|JSON_SAVED||1813|4a6bd2be-5d1b-45c5-b91e-afdc06a270fb
2026-04-03 21:45:04|qwen|web_search_no_think|4|QUESTION_ADVANCE||1814|8fd9b9b0-4bbe-401d-a8d5-ba5cb04aec52
2026-04-03 21:45:28|qwen|web_search_no_think|2|JSON_VERIFIED||1912|f7c9b306-37d4-4721-85fa-dc787d6d2855
2026-04-03 21:45:28|qwen|web_search_no_think|2|QUESTION|12|1912|f7c9b306-37d4-4721-85fa-dc787d6d2855
2026-04-03 21:45:28|qwen|web_search_no_think|2|JSON_SAVED||1912|f7c9b306-37d4-4721-85fa-dc787d6d2855
2026-04-03 21:45:28|qwen|web_search_no_think|2|QUESTION_ADVANCE||1913|1e884815-3734-4204-a0ba-2f0fc93cfaab
2026-04-03 21:45:30|qwen|web_search_no_think|4|QUESTION_SENT||1814|8fd9b9b0-4bbe-401d-a8d5-ba5cb04aec52
2026-04-03 21:45:40|qwen|web_search_no_think|0|JSON_VERIFIED||2018|0ab65e73-6017-4819-9c30-22e14a4403a7
2026-04-03 21:45:40|qwen|web_search_no_think|0|QUESTION|18|2018|0ab65e73-6017-4819-9c30-22e14a4403a7
2026-04-03 21:45:40|qwen|web_search_no_think|0|JSON_SAVED||2018|0ab65e73-6017-4819-9c30-22e14a4403a7
2026-04-03 21:45:40|qwen|web_search_no_think|0|QUESTION_ADVANCE||2019|e7f61073-e56e-4ef3-8309-1f7e54d386c6
2026-04-03 21:45:55|qwen|web_search_no_think|2|QUESTION_SENT||1913|1e884815-3734-4204-a0ba-2f0fc93cfaab
2026-04-03 21:46:06|qwen|web_search_no_think|0|QUESTION_SENT||2019|e7f61073-e56e-4ef3-8309-1f7e54d386c6
2026-04-03 21:46:39|qwen|web_search_no_think|5|JSON_VERIFIED||1763|e4409c60-4fbb-4b53-ad76-b557fd57d649
2026-04-03 21:46:39|qwen|web_search_no_think|5|QUESTION|15|1763|e4409c60-4fbb-4b53-ad76-b557fd57d649
2026-04-03 21:46:39|qwen|web_search_no_think|5|JSON_SAVED||1763|e4409c60-4fbb-4b53-ad76-b557fd57d649
2026-04-03 21:46:39|qwen|web_search_no_think|5|QUESTION_ADVANCE||1764|385d8ee3-7876-4551-99bb-c9e5e9d45fd4
2026-04-03 21:46:48|qwen|web_search_no_think|1|JSON_VERIFIED||1963|39c65e4c-f87d-444a-be3a-d04e19a58f4e
2026-04-03 21:46:48|qwen|web_search_no_think|1|QUESTION|13|1963|39c65e4c-f87d-444a-be3a-d04e19a58f4e
2026-04-03 21:46:48|qwen|web_search_no_think|1|JSON_SAVED||1963|39c65e4c-f87d-444a-be3a-d04e19a58f4e
2026-04-03 21:46:48|qwen|web_search_no_think|1|QUESTION_ADVANCE||1964|9902449d-9785-41ff-8177-114eec751645
2026-04-03 21:47:05|qwen|web_search_no_think|5|QUESTION_SENT||1764|385d8ee3-7876-4551-99bb-c9e5e9d45fd4
2026-04-03 21:47:15|qwen|web_search_no_think|1|QUESTION_SENT||1964|9902449d-9785-41ff-8177-114eec751645
2026-04-03 21:47:19|qwen|web_search_no_think|3|JSON_VERIFIED||1857|0eec7727-0fc7-4d42-8f28-5d9e72d63d7c
2026-04-03 21:47:19|qwen|web_search_no_think|3|QUESTION|8|1857|0eec7727-0fc7-4d42-8f28-5d9e72d63d7c
2026-04-03 21:47:19|qwen|web_search_no_think|3|JSON_SAVED||1857|0eec7727-0fc7-4d42-8f28-5d9e72d63d7c
2026-04-03 21:47:19|qwen|web_search_no_think|3|QUESTION_ADVANCE||1858|e016f0ce-c71d-4c06-ba99-837638b81045
2026-04-03 21:47:20|qwen|web_search_no_think|0|JSON_VERIFIED||2019|e7f61073-e56e-4ef3-8309-1f7e54d386c6
2026-04-03 21:47:20|qwen|web_search_no_think|0|QUESTION|19|2019|e7f61073-e56e-4ef3-8309-1f7e54d386c6
2026-04-03 21:47:20|qwen|web_search_no_think|0|JSON_SAVED||2019|e7f61073-e56e-4ef3-8309-1f7e54d386c6
2026-04-03 21:47:20|qwen|web_search_no_think|0|QUESTION_ADVANCE||2020|abf1a7a4-8037-48cb-a285-3739f8bc3c13
2026-04-03 21:47:46|qwen|web_search_no_think|3|QUESTION_SENT||1858|e016f0ce-c71d-4c06-ba99-837638b81045
2026-04-03 21:47:46|qwen|web_search_no_think|0|QUESTION_SENT||2020|abf1a7a4-8037-48cb-a285-3739f8bc3c13
2026-04-03 21:48:00|qwen|web_search_no_think|5|JSON_VERIFIED||1764|385d8ee3-7876-4551-99bb-c9e5e9d45fd4
2026-04-03 21:48:00|qwen|web_search_no_think|5|QUESTION|16|1764|385d8ee3-7876-4551-99bb-c9e5e9d45fd4
2026-04-03 21:48:00|qwen|web_search_no_think|5|JSON_SAVED||1764|385d8ee3-7876-4551-99bb-c9e5e9d45fd4
2026-04-03 21:48:00|qwen|web_search_no_think|5|QUESTION_ADVANCE||1765|a972024b-290b-4f96-9982-80203e5dc933
2026-04-03 21:48:26|qwen|web_search_no_think|5|QUESTION_SENT||1765|a972024b-290b-4f96-9982-80203e5dc933
2026-04-03 21:49:03|qwen|web_search_no_think|1|JSON_VERIFIED||1964|9902449d-9785-41ff-8177-114eec751645
2026-04-03 21:49:03|qwen|web_search_no_think|1|QUESTION|14|1964|9902449d-9785-41ff-8177-114eec751645
2026-04-03 21:49:03|qwen|web_search_no_think|1|JSON_SAVED||1964|9902449d-9785-41ff-8177-114eec751645
2026-04-03 21:49:03|qwen|web_search_no_think|1|QUESTION_ADVANCE||1965|c3616508-823e-48e2-b51c-d50dc1f98e37
2026-04-03 21:49:10|qwen|web_search_no_think|4|JSON_VERIFIED||1814|8fd9b9b0-4bbe-401d-a8d5-ba5cb04aec52
2026-04-03 21:49:10|qwen|web_search_no_think|4|QUESTION|15|1814|8fd9b9b0-4bbe-401d-a8d5-ba5cb04aec52
2026-04-03 21:49:10|qwen|web_search_no_think|4|JSON_SAVED||1814|8fd9b9b0-4bbe-401d-a8d5-ba5cb04aec52
2026-04-03 21:49:10|qwen|web_search_no_think|4|QUESTION_ADVANCE||1815|11d3553a-9fed-4be1-bbf0-a9860172eb7e
2026-04-03 21:49:20|qwen|web_search_no_think|0|JSON_VERIFIED||2020|abf1a7a4-8037-48cb-a285-3739f8bc3c13
2026-04-03 21:49:20|qwen|web_search_no_think|0|QUESTION|20|2020|abf1a7a4-8037-48cb-a285-3739f8bc3c13
2026-04-03 21:49:20|qwen|web_search_no_think|0|JSON_SAVED||2020|abf1a7a4-8037-48cb-a285-3739f8bc3c13
2026-04-03 21:49:20|qwen|web_search_no_think|0|QUESTION_ADVANCE||2021|2e7ad6ba-af42-4906-8165-0588bb2ca905
2026-04-03 21:49:29|qwen|web_search_no_think|1|QUESTION_SENT||1965|c3616508-823e-48e2-b51c-d50dc1f98e37
2026-04-03 21:49:37|qwen|web_search_no_think|4|QUESTION_SENT||1815|11d3553a-9fed-4be1-bbf0-a9860172eb7e
2026-04-03 21:49:42|qwen|web_search_no_think|3|JSON_VERIFIED||1858|e016f0ce-c71d-4c06-ba99-837638b81045
2026-04-03 21:49:42|qwen|web_search_no_think|3|QUESTION|9|1858|e016f0ce-c71d-4c06-ba99-837638b81045
2026-04-03 21:49:42|qwen|web_search_no_think|3|JSON_SAVED||1858|e016f0ce-c71d-4c06-ba99-837638b81045
2026-04-03 21:49:42|qwen|web_search_no_think|3|QUESTION_ADVANCE||1859|61c87540-3768-4f9f-896d-8c7e47d8f83f
2026-04-03 21:49:47|qwen|web_search_no_think|0|QUESTION_SENT||2021|2e7ad6ba-af42-4906-8165-0588bb2ca905
2026-04-03 21:50:08|qwen|web_search_no_think|3|QUESTION_SENT||1859|61c87540-3768-4f9f-896d-8c7e47d8f83f
2026-04-03 21:50:31|qwen|web_search_no_think|4|JSON_VERIFIED||1815|11d3553a-9fed-4be1-bbf0-a9860172eb7e
2026-04-03 21:50:31|qwen|web_search_no_think|4|QUESTION|16|1815|11d3553a-9fed-4be1-bbf0-a9860172eb7e
2026-04-03 21:50:31|qwen|web_search_no_think|4|JSON_SAVED||1815|11d3553a-9fed-4be1-bbf0-a9860172eb7e
2026-04-03 21:50:31|qwen|web_search_no_think|4|QUESTION_ADVANCE||1816|f6205dea-0ad8-448c-bdca-d04e8bc48e22
2026-04-03 21:50:43|qwen|web_search_no_think|2|QUESTION_SENT||1913|1e884815-3734-4204-a0ba-2f0fc93cfaab
2026-04-03 21:50:56|qwen|web_search_no_think|0|JSON_VERIFIED||2021|2e7ad6ba-af42-4906-8165-0588bb2ca905
2026-04-03 21:50:56|qwen|web_search_no_think|0|QUESTION|21|2021|2e7ad6ba-af42-4906-8165-0588bb2ca905
2026-04-03 21:50:56|qwen|web_search_no_think|0|JSON_SAVED||2021|2e7ad6ba-af42-4906-8165-0588bb2ca905
2026-04-03 21:50:56|qwen|web_search_no_think|0|QUESTION_ADVANCE||2022|a33426f2-4c99-4c46-a632-2ffa3745074d
2026-04-03 21:50:57|qwen|web_search_no_think|4|QUESTION_SENT||1816|f6205dea-0ad8-448c-bdca-d04e8bc48e22
2026-04-03 21:51:02|qwen|web_search_no_think|5|JSON_VERIFIED||1765|a972024b-290b-4f96-9982-80203e5dc933
2026-04-03 21:51:02|qwen|web_search_no_think|5|QUESTION|17|1765|a972024b-290b-4f96-9982-80203e5dc933
2026-04-03 21:51:02|qwen|web_search_no_think|5|JSON_SAVED||1765|a972024b-290b-4f96-9982-80203e5dc933
2026-04-03 21:51:02|qwen|web_search_no_think|5|QUESTION_ADVANCE||1766|43f1020f-7fb0-484f-b28c-6a8cedcc56ef
2026-04-03 21:51:23|qwen|web_search_no_think|0|QUESTION_SENT||2022|a33426f2-4c99-4c46-a632-2ffa3745074d
2026-04-03 21:51:25|qwen|web_search_no_think|1|JSON_VERIFIED||1965|c3616508-823e-48e2-b51c-d50dc1f98e37
2026-04-03 21:51:25|qwen|web_search_no_think|1|QUESTION|15|1965|c3616508-823e-48e2-b51c-d50dc1f98e37
2026-04-03 21:51:25|qwen|web_search_no_think|1|JSON_SAVED||1965|c3616508-823e-48e2-b51c-d50dc1f98e37
2026-04-03 21:51:25|qwen|web_search_no_think|1|QUESTION_ADVANCE||1966|694d0fee-065a-457c-95d6-791078f5a3ec
2026-04-03 21:51:28|qwen|web_search_no_think|5|QUESTION_SENT||1766|43f1020f-7fb0-484f-b28c-6a8cedcc56ef
2026-04-03 21:51:52|qwen|web_search_no_think|1|QUESTION_SENT||1966|694d0fee-065a-457c-95d6-791078f5a3ec
2026-04-03 21:51:58|qwen|web_search_no_think|4|JSON_VERIFIED||1816|f6205dea-0ad8-448c-bdca-d04e8bc48e22
2026-04-03 21:51:58|qwen|web_search_no_think|4|QUESTION|17|1816|f6205dea-0ad8-448c-bdca-d04e8bc48e22
2026-04-03 21:51:58|qwen|web_search_no_think|4|JSON_SAVED||1816|f6205dea-0ad8-448c-bdca-d04e8bc48e22
2026-04-03 21:51:58|qwen|web_search_no_think|4|QUESTION_ADVANCE||1817|033a4c53-3d2b-4fa0-8c80-6e13bcf07942
2026-04-03 21:52:23|qwen|web_search_no_think|3|JSON_VERIFIED||1859|61c87540-3768-4f9f-896d-8c7e47d8f83f
2026-04-03 21:52:23|qwen|web_search_no_think|3|QUESTION|10|1859|61c87540-3768-4f9f-896d-8c7e47d8f83f
2026-04-03 21:52:23|qwen|web_search_no_think|3|JSON_SAVED||1859|61c87540-3768-4f9f-896d-8c7e47d8f83f
2026-04-03 21:52:23|qwen|web_search_no_think|3|QUESTION_ADVANCE||1860|d14b2995-7274-4822-bdf6-5cc98fe8aafa
2026-04-03 21:52:25|qwen|web_search_no_think|4|QUESTION_SENT||1817|033a4c53-3d2b-4fa0-8c80-6e13bcf07942
2026-04-03 21:52:44|qwen|web_search_no_think|1|JSON_VERIFIED||1966|694d0fee-065a-457c-95d6-791078f5a3ec
2026-04-03 21:52:44|qwen|web_search_no_think|1|QUESTION|16|1966|694d0fee-065a-457c-95d6-791078f5a3ec
2026-04-03 21:52:44|qwen|web_search_no_think|1|JSON_SAVED||1966|694d0fee-065a-457c-95d6-791078f5a3ec
2026-04-03 21:52:44|qwen|web_search_no_think|1|QUESTION_ADVANCE||1967|ff162cff-2e31-4d86-96a2-a373ec61d34a
2026-04-03 21:52:47|qwen|web_search_no_think|2|JSON_VERIFIED||1913|1e884815-3734-4204-a0ba-2f0fc93cfaab
2026-04-03 21:52:47|qwen|web_search_no_think|2|QUESTION|13|1913|1e884815-3734-4204-a0ba-2f0fc93cfaab
2026-04-03 21:52:47|qwen|web_search_no_think|2|JSON_SAVED||1913|1e884815-3734-4204-a0ba-2f0fc93cfaab
2026-04-03 21:52:47|qwen|web_search_no_think|2|QUESTION_ADVANCE||1914|dffc2863-5bf7-4cf1-bf21-484ca8a834f1
2026-04-03 21:52:50|qwen|web_search_no_think|3|QUESTION_SENT||1860|d14b2995-7274-4822-bdf6-5cc98fe8aafa
2026-04-03 21:53:11|qwen|web_search_no_think|1|QUESTION_SENT||1967|ff162cff-2e31-4d86-96a2-a373ec61d34a
2026-04-03 21:53:13|qwen|web_search_no_think|2|QUESTION_SENT||1914|dffc2863-5bf7-4cf1-bf21-484ca8a834f1
2026-04-03 21:54:07|qwen|web_search_no_think|0|JSON_VERIFIED||2022|a33426f2-4c99-4c46-a632-2ffa3745074d
2026-04-03 21:54:07|qwen|web_search_no_think|0|QUESTION|22|2022|a33426f2-4c99-4c46-a632-2ffa3745074d
2026-04-03 21:54:07|qwen|web_search_no_think|0|JSON_SAVED||2022|a33426f2-4c99-4c46-a632-2ffa3745074d
2026-04-03 21:54:07|qwen|web_search_no_think|0|QUESTION_ADVANCE||2023|bb0d6b9d-c6c2-4a6f-94cb-fe7bc9df567a
2026-04-03 21:54:34|qwen|web_search_no_think|0|QUESTION_SENT||2023|bb0d6b9d-c6c2-4a6f-94cb-fe7bc9df567a
2026-04-03 21:54:40|qwen|web_search_no_think|1|JSON_VERIFIED||1967|ff162cff-2e31-4d86-96a2-a373ec61d34a
2026-04-03 21:54:40|qwen|web_search_no_think|1|QUESTION|17|1967|ff162cff-2e31-4d86-96a2-a373ec61d34a
2026-04-03 21:54:40|qwen|web_search_no_think|1|JSON_SAVED||1967|ff162cff-2e31-4d86-96a2-a373ec61d34a
2026-04-03 21:54:40|qwen|web_search_no_think|1|QUESTION_ADVANCE||1968|8f06292e-7f08-474d-b5b7-73a49ab7e8e0
2026-04-03 21:54:46|qwen|web_search_no_think|5|JSON_VERIFIED||1766|43f1020f-7fb0-484f-b28c-6a8cedcc56ef
2026-04-03 21:54:46|qwen|web_search_no_think|5|QUESTION|18|1766|43f1020f-7fb0-484f-b28c-6a8cedcc56ef
2026-04-03 21:54:46|qwen|web_search_no_think|5|JSON_SAVED||1766|43f1020f-7fb0-484f-b28c-6a8cedcc56ef
2026-04-03 21:54:46|qwen|web_search_no_think|5|QUESTION_ADVANCE||1767|b2ee74b7-cf71-4ebf-ba6d-a11423578fe2
2026-04-03 21:55:05|qwen|web_search_no_think|4|JSON_VERIFIED||1817|033a4c53-3d2b-4fa0-8c80-6e13bcf07942
2026-04-03 21:55:05|qwen|web_search_no_think|4|QUESTION|18|1817|033a4c53-3d2b-4fa0-8c80-6e13bcf07942
2026-04-03 21:55:05|qwen|web_search_no_think|4|JSON_SAVED||1817|033a4c53-3d2b-4fa0-8c80-6e13bcf07942
2026-04-03 21:55:05|qwen|web_search_no_think|4|QUESTION_ADVANCE||1818|7bba1cb8-7d11-43c8-9e26-6bd48a665f8e
2026-04-03 21:55:07|qwen|web_search_no_think|1|QUESTION_SENT||1968|8f06292e-7f08-474d-b5b7-73a49ab7e8e0
2026-04-03 21:55:12|qwen|web_search_no_think|5|QUESTION_SENT||1767|b2ee74b7-cf71-4ebf-ba6d-a11423578fe2
2026-04-03 21:55:20|qwen|web_search_no_think|3|JSON_VERIFIED||1860|d14b2995-7274-4822-bdf6-5cc98fe8aafa
2026-04-03 21:55:20|qwen|web_search_no_think|3|QUESTION|11|1860|d14b2995-7274-4822-bdf6-5cc98fe8aafa
2026-04-03 21:55:20|qwen|web_search_no_think|3|JSON_SAVED||1860|d14b2995-7274-4822-bdf6-5cc98fe8aafa
2026-04-03 21:55:20|qwen|web_search_no_think|3|QUESTION_ADVANCE||1861|1cc52967-f2bb-479e-8748-e48e64854f6c
2026-04-03 21:55:32|qwen|web_search_no_think|4|QUESTION_SENT||1818|7bba1cb8-7d11-43c8-9e26-6bd48a665f8e
2026-04-03 21:55:42|qwen|web_search_no_think|0|JSON_VERIFIED||2023|bb0d6b9d-c6c2-4a6f-94cb-fe7bc9df567a
2026-04-03 21:55:42|qwen|web_search_no_think|0|QUESTION|23|2023|bb0d6b9d-c6c2-4a6f-94cb-fe7bc9df567a
2026-04-03 21:55:42|qwen|web_search_no_think|0|JSON_SAVED||2023|bb0d6b9d-c6c2-4a6f-94cb-fe7bc9df567a
2026-04-03 21:55:42|qwen|web_search_no_think|0|QUESTION_ADVANCE||2024|05998392-784a-464b-8a9e-fe771247e946
2026-04-03 21:55:47|qwen|web_search_no_think|3|QUESTION_SENT||1861|1cc52967-f2bb-479e-8748-e48e64854f6c
2026-04-03 21:55:54|qwen|web_search_no_think|1|JSON_VERIFIED||1968|8f06292e-7f08-474d-b5b7-73a49ab7e8e0
2026-04-03 21:55:54|qwen|web_search_no_think|1|QUESTION|18|1968|8f06292e-7f08-474d-b5b7-73a49ab7e8e0
2026-04-03 21:55:54|qwen|web_search_no_think|1|JSON_SAVED||1968|8f06292e-7f08-474d-b5b7-73a49ab7e8e0
2026-04-03 21:55:54|qwen|web_search_no_think|1|QUESTION_ADVANCE||1969|c5e5e901-cc4d-41cd-b1b0-41041d053d10
2026-04-03 21:56:08|qwen|web_search_no_think|0|QUESTION_SENT||2024|05998392-784a-464b-8a9e-fe771247e946
2026-04-03 21:56:20|qwen|web_search_no_think|1|QUESTION_SENT||1969|c5e5e901-cc4d-41cd-b1b0-41041d053d10
2026-04-03 21:57:20|qwen|web_search_no_think|4|JSON_VERIFIED||1818|7bba1cb8-7d11-43c8-9e26-6bd48a665f8e
2026-04-03 21:57:20|qwen|web_search_no_think|4|QUESTION|19|1818|7bba1cb8-7d11-43c8-9e26-6bd48a665f8e
2026-04-03 21:57:20|qwen|web_search_no_think|4|JSON_SAVED||1818|7bba1cb8-7d11-43c8-9e26-6bd48a665f8e
2026-04-03 21:57:20|qwen|web_search_no_think|4|QUESTION_ADVANCE||1819|2d989901-6d25-4c1a-8215-2ba2887749de
2026-04-03 21:57:26|qwen|web_search_no_think|3|JSON_VERIFIED||1861|1cc52967-f2bb-479e-8748-e48e64854f6c
2026-04-03 21:57:26|qwen|web_search_no_think|3|QUESTION|12|1861|1cc52967-f2bb-479e-8748-e48e64854f6c
2026-04-03 21:57:26|qwen|web_search_no_think|3|JSON_SAVED||1861|1cc52967-f2bb-479e-8748-e48e64854f6c
2026-04-03 21:57:26|qwen|web_search_no_think|3|QUESTION_ADVANCE||1862|c223ba17-831e-4a5c-be38-222839b1bc99
2026-04-03 21:57:46|qwen|web_search_no_think|4|QUESTION_SENT||1819|2d989901-6d25-4c1a-8215-2ba2887749de
2026-04-03 21:57:52|qwen|web_search_no_think|3|QUESTION_SENT||1862|c223ba17-831e-4a5c-be38-222839b1bc99
2026-04-03 21:57:57|qwen|web_search_no_think|5|JSON_VERIFIED||1767|b2ee74b7-cf71-4ebf-ba6d-a11423578fe2
2026-04-03 21:57:57|qwen|web_search_no_think|5|QUESTION|19|1767|b2ee74b7-cf71-4ebf-ba6d-a11423578fe2
2026-04-03 21:57:57|qwen|web_search_no_think|5|JSON_SAVED||1767|b2ee74b7-cf71-4ebf-ba6d-a11423578fe2
2026-04-03 21:57:57|qwen|web_search_no_think|5|QUESTION_ADVANCE||1768|ad00512d-6ac3-4674-b2d6-7dbaec53ebcd
2026-04-03 21:58:14|qwen|web_search_no_think|2|JSON_VERIFIED||1914|dffc2863-5bf7-4cf1-bf21-484ca8a834f1
2026-04-03 21:58:14|qwen|web_search_no_think|2|QUESTION|14|1914|dffc2863-5bf7-4cf1-bf21-484ca8a834f1
2026-04-03 21:58:14|qwen|web_search_no_think|2|JSON_SAVED||1914|dffc2863-5bf7-4cf1-bf21-484ca8a834f1
2026-04-03 21:58:14|qwen|web_search_no_think|2|QUESTION_ADVANCE||1915|83bd66c7-cca5-4610-b19d-5c4db51974f6
2026-04-03 21:58:18|qwen|web_search_no_think|0|JSON_VERIFIED||2024|05998392-784a-464b-8a9e-fe771247e946
2026-04-03 21:58:18|qwen|web_search_no_think|0|QUESTION|24|2024|05998392-784a-464b-8a9e-fe771247e946
2026-04-03 21:58:18|qwen|web_search_no_think|0|JSON_SAVED||2024|05998392-784a-464b-8a9e-fe771247e946
2026-04-03 21:58:18|qwen|web_search_no_think|0|QUESTION_ADVANCE||2025|2bf4932f-8e99-4d89-b177-7ccaa63328d6
2026-04-03 21:58:23|qwen|web_search_no_think|5|QUESTION_SENT||1768|ad00512d-6ac3-4674-b2d6-7dbaec53ebcd
2026-04-03 21:58:40|qwen|web_search_no_think|2|QUESTION_SENT||1915|83bd66c7-cca5-4610-b19d-5c4db51974f6
2026-04-03 21:58:43|qwen|web_search_no_think|1|JSON_VERIFIED||1969|c5e5e901-cc4d-41cd-b1b0-41041d053d10
2026-04-03 21:58:43|qwen|web_search_no_think|1|QUESTION|19|1969|c5e5e901-cc4d-41cd-b1b0-41041d053d10
2026-04-03 21:58:43|qwen|web_search_no_think|1|JSON_SAVED||1969|c5e5e901-cc4d-41cd-b1b0-41041d053d10
2026-04-03 21:58:43|qwen|web_search_no_think|1|QUESTION_ADVANCE||1970|71c28cc3-5664-404f-8946-e9797d84c406
2026-04-03 21:58:44|qwen|web_search_no_think|0|QUESTION_SENT||2025|2bf4932f-8e99-4d89-b177-7ccaa63328d6
2026-04-03 21:59:10|qwen|web_search_no_think|1|QUESTION_SENT||1970|71c28cc3-5664-404f-8946-e9797d84c406
2026-04-03 21:59:34|qwen|web_search_no_think|0|JSON_VERIFIED||2025|2bf4932f-8e99-4d89-b177-7ccaa63328d6
2026-04-03 21:59:34|qwen|web_search_no_think|0|QUESTION|25|2025|2bf4932f-8e99-4d89-b177-7ccaa63328d6
2026-04-03 21:59:34|qwen|web_search_no_think|0|JSON_SAVED||2025|2bf4932f-8e99-4d89-b177-7ccaa63328d6
2026-04-03 21:59:34|qwen|web_search_no_think|0|QUESTION_ADVANCE||2026|94cb08b9-1491-44c9-b4c1-5f4ed70b9d53
2026-04-03 21:59:46|qwen|web_search_no_think|5|JSON_VERIFIED||1768|ad00512d-6ac3-4674-b2d6-7dbaec53ebcd
2026-04-03 21:59:46|qwen|web_search_no_think|5|QUESTION|20|1768|ad00512d-6ac3-4674-b2d6-7dbaec53ebcd
2026-04-03 21:59:46|qwen|web_search_no_think|5|JSON_SAVED||1768|ad00512d-6ac3-4674-b2d6-7dbaec53ebcd
2026-04-03 21:59:46|qwen|web_search_no_think|5|QUESTION_ADVANCE||1769|75d40d69-68e6-4136-9f65-525c2552e9d8
2026-04-03 21:59:52|qwen|web_search_no_think|3|JSON_VERIFIED||1862|c223ba17-831e-4a5c-be38-222839b1bc99
2026-04-03 21:59:52|qwen|web_search_no_think|3|QUESTION|13|1862|c223ba17-831e-4a5c-be38-222839b1bc99
2026-04-03 21:59:52|qwen|web_search_no_think|3|JSON_SAVED||1862|c223ba17-831e-4a5c-be38-222839b1bc99
2026-04-03 21:59:52|qwen|web_search_no_think|3|QUESTION_ADVANCE||1863|1c2fee89-35ef-4885-b0e9-cbb7defef5ec
2026-04-03 22:00:00|qwen|web_search_no_think|0|QUESTION_SENT||2026|94cb08b9-1491-44c9-b4c1-5f4ed70b9d53
2026-04-03 22:00:12|qwen|web_search_no_think|5|QUESTION_SENT||1769|75d40d69-68e6-4136-9f65-525c2552e9d8
2026-04-03 22:00:18|qwen|web_search_no_think|3|QUESTION_SENT||1863|1c2fee89-35ef-4885-b0e9-cbb7defef5ec
2026-04-03 22:00:22|qwen|web_search_no_think|4|JSON_VERIFIED||1819|2d989901-6d25-4c1a-8215-2ba2887749de
2026-04-03 22:00:22|qwen|web_search_no_think|4|QUESTION|20|1819|2d989901-6d25-4c1a-8215-2ba2887749de
2026-04-03 22:00:22|qwen|web_search_no_think|4|JSON_SAVED||1819|2d989901-6d25-4c1a-8215-2ba2887749de
2026-04-03 22:00:22|qwen|web_search_no_think|4|QUESTION_ADVANCE||1820|b7f6cf55-07c2-4d3d-a282-b4f7ce53569b
2026-04-03 22:00:49|qwen|web_search_no_think|4|QUESTION_SENT||1820|b7f6cf55-07c2-4d3d-a282-b4f7ce53569b
2026-04-03 22:01:35|qwen|web_search_no_think|5|JSON_VERIFIED||1769|75d40d69-68e6-4136-9f65-525c2552e9d8
2026-04-03 22:01:35|qwen|web_search_no_think|5|QUESTION|21|1769|75d40d69-68e6-4136-9f65-525c2552e9d8
2026-04-03 22:01:35|qwen|web_search_no_think|5|JSON_SAVED||1769|75d40d69-68e6-4136-9f65-525c2552e9d8
2026-04-03 22:01:35|qwen|web_search_no_think|5|QUESTION_ADVANCE||1770|d181acd6-5276-4612-97a9-f19c7ea539c9
2026-04-03 22:01:39|qwen|web_search_no_think|1|JSON_VERIFIED||1970|71c28cc3-5664-404f-8946-e9797d84c406
2026-04-03 22:01:39|qwen|web_search_no_think|1|QUESTION|20|1970|71c28cc3-5664-404f-8946-e9797d84c406
2026-04-03 22:01:39|qwen|web_search_no_think|1|JSON_SAVED||1970|71c28cc3-5664-404f-8946-e9797d84c406
2026-04-03 22:01:39|qwen|web_search_no_think|1|QUESTION_ADVANCE||1971|6b99b3b4-d338-4e70-83e4-aee4356e6a99
2026-04-03 22:02:01|qwen|web_search_no_think|5|QUESTION_SENT||1770|d181acd6-5276-4612-97a9-f19c7ea539c9
2026-04-03 22:02:03|qwen|web_search_no_think|4|JSON_VERIFY_FAILED||1820|b7f6cf55-07c2-4d3d-a282-b4f7ce53569b
2026-04-03 22:02:03|qwen|web_search_no_think|4|QUESTION|21|1820|b7f6cf55-07c2-4d3d-a282-b4f7ce53569b
2026-04-03 22:02:05|qwen|web_search_no_think|1|QUESTION_SENT||1971|6b99b3b4-d338-4e70-83e4-aee4356e6a99
2026-04-03 22:02:08|qwen|web_search_no_think|4|QUESTION_SENT||1820|b7f6cf55-07c2-4d3d-a282-b4f7ce53569b
2026-04-03 22:02:47|qwen|web_search_no_think|5|JSON_VERIFIED||1770|d181acd6-5276-4612-97a9-f19c7ea539c9
2026-04-03 22:02:47|qwen|web_search_no_think|5|QUESTION|22|1770|d181acd6-5276-4612-97a9-f19c7ea539c9
2026-04-03 22:02:47|qwen|web_search_no_think|5|JSON_SAVED||1770|d181acd6-5276-4612-97a9-f19c7ea539c9
2026-04-03 22:02:47|qwen|web_search_no_think|5|QUESTION_ADVANCE||1771|f6b360a2-0507-4e38-ab13-ff9550e13cf8
2026-04-03 22:03:02|qwen|web_search_no_think|1|JSON_VERIFIED||1971|6b99b3b4-d338-4e70-83e4-aee4356e6a99
2026-04-03 22:03:02|qwen|web_search_no_think|1|QUESTION|21|1971|6b99b3b4-d338-4e70-83e4-aee4356e6a99
2026-04-03 22:03:02|qwen|web_search_no_think|1|JSON_SAVED||1971|6b99b3b4-d338-4e70-83e4-aee4356e6a99
2026-04-03 22:03:02|qwen|web_search_no_think|1|QUESTION_ADVANCE||1972|4ae36b6d-3a4e-46c9-90a6-6a2815b63662
2026-04-03 22:03:06|qwen|web_search_no_think|3|JSON_VERIFIED||1863|1c2fee89-35ef-4885-b0e9-cbb7defef5ec
2026-04-03 22:03:06|qwen|web_search_no_think|3|QUESTION|14|1863|1c2fee89-35ef-4885-b0e9-cbb7defef5ec
2026-04-03 22:03:06|qwen|web_search_no_think|3|JSON_SAVED||1863|1c2fee89-35ef-4885-b0e9-cbb7defef5ec
2026-04-03 22:03:06|qwen|web_search_no_think|3|QUESTION_ADVANCE||1864|a0102893-120f-43e4-be12-597b5828c86f
2026-04-03 22:03:12|qwen|web_search_no_think|0|JSON_VERIFIED||2026|94cb08b9-1491-44c9-b4c1-5f4ed70b9d53
2026-04-03 22:03:12|qwen|web_search_no_think|0|QUESTION|26|2026|94cb08b9-1491-44c9-b4c1-5f4ed70b9d53
2026-04-03 22:03:12|qwen|web_search_no_think|0|JSON_SAVED||2026|94cb08b9-1491-44c9-b4c1-5f4ed70b9d53
2026-04-03 22:03:12|qwen|web_search_no_think|0|QUESTION_ADVANCE||2027|1328a22d-1050-4a3f-988a-da3b05e937c8
2026-04-03 22:03:13|qwen|web_search_no_think|5|QUESTION_SENT||1771|f6b360a2-0507-4e38-ab13-ff9550e13cf8
2026-04-03 22:03:29|qwen|web_search_no_think|1|QUESTION_SENT||1972|4ae36b6d-3a4e-46c9-90a6-6a2815b63662
2026-04-03 22:03:29|qwen|web_search_no_think|2|JSON_VERIFIED||1915|83bd66c7-cca5-4610-b19d-5c4db51974f6
2026-04-03 22:03:29|qwen|web_search_no_think|2|QUESTION|15|1915|83bd66c7-cca5-4610-b19d-5c4db51974f6
2026-04-03 22:03:29|qwen|web_search_no_think|2|JSON_SAVED||1915|83bd66c7-cca5-4610-b19d-5c4db51974f6
2026-04-03 22:03:29|qwen|web_search_no_think|2|QUESTION_ADVANCE||1916|38ac4c1b-d462-4fd2-a569-e4742fae5c89
2026-04-03 22:03:32|qwen|web_search_no_think|3|QUESTION_SENT||1864|a0102893-120f-43e4-be12-597b5828c86f
2026-04-03 22:03:38|qwen|web_search_no_think|0|QUESTION_SENT||2027|1328a22d-1050-4a3f-988a-da3b05e937c8
2026-04-03 22:03:55|qwen|web_search_no_think|2|QUESTION_SENT||1916|38ac4c1b-d462-4fd2-a569-e4742fae5c89
2026-04-03 22:04:49|qwen|web_search_no_think|2|JSON_VERIFIED||1916|38ac4c1b-d462-4fd2-a569-e4742fae5c89
2026-04-03 22:04:49|qwen|web_search_no_think|2|QUESTION|16|1916|38ac4c1b-d462-4fd2-a569-e4742fae5c89
2026-04-03 22:04:49|qwen|web_search_no_think|2|JSON_SAVED||1916|38ac4c1b-d462-4fd2-a569-e4742fae5c89
2026-04-03 22:04:49|qwen|web_search_no_think|2|QUESTION_ADVANCE||1917|3314b534-4d85-4a50-8b77-8b3527443b33
2026-04-03 22:05:12|qwen|web_search_no_think|5|JSON_VERIFIED||1771|f6b360a2-0507-4e38-ab13-ff9550e13cf8
2026-04-03 22:05:12|qwen|web_search_no_think|5|QUESTION|23|1771|f6b360a2-0507-4e38-ab13-ff9550e13cf8
2026-04-03 22:05:12|qwen|web_search_no_think|5|JSON_SAVED||1771|f6b360a2-0507-4e38-ab13-ff9550e13cf8
2026-04-03 22:05:12|qwen|web_search_no_think|5|QUESTION_ADVANCE||1772|1b5c66b1-fa7f-41fd-a1ef-6106e4f26a81
2026-04-03 22:05:15|qwen|web_search_no_think|2|QUESTION_SENT||1917|3314b534-4d85-4a50-8b77-8b3527443b33
2026-04-03 22:05:19|qwen|web_search_no_think|4|QUESTION_SENT||1820|b7f6cf55-07c2-4d3d-a282-b4f7ce53569b
2026-04-03 22:05:32|qwen|web_search_no_think|0|JSON_VERIFIED||2027|1328a22d-1050-4a3f-988a-da3b05e937c8
2026-04-03 22:05:32|qwen|web_search_no_think|0|QUESTION|27|2027|1328a22d-1050-4a3f-988a-da3b05e937c8
2026-04-03 22:05:32|qwen|web_search_no_think|0|JSON_SAVED||2027|1328a22d-1050-4a3f-988a-da3b05e937c8
2026-04-03 22:05:32|qwen|web_search_no_think|0|QUESTION_ADVANCE||2028|88852857-92cf-4db6-8035-34f9516a548b
2026-04-03 22:05:39|qwen|web_search_no_think|5|QUESTION_SENT||1772|1b5c66b1-fa7f-41fd-a1ef-6106e4f26a81
2026-04-03 22:05:58|qwen|web_search_no_think|0|QUESTION_SENT||2028|88852857-92cf-4db6-8035-34f9516a548b
2026-04-03 22:06:01|qwen|web_search_no_think|1|JSON_VERIFIED||1972|4ae36b6d-3a4e-46c9-90a6-6a2815b63662
2026-04-03 22:06:01|qwen|web_search_no_think|1|QUESTION|22|1972|4ae36b6d-3a4e-46c9-90a6-6a2815b63662
2026-04-03 22:06:01|qwen|web_search_no_think|1|JSON_SAVED||1972|4ae36b6d-3a4e-46c9-90a6-6a2815b63662
2026-04-03 22:06:01|qwen|web_search_no_think|1|QUESTION_ADVANCE||1973|c5c78916-524e-4eaa-9aa8-172a6358bfa2
2026-04-03 22:06:20|qwen|web_search_no_think|3|JSON_VERIFIED||1864|a0102893-120f-43e4-be12-597b5828c86f
2026-04-03 22:06:20|qwen|web_search_no_think|3|QUESTION|15|1864|a0102893-120f-43e4-be12-597b5828c86f
2026-04-03 22:06:20|qwen|web_search_no_think|3|JSON_SAVED||1864|a0102893-120f-43e4-be12-597b5828c86f
2026-04-03 22:06:20|qwen|web_search_no_think|3|QUESTION_ADVANCE||1865|c776f1de-e305-4000-9893-0960bcd51c87
2026-04-03 22:06:27|qwen|web_search_no_think|1|QUESTION_SENT||1973|c5c78916-524e-4eaa-9aa8-172a6358bfa2
2026-04-03 22:06:46|qwen|web_search_no_think|3|QUESTION_SENT||1865|c776f1de-e305-4000-9893-0960bcd51c87
2026-04-03 22:07:05|qwen|web_search_no_think|0|JSON_VERIFY_FAILED||2028|88852857-92cf-4db6-8035-34f9516a548b
2026-04-03 22:07:05|qwen|web_search_no_think|0|QUESTION|28|2028|88852857-92cf-4db6-8035-34f9516a548b
2026-04-03 22:07:20|qwen|web_search_no_think|1|JSON_VERIFIED||1973|c5c78916-524e-4eaa-9aa8-172a6358bfa2
2026-04-03 22:07:20|qwen|web_search_no_think|1|QUESTION|23|1973|c5c78916-524e-4eaa-9aa8-172a6358bfa2
2026-04-03 22:07:20|qwen|web_search_no_think|1|JSON_SAVED||1973|c5c78916-524e-4eaa-9aa8-172a6358bfa2
2026-04-03 22:07:20|qwen|web_search_no_think|1|QUESTION_ADVANCE||1974|8bc71520-53dd-47cf-9cb8-c778d1b817cc
2026-04-03 22:07:31|qwen|web_search_no_think|0|QUESTION_SENT||2028|88852857-92cf-4db6-8035-34f9516a548b
2026-04-03 22:07:46|qwen|web_search_no_think|1|QUESTION_SENT||1974|8bc71520-53dd-47cf-9cb8-c778d1b817cc
2026-04-03 22:07:46|qwen|web_search_no_think|4|JSON_VERIFIED||1820|b7f6cf55-07c2-4d3d-a282-b4f7ce53569b
2026-04-03 22:07:46|qwen|web_search_no_think|4|QUESTION|22|1820|b7f6cf55-07c2-4d3d-a282-b4f7ce53569b
2026-04-03 22:07:46|qwen|web_search_no_think|4|JSON_SAVED||1820|b7f6cf55-07c2-4d3d-a282-b4f7ce53569b
2026-04-03 22:07:46|qwen|web_search_no_think|4|QUESTION_ADVANCE||1821|10659d8a-2b0a-44f7-b764-0620782497a0
2026-04-03 22:07:56|qwen|web_search_no_think|3|JSON_VERIFIED||1865|c776f1de-e305-4000-9893-0960bcd51c87
2026-04-03 22:07:56|qwen|web_search_no_think|3|QUESTION|16|1865|c776f1de-e305-4000-9893-0960bcd51c87
2026-04-03 22:07:56|qwen|web_search_no_think|3|JSON_SAVED||1865|c776f1de-e305-4000-9893-0960bcd51c87
2026-04-03 22:07:56|qwen|web_search_no_think|3|QUESTION_ADVANCE||1866|6c14bef4-a2d8-4c84-8c57-b1b311e6a76b
2026-04-03 22:08:07|qwen|web_search_no_think|2|JSON_VERIFIED||1917|3314b534-4d85-4a50-8b77-8b3527443b33
2026-04-03 22:08:07|qwen|web_search_no_think|2|QUESTION|17|1917|3314b534-4d85-4a50-8b77-8b3527443b33
2026-04-03 22:08:07|qwen|web_search_no_think|2|JSON_SAVED||1917|3314b534-4d85-4a50-8b77-8b3527443b33
2026-04-03 22:08:07|qwen|web_search_no_think|2|QUESTION_ADVANCE||1918|53d1bb6f-fd34-4f7f-a218-d73fd05944d6
2026-04-03 22:08:13|qwen|web_search_no_think|4|QUESTION_SENT||1821|10659d8a-2b0a-44f7-b764-0620782497a0
2026-04-03 22:08:21|qwen|web_search_no_think|5|JSON_VERIFIED||1772|1b5c66b1-fa7f-41fd-a1ef-6106e4f26a81
2026-04-03 22:08:21|qwen|web_search_no_think|5|QUESTION|24|1772|1b5c66b1-fa7f-41fd-a1ef-6106e4f26a81
2026-04-03 22:08:21|qwen|web_search_no_think|5|JSON_SAVED||1772|1b5c66b1-fa7f-41fd-a1ef-6106e4f26a81
2026-04-03 22:08:21|qwen|web_search_no_think|5|QUESTION_ADVANCE||1773|019db2f5-7823-42e3-b35f-79abc817da1b
2026-04-03 22:08:22|qwen|web_search_no_think|3|QUESTION_SENT||1866|6c14bef4-a2d8-4c84-8c57-b1b311e6a76b
2026-04-03 22:08:34|qwen|web_search_no_think|2|QUESTION_SENT||1918|53d1bb6f-fd34-4f7f-a218-d73fd05944d6
2026-04-03 22:08:47|qwen|web_search_no_think|5|QUESTION_SENT||1773|019db2f5-7823-42e3-b35f-79abc817da1b
2026-04-03 22:08:48|qwen|web_search_no_think|1|JSON_VERIFY_FAILED||1974|8bc71520-53dd-47cf-9cb8-c778d1b817cc
2026-04-03 22:08:48|qwen|web_search_no_think|1|QUESTION|24|1974|8bc71520-53dd-47cf-9cb8-c778d1b817cc
2026-04-03 22:09:15|qwen|web_search_no_think|1|QUESTION_SENT||1974|8bc71520-53dd-47cf-9cb8-c778d1b817cc
2026-04-03 22:09:22|qwen|web_search_no_think|0|JSON_VERIFIED||2028|88852857-92cf-4db6-8035-34f9516a548b
2026-04-03 22:09:22|qwen|web_search_no_think|0|QUESTION|29|2028|88852857-92cf-4db6-8035-34f9516a548b
2026-04-03 22:09:22|qwen|web_search_no_think|0|JSON_SAVED||2028|88852857-92cf-4db6-8035-34f9516a548b
2026-04-03 22:09:22|qwen|web_search_no_think|0|QUESTION_ADVANCE||2029|b23aec22-8528-4879-b301-e76053c1d175
2026-04-03 22:09:33|qwen|web_search_no_think|2|JSON_VERIFIED||1918|53d1bb6f-fd34-4f7f-a218-d73fd05944d6
2026-04-03 22:09:33|qwen|web_search_no_think|2|QUESTION|18|1918|53d1bb6f-fd34-4f7f-a218-d73fd05944d6
2026-04-03 22:09:33|qwen|web_search_no_think|2|JSON_SAVED||1918|53d1bb6f-fd34-4f7f-a218-d73fd05944d6
2026-04-03 22:09:33|qwen|web_search_no_think|2|QUESTION_ADVANCE||1919|d30ba143-a9dc-4868-a464-ef5fee4ac0d3
2026-04-03 22:09:45|qwen|web_search_no_think|5|JSON_VERIFIED||1773|019db2f5-7823-42e3-b35f-79abc817da1b
2026-04-03 22:09:45|qwen|web_search_no_think|5|QUESTION|25|1773|019db2f5-7823-42e3-b35f-79abc817da1b
2026-04-03 22:09:45|qwen|web_search_no_think|5|JSON_SAVED||1773|019db2f5-7823-42e3-b35f-79abc817da1b
2026-04-03 22:09:45|qwen|web_search_no_think|5|QUESTION_ADVANCE||1774|9a567bea-300a-42d4-81ea-ba0f4c5feb41
2026-04-03 22:09:48|qwen|web_search_no_think|0|QUESTION_SENT||2029|b23aec22-8528-4879-b301-e76053c1d175
2026-04-03 22:10:00|qwen|web_search_no_think|2|QUESTION_SENT||1919|d30ba143-a9dc-4868-a464-ef5fee4ac0d3
2026-04-03 22:10:02|qwen|web_search_no_think|4|JSON_VERIFIED||1821|10659d8a-2b0a-44f7-b764-0620782497a0
2026-04-03 22:10:02|qwen|web_search_no_think|4|QUESTION|23|1821|10659d8a-2b0a-44f7-b764-0620782497a0
2026-04-03 22:10:02|qwen|web_search_no_think|4|JSON_SAVED||1821|10659d8a-2b0a-44f7-b764-0620782497a0
2026-04-03 22:10:02|qwen|web_search_no_think|4|QUESTION_ADVANCE||1822|61b6c745-03fc-4b45-a37e-a95ce5ddc838
2026-04-03 22:10:12|qwen|web_search_no_think|5|QUESTION_SENT||1774|9a567bea-300a-42d4-81ea-ba0f4c5feb41
2026-04-03 22:10:29|qwen|web_search_no_think|4|QUESTION_SENT||1822|61b6c745-03fc-4b45-a37e-a95ce5ddc838
2026-04-03 22:10:54|qwen|web_search_no_think|3|JSON_VERIFIED||1866|6c14bef4-a2d8-4c84-8c57-b1b311e6a76b
2026-04-03 22:10:54|qwen|web_search_no_think|3|QUESTION|17|1866|6c14bef4-a2d8-4c84-8c57-b1b311e6a76b
2026-04-03 22:10:54|qwen|web_search_no_think|3|JSON_SAVED||1866|6c14bef4-a2d8-4c84-8c57-b1b311e6a76b
2026-04-03 22:10:54|qwen|web_search_no_think|3|QUESTION_ADVANCE||1867|075a2ca1-a2e5-43c3-a38e-7897bb2b9eed
2026-04-03 22:11:01|qwen|web_search_no_think|1|JSON_VERIFIED||1974|8bc71520-53dd-47cf-9cb8-c778d1b817cc
2026-04-03 22:11:01|qwen|web_search_no_think|1|QUESTION|25|1974|8bc71520-53dd-47cf-9cb8-c778d1b817cc
2026-04-03 22:11:01|qwen|web_search_no_think|1|JSON_SAVED||1974|8bc71520-53dd-47cf-9cb8-c778d1b817cc
2026-04-03 22:11:01|qwen|web_search_no_think|1|QUESTION_ADVANCE||1975|99a9f919-ed54-4d24-aed1-e28fc7b13e74
2026-04-03 22:11:02|qwen|web_search_no_think|0|JSON_VERIFIED||2029|b23aec22-8528-4879-b301-e76053c1d175
2026-04-03 22:11:02|qwen|web_search_no_think|0|QUESTION|30|2029|b23aec22-8528-4879-b301-e76053c1d175
2026-04-03 22:11:02|qwen|web_search_no_think|0|JSON_SAVED||2029|b23aec22-8528-4879-b301-e76053c1d175
2026-04-03 22:11:02|qwen|web_search_no_think|0|QUESTION_ADVANCE||2030|3228d6a5-1c7a-4772-95ad-15263446a216
2026-04-03 22:11:07|qwen|web_search_no_think|5|JSON_VERIFIED||1774|9a567bea-300a-42d4-81ea-ba0f4c5feb41
2026-04-03 22:11:07|qwen|web_search_no_think|5|QUESTION|26|1774|9a567bea-300a-42d4-81ea-ba0f4c5feb41
2026-04-03 22:11:07|qwen|web_search_no_think|5|JSON_SAVED||1774|9a567bea-300a-42d4-81ea-ba0f4c5feb41
2026-04-03 22:11:07|qwen|web_search_no_think|5|QUESTION_ADVANCE||1775|fe91dae6-1782-4dfc-a055-23f7dc59ea2c
2026-04-03 22:11:20|qwen|web_search_no_think|3|QUESTION_SENT||1867|075a2ca1-a2e5-43c3-a38e-7897bb2b9eed
2026-04-03 22:11:28|qwen|web_search_no_think|1|QUESTION_SENT||1975|99a9f919-ed54-4d24-aed1-e28fc7b13e74
2026-04-03 22:11:28|qwen|web_search_no_think|2|JSON_VERIFY_FAILED||1919|d30ba143-a9dc-4868-a464-ef5fee4ac0d3
2026-04-03 22:11:28|qwen|web_search_no_think|2|QUESTION|19|1919|d30ba143-a9dc-4868-a464-ef5fee4ac0d3
2026-04-03 22:11:29|qwen|web_search_no_think|0|QUESTION_SENT||2030|3228d6a5-1c7a-4772-95ad-15263446a216
2026-04-03 22:11:33|qwen|web_search_no_think|5|QUESTION_SENT||1775|fe91dae6-1782-4dfc-a055-23f7dc59ea2c
2026-04-03 22:11:54|qwen|web_search_no_think|2|QUESTION_SENT||1919|d30ba143-a9dc-4868-a464-ef5fee4ac0d3
2026-04-03 22:12:22|qwen|web_search_no_think|1|JSON_VERIFIED||1975|99a9f919-ed54-4d24-aed1-e28fc7b13e74
2026-04-03 22:12:22|qwen|web_search_no_think|1|QUESTION|26|1975|99a9f919-ed54-4d24-aed1-e28fc7b13e74
2026-04-03 22:12:22|qwen|web_search_no_think|1|JSON_SAVED||1975|99a9f919-ed54-4d24-aed1-e28fc7b13e74
2026-04-03 22:12:22|qwen|web_search_no_think|1|QUESTION_ADVANCE||1976|4effaf09-afae-4327-a0a6-8a4e6d7f698f
2026-04-03 22:12:26|qwen|web_search_no_think|5|JSON_VERIFIED||1775|fe91dae6-1782-4dfc-a055-23f7dc59ea2c
2026-04-03 22:12:26|qwen|web_search_no_think|5|QUESTION|27|1775|fe91dae6-1782-4dfc-a055-23f7dc59ea2c
2026-04-03 22:12:26|qwen|web_search_no_think|5|JSON_SAVED||1775|fe91dae6-1782-4dfc-a055-23f7dc59ea2c
2026-04-03 22:12:26|qwen|web_search_no_think|5|QUESTION_ADVANCE||1776|e528fa07-f6bc-4425-af67-e6edb48948f6
2026-04-03 22:12:48|qwen|web_search_no_think|4|JSON_VERIFIED||1822|61b6c745-03fc-4b45-a37e-a95ce5ddc838
2026-04-03 22:12:48|qwen|web_search_no_think|4|QUESTION|24|1822|61b6c745-03fc-4b45-a37e-a95ce5ddc838
2026-04-03 22:12:48|qwen|web_search_no_think|4|JSON_SAVED||1822|61b6c745-03fc-4b45-a37e-a95ce5ddc838
2026-04-03 22:12:48|qwen|web_search_no_think|4|QUESTION_ADVANCE||1823|a00995f2-874d-4fb4-b418-01b9a953d6ac
2026-04-03 22:12:48|qwen|web_search_no_think|1|QUESTION_SENT||1976|4effaf09-afae-4327-a0a6-8a4e6d7f698f
2026-04-03 22:12:52|qwen|web_search_no_think|5|QUESTION_SENT||1776|e528fa07-f6bc-4425-af67-e6edb48948f6
2026-04-03 22:13:14|qwen|web_search_no_think|4|QUESTION_SENT||1823|a00995f2-874d-4fb4-b418-01b9a953d6ac
2026-04-03 22:13:22|qwen|web_search_no_think|3|JSON_VERIFIED||1867|075a2ca1-a2e5-43c3-a38e-7897bb2b9eed
2026-04-03 22:13:22|qwen|web_search_no_think|3|QUESTION|18|1867|075a2ca1-a2e5-43c3-a38e-7897bb2b9eed
2026-04-03 22:13:22|qwen|web_search_no_think|3|JSON_SAVED||1867|075a2ca1-a2e5-43c3-a38e-7897bb2b9eed
2026-04-03 22:13:22|qwen|web_search_no_think|3|QUESTION_ADVANCE||1868|538e99af-a358-4b5e-9725-f6de7c4d6559
2026-04-03 22:13:39|qwen|web_search_no_think|2|JSON_VERIFIED||1919|d30ba143-a9dc-4868-a464-ef5fee4ac0d3
2026-04-03 22:13:39|qwen|web_search_no_think|2|QUESTION|20|1919|d30ba143-a9dc-4868-a464-ef5fee4ac0d3
2026-04-03 22:13:39|qwen|web_search_no_think|2|JSON_SAVED||1919|d30ba143-a9dc-4868-a464-ef5fee4ac0d3
2026-04-03 22:13:39|qwen|web_search_no_think|2|QUESTION_ADVANCE||1920|ebd441fe-06bb-4b2c-a7a8-2776d06e8a54
2026-04-03 22:13:49|qwen|web_search_no_think|3|QUESTION_SENT||1868|538e99af-a358-4b5e-9725-f6de7c4d6559
2026-04-03 22:13:51|qwen|web_search_no_think|5|JSON_VERIFIED||1776|e528fa07-f6bc-4425-af67-e6edb48948f6
2026-04-03 22:13:51|qwen|web_search_no_think|5|QUESTION|28|1776|e528fa07-f6bc-4425-af67-e6edb48948f6
2026-04-03 22:13:51|qwen|web_search_no_think|5|JSON_SAVED||1776|e528fa07-f6bc-4425-af67-e6edb48948f6
2026-04-03 22:13:51|qwen|web_search_no_think|5|QUESTION_ADVANCE||1777|ff38b2fb-78f6-499d-b0b0-f7f45479468b
2026-04-03 22:14:06|qwen|web_search_no_think|2|QUESTION_SENT||1920|ebd441fe-06bb-4b2c-a7a8-2776d06e8a54
2026-04-03 22:14:17|qwen|web_search_no_think|5|QUESTION_SENT||1777|ff38b2fb-78f6-499d-b0b0-f7f45479468b
2026-04-03 22:14:44|qwen|web_search_no_think|4|JSON_VERIFIED||1823|a00995f2-874d-4fb4-b418-01b9a953d6ac
2026-04-03 22:14:44|qwen|web_search_no_think|4|QUESTION|25|1823|a00995f2-874d-4fb4-b418-01b9a953d6ac
2026-04-03 22:14:44|qwen|web_search_no_think|4|JSON_SAVED||1823|a00995f2-874d-4fb4-b418-01b9a953d6ac
2026-04-03 22:14:44|qwen|web_search_no_think|4|QUESTION_ADVANCE||1824|9dd4142f-33e0-4a6b-8507-b9a2637f44b9
2026-04-03 22:15:03|qwen|web_search_no_think|1|JSON_VERIFIED||1976|4effaf09-afae-4327-a0a6-8a4e6d7f698f
2026-04-03 22:15:03|qwen|web_search_no_think|1|QUESTION|27|1976|4effaf09-afae-4327-a0a6-8a4e6d7f698f
2026-04-03 22:15:03|qwen|web_search_no_think|1|JSON_SAVED||1976|4effaf09-afae-4327-a0a6-8a4e6d7f698f
2026-04-03 22:15:03|qwen|web_search_no_think|1|QUESTION_ADVANCE||1977|32413b65-6493-407e-a124-1085fc7ddeea
2026-04-03 22:15:10|qwen|web_search_no_think|3|JSON_VERIFY_FAILED||1868|538e99af-a358-4b5e-9725-f6de7c4d6559
2026-04-03 22:15:10|qwen|web_search_no_think|3|QUESTION|19|1868|538e99af-a358-4b5e-9725-f6de7c4d6559
2026-04-03 22:15:10|qwen|web_search_no_think|4|QUESTION_SENT||1824|9dd4142f-33e0-4a6b-8507-b9a2637f44b9
2026-04-03 22:15:29|qwen|web_search_no_think|1|QUESTION_SENT||1977|32413b65-6493-407e-a124-1085fc7ddeea
2026-04-03 22:15:36|qwen|web_search_no_think|3|QUESTION_SENT||1868|538e99af-a358-4b5e-9725-f6de7c4d6559
2026-04-03 22:16:11|qwen|web_search_no_think|4|JSON_VERIFIED||1824|9dd4142f-33e0-4a6b-8507-b9a2637f44b9
2026-04-03 22:16:11|qwen|web_search_no_think|4|QUESTION|26|1824|9dd4142f-33e0-4a6b-8507-b9a2637f44b9
2026-04-03 22:16:11|qwen|web_search_no_think|4|JSON_SAVED||1824|9dd4142f-33e0-4a6b-8507-b9a2637f44b9
2026-04-03 22:16:11|qwen|web_search_no_think|4|QUESTION_ADVANCE||1825|a420ffca-b611-4109-95fc-9a0db06d5560
2026-04-03 22:16:37|qwen|web_search_no_think|4|QUESTION_SENT||1825|a420ffca-b611-4109-95fc-9a0db06d5560
2026-04-03 22:16:40|qwen|web_search_no_think|0|JSON_VERIFIED||2030|3228d6a5-1c7a-4772-95ad-15263446a216
2026-04-03 22:16:40|qwen|web_search_no_think|0|QUESTION|31|2030|3228d6a5-1c7a-4772-95ad-15263446a216
2026-04-03 22:16:40|qwen|web_search_no_think|0|JSON_SAVED||2030|3228d6a5-1c7a-4772-95ad-15263446a216
2026-04-03 22:16:40|qwen|web_search_no_think|0|QUESTION_ADVANCE||2031|60718103-8c21-4928-b0ba-634f533aeeae
2026-04-03 22:16:53|qwen|web_search_no_think|2|JSON_VERIFIED||1920|ebd441fe-06bb-4b2c-a7a8-2776d06e8a54
2026-04-03 22:16:53|qwen|web_search_no_think|2|QUESTION|21|1920|ebd441fe-06bb-4b2c-a7a8-2776d06e8a54
2026-04-03 22:16:53|qwen|web_search_no_think|2|JSON_SAVED||1920|ebd441fe-06bb-4b2c-a7a8-2776d06e8a54
2026-04-03 22:16:53|qwen|web_search_no_think|2|QUESTION_ADVANCE||1921|2eeefeba-efa7-4528-a4e6-2503b5b5f4e2
2026-04-03 22:17:06|qwen|web_search_no_think|0|QUESTION_SENT||2031|60718103-8c21-4928-b0ba-634f533aeeae
2026-04-03 22:17:09|qwen|web_search_no_think|5|JSON_VERIFIED||1777|ff38b2fb-78f6-499d-b0b0-f7f45479468b
2026-04-03 22:17:09|qwen|web_search_no_think|5|QUESTION|29|1777|ff38b2fb-78f6-499d-b0b0-f7f45479468b
2026-04-03 22:17:09|qwen|web_search_no_think|5|JSON_SAVED||1777|ff38b2fb-78f6-499d-b0b0-f7f45479468b
2026-04-03 22:17:09|qwen|web_search_no_think|5|QUESTION_ADVANCE||1778|b425d649-bb8b-431f-ba71-0fa33dc48393
2026-04-03 22:17:19|qwen|web_search_no_think|2|QUESTION_SENT||1921|2eeefeba-efa7-4528-a4e6-2503b5b5f4e2
2026-04-03 22:17:26|qwen|web_search_no_think|4|JSON_VERIFY_FAILED||1825|a420ffca-b611-4109-95fc-9a0db06d5560
2026-04-03 22:17:26|qwen|web_search_no_think|4|QUESTION|27|1825|a420ffca-b611-4109-95fc-9a0db06d5560
2026-04-03 22:17:35|qwen|web_search_no_think|5|QUESTION_SENT||1778|b425d649-bb8b-431f-ba71-0fa33dc48393
2026-04-03 22:17:37|qwen|web_search_no_think|1|JSON_VERIFIED||1977|32413b65-6493-407e-a124-1085fc7ddeea
2026-04-03 22:17:37|qwen|web_search_no_think|1|QUESTION|28|1977|32413b65-6493-407e-a124-1085fc7ddeea
2026-04-03 22:17:37|qwen|web_search_no_think|1|JSON_SAVED||1977|32413b65-6493-407e-a124-1085fc7ddeea
2026-04-03 22:17:37|qwen|web_search_no_think|1|QUESTION_ADVANCE||1978|346095a2-7394-4062-aff4-09a843f25283
2026-04-03 22:17:52|qwen|web_search_no_think|4|QUESTION_SENT||1825|a420ffca-b611-4109-95fc-9a0db06d5560
2026-04-03 22:18:04|qwen|web_search_no_think|1|QUESTION_SENT||1978|346095a2-7394-4062-aff4-09a843f25283
2026-04-03 22:18:04|qwen|web_search_no_think|0|JSON_VERIFIED||2031|60718103-8c21-4928-b0ba-634f533aeeae
2026-04-03 22:18:04|qwen|web_search_no_think|0|QUESTION|32|2031|60718103-8c21-4928-b0ba-634f533aeeae
2026-04-03 22:18:04|qwen|web_search_no_think|0|JSON_SAVED||2031|60718103-8c21-4928-b0ba-634f533aeeae
2026-04-03 22:18:04|qwen|web_search_no_think|0|QUESTION_ADVANCE||2032|e0029aa2-c1dd-4778-be78-7beeabffb572
2026-04-03 22:18:17|qwen|web_search_no_think|3|JSON_VERIFIED||1868|538e99af-a358-4b5e-9725-f6de7c4d6559
2026-04-03 22:18:17|qwen|web_search_no_think|3|QUESTION|20|1868|538e99af-a358-4b5e-9725-f6de7c4d6559
2026-04-03 22:18:17|qwen|web_search_no_think|3|JSON_SAVED||1868|538e99af-a358-4b5e-9725-f6de7c4d6559
2026-04-03 22:18:17|qwen|web_search_no_think|3|QUESTION_ADVANCE||1869|31caf269-2bed-4f65-87d7-d5535e98b852
2026-04-03 22:18:30|qwen|web_search_no_think|0|QUESTION_SENT||2032|e0029aa2-c1dd-4778-be78-7beeabffb572
2026-04-03 22:18:31|qwen|web_search_no_think|2|JSON_VERIFIED||1921|2eeefeba-efa7-4528-a4e6-2503b5b5f4e2
2026-04-03 22:18:31|qwen|web_search_no_think|2|QUESTION|22|1921|2eeefeba-efa7-4528-a4e6-2503b5b5f4e2
2026-04-03 22:18:31|qwen|web_search_no_think|2|JSON_SAVED||1921|2eeefeba-efa7-4528-a4e6-2503b5b5f4e2
2026-04-03 22:18:31|qwen|web_search_no_think|2|QUESTION_ADVANCE||1922|11753ca9-cdaf-4f6f-acae-fce8ba84aa16
2026-04-03 22:18:43|qwen|web_search_no_think|3|QUESTION_SENT||1869|31caf269-2bed-4f65-87d7-d5535e98b852
2026-04-03 22:18:57|qwen|web_search_no_think|2|QUESTION_SENT||1922|11753ca9-cdaf-4f6f-acae-fce8ba84aa16
2026-04-03 22:19:03|qwen|web_search_no_think|5|JSON_VERIFY_FAILED||1778|b425d649-bb8b-431f-ba71-0fa33dc48393
2026-04-03 22:19:03|qwen|web_search_no_think|5|QUESTION|30|1778|b425d649-bb8b-431f-ba71-0fa33dc48393
2026-04-03 22:19:13|qwen|web_search_no_think|4|JSON_VERIFIED||1825|a420ffca-b611-4109-95fc-9a0db06d5560
2026-04-03 22:19:13|qwen|web_search_no_think|4|QUESTION|28|1825|a420ffca-b611-4109-95fc-9a0db06d5560
2026-04-03 22:19:13|qwen|web_search_no_think|4|JSON_SAVED||1825|a420ffca-b611-4109-95fc-9a0db06d5560
2026-04-03 22:19:13|qwen|web_search_no_think|4|QUESTION_ADVANCE||1826|653eed43-22ec-4833-8fa7-2e8bcbc04a7e
2026-04-03 22:19:30|qwen|web_search_no_think|5|QUESTION_SENT||1778|b425d649-bb8b-431f-ba71-0fa33dc48393
2026-04-03 22:19:39|qwen|web_search_no_think|4|QUESTION_SENT||1826|653eed43-22ec-4833-8fa7-2e8bcbc04a7e
2026-04-03 22:20:25|qwen|web_search_no_think|3|JSON_VERIFIED||1869|31caf269-2bed-4f65-87d7-d5535e98b852
2026-04-03 22:20:25|qwen|web_search_no_think|3|QUESTION|21|1869|31caf269-2bed-4f65-87d7-d5535e98b852
2026-04-03 22:20:25|qwen|web_search_no_think|3|JSON_SAVED||1869|31caf269-2bed-4f65-87d7-d5535e98b852
2026-04-03 22:20:25|qwen|web_search_no_think|3|QUESTION_ADVANCE||1870|8c850a7c-8d14-4449-8f8a-3bb83a523eee
2026-04-03 22:20:28|qwen|web_search_no_think|0|JSON_VERIFIED||2032|e0029aa2-c1dd-4778-be78-7beeabffb572
2026-04-03 22:20:28|qwen|web_search_no_think|0|QUESTION|33|2032|e0029aa2-c1dd-4778-be78-7beeabffb572
2026-04-03 22:20:28|qwen|web_search_no_think|0|JSON_SAVED||2032|e0029aa2-c1dd-4778-be78-7beeabffb572
2026-04-03 22:20:28|qwen|web_search_no_think|0|QUESTION_ADVANCE||2033|15bc3e39-54a3-4f4d-8463-9ce366d405c0
2026-04-03 22:20:42|qwen|web_search_no_think|2|JSON_VERIFIED||1922|11753ca9-cdaf-4f6f-acae-fce8ba84aa16
2026-04-03 22:20:42|qwen|web_search_no_think|2|QUESTION|23|1922|11753ca9-cdaf-4f6f-acae-fce8ba84aa16
2026-04-03 22:20:42|qwen|web_search_no_think|2|JSON_SAVED||1922|11753ca9-cdaf-4f6f-acae-fce8ba84aa16
2026-04-03 22:20:42|qwen|web_search_no_think|2|QUESTION_ADVANCE||1923|7c1e4646-ed80-4f72-b07b-fee54655829a
2026-04-03 22:20:52|qwen|web_search_no_think|3|QUESTION_SENT||1870|8c850a7c-8d14-4449-8f8a-3bb83a523eee
2026-04-03 22:20:55|qwen|web_search_no_think|0|QUESTION_SENT||2033|15bc3e39-54a3-4f4d-8463-9ce366d405c0
2026-04-03 22:21:08|qwen|web_search_no_think|2|QUESTION_SENT||1923|7c1e4646-ed80-4f72-b07b-fee54655829a
2026-04-03 22:21:11|qwen|web_search_no_think|1|JSON_VERIFIED||1978|346095a2-7394-4062-aff4-09a843f25283
2026-04-03 22:21:11|qwen|web_search_no_think|1|QUESTION|29|1978|346095a2-7394-4062-aff4-09a843f25283
2026-04-03 22:21:11|qwen|web_search_no_think|1|JSON_SAVED||1978|346095a2-7394-4062-aff4-09a843f25283
2026-04-03 22:21:11|qwen|web_search_no_think|1|QUESTION_ADVANCE||1979|47778e58-55c6-4999-b21f-8547824eea07
2026-04-03 22:21:37|qwen|web_search_no_think|1|QUESTION_SENT||1979|47778e58-55c6-4999-b21f-8547824eea07
2026-04-03 22:22:09|qwen|web_search_no_think|5|JSON_VERIFIED||1778|b425d649-bb8b-431f-ba71-0fa33dc48393
2026-04-03 22:22:09|qwen|web_search_no_think|5|QUESTION|31|1778|b425d649-bb8b-431f-ba71-0fa33dc48393
2026-04-03 22:22:09|qwen|web_search_no_think|5|JSON_SAVED||1778|b425d649-bb8b-431f-ba71-0fa33dc48393
2026-04-03 22:22:09|qwen|web_search_no_think|5|QUESTION_ADVANCE||1779|d95070c0-c795-4a41-a9dc-c888645e53ea
2026-04-03 22:22:14|qwen|web_search_no_think|4|JSON_VERIFIED||1826|653eed43-22ec-4833-8fa7-2e8bcbc04a7e
2026-04-03 22:22:14|qwen|web_search_no_think|4|QUESTION|29|1826|653eed43-22ec-4833-8fa7-2e8bcbc04a7e
2026-04-03 22:22:14|qwen|web_search_no_think|4|JSON_SAVED||1826|653eed43-22ec-4833-8fa7-2e8bcbc04a7e
2026-04-03 22:22:14|qwen|web_search_no_think|4|QUESTION_ADVANCE||1827|d8671c41-1a76-46c4-af5a-4766534bbfeb
2026-04-03 22:22:35|qwen|web_search_no_think|5|QUESTION_SENT||1779|d95070c0-c795-4a41-a9dc-c888645e53ea
2026-04-03 22:22:41|qwen|web_search_no_think|4|QUESTION_SENT||1827|d8671c41-1a76-46c4-af5a-4766534bbfeb
2026-04-03 22:22:47|qwen|web_search_no_think|1|JSON_VERIFIED||1979|47778e58-55c6-4999-b21f-8547824eea07
2026-04-03 22:22:47|qwen|web_search_no_think|1|QUESTION|30|1979|47778e58-55c6-4999-b21f-8547824eea07
2026-04-03 22:22:47|qwen|web_search_no_think|1|JSON_SAVED||1979|47778e58-55c6-4999-b21f-8547824eea07
2026-04-03 22:22:47|qwen|web_search_no_think|1|QUESTION_ADVANCE||1980|8d1eb663-4a25-4a39-a9f7-fa0d586d6b0e
2026-04-03 22:22:58|qwen|web_search_no_think|2|JSON_VERIFY_FAILED||1923|7c1e4646-ed80-4f72-b07b-fee54655829a
2026-04-03 22:22:58|qwen|web_search_no_think|2|QUESTION|24|1923|7c1e4646-ed80-4f72-b07b-fee54655829a
2026-04-03 22:23:13|qwen|web_search_no_think|1|QUESTION_SENT||1980|8d1eb663-4a25-4a39-a9f7-fa0d586d6b0e
2026-04-03 22:23:24|qwen|web_search_no_think|2|QUESTION_SENT||1923|7c1e4646-ed80-4f72-b07b-fee54655829a
2026-04-03 22:23:32|qwen|web_search_no_think|5|JSON_VERIFIED||1779|d95070c0-c795-4a41-a9dc-c888645e53ea
2026-04-03 22:23:32|qwen|web_search_no_think|5|QUESTION|32|1779|d95070c0-c795-4a41-a9dc-c888645e53ea
2026-04-03 22:23:32|qwen|web_search_no_think|5|JSON_SAVED||1779|d95070c0-c795-4a41-a9dc-c888645e53ea
2026-04-03 22:23:32|qwen|web_search_no_think|5|QUESTION_ADVANCE||1780|24eb5786-d9bd-4cee-814c-a6326912a29a
2026-04-03 22:23:40|qwen|web_search_no_think|0|JSON_VERIFIED||2033|15bc3e39-54a3-4f4d-8463-9ce366d405c0
2026-04-03 22:23:40|qwen|web_search_no_think|0|QUESTION|34|2033|15bc3e39-54a3-4f4d-8463-9ce366d405c0
2026-04-03 22:23:40|qwen|web_search_no_think|0|JSON_SAVED||2033|15bc3e39-54a3-4f4d-8463-9ce366d405c0
2026-04-03 22:23:40|qwen|web_search_no_think|0|QUESTION_ADVANCE||2034|91eea66d-6ecc-4414-8077-921b8bc58a7d
2026-04-03 22:23:58|qwen|web_search_no_think|5|QUESTION_SENT||1780|24eb5786-d9bd-4cee-814c-a6326912a29a
2026-04-03 22:24:03|qwen|web_search_no_think|3|JSON_VERIFIED||1870|8c850a7c-8d14-4449-8f8a-3bb83a523eee
2026-04-03 22:24:03|qwen|web_search_no_think|3|QUESTION|22|1870|8c850a7c-8d14-4449-8f8a-3bb83a523eee
2026-04-03 22:24:03|qwen|web_search_no_think|3|JSON_SAVED||1870|8c850a7c-8d14-4449-8f8a-3bb83a523eee
2026-04-03 22:24:03|qwen|web_search_no_think|3|QUESTION_ADVANCE||1871|a5cc4471-d211-457f-84b9-d28581e53dd9
2026-04-03 22:24:06|qwen|web_search_no_think|0|QUESTION_SENT||2034|91eea66d-6ecc-4414-8077-921b8bc58a7d
2026-04-03 22:24:27|qwen|web_search_no_think|1|JSON_VERIFIED||1980|8d1eb663-4a25-4a39-a9f7-fa0d586d6b0e
2026-04-03 22:24:27|qwen|web_search_no_think|1|QUESTION|31|1980|8d1eb663-4a25-4a39-a9f7-fa0d586d6b0e
2026-04-03 22:24:27|qwen|web_search_no_think|1|JSON_SAVED||1980|8d1eb663-4a25-4a39-a9f7-fa0d586d6b0e
2026-04-03 22:24:27|qwen|web_search_no_think|1|QUESTION_ADVANCE||1981|8705bc59-2257-433e-87ab-50ee1a0e2a12
2026-04-03 22:24:30|qwen|web_search_no_think|3|QUESTION_SENT||1871|a5cc4471-d211-457f-84b9-d28581e53dd9
2026-04-03 22:24:43|qwen|web_search_no_think|4|JSON_VERIFIED||1827|d8671c41-1a76-46c4-af5a-4766534bbfeb
2026-04-03 22:24:43|qwen|web_search_no_think|4|QUESTION|30|1827|d8671c41-1a76-46c4-af5a-4766534bbfeb
2026-04-03 22:24:43|qwen|web_search_no_think|4|JSON_SAVED||1827|d8671c41-1a76-46c4-af5a-4766534bbfeb
2026-04-03 22:24:43|qwen|web_search_no_think|4|QUESTION_ADVANCE||1828|5914ffa3-0341-4350-930d-53276d3e68da
2026-04-03 22:24:54|qwen|web_search_no_think|1|QUESTION_SENT||1981|8705bc59-2257-433e-87ab-50ee1a0e2a12
2026-04-03 22:25:09|qwen|web_search_no_think|4|QUESTION_SENT||1828|5914ffa3-0341-4350-930d-53276d3e68da
2026-04-03 22:25:10|qwen|web_search_no_think|0|JSON_VERIFIED||2034|91eea66d-6ecc-4414-8077-921b8bc58a7d
2026-04-03 22:25:10|qwen|web_search_no_think|0|QUESTION|35|2034|91eea66d-6ecc-4414-8077-921b8bc58a7d
2026-04-03 22:25:10|qwen|web_search_no_think|0|JSON_SAVED||2034|91eea66d-6ecc-4414-8077-921b8bc58a7d
2026-04-03 22:25:10|qwen|web_search_no_think|0|QUESTION_ADVANCE||2035|ff2bb273-125f-409a-9144-ff9d80f1aea5
2026-04-03 22:25:14|qwen|web_search_no_think|5|JSON_VERIFIED||1780|24eb5786-d9bd-4cee-814c-a6326912a29a
2026-04-03 22:25:14|qwen|web_search_no_think|5|QUESTION|33|1780|24eb5786-d9bd-4cee-814c-a6326912a29a
2026-04-03 22:25:14|qwen|web_search_no_think|5|JSON_SAVED||1780|24eb5786-d9bd-4cee-814c-a6326912a29a
2026-04-03 22:25:14|qwen|web_search_no_think|5|QUESTION_ADVANCE||1781|efc54500-9f20-45d5-a277-99673f07c623
2026-04-03 22:25:36|qwen|web_search_no_think|0|QUESTION_SENT||2035|ff2bb273-125f-409a-9144-ff9d80f1aea5
2026-04-03 22:25:40|qwen|web_search_no_think|5|QUESTION_SENT||1781|efc54500-9f20-45d5-a277-99673f07c623
2026-04-03 22:26:19|qwen|web_search_no_think|2|JSON_VERIFIED||1923|7c1e4646-ed80-4f72-b07b-fee54655829a
2026-04-03 22:26:19|qwen|web_search_no_think|2|QUESTION|25|1923|7c1e4646-ed80-4f72-b07b-fee54655829a
2026-04-03 22:26:19|qwen|web_search_no_think|2|JSON_SAVED||1923|7c1e4646-ed80-4f72-b07b-fee54655829a
2026-04-03 22:26:19|qwen|web_search_no_think|2|QUESTION_ADVANCE||1924|4c364e6d-0cef-40da-affb-42458f12ca50
2026-04-03 22:26:33|qwen|web_search_no_think|3|JSON_VERIFIED||1871|a5cc4471-d211-457f-84b9-d28581e53dd9
2026-04-03 22:26:33|qwen|web_search_no_think|3|QUESTION|23|1871|a5cc4471-d211-457f-84b9-d28581e53dd9
2026-04-03 22:26:33|qwen|web_search_no_think|3|JSON_SAVED||1871|a5cc4471-d211-457f-84b9-d28581e53dd9
2026-04-03 22:26:33|qwen|web_search_no_think|3|QUESTION_ADVANCE||1872|b9df3c46-5ab8-4ffe-8b34-76950d4a3ad7
2026-04-03 22:26:37|qwen|web_search_no_think|1|JSON_VERIFIED||1981|8705bc59-2257-433e-87ab-50ee1a0e2a12
2026-04-03 22:26:37|qwen|web_search_no_think|1|QUESTION|32|1981|8705bc59-2257-433e-87ab-50ee1a0e2a12
2026-04-03 22:26:37|qwen|web_search_no_think|1|JSON_SAVED||1981|8705bc59-2257-433e-87ab-50ee1a0e2a12
2026-04-03 22:26:37|qwen|web_search_no_think|1|QUESTION_ADVANCE||1982|c0397319-9213-40a8-b08f-ce412b38d80f
2026-04-03 22:26:43|qwen|web_search_no_think|0|JSON_VERIFIED||2035|ff2bb273-125f-409a-9144-ff9d80f1aea5
2026-04-03 22:26:43|qwen|web_search_no_think|0|QUESTION|36|2035|ff2bb273-125f-409a-9144-ff9d80f1aea5
2026-04-03 22:26:43|qwen|web_search_no_think|0|JSON_SAVED||2035|ff2bb273-125f-409a-9144-ff9d80f1aea5
2026-04-03 22:26:43|qwen|web_search_no_think|0|QUESTION_ADVANCE||2036|991b8baf-98ab-4d99-8da5-98daacb2cf5a
2026-04-03 22:26:45|qwen|web_search_no_think|2|QUESTION_SENT||1924|4c364e6d-0cef-40da-affb-42458f12ca50
2026-04-03 22:26:59|qwen|web_search_no_think|3|QUESTION_SENT||1872|b9df3c46-5ab8-4ffe-8b34-76950d4a3ad7
2026-04-03 22:27:04|qwen|web_search_no_think|1|QUESTION_SENT||1982|c0397319-9213-40a8-b08f-ce412b38d80f
2026-04-03 22:27:09|qwen|web_search_no_think|0|QUESTION_SENT||2036|991b8baf-98ab-4d99-8da5-98daacb2cf5a
2026-04-03 22:27:17|qwen|web_search_no_think|5|JSON_VERIFIED||1781|efc54500-9f20-45d5-a277-99673f07c623
2026-04-03 22:27:17|qwen|web_search_no_think|5|QUESTION|34|1781|efc54500-9f20-45d5-a277-99673f07c623
2026-04-03 22:27:17|qwen|web_search_no_think|5|JSON_SAVED||1781|efc54500-9f20-45d5-a277-99673f07c623
2026-04-03 22:27:17|qwen|web_search_no_think|5|QUESTION_ADVANCE||1782|0df3c934-86b8-422a-859b-ff3de9d63baf
2026-04-03 22:27:24|qwen|web_search_no_think|4|JSON_VERIFIED||1828|5914ffa3-0341-4350-930d-53276d3e68da
2026-04-03 22:27:24|qwen|web_search_no_think|4|QUESTION|31|1828|5914ffa3-0341-4350-930d-53276d3e68da
2026-04-03 22:27:24|qwen|web_search_no_think|4|JSON_SAVED||1828|5914ffa3-0341-4350-930d-53276d3e68da
2026-04-03 22:27:24|qwen|web_search_no_think|4|QUESTION_ADVANCE||1829|5dffef46-6944-4e07-bec0-7b678a09dc10
2026-04-03 22:27:43|qwen|web_search_no_think|5|QUESTION_SENT||1782|0df3c934-86b8-422a-859b-ff3de9d63baf
2026-04-03 22:27:52|qwen|web_search_no_think|4|QUESTION_SENT||1829|5dffef46-6944-4e07-bec0-7b678a09dc10
2026-04-03 22:28:53|qwen|web_search_no_think|5|JSON_VERIFIED||1782|0df3c934-86b8-422a-859b-ff3de9d63baf
2026-04-03 22:28:53|qwen|web_search_no_think|5|QUESTION|35|1782|0df3c934-86b8-422a-859b-ff3de9d63baf
2026-04-03 22:28:53|qwen|web_search_no_think|5|JSON_SAVED||1782|0df3c934-86b8-422a-859b-ff3de9d63baf
2026-04-03 22:28:53|qwen|web_search_no_think|5|QUESTION_ADVANCE||1783|119febd3-c3a6-4b93-812f-ea207845c7bd
2026-04-03 22:29:07|qwen|web_search_no_think|0|JSON_VERIFIED||2036|991b8baf-98ab-4d99-8da5-98daacb2cf5a
2026-04-03 22:29:07|qwen|web_search_no_think|0|QUESTION|37|2036|991b8baf-98ab-4d99-8da5-98daacb2cf5a
2026-04-03 22:29:07|qwen|web_search_no_think|0|JSON_SAVED||2036|991b8baf-98ab-4d99-8da5-98daacb2cf5a
2026-04-03 22:29:07|qwen|web_search_no_think|0|QUESTION_ADVANCE||2037|f33c34af-9948-415f-8e09-b8e4bacc18e6
2026-04-03 22:29:19|qwen|web_search_no_think|5|QUESTION_SENT||1783|119febd3-c3a6-4b93-812f-ea207845c7bd
2026-04-03 22:29:34|qwen|web_search_no_think|0|QUESTION_SENT||2037|f33c34af-9948-415f-8e09-b8e4bacc18e6
2026-04-03 22:29:34|qwen|web_search_no_think|1|JSON_VERIFIED||1982|c0397319-9213-40a8-b08f-ce412b38d80f
2026-04-03 22:29:34|qwen|web_search_no_think|1|QUESTION|33|1982|c0397319-9213-40a8-b08f-ce412b38d80f
2026-04-03 22:29:34|qwen|web_search_no_think|1|JSON_SAVED||1982|c0397319-9213-40a8-b08f-ce412b38d80f
2026-04-03 22:29:34|qwen|web_search_no_think|1|QUESTION_ADVANCE||1983|e5add05e-5209-41bf-9a9b-3812808fdbf6
2026-04-03 22:29:34|qwen|web_search_no_think|2|JSON_VERIFIED||1924|4c364e6d-0cef-40da-affb-42458f12ca50
2026-04-03 22:29:34|qwen|web_search_no_think|2|QUESTION|26|1924|4c364e6d-0cef-40da-affb-42458f12ca50
2026-04-03 22:29:34|qwen|web_search_no_think|2|JSON_SAVED||1924|4c364e6d-0cef-40da-affb-42458f12ca50
2026-04-03 22:29:34|qwen|web_search_no_think|2|QUESTION_ADVANCE||1925|a3a35b83-45fd-47cd-accc-5714bf74ca49
2026-04-03 22:29:44|qwen|web_search_no_think|4|JSON_VERIFIED||1829|5dffef46-6944-4e07-bec0-7b678a09dc10
2026-04-03 22:29:44|qwen|web_search_no_think|4|QUESTION|32|1829|5dffef46-6944-4e07-bec0-7b678a09dc10
2026-04-03 22:29:44|qwen|web_search_no_think|4|JSON_SAVED||1829|5dffef46-6944-4e07-bec0-7b678a09dc10
2026-04-03 22:29:44|qwen|web_search_no_think|4|QUESTION_ADVANCE||1830|8ef4bfbf-12e4-4084-9caf-d23555111603
2026-04-03 22:30:01|qwen|web_search_no_think|1|QUESTION_SENT||1983|e5add05e-5209-41bf-9a9b-3812808fdbf6
2026-04-03 22:30:01|qwen|web_search_no_think|2|QUESTION_SENT||1925|a3a35b83-45fd-47cd-accc-5714bf74ca49
2026-04-03 22:30:07|qwen|web_search_no_think|3|JSON_VERIFIED||1872|b9df3c46-5ab8-4ffe-8b34-76950d4a3ad7
2026-04-03 22:30:07|qwen|web_search_no_think|3|QUESTION|24|1872|b9df3c46-5ab8-4ffe-8b34-76950d4a3ad7
2026-04-03 22:30:07|qwen|web_search_no_think|3|JSON_SAVED||1872|b9df3c46-5ab8-4ffe-8b34-76950d4a3ad7
2026-04-03 22:30:07|qwen|web_search_no_think|3|QUESTION_ADVANCE||1873|b1156120-7b4d-4fc4-a390-12e42ba0d86e
2026-04-03 22:30:11|qwen|web_search_no_think|4|QUESTION_SENT||1830|8ef4bfbf-12e4-4084-9caf-d23555111603
2026-04-03 22:30:33|qwen|web_search_no_think|3|QUESTION_SENT||1873|b1156120-7b4d-4fc4-a390-12e42ba0d86e
2026-04-03 22:31:30|qwen|web_search_no_think|5|JSON_VERIFIED||1783|119febd3-c3a6-4b93-812f-ea207845c7bd
2026-04-03 22:31:30|qwen|web_search_no_think|5|QUESTION|36|1783|119febd3-c3a6-4b93-812f-ea207845c7bd
2026-04-03 22:31:30|qwen|web_search_no_think|5|JSON_SAVED||1783|119febd3-c3a6-4b93-812f-ea207845c7bd
2026-04-03 22:31:30|qwen|web_search_no_think|5|QUESTION_ADVANCE||1784|16102b54-e05e-4b70-957b-17d607bb2221
2026-04-03 22:31:39|qwen|web_search_no_think|0|JSON_VERIFIED||2037|f33c34af-9948-415f-8e09-b8e4bacc18e6
2026-04-03 22:31:39|qwen|web_search_no_think|0|QUESTION|38|2037|f33c34af-9948-415f-8e09-b8e4bacc18e6
2026-04-03 22:31:39|qwen|web_search_no_think|0|JSON_SAVED||2037|f33c34af-9948-415f-8e09-b8e4bacc18e6
2026-04-03 22:31:39|qwen|web_search_no_think|0|QUESTION_ADVANCE||2038|6e7a9f23-c025-4ef1-a68e-52609912a546
2026-04-03 22:31:56|qwen|web_search_no_think|4|JSON_VERIFIED||1830|8ef4bfbf-12e4-4084-9caf-d23555111603
2026-04-03 22:31:56|qwen|web_search_no_think|4|QUESTION|33|1830|8ef4bfbf-12e4-4084-9caf-d23555111603
2026-04-03 22:31:56|qwen|web_search_no_think|4|JSON_SAVED||1830|8ef4bfbf-12e4-4084-9caf-d23555111603
2026-04-03 22:31:56|qwen|web_search_no_think|4|QUESTION_ADVANCE||1831|264ccbaf-834a-4cc3-af0c-06ba956fcd05
2026-04-03 22:31:56|qwen|web_search_no_think|5|QUESTION_SENT||1784|16102b54-e05e-4b70-957b-17d607bb2221
2026-04-03 22:32:05|qwen|web_search_no_think|0|QUESTION_SENT||2038|6e7a9f23-c025-4ef1-a68e-52609912a546
2026-04-03 22:32:21|qwen|web_search_no_think|3|JSON_VERIFIED||1873|b1156120-7b4d-4fc4-a390-12e42ba0d86e
2026-04-03 22:32:21|qwen|web_search_no_think|3|QUESTION|25|1873|b1156120-7b4d-4fc4-a390-12e42ba0d86e
2026-04-03 22:32:21|qwen|web_search_no_think|3|JSON_SAVED||1873|b1156120-7b4d-4fc4-a390-12e42ba0d86e
2026-04-03 22:32:21|qwen|web_search_no_think|3|QUESTION_ADVANCE||1874|bc2ff9d5-57ac-4cc8-a196-cabf82a5677f
2026-04-03 22:32:22|qwen|web_search_no_think|4|QUESTION_SENT||1831|264ccbaf-834a-4cc3-af0c-06ba956fcd05
2026-04-03 22:32:48|qwen|web_search_no_think|3|QUESTION_SENT||1874|bc2ff9d5-57ac-4cc8-a196-cabf82a5677f
2026-04-03 22:32:48|qwen|web_search_no_think|1|JSON_VERIFIED||1983|e5add05e-5209-41bf-9a9b-3812808fdbf6
2026-04-03 22:32:48|qwen|web_search_no_think|1|QUESTION|34|1983|e5add05e-5209-41bf-9a9b-3812808fdbf6
2026-04-03 22:32:48|qwen|web_search_no_think|1|JSON_SAVED||1983|e5add05e-5209-41bf-9a9b-3812808fdbf6
2026-04-03 22:32:48|qwen|web_search_no_think|1|QUESTION_ADVANCE||1984|951c8b78-0705-4803-b74b-8c6715e44e9c
2026-04-03 22:32:55|qwen|web_search_no_think|0|JSON_VERIFY_FAILED||2038|6e7a9f23-c025-4ef1-a68e-52609912a546
2026-04-03 22:32:55|qwen|web_search_no_think|0|QUESTION|39|2038|6e7a9f23-c025-4ef1-a68e-52609912a546
2026-04-03 22:33:14|qwen|web_search_no_think|1|QUESTION_SENT||1984|951c8b78-0705-4803-b74b-8c6715e44e9c
2026-04-03 22:33:15|qwen|web_search_no_think|2|JSON_VERIFIED||1925|a3a35b83-45fd-47cd-accc-5714bf74ca49
2026-04-03 22:33:15|qwen|web_search_no_think|2|QUESTION|27|1925|a3a35b83-45fd-47cd-accc-5714bf74ca49
2026-04-03 22:33:15|qwen|web_search_no_think|2|JSON_SAVED||1925|a3a35b83-45fd-47cd-accc-5714bf74ca49
2026-04-03 22:33:15|qwen|web_search_no_think|2|QUESTION_ADVANCE||1926|c187cd5b-d087-45dc-b106-becb5631e88a
2026-04-03 22:33:21|qwen|web_search_no_think|0|QUESTION_SENT||2038|6e7a9f23-c025-4ef1-a68e-52609912a546
2026-04-03 22:33:23|qwen|web_search_no_think|4|JSON_VERIFIED||1831|264ccbaf-834a-4cc3-af0c-06ba956fcd05
2026-04-03 22:33:23|qwen|web_search_no_think|4|QUESTION|34|1831|264ccbaf-834a-4cc3-af0c-06ba956fcd05
2026-04-03 22:33:23|qwen|web_search_no_think|4|JSON_SAVED||1831|264ccbaf-834a-4cc3-af0c-06ba956fcd05
2026-04-03 22:33:23|qwen|web_search_no_think|4|QUESTION_ADVANCE||1832|8c1773e6-98f1-49e3-9e3a-bc6ae5fdb066
2026-04-03 22:33:41|qwen|web_search_no_think|2|QUESTION_SENT||1926|c187cd5b-d087-45dc-b106-becb5631e88a
2026-04-03 22:33:50|qwen|web_search_no_think|4|QUESTION_SENT||1832|8c1773e6-98f1-49e3-9e3a-bc6ae5fdb066
2026-04-03 22:33:50|qwen|web_search_no_think|5|JSON_VERIFY_FAILED||1784|16102b54-e05e-4b70-957b-17d607bb2221
2026-04-03 22:33:50|qwen|web_search_no_think|5|QUESTION|37|1784|16102b54-e05e-4b70-957b-17d607bb2221
2026-04-03 22:33:51|qwen|web_search_no_think|0|JSON_VERIFY_FAILED||2038|6e7a9f23-c025-4ef1-a68e-52609912a546
2026-04-03 22:33:51|qwen|web_search_no_think|0|QUESTION|40|2038|6e7a9f23-c025-4ef1-a68e-52609912a546
2026-04-03 22:34:16|qwen|web_search_no_think|5|QUESTION_SENT||1784|16102b54-e05e-4b70-957b-17d607bb2221
2026-04-03 22:34:17|qwen|web_search_no_think|4|JSON_VERIFY_FAILED||1832|8c1773e6-98f1-49e3-9e3a-bc6ae5fdb066
2026-04-03 22:34:17|qwen|web_search_no_think|4|QUESTION|35|1832|8c1773e6-98f1-49e3-9e3a-bc6ae5fdb066
2026-04-03 22:34:17|qwen|web_search_no_think|0|QUESTION_SENT||2038|6e7a9f23-c025-4ef1-a68e-52609912a546
2026-04-03 22:34:33|qwen|web_search_no_think|1|JSON_VERIFIED||1984|951c8b78-0705-4803-b74b-8c6715e44e9c
2026-04-03 22:34:33|qwen|web_search_no_think|1|QUESTION|35|1984|951c8b78-0705-4803-b74b-8c6715e44e9c
2026-04-03 22:34:33|qwen|web_search_no_think|1|JSON_SAVED||1984|951c8b78-0705-4803-b74b-8c6715e44e9c
2026-04-03 22:34:33|qwen|web_search_no_think|1|QUESTION_ADVANCE||1985|e0c38a54-dda6-4edc-9c55-6eb398918507
2026-04-03 22:34:35|qwen|web_search_no_think|2|JSON_VERIFIED||1926|c187cd5b-d087-45dc-b106-becb5631e88a
2026-04-03 22:34:35|qwen|web_search_no_think|2|QUESTION|28|1926|c187cd5b-d087-45dc-b106-becb5631e88a
2026-04-03 22:34:35|qwen|web_search_no_think|2|JSON_SAVED||1926|c187cd5b-d087-45dc-b106-becb5631e88a
2026-04-03 22:34:35|qwen|web_search_no_think|2|QUESTION_ADVANCE||1927|002517c1-6339-417c-99d1-f201667a01b6
2026-04-03 22:34:43|qwen|web_search_no_think|4|QUESTION_SENT||1832|8c1773e6-98f1-49e3-9e3a-bc6ae5fdb066
2026-04-03 22:34:48|qwen|web_search_no_think|3|JSON_VERIFIED||1874|bc2ff9d5-57ac-4cc8-a196-cabf82a5677f
2026-04-03 22:34:48|qwen|web_search_no_think|3|QUESTION|26|1874|bc2ff9d5-57ac-4cc8-a196-cabf82a5677f
2026-04-03 22:34:48|qwen|web_search_no_think|3|JSON_SAVED||1874|bc2ff9d5-57ac-4cc8-a196-cabf82a5677f
2026-04-03 22:34:48|qwen|web_search_no_think|3|QUESTION_ADVANCE||1875|21b29614-02bc-4405-a7f6-206e9a5110bf
2026-04-03 22:34:59|qwen|web_search_no_think|1|QUESTION_SENT||1985|e0c38a54-dda6-4edc-9c55-6eb398918507
2026-04-03 22:35:02|qwen|web_search_no_think|2|QUESTION_SENT||1927|002517c1-6339-417c-99d1-f201667a01b6
2026-04-03 22:35:14|qwen|web_search_no_think|5|JSON_VERIFIED||1784|16102b54-e05e-4b70-957b-17d607bb2221
2026-04-03 22:35:14|qwen|web_search_no_think|5|QUESTION|38|1784|16102b54-e05e-4b70-957b-17d607bb2221
2026-04-03 22:35:14|qwen|web_search_no_think|5|JSON_SAVED||1784|16102b54-e05e-4b70-957b-17d607bb2221
2026-04-03 22:35:14|qwen|web_search_no_think|5|QUESTION_ADVANCE||1785|e0d20129-9245-445e-8f16-0d2387a525d8
2026-04-03 22:35:15|qwen|web_search_no_think|3|QUESTION_SENT||1875|21b29614-02bc-4405-a7f6-206e9a5110bf
2026-04-03 22:35:33|qwen|web_search_no_think|0|JSON_VERIFIED||2038|6e7a9f23-c025-4ef1-a68e-52609912a546
2026-04-03 22:35:33|qwen|web_search_no_think|0|QUESTION|41|2038|6e7a9f23-c025-4ef1-a68e-52609912a546
2026-04-03 22:35:33|qwen|web_search_no_think|0|JSON_SAVED||2038|6e7a9f23-c025-4ef1-a68e-52609912a546
2026-04-03 22:35:33|qwen|web_search_no_think|0|QUESTION_ADVANCE||2039|3b387efd-f990-42f4-9ad4-b83f9ac920a2
2026-04-03 22:35:41|qwen|web_search_no_think|5|QUESTION_SENT||1785|e0d20129-9245-445e-8f16-0d2387a525d8
2026-04-03 22:35:54|qwen|web_search_no_think|2|JSON_VERIFIED||1927|002517c1-6339-417c-99d1-f201667a01b6
2026-04-03 22:35:54|qwen|web_search_no_think|2|QUESTION|29|1927|002517c1-6339-417c-99d1-f201667a01b6
2026-04-03 22:35:54|qwen|web_search_no_think|2|JSON_SAVED||1927|002517c1-6339-417c-99d1-f201667a01b6
2026-04-03 22:35:54|qwen|web_search_no_think|2|QUESTION_ADVANCE||1928|01b5510c-cb09-450d-850d-1638f9ef6e38
2026-04-03 22:35:55|qwen|web_search_no_think|4|JSON_VERIFIED||1832|8c1773e6-98f1-49e3-9e3a-bc6ae5fdb066
2026-04-03 22:35:55|qwen|web_search_no_think|4|QUESTION|36|1832|8c1773e6-98f1-49e3-9e3a-bc6ae5fdb066
2026-04-03 22:35:55|qwen|web_search_no_think|4|JSON_SAVED||1832|8c1773e6-98f1-49e3-9e3a-bc6ae5fdb066
2026-04-03 22:35:55|qwen|web_search_no_think|4|QUESTION_ADVANCE||1833|f55928bc-a416-4209-b056-4e230457ffc4
2026-04-03 22:35:59|qwen|web_search_no_think|0|QUESTION_SENT||2039|3b387efd-f990-42f4-9ad4-b83f9ac920a2
2026-04-03 22:36:06|qwen|web_search_no_think|1|JSON_VERIFIED||1985|e0c38a54-dda6-4edc-9c55-6eb398918507
2026-04-03 22:36:06|qwen|web_search_no_think|1|QUESTION|36|1985|e0c38a54-dda6-4edc-9c55-6eb398918507
2026-04-03 22:36:06|qwen|web_search_no_think|1|JSON_SAVED||1985|e0c38a54-dda6-4edc-9c55-6eb398918507
2026-04-03 22:36:06|qwen|web_search_no_think|1|QUESTION_ADVANCE||1986|06fc19aa-c2f8-4673-8b71-862c1b964db3
2026-04-03 22:36:21|qwen|web_search_no_think|2|QUESTION_SENT||1928|01b5510c-cb09-450d-850d-1638f9ef6e38
2026-04-03 22:36:22|qwen|web_search_no_think|4|QUESTION_SENT||1833|f55928bc-a416-4209-b056-4e230457ffc4
2026-04-03 22:36:32|qwen|web_search_no_think|1|QUESTION_SENT||1986|06fc19aa-c2f8-4673-8b71-862c1b964db3
2026-04-03 22:37:20|qwen|web_search_no_think|3|JSON_VERIFIED||1875|21b29614-02bc-4405-a7f6-206e9a5110bf
2026-04-03 22:37:20|qwen|web_search_no_think|3|QUESTION|27|1875|21b29614-02bc-4405-a7f6-206e9a5110bf
2026-04-03 22:37:20|qwen|web_search_no_think|3|JSON_SAVED||1875|21b29614-02bc-4405-a7f6-206e9a5110bf
2026-04-03 22:37:20|qwen|web_search_no_think|3|QUESTION_ADVANCE||1876|f5151061-ebab-46a1-9fd6-0ca477425705
2026-04-03 22:37:26|qwen|web_search_no_think|5|JSON_VERIFIED||1785|e0d20129-9245-445e-8f16-0d2387a525d8
2026-04-03 22:37:26|qwen|web_search_no_think|5|QUESTION|39|1785|e0d20129-9245-445e-8f16-0d2387a525d8
2026-04-03 22:37:26|qwen|web_search_no_think|5|JSON_SAVED||1785|e0d20129-9245-445e-8f16-0d2387a525d8
2026-04-03 22:37:26|qwen|web_search_no_think|5|QUESTION_ADVANCE||1786|73e1d518-98a2-4dbb-8719-82108a06d694
2026-04-03 22:37:26|qwen|web_search_no_think|1|JSON_VERIFIED||1986|06fc19aa-c2f8-4673-8b71-862c1b964db3
2026-04-03 22:37:26|qwen|web_search_no_think|1|QUESTION|37|1986|06fc19aa-c2f8-4673-8b71-862c1b964db3
2026-04-03 22:37:26|qwen|web_search_no_think|1|JSON_SAVED||1986|06fc19aa-c2f8-4673-8b71-862c1b964db3
2026-04-03 22:37:26|qwen|web_search_no_think|1|QUESTION_ADVANCE||1987|9398d0d3-99b3-400e-afa5-de40c7cca511
2026-04-03 22:37:46|qwen|web_search_no_think|3|QUESTION_SENT||1876|f5151061-ebab-46a1-9fd6-0ca477425705
2026-04-03 22:37:52|qwen|web_search_no_think|5|QUESTION_SENT||1786|73e1d518-98a2-4dbb-8719-82108a06d694
2026-04-03 22:37:52|qwen|web_search_no_think|1|QUESTION_SENT||1987|9398d0d3-99b3-400e-afa5-de40c7cca511
2026-04-03 22:38:20|qwen|web_search_no_think|0|JSON_VERIFIED||2039|3b387efd-f990-42f4-9ad4-b83f9ac920a2
2026-04-03 22:38:20|qwen|web_search_no_think|0|QUESTION|42|2039|3b387efd-f990-42f4-9ad4-b83f9ac920a2
2026-04-03 22:38:20|qwen|web_search_no_think|0|JSON_SAVED||2039|3b387efd-f990-42f4-9ad4-b83f9ac920a2
2026-04-03 22:38:20|qwen|web_search_no_think|0|QUESTION_ADVANCE||2040|12dc2ee2-3978-4823-b08c-74bcee30eeac
2026-04-03 22:38:21|qwen|web_search_no_think|2|JSON_VERIFIED||1928|01b5510c-cb09-450d-850d-1638f9ef6e38
2026-04-03 22:38:21|qwen|web_search_no_think|2|QUESTION|30|1928|01b5510c-cb09-450d-850d-1638f9ef6e38
2026-04-03 22:38:21|qwen|web_search_no_think|2|JSON_SAVED||1928|01b5510c-cb09-450d-850d-1638f9ef6e38
2026-04-03 22:38:21|qwen|web_search_no_think|2|QUESTION_ADVANCE||1929|27f54a28-e5f6-4184-92ad-cf2937286cc4
2026-04-03 22:38:46|qwen|web_search_no_think|0|QUESTION_SENT||2040|12dc2ee2-3978-4823-b08c-74bcee30eeac
2026-04-03 22:38:48|qwen|web_search_no_think|2|QUESTION_SENT||1929|27f54a28-e5f6-4184-92ad-cf2937286cc4
2026-04-03 22:39:07|qwen|web_search_no_think|4|JSON_VERIFIED||1833|f55928bc-a416-4209-b056-4e230457ffc4
2026-04-03 22:39:07|qwen|web_search_no_think|4|QUESTION|37|1833|f55928bc-a416-4209-b056-4e230457ffc4
2026-04-03 22:39:07|qwen|web_search_no_think|4|JSON_SAVED||1833|f55928bc-a416-4209-b056-4e230457ffc4
2026-04-03 22:39:07|qwen|web_search_no_think|4|QUESTION_ADVANCE||1834|7e30d70b-74cd-49e4-be36-28d5dd1f846f
2026-04-03 22:39:33|qwen|web_search_no_think|4|QUESTION_SENT||1834|7e30d70b-74cd-49e4-be36-28d5dd1f846f
2026-04-03 22:39:41|qwen|web_search_no_think|5|JSON_VERIFIED||1786|73e1d518-98a2-4dbb-8719-82108a06d694
2026-04-03 22:39:41|qwen|web_search_no_think|5|QUESTION|40|1786|73e1d518-98a2-4dbb-8719-82108a06d694
2026-04-03 22:39:41|qwen|web_search_no_think|5|JSON_SAVED||1786|73e1d518-98a2-4dbb-8719-82108a06d694
2026-04-03 22:39:41|qwen|web_search_no_think|5|QUESTION_ADVANCE||1787|766f0137-2b51-429b-9fb9-40b86bd9b58d
2026-04-03 22:40:04|qwen|web_search_no_think|1|JSON_VERIFIED||1987|9398d0d3-99b3-400e-afa5-de40c7cca511
2026-04-03 22:40:04|qwen|web_search_no_think|1|QUESTION|38|1987|9398d0d3-99b3-400e-afa5-de40c7cca511
2026-04-03 22:40:04|qwen|web_search_no_think|1|JSON_SAVED||1987|9398d0d3-99b3-400e-afa5-de40c7cca511
2026-04-03 22:40:04|qwen|web_search_no_think|1|QUESTION_ADVANCE||1988|de653806-6df3-464c-996e-2034e1f21fcf
2026-04-03 22:40:08|qwen|web_search_no_think|5|QUESTION_SENT||1787|766f0137-2b51-429b-9fb9-40b86bd9b58d
2026-04-03 22:40:14|qwen|web_search_no_think|3|JSON_VERIFIED||1876|f5151061-ebab-46a1-9fd6-0ca477425705
2026-04-03 22:40:14|qwen|web_search_no_think|3|QUESTION|28|1876|f5151061-ebab-46a1-9fd6-0ca477425705
2026-04-03 22:40:14|qwen|web_search_no_think|3|JSON_SAVED||1876|f5151061-ebab-46a1-9fd6-0ca477425705
2026-04-03 22:40:14|qwen|web_search_no_think|3|QUESTION_ADVANCE||1877|c6b44322-e4f3-40e6-a7b0-725aba8d3961
2026-04-03 22:40:31|qwen|web_search_no_think|1|QUESTION_SENT||1988|de653806-6df3-464c-996e-2034e1f21fcf
2026-04-03 22:40:40|qwen|web_search_no_think|0|JSON_VERIFIED||2040|12dc2ee2-3978-4823-b08c-74bcee30eeac
2026-04-03 22:40:40|qwen|web_search_no_think|0|QUESTION|43|2040|12dc2ee2-3978-4823-b08c-74bcee30eeac
2026-04-03 22:40:40|qwen|web_search_no_think|0|JSON_SAVED||2040|12dc2ee2-3978-4823-b08c-74bcee30eeac
2026-04-03 22:40:40|qwen|web_search_no_think|0|QUESTION_ADVANCE||2041|5dd3f0b4-a314-421f-9b38-4efd37c4a0fe
2026-04-03 22:40:40|qwen|web_search_no_think|3|QUESTION_SENT||1877|c6b44322-e4f3-40e6-a7b0-725aba8d3961
2026-04-03 22:41:06|qwen|web_search_no_think|0|QUESTION_SENT||2041|5dd3f0b4-a314-421f-9b38-4efd37c4a0fe
2026-04-03 22:41:20|qwen|web_search_no_think|2|JSON_VERIFIED||1929|27f54a28-e5f6-4184-92ad-cf2937286cc4
2026-04-03 22:41:20|qwen|web_search_no_think|2|QUESTION|31|1929|27f54a28-e5f6-4184-92ad-cf2937286cc4
2026-04-03 22:41:20|qwen|web_search_no_think|2|JSON_SAVED||1929|27f54a28-e5f6-4184-92ad-cf2937286cc4
2026-04-03 22:41:20|qwen|web_search_no_think|2|QUESTION_ADVANCE||1930|6b4baec4-5e80-4b31-a8c1-9f976cf078c5
2026-04-03 22:41:46|qwen|web_search_no_think|2|QUESTION_SENT||1930|6b4baec4-5e80-4b31-a8c1-9f976cf078c5
2026-04-03 22:42:01|qwen|web_search_no_think|5|JSON_VERIFIED||1787|766f0137-2b51-429b-9fb9-40b86bd9b58d
2026-04-03 22:42:01|qwen|web_search_no_think|5|QUESTION|41|1787|766f0137-2b51-429b-9fb9-40b86bd9b58d
2026-04-03 22:42:01|qwen|web_search_no_think|5|JSON_SAVED||1787|766f0137-2b51-429b-9fb9-40b86bd9b58d
2026-04-03 22:42:01|qwen|web_search_no_think|5|QUESTION_ADVANCE||1788|732adbc8-e283-4856-8105-f39abeda5f16
2026-04-03 22:42:08|qwen|web_search_no_think|0|JSON_VERIFIED||2041|5dd3f0b4-a314-421f-9b38-4efd37c4a0fe
2026-04-03 22:42:08|qwen|web_search_no_think|0|QUESTION|44|2041|5dd3f0b4-a314-421f-9b38-4efd37c4a0fe
2026-04-03 22:42:08|qwen|web_search_no_think|0|JSON_SAVED||2041|5dd3f0b4-a314-421f-9b38-4efd37c4a0fe
2026-04-03 22:42:08|qwen|web_search_no_think|0|QUESTION_ADVANCE||2042|fecc7e81-58d8-4e7e-b0ee-69d920138deb
2026-04-03 22:42:09|qwen|web_search_no_think|4|JSON_VERIFIED||1834|7e30d70b-74cd-49e4-be36-28d5dd1f846f
2026-04-03 22:42:09|qwen|web_search_no_think|4|QUESTION|38|1834|7e30d70b-74cd-49e4-be36-28d5dd1f846f
2026-04-03 22:42:09|qwen|web_search_no_think|4|JSON_SAVED||1834|7e30d70b-74cd-49e4-be36-28d5dd1f846f
2026-04-03 22:42:09|qwen|web_search_no_think|4|QUESTION_ADVANCE||1835|541afc61-6390-4e62-977d-be7df294d451
2026-04-03 22:42:15|qwen|web_search_no_think|3|JSON_VERIFIED||1877|c6b44322-e4f3-40e6-a7b0-725aba8d3961
2026-04-03 22:42:15|qwen|web_search_no_think|3|QUESTION|29|1877|c6b44322-e4f3-40e6-a7b0-725aba8d3961
2026-04-03 22:42:15|qwen|web_search_no_think|3|JSON_SAVED||1877|c6b44322-e4f3-40e6-a7b0-725aba8d3961
2026-04-03 22:42:15|qwen|web_search_no_think|3|QUESTION_ADVANCE||1878|e2a3ca2e-049b-41f4-8b6b-9b1938631f2a
2026-04-03 22:42:23|qwen|web_search_no_think|1|JSON_VERIFIED||1988|de653806-6df3-464c-996e-2034e1f21fcf
2026-04-03 22:42:23|qwen|web_search_no_think|1|QUESTION|39|1988|de653806-6df3-464c-996e-2034e1f21fcf
2026-04-03 22:42:23|qwen|web_search_no_think|1|JSON_SAVED||1988|de653806-6df3-464c-996e-2034e1f21fcf
2026-04-03 22:42:23|qwen|web_search_no_think|1|QUESTION_ADVANCE||1989|30b6197c-3d62-47d3-be8c-9f2e047952c6
2026-04-03 22:42:28|qwen|web_search_no_think|5|QUESTION_SENT||1788|732adbc8-e283-4856-8105-f39abeda5f16
2026-04-03 22:42:35|qwen|web_search_no_think|0|QUESTION_SENT||2042|fecc7e81-58d8-4e7e-b0ee-69d920138deb
2026-04-03 22:42:35|qwen|web_search_no_think|4|QUESTION_SENT||1835|541afc61-6390-4e62-977d-be7df294d451
2026-04-03 22:42:42|qwen|web_search_no_think|3|QUESTION_SENT||1878|e2a3ca2e-049b-41f4-8b6b-9b1938631f2a
2026-04-03 22:42:49|qwen|web_search_no_think|1|QUESTION_SENT||1989|30b6197c-3d62-47d3-be8c-9f2e047952c6
2026-04-03 22:43:45|qwen|web_search_no_think|5|JSON_VERIFIED||1788|732adbc8-e283-4856-8105-f39abeda5f16
2026-04-03 22:43:45|qwen|web_search_no_think|5|QUESTION|42|1788|732adbc8-e283-4856-8105-f39abeda5f16
2026-04-03 22:43:45|qwen|web_search_no_think|5|JSON_SAVED||1788|732adbc8-e283-4856-8105-f39abeda5f16
2026-04-03 22:43:45|qwen|web_search_no_think|5|QUESTION_ADVANCE||1789|96a71a8a-6124-4ec7-b91c-7e0c46694f8f
2026-04-03 22:43:59|qwen|web_search_no_think|1|JSON_VERIFIED||1989|30b6197c-3d62-47d3-be8c-9f2e047952c6
2026-04-03 22:43:59|qwen|web_search_no_think|1|QUESTION|40|1989|30b6197c-3d62-47d3-be8c-9f2e047952c6
2026-04-03 22:43:59|qwen|web_search_no_think|1|JSON_SAVED||1989|30b6197c-3d62-47d3-be8c-9f2e047952c6
2026-04-03 22:43:59|qwen|web_search_no_think|1|QUESTION_ADVANCE||1990|9e10682a-2b1f-4109-b98f-42f171876bc0
2026-04-03 22:44:11|qwen|web_search_no_think|5|QUESTION_SENT||1789|96a71a8a-6124-4ec7-b91c-7e0c46694f8f
2026-04-03 22:44:18|qwen|web_search_no_think|4|JSON_VERIFIED||1835|541afc61-6390-4e62-977d-be7df294d451
2026-04-03 22:44:18|qwen|web_search_no_think|4|QUESTION|39|1835|541afc61-6390-4e62-977d-be7df294d451
2026-04-03 22:44:18|qwen|web_search_no_think|4|JSON_SAVED||1835|541afc61-6390-4e62-977d-be7df294d451
2026-04-03 22:44:18|qwen|web_search_no_think|4|QUESTION_ADVANCE||1836|b092f7a6-6d26-4d63-9081-9faa7e985fe9
2026-04-03 22:44:25|qwen|web_search_no_think|1|QUESTION_SENT||1990|9e10682a-2b1f-4109-b98f-42f171876bc0
2026-04-03 22:44:31|qwen|web_search_no_think|0|JSON_VERIFIED||2042|fecc7e81-58d8-4e7e-b0ee-69d920138deb
2026-04-03 22:44:31|qwen|web_search_no_think|0|QUESTION|45|2042|fecc7e81-58d8-4e7e-b0ee-69d920138deb
2026-04-03 22:44:31|qwen|web_search_no_think|0|JSON_SAVED||2042|fecc7e81-58d8-4e7e-b0ee-69d920138deb
2026-04-03 22:44:31|qwen|web_search_no_think|0|QUESTION_ADVANCE||2043|74a65339-8b94-4674-80bf-226652c2432f
2026-04-03 22:44:44|qwen|web_search_no_think|4|QUESTION_SENT||1836|b092f7a6-6d26-4d63-9081-9faa7e985fe9
2026-04-03 22:44:58|qwen|web_search_no_think|0|QUESTION_SENT||2043|74a65339-8b94-4674-80bf-226652c2432f
2026-04-03 22:45:00|qwen|web_search_no_think|3|JSON_VERIFIED||1878|e2a3ca2e-049b-41f4-8b6b-9b1938631f2a
2026-04-03 22:45:00|qwen|web_search_no_think|3|QUESTION|30|1878|e2a3ca2e-049b-41f4-8b6b-9b1938631f2a
2026-04-03 22:45:00|qwen|web_search_no_think|3|JSON_SAVED||1878|e2a3ca2e-049b-41f4-8b6b-9b1938631f2a
2026-04-03 22:45:00|qwen|web_search_no_think|3|QUESTION_ADVANCE||1879|3eb9bb27-df08-4382-9c7d-9b13d37af61c
2026-04-03 22:45:15|qwen|web_search_no_think|2|JSON_VERIFIED||1930|6b4baec4-5e80-4b31-a8c1-9f976cf078c5
2026-04-03 22:45:15|qwen|web_search_no_think|2|QUESTION|32|1930|6b4baec4-5e80-4b31-a8c1-9f976cf078c5
2026-04-03 22:45:15|qwen|web_search_no_think|2|JSON_SAVED||1930|6b4baec4-5e80-4b31-a8c1-9f976cf078c5
2026-04-03 22:45:15|qwen|web_search_no_think|2|QUESTION_ADVANCE||1931|b2c4fcbc-3991-4dc6-9c1d-33ee5554c553
2026-04-03 22:45:15|qwen|web_search_no_think|5|JSON_VERIFIED||1789|96a71a8a-6124-4ec7-b91c-7e0c46694f8f
2026-04-03 22:45:15|qwen|web_search_no_think|5|QUESTION|43|1789|96a71a8a-6124-4ec7-b91c-7e0c46694f8f
2026-04-03 22:45:15|qwen|web_search_no_think|5|JSON_SAVED||1789|96a71a8a-6124-4ec7-b91c-7e0c46694f8f
2026-04-03 22:45:15|qwen|web_search_no_think|5|QUESTION_ADVANCE||1790|306c91ac-4027-4287-b4a9-4538ca7f7d2a
2026-04-03 22:45:26|qwen|web_search_no_think|3|QUESTION_SENT||1879|3eb9bb27-df08-4382-9c7d-9b13d37af61c
2026-04-03 22:45:32|qwen|web_search_no_think|4|JSON_VERIFIED||1836|b092f7a6-6d26-4d63-9081-9faa7e985fe9
2026-04-03 22:45:32|qwen|web_search_no_think|4|QUESTION|40|1836|b092f7a6-6d26-4d63-9081-9faa7e985fe9
2026-04-03 22:45:32|qwen|web_search_no_think|4|JSON_SAVED||1836|b092f7a6-6d26-4d63-9081-9faa7e985fe9
2026-04-03 22:45:32|qwen|web_search_no_think|4|QUESTION_ADVANCE||1837|07b7e6b8-8a70-4c28-b30c-79418655f3cd
2026-04-03 22:45:41|qwen|web_search_no_think|2|QUESTION_SENT||1931|b2c4fcbc-3991-4dc6-9c1d-33ee5554c553
2026-04-03 22:45:41|qwen|web_search_no_think|5|QUESTION_SENT||1790|306c91ac-4027-4287-b4a9-4538ca7f7d2a
2026-04-03 22:45:46|qwen|web_search_no_think|1|JSON_VERIFIED||1990|9e10682a-2b1f-4109-b98f-42f171876bc0
2026-04-03 22:45:46|qwen|web_search_no_think|1|QUESTION|41|1990|9e10682a-2b1f-4109-b98f-42f171876bc0
2026-04-03 22:45:46|qwen|web_search_no_think|1|JSON_SAVED||1990|9e10682a-2b1f-4109-b98f-42f171876bc0
2026-04-03 22:45:46|qwen|web_search_no_think|1|QUESTION_ADVANCE||1991|d3c36196-793b-4e7f-ac9c-be1c9aca011a
2026-04-03 22:45:59|qwen|web_search_no_think|4|QUESTION_SENT||1837|07b7e6b8-8a70-4c28-b30c-79418655f3cd
2026-04-03 22:46:10|qwen|web_search_no_think|0|JSON_VERIFIED||2043|74a65339-8b94-4674-80bf-226652c2432f
2026-04-03 22:46:10|qwen|web_search_no_think|0|QUESTION|46|2043|74a65339-8b94-4674-80bf-226652c2432f
2026-04-03 22:46:10|qwen|web_search_no_think|0|JSON_SAVED||2043|74a65339-8b94-4674-80bf-226652c2432f
2026-04-03 22:46:10|qwen|web_search_no_think|0|QUESTION_ADVANCE||2044|bcdee51b-34ac-45f0-aa3d-ed7edb92d671
2026-04-03 22:46:13|qwen|web_search_no_think|1|QUESTION_SENT||1991|d3c36196-793b-4e7f-ac9c-be1c9aca011a
2026-04-03 22:46:37|qwen|web_search_no_think|0|QUESTION_SENT||2044|bcdee51b-34ac-45f0-aa3d-ed7edb92d671
2026-04-03 22:47:54|qwen|web_search_no_think|4|JSON_VERIFIED||1837|07b7e6b8-8a70-4c28-b30c-79418655f3cd
2026-04-03 22:47:54|qwen|web_search_no_think|4|QUESTION|41|1837|07b7e6b8-8a70-4c28-b30c-79418655f3cd
2026-04-03 22:47:54|qwen|web_search_no_think|4|JSON_SAVED||1837|07b7e6b8-8a70-4c28-b30c-79418655f3cd
2026-04-03 22:47:54|qwen|web_search_no_think|4|QUESTION_ADVANCE||1838|094421db-45e0-47ce-aa04-db4a41c145a9
2026-04-03 22:48:16|qwen|web_search_no_think|2|JSON_VERIFIED||1931|b2c4fcbc-3991-4dc6-9c1d-33ee5554c553
2026-04-03 22:48:16|qwen|web_search_no_think|2|QUESTION|33|1931|b2c4fcbc-3991-4dc6-9c1d-33ee5554c553
2026-04-03 22:48:16|qwen|web_search_no_think|2|JSON_SAVED||1931|b2c4fcbc-3991-4dc6-9c1d-33ee5554c553
2026-04-03 22:48:16|qwen|web_search_no_think|2|QUESTION_ADVANCE||1932|9d5f1438-db00-4e4b-9a16-bc5314203dda
2026-04-03 22:48:20|qwen|web_search_no_think|4|QUESTION_SENT||1838|094421db-45e0-47ce-aa04-db4a41c145a9
2026-04-03 22:48:35|qwen|web_search_no_think|3|JSON_VERIFIED||1879|3eb9bb27-df08-4382-9c7d-9b13d37af61c
2026-04-03 22:48:35|qwen|web_search_no_think|3|QUESTION|31|1879|3eb9bb27-df08-4382-9c7d-9b13d37af61c
2026-04-03 22:48:35|qwen|web_search_no_think|3|JSON_SAVED||1879|3eb9bb27-df08-4382-9c7d-9b13d37af61c
2026-04-03 22:48:35|qwen|web_search_no_think|3|QUESTION_ADVANCE||1880|89e85b1c-a827-4f75-9038-efc240498540
2026-04-03 22:48:42|qwen|web_search_no_think|2|QUESTION_SENT||1932|9d5f1438-db00-4e4b-9a16-bc5314203dda
2026-04-03 22:48:48|qwen|web_search_no_think|1|JSON_VERIFIED||1991|d3c36196-793b-4e7f-ac9c-be1c9aca011a
2026-04-03 22:48:48|qwen|web_search_no_think|1|QUESTION|42|1991|d3c36196-793b-4e7f-ac9c-be1c9aca011a
2026-04-03 22:48:48|qwen|web_search_no_think|1|JSON_SAVED||1991|d3c36196-793b-4e7f-ac9c-be1c9aca011a
2026-04-03 22:48:48|qwen|web_search_no_think|1|QUESTION_ADVANCE||1992|ca777280-df26-48f8-b51e-2d6b44628ec8
2026-04-03 22:49:01|qwen|web_search_no_think|3|QUESTION_SENT||1880|89e85b1c-a827-4f75-9038-efc240498540
2026-04-03 22:49:05|qwen|web_search_no_think|0|JSON_VERIFIED||2044|bcdee51b-34ac-45f0-aa3d-ed7edb92d671
2026-04-03 22:49:05|qwen|web_search_no_think|0|QUESTION|47|2044|bcdee51b-34ac-45f0-aa3d-ed7edb92d671
2026-04-03 22:49:05|qwen|web_search_no_think|0|JSON_SAVED||2044|bcdee51b-34ac-45f0-aa3d-ed7edb92d671
2026-04-03 22:49:05|qwen|web_search_no_think|0|QUESTION_ADVANCE||2045|ae86cdd5-abc9-4740-a3db-e78e4943068b
2026-04-03 22:49:14|qwen|web_search_no_think|1|QUESTION_SENT||1992|ca777280-df26-48f8-b51e-2d6b44628ec8
2026-04-03 22:49:31|qwen|web_search_no_think|0|QUESTION_SENT||2045|ae86cdd5-abc9-4740-a3db-e78e4943068b
2026-04-03 22:49:38|qwen|web_search_no_think|2|JSON_VERIFIED||1932|9d5f1438-db00-4e4b-9a16-bc5314203dda
2026-04-03 22:49:38|qwen|web_search_no_think|2|QUESTION|34|1932|9d5f1438-db00-4e4b-9a16-bc5314203dda
2026-04-03 22:49:38|qwen|web_search_no_think|2|JSON_SAVED||1932|9d5f1438-db00-4e4b-9a16-bc5314203dda
2026-04-03 22:49:38|qwen|web_search_no_think|2|QUESTION_ADVANCE||1933|8a8d066e-756b-4993-8b73-a91ba117bd0b
2026-04-03 22:49:44|qwen|web_search_no_think|1|JSON_VERIFY_FAILED||1992|ca777280-df26-48f8-b51e-2d6b44628ec8
2026-04-03 22:49:44|qwen|web_search_no_think|1|QUESTION|43|1992|ca777280-df26-48f8-b51e-2d6b44628ec8
2026-04-03 22:50:01|qwen|web_search_no_think|4|JSON_VERIFIED||1838|094421db-45e0-47ce-aa04-db4a41c145a9
2026-04-03 22:50:01|qwen|web_search_no_think|4|QUESTION|42|1838|094421db-45e0-47ce-aa04-db4a41c145a9
2026-04-03 22:50:01|qwen|web_search_no_think|4|JSON_SAVED||1838|094421db-45e0-47ce-aa04-db4a41c145a9
2026-04-03 22:50:01|qwen|web_search_no_think|4|QUESTION_ADVANCE||1839|48d9e1b8-c930-4680-a3c4-5b6b517707cd
2026-04-03 22:50:04|qwen|web_search_no_think|2|QUESTION_SENT||1933|8a8d066e-756b-4993-8b73-a91ba117bd0b
2026-04-03 22:50:10|qwen|web_search_no_think|1|QUESTION_SENT||1992|ca777280-df26-48f8-b51e-2d6b44628ec8
2026-04-03 22:50:27|qwen|web_search_no_think|4|QUESTION_SENT||1839|48d9e1b8-c930-4680-a3c4-5b6b517707cd
2026-04-03 22:50:37|qwen|web_search_no_think|3|JSON_VERIFY_FAILED||1880|89e85b1c-a827-4f75-9038-efc240498540
2026-04-03 22:50:37|qwen|web_search_no_think|3|QUESTION|32|1880|89e85b1c-a827-4f75-9038-efc240498540
2026-04-03 22:51:03|qwen|web_search_no_think|3|QUESTION_SENT||1880|89e85b1c-a827-4f75-9038-efc240498540
2026-04-03 22:51:33|qwen|web_search_no_think|0|JSON_VERIFIED||2045|ae86cdd5-abc9-4740-a3db-e78e4943068b
2026-04-03 22:51:33|qwen|web_search_no_think|0|QUESTION|48|2045|ae86cdd5-abc9-4740-a3db-e78e4943068b
2026-04-03 22:51:33|qwen|web_search_no_think|0|JSON_SAVED||2045|ae86cdd5-abc9-4740-a3db-e78e4943068b
2026-04-03 22:51:33|qwen|web_search_no_think|0|QUESTION_ADVANCE||2046|e63a864e-2f40-4336-80c8-82af474a95c5
2026-04-03 22:51:56|qwen|web_search_no_think|2|JSON_VERIFIED||1933|8a8d066e-756b-4993-8b73-a91ba117bd0b
2026-04-03 22:51:56|qwen|web_search_no_think|2|QUESTION|35|1933|8a8d066e-756b-4993-8b73-a91ba117bd0b
2026-04-03 22:51:56|qwen|web_search_no_think|2|JSON_SAVED||1933|8a8d066e-756b-4993-8b73-a91ba117bd0b
2026-04-03 22:51:56|qwen|web_search_no_think|2|QUESTION_ADVANCE||1934|f3dab74e-b639-4d8b-ab48-ea6e6350bcad
2026-04-03 22:51:59|qwen|web_search_no_think|0|QUESTION_SENT||2046|e63a864e-2f40-4336-80c8-82af474a95c5
2026-04-03 22:52:17|qwen|web_search_no_think|5|QUESTION_SENT||1790|306c91ac-4027-4287-b4a9-4538ca7f7d2a
2026-04-03 22:52:23|qwen|web_search_no_think|2|QUESTION_SENT||1934|f3dab74e-b639-4d8b-ab48-ea6e6350bcad
2026-04-03 22:53:08|qwen|web_search_no_think|1|JSON_VERIFIED||1992|ca777280-df26-48f8-b51e-2d6b44628ec8
2026-04-03 22:53:08|qwen|web_search_no_think|1|QUESTION|44|1992|ca777280-df26-48f8-b51e-2d6b44628ec8
2026-04-03 22:53:08|qwen|web_search_no_think|1|JSON_SAVED||1992|ca777280-df26-48f8-b51e-2d6b44628ec8
2026-04-03 22:53:08|qwen|web_search_no_think|1|QUESTION_ADVANCE||1993|d5be5042-1865-4412-904c-1fddf1fcb23b
2026-04-03 22:53:11|qwen|web_search_no_think|3|JSON_VERIFIED||1880|89e85b1c-a827-4f75-9038-efc240498540
2026-04-03 22:53:11|qwen|web_search_no_think|3|QUESTION|33|1880|89e85b1c-a827-4f75-9038-efc240498540
2026-04-03 22:53:11|qwen|web_search_no_think|3|JSON_SAVED||1880|89e85b1c-a827-4f75-9038-efc240498540
2026-04-03 22:53:11|qwen|web_search_no_think|3|QUESTION_ADVANCE||1881|08cc6814-c913-42d5-97fd-269be3e62c2f
2026-04-03 22:53:34|qwen|web_search_no_think|1|QUESTION_SENT||1993|d5be5042-1865-4412-904c-1fddf1fcb23b
2026-04-03 22:53:37|qwen|web_search_no_think|3|QUESTION_SENT||1881|08cc6814-c913-42d5-97fd-269be3e62c2f
2026-04-03 22:54:22|qwen|web_search_no_think|2|JSON_VERIFIED||1934|f3dab74e-b639-4d8b-ab48-ea6e6350bcad
2026-04-03 22:54:22|qwen|web_search_no_think|2|QUESTION|36|1934|f3dab74e-b639-4d8b-ab48-ea6e6350bcad
2026-04-03 22:54:22|qwen|web_search_no_think|2|JSON_SAVED||1934|f3dab74e-b639-4d8b-ab48-ea6e6350bcad
2026-04-03 22:54:22|qwen|web_search_no_think|2|QUESTION_ADVANCE||1935|92d16698-facd-4b87-88ce-6adfefe46a54
2026-04-03 22:54:25|qwen|web_search_no_think|4|JSON_VERIFIED||1839|48d9e1b8-c930-4680-a3c4-5b6b517707cd
2026-04-03 22:54:25|qwen|web_search_no_think|4|QUESTION|43|1839|48d9e1b8-c930-4680-a3c4-5b6b517707cd
2026-04-03 22:54:25|qwen|web_search_no_think|4|JSON_SAVED||1839|48d9e1b8-c930-4680-a3c4-5b6b517707cd
2026-04-03 22:54:25|qwen|web_search_no_think|4|QUESTION_ADVANCE||1840|40b30f08-c959-4dee-bf65-f9e9b2757c02
2026-04-03 22:54:32|qwen|web_search_no_think|5|JSON_VERIFIED||1790|306c91ac-4027-4287-b4a9-4538ca7f7d2a
2026-04-03 22:54:32|qwen|web_search_no_think|5|QUESTION|44|1790|306c91ac-4027-4287-b4a9-4538ca7f7d2a
2026-04-03 22:54:32|qwen|web_search_no_think|5|JSON_SAVED||1790|306c91ac-4027-4287-b4a9-4538ca7f7d2a
2026-04-03 22:54:32|qwen|web_search_no_think|5|QUESTION_ADVANCE||1791|955d1280-c31f-4f5e-967b-8e8ae3c8597e
2026-04-03 22:54:48|qwen|web_search_no_think|2|QUESTION_SENT||1935|92d16698-facd-4b87-88ce-6adfefe46a54
2026-04-03 22:54:51|qwen|web_search_no_think|4|QUESTION_SENT||1840|40b30f08-c959-4dee-bf65-f9e9b2757c02
2026-04-03 22:54:58|qwen|web_search_no_think|5|QUESTION_SENT||1791|955d1280-c31f-4f5e-967b-8e8ae3c8597e
2026-04-03 22:55:14|qwen|web_search_no_think|3|JSON_VERIFIED||1881|08cc6814-c913-42d5-97fd-269be3e62c2f
2026-04-03 22:55:14|qwen|web_search_no_think|3|QUESTION|34|1881|08cc6814-c913-42d5-97fd-269be3e62c2f
2026-04-03 22:55:14|qwen|web_search_no_think|3|JSON_SAVED||1881|08cc6814-c913-42d5-97fd-269be3e62c2f
2026-04-03 22:55:14|qwen|web_search_no_think|3|QUESTION_ADVANCE||1882|737478d2-4154-45bb-ab48-afb736ad51dc
2026-04-03 22:55:38|qwen|web_search_no_think|0|JSON_VERIFIED||2046|e63a864e-2f40-4336-80c8-82af474a95c5
2026-04-03 22:55:38|qwen|web_search_no_think|0|QUESTION|49|2046|e63a864e-2f40-4336-80c8-82af474a95c5
2026-04-03 22:55:38|qwen|web_search_no_think|0|JSON_SAVED||2046|e63a864e-2f40-4336-80c8-82af474a95c5
2026-04-03 22:55:38|qwen|web_search_no_think|0|QUESTION_ADVANCE||2047|7551811c-664d-44a4-a95a-4f2de0e5fb26
2026-04-03 22:55:40|qwen|web_search_no_think|3|QUESTION_SENT||1882|737478d2-4154-45bb-ab48-afb736ad51dc
2026-04-03 22:55:53|qwen|web_search_no_think|1|JSON_VERIFIED||1993|d5be5042-1865-4412-904c-1fddf1fcb23b
2026-04-03 22:55:53|qwen|web_search_no_think|1|QUESTION|45|1993|d5be5042-1865-4412-904c-1fddf1fcb23b
2026-04-03 22:55:53|qwen|web_search_no_think|1|JSON_SAVED||1993|d5be5042-1865-4412-904c-1fddf1fcb23b
2026-04-03 22:55:53|qwen|web_search_no_think|1|QUESTION_ADVANCE||1994|48267dca-f5a4-44c4-8b40-93ecd70b8def
2026-04-03 22:56:05|qwen|web_search_no_think|0|QUESTION_SENT||2047|7551811c-664d-44a4-a95a-4f2de0e5fb26
2026-04-03 22:56:20|qwen|web_search_no_think|1|QUESTION_SENT||1994|48267dca-f5a4-44c4-8b40-93ecd70b8def
2026-04-03 22:56:31|qwen|web_search_no_think|5|JSON_VERIFIED||1791|955d1280-c31f-4f5e-967b-8e8ae3c8597e
2026-04-03 22:56:31|qwen|web_search_no_think|5|QUESTION|45|1791|955d1280-c31f-4f5e-967b-8e8ae3c8597e
2026-04-03 22:56:31|qwen|web_search_no_think|5|JSON_SAVED||1791|955d1280-c31f-4f5e-967b-8e8ae3c8597e
2026-04-03 22:56:31|qwen|web_search_no_think|5|QUESTION_ADVANCE||1792|0aa0d1ee-36a2-4197-a568-613e8d6d922d
2026-04-03 22:56:57|qwen|web_search_no_think|5|QUESTION_SENT||1792|0aa0d1ee-36a2-4197-a568-613e8d6d922d
2026-04-03 22:57:15|qwen|web_search_no_think|1|JSON_VERIFIED||1994|48267dca-f5a4-44c4-8b40-93ecd70b8def
2026-04-03 22:57:15|qwen|web_search_no_think|1|QUESTION|46|1994|48267dca-f5a4-44c4-8b40-93ecd70b8def
2026-04-03 22:57:15|qwen|web_search_no_think|1|JSON_SAVED||1994|48267dca-f5a4-44c4-8b40-93ecd70b8def
2026-04-03 22:57:15|qwen|web_search_no_think|1|QUESTION_ADVANCE||1995|dc188b73-8aeb-4ea4-94fd-da4be8b2a5ec
2026-04-03 22:57:33|qwen|web_search_no_think|3|JSON_VERIFIED||1882|737478d2-4154-45bb-ab48-afb736ad51dc
2026-04-03 22:57:33|qwen|web_search_no_think|3|QUESTION|35|1882|737478d2-4154-45bb-ab48-afb736ad51dc
2026-04-03 22:57:33|qwen|web_search_no_think|3|JSON_SAVED||1882|737478d2-4154-45bb-ab48-afb736ad51dc
2026-04-03 22:57:33|qwen|web_search_no_think|3|QUESTION_ADVANCE||1883|b12b6d7f-28f1-4140-9728-600a8e348916
2026-04-03 22:57:42|qwen|web_search_no_think|1|QUESTION_SENT||1995|dc188b73-8aeb-4ea4-94fd-da4be8b2a5ec
2026-04-03 22:57:55|qwen|web_search_no_think|4|JSON_VERIFIED||1840|40b30f08-c959-4dee-bf65-f9e9b2757c02
2026-04-03 22:57:55|qwen|web_search_no_think|4|QUESTION|44|1840|40b30f08-c959-4dee-bf65-f9e9b2757c02
2026-04-03 22:57:55|qwen|web_search_no_think|4|JSON_SAVED||1840|40b30f08-c959-4dee-bf65-f9e9b2757c02
2026-04-03 22:57:55|qwen|web_search_no_think|4|QUESTION_ADVANCE||1841|a52422fe-b547-4532-b8d0-2994971a15c7
2026-04-03 22:57:59|qwen|web_search_no_think|3|QUESTION_SENT||1883|b12b6d7f-28f1-4140-9728-600a8e348916
2026-04-03 22:58:03|qwen|web_search_no_think|5|JSON_VERIFIED||1792|0aa0d1ee-36a2-4197-a568-613e8d6d922d
2026-04-03 22:58:03|qwen|web_search_no_think|5|QUESTION|46|1792|0aa0d1ee-36a2-4197-a568-613e8d6d922d
2026-04-03 22:58:03|qwen|web_search_no_think|5|JSON_SAVED||1792|0aa0d1ee-36a2-4197-a568-613e8d6d922d
2026-04-03 22:58:03|qwen|web_search_no_think|5|QUESTION_ADVANCE||1793|6c686727-e17a-4a33-8b80-7af7f69a09ca
2026-04-03 22:58:21|qwen|web_search_no_think|4|QUESTION_SENT||1841|a52422fe-b547-4532-b8d0-2994971a15c7
2026-04-03 22:58:26|qwen|web_search_no_think|3|JSON_VERIFY_FAILED||1883|b12b6d7f-28f1-4140-9728-600a8e348916
2026-04-03 22:58:26|qwen|web_search_no_think|3|QUESTION|36|1883|b12b6d7f-28f1-4140-9728-600a8e348916
2026-04-03 22:58:29|qwen|web_search_no_think|5|QUESTION_SENT||1793|6c686727-e17a-4a33-8b80-7af7f69a09ca
2026-04-03 22:58:52|qwen|web_search_no_think|3|QUESTION_SENT||1883|b12b6d7f-28f1-4140-9728-600a8e348916
2026-04-03 22:59:20|qwen|web_search_no_think|1|JSON_VERIFIED||1995|dc188b73-8aeb-4ea4-94fd-da4be8b2a5ec
2026-04-03 22:59:20|qwen|web_search_no_think|1|QUESTION|47|1995|dc188b73-8aeb-4ea4-94fd-da4be8b2a5ec
2026-04-03 22:59:20|qwen|web_search_no_think|1|JSON_SAVED||1995|dc188b73-8aeb-4ea4-94fd-da4be8b2a5ec
2026-04-03 22:59:20|qwen|web_search_no_think|1|QUESTION_ADVANCE||1996|2f4f440a-ceac-4c2a-ae82-74447c11712f
2026-04-03 22:59:21|qwen|web_search_no_think|4|JSON_VERIFIED||1841|a52422fe-b547-4532-b8d0-2994971a15c7
2026-04-03 22:59:21|qwen|web_search_no_think|4|QUESTION|45|1841|a52422fe-b547-4532-b8d0-2994971a15c7
2026-04-03 22:59:21|qwen|web_search_no_think|4|JSON_SAVED||1841|a52422fe-b547-4532-b8d0-2994971a15c7
2026-04-03 22:59:21|qwen|web_search_no_think|4|QUESTION_ADVANCE||1842|8a847330-c166-4d65-acdf-049fe3ee465f
2026-04-03 22:59:34|qwen|web_search_no_think|2|JSON_VERIFIED||1935|92d16698-facd-4b87-88ce-6adfefe46a54
2026-04-03 22:59:34|qwen|web_search_no_think|2|QUESTION|37|1935|92d16698-facd-4b87-88ce-6adfefe46a54
2026-04-03 22:59:34|qwen|web_search_no_think|2|JSON_SAVED||1935|92d16698-facd-4b87-88ce-6adfefe46a54
2026-04-03 22:59:34|qwen|web_search_no_think|2|QUESTION_ADVANCE||1936|dbb288ed-405f-4451-b77e-c036284f5267
2026-04-03 22:59:46|qwen|web_search_no_think|1|QUESTION_SENT||1996|2f4f440a-ceac-4c2a-ae82-74447c11712f
2026-04-03 22:59:47|qwen|web_search_no_think|4|QUESTION_SENT||1842|8a847330-c166-4d65-acdf-049fe3ee465f
2026-04-03 23:00:00|qwen|web_search_no_think|2|QUESTION_SENT||1936|dbb288ed-405f-4451-b77e-c036284f5267
2026-04-03 23:00:54|qwen|web_search_no_think|5|JSON_VERIFIED||1793|6c686727-e17a-4a33-8b80-7af7f69a09ca
2026-04-03 23:00:54|qwen|web_search_no_think|5|QUESTION|47|1793|6c686727-e17a-4a33-8b80-7af7f69a09ca
2026-04-03 23:00:54|qwen|web_search_no_think|5|JSON_SAVED||1793|6c686727-e17a-4a33-8b80-7af7f69a09ca
2026-04-03 23:00:54|qwen|web_search_no_think|5|QUESTION_ADVANCE||1794|bf6a7be9-9f6b-4e6f-ad8d-27ba47acdf72
2026-04-03 23:01:00|qwen|web_search_no_think|3|JSON_VERIFIED||1883|b12b6d7f-28f1-4140-9728-600a8e348916
2026-04-03 23:01:00|qwen|web_search_no_think|3|QUESTION|37|1883|b12b6d7f-28f1-4140-9728-600a8e348916
2026-04-03 23:01:00|qwen|web_search_no_think|3|JSON_SAVED||1883|b12b6d7f-28f1-4140-9728-600a8e348916
2026-04-03 23:01:00|qwen|web_search_no_think|3|QUESTION_ADVANCE||1884|63d01a2f-7eab-46cf-b419-fcdb2bdb5616
2026-04-03 23:01:20|qwen|web_search_no_think|5|QUESTION_SENT||1794|bf6a7be9-9f6b-4e6f-ad8d-27ba47acdf72
2026-04-03 23:01:27|qwen|web_search_no_think|3|QUESTION_SENT||1884|63d01a2f-7eab-46cf-b419-fcdb2bdb5616
2026-04-03 23:01:38|qwen|web_search_no_think|2|JSON_VERIFIED||1936|dbb288ed-405f-4451-b77e-c036284f5267
2026-04-03 23:01:38|qwen|web_search_no_think|2|QUESTION|38|1936|dbb288ed-405f-4451-b77e-c036284f5267
2026-04-03 23:01:38|qwen|web_search_no_think|2|JSON_SAVED||1936|dbb288ed-405f-4451-b77e-c036284f5267
2026-04-03 23:01:38|qwen|web_search_no_think|2|QUESTION_ADVANCE||1937|02c72539-3455-414c-8234-5a65cc9120ea
2026-04-03 23:02:05|qwen|web_search_no_think|2|QUESTION_SENT||1937|02c72539-3455-414c-8234-5a65cc9120ea
2026-04-03 23:02:40|qwen|web_search_no_think|0|QUESTION_SENT||2047|7551811c-664d-44a4-a95a-4f2de0e5fb26
2026-04-03 23:03:10|qwen|web_search_no_think|2|JSON_VERIFIED||1937|02c72539-3455-414c-8234-5a65cc9120ea
2026-04-03 23:03:10|qwen|web_search_no_think|2|QUESTION|39|1937|02c72539-3455-414c-8234-5a65cc9120ea
2026-04-03 23:03:10|qwen|web_search_no_think|2|JSON_SAVED||1937|02c72539-3455-414c-8234-5a65cc9120ea
2026-04-03 23:03:10|qwen|web_search_no_think|2|QUESTION_ADVANCE||1938|c83595f2-b073-4157-aaef-39a2253f9571
2026-04-03 23:03:14|qwen|web_search_no_think|1|JSON_VERIFIED||1996|2f4f440a-ceac-4c2a-ae82-74447c11712f
2026-04-03 23:03:14|qwen|web_search_no_think|1|QUESTION|48|1996|2f4f440a-ceac-4c2a-ae82-74447c11712f
2026-04-03 23:03:14|qwen|web_search_no_think|1|JSON_SAVED||1996|2f4f440a-ceac-4c2a-ae82-74447c11712f
2026-04-03 23:03:14|qwen|web_search_no_think|1|QUESTION_ADVANCE||1997|90e4a8e9-f56a-4342-bda1-927b47c6a58d
2026-04-03 23:03:28|qwen|web_search_no_think|5|JSON_VERIFIED||1794|bf6a7be9-9f6b-4e6f-ad8d-27ba47acdf72
2026-04-03 23:03:28|qwen|web_search_no_think|5|QUESTION|48|1794|bf6a7be9-9f6b-4e6f-ad8d-27ba47acdf72
2026-04-03 23:03:28|qwen|web_search_no_think|5|JSON_SAVED||1794|bf6a7be9-9f6b-4e6f-ad8d-27ba47acdf72
2026-04-03 23:03:28|qwen|web_search_no_think|5|QUESTION_ADVANCE||1795|ea85b661-ca56-49a8-b5e8-d055e8e1972d
2026-04-03 23:03:37|qwen|web_search_no_think|2|QUESTION_SENT||1938|c83595f2-b073-4157-aaef-39a2253f9571
2026-04-03 23:03:40|qwen|web_search_no_think|1|QUESTION_SENT||1997|90e4a8e9-f56a-4342-bda1-927b47c6a58d
2026-04-03 23:03:48|qwen|web_search_no_think|4|JSON_VERIFIED||1842|8a847330-c166-4d65-acdf-049fe3ee465f
2026-04-03 23:03:48|qwen|web_search_no_think|4|QUESTION|46|1842|8a847330-c166-4d65-acdf-049fe3ee465f
2026-04-03 23:03:48|qwen|web_search_no_think|4|JSON_SAVED||1842|8a847330-c166-4d65-acdf-049fe3ee465f
2026-04-03 23:03:48|qwen|web_search_no_think|4|QUESTION_ADVANCE||1843|2ec48e54-b13c-4296-8a99-18cfcce14540
2026-04-03 23:03:51|qwen|web_search_no_think|0|JSON_VERIFIED||2047|7551811c-664d-44a4-a95a-4f2de0e5fb26
2026-04-03 23:03:51|qwen|web_search_no_think|0|QUESTION|50|2047|7551811c-664d-44a4-a95a-4f2de0e5fb26
2026-04-03 23:03:51|qwen|web_search_no_think|0|JSON_SAVED||2047|7551811c-664d-44a4-a95a-4f2de0e5fb26
2026-04-03 23:03:51|qwen|web_search_no_think|0|QUESTION_ADVANCE||2048|13c7d852-acd3-47a0-ac10-7cee18deca87
2026-04-03 23:03:53|qwen|web_search_no_think|3|JSON_VERIFIED||1884|63d01a2f-7eab-46cf-b419-fcdb2bdb5616
2026-04-03 23:03:53|qwen|web_search_no_think|3|QUESTION|38|1884|63d01a2f-7eab-46cf-b419-fcdb2bdb5616
2026-04-03 23:03:53|qwen|web_search_no_think|3|JSON_SAVED||1884|63d01a2f-7eab-46cf-b419-fcdb2bdb5616
2026-04-03 23:03:53|qwen|web_search_no_think|3|QUESTION_ADVANCE||1885|a9383f5a-a751-41f9-b942-fa65f044e9c9
2026-04-03 23:03:55|qwen|web_search_no_think|5|QUESTION_SENT||1795|ea85b661-ca56-49a8-b5e8-d055e8e1972d
2026-04-03 23:04:15|qwen|web_search_no_think|4|QUESTION_SENT||1843|2ec48e54-b13c-4296-8a99-18cfcce14540
2026-04-03 23:04:17|qwen|web_search_no_think|0|QUESTION_SENT||2048|13c7d852-acd3-47a0-ac10-7cee18deca87
2026-04-03 23:04:19|qwen|web_search_no_think|3|QUESTION_SENT||1885|a9383f5a-a751-41f9-b942-fa65f044e9c9
2026-04-03 23:05:29|qwen|web_search_no_think|2|JSON_VERIFIED||1938|c83595f2-b073-4157-aaef-39a2253f9571
2026-04-03 23:05:29|qwen|web_search_no_think|2|QUESTION|40|1938|c83595f2-b073-4157-aaef-39a2253f9571
2026-04-03 23:05:29|qwen|web_search_no_think|2|JSON_SAVED||1938|c83595f2-b073-4157-aaef-39a2253f9571
2026-04-03 23:05:29|qwen|web_search_no_think|2|QUESTION_ADVANCE||1939|5eb05511-faf8-4c90-a365-494d42c7ee87
2026-04-03 23:05:55|qwen|web_search_no_think|2|QUESTION_SENT||1939|5eb05511-faf8-4c90-a365-494d42c7ee87
2026-04-03 23:06:03|qwen|web_search_no_think|4|JSON_VERIFIED||1843|2ec48e54-b13c-4296-8a99-18cfcce14540
2026-04-03 23:06:03|qwen|web_search_no_think|4|QUESTION|47|1843|2ec48e54-b13c-4296-8a99-18cfcce14540
2026-04-03 23:06:03|qwen|web_search_no_think|4|JSON_SAVED||1843|2ec48e54-b13c-4296-8a99-18cfcce14540
2026-04-03 23:06:03|qwen|web_search_no_think|4|QUESTION_ADVANCE||1844|0726c370-a80c-4976-b11e-4a69057493f2
2026-04-03 23:06:03|qwen|web_search_no_think|1|JSON_VERIFIED||1997|90e4a8e9-f56a-4342-bda1-927b47c6a58d
2026-04-03 23:06:03|qwen|web_search_no_think|1|QUESTION|49|1997|90e4a8e9-f56a-4342-bda1-927b47c6a58d
2026-04-03 23:06:03|qwen|web_search_no_think|1|JSON_SAVED||1997|90e4a8e9-f56a-4342-bda1-927b47c6a58d
2026-04-03 23:06:03|qwen|web_search_no_think|1|QUESTION_ADVANCE||1998|873f8568-c86c-41fc-a9a4-81dd589205c3
2026-04-03 23:06:29|qwen|web_search_no_think|4|QUESTION_SENT||1844|0726c370-a80c-4976-b11e-4a69057493f2
2026-04-03 23:06:30|qwen|web_search_no_think|1|QUESTION_SENT||1998|873f8568-c86c-41fc-a9a4-81dd589205c3
2026-04-03 23:06:51|qwen|web_search_no_think|3|JSON_VERIFIED||1885|a9383f5a-a751-41f9-b942-fa65f044e9c9
2026-04-03 23:06:51|qwen|web_search_no_think|3|QUESTION|39|1885|a9383f5a-a751-41f9-b942-fa65f044e9c9
2026-04-03 23:06:51|qwen|web_search_no_think|3|JSON_SAVED||1885|a9383f5a-a751-41f9-b942-fa65f044e9c9
2026-04-03 23:06:51|qwen|web_search_no_think|3|QUESTION_ADVANCE||1886|d2bab9eb-5b84-428d-b20c-15f8fe0062c2
2026-04-03 23:07:16|qwen|web_search_no_think|4|JSON_VERIFIED||1844|0726c370-a80c-4976-b11e-4a69057493f2
2026-04-03 23:07:16|qwen|web_search_no_think|4|QUESTION|48|1844|0726c370-a80c-4976-b11e-4a69057493f2
2026-04-03 23:07:16|qwen|web_search_no_think|4|JSON_SAVED||1844|0726c370-a80c-4976-b11e-4a69057493f2
2026-04-03 23:07:16|qwen|web_search_no_think|4|QUESTION_ADVANCE||1845|cf398933-0fcf-4773-93a3-6e762bfd7a1c
2026-04-03 23:07:17|qwen|web_search_no_think|3|QUESTION_SENT||1886|d2bab9eb-5b84-428d-b20c-15f8fe0062c2
2026-04-03 23:07:18|qwen|web_search_no_think|1|JSON_VERIFIED||1998|873f8568-c86c-41fc-a9a4-81dd589205c3
2026-04-03 23:07:18|qwen|web_search_no_think|1|QUESTION|50|1998|873f8568-c86c-41fc-a9a4-81dd589205c3
2026-04-03 23:07:18|qwen|web_search_no_think|1|JSON_SAVED||1998|873f8568-c86c-41fc-a9a4-81dd589205c3
2026-04-03 23:07:18|qwen|web_search_no_think|1|QUESTION_ADVANCE||1999|13eb5ce4-33da-406e-bf49-71a1172a78f4
2026-04-03 23:07:41|qwen|web_search_no_think|0|JSON_VERIFIED||2048|13c7d852-acd3-47a0-ac10-7cee18deca87
2026-04-03 23:07:41|qwen|web_search_no_think|0|QUESTION|51|2048|13c7d852-acd3-47a0-ac10-7cee18deca87
2026-04-03 23:07:41|qwen|web_search_no_think|0|JSON_SAVED||2048|13c7d852-acd3-47a0-ac10-7cee18deca87
2026-04-03 23:07:41|qwen|web_search_no_think|0|QUESTION_ADVANCE||2049|db69d06b-1be0-4b0e-82d1-7128aef3ec21
2026-04-03 23:07:42|qwen|web_search_no_think|4|QUESTION_SENT||1845|cf398933-0fcf-4773-93a3-6e762bfd7a1c
2026-04-03 23:07:45|qwen|web_search_no_think|1|QUESTION_SENT||1999|13eb5ce4-33da-406e-bf49-71a1172a78f4
2026-04-03 23:08:07|qwen|web_search_no_think|0|QUESTION_SENT||2049|db69d06b-1be0-4b0e-82d1-7128aef3ec21
2026-04-03 23:09:01|qwen|web_search_no_think|1|JSON_VERIFIED||1999|13eb5ce4-33da-406e-bf49-71a1172a78f4
2026-04-03 23:09:01|qwen|web_search_no_think|1|QUESTION|51|1999|13eb5ce4-33da-406e-bf49-71a1172a78f4
2026-04-03 23:09:01|qwen|web_search_no_think|1|JSON_SAVED||1999|13eb5ce4-33da-406e-bf49-71a1172a78f4
2026-04-03 23:09:01|qwen|web_search_no_think|1|QUESTION_ADVANCE||2000|8d528486-e6b5-4f3a-8e26-2de1156540b7
2026-04-03 23:09:10|qwen|web_search_no_think|2|JSON_VERIFIED||1939|5eb05511-faf8-4c90-a365-494d42c7ee87
2026-04-03 23:09:10|qwen|web_search_no_think|2|QUESTION|41|1939|5eb05511-faf8-4c90-a365-494d42c7ee87
2026-04-03 23:09:10|qwen|web_search_no_think|2|JSON_SAVED||1939|5eb05511-faf8-4c90-a365-494d42c7ee87
2026-04-03 23:09:10|qwen|web_search_no_think|2|QUESTION_ADVANCE||1940|089f1703-19df-4259-8834-71496c01b48b
2026-04-03 23:09:22|qwen|web_search_no_think|3|JSON_VERIFIED||1886|d2bab9eb-5b84-428d-b20c-15f8fe0062c2
2026-04-03 23:09:22|qwen|web_search_no_think|3|QUESTION|40|1886|d2bab9eb-5b84-428d-b20c-15f8fe0062c2
2026-04-03 23:09:22|qwen|web_search_no_think|3|JSON_SAVED||1886|d2bab9eb-5b84-428d-b20c-15f8fe0062c2
2026-04-03 23:09:22|qwen|web_search_no_think|3|QUESTION_ADVANCE||1887|c57f9e26-a613-4d87-abd5-9b00089c8a60
2026-04-03 23:09:28|qwen|web_search_no_think|1|QUESTION_SENT||2000|8d528486-e6b5-4f3a-8e26-2de1156540b7
2026-04-03 23:09:36|qwen|web_search_no_think|2|QUESTION_SENT||1940|089f1703-19df-4259-8834-71496c01b48b
2026-04-03 23:09:49|qwen|web_search_no_think|3|QUESTION_SENT||1887|c57f9e26-a613-4d87-abd5-9b00089c8a60
2026-04-03 23:10:16|qwen|web_search_no_think|0|JSON_VERIFIED||2049|db69d06b-1be0-4b0e-82d1-7128aef3ec21
2026-04-03 23:10:16|qwen|web_search_no_think|0|QUESTION|52|2049|db69d06b-1be0-4b0e-82d1-7128aef3ec21
2026-04-03 23:10:16|qwen|web_search_no_think|0|JSON_SAVED||2049|db69d06b-1be0-4b0e-82d1-7128aef3ec21
2026-04-03 23:10:16|qwen|web_search_no_think|0|QUESTION_ADVANCE||2050|010f33a5-a0ed-43c2-aa8d-d9b6b9d0d69d
2026-04-03 23:10:30|qwen|web_search_no_think|5|QUESTION_SENT||1795|ea85b661-ca56-49a8-b5e8-d055e8e1972d
2026-04-03 23:10:40|qwen|web_search_no_think|1|JSON_VERIFIED||2000|8d528486-e6b5-4f3a-8e26-2de1156540b7
2026-04-03 23:10:40|qwen|web_search_no_think|1|QUESTION|52|2000|8d528486-e6b5-4f3a-8e26-2de1156540b7
2026-04-03 23:10:40|qwen|web_search_no_think|1|JSON_SAVED||2000|8d528486-e6b5-4f3a-8e26-2de1156540b7
2026-04-03 23:10:41|qwen|web_search_no_think|1|STOP||2001|
2026-04-03 23:10:43|qwen|web_search_no_think|0|QUESTION_SENT||2050|010f33a5-a0ed-43c2-aa8d-d9b6b9d0d69d
2026-04-03 23:11:04|qwen|web_search_no_think|4|JSON_VERIFIED||1845|cf398933-0fcf-4773-93a3-6e762bfd7a1c
2026-04-03 23:11:04|qwen|web_search_no_think|4|QUESTION|49|1845|cf398933-0fcf-4773-93a3-6e762bfd7a1c
2026-04-03 23:11:04|qwen|web_search_no_think|4|JSON_SAVED||1845|cf398933-0fcf-4773-93a3-6e762bfd7a1c
2026-04-03 23:11:04|qwen|web_search_no_think|4|QUESTION_ADVANCE||1846|8cc6e812-4ef4-4657-bbca-69799f366418
2026-04-03 23:11:31|qwen|web_search_no_think|4|QUESTION_SENT||1846|8cc6e812-4ef4-4657-bbca-69799f366418
2026-04-03 23:11:41|qwen|web_search_no_think|0|JSON_VERIFIED||2050|010f33a5-a0ed-43c2-aa8d-d9b6b9d0d69d
2026-04-03 23:11:41|qwen|web_search_no_think|0|QUESTION|53|2050|010f33a5-a0ed-43c2-aa8d-d9b6b9d0d69d
2026-04-03 23:11:41|qwen|web_search_no_think|0|JSON_SAVED||2050|010f33a5-a0ed-43c2-aa8d-d9b6b9d0d69d
2026-04-03 23:11:42|qwen|web_search_no_think|0|STOP||2051|
2026-04-03 23:12:38|qwen|web_search_no_think|2|JSON_VERIFIED||1940|089f1703-19df-4259-8834-71496c01b48b
2026-04-03 23:12:38|qwen|web_search_no_think|2|QUESTION|42|1940|089f1703-19df-4259-8834-71496c01b48b
2026-04-03 23:12:38|qwen|web_search_no_think|2|JSON_SAVED||1940|089f1703-19df-4259-8834-71496c01b48b
2026-04-03 23:12:38|qwen|web_search_no_think|2|QUESTION_ADVANCE||1941|99ab4957-769c-4ee2-8e21-1d871ebfc63f
2026-04-03 23:13:04|qwen|web_search_no_think|2|QUESTION_SENT||1941|99ab4957-769c-4ee2-8e21-1d871ebfc63f
2026-04-03 23:13:22|qwen|web_search_no_think|5|JSON_VERIFIED||1795|ea85b661-ca56-49a8-b5e8-d055e8e1972d
2026-04-03 23:13:22|qwen|web_search_no_think|5|QUESTION|49|1795|ea85b661-ca56-49a8-b5e8-d055e8e1972d
2026-04-03 23:13:22|qwen|web_search_no_think|5|JSON_SAVED||1795|ea85b661-ca56-49a8-b5e8-d055e8e1972d
2026-04-03 23:13:22|qwen|web_search_no_think|5|QUESTION_ADVANCE||1796|adc9cd14-ed6a-4460-96e8-9f93b5405e70
2026-04-03 23:13:48|qwen|web_search_no_think|5|QUESTION_SENT||1796|adc9cd14-ed6a-4460-96e8-9f93b5405e70
2026-04-03 23:14:04|qwen|web_search_no_think|4|JSON_VERIFIED||1846|8cc6e812-4ef4-4657-bbca-69799f366418
2026-04-03 23:14:04|qwen|web_search_no_think|4|QUESTION|50|1846|8cc6e812-4ef4-4657-bbca-69799f366418
2026-04-03 23:14:04|qwen|web_search_no_think|4|JSON_SAVED||1846|8cc6e812-4ef4-4657-bbca-69799f366418
2026-04-03 23:14:04|qwen|web_search_no_think|4|QUESTION_ADVANCE||1847|75af7fdd-c9cd-4efa-a48a-b18640267c33
2026-04-03 23:14:05|qwen|web_search_no_think|2|JSON_VERIFIED||1941|99ab4957-769c-4ee2-8e21-1d871ebfc63f
2026-04-03 23:14:05|qwen|web_search_no_think|2|QUESTION|43|1941|99ab4957-769c-4ee2-8e21-1d871ebfc63f
2026-04-03 23:14:05|qwen|web_search_no_think|2|JSON_SAVED||1941|99ab4957-769c-4ee2-8e21-1d871ebfc63f
2026-04-03 23:14:05|qwen|web_search_no_think|2|QUESTION_ADVANCE||1942|0e402127-d9a3-4457-800d-83b3814cfb39
2026-04-03 23:14:12|qwen|web_search_no_think|3|JSON_VERIFIED||1887|c57f9e26-a613-4d87-abd5-9b00089c8a60
2026-04-03 23:14:12|qwen|web_search_no_think|3|QUESTION|41|1887|c57f9e26-a613-4d87-abd5-9b00089c8a60
2026-04-03 23:14:12|qwen|web_search_no_think|3|JSON_SAVED||1887|c57f9e26-a613-4d87-abd5-9b00089c8a60
2026-04-03 23:14:12|qwen|web_search_no_think|3|QUESTION_ADVANCE||1888|c7295cd0-2c78-4053-af87-3b5fac670a11
2026-04-03 23:14:30|qwen|web_search_no_think|4|QUESTION_SENT||1847|75af7fdd-c9cd-4efa-a48a-b18640267c33
2026-04-03 23:14:32|qwen|web_search_no_think|2|QUESTION_SENT||1942|0e402127-d9a3-4457-800d-83b3814cfb39
2026-04-03 23:14:38|qwen|web_search_no_think|3|QUESTION_SENT||1888|c7295cd0-2c78-4053-af87-3b5fac670a11
2026-04-03 23:14:48|qwen|web_search_no_think|5|JSON_VERIFIED||1796|adc9cd14-ed6a-4460-96e8-9f93b5405e70
2026-04-03 23:14:48|qwen|web_search_no_think|5|QUESTION|50|1796|adc9cd14-ed6a-4460-96e8-9f93b5405e70
2026-04-03 23:14:48|qwen|web_search_no_think|5|JSON_SAVED||1796|adc9cd14-ed6a-4460-96e8-9f93b5405e70
2026-04-03 23:14:48|qwen|web_search_no_think|5|QUESTION_ADVANCE||1797|173254bb-9b4e-4c6f-93be-41a794d62665
2026-04-03 23:15:14|qwen|web_search_no_think|5|QUESTION_SENT||1797|173254bb-9b4e-4c6f-93be-41a794d62665
2026-04-03 23:15:47|qwen|web_search_no_think|2|JSON_VERIFIED||1942|0e402127-d9a3-4457-800d-83b3814cfb39
2026-04-03 23:15:47|qwen|web_search_no_think|2|QUESTION|44|1942|0e402127-d9a3-4457-800d-83b3814cfb39
2026-04-03 23:15:47|qwen|web_search_no_think|2|JSON_SAVED||1942|0e402127-d9a3-4457-800d-83b3814cfb39
2026-04-03 23:15:47|qwen|web_search_no_think|2|QUESTION_ADVANCE||1943|5a9d0e91-9792-44e6-8d29-87e259da873f
2026-04-03 23:16:13|qwen|web_search_no_think|2|QUESTION_SENT||1943|5a9d0e91-9792-44e6-8d29-87e259da873f
2026-04-03 23:16:22|qwen|web_search_no_think|3|JSON_VERIFIED||1888|c7295cd0-2c78-4053-af87-3b5fac670a11
2026-04-03 23:16:22|qwen|web_search_no_think|3|QUESTION|42|1888|c7295cd0-2c78-4053-af87-3b5fac670a11
2026-04-03 23:16:22|qwen|web_search_no_think|3|JSON_SAVED||1888|c7295cd0-2c78-4053-af87-3b5fac670a11
2026-04-03 23:16:22|qwen|web_search_no_think|3|QUESTION_ADVANCE||1889|552e99d4-f64f-4704-8712-c58e73c4902c
2026-04-03 23:16:37|qwen|web_search_no_think|4|JSON_VERIFIED||1847|75af7fdd-c9cd-4efa-a48a-b18640267c33
2026-04-03 23:16:37|qwen|web_search_no_think|4|QUESTION|51|1847|75af7fdd-c9cd-4efa-a48a-b18640267c33
2026-04-03 23:16:37|qwen|web_search_no_think|4|JSON_SAVED||1847|75af7fdd-c9cd-4efa-a48a-b18640267c33
2026-04-03 23:16:37|qwen|web_search_no_think|4|QUESTION_ADVANCE||1848|337cbdcd-0d29-41a3-a341-7a466b067c3a
2026-04-03 23:16:48|qwen|web_search_no_think|3|QUESTION_SENT||1889|552e99d4-f64f-4704-8712-c58e73c4902c
2026-04-03 23:17:03|qwen|web_search_no_think|4|QUESTION_SENT||1848|337cbdcd-0d29-41a3-a341-7a466b067c3a
2026-04-03 23:17:42|qwen|web_search_no_think|5|JSON_VERIFIED||1797|173254bb-9b4e-4c6f-93be-41a794d62665
2026-04-03 23:17:42|qwen|web_search_no_think|5|QUESTION|51|1797|173254bb-9b4e-4c6f-93be-41a794d62665
2026-04-03 23:17:42|qwen|web_search_no_think|5|JSON_SAVED||1797|173254bb-9b4e-4c6f-93be-41a794d62665
2026-04-03 23:17:42|qwen|web_search_no_think|5|QUESTION_ADVANCE||1798|b9807b65-ef86-46ab-ae9f-8b7b5f18fdd9
2026-04-03 23:18:08|qwen|web_search_no_think|5|QUESTION_SENT||1798|b9807b65-ef86-46ab-ae9f-8b7b5f18fdd9
2026-04-03 23:18:17|qwen|web_search_no_think|4|JSON_VERIFIED||1848|337cbdcd-0d29-41a3-a341-7a466b067c3a
2026-04-03 23:18:17|qwen|web_search_no_think|4|QUESTION|52|1848|337cbdcd-0d29-41a3-a341-7a466b067c3a
2026-04-03 23:18:17|qwen|web_search_no_think|4|JSON_SAVED||1848|337cbdcd-0d29-41a3-a341-7a466b067c3a
2026-04-03 23:18:17|qwen|web_search_no_think|4|QUESTION_ADVANCE||1849|7b192363-ace6-4868-a5d0-dc3550a87f36
2026-04-03 23:18:44|qwen|web_search_no_think|4|QUESTION_SENT||1849|7b192363-ace6-4868-a5d0-dc3550a87f36
2026-04-03 23:19:12|qwen|web_search_no_think|5|JSON_VERIFIED||1798|b9807b65-ef86-46ab-ae9f-8b7b5f18fdd9
2026-04-03 23:19:12|qwen|web_search_no_think|5|QUESTION|52|1798|b9807b65-ef86-46ab-ae9f-8b7b5f18fdd9
2026-04-03 23:19:12|qwen|web_search_no_think|5|JSON_SAVED||1798|b9807b65-ef86-46ab-ae9f-8b7b5f18fdd9
2026-04-03 23:19:12|qwen|web_search_no_think|5|QUESTION_ADVANCE||1799|c41dc27f-cd10-4208-bc17-e9cecf10b082
2026-04-03 23:19:31|qwen|web_search_no_think|3|JSON_VERIFIED||1889|552e99d4-f64f-4704-8712-c58e73c4902c
2026-04-03 23:19:31|qwen|web_search_no_think|3|QUESTION|43|1889|552e99d4-f64f-4704-8712-c58e73c4902c
2026-04-03 23:19:31|qwen|web_search_no_think|3|JSON_SAVED||1889|552e99d4-f64f-4704-8712-c58e73c4902c
2026-04-03 23:19:31|qwen|web_search_no_think|3|QUESTION_ADVANCE||1890|7bb9a586-a788-49c8-9f0e-17831bfb91f0
2026-04-03 23:19:39|qwen|web_search_no_think|5|QUESTION_SENT||1799|c41dc27f-cd10-4208-bc17-e9cecf10b082
2026-04-03 23:19:56|qwen|web_search_no_think|4|JSON_VERIFIED||1849|7b192363-ace6-4868-a5d0-dc3550a87f36
2026-04-03 23:19:56|qwen|web_search_no_think|4|QUESTION|53|1849|7b192363-ace6-4868-a5d0-dc3550a87f36
2026-04-03 23:19:56|qwen|web_search_no_think|4|JSON_SAVED||1849|7b192363-ace6-4868-a5d0-dc3550a87f36
2026-04-03 23:19:56|qwen|web_search_no_think|4|QUESTION_ADVANCE||1850|07899f23-d909-44cb-a04d-6c9ed2d421e6
2026-04-03 23:19:58|qwen|web_search_no_think|3|QUESTION_SENT||1890|7bb9a586-a788-49c8-9f0e-17831bfb91f0
2026-04-03 23:20:22|qwen|web_search_no_think|4|QUESTION_SENT||1850|07899f23-d909-44cb-a04d-6c9ed2d421e6
2026-04-03 23:21:21|qwen|web_search_no_think|4|JSON_VERIFIED||1850|07899f23-d909-44cb-a04d-6c9ed2d421e6
2026-04-03 23:21:21|qwen|web_search_no_think|4|QUESTION|54|1850|07899f23-d909-44cb-a04d-6c9ed2d421e6
2026-04-03 23:21:21|qwen|web_search_no_think|4|JSON_SAVED||1850|07899f23-d909-44cb-a04d-6c9ed2d421e6
2026-04-03 23:21:22|qwen|web_search_no_think|4|STOP||1851|
2026-04-03 23:22:08|qwen|web_search_no_think|3|JSON_VERIFIED||1890|7bb9a586-a788-49c8-9f0e-17831bfb91f0
2026-04-03 23:22:08|qwen|web_search_no_think|3|QUESTION|44|1890|7bb9a586-a788-49c8-9f0e-17831bfb91f0
2026-04-03 23:22:08|qwen|web_search_no_think|3|JSON_SAVED||1890|7bb9a586-a788-49c8-9f0e-17831bfb91f0
2026-04-03 23:22:08|qwen|web_search_no_think|3|QUESTION_ADVANCE||1891|03c0d51b-54b8-4539-97fd-67bcfe54907d
2026-04-03 23:22:09|qwen|web_search_no_think|5|JSON_VERIFIED||1799|c41dc27f-cd10-4208-bc17-e9cecf10b082
2026-04-03 23:22:09|qwen|web_search_no_think|5|QUESTION|53|1799|c41dc27f-cd10-4208-bc17-e9cecf10b082
2026-04-03 23:22:09|qwen|web_search_no_think|5|JSON_SAVED||1799|c41dc27f-cd10-4208-bc17-e9cecf10b082
2026-04-03 23:22:09|qwen|web_search_no_think|5|QUESTION_ADVANCE||1800|7f8e88f8-61eb-4bf3-a008-2db49c0d7372
2026-04-03 23:22:35|qwen|web_search_no_think|3|QUESTION_SENT||1891|03c0d51b-54b8-4539-97fd-67bcfe54907d
2026-04-03 23:22:36|qwen|web_search_no_think|5|QUESTION_SENT||1800|7f8e88f8-61eb-4bf3-a008-2db49c0d7372
2026-04-03 23:22:49|qwen|web_search_no_think|2|QUESTION_SENT||1943|5a9d0e91-9792-44e6-8d29-87e259da873f
2026-04-03 23:23:31|qwen|web_search_no_think|5|JSON_VERIFIED||1800|7f8e88f8-61eb-4bf3-a008-2db49c0d7372
2026-04-03 23:23:31|qwen|web_search_no_think|5|QUESTION|54|1800|7f8e88f8-61eb-4bf3-a008-2db49c0d7372
2026-04-03 23:23:31|qwen|web_search_no_think|5|JSON_SAVED||1800|7f8e88f8-61eb-4bf3-a008-2db49c0d7372
2026-04-03 23:23:32|qwen|web_search_no_think|5|STOP||1801|
2026-04-03 23:23:50|qwen|web_search_no_think|2|JSON_VERIFIED||1943|5a9d0e91-9792-44e6-8d29-87e259da873f
2026-04-03 23:23:50|qwen|web_search_no_think|2|QUESTION|45|1943|5a9d0e91-9792-44e6-8d29-87e259da873f
2026-04-03 23:23:50|qwen|web_search_no_think|2|JSON_SAVED||1943|5a9d0e91-9792-44e6-8d29-87e259da873f
2026-04-03 23:23:50|qwen|web_search_no_think|2|QUESTION_ADVANCE||1944|2fadd7c1-cbe4-4258-80ad-620f8b8b9c70
2026-04-03 23:24:16|qwen|web_search_no_think|2|QUESTION_SENT||1944|2fadd7c1-cbe4-4258-80ad-620f8b8b9c70
2026-04-03 23:24:47|qwen|web_search_no_think|3|JSON_VERIFIED||1891|03c0d51b-54b8-4539-97fd-67bcfe54907d
2026-04-03 23:24:47|qwen|web_search_no_think|3|QUESTION|45|1891|03c0d51b-54b8-4539-97fd-67bcfe54907d
2026-04-03 23:24:47|qwen|web_search_no_think|3|JSON_SAVED||1891|03c0d51b-54b8-4539-97fd-67bcfe54907d
2026-04-03 23:24:47|qwen|web_search_no_think|3|QUESTION_ADVANCE||1892|23e90c10-04bf-41b2-81c4-947d6eca92d1
2026-04-03 23:25:13|qwen|web_search_no_think|3|QUESTION_SENT||1892|23e90c10-04bf-41b2-81c4-947d6eca92d1
2026-04-03 23:26:43|qwen|web_search_no_think|2|JSON_VERIFIED||1944|2fadd7c1-cbe4-4258-80ad-620f8b8b9c70
2026-04-03 23:26:43|qwen|web_search_no_think|2|QUESTION|46|1944|2fadd7c1-cbe4-4258-80ad-620f8b8b9c70
2026-04-03 23:26:43|qwen|web_search_no_think|2|JSON_SAVED||1944|2fadd7c1-cbe4-4258-80ad-620f8b8b9c70
2026-04-03 23:26:43|qwen|web_search_no_think|2|QUESTION_ADVANCE||1945|ad51da79-d07a-4f65-ac6a-126690297542
2026-04-03 23:27:05|qwen|web_search_no_think|3|JSON_VERIFIED||1892|23e90c10-04bf-41b2-81c4-947d6eca92d1
2026-04-03 23:27:05|qwen|web_search_no_think|3|QUESTION|46|1892|23e90c10-04bf-41b2-81c4-947d6eca92d1
2026-04-03 23:27:05|qwen|web_search_no_think|3|JSON_SAVED||1892|23e90c10-04bf-41b2-81c4-947d6eca92d1
2026-04-03 23:27:05|qwen|web_search_no_think|3|QUESTION_ADVANCE||1893|c8912020-b807-4c59-bace-2ba955d2b728
2026-04-03 23:27:09|qwen|web_search_no_think|2|QUESTION_SENT||1945|ad51da79-d07a-4f65-ac6a-126690297542
2026-04-03 23:27:32|qwen|web_search_no_think|3|QUESTION_SENT||1893|c8912020-b807-4c59-bace-2ba955d2b728
2026-04-03 23:29:24|qwen|web_search_no_think|3|JSON_VERIFIED||1893|c8912020-b807-4c59-bace-2ba955d2b728
2026-04-03 23:29:24|qwen|web_search_no_think|3|QUESTION|47|1893|c8912020-b807-4c59-bace-2ba955d2b728
2026-04-03 23:29:24|qwen|web_search_no_think|3|JSON_SAVED||1893|c8912020-b807-4c59-bace-2ba955d2b728
2026-04-03 23:29:24|qwen|web_search_no_think|3|QUESTION_ADVANCE||1894|3ac5c801-518d-4d2e-a1fd-0954a29dd7dd
2026-04-03 23:29:50|qwen|web_search_no_think|3|QUESTION_SENT||1894|3ac5c801-518d-4d2e-a1fd-0954a29dd7dd
2026-04-03 23:30:39|qwen|web_search_no_think|2|JSON_VERIFIED||1945|ad51da79-d07a-4f65-ac6a-126690297542
2026-04-03 23:30:39|qwen|web_search_no_think|2|QUESTION|47|1945|ad51da79-d07a-4f65-ac6a-126690297542
2026-04-03 23:30:39|qwen|web_search_no_think|2|JSON_SAVED||1945|ad51da79-d07a-4f65-ac6a-126690297542
2026-04-03 23:30:39|qwen|web_search_no_think|2|QUESTION_ADVANCE||1946|a54e8da9-5e8d-4f75-8dd5-6d6610c0d844
2026-04-03 23:31:06|qwen|web_search_no_think|2|QUESTION_SENT||1946|a54e8da9-5e8d-4f75-8dd5-6d6610c0d844
2026-04-03 23:31:38|qwen|web_search_no_think|3|JSON_VERIFIED||1894|3ac5c801-518d-4d2e-a1fd-0954a29dd7dd
2026-04-03 23:31:38|qwen|web_search_no_think|3|QUESTION|48|1894|3ac5c801-518d-4d2e-a1fd-0954a29dd7dd
2026-04-03 23:31:38|qwen|web_search_no_think|3|JSON_SAVED||1894|3ac5c801-518d-4d2e-a1fd-0954a29dd7dd
2026-04-03 23:31:39|qwen|web_search_no_think|3|QUESTION_ADVANCE||1895|35434d7e-efd7-40ff-9571-b719352f8941
2026-04-03 23:32:05|qwen|web_search_no_think|3|QUESTION_SENT||1895|35434d7e-efd7-40ff-9571-b719352f8941
2026-04-03 23:33:18|qwen|web_search_no_think|2|JSON_VERIFIED||1946|a54e8da9-5e8d-4f75-8dd5-6d6610c0d844
2026-04-03 23:33:18|qwen|web_search_no_think|2|QUESTION|48|1946|a54e8da9-5e8d-4f75-8dd5-6d6610c0d844
2026-04-03 23:33:18|qwen|web_search_no_think|2|JSON_SAVED||1946|a54e8da9-5e8d-4f75-8dd5-6d6610c0d844
2026-04-03 23:33:18|qwen|web_search_no_think|2|QUESTION_ADVANCE||1947|7f441b00-9757-452c-b96a-341ce536ec07
2026-04-03 23:33:44|qwen|web_search_no_think|2|QUESTION_SENT||1947|7f441b00-9757-452c-b96a-341ce536ec07
2026-04-03 23:34:44|qwen|web_search_no_think|2|JSON_VERIFIED||1947|7f441b00-9757-452c-b96a-341ce536ec07
2026-04-03 23:34:44|qwen|web_search_no_think|2|QUESTION|49|1947|7f441b00-9757-452c-b96a-341ce536ec07
2026-04-03 23:34:44|qwen|web_search_no_think|2|JSON_SAVED||1947|7f441b00-9757-452c-b96a-341ce536ec07
2026-04-03 23:34:44|qwen|web_search_no_think|2|QUESTION_ADVANCE||1948|85d54350-2e85-46db-b360-d0d575de5f54
2026-04-03 23:34:47|qwen|web_search_no_think|3|JSON_VERIFIED||1895|35434d7e-efd7-40ff-9571-b719352f8941
2026-04-03 23:34:47|qwen|web_search_no_think|3|QUESTION|49|1895|35434d7e-efd7-40ff-9571-b719352f8941
2026-04-03 23:34:47|qwen|web_search_no_think|3|JSON_SAVED||1895|35434d7e-efd7-40ff-9571-b719352f8941
2026-04-03 23:34:47|qwen|web_search_no_think|3|QUESTION_ADVANCE||1896|66b8a5c8-9efd-4963-888b-ccb781a8cbe6
2026-04-03 23:35:10|qwen|web_search_no_think|2|QUESTION_SENT||1948|85d54350-2e85-46db-b360-d0d575de5f54
2026-04-03 23:35:13|qwen|web_search_no_think|3|QUESTION_SENT||1896|66b8a5c8-9efd-4963-888b-ccb781a8cbe6
2026-04-03 23:37:38|qwen|web_search_no_think|3|JSON_VERIFIED||1896|66b8a5c8-9efd-4963-888b-ccb781a8cbe6
2026-04-03 23:37:38|qwen|web_search_no_think|3|QUESTION|50|1896|66b8a5c8-9efd-4963-888b-ccb781a8cbe6
2026-04-03 23:37:38|qwen|web_search_no_think|3|JSON_SAVED||1896|66b8a5c8-9efd-4963-888b-ccb781a8cbe6
2026-04-03 23:37:38|qwen|web_search_no_think|3|QUESTION_ADVANCE||1897|043ab5f6-0fea-465e-8fa6-ba82f694a1f1
2026-04-03 23:37:52|qwen|web_search_no_think|2|JSON_VERIFIED||1948|85d54350-2e85-46db-b360-d0d575de5f54
2026-04-03 23:37:52|qwen|web_search_no_think|2|QUESTION|50|1948|85d54350-2e85-46db-b360-d0d575de5f54
2026-04-03 23:37:52|qwen|web_search_no_think|2|JSON_SAVED||1948|85d54350-2e85-46db-b360-d0d575de5f54
2026-04-03 23:37:52|qwen|web_search_no_think|2|QUESTION_ADVANCE||1949|9028127f-a1be-4d02-a223-a150aa5de328
2026-04-03 23:38:04|qwen|web_search_no_think|3|QUESTION_SENT||1897|043ab5f6-0fea-465e-8fa6-ba82f694a1f1
2026-04-03 23:38:19|qwen|web_search_no_think|2|QUESTION_SENT||1949|9028127f-a1be-4d02-a223-a150aa5de328
2026-04-03 23:40:04|qwen|web_search_no_think|3|JSON_VERIFIED||1897|043ab5f6-0fea-465e-8fa6-ba82f694a1f1
2026-04-03 23:40:04|qwen|web_search_no_think|3|QUESTION|51|1897|043ab5f6-0fea-465e-8fa6-ba82f694a1f1
2026-04-03 23:40:04|qwen|web_search_no_think|3|JSON_SAVED||1897|043ab5f6-0fea-465e-8fa6-ba82f694a1f1
2026-04-03 23:40:04|qwen|web_search_no_think|3|QUESTION_ADVANCE||1898|80167cd4-f79a-4711-8f53-913b86bac4f7
2026-04-03 23:40:04|qwen|web_search_no_think|2|JSON_VERIFIED||1949|9028127f-a1be-4d02-a223-a150aa5de328
2026-04-03 23:40:04|qwen|web_search_no_think|2|QUESTION|51|1949|9028127f-a1be-4d02-a223-a150aa5de328
2026-04-03 23:40:04|qwen|web_search_no_think|2|JSON_SAVED||1949|9028127f-a1be-4d02-a223-a150aa5de328
2026-04-03 23:40:04|qwen|web_search_no_think|2|QUESTION_ADVANCE||1950|b1786541-8fca-4e92-91fe-fff10cc9d4ab
2026-04-03 23:40:30|qwen|web_search_no_think|2|QUESTION_SENT||1950|b1786541-8fca-4e92-91fe-fff10cc9d4ab
2026-04-03 23:40:30|qwen|web_search_no_think|3|QUESTION_SENT||1898|80167cd4-f79a-4711-8f53-913b86bac4f7
2026-04-03 23:41:54|qwen|web_search_no_think|3|JSON_VERIFIED||1898|80167cd4-f79a-4711-8f53-913b86bac4f7
2026-04-03 23:41:54|qwen|web_search_no_think|3|QUESTION|52|1898|80167cd4-f79a-4711-8f53-913b86bac4f7
2026-04-03 23:41:54|qwen|web_search_no_think|3|JSON_SAVED||1898|80167cd4-f79a-4711-8f53-913b86bac4f7
2026-04-03 23:41:54|qwen|web_search_no_think|3|QUESTION_ADVANCE||1899|7606141c-3bcb-42a0-8dfe-f8b4b98c8e4d
2026-04-03 23:42:21|qwen|web_search_no_think|3|QUESTION_SENT||1899|7606141c-3bcb-42a0-8dfe-f8b4b98c8e4d
2026-04-03 23:42:30|qwen|web_search_no_think|2|JSON_VERIFIED||1950|b1786541-8fca-4e92-91fe-fff10cc9d4ab
2026-04-03 23:42:30|qwen|web_search_no_think|2|QUESTION|52|1950|b1786541-8fca-4e92-91fe-fff10cc9d4ab
2026-04-03 23:42:30|qwen|web_search_no_think|2|JSON_SAVED||1950|b1786541-8fca-4e92-91fe-fff10cc9d4ab
2026-04-03 23:42:31|qwen|web_search_no_think|2|STOP||1951|
2026-04-03 23:48:56|qwen|web_search_no_think|3|QUESTION_SENT||1899|7606141c-3bcb-42a0-8dfe-f8b4b98c8e4d
2026-04-03 23:51:44|qwen|web_search_no_think|3|JSON_VERIFIED||1899|7606141c-3bcb-42a0-8dfe-f8b4b98c8e4d
2026-04-03 23:51:44|qwen|web_search_no_think|3|QUESTION|53|1899|7606141c-3bcb-42a0-8dfe-f8b4b98c8e4d
2026-04-03 23:51:44|qwen|web_search_no_think|3|JSON_SAVED||1899|7606141c-3bcb-42a0-8dfe-f8b4b98c8e4d
2026-04-03 23:51:44|qwen|web_search_no_think|3|QUESTION_ADVANCE||1900|6eea655f-b75e-41b6-a552-f0b11ee50734
2026-04-03 23:52:10|qwen|web_search_no_think|3|QUESTION_SENT||1900|6eea655f-b75e-41b6-a552-f0b11ee50734
2026-04-03 23:53:08|qwen|web_search_no_think|3|JSON_VERIFIED||1900|6eea655f-b75e-41b6-a552-f0b11ee50734
2026-04-03 23:53:08|qwen|web_search_no_think|3|QUESTION|54|1900|6eea655f-b75e-41b6-a552-f0b11ee50734
2026-04-03 23:53:08|qwen|web_search_no_think|3|JSON_SAVED||1900|6eea655f-b75e-41b6-a552-f0b11ee50734
2026-04-03 23:53:09|qwen|web_search_no_think|3|STOP||1901|
